t_audio_ms,t_wall_ms,displayed,passage,showPassage,best,second,rBest,rDisplayed,rSecond,confidence,nearby,challenge,challengeProgress,event,evidenceSeconds,songSeconds,passageSeconds,labelChanges,songMature,config
185,1790792681122,,,0,Eb Menor,Gb Maior,0.5633,0.0000,0.5291,0.1369,"Gb Maior;Eb Maior;Bb Menor",,0.00,,0.00,0.06,0.06,0,0,"v2;w20;harm;aar;song60;far12;near45;tol0.8;floor0.25;drain0.5;bass0.25"
650,1790792681610,,,0,G# Menor,Gb Maior,0.7101,0.0000,0.7097,0.0018,"Gb Maior;Eb Menor;Ab Maior",,0.00,,0.00,0.48,0.48,0,0,"v2;w20;harm;aar;song60;far12;near45;tol0.8;floor0.25;drain0.5;bass0.25"
1207,1790792682108,,,0,G# Menor,Gb Maior,0.7326,0.0000,0.7319,0.0027,"Gb Maior;Eb Menor;Db Maior",,0.00,,0.00,1.04,1.04,0,0,"v2;w20;harm;aar;song60;far12;near45;tol0.8;floor0.25;drain0.5;bass0.25"
1393,1790792682610,,,0,Gb Maior,G# Menor,0.7770,0.0000,0.7576,0.0775,"G# Menor;Eb Menor;E Maior",,0.00,,0.00,1.24,1.24,0,0,"v2;w20;harm;aar;song60;far12;near45;tol0.8;floor0.25;drain0.5;bass0.25"
6222,1790792687109,,,0,Gb Maior,B Maior,0.7464,0.0000,0.6020,0.5778,"B Maior;Eb Menor;F# Menor",,0.00,,0.00,0.00,0.00,0,0,"v2;w20;harm;aar;song60;far12;near45;tol0.8;floor0.25;drain0.5;bass0.25"
6687,1790792687609,,,0,Eb Menor,Eb Maior,0.6587,0.0000,0.5940,0.2588,"Eb Maior;Ab Maior;G# Menor",,0.00,,0.00,0.46,0.46,0,0,"v2;w20;harm;aar;song60;far12;near45;tol0.8;floor0.25;drain0.5;bass0.25"
7244,1790792688110,,,0,Eb Menor,Ab Maior,0.5897,0.0000,0.5718,0.0715,"Ab Maior;Eb Maior;G# Menor",,0.00,,0.00,1.01,1.01,0,0,"v2;w20;harm;aar;song60;far12;near45;tol0.8;floor0.25;drain0.5;bass0.25"
7709,1790792688609,,,0,Eb Menor,Eb Maior,0.6335,0.0000,0.5635,0.2801,"Eb Maior;Ab Maior;G# Menor",,0.00,,0.00,1.48,1.48,0,0,"v2;w20;harm;aar;song60;far12;near45;tol0.8;floor0.25;drain0.5;bass0.25"
8173,1790792689110,,,0,Eb Menor,G# Menor,0.6267,0.0000,0.5669,0.2394,"G# Menor;Ab Maior;Eb Maior",,0.00,,0.00,1.94,1.94,0,0,"v2;w20;harm;aar;song60;far12;near45;tol0.8;floor0.25;drain0.5;bass0.25"
8730,1790792689610,G# Menor,G# Menor,0,G# Menor,Eb Menor,0.7535,0.7535,0.6285,0.5000,"Eb Menor;B Maior;Ab Maior",,0.00,,0.00,2.50,2.50,0,0,"v2;w20;harm;aar;song60;far12;near45;tol0.8;floor0.25;drain0.5;bass0.25"
9195,1790792690109,G# Menor,G# Menor,0,G# Menor,B Maior,0.8146,0.8146,0.6803,0.5372,"B Maior;Eb Menor;Gb Maior",,0.00,,0.00,2.98,2.98,0,0,"v2;w20;harm;aar;song60;far12;near45;tol0.8;floor0.25;drain0.5;bass0.25"
9752,1790792690611,G# Menor,G# Menor,0,G# Menor,B Maior,0.8533,0.8533,0.7653,0.3520,"B Maior;Eb Menor;Gb Maior",,0.00,,0.00,3.52,3.52,0,0,"v2;w20;harm;aar;song60;far12;near45;tol0.8;floor0.25;drain0.5;bass0.25"
10216,1790792691110,G# Menor,G# Menor,0,G# Menor,Eb Menor,0.8814,0.8814,0.7655,0.4637,"Eb Menor;B Maior;Gb Maior",,0.00,,0.00,4.00,4.00,0,0,"v2;w20;harm;aar;song60;far12;near45;tol0.8;floor0.25;drain0.5;bass0.25"
10681,1790792691608,G# Menor,G# Menor,0,G# Menor,Eb Menor,0.9002,0.9002,0.7810,0.4765,"Eb Menor;B Maior;Gb Maior",,0.00,,0.00,4.45,4.45,0,0,"v2;w20;harm;aar;song60;far12;near45;tol0.8;floor0.25;drain0.5;bass0.25"
11238,1790792692111,G# Menor,G# Menor,0,G# Menor,Eb Menor,0.8895,0.8895,0.8068,0.3308,"Eb Menor;Gb Maior;B Maior",,0.00,,0.00,5.00,5.00,0,0,"v2;w20;harm;aar;song60;far12;near45;tol0.8;floor0.25;drain0.5;bass0.25"
11702,1790792692609,G# Menor,G# Menor,0,G# Menor,Eb Menor,0.8882,0.8882,0.8189,0.2773,"Eb Menor;Gb Maior;B Maior",,0.00,,0.00,5.47,5.47,0,0,"v2;w20;harm;aar;song60;far12;near45;tol0.8;floor0.25;drain0.5;bass0.25"
12260,1790792693109,G# Menor,G# Menor,0,G# Menor,Eb Menor,0.9071,0.9071,0.8065,0.4027,"Eb Menor;Gb Maior;B Maior",,0.00,,0.00,6.01,6.01,0,0,"v2;w20;harm;aar;song60;far12;near45;tol0.8;floor0.25;drain0.5;bass0.25"
12724,1790792693610,G# Menor,G# Menor,0,G# Menor,Gb Maior,0.9343,0.9343,0.8153,0.4760,"Gb Maior;Eb Menor;B Maior",,0.00,,0.00,6.49,6.49,0,0,"v2;w20;harm;aar;song60;far12;near45;tol0.8;floor0.25;drain0.5;bass0.25"
13188,1790792694110,G# Menor,G# Menor,0,G# Menor,Gb Maior,0.9340,0.9340,0.8377,0.3850,"Gb Maior;Eb Menor;B Maior",,0.00,,0.00,6.95,6.95,0,0,"v2;w20;harm;aar;song60;far12;near45;tol0.8;floor0.25;drain0.5;bass0.25"
13746,1790792694610,G# Menor,G# Menor,0,G# Menor,Gb Maior,0.9090,0.9090,0.8598,0.1968,"Gb Maior;Eb Menor;B Maior",,0.00,,0.00,7.51,7.51,0,0,"v2;w20;harm;aar;song60;far12;near45;tol0.8;floor0.25;drain0.5;bass0.25"
14210,1790792695116,G# Menor,G# Menor,0,G# Menor,Gb Maior,0.8828,0.8828,0.8724,0.0416,"Gb Maior;Eb Menor;B Maior",,0.00,,0.00,7.97,7.97,0,0,"v2;w20;harm;aar;song60;far12;near45;tol0.8;floor0.25;drain0.5;bass0.25"
14675,1790792695609,G# Menor,G# Menor,0,Gb Maior,Gb Maior,0.8772,0.0000,0.8772,0.0000,"Gb Maior;Eb Menor;B Maior",,0.00,,0.00,8.43,8.43,0,0,"v2;w20;harm;aar;song60;far12;near45;tol0.8;floor0.25;drain0.5;bass0.25"
15232,1790792696111,G# Menor,G# Menor,0,Gb Maior,Gb Maior,0.8683,0.0000,0.8683,0.0000,"Gb Maior;Eb Menor;B Maior",,0.00,,0.00,8.99,8.99,0,0,"v2;w20;harm;aar;song60;far12;near45;tol0.8;floor0.25;drain0.5;bass0.25"
15696,1790792696610,G# Menor,G# Menor,0,Gb Maior,Gb Maior,0.8577,0.0000,0.8577,0.0000,"Gb Maior;Eb Menor;B Maior",,0.00,,0.00,9.47,9.47,0,0,"v2;w20;harm;aar;song60;far12;near45;tol0.8;floor0.25;drain0.5;bass0.25"
16253,1790792697110,G# Menor,G# Menor,0,Gb Maior,Gb Maior,0.8625,0.0000,0.8625,0.0000,"Gb Maior;Eb Menor;B Maior",,0.00,,0.00,10.02,10.02,0,0,"v2;w20;harm;aar;song60;far12;near45;tol0.8;floor0.25;drain0.5;bass0.25"
16718,1790792697610,G# Menor,G# Menor,0,Gb Maior,Gb Maior,0.8805,0.0000,0.8805,0.0000,"Gb Maior;Eb Menor;B Maior",,0.00,,0.00,10.49,10.49,0,0,"v2;w20;harm;aar;song60;far12;near45;tol0.8;floor0.25;drain0.5;bass0.25"
17182,1790792698110,G# Menor,G# Menor,0,Gb Maior,Gb Maior,0.8714,0.0000,0.8714,0.0000,"Gb Maior;B Maior;Eb Menor",,0.00,,0.00,10.95,10.95,0,0,"v2;w20;harm;aar;song60;far12;near45;tol0.8;floor0.25;drain0.5;bass0.25"
17740,1790792698611,G# Menor,G# Menor,0,Gb Maior,Gb Maior,0.8720,0.0000,0.8720,0.0000,"Gb Maior;Eb Menor;B Maior",,0.00,,0.00,11.50,11.50,0,0,"v2;w20;harm;aar;song60;far12;near45;tol0.8;floor0.25;drain0.5;bass0.25"
18204,1790792699109,G# Menor,G# Menor,0,Gb Maior,Gb Maior,0.8732,0.0000,0.8732,0.0000,"Gb Maior;Eb Menor;B Maior",,0.00,,0.00,11.97,11.97,0,0,"v2;w20;harm;aar;song60;far12;near45;tol0.8;floor0.25;drain0.5;bass0.25"
18761,1790792699609,G# Menor,G# Menor,0,Gb Maior,Gb Maior,0.8803,0.0000,0.8803,0.0000,"Gb Maior;Eb Menor;B Maior",,0.00,,0.00,12.51,12.51,0,0,"v2;w20;harm;aar;song60;far12;near45;tol0.8;floor0.25;drain0.5;bass0.25"
19226,1790792700111,G# Menor,G# Menor,0,Gb Maior,Gb Maior,0.8800,0.0000,0.8800,0.0000,"Gb Maior;Eb Menor;B Maior",,0.00,,0.00,12.99,12.99,0,0,"v2;w20;harm;aar;song60;far12;near45;tol0.8;floor0.25;drain0.5;bass0.25"
19690,1790792700611,G# Menor,G# Menor,0,Gb Maior,Gb Maior,0.8773,0.0000,0.8773,0.0000,"Gb Maior;Eb Menor;B Maior",,0.00,,0.00,13.45,13.45,0,0,"v2;w20;harm;aar;song60;far12;near45;tol0.8;floor0.25;drain0.5;bass0.25"
20247,1790792701111,G# Menor,G# Menor,0,Gb Maior,Gb Maior,0.8801,0.0000,0.8801,0.0000,"Gb Maior;Eb Menor;B Maior",,0.00,,0.00,14.02,14.02,0,0,"v2;w20;harm;aar;song60;far12;near45;tol0.8;floor0.25;drain0.5;bass0.25"
20712,1790792701610,G# Menor,G# Menor,0,Gb Maior,Gb Maior,0.8788,0.0000,0.8788,0.0000,"Gb Maior;Eb Menor;B Maior",,0.00,,0.00,14.47,14.47,0,0,"v2;w20;harm;aar;song60;far12;near45;tol0.8;floor0.25;drain0.5;bass0.25"
21176,1790792702110,G# Menor,G# Menor,0,Gb Maior,Gb Maior,0.8807,0.0000,0.8807,0.0000,"Gb Maior;Eb Menor;B Maior",,0.00,,0.00,14.93,14.93,0,0,"v2;w20;harm;aar;song60;far12;near45;tol0.8;floor0.25;drain0.5;bass0.25"
21733,1790792702611,Gb Maior,Gb Maior,0,Gb Maior,Eb Menor,0.8840,0.8840,0.7885,0.3820,"Eb Menor;G# Menor;B Maior",,0.00,,0.00,15.52,15.52,1,0,"v2;w20;harm;aar;song60;far12;near45;tol0.8;floor0.25;drain0.5;bass0.25"
22198,1790792703109,Gb Maior,Gb Maior,0,Gb Maior,Eb Menor,0.9067,0.9067,0.7777,0.5159,"Eb Menor;G# Menor;B Maior",,0.00,,0.00,15.97,15.97,1,0,"v2;w20;harm;aar;song60;far12;near45;tol0.8;floor0.25;drain0.5;bass0.25"
22755,1790792703611,Gb Maior,Gb Maior,0,Gb Maior,Eb Menor,0.9338,0.9338,0.7493,0.7383,"Eb Menor;G# Menor;B Maior",,0.00,,0.00,16.51,16.51,1,0,"v2;w20;harm;aar;song60;far12;near45;tol0.8;floor0.25;drain0.5;bass0.25"
23219,1790792704110,Gb Maior,Gb Maior,0,Gb Maior,Eb Menor,0.9412,0.9412,0.7448,0.7856,"Eb Menor;G# Menor;B Maior",,0.00,,0.00,16.99,16.99,1,0,"v2;w20;harm;aar;song60;far12;near45;tol0.8;floor0.25;drain0.5;bass0.25"
23684,1790792704610,Gb Maior,Gb Maior,0,Gb Maior,Eb Menor,0.9509,0.9509,0.7662,0.7387,"Eb Menor;G# Menor;B Maior",,0.00,,0.00,17.45,17.45,1,0,"v2;w20;harm;aar;song60;far12;near45;tol0.8;floor0.25;drain0.5;bass0.25"
24241,1790792705111,Gb Maior,Gb Maior,0,Gb Maior,G# Menor,0.9636,0.9636,0.7421,0.8859,"G# Menor;Eb Menor;B Maior",,0.00,,0.00,18.01,18.01,1,0,"v2;w20;harm;aar;song60;far12;near45;tol0.8;floor0.25;drain0.5;bass0.25"
24706,1790792705610,Gb Maior,Gb Maior,0,Gb Maior,G# Menor,0.9644,0.9644,0.7378,0.9066,"G# Menor;Eb Menor;B Maior",,0.00,,0.00,18.47,18.47,1,0,"v2;w20;harm;aar;song60;far12;near45;tol0.8;floor0.25;drain0.5;bass0.25"
25263,1790792706112,Gb Maior,Gb Maior,0,Gb Maior,Eb Menor,0.9660,0.9660,0.7305,0.9421,"Eb Menor;G# Menor;B Maior",,0.00,,0.00,19.01,19.01,1,0,"v2;w20;harm;aar;song60;far12;near45;tol0.8;floor0.25;drain0.5;bass0.25"
25727,1790792706612,Gb Maior,Gb Maior,0,Gb Maior,G# Menor,0.9638,0.9638,0.7325,0.9252,"G# Menor;Eb Menor;B Maior",,0.00,,0.00,19.49,19.49,1,0,"v2;w20;harm;aar;song60;far12;near45;tol0.8;floor0.25;drain0.5;bass0.25"
26192,1790792707110,Gb Maior,Gb Maior,0,Gb Maior,Eb Menor,0.9671,0.9671,0.7489,0.8728,"Eb Menor;G# Menor;B Maior",,0.00,,0.00,19.95,19.95,1,0,"v2;w20;harm;aar;song60;far12;near45;tol0.8;floor0.25;drain0.5;bass0.25"
26749,1790792707611,Gb Maior,Gb Maior,0,Gb Maior,Eb Menor,0.9655,0.9655,0.7640,0.8063,"Eb Menor;G# Menor;Db Maior",,0.00,,0.00,20.51,20.51,1,0,"v2;w20;harm;aar;song60;far12;near45;tol0.8;floor0.25;drain0.5;bass0.25"
27213,1790792708110,Gb Maior,Gb Maior,0,Gb Maior,Eb Menor,0.9634,0.9634,0.7769,0.7458,"Eb Menor;G# Menor;Db Maior",,0.00,,0.00,20.97,20.97,1,0,"v2;w20;harm;aar;song60;far12;near45;tol0.8;floor0.25;drain0.5;bass0.25"
27678,1790792708610,Gb Maior,Gb Maior,0,Gb Maior,Eb Menor,0.9632,0.9632,0.7881,0.7002,"Eb Menor;G# Menor;Db Maior",,0.00,,0.00,21.43,21.43,1,0,"v2;w20;harm;aar;song60;far12;near45;tol0.8;floor0.25;drain0.5;bass0.25"
28235,1790792709110,Gb Maior,Gb Maior,0,Gb Maior,Eb Menor,0.9631,0.9631,0.8018,0.6454,"Eb Menor;G# Menor;Db Maior",,0.00,,0.00,22.01,22.01,1,0,"v2;w20;harm;aar;song60;far12;near45;tol0.8;floor0.25;drain0.5;bass0.25"
28699,1790792709610,Gb Maior,Gb Maior,0,Gb Maior,Eb Menor,0.9602,0.9602,0.8057,0.6180,"Eb Menor;G# Menor;Db Maior",,0.00,,0.00,22.47,22.47,1,0,"v2;w20;harm;aar;song60;far12;near45;tol0.8;floor0.25;drain0.5;bass0.25"
29257,1790792710111,Gb Maior,Gb Maior,0,Gb Maior,Eb Menor,0.9547,0.9547,0.8062,0.5939,"Eb Menor;Db Maior;G# Menor",,0.00,,0.00,23.01,23.01,1,0,"v2;w20;harm;aar;song60;far12;near45;tol0.8;floor0.25;drain0.5;bass0.25"
29721,1790792710609,Gb Maior,Gb Maior,0,Gb Maior,Eb Menor,0.9507,0.9507,0.8017,0.5961,"Eb Menor;Db Maior;G# Menor",,0.00,,0.00,23.49,23.49,1,0,"v2;w20;harm;aar;song60;far12;near45;tol0.8;floor0.25;drain0.5;bass0.25"
30185,1790792711111,Gb Maior,Gb Maior,0,Gb Maior,Eb Menor,0.9508,0.9508,0.7939,0.6277,"Eb Menor;Db Maior;G# Menor",,0.00,,0.00,23.95,23.95,1,0,"v2;w20;harm;aar;song60;far12;near45;tol0.8;floor0.25;drain0.5;bass0.25"
30743,1790792711611,Gb Maior,Gb Maior,0,Gb Maior,Eb Menor,0.9487,0.9487,0.7897,0.6358,"Eb Menor;Db Maior;G# Menor",,0.00,,0.00,24.51,24.51,1,0,"v2;w20;harm;aar;song60;far12;near45;tol0.8;floor0.25;drain0.5;bass0.25"
31207,1790792712111,Gb Maior,Gb Maior,0,Gb Maior,Eb Menor,0.9475,0.9475,0.7839,0.6541,"Eb Menor;Db Maior;G# Menor",,0.00,,0.00,24.97,24.97,1,0,"v2;w20;harm;aar;song60;far12;near45;tol0.8;floor0.25;drain0.5;bass0.25"
31764,1790792712612,Gb Maior,Gb Maior,0,Gb Maior,Eb Menor,0.9469,0.9469,0.7758,0.6844,"Eb Menor;G# Menor;Db Maior",,0.00,,0.00,25.51,25.51,1,0,"v2;w20;harm;aar;song60;far12;near45;tol0.8;floor0.25;drain0.5;bass0.25"
32229,1790792713110,Gb Maior,Gb Maior,0,Gb Maior,Eb Menor,0.9493,0.9493,0.7772,0.6881,"Eb Menor;G# Menor;Db Maior",,0.00,,0.00,25.99,25.99,1,0,"v2;w20;harm;aar;song60;far12;near45;tol0.8;floor0.25;drain0.5;bass0.25"
32693,1790792713611,Gb Maior,Gb Maior,0,Gb Maior,Eb Menor,0.9456,0.9456,0.7741,0.6861,"Eb Menor;G# Menor;Db Maior",,0.00,,0.00,26.45,26.45,1,0,"v2;w20;harm;aar;song60;far12;near45;tol0.8;floor0.25;drain0.5;bass0.25"
33158,1790792714111,Gb Maior,Gb Maior,0,Gb Maior,Eb Menor,0.9428,0.9428,0.7726,0.6806,"Eb Menor;G# Menor;Db Maior",,0.00,,0.00,26.91,26.91,1,0,"v2;w20;harm;aar;song60;far12;near45;tol0.8;floor0.25;drain0.5;bass0.25"
33715,1790792714610,Gb Maior,Gb Maior,0,Gb Maior,Eb Menor,0.9388,0.9388,0.7779,0.6436,"Eb Menor;G# Menor;Db Maior",,0.00,,0.00,27.47,27.47,1,0,"v2;w20;harm;aar;song60;far12;near45;tol0.8;floor0.25;drain0.5;bass0.25"
34179,1790792715111,Gb Maior,Gb Maior,0,Gb Maior,Eb Menor,0.9374,0.9374,0.7833,0.6164,"Eb Menor;G# Menor;Db Maior",,0.00,,0.00,27.93,27.93,1,0,"v2;w20;harm;aar;song60;far12;near45;tol0.8;floor0.25;drain0.5;bass0.25"
34737,1790792715610,Gb Maior,Gb Maior,0,Gb Maior,Eb Menor,0.9353,0.9353,0.7866,0.5947,"Eb Menor;G# Menor;Db Maior",,0.00,,0.00,28.51,28.51,1,0,"v2;w20;harm;aar;song60;far12;near45;tol0.8;floor0.25;drain0.5;bass0.25"
35201,1790792716111,Gb Maior,Gb Maior,0,Gb Maior,Eb Menor,0.9325,0.9325,0.7875,0.5801,"Eb Menor;G# Menor;Db Maior",,0.00,,0.00,28.97,28.97,1,0,"v2;w20;harm;aar;song60;far12;near45;tol0.8;floor0.25;drain0.5;bass0.25"
35665,1790792716610,Gb Maior,Gb Maior,0,Gb Maior,Eb Menor,0.9343,0.9343,0.7902,0.5765,"Eb Menor;G# Menor;Db Maior",,0.00,,0.00,29.41,29.41,1,0,"v2;w20;harm;aar;song60;far12;near45;tol0.8;floor0.25;drain0.5;bass0.25"
36223,1790792717110,Gb Maior,Gb Maior,0,Gb Maior,Eb Menor,0.9325,0.9325,0.7948,0.5508,"Eb Menor;G# Menor;Db Maior",,0.00,,0.00,29.99,29.99,1,0,"v2;w20;harm;aar;song60;far12;near45;tol0.8;floor0.25;drain0.5;bass0.25"
36687,1790792717611,Gb Maior,Gb Maior,0,Gb Maior,Eb Menor,0.9341,0.9341,0.7913,0.5714,"Eb Menor;G# Menor;Db Maior",,0.00,,0.00,30.45,30.45,1,1,"v2;w20;harm;aar;song60;far12;near45;tol0.8;floor0.25;drain0.5;bass0.25"
37244,1790792718111,Gb Maior,Gb Maior,0,Gb Maior,Eb Menor,0.9409,0.9409,0.7783,0.6504,"Eb Menor;G# Menor;Db Maior",,0.00,,0.00,31.01,31.01,1,1,"v2;w20;harm;aar;song60;far12;near45;tol0.8;floor0.25;drain0.5;bass0.25"
37709,1790792718611,Gb Maior,Gb Maior,0,Gb Maior,Eb Menor,0.9484,0.9484,0.7694,0.7162,"Eb Menor;G# Menor;Db Maior",,0.00,,0.00,31.47,31.47,1,1,"v2;w20;harm;aar;song60;far12;near45;tol0.8;floor0.25;drain0.5;bass0.25"
38266,1790792719111,Gb Maior,Gb Maior,0,Gb Maior,Eb Menor,0.9572,0.9572,0.7573,0.7997,"Eb Menor;G# Menor;Db Maior",,0.00,,0.00,32.01,32.01,1,1,"v2;w20;harm;aar;song60;far12;near45;tol0.8;floor0.25;drain0.5;bass0.25"
38730,1790792719611,Gb Maior,Gb Maior,0,Gb Maior,Eb Menor,0.9593,0.9593,0.7577,0.8063,"Eb Menor;G# Menor;Db Maior",,0.00,,0.00,32.49,32.49,1,1,"v2;w20;harm;aar;song60;far12;near45;tol0.8;floor0.25;drain0.5;bass0.25"
39195,1790792720111,Gb Maior,Gb Maior,0,Gb Maior,Eb Menor,0.9588,0.9588,0.7631,0.7826,"Eb Menor;G# Menor;Db Maior",,0.00,,0.00,32.95,32.95,1,1,"v2;w20;harm;aar;song60;far12;near45;tol0.8;floor0.25;drain0.5;bass0.25"
39659,1790792720611,Gb Maior,Gb Maior,0,Gb Maior,Eb Menor,0.9626,0.9626,0.7528,0.8392,"Eb Menor;G# Menor;Db Maior",,0.00,,0.00,33.43,33.43,1,1,"v2;w20;harm;aar;song60;far12;near45;tol0.8;floor0.25;drain0.5;bass0.25"
40216,1790792721111,Gb Maior,Gb Maior,0,Gb Maior,Eb Menor,0.9613,0.9613,0.7466,0.8589,"Eb Menor;G# Menor;Db Maior",,0.00,,0.00,33.97,33.97,1,1,"v2;w20;harm;aar;song60;far12;near45;tol0.8;floor0.25;drain0.5;bass0.25"
40681,1790792721611,Gb Maior,Gb Maior,0,Gb Maior,Eb Menor,0.9570,0.9570,0.7466,0.8418,"Eb Menor;G# Menor;Db Maior",,0.00,,0.00,34.43,34.43,1,1,"v2;w20;harm;aar;song60;far12;near45;tol0.8;floor0.25;drain0.5;bass0.25"
41238,1790792722111,Gb Maior,Gb Maior,0,Gb Maior,Eb Menor,0.9532,0.9532,0.7459,0.8294,"Eb Menor;G# Menor;Db Maior",,0.00,,0.00,35.01,35.01,1,1,"v2;w20;harm;aar;song60;far12;near45;tol0.8;floor0.25;drain0.5;bass0.25"
41703,1790792722610,Gb Maior,Gb Maior,0,Gb Maior,Eb Menor,0.9552,0.9552,0.7575,0.7906,"Eb Menor;G# Menor;Db Maior",,0.00,,0.00,35.47,35.47,1,1,"v2;w20;harm;aar;song60;far12;near45;tol0.8;floor0.25;drain0.5;bass0.25"
42167,1790792723110,Gb Maior,Gb Maior,0,Gb Maior,Eb Menor,0.9532,0.9532,0.7716,0.7267,"Eb Menor;G# Menor;Db Maior",,0.00,,0.00,35.93,35.93,1,1,"v2;w20;harm;aar;song60;far12;near45;tol0.8;floor0.25;drain0.5;bass0.25"
42724,1790792723610,Gb Maior,Gb Maior,0,Gb Maior,Eb Menor,0.9484,0.9484,0.7865,0.6474,"Eb Menor;Db Maior;G# Menor",,0.00,,0.00,36.49,36.49,1,1,"v2;w20;harm;aar;song60;far12;near45;tol0.8;floor0.25;drain0.5;bass0.25"
43189,1790792724108,Gb Maior,Gb Maior,0,Gb Maior,Eb Menor,0.9459,0.9459,0.7901,0.6232,"Eb Menor;Db Maior;G# Menor",,0.00,,0.00,36.95,36.95,1,1,"v2;w20;harm;aar;song60;far12;near45;tol0.8;floor0.25;drain0.5;bass0.25"
43746,1790792724609,Gb Maior,Gb Maior,0,Gb Maior,Eb Menor,0.9473,0.9473,0.7795,0.6712,"Eb Menor;Db Maior;G# Menor",,0.00,,0.00,37.51,37.51,1,1,"v2;w20;harm;aar;song60;far12;near45;tol0.8;floor0.25;drain0.5;bass0.25"
44210,1790792725111,Gb Maior,Gb Maior,0,Gb Maior,Eb Menor,0.9426,0.9426,0.7879,0.6190,"Eb Menor;Db Maior;G# Menor",,0.00,,0.00,37.97,37.97,1,1,"v2;w20;harm;aar;song60;far12;near45;tol0.8;floor0.25;drain0.5;bass0.25"
44675,1790792725610,Gb Maior,Gb Maior,0,Gb Maior,Eb Menor,0.9366,0.9366,0.7940,0.5704,"Eb Menor;Db Maior;G# Menor",,0.00,,0.00,38.43,38.43,1,1,"v2;w20;harm;aar;song60;far12;near45;tol0.8;floor0.25;drain0.5;bass0.25"
45232,1790792726111,Gb Maior,Gb Maior,0,Gb Maior,Eb Menor,0.9331,0.9331,0.7985,0.5383,"Eb Menor;Db Maior;G# Menor",,0.00,,0.00,38.99,38.99,1,1,"v2;w20;harm;aar;song60;far12;near45;tol0.8;floor0.25;drain0.5;bass0.25"
45696,1790792726611,Gb Maior,Gb Maior,0,Gb Maior,Eb Menor,0.9343,0.9343,0.8008,0.5341,"Eb Menor;Db Maior;G# Menor",,0.00,,0.00,39.45,39.45,1,1,"v2;w20;harm;aar;song60;far12;near45;tol0.8;floor0.25;drain0.5;bass0.25"
46161,1790792727111,Gb Maior,Gb Maior,0,Gb Maior,Eb Menor,0.9345,0.9345,0.8028,0.5269,"Eb Menor;Db Maior;G# Menor",,0.00,,0.00,39.93,39.93,1,1,"v2;w20;harm;aar;song60;far12;near45;tol0.8;floor0.25;drain0.5;bass0.25"
46718,1790792727611,Gb Maior,Gb Maior,0,Gb Maior,Eb Menor,0.9360,0.9360,0.7952,0.5635,"Eb Menor;Db Maior;G# Menor",,0.00,,0.00,40.47,40.47,1,1,"v2;w20;harm;aar;song60;far12;near45;tol0.8;floor0.25;drain0.5;bass0.25"
47182,1790792728111,Gb Maior,Gb Maior,0,Gb Maior,Eb Menor,0.9398,0.9398,0.7853,0.6178,"Eb Menor;Db Maior;G# Menor",,0.00,,0.00,40.93,40.93,1,1,"v2;w20;harm;aar;song60;far12;near45;tol0.8;floor0.25;drain0.5;bass0.25"
47740,1790792728611,Gb Maior,Gb Maior,0,Gb Maior,Eb Menor,0.9443,0.9443,0.7888,0.6221,"Eb Menor;Db Maior;G# Menor",,0.00,,0.00,41.51,41.51,1,1,"v2;w20;harm;aar;song60;far12;near45;tol0.8;floor0.25;drain0.5;bass0.25"
48204,1790792729111,Gb Maior,Gb Maior,0,Gb Maior,Eb Menor,0.9448,0.9448,0.7851,0.6389,"Eb Menor;Db Maior;G# Menor",,0.00,,0.00,41.97,41.97,1,1,"v2;w20;harm;aar;song60;far12;near45;tol0.8;floor0.25;drain0.5;bass0.25"
48669,1790792729611,Gb Maior,Gb Maior,0,Gb Maior,Eb Menor,0.9443,0.9443,0.7835,0.6433,"Eb Menor;Db Maior;G# Menor",,0.00,,0.00,42.43,42.43,1,1,"v2;w20;harm;aar;song60;far12;near45;tol0.8;floor0.25;drain0.5;bass0.25"
49226,1790792730110,Gb Maior,Gb Maior,0,Gb Maior,Eb Menor,0.9426,0.9426,0.7819,0.6430,"Eb Menor;Db Maior;G# Menor",,0.00,,0.00,42.99,42.99,1,1,"v2;w20;harm;aar;song60;far12;near45;tol0.8;floor0.25;drain0.5;bass0.25"
49690,1790792730611,Gb Maior,Gb Maior,0,Gb Maior,Eb Menor,0.9418,0.9418,0.7836,0.6328,"Eb Menor;Db Maior;G# Menor",,0.00,,0.00,43.45,43.45,1,1,"v2;w20;harm;aar;song60;far12;near45;tol0.8;floor0.25;drain0.5;bass0.25"
50247,1790792731111,Gb Maior,Gb Maior,0,Gb Maior,Eb Menor,0.9385,0.9385,0.7833,0.6207,"Eb Menor;Db Maior;G# Menor",,0.00,,0.00,44.01,44.01,1,1,"v2;w20;harm;aar;song60;far12;near45;tol0.8;floor0.25;drain0.5;bass0.25"
50712,1790792731610,Gb Maior,Gb Maior,0,Gb Maior,Eb Menor,0.9359,0.9359,0.7839,0.6080,"Eb Menor;Db Maior;G# Menor",,0.00,,0.00,44.47,44.47,1,1,"v2;w20;harm;aar;song60;far12;near45;tol0.8;floor0.25;drain0.5;bass0.25"
51176,1790792732111,Gb Maior,Gb Maior,0,Gb Maior,Eb Menor,0.9319,0.9319,0.7836,0.5934,"Eb Menor;Db Maior;G# Menor",,0.00,,0.00,44.95,44.95,1,1,"v2;w20;harm;aar;song60;far12;near45;tol0.8;floor0.25;drain0.5;bass0.25"
51734,1790792732611,Gb Maior,Gb Maior,0,Gb Maior,Eb Menor,0.9303,0.9303,0.7860,0.5773,"Eb Menor;Db Maior;G# Menor",,0.00,,0.00,45.49,45.49,1,1,"v2;w20;harm;aar;song60;far12;near45;tol0.8;floor0.25;drain0.5;bass0.25"
52198,1790792733111,Gb Maior,Gb Maior,0,Gb Maior,Eb Menor,0.9304,0.9304,0.7876,0.5714,"Eb Menor;Db Maior;G# Menor",,0.00,,0.00,45.95,45.95,1,1,"v2;w20;harm;aar;song60;far12;near45;tol0.8;floor0.25;drain0.5;bass0.25"
52662,1790792733611,Gb Maior,Gb Maior,0,Gb Maior,Eb Menor,0.9315,0.9315,0.7867,0.5791,"Eb Menor;Db Maior;G# Menor",,0.00,,0.00,46.43,46.43,1,1,"v2;w20;harm;aar;song60;far12;near45;tol0.8;floor0.25;drain0.5;bass0.25"
53220,1790792734111,Gb Maior,Gb Maior,0,Gb Maior,Eb Menor,0.9321,0.9321,0.7991,0.5318,"Eb Menor;Db Maior;G# Menor",,0.00,,0.00,46.97,46.97,1,1,"v2;w20;harm;aar;song60;far12;near45;tol0.8;floor0.25;drain0.5;bass0.25"
53684,1790792734608,Gb Maior,Gb Maior,0,Gb Maior,Eb Menor,0.9336,0.9336,0.8028,0.5229,"Eb Menor;G# Menor;Db Maior",,0.00,,0.00,47.45,47.45,1,1,"v2;w20;harm;aar;song60;far12;near45;tol0.8;floor0.25;drain0.5;bass0.25"
54241,1790792735112,Gb Maior,Gb Maior,0,Gb Maior,Eb Menor,0.9330,0.9330,0.8144,0.4746,"Eb Menor;G# Menor;Db Maior",,0.00,,0.00,48.01,48.01,1,1,"v2;w20;harm;aar;song60;far12;near45;tol0.8;floor0.25;drain0.5;bass0.25"
54706,1790792735611,Gb Maior,Gb Maior,0,Gb Maior,Eb Menor,0.9373,0.9373,0.8143,0.4922,"Eb Menor;G# Menor;Db Maior",,0.00,,0.00,48.47,48.47,1,1,"v2;w20;harm;aar;song60;far12;near45;tol0.8;floor0.25;drain0.5;bass0.25"
55170,1790792736110,Gb Maior,Gb Maior,0,Gb Maior,Eb Menor,0.9393,0.9393,0.8195,0.4791,"Eb Menor;G# Menor;Db Maior",,0.00,,0.00,48.93,48.93,1,1,"v2;w20;harm;aar;song60;far12;near45;tol0.8;floor0.25;drain0.5;bass0.25"
55727,1790792736611,Gb Maior,Gb Maior,0,Gb Maior,Eb Menor,0.9412,0.9412,0.8251,0.4646,"Eb Menor;G# Menor;Db Maior",,0.00,,0.00,49.49,49.49,1,1,"v2;w20;harm;aar;song60;far12;near45;tol0.8;floor0.25;drain0.5;bass0.25"
56192,1790792737109,Gb Maior,Gb Maior,0,Gb Maior,Eb Menor,0.9417,0.9417,0.8313,0.4415,"Eb Menor;G# Menor;Db Maior",,0.00,,0.00,49.95,49.95,1,1,"v2;w20;harm;aar;song60;far12;near45;tol0.8;floor0.25;drain0.5;bass0.25"
56749,1790792737612,Gb Maior,Gb Maior,0,Gb Maior,Eb Menor,0.9423,0.9423,0.8338,0.4343,"Eb Menor;G# Menor;Db Maior",,0.00,,0.00,50.51,50.51,1,1,"v2;w20;harm;aar;song60;far12;near45;tol0.8;floor0.25;drain0.5;bass0.25"
57213,1790792738111,Gb Maior,Gb Maior,0,Gb Maior,Eb Menor,0.9396,0.9396,0.8307,0.4358,"Eb Menor;G# Menor;Db Maior",,0.00,,0.00,50.97,50.97,1,1,"v2;w20;harm;aar;song60;far12;near45;tol0.8;floor0.25;drain0.5;bass0.25"
57678,1790792738609,Gb Maior,Gb Maior,0,Gb Maior,Eb Menor,0.9383,0.9383,0.8316,0.4271,"Eb Menor;G# Menor;Db Maior",,0.00,,0.00,51.45,51.45,1,1,"v2;w20;harm;aar;song60;far12;near45;tol0.8;floor0.25;drain0.5;bass0.25"
58235,1790792739110,Gb Maior,Gb Maior,0,Gb Maior,Eb Menor,0.9359,0.9359,0.8332,0.4109,"Eb Menor;G# Menor;Db Maior",,0.00,,0.00,51.99,51.99,1,1,"v2;w20;harm;aar;song60;far12;near45;tol0.8;floor0.25;drain0.5;bass0.25"
58700,1790792739608,Gb Maior,Gb Maior,0,Gb Maior,Eb Menor,0.9353,0.9353,0.8349,0.4017,"Eb Menor;G# Menor;Db Maior",,0.00,,0.00,52.45,52.45,1,1,"v2;w20;harm;aar;song60;far12;near45;tol0.8;floor0.25;drain0.5;bass0.25"
59164,1790792740108,Gb Maior,Gb Maior,0,Gb Maior,Eb Menor,0.9332,0.9332,0.8359,0.3892,"Eb Menor;G# Menor;Db Maior",,0.00,,0.00,52.93,52.93,1,1,"v2;w20;harm;aar;song60;far12;near45;tol0.8;floor0.25;drain0.5;bass0.25"
59721,1790792740609,Gb Maior,Gb Maior,0,Gb Maior,Eb Menor,0.9321,0.9321,0.8372,0.3797,"Eb Menor;G# Menor;Db Maior",,0.00,,0.00,53.47,53.47,1,1,"v2;w20;harm;aar;song60;far12;near45;tol0.8;floor0.25;drain0.5;bass0.25"
60186,1790792741108,Gb Maior,Gb Maior,0,Gb Maior,Eb Menor,0.9325,0.9325,0.8375,0.3798,"Eb Menor;G# Menor;Db Maior",,0.00,,0.00,53.95,53.95,1,1,"v2;w20;harm;aar;song60;far12;near45;tol0.8;floor0.25;drain0.5;bass0.25"
60743,1790792741611,Gb Maior,Gb Maior,0,Gb Maior,Eb Menor,0.9315,0.9315,0.8378,0.3745,"Eb Menor;G# Menor;Db Maior",,0.00,,0.00,54.51,54.51,1,1,"v2;w20;harm;aar;song60;far12;near45;tol0.8;floor0.25;drain0.5;bass0.25"
61207,1790792742111,Gb Maior,Gb Maior,0,Gb Maior,Eb Menor,0.9308,0.9308,0.8374,0.3739,"Eb Menor;G# Menor;Db Maior",,0.00,,0.00,54.97,54.97,1,1,"v2;w20;harm;aar;song60;far12;near45;tol0.8;floor0.25;drain0.5;bass0.25"
61672,1790792742611,Gb Maior,Gb Maior,0,Gb Maior,Eb Menor,0.9304,0.9304,0.8366,0.3753,"Eb Menor;G# Menor;Db Maior",,0.00,,0.00,55.43,55.43,1,1,"v2;w20;harm;aar;song60;far12;near45;tol0.8;floor0.25;drain0.5;bass0.25"
62229,1790792743110,Gb Maior,Gb Maior,0,Gb Maior,Eb Menor,0.9285,0.9285,0.8352,0.3730,"Eb Menor;G# Menor;Db Maior",,0.00,,0.00,55.99,55.99,1,1,"v2;w20;harm;aar;song60;far12;near45;tol0.8;floor0.25;drain0.5;bass0.25"
62693,1790792743611,Gb Maior,Gb Maior,0,Gb Maior,Eb Menor,0.9261,0.9261,0.8333,0.3711,"Eb Menor;G# Menor;Db Maior",,0.00,,0.00,56.47,56.47,1,1,"v2;w20;harm;aar;song60;far12;near45;tol0.8;floor0.25;drain0.5;bass0.25"
63251,1790792744109,Gb Maior,Gb Maior,0,Gb Maior,Eb Menor,0.9246,0.9246,0.8345,0.3604,"Eb Menor;G# Menor;Db Maior",,0.00,,0.00,57.01,57.01,1,1,"v2;w20;harm;aar;song60;far12;near45;tol0.8;floor0.25;drain0.5;bass0.25"
63715,1790792744611,Gb Maior,Gb Maior,0,Gb Maior,Eb Menor,0.9284,0.9284,0.8315,0.3876,"Eb Menor;G# Menor;Db Maior",,0.00,,0.00,57.47,57.47,1,1,"v2;w20;harm;aar;song60;far12;near45;tol0.8;floor0.25;drain0.5;bass0.25"
64179,1790792745111,Gb Maior,Gb Maior,0,Gb Maior,Eb Menor,0.9299,0.9299,0.8304,0.3982,"Eb Menor;G# Menor;Db Maior",,0.00,,0.00,57.95,57.95,1,1,"v2;w20;harm;aar;song60;far12;near45;tol0.8;floor0.25;drain0.5;bass0.25"
64737,1790792745612,Gb Maior,Gb Maior,0,Gb Maior,Eb Menor,0.9292,0.9292,0.8314,0.3912,"Eb Menor;G# Menor;Db Maior",,0.00,,0.00,58.49,58.49,1,1,"v2;w20;harm;aar;song60;far12;near45;tol0.8;floor0.25;drain0.5;bass0.25"
65201,1790792746111,Gb Maior,Gb Maior,0,Gb Maior,Eb Menor,0.9281,0.9281,0.8334,0.3787,"Eb Menor;G# Menor;Db Maior",,0.00,,0.00,58.97,58.97,1,1,"v2;w20;harm;aar;song60;far12;near45;tol0.8;floor0.25;drain0.5;bass0.25"
65666,1790792746610,Gb Maior,Gb Maior,0,Gb Maior,Eb Menor,0.9263,0.9263,0.8366,0.3586,"Eb Menor;G# Menor;Db Maior",,0.00,,0.00,59.43,59.43,1,1,"v2;w20;harm;aar;song60;far12;near45;tol0.8;floor0.25;drain0.5;bass0.25"
66223,1790792747111,Gb Maior,Gb Maior,0,Gb Maior,Eb Menor,0.9232,0.9232,0.8404,0.3314,"Eb Menor;G# Menor;Db Maior",,0.00,,0.00,59.97,59.97,1,1,"v2;w20;harm;aar;song60;far12;near45;tol0.8;floor0.25;drain0.5;bass0.25"
66687,1790792747610,Gb Maior,Gb Maior,0,Gb Maior,Eb Menor,0.9198,0.9198,0.8440,0.3030,"Eb Menor;G# Menor;Db Maior",,0.00,,0.00,60.45,60.45,1,1,"v2;w20;harm;aar;song60;far12;near45;tol0.8;floor0.25;drain0.5;bass0.25"
67244,1790792748110,Gb Maior,Gb Maior,0,Gb Maior,Eb Menor,0.9170,0.9170,0.8442,0.2914,"Eb Menor;G# Menor;Db Maior",,0.00,,0.00,61.01,61.01,1,1,"v2;w20;harm;aar;song60;far12;near45;tol0.8;floor0.25;drain0.5;bass0.25"
67709,1790792748611,Gb Maior,Gb Maior,0,Gb Maior,Eb Menor,0.9156,0.9156,0.8453,0.2814,"Eb Menor;G# Menor;Db Maior",,0.00,,0.00,61.47,61.47,1,1,"v2;w20;harm;aar;song60;far12;near45;tol0.8;floor0.25;drain0.5;bass0.25"
68173,1790792749110,Gb Maior,Gb Maior,0,Gb Maior,Eb Menor,0.9148,0.9148,0.8452,0.2785,"Eb Menor;G# Menor;Db Maior",,0.00,,0.00,61.93,61.93,1,1,"v2;w20;harm;aar;song60;far12;near45;tol0.8;floor0.25;drain0.5;bass0.25"
68731,1790792749611,Gb Maior,Gb Maior,0,Gb Maior,Eb Menor,0.9127,0.9127,0.8510,0.2469,"Eb Menor;G# Menor;Db Maior",,0.00,,0.00,62.49,62.49,1,1,"v2;w20;harm;aar;song60;far12;near45;tol0.8;floor0.25;drain0.5;bass0.25"
69195,1790792750111,Gb Maior,Gb Maior,0,Gb Maior,Eb Menor,0.9122,0.9122,0.8536,0.2346,"Eb Menor;G# Menor;Db Maior",,0.00,,0.00,62.97,62.97,1,1,"v2;w20;harm;aar;song60;far12;near45;tol0.8;floor0.25;drain0.5;bass0.25"
69752,1790792750610,Gb Maior,Gb Maior,0,Gb Maior,Eb Menor,0.9092,0.9092,0.8555,0.2150,"Eb Menor;G# Menor;Db Maior",,0.00,,0.00,63.51,63.51,1,1,"v2;w20;harm;aar;song60;far12;near45;tol0.8;floor0.25;drain0.5;bass0.25"
70217,1790792751112,Gb Maior,Gb Maior,0,Gb Maior,Eb Menor,0.9082,0.9082,0.8550,0.2126,"Eb Menor;G# Menor;Db Maior",,0.00,,0.00,63.97,63.97,1,1,"v2;w20;harm;aar;song60;far12;near45;tol0.8;floor0.25;drain0.5;bass0.25"
70681,1790792751612,Gb Maior,Gb Maior,0,Gb Maior,Eb Menor,0.9062,0.9062,0.8607,0.1819,"Eb Menor;G# Menor;Db Maior",,0.00,,0.00,64.45,64.45,1,1,"v2;w20;harm;aar;song60;far12;near45;tol0.8;floor0.25;drain0.5;bass0.25"
71238,1790792752112,Gb Maior,Gb Maior,0,Gb Maior,Eb Menor,0.9049,0.9049,0.8637,0.1648,"Eb Menor;G# Menor;Db Maior",,0.00,,0.00,64.99,64.99,1,1,"v2;w20;harm;aar;song60;far12;near45;tol0.8;floor0.25;drain0.5;bass0.25"
71703,1790792752611,Gb Maior,Gb Maior,0,Gb Maior,Eb Menor,0.9013,0.9013,0.8658,0.1419,"Eb Menor;G# Menor;Db Maior",,0.00,,0.00,65.47,65.47,1,1,"v2;w20;harm;aar;song60;far12;near45;tol0.8;floor0.25;drain0.5;bass0.25"
72167,1790792753111,Gb Maior,Gb Maior,0,Gb Maior,Eb Menor,0.9009,0.9009,0.8652,0.1427,"Eb Menor;G# Menor;Db Maior",,0.00,,0.00,65.93,65.93,1,1,"v2;w20;harm;aar;song60;far12;near45;tol0.8;floor0.25;drain0.5;bass0.25"
72724,1790792753611,Gb Maior,Gb Maior,0,Gb Maior,Eb Menor,0.8993,0.8993,0.8674,0.1276,"Eb Menor;G# Menor;Db Maior",,0.00,,0.00,66.47,66.47,1,1,"v2;w20;harm;aar;song60;far12;near45;tol0.8;floor0.25;drain0.5;bass0.25"
73189,1790792754110,Gb Maior,Gb Maior,0,Gb Maior,Eb Menor,0.8978,0.8978,0.8668,0.1240,"Eb Menor;G# Menor;Db Maior",,0.00,,0.00,66.95,66.95,1,1,"v2;w20;harm;aar;song60;far12;near45;tol0.8;floor0.25;drain0.5;bass0.25"
73746,1790792754611,Gb Maior,Gb Maior,0,Gb Maior,Eb Menor,0.8945,0.8945,0.8644,0.1203,"Eb Menor;G# Menor;Db Maior",,0.00,,0.00,67.51,67.51,1,1,"v2;w20;harm;aar;song60;far12;near45;tol0.8;floor0.25;drain0.5;bass0.25"
74210,1790792755111,Gb Maior,Gb Maior,0,Gb Maior,Eb Menor,0.8939,0.8939,0.8640,0.1199,"Eb Menor;G# Menor;Db Maior",,0.00,,0.00,67.99,67.99,1,1,"v2;w20;harm;aar;song60;far12;near45;tol0.8;floor0.25;drain0.5;bass0.25"
74675,1790792755611,Gb Maior,Gb Maior,0,Gb Maior,Eb Menor,0.8938,0.8938,0.8646,0.1166,"Eb Menor;G# Menor;Db Maior",,0.00,,0.00,68.43,68.43,1,1,"v2;w20;harm;aar;song60;far12;near45;tol0.8;floor0.25;drain0.5;bass0.25"
75232,1790792756119,Gb Maior,Eb Menor,0,Gb Maior,Eb Menor,0.8986,0.8986,0.8621,0.1461,"Eb Menor;G# Menor;Db Maior",,0.00,,0.50,68.99,68.99,1,1,"v2;w20;harm;aar;song60;far12;near45;tol0.8;floor0.25;drain0.5;bass0.25"
75697,1790792756612,Gb Maior,Eb Menor,0,Gb Maior,Eb Menor,0.9029,0.9029,0.8605,0.1699,"Eb Menor;G# Menor;Db Maior",,0.00,,1.00,69.47,69.47,1,1,"v2;w20;harm;aar;song60;far12;near45;tol0.8;floor0.25;drain0.5;bass0.25"
76254,1790792757111,Gb Maior,Eb Menor,0,Gb Maior,Eb Menor,0.9023,0.9023,0.8586,0.1751,"Eb Menor;G# Menor;Db Maior",,0.00,,1.50,70.01,70.01,1,1,"v2;w20;harm;aar;song60;far12;near45;tol0.8;floor0.25;drain0.5;bass0.25"
76718,1790792757610,Gb Maior,Eb Menor,0,Gb Maior,Eb Menor,0.9034,0.9034,0.8572,0.1847,"Eb Menor;G# Menor;Db Maior",,0.00,,2.00,70.49,70.49,1,1,"v2;w20;harm;aar;song60;far12;near45;tol0.8;floor0.25;drain0.5;bass0.25"
77183,1790792758111,Gb Maior,Eb Menor,0,Gb Maior,Eb Menor,0.9040,0.9040,0.8556,0.1935,"Eb Menor;G# Menor;Db Maior",,0.00,,2.50,70.95,70.95,1,1,"v2;w20;harm;aar;song60;far12;near45;tol0.8;floor0.25;drain0.5;bass0.25"
77740,1790792758611,Gb Maior,Eb Menor,0,Gb Maior,Eb Menor,0.9048,0.9048,0.8538,0.2040,"Eb Menor;G# Menor;Db Maior",,0.00,,3.00,71.49,71.49,1,1,"v2;w20;harm;aar;song60;far12;near45;tol0.8;floor0.25;drain0.5;bass0.25"
78204,1790792759111,Gb Maior,Eb Menor,0,Gb Maior,Eb Menor,0.9052,0.9052,0.8529,0.2091,"Eb Menor;G# Menor;Db Maior",,0.00,,3.50,71.97,71.97,1,1,"v2;w20;harm;aar;song60;far12;near45;tol0.8;floor0.25;drain0.5;bass0.25"
78669,1790792759610,Gb Maior,Eb Menor,0,Gb Maior,Eb Menor,0.9055,0.9055,0.8521,0.2136,"Eb Menor;G# Menor;Db Maior",,0.00,,4.00,72.43,72.43,1,1,"v2;w20;harm;aar;song60;far12;near45;tol0.8;floor0.25;drain0.5;bass0.25"
79226,1790792760112,Gb Maior,Eb Menor,1,Gb Maior,Eb Menor,0.9139,0.9139,0.8474,0.2663,"Eb Menor;G# Menor;Db Maior",,0.00,,4.50,72.97,72.97,1,1,"v2;w20;harm;aar;song60;far12;near45;tol0.8;floor0.25;drain0.5;bass0.25"
79690,1790792760611,Gb Maior,Eb Menor,1,Gb Maior,Eb Menor,0.9157,0.9157,0.8466,0.2764,"Eb Menor;G# Menor;Db Maior",,0.00,,5.00,73.45,73.45,1,1,"v2;w20;harm;aar;song60;far12;near45;tol0.8;floor0.25;drain0.5;bass0.25"
80248,1790792761112,Gb Maior,Eb Menor,1,Gb Maior,Eb Menor,0.9157,0.9157,0.8465,0.2768,"Eb Menor;G# Menor;Db Maior",,0.00,,5.50,74.01,74.01,1,1,"v2;w20;harm;aar;song60;far12;near45;tol0.8;floor0.25;drain0.5;bass0.25"
80712,1790792761611,Gb Maior,Eb Menor,1,Gb Maior,Eb Menor,0.9163,0.9163,0.8455,0.2831,"Eb Menor;G# Menor;Db Maior",,0.00,,5.99,74.49,74.49,1,1,"v2;w20;harm;aar;song60;far12;near45;tol0.8;floor0.25;drain0.5;bass0.25"
81176,1790792762111,Gb Maior,Eb Menor,1,Gb Maior,Eb Menor,0.9156,0.9156,0.8462,0.2778,"Eb Menor;G# Menor;Db Maior",,0.00,,6.49,74.93,74.93,1,1,"v2;w20;harm;aar;song60;far12;near45;tol0.8;floor0.25;drain0.5;bass0.25"
81734,1790792762611,Gb Maior,Eb Menor,1,Gb Maior,Eb Menor,0.9135,0.9135,0.8486,0.2596,"Eb Menor;G# Menor;Db Maior",,0.00,,6.99,75.49,75.49,1,1,"v2;w20;harm;aar;song60;far12;near45;tol0.8;floor0.25;drain0.5;bass0.25"
82198,1790792763110,Gb Maior,Eb Menor,1,Gb Maior,Eb Menor,0.9113,0.9113,0.8517,0.2383,"Eb Menor;G# Menor;Db Maior",,0.00,,7.49,75.97,75.97,1,1,"v2;w20;harm;aar;song60;far12;near45;tol0.8;floor0.25;drain0.5;bass0.25"
82755,1790792763611,Gb Maior,Eb Menor,1,Gb Maior,Eb Menor,0.9106,0.9106,0.8516,0.2361,"Eb Menor;G# Menor;Db Maior",,0.00,,7.99,76.51,76.51,1,1,"v2;w20;harm;aar;song60;far12;near45;tol0.8;floor0.25;drain0.5;bass0.25"
83220,1790792764111,Gb Maior,Eb Menor,1,Gb Maior,Eb Menor,0.9099,0.9099,0.8526,0.2291,"Eb Menor;G# Menor;Db Maior",,0.00,,8.49,76.99,76.99,1,1,"v2;w20;harm;aar;song60;far12;near45;tol0.8;floor0.25;drain0.5;bass0.25"
83684,1790792764611,Gb Maior,Eb Menor,1,Gb Maior,Eb Menor,0.9107,0.9107,0.8520,0.2347,"Eb Menor;G# Menor;Db Maior",,0.00,,8.99,77.45,77.45,1,1,"v2;w20;harm;aar;song60;far12;near45;tol0.8;floor0.25;drain0.5;bass0.25"
84241,1790792765112,Gb Maior,Eb Menor,1,Gb Maior,Eb Menor,0.9100,0.9100,0.8515,0.2340,"Eb Menor;G# Menor;Db Maior",,0.00,,9.49,78.00,78.00,1,1,"v2;w20;harm;aar;song60;far12;near45;tol0.8;floor0.25;drain0.5;bass0.25"
84706,1790792765610,Gb Maior,Eb Menor,1,Gb Maior,Eb Menor,0.9105,0.9105,0.8509,0.2382,"Eb Menor;G# Menor;Db Maior",,0.00,,9.99,78.47,78.47,1,1,"v2;w20;harm;aar;song60;far12;near45;tol0.8;floor0.25;drain0.5;bass0.25"
85170,1790792766111,Gb Maior,Eb Menor,1,Gb Maior,Eb Menor,0.9094,0.9094,0.8546,0.2190,"Eb Menor;G# Menor;Db Maior",,0.00,,10.49,78.93,78.93,1,1,"v2;w20;harm;aar;song60;far12;near45;tol0.8;floor0.25;drain0.5;bass0.25"
85728,1790792766612,Gb Maior,Eb Menor,1,Gb Maior,Eb Menor,0.9064,0.9064,0.8572,0.1970,"Eb Menor;G# Menor;Db Maior",,0.00,,10.99,79.49,79.49,1,1,"v2;w20;harm;aar;song60;far12;near45;tol0.8;floor0.25;drain0.5;bass0.25"
86192,1790792767112,Gb Maior,Eb Menor,1,Gb Maior,Eb Menor,0.9053,0.9053,0.8567,0.1944,"Eb Menor;G# Menor;Db Maior",,0.00,,11.49,79.95,79.95,1,1,"v2;w20;harm;aar;song60;far12;near45;tol0.8;floor0.25;drain0.5;bass0.25"
86749,1790792767611,Gb Maior,Eb Menor,1,Gb Maior,Eb Menor,0.9042,0.9042,0.8560,0.1931,"Eb Menor;G# Menor;Db Maior",,0.00,,11.99,80.51,80.51,1,1,"v2;w20;harm;aar;song60;far12;near45;tol0.8;floor0.25;drain0.5;bass0.25"
87214,1790792768112,Gb Maior,Eb Menor,1,Gb Maior,Eb Menor,0.9022,0.9022,0.8562,0.1842,"Eb Menor;G# Menor;Db Maior",,0.00,,12.49,80.99,80.99,1,1,"v2;w20;harm;aar;song60;far12;near45;tol0.8;floor0.25;drain0.5;bass0.25"
87678,1790792768610,Gb Maior,Eb Menor,1,Gb Maior,Eb Menor,0.9011,0.9011,0.8549,0.1849,"Eb Menor;G# Menor;Db Maior",,0.00,,12.99,81.43,81.43,1,1,"v2;w20;harm;aar;song60;far12;near45;tol0.8;floor0.25;drain0.5;bass0.25"
88235,1790792769112,Gb Maior,Eb Menor,1,Gb Maior,Eb Menor,0.8956,0.8956,0.8544,0.1646,"Eb Menor;G# Menor;Db Maior",,0.00,,13.49,82.02,82.02,1,1,"v2;w20;harm;aar;song60;far12;near45;tol0.8;floor0.25;drain0.5;bass0.25"
88700,1790792769611,Gb Maior,Eb Menor,1,Gb Maior,Eb Menor,0.8915,0.8915,0.8535,0.1518,"Eb Menor;G# Menor;Db Maior",,0.00,,13.99,82.47,82.47,1,1,"v2;w20;harm;aar;song60;far12;near45;tol0.8;floor0.25;drain0.5;bass0.25"
89257,1790792770111,Gb Maior,Eb Menor,1,Gb Maior,Eb Menor,0.8913,0.8913,0.8537,0.1504,"Eb Menor;G# Menor;Db Maior",,0.00,,14.49,83.01,83.01,1,1,"v2;w20;harm;aar;song60;far12;near45;tol0.8;floor0.25;drain0.5;bass0.25"
89721,1790792770612,Gb Maior,Eb Menor,1,Gb Maior,Eb Menor,0.8908,0.8908,0.8544,0.1456,"Eb Menor;G# Menor;Db Maior",,0.00,,14.99,83.49,83.49,1,1,"v2;w20;harm;aar;song60;far12;near45;tol0.8;floor0.25;drain0.5;bass0.25"
90186,1790792771111,Gb Maior,Eb Menor,1,Gb Maior,Eb Menor,0.8894,0.8894,0.8607,0.1145,"Eb Menor;G# Menor;Db Maior",,0.00,,15.49,83.95,83.95,1,1,"v2;w20;harm;aar;song60;far12;near45;tol0.8;floor0.25;drain0.5;bass0.25"
90743,1790792771612,Gb Maior,Eb Menor,1,Gb Maior,Eb Menor,0.8888,0.8888,0.8613,0.1100,"Eb Menor;G# Menor;Db Maior",,0.00,,15.99,84.49,84.49,1,1,"v2;w20;harm;aar;song60;far12;near45;tol0.8;floor0.25;drain0.5;bass0.25"
91207,1790792772111,Gb Maior,Eb Menor,1,Gb Maior,Eb Menor,0.8879,0.8879,0.8611,0.1070,"Eb Menor;G# Menor;Db Maior",,0.00,,16.48,84.97,84.97,1,1,"v2;w20;harm;aar;song60;far12;near45;tol0.8;floor0.25;drain0.5;bass0.25"
91672,1790792772612,Gb Maior,Eb Menor,1,Gb Maior,Eb Menor,0.8871,0.8871,0.8604,0.1070,"Eb Menor;G# Menor;Db Maior",,0.00,,16.98,85.43,85.43,1,1,"v2;w20;harm;aar;song60;far12;near45;tol0.8;floor0.25;drain0.5;bass0.25"
92229,1790792773112,Gb Maior,Eb Menor,1,Gb Maior,Eb Menor,0.8880,0.8880,0.8587,0.1170,"Eb Menor;G# Menor;Db Maior",,0.00,,17.48,85.99,85.99,1,1,"v2;w20;harm;aar;song60;far12;near45;tol0.8;floor0.25;drain0.5;bass0.25"
92694,1790792773612,Gb Maior,Eb Menor,1,Gb Maior,Eb Menor,0.8875,0.8875,0.8574,0.1201,"Eb Menor;G# Menor;Db Maior",,0.00,,17.98,86.45,86.45,1,1,"v2;w20;harm;aar;song60;far12;near45;tol0.8;floor0.25;drain0.5;bass0.25"
93251,1790792774111,Gb Maior,Eb Menor,1,Gb Maior,Eb Menor,0.8857,0.8857,0.8561,0.1183,"Eb Menor;G# Menor;Db Maior",,0.00,,18.48,87.01,87.01,1,1,"v2;w20;harm;aar;song60;far12;near45;tol0.8;floor0.25;drain0.5;bass0.25"
93715,1790792774611,Gb Maior,Eb Menor,1,Gb Maior,Eb Menor,0.8842,0.8842,0.8550,0.1169,"Eb Menor;G# Menor;Db Maior",,0.00,,18.98,87.49,87.49,1,1,"v2;w20;harm;aar;song60;far12;near45;tol0.8;floor0.25;drain0.5;bass0.25"
94180,1790792775112,Gb Maior,Eb Menor,1,Gb Maior,Eb Menor,0.8842,0.8842,0.8536,0.1225,"Eb Menor;G# Menor;Db Maior",,0.00,,19.48,87.93,87.93,1,1,"v2;w20;harm;aar;song60;far12;near45;tol0.8;floor0.25;drain0.5;bass0.25"
94737,1790792775613,Gb Maior,Eb Menor,1,Gb Maior,Eb Menor,0.8848,0.8848,0.8521,0.1305,"Eb Menor;G# Menor;Db Maior",,0.00,,19.98,88.51,88.51,1,1,"v2;w20;harm;aar;song60;far12;near45;tol0.8;floor0.25;drain0.5;bass0.25"
95201,1790792776111,Gb Maior,Eb Menor,1,Gb Maior,Eb Menor,0.8833,0.8833,0.8513,0.1280,"Eb Menor;G# Menor;Db Maior",,0.00,,20.48,88.97,88.97,1,1,"v2;w20;harm;aar;song60;far12;near45;tol0.8;floor0.25;drain0.5;bass0.25"
95759,1790792776612,Gb Maior,Eb Menor,1,Gb Maior,Eb Menor,0.8841,0.8841,0.8480,0.1443,"Eb Menor;G# Menor;Db Maior",,0.00,,20.98,89.51,89.51,1,1,"v2;w20;harm;aar;song60;far12;near45;tol0.8;floor0.25;drain0.5;bass0.25"
96223,1790792777112,Gb Maior,Eb Menor,1,Gb Maior,Eb Menor,0.8839,0.8839,0.8458,0.1524,"Eb Menor;G# Menor;Db Maior",,0.00,,21.48,89.99,89.99,1,1,"v2;w20;harm;aar;song60;far12;near45;tol0.8;floor0.25;drain0.5;bass0.25"
96687,1790792777612,Gb Maior,Eb Menor,1,Gb Maior,Eb Menor,0.8839,0.8839,0.8428,0.1643,"Eb Menor;G# Menor;Db Maior",,0.00,,21.23,90.45,90.45,1,1,"v2;w20;harm;aar;song60;far12;near45;tol0.8;floor0.25;drain0.5;bass0.25"
97245,1790792778112,Gb Maior,Eb Menor,1,Gb Maior,Eb Menor,0.8844,0.8844,0.8391,0.1811,"Eb Menor;G# Menor;Db Maior",,0.00,,20.98,91.01,91.01,1,1,"v2;w20;harm;aar;song60;far12;near45;tol0.8;floor0.25;drain0.5;bass0.25"
97709,1790792778612,Gb Maior,Eb Menor,1,Gb Maior,Eb Menor,0.8850,0.8850,0.8389,0.1845,"Eb Menor;G# Menor;Db Maior",,0.00,,20.73,91.47,91.47,1,1,"v2;w20;harm;aar;song60;far12;near45;tol0.8;floor0.25;drain0.5;bass0.25"
98173,1790792779111,Gb Maior,Eb Menor,1,Gb Maior,Eb Menor,0.8853,0.8853,0.8382,0.1886,"Eb Menor;G# Menor;Db Maior",,0.00,,20.48,91.93,91.93,1,1,"v2;w20;harm;aar;song60;far12;near45;tol0.8;floor0.25;drain0.5;bass0.25"
98731,1790792779612,Gb Maior,Eb Menor,1,Gb Maior,Eb Menor,0.8854,0.8854,0.8389,0.1861,"Eb Menor;G# Menor;Db Maior",,0.00,,20.23,92.49,92.49,1,1,"v2;w20;harm;aar;song60;far12;near45;tol0.8;floor0.25;drain0.5;bass0.25"
99195,1790792780112,Gb Maior,Eb Menor,1,Gb Maior,Eb Menor,0.8850,0.8850,0.8406,0.1778,"Eb Menor;G# Menor;Db Maior",,0.00,,19.98,92.95,92.95,1,1,"v2;w20;harm;aar;song60;far12;near45;tol0.8;floor0.25;drain0.5;bass0.25"
99660,1790792780612,Gb Maior,Eb Menor,1,Gb Maior,Eb Menor,0.8834,0.8834,0.8409,0.1699,"Eb Menor;G# Menor;Db Maior",,0.00,,19.73,93.41,93.41,1,1,"v2;w20;harm;aar;song60;far12;near45;tol0.8;floor0.25;drain0.5;bass0.25"
100217,1790792781111,Gb Maior,Eb Menor,1,Gb Maior,Eb Menor,0.8814,0.8814,0.8412,0.1609,"Eb Menor;G# Menor;Db Maior",,0.00,,19.48,93.99,93.99,1,1,"v2;w20;harm;aar;song60;far12;near45;tol0.8;floor0.25;drain0.5;bass0.25"
100681,1790792781612,Gb Maior,Eb Menor,1,Gb Maior,Eb Menor,0.8816,0.8816,0.8420,0.1588,"Eb Menor;G# Menor;Db Maior",,0.00,,19.23,94.43,94.43,1,1,"v2;w20;harm;aar;song60;far12;near45;tol0.8;floor0.25;drain0.5;bass0.25"
101239,1790792782112,Gb Maior,Eb Menor,1,Gb Maior,Eb Menor,0.8805,0.8805,0.8428,0.1510,"Eb Menor;G# Menor;Db Maior",,0.00,,18.98,95.01,95.01,1,1,"v2;w20;harm;aar;song60;far12;near45;tol0.8;floor0.25;drain0.5;bass0.25"
101703,1790792782612,Gb Maior,Eb Menor,1,Gb Maior,Eb Menor,0.8789,0.8789,0.8434,0.1423,"Eb Menor;G# Menor;Db Maior",,0.00,,18.73,95.47,95.47,1,1,"v2;w20;harm;aar;song60;far12;near45;tol0.8;floor0.25;drain0.5;bass0.25"
102260,1790792783112,Gb Maior,Eb Menor,1,Gb Maior,Eb Menor,0.8785,0.8785,0.8436,0.1392,"Eb Menor;G# Menor;Db Maior",,0.00,,18.48,96.01,96.01,1,1,"v2;w20;harm;aar;song60;far12;near45;tol0.8;floor0.25;drain0.5;bass0.25"
102725,1790792783611,Gb Maior,Eb Menor,1,Gb Maior,Eb Menor,0.8775,0.8775,0.8467,0.1234,"Eb Menor;G# Menor;Db Maior",,0.00,,18.23,96.49,96.49,1,1,"v2;w20;harm;aar;song60;far12;near45;tol0.8;floor0.25;drain0.5;bass0.25"
103189,1790792784111,Gb Maior,Eb Menor,1,Gb Maior,Eb Menor,0.8761,0.8761,0.8468,0.1171,"Eb Menor;G# Menor;Db Maior",,0.00,,17.98,96.95,96.95,1,1,"v2;w20;harm;aar;song60;far12;near45;tol0.8;floor0.25;drain0.5;bass0.25"
103746,1790792784612,Gb Maior,Eb Menor,1,Gb Maior,Eb Menor,0.8761,0.8761,0.8442,0.1276,"Eb Menor;G# Menor;Db Maior",,0.00,,17.73,97.51,97.51,1,1,"v2;w20;harm;aar;song60;far12;near45;tol0.8;floor0.25;drain0.5;bass0.25"
104211,1790792785111,Gb Maior,Eb Menor,1,Gb Maior,Eb Menor,0.8744,0.8744,0.8443,0.1206,"Eb Menor;G# Menor;Db Maior",,0.00,,17.48,97.97,97.97,1,1,"v2;w20;harm;aar;song60;far12;near45;tol0.8;floor0.25;drain0.5;bass0.25"
104675,1790792785611,Gb Maior,Eb Menor,1,Gb Maior,Eb Menor,0.8741,0.8741,0.8438,0.1212,"Eb Menor;G# Menor;Db Maior",,0.00,,17.24,98.43,98.43,1,1,"v2;w20;harm;aar;song60;far12;near45;tol0.8;floor0.25;drain0.5;bass0.25"
105232,1790792786112,Gb Maior,Eb Menor,1,Gb Maior,Eb Menor,0.8734,0.8734,0.8427,0.1227,"Eb Menor;G# Menor;Db Maior",,0.00,,16.99,98.99,98.99,1,1,"v2;w20;harm;aar;song60;far12;near45;tol0.8;floor0.25;drain0.5;bass0.25"
105697,1790792786612,Gb Maior,Eb Menor,1,Gb Maior,Eb Menor,0.8719,0.8719,0.8424,0.1177,"Eb Menor;G# Menor;Db Maior",,0.00,,16.74,99.45,99.45,1,1,"v2;w20;harm;aar;song60;far12;near45;tol0.8;floor0.25;drain0.5;bass0.25"
106161,1790792787111,Gb Maior,Eb Menor,1,Gb Maior,Eb Menor,0.8694,0.8694,0.8423,0.1083,"Eb Menor;G# Menor;Db Maior",,0.00,,16.49,99.93,99.93,1,1,"v2;w20;harm;aar;song60;far12;near45;tol0.8;floor0.25;drain0.5;bass0.25"
106718,1790792787611,Gb Maior,Eb Menor,1,Gb Maior,Eb Menor,0.8680,0.8680,0.8465,0.0859,"Eb Menor;G# Menor;Db Maior",,0.00,,16.24,100.49,100.49,1,1,"v2;w20;harm;aar;song60;far12;near45;tol0.8;floor0.25;drain0.5;bass0.25"
107183,1790792788111,Gb Maior,Eb Menor,1,Gb Maior,Eb Menor,0.8666,0.8666,0.8478,0.0752,"Eb Menor;G# Menor;Db Maior",,0.00,,15.99,100.93,100.93,1,1,"v2;w20;harm;aar;song60;far12;near45;tol0.8;floor0.25;drain0.5;bass0.25"
107740,1790792788613,Gb Maior,Eb Menor,1,Gb Maior,Eb Menor,0.8653,0.8653,0.8466,0.0745,"Eb Menor;G# Menor;Db Maior",,0.00,,15.74,101.51,101.51,1,1,"v2;w20;harm;aar;song60;far12;near45;tol0.8;floor0.25;drain0.5;bass0.25"
108204,1790792789111,Gb Maior,Eb Menor,1,Gb Maior,Eb Menor,0.8657,0.8657,0.8465,0.0767,"Eb Menor;G# Menor;Db Maior",,0.00,,15.49,101.97,101.97,1,1,"v2;w20;harm;aar;song60;far12;near45;tol0.8;floor0.25;drain0.5;bass0.25"
108669,1790792789611,Gb Maior,Eb Menor,1,Gb Maior,Eb Menor,0.8667,0.8667,0.8464,0.0810,"Eb Menor;G# Menor;Db Maior",,0.00,,15.24,102.43,102.43,1,1,"v2;w20;harm;aar;song60;far12;near45;tol0.8;floor0.25;drain0.5;bass0.25"
109226,1790792790112,Gb Maior,Eb Menor,1,Gb Maior,Eb Menor,0.8677,0.8677,0.8463,0.0857,"Eb Menor;G# Menor;Db Maior",,0.00,,14.99,102.99,102.99,1,1,"v2;w20;harm;aar;song60;far12;near45;tol0.8;floor0.25;drain0.5;bass0.25"
109691,1790792790612,Gb Maior,Eb Menor,1,Gb Maior,Eb Menor,0.8684,0.8684,0.8450,0.0939,"Eb Menor;G# Menor;Db Maior",,0.00,,14.74,103.45,103.45,1,1,"v2;w20;harm;aar;song60;far12;near45;tol0.8;floor0.25;drain0.5;bass0.25"
110248,1790792791112,Gb Maior,Eb Menor,1,Gb Maior,Eb Menor,0.8691,0.8691,0.8435,0.1027,"Eb Menor;G# Menor;Db Maior",,0.00,,14.49,104.01,104.01,1,1,"v2;w20;harm;aar;song60;far12;near45;tol0.8;floor0.25;drain0.5;bass0.25"
110712,1790792791612,Gb Maior,Eb Menor,1,Gb Maior,Eb Menor,0.8678,0.8678,0.8431,0.0991,"Eb Menor;G# Menor;Db Maior",,0.00,,14.24,104.47,104.47,1,1,"v2;w20;harm;aar;song60;far12;near45;tol0.8;floor0.25;drain0.5;bass0.25"
111177,1790792792111,Gb Maior,Eb Menor,1,Gb Maior,Eb Menor,0.8675,0.8675,0.8398,0.1109,"Eb Menor;G# Menor;Db Maior",,0.00,,13.99,104.93,104.93,1,1,"v2;w20;harm;aar;song60;far12;near45;tol0.8;floor0.25;drain0.5;bass0.25"
111734,1790792792612,Gb Maior,Eb Menor,1,Gb Maior,Eb Menor,0.8671,0.8671,0.8360,0.1244,"Eb Menor;G# Menor;Db Maior",,0.00,,13.74,105.49,105.49,1,1,"v2;w20;harm;aar;song60;far12;near45;tol0.8;floor0.25;drain0.5;bass0.25"
112198,1790792793112,Gb Maior,Eb Menor,1,Gb Maior,Eb Menor,0.8663,0.8663,0.8336,0.1308,"Eb Menor;G# Menor;Db Maior",,0.00,,13.49,105.95,105.95,1,1,"v2;w20;harm;aar;song60;far12;near45;tol0.8;floor0.25;drain0.5;bass0.25"
112663,1790792793611,Gb Maior,Eb Menor,1,Gb Maior,Eb Menor,0.8660,0.8660,0.8303,0.1430,"Eb Menor;G# Menor;B Maior",,0.00,,13.24,106.43,106.43,1,1,"v2;w20;harm;aar;song60;far12;near45;tol0.8;floor0.25;drain0.5;bass0.25"
113220,1790792794111,Gb Maior,Eb Menor,1,Gb Maior,Eb Menor,0.8670,0.8670,0.8288,0.1530,"Eb Menor;G# Menor;B Maior",,0.00,,12.99,106.99,106.99,1,1,"v2;w20;harm;aar;song60;far12;near45;tol0.8;floor0.25;drain0.5;bass0.25"
113684,1790792794612,Gb Maior,Eb Menor,1,Gb Maior,Eb Menor,0.8663,0.8663,0.8272,0.1563,"Eb Menor;G# Menor;B Maior",,0.00,,12.74,107.43,107.43,1,1,"v2;w20;harm;aar;song60;far12;near45;tol0.8;floor0.25;drain0.5;bass0.25"
114242,1790792795112,Gb Maior,Eb Menor,1,Gb Maior,Eb Menor,0.8653,0.8653,0.8268,0.1541,"Eb Menor;G# Menor;B Maior",,0.00,,12.49,108.01,108.01,1,1,"v2;w20;harm;aar;song60;far12;near45;tol0.8;floor0.25;drain0.5;bass0.25"
114706,1790792795612,Gb Maior,Eb Menor,1,Gb Maior,Eb Menor,0.8648,0.8648,0.8257,0.1564,"Eb Menor;G# Menor;B Maior",,0.00,,12.24,108.47,108.47,1,1,"v2;w20;harm;aar;song60;far12;near45;tol0.8;floor0.25;drain0.5;bass0.25"
115170,1790792796112,Gb Maior,Eb Menor,1,Gb Maior,Eb Menor,0.8631,0.8631,0.8242,0.1557,"Eb Menor;G# Menor;B Maior",,0.00,,11.99,108.95,108.95,1,1,"v2;w20;harm;aar;song60;far12;near45;tol0.8;floor0.25;drain0.5;bass0.25"
115728,1790792796612,Gb Maior,Eb Menor,1,Gb Maior,Eb Menor,0.8601,0.8601,0.8235,0.1465,"Eb Menor;G# Menor;B Maior",,0.00,,11.74,109.49,109.49,1,1,"v2;w20;harm;aar;song60;far12;near45;tol0.8;floor0.25;drain0.5;bass0.25"
116192,1790792797112,Gb Maior,Eb Menor,1,Gb Maior,Eb Menor,0.8586,0.8586,0.8229,0.1427,"Eb Menor;G# Menor;B Maior",,0.00,,11.49,109.95,109.95,1,1,"v2;w20;harm;aar;song60;far12;near45;tol0.8;floor0.25;drain0.5;bass0.25"
116749,1790792797611,Gb Maior,Eb Menor,1,Gb Maior,Eb Menor,0.8599,0.8599,0.8224,0.1497,"Eb Menor;G# Menor;B Maior",,0.00,,11.24,110.51,110.51,1,1,"v2;w20;harm;aar;song60;far12;near45;tol0.8;floor0.25;drain0.5;bass0.25"
117214,1790792798111,Gb Maior,Eb Menor,1,Gb Maior,Eb Menor,0.8609,0.8609,0.8225,0.1535,"Eb Menor;G# Menor;B Maior",,0.00,,10.99,110.97,110.97,1,1,"v2;w20;harm;aar;song60;far12;near45;tol0.8;floor0.25;drain0.5;bass0.25"
117678,1790792798611,Gb Maior,Eb Menor,1,Gb Maior,Eb Menor,0.8608,0.8608,0.8217,0.1564,"Eb Menor;G# Menor;B Maior",,0.00,,10.74,111.45,111.45,1,1,"v2;w20;harm;aar;song60;far12;near45;tol0.8;floor0.25;drain0.5;bass0.25"
118236,1790792799112,Gb Maior,Eb Menor,1,Gb Maior,Eb Menor,0.8602,0.8602,0.8193,0.1639,"Eb Menor;G# Menor;B Maior",,0.00,,10.49,111.99,111.99,1,1,"v2;w20;harm;aar;song60;far12;near45;tol0.8;floor0.25;drain0.5;bass0.25"
118700,1790792799612,Gb Maior,Eb Menor,1,Gb Maior,Eb Menor,0.8627,0.8627,0.8201,0.1704,"Eb Menor;G# Menor;B Maior",,0.00,,10.24,112.45,112.45,1,1,"v2;w20;harm;aar;song60;far12;near45;tol0.8;floor0.25;drain0.5;bass0.25"
119164,1790792800111,Gb Maior,Eb Menor,1,Gb Maior,Eb Menor,0.8634,0.8634,0.8188,0.1782,"Eb Menor;G# Menor;B Maior",,0.00,,9.99,112.93,112.93,1,1,"v2;w20;harm;aar;song60;far12;near45;tol0.8;floor0.25;drain0.5;bass0.25"
119722,1790792800611,Gb Maior,Eb Menor,1,Gb Maior,Eb Menor,0.8624,0.8624,0.8181,0.1772,"Eb Menor;G# Menor;B Maior",,0.00,,9.74,113.49,113.49,1,1,"v2;w20;harm;aar;song60;far12;near45;tol0.8;floor0.25;drain0.5;bass0.25"
120186,1790792801112,Gb Maior,Eb Menor,1,Gb Maior,Eb Menor,0.8645,0.8645,0.8177,0.1869,"Eb Menor;G# Menor;B Maior",,0.00,,9.49,113.93,113.93,1,1,"v2;w20;harm;aar;song60;far12;near45;tol0.8;floor0.25;drain0.5;bass0.25"
120743,1790792801609,Gb Maior,Eb Menor,1,Gb Maior,Eb Menor,0.8684,0.8684,0.8188,0.1988,"Eb Menor;G# Menor;Db Maior",,0.00,,9.24,114.51,114.51,1,1,"v2;w20;harm;aar;song60;far12;near45;tol0.8;floor0.25;drain0.5;bass0.25"
121208,1790792802112,Gb Maior,Eb Menor,1,Gb Maior,Eb Menor,0.8707,0.8707,0.8194,0.2051,"Eb Menor;G# Menor;Db Maior",,0.00,,8.99,114.97,114.97,1,1,"v2;w20;harm;aar;song60;far12;near45;tol0.8;floor0.25;drain0.5;bass0.25"
121672,1790792802609,Gb Maior,Eb Menor,1,Gb Maior,Eb Menor,0.8727,0.8727,0.8196,0.2122,"Eb Menor;G# Menor;Db Maior",,0.00,,8.74,115.45,115.45,1,1,"v2;w20;harm;aar;song60;far12;near45;tol0.8;floor0.25;drain0.5;bass0.25"
122229,1790792803111,Gb Maior,Eb Menor,1,Gb Maior,Eb Menor,0.8741,0.8741,0.8199,0.2166,"Eb Menor;G# Menor;Db Maior",,0.00,,8.49,115.99,115.99,1,1,"v2;w20;harm;aar;song60;far12;near45;tol0.8;floor0.25;drain0.5;bass0.25"
122694,1790792803611,Gb Maior,Eb Menor,1,Gb Maior,Eb Menor,0.8746,0.8746,0.8216,0.2120,"Eb Menor;G# Menor;Db Maior",,0.00,,8.24,116.45,116.45,1,1,"v2;w20;harm;aar;song60;far12;near45;tol0.8;floor0.25;drain0.5;bass0.25"
123251,1790792804111,Gb Maior,Eb Menor,1,Gb Maior,Eb Menor,0.8748,0.8748,0.8235,0.2051,"Eb Menor;G# Menor;Db Maior",,0.00,,8.00,117.01,117.01,1,1,"v2;w20;harm;aar;song60;far12;near45;tol0.8;floor0.25;drain0.5;bass0.25"
123715,1790792804611,Gb Maior,Eb Menor,1,Gb Maior,Eb Menor,0.8744,0.8744,0.8244,0.2002,"Eb Menor;G# Menor;Db Maior",,0.00,,7.75,117.47,117.47,1,1,"v2;w20;harm;aar;song60;far12;near45;tol0.8;floor0.25;drain0.5;bass0.25"
124180,1790792805111,Gb Maior,Eb Menor,1,Gb Maior,Eb Menor,0.8739,0.8739,0.8254,0.1941,"Eb Menor;G# Menor;B Maior",,0.00,,7.50,117.95,117.95,1,1,"v2;w20;harm;aar;song60;far12;near45;tol0.8;floor0.25;drain0.5;bass0.25"
124737,1790792805611,Gb Maior,Eb Menor,1,Gb Maior,Eb Menor,0.8750,0.8750,0.8246,0.2015,"Eb Menor;G# Menor;B Maior",,0.00,,7.25,118.49,118.49,1,1,"v2;w20;harm;aar;song60;far12;near45;tol0.8;floor0.25;drain0.5;bass0.25"
125201,1790792806112,Gb Maior,Eb Menor,1,Gb Maior,Eb Menor,0.8779,0.8779,0.8239,0.2160,"Eb Menor;G# Menor;B Maior",,0.00,,7.00,118.95,118.95,1,1,"v2;w20;harm;aar;song60;far12;near45;tol0.8;floor0.25;drain0.5;bass0.25"
125666,1790792806612,Gb Maior,Eb Menor,1,Gb Maior,Eb Menor,0.8783,0.8783,0.8227,0.2223,"Eb Menor;G# Menor;B Maior",,0.00,,6.75,119.43,119.43,1,1,"v2;w20;harm;aar;song60;far12;near45;tol0.8;floor0.25;drain0.5;bass0.25"
126223,1790792807111,Gb Maior,Eb Menor,1,Gb Maior,Eb Menor,0.8779,0.8779,0.8224,0.2221,"Eb Menor;G# Menor;B Maior",,0.00,,6.50,119.99,119.99,1,1,"v2;w20;harm;aar;song60;far12;near45;tol0.8;floor0.25;drain0.5;bass0.25"
126688,1790792807609,Gb Maior,Gb Maior,0,Gb Maior,Eb Menor,0.8783,0.8783,0.8224,0.2236,"Eb Menor;G# Menor;B Maior",,0.00,,0.00,120.45,120.45,1,1,"v2;w20;harm;aar;song60;far12;near45;tol0.8;floor0.25;drain0.5;bass0.25"
127245,1790792808112,Gb Maior,Gb Maior,0,Gb Maior,Eb Menor,0.8763,0.8763,0.8223,0.2160,"Eb Menor;G# Menor;B Maior",,0.00,,0.00,121.02,121.02,1,1,"v2;w20;harm;aar;song60;far12;near45;tol0.8;floor0.25;drain0.5;bass0.25"
127709,1790792808610,Gb Maior,Gb Maior,0,Gb Maior,Eb Menor,0.8730,0.8730,0.8220,0.2041,"Eb Menor;G# Menor;B Maior",,0.00,,0.00,121.47,121.47,1,1,"v2;w20;harm;aar;song60;far12;near45;tol0.8;floor0.25;drain0.5;bass0.25"
128174,1790792809111,Gb Maior,Gb Maior,0,Gb Maior,Eb Menor,0.8696,0.8696,0.8216,0.1919,"Eb Menor;G# Menor;Db Maior",,0.00,,0.00,121.95,121.95,1,1,"v2;w20;harm;aar;song60;far12;near45;tol0.8;floor0.25;drain0.5;bass0.25"
128731,1790792809611,Gb Maior,Gb Maior,0,Gb Maior,Eb Menor,0.8666,0.8666,0.8201,0.1861,"Eb Menor;G# Menor;Db Maior",,0.00,,0.00,122.49,122.49,1,1,"v2;w20;harm;aar;song60;far12;near45;tol0.8;floor0.25;drain0.5;bass0.25"
129195,1790792810112,Gb Maior,Gb Maior,0,Gb Maior,Eb Menor,0.8635,0.8635,0.8194,0.1762,"Eb Menor;G# Menor;Db Maior",,0.00,,0.00,122.97,122.97,1,1,"v2;w20;harm;aar;song60;far12;near45;tol0.8;floor0.25;drain0.5;bass0.25"
129753,1790792810612,Gb Maior,Gb Maior,0,Gb Maior,Eb Menor,0.8618,0.8618,0.8195,0.1691,"Eb Menor;G# Menor;Db Maior",,0.00,,0.00,123.51,123.51,1,1,"v2;w20;harm;aar;song60;far12;near45;tol0.8;floor0.25;drain0.5;bass0.25"
130217,1790792811111,Gb Maior,Gb Maior,0,Gb Maior,Eb Menor,0.8629,0.8629,0.8198,0.1721,"Eb Menor;G# Menor;Db Maior",,0.00,,0.00,123.97,123.97,1,1,"v2;w20;harm;aar;song60;far12;near45;tol0.8;floor0.25;drain0.5;bass0.25"
130681,1790792811610,Gb Maior,Gb Maior,0,Gb Maior,Eb Menor,0.8635,0.8635,0.8200,0.1740,"Eb Menor;G# Menor;Db Maior",,0.00,,0.00,124.45,124.45,1,1,"v2;w20;harm;aar;song60;far12;near45;tol0.8;floor0.25;drain0.5;bass0.25"
131239,1790792812111,Gb Maior,Gb Maior,0,Gb Maior,Eb Menor,0.8638,0.8638,0.8205,0.1733,"Eb Menor;G# Menor;Db Maior",,0.00,,0.00,124.99,124.99,1,1,"v2;w20;harm;aar;song60;far12;near45;tol0.8;floor0.25;drain0.5;bass0.25"
131703,1790792812611,Gb Maior,Gb Maior,0,Gb Maior,Eb Menor,0.8638,0.8638,0.8206,0.1730,"Eb Menor;G# Menor;Db Maior",,0.00,,0.00,125.45,125.45,1,1,"v2;w20;harm;aar;song60;far12;near45;tol0.8;floor0.25;drain0.5;bass0.25"
132167,1790792813111,Gb Maior,Gb Maior,0,Gb Maior,Eb Menor,0.8638,0.8638,0.8197,0.1763,"Eb Menor;G# Menor;Db Maior",,0.00,,0.00,125.93,125.93,1,1,"v2;w20;harm;aar;song60;far12;near45;tol0.8;floor0.25;drain0.5;bass0.25"
132725,1790792813611,Gb Maior,Gb Maior,0,Gb Maior,Eb Menor,0.8664,0.8664,0.8175,0.1957,"Eb Menor;G# Menor;Db Maior",,0.00,,0.00,126.49,126.49,1,1,"v2;w20;harm;aar;song60;far12;near45;tol0.8;floor0.25;drain0.5;bass0.25"
133189,1790792814111,Gb Maior,Gb Maior,0,Gb Maior,Eb Menor,0.8670,0.8670,0.8165,0.2020,"Eb Menor;G# Menor;Db Maior",,0.00,,0.00,126.95,126.95,1,1,"v2;w20;harm;aar;song60;far12;near45;tol0.8;floor0.25;drain0.5;bass0.25"
133746,1790792814612,Gb Maior,Gb Maior,0,Gb Maior,Eb Menor,0.8660,0.8660,0.8160,0.2002,"Eb Menor;G# Menor;Db Maior",,0.00,,0.00,127.51,127.51,1,1,"v2;w20;harm;aar;song60;far12;near45;tol0.8;floor0.25;drain0.5;bass0.25"
134211,1790792815109,Gb Maior,Gb Maior,0,Gb Maior,Eb Menor,0.8660,0.8660,0.8161,0.1994,"Eb Menor;G# Menor;Db Maior",,0.00,,0.00,127.97,127.97,1,1,"v2;w20;harm;aar;song60;far12;near45;tol0.8;floor0.25;drain0.5;bass0.25"
134675,1790792815611,Gb Maior,Gb Maior,0,Gb Maior,Eb Menor,0.8666,0.8666,0.8160,0.2025,"Eb Menor;G# Menor;Db Maior",,0.00,,0.00,128.45,128.45,1,1,"v2;w20;harm;aar;song60;far12;near45;tol0.8;floor0.25;drain0.5;bass0.25"
135233,1790792816112,Gb Maior,Gb Maior,0,Gb Maior,Eb Menor,0.8680,0.8680,0.8159,0.2086,"Eb Menor;G# Menor;Db Maior",,0.00,,0.00,128.99,128.99,1,1,"v2;w20;harm;aar;song60;far12;near45;tol0.8;floor0.25;drain0.5;bass0.25"
135697,1790792816610,Gb Maior,Gb Maior,0,Gb Maior,Eb Menor,0.8684,0.8684,0.8155,0.2116,"Eb Menor;G# Menor;Db Maior",,0.00,,0.00,129.47,129.47,1,1,"v2;w20;harm;aar;song60;far12;near45;tol0.8;floor0.25;drain0.5;bass0.25"
136254,1790792817111,Gb Maior,Gb Maior,0,Gb Maior,Eb Menor,0.8681,0.8681,0.8160,0.2081,"Eb Menor;G# Menor;Db Maior",,0.00,,0.00,130.01,130.01,1,1,"v2;w20;harm;aar;song60;far12;near45;tol0.8;floor0.25;drain0.5;bass0.25"
136719,1790792817609,Gb Maior,Gb Maior,0,Gb Maior,Eb Menor,0.8674,0.8674,0.8165,0.2038,"Eb Menor;G# Menor;Db Maior",,0.00,,0.00,130.47,130.47,1,1,"v2;w20;harm;aar;song60;far12;near45;tol0.8;floor0.25;drain0.5;bass0.25"
137183,1790792818110,Gb Maior,Gb Maior,0,Gb Maior,Eb Menor,0.8668,0.8668,0.8167,0.2002,"Eb Menor;G# Menor;Db Maior",,0.00,,0.00,130.95,130.95,1,1,"v2;w20;harm;aar;song60;far12;near45;tol0.8;floor0.25;drain0.5;bass0.25"
137740,1790792818611,Gb Maior,Gb Maior,0,Gb Maior,Eb Menor,0.8677,0.8677,0.8168,0.2037,"Eb Menor;G# Menor;Db Maior",,0.00,,0.00,131.49,131.49,1,1,"v2;w20;harm;aar;song60;far12;near45;tol0.8;floor0.25;drain0.5;bass0.25"
138205,1790792819111,Gb Maior,Gb Maior,0,Gb Maior,Eb Menor,0.8674,0.8674,0.8171,0.2012,"Eb Menor;G# Menor;Db Maior",,0.00,,0.00,131.97,131.97,1,1,"v2;w20;harm;aar;song60;far12;near45;tol0.8;floor0.25;drain0.5;bass0.25"
138669,1790792819611,Gb Maior,Gb Maior,0,Gb Maior,Eb Menor,0.8664,0.8664,0.8182,0.1925,"Eb Menor;G# Menor;Db Maior",,0.00,,0.00,132.43,132.43,1,1,"v2;w20;harm;aar;song60;far12;near45;tol0.8;floor0.25;drain0.5;bass0.25"
139226,1790792820111,Gb Maior,Gb Maior,0,Gb Maior,Eb Menor,0.8647,0.8647,0.8198,0.1796,"Eb Menor;G# Menor;Db Maior",,0.00,,0.00,132.99,132.99,1,1,"v2;w20;harm;aar;song60;far12;near45;tol0.8;floor0.25;drain0.5;bass0.25"
139691,1790792820612,Gb Maior,Gb Maior,0,Gb Maior,Eb Menor,0.8632,0.8632,0.8202,0.1721,"Eb Menor;G# Menor;Db Maior",,0.00,,0.00,133.45,133.45,1,1,"v2;w20;harm;aar;song60;far12;near45;tol0.8;floor0.25;drain0.5;bass0.25"
140248,1790792821112,Gb Maior,Gb Maior,0,Gb Maior,Eb Menor,0.8620,0.8620,0.8206,0.1653,"Eb Menor;G# Menor;Db Maior",,0.00,,0.00,134.01,134.01,1,1,"v2;w20;harm;aar;song60;far12;near45;tol0.8;floor0.25;drain0.5;bass0.25"
140712,1790792821612,Gb Maior,Gb Maior,0,Gb Maior,Eb Menor,0.8605,0.8605,0.8203,0.1609,"Eb Menor;G# Menor;Db Maior",,0.00,,0.00,134.49,134.49,1,1,"v2;w20;harm;aar;song60;far12;near45;tol0.8;floor0.25;drain0.5;bass0.25"
141177,1790792822112,Gb Maior,Gb Maior,0,Gb Maior,Eb Menor,0.8585,0.8585,0.8198,0.1545,"Eb Menor;G# Menor;Db Maior",,0.00,,0.00,134.95,134.95,1,1,"v2;w20;harm;aar;song60;far12;near45;tol0.8;floor0.25;drain0.5;bass0.25"
141734,1790792822613,Gb Maior,Gb Maior,0,Gb Maior,Eb Menor,0.8564,0.8564,0.8189,0.1501,"Eb Menor;G# Menor;Db Maior",,0.00,,0.00,135.49,135.49,1,1,"v2;w20;harm;aar;song60;far12;near45;tol0.8;floor0.25;drain0.5;bass0.25"
142199,1790792823112,Gb Maior,Gb Maior,0,Gb Maior,Eb Menor,0.8551,0.8551,0.8176,0.1501,"Eb Menor;G# Menor;Db Maior",,0.00,,0.00,135.97,135.97,1,1,"v2;w20;harm;aar;song60;far12;near45;tol0.8;floor0.25;drain0.5;bass0.25"
142756,1790792823611,Gb Maior,Gb Maior,0,Gb Maior,Eb Menor,0.8536,0.8536,0.8174,0.1446,"Eb Menor;G# Menor;Db Maior",,0.00,,0.00,136.51,136.51,1,1,"v2;w20;harm;aar;song60;far12;near45;tol0.8;floor0.25;drain0.5;bass0.25"
143220,1790792824112,Gb Maior,Gb Maior,0,Gb Maior,Eb Menor,0.8529,0.8529,0.8173,0.1424,"Eb Menor;G# Menor;Db Maior",,0.00,,0.00,136.97,136.97,1,1,"v2;w20;harm;aar;song60;far12;near45;tol0.8;floor0.25;drain0.5;bass0.25"
143685,1790792824612,Gb Maior,Gb Maior,0,Gb Maior,Eb Menor,0.8515,0.8515,0.8163,0.1404,"Eb Menor;G# Menor;Db Maior",,0.00,,0.00,137.45,137.45,1,1,"v2;w20;harm;aar;song60;far12;near45;tol0.8;floor0.25;drain0.5;bass0.25"
144242,1790792825112,Gb Maior,Gb Maior,0,Gb Maior,Eb Menor,0.8514,0.8514,0.8157,0.1427,"Eb Menor;G# Menor;Db Maior",,0.00,,0.00,137.99,137.99,1,1,"v2;w20;harm;aar;song60;far12;near45;tol0.8;floor0.25;drain0.5;bass0.25"
144706,1790792825611,Gb Maior,Gb Maior,0,Gb Maior,Eb Menor,0.8512,0.8512,0.8153,0.1438,"Eb Menor;G# Menor;Db Maior",,0.00,,0.00,138.47,138.47,1,1,"v2;w20;harm;aar;song60;far12;near45;tol0.8;floor0.25;drain0.5;bass0.25"
145171,1790792826111,Gb Maior,Gb Maior,0,Gb Maior,Eb Menor,0.8511,0.8511,0.8141,0.1481,"Eb Menor;G# Menor;Db Maior",,0.00,,0.00,138.93,138.93,1,1,"v2;w20;harm;aar;song60;far12;near45;tol0.8;floor0.25;drain0.5;bass0.25"
145728,1790792826612,Gb Maior,Gb Maior,0,Gb Maior,Eb Menor,0.8513,0.8513,0.8139,0.1497,"Eb Menor;G# Menor;Db Maior",,0.00,,0.00,139.49,139.49,1,1,"v2;w20;harm;aar;song60;far12;near45;tol0.8;floor0.25;drain0.5;bass0.25"
146192,1790792827110,Gb Maior,Gb Maior,0,Gb Maior,Eb Menor,0.8503,0.8503,0.8136,0.1471,"Eb Menor;G# Menor;Db Maior",,0.00,,0.00,139.95,139.95,1,1,"v2;w20;harm;aar;song60;far12;near45;tol0.8;floor0.25;drain0.5;bass0.25"
146750,1790792827613,Gb Maior,Gb Maior,0,Gb Maior,Eb Menor,0.8504,0.8504,0.8133,0.1483,"Eb Menor;G# Menor;Db Maior",,0.00,,0.00,140.51,140.51,1,1,"v2;w20;harm;aar;song60;far12;near45;tol0.8;floor0.25;drain0.5;bass0.25"
147214,1790792828111,Gb Maior,Gb Maior,0,Gb Maior,Eb Menor,0.8495,0.8495,0.8133,0.1448,"Eb Menor;G# Menor;Db Maior",,0.00,,0.00,140.99,140.99,1,1,"v2;w20;harm;aar;song60;far12;near45;tol0.8;floor0.25;drain0.5;bass0.25"
147678,1790792828611,Gb Maior,Gb Maior,0,Gb Maior,Eb Menor,0.8499,0.8499,0.8135,0.1452,"Eb Menor;G# Menor;Db Maior",,0.00,,0.00,141.45,141.45,1,1,"v2;w20;harm;aar;song60;far12;near45;tol0.8;floor0.25;drain0.5;bass0.25"
148236,1790792829112,Gb Maior,Gb Maior,0,Gb Maior,Eb Menor,0.8507,0.8507,0.8139,0.1472,"Eb Menor;G# Menor;Db Maior",,0.00,,0.00,141.99,141.99,1,1,"v2;w20;harm;aar;song60;far12;near45;tol0.8;floor0.25;drain0.5;bass0.25"
148700,1790792829612,Gb Maior,Gb Maior,0,Gb Maior,Eb Menor,0.8502,0.8502,0.8135,0.1468,"Eb Menor;G# Menor;Db Maior",,0.00,,0.00,142.47,142.47,1,1,"v2;w20;harm;aar;song60;far12;near45;tol0.8;floor0.25;drain0.5;bass0.25"
149257,1790792830112,Gb Maior,Gb Maior,0,Gb Maior,Eb Menor,0.8504,0.8504,0.8129,0.1500,"Eb Menor;G# Menor;Db Maior",,0.00,,0.00,143.01,143.01,1,1,"v2;w20;harm;aar;song60;far12;near45;tol0.8;floor0.25;drain0.5;bass0.25"
149722,1790792830611,Gb Maior,Gb Maior,0,Gb Maior,Eb Menor,0.8503,0.8503,0.8131,0.1490,"Eb Menor;G# Menor;Db Maior",,0.00,,0.00,143.49,143.49,1,1,"v2;w20;harm;aar;song60;far12;near45;tol0.8;floor0.25;drain0.5;bass0.25"
150186,1790792831112,Gb Maior,Gb Maior,0,Gb Maior,Eb Menor,0.8490,0.8490,0.8138,0.1408,"Eb Menor;G# Menor;Db Maior",,0.00,,0.00,143.95,143.95,1,1,"v2;w20;harm;aar;song60;far12;near45;tol0.8;floor0.25;drain0.5;bass0.25"
150743,1790792831611,Gb Maior,Gb Maior,0,Gb Maior,Eb Menor,0.8471,0.8471,0.8138,0.1329,"Eb Menor;G# Menor;Db Maior",,0.00,,0.00,144.49,144.49,1,1,"v2;w20;harm;aar;song60;far12;near45;tol0.8;floor0.25;drain0.5;bass0.25"
151208,1790792832110,Gb Maior,Gb Maior,0,Gb Maior,Eb Menor,0.8448,0.8448,0.8132,0.1266,"Eb Menor;G# Menor;Db Maior",,0.00,,0.00,144.97,144.97,1,1,"v2;w20;harm;aar;song60;far12;near45;tol0.8;floor0.25;drain0.5;bass0.25"
151672,1790792832612,Gb Maior,Gb Maior,0,Gb Maior,Eb Menor,0.8431,0.8431,0.8147,0.1134,"Eb Menor;G# Menor;Db Maior",,0.00,,0.00,145.43,145.43,1,1,"v2;w20;harm;aar;song60;far12;near45;tol0.8;floor0.25;drain0.5;bass0.25"
152230,1790792833113,Gb Maior,Gb Maior,0,Gb Maior,Eb Menor,0.8421,0.8421,0.8159,0.1050,"Eb Menor;G# Menor;Db Maior",,0.00,,0.00,146.01,146.01,1,1,"v2;w20;harm;aar;song60;far12;near45;tol0.8;floor0.25;drain0.5;bass0.25"
152694,1790792833611,Gb Maior,Gb Maior,0,Gb Maior,Eb Menor,0.8420,0.8420,0.8161,0.1035,"Eb Menor;G# Menor;Db Maior",,0.00,,0.00,146.45,146.45,1,1,"v2;w20;harm;aar;song60;far12;near45;tol0.8;floor0.25;drain0.5;bass0.25"
153251,1790792834111,Gb Maior,Gb Maior,0,Gb Maior,Eb Menor,0.8413,0.8413,0.8158,0.1021,"Eb Menor;G# Menor;Db Maior",,0.00,,0.00,147.01,147.01,1,1,"v2;w20;harm;aar;song60;far12;near45;tol0.8;floor0.25;drain0.5;bass0.25"
153716,1790792834612,Gb Maior,Gb Maior,0,Gb Maior,Eb Menor,0.8397,0.8397,0.8159,0.0949,"Eb Menor;G# Menor;Db Maior",,0.00,,0.00,147.49,147.49,1,1,"v2;w20;harm;aar;song60;far12;near45;tol0.8;floor0.25;drain0.5;bass0.25"
154180,1790792835111,Gb Maior,Gb Maior,0,Gb Maior,Eb Menor,0.8386,0.8386,0.8171,0.0861,"Eb Menor;G# Menor;Db Maior",,0.00,,0.00,147.95,147.95,1,1,"v2;w20;harm;aar;song60;far12;near45;tol0.8;floor0.25;drain0.5;bass0.25"
154737,1790792835613,Gb Maior,Gb Maior,0,Gb Maior,Eb Menor,0.8362,0.8362,0.8166,0.0781,"Eb Menor;G# Menor;Db Maior",,0.00,,0.00,148.49,148.49,1,1,"v2;w20;harm;aar;song60;far12;near45;tol0.8;floor0.25;drain0.5;bass0.25"
155202,1790792836112,Gb Maior,Gb Maior,0,Gb Maior,Eb Menor,0.8342,0.8342,0.8159,0.0730,"Eb Menor;G# Menor;Db Maior",,0.00,,0.00,148.97,148.97,1,1,"v2;w20;harm;aar;song60;far12;near45;tol0.8;floor0.25;drain0.5;bass0.25"
155759,1790792836613,Gb Maior,Gb Maior,0,Gb Maior,Eb Menor,0.8322,0.8322,0.8170,0.0607,"Eb Menor;G# Menor;Db Maior",,0.00,,0.00,149.51,149.51,1,1,"v2;w20;harm;aar;song60;far12;near45;tol0.8;floor0.25;drain0.5;bass0.25"
156223,1790792837111,Gb Maior,Gb Maior,0,Gb Maior,Eb Menor,0.8314,0.8314,0.8176,0.0553,"Eb Menor;G# Menor;Db Maior",,0.00,,0.00,149.99,149.99,1,1,"v2;w20;harm;aar;song60;far12;near45;tol0.8;floor0.25;drain0.5;bass0.25"
156688,1790792837612,Gb Maior,Gb Maior,0,Gb Maior,Eb Menor,0.8291,0.8291,0.8169,0.0487,"Eb Menor;G# Menor;Db Maior",,0.00,,0.00,150.45,150.45,1,1,"v2;w20;harm;aar;song60;far12;near45;tol0.8;floor0.25;drain0.5;bass0.25"
157245,1790792838112,Gb Maior,Gb Maior,0,Gb Maior,Eb Menor,0.8268,0.8268,0.8154,0.0455,"Eb Menor;G# Menor;Db Maior",,0.00,,0.00,150.99,150.99,1,1,"v2;w20;harm;aar;song60;far12;near45;tol0.8;floor0.25;drain0.5;bass0.25"
157709,1790792838611,Gb Maior,Gb Maior,0,Gb Maior,Eb Menor,0.8262,0.8262,0.8164,0.0392,"Eb Menor;G# Menor;Db Maior",,0.00,,0.00,151.47,151.47,1,1,"v2;w20;harm;aar;song60;far12;near45;tol0.8;floor0.25;drain0.5;bass0.25"
158174,1790792839112,Gb Maior,Gb Maior,0,Gb Maior,Eb Menor,0.8261,0.8261,0.8160,0.0403,"Eb Menor;G# Menor;Db Maior",,0.00,,0.00,151.93,151.93,1,1,"v2;w20;harm;aar;song60;far12;near45;tol0.8;floor0.25;drain0.5;bass0.25"
158731,1790792839613,Gb Maior,Gb Maior,0,Gb Maior,Eb Menor,0.8233,0.8233,0.8141,0.0369,"Eb Menor;G# Menor;Db Maior",,0.00,,0.00,152.51,152.51,1,1,"v2;w20;harm;aar;song60;far12;near45;tol0.8;floor0.25;drain0.5;bass0.25"
159196,1790792840111,Gb Maior,Gb Maior,0,Gb Maior,Eb Menor,0.8223,0.8223,0.8133,0.0361,"Eb Menor;G# Menor;Db Maior",,0.00,,0.00,152.95,152.95,1,1,"v2;w20;harm;aar;song60;far12;near45;tol0.8;floor0.25;drain0.5;bass0.25"
159753,1790792840609,Gb Maior,Gb Maior,0,Gb Maior,Eb Menor,0.8233,0.8233,0.8142,0.0364,"Eb Menor;G# Menor;Db Maior",,0.00,,0.00,153.51,153.51,1,1,"v2;w20;harm;aar;song60;far12;near45;tol0.8;floor0.25;drain0.5;bass0.25"
160217,1790792841111,Gb Maior,Gb Maior,0,Gb Maior,Eb Menor,0.8246,0.8246,0.8138,0.0431,"Eb Menor;G# Menor;Db Maior",,0.00,,0.00,153.99,153.99,1,1,"v2;w20;harm;aar;song60;far12;near45;tol0.8;floor0.25;drain0.5;bass0.25"
160682,1790792841612,Gb Maior,Gb Maior,0,Gb Maior,Eb Menor,0.8274,0.8274,0.8129,0.0580,"Eb Menor;G# Menor;Db Maior",,0.00,,0.00,154.45,154.45,1,1,"v2;w20;harm;aar;song60;far12;near45;tol0.8;floor0.25;drain0.5;bass0.25"
161239,1790792842112,Gb Maior,Gb Maior,0,Gb Maior,Eb Menor,0.8273,0.8273,0.8118,0.0618,"Eb Menor;G# Menor;Db Maior",,0.00,,0.00,155.01,155.01,1,1,"v2;w20;harm;aar;song60;far12;near45;tol0.8;floor0.25;drain0.5;bass0.25"
161703,1790792842612,Gb Maior,Gb Maior,0,Gb Maior,Eb Menor,0.8263,0.8263,0.8106,0.0628,"Eb Menor;G# Menor;Db Maior",,0.00,,0.00,155.47,155.47,1,1,"v2;w20;harm;aar;song60;far12;near45;tol0.8;floor0.25;drain0.5;bass0.25"
162261,1790792843112,Gb Maior,Gb Maior,0,Gb Maior,Eb Menor,0.8262,0.8262,0.8099,0.0654,"Eb Menor;G# Menor;Db Maior",,0.00,,0.00,156.01,156.01,1,1,"v2;w20;harm;aar;song60;far12;near45;tol0.8;floor0.25;drain0.5;bass0.25"
162725,1790792843611,Gb Maior,Gb Maior,0,Gb Maior,Eb Menor,0.8253,0.8253,0.8090,0.0650,"Eb Menor;G# Menor;Db Maior",,0.00,,0.00,156.49,156.49,1,1,"v2;w20;harm;aar;song60;far12;near45;tol0.8;floor0.25;drain0.5;bass0.25"
163189,1790792844111,Gb Maior,Gb Maior,0,Gb Maior,Eb Menor,0.8258,0.8258,0.8094,0.0658,"Eb Menor;G# Menor;Db Maior",,0.00,,0.00,156.95,156.95,1,1,"v2;w20;harm;aar;song60;far12;near45;tol0.8;floor0.25;drain0.5;bass0.25"
163747,1790792844612,Gb Maior,Gb Maior,0,Gb Maior,Eb Menor,0.8269,0.8269,0.8092,0.0709,"Eb Menor;G# Menor;Db Maior",,0.00,,0.00,157.49,157.49,1,1,"v2;w20;harm;aar;song60;far12;near45;tol0.8;floor0.25;drain0.5;bass0.25"
164211,1790792845112,Gb Maior,Gb Maior,0,Gb Maior,Eb Menor,0.8281,0.8281,0.8087,0.0776,"Eb Menor;G# Menor;Db Maior",,0.00,,0.00,157.97,157.97,1,1,"v2;w20;harm;aar;song60;far12;near45;tol0.8;floor0.25;drain0.5;bass0.25"
164675,1790792845612,Gb Maior,Gb Maior,0,Gb Maior,Eb Menor,0.8282,0.8282,0.8085,0.0791,"Eb Menor;G# Menor;Db Maior",,0.00,,0.00,158.43,158.43,1,1,"v2;w20;harm;aar;song60;far12;near45;tol0.8;floor0.25;drain0.5;bass0.25"
165233,1790792846112,Gb Maior,Gb Maior,0,Gb Maior,Eb Menor,0.8277,0.8277,0.8081,0.0784,"Eb Menor;G# Menor;Db Maior",,0.00,,0.00,159.01,159.01,1,1,"v2;w20;harm;aar;song60;far12;near45;tol0.8;floor0.25;drain0.5;bass0.25"
165697,1790792846612,Gb Maior,Gb Maior,0,Gb Maior,Eb Menor,0.8275,0.8275,0.8078,0.0786,"Eb Menor;G# Menor;Db Maior",,0.00,,0.00,159.45,159.45,1,1,"v2;w20;harm;aar;song60;far12;near45;tol0.8;floor0.25;drain0.5;bass0.25"
166254,1790792847111,Gb Maior,Gb Maior,0,Gb Maior,Eb Menor,0.8272,0.8272,0.8073,0.0796,"Eb Menor;G# Menor;Db Maior",,0.00,,0.00,160.01,160.01,1,1,"v2;w20;harm;aar;song60;far12;near45;tol0.8;floor0.25;drain0.5;bass0.25"
166719,1790792847611,Gb Maior,Gb Maior,0,Gb Maior,Eb Menor,0.8263,0.8263,0.8071,0.0769,"Eb Menor;G# Menor;Db Maior",,0.00,,0.00,160.49,160.49,1,1,"v2;w20;harm;aar;song60;far12;near45;tol0.8;floor0.25;drain0.5;bass0.25"
167183,1790792848111,Gb Maior,Gb Maior,0,Gb Maior,Eb Menor,0.8265,0.8265,0.8063,0.0809,"Eb Menor;G# Menor;Db Maior",,0.00,,0.00,160.95,160.95,1,1,"v2;w20;harm;aar;song60;far12;near45;tol0.8;floor0.25;drain0.5;bass0.25"
167740,1790792848613,Gb Maior,Gb Maior,0,Gb Maior,Eb Menor,0.8262,0.8262,0.8070,0.0769,"Eb Menor;G# Menor;Db Maior",,0.00,,0.00,161.51,161.51,1,1,"v2;w20;harm;aar;song60;far12;near45;tol0.8;floor0.25;drain0.5;bass0.25"
168205,1790792849112,Gb Maior,Gb Maior,0,Gb Maior,Eb Menor,0.8249,0.8249,0.8091,0.0631,"Eb Menor;G# Menor;Db Maior",,0.00,,0.00,161.97,161.97,1,1,"v2;w20;harm;aar;song60;far12;near45;tol0.8;floor0.25;drain0.5;bass0.25"
168762,1790792849612,Gb Maior,Gb Maior,0,Gb Maior,Eb Menor,0.8260,0.8260,0.8093,0.0668,"Eb Menor;G# Menor;Db Maior",,0.00,,0.00,162.51,162.51,1,1,"v2;w20;harm;aar;song60;far12;near45;tol0.8;floor0.25;drain0.5;bass0.25"
169227,1790792850112,Gb Maior,Gb Maior,0,Gb Maior,Eb Menor,0.8239,0.8239,0.8080,0.0639,"Eb Menor;G# Menor;Db Maior",,0.00,,0.00,162.99,162.99,1,1,"v2;w20;harm;aar;song60;far12;near45;tol0.8;floor0.25;drain0.5;bass0.25"
169691,1790792850612,Gb Maior,Gb Maior,0,Gb Maior,Eb Menor,0.8239,0.8239,0.8071,0.0670,"Eb Menor;G# Menor;Db Maior",,0.00,,0.00,163.45,163.45,1,1,"v2;w20;harm;aar;song60;far12;near45;tol0.8;floor0.25;drain0.5;bass0.25"
170248,1790792851112,Gb Maior,Gb Maior,0,Gb Maior,Eb Menor,0.8225,0.8225,0.8066,0.0636,"Eb Menor;G# Menor;Db Maior",,0.00,,0.00,164.01,164.01,1,1,"v2;w20;harm;aar;song60;far12;near45;tol0.8;floor0.25;drain0.5;bass0.25"
170713,1790792851612,Gb Maior,Gb Maior,0,Gb Maior,Eb Menor,0.8221,0.8221,0.8061,0.0639,"Eb Menor;G# Menor;Db Maior",,0.00,,0.00,164.47,164.47,1,1,"v2;w20;harm;aar;song60;far12;near45;tol0.8;floor0.25;drain0.5;bass0.25"
171177,1790792852112,Gb Maior,Gb Maior,0,Gb Maior,Eb Menor,0.8214,0.8214,0.8056,0.0633,"Eb Menor;G# Menor;Db Maior",,0.00,,0.00,164.93,164.93,1,1,"v2;w20;harm;aar;song60;far12;near45;tol0.8;floor0.25;drain0.5;bass0.25"
171734,1790792852611,Gb Maior,Gb Maior,0,Gb Maior,Eb Menor,0.8208,0.8208,0.8049,0.0637,"Eb Menor;G# Menor;Db Maior",,0.00,,0.00,165.51,165.51,1,1,"v2;w20;harm;aar;song60;far12;near45;tol0.8;floor0.25;drain0.5;bass0.25"
172199,1790792853112,Gb Maior,Gb Maior,0,Gb Maior,Eb Menor,0.8188,0.8188,0.8039,0.0599,"Eb Menor;G# Menor;Db Maior",,0.00,,0.00,165.95,165.95,1,1,"v2;w20;harm;aar;song60;far12;near45;tol0.8;floor0.25;drain0.5;bass0.25"
172663,1790792853612,Gb Maior,Gb Maior,0,Gb Maior,Eb Menor,0.8181,0.8181,0.8041,0.0559,"Eb Menor;G# Menor;Db Maior",,0.00,,0.00,166.41,166.41,1,1,"v2;w20;harm;aar;song60;far12;near45;tol0.8;floor0.25;drain0.5;bass0.25"
173220,1790792854112,Gb Maior,Gb Maior,0,Gb Maior,Eb Menor,0.8141,0.8141,0.8022,0.0475,"Eb Menor;G# Menor;Db Maior",,0.00,,0.00,166.99,166.99,1,1,"v2;w20;harm;aar;song60;far12;near45;tol0.8;floor0.25;drain0.5;bass0.25"
173685,1790792854612,Gb Maior,Gb Maior,0,Gb Maior,Eb Menor,0.8104,0.8104,0.8005,0.0393,"Eb Menor;G# Menor;Db Maior",,0.00,,0.00,167.45,167.45,1,1,"v2;w20;harm;aar;song60;far12;near45;tol0.8;floor0.25;drain0.5;bass0.25"
174242,1790792855112,Gb Maior,Gb Maior,0,Gb Maior,Eb Menor,0.8096,0.8096,0.8002,0.0376,"Eb Menor;G# Menor;Db Maior",,0.00,,0.00,168.01,168.01,1,1,"v2;w20;harm;aar;song60;far12;near45;tol0.8;floor0.25;drain0.5;bass0.25"
174706,1790792855612,Gb Maior,Gb Maior,0,Gb Maior,Eb Menor,0.8093,0.8093,0.8003,0.0363,"Eb Menor;G# Menor;Db Maior",,0.00,,0.00,168.47,168.47,1,1,"v2;w20;harm;aar;song60;far12;near45;tol0.8;floor0.25;drain0.5;bass0.25"
175264,1790792856112,Gb Maior,Gb Maior,0,Gb Maior,Eb Menor,0.8093,0.8093,0.7993,0.0397,"Eb Menor;G# Menor;Db Maior",,0.00,,0.00,169.01,169.01,1,1,"v2;w20;harm;aar;song60;far12;near45;tol0.8;floor0.25;drain0.5;bass0.25"
175728,1790792856613,Gb Maior,Gb Maior,0,Gb Maior,Eb Menor,0.8071,0.8071,0.7978,0.0374,"Eb Menor;G# Menor;Db Maior",,0.00,,0.00,169.49,169.49,1,1,"v2;w20;harm;aar;song60;far12;near45;tol0.8;floor0.25;drain0.5;bass0.25"
176193,1790792857112,Gb Maior,Gb Maior,0,Gb Maior,Eb Menor,0.8071,0.8071,0.7977,0.0378,"Eb Menor;G# Menor;Db Maior",,0.00,,0.00,169.95,169.95,1,1,"v2;w20;harm;aar;song60;far12;near45;tol0.8;floor0.25;drain0.5;bass0.25"
176750,1790792857612,Gb Maior,Gb Maior,0,Gb Maior,Eb Menor,0.8059,0.8059,0.7964,0.0379,"Eb Menor;G# Menor;Db Maior",,0.00,,0.00,170.51,170.51,1,1,"v2;w20;harm;aar;song60;far12;near45;tol0.8;floor0.25;drain0.5;bass0.25"
177214,1790792858112,Gb Maior,Gb Maior,0,Gb Maior,Eb Menor,0.8056,0.8056,0.7953,0.0409,"Eb Menor;G# Menor;Db Maior",,0.00,,0.00,170.97,170.97,1,1,"v2;w20;harm;aar;song60;far12;near45;tol0.8;floor0.25;drain0.5;bass0.25"
177679,1790792858612,Gb Maior,Gb Maior,0,Gb Maior,Eb Menor,0.8046,0.8046,0.7946,0.0401,"Eb Menor;G# Menor;Db Maior",,0.00,,0.00,171.43,171.43,1,1,"v2;w20;harm;aar;song60;far12;near45;tol0.8;floor0.25;drain0.5;bass0.25"
178236,1790792859112,Gb Maior,Gb Maior,0,Gb Maior,Eb Menor,0.8032,0.8032,0.7932,0.0398,"Eb Menor;G# Menor;Bb Menor",,0.00,,0.00,172.01,172.01,1,1,"v2;w20;harm;aar;song60;far12;near45;tol0.8;floor0.25;drain0.5;bass0.25"
178700,1790792859612,Gb Maior,Gb Maior,0,Gb Maior,Eb Menor,0.8021,0.8021,0.7924,0.0390,"Eb Menor;G# Menor;Bb Menor",,0.00,,0.00,172.45,172.45,1,1,"v2;w20;harm;aar;song60;far12;near45;tol0.8;floor0.25;drain0.5;bass0.25"
179165,1790792860112,Gb Maior,Gb Maior,0,Gb Maior,Eb Menor,0.8016,0.8016,0.7917,0.0397,"Eb Menor;G# Menor;Bb Menor",,0.00,,0.00,172.93,172.93,1,1,"v2;w20;harm;aar;song60;far12;near45;tol0.8;floor0.25;drain0.5;bass0.25"
179722,1790792860612,Gb Maior,Gb Maior,0,Gb Maior,Eb Menor,0.8021,0.8021,0.7910,0.0444,"Eb Menor;G# Menor;Bb Menor",,0.00,,0.00,173.49,173.49,1,1,"v2;w20;harm;aar;song60;far12;near45;tol0.8;floor0.25;drain0.5;bass0.25"
180186,1790792861112,Gb Maior,Gb Maior,0,Gb Maior,Eb Menor,0.8012,0.8012,0.7902,0.0440,"Eb Menor;G# Menor;Bb Menor",,0.00,,0.00,173.95,173.95,1,1,"v2;w20;harm;aar;song60;far12;near45;tol0.8;floor0.25;drain0.5;bass0.25"
180744,1790792861610,Gb Maior,Gb Maior,0,Gb Maior,Eb Menor,0.7997,0.7997,0.7884,0.0451,"Eb Menor;G# Menor;Bb Menor",,0.00,,0.00,174.51,174.51,1,1,"v2;w20;harm;aar;song60;far12;near45;tol0.8;floor0.25;drain0.5;bass0.25"
181208,1790792862111,Gb Maior,Gb Maior,0,Gb Maior,Eb Menor,0.7994,0.7994,0.7866,0.0509,"Eb Menor;G# Menor;Bb Menor",,0.00,,0.00,174.97,174.97,1,1,"v2;w20;harm;aar;song60;far12;near45;tol0.8;floor0.25;drain0.5;bass0.25"
181672,1790792862611,Gb Maior,Gb Maior,0,Gb Maior,Eb Menor,0.7980,0.7980,0.7851,0.0519,"Eb Menor;G# Menor;Bb Menor",,0.00,,0.00,175.45,175.45,1,1,"v2;w20;harm;aar;song60;far12;near45;tol0.8;floor0.25;drain0.5;bass0.25"
182230,1790792863113,Gb Maior,Gb Maior,0,Gb Maior,Eb Menor,0.7985,0.7985,0.7832,0.0610,"Eb Menor;G# Menor;Bb Menor",,0.00,,0.00,175.99,175.99,1,1,"v2;w20;harm;aar;song60;far12;near45;tol0.8;floor0.25;drain0.5;bass0.25"
182694,1790792863611,Gb Maior,Gb Maior,0,Gb Maior,Eb Menor,0.7987,0.7987,0.7825,0.0649,"Eb Menor;G# Menor;Bb Menor",,0.00,,0.00,176.45,176.45,1,1,"v2;w20;harm;aar;song60;far12;near45;tol0.8;floor0.25;drain0.5;bass0.25"
183251,1790792864112,Gb Maior,Gb Maior,0,Gb Maior,Eb Menor,0.7991,0.7991,0.7827,0.0654,"Eb Menor;G# Menor;Bb Menor",,0.00,,0.00,177.01,177.01,1,1,"v2;w20;harm;aar;song60;far12;near45;tol0.8;floor0.25;drain0.5;bass0.25"
183716,1790792864612,Gb Maior,Gb Maior,0,Gb Maior,Eb Menor,0.7988,0.7988,0.7827,0.0644,"Eb Menor;G# Menor;Bb Menor",,0.00,,0.00,177.47,177.47,1,1,"v2;w20;harm;aar;song60;far12;near45;tol0.8;floor0.25;drain0.5;bass0.25"
184180,1790792865112,Gb Maior,Gb Maior,0,Gb Maior,Eb Menor,0.7983,0.7983,0.7836,0.0588,"Eb Menor;G# Menor;Bb Menor",,0.00,,0.00,177.93,177.93,1,1,"v2;w20;harm;aar;song60;far12;near45;tol0.8;floor0.25;drain0.5;bass0.25"
184737,1790792865613,Gb Maior,Gb Maior,0,Gb Maior,Eb Menor,0.7968,0.7968,0.7831,0.0548,"Eb Menor;G# Menor;Bb Menor",,0.00,,0.00,178.51,178.51,1,1,"v2;w20;harm;aar;song60;far12;near45;tol0.8;floor0.25;drain0.5;bass0.25"
185202,1790792866112,Gb Maior,Gb Maior,0,Gb Maior,Eb Menor,0.7949,0.7949,0.7823,0.0503,"Eb Menor;G# Menor;Bb Menor",,0.00,,0.00,178.95,178.95,1,1,"v2;w20;harm;aar;song60;far12;near45;tol0.8;floor0.25;drain0.5;bass0.25"
185666,1790792866612,Gb Maior,Gb Maior,0,Gb Maior,Eb Menor,0.7944,0.7944,0.7825,0.0477,"Eb Menor;G# Menor;Bb Menor",,0.00,,0.00,179.43,179.43,1,1,"v2;w20;harm;aar;song60;far12;near45;tol0.8;floor0.25;drain0.5;bass0.25"
186224,1790792867112,Gb Maior,Gb Maior,0,Gb Maior,Eb Menor,0.7937,0.7937,0.7828,0.0435,"Eb Menor;G# Menor;Bb Menor",,0.00,,0.00,179.99,179.99,1,1,"v2;w20;harm;aar;song60;far12;near45;tol0.8;floor0.25;drain0.5;bass0.25"
186688,1790792867612,Gb Maior,Gb Maior,0,Gb Maior,Eb Menor,0.7934,0.7934,0.7824,0.0443,"Eb Menor;G# Menor;Bb Menor",,0.00,,0.00,180.45,180.45,1,1,"v2;w20;harm;aar;song60;far12;near45;tol0.8;floor0.25;drain0.5;bass0.25"
187245,1790792868112,Gb Maior,Gb Maior,0,Gb Maior,Eb Menor,0.7921,0.7921,0.7824,0.0389,"Eb Menor;G# Menor;Bb Menor",,0.00,,0.00,181.01,181.01,1,1,"v2;w20;harm;aar;song60;far12;near45;tol0.8;floor0.25;drain0.5;bass0.25"
187710,1790792868612,Gb Maior,Gb Maior,0,Gb Maior,Eb Menor,0.7911,0.7911,0.7822,0.0358,"Eb Menor;G# Menor;Bb Menor",,0.00,,0.00,181.47,181.47,1,1,"v2;w20;harm;aar;song60;far12;near45;tol0.8;floor0.25;drain0.5;bass0.25"
188174,1790792869112,Gb Maior,Gb Maior,0,Gb Maior,Eb Menor,0.7896,0.7896,0.7825,0.0284,"Eb Menor;G# Menor;Bb Menor",,0.00,,0.00,181.95,181.95,1,1,"v2;w20;harm;aar;song60;far12;near45;tol0.8;floor0.25;drain0.5;bass0.25"
188731,1790792869613,Gb Maior,Gb Maior,0,Gb Maior,Eb Menor,0.7893,0.7893,0.7809,0.0338,"Eb Menor;G# Menor;Bb Menor",,0.00,,0.00,182.49,182.49,1,1,"v2;w20;harm;aar;song60;far12;near45;tol0.8;floor0.25;drain0.5;bass0.25"
189196,1790792870112,Gb Maior,Gb Maior,0,Gb Maior,Eb Menor,0.7882,0.7882,0.7804,0.0314,"Eb Menor;G# Menor;Bb Menor",,0.00,,0.00,182.95,182.95,1,1,"v2;w20;harm;aar;song60;far12;near45;tol0.8;floor0.25;drain0.5;bass0.25"
189753,1790792870612,Gb Maior,Gb Maior,0,Gb Maior,Eb Menor,0.7883,0.7883,0.7812,0.0284,"Eb Menor;G# Menor;Bb Menor",,0.00,,0.00,183.51,183.51,1,1,"v2;w20;harm;aar;song60;far12;near45;tol0.8;floor0.25;drain0.5;bass0.25"
190217,1790792871112,Gb Maior,Gb Maior,0,Gb Maior,Eb Menor,0.7871,0.7871,0.7807,0.0257,"Eb Menor;G# Menor;Bb Menor",,0.00,,0.00,183.97,183.97,1,1,"v2;w20;harm;aar;song60;far12;near45;tol0.8;floor0.25;drain0.5;bass0.25"
190682,1790792871611,Gb Maior,Gb Maior,0,Gb Maior,Eb Menor,0.7871,0.7871,0.7802,0.0275,"Eb Menor;G# Menor;Bb Menor",,0.00,,0.00,184.45,184.45,1,1,"v2;w20;harm;aar;song60;far12;near45;tol0.8;floor0.25;drain0.5;bass0.25"
191239,1790792872113,Gb Maior,Gb Maior,0,Gb Maior,Eb Menor,0.7852,0.7852,0.7798,0.0214,"Eb Menor;G# Menor;Bb Menor",,0.00,,0.00,185.01,185.01,1,1,"v2;w20;harm;aar;song60;far12;near45;tol0.8;floor0.25;drain0.5;bass0.25"
191703,1790792872612,Gb Maior,Gb Maior,0,Gb Maior,Eb Menor,0.7845,0.7845,0.7819,0.0103,"Eb Menor;G# Menor;Bb Menor",,0.00,,0.00,185.45,185.45,1,1,"v2;w20;harm;aar;song60;far12;near45;tol0.8;floor0.25;drain0.5;bass0.25"
192168,1790792873111,Gb Maior,Gb Maior,0,Gb Maior,Eb Menor,0.7838,0.7838,0.7826,0.0050,"Eb Menor;G# Menor;Bb Menor",,0.00,,0.00,185.93,185.93,1,1,"v2;w20;harm;aar;song60;far12;near45;tol0.8;floor0.25;drain0.5;bass0.25"
192725,1790792873612,Gb Maior,Gb Maior,0,Gb Maior,Eb Menor,0.7820,0.7820,0.7811,0.0034,"Eb Menor;G# Menor;Bb Menor",,0.00,,0.00,186.49,186.49,1,1,"v2;w20;harm;aar;song60;far12;near45;tol0.8;floor0.25;drain0.5;bass0.25"
193190,1790792874112,Gb Maior,Gb Maior,0,Gb Maior,Eb Menor,0.7815,0.7815,0.7803,0.0046,"Eb Menor;G# Menor;Bb Menor",,0.00,,0.00,186.97,186.97,1,1,"v2;w20;harm;aar;song60;far12;near45;tol0.8;floor0.25;drain0.5;bass0.25"
193747,1790792874612,Gb Maior,Gb Maior,0,Gb Maior,Eb Menor,0.7814,0.7814,0.7801,0.0051,"Eb Menor;G# Menor;Bb Menor",,0.00,,0.00,187.51,187.51,1,1,"v2;w20;harm;aar;song60;far12;near45;tol0.8;floor0.25;drain0.5;bass0.25"
194211,1790792875112,Gb Maior,Gb Maior,0,Gb Maior,Eb Menor,0.7824,0.7824,0.7801,0.0091,"Eb Menor;G# Menor;Bb Menor",,0.00,,0.00,187.97,187.97,1,1,"v2;w20;harm;aar;song60;far12;near45;tol0.8;floor0.25;drain0.5;bass0.25"
194676,1790792875612,Gb Maior,Gb Maior,0,Gb Maior,Eb Menor,0.7830,0.7830,0.7796,0.0134,"Eb Menor;G# Menor;Bb Menor",,0.00,,0.00,188.45,188.45,1,1,"v2;w20;harm;aar;song60;far12;near45;tol0.8;floor0.25;drain0.5;bass0.25"
195233,1790792876113,Gb Maior,Gb Maior,0,Gb Maior,Eb Menor,0.7827,0.7827,0.7787,0.0160,"Eb Menor;G# Menor;Bb Menor",,0.00,,0.00,188.99,188.99,1,1,"v2;w20;harm;aar;song60;far12;near45;tol0.8;floor0.25;drain0.5;bass0.25"
195697,1790792876612,Gb Maior,Gb Maior,0,Gb Maior,Eb Menor,0.7828,0.7828,0.7784,0.0174,"Eb Menor;G# Menor;Bb Menor",,0.00,,0.00,189.45,189.45,1,1,"v2;w20;harm;aar;song60;far12;near45;tol0.8;floor0.25;drain0.5;bass0.25"
196255,1790792877113,Gb Maior,Gb Maior,0,Gb Maior,Eb Menor,0.7814,0.7814,0.7766,0.0195,"Eb Menor;G# Menor;Bb Menor",,0.00,,0.00,190.01,190.01,1,1,"v2;w20;harm;aar;song60;far12;near45;tol0.8;floor0.25;drain0.5;bass0.25"
196719,1790792877612,Gb Maior,Gb Maior,0,Gb Maior,Eb Menor,0.7812,0.7812,0.7746,0.0265,"Eb Menor;G# Menor;Bb Menor",,0.00,,0.00,190.47,190.47,1,1,"v2;w20;harm;aar;song60;far12;near45;tol0.8;floor0.25;drain0.5;bass0.25"
197183,1790792878112,Gb Maior,Gb Maior,0,Gb Maior,Eb Menor,0.7798,0.7798,0.7731,0.0269,"Eb Menor;G# Menor;Bb Menor",,0.00,,0.00,190.95,190.95,1,1,"v2;w20;harm;aar;song60;far12;near45;tol0.8;floor0.25;drain0.5;bass0.25"
197741,1790792878611,Gb Maior,Gb Maior,0,Gb Maior,Eb Menor,0.7789,0.7789,0.7709,0.0320,"Eb Menor;G# Menor;Bb Menor",,0.00,,0.00,191.51,191.51,1,1,"v2;w20;harm;aar;song60;far12;near45;tol0.8;floor0.25;drain0.5;bass0.25"
198205,1790792879111,Gb Maior,Gb Maior,0,Gb Maior,Eb Menor,0.7790,0.7790,0.7700,0.0361,"Eb Menor;G# Menor;Bb Menor",,0.00,,0.00,191.95,191.95,1,1,"v2;w20;harm;aar;song60;far12;near45;tol0.8;floor0.25;drain0.5;bass0.25"
198669,1790792879611,Gb Maior,Gb Maior,0,Gb Maior,Eb Menor,0.7786,0.7786,0.7696,0.0362,"Eb Menor;G# Menor;Bb Menor",,0.00,,0.00,192.43,192.43,1,1,"v2;w20;harm;aar;song60;far12;near45;tol0.8;floor0.25;drain0.5;bass0.25"
199227,1790792880111,Gb Maior,Gb Maior,0,Gb Maior,Eb Menor,0.7779,0.7779,0.7690,0.0354,"Eb Menor;G# Menor;Bb Menor",,0.00,,0.00,192.99,192.99,1,1,"v2;w20;harm;aar;song60;far12;near45;tol0.8;floor0.25;drain0.5;bass0.25"
199691,1790792880612,Gb Maior,Gb Maior,0,Gb Maior,Eb Menor,0.7774,0.7774,0.7685,0.0356,"Eb Menor;G# Menor;Bb Menor",,0.00,,0.00,193.47,193.47,1,1,"v2;w20;harm;aar;song60;far12;near45;tol0.8;floor0.25;drain0.5;bass0.25"
200248,1790792881111,Gb Maior,Gb Maior,0,Gb Maior,Eb Menor,0.7768,0.7768,0.7677,0.0364,"Eb Menor;G# Menor;Bb Menor",,0.00,,0.00,194.01,194.01,1,1,"v2;w20;harm;aar;song60;far12;near45;tol0.8;floor0.25;drain0.5;bass0.25"
200713,1790792881611,Gb Maior,Gb Maior,0,Gb Maior,Eb Menor,0.7747,0.7747,0.7672,0.0298,"Eb Menor;G# Menor;Bb Menor",,0.00,,0.00,194.47,194.47,1,1,"v2;w20;harm;aar;song60;far12;near45;tol0.8;floor0.25;drain0.5;bass0.25"
201177,1790792882112,Gb Maior,Gb Maior,0,Gb Maior,Eb Menor,0.7731,0.7731,0.7666,0.0260,"Eb Menor;G# Menor;Bb Menor",,0.00,,0.00,194.96,194.96,1,1,"v2;w20;harm;aar;song60;far12;near45;tol0.8;floor0.25;drain0.5;bass0.25"
201734,1790792882611,Gb Maior,Gb Maior,0,Gb Maior,Eb Menor,0.7734,0.7734,0.7658,0.0303,"Eb Menor;G# Menor;Bb Menor",,0.00,,0.00,195.49,195.49,1,1,"v2;w20;harm;aar;song60;far12;near45;tol0.8;floor0.25;drain0.5;bass0.25"
202199,1790792883111,Gb Maior,Gb Maior,0,Gb Maior,Eb Menor,0.7742,0.7742,0.7658,0.0338,"Eb Menor;G# Menor;Bb Menor",,0.00,,0.00,195.97,195.97,1,1,"v2;w20;harm;aar;song60;far12;near45;tol0.8;floor0.25;drain0.5;bass0.25"
202756,1790792883612,Gb Maior,Gb Maior,0,Gb Maior,Eb Menor,0.7753,0.7753,0.7660,0.0372,"Eb Menor;G# Menor;Bb Menor",,0.00,,0.00,196.51,196.51,1,1,"v2;w20;harm;aar;song60;far12;near45;tol0.8;floor0.25;drain0.5;bass0.25"
203221,1790792884111,Gb Maior,Gb Maior,0,Gb Maior,Eb Menor,0.7750,0.7750,0.7648,0.0410,"Eb Menor;G# Menor;Bb Menor",,0.00,,0.00,196.97,196.97,1,1,"v2;w20;harm;aar;song60;far12;near45;tol0.8;floor0.25;drain0.5;bass0.25"
203685,1790792884611,Gb Maior,Gb Maior,0,Gb Maior,Eb Menor,0.7774,0.7774,0.7651,0.0488,"Eb Menor;G# Menor;Bb Menor",,0.00,,0.00,197.45,197.45,1,1,"v2;w20;harm;aar;song60;far12;near45;tol0.8;floor0.25;drain0.5;bass0.25"
204242,1790792885112,Gb Maior,Gb Maior,0,Gb Maior,Eb Menor,0.7789,0.7789,0.7659,0.0519,"Eb Menor;G# Menor;Bb Menor",,0.00,,0.00,198.01,198.01,1,1,"v2;w20;harm;aar;song60;far12;near45;tol0.8;floor0.25;drain0.5;bass0.25"
204707,1790792885611,Gb Maior,Gb Maior,0,Gb Maior,Eb Menor,0.7797,0.7797,0.7659,0.0552,"Eb Menor;G# Menor;Bb Menor",,0.00,,0.00,198.45,198.45,1,1,"v2;w20;harm;aar;song60;far12;near45;tol0.8;floor0.25;drain0.5;bass0.25"
205171,1790792886112,Gb Maior,Gb Maior,0,Gb Maior,Eb Menor,0.7787,0.7787,0.7658,0.0519,"Eb Menor;G# Menor;Bb Menor",,0.00,,0.00,198.93,198.93,1,1,"v2;w20;harm;aar;song60;far12;near45;tol0.8;floor0.25;drain0.5;bass0.25"
205728,1790792886612,Gb Maior,Gb Maior,0,Gb Maior,Eb Menor,0.7793,0.7793,0.7666,0.0509,"Eb Menor;G# Menor;Bb Menor",,0.00,,0.00,199.49,199.49,1,1,"v2;w20;harm;aar;song60;far12;near45;tol0.8;floor0.25;drain0.5;bass0.25"
206193,1790792887112,Gb Maior,Gb Maior,0,Gb Maior,Eb Menor,0.7803,0.7803,0.7669,0.0537,"Eb Menor;G# Menor;Bb Menor",,0.00,,0.00,199.97,199.97,1,1,"v2;w20;harm;aar;song60;far12;near45;tol0.8;floor0.25;drain0.5;bass0.25"
206657,1790792887612,Gb Maior,Gb Maior,0,Gb Maior,Eb Menor,0.7819,0.7819,0.7673,0.0584,"Eb Menor;G# Menor;Bb Menor",,0.00,,0.00,200.41,200.41,1,1,"v2;w20;harm;aar;song60;far12;near45;tol0.8;floor0.25;drain0.5;bass0.25"
207214,1790792888112,Gb Maior,Gb Maior,0,Gb Maior,Eb Menor,0.7836,0.7836,0.7671,0.0657,"Eb Menor;G# Menor;Bb Menor",,0.00,,0.00,200.97,200.97,1,1,"v2;w20;harm;aar;song60;far12;near45;tol0.8;floor0.25;drain0.5;bass0.25"
207679,1790792888612,Gb Maior,Gb Maior,0,Gb Maior,Eb Menor,0.7838,0.7838,0.7672,0.0664,"Eb Menor;G# Menor;Bb Menor",,0.00,,0.00,201.45,201.45,1,1,"v2;w20;harm;aar;song60;far12;near45;tol0.8;floor0.25;drain0.5;bass0.25"
208236,1790792889111,Gb Maior,Gb Maior,0,Gb Maior,Eb Menor,0.7835,0.7835,0.7664,0.0683,"Eb Menor;G# Menor;Bb Menor",,0.00,,0.00,201.99,201.99,1,1,"v2;w20;harm;aar;song60;far12;near45;tol0.8;floor0.25;drain0.5;bass0.25"
208700,1790792889612,Gb Maior,Gb Maior,0,Gb Maior,Eb Menor,0.7834,0.7834,0.7661,0.0692,"Eb Menor;G# Menor;Bb Menor",,0.00,,0.00,202.47,202.47,1,1,"v2;w20;harm;aar;song60;far12;near45;tol0.8;floor0.25;drain0.5;bass0.25"
209258,1790792890113,Gb Maior,Gb Maior,0,Gb Maior,Eb Menor,0.7837,0.7837,0.7648,0.0758,"Eb Menor;G# Menor;Bb Menor",,0.00,,0.00,203.01,203.01,1,1,"v2;w20;harm;aar;song60;far12;near45;tol0.8;floor0.25;drain0.5;bass0.25"
209722,1790792890611,Gb Maior,Gb Maior,0,Gb Maior,Eb Menor,0.7840,0.7840,0.7635,0.0820,"Eb Menor;G# Menor;Bb Menor",,0.00,,0.00,203.47,203.47,1,1,"v2;w20;harm;aar;song60;far12;near45;tol0.8;floor0.25;drain0.5;bass0.25"
210187,1790792891112,Gb Maior,Gb Maior,0,Gb Maior,Eb Menor,0.7835,0.7835,0.7623,0.0849,"Eb Menor;G# Menor;Bb Menor",,0.00,,0.00,203.95,203.95,1,1,"v2;w20;harm;aar;song60;far12;near45;tol0.8;floor0.25;drain0.5;bass0.25"
210744,1790792891611,Gb Maior,Gb Maior,0,Gb Maior,Eb Menor,0.7835,0.7835,0.7617,0.0872,"Eb Menor;G# Menor;Bb Menor",,0.00,,0.00,204.51,204.51,1,1,"v2;w20;harm;aar;song60;far12;near45;tol0.8;floor0.25;drain0.5;bass0.25"
211208,1790792892112,Gb Maior,Gb Maior,0,Gb Maior,Eb Menor,0.7844,0.7844,0.7614,0.0921,"Eb Menor;G# Menor;Bb Menor",,0.00,,0.00,204.97,204.97,1,1,"v2;w20;harm;aar;song60;far12;near45;tol0.8;floor0.25;drain0.5;bass0.25"
211673,1790792892611,Gb Maior,Gb Maior,0,Gb Maior,Eb Menor,0.7835,0.7835,0.7599,0.0943,"Eb Menor;G# Menor;Bb Menor",,0.00,,0.00,205.43,205.43,1,1,"v2;w20;harm;aar;song60;far12;near45;tol0.8;floor0.25;drain0.5;bass0.25"
212230,1790792893111,Gb Maior,Gb Maior,0,Gb Maior,Eb Menor,0.7831,0.7831,0.7579,0.1009,"Eb Menor;G# Menor;Bb Menor",,0.00,,0.00,205.99,205.99,1,1,"v2;w20;harm;aar;song60;far12;near45;tol0.8;floor0.25;drain0.5;bass0.25"
212694,1790792893612,Gb Maior,Gb Maior,0,Gb Maior,Eb Menor,0.7818,0.7818,0.7563,0.1022,"Eb Menor;G# Menor;Bb Menor",,0.00,,0.00,206.47,206.47,1,1,"v2;w20;harm;aar;song60;far12;near45;tol0.8;floor0.25;drain0.5;bass0.25"
213159,1790792894108,Gb Maior,Gb Maior,0,Gb Maior,Eb Menor,0.7818,0.7818,0.7528,0.1161,"Eb Menor;G# Menor;Bb Menor",,0.00,,0.00,206.91,206.91,1,1,"v2;w20;harm;aar;song60;far12;near45;tol0.8;floor0.25;drain0.5;bass0.25"
213716,1790792894611,Gb Maior,Gb Maior,0,Gb Maior,Eb Menor,0.7823,0.7823,0.7513,0.1237,"Eb Menor;G# Menor;Bb Menor",,0.00,,0.00,207.49,207.49,1,1,"v2;w20;harm;aar;song60;far12;near45;tol0.8;floor0.25;drain0.5;bass0.25"
214180,1790792895108,Gb Maior,Gb Maior,0,Gb Maior,Eb Menor,0.7823,0.7823,0.7513,0.1242,"Eb Menor;G# Menor;Bb Menor",,0.00,,0.00,207.95,207.95,1,1,"v2;w20;harm;aar;song60;far12;near45;tol0.8;floor0.25;drain0.5;bass0.25"
214738,1790792895611,Gb Maior,Gb Maior,0,Gb Maior,Eb Menor,0.7824,0.7824,0.7520,0.1218,"Eb Menor;G# Menor;Bb Menor",,0.00,,0.00,208.49,208.49,1,1,"v2;w20;harm;aar;song60;far12;near45;tol0.8;floor0.25;drain0.5;bass0.25"
215202,1790792896112,Gb Maior,Gb Maior,0,Gb Maior,Eb Menor,0.7823,0.7823,0.7536,0.1146,"Eb Menor;G# Menor;Bb Menor",,0.00,,0.00,208.97,208.97,1,1,"v2;w20;harm;aar;song60;far12;near45;tol0.8;floor0.25;drain0.5;bass0.25"
215759,1790792896608,Gb Maior,Gb Maior,0,Gb Maior,Eb Menor,0.7814,0.7814,0.7533,0.1123,"Eb Menor;G# Menor;Bb Menor",,0.00,,0.00,209.51,209.51,1,1,"v2;w20;harm;aar;song60;far12;near45;tol0.8;floor0.25;drain0.5;bass0.25"
216224,1790792897112,Gb Maior,Gb Maior,0,Gb Maior,Eb Menor,0.7809,0.7809,0.7531,0.1114,"Eb Menor;G# Menor;Bb Menor",,0.00,,0.00,209.97,209.97,1,1,"v2;w20;harm;aar;song60;far12;near45;tol0.8;floor0.25;drain0.5;bass0.25"
216688,1790792897612,Gb Maior,Gb Maior,0,Gb Maior,Eb Menor,0.7813,0.7813,0.7540,0.1091,"Eb Menor;G# Menor;Bb Menor",,0.00,,0.00,210.45,210.45,1,1,"v2;w20;harm;aar;song60;far12;near45;tol0.8;floor0.25;drain0.5;bass0.25"
217245,1790792898112,Gb Maior,Gb Maior,0,Gb Maior,Eb Menor,0.7827,0.7827,0.7550,0.1107,"Eb Menor;G# Menor;Bb Menor",,0.00,,0.00,211.01,211.01,1,1,"v2;w20;harm;aar;song60;far12;near45;tol0.8;floor0.25;drain0.5;bass0.25"
217710,1790792898612,Gb Maior,Gb Maior,0,Gb Maior,Eb Menor,0.7825,0.7825,0.7548,0.1110,"Eb Menor;G# Menor;Bb Menor",,0.00,,0.00,211.47,211.47,1,1,"v2;w20;harm;aar;song60;far12;near45;tol0.8;floor0.25;drain0.5;bass0.25"
218174,1790792899110,Gb Maior,Gb Maior,0,Gb Maior,Eb Menor,0.7807,0.7807,0.7542,0.1059,"Eb Menor;G# Menor;Bb Menor",,0.00,,0.00,211.93,211.93,1,1,"v2;w20;harm;aar;song60;far12;near45;tol0.8;floor0.25;drain0.5;bass0.25"
218731,1790792899612,Gb Maior,Gb Maior,0,Gb Maior,Eb Menor,0.7795,0.7795,0.7552,0.0973,"Eb Menor;G# Menor;Bb Menor",,0.00,,0.00,212.49,212.49,1,1,"v2;w20;harm;aar;song60;far12;near45;tol0.8;floor0.25;drain0.5;bass0.25"
219196,1790792900112,Gb Maior,Gb Maior,0,Gb Maior,Eb Menor,0.7784,0.7784,0.7558,0.0902,"Eb Menor;G# Menor;Bb Menor",,0.00,,0.00,212.97,212.97,1,1,"v2;w20;harm;aar;song60;far12;near45;tol0.8;floor0.25;drain0.5;bass0.25"
219753,1790792900612,Gb Maior,Gb Maior,0,Gb Maior,Eb Menor,0.7781,0.7781,0.7535,0.0985,"Eb Menor;G# Menor;Bb Menor",,0.00,,0.00,213.51,213.51,1,1,"v2;w20;harm;aar;song60;far12;near45;tol0.8;floor0.25;drain0.5;bass0.25"
220218,1790792901112,Gb Maior,Gb Maior,0,Gb Maior,Eb Menor,0.7769,0.7769,0.7533,0.0942,"Eb Menor;G# Menor;Bb Menor",,0.00,,0.00,214.00,214.00,1,1,"v2;w20;harm;aar;song60;far12;near45;tol0.8;floor0.25;drain0.5;bass0.25"
220682,1790792901612,Gb Maior,Gb Maior,0,Gb Maior,Eb Menor,0.7772,0.7772,0.7541,0.0926,"Eb Menor;G# Menor;Bb Menor",,0.00,,0.00,214.45,214.45,1,1,"v2;w20;harm;aar;song60;far12;near45;tol0.8;floor0.25;drain0.5;bass0.25"
221239,1790792902113,Gb Maior,Gb Maior,0,Gb Maior,Eb Menor,0.7762,0.7762,0.7536,0.0903,"Eb Menor;G# Menor;Bb Menor",,0.00,,0.00,214.99,214.99,1,1,"v2;w20;harm;aar;song60;far12;near45;tol0.8;floor0.25;drain0.5;bass0.25"
221704,1790792902612,Gb Maior,Gb Maior,0,Gb Maior,Eb Menor,0.7766,0.7766,0.7541,0.0900,"Eb Menor;G# Menor;Bb Menor",,0.00,,0.00,215.47,215.47,1,1,"v2;w20;harm;aar;song60;far12;near45;tol0.8;floor0.25;drain0.5;bass0.25"
222261,1790792903112,Gb Maior,Gb Maior,0,Gb Maior,Eb Menor,0.7757,0.7757,0.7544,0.0852,"Eb Menor;G# Menor;Bb Menor",,0.00,,0.00,216.01,216.01,1,1,"v2;w20;harm;aar;song60;far12;near45;tol0.8;floor0.25;drain0.5;bass0.25"
222725,1790792903612,Gb Maior,Gb Maior,0,Gb Maior,Eb Menor,0.7753,0.7753,0.7568,0.0742,"Eb Menor;G# Menor;Bb Menor",,0.00,,0.00,216.49,216.49,1,1,"v2;w20;harm;aar;song60;far12;near45;tol0.8;floor0.25;drain0.5;bass0.25"
223190,1790792904112,Gb Maior,Gb Maior,0,Gb Maior,Eb Menor,0.7748,0.7748,0.7574,0.0697,"Eb Menor;G# Menor;Bb Menor",,0.00,,0.00,216.95,216.95,1,1,"v2;w20;harm;aar;song60;far12;near45;tol0.8;floor0.25;drain0.5;bass0.25"
223747,1790792904613,Gb Maior,Gb Maior,0,Gb Maior,Eb Menor,0.7743,0.7743,0.7569,0.0696,"Eb Menor;G# Menor;Bb Menor",,0.00,,0.00,217.51,217.51,1,1,"v2;w20;harm;aar;song60;far12;near45;tol0.8;floor0.25;drain0.5;bass0.25"
224211,1790792905112,Gb Maior,Gb Maior,0,Gb Maior,Eb Menor,0.7743,0.7743,0.7568,0.0700,"Eb Menor;G# Menor;Bb Menor",,0.00,,0.00,217.97,217.97,1,1,"v2;w20;harm;aar;song60;far12;near45;tol0.8;floor0.25;drain0.5;bass0.25"
224676,1790792905612,Gb Maior,Gb Maior,0,Gb Maior,Eb Menor,0.7755,0.7755,0.7578,0.0710,"Eb Menor;G# Menor;Bb Menor",,0.00,,0.00,218.43,218.43,1,1,"v2;w20;harm;aar;song60;far12;near45;tol0.8;floor0.25;drain0.5;bass0.25"
225233,1790792906112,Gb Maior,Gb Maior,0,Gb Maior,Eb Menor,0.7769,0.7769,0.7582,0.0746,"Eb Menor;G# Menor;Bb Menor",,0.00,,0.00,219.01,219.01,1,1,"v2;w20;harm;aar;song60;far12;near45;tol0.8;floor0.25;drain0.5;bass0.25"
225697,1790792906612,Gb Maior,Gb Maior,0,Gb Maior,Eb Menor,0.7774,0.7774,0.7578,0.0785,"Eb Menor;G# Menor;Bb Menor",,0.00,,0.00,219.47,219.47,1,1,"v2;w20;harm;aar;song60;far12;near45;tol0.8;floor0.25;drain0.5;bass0.25"
226255,1790792907112,Gb Maior,Gb Maior,0,Gb Maior,Eb Menor,0.7760,0.7760,0.7565,0.0780,"Eb Menor;G# Menor;Bb Menor",,0.00,,0.00,220.01,220.01,1,1,"v2;w20;harm;aar;song60;far12;near45;tol0.8;floor0.25;drain0.5;bass0.25"
226719,1790792907612,Gb Maior,Gb Maior,0,Gb Maior,Eb Menor,0.7750,0.7750,0.7556,0.0777,"Eb Menor;G# Menor;Bb Menor",,0.00,,0.00,220.49,220.49,1,1,"v2;w20;harm;aar;song60;far12;near45;tol0.8;floor0.25;drain0.5;bass0.25"
227184,1790792908111,Gb Maior,Gb Maior,0,Gb Maior,Eb Menor,0.7740,0.7740,0.7542,0.0791,"Eb Menor;G# Menor;Bb Menor",,0.00,,0.00,220.96,220.96,1,1,"v2;w20;harm;aar;song60;far12;near45;tol0.8;floor0.25;drain0.5;bass0.25"
227741,1790792908611,Gb Maior,Gb Maior,0,Gb Maior,Eb Menor,0.7726,0.7726,0.7518,0.0832,"Eb Menor;G# Menor;Bb Menor",,0.00,,0.00,221.49,221.49,1,1,"v2;w20;harm;aar;song60;far12;near45;tol0.8;floor0.25;drain0.5;bass0.25"
228205,1790792909112,Gb Maior,Gb Maior,0,Gb Maior,Eb Menor,0.7715,0.7715,0.7502,0.0854,"Eb Menor;G# Menor;Bb Menor",,0.00,,0.00,221.97,221.97,1,1,"v2;w20;harm;aar;song60;far12;near45;tol0.8;floor0.25;drain0.5;bass0.25"
228763,1790792909612,Gb Maior,Gb Maior,0,Gb Maior,Eb Menor,0.7705,0.7705,0.7481,0.0894,"Eb Menor;G# Menor;Bb Menor",,0.00,,0.00,222.51,222.51,1,1,"v2;w20;harm;aar;song60;far12;near45;tol0.8;floor0.25;drain0.5;bass0.25"
229227,1790792910112,Gb Maior,Gb Maior,0,Gb Maior,Eb Menor,0.7710,0.7710,0.7475,0.0940,"Eb Menor;G# Menor;Bb Menor",,0.00,,0.00,222.99,222.99,1,1,"v2;w20;harm;aar;song60;far12;near45;tol0.8;floor0.25;drain0.5;bass0.25"
229691,1790792910611,Gb Maior,Gb Maior,0,Gb Maior,Eb Menor,0.7707,0.7707,0.7469,0.0951,"Eb Menor;G# Menor;Bb Menor",,0.00,,0.00,223.45,223.45,1,1,"v2;w20;harm;aar;song60;far12;near45;tol0.8;floor0.25;drain0.5;bass0.25"
230249,1790792911112,Gb Maior,Gb Maior,0,Gb Maior,Eb Menor,0.7701,0.7701,0.7471,0.0920,"Eb Menor;G# Menor;Bb Menor",,0.00,,0.00,224.01,224.01,1,1,"v2;w20;harm;aar;song60;far12;near45;tol0.8;floor0.25;drain0.5;bass0.25"
230713,1790792911612,Gb Maior,Gb Maior,0,Gb Maior,Eb Menor,0.7698,0.7698,0.7470,0.0912,"Eb Menor;G# Menor;Bb Menor",,0.00,,0.00,224.47,224.47,1,1,"v2;w20;harm;aar;song60;far12;near45;tol0.8;floor0.25;drain0.5;bass0.25"
231177,1790792912112,Gb Maior,Gb Maior,0,Gb Maior,Eb Menor,0.7688,0.7688,0.7463,0.0903,"Eb Menor;G# Menor;Bb Menor",,0.00,,0.00,224.93,224.93,1,1,"v2;w20;harm;aar;song60;far12;near45;tol0.8;floor0.25;drain0.5;bass0.25"
231735,1790792912613,Gb Maior,Gb Maior,0,Gb Maior,Eb Menor,0.7661,0.7661,0.7452,0.0840,"Eb Menor;G# Menor;Bb Menor",,0.00,,0.00,225.51,225.51,1,1,"v2;w20;harm;aar;song60;far12;near45;tol0.8;floor0.25;drain0.5;bass0.25"
232199,1790792913112,Gb Maior,Gb Maior,0,Gb Maior,Eb Menor,0.7652,0.7652,0.7446,0.0824,"Eb Menor;G# Menor;Bb Menor",,0.00,,0.00,225.97,225.97,1,1,"v2;w20;harm;aar;song60;far12;near45;tol0.8;floor0.25;drain0.5;bass0.25"
232756,1790792913611,Gb Maior,Gb Maior,0,Gb Maior,Eb Menor,0.7644,0.7644,0.7442,0.0807,"Eb Menor;G# Menor;Bb Menor",,0.00,,0.00,226.51,226.51,1,1,"v2;w20;harm;aar;song60;far12;near45;tol0.8;floor0.25;drain0.5;bass0.25"
233221,1790792914112,Gb Maior,Gb Maior,0,Gb Maior,Eb Menor,0.7661,0.7661,0.7439,0.0887,"Eb Menor;G# Menor;Bb Menor",,0.00,,0.00,226.99,226.99,1,1,"v2;w20;harm;aar;song60;far12;near45;tol0.8;floor0.25;drain0.5;bass0.25"
233685,1790792914612,Gb Maior,Gb Maior,0,Gb Maior,Eb Menor,0.7669,0.7669,0.7437,0.0929,"Eb Menor;G# Menor;Bb Menor",,0.00,,0.00,227.45,227.45,1,1,"v2;w20;harm;aar;song60;far12;near45;tol0.8;floor0.25;drain0.5;bass0.25"
234242,1790792915111,Gb Maior,Gb Maior,0,Gb Maior,Eb Menor,0.7657,0.7657,0.7423,0.0935,"Eb Menor;G# Menor;Bb Menor",,0.00,,0.00,228.01,228.01,1,1,"v2;w20;harm;aar;song60;far12;near45;tol0.8;floor0.25;drain0.5;bass0.25"
234707,1790792915612,Gb Maior,Gb Maior,0,Gb Maior,Eb Menor,0.7665,0.7665,0.7418,0.0990,"Eb Menor;G# Menor;Bb Menor",,0.00,,0.00,228.47,228.47,1,1,"v2;w20;harm;aar;song60;far12;near45;tol0.8;floor0.25;drain0.5;bass0.25"
235264,1790792916113,Gb Maior,Gb Maior,0,Gb Maior,Eb Menor,0.7677,0.7677,0.7419,0.1031,"Eb Menor;G# Menor;Bb Menor",,0.00,,0.00,229.01,229.01,1,1,"v2;w20;harm;aar;song60;far12;near45;tol0.8;floor0.25;drain0.5;bass0.25"
235728,1790792916613,Gb Maior,Gb Maior,0,Gb Maior,Eb Menor,0.7676,0.7676,0.7419,0.1029,"Eb Menor;G# Menor;Bb Menor",,0.00,,0.00,229.50,229.50,1,1,"v2;w20;harm;aar;song60;far12;near45;tol0.8;floor0.25;drain0.5;bass0.25"
236193,1790792917112,Gb Maior,Gb Maior,0,Gb Maior,Eb Menor,0.7668,0.7668,0.7417,0.1004,"Eb Menor;G# Menor;Bb Menor",,0.00,,0.00,229.95,229.95,1,1,"v2;w20;harm;aar;song60;far12;near45;tol0.8;floor0.25;drain0.5;bass0.25"
236657,1790792917613,Gb Maior,Gb Maior,0,Gb Maior,Eb Menor,0.7685,0.7685,0.7426,0.1038,"Eb Menor;G# Menor;Bb Menor",,0.00,,0.00,230.41,230.41,1,1,"v2;w20;harm;aar;song60;far12;near45;tol0.8;floor0.25;drain0.5;bass0.25"
237215,1790792918112,Gb Maior,Gb Maior,0,Gb Maior,Eb Menor,0.7714,0.7714,0.7443,0.1086,"Eb Menor;G# Menor;Bb Menor",,0.00,,0.00,230.97,230.97,1,1,"v2;w20;harm;aar;song60;far12;near45;tol0.8;floor0.25;drain0.5;bass0.25"
237679,1790792918612,Gb Maior,Gb Maior,0,Gb Maior,Eb Menor,0.7733,0.7733,0.7451,0.1128,"Eb Menor;G# Menor;Bb Menor",,0.00,,0.00,231.43,231.43,1,1,"v2;w20;harm;aar;song60;far12;near45;tol0.8;floor0.25;drain0.5;bass0.25"
238236,1790792919113,Gb Maior,Gb Maior,0,Gb Maior,Eb Menor,0.7729,0.7729,0.7464,0.1058,"Eb Menor;G# Menor;Bb Menor",,0.00,,0.00,232.01,232.01,1,1,"v2;w20;harm;aar;song60;far12;near45;tol0.8;floor0.25;drain0.5;bass0.25"
238701,1790792919612,Gb Maior,Gb Maior,0,Gb Maior,Eb Menor,0.7697,0.7697,0.7452,0.0980,"Eb Menor;G# Menor;Bb Menor",,0.00,,0.00,232.47,232.47,1,1,"v2;w20;harm;aar;song60;far12;near45;tol0.8;floor0.25;drain0.5;bass0.25"
239258,1790792920112,Gb Maior,Gb Maior,0,Gb Maior,Eb Menor,0.7663,0.7663,0.7441,0.0890,"Eb Menor;G# Menor;Bb Menor",,0.00,,0.00,233.01,233.01,1,1,"v2;w20;harm;aar;song60;far12;near45;tol0.8;floor0.25;drain0.5;bass0.25"
239722,1790792920612,Gb Maior,Gb Maior,0,Gb Maior,Eb Menor,0.7663,0.7663,0.7442,0.0884,"Eb Menor;G# Menor;Bb Menor",,0.00,,0.00,233.49,233.49,1,1,"v2;w20;harm;aar;song60;far12;near45;tol0.8;floor0.25;drain0.5;bass0.25"
240187,1790792921109,Gb Maior,Gb Maior,0,Gb Maior,Eb Menor,0.7672,0.7672,0.7445,0.0907,"Eb Menor;G# Menor;Bb Menor",,0.00,,0.00,233.95,233.95,1,1,"v2;w20;harm;aar;song60;far12;near45;tol0.8;floor0.25;drain0.5;bass0.25"
240744,1790792921613,Gb Maior,Gb Maior,0,Gb Maior,Eb Menor,0.7676,0.7676,0.7452,0.0897,"Eb Menor;G# Menor;Bb Menor",,0.00,,0.00,234.51,234.51,1,1,"v2;w20;harm;aar;song60;far12;near45;tol0.8;floor0.25;drain0.5;bass0.25"
241208,1790792922112,Gb Maior,Gb Maior,0,Gb Maior,Eb Menor,0.7675,0.7675,0.7449,0.0905,"Eb Menor;G# Menor;Bb Menor",,0.00,,0.00,234.97,234.97,1,1,"v2;w20;harm;aar;song60;far12;near45;tol0.8;floor0.25;drain0.5;bass0.25"
241766,1790792922613,Gb Maior,Gb Maior,0,Gb Maior,Eb Menor,0.7677,0.7677,0.7444,0.0931,"Eb Menor;G# Menor;Bb Menor",,0.00,,0.00,235.51,235.51,1,1,"v2;w20;harm;aar;song60;far12;near45;tol0.8;floor0.25;drain0.5;bass0.25"
242230,1790792923113,Gb Maior,Gb Maior,0,Gb Maior,Eb Menor,0.7666,0.7666,0.7447,0.0879,"Eb Menor;G# Menor;Bb Menor",,0.00,,0.00,235.99,235.99,1,1,"v2;w20;harm;aar;song60;far12;near45;tol0.8;floor0.25;drain0.5;bass0.25"
242694,1790792923612,Gb Maior,Gb Maior,0,Gb Maior,Eb Menor,0.7662,0.7662,0.7451,0.0846,"Eb Menor;G# Menor;Bb Menor",,0.00,,0.00,236.45,236.45,1,1,"v2;w20;harm;aar;song60;far12;near45;tol0.8;floor0.25;drain0.5;bass0.25"
243159,1790792924112,Gb Maior,Gb Maior,0,Gb Maior,Eb Menor,0.7656,0.7656,0.7443,0.0851,"Eb Menor;G# Menor;Bb Menor",,0.00,,0.00,236.93,236.93,1,1,"v2;w20;harm;aar;song60;far12;near45;tol0.8;floor0.25;drain0.5;bass0.25"
243716,1790792924612,Gb Maior,Gb Maior,0,Gb Maior,Eb Menor,0.7646,0.7646,0.7439,0.0828,"Eb Menor;G# Menor;Bb Menor",,0.00,,0.00,237.47,237.47,1,1,"v2;w20;harm;aar;song60;far12;near45;tol0.8;floor0.25;drain0.5;bass0.25"
244181,1790792925112,Gb Maior,Gb Maior,0,Gb Maior,Eb Menor,0.7641,0.7641,0.7436,0.0820,"Eb Menor;G# Menor;Bb Menor",,0.00,,0.00,237.93,237.93,1,1,"v2;w20;harm;aar;song60;far12;near45;tol0.8;floor0.25;drain0.5;bass0.25"
244738,1790792925613,Gb Maior,Gb Maior,0,Gb Maior,Eb Menor,0.7629,0.7629,0.7429,0.0802,"Eb Menor;G# Menor;Bb Menor",,0.00,,0.00,238.51,238.51,1,1,"v2;w20;harm;aar;song60;far12;near45;tol0.8;floor0.25;drain0.5;bass0.25"
245202,1790792926112,Gb Maior,Gb Maior,0,Gb Maior,Eb Menor,0.7622,0.7622,0.7457,0.0661,"Eb Menor;G# Menor;Bb Menor",,0.00,,0.00,238.97,238.97,1,1,"v2;w20;harm;aar;song60;far12;near45;tol0.8;floor0.25;drain0.5;bass0.25"
245667,1790792926613,Gb Maior,Gb Maior,0,Gb Maior,Eb Menor,0.7624,0.7624,0.7496,0.0515,"Eb Menor;G# Menor;Bb Menor",,0.00,,0.00,239.41,239.41,1,1,"v2;w20;harm;aar;song60;far12;near45;tol0.8;floor0.25;drain0.5;bass0.25"
246224,1790792927113,Gb Maior,Gb Maior,0,Gb Maior,Eb Menor,0.7621,0.7621,0.7490,0.0521,"Eb Menor;G# Menor;Bb Menor",,0.00,,0.00,238.98,238.98,1,1,"v2;w20;harm;aar;song60;far12;near45;tol0.8;floor0.25;drain0.5;bass0.25"
246688,1790792927612,Gb Maior,Gb Maior,0,Gb Maior,Eb Menor,0.7621,0.7621,0.7491,0.0521,"Eb Menor;G# Menor;Bb Menor",,0.00,,0.00,239.44,239.44,1,1,"v2;w20;harm;aar;song60;far12;near45;tol0.8;floor0.25;drain0.5;bass0.25"
247246,1790792928113,Gb Maior,Gb Maior,0,Gb Maior,Eb Menor,0.7644,0.7644,0.7505,0.0557,"Eb Menor;G# Menor;Bb Menor",,0.00,,0.00,238.94,238.94,1,1,"v2;w20;harm;aar;song60;far12;near45;tol0.8;floor0.25;drain0.5;bass0.25"
247710,1790792928613,Gb Maior,Gb Maior,0,Gb Maior,Eb Menor,0.7652,0.7652,0.7515,0.0548,"Eb Menor;G# Menor;Bb Menor",,0.00,,0.00,239.39,239.39,1,1,"v2;w20;harm;aar;song60;far12;near45;tol0.8;floor0.25;drain0.5;bass0.25"
248174,1790792929113,Gb Maior,Gb Maior,0,Gb Maior,Eb Menor,0.7657,0.7657,0.7526,0.0524,"Eb Menor;G# Menor;Bb Menor",,0.00,,0.00,239.85,239.85,1,1,"v2;w20;harm;aar;song60;far12;near45;tol0.8;floor0.25;drain0.5;bass0.25"
248732,1790792929613,Gb Maior,Gb Maior,0,Gb Maior,Eb Menor,0.7630,0.7630,0.7521,0.0437,"Eb Menor;G# Menor;Bb Menor",,0.00,,0.00,239.34,239.34,1,1,"v2;w20;harm;aar;song60;far12;near45;tol0.8;floor0.25;drain0.5;bass0.25"
249196,1790792930112,Gb Maior,Gb Maior,0,Gb Maior,Eb Menor,0.7615,0.7615,0.7519,0.0387,"Eb Menor;G# Menor;Bb Menor",,0.00,,0.00,239.80,239.80,1,1,"v2;w20;harm;aar;song60;far12;near45;tol0.8;floor0.25;drain0.5;bass0.25"
249660,1790792930613,Gb Maior,Gb Maior,0,Gb Maior,Eb Menor,0.7598,0.7598,0.7517,0.0324,"Eb Menor;G# Menor;Bb Menor",,0.00,,0.00,239.26,239.26,1,1,"v2;w20;harm;aar;song60;far12;near45;tol0.8;floor0.25;drain0.5;bass0.25"
250218,1790792931112,Gb Maior,Gb Maior,0,Gb Maior,Eb Menor,0.7594,0.7594,0.7522,0.0288,"Eb Menor;G# Menor;Bb Menor",,0.00,,0.00,239.80,239.80,1,1,"v2;w20;harm;aar;song60;far12;near45;tol0.8;floor0.25;drain0.5;bass0.25"
250682,1790792931612,Gb Maior,Gb Maior,0,Gb Maior,Eb Menor,0.7588,0.7588,0.7529,0.0236,"Eb Menor;G# Menor;Bb Menor",,0.00,,0.00,239.24,239.24,1,1,"v2;w20;harm;aar;song60;far12;near45;tol0.8;floor0.25;drain0.5;bass0.25"
251239,1790792932113,Gb Maior,Gb Maior,0,Gb Maior,Eb Menor,0.7601,0.7601,0.7548,0.0213,"Eb Menor;G# Menor;Bb Menor",,0.00,,0.00,239.81,239.81,1,1,"v2;w20;harm;aar;song60;far12;near45;tol0.8;floor0.25;drain0.5;bass0.25"
251704,1790792932609,Gb Maior,Gb Maior,0,Gb Maior,Eb Menor,0.7606,0.7606,0.7561,0.0182,"Eb Menor;G# Menor;Bb Menor",,0.00,,0.00,239.26,239.26,1,1,"v2;w20;harm;aar;song60;far12;near45;tol0.8;floor0.25;drain0.5;bass0.25"
252168,1790792933112,Gb Maior,Gb Maior,0,Gb Maior,Eb Menor,0.7599,0.7599,0.7561,0.0151,"Eb Menor;G# Menor;Bb Menor",,0.00,,0.00,239.72,239.72,1,1,"v2;w20;harm;aar;song60;far12;near45;tol0.8;floor0.25;drain0.5;bass0.25"
252725,1790792933612,Gb Maior,Gb Maior,0,Gb Maior,Eb Menor,0.7567,0.7567,0.7545,0.0091,"Eb Menor;G# Menor;Bb Menor",,0.00,,0.00,239.26,239.26,1,1,"v2;w20;harm;aar;song60;far12;near45;tol0.8;floor0.25;drain0.5;bass0.25"
253190,1790792934113,Gb Maior,Gb Maior,0,Gb Maior,Eb Menor,0.7552,0.7552,0.7538,0.0053,"Eb Menor;G# Menor;Bb Menor",,0.00,,0.00,239.72,239.72,1,1,"v2;w20;harm;aar;song60;far12;near45;tol0.8;floor0.25;drain0.5;bass0.25"
253747,1790792934612,Gb Maior,Gb Maior,0,Eb Menor,Eb Menor,0.7570,0.0000,0.7570,0.0000,"Eb Menor;G# Menor;Bb Menor",,0.00,,0.00,239.26,239.26,1,1,"v2;w20;harm;aar;song60;far12;near45;tol0.8;floor0.25;drain0.5;bass0.25"
254212,1790792935112,Gb Maior,Gb Maior,0,Eb Menor,Eb Menor,0.7569,0.0000,0.7569,0.0000,"Eb Menor;G# Menor;Bb Menor",,0.00,,0.00,239.72,239.72,1,1,"v2;w20;harm;aar;song60;far12;near45;tol0.8;floor0.25;drain0.5;bass0.25"
254676,1790792935612,Gb Maior,Gb Maior,0,Eb Menor,Eb Menor,0.7563,0.0000,0.7563,0.0000,"Eb Menor;G# Menor;Bb Menor",,0.00,,0.00,239.18,239.18,1,1,"v2;w20;harm;aar;song60;far12;near45;tol0.8;floor0.25;drain0.5;bass0.25"
255233,1790792936113,Gb Maior,Gb Maior,0,Eb Menor,Eb Menor,0.7554,0.0000,0.7554,0.0000,"Eb Menor;G# Menor;Bb Menor",,0.00,,0.00,239.72,239.72,1,1,"v2;w20;harm;aar;song60;far12;near45;tol0.8;floor0.25;drain0.5;bass0.25"
255698,1790792936612,Gb Maior,Gb Maior,0,Eb Menor,Eb Menor,0.7545,0.0000,0.7545,0.0000,"Eb Menor;G# Menor;Bb Menor",,0.00,,0.00,239.16,239.16,1,1,"v2;w20;harm;aar;song60;far12;near45;tol0.8;floor0.25;drain0.5;bass0.25"
256162,1790792937110,Gb Maior,Gb Maior,0,Eb Menor,Eb Menor,0.7530,0.0000,0.7530,0.0000,"Eb Menor;G# Menor;Bb Menor",,0.00,,0.00,239.64,239.64,1,1,"v2;w20;harm;aar;song60;far12;near45;tol0.8;floor0.25;drain0.5;bass0.25"
256719,1790792937611,Gb Maior,Gb Maior,0,Eb Menor,Eb Menor,0.7517,0.0000,0.7517,0.0000,"Eb Menor;G# Menor;Bb Menor",,0.00,,0.00,239.16,239.16,1,1,"v2;w20;harm;aar;song60;far12;near45;tol0.8;floor0.25;drain0.5;bass0.25"
257184,1790792938112,Gb Maior,Gb Maior,0,Eb Menor,Eb Menor,0.7510,0.0000,0.7510,0.0000,"Eb Menor;G# Menor;Bb Menor",,0.00,,0.00,239.62,239.62,1,1,"v2;w20;harm;aar;song60;far12;near45;tol0.8;floor0.25;drain0.5;bass0.25"
257741,1790792938613,Gb Maior,Gb Maior,0,Eb Menor,Eb Menor,0.7501,0.0000,0.7501,0.0000,"Eb Menor;G# Menor;Bb Menor",,0.00,,0.00,239.18,239.18,1,1,"v2;w20;harm;aar;song60;far12;near45;tol0.8;floor0.25;drain0.5;bass0.25"
258205,1790792939113,Gb Maior,Gb Maior,0,Eb Menor,Eb Menor,0.7494,0.0000,0.7494,0.0000,"Eb Menor;G# Menor;Bb Menor",,0.00,,0.00,239.64,239.64,1,1,"v2;w20;harm;aar;song60;far12;near45;tol0.8;floor0.25;drain0.5;bass0.25"
258670,1790792939612,Gb Maior,Eb Menor,0,Eb Menor,Eb Menor,0.7486,0.0000,0.7486,0.0000,"Eb Menor;G# Menor;Bb Menor",,0.00,,0.50,239.06,239.06,1,1,"v2;w20;harm;aar;song60;far12;near45;tol0.8;floor0.25;drain0.5;bass0.25"
259227,1790792940113,Gb Maior,Eb Menor,0,Eb Menor,Eb Menor,0.7486,0.0000,0.7486,0.0000,"Eb Menor;G# Menor;Bb Menor",,0.00,,1.00,239.62,239.62,1,1,"v2;w20;harm;aar;song60;far12;near45;tol0.8;floor0.25;drain0.5;bass0.25"
259691,1790792940611,Gb Maior,Eb Menor,0,Eb Menor,Eb Menor,0.7491,0.0000,0.7491,0.0000,"Eb Menor;G# Menor;Bb Menor",,0.00,,1.50,239.06,239.06,1,1,"v2;w20;harm;aar;song60;far12;near45;tol0.8;floor0.25;drain0.5;bass0.25"
260249,1790792941113,Gb Maior,Eb Menor,0,Eb Menor,Eb Menor,0.7494,0.0000,0.7494,0.0000,"Eb Menor;G# Menor;Bb Menor",,0.00,,2.00,239.62,239.62,1,1,"v2;w20;harm;aar;song60;far12;near45;tol0.8;floor0.25;drain0.5;bass0.25"
260713,1790792941609,Gb Maior,Eb Menor,0,Eb Menor,Eb Menor,0.7498,0.0000,0.7498,0.0000,"Eb Menor;G# Menor;Bb Menor",,0.00,,2.50,238.96,238.96,1,1,"v2;w20;harm;aar;song60;far12;near45;tol0.8;floor0.25;drain0.5;bass0.25"
261178,1790792942109,Gb Maior,Eb Menor,0,Eb Menor,Eb Menor,0.7503,0.0000,0.7503,0.0000,"Eb Menor;G# Menor;Bb Menor",,0.00,,3.00,239.44,239.44,1,1,"v2;w20;harm;aar;song60;far12;near45;tol0.8;floor0.25;drain0.5;bass0.25"
261735,1790792942612,Gb Maior,Eb Menor,0,Eb Menor,Eb Menor,0.7495,0.0000,0.7495,0.0000,"Eb Menor;G# Menor;Bb Menor",,0.00,,3.50,238.88,238.88,1,1,"v2;w20;harm;aar;song60;far12;near45;tol0.8;floor0.25;drain0.5;bass0.25"
262199,1790792943112,Gb Maior,Eb Menor,0,Eb Menor,Eb Menor,0.7490,0.0000,0.7490,0.0000,"Eb Menor;G# Menor;Bb Menor",,0.00,,4.00,239.34,239.34,1,1,"v2;w20;harm;aar;song60;far12;near45;tol0.8;floor0.25;drain0.5;bass0.25"
262664,1790792943612,Gb Maior,Eb Menor,0,Eb Menor,Eb Menor,0.7491,0.0000,0.7491,0.0000,"Eb Menor;G# Menor;Bb Menor",,0.00,,4.49,239.82,239.82,1,1,"v2;w20;harm;aar;song60;far12;near45;tol0.8;floor0.25;drain0.5;bass0.25"
263221,1790792944112,Gb Maior,Eb Menor,1,Eb Menor,Eb Menor,0.7484,0.0000,0.7484,0.0000,"Eb Menor;G# Menor;Bb Menor",,0.00,,4.99,239.34,239.34,1,1,"v2;w20;harm;aar;song60;far12;near45;tol0.8;floor0.25;drain0.5;bass0.25"
263685,1790792944613,Gb Maior,Eb Menor,1,Eb Menor,Eb Menor,0.7481,0.0000,0.7481,0.0000,"Eb Menor;G# Menor;Bb Menor",,0.00,,5.49,239.82,239.82,1,1,"v2;w20;harm;aar;song60;far12;near45;tol0.8;floor0.25;drain0.5;bass0.25"
264243,1790792945110,Gb Maior,Eb Menor,1,Eb Menor,Eb Menor,0.7466,0.0000,0.7466,0.0000,"Eb Menor;G# Menor;Bb Menor",,0.00,,5.99,239.36,239.36,1,1,"v2;w20;harm;aar;song60;far12;near45;tol0.8;floor0.25;drain0.5;bass0.25"
264707,1790792945612,Gb Maior,Eb Menor,1,Eb Menor,Eb Menor,0.7466,0.0000,0.7466,0.0000,"Eb Menor;G# Menor;Bb Menor",,0.00,,5.74,239.82,239.82,1,1,"v2;w20;harm;aar;song60;far12;near45;tol0.8;floor0.25;drain0.5;bass0.25"
265171,1790792946114,Gb Maior,Eb Menor,1,Eb Menor,Eb Menor,0.7460,0.0000,0.7460,0.0000,"Eb Menor;G# Menor;Bb Menor",,0.00,,5.49,239.26,239.26,1,1,"v2;w20;harm;aar;song60;far12;near45;tol0.8;floor0.25;drain0.5;bass0.25"
265729,1790792946613,Gb Maior,Eb Menor,1,Eb Menor,Eb Menor,0.7478,0.0000,0.7478,0.0000,"Eb Menor;G# Menor;Bb Menor",,0.00,,5.24,239.82,239.82,1,1,"v2;w20;harm;aar;song60;far12;near45;tol0.8;floor0.25;drain0.5;bass0.25"
266193,1790792947112,Gb Maior,Eb Menor,1,Eb Menor,Eb Menor,0.7496,0.0000,0.7496,0.0000,"Eb Menor;G# Menor;Bb Menor",,0.00,,4.99,239.26,239.26,1,1,"v2;w20;harm;aar;song60;far12;near45;tol0.8;floor0.25;drain0.5;bass0.25"
266750,1790792947611,Gb Maior,Eb Menor,1,Eb Menor,Eb Menor,0.7515,0.0000,0.7515,0.0000,"Eb Menor;G# Menor;Bb Menor",,0.00,,4.74,239.80,239.80,1,1,"v2;w20;harm;aar;song60;far12;near45;tol0.8;floor0.25;drain0.5;bass0.25"
267215,1790792948112,Gb Maior,Eb Menor,1,Eb Menor,Eb Menor,0.7528,0.0000,0.7528,0.0000,"Eb Menor;G# Menor;Bb Menor",,0.00,,4.49,239.26,239.26,1,1,"v2;w20;harm;aar;song60;far12;near45;tol0.8;floor0.25;drain0.5;bass0.25"
267679,1790792948613,Gb Maior,Eb Menor,1,Eb Menor,Eb Menor,0.7541,0.0000,0.7541,0.0000,"Eb Menor;G# Menor;Eb Maior",,0.00,,4.24,239.74,239.74,1,1,"v2;w20;harm;aar;song60;far12;near45;tol0.8;floor0.25;drain0.5;bass0.25"
268236,1790792949112,Gb Maior,Eb Menor,1,Eb Menor,Eb Menor,0.7542,0.0000,0.7542,0.0000,"Eb Menor;G# Menor;Eb Maior",,0.00,,3.99,239.26,239.26,1,1,"v2;w20;harm;aar;song60;far12;near45;tol0.8;floor0.25;drain0.5;bass0.25"
268701,1790792949612,Gb Maior,Eb Menor,1,Eb Menor,Eb Menor,0.7547,0.0000,0.7547,0.0000,"Eb Menor;G# Menor;Eb Maior",,0.00,,3.75,239.72,239.72,1,1,"v2;w20;harm;aar;song60;far12;near45;tol0.8;floor0.25;drain0.5;bass0.25"
269165,1790792950111,Gb Maior,Eb Menor,1,Eb Menor,Eb Menor,0.7542,0.0000,0.7542,0.0000,"Eb Menor;G# Menor;Eb Maior",,0.00,,3.50,239.16,239.16,1,1,"v2;w20;harm;aar;song60;far12;near45;tol0.8;floor0.25;drain0.5;bass0.25"
269722,1790792950611,Gb Maior,Eb Menor,1,Eb Menor,Eb Menor,0.7537,0.0000,0.7537,0.0000,"Eb Menor;G# Menor;Eb Maior",,0.00,,3.25,239.70,239.70,1,1,"v2;w20;harm;aar;song60;far12;near45;tol0.8;floor0.25;drain0.5;bass0.25"
270187,1790792951112,Gb Maior,Eb Menor,1,Eb Menor,Eb Menor,0.7536,0.0000,0.7536,0.0000,"Eb Menor;G# Menor;Eb Maior",,0.00,,3.00,239.16,239.16,1,1,"v2;w20;harm;aar;song60;far12;near45;tol0.8;floor0.25;drain0.5;bass0.25"
270744,1790792951611,Gb Maior,Eb Menor,1,Eb Menor,Eb Menor,0.7533,0.0000,0.7533,0.0000,"Eb Menor;G# Menor;Eb Maior",,0.00,,2.75,239.72,239.72,1,1,"v2;w20;harm;aar;song60;far12;near45;tol0.8;floor0.25;drain0.5;bass0.25"
271209,1790792952111,Gb Maior,Eb Menor,1,Eb Menor,Eb Menor,0.7545,0.0000,0.7545,0.0000,"Eb Menor;G# Menor;Eb Maior",,0.00,,2.50,239.16,239.16,1,1,"v2;w20;harm;aar;song60;far12;near45;tol0.8;floor0.25;drain0.5;bass0.25"
271673,1790792952613,Gb Maior,Eb Menor,1,Eb Menor,Eb Menor,0.7551,0.0000,0.7551,0.0000,"Eb Menor;G# Menor;Eb Maior",,0.00,,2.25,239.62,239.62,1,1,"v2;w20;harm;aar;song60;far12;near45;tol0.8;floor0.25;drain0.5;bass0.25"
272230,1790792953112,Gb Maior,Eb Menor,1,Eb Menor,Eb Menor,0.7565,0.0000,0.7565,0.0000,"Eb Menor;G# Menor;Eb Maior",,0.00,,2.74,239.18,239.18,1,1,"v2;w20;harm;aar;song60;far12;near45;tol0.8;floor0.25;drain0.5;bass0.25"
272695,1790792953611,Gb Maior,Eb Menor,1,Eb Menor,Eb Menor,0.7566,0.0000,0.7566,0.0000,"Eb Menor;G# Menor;Eb Maior",,0.00,,3.24,239.66,239.66,1,1,"v2;w20;harm;aar;song60;far12;near45;tol0.8;floor0.25;drain0.5;bass0.25"
273252,1790792954112,Gb Maior,Eb Menor,1,Eb Menor,Eb Menor,0.7556,0.0000,0.7556,0.0000,"Eb Menor;G# Menor;Eb Maior",,0.00,,3.74,239.16,239.16,1,1,"v2;w20;harm;aar;song60;far12;near45;tol0.8;floor0.25;drain0.5;bass0.25"
273716,1790792954612,Gb Maior,Eb Menor,1,Eb Menor,Eb Menor,0.7528,0.0000,0.7528,0.0000,"Eb Menor;G# Menor;Eb Maior",,0.00,,4.24,239.62,239.62,1,1,"v2;w20;harm;aar;song60;far12;near45;tol0.8;floor0.25;drain0.5;bass0.25"
274181,1790792955112,Gb Maior,Eb Menor,1,Eb Menor,Eb Menor,0.7515,0.0000,0.7515,0.0000,"Eb Menor;G# Menor;Eb Maior",,0.00,,4.74,239.08,239.08,1,1,"v2;w20;harm;aar;song60;far12;near45;tol0.8;floor0.25;drain0.5;bass0.25"
274738,1790792955611,Gb Maior,Eb Menor,1,Eb Menor,Eb Menor,0.7509,0.0000,0.7509,0.0000,"Eb Menor;G# Menor;Eb Maior",,0.00,,5.24,239.62,239.62,1,1,"v2;w20;harm;aar;song60;far12;near45;tol0.8;floor0.25;drain0.5;bass0.25"
275202,1790792956113,Gb Maior,Eb Menor,1,Eb Menor,Eb Menor,0.7509,0.0000,0.7509,0.0000,"Eb Menor;G# Menor;Eb Maior",,0.00,,5.74,239.08,239.08,1,1,"v2;w20;harm;aar;song60;far12;near45;tol0.8;floor0.25;drain0.5;bass0.25"
275667,1790792956612,Gb Maior,Eb Menor,1,Eb Menor,Eb Menor,0.7515,0.0000,0.7515,0.0000,"Eb Menor;G# Menor;Eb Maior",,0.00,,6.24,239.54,239.54,1,1,"v2;w20;harm;aar;song60;far12;near45;tol0.8;floor0.25;drain0.5;bass0.25"
276224,1790792957112,Gb Maior,Eb Menor,1,Eb Menor,Eb Menor,0.7509,0.0000,0.7509,0.0000,"Eb Menor;G# Menor;Eb Maior",,0.00,,6.74,239.04,239.04,1,1,"v2;w20;harm;aar;song60;far12;near45;tol0.8;floor0.25;drain0.5;bass0.25"
276688,1790792957612,Gb Maior,Eb Menor,1,Eb Menor,Eb Menor,0.7505,0.0000,0.7505,0.0000,"Eb Menor;G# Menor;Eb Maior",,0.00,,7.24,239.52,239.52,1,1,"v2;w20;harm;aar;song60;far12;near45;tol0.8;floor0.25;drain0.5;bass0.25"
277246,1790792958113,Gb Maior,Eb Menor,1,Eb Menor,Eb Menor,0.7503,0.0000,0.7503,0.0000,"Eb Menor;G# Menor;Eb Maior",,0.00,,7.74,239.00,239.00,1,1,"v2;w20;harm;aar;song60;far12;near45;tol0.8;floor0.25;drain0.5;bass0.25"
277710,1790792958613,Gb Maior,Eb Menor,1,Eb Menor,Eb Menor,0.7506,0.0000,0.7506,0.0000,"Eb Menor;G# Menor;Eb Maior",,0.00,,8.24,239.48,239.48,1,1,"v2;w20;harm;aar;song60;far12;near45;tol0.8;floor0.25;drain0.5;bass0.25"
278175,1790792959113,Gb Maior,Eb Menor,1,Eb Menor,Eb Menor,0.7497,0.0000,0.7497,0.0000,"Eb Menor;G# Menor;Eb Maior",,0.00,,8.74,238.86,238.86,1,1,"v2;w20;harm;aar;song60;far12;near45;tol0.8;floor0.25;drain0.5;bass0.25"
278732,1790792959612,Gb Maior,Eb Menor,1,Eb Menor,Eb Menor,0.7510,0.0000,0.7510,0.0000,"Eb Menor;G# Menor;Eb Maior",,0.00,,9.24,239.42,239.42,1,1,"v2;w20;harm;aar;song60;far12;near45;tol0.8;floor0.25;drain0.5;bass0.25"
279196,1790792960112,Gb Maior,Eb Menor,1,Eb Menor,Eb Menor,0.7524,0.0000,0.7524,0.0000,"Eb Menor;G# Menor;Eb Maior",,0.00,,9.74,239.90,239.90,1,1,"v2;w20;harm;aar;song60;far12;near45;tol0.8;floor0.25;drain0.5;bass0.25"
279754,1790792960610,Gb Maior,Eb Menor,1,Eb Menor,Eb Menor,0.7517,0.0000,0.7517,0.0000,"Eb Menor;G# Menor;Eb Maior",,0.00,,10.24,239.44,239.44,1,1,"v2;w20;harm;aar;song60;far12;near45;tol0.8;floor0.25;drain0.5;bass0.25"
280218,1790792961113,Gb Maior,Eb Menor,1,Eb Menor,Eb Menor,0.7513,0.0000,0.7513,0.0000,"Eb Menor;G# Menor;Eb Maior",,0.00,,10.74,239.90,239.90,1,1,"v2;w20;harm;aar;song60;far12;near45;tol0.8;floor0.25;drain0.5;bass0.25"
280682,1790792961612,Gb Maior,Eb Menor,1,Eb Menor,Eb Menor,0.7522,0.0000,0.7522,0.0000,"Eb Menor;G# Menor;Eb Maior",,0.00,,11.24,239.36,239.36,1,1,"v2;w20;harm;aar;song60;far12;near45;tol0.8;floor0.25;drain0.5;bass0.25"
281240,1790792962113,Gb Maior,Eb Menor,1,Eb Menor,Eb Menor,0.7525,0.0000,0.7525,0.0000,"Eb Menor;G# Menor;Eb Maior",,0.00,,11.74,239.90,239.90,1,1,"v2;w20;harm;aar;song60;far12;near45;tol0.8;floor0.25;drain0.5;bass0.25"
281704,1790792962613,Gb Maior,Eb Menor,1,Eb Menor,Eb Menor,0.7520,0.0000,0.7520,0.0000,"Eb Menor;G# Menor;Eb Maior",,0.00,,12.23,239.34,239.34,1,1,"v2;w20;harm;aar;song60;far12;near45;tol0.8;floor0.25;drain0.5;bass0.25"
282168,1790792963112,Gb Maior,Eb Menor,1,Eb Menor,Eb Menor,0.7527,0.0000,0.7527,0.0000,"Eb Menor;G# Menor;Eb Maior",,0.00,,12.73,239.80,239.80,1,1,"v2;w20;harm;aar;song60;far12;near45;tol0.8;floor0.25;drain0.5;bass0.25"
282726,1790792963611,Gb Maior,Eb Menor,1,Eb Menor,Eb Menor,0.7530,0.0000,0.7530,0.0000,"Eb Menor;G# Menor;Eb Maior",,0.00,,13.23,239.24,239.24,1,1,"v2;w20;harm;aar;song60;far12;near45;tol0.8;floor0.25;drain0.5;bass0.25"
283190,1790792964113,Gb Maior,Eb Menor,1,Eb Menor,Eb Menor,0.7528,0.0000,0.7528,0.0000,"Eb Menor;G# Menor;Eb Maior",,0.00,,13.73,239.72,239.72,1,1,"v2;w20;harm;aar;song60;far12;near45;tol0.8;floor0.25;drain0.5;bass0.25"
283747,1790792964612,Gb Maior,Eb Menor,1,Eb Menor,Eb Menor,0.7537,0.0000,0.7537,0.0000,"Eb Menor;G# Menor;Eb Maior",,0.00,,14.23,239.26,239.26,1,1,"v2;w20;harm;aar;song60;far12;near45;tol0.8;floor0.25;drain0.5;bass0.25"
284212,1790792965113,Gb Maior,Eb Menor,1,Eb Menor,Eb Menor,0.7541,0.0000,0.7541,0.0000,"Eb Menor;G# Menor;Eb Maior",,0.00,,14.73,239.74,239.74,1,1,"v2;w20;harm;aar;song60;far12;near45;tol0.8;floor0.25;drain0.5;bass0.25"
284676,1790792965612,Gb Maior,Eb Menor,1,Eb Menor,Eb Menor,0.7534,0.0000,0.7534,0.0000,"Eb Menor;G# Menor;Eb Maior",,0.00,,15.23,239.16,239.16,1,1,"v2;w20;harm;aar;song60;far12;near45;tol0.8;floor0.25;drain0.5;bass0.25"
285233,1790792966112,Gb Maior,Eb Menor,1,Eb Menor,Eb Menor,0.7541,0.0000,0.7541,0.0000,"Eb Menor;G# Menor;Eb Maior",,0.00,,15.73,239.72,239.72,1,1,"v2;w20;harm;aar;song60;far12;near45;tol0.8;floor0.25;drain0.5;bass0.25"
285698,1790792966612,Gb Maior,Eb Menor,1,Eb Menor,Eb Menor,0.7530,0.0000,0.7530,0.0000,"Eb Menor;G# Menor;Eb Maior",,0.00,,16.23,239.18,239.18,1,1,"v2;w20;harm;aar;song60;far12;near45;tol0.8;floor0.25;drain0.5;bass0.25"
286255,1790792967113,Gb Maior,Eb Menor,1,Eb Menor,Eb Menor,0.7515,0.0000,0.7515,0.0000,"Eb Menor;G# Menor;Eb Maior",,0.00,,16.73,239.72,239.72,1,1,"v2;w20;harm;aar;song60;far12;near45;tol0.8;floor0.25;drain0.5;bass0.25"
286720,1790792967611,Gb Maior,Eb Menor,1,Eb Menor,Eb Menor,0.7519,0.0000,0.7519,0.0000,"Eb Menor;G# Menor;Eb Maior",,0.00,,17.23,239.16,239.16,1,1,"v2;w20;harm;aar;song60;far12;near45;tol0.8;floor0.25;drain0.5;bass0.25"
287184,1790792968110,Gb Maior,Eb Menor,1,Eb Menor,Eb Menor,0.7510,0.0000,0.7510,0.0000,"Eb Menor;G# Menor;Eb Maior",,0.00,,17.73,239.62,239.62,1,1,"v2;w20;harm;aar;song60;far12;near45;tol0.8;floor0.25;drain0.5;bass0.25"
287741,1790792968612,Gb Maior,Eb Menor,1,Eb Menor,Eb Menor,0.7514,0.0000,0.7514,0.0000,"Eb Menor;G# Menor;Eb Maior",,0.00,,18.23,239.14,239.14,1,1,"v2;w20;harm;aar;song60;far12;near45;tol0.8;floor0.25;drain0.5;bass0.25"
288206,1790792969111,Gb Maior,Eb Menor,1,Eb Menor,Eb Menor,0.7509,0.0000,0.7509,0.0000,"Eb Menor;G# Menor;Eb Maior",,0.00,,18.73,239.62,239.62,1,1,"v2;w20;harm;aar;song60;far12;near45;tol0.8;floor0.25;drain0.5;bass0.25"
288670,1790792969612,Gb Maior,Eb Menor,1,Eb Menor,Eb Menor,0.7498,0.0000,0.7498,0.0000,"Eb Menor;G# Menor;Eb Maior",,0.00,,19.23,239.08,239.08,1,1,"v2;w20;harm;aar;song60;far12;near45;tol0.8;floor0.25;drain0.5;bass0.25"
289227,1790792970112,Gb Maior,Eb Menor,1,Eb Menor,Eb Menor,0.7479,0.0000,0.7479,0.0000,"Eb Menor;G# Menor;Eb Maior",,0.00,,19.73,239.64,239.64,1,1,"v2;w20;harm;aar;song60;far12;near45;tol0.8;floor0.25;drain0.5;bass0.25"
289692,1790792970613,Gb Maior,Eb Menor,1,Eb Menor,Eb Menor,0.7462,0.0000,0.7462,0.0000,"Eb Menor;G# Menor;Eb Maior",,0.00,,20.23,239.08,239.08,1,1,"v2;w20;harm;aar;song60;far12;near45;tol0.8;floor0.25;drain0.5;bass0.25"
290249,1790792971113,Gb Maior,Eb Menor,1,Eb Menor,Eb Menor,0.7452,0.0000,0.7452,0.0000,"Eb Menor;G# Menor;Eb Maior",,0.00,,20.73,239.64,239.64,1,1,"v2;w20;harm;aar;song60;far12;near45;tol0.8;floor0.25;drain0.5;bass0.25"
290713,1790792971613,Gb Maior,Eb Menor,1,Eb Menor,Eb Menor,0.7426,0.0000,0.7426,0.0000,"Eb Menor;G# Menor;Eb Maior",,0.00,,21.23,239.08,239.08,1,1,"v2;w20;harm;aar;song60;far12;near45;tol0.8;floor0.25;drain0.5;bass0.25"
291178,1790792972113,Gb Maior,Eb Menor,1,Eb Menor,Eb Menor,0.7427,0.0000,0.7427,0.0000,"Eb Menor;G# Menor;Eb Maior",,0.00,,21.73,239.52,239.52,1,1,"v2;w20;harm;aar;song60;far12;near45;tol0.8;floor0.25;drain0.5;bass0.25"
291735,1790792972614,Gb Maior,Eb Menor,1,Eb Menor,Eb Menor,0.7424,0.0000,0.7424,0.0000,"Eb Menor;G# Menor;Eb Maior",,0.00,,22.23,239.06,239.06,1,1,"v2;w20;harm;aar;song60;far12;near45;tol0.8;floor0.25;drain0.5;bass0.25"
292199,1790792973113,Gb Maior,Eb Menor,1,Eb Menor,Eb Menor,0.7416,0.0000,0.7416,0.0000,"Eb Menor;G# Menor;Eb Maior",,0.00,,22.73,239.54,239.54,1,1,"v2;w20;harm;aar;song60;far12;near45;tol0.8;floor0.25;drain0.5;bass0.25"
292757,1790792973612,Gb Maior,Eb Menor,1,Eb Menor,Eb Menor,0.7411,0.0000,0.7411,0.0000,"Eb Menor;G# Menor;Eb Maior",,0.00,,23.22,239.06,239.06,1,1,"v2;w20;harm;aar;song60;far12;near45;tol0.8;floor0.25;drain0.5;bass0.25"
293221,1790792974113,Gb Maior,Eb Menor,1,Eb Menor,Eb Menor,0.7414,0.0000,0.7414,0.0000,"Eb Menor;G# Menor;Eb Maior",,0.00,,23.72,239.54,239.54,1,1,"v2;w20;harm;aar;song60;far12;near45;tol0.8;floor0.25;drain0.5;bass0.25"
293685,1790792974613,Gb Maior,Eb Menor,1,Eb Menor,Eb Menor,0.7409,0.0000,0.7409,0.0000,"Eb Menor;G# Menor;Eb Maior",,0.00,,24.22,238.98,238.98,1,1,"v2;w20;harm;aar;song60;far12;near45;tol0.8;floor0.25;drain0.5;bass0.25"
294243,1790792975113,Gb Maior,Eb Menor,1,Eb Menor,Eb Menor,0.7414,0.0000,0.7414,0.0000,"Eb Menor;G# Menor;Eb Maior",,0.00,,24.72,239.52,239.52,1,1,"v2;w20;harm;aar;song60;far12;near45;tol0.8;floor0.25;drain0.5;bass0.25"
294707,1790792975612,Gb Maior,Eb Menor,1,Eb Menor,Eb Menor,0.7416,0.0000,0.7416,0.0000,"Eb Menor;G# Menor;Eb Maior",,0.00,,25.22,238.98,238.98,1,1,"v2;w20;harm;aar;song60;far12;near45;tol0.8;floor0.25;drain0.5;bass0.25"
295172,1790792976112,Gb Maior,Eb Menor,1,Eb Menor,Eb Menor,0.7407,0.0000,0.7407,0.0000,"Eb Menor;G# Menor;Eb Maior",,0.00,,25.72,239.44,239.44,1,1,"v2;w20;harm;aar;song60;far12;near45;tol0.8;floor0.25;drain0.5;bass0.25"
295729,1790792976614,Gb Maior,Eb Menor,1,Eb Menor,Eb Menor,0.7408,0.0000,0.7408,0.0000,"Eb Menor;G# Menor;Eb Maior",,0.00,,26.22,238.98,238.98,1,1,"v2;w20;harm;aar;song60;far12;near45;tol0.8;floor0.25;drain0.5;bass0.25"
296193,1790792977113,Gb Maior,Eb Menor,1,Eb Menor,Eb Menor,0.7422,0.0000,0.7422,0.0000,"Eb Menor;G# Menor;Eb Maior",,0.00,,26.72,239.44,239.44,1,1,"v2;w20;harm;aar;song60;far12;near45;tol0.8;floor0.25;drain0.5;bass0.25"
296751,1790792977613,Gb Maior,Eb Menor,1,Eb Menor,Eb Menor,0.7424,0.0000,0.7424,0.0000,"Eb Menor;G# Menor;Eb Maior",,0.00,,27.22,238.97,238.97,1,1,"v2;w20;harm;aar;song60;far12;near45;tol0.8;floor0.25;drain0.5;bass0.25"
297215,1790792978112,Gb Maior,Eb Menor,1,Eb Menor,Eb Menor,0.7415,0.0000,0.7415,0.0000,"Eb Menor;G# Menor;Eb Maior",,0.00,,27.72,239.44,239.44,1,1,"v2;w20;harm;aar;song60;far12;near45;tol0.8;floor0.25;drain0.5;bass0.25"
297679,1790792978612,Gb Maior,Eb Menor,1,Eb Menor,Eb Menor,0.7418,0.0000,0.7418,0.0000,"Eb Menor;G# Menor;Eb Maior",,0.00,,28.22,239.88,239.88,1,1,"v2;w20;harm;aar;song60;far12;near45;tol0.8;floor0.25;drain0.5;bass0.25"
298237,1790792979113,Gb Maior,Eb Menor,1,Eb Menor,Eb Menor,0.7412,0.0000,0.7412,0.0000,"Eb Menor;G# Menor;Eb Maior",,0.00,,28.72,239.44,239.44,1,1,"v2;w20;harm;aar;song60;far12;near45;tol0.8;floor0.25;drain0.5;bass0.25"
298701,1790792979612,Gb Maior,Eb Menor,1,Eb Menor,Eb Menor,0.7418,0.0000,0.7418,0.0000,"Eb Menor;G# Menor;Eb Maior",,0.00,,29.22,239.90,239.90,1,1,"v2;w20;harm;aar;song60;far12;near45;tol0.8;floor0.25;drain0.5;bass0.25"
299258,1790792980112,Gb Maior,Eb Menor,1,Eb Menor,Eb Menor,0.7410,0.0000,0.7410,0.0000,"Eb Menor;G# Menor;Eb Maior",,0.00,,29.72,239.44,239.44,1,1,"v2;w20;harm;aar;song60;far12;near45;tol0.8;floor0.25;drain0.5;bass0.25"
299723,1790792980613,Gb Maior,Eb Menor,1,Eb Menor,Eb Menor,0.7417,0.0000,0.7417,0.0000,"Eb Menor;G# Menor;Eb Maior",,0.00,,30.22,239.92,239.92,1,1,"v2;w20;harm;aar;song60;far12;near45;tol0.8;floor0.25;drain0.5;bass0.25"
300187,1790792981113,Gb Maior,Eb Menor,1,Eb Menor,Eb Menor,0.7418,0.0000,0.7418,0.0000,"Eb Menor;G# Menor;Eb Maior",,0.00,,30.72,239.36,239.36,1,1,"v2;w20;harm;aar;song60;far12;near45;tol0.8;floor0.25;drain0.5;bass0.25"
300744,1790792981612,Gb Maior,Eb Menor,1,Eb Menor,Eb Menor,0.7423,0.0000,0.7423,0.0000,"Eb Menor;G# Menor;Eb Maior",,0.00,,31.22,239.92,239.92,1,1,"v2;w20;harm;aar;song60;far12;near45;tol0.8;floor0.25;drain0.5;bass0.25"
301209,1790792982112,Gb Maior,Eb Menor,1,Eb Menor,Eb Menor,0.7411,0.0000,0.7411,0.0000,"Eb Menor;G# Menor;Eb Maior",,0.00,,31.72,239.34,239.34,1,1,"v2;w20;harm;aar;song60;far12;near45;tol0.8;floor0.25;drain0.5;bass0.25"
301673,1790792982613,Gb Maior,Eb Menor,1,Eb Menor,Eb Menor,0.7405,0.0000,0.7405,0.0000,"Eb Menor;G# Menor;Eb Maior",,0.00,,32.22,239.80,239.80,1,1,"v2;w20;harm;aar;song60;far12;near45;tol0.8;floor0.25;drain0.5;bass0.25"
302230,1790792983113,Gb Maior,Eb Menor,1,Eb Menor,Eb Menor,0.7399,0.0000,0.7399,0.0000,"Eb Menor;G# Menor;Eb Maior",,0.00,,32.72,239.34,239.34,1,1,"v2;w20;harm;aar;song60;far12;near45;tol0.8;floor0.25;drain0.5;bass0.25"
302695,1790792983612,Gb Maior,Eb Menor,1,Eb Menor,Eb Menor,0.7387,0.0000,0.7387,0.0000,"Eb Menor;G# Menor;Eb Maior",,0.00,,33.22,239.80,239.80,1,1,"v2;w20;harm;aar;song60;far12;near45;tol0.8;floor0.25;drain0.5;bass0.25"
303252,1790792984112,Gb Maior,Eb Menor,1,Eb Menor,Eb Menor,0.7384,0.0000,0.7384,0.0000,"Eb Menor;G# Menor;Eb Maior",,0.00,,33.72,239.24,239.24,1,1,"v2;w20;harm;aar;song60;far12;near45;tol0.8;floor0.25;drain0.5;bass0.25"
303717,1790792984612,Gb Maior,Eb Menor,1,Eb Menor,Eb Menor,0.7392,0.0000,0.7392,0.0000,"Eb Menor;G# Menor;Eb Maior",,0.00,,34.21,239.72,239.72,1,1,"v2;w20;harm;aar;song60;far12;near45;tol0.8;floor0.25;drain0.5;bass0.25"
304181,1790792985112,Gb Maior,Eb Menor,1,Eb Menor,Eb Menor,0.7375,0.0000,0.7375,0.0000,"Eb Menor;G# Menor;Eb Maior",,0.00,,34.71,239.06,239.06,1,1,"v2;w20;harm;aar;song60;far12;near45;tol0.8;floor0.25;drain0.5;bass0.25"
304738,1790792985612,Gb Maior,Eb Menor,1,Eb Menor,Eb Menor,0.7348,0.0000,0.7348,0.0000,"Eb Menor;G# Menor;Eb Maior",,0.00,,35.21,239.64,239.64,1,1,"v2;w20;harm;aar;song60;far12;near45;tol0.8;floor0.25;drain0.5;bass0.25"
305203,1790792986111,Gb Maior,Eb Menor,1,Eb Menor,Eb Menor,0.7343,0.0000,0.7343,0.0000,"Eb Menor;G# Menor;Eb Maior",,0.00,,35.71,239.08,239.08,1,1,"v2;w20;harm;aar;song60;far12;near45;tol0.8;floor0.25;drain0.5;bass0.25"
305760,1790792986612,Gb Maior,Eb Menor,1,Eb Menor,Eb Menor,0.7337,0.0000,0.7337,0.0000,"Eb Menor;G# Menor;Eb Maior",,0.00,,36.21,239.62,239.62,1,1,"v2;w20;harm;aar;song60;far12;near45;tol0.8;floor0.25;drain0.5;bass0.25"
306224,1790792987113,Gb Maior,Eb Menor,1,Eb Menor,Eb Menor,0.7318,0.0000,0.7318,0.0000,"Eb Menor;G# Menor;Eb Maior",,0.00,,36.71,239.08,239.08,1,1,"v2;w20;harm;aar;song60;far12;near45;tol0.8;floor0.25;drain0.5;bass0.25"
306689,1790792987612,Gb Maior,Eb Menor,1,Eb Menor,Eb Menor,0.7315,0.0000,0.7315,0.0000,"Eb Menor;G# Menor;Eb Maior",,0.00,,37.21,239.54,239.54,1,1,"v2;w20;harm;aar;song60;far12;near45;tol0.8;floor0.25;drain0.5;bass0.25"
307246,1790792988113,Gb Maior,Eb Menor,1,Eb Menor,Eb Menor,0.7307,0.0000,0.7307,0.0000,"Eb Menor;G# Menor;Eb Maior",,0.00,,37.71,239.08,239.08,1,1,"v2;w20;harm;aar;song60;far12;near45;tol0.8;floor0.25;drain0.5;bass0.25"
307710,1790792988612,Gb Maior,Eb Menor,1,Eb Menor,Eb Menor,0.7297,0.0000,0.7297,0.0000,"Eb Menor;G# Menor;Eb Maior",,0.00,,38.21,239.54,239.54,1,1,"v2;w20;harm;aar;song60;far12;near45;tol0.8;floor0.25;drain0.5;bass0.25"
308175,1790792989112,Gb Maior,Eb Menor,1,Eb Menor,Eb Menor,0.7290,0.0000,0.7290,0.0000,"Eb Menor;G# Menor;Eb Maior",,0.00,,38.71,238.96,238.96,1,1,"v2;w20;harm;aar;song60;far12;near45;tol0.8;floor0.25;drain0.5;bass0.25"
308732,1790792989613,Gb Maior,Eb Menor,1,Eb Menor,Eb Menor,0.7289,0.0000,0.7289,0.0000,"Eb Menor;G# Menor;Eb Maior",,0.00,,39.21,239.52,239.52,1,1,"v2;w20;harm;aar;song60;far12;near45;tol0.8;floor0.25;drain0.5;bass0.25"
309196,1790792990112,Gb Maior,Eb Menor,1,Eb Menor,Eb Menor,0.7286,0.0000,0.7286,0.0000,"Eb Menor;G# Menor;Eb Maior",,0.00,,39.71,238.98,238.98,1,1,"v2;w20;harm;aar;song60;far12;near45;tol0.8;floor0.25;drain0.5;bass0.25"
309661,1790792990612,Gb Maior,Eb Menor,1,Eb Menor,Eb Menor,0.7286,0.0000,0.7286,0.0000,"Eb Menor;G# Menor;Eb Maior",,0.00,,40.21,239.44,239.44,1,1,"v2;w20;harm;aar;song60;far12;near45;tol0.8;floor0.25;drain0.5;bass0.25"
310218,1790792991111,Gb Maior,Eb Menor,1,Eb Menor,Eb Menor,0.7286,0.0000,0.7286,0.0000,"Eb Menor;G# Menor;Eb Maior",,0.00,,40.71,239.00,239.00,1,1,"v2;w20;harm;aar;song60;far12;near45;tol0.8;floor0.25;drain0.5;bass0.25"
310682,1790792991613,Gb Maior,Eb Menor,1,Eb Menor,Eb Menor,0.7285,0.0000,0.7285,0.0000,"Eb Menor;G# Menor;Eb Maior",,0.00,,41.21,239.44,239.44,1,1,"v2;w20;harm;aar;song60;far12;near45;tol0.8;floor0.25;drain0.5;bass0.25"
311240,1790792992112,Gb Maior,Eb Menor,1,Eb Menor,Eb Menor,0.7287,0.0000,0.7287,0.0000,"Eb Menor;G# Menor;Eb Maior",,0.00,,41.71,238.94,238.94,1,1,"v2;w20;harm;aar;song60;far12;near45;tol0.8;floor0.25;drain0.5;bass0.25"
311704,1790792992612,Gb Maior,Eb Menor,1,Eb Menor,Eb Menor,0.7296,0.0000,0.7296,0.0000,"Eb Menor;G# Menor;Eb Maior",,0.00,,42.20,239.40,239.40,1,1,"v2;w20;harm;aar;song60;far12;near45;tol0.8;floor0.25;drain0.5;bass0.25"
312169,1790792993112,Gb Maior,Eb Menor,1,Eb Menor,Eb Menor,0.7304,0.0000,0.7304,0.0000,"Eb Menor;G# Menor;Eb Maior",,0.00,,42.70,239.86,239.86,1,1,"v2;w20;harm;aar;song60;far12;near45;tol0.8;floor0.25;drain0.5;bass0.25"
312726,1790792993613,Gb Maior,Eb Menor,1,Eb Menor,Eb Menor,0.7304,0.0000,0.7304,0.0000,"Eb Menor;G# Menor;Eb Maior",,0.00,,43.20,239.36,239.36,1,1,"v2;w20;harm;aar;song60;far12;near45;tol0.8;floor0.25;drain0.5;bass0.25"
313190,1790792994112,Gb Maior,Eb Menor,1,Eb Menor,Eb Menor,0.7308,0.0000,0.7308,0.0000,"Eb Menor;G# Menor;Eb Maior",,0.00,,43.70,239.82,239.82,1,1,"v2;w20;harm;aar;song60;far12;near45;tol0.8;floor0.25;drain0.5;bass0.25"
313748,1790792994612,Gb Maior,Eb Menor,1,Eb Menor,Eb Menor,0.7306,0.0000,0.7306,0.0000,"Eb Menor;G# Menor;Eb Maior",,0.00,,44.20,239.34,239.34,1,1,"v2;w20;harm;aar;song60;far12;near45;tol0.8;floor0.25;drain0.5;bass0.25"
314212,1790792995113,Gb Maior,Eb Menor,1,Eb Menor,Eb Menor,0.7305,0.0000,0.7305,0.0000,"Eb Menor;G# Menor;Eb Maior",,0.00,,44.70,239.80,239.80,1,1,"v2;w20;harm;aar;song60;far12;near45;tol0.8;floor0.25;drain0.5;bass0.25"
314676,1790792995619,Eb Menor,Eb Menor,0,Eb Menor,Gb Maior,0.7306,0.7306,0.6873,0.1734,"Gb Maior;G# Menor;Eb Maior",,0.00,neighborKeyConfirmed,45.20,19.86,19.86,2,0,"v2;w20;harm;aar;song60;far12;near45;tol0.8;floor0.25;drain0.5;bass0.25"
315234,1790792996111,Eb Menor,Eb Menor,0,Eb Menor,Gb Maior,0.6814,0.6814,0.6207,0.2426,"Gb Maior;G# Menor;Eb Maior",,0.00,,0.00,20.42,20.42,2,0,"v2;w20;harm;aar;song60;far12;near45;tol0.8;floor0.25;drain0.5;bass0.25"
315698,1790792996612,Eb Menor,Eb Menor,0,Eb Menor,Gb Maior,0.6789,0.6789,0.6195,0.2379,"Gb Maior;G# Menor;Eb Maior",,0.00,,0.00,20.88,20.88,2,0,"v2;w20;harm;aar;song60;far12;near45;tol0.8;floor0.25;drain0.5;bass0.25"
316162,1790792997110,Eb Menor,Eb Menor,0,Eb Menor,Gb Maior,0.6804,0.6804,0.6213,0.2362,"Gb Maior;G# Menor;Eb Maior",,0.00,,0.00,21.36,21.36,2,0,"v2;w20;harm;aar;song60;far12;near45;tol0.8;floor0.25;drain0.5;bass0.25"
316720,1790792997612,Eb Menor,Eb Menor,0,Eb Menor,Gb Maior,0.6801,0.6801,0.6226,0.2299,"Gb Maior;G# Menor;Eb Maior",,0.00,,0.00,21.92,21.92,2,0,"v2;w20;harm;aar;song60;far12;near45;tol0.8;floor0.25;drain0.5;bass0.25"
317184,1790792998109,Eb Menor,Eb Menor,0,Eb Menor,Gb Maior,0.6792,0.6792,0.6223,0.2273,"Gb Maior;G# Menor;Eb Maior",,0.00,,0.00,22.36,22.36,2,0,"v2;w20;harm;aar;song60;far12;near45;tol0.8;floor0.25;drain0.5;bass0.25"
317741,1790792998611,Eb Menor,Eb Menor,0,Eb Menor,Gb Maior,0.6807,0.6807,0.6198,0.2436,"Gb Maior;G# Menor;Eb Maior",,0.00,,0.00,22.94,22.94,2,0,"v2;w20;harm;aar;song60;far12;near45;tol0.8;floor0.25;drain0.5;bass0.25"
318206,1790792999112,Eb Menor,Eb Menor,0,Eb Menor,Gb Maior,0.6788,0.6788,0.6148,0.2560,"Gb Maior;G# Menor;Eb Maior",,0.00,,0.00,23.40,23.40,2,0,"v2;w20;harm;aar;song60;far12;near45;tol0.8;floor0.25;drain0.5;bass0.25"
318670,1790792999611,Eb Menor,Eb Menor,0,Eb Menor,Gb Maior,0.6818,0.6818,0.6185,0.2533,"Gb Maior;G# Menor;Eb Maior",,0.00,,0.00,23.88,23.88,2,0,"v2;w20;harm;aar;song60;far12;near45;tol0.8;floor0.25;drain0.5;bass0.25"
319227,1790793000112,Eb Menor,Eb Menor,0,Eb Menor,Gb Maior,0.6864,0.6864,0.6208,0.2624,"Gb Maior;G# Menor;Eb Maior",,0.00,,0.00,24.42,24.42,2,0,"v2;w20;harm;aar;song60;far12;near45;tol0.8;floor0.25;drain0.5;bass0.25"
319692,1790793000612,Eb Menor,Eb Menor,0,Eb Menor,Gb Maior,0.6829,0.6829,0.6151,0.2710,"Gb Maior;G# Menor;Eb Maior",,0.00,,0.00,24.88,24.88,2,0,"v2;w20;harm;aar;song60;far12;near45;tol0.8;floor0.25;drain0.5;bass0.25"
320249,1790793001113,Eb Menor,Eb Menor,0,Eb Menor,Gb Maior,0.6663,0.6663,0.5970,0.2774,"Gb Maior;G# Menor;Eb Maior",,0.00,,0.00,25.44,25.44,2,0,"v2;w20;harm;aar;song60;far12;near45;tol0.8;floor0.25;drain0.5;bass0.25"
320714,1790793001612,Eb Menor,Eb Menor,0,Eb Menor,Gb Maior,0.6646,0.6646,0.5941,0.2818,"Gb Maior;G# Menor;Eb Maior",,0.00,,0.00,25.90,25.90,2,0,"v2;w20;harm;aar;song60;far12;near45;tol0.8;floor0.25;drain0.5;bass0.25"
321178,1790793002111,Eb Menor,Eb Menor,0,Eb Menor,Gb Maior,0.6639,0.6639,0.5948,0.2766,"Gb Maior;G# Menor;Eb Maior",,0.00,,0.00,26.36,26.36,2,0,"v2;w20;harm;aar;song60;far12;near45;tol0.8;floor0.25;drain0.5;bass0.25"
321735,1790793002612,Eb Menor,Eb Menor,0,Eb Menor,Gb Maior,0.6533,0.6533,0.5850,0.2734,"Gb Maior;G# Menor;Eb Maior",,0.00,,0.00,26.92,26.92,2,0,"v2;w20;harm;aar;song60;far12;near45;tol0.8;floor0.25;drain0.5;bass0.25"
322200,1790793003112,Eb Menor,Eb Menor,0,Eb Menor,Gb Maior,0.6498,0.6498,0.5845,0.2613,"Gb Maior;G# Menor;Eb Maior",,0.00,,0.00,27.38,27.38,2,0,"v2;w20;harm;aar;song60;far12;near45;tol0.8;floor0.25;drain0.5;bass0.25"
322664,1790793003612,Eb Menor,Eb Menor,0,Eb Menor,Gb Maior,0.6458,0.6458,0.5797,0.2643,"Gb Maior;G# Menor;Eb Maior",,0.00,,0.00,27.86,27.86,2,0,"v2;w20;harm;aar;song60;far12;near45;tol0.8;floor0.25;drain0.5;bass0.25"
323221,1790793004112,Eb Menor,Eb Menor,0,Eb Menor,Gb Maior,0.6433,0.6433,0.5781,0.2608,"Gb Maior;G# Menor;Eb Maior",,0.00,,0.00,28.42,28.42,2,0,"v2;w20;harm;aar;song60;far12;near45;tol0.8;floor0.25;drain0.5;bass0.25"
323686,1790793004612,Eb Menor,Eb Menor,0,Eb Menor,Gb Maior,0.6433,0.6433,0.5775,0.2633,"Gb Maior;G# Menor;Eb Maior",,0.00,,0.00,28.86,28.86,2,0,"v2;w20;harm;aar;song60;far12;near45;tol0.8;floor0.25;drain0.5;bass0.25"
324243,1790793005113,Eb Menor,Eb Menor,0,Eb Menor,Gb Maior,0.6455,0.6455,0.5787,0.2668,"Gb Maior;G# Menor;Eb Maior",,0.00,,0.00,29.44,29.44,2,0,"v2;w20;harm;aar;song60;far12;near45;tol0.8;floor0.25;drain0.5;bass0.25"
324707,1790793005612,Eb Menor,Eb Menor,0,Eb Menor,Gb Maior,0.6488,0.6488,0.5814,0.2695,"Gb Maior;G# Menor;Eb Maior",,0.00,,0.00,29.90,29.90,2,0,"v2;w20;harm;aar;song60;far12;near45;tol0.8;floor0.25;drain0.5;bass0.25"
325172,1790793006112,Eb Menor,Eb Menor,0,Eb Menor,Gb Maior,0.6535,0.6535,0.5848,0.2747,"Gb Maior;G# Menor;Eb Maior",,0.00,,0.00,30.38,30.38,2,1,"v2;w20;harm;aar;song60;far12;near45;tol0.8;floor0.25;drain0.5;bass0.25"
325729,1790793006613,Eb Menor,Eb Menor,0,Eb Menor,Gb Maior,0.6565,0.6565,0.5874,0.2764,"Gb Maior;G# Menor;Eb Maior",,0.00,,0.00,30.92,30.92,2,1,"v2;w20;harm;aar;song60;far12;near45;tol0.8;floor0.25;drain0.5;bass0.25"
326193,1790793007112,Eb Menor,Eb Menor,0,Eb Menor,Gb Maior,0.6573,0.6573,0.5890,0.2730,"Gb Maior;G# Menor;Eb Maior",,0.00,,0.00,31.38,31.38,2,1,"v2;w20;harm;aar;song60;far12;near45;tol0.8;floor0.25;drain0.5;bass0.25"
326751,1790793007612,Eb Menor,Eb Menor,0,Eb Menor,Gb Maior,0.6602,0.6602,0.5896,0.2825,"Gb Maior;G# Menor;Eb Maior",,0.00,,0.00,31.94,31.94,2,1,"v2;w20;harm;aar;song60;far12;near45;tol0.8;floor0.25;drain0.5;bass0.25"
327215,1790793008112,Eb Menor,Eb Menor,0,Eb Menor,Gb Maior,0.6644,0.6644,0.5932,0.2845,"Gb Maior;G# Menor;Eb Maior",,0.00,,0.00,32.40,32.40,2,1,"v2;w20;harm;aar;song60;far12;near45;tol0.8;floor0.25;drain0.5;bass0.25"
327679,1790793008612,Eb Menor,Eb Menor,0,Eb Menor,Gb Maior,0.6657,0.6657,0.5958,0.2798,"Gb Maior;G# Menor;Eb Maior",,0.00,,0.00,32.88,32.88,2,1,"v2;w20;harm;aar;song60;far12;near45;tol0.8;floor0.25;drain0.5;bass0.25"
328237,1790793009113,Eb Menor,Eb Menor,0,Eb Menor,Gb Maior,0.6672,0.6672,0.5984,0.2755,"Gb Maior;G# Menor;Eb Maior",,0.00,,0.00,33.42,33.42,2,1,"v2;w20;harm;aar;song60;far12;near45;tol0.8;floor0.25;drain0.5;bass0.25"
328701,1790793009612,Eb Menor,Eb Menor,0,Eb Menor,Gb Maior,0.6671,0.6671,0.5991,0.2718,"Gb Maior;G# Menor;Eb Maior",,0.00,,0.00,33.88,33.88,2,1,"v2;w20;harm;aar;song60;far12;near45;tol0.8;floor0.25;drain0.5;bass0.25"
329166,1790793010111,Eb Menor,Eb Menor,0,Eb Menor,Gb Maior,0.6679,0.6679,0.6005,0.2693,"Gb Maior;G# Menor;Eb Maior",,0.00,,0.00,34.36,34.36,2,1,"v2;w20;harm;aar;song60;far12;near45;tol0.8;floor0.25;drain0.5;bass0.25"
329723,1790793010611,Eb Menor,Eb Menor,0,Eb Menor,Gb Maior,0.6684,0.6684,0.6010,0.2692,"Gb Maior;G# Menor;Eb Maior",,0.00,,0.00,34.92,34.92,2,1,"v2;w20;harm;aar;song60;far12;near45;tol0.8;floor0.25;drain0.5;bass0.25"
330187,1790793011112,Eb Menor,Eb Menor,0,Eb Menor,Gb Maior,0.6689,0.6689,0.6029,0.2641,"Gb Maior;G# Menor;Eb Maior",,0.00,,0.00,35.38,35.38,2,1,"v2;w20;harm;aar;song60;far12;near45;tol0.8;floor0.25;drain0.5;bass0.25"
330745,1790793011613,Eb Menor,Eb Menor,0,Eb Menor,Gb Maior,0.6733,0.6733,0.6050,0.2732,"Gb Maior;G# Menor;Eb Maior",,0.00,,0.00,35.94,35.94,2,1,"v2;w20;harm;aar;song60;far12;near45;tol0.8;floor0.25;drain0.5;bass0.25"
331209,1790793012112,Eb Menor,Eb Menor,0,Eb Menor,Gb Maior,0.6727,0.6727,0.6038,0.2754,"Gb Maior;G# Menor;Eb Maior",,0.00,,0.00,36.40,36.40,2,1,"v2;w20;harm;aar;song60;far12;near45;tol0.8;floor0.25;drain0.5;bass0.25"
331673,1790793012612,Eb Menor,Eb Menor,0,Eb Menor,Gb Maior,0.6736,0.6736,0.6047,0.2757,"Gb Maior;G# Menor;Eb Maior",,0.00,,0.00,36.88,36.88,2,1,"v2;w20;harm;aar;song60;far12;near45;tol0.8;floor0.25;drain0.5;bass0.25"
332231,1790793013113,Eb Menor,Eb Menor,0,Eb Menor,Gb Maior,0.6726,0.6726,0.6055,0.2687,"Gb Maior;G# Menor;Eb Maior",,0.00,,0.00,37.42,37.42,2,1,"v2;w20;harm;aar;song60;far12;near45;tol0.8;floor0.25;drain0.5;bass0.25"
332695,1790793013612,Eb Menor,Eb Menor,0,Eb Menor,Gb Maior,0.6720,0.6720,0.6072,0.2594,"Gb Maior;G# Menor;Eb Maior",,0.00,,0.00,37.88,37.88,2,1,"v2;w20;harm;aar;song60;far12;near45;tol0.8;floor0.25;drain0.5;bass0.25"
333252,1790793014113,Eb Menor,Eb Menor,0,Eb Menor,Gb Maior,0.6661,0.6661,0.6033,0.2512,"Gb Maior;G# Menor;Eb Maior",,0.00,,0.00,38.44,38.44,2,1,"v2;w20;harm;aar;song60;far12;near45;tol0.8;floor0.25;drain0.5;bass0.25"
333717,1790793014612,Eb Menor,Eb Menor,0,Eb Menor,Gb Maior,0.6668,0.6668,0.6040,0.2513,"Gb Maior;G# Menor;Eb Maior",,0.00,,0.00,38.90,38.90,2,1,"v2;w20;harm;aar;song60;far12;near45;tol0.8;floor0.25;drain0.5;bass0.25"
334181,1790793015112,Eb Menor,Eb Menor,0,Eb Menor,Gb Maior,0.6724,0.6724,0.6062,0.2647,"Gb Maior;G# Menor;Eb Maior",,0.00,,0.00,39.38,39.38,2,1,"v2;w20;harm;aar;song60;far12;near45;tol0.8;floor0.25;drain0.5;bass0.25"
334738,1790793015611,Eb Menor,Eb Menor,0,Eb Menor,Gb Maior,0.6762,0.6762,0.6087,0.2698,"Gb Maior;G# Menor;Eb Maior",,0.00,,0.00,39.92,39.92,2,1,"v2;w20;harm;aar;song60;far12;near45;tol0.8;floor0.25;drain0.5;bass0.25"
335203,1790793016109,Eb Menor,Eb Menor,0,Eb Menor,Gb Maior,0.6746,0.6746,0.6106,0.2561,"Gb Maior;G# Menor;Eb Maior",,0.00,,0.00,40.38,40.38,2,1,"v2;w20;harm;aar;song60;far12;near45;tol0.8;floor0.25;drain0.5;bass0.25"
335667,1790793016610,Eb Menor,Eb Menor,0,Eb Menor,Gb Maior,0.6759,0.6759,0.6166,0.2372,"Gb Maior;G# Menor;Eb Maior",,0.00,,0.00,40.86,40.86,2,1,"v2;w20;harm;aar;song60;far12;near45;tol0.8;floor0.25;drain0.5;bass0.25"
336224,1790793017110,Eb Menor,Eb Menor,0,Eb Menor,Gb Maior,0.6771,0.6771,0.6247,0.2094,"Gb Maior;G# Menor;Eb Maior",,0.00,,0.00,41.42,41.42,2,1,"v2;w20;harm;aar;song60;far12;near45;tol0.8;floor0.25;drain0.5;bass0.25"
336689,1790793017608,Eb Menor,Eb Menor,0,Eb Menor,Gb Maior,0.6780,0.6780,0.6308,0.1888,"Gb Maior;G# Menor;Eb Maior",,0.00,,0.00,41.88,41.88,2,1,"v2;w20;harm;aar;song60;far12;near45;tol0.8;floor0.25;drain0.5;bass0.25"
337246,1790793018109,Eb Menor,Eb Menor,0,Eb Menor,Gb Maior,0.6783,0.6783,0.6369,0.1655,"Gb Maior;G# Menor;Eb Maior",,0.00,,0.00,42.44,42.44,2,1,"v2;w20;harm;aar;song60;far12;near45;tol0.8;floor0.25;drain0.5;bass0.25"
337711,1790793018612,Eb Menor,Eb Menor,0,Eb Menor,Gb Maior,0.6783,0.6783,0.6337,0.1786,"Gb Maior;G# Menor;Eb Maior",,0.00,,0.00,42.90,42.90,2,1,"v2;w20;harm;aar;song60;far12;near45;tol0.8;floor0.25;drain0.5;bass0.25"
338175,1790793019113,Eb Menor,Eb Menor,0,Eb Menor,Gb Maior,0.6796,0.6796,0.6301,0.1979,"Gb Maior;G# Menor;Eb Maior",,0.00,,0.00,43.38,43.38,2,1,"v2;w20;harm;aar;song60;far12;near45;tol0.8;floor0.25;drain0.5;bass0.25"
338732,1790793019613,Eb Menor,Eb Menor,0,Eb Menor,Gb Maior,0.6803,0.6803,0.6268,0.2142,"Gb Maior;G# Menor;Eb Maior",,0.00,,0.00,43.92,43.92,2,1,"v2;w20;harm;aar;song60;far12;near45;tol0.8;floor0.25;drain0.5;bass0.25"
339197,1790793020109,Eb Menor,Eb Menor,0,Eb Menor,Gb Maior,0.6797,0.6797,0.6243,0.2215,"Gb Maior;G# Menor;Eb Maior",,0.00,,0.00,44.40,44.40,2,1,"v2;w20;harm;aar;song60;far12;near45;tol0.8;floor0.25;drain0.5;bass0.25"
339754,1790793020613,Eb Menor,Eb Menor,0,Eb Menor,Gb Maior,0.6776,0.6776,0.6210,0.2261,"Gb Maior;G# Menor;Eb Maior",,0.00,,0.00,44.94,44.94,2,1,"v2;w20;harm;aar;song60;far12;near45;tol0.8;floor0.25;drain0.5;bass0.25"
340218,1790793021113,Eb Menor,Eb Menor,0,Eb Menor,Gb Maior,0.6753,0.6753,0.6176,0.2306,"Gb Maior;G# Menor;Eb Maior",,0.00,,0.00,45.40,45.40,2,1,"v2;w20;harm;aar;song60;far12;near45;tol0.8;floor0.25;drain0.5;bass0.25"
340683,1790793021611,Eb Menor,Eb Menor,0,Eb Menor,Gb Maior,0.6731,0.6731,0.6142,0.2355,"Gb Maior;G# Menor;Eb Maior",,0.00,,0.00,45.88,45.88,2,1,"v2;w20;harm;aar;song60;far12;near45;tol0.8;floor0.25;drain0.5;bass0.25"
341240,1790793022113,Eb Menor,Eb Menor,0,Eb Menor,Gb Maior,0.6698,0.6698,0.6087,0.2443,"Gb Maior;G# Menor;Eb Maior",,0.00,,0.00,46.42,46.42,2,1,"v2;w20;harm;aar;song60;far12;near45;tol0.8;floor0.25;drain0.5;bass0.25"
341704,1790793022612,Eb Menor,Eb Menor,0,Eb Menor,Gb Maior,0.6665,0.6665,0.6044,0.2483,"Gb Maior;G# Menor;Eb Maior",,0.00,,0.00,46.90,46.90,2,1,"v2;w20;harm;aar;song60;far12;near45;tol0.8;floor0.25;drain0.5;bass0.25"
342169,1790793023112,Eb Menor,Eb Menor,0,Eb Menor,Gb Maior,0.6647,0.6647,0.6021,0.2503,"Gb Maior;G# Menor;Eb Maior",,0.00,,0.00,47.36,47.36,2,1,"v2;w20;harm;aar;song60;far12;near45;tol0.8;floor0.25;drain0.5;bass0.25"
342726,1790793023609,Eb Menor,Eb Menor,0,Eb Menor,Gb Maior,0.6621,0.6621,0.6011,0.2440,"Gb Maior;G# Menor;Eb Maior",,0.00,,0.00,47.92,47.92,2,1,"v2;w20;harm;aar;song60;far12;near45;tol0.8;floor0.25;drain0.5;bass0.25"
343190,1790793024112,Eb Menor,Eb Menor,0,Eb Menor,Gb Maior,0.6584,0.6584,0.5986,0.2393,"Gb Maior;G# Menor;Eb Maior",,0.00,,0.00,48.38,48.38,2,1,"v2;w20;harm;aar;song60;far12;near45;tol0.8;floor0.25;drain0.5;bass0.25"
343748,1790793024613,Eb Menor,Eb Menor,0,Eb Menor,Gb Maior,0.6557,0.6557,0.5991,0.2264,"Gb Maior;G# Menor;Eb Maior",,0.00,,0.00,48.94,48.94,2,1,"v2;w20;harm;aar;song60;far12;near45;tol0.8;floor0.25;drain0.5;bass0.25"
344212,1790793025111,Eb Menor,Eb Menor,0,Eb Menor,Gb Maior,0.6521,0.6521,0.5963,0.2232,"Gb Maior;G# Menor;Eb Maior",,0.00,,0.00,49.40,49.40,2,1,"v2;w20;harm;aar;song60;far12;near45;tol0.8;floor0.25;drain0.5;bass0.25"
344677,1790793025612,Eb Menor,Eb Menor,0,Eb Menor,Gb Maior,0.6533,0.6533,0.5993,0.2160,"Gb Maior;G# Menor;Eb Maior",,0.00,,0.00,49.88,49.88,2,1,"v2;w20;harm;aar;song60;far12;near45;tol0.8;floor0.25;drain0.5;bass0.25"
345234,1790793026113,Eb Menor,Eb Menor,0,Eb Menor,Gb Maior,0.6509,0.6509,0.5972,0.2147,"Gb Maior;G# Menor;Eb Maior",,0.00,,0.00,50.42,50.42,2,1,"v2;w20;harm;aar;song60;far12;near45;tol0.8;floor0.25;drain0.5;bass0.25"
345698,1790793026612,Eb Menor,Eb Menor,0,Eb Menor,Gb Maior,0.6492,0.6492,0.5938,0.2214,"Gb Maior;G# Menor;Eb Maior",,0.00,,0.00,50.90,50.90,2,1,"v2;w20;harm;aar;song60;far12;near45;tol0.8;floor0.25;drain0.5;bass0.25"
346255,1790793027113,Eb Menor,Eb Menor,0,Eb Menor,Gb Maior,0.6473,0.6473,0.5903,0.2281,"Gb Maior;G# Menor;Eb Maior",,0.00,,0.00,51.44,51.44,2,1,"v2;w20;harm;aar;song60;far12;near45;tol0.8;floor0.25;drain0.5;bass0.25"
346720,1790793027613,Eb Menor,Eb Menor,0,Eb Menor,Gb Maior,0.6432,0.6432,0.5852,0.2319,"Gb Maior;G# Menor;Eb Maior",,0.00,,0.00,51.90,51.90,2,1,"v2;w20;harm;aar;song60;far12;near45;tol0.8;floor0.25;drain0.5;bass0.25"
347184,1790793028112,Eb Menor,Eb Menor,0,Eb Menor,Gb Maior,0.6412,0.6412,0.5821,0.2363,"Gb Maior;G# Menor;Eb Maior",,0.00,,0.00,52.38,52.38,2,1,"v2;w20;harm;aar;song60;far12;near45;tol0.8;floor0.25;drain0.5;bass0.25"
347742,1790793028613,Eb Menor,Eb Menor,0,Eb Menor,Gb Maior,0.6379,0.6379,0.5791,0.2353,"Gb Maior;G# Menor;Eb Maior",,0.00,,0.00,52.92,52.92,2,1,"v2;w20;harm;aar;song60;far12;near45;tol0.8;floor0.25;drain0.5;bass0.25"
348206,1790793029112,Eb Menor,Eb Menor,0,Eb Menor,Gb Maior,0.6390,0.6390,0.5798,0.2369,"Gb Maior;G# Menor;Eb Maior",,0.00,,0.00,53.40,53.40,2,1,"v2;w20;harm;aar;song60;far12;near45;tol0.8;floor0.25;drain0.5;bass0.25"
348670,1790793029612,Eb Menor,Eb Menor,0,Eb Menor,Gb Maior,0.6407,0.6407,0.5812,0.2381,"Gb Maior;G# Menor;Eb Maior",,0.00,,0.00,53.86,53.86,2,1,"v2;w20;harm;aar;song60;far12;near45;tol0.8;floor0.25;drain0.5;bass0.25"
349228,1790793030112,Eb Menor,Eb Menor,0,Eb Menor,Gb Maior,0.6428,0.6428,0.5822,0.2423,"Gb Maior;G# Menor;Eb Maior",,0.00,,0.00,54.42,54.42,2,1,"v2;w20;harm;aar;song60;far12;near45;tol0.8;floor0.25;drain0.5;bass0.25"
349692,1790793030613,Eb Menor,Eb Menor,0,Eb Menor,Gb Maior,0.6422,0.6422,0.5797,0.2500,"Gb Maior;G# Menor;Eb Maior",,0.00,,0.00,54.88,54.88,2,1,"v2;w20;harm;aar;song60;far12;near45;tol0.8;floor0.25;drain0.5;bass0.25"
350249,1790793031112,Eb Menor,Eb Menor,0,Eb Menor,Gb Maior,0.6419,0.6419,0.5772,0.2589,"Gb Maior;G# Menor;Eb Maior",,0.00,,0.00,55.44,55.44,2,1,"v2;w20;harm;aar;song60;far12;near45;tol0.8;floor0.25;drain0.5;bass0.25"
350714,1790793031612,Eb Menor,Eb Menor,0,Eb Menor,Gb Maior,0.6425,0.6425,0.5747,0.2711,"Gb Maior;G# Menor;Eb Maior",,0.00,,0.00,55.92,55.92,2,1,"v2;w20;harm;aar;song60;far12;near45;tol0.8;floor0.25;drain0.5;bass0.25"
351178,1790793032112,Eb Menor,Eb Menor,0,Eb Menor,Gb Maior,0.6424,0.6424,0.5764,0.2642,"Gb Maior;G# Menor;Eb Maior",,0.00,,0.00,56.38,56.38,2,1,"v2;w20;harm;aar;song60;far12;near45;tol0.8;floor0.25;drain0.5;bass0.25"
351735,1790793032613,Eb Menor,Eb Menor,0,Eb Menor,Gb Maior,0.6405,0.6405,0.5746,0.2635,"Gb Maior;G# Menor;Eb Maior",,0.00,,0.00,56.92,56.92,2,1,"v2;w20;harm;aar;song60;far12;near45;tol0.8;floor0.25;drain0.5;bass0.25"
352200,1790793033112,Eb Menor,Eb Menor,0,Eb Menor,Gb Maior,0.6390,0.6390,0.5749,0.2564,"Gb Maior;G# Menor;Eb Maior",,0.00,,0.00,57.40,57.40,2,1,"v2;w20;harm;aar;song60;far12;near45;tol0.8;floor0.25;drain0.5;bass0.25"
352757,1790793033613,Eb Menor,Eb Menor,0,Eb Menor,Gb Maior,0.6383,0.6383,0.5740,0.2571,"Gb Maior;G# Menor;Eb Maior",,0.00,,0.00,57.94,57.94,2,1,"v2;w20;harm;aar;song60;far12;near45;tol0.8;floor0.25;drain0.5;bass0.25"
353221,1790793034113,Eb Menor,Eb Menor,0,Eb Menor,Gb Maior,0.6367,0.6367,0.5722,0.2581,"Gb Maior;G# Menor;Eb Maior",,0.00,,0.00,58.42,58.42,2,1,"v2;w20;harm;aar;song60;far12;near45;tol0.8;floor0.25;drain0.5;bass0.25"
353686,1790793034612,Eb Menor,Eb Menor,0,Eb Menor,Gb Maior,0.6358,0.6358,0.5706,0.2610,"Gb Maior;G# Menor;Eb Maior",,0.00,,0.00,58.88,58.88,2,1,"v2;w20;harm;aar;song60;far12;near45;tol0.8;floor0.25;drain0.5;bass0.25"
354243,1790793035113,Eb Menor,Eb Menor,0,Eb Menor,Gb Maior,0.6341,0.6341,0.5668,0.2695,"Gb Maior;G# Menor;Eb Maior",,0.00,,0.00,59.42,59.42,2,1,"v2;w20;harm;aar;song60;far12;near45;tol0.8;floor0.25;drain0.5;bass0.25"
354708,1790793035612,Eb Menor,Eb Menor,0,Eb Menor,Gb Maior,0.6303,0.6303,0.5616,0.2749,"Gb Maior;Eb Maior;G# Menor",,0.00,,0.00,59.90,59.90,2,1,"v2;w20;harm;aar;song60;far12;near45;tol0.8;floor0.25;drain0.5;bass0.25"
355172,1790793036112,Eb Menor,Eb Menor,0,Eb Menor,Gb Maior,0.6290,0.6290,0.5615,0.2698,"Gb Maior;Eb Maior;G# Menor",,0.00,,0.00,60.36,60.36,2,1,"v2;w20;harm;aar;song60;far12;near45;tol0.8;floor0.25;drain0.5;bass0.25"
355729,1790793036612,Eb Menor,Eb Menor,0,Eb Menor,Gb Maior,0.6286,0.6286,0.5620,0.2665,"Gb Maior;Eb Maior;G# Menor",,0.00,,0.00,60.92,60.92,2,1,"v2;w20;harm;aar;song60;far12;near45;tol0.8;floor0.25;drain0.5;bass0.25"
356194,1790793037113,Eb Menor,Eb Menor,0,Eb Menor,Gb Maior,0.6289,0.6289,0.5635,0.2613,"Gb Maior;G# Menor;Eb Maior",,0.00,,0.00,61.38,61.38,2,1,"v2;w20;harm;aar;song60;far12;near45;tol0.8;floor0.25;drain0.5;bass0.25"
356751,1790793037614,Eb Menor,Eb Menor,0,Eb Menor,Gb Maior,0.6286,0.6286,0.5649,0.2547,"Gb Maior;G# Menor;Eb Maior",,0.00,,0.00,61.94,61.94,2,1,"v2;w20;harm;aar;song60;far12;near45;tol0.8;floor0.25;drain0.5;bass0.25"
357215,1790793038111,Eb Menor,Eb Menor,0,Eb Menor,Gb Maior,0.6284,0.6284,0.5655,0.2519,"Gb Maior;G# Menor;Eb Maior",,0.00,,0.00,62.42,62.42,2,1,"v2;w20;harm;aar;song60;far12;near45;tol0.8;floor0.25;drain0.5;bass0.25"
357680,1790793038613,Eb Menor,Eb Maior,0,Eb Menor,Gb Maior,0.6281,0.6281,0.5642,0.2555,"Gb Maior;G# Menor;Eb Maior",,0.00,,0.50,62.88,62.88,2,1,"v2;w20;harm;aar;song60;far12;near45;tol0.8;floor0.25;drain0.5;bass0.25"
358237,1790793039112,Eb Menor,Eb Maior,0,Eb Menor,Gb Maior,0.6280,0.6280,0.5641,0.2557,"Gb Maior;G# Menor;Eb Maior",,0.00,,1.00,63.42,63.42,2,1,"v2;w20;harm;aar;song60;far12;near45;tol0.8;floor0.25;drain0.5;bass0.25"
358701,1790793039612,Eb Menor,Eb Maior,0,Eb Menor,Gb Maior,0.6265,0.6265,0.5628,0.2549,"Gb Maior;G# Menor;Eb Maior",,0.00,,1.50,63.90,63.90,2,1,"v2;w20;harm;aar;song60;far12;near45;tol0.8;floor0.25;drain0.5;bass0.25"
359259,1790793040113,Eb Menor,Eb Maior,0,Eb Menor,Gb Maior,0.6255,0.6255,0.5637,0.2471,"Gb Maior;G# Menor;Eb Maior",,0.00,,2.00,64.44,64.44,2,1,"v2;w20;harm;aar;song60;far12;near45;tol0.8;floor0.25;drain0.5;bass0.25"
359723,1790793040612,Eb Menor,Eb Maior,0,Eb Menor,Gb Maior,0.6234,0.6234,0.5624,0.2441,"Gb Maior;G# Menor;Eb Maior",,0.00,,2.50,64.92,64.92,2,1,"v2;w20;harm;aar;song60;far12;near45;tol0.8;floor0.25;drain0.5;bass0.25"
360187,1790793041112,Eb Menor,Eb Maior,0,Eb Menor,Gb Maior,0.6228,0.6228,0.5639,0.2357,"Gb Maior;G# Menor;Eb Maior",,0.00,,3.00,65.38,65.38,2,1,"v2;w20;harm;aar;song60;far12;near45;tol0.8;floor0.25;drain0.5;bass0.25"
360745,1790793041613,Eb Menor,Eb Maior,0,Eb Menor,Gb Maior,0.6218,0.6218,0.5637,0.2325,"Gb Maior;G# Menor;Eb Maior",,0.00,,3.50,65.92,65.92,2,1,"v2;w20;harm;aar;song60;far12;near45;tol0.8;floor0.25;drain0.5;bass0.25"
361209,1790793042112,Eb Menor,Eb Maior,0,Eb Menor,Gb Maior,0.6225,0.6225,0.5642,0.2331,"Gb Maior;G# Menor;Eb Maior",,0.00,,4.00,66.40,66.40,2,1,"v2;w20;harm;aar;song60;far12;near45;tol0.8;floor0.25;drain0.5;bass0.25"
361674,1790793042612,Eb Menor,Eb Maior,0,Eb Menor,Gb Maior,0.6226,0.6226,0.5636,0.2360,"Gb Maior;G# Menor;Eb Maior",,0.00,,4.50,66.86,66.86,2,1,"v2;w20;harm;aar;song60;far12;near45;tol0.8;floor0.25;drain0.5;bass0.25"
362231,1790793043113,Eb Menor,Eb Maior,1,Eb Menor,Gb Maior,0.6223,0.6223,0.5638,0.2342,"Gb Maior;G# Menor;Eb Maior",,0.00,,5.00,67.44,67.44,2,1,"v2;w20;harm;aar;song60;far12;near45;tol0.8;floor0.25;drain0.5;bass0.25"
362695,1790793043613,Eb Menor,Eb Maior,1,Eb Menor,Gb Maior,0.6214,0.6214,0.5627,0.2348,"Gb Maior;G# Menor;Eb Maior",,0.00,,5.50,67.88,67.88,2,1,"v2;w20;harm;aar;song60;far12;near45;tol0.8;floor0.25;drain0.5;bass0.25"
363252,1790793044113,Eb Menor,Eb Maior,1,Eb Menor,Gb Maior,0.6192,0.6192,0.5581,0.2443,"Gb Maior;Eb Maior;G# Menor",,0.00,,6.00,68.44,68.44,2,1,"v2;w20;harm;aar;song60;far12;near45;tol0.8;floor0.25;drain0.5;bass0.25"
363717,1790793044611,Eb Menor,Eb Maior,1,Eb Menor,Eb Maior,0.6166,0.6166,0.5656,0.2040,"Eb Maior;Gb Maior;G# Menor",,0.00,,6.49,68.92,68.92,2,1,"v2;w20;harm;aar;song60;far12;near45;tol0.8;floor0.25;drain0.5;bass0.25"
364181,1790793045108,Eb Menor,Eb Maior,1,Eb Menor,Eb Maior,0.6161,0.6161,0.5684,0.1910,"Eb Maior;Gb Maior;G# Menor",,0.00,,6.99,69.38,69.38,2,1,"v2;w20;harm;aar;song60;far12;near45;tol0.8;floor0.25;drain0.5;bass0.25"
364739,1790793045610,Eb Menor,Eb Maior,1,Eb Menor,Eb Maior,0.6158,0.6158,0.5691,0.1868,"Eb Maior;Gb Maior;G# Menor",,0.00,,7.49,69.94,69.94,2,1,"v2;w20;harm;aar;song60;far12;near45;tol0.8;floor0.25;drain0.5;bass0.25"
365203,1790793046111,Eb Menor,Eb Maior,1,Eb Menor,Eb Maior,0.6153,0.6153,0.5691,0.1850,"Eb Maior;Gb Maior;G# Menor",,0.00,,7.99,70.40,70.40,2,1,"v2;w20;harm;aar;song60;far12;near45;tol0.8;floor0.25;drain0.5;bass0.25"
365760,1790793046611,Eb Menor,Eb Maior,1,Eb Menor,Eb Maior,0.6136,0.6136,0.5722,0.1658,"Eb Maior;Gb Maior;G# Menor",,0.00,,8.49,70.94,70.94,2,1,"v2;w20;harm;aar;song60;far12;near45;tol0.8;floor0.25;drain0.5;bass0.25"
366225,1790793047112,Eb Menor,Eb Maior,1,Eb Menor,Eb Maior,0.6126,0.6126,0.5744,0.1527,"Eb Maior;Gb Maior;G# Menor",,0.00,,8.99,71.42,71.42,2,1,"v2;w20;harm;aar;song60;far12;near45;tol0.8;floor0.25;drain0.5;bass0.25"
366689,1790793047613,Eb Menor,Eb Maior,1,Eb Menor,Eb Maior,0.6137,0.6137,0.5778,0.1439,"Eb Maior;G# Menor;Gb Maior",,0.00,,9.49,71.88,71.88,2,1,"v2;w20;harm;aar;song60;far12;near45;tol0.8;floor0.25;drain0.5;bass0.25"
367246,1790793048113,Eb Menor,Eb Maior,1,Eb Menor,Eb Maior,0.6127,0.6127,0.5793,0.1336,"Eb Maior;G# Menor;Gb Maior",,0.00,,9.99,72.42,72.42,2,1,"v2;w20;harm;aar;song60;far12;near45;tol0.8;floor0.25;drain0.5;bass0.25"
367711,1790793048611,Eb Menor,Eb Maior,1,Eb Menor,Eb Maior,0.6102,0.6102,0.5829,0.1091,"Eb Maior;G# Menor;Gb Maior",,0.00,,10.49,72.90,72.90,2,1,"v2;w20;harm;aar;song60;far12;near45;tol0.8;floor0.25;drain0.5;bass0.25"
368175,1790793049114,Eb Menor,Eb Maior,1,Eb Menor,Eb Maior,0.6094,0.6094,0.5836,0.1032,"Eb Maior;G# Menor;Gb Maior",,0.00,,10.99,73.36,73.36,2,1,"v2;w20;harm;aar;song60;far12;near45;tol0.8;floor0.25;drain0.5;bass0.25"
368732,1790793049610,Eb Menor,Eb Maior,1,Eb Menor,Eb Maior,0.6097,0.6097,0.5864,0.0929,"Eb Maior;G# Menor;Gb Maior",,0.00,,11.49,73.94,73.94,2,1,"v2;w20;harm;aar;song60;far12;near45;tol0.8;floor0.25;drain0.5;bass0.25"
369197,1790793050111,Eb Menor,Eb Maior,1,Eb Menor,Eb Maior,0.6085,0.6085,0.5869,0.0862,"Eb Maior;G# Menor;Gb Maior",,0.00,,11.99,74.38,74.38,2,1,"v2;w20;harm;aar;song60;far12;near45;tol0.8;floor0.25;drain0.5;bass0.25"
369754,1790793050614,Eb Menor,Eb Maior,1,Eb Menor,Eb Maior,0.6062,0.6062,0.5876,0.0744,"Eb Maior;G# Menor;Gb Maior",,0.00,,12.49,74.94,74.94,2,1,"v2;w20;harm;aar;song60;far12;near45;tol0.8;floor0.25;drain0.5;bass0.25"
370218,1790793051112,Eb Menor,Eb Maior,1,Eb Menor,Eb Maior,0.6049,0.6049,0.5887,0.0648,"Eb Maior;G# Menor;Gb Maior",,0.00,,12.99,75.42,75.42,2,1,"v2;w20;harm;aar;song60;far12;near45;tol0.8;floor0.25;drain0.5;bass0.25"
370683,1790793051611,Eb Menor,Eb Maior,1,Eb Menor,Eb Maior,0.6048,0.6048,0.5899,0.0594,"Eb Maior;G# Menor;Gb Maior",,0.00,,13.49,75.88,75.88,2,1,"v2;w20;harm;aar;song60;far12;near45;tol0.8;floor0.25;drain0.5;bass0.25"
371240,1790793052112,Eb Menor,Eb Maior,1,Eb Menor,Eb Maior,0.6040,0.6040,0.5920,0.0481,"Eb Maior;Gb Maior;G# Menor",,0.00,,13.99,76.44,76.44,2,1,"v2;w20;harm;aar;song60;far12;near45;tol0.8;floor0.25;drain0.5;bass0.25"
371705,1790793052613,Eb Menor,Eb Maior,1,Eb Menor,Eb Maior,0.6031,0.6031,0.5935,0.0386,"Eb Maior;G# Menor;Gb Maior",,0.00,,14.49,76.90,76.90,2,1,"v2;w20;harm;aar;song60;far12;near45;tol0.8;floor0.25;drain0.5;bass0.25"
372262,1790793053113,Eb Menor,Eb Maior,1,Eb Menor,Eb Maior,0.6016,0.6016,0.5963,0.0212,"Eb Maior;G# Menor;Gb Maior",,0.00,,14.99,77.44,77.44,2,1,"v2;w20;harm;aar;song60;far12;near45;tol0.8;floor0.25;drain0.5;bass0.25"
372726,1790793053611,Eb Menor,Eb Maior,1,Eb Menor,Eb Maior,0.6014,0.6014,0.5976,0.0152,"Eb Maior;G# Menor;Gb Maior",,0.00,,15.49,77.92,77.92,2,1,"v2;w20;harm;aar;song60;far12;near45;tol0.8;floor0.25;drain0.5;bass0.25"
373191,1790793054112,Eb Menor,Eb Maior,1,Eb Menor,Eb Maior,0.6021,0.6021,0.5986,0.0142,"Eb Maior;Gb Maior;G# Menor",,0.00,,15.99,78.38,78.38,2,1,"v2;w20;harm;aar;song60;far12;near45;tol0.8;floor0.25;drain0.5;bass0.25"
373748,1790793054613,Eb Menor,Eb Maior,1,Eb Menor,Eb Maior,0.6024,0.6024,0.5988,0.0142,"Eb Maior;Gb Maior;G# Menor",,0.00,,16.48,78.94,78.94,2,1,"v2;w20;harm;aar;song60;far12;near45;tol0.8;floor0.25;drain0.5;bass0.25"
374212,1790793055113,Eb Menor,Eb Maior,1,Eb Menor,Eb Maior,0.6013,0.6013,0.5988,0.0101,"Eb Maior;Gb Maior;G# Menor",,0.00,,16.98,79.40,79.40,2,1,"v2;w20;harm;aar;song60;far12;near45;tol0.8;floor0.25;drain0.5;bass0.25"
374677,1790793055613,Eb Menor,Eb Maior,1,Eb Menor,Eb Maior,0.6001,0.6001,0.5969,0.0125,"Eb Maior;Gb Maior;G# Menor",,0.00,,17.48,79.86,79.86,2,1,"v2;w20;harm;aar;song60;far12;near45;tol0.8;floor0.25;drain0.5;bass0.25"
375234,1790793056112,Eb Menor,Eb Maior,1,Eb Menor,Eb Maior,0.5984,0.5984,0.5970,0.0057,"Eb Maior;Gb Maior;G# Menor",,0.00,,17.98,80.44,80.44,2,1,"v2;w20;harm;aar;song60;far12;near45;tol0.8;floor0.25;drain0.5;bass0.25"
375698,1790793056611,Eb Menor,Eb Maior,1,Eb Menor,Eb Maior,0.5992,0.5992,0.5953,0.0156,"Eb Maior;G# Menor;Gb Maior",,0.00,,18.48,80.88,80.88,2,1,"v2;w20;harm;aar;song60;far12;near45;tol0.8;floor0.25;drain0.5;bass0.25"
376163,1790793057112,Eb Menor,Eb Maior,1,Eb Menor,Eb Maior,0.5981,0.5981,0.5978,0.0010,"Eb Maior;G# Menor;Gb Maior",,0.00,,18.98,81.34,81.34,2,1,"v2;w20;harm;aar;song60;far12;near45;tol0.8;floor0.25;drain0.5;bass0.25"
376720,1790793057613,Eb Menor,Eb Maior,1,Eb Maior,Eb Maior,0.5993,0.0000,0.5993,0.0000,"Eb Maior;G# Menor;Gb Maior",,0.00,,19.48,81.92,81.92,2,1,"v2;w20;harm;aar;song60;far12;near45;tol0.8;floor0.25;drain0.5;bass0.25"
377184,1790793058110,Eb Menor,Eb Maior,1,Eb Maior,Eb Maior,0.6008,0.0000,0.6008,0.0000,"Eb Maior;G# Menor;Gb Maior",,0.00,,19.98,82.38,82.38,2,1,"v2;w20;harm;aar;song60;far12;near45;tol0.8;floor0.25;drain0.5;bass0.25"
377742,1790793058612,Eb Menor,Eb Maior,1,Eb Maior,Eb Maior,0.6081,0.0000,0.6081,0.0000,"Eb Maior;G# Menor;Gb Maior",,0.00,,20.48,82.94,82.94,2,1,"v2;w20;harm;aar;song60;far12;near45;tol0.8;floor0.25;drain0.5;bass0.25"
378206,1790793059113,Eb Menor,Eb Maior,1,Eb Maior,Eb Maior,0.6108,0.0000,0.6108,0.0000,"Eb Maior;G# Menor;Gb Maior",,0.00,,20.98,83.40,83.40,2,1,"v2;w20;harm;aar;song60;far12;near45;tol0.8;floor0.25;drain0.5;bass0.25"
378763,1790793059612,Eb Menor,Eb Maior,1,Eb Maior,Eb Maior,0.6090,0.0000,0.6090,0.0000,"Eb Maior;G# Menor;Gb Maior",,0.00,,21.48,83.94,83.94,2,1,"v2;w20;harm;aar;song60;far12;near45;tol0.8;floor0.25;drain0.5;bass0.25"
379228,1790793060112,Eb Menor,Eb Maior,1,Eb Maior,Eb Maior,0.6088,0.0000,0.6088,0.0000,"Eb Maior;G# Menor;Gb Maior",,0.00,,21.98,84.42,84.42,2,1,"v2;w20;harm;aar;song60;far12;near45;tol0.8;floor0.25;drain0.5;bass0.25"
379692,1790793060613,Eb Menor,Eb Maior,1,Eb Maior,Eb Maior,0.6147,0.0000,0.6147,0.0000,"Eb Maior;G# Menor;Gb Maior",,0.00,,22.48,84.88,84.88,2,1,"v2;w20;harm;aar;song60;far12;near45;tol0.8;floor0.25;drain0.5;bass0.25"
380249,1790793061113,Eb Menor,Eb Maior,1,Eb Maior,Eb Maior,0.6171,0.0000,0.6171,0.0000,"Eb Maior;G# Menor;Gb Maior",,0.00,,22.98,85.44,85.44,2,1,"v2;w20;harm;aar;song60;far12;near45;tol0.8;floor0.25;drain0.5;bass0.25"
380714,1790793061613,Eb Menor,Eb Maior,1,Eb Maior,Eb Maior,0.6178,0.0000,0.6178,0.0000,"Eb Maior;G# Menor;Gb Maior",,0.00,,23.48,85.90,85.90,2,1,"v2;w20;harm;aar;song60;far12;near45;tol0.8;floor0.25;drain0.5;bass0.25"
381178,1790793062112,Eb Menor,Eb Maior,1,Eb Maior,Eb Maior,0.6189,0.0000,0.6189,0.0000,"Eb Maior;G# Menor;Gb Maior",,0.00,,23.98,86.36,86.36,2,1,"v2;w20;harm;aar;song60;far12;near45;tol0.8;floor0.25;drain0.5;bass0.25"
381736,1790793062613,Eb Menor,Eb Maior,1,Eb Maior,Eb Maior,0.6231,0.0000,0.6231,0.0000,"Eb Maior;G# Menor;Gb Maior",,0.00,,24.48,86.94,86.94,2,1,"v2;w20;harm;aar;song60;far12;near45;tol0.8;floor0.25;drain0.5;bass0.25"
382200,1790793063112,Eb Menor,Eb Maior,1,Eb Maior,Eb Maior,0.6218,0.0000,0.6218,0.0000,"Eb Maior;G# Menor;Gb Maior",,0.00,,24.98,87.38,87.38,2,1,"v2;w20;harm;aar;song60;far12;near45;tol0.8;floor0.25;drain0.5;bass0.25"
382664,1790793063613,Eb Menor,Eb Maior,1,Eb Maior,Eb Maior,0.6219,0.0000,0.6219,0.0000,"Eb Maior;G# Menor;Gb Maior",,0.00,,25.48,87.86,87.86,2,1,"v2;w20;harm;aar;song60;far12;near45;tol0.8;floor0.25;drain0.5;bass0.25"
383222,1790793064112,Eb Menor,Eb Maior,1,Eb Maior,Eb Maior,0.6222,0.0000,0.6222,0.0000,"Eb Maior;G# Menor;Gb Maior",,0.00,,25.98,88.42,88.42,2,1,"v2;w20;harm;aar;song60;far12;near45;tol0.8;floor0.25;drain0.5;bass0.25"
383686,1790793064612,Eb Menor,Eb Maior,1,Eb Maior,Eb Maior,0.6225,0.0000,0.6225,0.0000,"Eb Maior;G# Menor;Gb Maior",,0.00,,26.48,88.88,88.88,2,1,"v2;w20;harm;aar;song60;far12;near45;tol0.8;floor0.25;drain0.5;bass0.25"
384243,1790793065113,Eb Menor,Eb Maior,1,Eb Maior,Eb Maior,0.6224,0.0000,0.6224,0.0000,"Eb Maior;G# Menor;Gb Maior",,0.00,,26.98,89.44,89.44,2,1,"v2;w20;harm;aar;song60;far12;near45;tol0.8;floor0.25;drain0.5;bass0.25"
384708,1790793065613,Eb Menor,Eb Maior,1,Eb Maior,Eb Maior,0.6219,0.0000,0.6219,0.0000,"Eb Maior;G# Menor;Gb Maior",,0.00,,27.47,89.90,89.90,2,1,"v2;w20;harm;aar;song60;far12;near45;tol0.8;floor0.25;drain0.5;bass0.25"
385172,1790793066112,Eb Menor,Eb Maior,1,Eb Maior,Eb Maior,0.6266,0.0000,0.6266,0.0000,"Eb Maior;G# Menor;Gb Maior",,0.00,,27.97,90.36,90.36,2,1,"v2;w20;harm;aar;song60;far12;near45;tol0.8;floor0.25;drain0.5;bass0.25"
385729,1790793066613,Eb Menor,Eb Maior,1,Eb Maior,Eb Maior,0.6325,0.0000,0.6325,0.0000,"Eb Maior;G# Menor;Ab Maior",,0.00,,28.47,90.92,90.92,2,1,"v2;w20;harm;aar;song60;far12;near45;tol0.8;floor0.25;drain0.5;bass0.25"
386194,1790793067112,Eb Menor,Eb Maior,1,Eb Maior,Eb Maior,0.6322,0.0000,0.6322,0.0000,"Eb Maior;G# Menor;Ab Maior",,0.00,,28.97,91.38,91.38,2,1,"v2;w20;harm;aar;song60;far12;near45;tol0.8;floor0.25;drain0.5;bass0.25"
386751,1790793067613,Eb Menor,Eb Maior,1,Eb Maior,Eb Maior,0.6308,0.0000,0.6308,0.0000,"Eb Maior;G# Menor;Ab Maior",,0.00,,29.47,91.94,91.94,2,1,"v2;w20;harm;aar;song60;far12;near45;tol0.8;floor0.25;drain0.5;bass0.25"
387215,1790793068113,Eb Menor,Eb Maior,1,Eb Maior,Eb Maior,0.6291,0.0000,0.6291,0.0000,"Eb Maior;G# Menor;Ab Maior",,0.00,,29.97,92.40,92.40,2,1,"v2;w20;harm;aar;song60;far12;near45;tol0.8;floor0.25;drain0.5;bass0.25"
387680,1790793068613,Eb Menor,Eb Maior,1,Eb Maior,Eb Maior,0.6276,0.0000,0.6276,0.0000,"Eb Maior;G# Menor;Ab Maior",,0.00,,30.47,92.86,92.86,2,1,"v2;w20;harm;aar;song60;far12;near45;tol0.8;floor0.25;drain0.5;bass0.25"
388237,1790793069108,Eb Menor,Eb Maior,1,Eb Maior,Eb Maior,0.6263,0.0000,0.6263,0.0000,"Eb Maior;G# Menor;Ab Maior",,0.00,,30.97,93.43,93.43,2,1,"v2;w20;harm;aar;song60;far12;near45;tol0.8;floor0.25;drain0.5;bass0.25"
388702,1790793069613,Eb Menor,Eb Maior,1,Eb Maior,Eb Maior,0.6251,0.0000,0.6251,0.0000,"Eb Maior;G# Menor;Ab Maior",,0.00,,31.47,93.88,93.88,2,1,"v2;w20;harm;aar;song60;far12;near45;tol0.8;floor0.25;drain0.5;bass0.25"
389166,1790793070113,Eb Menor,Eb Maior,1,Eb Maior,Eb Maior,0.6239,0.0000,0.6239,0.0000,"Eb Maior;G# Menor;Ab Maior",,0.00,,31.97,94.36,94.36,2,1,"v2;w20;harm;aar;song60;far12;near45;tol0.8;floor0.25;drain0.5;bass0.25"
389723,1790793070611,Eb Menor,Eb Maior,1,Eb Maior,Eb Maior,0.6229,0.0000,0.6229,0.0000,"Eb Maior;G# Menor;Ab Maior",,0.00,,32.47,94.92,94.92,2,1,"v2;w20;harm;aar;song60;far12;near45;tol0.8;floor0.25;drain0.5;bass0.25"
390188,1790793071113,Eb Menor,Eb Maior,1,Eb Maior,Eb Maior,0.6208,0.0000,0.6208,0.0000,"Eb Maior;G# Menor;Ab Maior",,0.00,,32.97,95.38,95.38,2,1,"v2;w20;harm;aar;song60;far12;near45;tol0.8;floor0.25;drain0.5;bass0.25"
390745,1790793071614,Eb Menor,Eb Maior,1,Eb Maior,Eb Maior,0.6211,0.0000,0.6211,0.0000,"Eb Maior;G# Menor;Ab Maior",,0.00,,33.47,95.94,95.94,2,1,"v2;w20;harm;aar;song60;far12;near45;tol0.8;floor0.25;drain0.5;bass0.25"
391209,1790793072113,Eb Menor,Eb Maior,1,Eb Maior,Eb Maior,0.6201,0.0000,0.6201,0.0000,"Eb Maior;G# Menor;Ab Maior",,0.00,,33.97,96.40,96.40,2,1,"v2;w20;harm;aar;song60;far12;near45;tol0.8;floor0.25;drain0.5;bass0.25"
391674,1790793072612,Eb Menor,Eb Maior,1,Eb Maior,Eb Maior,0.6208,0.0000,0.6208,0.0000,"Eb Maior;G# Menor;Ab Maior",,0.00,,34.47,96.88,96.88,2,1,"v2;w20;harm;aar;song60;far12;near45;tol0.8;floor0.25;drain0.5;bass0.25"
392231,1790793073114,Eb Menor,Eb Maior,1,Eb Maior,Eb Maior,0.6204,0.0000,0.6204,0.0000,"Eb Maior;G# Menor;Ab Maior",,0.00,,34.97,97.42,97.42,2,1,"v2;w20;harm;aar;song60;far12;near45;tol0.8;floor0.25;drain0.5;bass0.25"
392695,1790793073613,Eb Menor,Eb Maior,1,Eb Maior,Eb Maior,0.6183,0.0000,0.6183,0.0000,"Eb Maior;G# Menor;Ab Maior",,0.00,,35.47,97.88,97.88,2,1,"v2;w20;harm;aar;song60;far12;near45;tol0.8;floor0.25;drain0.5;bass0.25"
393253,1790793074113,Eb Menor,Eb Maior,1,Eb Maior,Eb Maior,0.6177,0.0000,0.6177,0.0000,"Eb Maior;G# Menor;Ab Maior",,0.00,,35.97,98.44,98.44,2,1,"v2;w20;harm;aar;song60;far12;near45;tol0.8;floor0.25;drain0.5;bass0.25"
393717,1790793074612,Eb Menor,Eb Maior,1,Eb Maior,Eb Maior,0.6193,0.0000,0.6193,0.0000,"Eb Maior;G# Menor;Ab Maior",,0.00,,36.47,98.90,98.90,2,1,"v2;w20;harm;aar;song60;far12;near45;tol0.8;floor0.25;drain0.5;bass0.25"
394181,1790793075113,Eb Menor,Eb Maior,1,Eb Maior,Eb Maior,0.6242,0.0000,0.6242,0.0000,"Eb Maior;Ab Maior;G# Menor",,0.00,,36.97,99.38,99.38,2,1,"v2;w20;harm;aar;song60;far12;near45;tol0.8;floor0.25;drain0.5;bass0.25"
394739,1790793075613,Eb Menor,Eb Maior,1,Eb Maior,Eb Maior,0.6295,0.0000,0.6295,0.0000,"Eb Maior;Ab Maior;G# Menor",,0.00,,37.47,99.94,99.94,2,1,"v2;w20;harm;aar;song60;far12;near45;tol0.8;floor0.25;drain0.5;bass0.25"
395203,1790793076113,Eb Menor,Eb Maior,1,Eb Maior,Eb Maior,0.6311,0.0000,0.6311,0.0000,"Eb Maior;Ab Maior;G# Menor",,0.00,,37.97,100.38,100.38,2,1,"v2;w20;harm;aar;song60;far12;near45;tol0.8;floor0.25;drain0.5;bass0.25"
395668,1790793076612,Eb Menor,Eb Maior,1,Eb Maior,Eb Maior,0.6313,0.0000,0.6313,0.0000,"Eb Maior;Ab Maior;G# Menor",,0.00,,38.46,100.86,100.86,2,1,"v2;w20;harm;aar;song60;far12;near45;tol0.8;floor0.25;drain0.5;bass0.25"
396225,1790793077113,Eb Menor,Eb Maior,1,Eb Maior,Eb Maior,0.6324,0.0000,0.6324,0.0000,"Eb Maior;Ab Maior;G# Menor",,0.00,,38.96,101.42,101.42,2,1,"v2;w20;harm;aar;song60;far12;near45;tol0.8;floor0.25;drain0.5;bass0.25"
396689,1790793077613,Eb Menor,Eb Maior,1,Eb Maior,Eb Maior,0.6336,0.0000,0.6336,0.0000,"Eb Maior;Ab Maior;G# Menor",,0.00,,39.46,101.88,101.88,2,1,"v2;w20;harm;aar;song60;far12;near45;tol0.8;floor0.25;drain0.5;bass0.25"
397246,1790793078114,Eb Menor,Eb Maior,1,Eb Maior,Eb Maior,0.6354,0.0000,0.6354,0.0000,"Eb Maior;Ab Maior;G# Menor",,0.00,,39.96,102.44,102.44,2,1,"v2;w20;harm;aar;song60;far12;near45;tol0.8;floor0.25;drain0.5;bass0.25"
397711,1790793078614,Eb Menor,Eb Maior,1,Eb Maior,Eb Maior,0.6358,0.0000,0.6358,0.0000,"Eb Maior;Ab Maior;G# Menor",,0.00,,40.46,102.90,102.90,2,1,"v2;w20;harm;aar;song60;far12;near45;tol0.8;floor0.25;drain0.5;bass0.25"
398175,1790793079113,Eb Menor,Eb Maior,1,Eb Maior,Eb Maior,0.6363,0.0000,0.6363,0.0000,"Eb Maior;Ab Maior;G# Menor",,0.00,,40.96,103.38,103.38,2,1,"v2;w20;harm;aar;song60;far12;near45;tol0.8;floor0.25;drain0.5;bass0.25"
398733,1790793079614,Eb Menor,Eb Maior,1,Eb Maior,Eb Maior,0.6371,0.0000,0.6371,0.0000,"Eb Maior;Ab Maior;G# Menor",,0.00,,41.46,103.92,103.92,2,1,"v2;w20;harm;aar;song60;far12;near45;tol0.8;floor0.25;drain0.5;bass0.25"
399197,1790793080113,Eb Menor,Eb Maior,1,Eb Maior,Eb Maior,0.6375,0.0000,0.6375,0.0000,"Eb Maior;Ab Maior;G# Menor",,0.00,,41.96,104.38,104.38,2,1,"v2;w20;harm;aar;song60;far12;near45;tol0.8;floor0.25;drain0.5;bass0.25"
399754,1790793080613,Eb Menor,Eb Maior,1,Eb Maior,Eb Maior,0.6393,0.0000,0.6393,0.0000,"Eb Maior;Ab Maior;G# Menor",,0.00,,42.46,104.94,104.94,2,1,"v2;w20;harm;aar;song60;far12;near45;tol0.8;floor0.25;drain0.5;bass0.25"
400219,1790793081112,Eb Menor,Eb Maior,1,Eb Maior,Eb Maior,0.6403,0.0000,0.6403,0.0000,"Eb Maior;Ab Maior;G# Menor",,0.00,,42.96,105.40,105.40,2,1,"v2;w20;harm;aar;song60;far12;near45;tol0.8;floor0.25;drain0.5;bass0.25"
400683,1790793081613,Eb Menor,Eb Maior,1,Eb Maior,Eb Maior,0.6477,0.0000,0.6477,0.0000,"Eb Maior;Ab Maior;G# Menor",,0.00,,43.46,105.88,105.88,2,1,"v2;w20;harm;aar;song60;far12;near45;tol0.8;floor0.25;drain0.5;bass0.25"
401240,1790793082114,Eb Menor,Eb Maior,1,Eb Maior,Eb Maior,0.6578,0.0000,0.6578,0.0000,"Eb Maior;Ab Maior;G# Menor",Eb Maior,0.07,,43.96,106.44,106.44,2,1,"v2;w20;harm;aar;song60;far12;near45;tol0.8;floor0.25;drain0.5;bass0.25"
401705,1790793082613,Eb Menor,Eb Maior,1,Eb Maior,Eb Maior,0.6591,0.0000,0.6591,0.0000,"Eb Maior;Ab Maior;G# Menor",Eb Maior,0.08,,44.46,106.88,106.88,2,1,"v2;w20;harm;aar;song60;far12;near45;tol0.8;floor0.25;drain0.5;bass0.25"
402169,1790793083113,Eb Menor,Eb Maior,1,Eb Maior,Eb Maior,0.6586,0.0000,0.6586,0.0000,"Eb Maior;Ab Maior;G# Menor",Eb Maior,0.10,,44.96,107.36,107.36,2,1,"v2;w20;harm;aar;song60;far12;near45;tol0.8;floor0.25;drain0.5;bass0.25"
402726,1790793083617,Eb Maior,Eb Maior,0,Eb Maior,Eb Menor,0.6580,0.6580,0.5678,0.3608,"Eb Menor;Ab Maior;G# Menor",,0.00,neighborKeyConfirmed,45.46,19.93,19.93,3,0,"v2;w20;harm;aar;song60;far12;near45;tol0.8;floor0.25;drain0.5;bass0.25"
403191,1790793084111,Eb Maior,Eb Maior,0,Eb Maior,F Menor,0.7383,0.7383,0.5453,0.7717,"F Menor;Ab Maior;Eb Menor",,0.00,,0.00,20.41,20.41,3,0,"v2;w20;harm;aar;song60;far12;near45;tol0.8;floor0.25;drain0.5;bass0.25"
403748,1790793084613,Eb Maior,Eb Maior,0,Eb Maior,F Menor,0.7405,0.7405,0.5519,0.7546,"F Menor;Ab Maior;Eb Menor",,0.00,,0.00,20.95,20.95,3,0,"v2;w20;harm;aar;song60;far12;near45;tol0.8;floor0.25;drain0.5;bass0.25"
404212,1790793085114,Eb Maior,Eb Maior,0,Eb Maior,F Menor,0.7387,0.7387,0.5523,0.7458,"F Menor;Ab Maior;Eb Menor",,0.00,,0.00,21.41,21.41,3,0,"v2;w20;harm;aar;song60;far12;near45;tol0.8;floor0.25;drain0.5;bass0.25"
404677,1790793085612,Eb Maior,Eb Maior,0,Eb Maior,F Menor,0.7369,0.7369,0.5489,0.7517,"F Menor;Ab Maior;Eb Menor",,0.00,,0.00,21.89,21.89,3,0,"v2;w20;harm;aar;song60;far12;near45;tol0.8;floor0.25;drain0.5;bass0.25"
405234,1790793086109,Eb Maior,Eb Maior,0,Eb Maior,F Menor,0.7430,0.7430,0.5470,0.7840,"F Menor;Ab Maior;Eb Menor",,0.00,,0.00,22.43,22.43,3,0,"v2;w20;harm;aar;song60;far12;near45;tol0.8;floor0.25;drain0.5;bass0.25"
405699,1790793086612,Eb Maior,Eb Maior,0,Eb Maior,F Menor,0.7463,0.7463,0.5453,0.8040,"F Menor;Ab Maior;Eb Menor",,0.00,,0.00,22.91,22.91,3,0,"v2;w20;harm;aar;song60;far12;near45;tol0.8;floor0.25;drain0.5;bass0.25"
406256,1790793087112,Eb Maior,Eb Maior,0,Eb Maior,F Menor,0.7437,0.7437,0.5383,0.8218,"F Menor;Ab Maior;Eb Menor",,0.00,,0.00,23.45,23.45,3,0,"v2;w20;harm;aar;song60;far12;near45;tol0.8;floor0.25;drain0.5;bass0.25"
406720,1790793087612,Eb Maior,Eb Maior,0,Eb Maior,F Menor,0.7482,0.7482,0.5340,0.8568,"F Menor;Ab Maior;Eb Menor",,0.00,,0.00,23.91,23.91,3,0,"v2;w20;harm;aar;song60;far12;near45;tol0.8;floor0.25;drain0.5;bass0.25"
407185,1790793088112,Eb Maior,Eb Maior,0,Eb Maior,F Menor,0.7515,0.7515,0.5314,0.8804,"F Menor;Ab Maior;Eb Menor",,0.00,,0.00,24.39,24.39,3,0,"v2;w20;harm;aar;song60;far12;near45;tol0.8;floor0.25;drain0.5;bass0.25"
407742,1790793088613,Eb Maior,Eb Maior,0,Eb Maior,F Menor,0.7487,0.7487,0.5277,0.8841,"F Menor;Ab Maior;Eb Menor",,0.00,,0.00,24.95,24.95,3,0,"v2;w20;harm;aar;song60;far12;near45;tol0.8;floor0.25;drain0.5;bass0.25"
408206,1790793089112,Eb Maior,Eb Maior,0,Eb Maior,F Menor,0.7457,0.7457,0.5252,0.8818,"F Menor;Ab Maior;Eb Menor",,0.00,,0.00,25.39,25.39,3,0,"v2;w20;harm;aar;song60;far12;near45;tol0.8;floor0.25;drain0.5;bass0.25"
408671,1790793089611,Eb Maior,Eb Maior,0,Eb Maior,F Menor,0.7430,0.7430,0.5161,0.9076,"F Menor;Eb Menor;Ab Maior",,0.00,,0.00,25.86,25.86,3,0,"v2;w20;harm;aar;song60;far12;near45;tol0.8;floor0.25;drain0.5;bass0.25"
409228,1790793090112,Eb Maior,Eb Maior,0,Eb Maior,F Menor,0.7420,0.7420,0.5130,0.9160,"F Menor;Eb Menor;Ab Maior",,0.00,,0.00,26.43,26.43,3,0,"v2;w20;harm;aar;song60;far12;near45;tol0.8;floor0.25;drain0.5;bass0.25"
409692,1790793090612,Eb Maior,Eb Maior,0,Eb Maior,F Menor,0.7382,0.7382,0.5191,0.8765,"F Menor;Eb Menor;Ab Maior",,0.00,,0.00,26.91,26.91,3,0,"v2;w20;harm;aar;song60;far12;near45;tol0.8;floor0.25;drain0.5;bass0.25"
410250,1790793091110,Eb Maior,Eb Maior,0,Eb Maior,F Menor,0.7364,0.7364,0.5213,0.8606,"F Menor;Ab Maior;Eb Menor",,0.00,,0.00,27.45,27.45,3,0,"v2;w20;harm;aar;song60;far12;near45;tol0.8;floor0.25;drain0.5;bass0.25"
410714,1790793091613,Eb Maior,Eb Maior,0,Eb Maior,F Menor,0.7364,0.7364,0.5206,0.8631,"F Menor;Eb Menor;Ab Maior",,0.00,,0.00,27.91,27.91,3,0,"v2;w20;harm;aar;song60;far12;near45;tol0.8;floor0.25;drain0.5;bass0.25"
411178,1790793092112,Eb Maior,Eb Maior,0,Eb Maior,F Menor,0.7327,0.7327,0.5259,0.8273,"F Menor;Ab Maior;Eb Menor",,0.00,,0.00,28.39,28.39,3,0,"v2;w20;harm;aar;song60;far12;near45;tol0.8;floor0.25;drain0.5;bass0.25"
411736,1790793092613,Eb Maior,Eb Maior,0,Eb Maior,F Menor,0.7309,0.7309,0.5290,0.8075,"F Menor;Ab Maior;Eb Menor",,0.00,,0.00,28.93,28.93,3,0,"v2;w20;harm;aar;song60;far12;near45;tol0.8;floor0.25;drain0.5;bass0.25"
412200,1790793093112,Eb Maior,Eb Maior,0,Eb Maior,F Menor,0.7303,0.7303,0.5266,0.8149,"F Menor;Ab Maior;Eb Menor",,0.00,,0.00,29.41,29.41,3,0,"v2;w20;harm;aar;song60;far12;near45;tol0.8;floor0.25;drain0.5;bass0.25"
412757,1790793093612,Eb Maior,Eb Maior,0,Eb Maior,F Menor,0.7255,0.7255,0.5218,0.8149,"F Menor;Ab Maior;Eb Menor",,0.00,,0.00,29.95,29.95,3,0,"v2;w20;harm;aar;song60;far12;near45;tol0.8;floor0.25;drain0.5;bass0.25"
413222,1790793094112,Eb Maior,Eb Maior,0,Eb Maior,F Menor,0.7245,0.7245,0.5185,0.8238,"F Menor;Eb Menor;Ab Maior",,0.00,,0.00,30.41,30.41,3,1,"v2;w20;harm;aar;song60;far12;near45;tol0.8;floor0.25;drain0.5;bass0.25"
413686,1790793094612,Eb Maior,Eb Maior,0,Eb Maior,F Menor,0.7232,0.7232,0.5134,0.8393,"F Menor;Eb Menor;Ab Maior",,0.00,,0.00,30.88,30.88,3,1,"v2;w20;harm;aar;song60;far12;near45;tol0.8;floor0.25;drain0.5;bass0.25"
414243,1790793095113,Eb Maior,Eb Maior,0,Eb Maior,F Menor,0.7189,0.7189,0.5053,0.8547,"F Menor;Eb Menor;Ab Maior",,0.00,,0.00,31.45,31.45,3,1,"v2;w20;harm;aar;song60;far12;near45;tol0.8;floor0.25;drain0.5;bass0.25"
414708,1790793095612,Eb Maior,Eb Maior,0,Eb Maior,Eb Menor,0.7169,0.7169,0.5035,0.8535,"Eb Menor;F Menor;Ab Maior",,0.00,,0.00,31.91,31.91,3,1,"v2;w20;harm;aar;song60;far12;near45;tol0.8;floor0.25;drain0.5;bass0.25"
415172,1790793096112,Eb Maior,Eb Maior,0,Eb Maior,Eb Menor,0.7196,0.7196,0.5073,0.8490,"Eb Menor;F Menor;Ab Maior",,0.00,,0.00,32.37,32.37,3,1,"v2;w20;harm;aar;song60;far12;near45;tol0.8;floor0.25;drain0.5;bass0.25"
415730,1790793096612,Eb Maior,Eb Maior,0,Eb Maior,Eb Menor,0.7193,0.7193,0.5088,0.8420,"Eb Menor;F Menor;Ab Maior",,0.00,,0.00,32.92,32.92,3,1,"v2;w20;harm;aar;song60;far12;near45;tol0.8;floor0.25;drain0.5;bass0.25"
416194,1790793097112,Eb Maior,Eb Maior,0,Eb Maior,Eb Menor,0.7182,0.7182,0.5105,0.8308,"Eb Menor;F Menor;Ab Maior",,0.00,,0.00,33.41,33.41,3,1,"v2;w20;harm;aar;song60;far12;near45;tol0.8;floor0.25;drain0.5;bass0.25"
416751,1790793097612,Eb Maior,Eb Maior,0,Eb Maior,Eb Menor,0.7168,0.7168,0.5126,0.8169,"Eb Menor;F Menor;Ab Maior",,0.00,,0.00,33.95,33.95,3,1,"v2;w20;harm;aar;song60;far12;near45;tol0.8;floor0.25;drain0.5;bass0.25"
417216,1790793098112,Eb Maior,Eb Maior,0,Eb Maior,Eb Menor,0.7156,0.7156,0.5144,0.8049,"Eb Menor;F Menor;Ab Maior",,0.00,,0.00,34.42,34.42,3,1,"v2;w20;harm;aar;song60;far12;near45;tol0.8;floor0.25;drain0.5;bass0.25"
417680,1790793098612,Eb Maior,Eb Maior,0,Eb Maior,Eb Menor,0.7145,0.7145,0.5128,0.8065,"Eb Menor;F Menor;Ab Maior",,0.00,,0.00,34.89,34.89,3,1,"v2;w20;harm;aar;song60;far12;near45;tol0.8;floor0.25;drain0.5;bass0.25"
418237,1790793099113,Eb Maior,Eb Maior,0,Eb Maior,Eb Menor,0.7115,0.7115,0.5121,0.7974,"Eb Menor;F Menor;Ab Maior",,0.00,,0.00,35.43,35.43,3,1,"v2;w20;harm;aar;song60;far12;near45;tol0.8;floor0.25;drain0.5;bass0.25"
418702,1790793099612,Eb Maior,Eb Maior,0,Eb Maior,Eb Menor,0.7068,0.7068,0.5079,0.7957,"Eb Menor;F Menor;Ab Maior",,0.00,,0.00,35.91,35.91,3,1,"v2;w20;harm;aar;song60;far12;near45;tol0.8;floor0.25;drain0.5;bass0.25"
419259,1790793100112,Eb Maior,Eb Maior,0,Eb Maior,Eb Menor,0.7077,0.7077,0.5068,0.8036,"Eb Menor;F Menor;Ab Maior",,0.00,,0.00,36.45,36.45,3,1,"v2;w20;harm;aar;song60;far12;near45;tol0.8;floor0.25;drain0.5;bass0.25"
419723,1790793100613,Eb Maior,Eb Maior,0,Eb Maior,Eb Menor,0.7110,0.7110,0.5091,0.8074,"Eb Menor;F Menor;Ab Maior",,0.00,,0.00,36.91,36.91,3,1,"v2;w20;harm;aar;song60;far12;near45;tol0.8;floor0.25;drain0.5;bass0.25"
420188,1790793101112,Eb Maior,Eb Maior,0,Eb Maior,Eb Menor,0.7090,0.7090,0.5111,0.7916,"Eb Menor;F Menor;Ab Maior",,0.00,,0.00,37.39,37.39,3,1,"v2;w20;harm;aar;song60;far12;near45;tol0.8;floor0.25;drain0.5;bass0.25"
420745,1790793101612,Eb Maior,Eb Maior,0,Eb Maior,Eb Menor,0.7136,0.7136,0.5044,0.8365,"Eb Menor;F Menor;Ab Maior",,0.00,,0.00,37.95,37.95,3,1,"v2;w20;harm;aar;song60;far12;near45;tol0.8;floor0.25;drain0.5;bass0.25"
421209,1790793102112,Eb Maior,Eb Maior,0,Eb Maior,Eb Menor,0.7155,0.7155,0.5029,0.8504,"Eb Menor;F Menor;Ab Maior",,0.00,,0.00,38.41,38.41,3,1,"v2;w20;harm;aar;song60;far12;near45;tol0.8;floor0.25;drain0.5;bass0.25"
421674,1790793102612,Eb Maior,Eb Maior,0,Eb Maior,Eb Menor,0.7154,0.7154,0.5018,0.8544,"Eb Menor;F Menor;Ab Maior",,0.00,,0.00,38.87,38.87,3,1,"v2;w20;harm;aar;song60;far12;near45;tol0.8;floor0.25;drain0.5;bass0.25"
422231,1790793103112,Eb Maior,Eb Maior,0,Eb Maior,Eb Menor,0.7146,0.7146,0.4976,0.8679,"Eb Menor;F Menor;Ab Maior",,0.00,,0.00,39.42,39.42,3,1,"v2;w20;harm;aar;song60;far12;near45;tol0.8;floor0.25;drain0.5;bass0.25"
422696,1790793103612,Eb Maior,Eb Maior,0,Eb Maior,Eb Menor,0.7144,0.7144,0.4931,0.8855,"Eb Menor;F Menor;Ab Maior",,0.00,,0.00,39.91,39.91,3,1,"v2;w20;harm;aar;song60;far12;near45;tol0.8;floor0.25;drain0.5;bass0.25"
423253,1790793104113,Eb Maior,Eb Maior,0,Eb Maior,Eb Menor,0.7140,0.7140,0.4899,0.8965,"Eb Menor;F Menor;Ab Maior",,0.00,,0.00,40.44,40.44,3,1,"v2;w20;harm;aar;song60;far12;near45;tol0.8;floor0.25;drain0.5;bass0.25"
423717,1790793104612,Eb Maior,Eb Maior,0,Eb Maior,Eb Menor,0.7126,0.7126,0.4893,0.8935,"Eb Menor;F Menor;Ab Maior",,0.00,,0.00,40.92,40.92,3,1,"v2;w20;harm;aar;song60;far12;near45;tol0.8;floor0.25;drain0.5;bass0.25"
424182,1790793105112,Eb Maior,Eb Maior,0,Eb Maior,Eb Menor,0.7109,0.7109,0.4915,0.8776,"Eb Menor;F Menor;Ab Maior",,0.00,,0.00,41.39,41.39,3,1,"v2;w20;harm;aar;song60;far12;near45;tol0.8;floor0.25;drain0.5;bass0.25"
424739,1790793105613,Eb Maior,Eb Maior,0,Eb Maior,Eb Menor,0.7106,0.7106,0.4953,0.8613,"Eb Menor;F Menor;Ab Maior",,0.00,,0.00,41.92,41.92,3,1,"v2;w20;harm;aar;song60;far12;near45;tol0.8;floor0.25;drain0.5;bass0.25"
425203,1790793106109,Eb Maior,Eb Maior,0,Eb Maior,Eb Menor,0.7091,0.7091,0.4956,0.8540,"Eb Menor;F Menor;Ab Maior",,0.00,,0.00,42.41,42.41,3,1,"v2;w20;harm;aar;song60;far12;near45;tol0.8;floor0.25;drain0.5;bass0.25"
425761,1790793106612,Eb Maior,Eb Maior,0,Eb Maior,Eb Menor,0.7081,0.7081,0.4992,0.8357,"Eb Menor;F Menor;Ab Maior",,0.00,,0.00,42.95,42.95,3,1,"v2;w20;harm;aar;song60;far12;near45;tol0.8;floor0.25;drain0.5;bass0.25"
426225,1790793107113,Eb Maior,Eb Maior,0,Eb Maior,Eb Menor,0.7074,0.7074,0.5029,0.8180,"Eb Menor;F Menor;Ab Maior",,0.00,,0.00,43.43,43.43,3,1,"v2;w20;harm;aar;song60;far12;near45;tol0.8;floor0.25;drain0.5;bass0.25"
426689,1790793107613,Eb Maior,Eb Maior,0,Eb Maior,Eb Menor,0.7066,0.7066,0.5038,0.8114,"Eb Menor;F Menor;Ab Maior",,0.00,,0.00,43.89,43.89,3,1,"v2;w20;harm;aar;song60;far12;near45;tol0.8;floor0.25;drain0.5;bass0.25"
427247,1790793108108,Eb Maior,Eb Maior,0,Eb Maior,Eb Menor,0.7073,0.7073,0.5058,0.8058,"Eb Menor;F Menor;Ab Maior",,0.00,,0.00,44.44,44.44,3,1,"v2;w20;harm;aar;song60;far12;near45;tol0.8;floor0.25;drain0.5;bass0.25"
427711,1790793108613,Eb Maior,Eb Maior,0,Eb Maior,Eb Menor,0.7077,0.7077,0.5087,0.7959,"Eb Menor;Ab Maior;F Menor",,0.00,,0.00,44.91,44.91,3,1,"v2;w20;harm;aar;song60;far12;near45;tol0.8;floor0.25;drain0.5;bass0.25"
428175,1790793109112,Eb Maior,Eb Maior,0,Eb Maior,Eb Menor,0.7057,0.7057,0.5109,0.7794,"Eb Menor;Ab Maior;F Menor",,0.00,,0.00,45.37,45.37,3,1,"v2;w20;harm;aar;song60;far12;near45;tol0.8;floor0.25;drain0.5;bass0.25"
428733,1790793109612,Eb Maior,Eb Maior,0,Eb Maior,Eb Menor,0.7037,0.7037,0.5122,0.7657,"Eb Menor;Ab Maior;F Menor",,0.00,,0.00,45.95,45.95,3,1,"v2;w20;harm;aar;song60;far12;near45;tol0.8;floor0.25;drain0.5;bass0.25"
429197,1790793110112,Eb Maior,Eb Maior,0,Eb Maior,Eb Menor,0.7029,0.7029,0.5129,0.7599,"Eb Menor;Ab Maior;F Menor",,0.00,,0.00,46.41,46.41,3,1,"v2;w20;harm;aar;song60;far12;near45;tol0.8;floor0.25;drain0.5;bass0.25"
429754,1790793110614,Eb Maior,Eb Maior,0,Eb Maior,Eb Menor,0.7013,0.7013,0.5129,0.7534,"Eb Menor;Ab Maior;F Menor",,0.00,,0.00,46.95,46.95,3,1,"v2;w20;harm;aar;song60;far12;near45;tol0.8;floor0.25;drain0.5;bass0.25"
430219,1790793111113,Eb Maior,Eb Maior,0,Eb Maior,Eb Menor,0.7002,0.7002,0.5141,0.7444,"Eb Menor;Ab Maior;F Menor",,0.00,,0.00,47.43,47.43,3,1,"v2;w20;harm;aar;song60;far12;near45;tol0.8;floor0.25;drain0.5;bass0.25"
430683,1790793111612,Eb Maior,Eb Maior,0,Eb Maior,Eb Menor,0.6992,0.6992,0.5139,0.7414,"Eb Menor;Ab Maior;F Menor",,0.00,,0.00,47.89,47.89,3,1,"v2;w20;harm;aar;song60;far12;near45;tol0.8;floor0.25;drain0.5;bass0.25"
431240,1790793112112,Eb Maior,Eb Maior,0,Eb Maior,Eb Menor,0.6974,0.6974,0.5131,0.7372,"Eb Menor;Ab Maior;F Menor",,0.00,,0.00,48.43,48.43,3,1,"v2;w20;harm;aar;song60;far12;near45;tol0.8;floor0.25;drain0.5;bass0.25"
431705,1790793112612,Eb Maior,Eb Maior,0,Eb Maior,Eb Menor,0.6981,0.6981,0.5130,0.7406,"Eb Menor;Ab Maior;F Menor",,0.00,,0.00,48.91,48.91,3,1,"v2;w20;harm;aar;song60;far12;near45;tol0.8;floor0.25;drain0.5;bass0.25"
432262,1790793113112,Eb Maior,Eb Maior,0,Eb Maior,Eb Menor,0.6961,0.6961,0.5134,0.7308,"Eb Menor;Ab Maior;F Menor",,0.00,,0.00,49.45,49.45,3,1,"v2;w20;harm;aar;song60;far12;near45;tol0.8;floor0.25;drain0.5;bass0.25"
432727,1790793113611,Eb Maior,Eb Maior,0,Eb Maior,Eb Menor,0.6960,0.6960,0.5171,0.7157,"Eb Menor;Ab Maior;F Menor",,0.00,,0.00,49.93,49.93,3,1,"v2;w20;harm;aar;song60;far12;near45;tol0.8;floor0.25;drain0.5;bass0.25"
433191,1790793114111,Eb Maior,Eb Maior,0,Eb Maior,Eb Menor,0.6963,0.6963,0.5223,0.6961,"Eb Menor;Ab Maior;F Menor",,0.00,,0.00,50.39,50.39,3,1,"v2;w20;harm;aar;song60;far12;near45;tol0.8;floor0.25;drain0.5;bass0.25"
433748,1790793114613,Eb Maior,Eb Maior,0,Eb Maior,Eb Menor,0.6957,0.6957,0.5281,0.6703,"Eb Menor;Ab Maior;F Menor",,0.00,,0.00,50.95,50.95,3,1,"v2;w20;harm;aar;song60;far12;near45;tol0.8;floor0.25;drain0.5;bass0.25"
434213,1790793115111,Eb Maior,Eb Maior,0,Eb Maior,Eb Menor,0.6942,0.6942,0.5307,0.6539,"Eb Menor;Ab Maior;F Menor",,0.00,,0.00,51.41,51.41,3,1,"v2;w20;harm;aar;song60;far12;near45;tol0.8;floor0.25;drain0.5;bass0.25"
434677,1790793115612,Eb Maior,Eb Maior,0,Eb Maior,Eb Menor,0.6912,0.6912,0.5314,0.6394,"Eb Menor;Ab Maior;F Menor",,0.00,,0.00,51.87,51.87,3,1,"v2;w20;harm;aar;song60;far12;near45;tol0.8;floor0.25;drain0.5;bass0.25"
435234,1790793116110,Eb Maior,Eb Maior,0,Eb Maior,Eb Menor,0.6882,0.6882,0.5335,0.6186,"Eb Menor;Ab Maior;F Menor",,0.00,,0.00,52.45,52.45,3,1,"v2;w20;harm;aar;song60;far12;near45;tol0.8;floor0.25;drain0.5;bass0.25"
435699,1790793116611,Eb Maior,Eb Maior,0,Eb Maior,Eb Menor,0.6897,0.6897,0.5372,0.6100,"Eb Menor;Ab Maior;F Menor",,0.00,,0.00,52.91,52.91,3,1,"v2;w20;harm;aar;song60;far12;near45;tol0.8;floor0.25;drain0.5;bass0.25"
436256,1790793117111,Eb Maior,Eb Maior,0,Eb Maior,Eb Menor,0.6920,0.6920,0.5369,0.6205,"Eb Menor;Ab Maior;F Menor",,0.00,,0.00,53.45,53.45,3,1,"v2;w20;harm;aar;song60;far12;near45;tol0.8;floor0.25;drain0.5;bass0.25"
436720,1790793117611,Eb Maior,Eb Maior,0,Eb Maior,Eb Menor,0.6925,0.6925,0.5344,0.6326,"Eb Menor;Ab Maior;F Menor",,0.00,,0.00,53.93,53.93,3,1,"v2;w20;harm;aar;song60;far12;near45;tol0.8;floor0.25;drain0.5;bass0.25"
437185,1790793118112,Eb Maior,Eb Maior,0,Eb Maior,Eb Menor,0.6945,0.6945,0.5322,0.6494,"Eb Menor;Ab Maior;F Menor",,0.00,,0.00,54.39,54.39,3,1,"v2;w20;harm;aar;song60;far12;near45;tol0.8;floor0.25;drain0.5;bass0.25"
437742,1790793118609,Eb Maior,Eb Maior,0,Eb Maior,Eb Menor,0.6968,0.6968,0.5320,0.6591,"Eb Menor;Ab Maior;F Menor",,0.00,,0.00,54.95,54.95,3,1,"v2;w20;harm;aar;song60;far12;near45;tol0.8;floor0.25;drain0.5;bass0.25"
438206,1790793119111,Eb Maior,Eb Maior,0,Eb Maior,Eb Menor,0.6975,0.6975,0.5324,0.6605,"Eb Menor;Ab Maior;F Menor",,0.00,,0.00,55.41,55.41,3,1,"v2;w20;harm;aar;song60;far12;near45;tol0.8;floor0.25;drain0.5;bass0.25"
438764,1790793119613,Eb Maior,Eb Maior,0,Eb Maior,Eb Menor,0.6968,0.6968,0.5303,0.6659,"Eb Menor;Ab Maior;F Menor",,0.00,,0.00,55.95,55.95,3,1,"v2;w20;harm;aar;song60;far12;near45;tol0.8;floor0.25;drain0.5;bass0.25"
439228,1790793120112,Eb Maior,Eb Maior,0,Eb Maior,Eb Menor,0.6972,0.6972,0.5310,0.6652,"Eb Menor;Ab Maior;F Menor",,0.00,,0.00,56.43,56.43,3,1,"v2;w20;harm;aar;song60;far12;near45;tol0.8;floor0.25;drain0.5;bass0.25"
439693,1790793120614,Eb Maior,Eb Maior,0,Eb Maior,Eb Menor,0.6954,0.6954,0.5329,0.6499,"Eb Menor;Ab Maior;F Menor",,0.00,,0.00,56.89,56.89,3,1,"v2;w20;harm;aar;song60;far12;near45;tol0.8;floor0.25;drain0.5;bass0.25"
440157,1790793121110,Eb Maior,Eb Maior,0,Eb Maior,Eb Menor,0.6950,0.6950,0.5337,0.6454,"Eb Menor;Ab Maior;F Menor",,0.00,,0.00,57.35,57.35,3,1,"v2;w20;harm;aar;song60;far12;near45;tol0.8;floor0.25;drain0.5;bass0.25"
440714,1790793121611,Eb Maior,Eb Maior,0,Eb Maior,Eb Menor,0.6985,0.6985,0.5306,0.6717,"Eb Menor;F Menor;Ab Maior",,0.00,,0.00,57.91,57.91,3,1,"v2;w20;harm;aar;song60;far12;near45;tol0.8;floor0.25;drain0.5;bass0.25"
441179,1790793122109,Eb Maior,Eb Maior,0,Eb Maior,Eb Menor,0.6996,0.6996,0.5285,0.6844,"Eb Menor;F Menor;Ab Maior",,0.00,,0.00,58.37,58.37,3,1,"v2;w20;harm;aar;song60;far12;near45;tol0.8;floor0.25;drain0.5;bass0.25"
441736,1790793122612,Eb Maior,Eb Maior,0,Eb Maior,Eb Menor,0.7031,0.7031,0.5244,0.7148,"Eb Menor;F Menor;Ab Maior",,0.00,,0.00,58.95,58.95,3,1,"v2;w20;harm;aar;song60;far12;near45;tol0.8;floor0.25;drain0.5;bass0.25"
442200,1790793123113,Eb Maior,Eb Maior,0,Eb Maior,Eb Menor,0.7069,0.7069,0.5214,0.7421,"Eb Menor;F Menor;Ab Maior",,0.00,,0.00,59.41,59.41,3,1,"v2;w20;harm;aar;song60;far12;near45;tol0.8;floor0.25;drain0.5;bass0.25"
442758,1790793123614,Eb Maior,Eb Maior,0,Eb Maior,Eb Menor,0.7123,0.7123,0.5168,0.7820,"Eb Menor;F Menor;Ab Maior",,0.00,,0.00,59.95,59.95,3,1,"v2;w20;harm;aar;song60;far12;near45;tol0.8;floor0.25;drain0.5;bass0.25"
443222,1790793124111,Eb Maior,Eb Maior,0,Eb Maior,Eb Menor,0.7115,0.7115,0.5167,0.7793,"Eb Menor;F Menor;Ab Maior",,0.00,,0.00,60.43,60.43,3,1,"v2;w20;harm;aar;song60;far12;near45;tol0.8;floor0.25;drain0.5;bass0.25"
443686,1790793124612,Eb Maior,Eb Maior,0,Eb Maior,Eb Menor,0.7110,0.7110,0.5177,0.7732,"Eb Menor;F Menor;Ab Maior",,0.00,,0.00,60.89,60.89,3,1,"v2;w20;harm;aar;song60;far12;near45;tol0.8;floor0.25;drain0.5;bass0.25"
444244,1790793125113,Eb Maior,Eb Maior,0,Eb Maior,Eb Menor,0.7098,0.7098,0.5180,0.7671,"Eb Menor;F Menor;Ab Maior",,0.00,,0.00,61.45,61.45,3,1,"v2;w20;harm;aar;song60;far12;near45;tol0.8;floor0.25;drain0.5;bass0.25"
444708,1790793125612,Eb Maior,Eb Maior,0,Eb Maior,Eb Menor,0.7093,0.7093,0.5179,0.7657,"Eb Menor;F Menor;Ab Maior",,0.00,,0.00,61.91,61.91,3,1,"v2;w20;harm;aar;song60;far12;near45;tol0.8;floor0.25;drain0.5;bass0.25"
445265,1790793126114,Eb Maior,Eb Maior,0,Eb Maior,Eb Menor,0.7091,0.7091,0.5189,0.7609,"Eb Menor;F Menor;Ab Maior",,0.00,,0.00,62.45,62.45,3,1,"v2;w20;harm;aar;song60;far12;near45;tol0.8;floor0.25;drain0.5;bass0.25"
445730,1790793126613,Eb Maior,Eb Maior,0,Eb Maior,Eb Menor,0.7099,0.7099,0.5182,0.7667,"Eb Menor;F Menor;Ab Maior",,0.00,,0.00,62.92,62.92,3,1,"v2;w20;harm;aar;song60;far12;near45;tol0.8;floor0.25;drain0.5;bass0.25"
446194,1790793127112,Eb Maior,Eb Maior,0,Eb Maior,Eb Menor,0.7098,0.7098,0.5180,0.7673,"Eb Menor;F Menor;Ab Maior",,0.00,,0.00,63.39,63.39,3,1,"v2;w20;harm;aar;song60;far12;near45;tol0.8;floor0.25;drain0.5;bass0.25"
446659,1790793127612,Eb Maior,Eb Maior,0,Eb Maior,Eb Menor,0.7098,0.7098,0.5163,0.7743,"Eb Menor;F Menor;Ab Maior",,0.00,,0.00,63.86,63.86,3,1,"v2;w20;harm;aar;song60;far12;near45;tol0.8;floor0.25;drain0.5;bass0.25"
447216,1790793128113,Eb Maior,Eb Maior,0,Eb Maior,Eb Menor,0.7102,0.7102,0.5155,0.7787,"Eb Menor;F Menor;Ab Maior",,0.00,,0.00,64.41,64.41,3,1,"v2;w20;harm;aar;song60;far12;near45;tol0.8;floor0.25;drain0.5;bass0.25"
447680,1790793128611,Eb Maior,Eb Maior,0,Eb Maior,Eb Menor,0.7104,0.7104,0.5143,0.7841,"Eb Menor;F Menor;Ab Maior",,0.00,,0.00,64.86,64.86,3,1,"v2;w20;harm;aar;song60;far12;near45;tol0.8;floor0.25;drain0.5;bass0.25"
448238,1790793129110,Eb Maior,Eb Maior,0,Eb Maior,Eb Menor,0.7090,0.7090,0.5140,0.7802,"Eb Menor;F Menor;Ab Maior",,0.00,,0.00,65.44,65.44,3,1,"v2;w20;harm;aar;song60;far12;near45;tol0.8;floor0.25;drain0.5;bass0.25"
448702,1790793129612,Eb Maior,Eb Maior,0,Eb Maior,Eb Menor,0.7069,0.7069,0.5140,0.7714,"Eb Menor;F Menor;Ab Maior",,0.00,,0.00,65.91,65.91,3,1,"v2;w20;harm;aar;song60;far12;near45;tol0.8;floor0.25;drain0.5;bass0.25"
449166,1790793130112,Eb Maior,Eb Maior,0,Eb Maior,Eb Menor,0.7088,0.7088,0.5170,0.7673,"Eb Menor;F Menor;Ab Maior",,0.00,,0.00,66.35,66.35,3,1,"v2;w20;harm;aar;song60;far12;near45;tol0.8;floor0.25;drain0.5;bass0.25"
449724,1790793130611,Eb Maior,Eb Maior,0,Eb Maior,Eb Menor,0.7108,0.7108,0.5204,0.7614,"Eb Menor;F Menor;Ab Maior",,0.00,,0.00,66.92,66.92,3,1,"v2;w20;harm;aar;song60;far12;near45;tol0.8;floor0.25;drain0.5;bass0.25"
450188,1790793131112,Eb Maior,Eb Maior,0,Eb Maior,Eb Menor,0.7104,0.7104,0.5222,0.7526,"Eb Menor;F Menor;Ab Maior",,0.00,,0.00,67.39,67.39,3,1,"v2;w20;harm;aar;song60;far12;near45;tol0.8;floor0.25;drain0.5;bass0.25"
450745,1790793131613,Eb Maior,Eb Maior,0,Eb Maior,Eb Menor,0.7080,0.7080,0.5209,0.7482,"Eb Menor;F Menor;Ab Maior",,0.00,,0.00,67.95,67.95,3,1,"v2;w20;harm;aar;song60;far12;near45;tol0.8;floor0.25;drain0.5;bass0.25"
451210,1790793132111,Eb Maior,Eb Maior,0,Eb Maior,Eb Menor,0.7041,0.7041,0.5166,0.7500,"Eb Menor;F Menor;Ab Maior",,0.00,,0.00,68.41,68.41,3,1,"v2;w20;harm;aar;song60;far12;near45;tol0.8;floor0.25;drain0.5;bass0.25"
451674,1790793132612,Eb Maior,Eb Maior,0,Eb Maior,Eb Menor,0.7013,0.7013,0.5144,0.7475,"Eb Menor;F Menor;Ab Maior",,0.00,,0.00,68.87,68.87,3,1,"v2;w20;harm;aar;song60;far12;near45;tol0.8;floor0.25;drain0.5;bass0.25"
452231,1790793133112,Eb Maior,Eb Maior,0,Eb Maior,Eb Menor,0.7075,0.7075,0.5077,0.7993,"Eb Menor;F Menor;Ab Maior",,0.00,,0.00,69.42,69.42,3,1,"v2;w20;harm;aar;song60;far12;near45;tol0.8;floor0.25;drain0.5;bass0.25"
452696,1790793133612,Eb Maior,Eb Maior,0,Eb Maior,F Menor,0.7091,0.7091,0.5073,0.8072,"F Menor;Eb Menor;Ab Maior",,0.00,,0.00,69.89,69.89,3,1,"v2;w20;harm;aar;song60;far12;near45;tol0.8;floor0.25;drain0.5;bass0.25"
453160,1790793134112,Eb Maior,Eb Maior,0,Eb Maior,F Menor,0.7097,0.7097,0.5091,0.8021,"F Menor;Eb Menor;Ab Maior",,0.00,,0.00,70.36,70.36,3,1,"v2;w20;harm;aar;song60;far12;near45;tol0.8;floor0.25;drain0.5;bass0.25"
453717,1790793134611,Eb Maior,Eb Maior,0,Eb Maior,F Menor,0.7092,0.7092,0.5132,0.7841,"F Menor;Eb Menor;Ab Maior",,0.00,,0.00,70.91,70.91,3,1,"v2;w20;harm;aar;song60;far12;near45;tol0.8;floor0.25;drain0.5;bass0.25"
454182,1790793135112,Eb Maior,Eb Maior,0,Eb Maior,F Menor,0.7105,0.7105,0.5149,0.7824,"F Menor;Eb Menor;Ab Maior",,0.00,,0.00,71.37,71.37,3,1,"v2;w20;harm;aar;song60;far12;near45;tol0.8;floor0.25;drain0.5;bass0.25"
454739,1790793135610,Eb Maior,Eb Maior,0,Eb Maior,F Menor,0.7164,0.7164,0.5145,0.8073,"F Menor;Eb Menor;Ab Maior",,0.00,,0.00,71.95,71.95,3,1,"v2;w20;harm;aar;song60;far12;near45;tol0.8;floor0.25;drain0.5;bass0.25"
455203,1790793136112,Eb Maior,Eb Maior,0,Eb Maior,F Menor,0.7214,0.7214,0.5156,0.8231,"F Menor;Eb Menor;Ab Maior",,0.00,,0.00,72.41,72.41,3,1,"v2;w20;harm;aar;song60;far12;near45;tol0.8;floor0.25;drain0.5;bass0.25"
455668,1790793136611,Eb Maior,Eb Maior,0,Eb Maior,F Menor,0.7223,0.7223,0.5170,0.8215,"F Menor;Eb Menor;Ab Maior",,0.00,,0.00,72.87,72.87,3,1,"v2;w20;harm;aar;song60;far12;near45;tol0.8;floor0.25;drain0.5;bass0.25"
456225,1790793137113,Eb Maior,Eb Maior,0,Eb Maior,F Menor,0.7221,0.7221,0.5185,0.8141,"F Menor;Eb Menor;Ab Maior",,0.00,,0.00,73.43,73.43,3,1,"v2;w20;harm;aar;song60;far12;near45;tol0.8;floor0.25;drain0.5;bass0.25"
456690,1790793137612,Eb Maior,Eb Maior,0,Eb Maior,F Menor,0.7203,0.7203,0.5204,0.7995,"F Menor;Eb Menor;Ab Maior",,0.00,,0.00,73.89,73.89,3,1,"v2;w20;harm;aar;song60;far12;near45;tol0.8;floor0.25;drain0.5;bass0.25"
457247,1790793138112,Eb Maior,Eb Maior,0,Eb Maior,F Menor,0.7183,0.7183,0.5237,0.7783,"F Menor;Eb Menor;Ab Maior",,0.00,,0.00,74.45,74.45,3,1,"v2;w20;harm;aar;song60;far12;near45;tol0.8;floor0.25;drain0.5;bass0.25"
457711,1790793138612,Eb Maior,Eb Maior,0,Eb Maior,F Menor,0.7184,0.7184,0.5262,0.7688,"F Menor;Eb Menor;Ab Maior",,0.00,,0.00,74.91,74.91,3,1,"v2;w20;harm;aar;song60;far12;near45;tol0.8;floor0.25;drain0.5;bass0.25"
458176,1790793139112,Eb Maior,Eb Maior,0,Eb Maior,F Menor,0.7198,0.7198,0.5295,0.7615,"F Menor;Ab Maior;Eb Menor",,0.00,,0.00,75.39,75.39,3,1,"v2;w20;harm;aar;song60;far12;near45;tol0.8;floor0.25;drain0.5;bass0.25"
458733,1790793139613,Eb Maior,Eb Maior,0,Eb Maior,Ab Maior,0.7248,0.7248,0.5295,0.7811,"Ab Maior;F Menor;Eb Menor",,0.00,,0.00,75.93,75.93,3,1,"v2;w20;harm;aar;song60;far12;near45;tol0.8;floor0.25;drain0.5;bass0.25"
459197,1790793140112,Eb Maior,Eb Maior,0,Eb Maior,Ab Maior,0.7250,0.7250,0.5304,0.7785,"Ab Maior;Eb Menor;F Menor",,0.00,,0.00,76.39,76.39,3,1,"v2;w20;harm;aar;song60;far12;near45;tol0.8;floor0.25;drain0.5;bass0.25"
459662,1790793140612,Eb Maior,Eb Maior,0,Eb Maior,Ab Maior,0.7236,0.7236,0.5315,0.7685,"Ab Maior;Eb Menor;F Menor",,0.00,,0.00,76.86,76.86,3,1,"v2;w20;harm;aar;song60;far12;near45;tol0.8;floor0.25;drain0.5;bass0.25"
460219,1790793141112,Eb Maior,Eb Maior,0,Eb Maior,Ab Maior,0.7236,0.7236,0.5318,0.7670,"Ab Maior;Eb Menor;F Menor",,0.00,,0.00,77.40,77.40,3,1,"v2;w20;harm;aar;song60;far12;near45;tol0.8;floor0.25;drain0.5;bass0.25"
460683,1790793141612,Eb Maior,Eb Maior,0,Eb Maior,Ab Maior,0.7229,0.7229,0.5331,0.7590,"Ab Maior;Eb Menor;F Menor",,0.00,,0.00,77.86,77.86,3,1,"v2;w20;harm;aar;song60;far12;near45;tol0.8;floor0.25;drain0.5;bass0.25"
461241,1790793142113,Eb Maior,Eb Maior,0,Eb Maior,Ab Maior,0.7269,0.7269,0.5324,0.7778,"Ab Maior;F Menor;Eb Menor",,0.00,,0.00,78.44,78.44,3,1,"v2;w20;harm;aar;song60;far12;near45;tol0.8;floor0.25;drain0.5;bass0.25"
461705,1790793142612,Eb Maior,Eb Maior,0,Eb Maior,Ab Maior,0.7272,0.7272,0.5362,0.7637,"Ab Maior;F Menor;Eb Menor",,0.00,,0.00,78.90,78.90,3,1,"v2;w20;harm;aar;song60;far12;near45;tol0.8;floor0.25;drain0.5;bass0.25"
462169,1790793143112,Eb Maior,Eb Maior,0,Eb Maior,Ab Maior,0.7280,0.7280,0.5400,0.7519,"Ab Maior;F Menor;Eb Menor",,0.00,,0.00,79.36,79.36,3,1,"v2;w20;harm;aar;song60;far12;near45;tol0.8;floor0.25;drain0.5;bass0.25"
462727,1790793143612,Eb Maior,Eb Maior,0,Eb Maior,Ab Maior,0.7283,0.7283,0.5447,0.7343,"Ab Maior;F Menor;Eb Menor",,0.00,,0.00,79.92,79.92,3,1,"v2;w20;harm;aar;song60;far12;near45;tol0.8;floor0.25;drain0.5;bass0.25"
463191,1790793144112,Eb Maior,Eb Maior,0,Eb Maior,Ab Maior,0.7284,0.7284,0.5488,0.7183,"Ab Maior;F Menor;Eb Menor",,0.00,,0.00,80.38,80.38,3,1,"v2;w20;harm;aar;song60;far12;near45;tol0.8;floor0.25;drain0.5;bass0.25"
463748,1790793144613,Eb Maior,Eb Maior,0,Eb Maior,Ab Maior,0.7299,0.7299,0.5523,0.7103,"Ab Maior;F Menor;Eb Menor",,0.00,,0.00,80.94,80.94,3,1,"v2;w20;harm;aar;song60;far12;near45;tol0.8;floor0.25;drain0.5;bass0.25"
464213,1790793145113,Eb Maior,Eb Maior,0,Eb Maior,Ab Maior,0.7280,0.7280,0.5498,0.7127,"Ab Maior;F Menor;Eb Menor",,0.00,,0.00,81.40,81.40,3,1,"v2;w20;harm;aar;song60;far12;near45;tol0.8;floor0.25;drain0.5;bass0.25"
464677,1790793145612,Eb Maior,Eb Maior,0,Eb Maior,Ab Maior,0.7262,0.7262,0.5473,0.7156,"Ab Maior;F Menor;Eb Menor",,0.00,,0.00,81.88,81.88,3,1,"v2;w20;harm;aar;song60;far12;near45;tol0.8;floor0.25;drain0.5;bass0.25"
465235,1790793146113,Eb Maior,Eb Maior,0,Eb Maior,Ab Maior,0.7235,0.7235,0.5467,0.7071,"Ab Maior;F Menor;Eb Menor",,0.00,,0.00,82.42,82.42,3,1,"v2;w20;harm;aar;song60;far12;near45;tol0.8;floor0.25;drain0.5;bass0.25"
465699,1790793146613,Eb Maior,Eb Maior,0,Eb Maior,Ab Maior,0.7200,0.7200,0.5456,0.6975,"Ab Maior;F Menor;Eb Menor",,0.00,,0.00,82.88,82.88,3,1,"v2;w20;harm;aar;song60;far12;near45;tol0.8;floor0.25;drain0.5;bass0.25"
466163,1790793147112,Eb Maior,Eb Maior,0,Eb Maior,Ab Maior,0.7177,0.7177,0.5439,0.6953,"Ab Maior;F Menor;Eb Menor",,0.00,,0.00,83.36,83.36,3,1,"v2;w20;harm;aar;song60;far12;near45;tol0.8;floor0.25;drain0.5;bass0.25"
466721,1790793147612,Eb Maior,Eb Maior,0,Eb Maior,Ab Maior,0.7139,0.7139,0.5401,0.6953,"Ab Maior;F Menor;Eb Menor",,0.00,,0.00,83.90,83.90,3,1,"v2;w20;harm;aar;song60;far12;near45;tol0.8;floor0.25;drain0.5;bass0.25"
467185,1790793148112,Eb Maior,Eb Maior,0,Eb Maior,Ab Maior,0.7124,0.7124,0.5384,0.6962,"Ab Maior;Eb Menor;F Menor",,0.00,,0.00,84.38,84.38,3,1,"v2;w20;harm;aar;song60;far12;near45;tol0.8;floor0.25;drain0.5;bass0.25"
467742,1790793148610,Eb Maior,Eb Maior,0,Eb Maior,Ab Maior,0.7117,0.7117,0.5368,0.6995,"Ab Maior;Eb Menor;F Menor",,0.00,,0.00,84.94,84.94,3,1,"v2;w20;harm;aar;song60;far12;near45;tol0.8;floor0.25;drain0.5;bass0.25"
468207,1790793149111,Eb Maior,Eb Maior,0,Eb Maior,Ab Maior,0.7126,0.7126,0.5351,0.7102,"Ab Maior;Eb Menor;F Menor",,0.00,,0.00,85.40,85.40,3,1,"v2;w20;harm;aar;song60;far12;near45;tol0.8;floor0.25;drain0.5;bass0.25"
468671,1790793149612,Eb Maior,Eb Maior,0,Eb Maior,Ab Maior,0.7143,0.7143,0.5342,0.7203,"Ab Maior;F Menor;Eb Menor",,0.00,,0.00,85.86,85.86,3,1,"v2;w20;harm;aar;song60;far12;near45;tol0.8;floor0.25;drain0.5;bass0.25"
469228,1790793150112,Eb Maior,Eb Maior,0,Eb Maior,Ab Maior,0.7145,0.7145,0.5346,0.7199,"Ab Maior;Eb Menor;F Menor",,0.00,,0.00,86.42,86.42,3,1,"v2;w20;harm;aar;song60;far12;near45;tol0.8;floor0.25;drain0.5;bass0.25"
469693,1790793150610,Eb Maior,Eb Maior,0,Eb Maior,Ab Maior,0.7151,0.7151,0.5345,0.7223,"Ab Maior;Eb Menor;F Menor",,0.00,,0.00,86.90,86.90,3,1,"v2;w20;harm;aar;song60;far12;near45;tol0.8;floor0.25;drain0.5;bass0.25"
470250,1790793151113,Eb Maior,Eb Maior,0,Eb Maior,Ab Maior,0.7147,0.7147,0.5298,0.7396,"Ab Maior;Eb Menor;F Menor",,0.00,,0.00,87.44,87.44,3,1,"v2;w20;harm;aar;song60;far12;near45;tol0.8;floor0.25;drain0.5;bass0.25"
470714,1790793151613,Eb Maior,Eb Maior,0,Eb Maior,Ab Maior,0.7174,0.7174,0.5277,0.7590,"Ab Maior;F Menor;Eb Menor",,0.00,,0.00,87.90,87.90,3,1,"v2;w20;harm;aar;song60;far12;near45;tol0.8;floor0.25;drain0.5;bass0.25"
471179,1790793152113,Eb Maior,Eb Maior,0,Eb Maior,Ab Maior,0.7159,0.7159,0.5278,0.7526,"Ab Maior;F Menor;Eb Menor",,0.00,,0.00,88.38,88.38,3,1,"v2;w20;harm;aar;song60;far12;near45;tol0.8;floor0.25;drain0.5;bass0.25"
471736,1790793152613,Eb Maior,Eb Maior,0,Eb Maior,Ab Maior,0.7129,0.7129,0.5252,0.7507,"Ab Maior;F Menor;Eb Menor",,0.00,,0.00,88.92,88.92,3,1,"v2;w20;harm;aar;song60;far12;near45;tol0.8;floor0.25;drain0.5;bass0.25"
472200,1790793153112,Eb Maior,Eb Maior,0,Eb Maior,Ab Maior,0.7107,0.7107,0.5239,0.7472,"Ab Maior;F Menor;Eb Menor",,0.00,,0.00,89.38,89.38,3,1,"v2;w20;harm;aar;song60;far12;near45;tol0.8;floor0.25;drain0.5;bass0.25"
472665,1790793153613,Eb Maior,Eb Maior,0,Eb Maior,Ab Maior,0.7092,0.7092,0.5222,0.7480,"Ab Maior;F Menor;Eb Menor",,0.00,,0.00,89.86,89.86,3,1,"v2;w20;harm;aar;song60;far12;near45;tol0.8;floor0.25;drain0.5;bass0.25"
473222,1790793154114,Eb Maior,Eb Maior,0,Eb Maior,Ab Maior,0.7060,0.7060,0.5220,0.7362,"Ab Maior;F Menor;Eb Menor",,0.00,,0.00,90.40,90.40,3,1,"v2;w20;harm;aar;song60;far12;near45;tol0.8;floor0.25;drain0.5;bass0.25"
473687,1790793154613,Eb Maior,Eb Maior,0,Eb Maior,Ab Maior,0.7054,0.7054,0.5202,0.7408,"Ab Maior;Eb Menor;F Menor",,0.00,,0.00,90.88,90.88,3,1,"v2;w20;harm;aar;song60;far12;near45;tol0.8;floor0.25;drain0.5;bass0.25"
474244,1790793155111,Eb Maior,Eb Maior,0,Eb Maior,Ab Maior,0.7045,0.7045,0.5180,0.7461,"Ab Maior;Eb Menor;F Menor",,0.00,,0.00,91.44,91.44,3,1,"v2;w20;harm;aar;song60;far12;near45;tol0.8;floor0.25;drain0.5;bass0.25"
474708,1790793155613,Eb Maior,Eb Maior,0,Eb Maior,Ab Maior,0.7041,0.7041,0.5160,0.7522,"Ab Maior;Eb Menor;F Menor",,0.00,,0.00,91.90,91.90,3,1,"v2;w20;harm;aar;song60;far12;near45;tol0.8;floor0.25;drain0.5;bass0.25"
475173,1790793156113,Eb Maior,Eb Maior,0,Eb Maior,Ab Maior,0.7027,0.7027,0.5145,0.7526,"Ab Maior;Eb Menor;F Menor",,0.00,,0.00,92.36,92.36,3,1,"v2;w20;harm;aar;song60;far12;near45;tol0.8;floor0.25;drain0.5;bass0.25"
475730,1790793156613,Eb Maior,Eb Maior,0,Eb Maior,Ab Maior,0.7003,0.7003,0.5131,0.7489,"Ab Maior;Eb Menor;F Menor",,0.00,,0.00,92.92,92.92,3,1,"v2;w20;harm;aar;song60;far12;near45;tol0.8;floor0.25;drain0.5;bass0.25"
476194,1790793157113,Eb Maior,Eb Maior,0,Eb Maior,Ab Maior,0.6991,0.6991,0.5111,0.7522,"Ab Maior;Eb Menor;F Menor",,0.00,,0.00,93.40,93.40,3,1,"v2;w20;harm;aar;song60;far12;near45;tol0.8;floor0.25;drain0.5;bass0.25"
476752,1790793157614,Eb Maior,Eb Maior,0,Eb Maior,Ab Maior,0.6976,0.6976,0.5088,0.7551,"Ab Maior;Eb Menor;F Menor",,0.00,,0.00,93.94,93.94,3,1,"v2;w20;harm;aar;song60;far12;near45;tol0.8;floor0.25;drain0.5;bass0.25"
