t_audio_ms,t_wall_ms,displayed,passage,showPassage,best,second,rBest,rDisplayed,rSecond,confidence,nearby,challenge,challengeProgress,event,evidenceSeconds,songSeconds,passageSeconds,labelChanges,songMature,config
1207,1790796488211,,,0,G# Menor,Gb Maior,0.3856,0.0000,0.2619,0.4948,"Gb Maior;E Maior;Eb Maior",,0.00,,0.00,0.33,0.33,0,0,"v2;w20;harm;aar;song60;far12;near45;tol0.8;floor0.25;drain0.5;bass0.25"
1671,1790796488713,,,0,G# Menor,Eb Maior,0.3664,0.0000,0.2981,0.2734,"Eb Maior;Gb Maior;G Menor",,0.00,,0.00,0.79,0.79,0,0,"v2;w20;harm;aar;song60;far12;near45;tol0.8;floor0.25;drain0.5;bass0.25"
2229,1790796489213,,,0,G# Menor,Gb Maior,0.3771,0.0000,0.2487,0.5134,"Gb Maior;Eb Maior;E Menor",,0.00,,0.00,1.35,1.35,0,0,"v2;w20;harm;aar;song60;far12;near45;tol0.8;floor0.25;drain0.5;bass0.25"
2693,1790796489711,,,0,G# Menor,Gb Maior,0.4096,0.0000,0.2796,0.5200,"Gb Maior;Eb Maior;E Maior",,0.00,,0.00,1.83,1.83,0,0,"v2;w20;harm;aar;song60;far12;near45;tol0.8;floor0.25;drain0.5;bass0.25"
3157,1790796490213,G# Menor,G# Menor,0,G# Menor,Gb Maior,0.4055,0.4055,0.3050,0.4022,"Gb Maior;Eb Maior;Eb Menor",,0.00,,0.00,2.27,2.27,0,0,"v2;w20;harm;aar;song60;far12;near45;tol0.8;floor0.25;drain0.5;bass0.25"
3715,1790796490713,G# Menor,G# Menor,0,G# Menor,Gb Maior,0.4313,0.4313,0.3342,0.3882,"Gb Maior;Eb Menor;Eb Maior",,0.00,,0.00,2.84,2.84,0,0,"v2;w20;harm;aar;song60;far12;near45;tol0.8;floor0.25;drain0.5;bass0.25"
4179,1790796491212,G# Menor,G# Menor,0,G# Menor,Gb Maior,0.3994,0.3994,0.3401,0.2371,"Gb Maior;Eb Maior;Eb Menor",,0.00,,0.00,3.31,3.31,0,0,"v2;w20;harm;aar;song60;far12;near45;tol0.8;floor0.25;drain0.5;bass0.25"
4736,1790796491712,G# Menor,G# Menor,0,G# Menor,Eb Maior,0.3716,0.3716,0.3405,0.1243,"Eb Maior;Gb Maior;Eb Menor",,0.00,,0.00,3.85,3.85,0,0,"v2;w20;harm;aar;song60;far12;near45;tol0.8;floor0.25;drain0.5;bass0.25"
5201,1790796492213,G# Menor,G# Menor,0,G# Menor,Eb Maior,0.3438,0.3438,0.3162,0.1107,"Eb Maior;Gb Maior;Eb Menor",,0.00,,0.00,4.33,4.33,0,0,"v2;w20;harm;aar;song60;far12;near45;tol0.8;floor0.25;drain0.5;bass0.25"
5665,1790796492713,G# Menor,G# Menor,0,G# Menor,Eb Maior,0.3056,0.3056,0.2671,0.1543,"Eb Maior;G Menor;Gb Maior",,0.00,,0.00,4.79,4.79,0,0,"v2;w20;harm;aar;song60;far12;near45;tol0.8;floor0.25;drain0.5;bass0.25"
6222,1790796493213,G# Menor,G# Menor,0,G Menor,G Menor,0.3077,0.0000,0.3077,0.0000,"G Menor;Eb Maior;Bb Maior",,0.00,,0.00,5.33,5.33,0,0,"v2;w20;harm;aar;song60;far12;near45;tol0.8;floor0.25;drain0.5;bass0.25"
6687,1790796493713,G# Menor,G# Menor,0,G Menor,G Menor,0.3357,0.0000,0.3357,0.0000,"G Menor;Eb Maior;Bb Maior",,0.00,,0.00,5.82,5.82,0,0,"v2;w20;harm;aar;song60;far12;near45;tol0.8;floor0.25;drain0.5;bass0.25"
7151,1790796494212,G# Menor,G# Menor,0,G Menor,G Menor,0.3970,0.0000,0.3970,0.0000,"G Menor;Eb Maior;F Maior",,0.00,,0.00,6.27,6.27,0,0,"v2;w20;harm;aar;song60;far12;near45;tol0.8;floor0.25;drain0.5;bass0.25"
7709,1790796494714,G# Menor,G# Menor,0,G Menor,G Menor,0.4546,0.0000,0.4546,0.0000,"G Menor;Eb Maior;F Maior",,0.00,,0.00,6.83,6.83,0,0,"v2;w20;harm;aar;song60;far12;near45;tol0.8;floor0.25;drain0.5;bass0.25"
8173,1790796495212,G# Menor,G# Menor,0,G Menor,G Menor,0.4595,0.0000,0.4595,0.0000,"G Menor;Eb Maior;Bb Maior",,0.00,,0.00,7.29,7.29,0,0,"v2;w20;harm;aar;song60;far12;near45;tol0.8;floor0.25;drain0.5;bass0.25"
8730,1790796495713,G# Menor,G# Menor,0,Eb Maior,Eb Maior,0.4625,0.0000,0.4625,0.0000,"Eb Maior;G Menor;Bb Maior",,0.00,,0.00,7.85,7.85,0,0,"v2;w20;harm;aar;song60;far12;near45;tol0.8;floor0.25;drain0.5;bass0.25"
9195,1790796496213,G# Menor,G# Menor,0,Eb Maior,Eb Maior,0.4873,0.0000,0.4873,0.0000,"Eb Maior;G Menor;Bb Maior",,0.00,,0.00,8.33,8.33,0,0,"v2;w20;harm;aar;song60;far12;near45;tol0.8;floor0.25;drain0.5;bass0.25"
9659,1790796496712,G# Menor,G# Menor,0,Eb Maior,Eb Maior,0.4915,0.0000,0.4915,0.0000,"Eb Maior;G Menor;Bb Maior",,0.00,,0.00,8.77,8.77,0,0,"v2;w20;harm;aar;song60;far12;near45;tol0.8;floor0.25;drain0.5;bass0.25"
10216,1790796497213,G# Menor,G# Menor,0,Eb Maior,Eb Maior,0.5127,0.0000,0.5127,0.0000,"Eb Maior;G Menor;Bb Maior",,0.00,,0.00,9.36,9.36,0,0,"v2;w20;harm;aar;song60;far12;near45;tol0.8;floor0.25;drain0.5;bass0.25"
10681,1790796497713,G# Menor,G# Menor,0,Eb Maior,Eb Maior,0.5429,0.0000,0.5429,0.0000,"Eb Maior;G Menor;Bb Maior",,0.00,,0.00,9.81,9.81,0,0,"v2;w20;harm;aar;song60;far12;near45;tol0.8;floor0.25;drain0.5;bass0.25"
11238,1790796498213,G# Menor,G# Menor,0,Eb Maior,Eb Maior,0.5649,0.0000,0.5649,0.0000,"Eb Maior;G Menor;Bb Maior",,0.00,,0.00,10.35,10.35,0,0,"v2;w20;harm;aar;song60;far12;near45;tol0.8;floor0.25;drain0.5;bass0.25"
11702,1790796498714,G# Menor,G# Menor,0,Eb Maior,Eb Maior,0.5777,0.0000,0.5777,0.0000,"Eb Maior;G Menor;Bb Maior",,0.00,,0.00,10.84,10.84,0,0,"v2;w20;harm;aar;song60;far12;near45;tol0.8;floor0.25;drain0.5;bass0.25"
12167,1790796499213,G# Menor,G# Menor,0,Eb Maior,Eb Maior,0.5886,0.0000,0.5886,0.0000,"Eb Maior;G Menor;Bb Maior",,0.00,,0.00,11.29,11.29,0,0,"v2;w20;harm;aar;song60;far12;near45;tol0.8;floor0.25;drain0.5;bass0.25"
12724,1790796499713,G# Menor,G# Menor,0,Eb Maior,Eb Maior,0.5993,0.0000,0.5993,0.0000,"Eb Maior;G Menor;Bb Maior",,0.00,,0.00,11.85,11.85,0,0,"v2;w20;harm;aar;song60;far12;near45;tol0.8;floor0.25;drain0.5;bass0.25"
13188,1790796500212,Eb Maior,Eb Maior,0,Eb Maior,G Menor,0.6053,0.6053,0.4526,0.6108,"G Menor;Bb Maior;F Menor",,0.00,,0.00,12.31,12.31,1,0,"v2;w20;harm;aar;song60;far12;near45;tol0.8;floor0.25;drain0.5;bass0.25"
13653,1790796500714,Eb Maior,Eb Maior,0,Eb Maior,G Menor,0.6102,0.6102,0.4690,0.5646,"G Menor;Bb Maior;F Menor",,0.00,,0.00,12.77,12.77,1,0,"v2;w20;harm;aar;song60;far12;near45;tol0.8;floor0.25;drain0.5;bass0.25"
14210,1790796501215,Eb Maior,Eb Maior,0,Eb Maior,G Menor,0.6106,0.6106,0.4897,0.4837,"G Menor;Bb Maior;F Menor",,0.00,,0.00,13.34,13.34,1,0,"v2;w20;harm;aar;song60;far12;near45;tol0.8;floor0.25;drain0.5;bass0.25"
14675,1790796501714,Eb Maior,Eb Maior,0,Eb Maior,G Menor,0.6181,0.6181,0.5149,0.4126,"G Menor;Bb Maior;F Menor",,0.00,,0.00,13.79,13.79,1,0,"v2;w20;harm;aar;song60;far12;near45;tol0.8;floor0.25;drain0.5;bass0.25"
15232,1790796502214,Eb Maior,Eb Maior,0,Eb Maior,G Menor,0.6212,0.6212,0.5150,0.4251,"G Menor;Bb Maior;F Menor",,0.00,,0.00,14.36,14.36,1,0,"v2;w20;harm;aar;song60;far12;near45;tol0.8;floor0.25;drain0.5;bass0.25"
15696,1790796502714,Eb Maior,Eb Maior,0,Eb Maior,G Menor,0.6041,0.6041,0.4912,0.4514,"G Menor;Bb Maior;F Menor",,0.00,,0.00,14.83,14.83,1,0,"v2;w20;harm;aar;song60;far12;near45;tol0.8;floor0.25;drain0.5;bass0.25"
16161,1790796503214,Eb Maior,Eb Maior,0,Eb Maior,G Menor,0.5967,0.5967,0.4966,0.4004,"G Menor;Bb Maior;F Menor",,0.00,,0.00,15.27,15.27,1,0,"v2;w20;harm;aar;song60;far12;near45;tol0.8;floor0.25;drain0.5;bass0.25"
16718,1790796503721,Eb Maior,Eb Maior,0,Eb Maior,G Menor,0.5905,0.5905,0.5357,0.2194,"G Menor;Bb Maior;F Menor",,0.00,,0.00,15.85,15.85,1,0,"v2;w20;harm;aar;song60;far12;near45;tol0.8;floor0.25;drain0.5;bass0.25"
17182,1790796504214,Eb Maior,Eb Maior,0,Eb Maior,G Menor,0.5953,0.5953,0.5630,0.1292,"G Menor;Bb Maior;F Menor",,0.00,,0.00,16.31,16.31,1,0,"v2;w20;harm;aar;song60;far12;near45;tol0.8;floor0.25;drain0.5;bass0.25"
17740,1790796504714,Eb Maior,Eb Maior,0,Eb Maior,G Menor,0.5798,0.5798,0.5697,0.0405,"G Menor;Bb Maior;F Menor",,0.00,,0.00,16.85,16.85,1,0,"v2;w20;harm;aar;song60;far12;near45;tol0.8;floor0.25;drain0.5;bass0.25"
18204,1790796505214,Eb Maior,Eb Maior,0,Eb Maior,G Menor,0.5756,0.5756,0.5691,0.0259,"G Menor;Bb Maior;F Menor",,0.00,,0.00,17.33,17.33,1,0,"v2;w20;harm;aar;song60;far12;near45;tol0.8;floor0.25;drain0.5;bass0.25"
18668,1790796505714,Eb Maior,Eb Maior,0,Eb Maior,G Menor,0.5653,0.5653,0.5610,0.0172,"G Menor;Bb Maior;F Menor",,0.00,,0.00,17.79,17.79,1,0,"v2;w20;harm;aar;song60;far12;near45;tol0.8;floor0.25;drain0.5;bass0.25"
19226,1790796506215,Eb Maior,Eb Maior,0,G Menor,G Menor,0.5697,0.0000,0.5697,0.0000,"G Menor;Bb Maior;F Menor",,0.00,,0.00,18.35,18.35,1,0,"v2;w20;harm;aar;song60;far12;near45;tol0.8;floor0.25;drain0.5;bass0.25"
19690,1790796506715,Eb Maior,Eb Maior,0,G Menor,G Menor,0.5765,0.0000,0.5765,0.0000,"G Menor;Bb Maior;F Menor",,0.00,,0.00,18.81,18.81,1,0,"v2;w20;harm;aar;song60;far12;near45;tol0.8;floor0.25;drain0.5;bass0.25"
20154,1790796507215,Eb Maior,Eb Maior,0,G Menor,G Menor,0.5807,0.0000,0.5807,0.0000,"G Menor;Bb Maior;F Maior",,0.00,,0.00,19.27,19.27,1,0,"v2;w20;harm;aar;song60;far12;near45;tol0.8;floor0.25;drain0.5;bass0.25"
20712,1790796507716,Eb Maior,Eb Maior,0,G Menor,G Menor,0.5839,0.0000,0.5839,0.0000,"G Menor;Bb Maior;F Maior",,0.00,,0.00,19.83,19.83,1,0,"v2;w20;harm;aar;song60;far12;near45;tol0.8;floor0.25;drain0.5;bass0.25"
21176,1790796508215,Eb Maior,Eb Maior,0,G Menor,G Menor,0.5781,0.0000,0.5781,0.0000,"G Menor;F Maior;Bb Maior",,0.00,,0.00,20.29,20.29,1,0,"v2;w20;harm;aar;song60;far12;near45;tol0.8;floor0.25;drain0.5;bass0.25"
21640,1790796508714,Eb Maior,Eb Maior,0,G Menor,G Menor,0.5644,0.0000,0.5644,0.0000,"G Menor;F Maior;Bb Maior",,0.00,,0.00,20.75,20.75,1,0,"v2;w20;harm;aar;song60;far12;near45;tol0.8;floor0.25;drain0.5;bass0.25"
22198,1790796509214,Eb Maior,Eb Maior,0,G Menor,G Menor,0.5727,0.0000,0.5727,0.0000,"G Menor;F Maior;Bb Maior",,0.00,,0.00,21.33,21.33,1,0,"v2;w20;harm;aar;song60;far12;near45;tol0.8;floor0.25;drain0.5;bass0.25"
22662,1790796509714,Eb Maior,Eb Maior,0,G Menor,G Menor,0.5946,0.0000,0.5946,0.0000,"G Menor;F Maior;Bb Maior",,0.00,,0.00,21.77,21.77,1,0,"v2;w20;harm;aar;song60;far12;near45;tol0.8;floor0.25;drain0.5;bass0.25"
23219,1790796510215,Eb Maior,Eb Maior,0,G Menor,G Menor,0.6050,0.0000,0.6050,0.0000,"G Menor;F Maior;Bb Maior",,0.00,,0.00,22.35,22.35,1,0,"v2;w20;harm;aar;song60;far12;near45;tol0.8;floor0.25;drain0.5;bass0.25"
23684,1790796510715,Eb Maior,Eb Maior,0,G Menor,G Menor,0.6060,0.0000,0.6060,0.0000,"G Menor;F Maior;Bb Maior",,0.00,,0.00,22.81,22.81,1,0,"v2;w20;harm;aar;song60;far12;near45;tol0.8;floor0.25;drain0.5;bass0.25"
24148,1790796511212,Eb Maior,Eb Maior,0,G Menor,G Menor,0.6111,0.0000,0.6111,0.0000,"G Menor;F Maior;Bb Maior",,0.00,,0.00,23.27,23.27,1,0,"v2;w20;harm;aar;song60;far12;near45;tol0.8;floor0.25;drain0.5;bass0.25"
24706,1790796511714,F Maior,F Maior,0,G Menor,G Menor,0.6124,0.0000,0.6124,0.0000,"G Menor;Eb Maior;Bb Maior",,0.00,,0.00,23.83,23.83,2,0,"v2;w20;harm;aar;song60;far12;near45;tol0.8;floor0.25;drain0.5;bass0.25"
25170,1790796512214,F Maior,F Maior,0,G Menor,G Menor,0.6209,0.0000,0.6209,0.0000,"G Menor;Eb Maior;Bb Maior",,0.00,,0.00,24.29,24.29,2,0,"v2;w20;harm;aar;song60;far12;near45;tol0.8;floor0.25;drain0.5;bass0.25"
25727,1790796512715,F Maior,F Maior,0,G Menor,G Menor,0.6466,0.0000,0.6466,0.0000,"G Menor;Eb Maior;Bb Maior",,0.00,,0.00,24.85,24.85,2,0,"v2;w20;harm;aar;song60;far12;near45;tol0.8;floor0.25;drain0.5;bass0.25"
26192,1790796513215,F Maior,F Maior,0,G Menor,G Menor,0.6692,0.0000,0.6692,0.0000,"G Menor;Eb Maior;Bb Maior",,0.00,,0.00,25.31,25.31,2,0,"v2;w20;harm;aar;song60;far12;near45;tol0.8;floor0.25;drain0.5;bass0.25"
26656,1790796513715,F Maior,F Maior,0,G Menor,G Menor,0.6635,0.0000,0.6635,0.0000,"G Menor;Eb Maior;Bb Maior",,0.00,,0.00,25.77,25.77,2,0,"v2;w20;harm;aar;song60;far12;near45;tol0.8;floor0.25;drain0.5;bass0.25"
27213,1790796514215,F Maior,F Maior,0,G Menor,G Menor,0.6547,0.0000,0.6547,0.0000,"G Menor;Eb Maior;Bb Maior",,0.00,,0.00,26.33,26.33,2,0,"v2;w20;harm;aar;song60;far12;near45;tol0.8;floor0.25;drain0.5;bass0.25"
27678,1790796514715,F Maior,F Maior,0,G Menor,G Menor,0.6563,0.0000,0.6563,0.0000,"G Menor;Eb Maior;Bb Maior",,0.00,,0.00,26.79,26.79,2,0,"v2;w20;harm;aar;song60;far12;near45;tol0.8;floor0.25;drain0.5;bass0.25"
28142,1790796515214,F Maior,F Maior,0,G Menor,G Menor,0.6511,0.0000,0.6511,0.0000,"G Menor;Eb Maior;Bb Maior",,0.00,,0.00,27.27,27.27,2,0,"v2;w20;harm;aar;song60;far12;near45;tol0.8;floor0.25;drain0.5;bass0.25"
28699,1790796515714,F Maior,F Maior,0,G Menor,G Menor,0.6469,0.0000,0.6469,0.0000,"G Menor;Eb Maior;Bb Maior",,0.00,,0.00,27.83,27.83,2,0,"v2;w20;harm;aar;song60;far12;near45;tol0.8;floor0.25;drain0.5;bass0.25"
29164,1790796516215,F Maior,F Maior,0,G Menor,G Menor,0.6616,0.0000,0.6616,0.0000,"G Menor;Eb Maior;Bb Maior",,0.00,,0.00,28.27,28.27,2,0,"v2;w20;harm;aar;song60;far12;near45;tol0.8;floor0.25;drain0.5;bass0.25"
29721,1790796516715,F Maior,F Maior,0,G Menor,G Menor,0.6664,0.0000,0.6664,0.0000,"G Menor;Eb Maior;Bb Maior",,0.00,,0.00,28.85,28.85,2,0,"v2;w20;harm;aar;song60;far12;near45;tol0.8;floor0.25;drain0.5;bass0.25"
30185,1790796517215,F Maior,F Maior,0,G Menor,G Menor,0.6627,0.0000,0.6627,0.0000,"G Menor;Eb Maior;Bb Maior",,0.00,,0.00,29.31,29.31,2,0,"v2;w20;harm;aar;song60;far12;near45;tol0.8;floor0.25;drain0.5;bass0.25"
30650,1790796517714,F Maior,F Maior,0,G Menor,G Menor,0.6641,0.0000,0.6641,0.0000,"G Menor;Eb Maior;Bb Maior",,0.00,,0.00,29.79,29.79,2,0,"v2;w20;harm;aar;song60;far12;near45;tol0.8;floor0.25;drain0.5;bass0.25"
31207,1790796518215,F Maior,F Maior,0,G Menor,G Menor,0.6717,0.0000,0.6717,0.0000,"G Menor;Eb Maior;Bb Maior",,0.00,,0.00,30.33,30.33,2,0,"v2;w20;harm;aar;song60;far12;near45;tol0.8;floor0.25;drain0.5;bass0.25"
31672,1790796518715,F Maior,F Maior,0,G Menor,G Menor,0.6852,0.0000,0.6852,0.0000,"G Menor;Eb Maior;Bb Maior",,0.00,,0.00,30.79,30.79,2,0,"v2;w20;harm;aar;song60;far12;near45;tol0.8;floor0.25;drain0.5;bass0.25"
32229,1790796519215,F Maior,F Maior,0,G Menor,G Menor,0.6874,0.0000,0.6874,0.0000,"G Menor;Eb Maior;Bb Maior",,0.00,,0.00,31.35,31.35,2,0,"v2;w20;harm;aar;song60;far12;near45;tol0.8;floor0.25;drain0.5;bass0.25"
32693,1790796519715,F Maior,F Maior,0,G Menor,G Menor,0.6956,0.0000,0.6956,0.0000,"G Menor;Eb Maior;Bb Maior",,0.00,,0.00,31.81,31.81,2,0,"v2;w20;harm;aar;song60;far12;near45;tol0.8;floor0.25;drain0.5;bass0.25"
33158,1790796520215,F Maior,F Maior,0,G Menor,G Menor,0.7037,0.0000,0.7037,0.0000,"G Menor;Eb Maior;Bb Maior",,0.00,,0.00,32.27,32.27,2,0,"v2;w20;harm;aar;song60;far12;near45;tol0.8;floor0.25;drain0.5;bass0.25"
33715,1790796520716,F Maior,F Maior,0,G Menor,G Menor,0.7126,0.0000,0.7126,0.0000,"G Menor;Eb Maior;Bb Maior",,0.00,,0.00,32.83,32.83,2,0,"v2;w20;harm;aar;song60;far12;near45;tol0.8;floor0.25;drain0.5;bass0.25"
34179,1790796521215,F Maior,F Maior,0,G Menor,G Menor,0.7162,0.0000,0.7162,0.0000,"G Menor;Bb Maior;Eb Maior",,0.00,,0.00,33.29,33.29,2,0,"v2;w20;harm;aar;song60;far12;near45;tol0.8;floor0.25;drain0.5;bass0.25"
34644,1790796521714,F Maior,F Maior,0,G Menor,G Menor,0.7125,0.0000,0.7125,0.0000,"G Menor;Bb Maior;Eb Maior",,0.00,,0.00,33.77,33.77,2,0,"v2;w20;harm;aar;song60;far12;near45;tol0.8;floor0.25;drain0.5;bass0.25"
35201,1790796522214,F Maior,F Maior,0,G Menor,G Menor,0.7090,0.0000,0.7090,0.0000,"G Menor;Bb Maior;Eb Maior",,0.00,,0.00,34.33,34.33,2,0,"v2;w20;harm;aar;song60;far12;near45;tol0.8;floor0.25;drain0.5;bass0.25"
35665,1790796522714,G Menor,G Menor,0,G Menor,Bb Maior,0.7072,0.7072,0.5974,0.4392,"Bb Maior;F Maior;Eb Maior",,0.00,,0.00,34.77,34.77,3,1,"v2;w20;harm;aar;song60;far12;near45;tol0.8;floor0.25;drain0.5;bass0.25"
36223,1790796523213,G Menor,G Menor,0,G Menor,F Maior,0.7131,0.7131,0.5994,0.4548,"F Maior;Bb Maior;Eb Maior",,0.00,,0.00,35.35,35.35,3,1,"v2;w20;harm;aar;song60;far12;near45;tol0.8;floor0.25;drain0.5;bass0.25"
36687,1790796523715,G Menor,G Menor,0,G Menor,F Maior,0.7181,0.7181,0.6088,0.4371,"F Maior;Bb Maior;Eb Maior",,0.00,,0.00,35.81,35.81,3,1,"v2;w20;harm;aar;song60;far12;near45;tol0.8;floor0.25;drain0.5;bass0.25"
37151,1790796524214,G Menor,G Menor,0,G Menor,F Maior,0.7201,0.7201,0.6193,0.4034,"F Maior;Bb Maior;Eb Maior",,0.00,,0.00,36.30,36.30,3,1,"v2;w20;harm;aar;song60;far12;near45;tol0.8;floor0.25;drain0.5;bass0.25"
37709,1790796524715,G Menor,G Menor,0,G Menor,F Maior,0.7222,0.7222,0.6258,0.3857,"F Maior;Bb Maior;Eb Maior",,0.00,,0.00,36.83,36.83,3,1,"v2;w20;harm;aar;song60;far12;near45;tol0.8;floor0.25;drain0.5;bass0.25"
38173,1790796525215,G Menor,G Menor,0,G Menor,F Maior,0.7263,0.7263,0.6332,0.3726,"F Maior;Bb Maior;Eb Maior",,0.00,,0.00,37.30,37.30,3,1,"v2;w20;harm;aar;song60;far12;near45;tol0.8;floor0.25;drain0.5;bass0.25"
38730,1790796525715,G Menor,G Menor,0,G Menor,F Maior,0.7363,0.7363,0.6405,0.3834,"F Maior;Bb Maior;Eb Maior",,0.00,,0.00,37.85,37.85,3,1,"v2;w20;harm;aar;song60;far12;near45;tol0.8;floor0.25;drain0.5;bass0.25"
39195,1790796526214,G Menor,G Menor,0,G Menor,F Maior,0.7533,0.7533,0.6487,0.4186,"F Maior;Bb Maior;Eb Maior",,0.00,,0.00,38.31,38.31,3,1,"v2;w20;harm;aar;song60;far12;near45;tol0.8;floor0.25;drain0.5;bass0.25"
39659,1790796526715,G Menor,G Menor,0,G Menor,F Maior,0.7528,0.7528,0.6581,0.3788,"F Maior;Bb Maior;Eb Maior",,0.00,,0.00,38.80,38.80,3,1,"v2;w20;harm;aar;song60;far12;near45;tol0.8;floor0.25;drain0.5;bass0.25"
40216,1790796527215,G Menor,G Menor,0,G Menor,F Maior,0.7526,0.7526,0.6730,0.3184,"F Maior;Bb Maior;Eb Maior",,0.00,,0.00,39.34,39.34,3,1,"v2;w20;harm;aar;song60;far12;near45;tol0.8;floor0.25;drain0.5;bass0.25"
40681,1790796527714,G Menor,G Menor,0,G Menor,F Maior,0.7480,0.7480,0.6849,0.2526,"F Maior;Bb Maior;Eb Maior",,0.00,,0.00,39.79,39.79,3,1,"v2;w20;harm;aar;song60;far12;near45;tol0.8;floor0.25;drain0.5;bass0.25"
41145,1790796528214,G Menor,G Menor,0,G Menor,F Maior,0.7473,0.7473,0.6865,0.2435,"F Maior;Bb Maior;Eb Maior",,0.00,,0.00,40.27,40.27,3,1,"v2;w20;harm;aar;song60;far12;near45;tol0.8;floor0.25;drain0.5;bass0.25"
41703,1790796528715,G Menor,G Menor,0,G Menor,F Maior,0.7531,0.7531,0.6965,0.2265,"F Maior;Bb Maior;Eb Maior",,0.00,,0.00,40.83,40.83,3,1,"v2;w20;harm;aar;song60;far12;near45;tol0.8;floor0.25;drain0.5;bass0.25"
42167,1790796529214,G Menor,G Menor,0,G Menor,F Maior,0.7533,0.7533,0.6971,0.2247,"F Maior;Bb Maior;Eb Maior",,0.00,,0.00,41.29,41.29,3,1,"v2;w20;harm;aar;song60;far12;near45;tol0.8;floor0.25;drain0.5;bass0.25"
42724,1790796529715,G Menor,G Menor,0,G Menor,F Maior,0.7683,0.7683,0.7073,0.2441,"F Maior;Bb Maior;Eb Maior",,0.00,,0.00,41.85,41.85,3,1,"v2;w20;harm;aar;song60;far12;near45;tol0.8;floor0.25;drain0.5;bass0.25"
43189,1790796530215,G Menor,G Menor,0,G Menor,F Maior,0.7704,0.7704,0.7127,0.2307,"F Maior;Bb Maior;Eb Maior",,0.00,,0.00,42.31,42.31,3,1,"v2;w20;harm;aar;song60;far12;near45;tol0.8;floor0.25;drain0.5;bass0.25"
43653,1790796530715,G Menor,G Menor,0,G Menor,F Maior,0.7676,0.7676,0.7087,0.2358,"F Maior;Bb Maior;Eb Maior",,0.00,,0.00,42.79,42.79,3,1,"v2;w20;harm;aar;song60;far12;near45;tol0.8;floor0.25;drain0.5;bass0.25"
44210,1790796531217,G Menor,G Menor,0,G Menor,F Maior,0.7689,0.7689,0.7125,0.2253,"F Maior;Bb Maior;Eb Maior",,0.00,,0.00,43.33,43.33,3,1,"v2;w20;harm;aar;song60;far12;near45;tol0.8;floor0.25;drain0.5;bass0.25"
44675,1790796531714,G Menor,G Menor,0,G Menor,F Maior,0.7675,0.7675,0.7170,0.2021,"F Maior;Bb Maior;Eb Maior",,0.00,,0.00,43.79,43.79,3,1,"v2;w20;harm;aar;song60;far12;near45;tol0.8;floor0.25;drain0.5;bass0.25"
45232,1790796532215,G Menor,G Menor,0,G Menor,F Maior,0.7682,0.7682,0.7211,0.1886,"F Maior;Bb Maior;Eb Maior",,0.00,,0.00,44.35,44.35,3,1,"v2;w20;harm;aar;song60;far12;near45;tol0.8;floor0.25;drain0.5;bass0.25"
45696,1790796532715,G Menor,G Menor,0,G Menor,F Maior,0.7691,0.7691,0.7208,0.1935,"F Maior;Bb Maior;Eb Maior",,0.00,,0.00,44.81,44.81,3,1,"v2;w20;harm;aar;song60;far12;near45;tol0.8;floor0.25;drain0.5;bass0.25"
46161,1790796533215,G Menor,G Menor,0,G Menor,F Maior,0.7661,0.7661,0.7153,0.2033,"F Maior;Bb Maior;Eb Maior",,0.00,,0.00,45.29,45.29,3,1,"v2;w20;harm;aar;song60;far12;near45;tol0.8;floor0.25;drain0.5;bass0.25"
46718,1790796533716,G Menor,G Menor,0,G Menor,F Maior,0.7616,0.7616,0.7060,0.2222,"F Maior;Bb Maior;Eb Maior",,0.00,,0.00,45.83,45.83,3,1,"v2;w20;harm;aar;song60;far12;near45;tol0.8;floor0.25;drain0.5;bass0.25"
47182,1790796534215,G Menor,G Menor,0,G Menor,F Maior,0.7617,0.7617,0.7050,0.2270,"F Maior;Bb Maior;Eb Maior",,0.00,,0.00,46.29,46.29,3,1,"v2;w20;harm;aar;song60;far12;near45;tol0.8;floor0.25;drain0.5;bass0.25"
47647,1790796534715,G Menor,G Menor,0,G Menor,F Maior,0.7584,0.7584,0.7014,0.2281,"F Maior;Bb Maior;Eb Maior",,0.00,,0.00,46.77,46.77,3,1,"v2;w20;harm;aar;song60;far12;near45;tol0.8;floor0.25;drain0.5;bass0.25"
48204,1790796535214,G Menor,G Menor,0,G Menor,F Maior,0.7626,0.7626,0.7056,0.2280,"F Maior;Bb Maior;Eb Maior",,0.00,,0.00,47.33,47.33,3,1,"v2;w20;harm;aar;song60;far12;near45;tol0.8;floor0.25;drain0.5;bass0.25"
48669,1790796535714,G Menor,G Menor,0,G Menor,F Maior,0.7640,0.7640,0.7055,0.2339,"F Maior;Bb Maior;Eb Maior",,0.00,,0.00,47.79,47.79,3,1,"v2;w20;harm;aar;song60;far12;near45;tol0.8;floor0.25;drain0.5;bass0.25"
49226,1790796536215,G Menor,G Menor,0,G Menor,F Maior,0.7556,0.7556,0.6864,0.2768,"F Maior;Bb Maior;Eb Maior",,0.00,,0.00,48.35,48.35,3,1,"v2;w20;harm;aar;song60;far12;near45;tol0.8;floor0.25;drain0.5;bass0.25"
49690,1790796536715,G Menor,G Menor,0,G Menor,F Maior,0.7520,0.7520,0.6777,0.2972,"F Maior;Bb Maior;Eb Maior",,0.00,,0.00,48.81,48.81,3,1,"v2;w20;harm;aar;song60;far12;near45;tol0.8;floor0.25;drain0.5;bass0.25"
50155,1790796537214,G Menor,G Menor,0,G Menor,F Maior,0.7474,0.7474,0.6639,0.3340,"F Maior;Bb Maior;Eb Maior",,0.00,,0.00,49.29,49.29,3,1,"v2;w20;harm;aar;song60;far12;near45;tol0.8;floor0.25;drain0.5;bass0.25"
50712,1790796537715,G Menor,G Menor,0,G Menor,F Maior,0.7391,0.7391,0.6468,0.3691,"F Maior;Bb Maior;Eb Maior",,0.00,,0.00,49.83,49.83,3,1,"v2;w20;harm;aar;song60;far12;near45;tol0.8;floor0.25;drain0.5;bass0.25"
51176,1790796538215,G Menor,G Menor,0,G Menor,F Maior,0.7358,0.7358,0.6373,0.3941,"F Maior;Bb Maior;Eb Maior",,0.00,,0.00,50.31,50.31,3,1,"v2;w20;harm;aar;song60;far12;near45;tol0.8;floor0.25;drain0.5;bass0.25"
51734,1790796538715,G Menor,G Menor,0,G Menor,F Maior,0.7270,0.7270,0.6181,0.4353,"F Maior;Bb Maior;Eb Maior",,0.00,,0.00,50.85,50.85,3,1,"v2;w20;harm;aar;song60;far12;near45;tol0.8;floor0.25;drain0.5;bass0.25"
52198,1790796539214,G Menor,G Menor,0,G Menor,F Maior,0.7210,0.7210,0.6079,0.4525,"F Maior;Bb Maior;Eb Maior",,0.00,,0.00,51.31,51.31,3,1,"v2;w20;harm;aar;song60;far12;near45;tol0.8;floor0.25;drain0.5;bass0.25"
52662,1790796539714,G Menor,G Menor,0,G Menor,Bb Maior,0.7163,0.7163,0.6014,0.4599,"Bb Maior;F Maior;Eb Maior",,0.00,,0.00,51.79,51.79,3,1,"v2;w20;harm;aar;song60;far12;near45;tol0.8;floor0.25;drain0.5;bass0.25"
53220,1790796540214,G Menor,G Menor,0,G Menor,Bb Maior,0.7095,0.7095,0.5968,0.4509,"Bb Maior;F Maior;Eb Maior",,0.00,,0.00,52.34,52.34,3,1,"v2;w20;harm;aar;song60;far12;near45;tol0.8;floor0.25;drain0.5;bass0.25"
53684,1790796540715,G Menor,G Menor,0,G Menor,Bb Maior,0.7063,0.7063,0.5977,0.4344,"Bb Maior;F Maior;Eb Maior",,0.00,,0.00,52.81,52.81,3,1,"v2;w20;harm;aar;song60;far12;near45;tol0.8;floor0.25;drain0.5;bass0.25"
54148,1790796541215,G Menor,G Menor,0,G Menor,Bb Maior,0.7018,0.7018,0.5959,0.4237,"Bb Maior;F Maior;Eb Maior",,0.00,,0.00,53.27,53.27,3,1,"v2;w20;harm;aar;song60;far12;near45;tol0.8;floor0.25;drain0.5;bass0.25"
54706,1790796541715,G Menor,G Menor,0,G Menor,Bb Maior,0.6993,0.6993,0.5932,0.4245,"Bb Maior;F Maior;Eb Maior",,0.00,,0.00,53.83,53.83,3,1,"v2;w20;harm;aar;song60;far12;near45;tol0.8;floor0.25;drain0.5;bass0.25"
55170,1790796542215,G Menor,G Menor,0,G Menor,Bb Maior,0.6979,0.6979,0.5915,0.4255,"Bb Maior;F Maior;Eb Maior",,0.00,,0.00,54.29,54.29,3,1,"v2;w20;harm;aar;song60;far12;near45;tol0.8;floor0.25;drain0.5;bass0.25"
55727,1790796542712,G Menor,G Menor,0,G Menor,Bb Maior,0.6981,0.6981,0.5916,0.4263,"Bb Maior;F Maior;Eb Maior",,0.00,,0.00,54.85,54.85,3,1,"v2;w20;harm;aar;song60;far12;near45;tol0.8;floor0.25;drain0.5;bass0.25"
56192,1790796543214,G Menor,G Menor,0,G Menor,Bb Maior,0.6993,0.6993,0.5922,0.4285,"Bb Maior;F Maior;Eb Maior",,0.00,,0.00,55.31,55.31,3,1,"v2;w20;harm;aar;song60;far12;near45;tol0.8;floor0.25;drain0.5;bass0.25"
56656,1790796543715,G Menor,G Menor,0,G Menor,Bb Maior,0.7035,0.7035,0.5927,0.4432,"Bb Maior;F Maior;Eb Maior",,0.00,,0.00,55.79,55.79,3,1,"v2;w20;harm;aar;song60;far12;near45;tol0.8;floor0.25;drain0.5;bass0.25"
57213,1790796544216,G Menor,G Menor,0,G Menor,F Maior,0.7070,0.7070,0.5985,0.4340,"F Maior;Bb Maior;Eb Maior",,0.00,,0.00,56.33,56.33,3,1,"v2;w20;harm;aar;song60;far12;near45;tol0.8;floor0.25;drain0.5;bass0.25"
57678,1790796544715,G Menor,G Menor,0,G Menor,F Maior,0.7069,0.7069,0.6008,0.4244,"F Maior;Bb Maior;Eb Maior",,0.00,,0.00,56.81,56.81,3,1,"v2;w20;harm;aar;song60;far12;near45;tol0.8;floor0.25;drain0.5;bass0.25"
58235,1790796545214,G Menor,G Menor,0,G Menor,F Maior,0.7146,0.7146,0.6091,0.4222,"F Maior;Bb Maior;Eb Maior",,0.00,,0.00,57.35,57.35,3,1,"v2;w20;harm;aar;song60;far12;near45;tol0.8;floor0.25;drain0.5;bass0.25"
58700,1790796545715,G Menor,G Menor,0,G Menor,F Maior,0.7233,0.7233,0.6222,0.4046,"F Maior;Bb Maior;Eb Maior",,0.00,,0.00,57.81,57.81,3,1,"v2;w20;harm;aar;song60;far12;near45;tol0.8;floor0.25;drain0.5;bass0.25"
59164,1790796546214,G Menor,G Menor,0,G Menor,F Maior,0.7298,0.7298,0.6279,0.4077,"F Maior;Bb Maior;Eb Maior",,0.00,,0.00,58.29,58.29,3,1,"v2;w20;harm;aar;song60;far12;near45;tol0.8;floor0.25;drain0.5;bass0.25"
59721,1790796546715,G Menor,G Menor,0,G Menor,F Maior,0.7330,0.7330,0.6315,0.4062,"F Maior;Bb Maior;Eb Maior",,0.00,,0.00,58.83,58.83,3,1,"v2;w20;harm;aar;song60;far12;near45;tol0.8;floor0.25;drain0.5;bass0.25"
60186,1790796547215,G Menor,G Menor,0,G Menor,F Maior,0.7344,0.7344,0.6336,0.4033,"F Maior;Bb Maior;Eb Maior",,0.00,,0.00,59.31,59.31,3,1,"v2;w20;harm;aar;song60;far12;near45;tol0.8;floor0.25;drain0.5;bass0.25"
60650,1790796547714,G Menor,G Menor,0,G Menor,F Maior,0.7441,0.7441,0.6401,0.4159,"F Maior;Bb Maior;Eb Maior",,0.00,,0.00,59.77,59.77,3,1,"v2;w20;harm;aar;song60;far12;near45;tol0.8;floor0.25;drain0.5;bass0.25"
61207,1790796548214,G Menor,G Menor,0,G Menor,F Maior,0.7472,0.7472,0.6492,0.3920,"F Maior;Bb Maior;Eb Maior",,0.00,,0.00,60.33,60.33,3,1,"v2;w20;harm;aar;song60;far12;near45;tol0.8;floor0.25;drain0.5;bass0.25"
61672,1790796548714,G Menor,G Menor,0,G Menor,F Maior,0.7480,0.7480,0.6484,0.3984,"F Maior;Bb Maior;Eb Maior",,0.00,,0.00,60.79,60.79,3,1,"v2;w20;harm;aar;song60;far12;near45;tol0.8;floor0.25;drain0.5;bass0.25"
62229,1790796549215,G Menor,G Menor,0,G Menor,F Maior,0.7516,0.7516,0.6574,0.3768,"F Maior;Bb Maior;Eb Maior",,0.00,,0.00,61.35,61.35,3,1,"v2;w20;harm;aar;song60;far12;near45;tol0.8;floor0.25;drain0.5;bass0.25"
62693,1790796549714,G Menor,G Menor,0,G Menor,F Maior,0.7537,0.7537,0.6638,0.3594,"F Maior;Bb Maior;Eb Maior",,0.00,,0.00,61.83,61.83,3,1,"v2;w20;harm;aar;song60;far12;near45;tol0.8;floor0.25;drain0.5;bass0.25"
63158,1790796550213,G Menor,G Menor,0,G Menor,F Maior,0.7536,0.7536,0.6707,0.3313,"F Maior;Bb Maior;Eb Maior",,0.00,,0.00,62.29,62.29,3,1,"v2;w20;harm;aar;song60;far12;near45;tol0.8;floor0.25;drain0.5;bass0.25"
63715,1790796550715,G Menor,G Menor,0,G Menor,F Maior,0.7515,0.7515,0.6781,0.2937,"F Maior;Bb Maior;Eb Maior",,0.00,,0.00,62.83,62.83,3,1,"v2;w20;harm;aar;song60;far12;near45;tol0.8;floor0.25;drain0.5;bass0.25"
64179,1790796551214,G Menor,G Menor,0,G Menor,F Maior,0.7495,0.7495,0.6842,0.2610,"F Maior;Bb Maior;Eb Maior",,0.00,,0.00,63.31,63.31,3,1,"v2;w20;harm;aar;song60;far12;near45;tol0.8;floor0.25;drain0.5;bass0.25"
64737,1790796551715,G Menor,G Menor,0,G Menor,F Maior,0.7522,0.7522,0.6916,0.2423,"F Maior;Bb Maior;Eb Maior",,0.00,,0.00,63.85,63.85,3,1,"v2;w20;harm;aar;song60;far12;near45;tol0.8;floor0.25;drain0.5;bass0.25"
65201,1790796552215,G Menor,G Menor,0,G Menor,F Maior,0.7516,0.7516,0.6898,0.2469,"F Maior;Bb Maior;Eb Maior",,0.00,,0.00,64.33,64.33,3,1,"v2;w20;harm;aar;song60;far12;near45;tol0.8;floor0.25;drain0.5;bass0.25"
65666,1790796552714,G Menor,G Menor,0,G Menor,F Maior,0.7520,0.7520,0.6926,0.2375,"F Maior;Bb Maior;Eb Maior",,0.00,,0.00,64.79,64.79,3,1,"v2;w20;harm;aar;song60;far12;near45;tol0.8;floor0.25;drain0.5;bass0.25"
66223,1790796553215,G Menor,G Menor,0,G Menor,F Maior,0.7545,0.7545,0.6979,0.2263,"F Maior;Bb Maior;Eb Maior",,0.00,,0.00,65.33,65.33,3,1,"v2;w20;harm;aar;song60;far12;near45;tol0.8;floor0.25;drain0.5;bass0.25"
66687,1790796553715,G Menor,G Menor,0,G Menor,F Maior,0.7559,0.7559,0.7022,0.2147,"F Maior;Bb Maior;Eb Maior",,0.00,,0.00,65.81,65.81,3,1,"v2;w20;harm;aar;song60;far12;near45;tol0.8;floor0.25;drain0.5;bass0.25"
67152,1790796554214,G Menor,G Menor,0,G Menor,F Maior,0.7599,0.7599,0.7056,0.2173,"F Maior;Bb Maior;Eb Maior",,0.00,,0.00,66.27,66.27,3,1,"v2;w20;harm;aar;song60;far12;near45;tol0.8;floor0.25;drain0.5;bass0.25"
67709,1790796554715,G Menor,G Menor,0,G Menor,F Maior,0.7646,0.7646,0.7112,0.2138,"F Maior;Bb Maior;Eb Maior",,0.00,,0.00,66.83,66.83,3,1,"v2;w20;harm;aar;song60;far12;near45;tol0.8;floor0.25;drain0.5;bass0.25"
68173,1790796555215,G Menor,G Menor,0,G Menor,F Maior,0.7631,0.7631,0.7102,0.2115,"F Maior;Bb Maior;Eb Maior",,0.00,,0.00,67.29,67.29,3,1,"v2;w20;harm;aar;song60;far12;near45;tol0.8;floor0.25;drain0.5;bass0.25"
68731,1790796555715,G Menor,G Menor,0,G Menor,F Maior,0.7592,0.7592,0.7054,0.2153,"F Maior;Bb Maior;Eb Maior",,0.00,,0.00,67.85,67.85,3,1,"v2;w20;harm;aar;song60;far12;near45;tol0.8;floor0.25;drain0.5;bass0.25"
69195,1790796556215,G Menor,G Menor,0,G Menor,F Maior,0.7599,0.7599,0.7043,0.2222,"F Maior;Bb Maior;Eb Maior",,0.00,,0.00,68.34,68.34,3,1,"v2;w20;harm;aar;song60;far12;near45;tol0.8;floor0.25;drain0.5;bass0.25"
69659,1790796556715,G Menor,G Menor,0,G Menor,F Maior,0.7565,0.7565,0.7036,0.2114,"F Maior;Bb Maior;Eb Maior",,0.00,,0.00,68.79,68.79,3,1,"v2;w20;harm;aar;song60;far12;near45;tol0.8;floor0.25;drain0.5;bass0.25"
70217,1790796557215,G Menor,G Menor,0,G Menor,F Maior,0.7617,0.7617,0.7033,0.2335,"F Maior;Bb Maior;Eb Maior",,0.00,,0.00,69.33,69.33,3,1,"v2;w20;harm;aar;song60;far12;near45;tol0.8;floor0.25;drain0.5;bass0.25"
70681,1790796557715,G Menor,G Menor,0,G Menor,F Maior,0.7640,0.7640,0.6999,0.2561,"F Maior;Bb Maior;Eb Maior",,0.00,,0.00,69.81,69.81,3,1,"v2;w20;harm;aar;song60;far12;near45;tol0.8;floor0.25;drain0.5;bass0.25"
71238,1790796558215,G Menor,G Menor,0,G Menor,F Maior,0.7637,0.7637,0.6973,0.2655,"F Maior;Bb Maior;Eb Maior",,0.00,,0.00,70.35,70.35,3,1,"v2;w20;harm;aar;song60;far12;near45;tol0.8;floor0.25;drain0.5;bass0.25"
71703,1790796558715,G Menor,G Menor,0,G Menor,F Maior,0.7583,0.7583,0.6896,0.2746,"F Maior;Bb Maior;Eb Maior",,0.00,,0.00,70.83,70.83,3,1,"v2;w20;harm;aar;song60;far12;near45;tol0.8;floor0.25;drain0.5;bass0.25"
72167,1790796559215,G Menor,G Menor,0,G Menor,F Maior,0.7567,0.7567,0.6871,0.2783,"F Maior;Bb Maior;Eb Maior",,0.00,,0.00,71.29,71.29,3,1,"v2;w20;harm;aar;song60;far12;near45;tol0.8;floor0.25;drain0.5;bass0.25"
72724,1790796559714,G Menor,G Menor,0,G Menor,F Maior,0.7571,0.7571,0.6919,0.2608,"F Maior;Bb Maior;Eb Maior",,0.00,,0.00,71.83,71.83,3,1,"v2;w20;harm;aar;song60;far12;near45;tol0.8;floor0.25;drain0.5;bass0.25"
73189,1790796560215,G Menor,G Menor,0,G Menor,F Maior,0.7619,0.7619,0.6940,0.2714,"F Maior;Bb Maior;Eb Maior",,0.00,,0.00,72.31,72.31,3,1,"v2;w20;harm;aar;song60;far12;near45;tol0.8;floor0.25;drain0.5;bass0.25"
73653,1790796560714,G Menor,G Menor,0,G Menor,F Maior,0.7702,0.7702,0.6980,0.2892,"F Maior;Bb Maior;Eb Maior",,0.00,,0.00,72.78,72.78,3,1,"v2;w20;harm;aar;song60;far12;near45;tol0.8;floor0.25;drain0.5;bass0.25"
74210,1790796561215,G Menor,G Menor,0,G Menor,F Maior,0.7815,0.7815,0.7030,0.3138,"F Maior;Bb Maior;Eb Maior",,0.00,,0.00,73.35,73.35,3,1,"v2;w20;harm;aar;song60;far12;near45;tol0.8;floor0.25;drain0.5;bass0.25"
74675,1790796561715,G Menor,G Menor,0,G Menor,F Maior,0.7903,0.7903,0.7072,0.3323,"F Maior;Bb Maior;Eb Maior",,0.00,,0.00,73.79,73.79,3,1,"v2;w20;harm;aar;song60;far12;near45;tol0.8;floor0.25;drain0.5;bass0.25"
75232,1790796562213,G Menor,G Menor,0,G Menor,F Maior,0.7945,0.7945,0.7120,0.3301,"F Maior;Bb Maior;Eb Maior",,0.00,,0.00,74.35,74.35,3,1,"v2;w20;harm;aar;song60;far12;near45;tol0.8;floor0.25;drain0.5;bass0.25"
75697,1790796562714,G Menor,G Menor,0,G Menor,F Maior,0.8022,0.8022,0.7154,0.3471,"F Maior;Bb Maior;Eb Maior",,0.00,,0.00,74.83,74.83,3,1,"v2;w20;harm;aar;song60;far12;near45;tol0.8;floor0.25;drain0.5;bass0.25"
76161,1790796563215,G Menor,G Menor,0,G Menor,F Maior,0.8057,0.8057,0.7215,0.3367,"F Maior;Bb Maior;Eb Maior",,0.00,,0.00,75.29,75.29,3,1,"v2;w20;harm;aar;song60;far12;near45;tol0.8;floor0.25;drain0.5;bass0.25"
76718,1790796563714,G Menor,G Menor,0,G Menor,F Maior,0.8082,0.8082,0.7306,0.3104,"F Maior;Bb Maior;Eb Maior",,0.00,,0.00,75.85,75.85,3,1,"v2;w20;harm;aar;song60;far12;near45;tol0.8;floor0.25;drain0.5;bass0.25"
77183,1790796564215,G Menor,G Menor,0,G Menor,F Maior,0.8108,0.8108,0.7376,0.2927,"F Maior;Bb Maior;Eb Maior",,0.00,,0.00,76.31,76.31,3,1,"v2;w20;harm;aar;song60;far12;near45;tol0.8;floor0.25;drain0.5;bass0.25"
77740,1790796564716,G Menor,G Menor,0,G Menor,F Maior,0.8118,0.8118,0.7436,0.2731,"F Maior;Bb Maior;Eb Maior",,0.00,,0.00,76.85,76.85,3,1,"v2;w20;harm;aar;song60;far12;near45;tol0.8;floor0.25;drain0.5;bass0.25"
78204,1790796565213,G Menor,G Menor,0,G Menor,F Maior,0.8086,0.8086,0.7456,0.2522,"F Maior;Bb Maior;Eb Maior",,0.00,,0.00,77.33,77.33,3,1,"v2;w20;harm;aar;song60;far12;near45;tol0.8;floor0.25;drain0.5;bass0.25"
78669,1790796565715,G Menor,G Menor,0,G Menor,F Maior,0.8073,0.8073,0.7474,0.2396,"F Maior;Bb Maior;Eb Maior",,0.00,,0.00,77.80,77.80,3,1,"v2;w20;harm;aar;song60;far12;near45;tol0.8;floor0.25;drain0.5;bass0.25"
79226,1790796566216,G Menor,G Menor,0,G Menor,F Maior,0.8105,0.8105,0.7490,0.2456,"F Maior;Bb Maior;Eb Maior",,0.00,,0.00,78.33,78.33,3,1,"v2;w20;harm;aar;song60;far12;near45;tol0.8;floor0.25;drain0.5;bass0.25"
79690,1790796566715,G Menor,G Menor,0,G Menor,F Maior,0.8121,0.8121,0.7529,0.2371,"F Maior;Bb Maior;Eb Maior",,0.00,,0.00,78.81,78.81,3,1,"v2;w20;harm;aar;song60;far12;near45;tol0.8;floor0.25;drain0.5;bass0.25"
80155,1790796567215,G Menor,G Menor,0,G Menor,F Maior,0.8125,0.8125,0.7562,0.2254,"F Maior;Bb Maior;Eb Maior",,0.00,,0.00,79.27,79.27,3,1,"v2;w20;harm;aar;song60;far12;near45;tol0.8;floor0.25;drain0.5;bass0.25"
80712,1790796567715,G Menor,G Menor,0,G Menor,F Maior,0.8109,0.8109,0.7577,0.2127,"F Maior;Bb Maior;Eb Maior",,0.00,,0.00,79.85,79.85,3,1,"v2;w20;harm;aar;song60;far12;near45;tol0.8;floor0.25;drain0.5;bass0.25"
81176,1790796568215,G Menor,G Menor,0,G Menor,F Maior,0.8095,0.8095,0.7586,0.2034,"F Maior;Bb Maior;Eb Maior",,0.00,,0.00,80.29,80.29,3,1,"v2;w20;harm;aar;song60;far12;near45;tol0.8;floor0.25;drain0.5;bass0.25"
81734,1790796568716,G Menor,G Menor,0,G Menor,F Maior,0.8077,0.8077,0.7616,0.1845,"F Maior;Bb Maior;Eb Maior",,0.00,,0.00,80.85,80.85,3,1,"v2;w20;harm;aar;song60;far12;near45;tol0.8;floor0.25;drain0.5;bass0.25"
82198,1790796569214,G Menor,G Menor,0,G Menor,F Maior,0.8101,0.8101,0.7616,0.1939,"F Maior;Bb Maior;Eb Maior",,0.00,,0.00,81.33,81.33,3,1,"v2;w20;harm;aar;song60;far12;near45;tol0.8;floor0.25;drain0.5;bass0.25"
82663,1790796569715,G Menor,G Menor,0,G Menor,F Maior,0.8090,0.8090,0.7573,0.2066,"F Maior;Bb Maior;Eb Maior",,0.00,,0.00,81.79,81.79,3,1,"v2;w20;harm;aar;song60;far12;near45;tol0.8;floor0.25;drain0.5;bass0.25"
83220,1790796570215,G Menor,G Menor,0,G Menor,F Maior,0.8094,0.8094,0.7578,0.2066,"F Maior;Bb Maior;Eb Maior",,0.00,,0.00,82.35,82.35,3,1,"v2;w20;harm;aar;song60;far12;near45;tol0.8;floor0.25;drain0.5;bass0.25"
83684,1790796570714,G Menor,G Menor,0,G Menor,F Maior,0.8067,0.8067,0.7565,0.2006,"F Maior;Bb Maior;Eb Maior",,0.00,,0.00,82.81,82.81,3,1,"v2;w20;harm;aar;song60;far12;near45;tol0.8;floor0.25;drain0.5;bass0.25"
84241,1790796571215,G Menor,G Menor,0,G Menor,F Maior,0.8032,0.8032,0.7542,0.1958,"F Maior;Bb Maior;Eb Maior",,0.00,,0.00,83.35,83.35,3,1,"v2;w20;harm;aar;song60;far12;near45;tol0.8;floor0.25;drain0.5;bass0.25"
84706,1790796571715,G Menor,G Menor,0,G Menor,F Maior,0.8064,0.8064,0.7553,0.2045,"F Maior;Bb Maior;Eb Maior",,0.00,,0.00,83.83,83.83,3,1,"v2;w20;harm;aar;song60;far12;near45;tol0.8;floor0.25;drain0.5;bass0.25"
85170,1790796572215,G Menor,G Menor,0,G Menor,F Maior,0.8051,0.8051,0.7567,0.1937,"F Maior;Bb Maior;Eb Maior",,0.00,,0.00,84.29,84.29,3,1,"v2;w20;harm;aar;song60;far12;near45;tol0.8;floor0.25;drain0.5;bass0.25"
85728,1790796572715,G Menor,G Menor,0,G Menor,F Maior,0.8066,0.8066,0.7575,0.1963,"F Maior;Bb Maior;Eb Maior",,0.00,,0.00,84.85,84.85,3,1,"v2;w20;harm;aar;song60;far12;near45;tol0.8;floor0.25;drain0.5;bass0.25"
86192,1790796573215,G Menor,G Menor,0,G Menor,F Maior,0.8030,0.8030,0.7543,0.1948,"F Maior;Bb Maior;Eb Maior",,0.00,,0.00,85.31,85.31,3,1,"v2;w20;harm;aar;song60;far12;near45;tol0.8;floor0.25;drain0.5;bass0.25"
86656,1790796573714,G Menor,G Menor,0,G Menor,F Maior,0.8022,0.8022,0.7533,0.1953,"F Maior;Bb Maior;Eb Maior",,0.00,,0.00,85.77,85.77,3,1,"v2;w20;harm;aar;song60;far12;near45;tol0.8;floor0.25;drain0.5;bass0.25"
87214,1790796574215,G Menor,G Menor,0,G Menor,F Maior,0.7991,0.7991,0.7506,0.1937,"F Maior;Bb Maior;Eb Maior",,0.00,,0.00,86.35,86.35,3,1,"v2;w20;harm;aar;song60;far12;near45;tol0.8;floor0.25;drain0.5;bass0.25"
87678,1790796574715,G Menor,G Menor,0,G Menor,F Maior,0.8034,0.8034,0.7516,0.2070,"F Maior;Bb Maior;Eb Maior",,0.00,,0.00,86.79,86.79,3,1,"v2;w20;harm;aar;song60;far12;near45;tol0.8;floor0.25;drain0.5;bass0.25"
88142,1790796575215,G Menor,G Menor,0,G Menor,F Maior,0.8099,0.8099,0.7541,0.2230,"F Maior;Bb Maior;Eb Maior",,0.00,,0.00,87.25,87.25,3,1,"v2;w20;harm;aar;song60;far12;near45;tol0.8;floor0.25;drain0.5;bass0.25"
88700,1790796575714,G Menor,G Menor,0,G Menor,F Maior,0.8186,0.8186,0.7583,0.2411,"F Maior;Bb Maior;Eb Maior",,0.00,,0.00,87.83,87.83,3,1,"v2;w20;harm;aar;song60;far12;near45;tol0.8;floor0.25;drain0.5;bass0.25"
89164,1790796576215,G Menor,G Menor,0,G Menor,F Maior,0.8256,0.8256,0.7619,0.2549,"F Maior;Bb Maior;Eb Maior",,0.00,,0.00,88.29,88.29,3,1,"v2;w20;harm;aar;song60;far12;near45;tol0.8;floor0.25;drain0.5;bass0.25"
89721,1790796576715,G Menor,G Menor,0,G Menor,F Maior,0.8320,0.8320,0.7629,0.2766,"F Maior;Bb Maior;Eb Maior",,0.00,,0.00,88.85,88.85,3,1,"v2;w20;harm;aar;song60;far12;near45;tol0.8;floor0.25;drain0.5;bass0.25"
90186,1790796577215,G Menor,G Menor,0,G Menor,F Maior,0.8364,0.8364,0.7637,0.2910,"F Maior;Bb Maior;Eb Maior",,0.00,,0.00,89.31,89.31,3,1,"v2;w20;harm;aar;song60;far12;near45;tol0.8;floor0.25;drain0.5;bass0.25"
90743,1790796577715,G Menor,G Menor,0,G Menor,F Maior,0.8385,0.8385,0.7696,0.2759,"F Maior;Bb Maior;Eb Maior",,0.00,,0.00,89.86,89.86,3,1,"v2;w20;harm;aar;song60;far12;near45;tol0.8;floor0.25;drain0.5;bass0.25"
91207,1790796578215,G Menor,G Menor,0,G Menor,F Maior,0.8338,0.8338,0.7631,0.2829,"F Maior;Bb Maior;Eb Maior",,0.00,,0.00,90.33,90.33,3,1,"v2;w20;harm;aar;song60;far12;near45;tol0.8;floor0.25;drain0.5;bass0.25"
91672,1790796578715,G Menor,G Menor,0,G Menor,F Maior,0.8367,0.8367,0.7645,0.2887,"F Maior;Bb Maior;Eb Maior",,0.00,,0.00,90.79,90.79,3,1,"v2;w20;harm;aar;song60;far12;near45;tol0.8;floor0.25;drain0.5;bass0.25"
92229,1790796579216,G Menor,G Menor,0,G Menor,F Maior,0.8307,0.8307,0.7621,0.2744,"F Maior;Bb Maior;Eb Maior",,0.00,,0.00,91.35,91.35,3,1,"v2;w20;harm;aar;song60;far12;near45;tol0.8;floor0.25;drain0.5;bass0.25"
92694,1790796579715,G Menor,G Menor,0,G Menor,F Maior,0.8318,0.8318,0.7722,0.2385,"F Maior;Bb Maior;Eb Maior",,0.00,,0.00,91.81,91.81,3,1,"v2;w20;harm;aar;song60;far12;near45;tol0.8;floor0.25;drain0.5;bass0.25"
93158,1790796580214,G Menor,G Menor,0,G Menor,F Maior,0.8323,0.8323,0.7721,0.2409,"F Maior;Bb Maior;Eb Maior",,0.00,,0.00,92.27,92.27,3,1,"v2;w20;harm;aar;song60;far12;near45;tol0.8;floor0.25;drain0.5;bass0.25"
93715,1790796580714,G Menor,G Menor,0,G Menor,F Maior,0.8348,0.8348,0.7715,0.2533,"F Maior;Bb Maior;Eb Maior",,0.00,,0.00,92.85,92.85,3,1,"v2;w20;harm;aar;song60;far12;near45;tol0.8;floor0.25;drain0.5;bass0.25"
94180,1790796581215,G Menor,G Menor,0,G Menor,F Maior,0.8340,0.8340,0.7725,0.2457,"F Maior;Bb Maior;Eb Maior",,0.00,,0.00,93.29,93.29,3,1,"v2;w20;harm;aar;song60;far12;near45;tol0.8;floor0.25;drain0.5;bass0.25"
94644,1790796581715,G Menor,G Menor,0,G Menor,F Maior,0.8326,0.8326,0.7733,0.2372,"F Maior;Bb Maior;Eb Maior",,0.00,,0.00,93.77,93.77,3,1,"v2;w20;harm;aar;song60;far12;near45;tol0.8;floor0.25;drain0.5;bass0.25"
95201,1790796582215,G Menor,G Menor,0,G Menor,F Maior,0.8277,0.8277,0.7688,0.2357,"F Maior;Bb Maior;Eb Maior",,0.00,,0.00,94.33,94.33,3,1,"v2;w20;harm;aar;song60;far12;near45;tol0.8;floor0.25;drain0.5;bass0.25"
95666,1790796582715,G Menor,G Menor,0,G Menor,F Maior,0.8329,0.8329,0.7685,0.2576,"F Maior;Bb Maior;Eb Maior",,0.00,,0.00,94.79,94.79,3,1,"v2;w20;harm;aar;song60;far12;near45;tol0.8;floor0.25;drain0.5;bass0.25"
96223,1790796583215,G Menor,G Menor,0,G Menor,F Maior,0.8339,0.8339,0.7657,0.2728,"F Maior;Bb Maior;Eb Maior",,0.00,,0.00,95.35,95.35,3,1,"v2;w20;harm;aar;song60;far12;near45;tol0.8;floor0.25;drain0.5;bass0.25"
96687,1790796583715,G Menor,G Menor,0,G Menor,F Maior,0.8296,0.8296,0.7586,0.2837,"F Maior;Bb Maior;Eb Maior",,0.00,,0.00,95.81,95.81,3,1,"v2;w20;harm;aar;song60;far12;near45;tol0.8;floor0.25;drain0.5;bass0.25"
97152,1790796584215,G Menor,G Menor,0,G Menor,F Maior,0.8281,0.8281,0.7569,0.2848,"F Maior;Bb Maior;Eb Maior",,0.00,,0.00,96.27,96.27,3,1,"v2;w20;harm;aar;song60;far12;near45;tol0.8;floor0.25;drain0.5;bass0.25"
97709,1790796584713,G Menor,G Menor,0,G Menor,F Maior,0.8265,0.8265,0.7579,0.2741,"F Maior;Bb Maior;Eb Maior",,0.00,,0.00,96.83,96.83,3,1,"v2;w20;harm;aar;song60;far12;near45;tol0.8;floor0.25;drain0.5;bass0.25"
98173,1790796585213,G Menor,G Menor,0,G Menor,F Maior,0.8266,0.8266,0.7633,0.2533,"F Maior;Bb Maior;Eb Maior",,0.00,,0.00,97.29,97.29,3,1,"v2;w20;harm;aar;song60;far12;near45;tol0.8;floor0.25;drain0.5;bass0.25"
98731,1790796585715,G Menor,G Menor,0,G Menor,F Maior,0.8256,0.8256,0.7663,0.2372,"F Maior;Bb Maior;D Menor",,0.00,,0.00,97.85,97.85,3,1,"v2;w20;harm;aar;song60;far12;near45;tol0.8;floor0.25;drain0.5;bass0.25"
99195,1790796586215,G Menor,G Menor,0,G Menor,F Maior,0.8201,0.8201,0.7613,0.2354,"F Maior;Bb Maior;D Menor",,0.00,,0.00,98.31,98.31,3,1,"v2;w20;harm;aar;song60;far12;near45;tol0.8;floor0.25;drain0.5;bass0.25"
99660,1790796586715,G Menor,G Menor,0,G Menor,F Maior,0.8237,0.8237,0.7661,0.2306,"F Maior;Bb Maior;D Menor",,0.00,,0.00,98.77,98.77,3,1,"v2;w20;harm;aar;song60;far12;near45;tol0.8;floor0.25;drain0.5;bass0.25"
100217,1790796587216,G Menor,G Menor,0,G Menor,F Maior,0.8228,0.8228,0.7650,0.2314,"F Maior;Bb Maior;D Menor",,0.00,,0.00,99.35,99.35,3,1,"v2;w20;harm;aar;song60;far12;near45;tol0.8;floor0.25;drain0.5;bass0.25"
100681,1790796587715,G Menor,G Menor,0,G Menor,F Maior,0.8208,0.8208,0.7612,0.2383,"F Maior;Bb Maior;D Menor",,0.00,,0.00,99.79,99.79,3,1,"v2;w20;harm;aar;song60;far12;near45;tol0.8;floor0.25;drain0.5;bass0.25"
101146,1790796588215,G Menor,G Menor,0,G Menor,F Maior,0.8190,0.8190,0.7597,0.2372,"F Maior;Bb Maior;D Menor",,0.00,,0.00,100.27,100.27,3,1,"v2;w20;harm;aar;song60;far12;near45;tol0.8;floor0.25;drain0.5;bass0.25"
101703,1790796588715,G Menor,G Menor,0,G Menor,F Maior,0.8199,0.8199,0.7581,0.2473,"F Maior;Bb Maior;D Menor",,0.00,,0.00,100.83,100.83,3,1,"v2;w20;harm;aar;song60;far12;near45;tol0.8;floor0.25;drain0.5;bass0.25"
102167,1790796589212,G Menor,G Menor,0,G Menor,F Maior,0.8203,0.8203,0.7588,0.2461,"F Maior;Bb Maior;D Menor",,0.00,,0.00,101.29,101.29,3,1,"v2;w20;harm;aar;song60;far12;near45;tol0.8;floor0.25;drain0.5;bass0.25"
102725,1790796589715,G Menor,G Menor,0,G Menor,F Maior,0.8201,0.8201,0.7600,0.2406,"F Maior;Bb Maior;D Menor",,0.00,,0.00,101.85,101.85,3,1,"v2;w20;harm;aar;song60;far12;near45;tol0.8;floor0.25;drain0.5;bass0.25"
103189,1790796590215,G Menor,G Menor,0,G Menor,F Maior,0.8191,0.8191,0.7598,0.2370,"F Maior;Bb Maior;D Menor",,0.00,,0.00,102.31,102.31,3,1,"v2;w20;harm;aar;song60;far12;near45;tol0.8;floor0.25;drain0.5;bass0.25"
103653,1790796590715,G Menor,G Menor,0,G Menor,F Maior,0.8167,0.8167,0.7625,0.2167,"F Maior;Bb Maior;D Menor",,0.00,,0.00,102.80,102.80,3,1,"v2;w20;harm;aar;song60;far12;near45;tol0.8;floor0.25;drain0.5;bass0.25"
104211,1790796591216,G Menor,G Menor,0,G Menor,F Maior,0.8164,0.8164,0.7610,0.2217,"F Maior;Bb Maior;D Menor",,0.00,,0.00,103.33,103.33,3,1,"v2;w20;harm;aar;song60;far12;near45;tol0.8;floor0.25;drain0.5;bass0.25"
104675,1790796591715,G Menor,G Menor,0,G Menor,F Maior,0.8154,0.8154,0.7617,0.2148,"F Maior;Bb Maior;D Menor",,0.00,,0.00,103.79,103.79,3,1,"v2;w20;harm;aar;song60;far12;near45;tol0.8;floor0.25;drain0.5;bass0.25"
105232,1790796592215,G Menor,G Menor,0,G Menor,F Maior,0.8135,0.8135,0.7613,0.2091,"F Maior;Bb Maior;D Menor",,0.00,,0.00,104.35,104.35,3,1,"v2;w20;harm;aar;song60;far12;near45;tol0.8;floor0.25;drain0.5;bass0.25"
105697,1790796592715,G Menor,G Menor,0,G Menor,F Maior,0.8108,0.8108,0.7601,0.2030,"F Maior;Bb Maior;D Menor",,0.00,,0.00,104.81,104.81,3,1,"v2;w20;harm;aar;song60;far12;near45;tol0.8;floor0.25;drain0.5;bass0.25"
106161,1790796593215,G Menor,G Menor,0,G Menor,F Maior,0.8108,0.8108,0.7618,0.1959,"F Maior;Bb Maior;D Menor",,0.00,,0.00,105.29,105.29,3,1,"v2;w20;harm;aar;song60;far12;near45;tol0.8;floor0.25;drain0.5;bass0.25"
106718,1790796593715,G Menor,G Menor,0,G Menor,F Maior,0.8087,0.8087,0.7599,0.1951,"F Maior;Bb Maior;D Menor",,0.00,,0.00,105.85,105.85,3,1,"v2;w20;harm;aar;song60;far12;near45;tol0.8;floor0.25;drain0.5;bass0.25"
107183,1790796594215,G Menor,G Menor,0,G Menor,F Maior,0.8063,0.8063,0.7599,0.1857,"F Maior;Bb Maior;D Menor",,0.00,,0.00,106.29,106.29,3,1,"v2;w20;harm;aar;song60;far12;near45;tol0.8;floor0.25;drain0.5;bass0.25"
107647,1790796594715,G Menor,G Menor,0,G Menor,F Maior,0.8042,0.8042,0.7601,0.1765,"F Maior;Bb Maior;D Menor",,0.00,,0.00,106.77,106.77,3,1,"v2;w20;harm;aar;song60;far12;near45;tol0.8;floor0.25;drain0.5;bass0.25"
108204,1790796595215,G Menor,G Menor,0,G Menor,F Maior,0.8034,0.8034,0.7577,0.1828,"F Maior;Bb Maior;D Menor",,0.00,,0.00,107.33,107.33,3,1,"v2;w20;harm;aar;song60;far12;near45;tol0.8;floor0.25;drain0.5;bass0.25"
108669,1790796595715,G Menor,G Menor,0,G Menor,F Maior,0.8092,0.8092,0.7584,0.2035,"F Maior;Bb Maior;D Menor",,0.00,,0.00,107.79,107.79,3,1,"v2;w20;harm;aar;song60;far12;near45;tol0.8;floor0.25;drain0.5;bass0.25"
109226,1790796596216,G Menor,G Menor,0,G Menor,F Maior,0.8102,0.8102,0.7557,0.2180,"F Maior;Bb Maior;D Menor",,0.00,,0.00,108.35,108.35,3,1,"v2;w20;harm;aar;song60;far12;near45;tol0.8;floor0.25;drain0.5;bass0.25"
109691,1790796596715,G Menor,G Menor,0,G Menor,F Maior,0.8103,0.8103,0.7556,0.2190,"F Maior;D Menor;Bb Maior",,0.00,,0.00,108.81,108.81,3,1,"v2;w20;harm;aar;song60;far12;near45;tol0.8;floor0.25;drain0.5;bass0.25"
110155,1790796597215,G Menor,G Menor,0,G Menor,F Maior,0.8102,0.8102,0.7561,0.2162,"F Maior;D Menor;Bb Maior",,0.00,,0.00,109.30,109.30,3,1,"v2;w20;harm;aar;song60;far12;near45;tol0.8;floor0.25;drain0.5;bass0.25"
110712,1790796597714,G Menor,G Menor,0,G Menor,F Maior,0.8114,0.8114,0.7593,0.2087,"F Maior;D Menor;Bb Maior",,0.00,,0.00,109.83,109.83,3,1,"v2;w20;harm;aar;song60;far12;near45;tol0.8;floor0.25;drain0.5;bass0.25"
111177,1790796598215,G Menor,G Menor,0,G Menor,F Maior,0.8113,0.8113,0.7603,0.2041,"F Maior;D Menor;Bb Maior",,0.00,,0.00,110.29,110.29,3,1,"v2;w20;harm;aar;song60;far12;near45;tol0.8;floor0.25;drain0.5;bass0.25"
111734,1790796598716,G Menor,G Menor,0,G Menor,F Maior,0.8147,0.8147,0.7649,0.1992,"F Maior;D Menor;Bb Maior",,0.00,,0.00,110.86,110.86,3,1,"v2;w20;harm;aar;song60;far12;near45;tol0.8;floor0.25;drain0.5;bass0.25"
112198,1790796599215,G Menor,G Menor,0,G Menor,F Maior,0.8155,0.8155,0.7678,0.1908,"F Maior;D Menor;Bb Maior",,0.00,,0.00,111.31,111.31,3,1,"v2;w20;harm;aar;song60;far12;near45;tol0.8;floor0.25;drain0.5;bass0.25"
112663,1790796599715,G Menor,G Menor,0,G Menor,F Maior,0.8140,0.8140,0.7658,0.1929,"F Maior;D Menor;Bb Maior",,0.00,,0.00,111.79,111.79,3,1,"v2;w20;harm;aar;song60;far12;near45;tol0.8;floor0.25;drain0.5;bass0.25"
113220,1790796600215,G Menor,G Menor,0,G Menor,F Maior,0.8129,0.8129,0.7672,0.1829,"F Maior;D Menor;Bb Maior",,0.00,,0.00,112.35,112.35,3,1,"v2;w20;harm;aar;song60;far12;near45;tol0.8;floor0.25;drain0.5;bass0.25"
113684,1790796600718,G Menor,G Menor,0,G Menor,F Maior,0.8144,0.8144,0.7709,0.1738,"F Maior;D Menor;Bb Maior",,0.00,,0.00,112.79,112.79,3,1,"v2;w20;harm;aar;song60;far12;near45;tol0.8;floor0.25;drain0.5;bass0.25"
114149,1790796601215,G Menor,G Menor,0,G Menor,F Maior,0.8125,0.8125,0.7721,0.1618,"F Maior;D Menor;Bb Maior",,0.00,,0.00,113.27,113.27,3,1,"v2;w20;harm;aar;song60;far12;near45;tol0.8;floor0.25;drain0.5;bass0.25"
114706,1790796601713,G Menor,G Menor,0,G Menor,F Maior,0.8115,0.8115,0.7739,0.1505,"F Maior;D Menor;Bb Maior",,0.00,,0.00,113.83,113.83,3,1,"v2;w20;harm;aar;song60;far12;near45;tol0.8;floor0.25;drain0.5;bass0.25"
115170,1790796602214,G Menor,G Menor,0,G Menor,F Maior,0.8105,0.8105,0.7723,0.1527,"F Maior;D Menor;Bb Maior",,0.00,,0.00,114.32,114.32,3,1,"v2;w20;harm;aar;song60;far12;near45;tol0.8;floor0.25;drain0.5;bass0.25"
115728,1790796602715,G Menor,G Menor,0,G Menor,F Maior,0.8091,0.8091,0.7702,0.1555,"F Maior;D Menor;Bb Maior",,0.00,,0.00,114.85,114.85,3,1,"v2;w20;harm;aar;song60;far12;near45;tol0.8;floor0.25;drain0.5;bass0.25"
116192,1790796603215,G Menor,G Menor,0,G Menor,F Maior,0.8102,0.8102,0.7730,0.1485,"F Maior;D Menor;Bb Maior",,0.00,,0.00,115.31,115.31,3,1,"v2;w20;harm;aar;song60;far12;near45;tol0.8;floor0.25;drain0.5;bass0.25"
116657,1790796603715,G Menor,G Menor,0,G Menor,F Maior,0.8101,0.8101,0.7763,0.1355,"F Maior;D Menor;Bb Maior",,0.00,,0.00,115.79,115.79,3,1,"v2;w20;harm;aar;song60;far12;near45;tol0.8;floor0.25;drain0.5;bass0.25"
117214,1790796604216,G Menor,G Menor,0,G Menor,F Maior,0.8092,0.8092,0.7783,0.1237,"F Maior;D Menor;Bb Maior",,0.00,,0.00,116.33,116.33,3,1,"v2;w20;harm;aar;song60;far12;near45;tol0.8;floor0.25;drain0.5;bass0.25"
117678,1790796604715,G Menor,G Menor,0,G Menor,F Maior,0.8074,0.8074,0.7773,0.1203,"F Maior;D Menor;Bb Maior",,0.00,,0.00,116.81,116.81,3,1,"v2;w20;harm;aar;song60;far12;near45;tol0.8;floor0.25;drain0.5;bass0.25"
118236,1790796605215,G Menor,G Menor,0,G Menor,F Maior,0.8076,0.8076,0.7776,0.1203,"F Maior;D Menor;Bb Maior",,0.00,,0.00,117.35,117.35,3,1,"v2;w20;harm;aar;song60;far12;near45;tol0.8;floor0.25;drain0.5;bass0.25"
118700,1790796605715,G Menor,G Menor,0,G Menor,F Maior,0.8084,0.8084,0.7797,0.1148,"F Maior;D Menor;Bb Maior",,0.00,,0.00,117.81,117.81,3,1,"v2;w20;harm;aar;song60;far12;near45;tol0.8;floor0.25;drain0.5;bass0.25"
119164,1790796606215,G Menor,G Menor,0,G Menor,F Maior,0.8093,0.8093,0.7824,0.1077,"F Maior;D Menor;Bb Maior",,0.00,,0.00,118.29,118.29,3,1,"v2;w20;harm;aar;song60;far12;near45;tol0.8;floor0.25;drain0.5;bass0.25"
119722,1790796606715,G Menor,G Menor,0,G Menor,F Maior,0.8077,0.8077,0.7809,0.1069,"F Maior;D Menor;Bb Maior",,0.00,,0.00,118.86,118.86,3,1,"v2;w20;harm;aar;song60;far12;near45;tol0.8;floor0.25;drain0.5;bass0.25"
120186,1790796607215,G Menor,G Menor,0,G Menor,F Maior,0.8084,0.8084,0.7838,0.0983,"F Maior;D Menor;Bb Maior",,0.00,,0.00,119.30,119.30,3,1,"v2;w20;harm;aar;song60;far12;near45;tol0.8;floor0.25;drain0.5;bass0.25"
120650,1790796607715,G Menor,G Menor,0,G Menor,F Maior,0.8080,0.8080,0.7864,0.0864,"F Maior;D Menor;Bb Maior",,0.00,,0.00,119.77,119.77,3,1,"v2;w20;harm;aar;song60;far12;near45;tol0.8;floor0.25;drain0.5;bass0.25"
121208,1790796608215,G Menor,G Menor,0,G Menor,F Maior,0.8065,0.8065,0.7847,0.0872,"F Maior;D Menor;Bb Maior",,0.00,,0.00,120.34,120.34,3,1,"v2;w20;harm;aar;song60;far12;near45;tol0.8;floor0.25;drain0.5;bass0.25"
121672,1790796608715,G Menor,G Menor,0,G Menor,F Maior,0.8051,0.8051,0.7824,0.0908,"F Maior;D Menor;Bb Maior",,0.00,,0.00,120.81,120.81,3,1,"v2;w20;harm;aar;song60;far12;near45;tol0.8;floor0.25;drain0.5;bass0.25"
122229,1790796609216,G Menor,G Menor,0,G Menor,F Maior,0.8036,0.8036,0.7810,0.0907,"F Maior;D Menor;Bb Maior",,0.00,,0.00,121.35,121.35,3,1,"v2;w20;harm;aar;song60;far12;near45;tol0.8;floor0.25;drain0.5;bass0.25"
122694,1790796609715,G Menor,G Menor,0,G Menor,F Maior,0.8033,0.8033,0.7787,0.0984,"F Maior;D Menor;Bb Maior",,0.00,,0.00,121.81,121.81,3,1,"v2;w20;harm;aar;song60;far12;near45;tol0.8;floor0.25;drain0.5;bass0.25"
123158,1790796610215,G Menor,G Menor,0,G Menor,F Maior,0.8027,0.8027,0.7821,0.0825,"F Maior;D Menor;Bb Maior",,0.00,,0.00,122.29,122.29,3,1,"v2;w20;harm;aar;song60;far12;near45;tol0.8;floor0.25;drain0.5;bass0.25"
123715,1790796610715,G Menor,G Menor,0,G Menor,F Maior,0.8011,0.8011,0.7820,0.0766,"F Maior;D Menor;Bb Maior",,0.00,,0.00,122.83,122.83,3,1,"v2;w20;harm;aar;song60;far12;near45;tol0.8;floor0.25;drain0.5;bass0.25"
124180,1790796611216,G Menor,G Menor,0,G Menor,F Maior,0.8000,0.8000,0.7801,0.0794,"F Maior;D Menor;Bb Maior",,0.00,,0.00,123.31,123.31,3,1,"v2;w20;harm;aar;song60;far12;near45;tol0.8;floor0.25;drain0.5;bass0.25"
124737,1790796611715,G Menor,G Menor,0,G Menor,F Maior,0.8009,0.8009,0.7840,0.0674,"F Maior;D Menor;Bb Maior",,0.00,,0.00,123.85,123.85,3,1,"v2;w20;harm;aar;song60;far12;near45;tol0.8;floor0.25;drain0.5;bass0.25"
125201,1790796612214,G Menor,F Maior,0,G Menor,F Maior,0.8049,0.8049,0.7840,0.0834,"F Maior;D Menor;Bb Maior",,0.00,,0.00,124.31,124.31,3,1,"v2;w20;harm;aar;song60;far12;near45;tol0.8;floor0.25;drain0.5;bass0.25"
125666,1790796612715,G Menor,F Maior,0,G Menor,F Maior,0.8046,0.8046,0.7852,0.0773,"F Maior;D Menor;Bb Maior",,0.00,,0.00,124.79,124.79,3,1,"v2;w20;harm;aar;song60;far12;near45;tol0.8;floor0.25;drain0.5;bass0.25"
126223,1790796613214,G Menor,F Maior,0,G Menor,F Maior,0.8032,0.8032,0.7882,0.0602,"F Maior;D Menor;Bb Maior",,0.00,,0.00,125.35,125.35,3,1,"v2;w20;harm;aar;song60;far12;near45;tol0.8;floor0.25;drain0.5;bass0.25"
126688,1790796613715,G Menor,F Maior,0,G Menor,F Maior,0.8017,0.8017,0.7900,0.0469,"F Maior;D Menor;Bb Maior",,0.00,,0.00,125.81,125.81,3,1,"v2;w20;harm;aar;song60;far12;near45;tol0.8;floor0.25;drain0.5;bass0.25"
127152,1790796614214,G Menor,F Maior,0,G Menor,F Maior,0.7994,0.7994,0.7901,0.0370,"F Maior;D Menor;Bb Maior",,0.00,,0.00,126.28,126.28,3,1,"v2;w20;harm;aar;song60;far12;near45;tol0.8;floor0.25;drain0.5;bass0.25"
127709,1790796614714,G Menor,F Maior,0,G Menor,F Maior,0.8001,0.8001,0.7901,0.0398,"F Maior;D Menor;Bb Maior",,0.00,,0.00,126.83,126.83,3,1,"v2;w20;harm;aar;song60;far12;near45;tol0.8;floor0.25;drain0.5;bass0.25"
128174,1790796615215,G Menor,F Maior,0,G Menor,F Maior,0.8004,0.8004,0.7900,0.0419,"F Maior;D Menor;Bb Maior",,0.00,,0.00,127.31,127.31,3,1,"v2;w20;harm;aar;song60;far12;near45;tol0.8;floor0.25;drain0.5;bass0.25"
128731,1790796615715,G Menor,F Maior,0,G Menor,F Maior,0.8018,0.8018,0.7903,0.0460,"F Maior;D Menor;Bb Maior",,0.00,,0.00,127.85,127.85,3,1,"v2;w20;harm;aar;song60;far12;near45;tol0.8;floor0.25;drain0.5;bass0.25"
129195,1790796616213,G Menor,F Maior,0,G Menor,F Maior,0.8013,0.8013,0.7902,0.0445,"F Maior;D Menor;Bb Maior",,0.00,,0.00,128.33,128.33,3,1,"v2;w20;harm;aar;song60;far12;near45;tol0.8;floor0.25;drain0.5;bass0.25"
129660,1790796616715,G Menor,F Maior,1,G Menor,F Maior,0.8013,0.8013,0.7912,0.0402,"F Maior;D Menor;Bb Maior",,0.00,,0.00,128.79,128.79,3,1,"v2;w20;harm;aar;song60;far12;near45;tol0.8;floor0.25;drain0.5;bass0.25"
130217,1790796617215,G Menor,F Maior,1,G Menor,F Maior,0.8007,0.8007,0.7901,0.0426,"F Maior;D Menor;Bb Maior",,0.00,,0.00,129.33,129.33,3,1,"v2;w20;harm;aar;song60;far12;near45;tol0.8;floor0.25;drain0.5;bass0.25"
130681,1790796617714,G Menor,F Maior,1,G Menor,F Maior,0.7987,0.7987,0.7915,0.0287,"F Maior;D Menor;Bb Maior",,0.00,,0.00,129.81,129.81,3,1,"v2;w20;harm;aar;song60;far12;near45;tol0.8;floor0.25;drain0.5;bass0.25"
131239,1790796618215,G Menor,F Maior,1,G Menor,F Maior,0.8007,0.8007,0.7919,0.0351,"F Maior;D Menor;Bb Maior",,0.00,,0.00,130.35,130.35,3,1,"v2;w20;harm;aar;song60;far12;near45;tol0.8;floor0.25;drain0.5;bass0.25"
131703,1790796618715,G Menor,F Maior,1,G Menor,F Maior,0.8031,0.8031,0.7918,0.0449,"F Maior;D Menor;Bb Maior",,0.00,,0.00,130.81,130.81,3,1,"v2;w20;harm;aar;song60;far12;near45;tol0.8;floor0.25;drain0.5;bass0.25"
132167,1790796619216,G Menor,F Maior,1,G Menor,F Maior,0.8006,0.8006,0.7927,0.0315,"F Maior;D Menor;Bb Maior",,0.00,,0.00,131.29,131.29,3,1,"v2;w20;harm;aar;song60;far12;near45;tol0.8;floor0.25;drain0.5;bass0.25"
132725,1790796619713,G Menor,F Maior,1,G Menor,F Maior,0.8005,0.8005,0.7959,0.0183,"F Maior;D Menor;Bb Maior",,0.00,,0.00,131.85,131.85,3,1,"v2;w20;harm;aar;song60;far12;near45;tol0.8;floor0.25;drain0.5;bass0.25"
133189,1790796620216,G Menor,F Maior,1,G Menor,F Maior,0.8028,0.8028,0.8023,0.0017,"F Maior;D Menor;Bb Maior",,0.00,,0.00,132.31,132.31,3,1,"v2;w20;harm;aar;song60;far12;near45;tol0.8;floor0.25;drain0.5;bass0.25"
133654,1790796620716,G Menor,F Maior,1,F Maior,F Maior,0.8050,0.0000,0.8050,0.0000,"F Maior;D Menor;Bb Maior",,0.00,,0.00,132.78,132.78,3,1,"v2;w20;harm;aar;song60;far12;near45;tol0.8;floor0.25;drain0.5;bass0.25"
134211,1790796621214,G Menor,F Maior,1,F Maior,F Maior,0.8040,0.0000,0.8040,0.0000,"F Maior;D Menor;Bb Maior",,0.00,,0.00,133.33,133.33,3,1,"v2;w20;harm;aar;song60;far12;near45;tol0.8;floor0.25;drain0.5;bass0.25"
134675,1790796621715,G Menor,F Maior,1,F Maior,F Maior,0.8035,0.0000,0.8035,0.0000,"F Maior;D Menor;Bb Maior",,0.00,,0.00,133.81,133.81,3,1,"v2;w20;harm;aar;song60;far12;near45;tol0.8;floor0.25;drain0.5;bass0.25"
135233,1790796622216,G Menor,F Maior,1,F Maior,F Maior,0.8066,0.0000,0.8066,0.0000,"F Maior;D Menor;Bb Maior",,0.00,,0.00,134.35,134.35,3,1,"v2;w20;harm;aar;song60;far12;near45;tol0.8;floor0.25;drain0.5;bass0.25"
135697,1790796622712,G Menor,F Maior,1,F Maior,F Maior,0.8045,0.0000,0.8045,0.0000,"F Maior;D Menor;Bb Maior",,0.00,,0.00,134.83,134.83,3,1,"v2;w20;harm;aar;song60;far12;near45;tol0.8;floor0.25;drain0.5;bass0.25"
136161,1790796623216,G Menor,F Maior,1,F Maior,F Maior,0.8074,0.0000,0.8074,0.0000,"F Maior;D Menor;Bb Maior",,0.00,,0.00,135.29,135.29,3,1,"v2;w20;harm;aar;song60;far12;near45;tol0.8;floor0.25;drain0.5;bass0.25"
136719,1790796623715,G Menor,F Maior,1,F Maior,F Maior,0.8035,0.0000,0.8035,0.0000,"F Maior;D Menor;Bb Maior",,0.00,,0.00,135.83,135.83,3,1,"v2;w20;harm;aar;song60;far12;near45;tol0.8;floor0.25;drain0.5;bass0.25"
137183,1790796624216,G Menor,F Maior,1,F Maior,F Maior,0.8017,0.0000,0.8017,0.0000,"F Maior;D Menor;Bb Maior",,0.00,,0.00,136.31,136.31,3,1,"v2;w20;harm;aar;song60;far12;near45;tol0.8;floor0.25;drain0.5;bass0.25"
137740,1790796624716,G Menor,F Maior,1,F Maior,F Maior,0.8006,0.0000,0.8006,0.0000,"F Maior;D Menor;Bb Maior",,0.00,,0.00,136.85,136.85,3,1,"v2;w20;harm;aar;song60;far12;near45;tol0.8;floor0.25;drain0.5;bass0.25"
138205,1790796625215,G Menor,F Maior,1,F Maior,F Maior,0.8023,0.0000,0.8023,0.0000,"F Maior;D Menor;Bb Maior",,0.00,,0.00,137.33,137.33,3,1,"v2;w20;harm;aar;song60;far12;near45;tol0.8;floor0.25;drain0.5;bass0.25"
138669,1790796625715,G Menor,F Maior,1,F Maior,F Maior,0.8046,0.0000,0.8046,0.0000,"F Maior;D Menor;Bb Maior",,0.00,,0.00,137.79,137.79,3,1,"v2;w20;harm;aar;song60;far12;near45;tol0.8;floor0.25;drain0.5;bass0.25"
139226,1790796626215,G Menor,F Maior,1,F Maior,F Maior,0.8050,0.0000,0.8050,0.0000,"F Maior;D Menor;Bb Maior",,0.00,,0.00,138.35,138.35,3,1,"v2;w20;harm;aar;song60;far12;near45;tol0.8;floor0.25;drain0.5;bass0.25"
139691,1790796626713,G Menor,F Maior,1,F Maior,F Maior,0.8053,0.0000,0.8053,0.0000,"F Maior;D Menor;Bb Maior",,0.00,,0.00,138.81,138.81,3,1,"v2;w20;harm;aar;song60;far12;near45;tol0.8;floor0.25;drain0.5;bass0.25"
140155,1790796627215,G Menor,F Maior,1,F Maior,F Maior,0.8063,0.0000,0.8063,0.0000,"F Maior;D Menor;Bb Maior",,0.00,,0.00,139.27,139.27,3,1,"v2;w20;harm;aar;song60;far12;near45;tol0.8;floor0.25;drain0.5;bass0.25"
140712,1790796627715,G Menor,F Maior,1,F Maior,F Maior,0.8071,0.0000,0.8071,0.0000,"F Maior;D Menor;Bb Maior",,0.00,,0.00,139.85,139.85,3,1,"v2;w20;harm;aar;song60;far12;near45;tol0.8;floor0.25;drain0.5;bass0.25"
141177,1790796628215,G Menor,F Maior,1,F Maior,F Maior,0.8073,0.0000,0.8073,0.0000,"F Maior;D Menor;Bb Maior",,0.00,,0.00,140.31,140.31,3,1,"v2;w20;harm;aar;song60;far12;near45;tol0.8;floor0.25;drain0.5;bass0.25"
141734,1790796628716,G Menor,F Maior,1,F Maior,F Maior,0.8074,0.0000,0.8074,0.0000,"F Maior;D Menor;Bb Maior",,0.00,,0.00,140.86,140.86,3,1,"v2;w20;harm;aar;song60;far12;near45;tol0.8;floor0.25;drain0.5;bass0.25"
142199,1790796629215,G Menor,F Maior,1,F Maior,F Maior,0.8090,0.0000,0.8090,0.0000,"F Maior;D Menor;Bb Maior",,0.00,,0.00,141.34,141.34,3,1,"v2;w20;harm;aar;song60;far12;near45;tol0.8;floor0.25;drain0.5;bass0.25"
142663,1790796629715,G Menor,F Maior,1,F Maior,F Maior,0.8116,0.0000,0.8116,0.0000,"F Maior;D Menor;Bb Maior",,0.00,,0.00,141.79,141.79,3,1,"v2;w20;harm;aar;song60;far12;near45;tol0.8;floor0.25;drain0.5;bass0.25"
143220,1790796630216,G Menor,F Maior,1,F Maior,F Maior,0.8130,0.0000,0.8130,0.0000,"F Maior;D Menor;Bb Maior",,0.00,,0.00,142.34,142.34,3,1,"v2;w20;harm;aar;song60;far12;near45;tol0.8;floor0.25;drain0.5;bass0.25"
143685,1790796630714,G Menor,F Maior,1,F Maior,F Maior,0.8153,0.0000,0.8153,0.0000,"F Maior;D Menor;Bb Maior",,0.00,,0.00,142.81,142.81,3,1,"v2;w20;harm;aar;song60;far12;near45;tol0.8;floor0.25;drain0.5;bass0.25"
144242,1790796631216,G Menor,F Maior,1,F Maior,F Maior,0.8175,0.0000,0.8175,0.0000,"F Maior;D Menor;Bb Maior",,0.00,,0.00,143.35,143.35,3,1,"v2;w20;harm;aar;song60;far12;near45;tol0.8;floor0.25;drain0.5;bass0.25"
144706,1790796631714,G Menor,F Maior,1,F Maior,F Maior,0.8158,0.0000,0.8158,0.0000,"F Maior;D Menor;Bb Maior",,0.00,,0.00,143.83,143.83,3,1,"v2;w20;harm;aar;song60;far12;near45;tol0.8;floor0.25;drain0.5;bass0.25"
145171,1790796632215,G Menor,F Maior,1,F Maior,F Maior,0.8182,0.0000,0.8182,0.0000,"F Maior;D Menor;Bb Maior",,0.00,,0.00,144.29,144.29,3,1,"v2;w20;harm;aar;song60;far12;near45;tol0.8;floor0.25;drain0.5;bass0.25"
145728,1790796632715,G Menor,F Maior,1,F Maior,F Maior,0.8190,0.0000,0.8190,0.0000,"F Maior;D Menor;Bb Maior",,0.00,,0.00,144.85,144.85,3,1,"v2;w20;harm;aar;song60;far12;near45;tol0.8;floor0.25;drain0.5;bass0.25"
146192,1790796633215,G Menor,F Maior,1,F Maior,F Maior,0.8185,0.0000,0.8185,0.0000,"F Maior;D Menor;Bb Maior",,0.00,,0.00,145.31,145.31,3,1,"v2;w20;harm;aar;song60;far12;near45;tol0.8;floor0.25;drain0.5;bass0.25"
146657,1790796633715,G Menor,F Maior,1,F Maior,F Maior,0.8194,0.0000,0.8194,0.0000,"F Maior;D Menor;Bb Maior",,0.00,,0.00,145.77,145.77,3,1,"v2;w20;harm;aar;song60;far12;near45;tol0.8;floor0.25;drain0.5;bass0.25"
147214,1790796634214,G Menor,F Maior,1,F Maior,F Maior,0.8180,0.0000,0.8180,0.0000,"F Maior;D Menor;Bb Maior",,0.00,,0.00,146.36,146.36,3,1,"v2;w20;harm;aar;song60;far12;near45;tol0.8;floor0.25;drain0.5;bass0.25"
147678,1790796634715,G Menor,F Maior,1,F Maior,F Maior,0.8152,0.0000,0.8152,0.0000,"F Maior;D Menor;Bb Maior",,0.00,,0.00,146.81,146.81,3,1,"v2;w20;harm;aar;song60;far12;near45;tol0.8;floor0.25;drain0.5;bass0.25"
148236,1790796635215,G Menor,F Maior,1,F Maior,F Maior,0.8141,0.0000,0.8141,0.0000,"F Maior;D Menor;Bb Maior",,0.00,,0.00,147.35,147.35,3,1,"v2;w20;harm;aar;song60;far12;near45;tol0.8;floor0.25;drain0.5;bass0.25"
148700,1790796635716,G Menor,F Maior,1,F Maior,F Maior,0.8132,0.0000,0.8132,0.0000,"F Maior;D Menor;Bb Maior",,0.00,,0.00,147.84,147.84,3,1,"v2;w20;harm;aar;song60;far12;near45;tol0.8;floor0.25;drain0.5;bass0.25"
149164,1790796636215,G Menor,F Maior,1,F Maior,F Maior,0.8095,0.0000,0.8095,0.0000,"F Maior;D Menor;Bb Maior",,0.00,,0.00,148.29,148.29,3,1,"v2;w20;harm;aar;song60;far12;near45;tol0.8;floor0.25;drain0.5;bass0.25"
149722,1790796636715,G Menor,F Maior,1,F Maior,F Maior,0.8051,0.0000,0.8051,0.0000,"F Maior;D Menor;Bb Maior",,0.00,,0.00,148.85,148.85,3,1,"v2;w20;harm;aar;song60;far12;near45;tol0.8;floor0.25;drain0.5;bass0.25"
150186,1790796637216,G Menor,F Maior,1,F Maior,F Maior,0.8045,0.0000,0.8045,0.0000,"F Maior;D Menor;Bb Maior",,0.00,,0.00,149.31,149.31,3,1,"v2;w20;harm;aar;song60;far12;near45;tol0.8;floor0.25;drain0.5;bass0.25"
150743,1790796637715,G Menor,F Maior,1,F Maior,F Maior,0.8052,0.0000,0.8052,0.0000,"F Maior;D Menor;Bb Maior",,0.00,,0.00,149.85,149.85,3,1,"v2;w20;harm;aar;song60;far12;near45;tol0.8;floor0.25;drain0.5;bass0.25"
151208,1790796638216,G Menor,F Maior,1,F Maior,F Maior,0.8038,0.0000,0.8038,0.0000,"F Maior;D Menor;Bb Maior",,0.00,,0.00,150.34,150.34,3,1,"v2;w20;harm;aar;song60;far12;near45;tol0.8;floor0.25;drain0.5;bass0.25"
151672,1790796638715,G Menor,F Maior,1,F Maior,F Maior,0.8054,0.0000,0.8054,0.0000,"F Maior;D Menor;Bb Maior",,0.00,,0.00,150.79,150.79,3,1,"v2;w20;harm;aar;song60;far12;near45;tol0.8;floor0.25;drain0.5;bass0.25"
152137,1790796639215,G Menor,F Maior,1,F Maior,F Maior,0.8100,0.0000,0.8100,0.0000,"F Maior;D Menor;Bb Maior",,0.00,,0.00,151.25,151.25,3,1,"v2;w20;harm;aar;song60;far12;near45;tol0.8;floor0.25;drain0.5;bass0.25"
152694,1790796639715,G Menor,F Maior,1,F Maior,F Maior,0.8095,0.0000,0.8095,0.0000,"F Maior;D Menor;Bb Maior",,0.00,,0.00,151.81,151.81,3,1,"v2;w20;harm;aar;song60;far12;near45;tol0.8;floor0.25;drain0.5;bass0.25"
153158,1790796640214,G Menor,F Maior,1,F Maior,F Maior,0.8110,0.0000,0.8110,0.0000,"F Maior;D Menor;Bb Maior",,0.00,,0.00,152.27,152.27,3,1,"v2;w20;harm;aar;song60;far12;near45;tol0.8;floor0.25;drain0.5;bass0.25"
153716,1790796640715,G Menor,F Maior,1,F Maior,F Maior,0.8162,0.0000,0.8162,0.0000,"F Maior;D Menor;Bb Maior",,0.00,,0.00,152.85,152.85,3,1,"v2;w20;harm;aar;song60;far12;near45;tol0.8;floor0.25;drain0.5;bass0.25"
154180,1790796641215,G Menor,F Maior,1,F Maior,F Maior,0.8187,0.0000,0.8187,0.0000,"F Maior;D Menor;Bb Maior",,0.00,,0.00,153.31,153.31,3,1,"v2;w20;harm;aar;song60;far12;near45;tol0.8;floor0.25;drain0.5;bass0.25"
154737,1790796641716,G Menor,F Maior,1,F Maior,F Maior,0.8195,0.0000,0.8195,0.0000,"F Maior;D Menor;Bb Maior",,0.00,,0.00,153.85,153.85,3,1,"v2;w20;harm;aar;song60;far12;near45;tol0.8;floor0.25;drain0.5;bass0.25"
155202,1790796642215,G Menor,F Maior,1,F Maior,F Maior,0.8206,0.0000,0.8206,0.0000,"F Maior;D Menor;Bb Maior",,0.00,,0.00,154.33,154.33,3,1,"v2;w20;harm;aar;song60;far12;near45;tol0.8;floor0.25;drain0.5;bass0.25"
155666,1790796642715,G Menor,F Maior,1,F Maior,F Maior,0.8217,0.0000,0.8217,0.0000,"F Maior;D Menor;Bb Maior",,0.00,,0.00,154.79,154.79,3,1,"v2;w20;harm;aar;song60;far12;near45;tol0.8;floor0.25;drain0.5;bass0.25"
156223,1790796643215,G Menor,F Maior,1,F Maior,F Maior,0.8219,0.0000,0.8219,0.0000,"F Maior;D Menor;Bb Maior",,0.00,,0.00,155.35,155.35,3,1,"v2;w20;harm;aar;song60;far12;near45;tol0.8;floor0.25;drain0.5;bass0.25"
156688,1790796643716,G Menor,F Maior,1,F Maior,F Maior,0.8238,0.0000,0.8238,0.0000,"F Maior;D Menor;Bb Maior",,0.00,,0.00,155.81,155.81,3,1,"v2;w20;harm;aar;song60;far12;near45;tol0.8;floor0.25;drain0.5;bass0.25"
157245,1790796644215,G Menor,F Maior,1,F Maior,F Maior,0.8273,0.0000,0.8273,0.0000,"F Maior;D Menor;Bb Maior",,0.00,,0.00,156.35,156.35,3,1,"v2;w20;harm;aar;song60;far12;near45;tol0.8;floor0.25;drain0.5;bass0.25"
157709,1790796644716,G Menor,F Maior,1,F Maior,F Maior,0.8278,0.0000,0.8278,0.0000,"F Maior;D Menor;Bb Maior",,0.00,,0.00,156.83,156.83,3,1,"v2;w20;harm;aar;song60;far12;near45;tol0.8;floor0.25;drain0.5;bass0.25"
158174,1790796645215,G Menor,F Maior,1,F Maior,F Maior,0.8316,0.0000,0.8316,0.0000,"F Maior;D Menor;Bb Maior",,0.00,,0.00,157.29,157.29,3,1,"v2;w20;harm;aar;song60;far12;near45;tol0.8;floor0.25;drain0.5;bass0.25"
158638,1790796645715,G Menor,F Maior,1,F Maior,F Maior,0.8338,0.0000,0.8338,0.0000,"F Maior;D Menor;Bb Maior",,0.00,,0.00,157.78,157.78,3,1,"v2;w20;harm;aar;song60;far12;near45;tol0.8;floor0.25;drain0.5;bass0.25"
159196,1790796646215,G Menor,F Maior,1,F Maior,F Maior,0.8343,0.0000,0.8343,0.0000,"F Maior;D Menor;Bb Maior",,0.00,,0.00,158.31,158.31,3,1,"v2;w20;harm;aar;song60;far12;near45;tol0.8;floor0.25;drain0.5;bass0.25"
159660,1790796646715,G Menor,F Maior,1,F Maior,F Maior,0.8316,0.0000,0.8316,0.0000,"F Maior;D Menor;Bb Maior",,0.00,,0.00,158.77,158.77,3,1,"v2;w20;harm;aar;song60;far12;near45;tol0.8;floor0.25;drain0.5;bass0.25"
160217,1790796647216,G Menor,F Maior,1,F Maior,F Maior,0.8317,0.0000,0.8317,0.0000,"F Maior;D Menor;Bb Maior",,0.00,,0.00,159.35,159.35,3,1,"v2;w20;harm;aar;song60;far12;near45;tol0.8;floor0.25;drain0.5;bass0.25"
160682,1790796647715,G Menor,F Maior,1,F Maior,F Maior,0.8298,0.0000,0.8298,0.0000,"F Maior;D Menor;Bb Maior",,0.00,,0.00,159.81,159.81,3,1,"v2;w20;harm;aar;song60;far12;near45;tol0.8;floor0.25;drain0.5;bass0.25"
161146,1790796648215,G Menor,F Maior,1,F Maior,F Maior,0.8296,0.0000,0.8296,0.0000,"F Maior;D Menor;Bb Maior",,0.00,,0.00,160.25,160.25,3,1,"v2;w20;harm;aar;song60;far12;near45;tol0.8;floor0.25;drain0.5;bass0.25"
161703,1790796648715,G Menor,F Maior,1,F Maior,F Maior,0.8278,0.0000,0.8278,0.0000,"F Maior;D Menor;Bb Maior",,0.00,,0.00,160.83,160.83,3,1,"v2;w20;harm;aar;song60;far12;near45;tol0.8;floor0.25;drain0.5;bass0.25"
162168,1790796649215,G Menor,F Maior,1,F Maior,F Maior,0.8259,0.0000,0.8259,0.0000,"F Maior;D Menor;Bb Maior",,0.00,,0.00,161.29,161.29,3,1,"v2;w20;harm;aar;song60;far12;near45;tol0.8;floor0.25;drain0.5;bass0.25"
162725,1790796649716,G Menor,F Maior,1,F Maior,F Maior,0.8224,0.0000,0.8224,0.0000,"F Maior;D Menor;Bb Maior",,0.00,,0.00,161.85,161.85,3,1,"v2;w20;harm;aar;song60;far12;near45;tol0.8;floor0.25;drain0.5;bass0.25"
163189,1790796650215,G Menor,F Maior,1,F Maior,F Maior,0.8212,0.0000,0.8212,0.0000,"F Maior;D Menor;Bb Maior",,0.00,,0.00,162.31,162.31,3,1,"v2;w20;harm;aar;song60;far12;near45;tol0.8;floor0.25;drain0.5;bass0.25"
163747,1790796650716,G Menor,F Maior,1,F Maior,F Maior,0.8211,0.0000,0.8211,0.0000,"F Maior;D Menor;Bb Maior",,0.00,,0.00,162.85,162.85,3,1,"v2;w20;harm;aar;song60;far12;near45;tol0.8;floor0.25;drain0.5;bass0.25"
164211,1790796651216,G Menor,F Maior,1,F Maior,F Maior,0.8209,0.0000,0.8209,0.0000,"F Maior;D Menor;Bb Maior",,0.00,,0.00,163.33,163.33,3,1,"v2;w20;harm;aar;song60;far12;near45;tol0.8;floor0.25;drain0.5;bass0.25"
164675,1790796651716,G Menor,F Maior,1,F Maior,F Maior,0.8227,0.0000,0.8227,0.0000,"F Maior;D Menor;Bb Maior",,0.00,,0.00,163.79,163.79,3,1,"v2;w20;harm;aar;song60;far12;near45;tol0.8;floor0.25;drain0.5;bass0.25"
165140,1790796652215,G Menor,F Maior,1,F Maior,F Maior,0.8279,0.0000,0.8279,0.0000,"F Maior;D Menor;Bb Maior",,0.00,,0.00,164.27,164.27,3,1,"v2;w20;harm;aar;song60;far12;near45;tol0.8;floor0.25;drain0.5;bass0.25"
165697,1790796652716,G Menor,F Maior,1,F Maior,F Maior,0.8278,0.0000,0.8278,0.0000,"F Maior;D Menor;Bb Maior",,0.00,,0.00,164.81,164.81,3,1,"v2;w20;harm;aar;song60;far12;near45;tol0.8;floor0.25;drain0.5;bass0.25"
166162,1790796653215,G Menor,F Maior,1,F Maior,F Maior,0.8301,0.0000,0.8301,0.0000,"F Maior;D Menor;Bb Maior",,0.00,,0.00,165.27,165.27,3,1,"v2;w20;harm;aar;song60;far12;near45;tol0.8;floor0.25;drain0.5;bass0.25"
166719,1790796653716,G Menor,F Maior,1,F Maior,F Maior,0.8301,0.0000,0.8301,0.0000,"F Maior;D Menor;Bb Maior",,0.00,,0.00,165.85,165.85,3,1,"v2;w20;harm;aar;song60;far12;near45;tol0.8;floor0.25;drain0.5;bass0.25"
167183,1790796654215,G Menor,F Maior,1,F Maior,F Maior,0.8330,0.0000,0.8330,0.0000,"F Maior;D Menor;Bb Maior",,0.00,,0.00,166.31,166.31,3,1,"v2;w20;harm;aar;song60;far12;near45;tol0.8;floor0.25;drain0.5;bass0.25"
167648,1790796654714,G Menor,F Maior,1,F Maior,F Maior,0.8328,0.0000,0.8328,0.0000,"F Maior;D Menor;Bb Maior",,0.00,,0.00,166.77,166.77,3,1,"v2;w20;harm;aar;song60;far12;near45;tol0.8;floor0.25;drain0.5;bass0.25"
168205,1790796655215,G Menor,F Maior,1,F Maior,F Maior,0.8335,0.0000,0.8335,0.0000,"F Maior;D Menor;Bb Maior",,0.00,,0.00,167.33,167.33,3,1,"v2;w20;harm;aar;song60;far12;near45;tol0.8;floor0.25;drain0.5;bass0.25"
168669,1790796655715,G Menor,F Maior,1,F Maior,F Maior,0.8352,0.0000,0.8352,0.0000,"F Maior;D Menor;Bb Maior",,0.00,,0.00,167.79,167.79,3,1,"v2;w20;harm;aar;song60;far12;near45;tol0.8;floor0.25;drain0.5;bass0.25"
169227,1790796656216,G Menor,F Maior,1,F Maior,F Maior,0.8446,0.0000,0.8446,0.0000,"F Maior;D Menor;Bb Maior",,0.00,,0.00,168.35,168.35,3,1,"v2;w20;harm;aar;song60;far12;near45;tol0.8;floor0.25;drain0.5;bass0.25"
169691,1790796656716,G Menor,F Maior,1,F Maior,F Maior,0.8440,0.0000,0.8440,0.0000,"F Maior;D Menor;Bb Maior",,0.00,,0.00,168.81,168.81,3,1,"v2;w20;harm;aar;song60;far12;near45;tol0.8;floor0.25;drain0.5;bass0.25"
170155,1790796657216,G Menor,F Maior,1,F Maior,F Maior,0.8453,0.0000,0.8453,0.0000,"F Maior;D Menor;Bb Maior",,0.00,,0.00,169.29,169.29,3,1,"v2;w20;harm;aar;song60;far12;near45;tol0.8;floor0.25;drain0.5;bass0.25"
170713,1790796657717,G Menor,F Maior,1,F Maior,F Maior,0.8434,0.0000,0.8434,0.0000,"F Maior;D Menor;Bb Maior",,0.00,,0.00,169.84,169.84,3,1,"v2;w20;harm;aar;song60;far12;near45;tol0.8;floor0.25;drain0.5;bass0.25"
171177,1790796658215,G Menor,F Maior,1,F Maior,F Maior,0.8435,0.0000,0.8435,0.0000,"F Maior;D Menor;Bb Maior",,0.00,,0.00,170.29,170.29,3,1,"v2;w20;harm;aar;song60;far12;near45;tol0.8;floor0.25;drain0.5;bass0.25"
171641,1790796658715,G Menor,F Maior,1,F Maior,F Maior,0.8430,0.0000,0.8430,0.0000,"F Maior;D Menor;Bb Maior",,0.00,,0.00,170.77,170.77,3,1,"v2;w20;harm;aar;song60;far12;near45;tol0.8;floor0.25;drain0.5;bass0.25"
172199,1790796659214,G Menor,F Maior,1,F Maior,F Maior,0.8439,0.0000,0.8439,0.0000,"F Maior;D Menor;Bb Maior",F Maior,0.00,,0.00,171.31,171.31,3,1,"v2;w20;harm;aar;song60;far12;near45;tol0.8;floor0.25;drain0.5;bass0.25"
172663,1790796659715,G Menor,F Maior,1,F Maior,F Maior,0.8422,0.0000,0.8422,0.0000,"F Maior;D Menor;Bb Maior",F Maior,0.00,,0.00,171.78,171.78,3,1,"v2;w20;harm;aar;song60;far12;near45;tol0.8;floor0.25;drain0.5;bass0.25"
173220,1790796660216,G Menor,F Maior,1,F Maior,F Maior,0.8398,0.0000,0.8398,0.0000,"F Maior;D Menor;A Menor",F Maior,0.02,,0.00,172.35,172.35,3,1,"v2;w20;harm;aar;song60;far12;near45;tol0.8;floor0.25;drain0.5;bass0.25"
173685,1790796660715,G Menor,F Maior,1,F Maior,F Maior,0.8374,0.0000,0.8374,0.0000,"F Maior;D Menor;A Menor",F Maior,0.04,,0.00,172.81,172.81,3,1,"v2;w20;harm;aar;song60;far12;near45;tol0.8;floor0.25;drain0.5;bass0.25"
174149,1790796661215,G Menor,F Maior,1,F Maior,F Maior,0.8349,0.0000,0.8349,0.0000,"F Maior;D Menor;A Menor",,0.00,,0.00,173.27,173.27,3,1,"v2;w20;harm;aar;song60;far12;near45;tol0.8;floor0.25;drain0.5;bass0.25"
174706,1790796661715,G Menor,F Maior,1,F Maior,F Maior,0.8326,0.0000,0.8326,0.0000,"F Maior;D Menor;A Menor",,0.00,,0.00,173.83,173.83,3,1,"v2;w20;harm;aar;song60;far12;near45;tol0.8;floor0.25;drain0.5;bass0.25"
175171,1790796662215,G Menor,F Maior,1,F Maior,F Maior,0.8309,0.0000,0.8309,0.0000,"F Maior;D Menor;A Menor",F Maior,0.00,,0.00,174.29,174.29,3,1,"v2;w20;harm;aar;song60;far12;near45;tol0.8;floor0.25;drain0.5;bass0.25"
175728,1790796662716,G Menor,F Maior,1,F Maior,F Maior,0.8301,0.0000,0.8301,0.0000,"F Maior;D Menor;A Menor",F Maior,0.01,,0.00,174.85,174.85,3,1,"v2;w20;harm;aar;song60;far12;near45;tol0.8;floor0.25;drain0.5;bass0.25"
176193,1790796663216,G Menor,F Maior,1,F Maior,F Maior,0.8317,0.0000,0.8317,0.0000,"F Maior;D Menor;A Menor",F Maior,0.02,,0.00,175.31,175.31,3,1,"v2;w20;harm;aar;song60;far12;near45;tol0.8;floor0.25;drain0.5;bass0.25"
176657,1790796663715,G Menor,F Maior,1,F Maior,F Maior,0.8329,0.0000,0.8329,0.0000,"F Maior;D Menor;A Menor",F Maior,0.04,,0.00,175.79,175.79,3,1,"v2;w20;harm;aar;song60;far12;near45;tol0.8;floor0.25;drain0.5;bass0.25"
177214,1790796664217,G Menor,F Maior,1,F Maior,F Maior,0.8301,0.0000,0.8301,0.0000,"F Maior;D Menor;A Menor",F Maior,0.05,,0.00,176.34,176.34,3,1,"v2;w20;harm;aar;song60;far12;near45;tol0.8;floor0.25;drain0.5;bass0.25"
177679,1790796664715,G Menor,F Maior,1,F Maior,F Maior,0.8295,0.0000,0.8295,0.0000,"F Maior;D Menor;A Menor",F Maior,0.07,,0.00,176.79,176.79,3,1,"v2;w20;harm;aar;song60;far12;near45;tol0.8;floor0.25;drain0.5;bass0.25"
178143,1790796665216,G Menor,F Maior,1,F Maior,F Maior,0.8278,0.0000,0.8278,0.0000,"F Maior;D Menor;A Menor",F Maior,0.09,,0.00,177.28,177.28,3,1,"v2;w20;harm;aar;song60;far12;near45;tol0.8;floor0.25;drain0.5;bass0.25"
178700,1790796665715,G Menor,F Maior,1,F Maior,F Maior,0.8278,0.0000,0.8278,0.0000,"F Maior;D Menor;A Menor",F Maior,0.10,,0.00,177.81,177.81,3,1,"v2;w20;harm;aar;song60;far12;near45;tol0.8;floor0.25;drain0.5;bass0.25"
179165,1790796666216,G Menor,F Maior,1,F Maior,F Maior,0.8278,0.0000,0.8278,0.0000,"F Maior;D Menor;A Menor",F Maior,0.12,,0.00,178.29,178.29,3,1,"v2;w20;harm;aar;song60;far12;near45;tol0.8;floor0.25;drain0.5;bass0.25"
179722,1790796666715,G Menor,F Maior,1,F Maior,F Maior,0.8271,0.0000,0.8271,0.0000,"F Maior;D Menor;A Menor",F Maior,0.14,,0.00,178.85,178.85,3,1,"v2;w20;harm;aar;song60;far12;near45;tol0.8;floor0.25;drain0.5;bass0.25"
180186,1790796667216,G Menor,F Maior,1,F Maior,F Maior,0.8246,0.0000,0.8246,0.0000,"F Maior;D Menor;A Menor",F Maior,0.15,,0.00,179.31,179.31,3,1,"v2;w20;harm;aar;song60;far12;near45;tol0.8;floor0.25;drain0.5;bass0.25"
180651,1790796667715,G Menor,F Maior,1,F Maior,F Maior,0.8228,0.0000,0.8228,0.0000,"F Maior;D Menor;A Menor",,0.00,,0.00,179.77,179.77,3,1,"v2;w20;harm;aar;song60;far12;near45;tol0.8;floor0.25;drain0.5;bass0.25"
181208,1790796668216,G Menor,F Maior,1,F Maior,F Maior,0.8204,0.0000,0.8204,0.0000,"F Maior;D Menor;A Menor",F Maior,0.00,,0.00,180.33,180.33,3,1,"v2;w20;harm;aar;song60;far12;near45;tol0.8;floor0.25;drain0.5;bass0.25"
181672,1790796668716,G Menor,F Maior,1,F Maior,F Maior,0.8186,0.0000,0.8186,0.0000,"F Maior;D Menor;A Menor",F Maior,0.00,,0.00,180.81,180.81,3,1,"v2;w20;harm;aar;song60;far12;near45;tol0.8;floor0.25;drain0.5;bass0.25"
182230,1790796669216,G Menor,F Maior,1,F Maior,F Maior,0.8164,0.0000,0.8164,0.0000,"F Maior;D Menor;A Menor",F Maior,0.02,,0.00,181.35,181.35,3,1,"v2;w20;harm;aar;song60;far12;near45;tol0.8;floor0.25;drain0.5;bass0.25"
182694,1790796669716,G Menor,F Maior,1,F Maior,F Maior,0.8155,0.0000,0.8155,0.0000,"F Maior;D Menor;A Menor",,0.00,,0.00,181.81,181.81,3,1,"v2;w20;harm;aar;song60;far12;near45;tol0.8;floor0.25;drain0.5;bass0.25"
183158,1790796670215,G Menor,F Maior,1,F Maior,F Maior,0.8140,0.0000,0.8140,0.0000,"F Maior;D Menor;A Menor",,0.00,,0.00,182.29,182.29,3,1,"v2;w20;harm;aar;song60;far12;near45;tol0.8;floor0.25;drain0.5;bass0.25"
183716,1790796670716,G Menor,F Maior,1,F Maior,F Maior,0.8115,0.0000,0.8115,0.0000,"F Maior;D Menor;A Menor",,0.00,,0.00,182.83,182.83,3,1,"v2;w20;harm;aar;song60;far12;near45;tol0.8;floor0.25;drain0.5;bass0.25"
184180,1790796671216,G Menor,F Maior,1,F Maior,F Maior,0.8090,0.0000,0.8090,0.0000,"F Maior;D Menor;A Menor",,0.00,,0.00,183.29,183.29,3,1,"v2;w20;harm;aar;song60;far12;near45;tol0.8;floor0.25;drain0.5;bass0.25"
184645,1790796671716,G Menor,F Maior,1,F Maior,F Maior,0.8068,0.0000,0.8068,0.0000,"F Maior;D Menor;A Menor",,0.00,,0.00,183.77,183.77,3,1,"v2;w20;harm;aar;song60;far12;near45;tol0.8;floor0.25;drain0.5;bass0.25"
185202,1790796672216,G Menor,F Maior,1,F Maior,F Maior,0.8069,0.0000,0.8069,0.0000,"F Maior;D Menor;A Menor",,0.00,,0.00,184.31,184.31,3,1,"v2;w20;harm;aar;song60;far12;near45;tol0.8;floor0.25;drain0.5;bass0.25"
185666,1790796672716,G Menor,F Maior,1,F Maior,F Maior,0.8056,0.0000,0.8056,0.0000,"F Maior;D Menor;A Menor",,0.00,,0.00,184.79,184.79,3,1,"v2;w20;harm;aar;song60;far12;near45;tol0.8;floor0.25;drain0.5;bass0.25"
186224,1790796673216,G Menor,F Maior,1,F Maior,F Maior,0.8024,0.0000,0.8024,0.0000,"F Maior;D Menor;A Menor",,0.00,,0.00,185.35,185.35,3,1,"v2;w20;harm;aar;song60;far12;near45;tol0.8;floor0.25;drain0.5;bass0.25"
186688,1790796673716,G Menor,F Maior,1,F Maior,F Maior,0.8034,0.0000,0.8034,0.0000,"F Maior;D Menor;A Menor",,0.00,,0.00,185.81,185.81,3,1,"v2;w20;harm;aar;song60;far12;near45;tol0.8;floor0.25;drain0.5;bass0.25"
187152,1790796674215,G Menor,F Maior,1,F Maior,F Maior,0.8026,0.0000,0.8026,0.0000,"F Maior;D Menor;A Menor",,0.00,,0.00,186.27,186.27,3,1,"v2;w20;harm;aar;song60;far12;near45;tol0.8;floor0.25;drain0.5;bass0.25"
187710,1790796674716,G Menor,F Maior,1,F Maior,F Maior,0.8012,0.0000,0.8012,0.0000,"F Maior;D Menor;A Menor",,0.00,,0.00,186.83,186.83,3,1,"v2;w20;harm;aar;song60;far12;near45;tol0.8;floor0.25;drain0.5;bass0.25"
188174,1790796675216,G Menor,F Maior,1,F Maior,F Maior,0.8013,0.0000,0.8013,0.0000,"F Maior;D Menor;A Menor",,0.00,,0.00,187.31,187.31,3,1,"v2;w20;harm;aar;song60;far12;near45;tol0.8;floor0.25;drain0.5;bass0.25"
188731,1790796675716,G Menor,F Maior,1,F Maior,F Maior,0.7967,0.0000,0.7967,0.0000,"F Maior;D Menor;A Menor",,0.00,,0.00,187.85,187.85,3,1,"v2;w20;harm;aar;song60;far12;near45;tol0.8;floor0.25;drain0.5;bass0.25"
189196,1790796676216,G Menor,F Maior,1,F Maior,F Maior,0.7955,0.0000,0.7955,0.0000,"F Maior;D Menor;A Menor",,0.00,,0.00,188.31,188.31,3,1,"v2;w20;harm;aar;song60;far12;near45;tol0.8;floor0.25;drain0.5;bass0.25"
189660,1790796676716,G Menor,F Maior,1,F Maior,F Maior,0.7945,0.0000,0.7945,0.0000,"F Maior;D Menor;A Menor",,0.00,,0.00,188.79,188.79,3,1,"v2;w20;harm;aar;song60;far12;near45;tol0.8;floor0.25;drain0.5;bass0.25"
190217,1790796677217,G Menor,F Maior,1,F Maior,F Maior,0.7974,0.0000,0.7974,0.0000,"F Maior;D Menor;A Menor",,0.00,,0.00,189.33,189.33,3,1,"v2;w20;harm;aar;song60;far12;near45;tol0.8;floor0.25;drain0.5;bass0.25"
190682,1790796677716,G Menor,F Maior,1,F Maior,F Maior,0.8032,0.0000,0.8032,0.0000,"F Maior;D Menor;A Menor",,0.00,,0.00,189.81,189.81,3,1,"v2;w20;harm;aar;song60;far12;near45;tol0.8;floor0.25;drain0.5;bass0.25"
191146,1790796678216,G Menor,F Maior,1,F Maior,F Maior,0.8031,0.0000,0.8031,0.0000,"F Maior;D Menor;A Menor",,0.00,,0.00,190.27,190.27,3,1,"v2;w20;harm;aar;song60;far12;near45;tol0.8;floor0.25;drain0.5;bass0.25"
191703,1790796678716,G Menor,F Maior,1,F Maior,F Maior,0.8045,0.0000,0.8045,0.0000,"F Maior;D Menor;A Menor",,0.00,,0.00,190.81,190.81,3,1,"v2;w20;harm;aar;song60;far12;near45;tol0.8;floor0.25;drain0.5;bass0.25"
192168,1790796679216,G Menor,F Maior,1,F Maior,F Maior,0.8027,0.0000,0.8027,0.0000,"F Maior;D Menor;A Menor",,0.00,,0.00,191.29,191.29,3,1,"v2;w20;harm;aar;song60;far12;near45;tol0.8;floor0.25;drain0.5;bass0.25"
192725,1790796679716,G Menor,F Maior,1,F Maior,F Maior,0.8036,0.0000,0.8036,0.0000,"F Maior;D Menor;A Menor",,0.00,,0.00,191.85,191.85,3,1,"v2;w20;harm;aar;song60;far12;near45;tol0.8;floor0.25;drain0.5;bass0.25"
193190,1790796680216,G Menor,F Maior,1,F Maior,F Maior,0.8064,0.0000,0.8064,0.0000,"F Maior;D Menor;A Menor",,0.00,,0.00,192.33,192.33,3,1,"v2;w20;harm;aar;song60;far12;near45;tol0.8;floor0.25;drain0.5;bass0.25"
193654,1790796680716,G Menor,F Maior,1,F Maior,F Maior,0.8073,0.0000,0.8073,0.0000,"F Maior;D Menor;A Menor",,0.00,,0.00,192.77,192.77,3,1,"v2;w20;harm;aar;song60;far12;near45;tol0.8;floor0.25;drain0.5;bass0.25"
194211,1790796681216,G Menor,F Maior,1,F Maior,F Maior,0.8065,0.0000,0.8065,0.0000,"F Maior;D Menor;A Menor",,0.00,,0.00,193.33,193.33,3,1,"v2;w20;harm;aar;song60;far12;near45;tol0.8;floor0.25;drain0.5;bass0.25"
194676,1790796681712,G Menor,F Maior,1,F Maior,F Maior,0.8076,0.0000,0.8076,0.0000,"F Maior;D Menor;A Menor",,0.00,,0.00,193.81,193.81,3,1,"v2;w20;harm;aar;song60;far12;near45;tol0.8;floor0.25;drain0.5;bass0.25"
195233,1790796682213,G Menor,F Maior,1,F Maior,F Maior,0.8093,0.0000,0.8093,0.0000,"F Maior;D Menor;A Menor",,0.00,,0.00,194.35,194.35,3,1,"v2;w20;harm;aar;song60;far12;near45;tol0.8;floor0.25;drain0.5;bass0.25"
195697,1790796682717,G Menor,F Maior,1,F Maior,F Maior,0.8120,0.0000,0.8120,0.0000,"F Maior;D Menor;A Menor",,0.00,,0.00,194.81,194.81,3,1,"v2;w20;harm;aar;song60;far12;near45;tol0.8;floor0.25;drain0.5;bass0.25"
196162,1790796683214,G Menor,F Maior,1,F Maior,F Maior,0.8140,0.0000,0.8140,0.0000,"F Maior;D Menor;A Menor",,0.00,,0.00,195.29,195.29,3,1,"v2;w20;harm;aar;song60;far12;near45;tol0.8;floor0.25;drain0.5;bass0.25"
196719,1790796683716,G Menor,F Maior,1,F Maior,F Maior,0.8162,0.0000,0.8162,0.0000,"F Maior;D Menor;A Menor",,0.00,,0.00,195.83,195.83,3,1,"v2;w20;harm;aar;song60;far12;near45;tol0.8;floor0.25;drain0.5;bass0.25"
197183,1790796684218,G Menor,F Maior,1,F Maior,F Maior,0.8162,0.0000,0.8162,0.0000,"F Maior;D Menor;A Menor",,0.00,,0.00,196.31,196.31,3,1,"v2;w20;harm;aar;song60;far12;near45;tol0.8;floor0.25;drain0.5;bass0.25"
197648,1790796684716,G Menor,F Maior,1,F Maior,F Maior,0.8146,0.0000,0.8146,0.0000,"F Maior;D Menor;A Menor",,0.00,,0.00,196.77,196.77,3,1,"v2;w20;harm;aar;song60;far12;near45;tol0.8;floor0.25;drain0.5;bass0.25"
198205,1790796685215,G Menor,F Maior,1,F Maior,F Maior,0.8120,0.0000,0.8120,0.0000,"F Maior;D Menor;A Menor",,0.00,,0.00,197.31,197.31,3,1,"v2;w20;harm;aar;song60;far12;near45;tol0.8;floor0.25;drain0.5;bass0.25"
198669,1790796685716,G Menor,F Maior,1,F Maior,F Maior,0.8120,0.0000,0.8120,0.0000,"F Maior;D Menor;A Menor",,0.00,,0.00,197.79,197.79,3,1,"v2;w20;harm;aar;song60;far12;near45;tol0.8;floor0.25;drain0.5;bass0.25"
199227,1790796686217,G Menor,F Maior,1,F Maior,F Maior,0.8111,0.0000,0.8111,0.0000,"F Maior;D Menor;A Menor",,0.00,,0.00,198.35,198.35,3,1,"v2;w20;harm;aar;song60;far12;near45;tol0.8;floor0.25;drain0.5;bass0.25"
199691,1790796686715,G Menor,F Maior,1,F Maior,F Maior,0.8095,0.0000,0.8095,0.0000,"F Maior;D Menor;Bb Maior",,0.00,,0.00,198.83,198.83,3,1,"v2;w20;harm;aar;song60;far12;near45;tol0.8;floor0.25;drain0.5;bass0.25"
200156,1790796687216,G Menor,F Maior,1,F Maior,F Maior,0.8099,0.0000,0.8099,0.0000,"F Maior;D Menor;Bb Maior",,0.00,,0.00,199.27,199.27,3,1,"v2;w20;harm;aar;song60;far12;near45;tol0.8;floor0.25;drain0.5;bass0.25"
200713,1790796687716,G Menor,F Maior,1,F Maior,F Maior,0.8107,0.0000,0.8107,0.0000,"F Maior;D Menor;Bb Maior",,0.00,,0.00,199.84,199.84,3,1,"v2;w20;harm;aar;song60;far12;near45;tol0.8;floor0.25;drain0.5;bass0.25"
201177,1790796688216,G Menor,F Maior,1,F Maior,F Maior,0.8132,0.0000,0.8132,0.0000,"F Maior;D Menor;Bb Maior",,0.00,,0.00,200.31,200.31,3,1,"v2;w20;harm;aar;song60;far12;near45;tol0.8;floor0.25;drain0.5;bass0.25"
201734,1790796688716,G Menor,F Maior,1,F Maior,F Maior,0.8166,0.0000,0.8166,0.0000,"F Maior;D Menor;Bb Maior",,0.00,,0.00,200.85,200.85,3,1,"v2;w20;harm;aar;song60;far12;near45;tol0.8;floor0.25;drain0.5;bass0.25"
202199,1790796689216,G Menor,F Maior,1,F Maior,F Maior,0.8186,0.0000,0.8186,0.0000,"F Maior;D Menor;Bb Maior",,0.00,,0.00,201.34,201.34,3,1,"v2;w20;harm;aar;song60;far12;near45;tol0.8;floor0.25;drain0.5;bass0.25"
202663,1790796689716,G Menor,F Maior,1,F Maior,F Maior,0.8196,0.0000,0.8196,0.0000,"F Maior;D Menor;Bb Maior",,0.00,,0.00,201.79,201.79,3,1,"v2;w20;harm;aar;song60;far12;near45;tol0.8;floor0.25;drain0.5;bass0.25"
203221,1790796690217,G Menor,F Maior,1,F Maior,F Maior,0.8211,0.0000,0.8211,0.0000,"F Maior;D Menor;Bb Maior",,0.00,,0.00,202.33,202.33,3,1,"v2;w20;harm;aar;song60;far12;near45;tol0.8;floor0.25;drain0.5;bass0.25"
203685,1790796690716,G Menor,F Maior,1,F Maior,F Maior,0.8203,0.0000,0.8203,0.0000,"F Maior;D Menor;Bb Maior",,0.00,,0.00,202.81,202.81,3,1,"v2;w20;harm;aar;song60;far12;near45;tol0.8;floor0.25;drain0.5;bass0.25"
204149,1790796691216,G Menor,F Maior,1,F Maior,F Maior,0.8180,0.0000,0.8180,0.0000,"F Maior;D Menor;Bb Maior",,0.00,,0.00,203.27,203.27,3,1,"v2;w20;harm;aar;song60;far12;near45;tol0.8;floor0.25;drain0.5;bass0.25"
204707,1790796691716,G Menor,F Maior,1,F Maior,F Maior,0.8136,0.0000,0.8136,0.0000,"F Maior;D Menor;Bb Maior",,0.00,,0.00,203.81,203.81,3,1,"v2;w20;harm;aar;song60;far12;near45;tol0.8;floor0.25;drain0.5;bass0.25"
205171,1790796692217,G Menor,F Maior,1,F Maior,F Maior,0.8136,0.0000,0.8136,0.0000,"F Maior;D Menor;Bb Maior",,0.00,,0.00,204.29,204.29,3,1,"v2;w20;harm;aar;song60;far12;near45;tol0.8;floor0.25;drain0.5;bass0.25"
205728,1790796692716,G Menor,F Maior,1,F Maior,F Maior,0.8116,0.0000,0.8116,0.0000,"F Maior;D Menor;Bb Maior",,0.00,,0.00,204.85,204.85,3,1,"v2;w20;harm;aar;song60;far12;near45;tol0.8;floor0.25;drain0.5;bass0.25"
206193,1790796693216,G Menor,F Maior,1,F Maior,F Maior,0.8142,0.0000,0.8142,0.0000,"F Maior;D Menor;Bb Maior",,0.00,,0.00,205.33,205.33,3,1,"v2;w20;harm;aar;song60;far12;near45;tol0.8;floor0.25;drain0.5;bass0.25"
206657,1790796693716,G Menor,F Maior,1,F Maior,F Maior,0.8181,0.0000,0.8181,0.0000,"F Maior;D Menor;Bb Maior",,0.00,,0.00,205.77,205.77,3,1,"v2;w20;harm;aar;song60;far12;near45;tol0.8;floor0.25;drain0.5;bass0.25"
207214,1790796694216,G Menor,F Maior,1,F Maior,F Maior,0.8186,0.0000,0.8186,0.0000,"F Maior;D Menor;Bb Maior",,0.00,,0.00,206.34,206.34,3,1,"v2;w20;harm;aar;song60;far12;near45;tol0.8;floor0.25;drain0.5;bass0.25"
207679,1790796694716,G Menor,F Maior,1,F Maior,F Maior,0.8192,0.0000,0.8192,0.0000,"F Maior;D Menor;Bb Maior",,0.00,,0.00,206.81,206.81,3,1,"v2;w20;harm;aar;song60;far12;near45;tol0.8;floor0.25;drain0.5;bass0.25"
208236,1790796695216,G Menor,F Maior,1,F Maior,F Maior,0.8198,0.0000,0.8198,0.0000,"F Maior;D Menor;Bb Maior",,0.00,,0.00,207.35,207.35,3,1,"v2;w20;harm;aar;song60;far12;near45;tol0.8;floor0.25;drain0.5;bass0.25"
208700,1790796695716,G Menor,F Maior,1,F Maior,F Maior,0.8232,0.0000,0.8232,0.0000,"F Maior;D Menor;Bb Maior",,0.00,,0.00,207.83,207.83,3,1,"v2;w20;harm;aar;song60;far12;near45;tol0.8;floor0.25;drain0.5;bass0.25"
209165,1790796696216,G Menor,F Maior,1,F Maior,F Maior,0.8242,0.0000,0.8242,0.0000,"F Maior;D Menor;Bb Maior",,0.00,,0.00,208.29,208.29,3,1,"v2;w20;harm;aar;song60;far12;near45;tol0.8;floor0.25;drain0.5;bass0.25"
209722,1790796696717,G Menor,F Maior,1,F Maior,F Maior,0.8247,0.0000,0.8247,0.0000,"F Maior;D Menor;Bb Maior",,0.00,,0.00,208.83,208.83,3,1,"v2;w20;harm;aar;song60;far12;near45;tol0.8;floor0.25;drain0.5;bass0.25"
210187,1790796697217,G Menor,F Maior,1,F Maior,F Maior,0.8233,0.0000,0.8233,0.0000,"F Maior;D Menor;Bb Maior",,0.00,,0.00,209.31,209.31,3,1,"v2;w20;harm;aar;song60;far12;near45;tol0.8;floor0.25;drain0.5;bass0.25"
210651,1790796697716,G Menor,F Maior,1,F Maior,F Maior,0.8205,0.0000,0.8205,0.0000,"F Maior;D Menor;Bb Maior",,0.00,,0.00,209.77,209.77,3,1,"v2;w20;harm;aar;song60;far12;near45;tol0.8;floor0.25;drain0.5;bass0.25"
211208,1790796698217,G Menor,F Maior,1,F Maior,F Maior,0.8191,0.0000,0.8191,0.0000,"F Maior;D Menor;Bb Maior",,0.00,,0.00,210.33,210.33,3,1,"v2;w20;harm;aar;song60;far12;near45;tol0.8;floor0.25;drain0.5;bass0.25"
211673,1790796698716,G Menor,F Maior,1,F Maior,F Maior,0.8192,0.0000,0.8192,0.0000,"F Maior;D Menor;Bb Maior",,0.00,,0.00,210.79,210.79,3,1,"v2;w20;harm;aar;song60;far12;near45;tol0.8;floor0.25;drain0.5;bass0.25"
212230,1790796699216,G Menor,F Maior,1,F Maior,F Maior,0.8213,0.0000,0.8213,0.0000,"F Maior;D Menor;Bb Maior",,0.00,,0.00,211.35,211.35,3,1,"v2;w20;harm;aar;song60;far12;near45;tol0.8;floor0.25;drain0.5;bass0.25"
212694,1790796699716,G Menor,F Maior,1,F Maior,F Maior,0.8202,0.0000,0.8202,0.0000,"F Maior;D Menor;Bb Maior",,0.00,,0.00,211.83,211.83,3,1,"v2;w20;harm;aar;song60;far12;near45;tol0.8;floor0.25;drain0.5;bass0.25"
213159,1790796700215,G Menor,F Maior,1,F Maior,F Maior,0.8221,0.0000,0.8221,0.0000,"F Maior;D Menor;Bb Maior",,0.00,,0.00,212.27,212.27,3,1,"v2;w20;harm;aar;song60;far12;near45;tol0.8;floor0.25;drain0.5;bass0.25"
213716,1790796700716,G Menor,F Maior,1,F Maior,F Maior,0.8216,0.0000,0.8216,0.0000,"F Maior;D Menor;Bb Maior",,0.00,,0.00,212.85,212.85,3,1,"v2;w20;harm;aar;song60;far12;near45;tol0.8;floor0.25;drain0.5;bass0.25"
214180,1790796701216,G Menor,F Maior,1,F Maior,F Maior,0.8216,0.0000,0.8216,0.0000,"F Maior;D Menor;Bb Maior",,0.00,,0.00,213.31,213.31,3,1,"v2;w20;harm;aar;song60;far12;near45;tol0.8;floor0.25;drain0.5;bass0.25"
214738,1790796701716,G Menor,F Maior,1,F Maior,F Maior,0.8247,0.0000,0.8247,0.0000,"F Maior;D Menor;Bb Maior",,0.00,,0.00,213.85,213.85,3,1,"v2;w20;harm;aar;song60;far12;near45;tol0.8;floor0.25;drain0.5;bass0.25"
215202,1790796702216,G Menor,F Maior,1,F Maior,F Maior,0.8278,0.0000,0.8278,0.0000,"F Maior;D Menor;Bb Maior",,0.00,,0.00,214.33,214.33,3,1,"v2;w20;harm;aar;song60;far12;near45;tol0.8;floor0.25;drain0.5;bass0.25"
215666,1790796702716,G Menor,F Maior,1,F Maior,F Maior,0.8297,0.0000,0.8297,0.0000,"F Maior;D Menor;Bb Maior",,0.00,,0.00,214.79,214.79,3,1,"v2;w20;harm;aar;song60;far12;near45;tol0.8;floor0.25;drain0.5;bass0.25"
216224,1790796703217,G Menor,F Maior,1,F Maior,F Maior,0.8304,0.0000,0.8304,0.0000,"F Maior;D Menor;Bb Maior",,0.00,,0.00,215.33,215.33,3,1,"v2;w20;harm;aar;song60;far12;near45;tol0.8;floor0.25;drain0.5;bass0.25"
216688,1790796703715,G Menor,F Maior,1,F Maior,F Maior,0.8291,0.0000,0.8291,0.0000,"F Maior;D Menor;Bb Maior",,0.00,,0.00,215.81,215.81,3,1,"v2;w20;harm;aar;song60;far12;near45;tol0.8;floor0.25;drain0.5;bass0.25"
217153,1790796704216,G Menor,F Maior,1,F Maior,F Maior,0.8264,0.0000,0.8264,0.0000,"F Maior;D Menor;Bb Maior",,0.00,,0.00,216.27,216.27,3,1,"v2;w20;harm;aar;song60;far12;near45;tol0.8;floor0.25;drain0.5;bass0.25"
217710,1790796704716,G Menor,F Maior,1,F Maior,F Maior,0.8241,0.0000,0.8241,0.0000,"F Maior;D Menor;Bb Maior",,0.00,,0.00,216.83,216.83,3,1,"v2;w20;harm;aar;song60;far12;near45;tol0.8;floor0.25;drain0.5;bass0.25"
218174,1790796705216,G Menor,F Maior,1,F Maior,F Maior,0.8219,0.0000,0.8219,0.0000,"F Maior;D Menor;Bb Maior",,0.00,,0.00,217.29,217.29,3,1,"v2;w20;harm;aar;song60;far12;near45;tol0.8;floor0.25;drain0.5;bass0.25"
218731,1790796705716,G Menor,F Maior,1,F Maior,F Maior,0.8233,0.0000,0.8233,0.0000,"F Maior;D Menor;Bb Maior",,0.00,,0.00,217.85,217.85,3,1,"v2;w20;harm;aar;song60;far12;near45;tol0.8;floor0.25;drain0.5;bass0.25"
219196,1790796706216,G Menor,F Maior,1,F Maior,F Maior,0.8234,0.0000,0.8234,0.0000,"F Maior;D Menor;Bb Maior",,0.00,,0.00,218.34,218.34,3,1,"v2;w20;harm;aar;song60;far12;near45;tol0.8;floor0.25;drain0.5;bass0.25"
219660,1790796706716,G Menor,F Maior,1,F Maior,F Maior,0.8232,0.0000,0.8232,0.0000,"F Maior;D Menor;Bb Maior",,0.00,,0.00,218.77,218.77,3,1,"v2;w20;harm;aar;song60;far12;near45;tol0.8;floor0.25;drain0.5;bass0.25"
220218,1790796707216,G Menor,F Maior,1,F Maior,F Maior,0.8217,0.0000,0.8217,0.0000,"F Maior;D Menor;Bb Maior",,0.00,,0.00,219.35,219.35,3,1,"v2;w20;harm;aar;song60;far12;near45;tol0.8;floor0.25;drain0.5;bass0.25"
220682,1790796707716,G Menor,F Maior,1,F Maior,F Maior,0.8223,0.0000,0.8223,0.0000,"F Maior;D Menor;Bb Maior",,0.00,,0.00,219.81,219.81,3,1,"v2;w20;harm;aar;song60;far12;near45;tol0.8;floor0.25;drain0.5;bass0.25"
221239,1790796708216,G Menor,F Maior,1,F Maior,F Maior,0.8207,0.0000,0.8207,0.0000,"F Maior;D Menor;Bb Maior",,0.00,,0.00,220.35,220.35,3,1,"v2;w20;harm;aar;song60;far12;near45;tol0.8;floor0.25;drain0.5;bass0.25"
221704,1790796708716,G Menor,F Maior,1,F Maior,F Maior,0.8189,0.0000,0.8189,0.0000,"F Maior;D Menor;Bb Maior",,0.00,,0.00,220.83,220.83,3,1,"v2;w20;harm;aar;song60;far12;near45;tol0.8;floor0.25;drain0.5;bass0.25"
222168,1790796709217,G Menor,F Maior,1,F Maior,F Maior,0.8169,0.0000,0.8169,0.0000,"F Maior;D Menor;Bb Maior",,0.00,,0.00,221.29,221.29,3,1,"v2;w20;harm;aar;song60;far12;near45;tol0.8;floor0.25;drain0.5;bass0.25"
222725,1790796709716,G Menor,F Maior,1,F Maior,F Maior,0.8123,0.0000,0.8123,0.0000,"F Maior;D Menor;Bb Maior",,0.00,,0.00,221.85,221.85,3,1,"v2;w20;harm;aar;song60;far12;near45;tol0.8;floor0.25;drain0.5;bass0.25"
223190,1790796710216,G Menor,F Maior,1,F Maior,F Maior,0.8121,0.0000,0.8121,0.0000,"F Maior;D Menor;Bb Maior",,0.00,,0.00,222.31,222.31,3,1,"v2;w20;harm;aar;song60;far12;near45;tol0.8;floor0.25;drain0.5;bass0.25"
223654,1790796710716,G Menor,F Maior,1,F Maior,F Maior,0.8116,0.0000,0.8116,0.0000,"F Maior;D Menor;Bb Maior",,0.00,,0.00,222.77,222.77,3,1,"v2;w20;harm;aar;song60;far12;near45;tol0.8;floor0.25;drain0.5;bass0.25"
224211,1790796711217,G Menor,F Maior,1,F Maior,F Maior,0.8118,0.0000,0.8118,0.0000,"F Maior;D Menor;Bb Maior",,0.00,,0.00,223.33,223.33,3,1,"v2;w20;harm;aar;song60;far12;near45;tol0.8;floor0.25;drain0.5;bass0.25"
224676,1790796711716,G Menor,F Maior,1,F Maior,F Maior,0.8106,0.0000,0.8106,0.0000,"F Maior;D Menor;Bb Maior",,0.00,,0.00,223.79,223.79,3,1,"v2;w20;harm;aar;song60;far12;near45;tol0.8;floor0.25;drain0.5;bass0.25"
225140,1790796712216,G Menor,F Maior,1,F Maior,F Maior,0.8109,0.0000,0.8109,0.0000,"F Maior;D Menor;Bb Maior",,0.00,,0.00,224.25,224.25,3,1,"v2;w20;harm;aar;song60;far12;near45;tol0.8;floor0.25;drain0.5;bass0.25"
225697,1790796712716,G Menor,F Maior,1,F Maior,F Maior,0.8114,0.0000,0.8114,0.0000,"F Maior;D Menor;Bb Maior",,0.00,,0.00,224.84,224.84,3,1,"v2;w20;harm;aar;song60;far12;near45;tol0.8;floor0.25;drain0.5;bass0.25"
226162,1790796713216,G Menor,F Maior,1,F Maior,F Maior,0.8103,0.0000,0.8103,0.0000,"F Maior;D Menor;Bb Maior",,0.00,,0.00,225.27,225.27,3,1,"v2;w20;harm;aar;song60;far12;near45;tol0.8;floor0.25;drain0.5;bass0.25"
226719,1790796713716,G Menor,F Maior,1,F Maior,F Maior,0.8063,0.0000,0.8063,0.0000,"F Maior;D Menor;Bb Maior",,0.00,,0.00,225.85,225.85,3,1,"v2;w20;harm;aar;song60;far12;near45;tol0.8;floor0.25;drain0.5;bass0.25"
227184,1790796714217,G Menor,F Maior,1,F Maior,F Maior,0.8039,0.0000,0.8039,0.0000,"F Maior;D Menor;Bb Maior",,0.00,,0.00,226.31,226.31,3,1,"v2;w20;harm;aar;song60;far12;near45;tol0.8;floor0.25;drain0.5;bass0.25"
227741,1790796714716,G Menor,F Maior,1,G Menor,F Maior,0.8048,0.8048,0.8016,0.0127,"F Maior;D Menor;Bb Maior",,0.00,,0.00,226.85,226.85,3,1,"v2;w20;harm;aar;song60;far12;near45;tol0.8;floor0.25;drain0.5;bass0.25"
228205,1790796715217,G Menor,F Maior,1,G Menor,F Maior,0.8037,0.8037,0.7988,0.0197,"F Maior;D Menor;G Maior",,0.00,,0.00,227.34,227.34,3,1,"v2;w20;harm;aar;song60;far12;near45;tol0.8;floor0.25;drain0.5;bass0.25"
228670,1790796715716,G Menor,F Maior,1,G Menor,F Maior,0.8016,0.8016,0.7959,0.0230,"F Maior;D Menor;G Maior",,0.00,,0.00,227.79,227.79,3,1,"v2;w20;harm;aar;song60;far12;near45;tol0.8;floor0.25;drain0.5;bass0.25"
229227,1790796716217,G Menor,F Maior,1,G Menor,F Maior,0.7940,0.7940,0.7890,0.0200,"F Maior;D Menor;G Maior",,0.00,,0.00,228.35,228.35,3,1,"v2;w20;harm;aar;song60;far12;near45;tol0.8;floor0.25;drain0.5;bass0.25"
229691,1790796716716,G Menor,F Maior,1,G Menor,F Maior,0.7920,0.7920,0.7889,0.0124,"F Maior;D Menor;G Maior",,0.00,,0.00,228.81,228.81,3,1,"v2;w20;harm;aar;song60;far12;near45;tol0.8;floor0.25;drain0.5;bass0.25"
230156,1790796717216,G Menor,F Maior,1,G Menor,F Maior,0.7913,0.7913,0.7884,0.0115,"F Maior;D Menor;G Maior",,0.00,,0.00,229.27,229.27,3,1,"v2;w20;harm;aar;song60;far12;near45;tol0.8;floor0.25;drain0.5;bass0.25"
230713,1790796717717,G Menor,G Maior,1,G Menor,F Maior,0.7924,0.7924,0.7862,0.0248,"F Maior;D Menor;G Maior",,0.00,,0.50,229.83,229.83,3,1,"v2;w20;harm;aar;song60;far12;near45;tol0.8;floor0.25;drain0.5;bass0.25"
231177,1790796718216,G Menor,G Maior,1,G Menor,F Maior,0.7921,0.7921,0.7839,0.0331,"F Maior;D Menor;G Maior",,0.00,,1.00,230.29,230.29,3,1,"v2;w20;harm;aar;song60;far12;near45;tol0.8;floor0.25;drain0.5;bass0.25"
231642,1790796718714,G Menor,G Maior,1,G Menor,F Maior,0.7922,0.7922,0.7819,0.0413,"F Maior;D Menor;G Maior",,0.00,,1.50,230.77,230.77,3,1,"v2;w20;harm;aar;song60;far12;near45;tol0.8;floor0.25;drain0.5;bass0.25"
232199,1790796719216,G Menor,G Maior,1,G Menor,F Maior,0.7903,0.7903,0.7795,0.0433,"F Maior;D Menor;G Maior",,0.00,,2.00,231.33,231.33,3,1,"v2;w20;harm;aar;song60;far12;near45;tol0.8;floor0.25;drain0.5;bass0.25"
232663,1790796719716,G Menor,G Maior,1,G Menor,F Maior,0.7911,0.7911,0.7769,0.0570,"F Maior;D Menor;G Maior",,0.00,,2.50,231.77,231.77,3,1,"v2;w20;harm;aar;song60;far12;near45;tol0.8;floor0.25;drain0.5;bass0.25"
233221,1790796720216,G Menor,G Maior,1,G Menor,F Maior,0.7904,0.7904,0.7749,0.0619,"F Maior;D Menor;G Maior",,0.00,,3.00,232.35,232.35,3,1,"v2;w20;harm;aar;song60;far12;near45;tol0.8;floor0.25;drain0.5;bass0.25"
233685,1790796720716,G Menor,G Maior,1,G Menor,F Maior,0.7890,0.7890,0.7718,0.0691,"F Maior;D Menor;G Maior",,0.00,,3.50,232.81,232.81,3,1,"v2;w20;harm;aar;song60;far12;near45;tol0.8;floor0.25;drain0.5;bass0.25"
234150,1790796721216,G Menor,G Maior,1,G Menor,F Maior,0.7853,0.7853,0.7677,0.0704,"F Maior;D Menor;G Maior",,0.00,,4.00,233.29,233.29,3,1,"v2;w20;harm;aar;song60;far12;near45;tol0.8;floor0.25;drain0.5;bass0.25"
234707,1790796721714,G Menor,G Maior,1,G Menor,F Maior,0.7828,0.7828,0.7645,0.0731,"F Maior;D Menor;G Maior",,0.00,,4.50,233.83,233.83,3,1,"v2;w20;harm;aar;song60;far12;near45;tol0.8;floor0.25;drain0.5;bass0.25"
235171,1790796722216,G Menor,G Maior,1,G Menor,F Maior,0.7800,0.7800,0.7617,0.0730,"F Maior;D Menor;G Maior",,0.00,,5.00,234.29,234.29,3,1,"v2;w20;harm;aar;song60;far12;near45;tol0.8;floor0.25;drain0.5;bass0.25"
235728,1790796722717,G Menor,G Maior,1,G Menor,F Maior,0.7801,0.7801,0.7613,0.0750,"F Maior;D Menor;G Maior",,0.00,,5.50,234.85,234.85,3,1,"v2;w20;harm;aar;song60;far12;near45;tol0.8;floor0.25;drain0.5;bass0.25"
236193,1790796723216,G Menor,G Maior,1,G Menor,F Maior,0.7806,0.7806,0.7643,0.0652,"F Maior;D Menor;G Maior",,0.00,,5.99,235.31,235.31,3,1,"v2;w20;harm;aar;song60;far12;near45;tol0.8;floor0.25;drain0.5;bass0.25"
236657,1790796723717,G Menor,G Maior,1,G Menor,F Maior,0.7830,0.7830,0.7679,0.0605,"F Maior;D Menor;G Maior",,0.00,,6.49,235.77,235.77,3,1,"v2;w20;harm;aar;song60;far12;near45;tol0.8;floor0.25;drain0.5;bass0.25"
237215,1790796724216,G Menor,G Maior,1,G Menor,F Maior,0.7826,0.7826,0.7683,0.0572,"F Maior;D Menor;G Maior",,0.00,,6.99,236.34,236.34,3,1,"v2;w20;harm;aar;song60;far12;near45;tol0.8;floor0.25;drain0.5;bass0.25"
237679,1790796724715,G Menor,G Maior,1,G Menor,F Maior,0.7818,0.7818,0.7675,0.0568,"F Maior;D Menor;G Maior",,0.00,,7.49,236.79,236.79,3,1,"v2;w20;harm;aar;song60;far12;near45;tol0.8;floor0.25;drain0.5;bass0.25"
238143,1790796725215,G Menor,G Maior,1,G Menor,F Maior,0.7784,0.7784,0.7653,0.0524,"F Maior;D Menor;G Maior",,0.00,,7.99,237.27,237.27,3,1,"v2;w20;harm;aar;song60;far12;near45;tol0.8;floor0.25;drain0.5;bass0.25"
238701,1790796725716,G Menor,G Maior,1,G Menor,F Maior,0.7772,0.7772,0.7615,0.0629,"F Maior;D Menor;G Maior",,0.00,,8.49,237.83,237.83,3,1,"v2;w20;harm;aar;song60;far12;near45;tol0.8;floor0.25;drain0.5;bass0.25"
239165,1790796726216,G Menor,G Maior,1,G Menor,F Maior,0.7794,0.7794,0.7606,0.0750,"F Maior;D Menor;G Maior",,0.00,,8.99,238.27,238.27,3,1,"v2;w20;harm;aar;song60;far12;near45;tol0.8;floor0.25;drain0.5;bass0.25"
239722,1790796726716,G Menor,G Maior,1,G Menor,F Maior,0.7770,0.7770,0.7567,0.0810,"F Maior;D Menor;G Maior",,0.00,,9.49,238.85,238.85,3,1,"v2;w20;harm;aar;song60;far12;near45;tol0.8;floor0.25;drain0.5;bass0.25"
240187,1790796727216,G Menor,G Maior,1,G Menor,F Maior,0.7770,0.7770,0.7548,0.0891,"F Maior;D Menor;G Maior",,0.00,,9.99,239.31,239.31,3,1,"v2;w20;harm;aar;song60;far12;near45;tol0.8;floor0.25;drain0.5;bass0.25"
240651,1790796727715,G Menor,G Maior,1,G Menor,F Maior,0.7776,0.7776,0.7531,0.0979,"F Maior;D Menor;G Maior",,0.00,,10.49,239.79,239.79,3,1,"v2;w20;harm;aar;song60;far12;near45;tol0.8;floor0.25;drain0.5;bass0.25"
241208,1790796728217,G Menor,G Maior,1,G Menor,F Maior,0.7738,0.7738,0.7493,0.0982,"F Maior;D Menor;G Maior",,0.00,,10.99,239.26,239.26,3,1,"v2;w20;harm;aar;song60;far12;near45;tol0.8;floor0.25;drain0.5;bass0.25"
241673,1790796728717,G Menor,G Maior,1,G Menor,F Maior,0.7716,0.7716,0.7460,0.1026,"F Maior;D Menor;G Maior",,0.00,,11.49,239.72,239.72,3,1,"v2;w20;harm;aar;song60;far12;near45;tol0.8;floor0.25;drain0.5;bass0.25"
242230,1790796729216,G Menor,G Maior,1,G Menor,F Maior,0.7731,0.7731,0.7482,0.0996,"F Maior;D Menor;G Maior",,0.00,,11.99,239.26,239.26,3,1,"v2;w20;harm;aar;song60;far12;near45;tol0.8;floor0.25;drain0.5;bass0.25"
242694,1790796729717,G Menor,G Maior,1,G Menor,F Maior,0.7771,0.7771,0.7491,0.1119,"F Maior;D Menor;G Maior",,0.00,,12.49,239.72,239.72,3,1,"v2;w20;harm;aar;song60;far12;near45;tol0.8;floor0.25;drain0.5;bass0.25"
243159,1790796730216,G Menor,G Maior,1,G Menor,F Maior,0.7779,0.7779,0.7467,0.1249,"F Maior;D Menor;G Maior",,0.00,,12.99,239.16,239.16,3,1,"v2;w20;harm;aar;song60;far12;near45;tol0.8;floor0.25;drain0.5;bass0.25"
243716,1790796730717,G Menor,G Maior,1,G Menor,F Maior,0.7715,0.7715,0.7386,0.1316,"F Maior;D Menor;G Maior",,0.00,,13.49,239.70,239.70,3,1,"v2;w20;harm;aar;song60;far12;near45;tol0.8;floor0.25;drain0.5;bass0.25"
244181,1790796731215,G Menor,G Maior,1,G Menor,F Maior,0.7674,0.7674,0.7346,0.1311,"F Maior;G Maior;D Menor",,0.00,,13.99,239.06,239.06,3,1,"v2;w20;harm;aar;song60;far12;near45;tol0.8;floor0.25;drain0.5;bass0.25"
244645,1790796731715,G Menor,G Maior,1,G Menor,F Maior,0.7642,0.7642,0.7298,0.1376,"F Maior;G Maior;D Menor",,0.00,,14.48,239.54,239.54,3,1,"v2;w20;harm;aar;song60;far12;near45;tol0.8;floor0.25;drain0.5;bass0.25"
245202,1790796732213,G Menor,G Maior,1,G Menor,F Maior,0.7545,0.7545,0.7199,0.1383,"F Maior;G Maior;D Menor",,0.00,,14.98,239.08,239.08,3,1,"v2;w20;harm;aar;song60;far12;near45;tol0.8;floor0.25;drain0.5;bass0.25"
245667,1790796732716,G Menor,G Maior,1,G Menor,F Maior,0.7499,0.7499,0.7144,0.1417,"F Maior;G Maior;D Menor",,0.00,,15.48,239.52,239.52,3,1,"v2;w20;harm;aar;song60;far12;near45;tol0.8;floor0.25;drain0.5;bass0.25"
246224,1790796733216,G Menor,G Maior,1,G Menor,F Maior,0.7498,0.7498,0.7098,0.1601,"F Maior;G Maior;D Menor",,0.00,,15.98,239.08,239.08,3,1,"v2;w20;harm;aar;song60;far12;near45;tol0.8;floor0.25;drain0.5;bass0.25"
246688,1790796733716,G Menor,G Maior,1,G Menor,F Maior,0.7471,0.7471,0.7051,0.1682,"F Maior;G Maior;D Menor",,0.00,,16.48,239.54,239.54,3,1,"v2;w20;harm;aar;song60;far12;near45;tol0.8;floor0.25;drain0.5;bass0.25"
247153,1790796734216,G Menor,G Maior,1,G Menor,F Maior,0.7454,0.7454,0.7021,0.1731,"F Maior;G Maior;D Menor",,0.00,,16.98,239.00,239.00,3,1,"v2;w20;harm;aar;song60;far12;near45;tol0.8;floor0.25;drain0.5;bass0.25"
247710,1790796734717,G Menor,G Maior,1,G Menor,F Maior,0.7419,0.7419,0.6979,0.1763,"F Maior;G Maior;D Menor",,0.00,,17.48,239.54,239.54,3,1,"v2;w20;harm;aar;song60;far12;near45;tol0.8;floor0.25;drain0.5;bass0.25"
248174,1790796735216,G Menor,G Maior,1,G Menor,F Maior,0.7378,0.7378,0.6938,0.1762,"F Maior;G Maior;D Menor",,0.00,,17.98,238.96,238.96,3,1,"v2;w20;harm;aar;song60;far12;near45;tol0.8;floor0.25;drain0.5;bass0.25"
248732,1790796735717,G Menor,G Maior,1,G Menor,F Maior,0.7359,0.7359,0.6896,0.1851,"F Maior;G Maior;D Menor",,0.00,,18.48,239.52,239.52,3,1,"v2;w20;harm;aar;song60;far12;near45;tol0.8;floor0.25;drain0.5;bass0.25"
249196,1790796736216,G Menor,G Maior,1,G Menor,F Maior,0.7341,0.7341,0.6861,0.1921,"F Maior;G Maior;D Menor",,0.00,,18.98,238.96,238.96,3,1,"v2;w20;harm;aar;song60;far12;near45;tol0.8;floor0.25;drain0.5;bass0.25"
249660,1790796736716,G Menor,G Maior,1,G Menor,F Maior,0.7341,0.7341,0.6874,0.1865,"F Maior;G Maior;D Menor",,0.00,,19.48,239.44,239.44,3,1,"v2;w20;harm;aar;song60;far12;near45;tol0.8;floor0.25;drain0.5;bass0.25"
250218,1790796737214,G Menor,G Maior,1,G Menor,F Maior,0.7294,0.7294,0.6837,0.1825,"F Maior;G Maior;D Menor",,0.00,,19.98,238.88,238.88,3,1,"v2;w20;harm;aar;song60;far12;near45;tol0.8;floor0.25;drain0.5;bass0.25"
250682,1790796737717,G Menor,G Maior,1,G Menor,F Maior,0.7260,0.7260,0.6790,0.1881,"F Maior;G Maior;D Menor",,0.00,,20.48,239.34,239.34,3,1,"v2;w20;harm;aar;song60;far12;near45;tol0.8;floor0.25;drain0.5;bass0.25"
251147,1790796738216,G Menor,G Maior,1,G Menor,G Maior,0.7247,0.7247,0.6767,0.1919,"G Maior;F Maior;D Menor",,0.00,,20.98,239.82,239.82,3,1,"v2;w20;harm;aar;song60;far12;near45;tol0.8;floor0.25;drain0.5;bass0.25"
251704,1790796738716,G Menor,G Maior,1,G Menor,G Maior,0.7225,0.7225,0.6839,0.1541,"G Maior;F Maior;D Menor",,0.00,,21.48,239.36,239.36,3,1,"v2;w20;harm;aar;song60;far12;near45;tol0.8;floor0.25;drain0.5;bass0.25"
252168,1790796739216,G Menor,G Maior,1,G Menor,G Maior,0.7246,0.7246,0.6899,0.1389,"G Maior;F Maior;D Menor",,0.00,,21.98,239.82,239.82,3,1,"v2;w20;harm;aar;song60;far12;near45;tol0.8;floor0.25;drain0.5;bass0.25"
252725,1790796739716,G Menor,G Maior,1,G Menor,G Maior,0.7220,0.7220,0.6934,0.1146,"G Maior;F Maior;D Menor",,0.00,,22.48,239.36,239.36,3,1,"v2;w20;harm;aar;song60;far12;near45;tol0.8;floor0.25;drain0.5;bass0.25"
253190,1790796740217,G Menor,G Maior,1,G Menor,G Maior,0.7189,0.7189,0.6940,0.0997,"G Maior;F Maior;D Menor",,0.00,,22.98,239.82,239.82,3,1,"v2;w20;harm;aar;song60;far12;near45;tol0.8;floor0.25;drain0.5;bass0.25"
253654,1790796740715,G Menor,G Maior,1,G Menor,G Maior,0.7180,0.7180,0.6937,0.0973,"G Maior;F Maior;D Menor",,0.00,,23.48,239.26,239.26,3,1,"v2;w20;harm;aar;song60;far12;near45;tol0.8;floor0.25;drain0.5;bass0.25"
254212,1790796741217,G Menor,G Maior,1,G Menor,G Maior,0.7115,0.7115,0.6961,0.0616,"G Maior;F Maior;D Menor",,0.00,,23.98,239.80,239.80,3,1,"v2;w20;harm;aar;song60;far12;near45;tol0.8;floor0.25;drain0.5;bass0.25"
254676,1790796741716,G Menor,G Maior,1,G Menor,G Maior,0.7070,0.7070,0.6988,0.0327,"G Maior;F Maior;D Menor",,0.00,,24.48,239.26,239.26,3,1,"v2;w20;harm;aar;song60;far12;near45;tol0.8;floor0.25;drain0.5;bass0.25"
255233,1790796742216,G Menor,G Maior,1,G Menor,G Maior,0.7012,0.7012,0.6999,0.0054,"G Maior;F Maior;D Menor",,0.00,,24.98,239.80,239.80,3,1,"v2;w20;harm;aar;song60;far12;near45;tol0.8;floor0.25;drain0.5;bass0.25"
255698,1790796742716,G Menor,G Maior,1,G Menor,G Maior,0.7037,0.7037,0.7029,0.0030,"G Maior;F Maior;D Menor",,0.00,,25.47,239.26,239.26,3,1,"v2;w20;harm;aar;song60;far12;near45;tol0.8;floor0.25;drain0.5;bass0.25"
256162,1790796743215,G Menor,G Maior,1,G Maior,G Maior,0.7022,0.0000,0.7022,0.0000,"G Maior;F Maior;D Menor",,0.00,,25.97,239.74,239.74,3,1,"v2;w20;harm;aar;song60;far12;near45;tol0.8;floor0.25;drain0.5;bass0.25"
256719,1790796743717,G Menor,G Maior,1,G Maior,G Maior,0.7045,0.0000,0.7045,0.0000,"G Maior;F Maior;D Menor",,0.00,,26.47,239.26,239.26,3,1,"v2;w20;harm;aar;song60;far12;near45;tol0.8;floor0.25;drain0.5;bass0.25"
257184,1790796744216,G Menor,G Maior,1,G Maior,G Maior,0.7069,0.0000,0.7069,0.0000,"G Maior;F Maior;D Menor",,0.00,,26.97,239.72,239.72,3,1,"v2;w20;harm;aar;song60;far12;near45;tol0.8;floor0.25;drain0.5;bass0.25"
257648,1790796744717,G Menor,G Maior,1,G Maior,G Maior,0.7062,0.0000,0.7062,0.0000,"G Maior;F Maior;D Menor",,0.00,,27.47,239.16,239.16,3,1,"v2;w20;harm;aar;song60;far12;near45;tol0.8;floor0.25;drain0.5;bass0.25"
258205,1790796745216,G Menor,G Maior,1,G Maior,G Maior,0.7138,0.0000,0.7138,0.0000,"G Maior;F Maior;D Menor",,0.00,,27.97,239.72,239.72,3,1,"v2;w20;harm;aar;song60;far12;near45;tol0.8;floor0.25;drain0.5;bass0.25"
258670,1790796745717,G Menor,G Maior,1,G Maior,G Maior,0.7183,0.0000,0.7183,0.0000,"G Maior;F Maior;D Menor",,0.00,,28.47,239.16,239.16,3,1,"v2;w20;harm;aar;song60;far12;near45;tol0.8;floor0.25;drain0.5;bass0.25"
259227,1790796746215,G Menor,G Maior,1,G Maior,G Maior,0.7213,0.0000,0.7213,0.0000,"G Maior;F Maior;D Menor",,0.00,,28.97,239.72,239.72,3,1,"v2;w20;harm;aar;song60;far12;near45;tol0.8;floor0.25;drain0.5;bass0.25"
259691,1790796746717,G Menor,G Maior,1,G Maior,G Maior,0.7255,0.0000,0.7255,0.0000,"G Maior;F Maior;D Menor",,0.00,,29.47,239.16,239.16,3,1,"v2;w20;harm;aar;song60;far12;near45;tol0.8;floor0.25;drain0.5;bass0.25"
260156,1790796747216,G Menor,G Maior,1,G Maior,G Maior,0.7298,0.0000,0.7298,0.0000,"G Maior;F Maior;A Menor",,0.00,,29.97,239.64,239.64,3,1,"v2;w20;harm;aar;song60;far12;near45;tol0.8;floor0.25;drain0.5;bass0.25"
260713,1790796747716,G Menor,G Maior,1,G Maior,G Maior,0.7350,0.0000,0.7350,0.0000,"G Maior;F Maior;D Menor",,0.00,,30.47,239.16,239.16,3,1,"v2;w20;harm;aar;song60;far12;near45;tol0.8;floor0.25;drain0.5;bass0.25"
261178,1790796748213,G Menor,G Maior,1,G Maior,G Maior,0.7384,0.0000,0.7384,0.0000,"G Maior;F Maior;D Menor",,0.00,,30.97,239.64,239.64,3,1,"v2;w20;harm;aar;song60;far12;near45;tol0.8;floor0.25;drain0.5;bass0.25"
261735,1790796748716,G Menor,G Maior,1,G Maior,G Maior,0.7385,0.0000,0.7385,0.0000,"G Maior;F Maior;A Menor",,0.00,,31.47,239.16,239.16,3,1,"v2;w20;harm;aar;song60;far12;near45;tol0.8;floor0.25;drain0.5;bass0.25"
262199,1790796749216,G Menor,G Maior,1,G Maior,G Maior,0.7401,0.0000,0.7401,0.0000,"G Maior;F Maior;A Menor",G Maior,0.00,,31.97,239.62,239.62,3,1,"v2;w20;harm;aar;song60;far12;near45;tol0.8;floor0.25;drain0.5;bass0.25"
262664,1790796749716,G Menor,G Maior,1,G Maior,G Maior,0.7427,0.0000,0.7427,0.0000,"G Maior;A Menor;F Maior",G Maior,0.00,,32.47,239.08,239.08,3,1,"v2;w20;harm;aar;song60;far12;near45;tol0.8;floor0.25;drain0.5;bass0.25"
263221,1790796750217,G Menor,G Maior,1,G Maior,G Maior,0.7435,0.0000,0.7435,0.0000,"G Maior;A Menor;F Maior",G Maior,0.02,,32.97,239.62,239.62,3,1,"v2;w20;harm;aar;song60;far12;near45;tol0.8;floor0.25;drain0.5;bass0.25"
263685,1790796750716,G Menor,G Maior,1,G Maior,G Maior,0.7433,0.0000,0.7433,0.0000,"G Maior;A Menor;F Maior",G Maior,0.04,,33.47,239.08,239.08,3,1,"v2;w20;harm;aar;song60;far12;near45;tol0.8;floor0.25;drain0.5;bass0.25"
264150,1790796751217,G Menor,G Maior,1,G Maior,G Maior,0.7461,0.0000,0.7461,0.0000,"G Maior;A Menor;E Menor",G Maior,0.05,,33.97,239.54,239.54,3,1,"v2;w20;harm;aar;song60;far12;near45;tol0.8;floor0.25;drain0.5;bass0.25"
264707,1790796751716,G Menor,G Maior,1,G Maior,G Maior,0.7502,0.0000,0.7502,0.0000,"G Maior;A Menor;E Menor",G Maior,0.07,,34.47,239.06,239.06,3,1,"v2;w20;harm;aar;song60;far12;near45;tol0.8;floor0.25;drain0.5;bass0.25"
265171,1790796752216,G Menor,G Maior,1,G Maior,G Maior,0.7526,0.0000,0.7526,0.0000,"G Maior;E Menor;A Menor",G Maior,0.09,,34.97,239.52,239.52,3,1,"v2;w20;harm;aar;song60;far12;near45;tol0.8;floor0.25;drain0.5;bass0.25"
265729,1790796752716,G Menor,G Maior,1,G Maior,G Maior,0.7536,0.0000,0.7536,0.0000,"G Maior;E Menor;A Menor",G Maior,0.11,,35.47,238.98,238.98,3,1,"v2;w20;harm;aar;song60;far12;near45;tol0.8;floor0.25;drain0.5;bass0.25"
266193,1790796753216,G Menor,G Maior,1,G Maior,G Maior,0.7561,0.0000,0.7561,0.0000,"G Maior;E Menor;A Menor",G Maior,0.12,,35.97,239.46,239.46,3,1,"v2;w20;harm;aar;song60;far12;near45;tol0.8;floor0.25;drain0.5;bass0.25"
266657,1790796753716,G Menor,G Maior,1,G Maior,G Maior,0.7588,0.0000,0.7588,0.0000,"G Maior;E Menor;A Menor",G Maior,0.14,,36.47,239.92,239.92,3,1,"v2;w20;harm;aar;song60;far12;near45;tol0.8;floor0.25;drain0.5;bass0.25"
267215,1790796754217,G Menor,G Maior,1,G Maior,G Maior,0.7585,0.0000,0.7585,0.0000,"G Maior;E Menor;A Menor",G Maior,0.15,,36.97,239.43,239.43,3,1,"v2;w20;harm;aar;song60;far12;near45;tol0.8;floor0.25;drain0.5;bass0.25"
267679,1790796754716,G Menor,G Maior,1,G Maior,G Maior,0.7567,0.0000,0.7567,0.0000,"G Maior;E Menor;A Menor",G Maior,0.17,,37.46,239.91,239.91,3,1,"v2;w20;harm;aar;song60;far12;near45;tol0.8;floor0.25;drain0.5;bass0.25"
268236,1790796755216,G Menor,G Maior,1,G Maior,G Maior,0.7531,0.0000,0.7531,0.0000,"G Maior;A Menor;E Menor",G Maior,0.19,,37.96,239.44,239.44,3,1,"v2;w20;harm;aar;song60;far12;near45;tol0.8;floor0.25;drain0.5;bass0.25"
268701,1790796755716,G Menor,G Maior,1,G Maior,G Maior,0.7524,0.0000,0.7524,0.0000,"G Maior;A Menor;E Menor",G Maior,0.20,,38.46,239.90,239.90,3,1,"v2;w20;harm;aar;song60;far12;near45;tol0.8;floor0.25;drain0.5;bass0.25"
269165,1790796756216,G Menor,G Maior,1,G Maior,G Maior,0.7522,0.0000,0.7522,0.0000,"G Maior;A Menor;E Menor",G Maior,0.22,,38.96,239.36,239.36,3,1,"v2;w20;harm;aar;song60;far12;near45;tol0.8;floor0.25;drain0.5;bass0.25"
269722,1790796756717,G Menor,G Maior,1,G Maior,G Maior,0.7574,0.0000,0.7574,0.0000,"G Maior;A Menor;D Menor",G Maior,0.24,,39.46,239.90,239.90,3,1,"v2;w20;harm;aar;song60;far12;near45;tol0.8;floor0.25;drain0.5;bass0.25"
270187,1790796757217,G Menor,G Maior,1,G Maior,G Maior,0.7666,0.0000,0.7666,0.0000,"G Maior;A Menor;D Menor",G Maior,0.25,,39.96,239.34,239.34,3,1,"v2;w20;harm;aar;song60;far12;near45;tol0.8;floor0.25;drain0.5;bass0.25"
270651,1790796757715,G Menor,G Maior,1,G Maior,G Maior,0.7720,0.0000,0.7720,0.0000,"G Maior;A Menor;D Menor",G Maior,0.27,,40.46,239.80,239.80,3,1,"v2;w20;harm;aar;song60;far12;near45;tol0.8;floor0.25;drain0.5;bass0.25"
271209,1790796758216,G Menor,G Maior,1,G Maior,G Maior,0.7727,0.0000,0.7727,0.0000,"G Maior;A Menor;E Menor",G Maior,0.29,,40.96,239.36,239.36,3,1,"v2;w20;harm;aar;song60;far12;near45;tol0.8;floor0.25;drain0.5;bass0.25"
271673,1790796758717,G Menor,G Maior,1,G Maior,G Maior,0.7749,0.0000,0.7749,0.0000,"G Maior;E Menor;A Menor",G Maior,0.30,,41.46,239.82,239.82,3,1,"v2;w20;harm;aar;song60;far12;near45;tol0.8;floor0.25;drain0.5;bass0.25"
272230,1790796759216,G Menor,G Maior,1,G Maior,G Maior,0.7808,0.0000,0.7808,0.0000,"G Maior;A Menor;E Menor",G Maior,0.32,,41.96,239.36,239.36,3,1,"v2;w20;harm;aar;song60;far12;near45;tol0.8;floor0.25;drain0.5;bass0.25"
272695,1790796759716,G Menor,G Maior,1,G Maior,G Maior,0.7844,0.0000,0.7844,0.0000,"G Maior;A Menor;E Menor",G Maior,0.34,,42.46,239.84,239.84,3,1,"v2;w20;harm;aar;song60;far12;near45;tol0.8;floor0.25;drain0.5;bass0.25"
273159,1790796760216,G Menor,G Maior,1,G Maior,G Maior,0.7869,0.0000,0.7869,0.0000,"G Maior;A Menor;E Menor",G Maior,0.35,,42.96,239.26,239.26,3,1,"v2;w20;harm;aar;song60;far12;near45;tol0.8;floor0.25;drain0.5;bass0.25"
273716,1790796760717,G Menor,G Maior,1,G Maior,G Maior,0.7885,0.0000,0.7885,0.0000,"G Maior;A Menor;E Menor",G Maior,0.37,,43.46,239.80,239.80,3,1,"v2;w20;harm;aar;song60;far12;near45;tol0.8;floor0.25;drain0.5;bass0.25"
274181,1790796761216,G Menor,G Maior,1,G Maior,G Maior,0.7904,0.0000,0.7904,0.0000,"G Maior;A Menor;E Menor",G Maior,0.39,,43.96,239.26,239.26,3,1,"v2;w20;harm;aar;song60;far12;near45;tol0.8;floor0.25;drain0.5;bass0.25"
274738,1790796761716,G Menor,G Maior,1,G Maior,G Maior,0.7925,0.0000,0.7925,0.0000,"G Maior;A Menor;E Menor",G Maior,0.41,,44.46,239.80,239.80,3,1,"v2;w20;harm;aar;song60;far12;near45;tol0.8;floor0.25;drain0.5;bass0.25"
275202,1790796762216,G Menor,G Maior,1,G Maior,G Maior,0.7926,0.0000,0.7926,0.0000,"G Maior;A Menor;E Menor",G Maior,0.42,,44.96,239.26,239.26,3,1,"v2;w20;harm;aar;song60;far12;near45;tol0.8;floor0.25;drain0.5;bass0.25"
275667,1790796762718,G Maior,G Maior,0,G Maior,G Menor,0.7957,0.7957,0.6227,0.6921,"G Menor;A Menor;E Menor",,0.00,neighborKeyConfirmed,45.46,19.88,19.88,4,0,"v2;w20;harm;aar;song60;far12;near45;tol0.8;floor0.25;drain0.5;bass0.25"
276224,1790796763216,G Maior,G Maior,0,G Maior,D Maior,0.8653,0.8653,0.8285,0.1472,"D Maior;E Menor;A Menor",,0.00,,0.00,20.42,20.42,4,0,"v2;w20;harm;aar;song60;far12;near45;tol0.8;floor0.25;drain0.5;bass0.25"
276688,1790796763716,G Maior,G Maior,0,G Maior,D Maior,0.8731,0.8731,0.8201,0.2123,"D Maior;E Menor;A Menor",,0.00,,0.00,20.90,20.90,4,0,"v2;w20;harm;aar;song60;far12;near45;tol0.8;floor0.25;drain0.5;bass0.25"
277153,1790796764216,G Maior,G Maior,0,G Maior,D Maior,0.8810,0.8810,0.8147,0.2653,"D Maior;E Menor;A Menor",,0.00,,0.00,21.36,21.36,4,0,"v2;w20;harm;aar;song60;far12;near45;tol0.8;floor0.25;drain0.5;bass0.25"
277710,1790796764714,G Maior,G Maior,0,G Maior,D Maior,0.8703,0.8703,0.8294,0.1636,"D Maior;E Menor;A Menor",,0.00,,0.00,21.94,21.94,4,0,"v2;w20;harm;aar;song60;far12;near45;tol0.8;floor0.25;drain0.5;bass0.25"
278175,1790796765215,G Maior,G Maior,0,G Maior,D Maior,0.8641,0.8641,0.8402,0.0957,"D Maior;E Menor;A Menor",,0.00,,0.00,22.38,22.38,4,0,"v2;w20;harm;aar;song60;far12;near45;tol0.8;floor0.25;drain0.5;bass0.25"
278732,1790796765716,G Maior,G Maior,0,G Maior,D Maior,0.8644,0.8644,0.8429,0.0860,"D Maior;E Menor;A Menor",,0.00,,0.00,22.94,22.94,4,0,"v2;w20;harm;aar;song60;far12;near45;tol0.8;floor0.25;drain0.5;bass0.25"
279196,1790796766215,G Maior,G Maior,0,G Maior,D Maior,0.8687,0.8687,0.8453,0.0939,"D Maior;E Menor;A Menor",,0.00,,0.00,23.42,23.42,4,0,"v2;w20;harm;aar;song60;far12;near45;tol0.8;floor0.25;drain0.5;bass0.25"
279661,1790796766715,G Maior,G Maior,0,G Maior,D Maior,0.8692,0.8692,0.8438,0.1016,"D Maior;E Menor;A Menor",,0.00,,0.00,23.88,23.88,4,0,"v2;w20;harm;aar;song60;far12;near45;tol0.8;floor0.25;drain0.5;bass0.25"
280218,1790796767215,G Maior,G Maior,0,G Maior,D Maior,0.8720,0.8720,0.8440,0.1117,"D Maior;E Menor;A Menor",,0.00,,0.00,24.42,24.42,4,0,"v2;w20;harm;aar;song60;far12;near45;tol0.8;floor0.25;drain0.5;bass0.25"
280682,1790796767715,G Maior,G Maior,0,G Maior,D Maior,0.8747,0.8747,0.8354,0.1571,"D Maior;E Menor;A Menor",,0.00,,0.00,24.90,24.90,4,0,"v2;w20;harm;aar;song60;far12;near45;tol0.8;floor0.25;drain0.5;bass0.25"
281240,1790796768216,G Maior,G Maior,0,G Maior,D Maior,0.8720,0.8720,0.8353,0.1466,"D Maior;E Menor;A Menor",,0.00,,0.00,25.44,25.44,4,0,"v2;w20;harm;aar;song60;far12;near45;tol0.8;floor0.25;drain0.5;bass0.25"
281704,1790796768716,G Maior,G Maior,0,G Maior,D Maior,0.8706,0.8706,0.8293,0.1650,"D Maior;E Menor;A Menor",,0.00,,0.00,25.92,25.92,4,0,"v2;w20;harm;aar;song60;far12;near45;tol0.8;floor0.25;drain0.5;bass0.25"
282168,1790796769215,G Maior,G Maior,0,G Maior,D Maior,0.8719,0.8719,0.8284,0.1741,"D Maior;E Menor;A Menor",,0.00,,0.00,26.38,26.38,4,0,"v2;w20;harm;aar;song60;far12;near45;tol0.8;floor0.25;drain0.5;bass0.25"
282726,1790796769716,G Maior,G Maior,0,G Maior,E Menor,0.8770,0.8770,0.8353,0.1668,"E Menor;D Maior;A Menor",,0.00,,0.00,26.92,26.92,4,0,"v2;w20;harm;aar;song60;far12;near45;tol0.8;floor0.25;drain0.5;bass0.25"
283190,1790796770213,G Maior,G Maior,0,G Maior,E Menor,0.8834,0.8834,0.8391,0.1771,"E Menor;D Maior;A Menor",,0.00,,0.00,27.40,27.40,4,0,"v2;w20;harm;aar;song60;far12;near45;tol0.8;floor0.25;drain0.5;bass0.25"
283654,1790796770716,G Maior,G Maior,0,G Maior,E Menor,0.8821,0.8821,0.8394,0.1705,"E Menor;D Maior;A Menor",,0.00,,0.00,27.86,27.86,4,0,"v2;w20;harm;aar;song60;far12;near45;tol0.8;floor0.25;drain0.5;bass0.25"
284212,1790796771216,G Maior,G Maior,0,G Maior,E Menor,0.8805,0.8805,0.8367,0.1753,"E Menor;D Maior;A Menor",,0.00,,0.00,28.44,28.44,4,0,"v2;w20;harm;aar;song60;far12;near45;tol0.8;floor0.25;drain0.5;bass0.25"
284676,1790796771716,G Maior,G Maior,0,G Maior,E Menor,0.8828,0.8828,0.8370,0.1830,"E Menor;D Maior;A Menor",,0.00,,0.00,28.88,28.88,4,0,"v2;w20;harm;aar;song60;far12;near45;tol0.8;floor0.25;drain0.5;bass0.25"
285233,1790796772216,G Maior,G Maior,0,G Maior,E Menor,0.8825,0.8825,0.8384,0.1761,"E Menor;D Maior;A Menor",,0.00,,0.00,29.44,29.44,4,0,"v2;w20;harm;aar;song60;far12;near45;tol0.8;floor0.25;drain0.5;bass0.25"
285698,1790796772715,G Maior,G Maior,0,G Maior,E Menor,0.8845,0.8845,0.8397,0.1790,"E Menor;D Maior;B Menor",,0.00,,0.00,29.92,29.92,4,0,"v2;w20;harm;aar;song60;far12;near45;tol0.8;floor0.25;drain0.5;bass0.25"
286162,1790796773215,G Maior,G Maior,0,G Maior,E Menor,0.8873,0.8873,0.8432,0.1766,"E Menor;D Maior;A Menor",,0.00,,0.00,30.38,30.38,4,1,"v2;w20;harm;aar;song60;far12;near45;tol0.8;floor0.25;drain0.5;bass0.25"
286720,1790796773715,G Maior,G Maior,0,G Maior,E Menor,0.8907,0.8907,0.8385,0.2086,"E Menor;D Maior;A Menor",,0.00,,0.00,30.94,30.94,4,1,"v2;w20;harm;aar;song60;far12;near45;tol0.8;floor0.25;drain0.5;bass0.25"
287184,1790796774216,G Maior,G Maior,0,G Maior,E Menor,0.8923,0.8923,0.8382,0.2165,"E Menor;D Maior;A Menor",,0.00,,0.00,31.40,31.40,4,1,"v2;w20;harm;aar;song60;far12;near45;tol0.8;floor0.25;drain0.5;bass0.25"
287741,1790796774717,G Maior,G Maior,0,G Maior,E Menor,0.8912,0.8912,0.8443,0.1879,"E Menor;D Maior;A Menor",,0.00,,0.00,31.94,31.94,4,1,"v2;w20;harm;aar;song60;far12;near45;tol0.8;floor0.25;drain0.5;bass0.25"
288206,1790796775216,G Maior,G Maior,0,G Maior,E Menor,0.8893,0.8893,0.8473,0.1681,"E Menor;D Maior;A Menor",,0.00,,0.00,32.42,32.42,4,1,"v2;w20;harm;aar;song60;far12;near45;tol0.8;floor0.25;drain0.5;bass0.25"
288670,1790796775716,G Maior,G Maior,0,G Maior,E Menor,0.8862,0.8862,0.8510,0.1411,"E Menor;D Maior;B Menor",,0.00,,0.00,32.88,32.88,4,1,"v2;w20;harm;aar;song60;far12;near45;tol0.8;floor0.25;drain0.5;bass0.25"
289227,1790796776216,G Maior,G Maior,0,G Maior,E Menor,0.8865,0.8865,0.8516,0.1399,"E Menor;D Maior;B Menor",,0.00,,0.00,33.44,33.44,4,1,"v2;w20;harm;aar;song60;far12;near45;tol0.8;floor0.25;drain0.5;bass0.25"
289692,1790796776716,G Maior,G Maior,0,G Maior,E Menor,0.8858,0.8858,0.8491,0.1466,"E Menor;D Maior;A Menor",,0.00,,0.00,33.90,33.90,4,1,"v2;w20;harm;aar;song60;far12;near45;tol0.8;floor0.25;drain0.5;bass0.25"
290156,1790796777216,G Maior,G Maior,0,G Maior,E Menor,0.8838,0.8838,0.8496,0.1365,"E Menor;D Maior;A Menor",,0.00,,0.00,34.36,34.36,4,1,"v2;w20;harm;aar;song60;far12;near45;tol0.8;floor0.25;drain0.5;bass0.25"
290713,1790796777716,G Maior,G Maior,0,G Maior,E Menor,0.8833,0.8833,0.8532,0.1204,"E Menor;D Maior;B Menor",,0.00,,0.00,34.94,34.94,4,1,"v2;w20;harm;aar;song60;far12;near45;tol0.8;floor0.25;drain0.5;bass0.25"
291178,1790796778216,G Maior,G Maior,0,G Maior,E Menor,0.8849,0.8849,0.8515,0.1336,"E Menor;D Maior;A Menor",,0.00,,0.00,35.38,35.38,4,1,"v2;w20;harm;aar;song60;far12;near45;tol0.8;floor0.25;drain0.5;bass0.25"
291735,1790796778715,G Maior,G Maior,0,G Maior,E Menor,0.8864,0.8864,0.8436,0.1714,"E Menor;D Maior;A Menor",,0.00,,0.00,35.94,35.94,4,1,"v2;w20;harm;aar;song60;far12;near45;tol0.8;floor0.25;drain0.5;bass0.25"
292199,1790796779215,G Maior,G Maior,0,G Maior,E Menor,0.8905,0.8905,0.8373,0.2127,"E Menor;D Maior;A Menor",,0.00,,0.00,36.42,36.42,4,1,"v2;w20;harm;aar;song60;far12;near45;tol0.8;floor0.25;drain0.5;bass0.25"
292664,1790796779716,G Maior,G Maior,0,G Maior,E Menor,0.8935,0.8935,0.8339,0.2385,"E Menor;D Maior;A Menor",,0.00,,0.00,36.88,36.88,4,1,"v2;w20;harm;aar;song60;far12;near45;tol0.8;floor0.25;drain0.5;bass0.25"
293221,1790796780216,G Maior,G Maior,0,G Maior,E Menor,0.8929,0.8929,0.8331,0.2394,"E Menor;D Maior;A Menor",,0.00,,0.00,37.44,37.44,4,1,"v2;w20;harm;aar;song60;far12;near45;tol0.8;floor0.25;drain0.5;bass0.25"
293685,1790796780715,G Maior,G Maior,0,G Maior,E Menor,0.8886,0.8886,0.8331,0.2221,"E Menor;D Maior;A Menor",,0.00,,0.00,37.90,37.90,4,1,"v2;w20;harm;aar;song60;far12;near45;tol0.8;floor0.25;drain0.5;bass0.25"
294243,1790796781216,G Maior,G Maior,0,G Maior,E Menor,0.8918,0.8918,0.8316,0.2408,"E Menor;D Maior;A Menor",,0.00,,0.00,38.44,38.44,4,1,"v2;w20;harm;aar;song60;far12;near45;tol0.8;floor0.25;drain0.5;bass0.25"
294707,1790796781716,G Maior,G Maior,0,G Maior,E Menor,0.8932,0.8932,0.8280,0.2607,"E Menor;D Maior;A Menor",,0.00,,0.00,38.92,38.92,4,1,"v2;w20;harm;aar;song60;far12;near45;tol0.8;floor0.25;drain0.5;bass0.25"
295172,1790796782216,G Maior,G Maior,0,G Maior,E Menor,0.8954,0.8954,0.8241,0.2852,"E Menor;D Maior;A Menor",,0.00,,0.00,39.38,39.38,4,1,"v2;w20;harm;aar;song60;far12;near45;tol0.8;floor0.25;drain0.5;bass0.25"
295729,1790796782716,G Maior,G Maior,0,G Maior,E Menor,0.9012,0.9012,0.8264,0.2992,"E Menor;D Maior;A Menor",,0.00,,0.00,39.94,39.94,4,1,"v2;w20;harm;aar;song60;far12;near45;tol0.8;floor0.25;drain0.5;bass0.25"
296193,1790796783216,G Maior,G Maior,0,G Maior,E Menor,0.9051,0.9051,0.8240,0.3241,"E Menor;D Maior;A Menor",,0.00,,0.00,40.40,40.40,4,1,"v2;w20;harm;aar;song60;far12;near45;tol0.8;floor0.25;drain0.5;bass0.25"
296658,1790796783715,G Maior,G Maior,0,G Maior,E Menor,0.9055,0.9055,0.8244,0.3242,"E Menor;D Maior;A Menor",,0.00,,0.00,40.86,40.86,4,1,"v2;w20;harm;aar;song60;far12;near45;tol0.8;floor0.25;drain0.5;bass0.25"
297215,1790796784215,G Maior,G Maior,0,G Maior,E Menor,0.9063,0.9063,0.8299,0.3058,"E Menor;D Maior;A Menor",,0.00,,0.00,41.44,41.44,4,1,"v2;w20;harm;aar;song60;far12;near45;tol0.8;floor0.25;drain0.5;bass0.25"
297679,1790796784715,G Maior,G Maior,0,G Maior,E Menor,0.9089,0.9089,0.8293,0.3184,"E Menor;D Maior;A Menor",,0.00,,0.00,41.88,41.88,4,1,"v2;w20;harm;aar;song60;far12;near45;tol0.8;floor0.25;drain0.5;bass0.25"
298144,1790796785212,G Maior,G Maior,0,G Maior,E Menor,0.9101,0.9101,0.8322,0.3115,"E Menor;D Maior;A Menor",,0.00,,0.00,42.34,42.34,4,1,"v2;w20;harm;aar;song60;far12;near45;tol0.8;floor0.25;drain0.5;bass0.25"
298701,1790796785715,G Maior,G Maior,0,G Maior,E Menor,0.9112,0.9112,0.8253,0.3435,"E Menor;D Maior;A Menor",,0.00,,0.00,42.92,42.92,4,1,"v2;w20;harm;aar;song60;far12;near45;tol0.8;floor0.25;drain0.5;bass0.25"
299165,1790796786216,G Maior,G Maior,0,G Maior,E Menor,0.9112,0.9112,0.8200,0.3646,"E Menor;D Maior;A Menor",,0.00,,0.00,43.38,43.38,4,1,"v2;w20;harm;aar;song60;far12;near45;tol0.8;floor0.25;drain0.5;bass0.25"
299723,1790796786716,G Maior,G Maior,0,G Maior,E Menor,0.9081,0.9081,0.8141,0.3758,"E Menor;D Maior;A Menor",,0.00,,0.00,43.94,43.94,4,1,"v2;w20;harm;aar;song60;far12;near45;tol0.8;floor0.25;drain0.5;bass0.25"
300187,1790796787216,G Maior,G Maior,0,G Maior,E Menor,0.9097,0.9097,0.8135,0.3848,"E Menor;D Maior;A Menor",,0.00,,0.00,44.40,44.40,4,1,"v2;w20;harm;aar;song60;far12;near45;tol0.8;floor0.25;drain0.5;bass0.25"
300651,1790796787716,G Maior,G Maior,0,G Maior,E Menor,0.9125,0.9125,0.8155,0.3877,"E Menor;D Maior;A Menor",,0.00,,0.00,44.86,44.86,4,1,"v2;w20;harm;aar;song60;far12;near45;tol0.8;floor0.25;drain0.5;bass0.25"
301209,1790796788217,G Maior,G Maior,0,G Maior,E Menor,0.9147,0.9147,0.8130,0.4067,"E Menor;D Maior;A Menor",,0.00,,0.00,45.42,45.42,4,1,"v2;w20;harm;aar;song60;far12;near45;tol0.8;floor0.25;drain0.5;bass0.25"
301673,1790796788716,G Maior,G Maior,0,G Maior,E Menor,0.9178,0.9178,0.8083,0.4383,"E Menor;D Maior;A Menor",,0.00,,0.00,45.88,45.88,4,1,"v2;w20;harm;aar;song60;far12;near45;tol0.8;floor0.25;drain0.5;bass0.25"
302230,1790796789215,G Maior,G Maior,0,G Maior,E Menor,0.9207,0.9207,0.8023,0.4737,"E Menor;D Maior;A Menor",,0.00,,0.00,46.44,46.44,4,1,"v2;w20;harm;aar;song60;far12;near45;tol0.8;floor0.25;drain0.5;bass0.25"
302695,1790796789716,G Maior,G Maior,0,G Maior,E Menor,0.9223,0.9223,0.7983,0.4962,"E Menor;D Maior;A Menor",,0.00,,0.00,46.90,46.90,4,1,"v2;w20;harm;aar;song60;far12;near45;tol0.8;floor0.25;drain0.5;bass0.25"
303159,1790796790215,G Maior,G Maior,0,G Maior,E Menor,0.9227,0.9227,0.7968,0.5037,"E Menor;D Maior;A Menor",,0.00,,0.00,47.36,47.36,4,1,"v2;w20;harm;aar;song60;far12;near45;tol0.8;floor0.25;drain0.5;bass0.25"
303717,1790796790716,G Maior,G Maior,0,G Maior,E Menor,0.9250,0.9250,0.7996,0.5015,"E Menor;D Maior;A Menor",,0.00,,0.00,47.94,47.94,4,1,"v2;w20;harm;aar;song60;far12;near45;tol0.8;floor0.25;drain0.5;bass0.25"
304181,1790796791216,G Maior,G Maior,0,G Maior,E Menor,0.9275,0.9275,0.8049,0.4904,"E Menor;D Maior;A Menor",,0.00,,0.00,48.38,48.38,4,1,"v2;w20;harm;aar;song60;far12;near45;tol0.8;floor0.25;drain0.5;bass0.25"
304645,1790796791716,G Maior,G Maior,0,G Maior,E Menor,0.9285,0.9285,0.8065,0.4880,"E Menor;D Maior;A Menor",,0.00,,0.00,48.86,48.86,4,1,"v2;w20;harm;aar;song60;far12;near45;tol0.8;floor0.25;drain0.5;bass0.25"
305203,1790796792215,G Maior,G Maior,0,G Maior,E Menor,0.9279,0.9279,0.8022,0.5026,"E Menor;D Maior;A Menor",,0.00,,0.00,49.42,49.42,4,1,"v2;w20;harm;aar;song60;far12;near45;tol0.8;floor0.25;drain0.5;bass0.25"
305667,1790796792715,G Maior,G Maior,0,G Maior,E Menor,0.9240,0.9240,0.8018,0.4886,"E Menor;D Maior;A Menor",,0.00,,0.00,49.88,49.88,4,1,"v2;w20;harm;aar;song60;far12;near45;tol0.8;floor0.25;drain0.5;bass0.25"
306224,1790796793216,G Maior,G Maior,0,G Maior,E Menor,0.9228,0.9228,0.8057,0.4682,"E Menor;D Maior;A Menor",,0.00,,0.00,50.44,50.44,4,1,"v2;w20;harm;aar;song60;far12;near45;tol0.8;floor0.25;drain0.5;bass0.25"
306689,1790796793716,G Maior,G Maior,0,G Maior,E Menor,0.9232,0.9232,0.8128,0.4415,"E Menor;D Maior;A Menor",,0.00,,0.00,50.90,50.90,4,1,"v2;w20;harm;aar;song60;far12;near45;tol0.8;floor0.25;drain0.5;bass0.25"
307153,1790796794215,G Maior,G Maior,0,G Maior,E Menor,0.9215,0.9215,0.8179,0.4146,"E Menor;D Maior;A Menor",,0.00,,0.00,51.38,51.38,4,1,"v2;w20;harm;aar;song60;far12;near45;tol0.8;floor0.25;drain0.5;bass0.25"
307710,1790796794716,G Maior,G Maior,0,G Maior,E Menor,0.9213,0.9213,0.8214,0.3996,"E Menor;D Maior;A Menor",,0.00,,0.00,51.92,51.92,4,1,"v2;w20;harm;aar;song60;far12;near45;tol0.8;floor0.25;drain0.5;bass0.25"
308175,1790796795215,G Maior,G Maior,0,G Maior,E Menor,0.9211,0.9211,0.8209,0.4006,"E Menor;D Maior;A Menor",,0.00,,0.00,52.38,52.38,4,1,"v2;w20;harm;aar;song60;far12;near45;tol0.8;floor0.25;drain0.5;bass0.25"
308732,1790796795716,G Maior,G Maior,0,G Maior,E Menor,0.9201,0.9201,0.8168,0.4135,"E Menor;D Maior;A Menor",,0.00,,0.00,52.94,52.94,4,1,"v2;w20;harm;aar;song60;far12;near45;tol0.8;floor0.25;drain0.5;bass0.25"
309196,1790796796215,G Maior,G Maior,0,G Maior,E Menor,0.9188,0.9188,0.8186,0.4005,"E Menor;D Maior;A Menor",,0.00,,0.00,53.40,53.40,4,1,"v2;w20;harm;aar;song60;far12;near45;tol0.8;floor0.25;drain0.5;bass0.25"
309661,1790796796716,G Maior,G Maior,0,G Maior,E Menor,0.9189,0.9189,0.8211,0.3910,"E Menor;D Maior;A Menor",,0.00,,0.00,53.86,53.86,4,1,"v2;w20;harm;aar;song60;far12;near45;tol0.8;floor0.25;drain0.5;bass0.25"
310218,1790796797215,G Maior,G Maior,0,G Maior,E Menor,0.9189,0.9189,0.8209,0.3917,"E Menor;D Maior;A Menor",,0.00,,0.00,54.44,54.44,4,1,"v2;w20;harm;aar;song60;far12;near45;tol0.8;floor0.25;drain0.5;bass0.25"
310682,1790796797716,G Maior,G Maior,0,G Maior,E Menor,0.9196,0.9196,0.8213,0.3935,"E Menor;D Maior;A Menor",,0.00,,0.00,54.88,54.88,4,1,"v2;w20;harm;aar;song60;far12;near45;tol0.8;floor0.25;drain0.5;bass0.25"
311147,1790796798216,G Maior,G Maior,0,G Maior,E Menor,0.9156,0.9156,0.8270,0.3542,"E Menor;D Maior;A Menor",,0.00,,0.00,55.36,55.36,4,1,"v2;w20;harm;aar;song60;far12;near45;tol0.8;floor0.25;drain0.5;bass0.25"
311704,1790796798716,G Maior,G Maior,0,G Maior,E Menor,0.9165,0.9165,0.8266,0.3597,"E Menor;D Maior;A Menor",,0.00,,0.00,55.92,55.92,4,1,"v2;w20;harm;aar;song60;far12;near45;tol0.8;floor0.25;drain0.5;bass0.25"
312169,1790796799216,G Maior,G Maior,0,G Maior,E Menor,0.9160,0.9160,0.8281,0.3514,"E Menor;D Maior;A Menor",,0.00,,0.00,56.38,56.38,4,1,"v2;w20;harm;aar;song60;far12;near45;tol0.8;floor0.25;drain0.5;bass0.25"
312726,1790796799716,G Maior,G Maior,0,G Maior,E Menor,0.9154,0.9154,0.8292,0.3449,"E Menor;D Maior;A Menor",,0.00,,0.00,56.94,56.94,4,1,"v2;w20;harm;aar;song60;far12;near45;tol0.8;floor0.25;drain0.5;bass0.25"
313190,1790796800216,G Maior,G Maior,0,G Maior,E Menor,0.9139,0.9139,0.8302,0.3351,"E Menor;D Maior;A Menor",,0.00,,0.00,57.40,57.40,4,1,"v2;w20;harm;aar;song60;far12;near45;tol0.8;floor0.25;drain0.5;bass0.25"
313655,1790796800716,G Maior,G Maior,0,G Maior,E Menor,0.9133,0.9133,0.8342,0.3166,"E Menor;D Maior;A Menor",,0.00,,0.00,57.88,57.88,4,1,"v2;w20;harm;aar;song60;far12;near45;tol0.8;floor0.25;drain0.5;bass0.25"
314212,1790796801217,G Maior,G Maior,0,G Maior,E Menor,0.9142,0.9142,0.8314,0.3313,"E Menor;D Maior;A Menor",,0.00,,0.00,58.42,58.42,4,1,"v2;w20;harm;aar;song60;far12;near45;tol0.8;floor0.25;drain0.5;bass0.25"
314676,1790796801716,G Maior,G Maior,0,G Maior,E Menor,0.9179,0.9179,0.8270,0.3635,"E Menor;D Maior;A Menor",,0.00,,0.00,58.88,58.88,4,1,"v2;w20;harm;aar;song60;far12;near45;tol0.8;floor0.25;drain0.5;bass0.25"
315234,1790796802216,G Maior,G Maior,0,G Maior,E Menor,0.9134,0.9134,0.8272,0.3449,"E Menor;D Maior;A Menor",,0.00,,0.00,59.44,59.44,4,1,"v2;w20;harm;aar;song60;far12;near45;tol0.8;floor0.25;drain0.5;bass0.25"
315698,1790796802716,G Maior,G Maior,0,G Maior,E Menor,0.9140,0.9140,0.8253,0.3549,"E Menor;D Maior;A Menor",,0.00,,0.00,59.90,59.90,4,1,"v2;w20;harm;aar;song60;far12;near45;tol0.8;floor0.25;drain0.5;bass0.25"
316162,1790796803216,G Maior,G Maior,0,G Maior,E Menor,0.9156,0.9156,0.8227,0.3716,"E Menor;D Maior;A Menor",,0.00,,0.00,60.38,60.38,4,1,"v2;w20;harm;aar;song60;far12;near45;tol0.8;floor0.25;drain0.5;bass0.25"
316720,1790796803715,G Maior,G Maior,0,G Maior,E Menor,0.9163,0.9163,0.8203,0.3840,"E Menor;D Maior;A Menor",,0.00,,0.00,60.94,60.94,4,1,"v2;w20;harm;aar;song60;far12;near45;tol0.8;floor0.25;drain0.5;bass0.25"
317184,1790796804216,G Maior,G Maior,0,G Maior,E Menor,0.9165,0.9165,0.8210,0.3819,"E Menor;D Maior;A Menor",,0.00,,0.00,61.38,61.38,4,1,"v2;w20;harm;aar;song60;far12;near45;tol0.8;floor0.25;drain0.5;bass0.25"
317648,1790796804715,G Maior,G Maior,0,G Maior,E Menor,0.9169,0.9169,0.8200,0.3876,"E Menor;D Maior;A Menor",,0.00,,0.00,61.86,61.86,4,1,"v2;w20;harm;aar;song60;far12;near45;tol0.8;floor0.25;drain0.5;bass0.25"
318206,1790796805215,G Maior,G Maior,0,G Maior,E Menor,0.9171,0.9171,0.8204,0.3868,"E Menor;D Maior;A Menor",,0.00,,0.00,62.42,62.42,4,1,"v2;w20;harm;aar;song60;far12;near45;tol0.8;floor0.25;drain0.5;bass0.25"
318670,1790796805715,G Maior,G Maior,0,G Maior,E Menor,0.9179,0.9179,0.8210,0.3874,"E Menor;D Maior;A Menor",,0.00,,0.00,62.90,62.90,4,1,"v2;w20;harm;aar;song60;far12;near45;tol0.8;floor0.25;drain0.5;bass0.25"
319227,1790796806217,G Maior,G Maior,0,G Maior,E Menor,0.9163,0.9163,0.8217,0.3785,"E Menor;D Maior;A Menor",,0.00,,0.00,63.44,63.44,4,1,"v2;w20;harm;aar;song60;far12;near45;tol0.8;floor0.25;drain0.5;bass0.25"
319692,1790796806716,G Maior,G Maior,0,G Maior,E Menor,0.9153,0.9153,0.8214,0.3755,"E Menor;D Maior;A Menor",,0.00,,0.00,63.90,63.90,4,1,"v2;w20;harm;aar;song60;far12;near45;tol0.8;floor0.25;drain0.5;bass0.25"
320156,1790796807216,G Maior,G Maior,0,G Maior,E Menor,0.9157,0.9157,0.8187,0.3881,"E Menor;D Maior;A Menor",,0.00,,0.00,64.38,64.38,4,1,"v2;w20;harm;aar;song60;far12;near45;tol0.8;floor0.25;drain0.5;bass0.25"
320714,1790796807716,G Maior,G Maior,0,G Maior,E Menor,0.9150,0.9150,0.8164,0.3947,"E Menor;D Maior;A Menor",,0.00,,0.00,64.92,64.92,4,1,"v2;w20;harm;aar;song60;far12;near45;tol0.8;floor0.25;drain0.5;bass0.25"
321178,1790796808216,G Maior,G Maior,0,G Maior,E Menor,0.9154,0.9154,0.8161,0.3971,"E Menor;D Maior;A Menor",,0.00,,0.00,65.38,65.38,4,1,"v2;w20;harm;aar;song60;far12;near45;tol0.8;floor0.25;drain0.5;bass0.25"
321735,1790796808717,G Maior,G Maior,0,G Maior,E Menor,0.9165,0.9165,0.8140,0.4101,"E Menor;D Maior;A Menor",,0.00,,0.00,65.94,65.94,4,1,"v2;w20;harm;aar;song60;far12;near45;tol0.8;floor0.25;drain0.5;bass0.25"
322200,1790796809215,G Maior,G Maior,0,G Maior,E Menor,0.9163,0.9163,0.8136,0.4107,"E Menor;D Maior;A Menor",,0.00,,0.00,66.40,66.40,4,1,"v2;w20;harm;aar;song60;far12;near45;tol0.8;floor0.25;drain0.5;bass0.25"
322664,1790796809715,G Maior,G Maior,0,G Maior,E Menor,0.9155,0.9155,0.8128,0.4108,"E Menor;D Maior;A Menor",,0.00,,0.00,66.88,66.88,4,1,"v2;w20;harm;aar;song60;far12;near45;tol0.8;floor0.25;drain0.5;bass0.25"
323221,1790796810217,G Maior,G Maior,0,G Maior,E Menor,0.9149,0.9149,0.8098,0.4204,"E Menor;D Maior;A Menor",,0.00,,0.00,67.44,67.44,4,1,"v2;w20;harm;aar;song60;far12;near45;tol0.8;floor0.25;drain0.5;bass0.25"
323686,1790796810717,G Maior,G Maior,0,G Maior,E Menor,0.9132,0.9132,0.8057,0.4300,"E Menor;D Maior;A Menor",,0.00,,0.00,67.88,67.88,4,1,"v2;w20;harm;aar;song60;far12;near45;tol0.8;floor0.25;drain0.5;bass0.25"
324150,1790796811216,G Maior,G Maior,0,G Maior,E Menor,0.9122,0.9122,0.8018,0.4418,"E Menor;D Maior;A Menor",,0.00,,0.00,68.36,68.36,4,1,"v2;w20;harm;aar;song60;far12;near45;tol0.8;floor0.25;drain0.5;bass0.25"
324707,1790796811715,G Maior,G Maior,0,G Maior,E Menor,0.9108,0.9108,0.7983,0.4500,"E Menor;D Maior;A Menor",,0.00,,0.00,68.92,68.92,4,1,"v2;w20;harm;aar;song60;far12;near45;tol0.8;floor0.25;drain0.5;bass0.25"
325172,1790796812216,G Maior,G Maior,0,G Maior,E Menor,0.9106,0.9106,0.7994,0.4448,"E Menor;D Maior;A Menor",,0.00,,0.00,69.40,69.40,4,1,"v2;w20;harm;aar;song60;far12;near45;tol0.8;floor0.25;drain0.5;bass0.25"
325729,1790796812716,G Maior,G Maior,0,G Maior,E Menor,0.9098,0.9098,0.7959,0.4555,"E Menor;D Maior;A Menor",,0.00,,0.00,69.94,69.94,4,1,"v2;w20;harm;aar;song60;far12;near45;tol0.8;floor0.25;drain0.5;bass0.25"
326193,1790796813215,G Maior,G Maior,0,G Maior,E Menor,0.9063,0.9063,0.7962,0.4405,"E Menor;D Maior;A Menor",,0.00,,0.00,70.40,70.40,4,1,"v2;w20;harm;aar;song60;far12;near45;tol0.8;floor0.25;drain0.5;bass0.25"
326658,1790796813715,G Maior,G Maior,0,G Maior,E Menor,0.9048,0.9048,0.7981,0.4267,"E Menor;D Maior;A Menor",,0.00,,0.00,70.88,70.88,4,1,"v2;w20;harm;aar;song60;far12;near45;tol0.8;floor0.25;drain0.5;bass0.25"
327215,1790796814217,G Maior,G Maior,0,G Maior,E Menor,0.9030,0.9030,0.7977,0.4215,"E Menor;D Maior;A Menor",,0.00,,0.00,71.42,71.42,4,1,"v2;w20;harm;aar;song60;far12;near45;tol0.8;floor0.25;drain0.5;bass0.25"
327679,1790796814716,G Maior,G Maior,0,G Maior,E Menor,0.9050,0.9050,0.7983,0.4267,"E Menor;D Maior;A Menor",,0.00,,0.00,71.91,71.91,4,1,"v2;w20;harm;aar;song60;far12;near45;tol0.8;floor0.25;drain0.5;bass0.25"
328237,1790796815216,G Maior,G Maior,0,G Maior,E Menor,0.9068,0.9068,0.8022,0.4185,"E Menor;D Maior;A Menor",,0.00,,0.00,72.44,72.44,4,1,"v2;w20;harm;aar;song60;far12;near45;tol0.8;floor0.25;drain0.5;bass0.25"
328701,1790796815716,G Maior,G Maior,0,G Maior,E Menor,0.9081,0.9081,0.8076,0.4019,"E Menor;D Maior;A Menor",,0.00,,0.00,72.90,72.90,4,1,"v2;w20;harm;aar;song60;far12;near45;tol0.8;floor0.25;drain0.5;bass0.25"
329166,1790796816216,G Maior,G Maior,0,G Maior,E Menor,0.9072,0.9072,0.8107,0.3861,"E Menor;D Maior;A Menor",,0.00,,0.00,73.38,73.38,4,1,"v2;w20;harm;aar;song60;far12;near45;tol0.8;floor0.25;drain0.5;bass0.25"
329723,1790796816716,G Maior,G Maior,0,G Maior,E Menor,0.9042,0.9042,0.8093,0.3793,"E Menor;D Maior;A Menor",,0.00,,0.00,73.94,73.94,4,1,"v2;w20;harm;aar;song60;far12;near45;tol0.8;floor0.25;drain0.5;bass0.25"
330187,1790796817216,G Maior,G Maior,0,G Maior,E Menor,0.9031,0.9031,0.8081,0.3800,"E Menor;D Maior;A Menor",,0.00,,0.00,74.40,74.40,4,1,"v2;w20;harm;aar;song60;far12;near45;tol0.8;floor0.25;drain0.5;bass0.25"
330652,1790796817716,G Maior,G Maior,0,G Maior,E Menor,0.9031,0.9031,0.8107,0.3695,"E Menor;D Maior;A Menor",,0.00,,0.00,74.86,74.86,4,1,"v2;w20;harm;aar;song60;far12;near45;tol0.8;floor0.25;drain0.5;bass0.25"
331209,1790796818216,G Maior,G Maior,0,G Maior,E Menor,0.9024,0.9024,0.8120,0.3619,"E Menor;D Maior;A Menor",,0.00,,0.00,75.42,75.42,4,1,"v2;w20;harm;aar;song60;far12;near45;tol0.8;floor0.25;drain0.5;bass0.25"
331673,1790796818716,G Maior,G Maior,0,G Maior,E Menor,0.9001,0.9001,0.8094,0.3625,"E Menor;D Maior;A Menor",,0.00,,0.00,75.90,75.90,4,1,"v2;w20;harm;aar;song60;far12;near45;tol0.8;floor0.25;drain0.5;bass0.25"
332231,1790796819216,G Maior,G Maior,0,G Maior,E Menor,0.8991,0.8991,0.8072,0.3675,"E Menor;D Maior;A Menor",,0.00,,0.00,76.44,76.44,4,1,"v2;w20;harm;aar;song60;far12;near45;tol0.8;floor0.25;drain0.5;bass0.25"
332695,1790796819716,G Maior,G Maior,0,G Maior,E Menor,0.8978,0.8978,0.8117,0.3447,"E Menor;D Maior;A Menor",,0.00,,0.00,76.90,76.90,4,1,"v2;w20;harm;aar;song60;far12;near45;tol0.8;floor0.25;drain0.5;bass0.25"
333159,1790796820215,G Maior,G Maior,0,G Maior,E Menor,0.8982,0.8982,0.8143,0.3355,"E Menor;D Maior;A Menor",,0.00,,0.00,77.38,77.38,4,1,"v2;w20;harm;aar;song60;far12;near45;tol0.8;floor0.25;drain0.5;bass0.25"
333717,1790796820716,G Maior,G Maior,0,G Maior,E Menor,0.8980,0.8980,0.8144,0.3346,"E Menor;D Maior;A Menor",,0.00,,0.00,77.92,77.92,4,1,"v2;w20;harm;aar;song60;far12;near45;tol0.8;floor0.25;drain0.5;bass0.25"
334181,1790796821216,G Maior,G Maior,0,G Maior,E Menor,0.8982,0.8982,0.8141,0.3364,"E Menor;D Maior;A Menor",,0.00,,0.00,78.40,78.40,4,1,"v2;w20;harm;aar;song60;far12;near45;tol0.8;floor0.25;drain0.5;bass0.25"
334738,1790796821714,G Maior,G Maior,0,G Maior,E Menor,0.8974,0.8974,0.8153,0.3282,"E Menor;D Maior;A Menor",,0.00,,0.00,78.94,78.94,4,1,"v2;w20;harm;aar;song60;far12;near45;tol0.8;floor0.25;drain0.5;bass0.25"
335203,1790796822217,G Maior,G Maior,0,G Maior,E Menor,0.8974,0.8974,0.8159,0.3262,"E Menor;D Maior;A Menor",,0.00,,0.00,79.40,79.40,4,1,"v2;w20;harm;aar;song60;far12;near45;tol0.8;floor0.25;drain0.5;bass0.25"
335667,1790796822716,G Maior,G Maior,0,G Maior,E Menor,0.8996,0.8996,0.8154,0.3370,"E Menor;D Maior;A Menor",,0.00,,0.00,79.88,79.88,4,1,"v2;w20;harm;aar;song60;far12;near45;tol0.8;floor0.25;drain0.5;bass0.25"
336224,1790796823216,G Maior,G Maior,0,G Maior,E Menor,0.9017,0.9017,0.8186,0.3320,"E Menor;D Maior;A Menor",,0.00,,0.00,80.44,80.44,4,1,"v2;w20;harm;aar;song60;far12;near45;tol0.8;floor0.25;drain0.5;bass0.25"
336689,1790796823716,G Maior,G Maior,0,G Maior,E Menor,0.9017,0.9017,0.8175,0.3365,"E Menor;D Maior;A Menor",,0.00,,0.00,80.90,80.90,4,1,"v2;w20;harm;aar;song60;far12;near45;tol0.8;floor0.25;drain0.5;bass0.25"
337153,1790796824216,G Maior,G Maior,0,G Maior,E Menor,0.9024,0.9024,0.8147,0.3506,"E Menor;D Maior;A Menor",,0.00,,0.00,81.36,81.36,4,1,"v2;w20;harm;aar;song60;far12;near45;tol0.8;floor0.25;drain0.5;bass0.25"
337711,1790796824716,G Maior,G Maior,0,G Maior,E Menor,0.9020,0.9020,0.8111,0.3638,"E Menor;D Maior;A Menor",,0.00,,0.00,81.92,81.92,4,1,"v2;w20;harm;aar;song60;far12;near45;tol0.8;floor0.25;drain0.5;bass0.25"
338175,1790796825216,G Maior,G Maior,0,G Maior,E Menor,0.9053,0.9053,0.8054,0.3996,"E Menor;D Maior;A Menor",,0.00,,0.00,82.40,82.40,4,1,"v2;w20;harm;aar;song60;far12;near45;tol0.8;floor0.25;drain0.5;bass0.25"
338732,1790796825716,G Maior,G Maior,0,G Maior,E Menor,0.9070,0.9070,0.8021,0.4195,"E Menor;D Maior;A Menor",,0.00,,0.00,82.94,82.94,4,1,"v2;w20;harm;aar;song60;far12;near45;tol0.8;floor0.25;drain0.5;bass0.25"
339197,1790796826216,G Maior,G Maior,0,G Maior,E Menor,0.9070,0.9070,0.8020,0.4202,"E Menor;D Maior;A Menor",,0.00,,0.00,83.42,83.42,4,1,"v2;w20;harm;aar;song60;far12;near45;tol0.8;floor0.25;drain0.5;bass0.25"
339661,1790796826716,G Maior,G Maior,0,G Maior,E Menor,0.9071,0.9071,0.8038,0.4130,"E Menor;D Maior;A Menor",,0.00,,0.00,83.88,83.88,4,1,"v2;w20;harm;aar;song60;far12;near45;tol0.8;floor0.25;drain0.5;bass0.25"
340218,1790796827216,G Maior,G Maior,0,G Maior,E Menor,0.9078,0.9078,0.8067,0.4047,"E Menor;D Maior;A Menor",,0.00,,0.00,84.42,84.42,4,1,"v2;w20;harm;aar;song60;far12;near45;tol0.8;floor0.25;drain0.5;bass0.25"
340683,1790796827716,G Maior,G Maior,0,G Maior,E Menor,0.9092,0.9092,0.8076,0.4064,"E Menor;D Maior;A Menor",,0.00,,0.00,84.90,84.90,4,1,"v2;w20;harm;aar;song60;far12;near45;tol0.8;floor0.25;drain0.5;bass0.25"
341240,1790796828216,G Maior,G Maior,0,G Maior,E Menor,0.9100,0.9100,0.8062,0.4153,"E Menor;D Maior;A Menor",,0.00,,0.00,85.44,85.44,4,1,"v2;w20;harm;aar;song60;far12;near45;tol0.8;floor0.25;drain0.5;bass0.25"
341704,1790796828715,G Maior,G Maior,0,G Maior,E Menor,0.9106,0.9106,0.8034,0.4289,"E Menor;D Maior;A Menor",,0.00,,0.00,85.92,85.92,4,1,"v2;w20;harm;aar;song60;far12;near45;tol0.8;floor0.25;drain0.5;bass0.25"
342169,1790796829215,G Maior,G Maior,0,G Maior,E Menor,0.9104,0.9104,0.8007,0.4387,"E Menor;D Maior;A Menor",,0.00,,0.00,86.38,86.38,4,1,"v2;w20;harm;aar;song60;far12;near45;tol0.8;floor0.25;drain0.5;bass0.25"
342726,1790796829716,G Maior,G Maior,0,G Maior,E Menor,0.9122,0.9122,0.7985,0.4549,"E Menor;D Maior;A Menor",,0.00,,0.00,86.94,86.94,4,1,"v2;w20;harm;aar;song60;far12;near45;tol0.8;floor0.25;drain0.5;bass0.25"
343190,1790796830213,G Maior,G Maior,0,G Maior,E Menor,0.9136,0.9136,0.7969,0.4666,"E Menor;D Maior;A Menor",,0.00,,0.00,87.40,87.40,4,1,"v2;w20;harm;aar;song60;far12;near45;tol0.8;floor0.25;drain0.5;bass0.25"
343655,1790796830716,G Maior,G Maior,0,G Maior,E Menor,0.9129,0.9129,0.7945,0.4736,"E Menor;D Maior;A Menor",,0.00,,0.00,87.86,87.86,4,1,"v2;w20;harm;aar;song60;far12;near45;tol0.8;floor0.25;drain0.5;bass0.25"
344212,1790796831215,G Maior,G Maior,0,G Maior,E Menor,0.9105,0.9105,0.7893,0.4848,"E Menor;D Maior;A Menor",,0.00,,0.00,88.42,88.42,4,1,"v2;w20;harm;aar;song60;far12;near45;tol0.8;floor0.25;drain0.5;bass0.25"
344677,1790796831716,G Maior,G Maior,0,G Maior,E Menor,0.9107,0.9107,0.7875,0.4931,"E Menor;D Maior;A Menor",,0.00,,0.00,88.90,88.90,4,1,"v2;w20;harm;aar;song60;far12;near45;tol0.8;floor0.25;drain0.5;bass0.25"
345234,1790796832215,G Maior,G Maior,0,G Maior,E Menor,0.9111,0.9111,0.7846,0.5062,"E Menor;D Maior;A Menor",,0.00,,0.00,89.44,89.44,4,1,"v2;w20;harm;aar;song60;far12;near45;tol0.8;floor0.25;drain0.5;bass0.25"
345698,1790796832716,G Maior,G Maior,0,G Maior,E Menor,0.9099,0.9099,0.7826,0.5089,"E Menor;D Maior;A Menor",,0.00,,0.00,89.92,89.92,4,1,"v2;w20;harm;aar;song60;far12;near45;tol0.8;floor0.25;drain0.5;bass0.25"
346163,1790796833216,G Maior,G Maior,0,G Maior,E Menor,0.9089,0.9089,0.7829,0.5038,"E Menor;D Maior;A Menor",,0.00,,0.00,90.38,90.38,4,1,"v2;w20;harm;aar;song60;far12;near45;tol0.8;floor0.25;drain0.5;bass0.25"
346720,1790796833717,G Maior,G Maior,0,G Maior,E Menor,0.9071,0.9071,0.7843,0.4915,"E Menor;D Maior;A Menor",,0.00,,0.00,90.92,90.92,4,1,"v2;w20;harm;aar;song60;far12;near45;tol0.8;floor0.25;drain0.5;bass0.25"
347184,1790796834216,G Maior,G Maior,0,G Maior,E Menor,0.9048,0.9048,0.7844,0.4819,"E Menor;D Maior;A Menor",,0.00,,0.00,91.40,91.40,4,1,"v2;w20;harm;aar;song60;far12;near45;tol0.8;floor0.25;drain0.5;bass0.25"
347742,1790796834716,G Maior,G Maior,0,G Maior,E Menor,0.9017,0.9017,0.7845,0.4690,"E Menor;D Maior;A Menor",,0.00,,0.00,91.94,91.94,4,1,"v2;w20;harm;aar;song60;far12;near45;tol0.8;floor0.25;drain0.5;bass0.25"
348206,1790796835216,G Maior,G Maior,0,G Maior,E Menor,0.9005,0.9005,0.7851,0.4615,"E Menor;D Maior;A Menor",,0.00,,0.00,92.42,92.42,4,1,"v2;w20;harm;aar;song60;far12;near45;tol0.8;floor0.25;drain0.5;bass0.25"
348670,1790796835716,G Maior,G Maior,0,G Maior,E Menor,0.8981,0.8981,0.7845,0.4544,"E Menor;D Maior;A Menor",,0.00,,0.00,92.88,92.88,4,1,"v2;w20;harm;aar;song60;far12;near45;tol0.8;floor0.25;drain0.5;bass0.25"
349228,1790796836216,G Maior,G Maior,0,G Maior,E Menor,0.8946,0.8946,0.7827,0.4476,"E Menor;D Maior;A Menor",,0.00,,0.00,93.44,93.44,4,1,"v2;w20;harm;aar;song60;far12;near45;tol0.8;floor0.25;drain0.5;bass0.25"
349692,1790796836716,G Maior,G Maior,0,G Maior,E Menor,0.8911,0.8911,0.7804,0.4429,"E Menor;D Maior;A Menor",,0.00,,0.00,93.90,93.90,4,1,"v2;w20;harm;aar;song60;far12;near45;tol0.8;floor0.25;drain0.5;bass0.25"
350156,1790796837216,G Maior,G Maior,0,G Maior,E Menor,0.8873,0.8873,0.7777,0.4384,"E Menor;D Maior;A Menor",,0.00,,0.00,94.36,94.36,4,1,"v2;w20;harm;aar;song60;far12;near45;tol0.8;floor0.25;drain0.5;bass0.25"
350714,1790796837716,G Maior,G Maior,0,G Maior,E Menor,0.8843,0.8843,0.7762,0.4322,"E Menor;D Maior;A Menor",,0.00,,0.00,94.95,94.95,4,1,"v2;w20;harm;aar;song60;far12;near45;tol0.8;floor0.25;drain0.5;bass0.25"
351178,1790796838216,G Maior,G Maior,0,G Maior,E Menor,0.8819,0.8819,0.7751,0.4273,"E Menor;D Maior;A Menor",,0.00,,0.00,95.40,95.40,4,1,"v2;w20;harm;aar;song60;far12;near45;tol0.8;floor0.25;drain0.5;bass0.25"
351735,1790796838716,G Maior,G Maior,0,G Maior,E Menor,0.8814,0.8814,0.7765,0.4195,"E Menor;D Maior;A Menor",,0.00,,0.00,95.94,95.94,4,1,"v2;w20;harm;aar;song60;far12;near45;tol0.8;floor0.25;drain0.5;bass0.25"
352200,1790796839216,G Maior,G Maior,0,G Maior,E Menor,0.8800,0.8800,0.7755,0.4178,"E Menor;D Maior;A Menor",,0.00,,0.00,96.42,96.42,4,1,"v2;w20;harm;aar;song60;far12;near45;tol0.8;floor0.25;drain0.5;bass0.25"
352664,1790796839716,G Maior,G Maior,0,G Maior,E Menor,0.8806,0.8806,0.7764,0.4168,"E Menor;D Maior;A Menor",,0.00,,0.00,96.88,96.88,4,1,"v2;w20;harm;aar;song60;far12;near45;tol0.8;floor0.25;drain0.5;bass0.25"
352943,1790796840216,G Maior,G Maior,0,G Maior,E Menor,0.8790,0.8790,0.7749,0.4163,"E Menor;D Maior;A Menor",,0.00,,0.00,97.14,97.14,4,1,"v2;w20;harm;aar;song60;far12;near45;tol0.8;floor0.25;drain0.5;bass0.25"
352943,1790796840715,G Maior,G Maior,0,G Maior,E Menor,0.8790,0.8790,0.7749,0.4163,"E Menor;D Maior;A Menor",,0.00,,0.00,97.14,97.14,4,1,"v2;w20;harm;aar;song60;far12;near45;tol0.8;floor0.25;drain0.5;bass0.25"
352943,1790796841215,G Maior,G Maior,0,G Maior,E Menor,0.8790,0.8790,0.7749,0.4163,"E Menor;D Maior;A Menor",,0.00,,0.00,97.14,97.14,4,1,"v2;w20;harm;aar;song60;far12;near45;tol0.8;floor0.25;drain0.5;bass0.25"
352943,1790796841714,G Maior,G Maior,0,G Maior,E Menor,0.8790,0.8790,0.7749,0.4163,"E Menor;D Maior;A Menor",,0.00,,0.00,97.14,97.14,4,1,"v2;w20;harm;aar;song60;far12;near45;tol0.8;floor0.25;drain0.5;bass0.25"
