t_audio_ms,t_wall_ms,c0,c1,c2,c3,c4,c5,c6,c7,c8,c9,c10,c11,r0,r1,r2,r3,r4,r5,r6,r7,r8,r9,r10,r11,level_db,tonal,bass_pc,bass_prob,bass_hz,bass_prob_raw,bass_pitched
0,1790795430072,0.00638,0.19359,0.08556,0.02152,0.06319,0.02778,0.04396,0.02246,0.00602,0.41829,0.10974,0.00151,0.00192,0.23122,0.00612,0.00102,0.07546,0.03308,0.00684,0.02569,0.00701,0.48625,0.12494,0.00045,-62.90,5.019,10,0.9724,113.58,0.9724,1
185,1790795430149,0.01209,0.01196,0.09224,0.04891,0.02880,0.03421,0.04767,0.01652,0.03041,0.42174,0.24532,0.01012,0.00645,0.01187,0.01166,0.00190,0.03428,0.03971,0.05477,0.01748,0.03593,0.49869,0.28608,0.00118,-64.33,5.061,-1,0.0000,-1.00,0.0000,0
278,1790795430251,0.01985,0.04081,0.10027,0.01917,0.04128,0.03689,0.11592,0.05594,0.05115,0.45641,0.03049,0.03184,0.01089,0.03743,0.01357,0.01739,0.04679,0.04229,0.13077,0.06505,0.05784,0.53761,0.02815,0.01223,-68.73,5.477,-1,0.0000,-1.00,0.0000,0
1486,1790795431472,0.02929,0.03068,0.16199,0.03102,0.05179,0.01086,0.13873,0.03942,0.02028,0.27964,0.12819,0.07811,0.03080,0.03227,0.12960,0.00699,0.04979,0.00691,0.15983,0.02154,0.02274,0.32538,0.15224,0.06191,-69.28,3.356,-1,0.0000,-1.00,0.0000,0
1578,1790795431552,0.01635,0.00358,0.20950,0.07116,0.02111,0.16711,0.00324,0.08531,0.01242,0.02333,0.37962,0.00728,0.00899,0.00145,0.24642,0.00290,0.02370,0.19845,0.00347,0.05349,0.01431,0.02326,0.41553,0.00803,-66.00,4.555,-1,0.0000,-1.00,0.0000,0
1671,1790795431632,0.00403,0.00061,0.01276,0.14920,0.00149,0.03360,0.01875,0.00993,0.00337,0.00212,0.75707,0.00707,0.00330,0.00000,0.01481,0.00051,0.00104,0.03961,0.02229,0.00914,0.00388,0.00239,0.89930,0.00373,-65.85,9.085,10,0.9547,116.83,0.9547,1
1764,1790795431731,0.00102,0.00130,0.00382,0.14339,0.00250,0.07456,0.02501,0.00161,0.00204,0.00076,0.73809,0.00590,0.00102,0.00107,0.00451,0.00000,0.00277,0.08914,0.02976,0.00104,0.00244,0.00036,0.86673,0.00117,-65.62,8.857,10,0.9840,118.04,0.9840,1
1857,1790795431812,0.04156,0.00120,0.14887,0.03316,0.02824,0.00878,0.00445,0.00631,0.01200,0.70920,0.00393,0.00229,0.04877,0.00012,0.01123,0.03883,0.03351,0.00085,0.00531,0.00533,0.00668,0.84315,0.00454,0.00167,-65.19,8.510,10,0.9781,114.38,0.9781,1
1950,1790795431912,0.68510,0.00589,0.00731,0.09024,0.00159,0.13652,0.00281,0.00486,0.03910,0.01179,0.01293,0.00186,0.81998,0.00190,0.00602,0.10510,0.00157,0.00103,0.00293,0.00470,0.02601,0.01382,0.01529,0.00164,-65.33,8.221,-1,0.0000,-1.00,0.0000,0
2043,1790795432011,0.34166,0.11214,0.06234,0.04296,0.05892,0.07377,0.05236,0.02144,0.05503,0.13693,0.02511,0.01733,0.40605,0.12316,0.04479,0.04583,0.06795,0.00794,0.03833,0.01681,0.05658,0.15088,0.02852,0.01317,-67.90,4.100,-1,0.0000,-1.00,0.0000,0
6965,1790795436949,0.05428,0.05344,0.10049,0.03449,0.08238,0.02484,0.05541,0.08851,0.11794,0.14439,0.11124,0.13258,0.04559,0.03664,0.08883,0.01572,0.06916,0.02073,0.04947,0.09811,0.13821,0.15930,0.12918,0.14906,-69.58,1.733,-1,0.0000,-1.00,0.0000,0
7058,1790795437011,0.03750,0.04056,0.08611,0.05387,0.08499,0.02846,0.06603,0.05252,0.07387,0.18984,0.09990,0.18634,0.03254,0.03410,0.06015,0.04194,0.05934,0.02850,0.06655,0.05682,0.07882,0.21710,0.11406,0.21009,-67.77,2.278,11,0.9506,120.40,0.9506,1
7151,1790795437112,0.04447,0.03302,0.07396,0.04573,0.13753,0.02401,0.03247,0.06007,0.06518,0.16490,0.13245,0.18621,0.04063,0.02538,0.05421,0.02415,0.12185,0.02072,0.03284,0.06227,0.07315,0.17360,0.15460,0.21661,-65.51,2.234,-1,0.0000,-1.00,0.0000,0
7244,1790795437212,0.03788,0.02272,0.18701,0.02970,0.12016,0.02532,0.05758,0.07484,0.05301,0.17145,0.09155,0.12878,0.03482,0.01521,0.18792,0.01476,0.11595,0.02344,0.06507,0.05333,0.06059,0.18245,0.10505,0.14141,-62.91,2.244,-1,0.0000,-1.00,0.0000,0
7337,1790795437292,0.03138,0.01617,0.19229,0.02702,0.04138,0.01637,0.07354,0.10174,0.02732,0.33380,0.07375,0.06525,0.01914,0.01349,0.15259,0.01548,0.03739,0.01582,0.08400,0.09310,0.02966,0.39256,0.08524,0.06153,-61.08,4.006,-1,0.0000,-1.00,0.0000,0
7430,1790795437391,0.18592,0.01453,0.23779,0.01047,0.02866,0.07865,0.01894,0.08581,0.02821,0.26650,0.02460,0.01992,0.21115,0.01106,0.22282,0.00876,0.03042,0.05238,0.02051,0.05865,0.03206,0.31330,0.01910,0.01980,-59.77,3.198,-1,0.0000,-1.00,0.0000,0
7523,1790795437471,0.09302,0.02411,0.27823,0.00500,0.02225,0.04302,0.02131,0.05660,0.01296,0.40758,0.01868,0.01723,0.10722,0.02605,0.23744,0.00275,0.02335,0.03030,0.02010,0.02102,0.01474,0.48400,0.01638,0.01666,-59.13,4.891,-1,0.0000,-1.00,0.0000,0
7616,1790795437592,0.02482,0.01277,0.32034,0.00630,0.01581,0.01806,0.03444,0.05680,0.01804,0.46317,0.01419,0.01525,0.02714,0.01123,0.27449,0.00481,0.01689,0.01626,0.03905,0.01365,0.02067,0.55164,0.01378,0.01040,-59.53,5.558,-1,0.0000,-1.00,0.0000,0
7709,1790795437672,0.02400,0.00929,0.29759,0.00422,0.00833,0.02883,0.02448,0.04520,0.00740,0.52114,0.01907,0.01045,0.02714,0.00944,0.23313,0.00167,0.00857,0.02916,0.02726,0.00815,0.00854,0.62276,0.01707,0.00712,-59.84,6.254,-1,0.0000,-1.00,0.0000,0
7801,1790795437769,0.01670,0.01865,0.30541,0.00510,0.02614,0.06859,0.02994,0.05538,0.01528,0.41681,0.02615,0.01584,0.01694,0.01911,0.26806,0.00300,0.02878,0.07883,0.03116,0.01415,0.01763,0.49382,0.01571,0.01280,-59.12,5.002,-1,0.0000,-1.00,0.0000,0
7894,1790795437869,0.01656,0.01268,0.44534,0.01476,0.01489,0.05995,0.02411,0.08502,0.01030,0.26683,0.03508,0.01447,0.01784,0.01355,0.47082,0.01205,0.01530,0.06843,0.02620,0.00854,0.00984,0.31681,0.02846,0.01215,-58.82,5.344,-1,0.0000,-1.00,0.0000,0
7987,1790795437951,0.01185,0.00560,0.50103,0.00426,0.00604,0.05077,0.01315,0.09708,0.00427,0.27764,0.02111,0.00721,0.01215,0.00579,0.53464,0.00238,0.00609,0.05842,0.01461,0.01034,0.00465,0.33148,0.01372,0.00574,-58.83,6.012,-1,0.0000,-1.00,0.0000,0
8080,1790795438052,0.00806,0.00410,0.53298,0.00306,0.00876,0.04159,0.01210,0.10306,0.00361,0.25584,0.01791,0.00892,0.00782,0.00416,0.57821,0.00131,0.00891,0.04828,0.01353,0.00902,0.00404,0.30482,0.01189,0.00801,-59.00,6.396,-1,0.0000,-1.00,0.0000,0
8173,1790795438130,0.00514,0.00376,0.50761,0.00286,0.00682,0.03294,0.01105,0.09220,0.00332,0.30933,0.01791,0.00705,0.00520,0.00383,0.53503,0.00068,0.00699,0.03844,0.01248,0.00442,0.00383,0.36929,0.01383,0.00598,-59.27,6.091,-1,0.0000,-1.00,0.0000,0
8266,1790795438230,0.01073,0.00596,0.52146,0.00393,0.00914,0.04038,0.00772,0.10330,0.00783,0.25456,0.02299,0.01200,0.01008,0.00578,0.56467,0.00106,0.00843,0.04639,0.00810,0.01183,0.00907,0.30346,0.01836,0.01277,-59.66,6.257,-1,0.0000,-1.00,0.0000,0
8359,1790795438311,0.10057,0.00319,0.23641,0.00450,0.01533,0.07312,0.00853,0.33176,0.00635,0.17377,0.02324,0.02323,0.05123,0.00243,0.24250,0.00294,0.01269,0.07800,0.00974,0.34946,0.00702,0.20570,0.01239,0.02590,-59.95,3.981,-1,0.0000,-1.00,0.0000,0
8452,1790795438411,0.10788,0.00524,0.31010,0.00715,0.01227,0.08945,0.00877,0.24551,0.00469,0.14013,0.04151,0.02729,0.08426,0.00526,0.33862,0.00226,0.00860,0.09048,0.00947,0.22705,0.00518,0.16621,0.03181,0.03082,-60.28,3.721,-1,0.0000,-1.00,0.0000,0
8544,1790795438512,0.12359,0.00676,0.34924,0.00864,0.01866,0.13860,0.00550,0.16161,0.01116,0.09960,0.05571,0.02094,0.12547,0.00559,0.39544,0.00270,0.01673,0.14211,0.00548,0.11526,0.01268,0.11618,0.03858,0.02378,-61.07,4.191,-1,0.0000,-1.00,0.0000,0
8637,1790795438591,0.15123,0.00216,0.26176,0.00523,0.00679,0.08305,0.00689,0.28159,0.00581,0.15335,0.03028,0.01187,0.12503,0.00145,0.27745,0.00201,0.00562,0.07472,0.00785,0.28254,0.00656,0.18263,0.02147,0.01267,-61.25,3.379,-1,0.0000,-1.00,0.0000,0
8730,1790795438692,0.09764,0.00356,0.26984,0.00698,0.01432,0.07780,0.00959,0.22369,0.00853,0.23487,0.03675,0.01642,0.07440,0.00235,0.26808,0.00272,0.01370,0.07848,0.01102,0.21489,0.00968,0.27872,0.02848,0.01749,-61.26,3.238,-1,0.0000,-1.00,0.0000,0
8823,1790795438773,0.04777,0.00350,0.26635,0.00612,0.01029,0.02672,0.00880,0.09375,0.00837,0.47960,0.02357,0.02516,0.04277,0.00249,0.20548,0.00267,0.00661,0.02366,0.00957,0.07209,0.00951,0.57337,0.02355,0.02825,-60.91,5.755,-1,0.0000,-1.00,0.0000,0
8916,1790795438893,0.05498,0.00373,0.21629,0.00331,0.01362,0.03496,0.00653,0.14328,0.00552,0.48559,0.01752,0.01468,0.03751,0.00320,0.14434,0.00116,0.01307,0.03450,0.00719,0.14307,0.00638,0.57926,0.01415,0.01616,-61.20,5.827,-1,0.0000,-1.00,0.0000,0
9009,1790795438972,0.03900,0.00300,0.18378,0.00659,0.01035,0.02814,0.00554,0.13565,0.00666,0.53691,0.03189,0.01249,0.01805,0.00218,0.09306,0.00150,0.00968,0.03015,0.00621,0.14409,0.00769,0.64143,0.03223,0.01373,-62.00,6.443,-1,0.0000,-1.00,0.0000,0
9102,1790795439072,0.02393,0.00498,0.23078,0.00706,0.01132,0.02430,0.00621,0.06893,0.01175,0.56674,0.02789,0.01610,0.01790,0.00329,0.14230,0.00285,0.01001,0.02557,0.00679,0.05438,0.01352,0.67711,0.02835,0.01795,-62.44,6.801,-1,0.0000,-1.00,0.0000,0
9195,1790795439172,0.01562,0.00304,0.23242,0.00575,0.01304,0.01533,0.01559,0.05845,0.00646,0.58658,0.02049,0.02722,0.01025,0.00225,0.13955,0.00267,0.00984,0.01637,0.01809,0.04252,0.00722,0.70091,0.02131,0.02903,-62.50,7.039,-1,0.0000,-1.00,0.0000,0
9287,1790795439252,0.01693,0.00331,0.39268,0.01051,0.01548,0.03028,0.01050,0.09333,0.00860,0.36863,0.02945,0.02032,0.01316,0.00224,0.38348,0.00694,0.01389,0.03398,0.01214,0.03582,0.00881,0.43907,0.02855,0.02194,-62.52,4.712,-1,0.0000,-1.00,0.0000,0
9380,1790795439352,0.01288,0.00446,0.52491,0.00740,0.00934,0.02193,0.02151,0.11686,0.00570,0.23197,0.02790,0.01514,0.01021,0.00414,0.57420,0.00319,0.00857,0.02425,0.02496,0.02620,0.00620,0.27626,0.02862,0.01320,-63.01,6.299,-1,0.0000,-1.00,0.0000,0
9473,1790795439431,0.01730,0.00361,0.49483,0.00920,0.00797,0.01386,0.01538,0.12782,0.00956,0.24104,0.03986,0.01956,0.01129,0.00249,0.53589,0.00213,0.00565,0.01437,0.01794,0.04693,0.01100,0.28773,0.04491,0.01967,-63.62,5.938,-1,0.0000,-1.00,0.0000,0
9566,1790795439530,0.01306,0.01483,0.49309,0.00682,0.01852,0.00677,0.00995,0.11179,0.00983,0.24920,0.01479,0.05136,0.01000,0.01563,0.53204,0.00491,0.01013,0.00633,0.00882,0.02848,0.01080,0.29661,0.01647,0.05980,-62.97,5.917,-1,0.0000,-1.00,0.0000,0
9659,1790795439613,0.00688,0.32818,0.41557,0.00559,0.00375,0.00376,0.06984,0.09024,0.00416,0.05292,0.01241,0.00672,0.00586,0.39243,0.48548,0.00388,0.00305,0.00342,0.00589,0.01188,0.00415,0.06287,0.01419,0.00688,-59.42,4.987,-1,0.0000,-1.00,0.0000,0
9752,1790795439740,0.00645,0.01213,0.15552,0.30446,0.28054,0.00300,0.00626,0.04267,0.06567,0.08540,0.01364,0.02427,0.00466,0.01317,0.17903,0.36168,0.33058,0.00268,0.00489,0.01563,0.00688,0.03691,0.01581,0.02809,-58.78,3.653,-1,0.0000,-1.00,0.0000,0
9845,1790795439813,0.02162,0.00348,0.12445,0.01671,0.00254,0.61646,0.00491,0.03480,0.00666,0.03762,0.12577,0.00496,0.02316,0.00334,0.14027,0.01901,0.00194,0.73420,0.00522,0.01389,0.00421,0.04469,0.00516,0.00491,-60.79,7.398,-1,0.0000,-1.00,0.0000,0
9938,1790795439891,0.01605,0.00110,0.14625,0.00354,0.00298,0.59190,0.00230,0.04466,0.00231,0.05791,0.12402,0.00699,0.01525,0.00087,0.16156,0.00253,0.00207,0.70622,0.00257,0.02151,0.00223,0.06901,0.00860,0.00759,-61.71,7.103,-1,0.0000,-1.00,0.0000,0
10031,1790795439992,0.01154,0.00158,0.11151,0.00275,0.00225,0.64725,0.00282,0.02580,0.00301,0.05130,0.13388,0.00630,0.01242,0.00130,0.12148,0.00187,0.00132,0.77310,0.00303,0.00692,0.00323,0.06121,0.00717,0.00695,-61.50,7.767,-1,0.0000,-1.00,0.0000,0
10123,1790795440072,0.01669,0.00150,0.06610,0.00179,0.00190,0.70850,0.00371,0.02293,0.00154,0.02540,0.14475,0.00520,0.01743,0.00147,0.07321,0.00099,0.00117,0.84553,0.00415,0.01296,0.00165,0.03021,0.00582,0.00541,-61.17,8.502,-1,0.0000,-1.00,0.0000,0
10216,1790795440192,0.01645,0.00094,0.04253,0.00331,0.00147,0.74444,0.00215,0.01417,0.00212,0.01885,0.15035,0.00324,0.01823,0.00075,0.04653,0.00317,0.00110,0.88840,0.00242,0.00775,0.00191,0.02236,0.00403,0.00334,-60.43,8.933,-1,0.0000,-1.00,0.0000,0
10309,1790795440271,0.00660,0.00075,0.04451,0.00108,0.00141,0.75145,0.00174,0.01113,0.00115,0.02657,0.15142,0.00218,0.00712,0.00065,0.04707,0.00066,0.00125,0.89900,0.00196,0.00401,0.00125,0.03159,0.00322,0.00222,-59.99,9.017,-1,0.0000,-1.00,0.0000,0
10402,1790795440371,0.01634,0.00134,0.06062,0.00110,0.00925,0.71445,0.00090,0.01597,0.00376,0.02113,0.14388,0.01124,0.01844,0.00076,0.06795,0.00065,0.00845,0.85243,0.00093,0.00566,0.00437,0.02365,0.00342,0.01329,-60.07,8.573,-1,0.0000,-1.00,0.0000,0
10495,1790795440470,0.00767,0.00347,0.03709,0.00210,0.63315,0.07213,0.00385,0.01276,0.01028,0.13103,0.01658,0.06989,0.00802,0.00181,0.04247,0.00192,0.74227,0.08483,0.00425,0.00687,0.01185,0.00995,0.00304,0.08272,-59.88,7.598,-1,0.0000,-1.00,0.0000,0
10588,1790795440552,0.00383,0.00132,0.70968,0.01074,0.07234,0.00501,0.00508,0.14657,0.00452,0.03064,0.00248,0.00779,0.00302,0.00105,0.84640,0.01250,0.08506,0.00540,0.00588,0.00783,0.00282,0.01997,0.00190,0.00816,-56.25,8.516,-1,0.0000,-1.00,0.0000,0
10681,1790795440652,0.00373,0.00176,0.79187,0.00193,0.00468,0.01020,0.00570,0.15883,0.00054,0.01651,0.00241,0.00183,0.00389,0.00206,0.94514,0.00220,0.00543,0.01145,0.00642,0.00296,0.00022,0.01871,0.00062,0.00092,-54.95,9.502,-1,0.0000,291.10,0.9600,1
10774,1790795440738,0.00823,0.00639,0.74703,0.02048,0.00758,0.01458,0.00734,0.14984,0.00447,0.02762,0.00347,0.00298,0.00915,0.00759,0.88890,0.02434,0.00865,0.01566,0.00726,0.00335,0.00053,0.03138,0.00105,0.00214,-56.15,8.964,-1,0.0000,294.97,0.9538,1
10866,1790795440830,0.01611,0.01495,0.06937,0.45972,0.16807,0.03554,0.01926,0.01564,0.09402,0.09107,0.00903,0.00721,0.01807,0.01745,0.06937,0.55024,0.20044,0.03900,0.01951,0.00510,0.00359,0.06939,0.00309,0.00475,-57.76,5.517,-1,0.0000,-1.00,0.0000,0
10959,1790795440911,0.01056,0.01123,0.15222,0.01401,0.56170,0.02808,0.01354,0.03345,0.00524,0.15181,0.00711,0.01105,0.01150,0.01285,0.17270,0.01633,0.67096,0.03136,0.01368,0.00585,0.00305,0.04889,0.00230,0.01053,-58.90,6.740,-1,0.0000,-1.00,0.0000,0
11052,1790795441011,0.01214,0.00691,0.73036,0.00213,0.02084,0.03066,0.08824,0.06284,0.00336,0.03238,0.00696,0.00318,0.01398,0.00761,0.86840,0.00223,0.02440,0.03396,0.00461,0.00276,0.00350,0.03404,0.00161,0.00290,-56.36,8.764,-1,0.0000,-1.00,0.0000,0
11145,1790795441112,0.00599,0.04255,0.69581,0.00517,0.00173,0.04848,0.01466,0.14194,0.00579,0.02218,0.01240,0.00331,0.00574,0.05007,0.82853,0.00549,0.00158,0.05695,0.00747,0.00600,0.00583,0.02629,0.00356,0.00249,-55.85,8.350,-1,0.0000,291.78,0.9538,1
11238,1790795441192,0.00448,0.00206,0.62269,0.02074,0.00377,0.08420,0.00700,0.12503,0.01137,0.08132,0.03308,0.00427,0.00438,0.00060,0.72695,0.02092,0.00382,0.10006,0.00827,0.00570,0.00940,0.09676,0.01980,0.00333,-57.32,7.472,-1,0.0000,-1.00,0.0000,0
11331,1790795441292,0.00317,0.00790,0.75476,0.00813,0.00454,0.02851,0.00202,0.15033,0.00225,0.02130,0.01591,0.00118,0.00360,0.00923,0.89952,0.00728,0.00522,0.03344,0.00059,0.00181,0.00123,0.02452,0.01243,0.00114,-56.14,9.057,-1,0.0000,-1.00,0.0000,0
11424,1790795441371,0.00248,0.54680,0.21484,0.00346,0.00289,0.01971,0.10945,0.04271,0.00271,0.03498,0.01862,0.00135,0.00272,0.65458,0.24925,0.00063,0.00322,0.02308,0.00118,0.00197,0.00312,0.04127,0.01773,0.00125,-55.96,6.562,-1,0.0000,-1.00,0.0000,0
11517,1790795441493,0.00161,0.00029,0.72933,0.00738,0.00204,0.01116,0.03021,0.11472,0.00142,0.07824,0.02243,0.00117,0.00160,0.00017,0.85542,0.00403,0.00226,0.01305,0.00086,0.00320,0.00090,0.09330,0.02429,0.00092,-58.04,8.752,-1,0.0000,-1.00,0.0000,0
11609,1790795441573,0.01772,0.00094,0.70835,0.00429,0.00260,0.01726,0.05650,0.08946,0.00314,0.07904,0.01491,0.00580,0.02103,0.00050,0.83005,0.00225,0.00210,0.01651,0.00923,0.00100,0.00315,0.09446,0.01459,0.00512,-57.54,8.500,-1,0.0000,-1.00,0.0000,0
11702,1790795441672,0.02624,0.46182,0.24493,0.00457,0.00293,0.02652,0.09413,0.04661,0.00166,0.06655,0.01832,0.00573,0.03128,0.55308,0.27774,0.00213,0.00225,0.02561,0.00315,0.00080,0.00146,0.07941,0.01687,0.00624,-57.48,5.542,-1,0.0000,-1.00,0.0000,0
11795,1790795441771,0.02528,0.00217,0.47451,0.16444,0.00255,0.06367,0.00309,0.09162,0.03320,0.09883,0.03231,0.00834,0.02995,0.00227,0.54514,0.19213,0.00121,0.07035,0.00325,0.00171,0.00170,0.11818,0.02477,0.00935,-58.67,5.694,-1,0.0000,-1.00,0.0000,0
11888,1790795441852,0.01518,0.39156,0.27600,0.00423,0.00214,0.05446,0.07858,0.05087,0.00243,0.10198,0.01921,0.00336,0.01817,0.46872,0.30656,0.00293,0.00182,0.06165,0.00124,0.00018,0.00229,0.12188,0.01079,0.00377,-58.67,4.699,-1,0.0000,-1.00,0.0000,0
11981,1790795441952,0.02235,0.00110,0.60193,0.00704,0.00599,0.07483,0.04413,0.07350,0.00141,0.12583,0.03962,0.00227,0.02668,0.00112,0.69163,0.00234,0.00676,0.08438,0.00332,0.00029,0.00123,0.14944,0.03074,0.00206,-60.09,7.223,-1,0.0000,-1.00,0.0000,0
12074,1790795442031,0.02758,0.00085,0.60779,0.00612,0.00221,0.08218,0.04294,0.15184,0.00273,0.03492,0.03691,0.00392,0.01601,0.00054,0.72001,0.00231,0.00189,0.09531,0.00394,0.08662,0.00260,0.04168,0.02534,0.00376,-59.20,7.293,-1,0.0000,-1.00,0.0000,0
12167,1790795442132,0.05150,0.38188,0.12841,0.00579,0.00312,0.08216,0.07896,0.20888,0.00156,0.01008,0.03869,0.00898,0.01801,0.45729,0.15152,0.00147,0.00175,0.09487,0.00376,0.22046,0.00146,0.01185,0.02755,0.01001,-58.06,4.583,-1,0.0000,-1.00,0.0000,0
12260,1790795442238,0.01638,0.00056,0.74054,0.00739,0.00156,0.03473,0.00204,0.15970,0.00202,0.01055,0.02194,0.00257,0.01650,0.00042,0.88486,0.00515,0.00136,0.03835,0.00222,0.01609,0.00124,0.01254,0.01869,0.00258,-57.26,8.887,-1,0.0000,-1.00,0.0000,0
12353,1790795442312,0.01454,0.49617,0.20170,0.00536,0.00143,0.03485,0.10023,0.09940,0.00190,0.01004,0.03270,0.00167,0.00319,0.59412,0.23933,0.00027,0.00140,0.04113,0.00216,0.07181,0.00211,0.01186,0.03103,0.00158,-57.28,5.954,-1,0.0000,-1.00,0.0000,0
12445,1790795442412,0.04908,0.00114,0.42516,0.09032,0.00227,0.06670,0.00318,0.24735,0.01727,0.01713,0.07784,0.00257,0.01992,0.00096,0.50542,0.09272,0.00225,0.07597,0.00362,0.19619,0.00205,0.02034,0.07821,0.00236,-58.76,5.102,-1,0.0000,-1.00,0.0000,0
12538,1790795442492,0.02328,0.00427,0.70063,0.00487,0.00479,0.02116,0.08829,0.10086,0.00538,0.01632,0.02559,0.00455,0.01701,0.00389,0.83581,0.00063,0.00487,0.02199,0.00527,0.05492,0.00618,0.01874,0.02630,0.00440,-58.64,8.408,-1,0.0000,-1.00,0.0000,0
12631,1790795442592,0.05624,0.00177,0.36211,0.00870,0.00729,0.08207,0.00342,0.15764,0.00610,0.25555,0.05554,0.00357,0.04457,0.00080,0.37345,0.00074,0.00804,0.08951,0.00391,0.11489,0.00686,0.30492,0.04881,0.00351,-58.89,4.345,-1,0.0000,-1.00,0.0000,0
12724,1790795442692,0.03631,0.00160,0.56770,0.00271,0.00487,0.04118,0.03262,0.16115,0.00209,0.12606,0.02084,0.00287,0.02372,0.00146,0.65046,0.00005,0.00528,0.04464,0.00305,0.09989,0.00231,0.15019,0.01612,0.00282,-59.86,6.812,-1,0.0000,-1.00,0.0000,0
12817,1790795442792,0.03965,0.28077,0.07050,0.12750,0.00468,0.04380,0.05647,0.05046,0.02761,0.27540,0.02127,0.00189,0.03627,0.33576,0.01924,0.14951,0.00515,0.04535,0.00109,0.05667,0.00334,0.32908,0.01650,0.00204,-60.79,3.369,-1,0.0000,-1.00,0.0000,0
12910,1790795442872,0.05332,0.00401,0.07381,0.39955,0.00360,0.05011,0.00181,0.03354,0.08068,0.26844,0.02795,0.00318,0.05689,0.00431,0.02478,0.47404,0.00361,0.04877,0.00131,0.03527,0.00254,0.32110,0.02382,0.00355,-61.10,4.795,-1,0.0000,-1.00,0.0000,0
13003,1790795442971,0.03537,0.20771,0.38639,0.00385,0.00540,0.04265,0.04344,0.09891,0.00315,0.14420,0.02620,0.00272,0.03575,0.24817,0.42894,0.00012,0.00593,0.04404,0.00286,0.03348,0.00359,0.17177,0.02266,0.00270,-60.85,4.637,-1,0.0000,-1.00,0.0000,0
13096,1790795443071,0.08254,0.00099,0.52011,0.00575,0.00424,0.05878,0.00692,0.11537,0.00284,0.16411,0.03525,0.00312,0.09445,0.00059,0.58439,0.00055,0.00467,0.05170,0.00817,0.02239,0.00320,0.19581,0.03199,0.00209,-61.91,6.241,-1,0.0000,-1.00,0.0000,0
13188,1790795443152,0.07826,0.00171,0.56954,0.00401,0.00298,0.04603,0.00377,0.17534,0.00264,0.09097,0.02209,0.00267,0.07806,0.00152,0.66094,0.00112,0.00311,0.03968,0.00420,0.07908,0.00282,0.10851,0.01860,0.00237,-62.27,6.834,-1,0.0000,-1.00,0.0000,0
13281,1790795443252,0.05660,0.28713,0.23308,0.01552,0.00235,0.03950,0.06261,0.10152,0.00467,0.15388,0.04017,0.00296,0.05295,0.34368,0.24280,0.01050,0.00238,0.03684,0.00689,0.07352,0.00337,0.18407,0.04083,0.00219,-62.60,3.446,-1,0.0000,-1.00,0.0000,0
13374,1790795443332,0.08218,0.00076,0.39859,0.03802,0.00597,0.06661,0.00199,0.14676,0.00814,0.17137,0.07688,0.00273,0.08077,0.00023,0.43710,0.02980,0.00659,0.06380,0.00234,0.08920,0.00354,0.20434,0.07947,0.00280,-64.00,4.783,-1,0.0000,-1.00,0.0000,0
13467,1790795443432,0.07296,0.00080,0.38049,0.02659,0.00493,0.09955,0.00394,0.15769,0.00508,0.14683,0.09843,0.00271,0.06654,0.00029,0.42121,0.01265,0.00545,0.10609,0.00466,0.10544,0.00336,0.17508,0.09691,0.00230,-64.57,4.566,-1,0.0000,-1.00,0.0000,0
13560,1790795443512,0.08734,0.00089,0.39930,0.04677,0.01033,0.12467,0.00842,0.13516,0.00955,0.07823,0.09083,0.00850,0.09068,0.00048,0.46017,0.03964,0.01076,0.13141,0.00995,0.07079,0.00295,0.09224,0.08278,0.00816,-64.94,4.792,-1,0.0000,-1.00,0.0000,0
13653,1790795443612,0.08193,0.00262,0.37442,0.02004,0.01100,0.12474,0.00559,0.16231,0.00537,0.12786,0.07475,0.00936,0.07602,0.00248,0.41859,0.01154,0.01120,0.13440,0.00612,0.11159,0.00349,0.15165,0.06292,0.01000,-64.96,4.493,-1,0.0000,-1.00,0.0000,0
13746,1790795443739,0.04875,0.00108,0.42431,0.01155,0.00839,0.12980,0.00452,0.11394,0.00316,0.17706,0.07062,0.00682,0.04967,0.00082,0.46655,0.00279,0.00863,0.14569,0.00518,0.04411,0.00240,0.21128,0.05574,0.00714,-64.82,5.092,-1,0.0000,-1.00,0.0000,0
13839,1790795443790,0.03666,0.00043,0.47013,0.01760,0.00855,0.08681,0.00354,0.14761,0.00211,0.11899,0.10059,0.00697,0.02997,0.00025,0.53521,0.00105,0.00876,0.09809,0.00420,0.07078,0.00132,0.14183,0.10109,0.00745,-64.64,5.642,-1,0.0000,-1.00,0.0000,0
13931,1790795443892,0.02881,0.00426,0.45274,0.02307,0.00921,0.09067,0.00746,0.12421,0.00370,0.11977,0.12760,0.00849,0.02523,0.00452,0.51416,0.00140,0.00934,0.10365,0.00805,0.04691,0.00295,0.14288,0.13235,0.00858,-64.40,5.433,-1,0.0000,-1.00,0.0000,0
14024,1790795443992,0.03085,0.00351,0.16435,0.02138,0.00921,0.48370,0.01051,0.03887,0.00557,0.03068,0.19613,0.00525,0.03518,0.00321,0.18979,0.00154,0.01025,0.57262,0.01191,0.00900,0.00502,0.03607,0.12149,0.00393,-63.83,5.804,-1,0.0000,-1.00,0.0000,0
14117,1790795444093,0.03292,0.00132,0.13006,0.02012,0.00984,0.50077,0.00830,0.03322,0.00560,0.05752,0.19715,0.00318,0.03713,0.00058,0.14232,0.00057,0.01142,0.59268,0.00978,0.01163,0.00505,0.06820,0.11875,0.00187,-62.93,6.009,-1,0.0000,-1.00,0.0000,0
14210,1790795444173,0.04421,0.00192,0.15167,0.01557,0.01384,0.50985,0.01163,0.03322,0.00891,0.02847,0.17435,0.00636,0.05194,0.00074,0.17509,0.00085,0.01561,0.60062,0.01378,0.00510,0.00800,0.03353,0.08985,0.00489,-62.83,6.118,-1,0.0000,-1.00,0.0000,0
14303,1790795444271,0.03367,0.00268,0.18887,0.01801,0.01925,0.39448,0.02626,0.06447,0.01400,0.05890,0.16248,0.01692,0.03354,0.00053,0.21253,0.00131,0.02031,0.46604,0.03135,0.03513,0.01353,0.06953,0.10230,0.01391,-63.00,4.734,-1,0.0000,-1.00,0.0000,0
14396,1790795444371,0.03221,0.00437,0.21204,0.01796,0.01602,0.30940,0.03029,0.14656,0.01760,0.06172,0.13569,0.01616,0.01334,0.00172,0.23955,0.00375,0.01677,0.36811,0.03592,0.12816,0.01774,0.07323,0.08962,0.01209,-62.37,3.713,-1,0.0000,-1.00,0.0000,0
14489,1790795444451,0.09092,0.00321,0.14970,0.01672,0.02149,0.08208,0.03069,0.41796,0.01324,0.03746,0.08317,0.05337,0.01632,0.00156,0.17060,0.00401,0.01454,0.09511,0.03644,0.46703,0.01280,0.04427,0.08080,0.05652,-62.51,5.016,-1,0.0000,-1.00,0.0000,0
14582,1790795444552,0.10100,0.00146,0.21465,0.01374,0.01204,0.03550,0.01368,0.48220,0.00741,0.02416,0.07091,0.02325,0.01637,0.00036,0.25151,0.00116,0.00955,0.03929,0.01632,0.52793,0.00703,0.02867,0.07717,0.02463,-62.15,5.786,-1,0.0000,-1.00,0.0000,0
14675,1790795444634,0.11471,0.00239,0.11959,0.01840,0.01356,0.10276,0.01554,0.44286,0.01230,0.03606,0.10254,0.01927,0.03771,0.00046,0.13480,0.00224,0.01243,0.11566,0.01852,0.50395,0.01215,0.04288,0.09994,0.01927,-61.54,5.314,-1,0.0000,-1.00,0.0000,0
14767,1790795444744,0.12089,0.00325,0.11766,0.01016,0.01202,0.10965,0.01454,0.48891,0.00877,0.03119,0.06866,0.01430,0.03396,0.00221,0.13368,0.00077,0.01168,0.12465,0.01698,0.55933,0.00857,0.03685,0.05756,0.01377,-62.09,5.867,-1,0.0000,-1.00,0.0000,0
14860,1790795444813,0.26883,0.01820,0.08958,0.00931,0.02140,0.16865,0.01373,0.21339,0.01512,0.10852,0.06062,0.01265,0.27480,0.01875,0.08203,0.00256,0.02316,0.14760,0.01273,0.23944,0.01539,0.12767,0.04338,0.01248,-61.22,3.226,-1,0.0000,-1.00,0.0000,0
14953,1790795444911,0.44055,0.01296,0.04085,0.00948,0.00921,0.17516,0.00846,0.07235,0.00392,0.17869,0.02839,0.01998,0.51096,0.01496,0.00675,0.00889,0.00658,0.10859,0.00717,0.08536,0.00288,0.21286,0.01249,0.02251,-61.04,5.287,-1,0.0000,-1.00,0.0000,0
15046,1790795445011,0.27698,0.01605,0.07319,0.00953,0.00522,0.16540,0.00456,0.07799,0.00564,0.32642,0.03274,0.00629,0.31378,0.01825,0.01034,0.00898,0.00483,0.13598,0.00185,0.09140,0.00495,0.39019,0.01228,0.00716,-62.18,3.917,-1,0.0000,-1.00,0.0000,0
15139,1790795445092,0.40367,0.02140,0.04565,0.04158,0.00485,0.18831,0.01172,0.04519,0.01134,0.18407,0.03826,0.00395,0.47320,0.02476,0.01118,0.04592,0.00516,0.13186,0.00810,0.05297,0.00449,0.21954,0.01971,0.00313,-62.28,4.844,-1,0.0000,-1.00,0.0000,0
15232,1790795445192,0.51694,0.00612,0.05484,0.00720,0.01282,0.18454,0.00311,0.05646,0.00922,0.11144,0.02968,0.00763,0.60718,0.00541,0.03977,0.00553,0.01359,0.10075,0.00097,0.06145,0.00996,0.13084,0.01559,0.00895,-62.16,6.203,-1,0.0000,-1.00,0.0000,0
15325,1790795445292,0.57619,0.00399,0.02191,0.01230,0.00539,0.20279,0.00295,0.03697,0.00354,0.08420,0.03888,0.01088,0.68190,0.00432,0.00641,0.00974,0.00398,0.10781,0.00267,0.04302,0.00231,0.10010,0.02522,0.01250,-61.29,6.914,-1,0.0000,-1.00,0.0000,0
15418,1790795445392,0.13825,0.00590,0.02225,0.10419,0.00514,0.09037,0.00422,0.05875,0.00219,0.03199,0.52280,0.01396,0.15241,0.00669,0.01917,0.00373,0.00277,0.07828,0.00335,0.06698,0.00188,0.03778,0.61093,0.01603,-60.42,6.274,-1,0.0000,-1.00,0.0000,0
15510,1790795445470,0.04524,0.00129,0.02277,0.12194,0.00481,0.08358,0.00106,0.04262,0.00101,0.04024,0.62267,0.01278,0.04473,0.00137,0.01783,0.00180,0.00255,0.09149,0.00077,0.04777,0.00085,0.04771,0.72797,0.01516,-61.51,7.472,-1,0.0000,-1.00,0.0000,0
15603,1790795445571,0.07061,0.00229,0.02684,0.10420,0.00626,0.12904,0.00126,0.04640,0.00169,0.05757,0.54052,0.01334,0.07427,0.00246,0.01865,0.00196,0.00437,0.13989,0.00102,0.05190,0.00160,0.06814,0.61994,0.01578,-62.32,6.486,-1,0.0000,-1.00,0.0000,0
15696,1790795445671,0.05495,0.00213,0.01195,0.12665,0.00596,0.09209,0.00085,0.04486,0.00152,0.00883,0.64321,0.00699,0.05567,0.00230,0.01244,0.00288,0.00541,0.09940,0.00054,0.05132,0.00125,0.00950,0.75102,0.00827,-62.26,7.719,-1,0.0000,-1.00,0.0000,0
15789,1790795445751,0.07725,0.00121,0.01660,0.10569,0.00516,0.12804,0.00252,0.07903,0.00311,0.03847,0.53096,0.01196,0.07420,0.00094,0.01089,0.00598,0.00345,0.13871,0.00276,0.09261,0.00254,0.04541,0.60871,0.01379,-61.29,6.371,-1,0.0000,-1.00,0.0000,0
15882,1790795445852,0.12974,0.00179,0.02455,0.09788,0.00484,0.08347,0.00924,0.04775,0.00274,0.11245,0.47971,0.00584,0.14421,0.00173,0.00290,0.00615,0.00483,0.07143,0.01066,0.05672,0.00206,0.13379,0.56064,0.00489,-59.89,5.756,-1,0.0000,-1.00,0.0000,0
15975,1790795445934,0.09465,0.00073,0.04227,0.07833,0.00923,0.09050,0.00072,0.08428,0.00136,0.20000,0.39247,0.00545,0.09349,0.00072,0.00352,0.00417,0.00979,0.08991,0.00053,0.10048,0.00080,0.23771,0.45245,0.00642,-60.06,4.710,-1,0.0000,-1.00,0.0000,0
16068,1790795446033,0.10495,0.00077,0.04183,0.07754,0.00311,0.10853,0.00118,0.06914,0.00178,0.20272,0.38538,0.00307,0.10939,0.00073,0.00209,0.00563,0.00304,0.10836,0.00122,0.08248,0.00101,0.24231,0.44030,0.00343,-60.41,4.625,-1,0.0000,-1.00,0.0000,0
16161,1790795446113,0.15289,0.00081,0.04134,0.06718,0.00307,0.13199,0.00076,0.05438,0.00134,0.19761,0.34709,0.00154,0.17039,0.00077,0.00273,0.00294,0.00334,0.12438,0.00076,0.06462,0.00102,0.23612,0.39124,0.00170,-60.95,4.165,-1,0.0000,-1.00,0.0000,0
16253,1790795446211,0.05580,0.00182,0.04922,0.06729,0.00839,0.14815,0.00637,0.06067,0.00868,0.24018,0.35005,0.00338,0.05172,0.00107,0.00230,0.00405,0.00954,0.16727,0.00729,0.07237,0.00959,0.28592,0.38629,0.00260,-61.49,4.201,-1,0.0000,-1.00,0.0000,0
16346,1790795446313,0.12308,0.00324,0.02384,0.03521,0.00565,0.11576,0.00235,0.41456,0.00674,0.07390,0.18165,0.01401,0.04942,0.00244,0.01115,0.00411,0.00350,0.12894,0.00191,0.49495,0.00726,0.08786,0.19211,0.01635,-62.12,4.975,-1,0.0000,-1.00,0.0000,0
16439,1790795446391,0.10930,0.00297,0.03284,0.04157,0.01617,0.17318,0.00375,0.28064,0.00394,0.07659,0.22699,0.03206,0.06513,0.00283,0.02163,0.00354,0.01192,0.19460,0.00393,0.33199,0.00401,0.08941,0.23341,0.03759,-63.26,3.368,-1,0.0000,-1.00,0.0000,0
16532,1790795446491,0.12901,0.00277,0.03465,0.02813,0.00701,0.18222,0.00217,0.34202,0.00220,0.08392,0.16081,0.02511,0.07418,0.00293,0.02168,0.00351,0.00250,0.20364,0.00195,0.40559,0.00195,0.10006,0.15232,0.02970,-63.42,4.104,-1,0.0000,-1.00,0.0000,0
16625,1790795446591,0.14821,0.00311,0.01934,0.02577,0.00669,0.17989,0.00219,0.39973,0.00099,0.04863,0.14831,0.01711,0.08309,0.00364,0.01178,0.00348,0.00403,0.19908,0.00183,0.47672,0.00047,0.05750,0.13825,0.02014,-63.30,4.797,-1,0.0000,-1.00,0.0000,0
16718,1790795446692,0.17551,0.00154,0.01322,0.01365,0.00752,0.12794,0.00848,0.51090,0.00255,0.03921,0.08627,0.01320,0.08920,0.00130,0.00677,0.00120,0.00627,0.13561,0.00983,0.61090,0.00279,0.04578,0.07649,0.01387,-62.95,6.131,-1,0.0000,-1.00,0.0000,0
16811,1790795446771,0.16100,0.00135,0.01292,0.01032,0.00385,0.03620,0.00237,0.68098,0.00117,0.02638,0.04651,0.01696,0.03162,0.00145,0.00925,0.00277,0.00071,0.03711,0.00255,0.81414,0.00085,0.03147,0.04837,0.01972,-61.87,8.172,-1,0.0000,-1.00,0.0000,0
16904,1790795446872,0.19581,0.00088,0.02002,0.00774,0.00475,0.05301,0.00063,0.61725,0.00067,0.03472,0.04323,0.02129,0.08861,0.00096,0.01577,0.00080,0.00067,0.04595,0.00056,0.73649,0.00064,0.04147,0.04270,0.02538,-61.95,7.407,-1,0.0000,-1.00,0.0000,0
16997,1790795446971,0.13287,0.00118,0.02900,0.01223,0.00534,0.05793,0.00129,0.60134,0.00170,0.07106,0.06697,0.01911,0.01704,0.00110,0.01794,0.00134,0.00191,0.06604,0.00133,0.71699,0.00177,0.08477,0.06715,0.02263,-63.85,7.216,-1,0.0000,-1.00,0.0000,0
17089,1790795447051,0.11446,0.00313,0.03206,0.02579,0.00742,0.12497,0.00290,0.44704,0.00314,0.07731,0.14081,0.02098,0.03176,0.00313,0.02021,0.00309,0.00402,0.14344,0.00280,0.53170,0.00315,0.09184,0.14029,0.02457,-65.33,5.364,-1,0.0000,-1.00,0.0000,0
17182,1790795447151,0.13541,0.00116,0.01613,0.01375,0.00251,0.07644,0.00242,0.63594,0.00201,0.02498,0.08147,0.00780,0.01173,0.00093,0.01344,0.00063,0.00127,0.08926,0.00264,0.75942,0.00228,0.02968,0.07992,0.00880,-64.48,7.631,-1,0.0000,-1.00,0.0000,0
17275,1790795447242,0.09072,0.00173,0.00962,0.00965,0.00197,0.34701,0.01613,0.38492,0.00206,0.02237,0.10730,0.00652,0.01748,0.00167,0.00627,0.00228,0.00155,0.41233,0.01882,0.46016,0.00201,0.02650,0.04683,0.00408,-62.95,4.619,-1,0.0000,-1.00,0.0000,0
17368,1790795447331,0.12544,0.00091,0.00776,0.00703,0.00065,0.35200,0.00138,0.38958,0.00141,0.01933,0.09257,0.00193,0.05794,0.00087,0.00473,0.00256,0.00038,0.41030,0.00148,0.46587,0.00119,0.02309,0.02958,0.00202,-62.49,4.675,-1,0.0000,-1.00,0.0000,0
17461,1790795447412,0.14877,0.00126,0.00747,0.00415,0.00111,0.30454,0.00152,0.43522,0.00146,0.01832,0.07421,0.00199,0.07509,0.00121,0.00463,0.00110,0.00093,0.35002,0.00158,0.52057,0.00152,0.02178,0.01953,0.00204,-62.94,5.223,-1,0.0000,-1.00,0.0000,0
17554,1790795447511,0.13376,0.00120,0.01268,0.00548,0.00131,0.52851,0.00198,0.15760,0.00158,0.03086,0.12173,0.00331,0.12316,0.00113,0.00790,0.00158,0.00087,0.60887,0.00215,0.18727,0.00156,0.03682,0.02516,0.00354,-63.60,6.342,-1,0.0000,-1.00,0.0000,0
17647,1790795447612,0.14049,0.00105,0.00889,0.00971,0.00533,0.48938,0.00464,0.18426,0.00321,0.02513,0.12414,0.00376,0.12476,0.00067,0.00491,0.00422,0.00569,0.56168,0.00543,0.21982,0.00301,0.02899,0.03740,0.00343,-64.19,5.873,-1,0.0000,-1.00,0.0000,0
17740,1790795447692,0.15941,0.00044,0.00694,0.00287,0.00258,0.03740,0.00138,0.75199,0.00047,0.01109,0.01489,0.01054,0.01262,0.00048,0.00571,0.00156,0.00065,0.04231,0.00156,0.89993,0.00026,0.01315,0.00946,0.01232,-63.30,9.024,-1,0.0000,-1.00,0.0000,0
17832,1790795447812,0.15642,0.00060,0.01853,0.00441,0.00793,0.04584,0.00152,0.68615,0.00164,0.01472,0.02653,0.03572,0.02517,0.00037,0.01875,0.00094,0.00108,0.04993,0.00175,0.81846,0.00178,0.01742,0.02189,0.04245,-63.81,8.234,-1,0.0000,-1.00,0.0000,0
17925,1790795447892,0.15907,0.00195,0.00922,0.00328,0.00539,0.10797,0.00180,0.64703,0.00110,0.01289,0.03389,0.01642,0.03726,0.00211,0.00809,0.00068,0.00263,0.12198,0.00174,0.77369,0.00118,0.01492,0.01643,0.01930,-65.59,7.764,-1,0.0000,-1.00,0.0000,0
18018,1790795447992,0.16725,0.00048,0.01033,0.00338,0.00268,0.11331,0.00099,0.64148,0.00165,0.01557,0.03637,0.00652,0.04837,0.00019,0.00874,0.00037,0.00171,0.12619,0.00115,0.76691,0.00189,0.01833,0.01856,0.00759,-65.32,7.698,-1,0.0000,-1.00,0.0000,0
18111,1790795448072,0.15489,0.00057,0.00758,0.00169,0.00277,0.04764,0.00561,0.73667,0.00178,0.01377,0.01660,0.01044,0.01098,0.00027,0.00585,0.00024,0.00113,0.05490,0.00667,0.88154,0.00209,0.01627,0.00901,0.01105,-65.06,8.840,-1,0.0000,-1.00,0.0000,0
18204,1790795448172,0.08370,0.00113,0.06625,0.00168,0.01035,0.10740,0.00755,0.36090,0.00259,0.32624,0.02745,0.00476,0.01464,0.00076,0.00234,0.00043,0.01156,0.12584,0.00880,0.43207,0.00301,0.38864,0.00794,0.00396,-64.92,4.331,-1,0.0000,-1.00,0.0000,0
18297,1790795448271,0.06377,0.00078,0.08537,0.00208,0.02259,0.07740,0.00088,0.30100,0.00228,0.42285,0.01838,0.00262,0.00502,0.00048,0.00288,0.00173,0.02648,0.09175,0.00094,0.36013,0.00235,0.50146,0.00384,0.00295,-64.82,5.074,-1,0.0000,-1.00,0.0000,0
18390,1790795448353,0.08990,0.00152,0.06404,0.00256,0.01554,0.06078,0.00190,0.41916,0.00516,0.31082,0.02251,0.00611,0.00829,0.00061,0.00358,0.00051,0.01725,0.07119,0.00209,0.50161,0.00609,0.36902,0.01286,0.00691,-64.95,5.030,-1,0.0000,-1.00,0.0000,0
18483,1790795448451,0.09309,0.00251,0.06112,0.00263,0.04729,0.11571,0.01329,0.23898,0.00481,0.30513,0.03219,0.08324,0.05528,0.00202,0.00223,0.00052,0.03761,0.12769,0.01551,0.28593,0.00566,0.35817,0.01325,0.09612,-64.71,3.662,-1,0.0000,-1.00,0.0000,0
18575,1790795448532,0.05596,0.01100,0.02207,0.00396,0.12161,0.06415,0.06980,0.20867,0.02116,0.10989,0.01830,0.29343,0.01762,0.00830,0.00345,0.00329,0.07924,0.07337,0.08200,0.24935,0.02465,0.11602,0.00738,0.33534,-63.61,3.521,-1,0.0000,-1.00,0.0000,0
18668,1790795448632,0.01603,0.03271,0.12156,0.01700,0.21349,0.00729,0.03467,0.07090,0.01029,0.29018,0.00856,0.17731,0.00337,0.03749,0.08516,0.01865,0.21458,0.00807,0.02232,0.07987,0.00863,0.30517,0.00866,0.20803,-62.12,3.482,-1,0.0000,-1.00,0.0000,0
18761,1790795448712,0.00480,0.02204,0.13367,0.00250,0.26843,0.00071,0.01299,0.03176,0.00483,0.41581,0.00293,0.09953,0.00105,0.02539,0.07312,0.00233,0.29841,0.00064,0.01054,0.02356,0.00532,0.43908,0.00338,0.11718,-61.24,4.990,-1,0.0000,-1.00,0.0000,0
18854,1790795448814,0.01236,0.03392,0.10257,0.00370,0.34667,0.00232,0.02715,0.05389,0.00721,0.28948,0.00424,0.11649,0.00470,0.03909,0.06942,0.00350,0.38869,0.00185,0.02477,0.05083,0.00795,0.26981,0.00472,0.13467,-61.76,4.160,-1,0.0000,-1.00,0.0000,0
18947,1790795448910,0.02182,0.03442,0.15102,0.00297,0.29299,0.00323,0.01780,0.10801,0.00770,0.23000,0.00297,0.12706,0.00583,0.03966,0.13896,0.00296,0.32142,0.00271,0.01346,0.10187,0.00864,0.21188,0.00302,0.14958,-62.20,3.516,-1,0.0000,-1.00,0.0000,0
19040,1790795448991,0.01422,0.04362,0.19474,0.00351,0.24537,0.00163,0.01665,0.08817,0.00665,0.30565,0.00341,0.07637,0.00275,0.05095,0.17159,0.00345,0.27627,0.00141,0.00984,0.07164,0.00727,0.31149,0.00381,0.08953,-62.08,3.668,-1,0.0000,-1.00,0.0000,0
19133,1790795449113,0.00518,0.02345,0.18287,0.00340,0.27930,0.00139,0.01011,0.04146,0.00689,0.35424,0.00420,0.08751,0.00207,0.02667,0.14731,0.00313,0.31415,0.00126,0.00682,0.02048,0.00760,0.36223,0.00479,0.10351,-62.76,4.251,-1,0.0000,-1.00,0.0000,0
19226,1790795449192,0.00815,0.01799,0.16808,0.00381,0.32700,0.00159,0.01243,0.05287,0.00972,0.23296,0.00462,0.16078,0.00343,0.01948,0.15996,0.00351,0.35407,0.00123,0.01103,0.03164,0.01086,0.20904,0.00529,0.19046,-63.94,3.924,-1,0.0000,-1.00,0.0000,0
19319,1790795449295,0.01111,0.02589,0.11368,0.00518,0.30230,0.00298,0.01668,0.05182,0.01498,0.20317,0.00529,0.24692,0.00479,0.02781,0.09990,0.00505,0.30414,0.00262,0.01447,0.04228,0.01695,0.18316,0.00582,0.29300,-65.12,3.628,-1,0.0000,-1.00,0.0000,0
19411,1790795449372,0.01357,0.01588,0.15053,0.00550,0.32286,0.00166,0.01939,0.06760,0.01377,0.14121,0.00456,0.24348,0.00634,0.01613,0.15978,0.00553,0.32981,0.00073,0.02001,0.04935,0.01536,0.10385,0.00532,0.28778,-65.56,3.874,-1,0.0000,-1.00,0.0000,0
19504,1790795449472,0.01171,0.01523,0.21628,0.00500,0.29043,0.00203,0.01015,0.06949,0.01335,0.17216,0.00534,0.18884,0.00649,0.01533,0.23019,0.00477,0.30350,0.00115,0.00908,0.03767,0.01505,0.14612,0.00617,0.22447,-65.23,3.485,-1,0.0000,-1.00,0.0000,0
19597,1790795449572,0.00192,0.04098,0.27203,0.01168,0.15668,0.00073,0.01532,0.05400,0.02001,0.18163,0.00622,0.23879,0.00076,0.04487,0.28797,0.01255,0.13139,0.00073,0.00946,0.00762,0.02149,0.19159,0.00731,0.28426,-63.41,3.264,-1,0.0000,-1.00,0.0000,0
19690,1790795449651,0.00375,0.00562,0.52040,0.00387,0.08504,0.00088,0.01633,0.11102,0.01001,0.11148,0.00145,0.13015,0.00170,0.00453,0.59989,0.00432,0.07172,0.00072,0.01866,0.01411,0.01112,0.11938,0.00160,0.15224,-62.55,6.245,-1,0.0000,-1.00,0.0000,0
19783,1790795449751,0.00464,0.00808,0.36354,0.00178,0.10374,0.00045,0.00553,0.08420,0.01638,0.12961,0.00209,0.27996,0.00153,0.00589,0.40710,0.00164,0.05801,0.00023,0.00543,0.02021,0.01930,0.14380,0.00246,0.33438,-62.01,4.363,-1,0.0000,-1.00,0.0000,0
19876,1790795449831,0.00180,0.00552,0.28067,0.00182,0.12113,0.00043,0.00324,0.05484,0.00372,0.13531,0.00287,0.38865,0.00111,0.00585,0.30624,0.00151,0.05293,0.00029,0.00272,0.00500,0.00415,0.15164,0.00338,0.46516,-61.77,4.664,-1,0.0000,-1.00,0.0000,0
19969,1790795449933,0.00614,0.01189,0.42904,0.00570,0.09107,0.00130,0.01186,0.08989,0.01474,0.17195,0.00452,0.16191,0.00464,0.01106,0.47604,0.00578,0.07114,0.00064,0.01202,0.01334,0.01650,0.19194,0.00528,0.19161,-62.86,5.149,-1,0.0000,-1.00,0.0000,0
20062,1790795450012,0.00710,0.01205,0.37362,0.00360,0.08067,0.00172,0.01089,0.07800,0.00550,0.13495,0.00525,0.28664,0.00625,0.01334,0.41676,0.00310,0.02898,0.00082,0.01027,0.01098,0.00598,0.15596,0.00612,0.34143,-62.33,4.483,-1,0.0000,-1.00,0.0000,0
20154,1790795450112,0.00401,0.01338,0.27113,0.00264,0.08608,0.00093,0.01101,0.04857,0.00957,0.23890,0.00331,0.31047,0.00386,0.01385,0.26930,0.00239,0.02981,0.00035,0.01045,0.00482,0.01097,0.28037,0.00389,0.36995,-61.58,3.726,-1,0.0000,-1.00,0.0000,0
20247,1790795450212,0.00423,0.02605,0.28900,0.00489,0.07175,0.00112,0.01918,0.04688,0.00461,0.41897,0.00674,0.10659,0.00366,0.03032,0.24918,0.00429,0.06132,0.00062,0.01675,0.00700,0.00464,0.48990,0.00795,0.12439,-61.85,5.028,-1,0.0000,-1.00,0.0000,0
20340,1790795450293,0.00452,0.02094,0.32153,0.00825,0.10714,0.00122,0.01926,0.05795,0.01009,0.32289,0.00698,0.11922,0.00378,0.02316,0.31253,0.00825,0.10078,0.00072,0.01840,0.00758,0.01044,0.36694,0.00822,0.13920,-61.52,3.875,-1,0.0000,-1.00,0.0000,0
20433,1790795450412,0.00409,0.01459,0.26970,0.00634,0.13406,0.00162,0.02007,0.05304,0.01213,0.31109,0.00641,0.16687,0.00220,0.01493,0.25406,0.00613,0.12182,0.00150,0.02101,0.01327,0.01332,0.34861,0.00738,0.19577,-61.58,3.733,-1,0.0000,-1.00,0.0000,0
20526,1790795450491,0.00821,0.14405,0.16361,0.00730,0.18085,0.00552,0.04238,0.05423,0.03841,0.15838,0.00598,0.19108,0.00210,0.16379,0.16516,0.00757,0.17177,0.00620,0.01139,0.03916,0.04449,0.15576,0.00593,0.22667,-61.90,2.293,-1,0.0000,-1.00,0.0000,0
20619,1790795450592,0.02087,0.28464,0.13274,0.00270,0.11182,0.00566,0.05518,0.05581,0.08373,0.09419,0.00402,0.14863,0.01717,0.32128,0.14056,0.00241,0.09876,0.00338,0.00189,0.03955,0.09985,0.09328,0.00415,0.17772,-62.56,3.416,-1,0.0000,-1.00,0.0000,0
20712,1790795450672,0.01057,0.32254,0.03423,0.00350,0.16065,0.00563,0.06232,0.05043,0.06425,0.12562,0.00411,0.15615,0.00133,0.37135,0.01729,0.00347,0.15545,0.00648,0.00091,0.05715,0.07630,0.11970,0.00364,0.18692,-64.18,3.870,-1,0.0000,-1.00,0.0000,0
20805,1790795450772,0.02579,0.15187,0.04555,0.00339,0.20059,0.00302,0.02959,0.12217,0.04118,0.22165,0.00240,0.15280,0.00227,0.17233,0.00995,0.00362,0.20405,0.00322,0.00130,0.14441,0.04862,0.22514,0.00224,0.18284,-65.17,2.660,-1,0.0000,-1.00,0.0000,0
20897,1790795450872,0.03758,0.15593,0.03952,0.00270,0.21948,0.00373,0.03101,0.18266,0.02625,0.16705,0.00226,0.13184,0.00224,0.18073,0.01678,0.00286,0.23171,0.00402,0.00103,0.21584,0.03088,0.15424,0.00190,0.15777,-65.64,2.634,-1,0.0000,-1.00,0.0000,0
20990,1790795450951,0.01253,0.29360,0.02563,0.00356,0.18458,0.00194,0.06089,0.05422,0.01799,0.14119,0.00251,0.20137,0.00227,0.34770,0.00398,0.00374,0.17348,0.00188,0.00403,0.06418,0.02079,0.13482,0.00263,0.24049,-66.12,3.523,-1,0.0000,-1.00,0.0000,0
21083,1790795451052,0.01196,0.45021,0.01796,0.00158,0.09322,0.00281,0.09042,0.05532,0.02010,0.07331,0.00348,0.17965,0.00146,0.53474,0.00681,0.00119,0.06908,0.00311,0.00233,0.06493,0.02381,0.07418,0.00355,0.21480,-66.54,5.403,-1,0.0000,-1.00,0.0000,0
21176,1790795451129,0.01058,0.40775,0.02693,0.00275,0.09372,0.00250,0.08248,0.04673,0.02401,0.09004,0.00416,0.20836,0.00210,0.48298,0.01335,0.00241,0.06292,0.00258,0.00309,0.05335,0.02826,0.09545,0.00447,0.24906,-66.64,4.893,-1,0.0000,-1.00,0.0000,0
21269,1790795451241,0.00895,0.43446,0.02157,0.00234,0.07385,0.00319,0.08887,0.04029,0.03474,0.10398,0.00355,0.18420,0.00127,0.51245,0.00288,0.00210,0.04493,0.00357,0.00490,0.04771,0.04108,0.11581,0.00355,0.21974,-66.94,5.214,-1,0.0000,-1.00,0.0000,0
21362,1790795451311,0.01660,0.35134,0.03523,0.00584,0.09189,0.00411,0.07850,0.06182,0.03704,0.15185,0.01023,0.15556,0.00556,0.41238,0.00903,0.00472,0.07350,0.00396,0.01231,0.07228,0.04341,0.16743,0.01147,0.18396,-67.38,4.216,-1,0.0000,-1.00,0.0000,0
21455,1790795451412,0.01175,0.25927,0.04020,0.00986,0.13701,0.00557,0.06028,0.04491,0.03936,0.18350,0.01202,0.19626,0.00385,0.30172,0.00923,0.00919,0.11807,0.00591,0.01242,0.05198,0.04535,0.19647,0.01323,0.23259,-67.38,3.111,-1,0.0000,-1.00,0.0000,0
21548,1790795451512,0.01105,0.17713,0.04061,0.00469,0.15563,0.00647,0.04118,0.05382,0.03433,0.18302,0.01469,0.27739,0.00084,0.20418,0.00993,0.00243,0.12093,0.00758,0.00887,0.06252,0.04066,0.19532,0.01609,0.33062,-66.51,3.329,-1,0.0000,-1.00,0.0000,0
21640,1790795451592,0.02250,0.14446,0.03339,0.01128,0.14967,0.00969,0.03875,0.08745,0.05942,0.15643,0.02609,0.26087,0.00633,0.15943,0.00744,0.00776,0.11703,0.01129,0.01472,0.10341,0.06963,0.16426,0.02902,0.30967,-65.61,3.130,-1,0.0000,-1.00,0.0000,0
21733,1790795451740,0.01011,0.16532,0.03766,0.00701,0.16862,0.00703,0.03930,0.03359,0.02834,0.18314,0.01654,0.30334,0.00435,0.19160,0.00675,0.00477,0.13036,0.00756,0.00910,0.03891,0.03302,0.19361,0.01831,0.36167,-65.08,3.640,-1,0.0000,-1.00,0.0000,0
21826,1790795451796,0.00957,0.15014,0.04607,0.02423,0.21607,0.01659,0.03280,0.02354,0.03626,0.12465,0.03101,0.28908,0.00717,0.17217,0.03308,0.02239,0.19043,0.01846,0.00517,0.02165,0.03901,0.11160,0.03350,0.34536,-61.51,3.469,-1,0.0000,-1.00,0.0000,0
21919,1790795451891,0.02255,0.05502,0.10990,0.08493,0.12813,0.30604,0.01812,0.01738,0.03906,0.06659,0.06844,0.08384,0.02587,0.06065,0.12111,0.09974,0.13321,0.36202,0.00114,0.00537,0.02703,0.05339,0.01024,0.10023,-57.88,3.672,-1,0.0000,-1.00,0.0000,0
22012,1790795451971,0.06709,0.07938,0.01493,0.00475,0.27013,0.24261,0.01513,0.00630,0.06078,0.10093,0.04896,0.08902,0.07907,0.08088,0.00557,0.00510,0.29676,0.28087,0.00188,0.00667,0.07178,0.06215,0.00298,0.10630,-57.51,3.242,-1,0.0000,-1.00,0.0000,0
22105,1790795452073,0.07317,0.12091,0.01479,0.00718,0.23408,0.22646,0.02577,0.01658,0.01501,0.09447,0.04635,0.12523,0.08392,0.14161,0.00514,0.00760,0.25084,0.25471,0.00270,0.01895,0.01648,0.06347,0.00504,0.14952,-58.37,2.809,-1,0.0000,-1.00,0.0000,0
22198,1790795452175,0.00312,0.04731,0.00921,0.00214,0.46659,0.01178,0.01099,0.00990,0.00911,0.09194,0.00729,0.33063,0.00179,0.05457,0.00808,0.00138,0.48048,0.01394,0.00236,0.01026,0.01064,0.01491,0.00598,0.39562,-56.80,5.599,-1,0.0000,-1.00,0.0000,0
22291,1790795452252,0.00389,0.06080,0.01099,0.00408,0.49762,0.00563,0.01361,0.00885,0.01630,0.10596,0.00643,0.26584,0.00288,0.06915,0.00895,0.00361,0.53322,0.00617,0.00260,0.00884,0.01881,0.02126,0.00648,0.31803,-56.47,5.971,9,0.9615,110.38,0.9615,1
22384,1790795452352,0.07642,0.22114,0.20943,0.02364,0.09784,0.04580,0.05664,0.04584,0.02176,0.05944,0.03965,0.10239,0.09014,0.26061,0.24051,0.02036,0.09356,0.03701,0.01620,0.00725,0.02204,0.05268,0.04017,0.11948,-56.44,2.654,-1,0.0000,-1.00,0.0000,0
22476,1790795452432,0.02286,0.18205,0.58827,0.00570,0.00316,0.01687,0.05127,0.10336,0.00570,0.01276,0.00562,0.00238,0.02717,0.21706,0.70198,0.00608,0.00328,0.01486,0.00217,0.00092,0.00562,0.01464,0.00379,0.00243,-54.61,7.059,-1,0.0000,-1.00,0.0000,0
22569,1790795452531,0.01172,0.24009,0.49386,0.01034,0.00527,0.03229,0.05565,0.09761,0.00478,0.03383,0.00787,0.00670,0.01382,0.28702,0.58393,0.01193,0.00511,0.03595,0.00978,0.00121,0.00335,0.03953,0.00231,0.00606,-54.28,5.926,-1,0.0000,-1.00,0.0000,0
22662,1790795452612,0.25858,0.01186,0.42535,0.00720,0.01029,0.09866,0.03838,0.06557,0.00341,0.04286,0.03168,0.00615,0.30752,0.01361,0.49991,0.00336,0.01131,0.05726,0.01049,0.01227,0.00329,0.04925,0.02661,0.00512,-55.27,5.104,-1,0.0000,-1.00,0.0000,0
22755,1790795452712,0.65096,0.00600,0.05017,0.01022,0.00818,0.15804,0.00637,0.02760,0.00403,0.03269,0.04174,0.00399,0.77554,0.00642,0.05270,0.00373,0.00911,0.03563,0.00637,0.02262,0.00409,0.03737,0.04296,0.00346,-55.42,7.812,-1,0.0000,-1.00,0.0000,0
22848,1790795452811,0.41976,0.02282,0.11410,0.01268,0.01407,0.15629,0.01245,0.03341,0.02758,0.12263,0.04503,0.01917,0.49903,0.02136,0.10807,0.00798,0.01236,0.08872,0.01068,0.01861,0.03147,0.14449,0.03637,0.02085,-55.87,5.037,-1,0.0000,-1.00,0.0000,0
22941,1790795452891,0.02856,0.01161,0.24036,0.07292,0.01046,0.04274,0.01492,0.04822,0.01276,0.13555,0.35450,0.02743,0.03325,0.01107,0.25607,0.00492,0.00672,0.04462,0.01568,0.00701,0.01432,0.16108,0.41593,0.02933,-56.58,4.254,-1,0.0000,-1.00,0.0000,0
23034,1790795453011,0.02954,0.02740,0.27532,0.01332,0.01628,0.01991,0.01743,0.05073,0.00699,0.48097,0.04967,0.01243,0.03176,0.03148,0.21625,0.00485,0.01700,0.01768,0.01448,0.01809,0.00707,0.57329,0.05601,0.01202,-57.06,5.772,-1,0.0000,-1.00,0.0000,0
23127,1790795453093,0.03260,0.03604,0.39850,0.01877,0.01868,0.02574,0.03941,0.08568,0.01753,0.26399,0.03180,0.03127,0.03422,0.04045,0.41544,0.01589,0.01650,0.02406,0.03921,0.02031,0.01785,0.31305,0.03333,0.02970,-57.90,4.782,-1,0.0000,-1.00,0.0000,0
23219,1790795453189,0.03867,0.02965,0.29414,0.02315,0.01743,0.03956,0.03217,0.05497,0.01125,0.36651,0.05803,0.03447,0.04332,0.03387,0.26594,0.01548,0.01394,0.03881,0.03183,0.01315,0.01041,0.43641,0.06184,0.03500,-58.55,4.398,-1,0.0000,-1.00,0.0000,0
23312,1790795453269,0.45726,0.01337,0.20851,0.00623,0.02011,0.10338,0.01130,0.05134,0.01199,0.06596,0.02661,0.02394,0.54434,0.01386,0.23489,0.00178,0.01875,0.01604,0.01073,0.01501,0.01389,0.07545,0.02870,0.02656,-57.51,5.487,-1,0.0000,-1.00,0.0000,0
23405,1790795453372,0.43021,0.00536,0.11295,0.00419,0.03835,0.10710,0.01287,0.02971,0.00672,0.09500,0.01552,0.14203,0.51272,0.00494,0.11327,0.00238,0.01275,0.02670,0.01368,0.01391,0.00758,0.11130,0.01330,0.16748,-56.20,5.163,-1,0.0000,-1.00,0.0000,0
23498,1790795453471,0.02600,0.02121,0.10390,0.00565,0.06734,0.01538,0.26930,0.08471,0.00474,0.30014,0.02617,0.07546,0.01320,0.02435,0.05616,0.00118,0.07526,0.01582,0.31779,0.09044,0.00545,0.34472,0.02822,0.02743,-55.90,3.602,-1,0.0000,-1.00,0.0000,0
23591,1790795453552,0.07675,0.01269,0.08668,0.00715,0.12267,0.01815,0.00675,0.31584,0.00712,0.30786,0.02049,0.01783,0.01825,0.01381,0.03635,0.00441,0.14297,0.01813,0.00534,0.37126,0.00766,0.34055,0.02096,0.02031,-57.01,3.790,-1,0.0000,-1.00,0.0000,0
23684,1790795453651,0.03762,0.04008,0.12811,0.05299,0.06068,0.08186,0.02003,0.10581,0.17077,0.16293,0.07322,0.06590,0.02455,0.00942,0.11708,0.04976,0.05792,0.09322,0.02214,0.10357,0.19476,0.18375,0.06925,0.07457,-59.90,2.049,-1,0.0000,-1.00,0.0000,0
23777,1790795453741,0.08207,0.02042,0.15783,0.01840,0.04390,0.06167,0.02214,0.33599,0.01782,0.13642,0.04805,0.05528,0.02472,0.02077,0.15830,0.01335,0.04035,0.06900,0.02231,0.37133,0.01870,0.15547,0.04389,0.06181,-61.38,4.032,-1,0.0000,-1.00,0.0000,0
23870,1790795453831,0.03435,0.00803,0.21054,0.00891,0.01315,0.08030,0.02357,0.13852,0.01589,0.39006,0.03888,0.03779,0.01494,0.00608,0.15991,0.00511,0.00783,0.09335,0.02702,0.13429,0.01787,0.46598,0.02808,0.03953,-61.52,4.681,-1,0.0000,-1.00,0.0000,0
23962,1790795453911,0.01434,0.00898,0.22581,0.00599,0.01940,0.04146,0.01142,0.03898,0.01625,0.56807,0.02559,0.02372,0.01392,0.00726,0.13633,0.00295,0.01806,0.04712,0.01220,0.01972,0.01883,0.67715,0.02132,0.02513,-62.03,6.817,-1,0.0000,-1.00,0.0000,0
24055,1790795454011,0.01413,0.00620,0.24087,0.00665,0.01733,0.01821,0.01252,0.03418,0.00600,0.59403,0.02315,0.02671,0.01438,0.00641,0.14808,0.00322,0.01496,0.01897,0.01373,0.01160,0.00641,0.70897,0.02398,0.02928,-61.76,7.128,-1,0.0000,-1.00,0.0000,0
24148,1790795454111,0.01907,0.01707,0.18289,0.00888,0.03584,0.01415,0.01299,0.06860,0.02479,0.57168,0.02552,0.01854,0.00982,0.01483,0.08488,0.00516,0.03903,0.01501,0.01263,0.06537,0.02868,0.67727,0.02760,0.01971,-59.42,6.860,-1,0.0000,-1.00,0.0000,0
24241,1790795454237,0.04527,0.04132,0.10551,0.00550,0.07874,0.05563,0.03549,0.20985,0.02208,0.36229,0.02111,0.01720,0.00610,0.04444,0.04396,0.00416,0.09141,0.06562,0.03363,0.24282,0.02561,0.41602,0.01229,0.01394,-58.26,4.347,-1,0.0000,-1.00,0.0000,0
24334,1790795454312,0.27258,0.00542,0.03147,0.03208,0.07254,0.07880,0.09013,0.17684,0.01436,0.04917,0.03734,0.13928,0.28562,0.00433,0.02830,0.03106,0.05804,0.03780,0.10683,0.20659,0.01105,0.04741,0.03725,0.14571,-58.29,3.271,-1,0.0000,-1.00,0.0000,0
24427,1790795454392,0.32135,0.09632,0.16290,0.01403,0.03520,0.09809,0.05143,0.05997,0.01692,0.05676,0.03595,0.05107,0.37845,0.11202,0.18272,0.00994,0.03169,0.04251,0.03924,0.03581,0.01713,0.06292,0.03464,0.05292,-59.33,3.856,-1,0.0000,-1.00,0.0000,0
24520,1790795454491,0.04466,0.01717,0.33040,0.01838,0.03388,0.06696,0.05942,0.09990,0.02596,0.13935,0.07111,0.09280,0.04408,0.01477,0.36359,0.00794,0.02123,0.07149,0.06827,0.04762,0.02932,0.16298,0.07104,0.09767,-61.37,3.965,-1,0.0000,-1.00,0.0000,0
24613,1790795454572,0.04073,0.02188,0.36344,0.01511,0.04377,0.06828,0.05589,0.11232,0.01819,0.16338,0.05624,0.04078,0.03778,0.02220,0.39844,0.00768,0.04475,0.07480,0.06256,0.05560,0.02027,0.18689,0.05257,0.03646,-61.72,4.361,-1,0.0000,-1.00,0.0000,0
24706,1790795454671,0.00895,0.01215,0.17508,0.00521,0.27308,0.01569,0.01429,0.03665,0.00444,0.39845,0.01674,0.03927,0.00733,0.01362,0.12766,0.00295,0.31851,0.01735,0.01443,0.01861,0.00473,0.41430,0.01662,0.04389,-61.14,4.781,-1,0.0000,-1.00,0.0000,0
24798,1790795454771,0.01072,0.02320,0.15804,0.11316,0.13107,0.02468,0.01623,0.03352,0.11521,0.27112,0.04037,0.06267,0.01024,0.00566,0.13059,0.12708,0.14298,0.02754,0.01833,0.01428,0.11286,0.29652,0.04292,0.07100,-60.94,3.253,-1,0.0000,-1.00,0.0000,0
24891,1790795454852,0.00617,0.01218,0.16367,0.07142,0.07297,0.04329,0.00556,0.03399,0.04282,0.18731,0.32926,0.03138,0.00544,0.00479,0.15477,0.00937,0.08021,0.05079,0.00571,0.01005,0.04945,0.20854,0.38446,0.03643,-61.53,3.951,-1,0.0000,-1.00,0.0000,0
24984,1790795454952,0.00474,0.04973,0.18596,0.13672,0.03104,0.03206,0.01089,0.03673,0.25555,0.13452,0.09523,0.02683,0.00466,0.00465,0.19210,0.14267,0.03136,0.03749,0.01192,0.00614,0.27793,0.15498,0.10667,0.02943,-63.39,3.067,-1,0.0000,-1.00,0.0000,0
25077,1790795455032,0.01532,0.01121,0.26448,0.06176,0.05051,0.04487,0.01951,0.05478,0.03485,0.15575,0.24189,0.04507,0.01636,0.00588,0.28190,0.01855,0.05047,0.05074,0.02190,0.01007,0.03808,0.17662,0.27978,0.04966,-65.91,3.174,-1,0.0000,-1.00,0.0000,0
25170,1790795455132,0.01200,0.02211,0.50058,0.01111,0.01693,0.02262,0.01494,0.10701,0.07457,0.14658,0.03698,0.03455,0.01119,0.00900,0.56550,0.00551,0.01272,0.02488,0.01611,0.01612,0.08827,0.17312,0.03938,0.03820,-65.55,6.007,-1,0.0000,-1.00,0.0000,0
25263,1790795455238,0.00865,0.00483,0.44406,0.00607,0.00775,0.03063,0.01710,0.08192,0.01051,0.35516,0.02218,0.01112,0.00835,0.00360,0.44798,0.00339,0.00716,0.03531,0.01970,0.00944,0.01179,0.42428,0.01958,0.00942,-64.55,5.329,-1,0.0000,-1.00,0.0000,0
25356,1790795455312,0.00610,0.00723,0.40454,0.00765,0.00914,0.04472,0.01463,0.07343,0.01960,0.35280,0.03824,0.02191,0.00590,0.00416,0.40117,0.00215,0.00633,0.05254,0.01671,0.00846,0.02298,0.42157,0.03541,0.02263,-62.52,4.855,-1,0.0000,13.35,0.9573,1
25449,1790795455411,0.00726,0.01052,0.35493,0.01513,0.01555,0.02924,0.01404,0.07093,0.04576,0.33710,0.06939,0.03016,0.00525,0.00203,0.34570,0.00298,0.01211,0.03400,0.01640,0.01649,0.05424,0.40152,0.07640,0.03289,-61.44,4.259,-1,0.0000,-1.00,0.0000,0
25541,1790795455512,0.00468,0.01075,0.11731,0.00662,0.13916,0.01817,0.00953,0.03210,0.04696,0.05610,0.02439,0.53423,0.00439,0.00198,0.12884,0.00296,0.04058,0.02090,0.01087,0.01308,0.05566,0.05920,0.02508,0.63647,-61.66,6.411,-1,0.0000,-1.00,0.0000,0
25634,1790795455611,0.01823,0.00758,0.09910,0.02994,0.17675,0.14129,0.01782,0.02437,0.02782,0.04552,0.03402,0.37757,0.01923,0.00438,0.11215,0.03433,0.12166,0.16649,0.01431,0.01314,0.02372,0.03324,0.00776,0.44958,-57.45,4.531,-1,0.0000,-1.00,0.0000,0
25727,1790795455691,0.19293,0.00960,0.02743,0.00238,0.03331,0.33628,0.18658,0.00599,0.00352,0.00956,0.06065,0.13177,0.23093,0.01082,0.03127,0.00248,0.01732,0.35716,0.22137,0.00103,0.00367,0.00808,0.00188,0.11400,-55.36,4.035,-1,0.0000,-1.00,0.0000,0
25820,1790795455793,0.26688,0.00165,0.01575,0.00127,0.02048,0.52273,0.00582,0.00367,0.00357,0.00733,0.09497,0.05589,0.31954,0.00124,0.01751,0.00117,0.00943,0.56511,0.00672,0.00094,0.00404,0.00691,0.00177,0.06563,-57.50,6.273,-1,0.0000,-1.00,0.0000,0
25913,1790795455871,0.05651,0.00639,0.21440,0.16819,0.26206,0.04381,0.06457,0.00539,0.04461,0.06294,0.01540,0.05574,0.06711,0.00489,0.25381,0.19942,0.30193,0.03918,0.02949,0.00305,0.01393,0.01557,0.01068,0.06094,-57.97,3.145,-1,0.0000,-1.00,0.0000,0
26006,1790795455976,0.03641,0.06184,0.24158,0.10037,0.24436,0.02010,0.01508,0.04985,0.03332,0.05185,0.03718,0.10806,0.04269,0.07093,0.28766,0.11205,0.26721,0.01569,0.00374,0.00298,0.01771,0.00916,0.04144,0.12874,-56.90,2.932,-1,0.0000,-1.00,0.0000,0
26099,1790795456073,0.04969,0.20161,0.22804,0.00981,0.02200,0.16561,0.07637,0.04443,0.02726,0.08345,0.06846,0.02328,0.05886,0.23533,0.25429,0.00285,0.02198,0.18738,0.04486,0.00283,0.03209,0.09564,0.04488,0.01900,-58.48,2.736,-1,0.0000,-1.00,0.0000,0
26192,1790795456152,0.01512,0.02189,0.59692,0.00507,0.00314,0.03712,0.03351,0.11574,0.00858,0.12556,0.02572,0.01163,0.01757,0.02425,0.68552,0.00157,0.00236,0.04103,0.03534,0.00278,0.00997,0.14998,0.02269,0.00693,-56.31,7.163,-1,0.0000,-1.00,0.0000,0
26284,1790795456251,0.00233,0.00189,0.68192,0.00752,0.00335,0.02813,0.01350,0.13417,0.00622,0.07755,0.03706,0.00637,0.00221,0.00093,0.79881,0.00152,0.00313,0.03326,0.01595,0.00246,0.00715,0.09230,0.03782,0.00447,-56.56,8.183,-1,0.0000,-1.00,0.0000,0
26377,1790795456333,0.01249,0.00732,0.45125,0.03401,0.02023,0.08070,0.01947,0.09212,0.03098,0.06803,0.16786,0.01554,0.01319,0.00219,0.52537,0.00458,0.02146,0.09408,0.02282,0.00631,0.03609,0.07738,0.18248,0.01405,-60.37,5.415,-1,0.0000,-1.00,0.0000,0
26470,1790795456431,0.40877,0.02155,0.14023,0.02380,0.01124,0.13061,0.01307,0.09043,0.00799,0.02716,0.11683,0.00832,0.47469,0.02409,0.16200,0.00322,0.01192,0.06240,0.01089,0.07624,0.00870,0.03042,0.12762,0.00781,-56.67,4.905,-1,0.0000,-1.00,0.0000,0
26563,1790795456512,0.41314,0.01879,0.03686,0.03189,0.04156,0.14824,0.02749,0.04781,0.00902,0.01779,0.09724,0.11016,0.48526,0.02179,0.04021,0.01832,0.02476,0.08143,0.02862,0.04932,0.00364,0.01995,0.10037,0.12633,-56.82,4.958,-1,0.0000,-1.00,0.0000,0
26656,1790795456613,0.13687,0.00608,0.17586,0.03664,0.02449,0.15953,0.02975,0.03791,0.00881,0.16490,0.15965,0.05950,0.16161,0.00597,0.17212,0.01224,0.01658,0.15912,0.03447,0.01131,0.00772,0.19472,0.15975,0.06440,-61.88,2.110,-1,0.0000,-1.00,0.0000,0
26749,1790795456712,0.08215,0.00796,0.17144,0.01989,0.01727,0.08405,0.00473,0.02232,0.01663,0.46214,0.07422,0.03720,0.09690,0.00598,0.09613,0.00941,0.01201,0.08152,0.00448,0.00769,0.01807,0.55137,0.07277,0.04368,-62.85,5.546,-1,0.0000,-1.00,0.0000,0
26842,1790795456812,0.13472,0.01193,0.19080,0.02809,0.01745,0.16159,0.02197,0.05588,0.04909,0.17942,0.10224,0.04682,0.15439,0.00326,0.18642,0.01578,0.01058,0.16302,0.02014,0.03553,0.05569,0.21290,0.09019,0.05211,-60.71,2.290,-1,0.0000,-1.00,0.0000,0
26935,1790795456913,0.61197,0.00791,0.07107,0.02863,0.01248,0.16378,0.00624,0.02983,0.01464,0.02203,0.01556,0.01585,0.72919,0.00747,0.08037,0.03264,0.01143,0.05170,0.00599,0.01981,0.01104,0.02417,0.00839,0.01780,-58.41,7.344,-1,0.0000,-1.00,0.0000,0
27028,1790795456992,0.14542,0.05190,0.11638,0.03679,0.02046,0.26557,0.02537,0.05749,0.02504,0.05802,0.15664,0.04091,0.16538,0.05695,0.12628,0.01811,0.01528,0.28566,0.01823,0.04474,0.02642,0.06649,0.13107,0.04540,-58.26,3.187,-1,0.0000,-1.00,0.0000,0
27120,1790795457092,0.03678,0.00672,0.10839,0.03205,0.02361,0.08906,0.00480,0.03206,0.01098,0.43958,0.16152,0.05446,0.03732,0.00579,0.02604,0.00394,0.01554,0.09932,0.00459,0.03327,0.01220,0.52381,0.17385,0.06434,-57.94,5.275,-1,0.0000,-1.00,0.0000,0
27213,1790795457172,0.04919,0.00580,0.10719,0.00665,0.04579,0.09591,0.00261,0.19705,0.00963,0.41930,0.04342,0.01744,0.01305,0.00503,0.03084,0.00207,0.05080,0.11235,0.00210,0.23003,0.01113,0.49235,0.02976,0.02049,-58.16,5.032,-1,0.0000,-1.00,0.0000,0
27306,1790795457271,0.01064,0.00511,0.13272,0.01633,0.01758,0.16279,0.00377,0.03092,0.00554,0.50409,0.10033,0.01017,0.00849,0.00494,0.04004,0.00333,0.01909,0.19338,0.00342,0.02923,0.00598,0.60024,0.08189,0.00997,-59.98,6.049,-1,0.0000,-1.00,0.0000,0
27399,1790795457372,0.04345,0.00454,0.12072,0.06917,0.01601,0.16793,0.01910,0.05059,0.01556,0.12911,0.32436,0.03948,0.04428,0.00241,0.11426,0.01339,0.01063,0.19245,0.02111,0.03926,0.01525,0.15332,0.35051,0.04313,-61.68,3.892,-1,0.0000,-1.00,0.0000,0
27492,1790795457451,0.09981,0.02258,0.08445,0.06314,0.02279,0.09807,0.11257,0.09773,0.03414,0.06698,0.23219,0.06554,0.09803,0.02181,0.08576,0.02437,0.01659,0.09835,0.13056,0.10010,0.03516,0.07789,0.25873,0.05265,-62.94,2.786,-1,0.0000,-1.00,0.0000,0
27585,1790795457553,0.21739,0.01952,0.05947,0.04436,0.05746,0.15455,0.01500,0.05181,0.01604,0.12710,0.20914,0.02816,0.25013,0.01993,0.04354,0.00881,0.06276,0.13560,0.01305,0.05441,0.01747,0.13986,0.22372,0.03072,-59.82,2.609,-1,0.0000,-1.00,0.0000,0
27678,1790795457632,0.08328,0.03642,0.05728,0.01214,0.16974,0.03900,0.01730,0.22442,0.00201,0.29405,0.05888,0.00550,0.04670,0.04326,0.00675,0.00203,0.20256,0.03747,0.01203,0.26769,0.00200,0.31219,0.06313,0.00420,-57.86,3.529,-1,0.0000,-1.00,0.0000,0
27771,1790795457747,0.09306,0.04993,0.04906,0.05196,0.03021,0.06234,0.05355,0.04716,0.23749,0.18909,0.10006,0.03609,0.10076,0.00557,0.01462,0.04064,0.03011,0.05472,0.06303,0.05364,0.27431,0.22280,0.10905,0.03075,-57.25,2.850,-1,0.0000,-1.00,0.0000,0
27863,1790795457812,0.32083,0.00434,0.02038,0.02637,0.03334,0.07122,0.01901,0.23768,0.02094,0.07824,0.10183,0.06580,0.32817,0.00062,0.00682,0.00821,0.02521,0.02029,0.02266,0.28344,0.02347,0.08876,0.11799,0.07436,-55.73,3.850,-1,0.0000,-1.00,0.0000,0
27956,1790795457912,0.50790,0.00507,0.02435,0.00742,0.02471,0.13380,0.00514,0.21471,0.00660,0.00839,0.04038,0.02153,0.55848,0.00531,0.02815,0.00125,0.02476,0.04966,0.00239,0.25442,0.00766,0.00515,0.03854,0.02424,-57.15,6.095,-1,0.0000,-1.00,0.0000,0
28049,1790795458012,0.28958,0.00282,0.05350,0.04148,0.02137,0.17975,0.00792,0.06350,0.00603,0.08082,0.21434,0.03890,0.33369,0.00213,0.04557,0.00465,0.01673,0.14923,0.00906,0.06706,0.00630,0.09352,0.22725,0.04482,-62.84,3.475,-1,0.0000,-1.00,0.0000,0
28142,1790795458112,0.06087,0.00283,0.13066,0.01605,0.02525,0.08469,0.00734,0.05987,0.00320,0.45771,0.08791,0.06361,0.06212,0.00274,0.04844,0.00186,0.01578,0.08916,0.00825,0.06214,0.00337,0.54542,0.08766,0.07306,-64.88,5.493,-1,0.0000,-1.00,0.0000,0
28235,1790795458212,0.07461,0.00222,0.13471,0.01807,0.01775,0.04666,0.01842,0.12557,0.00629,0.40758,0.09374,0.05437,0.06211,0.00123,0.06496,0.00111,0.00919,0.04362,0.02183,0.13758,0.00732,0.48656,0.10367,0.06082,-66.48,4.891,-1,0.0000,-1.00,0.0000,0
28328,1790795458293,0.13407,0.00631,0.14324,0.02817,0.01767,0.05730,0.02228,0.29232,0.02637,0.09918,0.14212,0.03095,0.09791,0.00183,0.14860,0.00193,0.01511,0.04925,0.02628,0.32086,0.03085,0.11621,0.16053,0.03063,-67.04,3.508,-1,0.0000,-1.00,0.0000,0
28421,1790795458392,0.23699,0.01135,0.09582,0.01857,0.01947,0.22712,0.01509,0.13309,0.04607,0.05651,0.09549,0.04443,0.25717,0.00298,0.10189,0.00829,0.01282,0.22197,0.01742,0.13935,0.05356,0.06517,0.07042,0.04896,-66.73,2.844,-1,0.0000,-1.00,0.0000,0
28514,1790795458471,0.13982,0.00296,0.10647,0.01629,0.00829,0.41306,0.01778,0.09352,0.01114,0.02870,0.14957,0.01240,0.14967,0.00140,0.12107,0.00228,0.00781,0.46527,0.02103,0.08806,0.01290,0.03284,0.08698,0.01069,-68.13,4.957,-1,0.0000,-1.00,0.0000,0
28606,1790795458571,0.13448,0.02227,0.12647,0.03740,0.01293,0.36533,0.02878,0.08116,0.02770,0.02203,0.11682,0.02463,0.14689,0.02184,0.14673,0.03312,0.01077,0.40863,0.02860,0.06972,0.02662,0.02426,0.05897,0.02384,-65.57,4.384,-1,0.0000,-1.00,0.0000,0
28699,1790795458671,0.10463,0.01695,0.05427,0.03292,0.11759,0.19721,0.22221,0.03073,0.02390,0.03693,0.05259,0.11006,0.12047,0.01619,0.06100,0.03531,0.12510,0.21243,0.26306,0.02473,0.02078,0.02030,0.02091,0.07973,-62.35,2.667,-1,0.0000,-1.00,0.0000,0
28792,1790795458751,0.08933,0.00786,0.04957,0.01461,0.07640,0.09370,0.17723,0.14308,0.03253,0.15624,0.07065,0.08881,0.07402,0.00190,0.02534,0.00456,0.07878,0.09760,0.21185,0.16654,0.03791,0.17176,0.06531,0.06441,-61.56,2.127,-1,0.0000,-1.00,0.0000,0
28885,1790795458852,0.19227,0.01084,0.05197,0.02851,0.02699,0.25156,0.01306,0.03627,0.01141,0.11308,0.15057,0.11346,0.22318,0.01061,0.03565,0.00850,0.00592,0.25719,0.01354,0.03640,0.01199,0.13432,0.12944,0.13327,-62.44,3.019,-1,0.0000,-1.00,0.0000,0
28978,1790795458932,0.13682,0.00693,0.07563,0.03208,0.01975,0.25634,0.04730,0.08149,0.01205,0.10639,0.18532,0.03989,0.14631,0.00566,0.06595,0.00539,0.01525,0.27911,0.05115,0.08899,0.01337,0.12446,0.16673,0.03766,-62.52,3.076,-1,0.0000,-1.00,0.0000,0
29071,1790795459031,0.67222,0.00382,0.03199,0.00981,0.00570,0.13846,0.00411,0.01676,0.00343,0.04964,0.04595,0.01811,0.80228,0.00407,0.02663,0.00111,0.00259,0.00697,0.00410,0.01482,0.00385,0.05901,0.05368,0.02089,-55.71,8.067,-1,0.0000,-1.00,0.0000,0
29164,1790795459111,0.73552,0.00006,0.00769,0.00838,0.01203,0.14530,0.00112,0.02888,0.00048,0.01526,0.04145,0.00382,0.87471,0.00000,0.00609,0.00022,0.01356,0.00070,0.00134,0.03339,0.00038,0.01576,0.04953,0.00431,-53.89,8.826,-1,0.0000,-1.00,0.0000,0
29257,1790795459212,0.65052,0.00473,0.04867,0.00502,0.02450,0.13087,0.00551,0.01694,0.00221,0.08710,0.01471,0.00921,0.77693,0.00528,0.03870,0.00264,0.02739,0.00279,0.00555,0.01264,0.00213,0.09893,0.01707,0.00994,-56.23,7.806,-1,0.0000,-1.00,0.0000,0
29350,1790795459332,0.39786,0.00666,0.09336,0.01973,0.01625,0.08159,0.01447,0.17170,0.01303,0.09779,0.05801,0.02955,0.43870,0.00546,0.08912,0.01028,0.01298,0.01080,0.01322,0.19110,0.01347,0.11471,0.06737,0.03279,-59.32,4.774,-1,0.0000,-1.00,0.0000,0
29442,1790795459411,0.11701,0.00826,0.27818,0.00931,0.01770,0.02963,0.02989,0.15158,0.00756,0.29452,0.03624,0.02013,0.11441,0.00856,0.26388,0.00305,0.01776,0.01282,0.03412,0.12932,0.00752,0.35033,0.04088,0.01735,-59.59,3.534,-1,0.0000,-1.00,0.0000,0
29535,1790795459512,0.70516,0.00030,0.01125,0.00526,0.00867,0.14008,0.00072,0.09521,0.00247,0.00428,0.02377,0.00283,0.82271,0.00000,0.01282,0.00084,0.00975,0.00476,0.00086,0.11155,0.00262,0.00337,0.02754,0.00319,-55.88,8.462,-1,0.0000,-1.00,0.0000,0
29628,1790795459591,0.77756,0.00011,0.00547,0.00308,0.00319,0.15741,0.00138,0.02925,0.00067,0.00227,0.01605,0.00355,0.92499,0.00000,0.00611,0.00008,0.00304,0.00525,0.00166,0.03384,0.00069,0.00221,0.01819,0.00393,-54.42,9.331,-1,0.0000,-1.00,0.0000,0
29721,1790795459692,0.30597,0.28933,0.12953,0.01391,0.00293,0.07269,0.06008,0.03508,0.01279,0.01168,0.06404,0.00197,0.36428,0.34378,0.15251,0.00204,0.00319,0.01490,0.00384,0.01180,0.01468,0.01361,0.07378,0.00159,-55.03,3.672,-1,0.0000,-1.00,0.0000,0
29814,1790795459773,0.01228,0.26034,0.21166,0.30963,0.00189,0.01102,0.05406,0.04657,0.06449,0.00896,0.01631,0.00277,0.01357,0.31111,0.25151,0.36755,0.00174,0.01052,0.00311,0.00594,0.00422,0.01059,0.01746,0.00268,-54.83,3.716,-1,0.0000,-1.00,0.0000,0
29907,1790795459872,0.16844,0.30272,0.08370,0.09619,0.01482,0.07824,0.07987,0.08762,0.02133,0.03324,0.02410,0.00974,0.18453,0.36220,0.09304,0.11178,0.01638,0.05717,0.02387,0.08657,0.00340,0.03658,0.01754,0.00694,-56.23,3.633,-1,0.0000,-1.00,0.0000,0
30000,1790795459973,0.25734,0.03157,0.33277,0.01084,0.02633,0.10529,0.07198,0.04967,0.00377,0.08399,0.02074,0.00570,0.29729,0.03736,0.37998,0.01070,0.03048,0.06723,0.00720,0.05584,0.00235,0.09464,0.01153,0.00541,-59.10,3.993,-1,0.0000,-1.00,0.0000,0
30093,1790795460051,0.36822,0.04368,0.02271,0.09245,0.00669,0.25024,0.01092,0.08691,0.02072,0.05170,0.04102,0.00474,0.42117,0.05172,0.01521,0.10953,0.00700,0.21635,0.00283,0.10113,0.00312,0.06056,0.00626,0.00512,-60.53,4.419,-1,0.0000,-1.00,0.0000,0
30185,1790795460151,0.33288,0.02837,0.08690,0.01026,0.01022,0.30040,0.01470,0.12482,0.00610,0.02635,0.05153,0.00746,0.37164,0.03309,0.09826,0.01130,0.01064,0.28628,0.00419,0.13695,0.00495,0.02958,0.00499,0.00811,-63.47,3.995,-1,0.0000,-1.00,0.0000,0
30278,1790795460246,0.44985,0.01381,0.03105,0.03023,0.01383,0.24155,0.00379,0.10739,0.00771,0.05837,0.03493,0.00750,0.51432,0.01625,0.02392,0.03529,0.01485,0.18747,0.00132,0.12394,0.00224,0.06700,0.00469,0.00872,-63.49,5.398,-1,0.0000,-1.00,0.0000,0
30371,1790795460331,0.19386,0.01627,0.02745,0.07137,0.00981,0.14148,0.00905,0.11755,0.00913,0.05308,0.33671,0.01424,0.20528,0.01783,0.02061,0.01060,0.00870,0.12883,0.00635,0.13773,0.00877,0.06194,0.37792,0.01543,-59.99,4.041,-1,0.0000,-1.00,0.0000,0
30464,1790795460411,0.05060,0.00868,0.01138,0.12306,0.00430,0.06169,0.00529,0.09775,0.00488,0.01891,0.60357,0.00988,0.03776,0.00953,0.00926,0.00669,0.00298,0.06643,0.00445,0.11529,0.00451,0.02208,0.71005,0.01096,-58.60,7.243,-1,0.0000,-1.00,0.0000,0
30557,1790795460511,0.16150,0.03543,0.03283,0.08777,0.00543,0.13171,0.00944,0.07932,0.00445,0.01478,0.42516,0.01220,0.17568,0.04177,0.03596,0.00901,0.00365,0.12299,0.00111,0.08983,0.00355,0.01699,0.48506,0.01440,-58.17,5.102,-1,0.0000,-1.00,0.0000,0
30650,1790795460633,0.07472,0.02693,0.61388,0.01202,0.00166,0.04391,0.00748,0.14937,0.00136,0.00679,0.05495,0.00692,0.08284,0.03213,0.73398,0.00278,0.00042,0.03622,0.00257,0.03349,0.00108,0.00805,0.05867,0.00777,-57.83,7.367,-1,0.0000,-1.00,0.0000,0
30743,1790795460712,0.06164,0.00579,0.34497,0.04765,0.00480,0.09543,0.01122,0.14676,0.00140,0.01766,0.24746,0.01522,0.05509,0.00669,0.40926,0.00238,0.00261,0.10342,0.01212,0.09473,0.00121,0.02064,0.27601,0.01584,-59.65,4.140,-1,0.0000,-1.00,0.0000,0
30836,1790795460814,0.26751,0.04685,0.13230,0.04892,0.01147,0.09937,0.03608,0.06749,0.01259,0.09371,0.16535,0.01836,0.30520,0.05402,0.13663,0.02165,0.00973,0.05856,0.00785,0.07846,0.01066,0.11050,0.18652,0.02023,-57.92,3.210,-1,0.0000,-1.00,0.0000,0
30928,1790795460892,0.08042,0.01642,0.58673,0.01165,0.00636,0.02206,0.01537,0.11008,0.00189,0.08513,0.05887,0.00503,0.09475,0.01924,0.68307,0.00027,0.00655,0.00765,0.00296,0.00812,0.00221,0.10071,0.06902,0.00544,-56.07,7.041,-1,0.0000,-1.00,0.0000,0
31021,1790795460992,0.08682,0.00595,0.61033,0.01429,0.00341,0.02702,0.00190,0.14809,0.00164,0.02671,0.07209,0.00175,0.09735,0.00676,0.72512,0.00051,0.00370,0.01308,0.00094,0.03370,0.00186,0.03128,0.08379,0.00191,-56.61,7.324,-1,0.0000,-1.00,0.0000,0
31114,1790795461072,0.50562,0.07889,0.03084,0.01638,0.01316,0.11566,0.01635,0.07721,0.00180,0.05724,0.08400,0.00285,0.58915,0.09423,0.02393,0.00054,0.01528,0.02180,0.00091,0.08777,0.00194,0.06568,0.09633,0.00246,-55.63,6.067,-1,0.0000,-1.00,0.0000,0
31207,1790795461172,0.59844,0.00153,0.01025,0.01613,0.03044,0.15367,0.00194,0.04829,0.00693,0.03764,0.08514,0.00960,0.70463,0.00161,0.00469,0.00085,0.03432,0.04445,0.00201,0.05694,0.00809,0.03834,0.09321,0.01088,-57.06,7.181,-1,0.0000,-1.00,0.0000,0
31300,1790795461272,0.14209,0.00406,0.04926,0.06052,0.02367,0.10167,0.00529,0.17334,0.00427,0.11208,0.27335,0.05040,0.12974,0.00449,0.03305,0.01137,0.01652,0.09610,0.00323,0.20337,0.00287,0.13102,0.30849,0.05975,-59.66,3.280,-1,0.0000,-1.00,0.0000,0
31393,1790795461352,0.08092,0.00540,0.08493,0.02237,0.05316,0.02778,0.00340,0.13901,0.00228,0.36356,0.10228,0.11492,0.06441,0.00606,0.01684,0.00331,0.03647,0.02051,0.00191,0.16420,0.00207,0.42840,0.11849,0.13732,-58.50,4.363,-1,0.0000,-1.00,0.0000,0
31486,1790795461452,0.13230,0.00814,0.10068,0.01941,0.02845,0.04036,0.00352,0.12976,0.00119,0.41952,0.09758,0.01912,0.12851,0.00958,0.02214,0.00098,0.02963,0.02288,0.00232,0.15109,0.00119,0.49685,0.11238,0.02245,-60.57,5.034,-1,0.0000,-1.00,0.0000,0
31579,1790795461532,0.12366,0.01008,0.07660,0.03707,0.01595,0.03362,0.00549,0.12978,0.01166,0.31411,0.17678,0.06520,0.11801,0.00951,0.01730,0.00309,0.00377,0.01693,0.00462,0.15215,0.01327,0.37572,0.20846,0.07716,-61.86,3.769,-1,0.0000,-1.00,0.0000,0
31672,1790795461632,0.08937,0.01091,0.04843,0.03882,0.07358,0.04024,0.01831,0.09065,0.00970,0.07842,0.15265,0.34891,0.08658,0.01133,0.03964,0.01148,0.00598,0.03106,0.01757,0.10288,0.00935,0.09278,0.17675,0.41459,-63.17,4.187,-1,0.0000,-1.00,0.0000,0
31764,1790795461710,0.14864,0.00909,0.04443,0.03239,0.02669,0.04237,0.00756,0.33196,0.02555,0.10392,0.13887,0.08852,0.10039,0.00510,0.02900,0.00705,0.01114,0.03100,0.00805,0.39202,0.02922,0.12231,0.16025,0.10447,-62.71,3.984,-1,0.0000,-1.00,0.0000,0
31857,1790795461815,0.15025,0.01035,0.03159,0.02007,0.01637,0.03101,0.00522,0.44354,0.02921,0.12236,0.07498,0.06507,0.07441,0.00651,0.00895,0.00712,0.00432,0.02247,0.00496,0.52969,0.03354,0.14581,0.08539,0.07684,-61.09,5.322,-1,0.0000,-1.00,0.0000,0
31950,1790795461933,0.06874,0.00701,0.11452,0.00761,0.01416,0.01913,0.00328,0.17228,0.00894,0.52083,0.03132,0.03218,0.04196,0.00638,0.01387,0.00226,0.00943,0.01460,0.00266,0.20369,0.01027,0.62221,0.03463,0.03803,-61.33,6.250,-1,0.0000,-1.00,0.0000,0
32043,1790795462011,0.09924,0.00198,0.12024,0.00867,0.00792,0.02743,0.00358,0.09560,0.00192,0.58838,0.03421,0.01084,0.09637,0.00203,0.00459,0.00280,0.00707,0.01376,0.00383,0.11370,0.00175,0.70362,0.03826,0.01223,-61.73,7.061,-1,0.0000,-1.00,0.0000,0
32136,1790795462113,0.14842,0.00414,0.11567,0.00555,0.00818,0.04940,0.00269,0.09131,0.00718,0.53195,0.02558,0.00993,0.15735,0.00333,0.01255,0.00168,0.00769,0.02799,0.00256,0.10692,0.00827,0.63587,0.02510,0.01068,-62.37,6.383,-1,0.0000,-1.00,0.0000,0
32229,1790795462192,0.11949,0.00402,0.07988,0.01700,0.00729,0.10114,0.00545,0.19182,0.00398,0.38934,0.06364,0.01697,0.09809,0.00439,0.00343,0.00925,0.00503,0.10174,0.00562,0.22921,0.00294,0.46552,0.05609,0.01870,-62.40,4.672,-1,0.0000,-1.00,0.0000,0
32322,1790795462293,0.13269,0.00331,0.04573,0.00604,0.00392,0.26235,0.00233,0.24632,0.00612,0.20946,0.07340,0.00832,0.10062,0.00258,0.00515,0.00137,0.00280,0.29442,0.00202,0.29439,0.00706,0.25043,0.02959,0.00957,-62.14,3.148,-1,0.0000,-1.00,0.0000,0
32415,1790795462372,0.16520,0.01061,0.01110,0.00659,0.00461,0.21653,0.00234,0.42591,0.04354,0.04259,0.06215,0.00882,0.09685,0.00254,0.00332,0.00257,0.00352,0.24026,0.00231,0.50968,0.05167,0.05033,0.02684,0.01011,-62.51,5.111,-1,0.0000,-1.00,0.0000,0
32507,1790795462471,0.14630,0.00313,0.01515,0.00557,0.00356,0.22937,0.00364,0.46388,0.00271,0.05173,0.06572,0.00924,0.06529,0.00317,0.00595,0.00136,0.00221,0.26189,0.00350,0.55489,0.00298,0.06154,0.02683,0.01038,-63.38,5.567,-1,0.0000,-1.00,0.0000,0
32600,1790795462571,0.13547,0.00583,0.03073,0.01039,0.00553,0.19234,0.00603,0.44551,0.00969,0.06948,0.07191,0.01710,0.05608,0.00585,0.02042,0.00399,0.00275,0.21936,0.00448,0.53136,0.01082,0.08271,0.04268,0.01951,-62.92,5.346,-1,0.0000,-1.00,0.0000,0
32693,1790795462651,0.14543,0.00453,0.01365,0.00560,0.01134,0.09345,0.00697,0.64748,0.00218,0.02227,0.02358,0.02352,0.02090,0.00512,0.01139,0.00535,0.00820,0.10791,0.00734,0.77358,0.00155,0.02505,0.00687,0.02672,-60.89,7.770,-1,0.0000,-1.00,0.0000,0
32786,1790795462751,0.11748,0.02755,0.03673,0.01915,0.03210,0.03300,0.00554,0.32987,0.11176,0.07860,0.06580,0.14243,0.06338,0.00681,0.02552,0.00838,0.00483,0.02697,0.00512,0.39037,0.13217,0.09330,0.07350,0.16964,-55.93,3.958,-1,0.0000,-1.00,0.0000,0
32879,1790795462831,0.33343,0.20197,0.19459,0.00558,0.00848,0.06941,0.04091,0.05302,0.01353,0.01337,0.02642,0.03928,0.39576,0.23903,0.23002,0.00060,0.00090,0.00472,0.00164,0.01793,0.01610,0.01584,0.03072,0.04675,-53.63,4.001,-1,0.0000,-1.00,0.0000,0
32972,1790795462932,0.01284,0.00990,0.75059,0.00349,0.00078,0.00549,0.02548,0.16037,0.00208,0.01961,0.00264,0.00673,0.01236,0.01162,0.89475,0.00372,0.00044,0.00413,0.02823,0.01479,0.00175,0.02341,0.00234,0.00247,-54.68,9.007,-1,0.0000,-1.00,0.0000,0
33065,1790795463012,0.12978,0.25480,0.25320,0.01646,0.01238,0.02830,0.06080,0.15419,0.00577,0.02748,0.01141,0.04543,0.13080,0.30462,0.29705,0.01733,0.00458,0.00798,0.00954,0.12878,0.00348,0.03202,0.01210,0.05173,-56.67,3.058,-1,0.0000,-1.00,0.0000,0
33158,1790795463113,0.20119,0.00828,0.06467,0.02188,0.01618,0.02221,0.01124,0.52000,0.00299,0.01440,0.10492,0.01204,0.12040,0.00927,0.07473,0.00141,0.01681,0.00290,0.01112,0.60878,0.00330,0.01392,0.12514,0.01222,-57.50,6.240,-1,0.0000,-1.00,0.0000,0
33250,1790795463234,0.12479,0.03577,0.07998,0.01498,0.03870,0.03499,0.04351,0.15964,0.00444,0.32981,0.05891,0.07449,0.11263,0.04203,0.01870,0.00473,0.03047,0.01959,0.04369,0.18769,0.00438,0.38915,0.06670,0.08023,-58.46,3.958,-1,0.0000,-1.00,0.0000,0
33343,1790795463312,0.07817,0.00525,0.08969,0.00821,0.02788,0.01731,0.10589,0.16023,0.00320,0.37965,0.01815,0.10637,0.05614,0.00586,0.01780,0.00590,0.01307,0.00961,0.12542,0.18876,0.00267,0.45232,0.01985,0.10259,-59.51,4.556,-1,0.0000,-1.00,0.0000,0
33436,1790795463413,0.10997,0.00918,0.12102,0.02261,0.02618,0.03593,0.03110,0.22002,0.03003,0.22922,0.07801,0.08673,0.08248,0.00424,0.09104,0.00961,0.01208,0.02670,0.03338,0.24864,0.03408,0.27226,0.08818,0.09730,-62.39,2.751,-1,0.0000,-1.00,0.0000,0
33529,1790795463491,0.09468,0.02977,0.09240,0.03291,0.03189,0.06922,0.06866,0.19008,0.03131,0.19958,0.07721,0.08230,0.07082,0.02918,0.06416,0.02380,0.02166,0.06891,0.07648,0.21504,0.03279,0.23485,0.07885,0.08345,-63.05,2.395,-1,0.0000,-1.00,0.0000,0
33622,1790795463593,0.02887,0.02221,0.13665,0.01604,0.02167,0.01660,0.01238,0.04885,0.02564,0.59482,0.04764,0.02862,0.02387,0.02088,0.02322,0.00850,0.01958,0.01516,0.01070,0.05394,0.02904,0.70885,0.05408,0.03217,-58.72,7.138,-1,0.0000,-1.00,0.0000,0
33715,1790795463671,0.00961,0.03740,0.14960,0.00207,0.19281,0.00617,0.01962,0.02947,0.00180,0.52227,0.00288,0.02630,0.00831,0.04447,0.06407,0.00202,0.22562,0.00574,0.01470,0.02261,0.00176,0.58108,0.00231,0.02731,-56.74,6.267,-1,0.0000,-1.00,0.0000,0
33808,1790795463772,0.00443,0.07016,0.08278,0.00199,0.48058,0.00135,0.02334,0.02753,0.00376,0.29636,0.00124,0.00648,0.00078,0.08326,0.05137,0.00215,0.57474,0.00149,0.01144,0.02283,0.00404,0.24122,0.00119,0.00550,-57.14,5.767,-1,0.0000,-1.00,0.0000,0
33901,1790795463871,0.01140,0.10675,0.09705,0.00862,0.32416,0.00231,0.02924,0.04134,0.00712,0.36027,0.00247,0.00929,0.00582,0.12660,0.04590,0.00980,0.38664,0.00162,0.00993,0.04044,0.00659,0.35504,0.00264,0.00898,-59.14,4.323,-1,0.0000,-1.00,0.0000,0
33994,1790795463951,0.02968,0.03656,0.21497,0.00941,0.15261,0.00249,0.01743,0.15739,0.09744,0.24844,0.00993,0.02364,0.00625,0.02108,0.20550,0.00899,0.17791,0.00174,0.01671,0.14785,0.11466,0.26274,0.01155,0.02502,-60.48,2.981,-1,0.0000,-1.00,0.0000,0
34086,1790795464051,0.01600,0.01176,0.18716,0.02171,0.13296,0.00531,0.00836,0.07468,0.01044,0.41234,0.09313,0.02613,0.00658,0.01183,0.13234,0.00410,0.15327,0.00520,0.00764,0.06329,0.01169,0.46370,0.11057,0.02980,-60.79,4.948,-1,0.0000,-1.00,0.0000,0
34179,1790795464132,0.00906,0.01456,0.16000,0.00657,0.23623,0.00233,0.03278,0.04958,0.01703,0.33607,0.01054,0.12523,0.00369,0.01376,0.12190,0.00545,0.25475,0.00206,0.03614,0.03567,0.01932,0.35219,0.01222,0.14285,-61.64,4.033,-1,0.0000,-1.00,0.0000,0
34272,1790795464236,0.01114,0.02461,0.14910,0.00817,0.19277,0.00429,0.02238,0.06397,0.01718,0.12394,0.00995,0.37248,0.00424,0.02571,0.15485,0.00760,0.14336,0.00430,0.02172,0.04596,0.01906,0.12012,0.01107,0.44202,-61.81,4.470,-1,0.0000,-1.00,0.0000,0
34365,1790795464312,0.01241,0.00897,0.20898,0.00489,0.10463,0.00271,0.00829,0.05320,0.00950,0.35814,0.00452,0.22378,0.00877,0.00876,0.16818,0.00485,0.07254,0.00150,0.00817,0.03042,0.01042,0.41475,0.00512,0.26652,-60.01,4.298,-1,0.0000,-1.00,0.0000,0
34458,1790795464413,0.00931,0.00858,0.16827,0.00721,0.14746,0.00222,0.01604,0.02804,0.00717,0.47414,0.02210,0.10946,0.00821,0.00873,0.09495,0.00343,0.15138,0.00103,0.01747,0.01480,0.00791,0.53812,0.02628,0.12770,-59.84,5.690,-1,0.0000,-1.00,0.0000,0
34551,1790795464532,0.01554,0.03542,0.17877,0.00377,0.12940,0.00647,0.01690,0.04298,0.04013,0.37401,0.00584,0.15077,0.01336,0.03321,0.13007,0.00333,0.11978,0.00511,0.01366,0.02571,0.04743,0.42441,0.00598,0.17795,-61.58,4.488,-1,0.0000,-1.00,0.0000,0
34644,1790795464611,0.00635,0.01876,0.15050,0.00854,0.17427,0.00542,0.01853,0.03645,0.02264,0.28432,0.00855,0.26566,0.00376,0.01751,0.11856,0.00843,0.14650,0.00574,0.01871,0.02020,0.02546,0.31164,0.00911,0.31438,-61.36,3.412,-1,0.0000,-1.00,0.0000,0
34737,1790795464712,0.01991,0.02187,0.16295,0.00508,0.13891,0.00282,0.01944,0.08990,0.04168,0.38080,0.01109,0.10555,0.00684,0.01644,0.11038,0.00353,0.14212,0.00206,0.02003,0.08583,0.04925,0.42812,0.01288,0.12251,-60.42,4.570,-1,0.0000,-1.00,0.0000,0
34829,1790795464791,0.00838,0.01733,0.20935,0.00323,0.12625,0.00207,0.02135,0.04454,0.01686,0.48808,0.00565,0.05691,0.00227,0.01958,0.14035,0.00260,0.13862,0.00203,0.02167,0.02557,0.01962,0.55741,0.00637,0.06390,-59.92,5.857,-1,0.0000,-1.00,0.0000,0
34922,1790795464893,0.00242,0.01690,0.25009,0.01633,0.11945,0.00129,0.01384,0.04375,0.01312,0.35522,0.07558,0.09201,0.00115,0.01720,0.22008,0.00166,0.12179,0.00131,0.01314,0.00884,0.01540,0.40150,0.09030,0.10765,-59.30,4.263,-1,0.0000,-1.00,0.0000,0
35015,1790795464972,0.00660,0.03420,0.21767,0.00779,0.12779,0.00171,0.01555,0.04731,0.00935,0.39082,0.03024,0.11097,0.00328,0.03894,0.17298,0.00221,0.12718,0.00140,0.01045,0.02286,0.01076,0.44310,0.03595,0.13090,-59.33,4.690,-1,0.0000,-1.00,0.0000,0
35108,1790795465072,0.00940,0.14245,0.10890,0.01521,0.16896,0.00254,0.04678,0.03085,0.07247,0.20739,0.04306,0.15199,0.00689,0.15411,0.08780,0.00807,0.16732,0.00168,0.02454,0.02053,0.08520,0.21536,0.05126,0.17725,-59.44,2.489,-1,0.0000,-1.00,0.0000,0
35201,1790795465173,0.01056,0.15479,0.10642,0.00708,0.13461,0.00229,0.06334,0.04628,0.13005,0.10993,0.00801,0.22663,0.00574,0.15492,0.10570,0.00665,0.10924,0.00161,0.04516,0.03453,0.15451,0.11007,0.00928,0.26261,-58.95,2.720,-1,0.0000,-1.00,0.0000,0
35294,1790795465251,0.00716,0.05220,0.20453,0.00768,0.09757,0.00191,0.03423,0.04535,0.02062,0.35673,0.00529,0.16673,0.00414,0.05808,0.16340,0.00800,0.07847,0.00147,0.02950,0.02194,0.02301,0.41200,0.00604,0.19394,-59.16,4.281,-1,0.0000,-1.00,0.0000,0
35387,1790795465352,0.00573,0.03396,0.29888,0.01062,0.06343,0.00173,0.02007,0.06094,0.01100,0.31416,0.00904,0.17043,0.00359,0.03849,0.28492,0.01064,0.03604,0.00150,0.01642,0.01654,0.01107,0.36930,0.01053,0.20096,-59.53,3.770,-1,0.0000,-1.00,0.0000,0
35480,1790795465433,0.01040,0.01163,0.34683,0.00637,0.08602,0.00572,0.02126,0.07939,0.01326,0.18610,0.01210,0.22090,0.00798,0.01124,0.37341,0.00497,0.05151,0.00528,0.02303,0.02132,0.01491,0.21278,0.01346,0.26012,-60.53,4.162,-1,0.0000,-1.00,0.0000,0
35572,1790795465531,0.01055,0.09672,0.13375,0.00640,0.13443,0.00993,0.02408,0.05862,0.05433,0.17028,0.01605,0.28486,0.00355,0.10316,0.12351,0.00429,0.09374,0.01119,0.00831,0.04585,0.06425,0.18545,0.01702,0.33968,-61.45,3.418,-1,0.0000,-1.00,0.0000,0
35665,1790795465612,0.01586,0.18964,0.11033,0.00588,0.10181,0.00482,0.03938,0.09122,0.01677,0.11660,0.00588,0.30181,0.00149,0.22349,0.10649,0.00586,0.05038,0.00552,0.00280,0.08827,0.01893,0.12973,0.00595,0.36109,-61.61,3.622,-1,0.0000,-1.00,0.0000,0
35758,1790795465741,0.02225,0.20431,0.06328,0.00328,0.12707,0.00513,0.04158,0.11764,0.01659,0.08173,0.00650,0.31063,0.00103,0.24100,0.05949,0.00262,0.07856,0.00595,0.00202,0.12919,0.01936,0.08236,0.00661,0.37180,-62.27,3.728,-1,0.0000,-1.00,0.0000,0
35851,1790795465833,0.02070,0.23005,0.07044,0.00328,0.16886,0.00510,0.04506,0.11042,0.03471,0.08741,0.00670,0.21725,0.00131,0.26751,0.06957,0.00257,0.15077,0.00586,0.00096,0.11852,0.04108,0.07485,0.00686,0.26013,-62.80,2.761,-1,0.0000,-1.00,0.0000,0
35944,1790795465912,0.00886,0.33008,0.07153,0.00421,0.14172,0.00325,0.06512,0.05365,0.03213,0.06774,0.00485,0.21687,0.00077,0.38806,0.07426,0.00403,0.11834,0.00375,0.00110,0.04957,0.03770,0.05771,0.00507,0.25964,-62.95,3.961,-1,0.0000,-1.00,0.0000,0
36037,1790795466011,0.01484,0.32565,0.07290,0.00233,0.11524,0.00273,0.06495,0.08371,0.01766,0.05963,0.00310,0.23725,0.00090,0.38609,0.07640,0.00218,0.08178,0.00310,0.00129,0.08516,0.02073,0.05524,0.00310,0.28403,-63.32,3.908,-1,0.0000,-1.00,0.0000,0
36130,1790795466092,0.02664,0.32261,0.07406,0.00342,0.08392,0.00170,0.06453,0.14312,0.01336,0.06157,0.00387,0.20118,0.00095,0.38353,0.07619,0.00325,0.05283,0.00185,0.00130,0.15639,0.01536,0.06332,0.00427,0.24077,-63.66,3.871,-1,0.0000,-1.00,0.0000,0
36223,1790795466192,0.02437,0.38852,0.05261,0.00499,0.07820,0.00260,0.07840,0.12571,0.01090,0.07888,0.00474,0.15006,0.00117,0.46315,0.04659,0.00497,0.05814,0.00289,0.00213,0.14140,0.01207,0.08299,0.00511,0.17939,-63.47,4.662,-1,0.0000,-1.00,0.0000,0
36316,1790795466273,0.02385,0.33059,0.06388,0.00353,0.09383,0.00289,0.06693,0.11747,0.01173,0.10088,0.00525,0.17918,0.00280,0.39352,0.05533,0.00310,0.06988,0.00298,0.00203,0.12994,0.01344,0.10702,0.00569,0.21426,-63.75,3.967,-1,0.0000,-1.00,0.0000,0
36408,1790795466372,0.02552,0.26784,0.06272,0.01253,0.06979,0.01273,0.06228,0.08839,0.04426,0.11560,0.04711,0.19124,0.01149,0.31062,0.04921,0.00433,0.03871,0.01297,0.01305,0.09615,0.05214,0.13088,0.05388,0.22657,-61.67,3.214,-1,0.0000,-1.00,0.0000,0
36501,1790795466471,0.03170,0.17834,0.07035,0.02321,0.07267,0.02227,0.04910,0.12366,0.05209,0.19972,0.04755,0.12935,0.01015,0.20205,0.03905,0.01749,0.05708,0.02468,0.01878,0.14043,0.05873,0.22821,0.05209,0.15127,-60.19,2.397,-1,0.0000,-1.00,0.0000,0
36594,1790795466552,0.03630,0.24848,0.04408,0.01814,0.13675,0.01435,0.06057,0.14644,0.03195,0.09920,0.02472,0.13901,0.00951,0.29136,0.03442,0.01647,0.13143,0.01531,0.01482,0.16864,0.03502,0.09281,0.02658,0.16363,-58.24,2.982,-1,0.0000,-1.00,0.0000,0
36687,1790795466651,0.13661,0.05646,0.03059,0.08269,0.08564,0.09175,0.11039,0.12845,0.10577,0.05224,0.03549,0.08392,0.13409,0.04642,0.02727,0.09431,0.07783,0.09305,0.12302,0.14856,0.10789,0.04733,0.02408,0.07616,-54.29,1.639,-1,0.0000,-1.00,0.0000,0
36780,1790795466741,0.14723,0.08717,0.02439,0.04823,0.05392,0.13351,0.09712,0.02260,0.03314,0.09404,0.21093,0.04771,0.17139,0.09720,0.00885,0.01281,0.05268,0.13041,0.09705,0.02537,0.03659,0.10283,0.22689,0.03793,-55.19,2.531,-1,0.0000,-1.00,0.0000,0
36873,1790795466832,0.03318,0.13205,0.04229,0.01214,0.05270,0.35187,0.07653,0.04533,0.02148,0.06811,0.08576,0.07855,0.03042,0.15354,0.03634,0.01050,0.04690,0.41560,0.06126,0.04712,0.02365,0.07231,0.02038,0.08197,-58.63,4.222,-1,0.0000,-1.00,0.0000,0
36966,1790795466913,0.10688,0.00408,0.09515,0.00137,0.01108,0.25743,0.00260,0.00476,0.00225,0.45563,0.05028,0.00849,0.12718,0.00439,0.00622,0.00083,0.01135,0.28325,0.00225,0.00447,0.00254,0.54371,0.00409,0.00973,-54.08,5.468,-1,0.0000,-1.00,0.0000,0
37059,1790795467031,0.12526,0.01889,0.09097,0.00257,0.03330,0.18522,0.00697,0.01224,0.03355,0.42378,0.03690,0.03034,0.14756,0.01476,0.00962,0.00189,0.03291,0.19268,0.00542,0.01276,0.03974,0.50136,0.00602,0.03528,-54.99,5.085,-1,0.0000,-1.00,0.0000,0
37151,1790795467134,0.04273,0.14482,0.07041,0.03824,0.20229,0.05829,0.04682,0.08072,0.05420,0.11266,0.01705,0.13176,0.03433,0.16526,0.06327,0.04425,0.21201,0.06304,0.02334,0.08418,0.04269,0.10645,0.00794,0.15325,-57.16,2.427,-1,0.0000,-1.00,0.0000,0
37244,1790795467213,0.00135,0.02622,0.02486,0.01063,0.59983,0.00330,0.00633,0.00640,0.03064,0.12693,0.00194,0.16158,0.00113,0.02463,0.02638,0.01242,0.68046,0.00373,0.00265,0.00249,0.03425,0.01720,0.00159,0.19307,-53.45,7.198,-1,0.0000,-1.00,0.0000,0
37337,1790795467313,0.00931,0.03618,0.03063,0.01128,0.45749,0.00429,0.01740,0.01246,0.19596,0.09869,0.00492,0.12140,0.00158,0.00569,0.03370,0.01254,0.52021,0.00482,0.01938,0.00859,0.23232,0.01513,0.00493,0.14109,-52.81,5.490,-1,0.0000,-1.00,0.0000,0
37430,1790795467391,0.00223,0.00106,0.66649,0.00374,0.01308,0.01161,0.09742,0.13234,0.00418,0.03769,0.00369,0.02646,0.00221,0.00045,0.79021,0.00414,0.01396,0.01347,0.11626,0.00231,0.00419,0.04239,0.00175,0.00866,-53.68,7.998,-1,0.0000,-1.00,0.0000,0
37523,1790795467491,0.00074,0.00111,0.76913,0.00245,0.00634,0.00918,0.01155,0.15164,0.00111,0.03966,0.00208,0.00502,0.00072,0.00118,0.91245,0.00286,0.00694,0.01086,0.01360,0.00082,0.00076,0.04614,0.00034,0.00332,-55.15,9.230,-1,0.0000,-1.00,0.0000,0
37616,1790795467572,0.25562,0.03711,0.39959,0.00092,0.04202,0.06686,0.01572,0.11320,0.00402,0.05323,0.00524,0.00648,0.29756,0.04382,0.46805,0.00068,0.04921,0.02112,0.01015,0.04286,0.00442,0.05429,0.00209,0.00576,-55.05,4.795,-1,0.0000,-1.00,0.0000,0
37709,1790795467672,0.36495,0.01614,0.03228,0.00396,0.28370,0.07399,0.00586,0.12953,0.00233,0.07710,0.00661,0.00355,0.40785,0.01893,0.03369,0.00349,0.33923,0.00781,0.00327,0.14853,0.00210,0.02514,0.00637,0.00360,-55.57,4.379,-1,0.0000,-1.00,0.0000,0
37802,1790795467771,0.18259,0.02126,0.14280,0.01800,0.10629,0.09981,0.02327,0.07644,0.02438,0.19638,0.06223,0.04654,0.20362,0.02202,0.12878,0.00989,0.11714,0.07923,0.02144,0.06814,0.02584,0.21351,0.05886,0.05152,-59.32,2.357,-1,0.0000,-1.00,0.0000,0
37894,1790795467852,0.02306,0.01940,0.12962,0.00856,0.15857,0.03166,0.00742,0.03192,0.00672,0.54340,0.03128,0.00838,0.02137,0.02181,0.03363,0.00416,0.18819,0.03370,0.00457,0.03159,0.00723,0.61382,0.03080,0.00914,-60.56,6.521,-1,0.0000,-1.00,0.0000,0
37987,1790795467951,0.01705,0.02879,0.18588,0.00566,0.06753,0.03815,0.00935,0.05800,0.01271,0.55147,0.01523,0.01018,0.01036,0.03168,0.09482,0.00489,0.07869,0.04366,0.00488,0.05075,0.01426,0.64520,0.00959,0.01123,-61.70,6.618,-1,0.0000,-1.00,0.0000,0
38080,1790795468032,0.08342,0.03468,0.17669,0.00416,0.05091,0.08236,0.01868,0.06207,0.00703,0.44278,0.01934,0.01788,0.08945,0.04002,0.10880,0.00358,0.05731,0.08096,0.01422,0.05304,0.00771,0.51919,0.00712,0.01861,-58.96,5.313,-1,0.0000,-1.00,0.0000,0
38173,1790795468129,0.75143,0.01164,0.02289,0.00340,0.00254,0.15201,0.00287,0.01759,0.00036,0.01800,0.01669,0.00058,0.89713,0.01387,0.02326,0.00028,0.00293,0.00430,0.00069,0.01647,0.00038,0.02099,0.01914,0.00056,-54.69,9.017,-1,0.0000,-1.00,0.0000,0
38266,1790795468209,0.65501,0.00393,0.03041,0.00518,0.01605,0.13901,0.00211,0.01677,0.00102,0.05327,0.02490,0.05235,0.78182,0.00450,0.02405,0.00075,0.00686,0.01158,0.00161,0.01535,0.00103,0.06251,0.02754,0.06241,-55.09,7.860,-1,0.0000,-1.00,0.0000,0
38359,1790795468332,0.09589,0.00834,0.09936,0.03821,0.02840,0.03403,0.00709,0.03962,0.00449,0.36461,0.19353,0.08644,0.10675,0.00897,0.03299,0.00058,0.01371,0.01966,0.00671,0.04094,0.00526,0.43418,0.22800,0.10225,-57.96,4.375,-1,0.0000,-1.00,0.0000,0
38452,1790795468429,0.03481,0.00621,0.16109,0.00228,0.02355,0.02814,0.00755,0.04427,0.00054,0.66497,0.01261,0.01399,0.03261,0.00735,0.03606,0.00081,0.02519,0.02725,0.00759,0.04589,0.00049,0.79180,0.00971,0.01526,-58.87,7.980,-1,0.0000,-1.00,0.0000,0
38545,1790795468507,0.06424,0.01394,0.17499,0.00609,0.07817,0.06748,0.03155,0.12437,0.00767,0.36843,0.02485,0.03823,0.05226,0.01515,0.12554,0.00416,0.08595,0.07050,0.03480,0.12414,0.00837,0.42442,0.01580,0.03891,-60.09,4.421,-1,0.0000,-1.00,0.0000,0
38638,1790795468613,0.10079,0.00704,0.14910,0.00490,0.09602,0.04492,0.02609,0.26155,0.00413,0.23718,0.00917,0.05911,0.06346,0.00782,0.12634,0.00532,0.10214,0.04128,0.02971,0.28835,0.00389,0.26394,0.00281,0.06494,-61.28,3.139,-1,0.0000,-1.00,0.0000,0
38730,1790795468690,0.13048,0.00675,0.22507,0.00176,0.07831,0.02835,0.01352,0.32888,0.00495,0.15743,0.00737,0.01712,0.08751,0.00704,0.23585,0.00101,0.09037,0.01662,0.01479,0.34735,0.00574,0.17072,0.00554,0.01746,-62.40,3.947,-1,0.0000,-1.00,0.0000,0
38823,1790795468789,0.07588,0.00600,0.17152,0.00606,0.09923,0.02099,0.01631,0.16383,0.01384,0.40494,0.00875,0.01265,0.05640,0.00425,0.11391,0.00574,0.11664,0.01398,0.01869,0.17373,0.01544,0.46209,0.00771,0.01142,-60.17,4.859,-1,0.0000,-1.00,0.0000,0
38916,1790795468871,0.02696,0.00119,0.19085,0.00173,0.06803,0.01346,0.00663,0.10804,0.00195,0.57253,0.00491,0.00372,0.01056,0.00102,0.09587,0.00146,0.08096,0.01403,0.00774,0.11045,0.00205,0.66997,0.00311,0.00277,-59.75,6.870,-1,0.0000,-1.00,0.0000,0
39009,1790795468971,0.03622,0.00208,0.19244,0.00249,0.05905,0.02636,0.00804,0.13413,0.00322,0.51801,0.01246,0.00550,0.01595,0.00180,0.11028,0.00114,0.06984,0.02842,0.00927,0.13886,0.00363,0.60686,0.00930,0.00465,-60.47,6.216,-1,0.0000,-1.00,0.0000,0
39102,1790795469071,0.04079,0.06101,0.11992,0.00160,0.13437,0.03079,0.01614,0.07782,0.04851,0.45500,0.00817,0.00589,0.03205,0.06165,0.04188,0.00118,0.15989,0.03054,0.00712,0.08495,0.05782,0.51358,0.00373,0.00562,-59.49,5.460,-1,0.0000,-1.00,0.0000,0
39195,1790795469152,0.01172,0.03415,0.13334,0.00160,0.10759,0.03415,0.01062,0.03934,0.00068,0.61322,0.00956,0.00404,0.00541,0.04085,0.01914,0.00121,0.12814,0.03984,0.00463,0.04334,0.00057,0.70938,0.00355,0.00393,-59.29,7.359,-1,0.0000,-1.00,0.0000,0
39288,1790795469252,0.09127,0.00435,0.09898,0.02942,0.05232,0.05632,0.00428,0.02107,0.00503,0.32349,0.15157,0.16191,0.10603,0.00406,0.04267,0.00113,0.02291,0.04796,0.00432,0.01679,0.00581,0.38307,0.17211,0.19315,-56.52,3.882,-1,0.0000,-1.00,0.0000,0
39381,1790795469330,0.70107,0.00020,0.02653,0.00244,0.00943,0.14814,0.00044,0.03597,0.00064,0.04836,0.01275,0.01404,0.83230,0.00011,0.02062,0.00038,0.00799,0.01251,0.00051,0.03901,0.00069,0.05637,0.01280,0.01672,-55.80,8.413,-1,0.0000,-1.00,0.0000,0
39473,1790795469432,0.24690,0.00256,0.20919,0.00661,0.03325,0.10696,0.00412,0.04404,0.00607,0.26438,0.02765,0.04828,0.29286,0.00179,0.18898,0.00410,0.02857,0.07011,0.00458,0.01531,0.00646,0.31113,0.01923,0.05689,-58.26,3.173,-1,0.0000,-1.00,0.0000,0
39566,1790795469512,0.05095,0.02054,0.11949,0.02920,0.15393,0.03260,0.10870,0.09551,0.09835,0.21517,0.03296,0.04259,0.04900,0.00509,0.09658,0.02832,0.18079,0.02935,0.12924,0.09530,0.09917,0.23505,0.03367,0.01843,-56.83,2.582,-1,0.0000,-1.00,0.0000,0
39659,1790795469633,0.06197,0.01802,0.10751,0.01003,0.15945,0.01838,0.07619,0.15675,0.03748,0.32547,0.00928,0.01948,0.03925,0.01348,0.05867,0.01037,0.18992,0.01424,0.08862,0.17620,0.04132,0.35388,0.00829,0.00577,-55.78,3.906,-1,0.0000,-1.00,0.0000,0
39752,1790795469739,0.05456,0.04610,0.08814,0.01233,0.06433,0.07510,0.14804,0.11690,0.15408,0.13032,0.07128,0.03882,0.04061,0.01963,0.07665,0.00106,0.07467,0.08194,0.17347,0.12491,0.17964,0.14612,0.06917,0.01213,-56.32,1.849,-1,0.0000,-1.00,0.0000,0
39845,1790795469812,0.03755,0.00903,0.13473,0.05713,0.03139,0.09679,0.03422,0.10560,0.04600,0.14051,0.21614,0.09091,0.02093,0.00478,0.12876,0.02150,0.01759,0.11183,0.04005,0.10101,0.05086,0.16488,0.23682,0.10099,-57.41,2.594,-1,0.0000,-1.00,0.0000,0
39938,1790795469912,0.04513,0.01421,0.14668,0.02821,0.03053,0.14524,0.05422,0.14736,0.09881,0.11514,0.12002,0.05446,0.01723,0.00159,0.14943,0.01200,0.02615,0.17061,0.06387,0.14774,0.11601,0.13278,0.10999,0.05259,-58.29,1.768,-1,0.0000,-1.00,0.0000,0
40031,1790795469991,0.03052,0.01212,0.17289,0.04071,0.02160,0.16035,0.00948,0.08731,0.05517,0.16550,0.21132,0.03303,0.02238,0.00165,0.16856,0.00597,0.01808,0.18808,0.01063,0.07160,0.06492,0.19472,0.21593,0.03747,-59.76,2.536,-1,0.0000,-1.00,0.0000,0
40124,1790795470091,0.03612,0.01060,0.09111,0.02489,0.03206,0.28963,0.02196,0.04248,0.04077,0.15917,0.16522,0.08599,0.03535,0.00367,0.07210,0.00394,0.01896,0.34004,0.02473,0.03746,0.04807,0.18697,0.13056,0.09813,-63.32,3.476,-1,0.0000,-1.00,0.0000,0
40216,1790795470171,0.01399,0.00529,0.25279,0.03750,0.05667,0.04669,0.01118,0.05699,0.02250,0.26734,0.17203,0.05703,0.01281,0.00164,0.24137,0.00618,0.05468,0.05366,0.01262,0.02089,0.02480,0.31044,0.19549,0.06543,-61.66,3.208,-1,0.0000,-1.00,0.0000,0
40309,1790795470271,0.01518,0.01334,0.23474,0.03463,0.08629,0.01802,0.01418,0.08025,0.05301,0.22987,0.15552,0.06498,0.01013,0.00361,0.23016,0.00533,0.08899,0.01959,0.01627,0.05053,0.06244,0.25782,0.18246,0.07267,-61.40,2.817,-1,0.0000,-1.00,0.0000,0
40402,1790795470371,0.03235,0.02399,0.21721,0.07218,0.05846,0.01678,0.04584,0.20181,0.12194,0.13680,0.02813,0.04451,0.00524,0.00352,0.22967,0.08055,0.06267,0.01907,0.05268,0.19784,0.12728,0.15436,0.02992,0.03720,-56.65,2.607,-1,0.0000,-1.00,0.0000,0
40495,1790795470452,0.03398,0.03493,0.09784,0.12113,0.10931,0.14251,0.01817,0.04438,0.20171,0.07036,0.04247,0.08322,0.03131,0.00226,0.10438,0.14153,0.11191,0.16455,0.01759,0.03621,0.21096,0.06481,0.01826,0.09623,-55.96,2.421,-1,0.0000,-1.00,0.0000,0
40588,1790795470551,0.01237,0.02811,0.42600,0.00846,0.15631,0.04280,0.01030,0.08529,0.02518,0.15487,0.02029,0.03001,0.01286,0.02855,0.48075,0.00724,0.18043,0.04874,0.00655,0.00703,0.02874,0.14980,0.01464,0.03466,-59.83,5.112,-1,0.0000,-1.00,0.0000,0
40681,1790795470632,0.01481,0.00248,0.14953,0.24718,0.29406,0.01637,0.01540,0.02989,0.05872,0.14785,0.00780,0.01592,0.01682,0.00067,0.15769,0.29502,0.34808,0.01749,0.01829,0.00459,0.01168,0.10835,0.00588,0.01545,-57.96,3.529,-1,0.0000,-1.00,0.0000,0
40774,1790795470739,0.01293,0.00070,0.08205,0.00782,0.01978,0.67400,0.00028,0.01560,0.00500,0.04355,0.13528,0.00301,0.01532,0.00000,0.08887,0.00885,0.02301,0.80458,0.00034,0.00108,0.00423,0.04762,0.00260,0.00351,-57.31,8.088,-1,0.0000,-1.00,0.0000,0
40867,1790795470811,0.00741,0.00291,0.09142,0.00108,0.12184,0.54205,0.00032,0.01675,0.01377,0.07936,0.10873,0.01437,0.00872,0.00025,0.09629,0.00092,0.14260,0.64777,0.00033,0.00098,0.01629,0.06684,0.00187,0.01713,-56.95,6.505,10,0.9647,116.71,0.9647,1
40959,1790795470934,0.00213,0.01922,0.04037,0.00646,0.51846,0.02330,0.00073,0.00975,0.09664,0.11738,0.00606,0.15948,0.00195,0.00038,0.04341,0.00739,0.58339,0.02754,0.00079,0.00308,0.11429,0.02505,0.00181,0.19094,-56.16,6.222,-1,0.0000,-1.00,0.0000,0
41052,1790795471032,0.00517,0.00401,0.42027,0.01520,0.11459,0.17688,0.01274,0.07610,0.01847,0.09036,0.04028,0.02592,0.00505,0.00118,0.48728,0.01694,0.13132,0.21094,0.00429,0.00533,0.01878,0.08224,0.00645,0.03021,-57.87,5.043,-1,0.0000,-1.00,0.0000,0
41145,1790795471112,0.06821,0.00972,0.24832,0.17757,0.01564,0.17723,0.03542,0.04567,0.04816,0.04918,0.09707,0.02782,0.08024,0.00841,0.28639,0.19743,0.01344,0.19646,0.03344,0.00528,0.01857,0.05626,0.07737,0.02671,-57.48,2.980,-1,0.0000,-1.00,0.0000,0
41238,1790795471209,0.02624,0.00975,0.55465,0.16193,0.00299,0.02486,0.01170,0.10995,0.03218,0.03677,0.02532,0.00365,0.03111,0.01146,0.65599,0.18894,0.00318,0.02362,0.01175,0.00170,0.00111,0.04343,0.02565,0.00205,-55.75,6.656,-1,0.0000,-1.00,0.0000,0
41331,1790795471291,0.01920,0.02294,0.73781,0.00310,0.00168,0.03539,0.00591,0.14627,0.00039,0.00673,0.01964,0.00093,0.02295,0.02742,0.88254,0.00054,0.00184,0.03788,0.00164,0.00032,0.00033,0.00773,0.01603,0.00079,-55.78,8.854,-1,0.0000,-1.00,0.0000,0
41424,1790795471392,0.12463,0.02070,0.25589,0.10182,0.01008,0.21853,0.02370,0.04136,0.02886,0.03329,0.13563,0.00551,0.14723,0.02184,0.29913,0.09893,0.01091,0.23266,0.00291,0.01142,0.01494,0.03776,0.11639,0.00587,-56.37,3.071,-1,0.0000,-1.00,0.0000,0
41517,1790795471475,0.18838,0.10664,0.07106,0.03828,0.01677,0.04269,0.02148,0.17763,0.00795,0.12972,0.19503,0.00438,0.18443,0.12717,0.05508,0.00011,0.01907,0.01460,0.00053,0.20192,0.00950,0.15165,0.23080,0.00514,-55.65,2.340,-1,0.0000,-1.00,0.0000,0
41610,1790795471570,0.47643,0.00046,0.04638,0.02642,0.01199,0.13357,0.01087,0.12992,0.00274,0.03030,0.12088,0.01004,0.54194,0.00013,0.04882,0.00503,0.01211,0.05300,0.01299,0.14601,0.00217,0.03402,0.13433,0.00946,-55.55,5.717,-1,0.0000,-1.00,0.0000,0
41703,1790795471671,0.04754,0.00306,0.11899,0.04251,0.02566,0.12132,0.00715,0.03339,0.00247,0.29457,0.21104,0.09230,0.05185,0.00336,0.07296,0.00612,0.00912,0.13511,0.00783,0.02561,0.00174,0.35115,0.22610,0.10904,-57.15,3.535,-1,0.0000,-1.00,0.0000,0
41795,1790795471751,0.04253,0.00529,0.19460,0.00707,0.01424,0.07587,0.00337,0.05176,0.00347,0.53348,0.03695,0.03137,0.04286,0.00564,0.10683,0.00294,0.00967,0.08248,0.00288,0.04088,0.00357,0.63732,0.02792,0.03702,-59.67,6.402,-1,0.0000,-1.00,0.0000,0
41888,1790795471851,0.13312,0.00508,0.20511,0.03173,0.04011,0.05943,0.01185,0.07666,0.01405,0.14601,0.09896,0.17789,0.15009,0.00341,0.21132,0.01614,0.00644,0.04146,0.01352,0.04996,0.01351,0.17381,0.11036,0.20999,-59.12,2.461,-1,0.0000,-1.00,0.0000,0
41981,1790795471931,0.57681,0.00144,0.09000,0.00693,0.01518,0.13990,0.00515,0.03154,0.00192,0.04726,0.02614,0.05771,0.68733,0.00146,0.09679,0.00334,0.00446,0.03161,0.00485,0.01964,0.00164,0.05575,0.02506,0.06807,-58.67,6.922,-1,0.0000,-1.00,0.0000,0
42074,1790795472031,0.09137,0.01215,0.22828,0.06376,0.01553,0.09243,0.00716,0.06223,0.00979,0.05596,0.31482,0.04652,0.10455,0.01261,0.26054,0.00515,0.00776,0.09003,0.00498,0.02402,0.01069,0.06554,0.35938,0.05475,-61.07,3.778,-1,0.0000,-1.00,0.0000,0
42167,1790795472132,0.19145,0.00323,0.12170,0.01618,0.01080,0.08864,0.00475,0.09062,0.00965,0.35924,0.08344,0.02030,0.20991,0.00201,0.06082,0.00211,0.00833,0.06460,0.00529,0.09653,0.01114,0.42881,0.08717,0.02328,-61.34,4.311,-1,0.0000,-1.00,0.0000,0
42260,1790795472236,0.11583,0.00304,0.12689,0.01223,0.00706,0.09587,0.00638,0.04779,0.00660,0.48795,0.07242,0.01794,0.12853,0.00245,0.03629,0.00097,0.00447,0.08940,0.00703,0.05020,0.00762,0.58389,0.06906,0.02010,-61.76,5.855,-1,0.0000,-1.00,0.0000,0
42353,1790795472331,0.17353,0.00370,0.15470,0.03722,0.04922,0.13939,0.00897,0.09269,0.02222,0.23957,0.05396,0.02484,0.19034,0.00060,0.13056,0.03686,0.05335,0.12929,0.00709,0.08872,0.01932,0.27648,0.03903,0.02836,-61.38,2.875,-1,0.0000,-1.00,0.0000,0
42446,1790795472410,0.16963,0.00640,0.12520,0.01327,0.00968,0.13543,0.00349,0.40080,0.02220,0.03733,0.04067,0.03590,0.11360,0.00288,0.14125,0.01173,0.00322,0.13976,0.00361,0.45225,0.02414,0.04423,0.02103,0.04229,-61.69,4.810,-1,0.0000,-1.00,0.0000,0
42538,1790795472509,0.09433,0.00791,0.09459,0.02141,0.03782,0.07194,0.12995,0.17057,0.00666,0.22403,0.10013,0.04066,0.07491,0.00812,0.06177,0.00468,0.04172,0.07135,0.15410,0.19213,0.00706,0.26017,0.10583,0.01817,-60.14,2.688,-1,0.0000,-1.00,0.0000,0
42631,1790795472592,0.02864,0.05050,0.13255,0.00085,0.09079,0.01577,0.02792,0.02182,0.00158,0.62060,0.00380,0.00517,0.02973,0.06029,0.01555,0.00063,0.10840,0.01300,0.02147,0.02310,0.00114,0.72277,0.00198,0.00194,-58.18,7.447,-1,0.0000,-1.00,0.0000,0
42724,1790795472690,0.06394,0.00798,0.14413,0.00759,0.01889,0.02096,0.00322,0.02894,0.00037,0.66576,0.03594,0.00229,0.07033,0.00953,0.01543,0.00099,0.02213,0.01121,0.00197,0.03162,0.00023,0.79337,0.04084,0.00235,-59.94,7.989,-1,0.0000,-1.00,0.0000,0
42817,1790795472770,0.48458,0.00401,0.03279,0.06355,0.08157,0.10149,0.00986,0.09412,0.02157,0.06797,0.00966,0.02882,0.55920,0.00262,0.02674,0.07428,0.09132,0.01075,0.01074,0.10803,0.01112,0.06334,0.00945,0.03240,-56.18,5.815,-1,0.0000,-1.00,0.0000,0
42910,1790795472872,0.27820,0.00414,0.00367,0.00423,0.08668,0.03701,0.00203,0.52901,0.01462,0.01976,0.01917,0.00149,0.20781,0.00155,0.00374,0.00064,0.10359,0.00315,0.00199,0.63327,0.01721,0.00332,0.02235,0.00139,-54.44,6.348,-1,0.0000,-1.00,0.0000,0
43003,1790795472971,0.40495,0.07084,0.01585,0.00495,0.02217,0.10607,0.00999,0.07377,0.19910,0.02713,0.02727,0.03790,0.45668,0.04917,0.01324,0.00089,0.01765,0.03656,0.00222,0.08577,0.23839,0.02901,0.02543,0.04498,-57.58,4.859,-1,0.0000,-1.00,0.0000,0
43096,1790795473052,0.06543,0.03346,0.09758,0.00743,0.07701,0.01013,0.01029,0.19887,0.01273,0.41475,0.02706,0.04526,0.03201,0.03718,0.02161,0.00270,0.08173,0.00579,0.00496,0.23402,0.01470,0.48079,0.03128,0.05324,-57.56,4.977,-1,0.0000,-1.00,0.0000,0
43189,1790795473152,0.07456,0.01204,0.08094,0.00176,0.05802,0.00403,0.00378,0.35738,0.00577,0.38406,0.00807,0.00960,0.00478,0.01307,0.00841,0.00035,0.06732,0.00388,0.00193,0.42657,0.00684,0.44685,0.00890,0.01112,-55.51,4.609,-1,0.0000,-1.00,0.0000,0
43281,1790795473245,0.06916,0.05864,0.07365,0.00418,0.07884,0.00876,0.01983,0.33114,0.00368,0.32803,0.01755,0.00653,0.00464,0.06956,0.01400,0.00122,0.09331,0.00958,0.00997,0.39401,0.00417,0.37456,0.01913,0.00585,-56.33,3.974,-1,0.0000,-1.00,0.0000,0
43374,1790795473332,0.07891,0.02777,0.11953,0.01608,0.04753,0.04389,0.02927,0.17213,0.01191,0.36230,0.07308,0.01761,0.05588,0.03058,0.05927,0.00355,0.05352,0.04188,0.02845,0.19506,0.01356,0.42352,0.07926,0.01546,-59.61,4.348,-1,0.0000,-1.00,0.0000,0
43467,1790795473432,0.10925,0.01573,0.17052,0.02888,0.02320,0.08033,0.02507,0.09024,0.04476,0.24052,0.13217,0.03934,0.11589,0.00856,0.14785,0.00610,0.01970,0.07327,0.02834,0.07882,0.05185,0.28486,0.14384,0.04091,-64.37,2.886,-1,0.0000,-1.00,0.0000,0
43560,1790795473531,0.03728,0.01963,0.15417,0.03752,0.03201,0.05101,0.07314,0.15883,0.06510,0.14484,0.17022,0.05625,0.01895,0.00901,0.15081,0.00678,0.02958,0.05736,0.08564,0.16064,0.07325,0.17110,0.19259,0.04429,-61.91,2.043,-1,0.0000,-1.00,0.0000,0
43653,1790795473631,0.06507,0.02678,0.13236,0.04540,0.03026,0.12718,0.03016,0.08419,0.09501,0.09724,0.20195,0.06440,0.07025,0.01034,0.13642,0.01187,0.02374,0.13846,0.03409,0.07384,0.11139,0.11192,0.21453,0.06315,-60.91,2.423,-1,0.0000,-1.00,0.0000,0
43746,1790795473712,0.09770,0.07381,0.17634,0.04248,0.11865,0.19218,0.02751,0.04594,0.01405,0.06689,0.12311,0.02135,0.11290,0.08744,0.20030,0.02983,0.13762,0.20790,0.01320,0.01776,0.00833,0.05546,0.10630,0.02296,-58.06,2.306,-1,0.0000,-1.00,0.0000,0
43839,1790795473816,0.02255,0.08917,0.11526,0.01896,0.31214,0.06691,0.03827,0.01978,0.00620,0.21517,0.08748,0.00811,0.02273,0.10589,0.10138,0.00491,0.37238,0.07567,0.00716,0.02131,0.00518,0.18528,0.08982,0.00829,-56.59,3.746,-1,0.0000,-1.00,0.0000,0
43932,1790795473892,0.05755,0.03324,0.04387,0.00750,0.27985,0.03084,0.01813,0.23251,0.01946,0.23081,0.02344,0.02279,0.01365,0.03588,0.01073,0.00477,0.33049,0.03425,0.01456,0.27653,0.02237,0.21105,0.02130,0.02443,-57.31,3.358,-1,0.0000,-1.00,0.0000,0
44025,1790795473992,0.19801,0.01008,0.02281,0.01102,0.12200,0.02883,0.03036,0.33933,0.02521,0.03718,0.02989,0.14527,0.15728,0.00689,0.02264,0.00625,0.11275,0.00367,0.03497,0.40215,0.02751,0.02365,0.03508,0.16714,-57.22,4.072,-1,0.0000,-1.00,0.0000,0
44117,1790795474071,0.28245,0.00936,0.01294,0.00372,0.16461,0.04645,0.00449,0.29494,0.00343,0.03135,0.01819,0.12807,0.26895,0.01041,0.01462,0.00023,0.16695,0.00234,0.00329,0.35054,0.00406,0.00447,0.02133,0.15280,-57.03,3.539,-1,0.0000,-1.00,0.0000,0
44210,1790795474172,0.22063,0.00702,0.02873,0.00738,0.18574,0.04739,0.01267,0.14162,0.02798,0.03351,0.02288,0.26445,0.23193,0.00194,0.03274,0.00384,0.15991,0.01121,0.01437,0.16362,0.03270,0.00852,0.02520,0.31402,-58.03,3.173,-1,0.0000,-1.00,0.0000,0
44303,1790795474273,0.08105,0.01807,0.02715,0.01274,0.21546,0.01494,0.00823,0.14517,0.07880,0.04031,0.05320,0.30488,0.06395,0.00306,0.03024,0.00285,0.18565,0.00571,0.00926,0.16795,0.09380,0.01155,0.06262,0.36335,-58.21,3.659,-1,0.0000,-1.00,0.0000,0
44396,1790795474352,0.12465,0.01129,0.02247,0.02021,0.15351,0.04874,0.02805,0.21168,0.01725,0.06707,0.06778,0.22731,0.10028,0.00981,0.01615,0.00963,0.13130,0.03852,0.03153,0.25057,0.01876,0.05434,0.07358,0.26553,-57.63,2.728,-1,0.0000,-1.00,0.0000,0
44489,1790795474451,0.33417,0.00706,0.01969,0.03290,0.04070,0.14435,0.01074,0.18556,0.01377,0.08057,0.09698,0.03352,0.35656,0.00623,0.00608,0.02040,0.04130,0.10228,0.01106,0.22170,0.01246,0.08835,0.09592,0.03764,-57.48,4.010,-1,0.0000,-1.00,0.0000,0
44582,1790795474531,0.52557,0.00238,0.02182,0.01301,0.02480,0.14219,0.00452,0.08983,0.00469,0.10912,0.03857,0.02350,0.60846,0.00208,0.00115,0.00839,0.02420,0.04989,0.00498,0.10743,0.00387,0.12604,0.03633,0.02717,-57.01,6.307,-1,0.0000,-1.00,0.0000,0
44675,1790795474632,0.54140,0.00324,0.01299,0.01558,0.01611,0.15672,0.00495,0.13030,0.01120,0.05924,0.02734,0.02094,0.61786,0.00180,0.00196,0.01485,0.01180,0.06805,0.00557,0.15574,0.01047,0.06865,0.01926,0.02399,-55.95,6.497,-1,0.0000,-1.00,0.0000,0
44768,1790795474744,0.04417,0.21435,0.50180,0.00176,0.00397,0.02197,0.06639,0.08473,0.00761,0.03462,0.00872,0.00991,0.05157,0.25531,0.59316,0.00067,0.00269,0.01610,0.00730,0.00558,0.00899,0.04095,0.00726,0.01043,-55.07,6.022,-1,0.0000,-1.00,0.0000,0
44860,1790795474832,0.01180,0.60530,0.16708,0.00173,0.00371,0.01882,0.12425,0.03389,0.00395,0.01762,0.00731,0.00455,0.01310,0.72443,0.19614,0.00112,0.00344,0.01995,0.00150,0.00550,0.00449,0.02045,0.00481,0.00507,-54.54,7.264,-1,0.0000,-1.00,0.0000,0
44953,1790795474932,0.00652,0.00236,0.79009,0.00551,0.00143,0.01392,0.03035,0.13119,0.00203,0.00891,0.00437,0.00332,0.00708,0.00259,0.94463,0.00617,0.00101,0.01527,0.00214,0.00364,0.00121,0.01048,0.00221,0.00356,-53.95,9.481,-1,0.0000,-1.00,0.0000,0
45046,1790795475011,0.21977,0.25691,0.30921,0.00333,0.00137,0.06412,0.05243,0.06662,0.00261,0.00974,0.01007,0.00382,0.26180,0.30738,0.36822,0.00258,0.00079,0.02494,0.00126,0.00745,0.00259,0.01154,0.00712,0.00432,-54.66,3.711,-1,0.0000,-1.00,0.0000,0
45139,1790795475112,0.01503,0.06167,0.22049,0.48875,0.00202,0.02328,0.01326,0.05456,0.09827,0.00753,0.01036,0.00478,0.01536,0.07351,0.26246,0.58415,0.00133,0.02486,0.00132,0.01335,0.00195,0.00876,0.00748,0.00546,-56.74,5.865,-1,0.0000,-1.00,0.0000,0
45232,1790795475191,0.07316,0.08617,0.44550,0.04042,0.01476,0.09532,0.03090,0.10384,0.01681,0.02031,0.03900,0.03380,0.08278,0.10132,0.52940,0.04301,0.01020,0.09780,0.01367,0.02276,0.01161,0.02231,0.02734,0.03779,-58.94,5.346,-1,0.0000,-1.00,0.0000,0
45325,1790795475292,0.06742,0.02762,0.09412,0.05771,0.04490,0.19679,0.02950,0.06240,0.04060,0.11646,0.14688,0.11560,0.06862,0.02515,0.08616,0.04303,0.02659,0.22299,0.02665,0.06140,0.04011,0.13428,0.13179,0.13323,-60.40,2.361,-1,0.0000,-1.00,0.0000,0
45418,1790795475371,0.11010,0.01214,0.09345,0.07614,0.02235,0.21765,0.01721,0.10220,0.04134,0.12065,0.11109,0.07568,0.10997,0.00857,0.08369,0.07424,0.00953,0.23899,0.01869,0.10611,0.03482,0.14267,0.08573,0.08698,-60.63,2.612,-1,0.0000,-1.00,0.0000,0
45511,1790795475471,0.10290,0.10119,0.30590,0.09777,0.01115,0.04884,0.05664,0.08162,0.03644,0.07751,0.04836,0.03166,0.11756,0.11687,0.34837,0.10705,0.00759,0.03522,0.04444,0.02900,0.02212,0.09170,0.05096,0.02912,-56.53,3.671,-1,0.0000,-1.00,0.0000,0
45603,1790795475571,0.03633,0.08398,0.47012,0.06972,0.00768,0.04334,0.09770,0.04630,0.02332,0.06746,0.02693,0.02712,0.03981,0.09828,0.54739,0.07888,0.00374,0.04408,0.02596,0.01859,0.01209,0.08031,0.02353,0.02734,-55.68,5.641,-1,0.0000,-1.00,0.0000,0
45696,1790795475653,0.14407,0.00629,0.15584,0.02971,0.01662,0.33875,0.03528,0.05444,0.03380,0.04555,0.09744,0.04220,0.16159,0.00481,0.17633,0.02718,0.01073,0.37448,0.03658,0.03502,0.03505,0.05252,0.04252,0.04320,-59.04,4.065,-1,0.0000,-1.00,0.0000,0
45789,1790795475751,0.06409,0.14768,0.11913,0.02350,0.01189,0.15526,0.13360,0.03232,0.12509,0.08730,0.04894,0.05120,0.07342,0.14866,0.12230,0.02327,0.00722,0.17149,0.13061,0.01448,0.14528,0.10318,0.02465,0.03546,-54.91,1.863,-1,0.0000,-1.00,0.0000,0
45882,1790795475832,0.01794,0.02634,0.16471,0.00674,0.00422,0.01010,0.46031,0.03785,0.01056,0.14816,0.00999,0.10309,0.01976,0.02936,0.16225,0.00603,0.00221,0.00818,0.54563,0.01329,0.01143,0.17711,0.01034,0.01440,-53.48,5.524,-1,0.0000,-1.00,0.0000,0
45975,1790795475932,0.07424,0.01347,0.30727,0.01589,0.04024,0.05178,0.07784,0.08260,0.01311,0.11342,0.04524,0.16490,0.08249,0.01370,0.34173,0.01008,0.01260,0.04569,0.09049,0.03130,0.01367,0.13344,0.04515,0.17965,-55.64,3.687,-1,0.0000,-1.00,0.0000,0
46068,1790795476032,0.25280,0.03470,0.06174,0.04968,0.04126,0.12316,0.06531,0.05321,0.01829,0.04549,0.17778,0.07659,0.29236,0.03853,0.06447,0.02082,0.03403,0.08962,0.07061,0.05098,0.01759,0.04796,0.19526,0.07777,-56.05,3.034,-1,0.0000,-1.00,0.0000,0
46161,1790795476132,0.66921,0.00142,0.04616,0.01258,0.01167,0.14399,0.01324,0.02834,0.00379,0.01378,0.04765,0.00816,0.79645,0.00099,0.05250,0.00434,0.01239,0.01477,0.01183,0.02740,0.00359,0.01415,0.05416,0.00744,-56.88,8.031,-1,0.0000,-1.00,0.0000,0
46254,1790795476244,0.30796,0.00907,0.05624,0.03858,0.02450,0.11802,0.03286,0.08007,0.02373,0.04941,0.18219,0.07737,0.35177,0.00567,0.05613,0.00576,0.01244,0.07168,0.03622,0.08684,0.02729,0.05674,0.20410,0.08533,-58.73,3.696,-1,0.0000,-1.00,0.0000,0
46347,1790795476316,0.07593,0.01885,0.10148,0.01711,0.17705,0.04747,0.01434,0.15443,0.00593,0.24345,0.08051,0.06345,0.05988,0.02147,0.07150,0.00315,0.19814,0.04502,0.01283,0.17096,0.00619,0.25273,0.08754,0.07058,-58.05,2.921,-1,0.0000,-1.00,0.0000,0
46439,1790795476412,0.04898,0.01116,0.15647,0.00404,0.20988,0.03349,0.00624,0.12621,0.00862,0.36049,0.01810,0.01632,0.03309,0.01140,0.11159,0.00186,0.24773,0.03366,0.00522,0.12911,0.00996,0.38285,0.01501,0.01852,-58.59,4.326,-1,0.0000,-1.00,0.0000,0
46532,1790795476492,0.07476,0.01784,0.09756,0.02489,0.02155,0.04911,0.03611,0.12497,0.07631,0.35297,0.03698,0.08696,0.06037,0.00487,0.03332,0.02288,0.00681,0.04687,0.04176,0.14368,0.08690,0.42160,0.03502,0.09592,-57.24,4.236,-1,0.0000,-1.00,0.0000,0
46625,1790795476592,0.43659,0.01331,0.01234,0.03202,0.01551,0.09805,0.01691,0.08880,0.06601,0.03866,0.12824,0.05356,0.50197,0.00091,0.00587,0.00861,0.00665,0.01798,0.02009,0.10525,0.07738,0.04500,0.15010,0.06019,-56.64,5.239,-1,0.0000,-1.00,0.0000,0
46718,1790795476672,0.14033,0.06003,0.04781,0.04940,0.02322,0.09591,0.01719,0.07606,0.25234,0.07655,0.10006,0.06111,0.15108,0.01359,0.03965,0.03877,0.01392,0.08497,0.01551,0.08567,0.29468,0.08897,0.10305,0.07015,-57.46,3.028,-1,0.0000,-1.00,0.0000,0
46811,1790795476772,0.12556,0.03612,0.04020,0.01268,0.08981,0.05710,0.00714,0.26890,0.14723,0.14111,0.03024,0.04390,0.08731,0.00870,0.01848,0.01002,0.09742,0.05114,0.00683,0.31854,0.17441,0.14979,0.02609,0.05125,-58.31,3.227,-1,0.0000,-1.00,0.0000,0
46904,1790795476873,0.04617,0.00775,0.12741,0.00524,0.03102,0.01719,0.00888,0.08516,0.02865,0.60539,0.01660,0.02055,0.03547,0.00262,0.01015,0.00287,0.03268,0.01357,0.01013,0.10002,0.03375,0.71892,0.01720,0.02261,-59.93,7.265,-1,0.0000,-1.00,0.0000,0
46997,1790795476951,0.01794,0.00535,0.13884,0.00343,0.03355,0.00753,0.00415,0.05405,0.01068,0.68255,0.00873,0.03322,0.01036,0.00396,0.00552,0.00231,0.03276,0.00697,0.00408,0.06377,0.01234,0.81137,0.00908,0.03749,-57.68,8.191,-1,0.0000,-1.00,0.0000,0
47090,1790795477051,0.03626,0.01814,0.10163,0.00872,0.07626,0.00868,0.02238,0.09398,0.04995,0.51217,0.02242,0.04941,0.02126,0.01008,0.00329,0.00537,0.08061,0.00619,0.02482,0.11196,0.05878,0.59772,0.02564,0.05429,-57.24,6.146,-1,0.0000,-1.00,0.0000,0
47182,1790795477131,0.07761,0.02536,0.06188,0.01740,0.06615,0.06662,0.04377,0.16667,0.10909,0.25485,0.04836,0.06224,0.05255,0.00715,0.01622,0.01209,0.06662,0.06941,0.05091,0.19662,0.12826,0.29223,0.04418,0.06376,-60.35,3.058,-1,0.0000,-1.00,0.0000,0
47275,1790795477251,0.07897,0.02180,0.04591,0.03018,0.06144,0.08033,0.01405,0.17587,0.09157,0.20716,0.12923,0.06348,0.04997,0.00796,0.00808,0.00890,0.05798,0.08752,0.01517,0.20923,0.10796,0.23673,0.13750,0.07299,-61.45,2.486,-1,0.0000,-1.00,0.0000,0
47368,1790795477331,0.08717,0.01648,0.04927,0.02279,0.05342,0.03666,0.01792,0.28781,0.05800,0.23262,0.08800,0.04986,0.03425,0.00816,0.00585,0.00786,0.05291,0.03714,0.01889,0.34467,0.06791,0.26828,0.09808,0.05600,-60.40,3.454,-1,0.0000,-1.00,0.0000,0
47461,1790795477431,0.17010,0.01103,0.20568,0.03480,0.03557,0.04514,0.22156,0.11345,0.02395,0.06167,0.02414,0.05292,0.18389,0.01065,0.23279,0.03723,0.02571,0.03223,0.26090,0.09225,0.02125,0.06887,0.02253,0.01169,-54.43,2.659,-1,0.0000,-1.00,0.0000,0
47554,1790795477532,0.01974,0.04931,0.32875,0.00423,0.00300,0.03121,0.31339,0.06721,0.01282,0.09683,0.00878,0.06474,0.02205,0.05642,0.37101,0.00428,0.00254,0.03302,0.36433,0.00699,0.01452,0.11553,0.00397,0.00535,-54.69,3.945,-1,0.0000,-1.00,0.0000,0
47647,1790795477611,0.08550,0.02764,0.07741,0.02353,0.03645,0.06140,0.20077,0.20955,0.01293,0.06721,0.06499,0.13261,0.05570,0.03068,0.07763,0.01522,0.02139,0.06253,0.23449,0.23571,0.01247,0.07629,0.06548,0.11242,-60.31,2.515,-1,0.0000,-1.00,0.0000,0
47740,1790795477711,0.02450,0.00150,0.29252,0.20731,0.00685,0.00957,0.06516,0.05930,0.03698,0.13050,0.15025,0.01556,0.02639,0.00138,0.31980,0.21296,0.00728,0.00623,0.07047,0.01500,0.00210,0.15493,0.17880,0.00467,-55.31,3.510,-1,0.0000,-1.00,0.0000,0
47833,1790795477792,0.07270,0.00072,0.30645,0.00879,0.00359,0.01612,0.09682,0.05599,0.00311,0.40930,0.00539,0.02102,0.08439,0.00051,0.27012,0.00936,0.00383,0.00261,0.11571,0.01374,0.00181,0.48974,0.00595,0.00225,-55.40,4.912,-1,0.0000,-1.00,0.0000,0
47925,1790795477891,0.25313,0.01028,0.18276,0.11416,0.01719,0.07184,0.05348,0.06628,0.02576,0.17104,0.02108,0.01301,0.28937,0.01150,0.17905,0.13296,0.01771,0.02992,0.03574,0.06999,0.00451,0.20144,0.01932,0.00850,-60.17,3.038,-1,0.0000,-1.00,0.0000,0
48018,1790795477972,0.41977,0.00459,0.04211,0.01147,0.02594,0.14241,0.01711,0.10299,0.00806,0.12073,0.04027,0.06454,0.47994,0.00391,0.02240,0.00715,0.01663,0.07550,0.01949,0.11921,0.00804,0.14157,0.03328,0.07289,-59.94,5.037,-1,0.0000,-1.00,0.0000,0
48111,1790795478071,0.62338,0.05296,0.01561,0.00707,0.00657,0.14173,0.01568,0.05275,0.00205,0.05702,0.02117,0.00402,0.73464,0.06316,0.00542,0.00439,0.00717,0.02420,0.00626,0.06213,0.00147,0.06702,0.02057,0.00357,-58.61,7.481,-1,0.0000,-1.00,0.0000,0
48204,1790795478172,0.35341,0.00490,0.01030,0.04900,0.02836,0.10848,0.01205,0.05758,0.00295,0.03052,0.22426,0.11819,0.41050,0.00547,0.00533,0.00735,0.00653,0.04860,0.01336,0.06794,0.00200,0.03536,0.25908,0.13848,-58.83,4.241,-1,0.0000,-1.00,0.0000,0
48297,1790795478251,0.04333,0.00610,0.13054,0.00568,0.02869,0.03615,0.00565,0.06124,0.00413,0.62630,0.02293,0.02926,0.03770,0.00646,0.00873,0.00277,0.02764,0.03584,0.00549,0.07165,0.00440,0.74497,0.02037,0.03397,-59.02,7.516,-1,0.0000,-1.00,0.0000,0
48390,1790795478351,0.11386,0.03458,0.09365,0.01787,0.01769,0.06226,0.02280,0.09615,0.01043,0.45179,0.03827,0.04066,0.11385,0.03967,0.00536,0.01436,0.01233,0.05203,0.01945,0.11415,0.00950,0.53905,0.03555,0.04470,-59.03,5.421,-1,0.0000,-1.00,0.0000,0
48483,1790795478433,0.52121,0.00823,0.02160,0.02337,0.04108,0.12004,0.00536,0.07579,0.02867,0.05208,0.05152,0.05104,0.60764,0.00371,0.01498,0.01669,0.03742,0.02338,0.00569,0.08785,0.03105,0.05499,0.05709,0.05951,-58.32,6.255,-1,0.0000,-1.00,0.0000,0
48576,1790795478552,0.06776,0.04632,0.03921,0.04546,0.12708,0.01930,0.02405,0.05545,0.09815,0.17048,0.13358,0.17316,0.06842,0.03317,0.01082,0.02312,0.11201,0.00957,0.02212,0.06442,0.11267,0.18243,0.15816,0.20310,-57.73,2.078,-1,0.0000,-1.00,0.0000,0
48669,1790795478632,0.02413,0.02479,0.22162,0.00560,0.05848,0.01295,0.03173,0.04535,0.02596,0.42196,0.01920,0.10823,0.02461,0.02375,0.16707,0.00258,0.04529,0.01102,0.03331,0.02122,0.03045,0.49678,0.02082,0.12308,-57.41,5.064,-1,0.0000,-1.00,0.0000,0
48761,1790795478743,0.00640,0.00902,0.30103,0.00628,0.08040,0.00403,0.01720,0.05499,0.00620,0.41351,0.01986,0.08109,0.00504,0.00945,0.26554,0.00296,0.07781,0.00383,0.01873,0.01325,0.00685,0.48005,0.02304,0.09345,-56.92,4.962,-1,0.0000,-1.00,0.0000,0
48854,1790795478831,0.00851,0.00720,0.30204,0.00530,0.08191,0.00398,0.01188,0.05672,0.00845,0.42502,0.01278,0.07623,0.00697,0.00688,0.26410,0.00345,0.08047,0.00345,0.01278,0.01570,0.00937,0.49338,0.01462,0.08881,-56.69,5.100,-1,0.0000,-1.00,0.0000,0
48947,1790795478911,0.01360,0.00853,0.23803,0.00242,0.08334,0.00188,0.00557,0.08864,0.00944,0.47917,0.00595,0.06344,0.00209,0.00807,0.17473,0.00156,0.08499,0.00184,0.00508,0.07157,0.01099,0.55733,0.00676,0.07501,-56.02,5.750,-1,0.0000,-1.00,0.0000,0
49040,1790795479011,0.02927,0.01798,0.16741,0.00206,0.09801,0.00126,0.00677,0.15950,0.00886,0.46463,0.00481,0.03943,0.00077,0.01963,0.09448,0.00138,0.10825,0.00136,0.00423,0.17239,0.01035,0.53528,0.00550,0.04641,-55.85,5.576,-1,0.0000,-1.00,0.0000,0
49133,1790795479091,0.00930,0.00822,0.26884,0.00768,0.11462,0.00212,0.00704,0.05414,0.01408,0.40993,0.00811,0.09592,0.00729,0.00680,0.22927,0.00731,0.11483,0.00110,0.00702,0.01948,0.01542,0.46843,0.00949,0.11355,-56.69,4.919,-1,0.0000,-1.00,0.0000,0
49226,1790795479192,0.00557,0.01136,0.22858,0.00558,0.11371,0.00275,0.04780,0.04777,0.00993,0.43264,0.01315,0.08117,0.00224,0.01140,0.17580,0.00368,0.11913,0.00285,0.05501,0.02239,0.01117,0.49478,0.01519,0.08635,-57.30,5.192,-1,0.0000,-1.00,0.0000,0
49319,1790795479272,0.00757,0.02627,0.20859,0.01473,0.13939,0.00403,0.01605,0.04690,0.01401,0.40525,0.01760,0.09961,0.00414,0.02868,0.15934,0.01363,0.14388,0.00400,0.01327,0.02488,0.01408,0.45706,0.02030,0.11673,-57.50,4.863,-1,0.0000,-1.00,0.0000,0
49412,1790795479373,0.01076,0.05044,0.15097,0.01206,0.15514,0.00321,0.02677,0.03745,0.00982,0.44246,0.01030,0.09063,0.00716,0.05862,0.08228,0.01210,0.16516,0.00243,0.02028,0.02873,0.00937,0.49743,0.01186,0.10458,-57.88,5.310,-1,0.0000,-1.00,0.0000,0
49504,1790795479471,0.01097,0.02249,0.14905,0.00805,0.12755,0.00412,0.02242,0.04722,0.01614,0.41889,0.01681,0.15629,0.00486,0.02367,0.08368,0.00581,0.11658,0.00397,0.02207,0.04008,0.01819,0.47882,0.01935,0.18290,-58.44,5.027,-1,0.0000,-1.00,0.0000,0
49597,1790795479551,0.01555,0.03692,0.12180,0.01625,0.09640,0.00787,0.04834,0.04333,0.10680,0.33571,0.03141,0.13961,0.01107,0.01949,0.06939,0.01230,0.08448,0.00723,0.05406,0.03817,0.12485,0.38619,0.03620,0.15657,-57.37,4.028,-1,0.0000,-1.00,0.0000,0
49690,1790795479651,0.00373,0.02044,0.14093,0.00352,0.03985,0.00959,0.02726,0.01064,0.04194,0.63080,0.00889,0.06240,0.00274,0.01463,0.02037,0.00254,0.03410,0.01094,0.02977,0.00872,0.04975,0.74909,0.00848,0.06887,-57.09,7.570,-1,0.0000,-1.00,0.0000,0
49783,1790795479743,0.00670,0.00792,0.14156,0.00915,0.11797,0.00275,0.01518,0.02356,0.00626,0.56141,0.03487,0.07267,0.00390,0.00826,0.04116,0.00278,0.12475,0.00253,0.01656,0.02007,0.00695,0.64797,0.04129,0.08379,-58.73,6.737,-1,0.0000,-1.00,0.0000,0
49876,1790795479853,0.00651,0.01803,0.13901,0.02176,0.14802,0.00665,0.01608,0.02472,0.02330,0.36763,0.05828,0.17000,0.00501,0.01685,0.08461,0.01251,0.13742,0.00717,0.01592,0.01285,0.02523,0.41347,0.06841,0.20055,-59.88,4.412,-1,0.0000,-1.00,0.0000,0
49969,1790795479934,0.01326,0.01983,0.12774,0.03927,0.04932,0.25199,0.05514,0.03476,0.04322,0.05749,0.23550,0.07248,0.01318,0.01362,0.14113,0.00288,0.04438,0.29933,0.06337,0.01367,0.05115,0.06016,0.22285,0.07429,-57.05,3.024,-1,0.0000,-1.00,0.0000,0
50062,1790795480031,0.05140,0.01346,0.06598,0.05083,0.02211,0.13810,0.01115,0.26367,0.05277,0.01634,0.27894,0.03525,0.00096,0.00367,0.07590,0.00114,0.01843,0.16529,0.00613,0.30740,0.06298,0.01595,0.30148,0.04068,-56.15,3.347,-1,0.0000,-1.00,0.0000,0
50155,1790795480132,0.01035,0.01502,0.14400,0.03136,0.12973,0.01667,0.01253,0.06003,0.04172,0.29134,0.12415,0.12310,0.00227,0.00844,0.10832,0.00886,0.12658,0.01964,0.01269,0.05110,0.04823,0.32400,0.14486,0.14498,-56.72,3.496,-1,0.0000,-1.00,0.0000,0
50247,1790795480212,0.05006,0.01959,0.13223,0.00278,0.07100,0.00168,0.01323,0.27907,0.00558,0.38611,0.00476,0.03391,0.00180,0.02223,0.06981,0.00227,0.07854,0.00165,0.01139,0.32060,0.00624,0.44708,0.00538,0.03300,-55.82,4.633,-1,0.0000,-1.00,0.0000,0
50340,1790795480313,0.04064,0.01877,0.20862,0.01788,0.05785,0.02480,0.13192,0.14507,0.02207,0.19086,0.04680,0.09471,0.02234,0.01771,0.20672,0.01130,0.05290,0.02529,0.15457,0.13285,0.02421,0.21821,0.05106,0.08284,-55.45,2.503,-1,0.0000,-1.00,0.0000,0
50433,1790795480391,0.01218,0.02038,0.22398,0.04427,0.06724,0.02699,0.07921,0.06535,0.03675,0.07562,0.11215,0.23588,0.00962,0.01679,0.25151,0.02760,0.02828,0.03043,0.09094,0.02909,0.03850,0.08508,0.12835,0.26381,-56.26,2.831,-1,0.0000,-1.00,0.0000,0
50526,1790795480491,0.01933,0.04633,0.22418,0.02138,0.06660,0.05236,0.05439,0.08547,0.10884,0.09775,0.06326,0.16011,0.01256,0.03024,0.24707,0.01296,0.04410,0.06025,0.05918,0.05344,0.12750,0.10873,0.06385,0.18012,-57.18,2.690,-1,0.0000,-1.00,0.0000,0
50619,1790795480571,0.01585,0.18013,0.06304,0.03254,0.08511,0.08129,0.06319,0.07730,0.07728,0.04702,0.11916,0.15810,0.00444,0.19812,0.06690,0.01448,0.06591,0.09672,0.03633,0.07948,0.08944,0.04356,0.12361,0.18102,-57.65,2.162,-1,0.0000,-1.00,0.0000,0
50712,1790795480671,0.03362,0.15804,0.06272,0.01216,0.10513,0.00861,0.08220,0.16663,0.03096,0.14844,0.02022,0.17128,0.00235,0.18245,0.04333,0.01016,0.08767,0.00992,0.06224,0.19116,0.03508,0.16049,0.02226,0.19289,-58.87,2.055,-1,0.0000,-1.00,0.0000,0
50805,1790795480771,0.02401,0.27353,0.05761,0.00931,0.07134,0.01258,0.06810,0.12040,0.03711,0.11171,0.02905,0.18525,0.00171,0.31932,0.04416,0.00483,0.04220,0.01473,0.01825,0.13556,0.04351,0.12548,0.03189,0.21835,-60.42,3.282,-1,0.0000,-1.00,0.0000,0
50898,1790795480855,0.02296,0.31109,0.07058,0.01140,0.05554,0.00567,0.06927,0.11623,0.03821,0.08749,0.02392,0.18763,0.00225,0.36415,0.06466,0.00823,0.02222,0.00652,0.01053,0.12674,0.04416,0.10043,0.02737,0.22274,-61.64,3.733,-1,0.0000,-1.00,0.0000,0
50991,1790795480952,0.01572,0.35883,0.06946,0.00813,0.08039,0.00667,0.07654,0.08172,0.02411,0.07771,0.02249,0.17823,0.00228,0.42442,0.06690,0.00470,0.05417,0.00770,0.00758,0.08465,0.02796,0.08238,0.02542,0.21184,-62.18,4.306,-1,0.0000,-1.00,0.0000,0
51083,1790795481031,0.00985,0.44244,0.09052,0.00553,0.07976,0.00664,0.09885,0.05507,0.02678,0.06869,0.02175,0.09411,0.00245,0.52386,0.09504,0.00176,0.07379,0.00747,0.01455,0.04719,0.03174,0.06768,0.02459,0.10988,-62.86,5.309,-1,0.0000,-1.00,0.0000,0
51176,1790795481151,0.00678,0.41243,0.08441,0.00336,0.10444,0.00829,0.08793,0.03938,0.02814,0.10902,0.01472,0.10109,0.00192,0.48755,0.07923,0.00090,0.10149,0.00955,0.00867,0.03153,0.03354,0.11052,0.01574,0.11935,-63.28,4.949,-1,0.0000,-1.00,0.0000,0
51269,1790795481241,0.00896,0.41485,0.06771,0.00687,0.11902,0.00600,0.08692,0.04261,0.03000,0.07722,0.01504,0.12478,0.00362,0.49020,0.06724,0.00492,0.11333,0.00647,0.00698,0.03773,0.03494,0.07009,0.01674,0.14774,-63.61,4.978,-1,0.0000,-1.00,0.0000,0
51362,1790795481332,0.01843,0.34022,0.07405,0.00594,0.13389,0.00738,0.07044,0.10186,0.02480,0.07328,0.01523,0.13448,0.00084,0.40197,0.07638,0.00384,0.12868,0.00868,0.00472,0.10692,0.02895,0.06230,0.01653,0.16020,-63.99,4.083,-1,0.0000,-1.00,0.0000,0
51455,1790795481432,0.02353,0.33145,0.07864,0.00804,0.13632,0.01088,0.07748,0.11418,0.02099,0.05548,0.02778,0.11522,0.00447,0.39231,0.08642,0.00352,0.13648,0.01223,0.01506,0.11968,0.02446,0.03943,0.03086,0.13508,-63.82,3.977,-1,0.0000,-1.00,0.0000,0
51548,1790795481512,0.01357,0.30651,0.07646,0.01100,0.12973,0.00897,0.06745,0.04787,0.03979,0.07843,0.02349,0.19673,0.00790,0.35815,0.07728,0.00797,0.10911,0.00918,0.00982,0.04204,0.04609,0.07235,0.02633,0.23378,-62.70,3.678,-1,0.0000,-1.00,0.0000,0
51641,1790795481612,0.01548,0.28182,0.07279,0.00903,0.10222,0.00550,0.06634,0.07384,0.03185,0.10914,0.03329,0.19870,0.00378,0.33033,0.06428,0.00314,0.07590,0.00584,0.01400,0.07574,0.03754,0.11573,0.03872,0.23499,-60.35,3.382,-1,0.0000,-1.00,0.0000,0
51734,1790795481691,0.01480,0.23611,0.06143,0.00906,0.13190,0.00558,0.05887,0.06342,0.02726,0.11351,0.03047,0.24758,0.00430,0.27694,0.05055,0.00387,0.09942,0.00627,0.01559,0.06602,0.03189,0.11631,0.03527,0.29357,-60.58,2.971,-1,0.0000,-1.00,0.0000,0
51826,1790795481791,0.01791,0.23481,0.05913,0.00700,0.15299,0.00683,0.05351,0.05699,0.03871,0.07252,0.02412,0.27549,0.01000,0.27242,0.05827,0.00290,0.11826,0.00620,0.00972,0.05713,0.04578,0.06349,0.02767,0.32817,-61.93,3.306,-1,0.0000,-1.00,0.0000,0
51919,1790795481872,0.02864,0.07545,0.10430,0.01205,0.10052,0.00783,0.02101,0.04091,0.01837,0.39546,0.03647,0.15899,0.02593,0.08659,0.03399,0.00594,0.08293,0.00430,0.00801,0.04228,0.01924,0.45902,0.04285,0.18892,-60.60,4.746,-1,0.0000,-1.00,0.0000,0
52012,1790795481971,0.02175,0.08880,0.11357,0.00826,0.09327,0.00682,0.02091,0.05319,0.01700,0.45420,0.00764,0.11460,0.01452,0.10294,0.03141,0.00830,0.08446,0.00555,0.00464,0.05750,0.01820,0.52802,0.00806,0.13640,-60.80,5.450,-1,0.0000,-1.00,0.0000,0
52105,1790795482071,0.02717,0.10121,0.09207,0.02256,0.12189,0.01847,0.04178,0.10422,0.04718,0.18087,0.03503,0.20754,0.01043,0.11088,0.07111,0.01955,0.09670,0.02119,0.02728,0.11159,0.05241,0.19782,0.03777,0.24328,-61.33,2.491,-1,0.0000,-1.00,0.0000,0
52198,1790795482152,0.04762,0.15070,0.08670,0.02994,0.11856,0.01994,0.04328,0.11759,0.07074,0.11129,0.02953,0.17411,0.03167,0.16528,0.08141,0.02958,0.10071,0.01830,0.01711,0.12675,0.07890,0.11339,0.03175,0.20514,-59.82,2.089,-1,0.0000,-1.00,0.0000,0
52291,1790795482252,0.01030,0.06453,0.12630,0.00489,0.04011,0.00332,0.02022,0.01294,0.07563,0.59998,0.00925,0.03255,0.00959,0.05958,0.01040,0.00376,0.04036,0.00253,0.01241,0.01344,0.08988,0.71092,0.01058,0.03654,-59.09,7.200,-1,0.0000,-1.00,0.0000,0
52384,1790795482332,0.01244,0.03437,0.13532,0.02301,0.03036,0.01140,0.01531,0.00969,0.00625,0.58472,0.10609,0.03105,0.01338,0.03997,0.02441,0.00281,0.02940,0.01101,0.01034,0.00685,0.00693,0.69481,0.12494,0.03515,-58.02,7.017,-1,0.0000,-1.00,0.0000,0
52477,1790795482452,0.01334,0.01779,0.15500,0.05418,0.01282,0.10531,0.02358,0.02498,0.03362,0.28407,0.26812,0.00720,0.01472,0.01360,0.11880,0.00609,0.01446,0.12345,0.02555,0.00638,0.03894,0.33765,0.29680,0.00356,-58.60,3.409,-1,0.0000,-1.00,0.0000,0
52569,1790795482532,0.03277,0.03246,0.12423,0.04229,0.00914,0.12451,0.00882,0.01923,0.12370,0.24783,0.22716,0.00787,0.03821,0.00960,0.09035,0.00228,0.00941,0.14161,0.00843,0.00537,0.14777,0.29510,0.24412,0.00775,-60.75,2.974,-1,0.0000,-1.00,0.0000,0
52662,1790795482631,0.04991,0.00810,0.22433,0.01487,0.00855,0.15148,0.00832,0.07885,0.03169,0.31253,0.09064,0.02075,0.04767,0.00335,0.19478,0.00305,0.00568,0.17206,0.00930,0.05587,0.03734,0.37338,0.07450,0.02302,-61.54,3.750,-1,0.0000,-1.00,0.0000,0
52755,1790795482740,0.03038,0.02722,0.28233,0.01067,0.01612,0.11244,0.02196,0.05354,0.02158,0.33428,0.04490,0.04457,0.03350,0.02808,0.25927,0.00715,0.00953,0.12809,0.02041,0.01310,0.02442,0.39868,0.02841,0.04936,-63.20,4.011,-1,0.0000,-1.00,0.0000,0
52848,1790795482812,0.03095,0.01006,0.30360,0.00604,0.01694,0.07645,0.01010,0.05146,0.02789,0.41638,0.04251,0.00764,0.03530,0.00545,0.26562,0.00046,0.01892,0.08460,0.01102,0.00901,0.03332,0.49517,0.03416,0.00697,-64.16,4.997,-1,0.0000,-1.00,0.0000,0
52941,1790795482913,0.02423,0.00502,0.40816,0.01009,0.01542,0.06943,0.01290,0.07349,0.00748,0.31868,0.04808,0.00702,0.02789,0.00439,0.41405,0.00373,0.01737,0.07769,0.01458,0.00597,0.00820,0.37844,0.04221,0.00547,-65.19,4.898,-1,0.0000,-1.00,0.0000,0
53034,1790795482991,0.01540,0.00482,0.44052,0.00612,0.00894,0.09715,0.00845,0.08188,0.00718,0.27772,0.04567,0.00616,0.01706,0.00426,0.46225,0.00093,0.00962,0.11302,0.00927,0.00648,0.00842,0.33087,0.03232,0.00549,-64.50,5.286,-1,0.0000,-1.00,0.0000,0
53127,1790795483092,0.02132,0.00388,0.44455,0.00775,0.00651,0.09328,0.00902,0.08033,0.00708,0.26471,0.05171,0.00985,0.02484,0.00312,0.47003,0.00120,0.00587,0.10685,0.01019,0.00307,0.00825,0.31602,0.04078,0.00978,-61.35,5.335,-1,0.0000,-1.00,0.0000,0
53220,1790795483172,0.01063,0.00352,0.47988,0.00610,0.01277,0.11226,0.00425,0.09043,0.00775,0.21298,0.04496,0.01448,0.01182,0.00249,0.52488,0.00182,0.01204,0.13217,0.00448,0.00442,0.00890,0.25284,0.02767,0.01646,-60.88,5.759,-1,0.0000,-1.00,0.0000,0
53313,1790795483273,0.01470,0.00248,0.52067,0.00595,0.01358,0.10670,0.01555,0.10168,0.00346,0.16135,0.04274,0.01113,0.01633,0.00234,0.58612,0.00188,0.01413,0.12482,0.01793,0.00589,0.00377,0.19054,0.02647,0.00978,-61.90,6.248,-1,0.0000,-1.00,0.0000,0
53405,1790795483371,0.03592,0.00942,0.32307,0.01256,0.06709,0.06537,0.01079,0.06317,0.01342,0.31496,0.05554,0.02869,0.04011,0.00853,0.31521,0.00463,0.07400,0.07037,0.01096,0.01349,0.01517,0.36272,0.05261,0.03221,-60.71,3.877,-1,0.0000,-1.00,0.0000,0
53498,1790795483451,0.03984,0.00058,0.28807,0.00758,0.09307,0.05905,0.00220,0.04460,0.00077,0.41324,0.04654,0.00446,0.04699,0.00057,0.25135,0.00045,0.11039,0.06161,0.00251,0.00362,0.00079,0.47333,0.04355,0.00484,-60.94,4.959,-1,0.0000,-1.00,0.0000,0
53591,1790795483551,0.06632,0.00603,0.37524,0.01032,0.14364,0.07009,0.00864,0.07537,0.02288,0.18095,0.02469,0.01583,0.07780,0.00215,0.41327,0.00920,0.16875,0.06856,0.00993,0.00838,0.02559,0.18337,0.01599,0.01700,-59.94,4.503,-1,0.0000,-1.00,0.0000,0
53684,1790795483651,0.05530,0.04648,0.18965,0.04535,0.03531,0.07007,0.03119,0.16783,0.21065,0.08336,0.03217,0.03264,0.02894,0.01327,0.20886,0.04978,0.03593,0.07822,0.03474,0.15969,0.24254,0.09276,0.02304,0.03223,-58.09,2.528,-1,0.0000,-1.00,0.0000,0
53777,1790795483751,0.08851,0.00187,0.24605,0.00281,0.01050,0.11465,0.00557,0.41663,0.01442,0.05425,0.02404,0.02068,0.01734,0.00030,0.28226,0.00292,0.00803,0.13394,0.00658,0.44332,0.01670,0.06342,0.00226,0.02294,-59.30,5.000,-1,0.0000,-1.00,0.0000,0
53870,1790795483832,0.05565,0.01124,0.32515,0.00950,0.01875,0.11202,0.08552,0.12907,0.04027,0.15134,0.03288,0.02862,0.04993,0.00424,0.35442,0.00846,0.01954,0.12444,0.10126,0.08476,0.04654,0.17751,0.01473,0.01417,-61.45,3.902,-1,0.0000,-1.00,0.0000,0
53963,1790795483931,0.01915,0.00201,0.22170,0.00820,0.03448,0.05832,0.04067,0.04466,0.00432,0.50614,0.01934,0.04102,0.01810,0.00179,0.14663,0.00784,0.03348,0.06630,0.04838,0.02444,0.00311,0.60035,0.01003,0.03956,-61.29,6.074,-1,0.0000,-1.00,0.0000,0
54056,1790795484032,0.02384,0.00193,0.27482,0.00305,0.03849,0.06332,0.00900,0.07823,0.00337,0.47626,0.02198,0.00571,0.01855,0.00156,0.21794,0.00127,0.04517,0.07220,0.01048,0.05053,0.00379,0.56172,0.01203,0.00477,-61.18,5.715,-1,0.0000,-1.00,0.0000,0
54148,1790795484111,0.06280,0.04643,0.10719,0.02083,0.03068,0.08066,0.12400,0.11728,0.15256,0.11702,0.05245,0.08810,0.05132,0.02039,0.10113,0.01590,0.02151,0.08647,0.14429,0.12073,0.17779,0.13781,0.04570,0.07696,-55.60,1.831,-1,0.0000,-1.00,0.0000,0
54241,1790795484239,0.06804,0.02599,0.06320,0.07976,0.12695,0.05824,0.07465,0.19778,0.14517,0.05530,0.01713,0.08780,0.03264,0.00474,0.06768,0.09419,0.12950,0.06851,0.08756,0.22451,0.15528,0.04060,0.00694,0.08784,-52.87,2.373,-1,0.0000,-1.00,0.0000,0
54334,1790795484291,0.15878,0.00181,0.03103,0.00048,0.01484,0.58018,0.00097,0.00447,0.00798,0.08463,0.10995,0.00487,0.18988,0.00031,0.01764,0.00038,0.01448,0.65973,0.00110,0.00186,0.00944,0.09859,0.00096,0.00562,-52.26,6.962,-1,0.0000,-1.00,0.0000,0
54427,1790795484392,0.27777,0.01075,0.01946,0.00036,0.00091,0.51613,0.00161,0.00356,0.05325,0.02388,0.09156,0.00076,0.33268,0.00025,0.01768,0.00039,0.00098,0.55250,0.00189,0.00076,0.06373,0.02842,0.00018,0.00054,-52.06,6.194,-1,0.0000,-1.00,0.0000,0
54520,1790795484472,0.08912,0.04596,0.02607,0.00188,0.02640,0.35015,0.29153,0.00596,0.00297,0.01421,0.06913,0.07661,0.10648,0.05451,0.02886,0.00149,0.02674,0.39846,0.33852,0.00142,0.00299,0.01199,0.00385,0.02469,-52.83,4.202,-1,0.0000,-1.00,0.0000,0
54613,1790795484571,0.09638,0.00813,0.03091,0.00071,0.47556,0.08213,0.01928,0.00944,0.00627,0.09521,0.01336,0.16263,0.11418,0.00872,0.03533,0.00065,0.53204,0.07577,0.02132,0.00435,0.00739,0.00861,0.00099,0.19064,-55.28,5.707,-1,0.0000,-1.00,0.0000,0
54706,1790795484672,0.30882,0.06577,0.08586,0.00766,0.07604,0.15425,0.04125,0.15822,0.00671,0.02204,0.02367,0.04971,0.33656,0.07807,0.10033,0.00820,0.08068,0.11812,0.03395,0.16969,0.00393,0.01291,0.00494,0.05263,-56.72,3.706,-1,0.0000,-1.00,0.0000,0
54799,1790795484750,0.27018,0.02730,0.02779,0.04062,0.16123,0.11787,0.03490,0.01518,0.01043,0.02234,0.01765,0.25451,0.32132,0.03214,0.03236,0.04843,0.11118,0.10048,0.03498,0.01225,0.00290,0.00473,0.00123,0.29802,-55.96,3.242,-1,0.0000,-1.00,0.0000,0
54891,1790795484853,0.03862,0.10017,0.08188,0.01850,0.04797,0.02728,0.45243,0.04306,0.00989,0.01444,0.00695,0.15881,0.03982,0.11852,0.09626,0.02149,0.04014,0.02479,0.51863,0.03252,0.00759,0.00935,0.00342,0.08748,-58.10,5.429,-1,0.0000,-1.00,0.0000,0
54984,1790795484953,0.06204,0.01338,0.19424,0.02963,0.08289,0.25874,0.05830,0.08193,0.02281,0.05245,0.06692,0.07669,0.06306,0.01397,0.22199,0.03130,0.08374,0.29753,0.06709,0.05416,0.01310,0.05428,0.02120,0.07859,-58.31,3.105,-1,0.0000,-1.00,0.0000,0
55077,1790795485051,0.20614,0.00154,0.02818,0.00874,0.05735,0.50835,0.01127,0.01836,0.00425,0.05091,0.09443,0.01048,0.24369,0.00124,0.02429,0.01008,0.06677,0.56081,0.01300,0.01744,0.00307,0.04779,0.00198,0.00984,-56.36,6.100,-1,0.0000,-1.00,0.0000,0
55170,1790795485132,0.10644,0.01522,0.25893,0.03000,0.13962,0.14637,0.07059,0.05796,0.01725,0.05200,0.03983,0.06580,0.12556,0.01557,0.30399,0.03240,0.15487,0.15050,0.08150,0.00918,0.01425,0.03161,0.01789,0.06269,-58.38,3.107,-1,0.0000,-1.00,0.0000,0
55263,1790795485241,0.48850,0.01005,0.13696,0.00424,0.01099,0.13538,0.07326,0.04217,0.02641,0.02792,0.01830,0.02583,0.58138,0.00609,0.15778,0.00258,0.01043,0.04697,0.08647,0.01936,0.03059,0.03193,0.01261,0.01381,-60.37,5.862,-1,0.0000,-1.00,0.0000,0
55356,1790795485333,0.30136,0.01578,0.09542,0.02437,0.02057,0.11238,0.04785,0.04941,0.07692,0.07863,0.12433,0.05297,0.35309,0.00077,0.09622,0.00222,0.01410,0.06488,0.05706,0.04026,0.09172,0.09142,0.13612,0.05216,-58.25,3.616,-1,0.0000,-1.00,0.0000,0
55449,1790795485412,0.17764,0.02411,0.11323,0.02734,0.01674,0.05899,0.04973,0.07063,0.11119,0.17724,0.12970,0.04347,0.19977,0.00263,0.09401,0.00317,0.01205,0.03108,0.05906,0.06600,0.13245,0.21014,0.14925,0.04038,-58.74,2.132,-1,0.0000,-1.00,0.0000,0
55542,1790795485512,0.20479,0.01011,0.21568,0.00444,0.01333,0.06431,0.06884,0.14234,0.04166,0.16961,0.02042,0.04448,0.22080,0.00239,0.21848,0.00178,0.00852,0.03354,0.08201,0.12724,0.04956,0.20154,0.01782,0.03631,-62.02,2.588,-1,0.0000,-1.00,0.0000,0
55635,1790795485591,0.25252,0.00564,0.14529,0.00479,0.02069,0.33154,0.02086,0.06116,0.01550,0.06106,0.06498,0.01599,0.29411,0.00347,0.16045,0.00362,0.02194,0.33896,0.02430,0.04148,0.01785,0.06881,0.01066,0.01434,-54.18,3.979,-1,0.0000,-1.00,0.0000,0
55727,1790795485691,0.40993,0.00241,0.02732,0.00064,0.00202,0.38806,0.00634,0.00779,0.00191,0.09029,0.06151,0.00178,0.48976,0.00249,0.01138,0.00061,0.00227,0.36790,0.00710,0.00708,0.00217,0.10774,0.00077,0.00072,-51.46,4.919,-1,0.0000,-1.00,0.0000,0
55820,1790795485772,0.30297,0.00132,0.08186,0.00176,0.00307,0.17847,0.00144,0.00721,0.00488,0.39084,0.02413,0.00207,0.36152,0.00050,0.00537,0.00196,0.00325,0.14218,0.00161,0.00758,0.00543,0.46770,0.00073,0.00217,-53.21,4.690,-1,0.0000,-1.00,0.0000,0
55913,1790795485872,0.03238,0.04037,0.01225,0.00140,0.13203,0.02274,0.00248,0.00230,0.31205,0.06203,0.00556,0.37442,0.01003,0.00270,0.00267,0.00135,0.06938,0.02526,0.00244,0.00222,0.37364,0.06057,0.00165,0.44809,-53.88,4.493,-1,0.0000,-1.00,0.0000,0
56006,1790795485971,0.02742,0.04941,0.00225,0.02668,0.18149,0.05356,0.00233,0.01190,0.24272,0.02963,0.03235,0.34028,0.03004,0.00267,0.00099,0.02657,0.13673,0.05822,0.00226,0.01406,0.28538,0.00859,0.02722,0.40729,-55.14,4.083,-1,0.0000,-1.00,0.0000,0
56099,1790795486052,0.10670,0.04131,0.14746,0.00540,0.09552,0.06370,0.02435,0.03429,0.03757,0.04001,0.01719,0.38650,0.12569,0.04089,0.16805,0.00440,0.02336,0.05141,0.01831,0.01054,0.04384,0.04361,0.01040,0.45949,-62.00,4.638,-1,0.0000,-1.00,0.0000,0
56192,1790795486151,0.10012,0.00588,0.05322,0.02089,0.01153,0.42357,0.08486,0.02535,0.01566,0.05365,0.15969,0.04557,0.11450,0.00439,0.05127,0.00616,0.00682,0.48484,0.09745,0.02357,0.01745,0.06304,0.09524,0.03529,-56.46,5.083,-1,0.0000,-1.00,0.0000,0
56285,1790795486252,0.11733,0.00099,0.01586,0.00502,0.00248,0.67295,0.00204,0.00303,0.00198,0.02014,0.15356,0.00461,0.14041,0.00074,0.01430,0.00013,0.00197,0.77852,0.00230,0.00080,0.00235,0.02374,0.02967,0.00507,-54.69,8.075,-1,0.0000,-1.00,0.0000,0
56378,1790795486351,0.15218,0.00066,0.01644,0.00266,0.00099,0.66210,0.00279,0.00343,0.00240,0.01631,0.13846,0.00157,0.18215,0.00022,0.01585,0.00006,0.00090,0.75730,0.00330,0.00097,0.00285,0.01938,0.01578,0.00123,-55.21,7.945,-1,0.0000,-1.00,0.0000,0
56470,1790795486433,0.16360,0.00134,0.05379,0.01010,0.00381,0.56866,0.00281,0.01111,0.00433,0.02671,0.14917,0.00458,0.19567,0.00066,0.05825,0.00192,0.00360,0.64260,0.00318,0.00182,0.00480,0.03129,0.05135,0.00486,-57.18,6.824,-1,0.0000,-1.00,0.0000,0
56563,1790795486532,0.02452,0.06278,0.11787,0.01023,0.07481,0.15611,0.02750,0.04245,0.26919,0.05585,0.07106,0.08762,0.02444,0.01138,0.13072,0.00253,0.07003,0.18222,0.03070,0.02495,0.32206,0.05304,0.04903,0.09890,-55.31,3.230,-1,0.0000,-1.00,0.0000,0
56656,1790795486631,0.04399,0.06881,0.03242,0.00288,0.07583,0.06137,0.00344,0.01123,0.34573,0.09752,0.01825,0.23853,0.05071,0.00042,0.01700,0.00161,0.03436,0.06348,0.00404,0.01009,0.41375,0.11024,0.00928,0.28501,-54.61,4.149,-1,0.0000,-1.00,0.0000,0
56749,1790795486712,0.07668,0.02070,0.23766,0.02073,0.02558,0.22528,0.00816,0.05280,0.09438,0.06113,0.11926,0.05763,0.08989,0.00275,0.27092,0.00642,0.01732,0.25212,0.00924,0.00956,0.11176,0.06988,0.09292,0.06723,-59.38,2.852,-1,0.0000,-1.00,0.0000,0
56842,1790795486813,0.07553,0.01669,0.20792,0.08917,0.02672,0.14968,0.03177,0.05691,0.07663,0.06326,0.09217,0.11355,0.08619,0.00540,0.23436,0.09133,0.00650,0.16227,0.03700,0.02173,0.07366,0.07456,0.07828,0.12873,-58.20,2.495,-1,0.0000,-1.00,0.0000,0
56935,1790795486892,0.00730,0.00221,0.43655,0.08515,0.00633,0.01354,0.04994,0.07828,0.02321,0.26088,0.01296,0.02364,0.00830,0.00109,0.46129,0.09953,0.00433,0.01458,0.05962,0.00236,0.00808,0.31174,0.01264,0.01645,-54.68,5.239,-1,0.0000,-1.00,0.0000,0
57028,1790795486991,0.00651,0.00076,0.39280,0.00779,0.00190,0.01761,0.07451,0.06476,0.00227,0.38147,0.03136,0.01825,0.00736,0.00048,0.38011,0.00266,0.00145,0.01965,0.08919,0.00225,0.00216,0.45683,0.03368,0.00418,-53.80,4.714,-1,0.0000,-1.00,0.0000,0
57121,1790795487070,0.00893,0.02350,0.44815,0.03766,0.01304,0.03030,0.04739,0.09163,0.02587,0.16073,0.09645,0.01635,0.00854,0.02298,0.49932,0.02358,0.01348,0.03493,0.05222,0.01081,0.02623,0.19001,0.10864,0.00924,-54.86,5.378,-1,0.0000,-1.00,0.0000,0
57213,1790795487171,0.69145,0.00918,0.01786,0.00998,0.01427,0.15737,0.00401,0.02088,0.00285,0.02089,0.03674,0.01451,0.82422,0.01049,0.01698,0.00422,0.01376,0.02517,0.00273,0.02166,0.00258,0.02231,0.03904,0.01685,-54.70,8.297,-1,0.0000,-1.00,0.0000,0
57306,1790795487271,0.72822,0.00027,0.00807,0.00423,0.01967,0.16002,0.00111,0.01975,0.00125,0.01174,0.02239,0.02328,0.86814,0.00009,0.00759,0.00052,0.01809,0.01964,0.00131,0.02216,0.00140,0.01048,0.02293,0.02763,-55.35,8.739,-1,0.0000,-1.00,0.0000,0
57399,1790795487353,0.24091,0.00445,0.06476,0.01998,0.07204,0.17127,0.01752,0.03580,0.01490,0.10296,0.10336,0.15205,0.28226,0.00207,0.05514,0.00525,0.05101,0.14927,0.02058,0.03197,0.01681,0.11326,0.09426,0.17811,-59.57,2.891,-1,0.0000,-1.00,0.0000,0
57492,1790795487452,0.16249,0.01953,0.19369,0.02444,0.03770,0.14849,0.03955,0.02598,0.02789,0.10240,0.08680,0.13104,0.19142,0.01733,0.20834,0.01416,0.01473,0.13998,0.01441,0.01939,0.03061,0.11978,0.07626,0.15360,-56.80,2.324,-1,0.0000,-1.00,0.0000,0
57585,1790795487553,0.00810,0.00069,0.79599,0.00154,0.00131,0.00887,0.15826,0.00118,0.00086,0.01359,0.00652,0.00311,0.00962,0.00064,0.95060,0.00063,0.00091,0.00872,0.00203,0.00045,0.00090,0.01610,0.00608,0.00332,-54.42,9.552,-1,0.0000,-1.00,0.0000,0
57678,1790795487652,0.00319,0.00932,0.79947,0.00338,0.00089,0.00415,0.00322,0.15927,0.00095,0.00921,0.00584,0.00112,0.00355,0.01106,0.95580,0.00283,0.00086,0.00427,0.00167,0.00137,0.00057,0.01087,0.00615,0.00101,-53.72,9.594,-1,0.0000,293.87,0.9668,1
57771,1790795487734,0.00249,0.37658,0.17957,0.24920,0.00313,0.00557,0.07602,0.03624,0.05075,0.01141,0.00637,0.00268,0.00271,0.45088,0.21258,0.29733,0.00317,0.00613,0.00170,0.00129,0.00187,0.01304,0.00641,0.00288,-54.21,4.519,-1,0.0000,299.41,0.9615,1
57864,1790795487831,0.01106,0.07514,0.59714,0.00314,0.11598,0.00606,0.01606,0.12000,0.00329,0.03729,0.01063,0.00422,0.01279,0.08931,0.71208,0.00142,0.13804,0.00472,0.00154,0.00262,0.00366,0.01732,0.01180,0.00469,-55.72,7.166,-1,0.0000,-1.00,0.0000,0
57957,1790795487931,0.00670,0.12781,0.60270,0.07113,0.00127,0.00632,0.02704,0.12064,0.01490,0.00852,0.01058,0.00241,0.00766,0.15289,0.72018,0.08295,0.00104,0.00605,0.00209,0.00178,0.00138,0.01004,0.01147,0.00247,-56.07,7.232,-1,0.0000,-1.00,0.0000,0
58049,1790795488011,0.01258,0.00090,0.31284,0.28023,0.10473,0.03644,0.00566,0.06364,0.05574,0.04372,0.07469,0.00883,0.01441,0.00051,0.36929,0.31964,0.12366,0.04081,0.00663,0.00310,0.00318,0.02811,0.08140,0.00926,-57.86,3.754,-1,0.0000,-1.00,0.0000,0
58142,1790795488111,0.02313,0.01068,0.23988,0.18860,0.03465,0.05964,0.00614,0.05164,0.04503,0.09260,0.20433,0.04366,0.02537,0.00974,0.26668,0.18006,0.03137,0.06644,0.00543,0.00901,0.01827,0.10474,0.23167,0.05124,-60.06,2.879,-1,0.0000,-1.00,0.0000,0
58235,1790795488191,0.03183,0.00647,0.41744,0.05616,0.02975,0.02414,0.00644,0.08798,0.03138,0.09311,0.11773,0.09757,0.03625,0.00188,0.47857,0.04018,0.01279,0.02174,0.00735,0.01055,0.02959,0.10908,0.13676,0.11526,-59.26,5.009,-1,0.0000,-1.00,0.0000,0
58328,1790795488292,0.02740,0.00416,0.48934,0.06137,0.04096,0.04691,0.00931,0.10934,0.01688,0.08552,0.08905,0.01977,0.02891,0.00337,0.56780,0.05436,0.04479,0.05048,0.01049,0.01845,0.00945,0.09359,0.09670,0.02160,-61.12,5.872,-1,0.0000,-1.00,0.0000,0
58421,1790795488373,0.04032,0.02468,0.33228,0.06313,0.03359,0.10556,0.01578,0.18607,0.04242,0.07995,0.06478,0.01145,0.01900,0.02212,0.38065,0.06509,0.03789,0.12293,0.01452,0.14749,0.03793,0.08828,0.05325,0.01084,-61.45,3.987,-1,0.0000,-1.00,0.0000,0
58514,1790795488471,0.02233,0.00931,0.19353,0.03194,0.04548,0.03211,0.07324,0.07478,0.03715,0.38484,0.05782,0.03748,0.01459,0.00335,0.14241,0.02593,0.04901,0.03558,0.08710,0.06137,0.03937,0.45141,0.06222,0.02765,-58.24,4.618,-1,0.0000,-1.00,0.0000,0
58607,1790795488571,0.02346,0.00292,0.16200,0.02181,0.10414,0.04252,0.01199,0.07460,0.00798,0.39447,0.05652,0.09758,0.01449,0.00218,0.10443,0.01460,0.10215,0.04808,0.01393,0.06869,0.00666,0.45242,0.05820,0.11417,-58.05,4.734,-1,0.0000,-1.00,0.0000,0
58700,1790795488652,0.01824,0.00685,0.24699,0.00618,0.01660,0.10466,0.01778,0.05013,0.00942,0.46479,0.04675,0.01162,0.01751,0.00609,0.18626,0.00109,0.01799,0.12193,0.02008,0.02316,0.01105,0.55338,0.03184,0.00962,-60.61,5.577,-1,0.0000,-1.00,0.0000,0
58792,1790795488771,0.01962,0.00309,0.17855,0.02986,0.01871,0.14142,0.02210,0.02948,0.00766,0.44167,0.09891,0.00892,0.02054,0.00290,0.10987,0.01879,0.02131,0.16539,0.02589,0.01355,0.00546,0.52500,0.08573,0.00556,-61.26,5.300,-1,0.0000,-1.00,0.0000,0
58885,1790795488851,0.06111,0.00667,0.24118,0.03136,0.01977,0.16452,0.03414,0.07561,0.01185,0.15224,0.18033,0.02124,0.06523,0.00526,0.25362,0.00198,0.02021,0.18420,0.03986,0.04032,0.01380,0.17841,0.17956,0.01754,-60.59,2.894,-1,0.0000,-1.00,0.0000,0
58978,1790795488951,0.51730,0.06453,0.05121,0.01648,0.00820,0.12440,0.04746,0.05958,0.01092,0.02278,0.05914,0.01800,0.60782,0.07510,0.05621,0.00682,0.00720,0.02857,0.04198,0.06025,0.01164,0.02596,0.06521,0.01325,-58.12,6.208,-1,0.0000,-1.00,0.0000,0
59071,1790795489031,0.66583,0.01988,0.02996,0.00542,0.00748,0.13228,0.00655,0.08840,0.00155,0.01510,0.02503,0.00252,0.77811,0.02348,0.03264,0.00072,0.00849,0.00426,0.00319,0.09946,0.00171,0.01641,0.02915,0.00239,-56.98,7.990,-1,0.0000,-1.00,0.0000,0
59164,1790795489132,0.64175,0.00177,0.04318,0.00339,0.00806,0.12979,0.01289,0.09354,0.00212,0.04179,0.01682,0.00491,0.74839,0.00166,0.04214,0.00034,0.00908,0.00716,0.01506,0.10379,0.00234,0.04840,0.01874,0.00290,-57.26,7.701,-1,0.0000,-1.00,0.0000,0
59257,1790795489244,0.65582,0.00066,0.03229,0.04813,0.00716,0.13131,0.02920,0.04800,0.01021,0.02577,0.00418,0.00729,0.77569,0.00062,0.03289,0.05681,0.00822,0.00356,0.03487,0.05099,0.00097,0.02924,0.00431,0.00182,-54.63,7.870,-1,0.0000,-1.00,0.0000,0
59350,1790795489313,0.58491,0.00140,0.03147,0.00834,0.03474,0.11753,0.00582,0.03895,0.00204,0.00987,0.00398,0.16094,0.69300,0.00156,0.03551,0.00918,0.00366,0.00345,0.00667,0.03963,0.00062,0.01111,0.00408,0.19153,-53.92,7.019,-1,0.0000,-1.00,0.0000,0
59443,1790795489413,0.15373,0.18053,0.26668,0.01192,0.03478,0.03761,0.04360,0.07657,0.00473,0.01847,0.00691,0.16447,0.17849,0.21574,0.31525,0.01302,0.00299,0.00968,0.00948,0.02926,0.00294,0.02167,0.00636,0.19512,-54.38,3.200,-1,0.0000,-1.00,0.0000,0
59535,1790795489491,0.26714,0.06020,0.33187,0.02397,0.01202,0.06965,0.02481,0.08402,0.00453,0.00954,0.06289,0.04936,0.31564,0.07168,0.39553,0.01460,0.00329,0.02088,0.01552,0.02226,0.00253,0.01078,0.07122,0.05606,-55.19,3.982,-1,0.0000,-1.00,0.0000,0
59628,1790795489591,0.23301,0.13314,0.33169,0.00752,0.00958,0.05539,0.06919,0.03542,0.00858,0.04198,0.03163,0.04285,0.27694,0.15779,0.38753,0.00195,0.00158,0.01147,0.00684,0.01041,0.00986,0.05003,0.03563,0.04998,-57.13,3.980,-1,0.0000,-1.00,0.0000,0
59721,1790795489672,0.06979,0.08865,0.30836,0.02030,0.02753,0.06773,0.05005,0.06751,0.00865,0.07243,0.09163,0.12738,0.08137,0.10441,0.35245,0.00511,0.00426,0.06502,0.03914,0.01116,0.00935,0.08594,0.09690,0.14487,-58.91,3.700,-1,0.0000,-1.00,0.0000,0
59814,1790795489773,0.13005,0.00968,0.42117,0.01024,0.00802,0.09918,0.03793,0.09953,0.01136,0.08456,0.05772,0.03057,0.15130,0.00903,0.48473,0.00205,0.00408,0.08885,0.04332,0.02351,0.01321,0.10051,0.05155,0.02785,-60.18,5.054,-1,0.0000,-1.00,0.0000,0
59907,1790795489870,0.28643,0.01379,0.10372,0.03392,0.03821,0.08478,0.01737,0.13007,0.01142,0.08076,0.10370,0.09583,0.31644,0.01455,0.10602,0.01754,0.02372,0.03886,0.01793,0.13484,0.01014,0.09213,0.11655,0.11127,-59.41,3.437,-1,0.0000,-1.00,0.0000,0
60000,1790795489952,0.35688,0.02617,0.04395,0.03966,0.03321,0.14063,0.01087,0.08952,0.01690,0.15265,0.02909,0.06048,0.40684,0.02928,0.01741,0.04407,0.02572,0.08785,0.00722,0.10382,0.01152,0.17781,0.01744,0.07103,-60.35,4.283,-1,0.0000,-1.00,0.0000,0
60093,1790795490071,0.29059,0.00852,0.10785,0.01221,0.11218,0.13998,0.01246,0.07200,0.00600,0.14709,0.03178,0.05933,0.33496,0.00930,0.09895,0.01106,0.12083,0.10133,0.01296,0.06679,0.00456,0.15273,0.01800,0.06853,-59.41,3.487,-1,0.0000,-1.00,0.0000,0
60186,1790795490152,0.11349,0.01605,0.18350,0.01589,0.01993,0.34637,0.00747,0.10353,0.00719,0.07634,0.07634,0.03391,0.11891,0.01817,0.20235,0.01631,0.01557,0.39183,0.00317,0.08612,0.00535,0.08841,0.01380,0.04000,-59.45,4.156,-1,0.0000,-1.00,0.0000,0
60279,1790795490252,0.16199,0.02899,0.06428,0.04280,0.03776,0.17455,0.00844,0.16837,0.01586,0.19416,0.05026,0.05255,0.15551,0.03279,0.03220,0.04636,0.03293,0.17832,0.00356,0.19542,0.00981,0.22612,0.02487,0.06212,-58.90,2.330,-1,0.0000,-1.00,0.0000,0
60371,1790795490334,0.12491,0.01320,0.07296,0.01519,0.06459,0.07515,0.00738,0.12127,0.02955,0.22705,0.02754,0.22121,0.11881,0.01277,0.03448,0.01427,0.02509,0.06650,0.00524,0.13955,0.03258,0.26709,0.01982,0.26382,-57.30,2.725,-1,0.0000,-1.00,0.0000,0
60464,1790795490431,0.06951,0.00225,0.05392,0.00687,0.02381,0.48651,0.00241,0.04869,0.00444,0.10136,0.09707,0.10316,0.07291,0.00193,0.04067,0.00754,0.00352,0.56902,0.00030,0.05248,0.00383,0.12076,0.00351,0.12353,-56.47,5.838,-1,0.0000,-1.00,0.0000,0
60557,1790795490531,0.08357,0.00232,0.02825,0.00306,0.03867,0.47375,0.00095,0.05019,0.00429,0.13121,0.09452,0.08922,0.08832,0.00187,0.00367,0.00283,0.02512,0.55020,0.00058,0.05961,0.00458,0.15224,0.00419,0.10679,-56.33,5.685,-1,0.0000,-1.00,0.0000,0
60650,1790795490612,0.05674,0.05016,0.03433,0.00253,0.16211,0.09174,0.00935,0.04661,0.24776,0.08461,0.02401,0.19006,0.05796,0.00131,0.02692,0.00119,0.14953,0.09844,0.01094,0.05052,0.29664,0.07174,0.00925,0.22556,-54.81,2.973,-1,0.0000,-1.00,0.0000,0
60743,1790795490712,0.02440,0.08035,0.03019,0.01405,0.15989,0.05852,0.00233,0.01702,0.38892,0.07243,0.01209,0.13983,0.02488,0.00585,0.02520,0.01652,0.15843,0.06518,0.00163,0.01539,0.46274,0.05538,0.00157,0.16722,-55.88,4.667,-1,0.0000,-1.00,0.0000,0
60836,1790795490792,0.33718,0.03283,0.05459,0.01708,0.03457,0.17770,0.01791,0.07558,0.04930,0.10079,0.05074,0.05174,0.38715,0.02886,0.04256,0.01381,0.02850,0.13745,0.01559,0.08227,0.05618,0.11527,0.03355,0.05880,-57.76,4.046,-1,0.0000,-1.00,0.0000,0
60929,1790795490892,0.08044,0.06967,0.62534,0.00101,0.00690,0.02429,0.02358,0.13650,0.00404,0.01533,0.00363,0.00927,0.09229,0.08260,0.74590,0.00078,0.00634,0.01081,0.00714,0.02044,0.00463,0.01717,0.00221,0.00970,-54.60,7.504,-1,0.0000,-1.00,0.0000,0
61022,1790795490971,0.01718,0.00088,0.77024,0.00083,0.00216,0.01493,0.00433,0.16486,0.00119,0.01482,0.00322,0.00536,0.01762,0.00081,0.91948,0.00080,0.00152,0.01440,0.00503,0.01527,0.00126,0.01745,0.00100,0.00537,-54.49,9.243,-1,0.0000,-1.00,0.0000,0
61114,1790795491071,0.19011,0.04556,0.38928,0.01580,0.01757,0.06417,0.02661,0.15139,0.00694,0.04640,0.00900,0.03716,0.20968,0.05369,0.45594,0.01818,0.01306,0.03532,0.02106,0.09120,0.00472,0.05301,0.00378,0.04035,-56.17,4.671,-1,0.0000,-1.00,0.0000,0
61207,1790795491173,0.73540,0.01906,0.02189,0.00212,0.00586,0.14674,0.00446,0.04403,0.00179,0.00886,0.00227,0.00753,0.87168,0.02250,0.02433,0.00212,0.00527,0.00303,0.00089,0.04794,0.00173,0.00957,0.00212,0.00884,-56.55,8.825,-1,0.0000,-1.00,0.0000,0
61300,1790795491253,0.72144,0.00201,0.01381,0.00090,0.02768,0.14432,0.00128,0.06489,0.00181,0.01162,0.00253,0.00771,0.84955,0.00200,0.01502,0.00065,0.03137,0.00452,0.00074,0.07519,0.00204,0.00770,0.00213,0.00910,-54.13,8.657,-1,0.0000,261.41,0.9503,1
61393,1790795491375,0.75289,0.00007,0.00654,0.00412,0.01341,0.15037,0.00065,0.02821,0.00038,0.00882,0.02086,0.01367,0.89568,0.00000,0.00624,0.00009,0.01285,0.00262,0.00078,0.03257,0.00044,0.00802,0.02447,0.01623,-53.22,9.035,-1,0.0000,-1.00,0.0000,0
61486,1790795491451,0.72505,0.04317,0.02441,0.00166,0.00448,0.14493,0.00948,0.01398,0.00129,0.01376,0.00450,0.01329,0.86648,0.05146,0.02606,0.00101,0.00190,0.00225,0.00116,0.01158,0.00135,0.01611,0.00494,0.01569,-53.54,8.701,-1,0.0000,-1.00,0.0000,0
61579,1790795491551,0.15889,0.15238,0.36589,0.00509,0.01159,0.03390,0.05216,0.10390,0.02915,0.04023,0.00315,0.04366,0.18248,0.17601,0.42902,0.00552,0.00461,0.00444,0.02761,0.03945,0.03366,0.04746,0.00290,0.04684,-54.13,4.391,-1,0.0000,-1.00,0.0000,0
61672,1790795491631,0.20555,0.16202,0.22745,0.01914,0.03331,0.04632,0.03916,0.05964,0.00830,0.03833,0.00258,0.15820,0.24242,0.19310,0.26349,0.02261,0.00267,0.00745,0.00815,0.01972,0.00522,0.04565,0.00161,0.18791,-54.76,2.729,-1,0.0000,-1.00,0.0000,0
61765,1790795491745,0.06561,0.01765,0.54827,0.01922,0.02240,0.02424,0.00984,0.13903,0.00586,0.07533,0.02306,0.04948,0.07013,0.02053,0.63966,0.01815,0.01529,0.01515,0.00457,0.04295,0.00343,0.08723,0.02463,0.05830,-56.57,6.579,-1,0.0000,-1.00,0.0000,0
61857,1790795491831,0.14624,0.01570,0.08220,0.03383,0.08951,0.04323,0.01016,0.16268,0.01590,0.23948,0.09426,0.06683,0.13835,0.01580,0.04521,0.01910,0.09173,0.02437,0.00904,0.18596,0.01527,0.26877,0.10811,0.07828,-59.08,2.874,-1,0.0000,-1.00,0.0000,0
61950,1790795491911,0.11117,0.01714,0.09390,0.01179,0.12733,0.02915,0.00586,0.16338,0.01270,0.23239,0.04043,0.15475,0.09684,0.01774,0.06187,0.00515,0.11595,0.01573,0.00347,0.18353,0.01420,0.25547,0.04533,0.18470,-59.36,2.789,-1,0.0000,-1.00,0.0000,0
62043,1790795492011,0.12194,0.06718,0.22895,0.04034,0.11530,0.05026,0.03457,0.06577,0.02880,0.12542,0.02964,0.09182,0.13632,0.07566,0.24913,0.04261,0.11666,0.03320,0.00438,0.05147,0.02606,0.12716,0.02893,0.10842,-57.39,2.747,-1,0.0000,-1.00,0.0000,0
62136,1790795492092,0.04642,0.05759,0.03831,0.23882,0.05510,0.33532,0.01272,0.02203,0.05124,0.05670,0.07162,0.01412,0.05172,0.06806,0.03490,0.28454,0.06274,0.39153,0.00175,0.01948,0.00499,0.05550,0.00820,0.01658,-57.39,4.024,-1,0.0000,-1.00,0.0000,0
62229,1790795492192,0.13264,0.03551,0.06155,0.10663,0.13294,0.05044,0.03122,0.12853,0.02762,0.18135,0.01432,0.09726,0.12889,0.04124,0.03607,0.12574,0.13722,0.03489,0.02612,0.14998,0.00817,0.19009,0.01024,0.11136,-58.60,2.176,-1,0.0000,-1.00,0.0000,0
62322,1790795492270,0.20694,0.01285,0.08515,0.03187,0.03574,0.33019,0.01163,0.07769,0.01778,0.09133,0.07065,0.02819,0.23152,0.01256,0.08176,0.03514,0.03634,0.34975,0.00538,0.08295,0.01434,0.10223,0.01533,0.03271,-56.86,3.962,-1,0.0000,-1.00,0.0000,0
62415,1790795492370,0.09009,0.00693,0.02242,0.01435,0.01535,0.54731,0.00238,0.07417,0.00349,0.10576,0.10768,0.01008,0.09046,0.00813,0.00237,0.01668,0.01590,0.63802,0.00124,0.08840,0.00088,0.12357,0.00255,0.01179,-56.83,6.568,-1,0.0000,-1.00,0.0000,0
62508,1790795492471,0.04432,0.00081,0.09155,0.00118,0.00405,0.29202,0.03297,0.02237,0.00140,0.44397,0.05729,0.00807,0.04771,0.00086,0.00441,0.00118,0.00442,0.34050,0.03891,0.02636,0.00145,0.53110,0.00115,0.00195,-54.36,5.328,-1,0.0000,-1.00,0.0000,0
62600,1790795492552,0.12409,0.00066,0.10581,0.00108,0.00418,0.18816,0.00452,0.00404,0.00291,0.53034,0.03268,0.00154,0.14777,0.00015,0.00100,0.00124,0.00473,0.19628,0.00539,0.00464,0.00324,0.63453,0.00025,0.00077,-54.65,6.364,-1,0.0000,-1.00,0.0000,0
62693,1790795492672,0.11143,0.00618,0.09389,0.00662,0.03413,0.29740,0.06183,0.14747,0.00946,0.14892,0.05922,0.02346,0.10054,0.00546,0.07861,0.00709,0.03780,0.33661,0.06786,0.16626,0.00991,0.17097,0.00424,0.01466,-59.93,3.569,-1,0.0000,-1.00,0.0000,0
62786,1790795492750,0.17511,0.00490,0.09913,0.00864,0.04119,0.44507,0.01180,0.03687,0.00433,0.07896,0.08831,0.00569,0.20496,0.00530,0.10193,0.00874,0.04851,0.49267,0.01309,0.02397,0.00345,0.08499,0.00815,0.00423,-57.44,5.341,-1,0.0000,-1.00,0.0000,0
62879,1790795492851,0.31721,0.00233,0.02901,0.00096,0.00370,0.48691,0.00206,0.00749,0.00063,0.06312,0.08472,0.00187,0.37908,0.00269,0.01992,0.00100,0.00406,0.50828,0.00184,0.00512,0.00055,0.07483,0.00075,0.00187,-55.05,5.843,-1,0.0000,-1.00,0.0000,0
62972,1790795492932,0.33974,0.00257,0.02176,0.04782,0.01571,0.36892,0.01000,0.01006,0.01099,0.10061,0.06120,0.01061,0.40472,0.00273,0.00284,0.05698,0.01674,0.36182,0.01107,0.01186,0.00186,0.11725,0.00161,0.01052,-56.65,4.427,-1,0.0000,-1.00,0.0000,0
63065,1790795493031,0.37916,0.01808,0.05816,0.00342,0.05444,0.32416,0.01210,0.01519,0.00531,0.03314,0.05311,0.04374,0.45315,0.02111,0.06345,0.00322,0.05525,0.29859,0.01031,0.00562,0.00304,0.03145,0.00444,0.05036,-55.71,4.550,-1,0.0000,-1.00,0.0000,0
63158,1790795493131,0.52480,0.00167,0.00234,0.00464,0.00434,0.38679,0.00105,0.00395,0.00098,0.01199,0.05674,0.00074,0.62790,0.00198,0.00015,0.00540,0.00505,0.33899,0.00086,0.00470,0.00010,0.01336,0.00078,0.00072,-53.87,6.298,-1,0.0000,-1.00,0.0000,0
63251,1790795493211,0.44052,0.00117,0.00450,0.00149,0.00512,0.44683,0.00241,0.00346,0.00097,0.01682,0.07257,0.00413,0.52703,0.00129,0.00159,0.00149,0.00496,0.43123,0.00263,0.00383,0.00085,0.01920,0.00147,0.00443,-55.75,5.362,-1,0.0000,-1.00,0.0000,0
63344,1790795493308,0.11472,0.00714,0.07095,0.00523,0.06556,0.43096,0.01558,0.03405,0.00499,0.11781,0.09203,0.04099,0.13169,0.00751,0.05976,0.00367,0.06948,0.49028,0.01703,0.02911,0.00525,0.12739,0.01308,0.04574,-60.41,5.171,-1,0.0000,-1.00,0.0000,0
63436,1790795493390,0.06061,0.01347,0.04979,0.04376,0.13666,0.39202,0.02684,0.03880,0.01899,0.08519,0.09153,0.04234,0.06532,0.01354,0.04551,0.04864,0.15487,0.45678,0.02630,0.04066,0.01311,0.07138,0.01913,0.04477,-58.80,4.704,-1,0.0000,-1.00,0.0000,0
63529,1790795493491,0.12507,0.01382,0.09002,0.00438,0.12361,0.27316,0.01451,0.12764,0.00739,0.14549,0.05758,0.01735,0.12195,0.01495,0.07896,0.00348,0.14442,0.30314,0.01090,0.14081,0.00809,0.14578,0.00890,0.01862,-57.75,3.278,-1,0.0000,-1.00,0.0000,0
63622,1790795493569,0.03393,0.02179,0.11434,0.01102,0.27103,0.02216,0.00687,0.09072,0.06249,0.22399,0.02958,0.11208,0.02285,0.01166,0.09540,0.00706,0.29817,0.02222,0.00592,0.08979,0.07285,0.20991,0.03103,0.13312,-56.13,3.252,-1,0.0000,-1.00,0.0000,0
63715,1790795493671,0.00109,0.08111,0.03199,0.00159,0.17539,0.00038,0.00110,0.00704,0.40217,0.03533,0.00311,0.25969,0.00104,0.00173,0.03576,0.00118,0.14851,0.00026,0.00098,0.00135,0.48157,0.01298,0.00367,0.31098,-53.59,4.826,-1,0.0000,-1.00,0.0000,0
63808,1790795493771,0.01124,0.03496,0.02206,0.00062,0.18151,0.07545,0.00281,0.00424,0.17238,0.03347,0.01465,0.44660,0.01336,0.00098,0.02287,0.00071,0.11154,0.08776,0.00318,0.00054,0.20641,0.01799,0.00016,0.53450,-53.39,5.359,-1,0.0000,-1.00,0.0000,0
63901,1790795493851,0.20383,0.00458,0.04039,0.00092,0.21857,0.23143,0.00266,0.00826,0.01671,0.06679,0.03941,0.16645,0.24380,0.00378,0.03903,0.00074,0.22246,0.22898,0.00241,0.00218,0.00856,0.04725,0.00183,0.19896,-55.33,2.777,-1,0.0000,-1.00,0.0000,0
63994,1790795493970,0.03903,0.01506,0.07570,0.04294,0.31712,0.01525,0.01720,0.01384,0.01499,0.12404,0.02657,0.29829,0.04607,0.01666,0.07306,0.04575,0.30352,0.01543,0.01728,0.00212,0.00838,0.08897,0.02878,0.35398,-56.20,3.805,-1,0.0000,-1.00,0.0000,0
64087,1790795494052,0.00890,0.04097,0.01694,0.00559,0.36544,0.02813,0.00836,0.00436,0.19781,0.07280,0.00605,0.24465,0.01034,0.00241,0.01789,0.00651,0.38014,0.03166,0.00953,0.00168,0.23545,0.01215,0.00098,0.29126,-54.78,4.385,-1,0.0000,-1.00,0.0000,0
64179,1790795494151,0.00516,0.05355,0.14415,0.02410,0.14683,0.01084,0.02134,0.03518,0.17529,0.09686,0.02502,0.26168,0.00187,0.02544,0.15422,0.02344,0.11458,0.01262,0.02039,0.01171,0.20539,0.09334,0.02748,0.30952,-56.13,3.140,-1,0.0000,-1.00,0.0000,0
64272,1790795494232,0.01788,0.03995,0.20266,0.01077,0.14465,0.03709,0.04996,0.05382,0.10775,0.13583,0.01687,0.18277,0.01706,0.02274,0.21573,0.01053,0.13152,0.04162,0.05485,0.02224,0.12699,0.13672,0.01196,0.20805,-59.95,2.432,-1,0.0000,-1.00,0.0000,0
64365,1790795494333,0.01676,0.02416,0.22960,0.00553,0.16813,0.01728,0.04347,0.05543,0.02626,0.23044,0.01106,0.17188,0.01588,0.02295,0.22672,0.00469,0.16250,0.01755,0.04751,0.02150,0.03028,0.24416,0.00977,0.19649,-59.35,2.765,-1,0.0000,-1.00,0.0000,0
64458,1790795494433,0.00757,0.02528,0.15412,0.00834,0.34392,0.00792,0.01406,0.04282,0.11297,0.12699,0.01707,0.13893,0.00573,0.00371,0.16943,0.00626,0.37976,0.00836,0.01611,0.01773,0.13413,0.07688,0.01880,0.16311,-55.79,4.127,-1,0.0000,-1.00,0.0000,0
64551,1790795494513,0.00219,0.03296,0.03638,0.00261,0.50231,0.00342,0.00220,0.00800,0.16128,0.11312,0.00242,0.13309,0.00238,0.00129,0.03914,0.00270,0.57039,0.00363,0.00238,0.00183,0.19272,0.02247,0.00219,0.15888,-54.70,6.028,-1,0.0000,-1.00,0.0000,0
64644,1790795494614,0.16577,0.00805,0.10213,0.01107,0.34529,0.02326,0.00635,0.01778,0.03247,0.21423,0.00776,0.06583,0.19758,0.00261,0.08566,0.01245,0.36085,0.02624,0.00709,0.00432,0.03644,0.18517,0.00410,0.07748,-56.79,4.144,-1,0.0000,-1.00,0.0000,0
64737,1790795494692,0.00451,0.02048,0.19025,0.02834,0.24443,0.01033,0.07028,0.03358,0.02313,0.24499,0.00699,0.12270,0.00449,0.02033,0.18026,0.03274,0.26688,0.01148,0.08006,0.00463,0.02122,0.24065,0.00610,0.13116,-59.03,2.940,-1,0.0000,-1.00,0.0000,0
64830,1790795494792,0.01096,0.02464,0.32048,0.00719,0.19063,0.00580,0.01352,0.05745,0.01582,0.28701,0.00531,0.06119,0.01199,0.02634,0.32422,0.00753,0.21432,0.00458,0.01097,0.00456,0.01728,0.30160,0.00546,0.07114,-58.17,3.846,-1,0.0000,-1.00,0.0000,0
64922,1790795494872,0.01622,0.04489,0.11656,0.02654,0.23500,0.05891,0.01588,0.01694,0.15515,0.24363,0.01450,0.05579,0.01900,0.01819,0.09228,0.03107,0.26669,0.06907,0.01542,0.00200,0.17974,0.23906,0.00368,0.06380,-58.07,2.924,-1,0.0000,-1.00,0.0000,0
65015,1790795494969,0.00725,0.02866,0.13762,0.00345,0.25106,0.01655,0.02604,0.02111,0.04953,0.29461,0.00759,0.15651,0.00783,0.02271,0.10533,0.00305,0.26471,0.01828,0.02670,0.00442,0.05875,0.30053,0.00547,0.18222,-58.75,3.535,-1,0.0000,-1.00,0.0000,0
65108,1790795495072,0.00643,0.04531,0.09401,0.00518,0.29548,0.00973,0.02063,0.03055,0.12528,0.09443,0.00635,0.26661,0.00447,0.02475,0.10166,0.00513,0.29150,0.01078,0.01982,0.01645,0.14904,0.05543,0.00547,0.31551,-58.00,3.546,-1,0.0000,-1.00,0.0000,0
65201,1790795495173,0.00423,0.01589,0.07531,0.00509,0.46366,0.00145,0.00890,0.01794,0.04503,0.27623,0.00380,0.08246,0.00250,0.00869,0.04567,0.00525,0.53634,0.00124,0.00894,0.01245,0.05280,0.22479,0.00430,0.09703,-57.56,5.564,-1,0.0000,-1.00,0.0000,0
65294,1790795495272,0.00686,0.01467,0.09528,0.00400,0.39917,0.00778,0.00937,0.01841,0.02539,0.34255,0.00533,0.07120,0.00584,0.01173,0.05092,0.00384,0.46174,0.00816,0.00887,0.01199,0.02951,0.31907,0.00477,0.08356,-57.76,4.790,-1,0.0000,-1.00,0.0000,0
65387,1790795495351,0.02332,0.02692,0.08485,0.02245,0.13489,0.22118,0.01456,0.02028,0.03635,0.21039,0.06209,0.14272,0.02488,0.02490,0.05666,0.02245,0.12636,0.26195,0.01210,0.01347,0.03910,0.22705,0.02247,0.16862,-57.28,2.654,-1,0.0000,-1.00,0.0000,0
65480,1790795495451,0.00611,0.01737,0.06041,0.47695,0.06521,0.00645,0.01686,0.01616,0.12824,0.10757,0.01481,0.08387,0.00537,0.01299,0.04886,0.56824,0.05890,0.00667,0.01759,0.00972,0.03956,0.11867,0.01642,0.09701,-56.99,5.723,-1,0.0000,-1.00,0.0000,0
65573,1790795495531,0.01371,0.05834,0.03663,0.04380,0.14743,0.05094,0.11147,0.01849,0.04785,0.05101,0.02917,0.39115,0.01342,0.06042,0.03525,0.04785,0.08852,0.05838,0.12159,0.01517,0.04783,0.04360,0.02338,0.44458,-57.07,4.694,-1,0.0000,-1.00,0.0000,0
65666,1790795495632,0.00703,0.05035,0.02220,0.36994,0.12079,0.02081,0.01037,0.02654,0.11686,0.04179,0.01848,0.19483,0.00331,0.04988,0.02053,0.43984,0.09848,0.02444,0.00254,0.02773,0.05274,0.03065,0.01730,0.23257,-56.96,4.439,-1,0.0000,-1.00,0.0000,0
65758,1790795495731,0.02622,0.06146,0.09589,0.03196,0.15092,0.20662,0.01284,0.03409,0.07679,0.07716,0.05363,0.17242,0.02727,0.05679,0.10205,0.03508,0.14004,0.24217,0.00382,0.02092,0.08497,0.06478,0.01625,0.20584,-56.86,2.479,-1,0.0000,-1.00,0.0000,0
65851,1790795495811,0.00471,0.05491,0.01498,0.51049,0.07269,0.01649,0.02057,0.01435,0.14692,0.03631,0.01524,0.09233,0.00269,0.05483,0.01191,0.60882,0.06571,0.01923,0.01378,0.01484,0.05535,0.03049,0.01445,0.10791,-56.87,6.126,-1,0.0000,-1.00,0.0000,0
65944,1790795495911,0.01407,0.12388,0.02454,0.09140,0.09674,0.09917,0.20074,0.01075,0.06276,0.05116,0.04788,0.17690,0.01511,0.13757,0.02049,0.10269,0.08227,0.11584,0.21321,0.00887,0.05485,0.04499,0.03441,0.16971,-57.12,2.409,-1,0.0000,-1.00,0.0000,0
66037,1790795495992,0.00692,0.06088,0.01777,0.45512,0.06559,0.08576,0.04038,0.01360,0.12017,0.04028,0.02678,0.06675,0.00559,0.06590,0.01410,0.54298,0.06398,0.10180,0.03527,0.01355,0.03564,0.03629,0.01190,0.07299,-57.36,5.461,-1,0.0000,-1.00,0.0000,0
66130,1790795496092,0.00901,0.07511,0.12517,0.10943,0.15832,0.19280,0.01769,0.04487,0.06972,0.05435,0.05346,0.09009,0.00578,0.07845,0.14369,0.12746,0.16853,0.22987,0.00564,0.02528,0.05822,0.03176,0.01849,0.10683,-57.34,2.314,-1,0.0000,-1.00,0.0000,0
66223,1790795496171,0.00834,0.05902,0.01786,0.36175,0.11727,0.14402,0.02287,0.01558,0.09667,0.03868,0.03579,0.08213,0.00719,0.06472,0.01698,0.43170,0.12144,0.17134,0.01458,0.01531,0.03026,0.02228,0.00892,0.09530,-57.93,4.341,-1,0.0000,-1.00,0.0000,0
66316,1790795496275,0.00627,0.03960,0.03341,0.25427,0.15822,0.10664,0.07699,0.02388,0.08588,0.05868,0.02677,0.12940,0.00311,0.03898,0.03247,0.30331,0.16217,0.12716,0.08452,0.02218,0.04277,0.03816,0.00687,0.13829,-60.22,3.051,-1,0.0000,-1.00,0.0000,0
66409,1790795496372,0.01813,0.09859,0.11117,0.04567,0.09575,0.07266,0.02512,0.08021,0.07327,0.12698,0.03860,0.21386,0.00664,0.10278,0.10557,0.04892,0.06431,0.08574,0.00952,0.07538,0.07810,0.13940,0.02926,0.25437,-62.04,2.566,-1,0.0000,-1.00,0.0000,0
66501,1790795496472,0.02801,0.22560,0.06251,0.05657,0.09230,0.02667,0.06108,0.04310,0.04652,0.18729,0.02698,0.14338,0.02447,0.26189,0.03345,0.06244,0.07737,0.02711,0.02127,0.04501,0.04336,0.20908,0.02695,0.16758,-60.34,2.707,-1,0.0000,-1.00,0.0000,0
66594,1790795496571,0.00845,0.24126,0.07503,0.01160,0.11156,0.02211,0.06546,0.03101,0.04358,0.24969,0.02055,0.11969,0.00367,0.27959,0.03476,0.01003,0.10615,0.02576,0.02301,0.03027,0.05023,0.27814,0.01952,0.13886,-58.59,2.996,-1,0.0000,-1.00,0.0000,0
66687,1790795496651,0.00621,0.18277,0.09555,0.01205,0.06422,0.02197,0.04700,0.02654,0.04693,0.35012,0.02979,0.11686,0.00231,0.20823,0.03328,0.00838,0.04977,0.02587,0.01458,0.02566,0.05457,0.40966,0.03056,0.13713,-57.77,4.201,-1,0.0000,-1.00,0.0000,0
66780,1790795496751,0.00846,0.24948,0.08903,0.01523,0.08377,0.00966,0.05294,0.03154,0.04689,0.28960,0.02950,0.09390,0.00455,0.28831,0.04094,0.01166,0.07828,0.01079,0.00601,0.02995,0.05375,0.33162,0.03321,0.11093,-58.84,3.475,-1,0.0000,-1.00,0.0000,0
66873,1790795496830,0.01306,0.14965,0.09235,0.05618,0.12139,0.01630,0.04918,0.03531,0.05525,0.22506,0.05307,0.13318,0.00896,0.16881,0.06162,0.05543,0.11437,0.01814,0.02367,0.03189,0.05483,0.24739,0.05999,0.15489,-56.96,2.701,-1,0.0000,-1.00,0.0000,0
66966,1790795496932,0.02361,0.01511,0.05838,0.03511,0.11238,0.25489,0.01266,0.01674,0.04253,0.21217,0.09605,0.12036,0.02591,0.00934,0.02366,0.03105,0.10672,0.30029,0.01330,0.01539,0.04433,0.23356,0.05556,0.14090,-54.91,3.059,-1,0.0000,-1.00,0.0000,0
67059,1790795497031,0.03487,0.04636,0.04398,0.02343,0.05751,0.11764,0.03355,0.04466,0.20451,0.15980,0.11748,0.11621,0.03180,0.00744,0.01617,0.00547,0.04282,0.13465,0.03873,0.05031,0.24270,0.18426,0.11407,0.13158,-54.28,2.454,-1,0.0000,-1.00,0.0000,0
67152,1790795497112,0.10035,0.01817,0.04470,0.00570,0.15823,0.29022,0.01352,0.02162,0.02994,0.09417,0.06917,0.15420,0.11613,0.01485,0.03715,0.00316,0.15340,0.32473,0.01101,0.02079,0.03489,0.08279,0.01850,0.18259,-54.85,3.483,-1,0.0000,-1.00,0.0000,0
67244,1790795497212,0.12086,0.05788,0.04207,0.01275,0.14433,0.27804,0.02259,0.02644,0.01477,0.11411,0.06330,0.10284,0.14003,0.06656,0.02917,0.01224,0.14918,0.30540,0.01388,0.02590,0.01527,0.10716,0.01531,0.11991,-56.75,3.336,-1,0.0000,-1.00,0.0000,0
67337,1790795497292,0.02252,0.05549,0.10674,0.11694,0.18973,0.03576,0.03374,0.05117,0.05267,0.10182,0.09464,0.13876,0.01860,0.05907,0.11140,0.11919,0.19547,0.03917,0.02771,0.04024,0.03949,0.08325,0.10564,0.16078,-56.10,2.277,-1,0.0000,-1.00,0.0000,0
67430,1790795497391,0.04715,0.01405,0.48290,0.04288,0.05649,0.01829,0.05619,0.15587,0.02548,0.03738,0.01967,0.04365,0.04116,0.01265,0.57199,0.04734,0.05718,0.01628,0.06085,0.07736,0.02115,0.03345,0.02035,0.04024,-54.24,5.795,-1,0.0000,-1.00,0.0000,0
67523,1790795497472,0.02682,0.01336,0.58413,0.03456,0.00631,0.00881,0.01128,0.22554,0.02440,0.03846,0.00620,0.02013,0.00571,0.01180,0.69092,0.04030,0.00322,0.00942,0.01118,0.13329,0.02125,0.04544,0.00556,0.02191,-53.90,7.010,-1,0.0000,-1.00,0.0000,0
67616,1790795497572,0.04649,0.00471,0.50164,0.02619,0.00454,0.01153,0.01245,0.30931,0.02379,0.04167,0.00731,0.01039,0.00484,0.00181,0.59133,0.03015,0.00354,0.01285,0.01455,0.25340,0.02253,0.04922,0.00621,0.00956,-54.68,6.020,-1,0.0000,-1.00,0.0000,0
67709,1790795497671,0.01790,0.00837,0.19545,0.08614,0.27189,0.01849,0.03626,0.06113,0.05061,0.22673,0.01285,0.01417,0.01447,0.00248,0.19258,0.10093,0.32410,0.01929,0.04282,0.03521,0.03811,0.20994,0.01158,0.00849,-54.61,3.263,-1,0.0000,-1.00,0.0000,0
67802,1790795497773,0.00712,0.00282,0.14355,0.07314,0.40150,0.01578,0.01025,0.03179,0.02077,0.27523,0.01004,0.00802,0.00591,0.00182,0.12547,0.08595,0.47965,0.01774,0.01192,0.01321,0.00785,0.23470,0.00851,0.00725,-55.33,4.818,-1,0.0000,-1.00,0.0000,0
67895,1790795497871,0.04531,0.00359,0.27372,0.01637,0.03365,0.04088,0.06287,0.17987,0.01437,0.21227,0.04123,0.07587,0.02247,0.00134,0.27855,0.01157,0.02524,0.04453,0.07483,0.16054,0.01492,0.24935,0.04057,0.07608,-56.19,3.285,-1,0.0000,-1.00,0.0000,0
67988,1790795497951,0.06095,0.00853,0.18986,0.00737,0.02382,0.00835,0.01735,0.32258,0.04077,0.19884,0.02105,0.10052,0.00418,0.00071,0.18048,0.00420,0.00560,0.00918,0.02064,0.35075,0.04802,0.23715,0.02341,0.11569,-56.03,3.871,-1,0.0000,-1.00,0.0000,0
68080,1790795498052,0.05466,0.00249,0.22951,0.00185,0.00401,0.01288,0.04077,0.28767,0.00093,0.34335,0.00783,0.01404,0.00477,0.00280,0.19358,0.00093,0.00337,0.01449,0.04830,0.30632,0.00093,0.41075,0.00651,0.00724,-56.26,4.120,-1,0.0000,-1.00,0.0000,0
68173,1790795498131,0.03993,0.00224,0.12789,0.00323,0.00461,0.34884,0.01993,0.07568,0.00681,0.28417,0.07712,0.00956,0.03321,0.00125,0.08591,0.00171,0.00420,0.41141,0.02363,0.07365,0.00781,0.33967,0.01085,0.00669,-56.61,4.186,-1,0.0000,-1.00,0.0000,0
68266,1790795498239,0.04279,0.01697,0.22611,0.01423,0.01572,0.17148,0.07587,0.21819,0.07426,0.05950,0.04979,0.03508,0.00967,0.00321,0.25735,0.01323,0.01408,0.20355,0.09027,0.21043,0.08635,0.06851,0.01931,0.02404,-57.99,2.713,-1,0.0000,-1.00,0.0000,0
68359,1790795498329,0.02642,0.02409,0.16643,0.03588,0.04609,0.01348,0.11370,0.07739,0.11626,0.19742,0.07110,0.11174,0.01812,0.00631,0.15380,0.02659,0.03453,0.01256,0.13479,0.06244,0.13362,0.23013,0.08271,0.10440,-54.80,2.369,-1,0.0000,-1.00,0.0000,0
68452,1790795498416,0.31466,0.01452,0.05743,0.00779,0.01272,0.19460,0.03041,0.01514,0.06362,0.21974,0.03837,0.03098,0.37348,0.00317,0.01699,0.00648,0.00930,0.15914,0.03581,0.01477,0.07494,0.26147,0.01443,0.03002,-52.60,3.776,-1,0.0000,-1.00,0.0000,0
68545,1790795498512,0.37106,0.00442,0.02678,0.00187,0.00594,0.38089,0.00813,0.00254,0.00342,0.12782,0.06296,0.00417,0.44406,0.00458,0.00197,0.00176,0.00630,0.36854,0.00883,0.00266,0.00375,0.15191,0.00238,0.00324,-52.20,4.571,-1,0.0000,-1.00,0.0000,0
68638,1790795498591,0.11792,0.03871,0.01157,0.00124,0.19050,0.07795,0.00225,0.00286,0.18719,0.08163,0.01231,0.27585,0.14080,0.00200,0.00088,0.00114,0.16287,0.06549,0.00230,0.00326,0.22407,0.06553,0.00177,0.32989,-52.42,3.310,-1,0.0000,-1.00,0.0000,0
68731,1790795498691,0.01060,0.03931,0.02148,0.00303,0.23908,0.01276,0.00312,0.00722,0.16504,0.10663,0.00714,0.38460,0.01113,0.00821,0.00803,0.00245,0.19520,0.01308,0.00210,0.00708,0.19703,0.08931,0.00597,0.46042,-55.10,4.615,-1,0.0000,-1.00,0.0000,0
68823,1790795498771,0.03215,0.02551,0.04938,0.10127,0.01890,0.03921,0.13412,0.10694,0.04319,0.12576,0.25924,0.06434,0.01423,0.02281,0.02974,0.06150,0.01349,0.04417,0.15587,0.12254,0.03912,0.14845,0.30187,0.04619,-57.00,3.111,-1,0.0000,-1.00,0.0000,0
68916,1790795498872,0.03864,0.00298,0.10786,0.11720,0.12595,0.01102,0.08395,0.18955,0.03479,0.03353,0.12844,0.12607,0.00572,0.00033,0.12600,0.11040,0.12492,0.01207,0.10049,0.20219,0.01888,0.01633,0.15151,0.13115,-55.94,2.275,-1,0.0000,-1.00,0.0000,0
69009,1790795498971,0.06475,0.00928,0.07365,0.00345,0.19527,0.01206,0.00202,0.33000,0.04702,0.03224,0.01235,0.21791,0.00244,0.00023,0.08776,0.00175,0.18231,0.01396,0.00238,0.37802,0.05597,0.00251,0.01203,0.26064,-56.81,3.960,-1,0.0000,-1.00,0.0000,0
69102,1790795499072,0.07984,0.00580,0.13371,0.01050,0.20180,0.01383,0.00286,0.41166,0.02832,0.04472,0.01581,0.05114,0.00411,0.00060,0.15863,0.00945,0.22979,0.01576,0.00328,0.46184,0.03206,0.00803,0.01581,0.06063,-57.21,4.940,-1,0.0000,-1.00,0.0000,0
69195,1790795499172,0.10288,0.00325,0.12717,0.00292,0.13864,0.01077,0.00305,0.52183,0.01543,0.03624,0.00851,0.02932,0.00521,0.00031,0.15002,0.00194,0.15931,0.01187,0.00360,0.59553,0.01808,0.01186,0.00785,0.03442,-57.04,6.262,-1,0.0000,-1.00,0.0000,0
69288,1790795499251,0.13379,0.07596,0.01706,0.01263,0.00464,0.17557,0.06282,0.03480,0.37850,0.03435,0.04667,0.02322,0.15258,0.00155,0.01240,0.01112,0.00300,0.18013,0.07417,0.04005,0.45133,0.04057,0.02021,0.01291,-53.94,4.542,-1,0.0000,-1.00,0.0000,0
69381,1790795499352,0.19733,0.01502,0.02876,0.00152,0.02030,0.40463,0.03038,0.00678,0.07146,0.14255,0.07367,0.00761,0.23490,0.00108,0.00155,0.00154,0.02393,0.43828,0.03617,0.00784,0.08532,0.16606,0.00139,0.00194,-52.54,4.856,-1,0.0000,-1.00,0.0000,0
69474,1790795499432,0.15349,0.00371,0.00867,0.00226,0.01134,0.63436,0.00960,0.00827,0.00550,0.03610,0.12170,0.00500,0.18208,0.00322,0.00232,0.00225,0.01283,0.72402,0.01087,0.00945,0.00615,0.04071,0.00230,0.00380,-53.53,7.612,-1,0.0000,-1.00,0.0000,0
69566,1790795499532,0.29129,0.01179,0.01246,0.00358,0.00208,0.47693,0.06603,0.01368,0.00222,0.01840,0.08498,0.01657,0.34620,0.01377,0.01061,0.00387,0.00156,0.50284,0.07639,0.01429,0.00184,0.02180,0.00214,0.00471,-55.69,5.723,-1,0.0000,-1.00,0.0000,0
69659,1790795499634,0.06737,0.01953,0.03225,0.00268,0.02503,0.59119,0.01712,0.03176,0.01917,0.03405,0.12127,0.03858,0.07435,0.01908,0.03140,0.00167,0.02150,0.69365,0.01673,0.03183,0.02263,0.03654,0.00780,0.04281,-58.04,7.094,-1,0.0000,-1.00,0.0000,0
69752,1790795499738,0.07351,0.01421,0.15031,0.01593,0.04493,0.12276,0.11602,0.22716,0.05297,0.04339,0.03680,0.10200,0.03931,0.00623,0.17104,0.01586,0.03417,0.14007,0.13537,0.24070,0.05981,0.04574,0.01633,0.09539,-56.33,2.726,-1,0.0000,-1.00,0.0000,0
69845,1790795499811,0.04494,0.00331,0.42637,0.00197,0.06231,0.01498,0.07770,0.27348,0.01219,0.01288,0.00395,0.06593,0.00900,0.00120,0.51029,0.00205,0.06268,0.01617,0.09286,0.22653,0.01418,0.00303,0.00153,0.06048,-54.87,5.116,-1,0.0000,-1.00,0.0000,0
69938,1790795499891,0.07282,0.00612,0.29956,0.00146,0.08780,0.00767,0.00617,0.37444,0.06812,0.01616,0.00277,0.05691,0.00269,0.00093,0.35872,0.00144,0.09197,0.00866,0.00721,0.37756,0.08133,0.00113,0.00160,0.06677,-54.95,4.493,-1,0.0000,-1.00,0.0000,0
70031,1790795499992,0.03545,0.00804,0.33230,0.20498,0.05330,0.00094,0.00085,0.15355,0.16828,0.01060,0.00104,0.03066,0.00064,0.00046,0.39772,0.24541,0.05656,0.00107,0.00090,0.10518,0.15217,0.00231,0.00104,0.03655,-55.62,3.988,-1,0.0000,-1.00,0.0000,0
70124,1790795500071,0.01542,0.00964,0.07816,0.08446,0.26636,0.00634,0.00796,0.04510,0.08580,0.09376,0.00843,0.29858,0.00595,0.00079,0.08038,0.09945,0.24860,0.00641,0.00926,0.03823,0.07919,0.06697,0.00883,0.35594,-57.81,3.583,-1,0.0000,-1.00,0.0000,0
70217,1790795500171,0.06977,0.03011,0.08846,0.02089,0.13202,0.08123,0.12799,0.06744,0.07390,0.11787,0.02842,0.16188,0.06923,0.02048,0.08293,0.02157,0.12550,0.08361,0.14675,0.06693,0.08427,0.11636,0.01748,0.16488,-55.36,1.943,-1,0.0000,-1.00,0.0000,0
70310,1790795500292,0.03849,0.04255,0.22125,0.19884,0.00232,0.00907,0.03218,0.12353,0.30815,0.01230,0.00237,0.00895,0.00754,0.00669,0.26227,0.23806,0.00211,0.00937,0.03724,0.09603,0.32205,0.01431,0.00099,0.00335,-51.86,3.698,-1,0.0000,-1.00,0.0000,0
70402,1790795500371,0.01225,0.04162,0.29679,0.23889,0.00444,0.00084,0.00554,0.11424,0.25808,0.02362,0.00150,0.00219,0.00073,0.00038,0.35021,0.28592,0.00506,0.00086,0.00656,0.06746,0.25256,0.02730,0.00163,0.00132,-51.33,3.561,-1,0.0000,-1.00,0.0000,0
70495,1790795500471,0.00156,0.00616,0.14980,0.00844,0.18305,0.00090,0.00447,0.01162,0.02995,0.60012,0.00194,0.00200,0.00088,0.00104,0.04516,0.00968,0.21907,0.00090,0.00514,0.00497,0.03198,0.67764,0.00215,0.00137,-51.73,7.201,-1,0.0000,-1.00,0.0000,0
70588,1790795500551,0.00223,0.00115,0.15747,0.01132,0.08768,0.00058,0.00289,0.00585,0.00723,0.71074,0.00160,0.01125,0.00206,0.00033,0.02389,0.01320,0.10252,0.00028,0.00335,0.00231,0.00605,0.83132,0.00186,0.01282,-52.33,8.529,-1,0.0000,-1.00,0.0000,0
70681,1790795500652,0.11603,0.01322,0.08094,0.04972,0.04516,0.02809,0.04939,0.08980,0.04740,0.20753,0.13895,0.13378,0.11394,0.01128,0.04865,0.02701,0.02456,0.01107,0.05674,0.09816,0.05144,0.24380,0.16430,0.14905,-52.67,2.490,-1,0.0000,-1.00,0.0000,0
70774,1790795500739,0.19036,0.00136,0.00201,0.00090,0.00628,0.00821,0.01762,0.75853,0.00155,0.00819,0.00061,0.00438,0.04795,0.00129,0.00075,0.00095,0.00731,0.00033,0.02085,0.90876,0.00167,0.00837,0.00066,0.00112,-50.50,9.102,-1,0.0000,-1.00,0.0000,0
70867,1790795500830,0.17474,0.00350,0.00455,0.00134,0.02591,0.01337,0.05688,0.63735,0.00768,0.02273,0.00279,0.04917,0.05802,0.00243,0.00090,0.00112,0.02202,0.00452,0.06768,0.76352,0.00889,0.02296,0.00245,0.04551,-51.92,7.648,-1,0.0000,-1.00,0.0000,0
70960,1790795500932,0.08122,0.06757,0.03488,0.01707,0.25168,0.01155,0.02483,0.20494,0.06340,0.17631,0.02319,0.04336,0.04979,0.06667,0.01135,0.01513,0.29121,0.00485,0.01648,0.24337,0.07297,0.15353,0.02683,0.04781,-59.69,3.020,-1,0.0000,-1.00,0.0000,0
71053,1790795501011,0.10011,0.03708,0.05945,0.02110,0.13063,0.01559,0.02133,0.30340,0.04679,0.15613,0.05527,0.05312,0.04901,0.03433,0.03975,0.01251,0.14464,0.00897,0.01875,0.35566,0.05317,0.15882,0.06445,0.05994,-59.19,3.641,-1,0.0000,-1.00,0.0000,0
71145,1790795501112,0.02781,0.01544,0.12964,0.01235,0.02004,0.08146,0.07026,0.05315,0.06168,0.43925,0.06388,0.02504,0.02266,0.00435,0.05182,0.00329,0.02109,0.09342,0.08010,0.05664,0.07326,0.52215,0.05803,0.01319,-55.76,5.271,-1,0.0000,-1.00,0.0000,0
71238,1790795501192,0.07275,0.00296,0.03849,0.01505,0.05644,0.06489,0.09117,0.15013,0.01389,0.13256,0.08083,0.28085,0.06257,0.00030,0.01492,0.00140,0.00728,0.06535,0.10917,0.17695,0.01637,0.15740,0.08390,0.30440,-52.43,3.370,-1,0.0000,-1.00,0.0000,0
71331,1790795501293,0.47203,0.00062,0.00256,0.00162,0.00214,0.07971,0.00483,0.41848,0.00101,0.00333,0.00836,0.00532,0.46618,0.00061,0.00229,0.00012,0.00027,0.00435,0.00567,0.50098,0.00117,0.00395,0.00915,0.00525,-51.31,5.664,-1,0.0000,-1.00,0.0000,0
71424,1790795501371,0.51071,0.00024,0.00625,0.00392,0.00097,0.09408,0.00229,0.35478,0.00108,0.00429,0.01768,0.00371,0.52793,0.00006,0.00649,0.00082,0.00039,0.00807,0.00271,0.42385,0.00112,0.00508,0.01958,0.00390,-51.11,6.128,-1,0.0000,-1.00,0.0000,0
71517,1790795501472,0.53310,0.00761,0.03133,0.00348,0.00095,0.10755,0.00467,0.22696,0.03223,0.03121,0.01695,0.00394,0.58550,0.00149,0.03014,0.00065,0.00030,0.01281,0.00248,0.26880,0.03849,0.03734,0.01777,0.00423,-52.37,6.397,-1,0.0000,-1.00,0.0000,0
71610,1790795501592,0.02397,0.00822,0.51228,0.00681,0.00277,0.01605,0.00793,0.11321,0.01347,0.25717,0.03269,0.00543,0.02343,0.00670,0.55281,0.00099,0.00182,0.01509,0.00753,0.02671,0.01589,0.30784,0.03617,0.00502,-55.19,6.147,-1,0.0000,-1.00,0.0000,0
71703,1790795501672,0.08331,0.02861,0.24913,0.06499,0.00855,0.06402,0.03828,0.08853,0.01372,0.04409,0.29193,0.02482,0.09090,0.03185,0.28816,0.01095,0.00325,0.06158,0.03552,0.05299,0.01420,0.05225,0.33760,0.02073,-55.27,3.503,-1,0.0000,-1.00,0.0000,0
71796,1790795501771,0.12992,0.01177,0.02950,0.00507,0.07085,0.03402,0.12252,0.17750,0.00591,0.01798,0.02275,0.37221,0.11473,0.01276,0.03115,0.00138,0.00215,0.01802,0.14428,0.20651,0.00677,0.02116,0.02368,0.41739,-53.09,4.466,-1,0.0000,-1.00,0.0000,0
71888,1790795501851,0.33790,0.00652,0.02523,0.00300,0.01133,0.05341,0.00361,0.43998,0.02149,0.04266,0.01379,0.04108,0.30442,0.00275,0.02028,0.00047,0.00461,0.00365,0.00378,0.52317,0.02566,0.05020,0.01580,0.04521,-53.42,5.280,-1,0.0000,-1.00,0.0000,0
71981,1790795501951,0.18036,0.02443,0.13863,0.02075,0.02047,0.06894,0.02879,0.07374,0.13315,0.13606,0.08964,0.08505,0.19401,0.00528,0.13399,0.00530,0.00516,0.04414,0.02121,0.07403,0.15849,0.16201,0.09866,0.09771,-57.37,2.164,-1,0.0000,-1.00,0.0000,0
72074,1790795502032,0.20099,0.04558,0.03843,0.05401,0.03028,0.05968,0.05178,0.04246,0.18136,0.06507,0.12255,0.10779,0.23139,0.01298,0.03110,0.03661,0.01290,0.02564,0.05656,0.04763,0.21006,0.07541,0.14176,0.11795,-56.38,2.412,-1,0.0000,-1.00,0.0000,0
72167,1790795502132,0.01387,0.09539,0.01987,0.01683,0.15879,0.01288,0.08252,0.01107,0.51238,0.03364,0.02168,0.02108,0.01457,0.00047,0.01606,0.01552,0.18897,0.01272,0.09865,0.01022,0.57464,0.03908,0.02346,0.00564,-53.92,6.149,-1,0.0000,-1.00,0.0000,0
72260,1790795502245,0.01271,0.00096,0.11096,0.00779,0.23306,0.01706,0.00963,0.01080,0.00417,0.56716,0.02168,0.00404,0.01355,0.00035,0.00918,0.00489,0.27850,0.01811,0.01136,0.01122,0.00403,0.62438,0.02238,0.00205,-53.65,6.806,-1,0.0000,-1.00,0.0000,0
72353,1790795502313,0.00776,0.03987,0.06698,0.15392,0.10155,0.02846,0.00214,0.00476,0.22853,0.31747,0.04565,0.00291,0.00854,0.00037,0.00961,0.17486,0.12108,0.03241,0.00250,0.00379,0.23916,0.35640,0.04828,0.00299,-53.21,3.810,-1,0.0000,-1.00,0.0000,0
72446,1790795502410,0.00723,0.00464,0.11336,0.01340,0.18311,0.03860,0.00251,0.00857,0.02581,0.55800,0.04265,0.00213,0.00705,0.00018,0.01154,0.00768,0.21904,0.04485,0.00298,0.00798,0.02765,0.62695,0.04221,0.00189,-53.92,6.696,-1,0.0000,-1.00,0.0000,0
72539,1790795502492,0.02438,0.00480,0.06549,0.16734,0.30227,0.03809,0.02903,0.02187,0.07142,0.21934,0.04076,0.01520,0.02425,0.00116,0.03783,0.19244,0.36011,0.04083,0.03405,0.01922,0.03380,0.20506,0.04074,0.01051,-55.60,3.627,-1,0.0000,-1.00,0.0000,0
72632,1790795502592,0.00465,0.00181,0.07445,0.00978,0.34852,0.01355,0.10177,0.00580,0.00803,0.37352,0.03519,0.02294,0.00491,0.00050,0.01680,0.00396,0.41697,0.01526,0.12177,0.00370,0.00850,0.36524,0.03914,0.00325,-56.14,4.482,-1,0.0000,-1.00,0.0000,0
72724,1790795502672,0.02421,0.01172,0.11315,0.04177,0.09221,0.07445,0.03764,0.01802,0.06003,0.40842,0.10469,0.01369,0.02638,0.00144,0.04231,0.02848,0.10900,0.08398,0.04478,0.01323,0.06354,0.47052,0.10879,0.00753,-58.22,4.901,-1,0.0000,-1.00,0.0000,0
72817,1790795502772,0.02116,0.02594,0.10855,0.03207,0.04267,0.11778,0.07681,0.02542,0.11197,0.32525,0.08623,0.02615,0.02178,0.00540,0.05471,0.02334,0.04830,0.13707,0.09096,0.01961,0.12953,0.38015,0.07615,0.01300,-57.77,3.903,-1,0.0000,-1.00,0.0000,0
72910,1790795502893,0.01832,0.00712,0.12678,0.01530,0.13066,0.03808,0.02129,0.01002,0.03163,0.55399,0.03834,0.00847,0.02060,0.00154,0.02635,0.01086,0.15554,0.04154,0.02521,0.00679,0.03530,0.63342,0.03770,0.00515,-56.14,6.648,-1,0.0000,-1.00,0.0000,0
73003,1790795502971,0.03717,0.04561,0.07092,0.08335,0.07029,0.02985,0.03100,0.00796,0.23037,0.32347,0.05086,0.01915,0.04269,0.00423,0.01090,0.08886,0.08110,0.02731,0.03631,0.00737,0.25629,0.37365,0.05553,0.01575,-55.71,3.882,-1,0.0000,-1.00,0.0000,0
73096,1790795503072,0.06216,0.00902,0.10301,0.02245,0.03985,0.05337,0.13382,0.01155,0.05441,0.37226,0.08641,0.05168,0.07039,0.00114,0.03664,0.00834,0.04179,0.05000,0.16012,0.00657,0.06354,0.43777,0.09363,0.03005,-55.79,4.467,-1,0.0000,-1.00,0.0000,0
73189,1790795503151,0.05922,0.02425,0.07157,0.04207,0.03037,0.12944,0.02913,0.05579,0.11572,0.17347,0.20931,0.05965,0.05492,0.00641,0.04543,0.00636,0.02354,0.14421,0.03355,0.05793,0.13719,0.20341,0.22222,0.06483,-57.17,2.512,-1,0.0000,-1.00,0.0000,0
73282,1790795503252,0.09027,0.01405,0.10565,0.06479,0.01979,0.11297,0.01246,0.02865,0.04826,0.17217,0.28931,0.04163,0.10469,0.00603,0.08619,0.01341,0.01436,0.11461,0.01371,0.01725,0.05482,0.20382,0.32394,0.04717,-58.18,3.472,-1,0.0000,-1.00,0.0000,0
73375,1790795503332,0.14146,0.00922,0.10752,0.06010,0.01480,0.09682,0.00947,0.01912,0.03613,0.18587,0.27899,0.04049,0.16830,0.00286,0.08498,0.00899,0.00854,0.08266,0.01078,0.00607,0.04133,0.22120,0.31791,0.04638,-58.61,3.348,-1,0.0000,-1.00,0.0000,0
73467,1790795503433,0.06040,0.02098,0.08548,0.05744,0.02327,0.05463,0.06714,0.05370,0.11164,0.13073,0.26633,0.06826,0.05845,0.00242,0.07195,0.00769,0.01472,0.05388,0.07744,0.05260,0.13225,0.15373,0.30845,0.06644,-56.12,3.196,-1,0.0000,-1.00,0.0000,0
73560,1790795503532,0.01836,0.01767,0.12096,0.01542,0.17062,0.05948,0.01348,0.04649,0.08779,0.37341,0.05565,0.02066,0.01347,0.00077,0.06397,0.00796,0.20016,0.06860,0.01598,0.04305,0.10291,0.40846,0.05309,0.02159,-54.25,4.481,-1,0.0000,-1.00,0.0000,0
73653,1790795503612,0.01292,0.00242,0.07254,0.01704,0.26251,0.16686,0.00601,0.00900,0.00878,0.33136,0.10421,0.00636,0.01382,0.00135,0.02052,0.00341,0.31332,0.19720,0.00693,0.00672,0.00984,0.33494,0.08578,0.00619,-54.52,3.976,-1,0.0000,-1.00,0.0000,0
73746,1790795503711,0.05657,0.01976,0.14686,0.03986,0.08143,0.08487,0.02519,0.01833,0.07671,0.33528,0.09730,0.01786,0.06542,0.00656,0.10003,0.02813,0.09408,0.08873,0.01909,0.01192,0.08634,0.38310,0.09900,0.01761,-55.84,4.023,-1,0.0000,-1.00,0.0000,0
73839,1790795503792,0.04498,0.01032,0.17211,0.02330,0.01803,0.12250,0.01956,0.02856,0.05064,0.37617,0.12124,0.01258,0.05158,0.00068,0.11764,0.00449,0.01951,0.13658,0.02323,0.01098,0.05979,0.44688,0.11820,0.01046,-57.13,4.514,-1,0.0000,-1.00,0.0000,0
73932,1790795503892,0.05016,0.03089,0.11967,0.02842,0.03035,0.11118,0.02544,0.06168,0.05378,0.33797,0.13626,0.01420,0.04683,0.02495,0.06444,0.00657,0.03372,0.12407,0.02025,0.06642,0.06314,0.39828,0.13868,0.01265,-56.50,4.056,-1,0.0000,-1.00,0.0000,0
74025,1790795503970,0.02411,0.07912,0.05497,0.06626,0.01897,0.03549,0.12545,0.01894,0.40412,0.12223,0.02266,0.02768,0.02590,0.00233,0.03715,0.07549,0.02205,0.03739,0.14986,0.01533,0.46651,0.14486,0.01973,0.00340,-55.43,4.849,-1,0.0000,-1.00,0.0000,0
74118,1790795504071,0.01246,0.00673,0.12382,0.01281,0.26595,0.03827,0.00824,0.01155,0.03737,0.46263,0.01597,0.00419,0.01399,0.00023,0.05063,0.01325,0.31807,0.04309,0.00983,0.00380,0.04044,0.49301,0.01059,0.00307,-54.65,5.552,-1,0.0000,-1.00,0.0000,0
74210,1790795504193,0.02987,0.02080,0.12948,0.01128,0.16336,0.14729,0.00622,0.02051,0.10642,0.27933,0.08172,0.00372,0.03468,0.00119,0.09493,0.00078,0.19486,0.16990,0.00722,0.00576,0.11969,0.30375,0.06424,0.00299,-54.73,3.352,-1,0.0000,-1.00,0.0000,0
74303,1790795504271,0.08989,0.00236,0.04110,0.03654,0.01041,0.33179,0.00368,0.18785,0.01070,0.04311,0.24058,0.00198,0.06463,0.00035,0.03949,0.00176,0.01218,0.38475,0.00433,0.21728,0.01248,0.04924,0.21200,0.00152,-55.17,3.982,-1,0.0000,-1.00,0.0000,0
74396,1790795504371,0.15958,0.00118,0.02796,0.02674,0.00542,0.16973,0.00401,0.41150,0.00626,0.02730,0.15606,0.00425,0.09482,0.00008,0.02724,0.00222,0.00574,0.18458,0.00479,0.48768,0.00704,0.03160,0.15041,0.00379,-55.45,4.938,-1,0.0000,-1.00,0.0000,0
74489,1790795504452,0.05046,0.00190,0.10463,0.00662,0.11658,0.04117,0.09374,0.06833,0.00642,0.45471,0.03425,0.02120,0.04502,0.00084,0.02281,0.00139,0.13904,0.04040,0.11172,0.07779,0.00734,0.51736,0.03303,0.00326,-55.69,5.456,-1,0.0000,-1.00,0.0000,0
74582,1790795504551,0.01238,0.00076,0.12459,0.00336,0.14713,0.03191,0.01556,0.00952,0.00219,0.62770,0.02057,0.00433,0.01285,0.00041,0.00711,0.00055,0.17599,0.03568,0.01856,0.01000,0.00252,0.71724,0.01757,0.00151,-55.66,7.532,-1,0.0000,-1.00,0.0000,0
74675,1790795504632,0.05030,0.00108,0.10574,0.00602,0.18028,0.03087,0.00988,0.07993,0.00558,0.50243,0.02119,0.00670,0.04186,0.00009,0.01580,0.00331,0.21489,0.02869,0.01158,0.09288,0.00603,0.55943,0.01970,0.00573,-55.28,6.029,-1,0.0000,-1.00,0.0000,0
74768,1790795504745,0.06428,0.01799,0.05667,0.12287,0.15961,0.04083,0.07643,0.17037,0.07769,0.15084,0.03040,0.03203,0.03809,0.00867,0.03933,0.14173,0.18471,0.04383,0.08986,0.19635,0.06499,0.14413,0.02773,0.02057,-55.70,2.044,-1,0.0000,-1.00,0.0000,0
74861,1790795504833,0.13268,0.01712,0.04714,0.08666,0.05230,0.15720,0.05042,0.05616,0.03215,0.17395,0.15327,0.04095,0.14560,0.01644,0.01733,0.07370,0.05518,0.15949,0.05681,0.06420,0.02387,0.19753,0.15204,0.03781,-57.15,2.087,-1,0.0000,-1.00,0.0000,0
74954,1790795504912,0.15125,0.01560,0.04898,0.02289,0.03186,0.07337,0.19604,0.08733,0.02275,0.24294,0.03962,0.06735,0.16045,0.01420,0.00220,0.02023,0.03115,0.05625,0.23197,0.10433,0.02325,0.28493,0.03632,0.03472,-57.34,2.915,-1,0.0000,-1.00,0.0000,0
75046,1790795505011,0.15789,0.00859,0.07155,0.02253,0.04864,0.11859,0.03203,0.07598,0.00914,0.36425,0.04614,0.04467,0.17117,0.00894,0.00114,0.02029,0.04911,0.10817,0.03660,0.09081,0.00693,0.42672,0.03384,0.04627,-57.38,4.371,-1,0.0000,-1.00,0.0000,0
75139,1790795505091,0.11332,0.02998,0.07399,0.01842,0.04037,0.10187,0.01761,0.07947,0.07492,0.32219,0.04875,0.07912,0.11743,0.01869,0.01332,0.01437,0.03026,0.09879,0.01739,0.09258,0.08692,0.38006,0.03883,0.09136,-57.01,3.866,-1,0.0000,-1.00,0.0000,0
75232,1790795505191,0.05470,0.00785,0.08350,0.01881,0.02842,0.21330,0.00332,0.02039,0.02951,0.41775,0.09014,0.03231,0.06009,0.00355,0.00183,0.01070,0.02651,0.24367,0.00323,0.02412,0.03309,0.49546,0.05970,0.03804,-57.55,5.013,-1,0.0000,-1.00,0.0000,0
75325,1790795505271,0.08107,0.01358,0.05097,0.02024,0.02539,0.36020,0.01112,0.01545,0.01026,0.25309,0.11454,0.04410,0.09302,0.01488,0.00176,0.01328,0.02036,0.41316,0.01037,0.01817,0.00966,0.29922,0.05534,0.05078,-58.36,4.322,-1,0.0000,-1.00,0.0000,0
75418,1790795505372,0.09964,0.00608,0.08420,0.00793,0.09669,0.10002,0.00844,0.08324,0.01654,0.43552,0.03979,0.02191,0.09989,0.00367,0.00168,0.00398,0.11107,0.10005,0.00925,0.09955,0.01841,0.50045,0.02785,0.02414,-57.18,5.226,-1,0.0000,-1.00,0.0000,0
75511,1790795505492,0.09584,0.00392,0.08432,0.00572,0.13324,0.06074,0.00339,0.13064,0.01124,0.44847,0.01656,0.00592,0.08382,0.00223,0.00073,0.00513,0.15838,0.05616,0.00357,0.15645,0.01246,0.50598,0.00870,0.00639,-55.30,5.382,-1,0.0000,-1.00,0.0000,0
75604,1790795505572,0.02853,0.00250,0.14317,0.00316,0.05339,0.01558,0.00420,0.03487,0.00909,0.68036,0.01650,0.00865,0.02612,0.00087,0.01236,0.00040,0.06201,0.01353,0.00350,0.04069,0.01071,0.80304,0.01709,0.00967,-54.19,8.164,-1,0.0000,-1.00,0.0000,0
75697,1790795505671,0.07862,0.01805,0.09597,0.02379,0.07911,0.03279,0.00980,0.06637,0.06351,0.40101,0.11825,0.01274,0.07885,0.00708,0.02336,0.00135,0.09206,0.02377,0.01031,0.07493,0.07583,0.46225,0.13698,0.01322,-55.40,4.812,-1,0.0000,-1.00,0.0000,0
75789,1790795505751,0.15121,0.00776,0.06129,0.05737,0.03117,0.18214,0.01173,0.04711,0.02063,0.12047,0.26698,0.04215,0.17121,0.00489,0.04591,0.01257,0.02763,0.18441,0.01012,0.05030,0.02223,0.13888,0.28335,0.04850,-55.85,3.204,-1,0.0000,-1.00,0.0000,0
75882,1790795505852,0.04483,0.00705,0.06214,0.01480,0.24563,0.10940,0.06653,0.01335,0.01660,0.32404,0.07213,0.02351,0.05028,0.00530,0.00893,0.00536,0.29182,0.12111,0.07841,0.01448,0.01874,0.33051,0.06242,0.01262,-54.69,3.888,-1,0.0000,-1.00,0.0000,0
75975,1790795505932,0.02327,0.00072,0.04041,0.00171,0.55465,0.02353,0.01713,0.01127,0.00100,0.31038,0.00861,0.00733,0.02527,0.00066,0.00078,0.00092,0.66367,0.02319,0.02033,0.01342,0.00101,0.24034,0.00572,0.00469,-54.97,6.656,-1,0.0000,-1.00,0.0000,0
76068,1790795506032,0.10128,0.00873,0.04094,0.01436,0.28206,0.07667,0.05887,0.03768,0.01453,0.25377,0.07911,0.03201,0.11247,0.00706,0.00187,0.00115,0.33309,0.06957,0.06906,0.04486,0.01715,0.23807,0.08100,0.02466,-56.13,3.385,-1,0.0000,-1.00,0.0000,0
76161,1790795506131,0.13593,0.00574,0.01121,0.04669,0.03670,0.26942,0.00436,0.12774,0.00645,0.05241,0.27858,0.02478,0.13289,0.00546,0.00248,0.00142,0.03831,0.29648,0.00392,0.15278,0.00743,0.05522,0.27504,0.02856,-56.03,3.343,-1,0.0000,-1.00,0.0000,0
76254,1790795506211,0.05382,0.00183,0.01712,0.04319,0.02203,0.41770,0.00574,0.06621,0.00229,0.07739,0.28960,0.00310,0.04887,0.00173,0.00314,0.00225,0.02591,0.49082,0.00642,0.07882,0.00230,0.08759,0.24971,0.00244,-54.89,5.012,-1,0.0000,-1.00,0.0000,0
76347,1790795506315,0.03162,0.00754,0.08570,0.00558,0.06764,0.11179,0.14984,0.03549,0.00656,0.42697,0.03476,0.03650,0.02963,0.00762,0.00439,0.00347,0.07938,0.12808,0.17803,0.04166,0.00717,0.49587,0.01626,0.00844,-55.56,5.124,-1,0.0000,-1.00,0.0000,0
76440,1790795506392,0.04178,0.00071,0.11971,0.00661,0.08710,0.03769,0.02619,0.01848,0.00049,0.61524,0.03734,0.00869,0.04570,0.00078,0.00136,0.00047,0.10344,0.03618,0.03122,0.02188,0.00049,0.71669,0.03757,0.00422,-54.95,7.383,-1,0.0000,-1.00,0.0000,0
76532,1790795506491,0.02697,0.01524,0.04706,0.07411,0.04088,0.12385,0.00642,0.00388,0.07759,0.23853,0.33993,0.00554,0.03136,0.00059,0.00149,0.01364,0.04796,0.14219,0.00752,0.00441,0.08961,0.27696,0.37913,0.00514,-53.77,4.079,-1,0.0000,-1.00,0.0000,0
76625,1790795506571,0.04912,0.02237,0.01999,0.20727,0.08118,0.09348,0.03033,0.01142,0.14337,0.10059,0.20090,0.03999,0.05622,0.00084,0.00355,0.20461,0.08888,0.10117,0.03607,0.01308,0.13123,0.10291,0.22067,0.04077,-54.79,2.487,-1,0.0000,-1.00,0.0000,0
76718,1790795506690,0.04153,0.00776,0.03718,0.05312,0.05202,0.12123,0.02689,0.03315,0.03383,0.14922,0.24723,0.19684,0.04111,0.00274,0.00977,0.01032,0.01680,0.13712,0.03121,0.03825,0.03850,0.17547,0.26906,0.22967,-56.78,2.967,-1,0.0000,-1.00,0.0000,0
76811,1790795506788,0.13587,0.00724,0.05023,0.01723,0.01566,0.06964,0.16169,0.17217,0.02754,0.17212,0.08345,0.08717,0.12253,0.00241,0.01951,0.00315,0.00565,0.05916,0.19324,0.20245,0.03229,0.20520,0.08826,0.06615,-57.06,2.066,-1,0.0000,-1.00,0.0000,0
76904,1790795506872,0.19530,0.00438,0.06978,0.02040,0.01470,0.07348,0.04547,0.08799,0.01693,0.33495,0.07253,0.06408,0.21319,0.00167,0.00422,0.00902,0.00445,0.04585,0.05415,0.10459,0.01850,0.40047,0.07782,0.06605,-56.27,4.019,-1,0.0000,-1.00,0.0000,0
76997,1790795506971,0.10779,0.02515,0.04838,0.05014,0.03727,0.08599,0.06130,0.09198,0.08440,0.21544,0.11525,0.07689,0.10748,0.01150,0.00794,0.03593,0.02889,0.08200,0.07045,0.10937,0.09401,0.25242,0.12184,0.07817,-56.51,2.585,-1,0.0000,-1.00,0.0000,0
77090,1790795507048,0.18200,0.00716,0.05359,0.02919,0.03753,0.21085,0.01060,0.08636,0.02825,0.24249,0.09284,0.01913,0.19788,0.00270,0.00822,0.02131,0.04090,0.21343,0.01215,0.10186,0.02963,0.28246,0.06894,0.02052,-57.74,2.910,-1,0.0000,-1.00,0.0000,0
77183,1790795507155,0.14786,0.00638,0.04962,0.01347,0.01962,0.35443,0.01195,0.10044,0.01732,0.14373,0.10712,0.02804,0.15433,0.00379,0.02599,0.00618,0.01738,0.39410,0.01355,0.11523,0.01947,0.16884,0.05023,0.03092,-58.08,4.253,-1,0.0000,-1.00,0.0000,0
77276,1790795507231,0.07672,0.00639,0.07319,0.02069,0.20548,0.06523,0.00652,0.03342,0.01181,0.38922,0.10133,0.00999,0.08417,0.00500,0.00481,0.00314,0.24411,0.06147,0.00680,0.03911,0.01343,0.41809,0.10924,0.01063,-56.25,4.671,-1,0.0000,-1.00,0.0000,0
77368,1790795507331,0.05603,0.00176,0.09063,0.00759,0.22366,0.05204,0.00307,0.02358,0.00572,0.49344,0.03545,0.00704,0.06160,0.00086,0.00186,0.00264,0.26646,0.05015,0.00348,0.02791,0.00633,0.53843,0.03253,0.00774,-55.13,5.921,-1,0.0000,-1.00,0.0000,0
77461,1790795507431,0.02749,0.01577,0.12758,0.00819,0.06701,0.01397,0.00576,0.02591,0.04611,0.62332,0.02899,0.00990,0.02657,0.00836,0.00787,0.00337,0.07810,0.01147,0.00400,0.03072,0.05454,0.73146,0.03247,0.01107,-53.73,7.480,-1,0.0000,-1.00,0.0000,0
77554,1790795507512,0.03275,0.01153,0.10880,0.00845,0.19285,0.01756,0.00614,0.03836,0.03458,0.52480,0.01952,0.00467,0.03058,0.00596,0.01475,0.00608,0.23012,0.01507,0.00618,0.04304,0.04023,0.58321,0.02040,0.00437,-54.31,6.298,-1,0.0000,-1.00,0.0000,0
77647,1790795507614,0.19478,0.01401,0.10837,0.01900,0.05602,0.06270,0.02105,0.09297,0.02167,0.30617,0.08516,0.01810,0.21147,0.01229,0.05961,0.00385,0.06311,0.03349,0.01425,0.10813,0.02520,0.35435,0.09540,0.01886,-56.91,3.674,-1,0.0000,-1.00,0.0000,0
77740,1790795507692,0.04067,0.00934,0.06791,0.01472,0.19459,0.03525,0.16305,0.09753,0.05944,0.22178,0.03931,0.05640,0.02670,0.00363,0.03145,0.00975,0.22740,0.03695,0.19419,0.11110,0.03811,0.25185,0.03978,0.02909,-56.19,2.661,-1,0.0000,-1.00,0.0000,0
77833,1790795507791,0.03950,0.00437,0.07924,0.00742,0.22581,0.04251,0.05853,0.08670,0.01238,0.39006,0.01792,0.03556,0.02726,0.00271,0.01255,0.00642,0.26488,0.04554,0.06947,0.10152,0.01281,0.41563,0.01244,0.02876,-55.47,4.681,-1,0.0000,-1.00,0.0000,0
77926,1790795507872,0.05013,0.01197,0.04183,0.03817,0.28701,0.06264,0.00389,0.10750,0.05363,0.20835,0.09961,0.03527,0.03551,0.00257,0.01383,0.02476,0.33567,0.06812,0.00408,0.12614,0.05935,0.18311,0.10585,0.04101,-55.55,3.444,-1,0.0000,-1.00,0.0000,0
78019,1790795507992,0.02974,0.00286,0.05918,0.00773,0.33194,0.06314,0.00192,0.02319,0.00621,0.32693,0.03683,0.11033,0.03023,0.00228,0.00781,0.00325,0.37160,0.06967,0.00164,0.02644,0.00657,0.31831,0.03033,0.13188,-55.54,3.983,-1,0.0000,-1.00,0.0000,0
78111,1790795508091,0.03466,0.00390,0.05666,0.00734,0.25009,0.03210,0.00143,0.02377,0.00803,0.27052,0.02752,0.28398,0.03638,0.00292,0.01274,0.00350,0.23204,0.03147,0.00113,0.02596,0.00888,0.27820,0.02674,0.34005,-55.77,3.408,-1,0.0000,-1.00,0.0000,0
78204,1790795508168,0.06590,0.01397,0.04298,0.01571,0.14039,0.18402,0.10908,0.04845,0.04380,0.20215,0.07736,0.05617,0.06818,0.00673,0.00969,0.00861,0.15952,0.20750,0.12927,0.05624,0.05047,0.21091,0.05156,0.04132,-56.27,2.426,-1,0.0000,-1.00,0.0000,0
78297,1790795508272,0.25707,0.01137,0.03697,0.00755,0.02493,0.22436,0.04969,0.10623,0.05361,0.17166,0.04102,0.01554,0.28297,0.00119,0.00465,0.00766,0.02851,0.21275,0.05931,0.12636,0.06272,0.20003,0.00698,0.00687,-57.73,3.085,-1,0.0000,-1.00,0.0000,0
78390,1790795508352,0.10015,0.02727,0.04638,0.05362,0.05590,0.05826,0.04210,0.14569,0.06229,0.18324,0.20906,0.01603,0.08612,0.01854,0.01461,0.01667,0.06504,0.05274,0.04677,0.17167,0.07134,0.20668,0.24005,0.00978,-57.34,2.509,-1,0.0000,-1.00,0.0000,0
78483,1790795508451,0.04886,0.06425,0.03797,0.03756,0.04796,0.06325,0.11326,0.07018,0.15056,0.18472,0.15095,0.03047,0.04195,0.04169,0.00378,0.01182,0.05491,0.06778,0.12707,0.08373,0.17806,0.21046,0.16744,0.01132,-56.70,2.217,-1,0.0000,-1.00,0.0000,0
78576,1790795508532,0.01890,0.05271,0.05162,0.04028,0.07046,0.02266,0.05610,0.02498,0.21276,0.25934,0.16786,0.02233,0.01683,0.01299,0.00346,0.00932,0.08166,0.02381,0.06455,0.02935,0.25309,0.29457,0.19642,0.01396,-55.25,3.112,-1,0.0000,-1.00,0.0000,0
78669,1790795508632,0.00423,0.00807,0.09627,0.02418,0.14357,0.04840,0.03247,0.00648,0.02128,0.45301,0.11582,0.04621,0.00401,0.00502,0.01394,0.00371,0.16253,0.05722,0.03791,0.00501,0.02374,0.51162,0.12743,0.04786,-53.83,5.436,-1,0.0000,-1.00,0.0000,0
78762,1790795508743,0.00403,0.00381,0.08513,0.04000,0.37583,0.00581,0.02074,0.02227,0.01725,0.36764,0.00488,0.05261,0.00080,0.00232,0.03192,0.04704,0.43879,0.00681,0.02439,0.02035,0.01135,0.35354,0.00450,0.05820,-53.88,4.510,-1,0.0000,-1.00,0.0000,0
78854,1790795508812,0.02744,0.00477,0.42323,0.07932,0.09003,0.00133,0.00973,0.21744,0.02928,0.06374,0.00564,0.04805,0.00069,0.00329,0.49495,0.09376,0.09690,0.00145,0.01101,0.16242,0.01226,0.06141,0.00647,0.05540,-54.28,5.079,-1,0.0000,-1.00,0.0000,0
78947,1790795508910,0.05184,0.00326,0.50031,0.00134,0.02268,0.00199,0.00217,0.35664,0.00181,0.03132,0.00236,0.02430,0.00067,0.00354,0.59289,0.00113,0.02147,0.00225,0.00185,0.30985,0.00194,0.03327,0.00238,0.02875,-54.32,6.004,-1,0.0000,-1.00,0.0000,0
79040,1790795508991,0.11342,0.00437,0.16488,0.00071,0.02620,0.00136,0.00162,0.60030,0.00277,0.01203,0.00178,0.07055,0.00099,0.00461,0.19527,0.00048,0.01467,0.00143,0.00103,0.68060,0.00316,0.01157,0.00185,0.08434,-53.46,7.204,-1,0.0000,-1.00,0.0000,0
79133,1790795509092,0.04887,0.03858,0.06042,0.03835,0.09264,0.01071,0.04772,0.20533,0.01054,0.06069,0.17250,0.21364,0.01215,0.04394,0.06039,0.00543,0.06120,0.01138,0.04847,0.23407,0.01155,0.06059,0.20444,0.24639,-55.18,2.564,-1,0.0000,-1.00,0.0000,0
79226,1790795509172,0.03027,0.01846,0.07150,0.00562,0.20661,0.00825,0.04210,0.12228,0.01382,0.11612,0.01685,0.34811,0.00976,0.01895,0.06464,0.00305,0.16646,0.00821,0.04669,0.13371,0.01596,0.10614,0.01857,0.40786,-59.06,4.177,-1,0.0000,-1.00,0.0000,0
79319,1790795509293,0.02801,0.04163,0.06673,0.00973,0.22264,0.01479,0.02252,0.09899,0.02664,0.11390,0.02985,0.32459,0.01251,0.04378,0.06036,0.00517,0.19041,0.01524,0.01830,0.10664,0.03079,0.09884,0.03274,0.38522,-57.69,3.895,-1,0.0000,-1.00,0.0000,0
79412,1790795509392,0.07955,0.00477,0.09154,0.00392,0.10660,0.00890,0.01062,0.23587,0.01394,0.09646,0.01352,0.33432,0.04221,0.00301,0.08868,0.00158,0.04879,0.00230,0.01201,0.26516,0.01635,0.10595,0.01575,0.39821,-56.19,4.012,-1,0.0000,-1.00,0.0000,0
79505,1790795509471,0.04101,0.00380,0.05011,0.00191,0.11837,0.00087,0.02384,0.20483,0.00198,0.03704,0.00612,0.51012,0.00234,0.00412,0.05210,0.00086,0.02172,0.00058,0.02679,0.23608,0.00219,0.04009,0.00722,0.60594,-53.29,6.121,-1,0.0000,-1.00,0.0000,0
79598,1790795509572,0.03552,0.01704,0.03325,0.00745,0.02072,0.00376,0.52424,0.16669,0.00610,0.01695,0.03171,0.13656,0.00343,0.01968,0.03648,0.00155,0.01680,0.00389,0.62260,0.19417,0.00700,0.01698,0.03722,0.04021,-53.40,6.291,-1,0.0000,-1.00,0.0000,0
79690,1790795509653,0.10242,0.00590,0.09145,0.00262,0.04018,0.00863,0.08451,0.52702,0.00488,0.04488,0.00864,0.07886,0.00147,0.00601,0.10019,0.00149,0.03330,0.01009,0.10008,0.61163,0.00534,0.04739,0.00835,0.07466,-56.27,6.324,-1,0.0000,-1.00,0.0000,0
79783,1790795509752,0.03591,0.03069,0.12470,0.00562,0.16525,0.00794,0.04154,0.17962,0.02221,0.15065,0.02032,0.21555,0.00320,0.03346,0.11945,0.00226,0.14840,0.00898,0.04315,0.19154,0.02606,0.15120,0.02257,0.24973,-56.76,2.587,-1,0.0000,-1.00,0.0000,0
79876,1790795509831,0.00920,0.04121,0.11758,0.01360,0.12010,0.05168,0.08047,0.05051,0.05475,0.31603,0.06135,0.08350,0.00175,0.03654,0.07083,0.00415,0.12757,0.06158,0.08889,0.04678,0.06478,0.35339,0.06130,0.08243,-57.04,3.792,-1,0.0000,-1.00,0.0000,0
79969,1790795509933,0.04524,0.08273,0.10216,0.02599,0.07123,0.02254,0.11436,0.06934,0.11522,0.17107,0.10932,0.07079,0.04168,0.07205,0.08462,0.00590,0.07349,0.01875,0.12232,0.06674,0.13664,0.19066,0.12728,0.05987,-57.26,2.053,-1,0.0000,-1.00,0.0000,0
80062,1790795510031,0.03359,0.03597,0.07120,0.02329,0.23017,0.01471,0.12902,0.03803,0.07038,0.15020,0.01745,0.18598,0.03245,0.02842,0.05897,0.02421,0.23747,0.01120,0.14896,0.03388,0.07954,0.13290,0.01869,0.19332,-56.96,2.762,-1,0.0000,-1.00,0.0000,0
80155,1790795510112,0.00520,0.01085,0.04630,0.00373,0.22129,0.01140,0.07202,0.02582,0.00796,0.20229,0.01400,0.37914,0.00101,0.01117,0.01444,0.00168,0.17848,0.01346,0.08409,0.02808,0.00920,0.20701,0.01410,0.43728,-56.80,4.550,-1,0.0000,-1.00,0.0000,0
80248,1790795510210,0.00551,0.00796,0.02503,0.05012,0.14055,0.13797,0.00876,0.02510,0.00492,0.04449,0.27249,0.27711,0.00156,0.00846,0.02345,0.00181,0.10294,0.16501,0.00882,0.02543,0.00544,0.03299,0.29379,0.33029,-56.69,3.325,-1,0.0000,-1.00,0.0000,0
80341,1790795510290,0.00470,0.01031,0.01924,0.07078,0.11234,0.15773,0.00752,0.01405,0.00564,0.04927,0.38347,0.16494,0.00285,0.01115,0.01506,0.00113,0.09570,0.18844,0.00680,0.01385,0.00628,0.04033,0.42213,0.19629,-55.96,4.602,-1,0.0000,-1.00,0.0000,0
80433,1790795510391,0.02160,0.02223,0.04644,0.05504,0.16085,0.05064,0.00451,0.10085,0.07211,0.14051,0.19914,0.12607,0.00207,0.01129,0.02867,0.02101,0.16291,0.06026,0.00306,0.11528,0.08225,0.13607,0.22667,0.15045,-55.73,2.390,-1,0.0000,-1.00,0.0000,0
80526,1790795510472,0.06699,0.01443,0.07594,0.00587,0.08323,0.03412,0.04733,0.33461,0.01667,0.04126,0.02736,0.25217,0.00401,0.01345,0.08281,0.00211,0.04195,0.04009,0.05385,0.38473,0.01938,0.04131,0.02484,0.29148,-55.94,4.015,-1,0.0000,-1.00,0.0000,0
80619,1790795510590,0.02741,0.02269,0.07012,0.02234,0.17845,0.00306,0.09825,0.14322,0.04457,0.11678,0.00555,0.26756,0.00127,0.01761,0.06236,0.02558,0.15476,0.00341,0.11420,0.15928,0.04834,0.10925,0.00597,0.29796,-55.69,3.211,-1,0.0000,-1.00,0.0000,0
80712,1790795510688,0.00269,0.02325,0.05773,0.03823,0.30301,0.00480,0.00452,0.00597,0.07006,0.33561,0.00700,0.14714,0.00180,0.01305,0.00236,0.04435,0.32824,0.00540,0.00282,0.00669,0.07516,0.33707,0.00732,0.17575,-55.61,4.027,-1,0.0000,-1.00,0.0000,0
80805,1790795510767,0.01019,0.04466,0.03591,0.07122,0.20110,0.00565,0.00413,0.00242,0.22986,0.20482,0.00709,0.18296,0.00229,0.01198,0.00179,0.08390,0.19760,0.00632,0.00257,0.00255,0.25704,0.20801,0.00724,0.21872,-55.83,2.758,-1,0.0000,-1.00,0.0000,0
80898,1790795510867,0.00202,0.01743,0.03667,0.04560,0.17440,0.13669,0.00327,0.00302,0.03532,0.20685,0.21843,0.12029,0.00141,0.01323,0.00189,0.00918,0.18046,0.16351,0.00130,0.00324,0.04050,0.21209,0.22932,0.14388,-55.62,2.621,-1,0.0000,-1.00,0.0000,0
80991,1790795510951,0.00739,0.07342,0.04794,0.08031,0.17082,0.03228,0.02478,0.01189,0.17885,0.22676,0.07845,0.06711,0.00645,0.04906,0.01057,0.07906,0.18953,0.03740,0.01997,0.01215,0.19631,0.23646,0.08658,0.07645,-56.28,2.721,-1,0.0000,-1.00,0.0000,0
81084,1790795511051,0.00497,0.05588,0.04089,0.03982,0.21435,0.08378,0.04467,0.01419,0.04853,0.21791,0.15210,0.08292,0.00223,0.05665,0.00662,0.01551,0.23880,0.09994,0.04230,0.01569,0.05507,0.21376,0.16244,0.09098,-57.75,2.615,-1,0.0000,-1.00,0.0000,0
81176,1790795511131,0.01423,0.09765,0.02654,0.05685,0.23366,0.01311,0.02316,0.03821,0.22857,0.15464,0.02668,0.08671,0.00818,0.06516,0.00529,0.06233,0.25994,0.01411,0.01483,0.04474,0.26152,0.13377,0.02918,0.10096,-57.37,2.804,-1,0.0000,-1.00,0.0000,0
81269,1790795511237,0.01999,0.18039,0.05927,0.00840,0.13766,0.02018,0.04503,0.06238,0.10937,0.09821,0.03457,0.22455,0.01197,0.19028,0.05211,0.00271,0.11241,0.02181,0.01624,0.06441,0.13052,0.09539,0.03709,0.26505,-57.78,2.695,-1,0.0000,-1.00,0.0000,0
81362,1790795511331,0.01944,0.07705,0.05718,0.00273,0.14774,0.00614,0.02750,0.02724,0.08120,0.15361,0.01046,0.38972,0.01732,0.07308,0.03536,0.00095,0.08498,0.00395,0.01400,0.03009,0.09711,0.16721,0.01175,0.46420,-59.06,4.677,-1,0.0000,-1.00,0.0000,0
81455,1790795511412,0.04207,0.06820,0.04197,0.00591,0.15193,0.01517,0.04440,0.04111,0.04987,0.18769,0.02608,0.32558,0.04098,0.06999,0.00987,0.00128,0.10626,0.01006,0.03933,0.04731,0.05947,0.20386,0.02926,0.38232,-57.91,3.907,-1,0.0000,-1.00,0.0000,0
81548,1790795511510,0.00362,0.15549,0.03260,0.00308,0.11780,0.00638,0.16768,0.00760,0.03954,0.15059,0.01263,0.30300,0.00219,0.17757,0.00624,0.00097,0.07569,0.00721,0.16572,0.00787,0.04710,0.16553,0.01371,0.33021,-58.35,3.636,-1,0.0000,-1.00,0.0000,0
81641,1790795511591,0.00405,0.20499,0.03702,0.00822,0.18273,0.00779,0.05866,0.01089,0.05212,0.19973,0.01625,0.21754,0.00216,0.23374,0.00353,0.00635,0.16820,0.00894,0.02395,0.01234,0.06119,0.20598,0.01770,0.25592,-58.66,2.611,-1,0.0000,-1.00,0.0000,0
81734,1790795511692,0.02277,0.03608,0.07441,0.01928,0.16787,0.02134,0.00974,0.02996,0.07513,0.35765,0.02708,0.15871,0.02082,0.02622,0.01063,0.01751,0.16364,0.02158,0.00647,0.03379,0.08655,0.39611,0.02817,0.18852,-56.79,4.292,-1,0.0000,-1.00,0.0000,0
81827,1790795511772,0.00073,0.04981,0.09385,0.00264,0.17137,0.00864,0.00990,0.00175,0.01969,0.49126,0.00929,0.14108,0.00053,0.05509,0.00252,0.00136,0.17187,0.01024,0.00094,0.00159,0.02333,0.55457,0.00910,0.16886,-55.93,5.895,-1,0.0000,-1.00,0.0000,0
81919,1790795511892,0.00602,0.03836,0.11346,0.00439,0.12746,0.01275,0.02740,0.02449,0.02229,0.53249,0.01341,0.07746,0.00191,0.04078,0.01479,0.00267,0.13529,0.01490,0.02445,0.02671,0.02618,0.61123,0.01312,0.08797,-56.39,6.390,-1,0.0000,-1.00,0.0000,0
82012,1790795511992,0.04617,0.03713,0.06094,0.00196,0.21352,0.01300,0.10918,0.01228,0.07301,0.32366,0.00514,0.10403,0.05260,0.02720,0.00542,0.00133,0.23606,0.00515,0.12529,0.01377,0.08721,0.34102,0.00514,0.09980,-56.20,3.884,-1,0.0000,-1.00,0.0000,0
82105,1790795512072,0.00460,0.02767,0.11084,0.00382,0.13502,0.00367,0.00863,0.01482,0.05451,0.56779,0.01217,0.05646,0.00214,0.02029,0.00377,0.00185,0.14842,0.00417,0.00632,0.01701,0.06492,0.65095,0.01376,0.06641,-56.61,6.814,-1,0.0000,-1.00,0.0000,0
82198,1790795512173,0.06788,0.04446,0.04965,0.00805,0.04780,0.01680,0.01603,0.31942,0.11972,0.12735,0.00655,0.17630,0.00661,0.02556,0.02987,0.00883,0.01602,0.01882,0.01413,0.37684,0.14170,0.14942,0.00411,0.20809,-58.82,3.833,-1,0.0000,-1.00,0.0000,0
82291,1790795512252,0.03802,0.10468,0.03002,0.00211,0.08172,0.01482,0.03194,0.15398,0.18981,0.12605,0.00706,0.21978,0.00928,0.08051,0.00786,0.00148,0.04662,0.01592,0.02230,0.18296,0.22714,0.14179,0.00530,0.25882,-60.16,2.637,-1,0.0000,-1.00,0.0000,0
82384,1790795512353,0.01654,0.05843,0.03498,0.05217,0.16324,0.08591,0.07630,0.06700,0.13687,0.13196,0.04997,0.12663,0.00292,0.04119,0.01720,0.05466,0.16877,0.10236,0.08265,0.07749,0.15317,0.12467,0.03958,0.13535,-58.23,1.959,-1,0.0000,-1.00,0.0000,0
82477,1790795512432,0.00839,0.02659,0.08057,0.00891,0.14668,0.00331,0.13188,0.01649,0.13112,0.39903,0.00641,0.04062,0.00076,0.00692,0.00852,0.00931,0.17229,0.00382,0.15652,0.01820,0.15525,0.44400,0.00692,0.01750,-56.44,4.788,-1,0.0000,-1.00,0.0000,0
82570,1790795512531,0.00343,0.00684,0.12138,0.01604,0.15629,0.00244,0.01039,0.00906,0.01896,0.63761,0.00796,0.00960,0.00133,0.00504,0.00128,0.01743,0.18544,0.00266,0.01140,0.01066,0.01926,0.72724,0.00902,0.00924,-56.56,7.651,-1,0.0000,-1.00,0.0000,0
82663,1790795512632,0.01957,0.01088,0.32265,0.03866,0.04680,0.00540,0.04906,0.09786,0.05634,0.24033,0.05519,0.05726,0.01363,0.00212,0.33129,0.03336,0.04508,0.00377,0.05837,0.05158,0.06089,0.27904,0.06538,0.05548,-57.83,3.872,-1,0.0000,-1.00,0.0000,0
82755,1790795512740,0.00659,0.00222,0.53273,0.01028,0.01174,0.00769,0.05706,0.11007,0.01143,0.22603,0.00548,0.01868,0.00426,0.00089,0.58514,0.01134,0.01231,0.00837,0.06820,0.01590,0.01144,0.26839,0.00491,0.00886,-60.24,6.393,-1,0.0000,-1.00,0.0000,0
82848,1790795512811,0.01280,0.02319,0.25675,0.00741,0.01411,0.00557,0.14877,0.05532,0.01114,0.38231,0.02697,0.05566,0.01026,0.02564,0.21722,0.00266,0.01047,0.00464,0.17268,0.02373,0.01268,0.45616,0.03139,0.03246,-55.90,4.588,-1,0.0000,-1.00,0.0000,0
82941,1790795512891,0.00109,0.00029,0.49680,0.00093,0.00101,0.00087,0.17616,0.09165,0.00121,0.19327,0.00094,0.03577,0.00112,0.00010,0.54942,0.00092,0.00100,0.00082,0.21101,0.00097,0.00127,0.23138,0.00097,0.00103,-52.88,5.962,-1,0.0000,-1.00,0.0000,0
83034,1790795512991,0.02873,0.02750,0.19755,0.13801,0.05826,0.00069,0.07475,0.20472,0.16478,0.05061,0.01443,0.03998,0.00065,0.00019,0.22723,0.16197,0.06501,0.00069,0.08953,0.20025,0.16528,0.04782,0.01715,0.02422,-52.48,2.457,-1,0.0000,-1.00,0.0000,0
83127,1790795513092,0.03711,0.04256,0.12238,0.13159,0.06889,0.00255,0.12568,0.20213,0.13559,0.06178,0.02126,0.04850,0.00173,0.02555,0.13422,0.15273,0.07675,0.00271,0.14552,0.21559,0.12837,0.06263,0.02493,0.02926,-53.18,2.426,-1,0.0000,-1.00,0.0000,0
83220,1790795513192,0.02293,0.04294,0.05546,0.04471,0.24214,0.00481,0.03613,0.11021,0.22899,0.07366,0.02009,0.11791,0.00276,0.00142,0.05696,0.04901,0.26369,0.00522,0.03949,0.12429,0.25277,0.04790,0.02304,0.13345,-55.92,2.906,-1,0.0000,-1.00,0.0000,0
83313,1790795513290,0.02095,0.03836,0.11753,0.04717,0.11922,0.00631,0.02964,0.04984,0.07382,0.24518,0.10494,0.14704,0.01668,0.02968,0.08683,0.03181,0.10787,0.00547,0.02963,0.04251,0.08215,0.27240,0.12466,0.17032,-59.27,2.942,-1,0.0000,-1.00,0.0000,0
83406,1790795513371,0.00656,0.01366,0.12064,0.01357,0.11964,0.00451,0.01338,0.00950,0.02005,0.56733,0.04529,0.06586,0.00577,0.01248,0.01457,0.00567,0.12825,0.00426,0.01341,0.00865,0.02155,0.65572,0.05342,0.07626,-58.97,6.808,-1,0.0000,-1.00,0.0000,0
83498,1790795513472,0.00413,0.01178,0.13629,0.00743,0.11705,0.00275,0.00861,0.00959,0.02558,0.65061,0.00880,0.01737,0.00303,0.00848,0.01413,0.00691,0.13646,0.00270,0.00854,0.00879,0.02928,0.75253,0.01001,0.01913,-57.69,7.807,9,0.9542,110.31,0.9542,1
83591,1790795513552,0.00904,0.01939,0.17740,0.03543,0.07755,0.00590,0.01060,0.02737,0.09870,0.50315,0.02629,0.00918,0.00720,0.00147,0.09664,0.03643,0.09110,0.00564,0.00902,0.01703,0.11104,0.58484,0.03038,0.00921,-55.52,6.038,-1,0.0000,-1.00,0.0000,0
83684,1790795513652,0.00290,0.00394,0.27071,0.00868,0.04586,0.00655,0.00514,0.03602,0.01732,0.57210,0.01835,0.01242,0.00190,0.00099,0.19053,0.00633,0.05217,0.00747,0.00348,0.00788,0.01950,0.67518,0.02050,0.01408,-55.15,6.865,-1,0.0000,-1.00,0.0000,0
83777,1790795513739,0.00919,0.02624,0.19292,0.01781,0.04983,0.00578,0.02305,0.02182,0.02397,0.58808,0.02113,0.02017,0.00953,0.02663,0.09357,0.01652,0.05583,0.00504,0.02229,0.00765,0.02493,0.69410,0.02432,0.01959,-54.39,7.057,-1,0.0000,-1.00,0.0000,0
83870,1790795513832,0.00912,0.00854,0.14369,0.01647,0.17299,0.00877,0.05693,0.01705,0.01523,0.51324,0.01555,0.02242,0.00916,0.00726,0.05831,0.01638,0.20458,0.00870,0.06674,0.00891,0.01500,0.57443,0.01691,0.01363,-54.06,6.159,-1,0.0000,-1.00,0.0000,0
83963,1790795513932,0.00855,0.00238,0.28900,0.00436,0.27411,0.00780,0.03944,0.05418,0.01001,0.28654,0.01221,0.01142,0.00923,0.00058,0.29110,0.00262,0.32767,0.00752,0.04701,0.00735,0.01146,0.27839,0.01314,0.00393,-56.24,3.468,-1,0.0000,-1.00,0.0000,0
84056,1790795514010,0.04950,0.08412,0.11677,0.01581,0.01711,0.00924,0.25967,0.25486,0.02567,0.07906,0.01779,0.07040,0.00352,0.09530,0.12173,0.01512,0.01525,0.01038,0.29208,0.28143,0.02776,0.09171,0.01926,0.02646,-53.92,3.116,-1,0.0000,-1.00,0.0000,0
84149,1790795514113,0.05036,0.05999,0.00757,0.24584,0.00238,0.00047,0.00414,0.24211,0.35806,0.02452,0.00080,0.00376,0.00044,0.00087,0.00332,0.29441,0.00211,0.00051,0.00453,0.28971,0.37068,0.02896,0.00086,0.00360,-51.77,4.297,-1,0.0000,-1.00,0.0000,0
84241,1790795514192,0.03264,0.07163,0.01551,0.13693,0.01757,0.00512,0.04550,0.13255,0.38641,0.02944,0.07365,0.05306,0.00164,0.00623,0.01200,0.14681,0.01039,0.00595,0.05309,0.15664,0.43391,0.03322,0.08707,0.05305,-53.36,4.637,-1,0.0000,-1.00,0.0000,0
84334,1790795514290,0.01805,0.03317,0.08336,0.03366,0.03525,0.00245,0.12670,0.08648,0.15558,0.33460,0.03455,0.05615,0.00163,0.00406,0.02177,0.03223,0.03477,0.00261,0.14946,0.10087,0.18003,0.39404,0.04088,0.03765,-55.94,4.015,-1,0.0000,-1.00,0.0000,0
84427,1790795514391,0.00459,0.00420,0.15155,0.00509,0.03508,0.00033,0.01047,0.01864,0.01469,0.74693,0.00418,0.00423,0.00019,0.00286,0.00577,0.00512,0.04150,0.00036,0.01190,0.02127,0.01646,0.88691,0.00494,0.00271,-56.05,8.963,-1,0.0000,-1.00,0.0000,0
84520,1790795514491,0.01325,0.01717,0.20824,0.04346,0.04860,0.01350,0.04768,0.06663,0.08057,0.37066,0.04882,0.04143,0.00637,0.00305,0.16346,0.04106,0.05060,0.01491,0.05603,0.04793,0.08840,0.43410,0.05554,0.03853,-57.02,4.448,-1,0.0000,-1.00,0.0000,0
84613,1790795514592,0.00973,0.00438,0.38131,0.00331,0.00639,0.00162,0.10190,0.09789,0.01608,0.34523,0.00702,0.02514,0.00313,0.00152,0.37515,0.00235,0.00638,0.00142,0.12171,0.04301,0.01880,0.41240,0.00813,0.00600,-58.98,4.576,-1,0.0000,-1.00,0.0000,0
84706,1790795514672,0.01960,0.01416,0.27506,0.05424,0.01896,0.00762,0.09617,0.11237,0.04646,0.27238,0.03701,0.04597,0.00700,0.00837,0.26553,0.05650,0.01626,0.00775,0.11358,0.08201,0.04447,0.32315,0.04282,0.03256,-56.52,3.301,-1,0.0000,-1.00,0.0000,0
84799,1790795514771,0.00462,0.01208,0.30824,0.02826,0.00274,0.03826,0.31321,0.06632,0.01256,0.13257,0.01609,0.06505,0.00296,0.01284,0.33795,0.03181,0.00248,0.04526,0.37275,0.01248,0.00874,0.15836,0.01031,0.00406,-53.41,3.758,-1,0.0000,-1.00,0.0000,0
84892,1790795514852,0.01511,0.01184,0.31899,0.09875,0.06087,0.08652,0.10595,0.13654,0.05240,0.05591,0.02003,0.03708,0.00025,0.00639,0.37165,0.11764,0.06907,0.10363,0.12568,0.08993,0.03947,0.05331,0.00346,0.01952,-52.14,3.828,-1,0.0000,-1.00,0.0000,0
84985,1790795514951,0.03158,0.05440,0.09860,0.10182,0.11716,0.03297,0.09347,0.15865,0.20449,0.03651,0.02300,0.04735,0.00466,0.02125,0.11472,0.11805,0.13338,0.03858,0.10778,0.16736,0.22162,0.01731,0.01991,0.03537,-53.03,2.454,-1,0.0000,-1.00,0.0000,0
85077,1790795515031,0.02557,0.03975,0.02372,0.09582,0.22574,0.00698,0.05764,0.10020,0.12389,0.07658,0.01886,0.20526,0.00757,0.02257,0.01903,0.11060,0.22428,0.00686,0.06456,0.11632,0.12645,0.04737,0.02123,0.23315,-54.96,2.709,-1,0.0000,-1.00,0.0000,0
85170,1790795515130,0.01883,0.01900,0.20050,0.06171,0.14020,0.02313,0.05186,0.04963,0.05160,0.16117,0.10673,0.11564,0.01539,0.01295,0.20755,0.04957,0.14226,0.02466,0.04083,0.03707,0.05201,0.16492,0.12300,0.12979,-56.36,2.406,-1,0.0000,-1.00,0.0000,0
85263,1790795515238,0.00730,0.01589,0.05765,0.02924,0.26031,0.00860,0.01976,0.01185,0.04150,0.29382,0.10385,0.15023,0.00624,0.00982,0.00999,0.01072,0.27707,0.00907,0.02149,0.01246,0.04670,0.29804,0.12264,0.17575,-57.71,3.526,-1,0.0000,-1.00,0.0000,0
85356,1790795515312,0.00952,0.00704,0.12234,0.00866,0.14836,0.01012,0.00943,0.01570,0.01359,0.59861,0.01539,0.04123,0.00790,0.00574,0.01098,0.00714,0.16838,0.01056,0.01017,0.01664,0.01469,0.68407,0.01634,0.04738,-59.02,7.183,-1,0.0000,-1.00,0.0000,0
85449,1790795515411,0.02393,0.02101,0.23725,0.01851,0.09993,0.01922,0.04519,0.05398,0.05779,0.32932,0.07077,0.02310,0.02209,0.01372,0.21062,0.00610,0.11627,0.01865,0.05144,0.02292,0.06804,0.37156,0.08110,0.01748,-57.75,3.952,-1,0.0000,-1.00,0.0000,0
85542,1790795515491,0.00240,0.00422,0.29082,0.01263,0.01108,0.05882,0.03901,0.04317,0.01811,0.43550,0.07036,0.01388,0.00222,0.00083,0.24549,0.00117,0.01180,0.07004,0.04651,0.00313,0.02147,0.51949,0.07043,0.00741,-55.65,5.226,-1,0.0000,-1.00,0.0000,0
85635,1790795515591,0.00381,0.00717,0.18490,0.01791,0.10610,0.00374,0.02393,0.02225,0.00468,0.54144,0.06975,0.01430,0.00313,0.00768,0.09785,0.00504,0.12481,0.00387,0.02716,0.00726,0.00461,0.62404,0.08281,0.01175,-55.47,6.497,-1,0.0000,-1.00,0.0000,0
85728,1790795515693,0.04895,0.02023,0.29435,0.00909,0.09078,0.01242,0.03137,0.06233,0.08991,0.30669,0.01444,0.01943,0.05493,0.00326,0.28400,0.00762,0.10561,0.00400,0.03694,0.01839,0.10623,0.34655,0.01651,0.01596,-55.66,3.680,-1,0.0000,-1.00,0.0000,0
85820,1790795515792,0.00254,0.00341,0.26624,0.00056,0.12107,0.00188,0.04552,0.03513,0.01572,0.49561,0.00149,0.01083,0.00285,0.00041,0.20697,0.00038,0.14465,0.00169,0.05446,0.00107,0.01877,0.56518,0.00145,0.00212,-55.49,5.947,-1,0.0000,-1.00,0.0000,0
85913,1790795515892,0.01093,0.01043,0.23321,0.00396,0.07143,0.00408,0.01659,0.03699,0.02958,0.55580,0.00695,0.02006,0.01023,0.00560,0.15062,0.00320,0.08156,0.00287,0.01877,0.01447,0.03481,0.64981,0.00776,0.02032,-56.01,6.670,-1,0.0000,-1.00,0.0000,0
86006,1790795515971,0.00175,0.00330,0.12502,0.00371,0.18626,0.00302,0.00110,0.00600,0.00752,0.64132,0.01428,0.00671,0.00092,0.00222,0.00617,0.00119,0.22162,0.00344,0.00088,0.00597,0.00875,0.72454,0.01643,0.00787,-58.07,7.696,-1,0.0000,-1.00,0.0000,0
86099,1790795516072,0.01208,0.01482,0.09594,0.02257,0.12964,0.01513,0.11563,0.01638,0.04402,0.41871,0.07655,0.03852,0.01120,0.00795,0.02137,0.00951,0.15088,0.01661,0.13698,0.01540,0.05056,0.47210,0.08844,0.01900,-57.73,5.024,-1,0.0000,-1.00,0.0000,0
86192,1790795516152,0.04033,0.03437,0.02651,0.05107,0.03898,0.03697,0.13766,0.11804,0.21822,0.07625,0.14633,0.07527,0.00805,0.00350,0.01465,0.02812,0.03526,0.04270,0.16356,0.13923,0.25395,0.08633,0.16687,0.05777,-56.15,2.619,-1,0.0000,-1.00,0.0000,0
86285,1790795516251,0.00200,0.00200,0.03269,0.09892,0.01058,0.14042,0.01335,0.00423,0.01048,0.15416,0.52150,0.00967,0.00128,0.00021,0.00295,0.00126,0.01101,0.16801,0.01592,0.00451,0.01217,0.18268,0.59158,0.00843,-55.23,6.258,-1,0.0000,-1.00,0.0000,0
86378,1790795516331,0.00436,0.00194,0.03452,0.09348,0.00546,0.25260,0.01956,0.01273,0.00868,0.03949,0.51344,0.01375,0.00347,0.00034,0.03215,0.00192,0.00420,0.30199,0.02337,0.00888,0.01002,0.04648,0.55535,0.01184,-56.26,6.161,-1,0.0000,-1.00,0.0000,0
86471,1790795516431,0.01351,0.00922,0.41498,0.03304,0.00467,0.00578,0.09652,0.10762,0.01399,0.11315,0.16168,0.02585,0.00940,0.00778,0.47053,0.00138,0.00399,0.00506,0.11406,0.03573,0.01649,0.13479,0.19273,0.00807,-59.43,4.980,-1,0.0000,-1.00,0.0000,0
86563,1790795516533,0.00681,0.00704,0.21679,0.02461,0.03885,0.00809,0.02243,0.03718,0.03597,0.53237,0.05211,0.01776,0.00463,0.00058,0.13501,0.01745,0.04333,0.00883,0.02676,0.01779,0.03962,0.62933,0.06069,0.01597,-53.93,6.388,-1,0.0000,-1.00,0.0000,0
86656,1790795516608,0.00066,0.00067,0.11073,0.03065,0.05836,0.13087,0.00142,0.00455,0.00376,0.48119,0.17495,0.00220,0.00047,0.00003,0.02111,0.00133,0.06947,0.15673,0.00168,0.00127,0.00425,0.56280,0.17856,0.00230,-51.09,5.774,-1,0.0000,-1.00,0.0000,0
86749,1790795516710,0.00027,0.00026,0.07183,0.03101,0.21156,0.20673,0.05578,0.00910,0.00097,0.19188,0.19643,0.02417,0.00014,0.00009,0.05033,0.00023,0.25038,0.24768,0.06682,0.00093,0.00112,0.18028,0.18627,0.01572,-51.05,2.539,-1,0.0000,-1.00,0.0000,0
86842,1790795516795,0.00160,0.00155,0.03799,0.01434,0.07598,0.16991,0.40681,0.01357,0.00378,0.05144,0.09320,0.12983,0.00013,0.00108,0.03642,0.00304,0.07935,0.20357,0.48724,0.00904,0.00393,0.04591,0.07132,0.05898,-52.07,4.882,-1,0.0000,-1.00,0.0000,0
86935,1790795516892,0.00748,0.00707,0.01519,0.01696,0.12579,0.28579,0.23820,0.01574,0.01294,0.06877,0.13726,0.06882,0.00552,0.00544,0.00758,0.00114,0.14556,0.34135,0.28434,0.01736,0.01528,0.05355,0.09680,0.02610,-52.77,3.429,-1,0.0000,-1.00,0.0000,0
87028,1790795516992,0.01233,0.00368,0.02782,0.05044,0.12216,0.23863,0.15160,0.01132,0.01890,0.07592,0.21610,0.07111,0.01224,0.00090,0.02048,0.02025,0.13649,0.28351,0.17818,0.01280,0.01769,0.06485,0.20273,0.04988,-54.84,2.864,-1,0.0000,-1.00,0.0000,0
87121,1790795517090,0.00672,0.00605,0.01637,0.11719,0.02706,0.10954,0.02907,0.00547,0.01699,0.03222,0.60559,0.02774,0.00726,0.00331,0.01300,0.00168,0.02709,0.12990,0.03418,0.00397,0.01988,0.03338,0.69989,0.02646,-58.85,7.267,-1,0.0000,-1.00,0.0000,0
87214,1790795517191,0.00270,0.00111,0.00382,0.14612,0.01194,0.05215,0.01394,0.00248,0.00320,0.01205,0.74104,0.00945,0.00285,0.00063,0.00222,0.00149,0.01274,0.06192,0.01658,0.00253,0.00354,0.01191,0.87567,0.00791,-58.69,8.893,10,0.9644,116.76,0.9644,1
87307,1790795517271,0.00579,0.00160,0.03202,0.12455,0.03998,0.04956,0.01302,0.00723,0.00844,0.10928,0.59475,0.01379,0.00574,0.00035,0.01417,0.01027,0.04501,0.05848,0.01553,0.00585,0.00808,0.12202,0.70105,0.01344,-54.44,7.137,-1,0.0000,-1.00,0.0000,0
87399,1790795517372,0.00265,0.00080,0.04873,0.12732,0.00702,0.07479,0.00826,0.00948,0.00359,0.04191,0.65488,0.02057,0.00271,0.00025,0.04859,0.00051,0.00379,0.08920,0.00982,0.00176,0.00420,0.04946,0.76702,0.02270,-53.17,7.859,-1,0.0000,-1.00,0.0000,0
87492,1790795517452,0.00295,0.00226,0.07616,0.12370,0.00660,0.04516,0.01011,0.01509,0.00413,0.05979,0.62734,0.02670,0.00295,0.00181,0.07713,0.00131,0.00203,0.05353,0.01176,0.00280,0.00469,0.07125,0.74109,0.02967,-54.43,7.528,-1,0.0000,-1.00,0.0000,0
87585,1790795517552,0.02515,0.03117,0.07932,0.08442,0.00811,0.13588,0.05526,0.01957,0.01811,0.06014,0.44345,0.03941,0.02848,0.03330,0.08086,0.00200,0.00270,0.15717,0.05954,0.00749,0.02131,0.07152,0.50020,0.03542,-53.73,5.321,-1,0.0000,-1.00,0.0000,0
87678,1790795517632,0.01845,0.01368,0.11813,0.05758,0.00553,0.27664,0.05240,0.03336,0.01648,0.05910,0.33094,0.01772,0.01867,0.01313,0.12768,0.00329,0.00405,0.32851,0.06016,0.01470,0.01909,0.07001,0.33142,0.00931,-55.19,3.971,-1,0.0000,-1.00,0.0000,0
87771,1790795517745,0.01959,0.01093,0.08803,0.04886,0.04038,0.26484,0.07323,0.01747,0.00783,0.09997,0.28721,0.04167,0.02249,0.01165,0.08313,0.00265,0.04108,0.31366,0.08544,0.00445,0.00777,0.11273,0.28196,0.03299,-54.96,3.446,-1,0.0000,-1.00,0.0000,0
87864,1790795517834,0.01354,0.00166,0.00232,0.02883,0.00528,0.60323,0.05464,0.00586,0.00362,0.00604,0.26011,0.01487,0.01484,0.00125,0.00142,0.00115,0.00266,0.72257,0.06522,0.00674,0.00394,0.00688,0.16843,0.00489,-51.62,7.239,-1,0.0000,-1.00,0.0000,0
87957,1790795517912,0.00070,0.00154,0.00603,0.06085,0.00440,0.48097,0.00658,0.00241,0.00474,0.02568,0.40115,0.00497,0.00033,0.00075,0.00129,0.00027,0.00440,0.57625,0.00773,0.00263,0.00563,0.02989,0.36643,0.00438,-51.66,5.772,-1,0.0000,-1.00,0.0000,0
88050,1790795518011,0.01068,0.04211,0.05675,0.05999,0.02787,0.07922,0.06041,0.01937,0.21715,0.18688,0.20648,0.03310,0.00844,0.00115,0.02473,0.02650,0.02847,0.09325,0.07214,0.01832,0.25494,0.21828,0.22893,0.02485,-53.60,2.606,-1,0.0000,-1.00,0.0000,0
88142,1790795518092,0.00132,0.00484,0.04683,0.08828,0.01763,0.12004,0.01982,0.00296,0.02551,0.21545,0.45062,0.00670,0.00082,0.00025,0.00574,0.00438,0.02048,0.14367,0.02362,0.00249,0.02970,0.25411,0.51147,0.00327,-54.60,5.407,-1,0.0000,-1.00,0.0000,0
88235,1790795518220,0.00366,0.00283,0.02283,0.12273,0.00316,0.14889,0.00744,0.00686,0.00456,0.02901,0.64142,0.00661,0.00357,0.00237,0.02056,0.00168,0.00240,0.17783,0.00844,0.00416,0.00513,0.03429,0.73332,0.00625,-56.04,7.697,-1,0.0000,-1.00,0.0000,0
88328,1790795518288,0.00878,0.00268,0.40070,0.03797,0.00464,0.02887,0.03156,0.08003,0.01156,0.19822,0.17698,0.01800,0.00798,0.00127,0.43314,0.00478,0.00233,0.03346,0.03757,0.01004,0.01291,0.23706,0.20543,0.01406,-58.73,4.808,-1,0.0000,-1.00,0.0000,0
88421,1790795518387,0.01207,0.01368,0.20229,0.04291,0.02212,0.03679,0.02074,0.04026,0.06362,0.35842,0.17034,0.01676,0.01112,0.00178,0.15818,0.01260,0.02349,0.04188,0.02449,0.01689,0.07373,0.42482,0.19581,0.01523,-56.92,4.301,-1,0.0000,-1.00,0.0000,0
88514,1790795518491,0.00512,0.01383,0.07010,0.04797,0.03653,0.25905,0.00977,0.01187,0.02266,0.23607,0.27839,0.00864,0.00450,0.01135,0.02957,0.00351,0.04210,0.30951,0.00945,0.00836,0.02645,0.27453,0.27222,0.00845,-53.60,3.341,-1,0.0000,-1.00,0.0000,0
88607,1790795518572,0.00078,0.00106,0.05361,0.04065,0.00633,0.37863,0.15477,0.01099,0.00591,0.02483,0.26387,0.05856,0.00062,0.00003,0.05836,0.00385,0.00097,0.45357,0.18543,0.00160,0.00627,0.02961,0.22626,0.03341,-51.94,4.544,-1,0.0000,-1.00,0.0000,0
88700,1790795518671,0.00217,0.00965,0.04525,0.13221,0.18107,0.16977,0.16518,0.01004,0.07242,0.08758,0.07736,0.04729,0.00185,0.00018,0.04181,0.14802,0.21348,0.20308,0.19785,0.00378,0.05744,0.06262,0.05244,0.01745,-52.00,2.173,-1,0.0000,-1.00,0.0000,0
88793,1790795518751,0.00237,0.00735,0.01465,0.06331,0.07638,0.41410,0.08919,0.00806,0.02335,0.03156,0.24035,0.02935,0.00143,0.00537,0.01294,0.03826,0.08870,0.49591,0.10580,0.00709,0.01731,0.02331,0.18968,0.01419,-54.11,4.969,-1,0.0000,-1.00,0.0000,0
88885,1790795518853,0.01228,0.02638,0.02080,0.07847,0.01819,0.18254,0.06634,0.03503,0.12347,0.03937,0.35297,0.04416,0.00397,0.00608,0.01614,0.01876,0.01431,0.21801,0.07829,0.03878,0.14423,0.04433,0.37972,0.03739,-55.74,4.236,-1,0.0000,-1.00,0.0000,0
88978,1790795518932,0.00772,0.06524,0.10630,0.02391,0.03193,0.01251,0.02872,0.03912,0.32841,0.30254,0.03515,0.01844,0.00297,0.00127,0.05690,0.02087,0.03543,0.01440,0.03405,0.03571,0.38938,0.35549,0.03927,0.01427,-54.97,3.941,-1,0.0000,-1.00,0.0000,0
89071,1790795519032,0.00218,0.00360,0.22695,0.00797,0.12361,0.01039,0.05442,0.02873,0.01467,0.48092,0.02385,0.02271,0.00234,0.00107,0.16338,0.00436,0.14531,0.01199,0.06499,0.00204,0.01658,0.54758,0.02620,0.01415,-54.88,5.771,-1,0.0000,-1.00,0.0000,0
89164,1790795519132,0.00662,0.00264,0.17277,0.07764,0.02473,0.08984,0.03846,0.03200,0.01294,0.13669,0.38486,0.02080,0.00715,0.00040,0.17560,0.00579,0.02650,0.10624,0.04601,0.00354,0.01436,0.15853,0.44010,0.01580,-55.33,4.618,-1,0.0000,-1.00,0.0000,0
89257,1790795519212,0.00232,0.00297,0.24822,0.06770,0.01115,0.09413,0.02320,0.04596,0.01168,0.11194,0.34640,0.03434,0.00251,0.00096,0.27105,0.00325,0.00630,0.11229,0.02761,0.00134,0.01322,0.13301,0.39280,0.03566,-56.98,4.157,-1,0.0000,-1.00,0.0000,0
89350,1790795519313,0.00461,0.00343,0.32585,0.02612,0.00706,0.01465,0.12510,0.05612,0.01508,0.28147,0.10889,0.03163,0.00491,0.00082,0.32381,0.00608,0.00683,0.01658,0.14974,0.00306,0.01664,0.33614,0.12719,0.00822,-57.94,3.910,-1,0.0000,-1.00,0.0000,0
89443,1790795519392,0.01480,0.02569,0.11550,0.03921,0.11707,0.01039,0.07460,0.02579,0.05833,0.28462,0.06539,0.16861,0.01392,0.01888,0.07480,0.03183,0.10359,0.00969,0.08565,0.01608,0.06331,0.32078,0.07643,0.18505,-56.09,3.415,-1,0.0000,-1.00,0.0000,0
89536,1790795519511,0.02422,0.00970,0.05942,0.00289,0.29692,0.00727,0.02642,0.03413,0.04692,0.29309,0.01005,0.18897,0.02129,0.00070,0.01385,0.00125,0.31213,0.00449,0.03152,0.03815,0.05598,0.28931,0.01115,0.22018,-55.97,3.563,-1,0.0000,-1.00,0.0000,0
89629,1790795519592,0.02821,0.00537,0.06652,0.00393,0.28780,0.00587,0.01174,0.05334,0.02298,0.34755,0.01226,0.15443,0.02147,0.00111,0.00928,0.00191,0.30872,0.00278,0.01384,0.06207,0.02716,0.35525,0.01414,0.18227,-55.44,4.171,-1,0.0000,-1.00,0.0000,0
89721,1790795519693,0.00415,0.00073,0.07253,0.00099,0.45059,0.00100,0.00278,0.00650,0.00166,0.44831,0.00225,0.00852,0.00349,0.00050,0.00157,0.00067,0.53802,0.00050,0.00323,0.00748,0.00185,0.43053,0.00259,0.00957,-53.97,5.407,-1,0.0000,-1.00,0.0000,0
89814,1790795519792,0.00559,0.00100,0.04679,0.00117,0.57172,0.00091,0.00120,0.01254,0.00150,0.33923,0.00170,0.01663,0.00381,0.00088,0.00226,0.00101,0.68116,0.00034,0.00126,0.01458,0.00160,0.27145,0.00197,0.01968,-53.83,6.861,-1,0.0000,-1.00,0.0000,0
89907,1790795519871,0.04830,0.02899,0.05079,0.07917,0.25637,0.01488,0.18835,0.07634,0.07881,0.11868,0.01531,0.04402,0.04139,0.02237,0.04191,0.09161,0.30543,0.00962,0.22125,0.08316,0.06240,0.09554,0.01644,0.00888,-54.59,3.076,-1,0.0000,-1.00,0.0000,0
90000,1790795519971,0.07926,0.04071,0.00179,0.00355,0.00661,0.01488,0.64474,0.05861,0.00214,0.00500,0.01561,0.12711,0.08108,0.04830,0.00126,0.00061,0.00769,0.00177,0.76287,0.07008,0.00245,0.00446,0.01836,0.00107,-55.24,7.737,-1,0.0000,-1.00,0.0000,0
90093,1790795520051,0.12319,0.01081,0.06505,0.04133,0.00600,0.01196,0.02485,0.56806,0.07800,0.00644,0.01711,0.04721,0.05471,0.00038,0.07663,0.04559,0.00570,0.00348,0.02236,0.67282,0.08443,0.00659,0.01981,0.00749,-54.63,6.817,-1,0.0000,-1.00,0.0000,0
90186,1790795520152,0.06119,0.01371,0.03981,0.03026,0.00746,0.12561,0.38801,0.14301,0.04573,0.01031,0.02798,0.10691,0.03873,0.00917,0.04532,0.03523,0.00171,0.14284,0.46221,0.16327,0.04782,0.01201,0.00522,0.03647,-53.92,4.656,-1,0.0000,-1.00,0.0000,0
90279,1790795520239,0.06552,0.03892,0.08184,0.12662,0.00418,0.08591,0.12118,0.17246,0.24214,0.00932,0.01837,0.03356,0.02980,0.00659,0.09594,0.15117,0.00270,0.09703,0.14389,0.18762,0.26006,0.01074,0.00277,0.01168,-53.84,2.906,-1,0.0000,-1.00,0.0000,0
90372,1790795520331,0.06710,0.03680,0.12967,0.06431,0.00824,0.08055,0.08808,0.19192,0.14639,0.06754,0.09058,0.02882,0.03846,0.01285,0.13960,0.05904,0.00694,0.08890,0.09985,0.20544,0.16370,0.07955,0.09092,0.01474,-55.71,2.303,-1,0.0000,-1.00,0.0000,0
90464,1790795520433,0.00685,0.02655,0.02694,0.08170,0.00369,0.16202,0.09724,0.01683,0.12412,0.01009,0.42074,0.02322,0.00535,0.00256,0.03000,0.00555,0.00330,0.19324,0.11579,0.01443,0.14758,0.01149,0.46584,0.00487,-58.53,5.049,-1,0.0000,-1.00,0.0000,0
90557,1790795520511,0.00493,0.01546,0.03084,0.09488,0.00907,0.19586,0.04685,0.02913,0.06799,0.01371,0.46897,0.02231,0.00174,0.00283,0.03401,0.01150,0.00803,0.23434,0.05558,0.02816,0.07919,0.01483,0.51548,0.01429,-58.67,5.628,-1,0.0000,-1.00,0.0000,0
90650,1790795520609,0.00521,0.00371,0.02506,0.11434,0.00326,0.11818,0.07640,0.01551,0.01600,0.01654,0.58505,0.02074,0.00289,0.00148,0.02620,0.00358,0.00256,0.14104,0.09125,0.01339,0.01846,0.01931,0.67307,0.00677,-58.72,7.021,-1,0.0000,-1.00,0.0000,0
90743,1790795520689,0.00171,0.00372,0.00606,0.11685,0.00196,0.13538,0.07829,0.00847,0.01061,0.00797,0.61134,0.01763,0.00132,0.00198,0.00545,0.00116,0.00204,0.16195,0.09323,0.00926,0.01249,0.00915,0.70043,0.00154,-57.04,7.336,10,0.9723,58.30,0.9723,1
90836,1790795520822,0.02229,0.02361,0.08886,0.06164,0.01681,0.01974,0.02683,0.07096,0.15064,0.18592,0.27826,0.05443,0.00344,0.00244,0.06265,0.00867,0.00860,0.02297,0.02590,0.07837,0.17879,0.22107,0.32887,0.05823,-54.89,3.339,-1,0.0000,-1.00,0.0000,0
90929,1790795520891,0.00245,0.00457,0.09723,0.01670,0.22307,0.01953,0.00154,0.00760,0.02606,0.52456,0.07410,0.00258,0.00047,0.00018,0.00239,0.00332,0.26675,0.02331,0.00180,0.00864,0.03057,0.57566,0.08417,0.00273,-54.00,6.295,-1,0.0000,-1.00,0.0000,0
91022,1790795520991,0.00938,0.00252,0.03056,0.06829,0.04836,0.28449,0.00928,0.01751,0.00914,0.12520,0.38627,0.00901,0.00718,0.00121,0.00909,0.00342,0.05608,0.33961,0.01068,0.01937,0.01027,0.13890,0.39552,0.00868,-54.55,4.635,-1,0.0000,-1.00,0.0000,0
91115,1790795521092,0.12421,0.01607,0.01792,0.05491,0.10123,0.17322,0.05387,0.10756,0.01781,0.04597,0.26377,0.02344,0.12388,0.01543,0.01520,0.01034,0.11815,0.18300,0.06149,0.12587,0.01929,0.03167,0.27978,0.01590,-56.46,3.165,-1,0.0000,-1.00,0.0000,0
91207,1790795521172,0.27394,0.00129,0.00760,0.02680,0.12533,0.05339,0.02012,0.29580,0.00247,0.04857,0.13476,0.00993,0.25804,0.00106,0.00340,0.00061,0.14875,0.01283,0.02384,0.35381,0.00276,0.02878,0.15893,0.00717,-58.17,3.550,-1,0.0000,-1.00,0.0000,0
91300,1790795521272,0.23297,0.00586,0.03151,0.04924,0.04679,0.07968,0.01689,0.12204,0.02188,0.14365,0.22413,0.02536,0.25131,0.00317,0.00561,0.00760,0.05024,0.04662,0.01960,0.14512,0.02471,0.16216,0.25932,0.02453,-57.43,2.796,-1,0.0000,-1.00,0.0000,0
91393,1790795521351,0.08449,0.00201,0.06851,0.01756,0.19143,0.12016,0.00777,0.00807,0.00577,0.36678,0.07374,0.05371,0.09935,0.00148,0.00348,0.00841,0.21697,0.12429,0.00898,0.00901,0.00517,0.39655,0.06372,0.06257,-57.11,4.401,-1,0.0000,-1.00,0.0000,0
91486,1790795521451,0.06411,0.00174,0.08123,0.00610,0.19265,0.13719,0.00705,0.01717,0.00684,0.43278,0.03978,0.01335,0.07243,0.00102,0.00348,0.00378,0.22762,0.15040,0.00805,0.02009,0.00745,0.47345,0.01785,0.01440,-57.31,5.193,-1,0.0000,-1.00,0.0000,0
91579,1790795521531,0.00981,0.01519,0.11590,0.00511,0.17477,0.00653,0.00907,0.01960,0.03823,0.58782,0.01039,0.00757,0.00739,0.00928,0.00742,0.00390,0.20797,0.00636,0.00902,0.02203,0.04503,0.66312,0.01119,0.00728,-56.58,7.054,-1,0.0000,-1.00,0.0000,0
91672,1790795521631,0.00097,0.00627,0.09456,0.00050,0.33472,0.00062,0.00229,0.00269,0.01293,0.54186,0.00112,0.00145,0.00054,0.00446,0.00034,0.00036,0.40081,0.00064,0.00186,0.00316,0.01540,0.56984,0.00122,0.00136,-55.63,6.502,-1,0.0000,-1.00,0.0000,0
91765,1790795521742,0.01798,0.01572,0.07014,0.04779,0.31243,0.00196,0.00461,0.09053,0.05983,0.37179,0.00194,0.00528,0.00045,0.00686,0.01040,0.05689,0.37328,0.00226,0.00415,0.10643,0.06042,0.37150,0.00188,0.00551,-54.39,4.462,-1,0.0000,-1.00,0.0000,0
91858,1790795521813,0.14009,0.00189,0.05764,0.00419,0.02141,0.00102,0.00062,0.71359,0.00868,0.04562,0.00127,0.00399,0.00000,0.00108,0.05920,0.00476,0.02472,0.00122,0.00053,0.84332,0.00946,0.04976,0.00128,0.00467,-54.14,8.563,-1,0.0000,-1.00,0.0000,0
91951,1790795521912,0.11240,0.00261,0.17048,0.00214,0.03024,0.00385,0.00178,0.59710,0.00738,0.06086,0.00193,0.00924,0.00036,0.00147,0.19115,0.00228,0.03412,0.00454,0.00184,0.67757,0.00839,0.06616,0.00142,0.01070,-54.21,7.165,-1,0.0000,-1.00,0.0000,0
92043,1790795521991,0.03995,0.05284,0.04324,0.27012,0.01031,0.00145,0.01278,0.21778,0.31442,0.02906,0.00150,0.00654,0.00008,0.00134,0.04537,0.32338,0.01182,0.00173,0.01505,0.25196,0.31263,0.03249,0.00146,0.00270,-52.90,3.773,-1,0.0000,-1.00,0.0000,0
92136,1790795522113,0.06253,0.01914,0.04144,0.03208,0.01114,0.00069,0.35692,0.31817,0.06029,0.01825,0.00557,0.07377,0.00083,0.01007,0.04581,0.03715,0.01249,0.00067,0.42407,0.37377,0.06488,0.01940,0.00654,0.00433,-52.13,4.283,-1,0.0000,-1.00,0.0000,0
92229,1790795522192,0.02090,0.02196,0.07195,0.06589,0.30030,0.02126,0.02880,0.04081,0.10877,0.29757,0.00869,0.01309,0.01642,0.00552,0.02761,0.07777,0.35803,0.02222,0.03332,0.04352,0.10491,0.29560,0.00601,0.00908,-53.82,3.604,-1,0.0000,-1.00,0.0000,0
92322,1790795522293,0.15780,0.01023,0.04860,0.01570,0.02412,0.18115,0.28255,0.04219,0.02928,0.10848,0.03953,0.06037,0.17986,0.00654,0.03338,0.01657,0.02748,0.18172,0.33593,0.04528,0.03095,0.12538,0.01134,0.00557,-57.50,3.391,-1,0.0000,-1.00,0.0000,0
92415,1790795522392,0.22767,0.00344,0.03246,0.01272,0.01582,0.37546,0.02520,0.02905,0.01351,0.14903,0.09830,0.01735,0.26598,0.00134,0.00406,0.00750,0.01584,0.39732,0.02988,0.03405,0.01444,0.17569,0.03903,0.01487,-58.24,4.505,-1,0.0000,-1.00,0.0000,0
92508,1790795522471,0.16558,0.00688,0.03248,0.02122,0.00599,0.36800,0.01115,0.04395,0.02744,0.15016,0.15362,0.01352,0.18810,0.00191,0.00343,0.00480,0.00447,0.40367,0.01295,0.05202,0.03193,0.17904,0.10405,0.01363,-58.02,4.416,-1,0.0000,-1.00,0.0000,0
92601,1790795522572,0.18652,0.00462,0.01787,0.00974,0.00913,0.51355,0.01119,0.02501,0.01482,0.08285,0.11447,0.01021,0.21764,0.00232,0.00206,0.00698,0.00886,0.57237,0.01295,0.02957,0.01624,0.09766,0.02369,0.00966,-57.09,6.163,-1,0.0000,29.17,0.9586,1
92694,1790795522651,0.06366,0.04321,0.06800,0.03941,0.03430,0.08139,0.02914,0.05019,0.20313,0.22153,0.09630,0.06974,0.05518,0.01605,0.02988,0.02775,0.02599,0.08659,0.03174,0.05421,0.23790,0.26030,0.09823,0.07618,-55.77,2.658,-1,0.0000,-1.00,0.0000,0
92786,1790795522752,0.09353,0.00352,0.02564,0.00753,0.33671,0.16103,0.14379,0.00549,0.00761,0.14141,0.04080,0.03295,0.11106,0.00268,0.01290,0.00606,0.40197,0.17131,0.17065,0.00513,0.00775,0.08992,0.01492,0.00565,-55.56,4.041,-1,0.0000,-1.00,0.0000,0
92879,1790795522831,0.09778,0.00088,0.00462,0.03909,0.01309,0.52469,0.00591,0.00414,0.00333,0.01718,0.28548,0.00382,0.11634,0.00038,0.00202,0.00284,0.01478,0.60594,0.00697,0.00459,0.00337,0.01771,0.22195,0.00310,-56.37,6.296,-1,0.0000,-1.00,0.0000,0
92972,1790795522932,0.13532,0.00218,0.01201,0.05364,0.00436,0.38942,0.00240,0.00444,0.00459,0.05403,0.33178,0.00582,0.16113,0.00165,0.00170,0.00256,0.00377,0.43485,0.00255,0.00499,0.00500,0.06400,0.31135,0.00647,-57.63,4.673,-1,0.0000,-1.00,0.0000,0
93065,1790795523032,0.26869,0.00144,0.02619,0.01964,0.00445,0.39065,0.00232,0.00390,0.00472,0.12918,0.14637,0.00245,0.32084,0.00101,0.00088,0.00466,0.00482,0.40452,0.00256,0.00452,0.00470,0.15385,0.09519,0.00243,-58.88,4.688,-1,0.0000,-1.00,0.0000,0
93158,1790795523113,0.17867,0.00478,0.05088,0.02485,0.03144,0.17375,0.06558,0.11432,0.01881,0.16442,0.12744,0.04507,0.18699,0.00196,0.02303,0.00623,0.02995,0.17112,0.07596,0.13466,0.02105,0.19133,0.11878,0.03895,-57.92,2.144,-1,0.0000,-1.00,0.0000,0
93251,1790795523210,0.04332,0.00357,0.05305,0.00655,0.11934,0.00658,0.24567,0.19522,0.01232,0.21862,0.01693,0.07882,0.00613,0.00159,0.01698,0.00409,0.13583,0.00667,0.29405,0.23055,0.01393,0.23505,0.01897,0.03615,-56.87,2.948,-1,0.0000,-1.00,0.0000,0
93344,1790795523296,0.06938,0.00057,0.04967,0.00258,0.19106,0.00502,0.03326,0.34327,0.00195,0.20134,0.00801,0.09389,0.00235,0.00030,0.01988,0.00141,0.20820,0.00555,0.03979,0.40737,0.00206,0.19999,0.00849,0.10462,-56.39,4.119,-1,0.0000,-1.00,0.0000,0
93437,1790795523414,0.01450,0.00093,0.13782,0.00062,0.10641,0.00064,0.00480,0.07366,0.00173,0.61794,0.00245,0.03851,0.00076,0.00073,0.02302,0.00019,0.11858,0.00061,0.00560,0.08370,0.00203,0.71693,0.00281,0.04503,-54.48,7.415,-1,0.0000,-1.00,0.0000,0
93529,1790795523491,0.01484,0.00021,0.09417,0.00057,0.32040,0.00804,0.00243,0.07237,0.00085,0.47057,0.00266,0.01288,0.00130,0.00007,0.01604,0.00042,0.38099,0.00937,0.00287,0.08356,0.00094,0.48833,0.00133,0.01479,-54.10,5.647,-1,0.0000,-1.00,0.0000,0
93622,1790795523591,0.01011,0.00424,0.07136,0.01043,0.39631,0.02435,0.01036,0.04475,0.01052,0.37773,0.02565,0.01421,0.00194,0.00287,0.01433,0.00753,0.47189,0.02884,0.01132,0.05131,0.01111,0.35906,0.02501,0.01479,-54.99,4.756,-1,0.0000,-1.00,0.0000,0
93715,1790795523691,0.10719,0.01159,0.08811,0.00430,0.03523,0.00794,0.06321,0.54248,0.03311,0.04877,0.00476,0.05330,0.00330,0.00629,0.09517,0.00437,0.03248,0.00886,0.07438,0.63127,0.03831,0.05250,0.00395,0.04913,-54.66,6.510,-1,0.0000,-1.00,0.0000,0
93808,1790795523772,0.12850,0.00318,0.08933,0.00144,0.03723,0.00474,0.00650,0.66398,0.01195,0.02231,0.00303,0.02781,0.00024,0.00109,0.10325,0.00122,0.03831,0.00563,0.00757,0.77514,0.01408,0.01914,0.00251,0.03182,-54.36,7.968,-1,0.0000,-1.00,0.0000,0
93901,1790795523871,0.13904,0.00411,0.05842,0.00923,0.01438,0.00747,0.00874,0.70831,0.01186,0.01427,0.01281,0.01137,0.00099,0.00244,0.06719,0.00836,0.01493,0.00876,0.00999,0.83540,0.01254,0.01415,0.01361,0.01164,-54.18,8.500,-1,0.0000,-1.00,0.0000,0
93994,1790795523952,0.04676,0.05039,0.03228,0.09500,0.06092,0.01021,0.02150,0.17573,0.32580,0.12825,0.04316,0.01001,0.00073,0.00169,0.01039,0.10405,0.07161,0.01209,0.02542,0.20850,0.36654,0.14270,0.04932,0.00696,-54.27,3.910,-1,0.0000,-1.00,0.0000,0
94087,1790795524052,0.00419,0.00609,0.11361,0.01275,0.20143,0.00320,0.00341,0.01789,0.02223,0.59700,0.01329,0.00491,0.00066,0.00279,0.00374,0.01227,0.24034,0.00370,0.00353,0.02069,0.02406,0.66785,0.01519,0.00518,-55.05,7.164,-1,0.0000,-1.00,0.0000,0
94180,1790795524132,0.00592,0.00543,0.08456,0.00298,0.29019,0.00123,0.00457,0.02984,0.00724,0.46143,0.00610,0.10050,0.00049,0.00488,0.00445,0.00217,0.32408,0.00138,0.00451,0.03488,0.00824,0.48866,0.00704,0.11923,-55.59,5.537,-1,0.0000,-1.00,0.0000,0
94273,1790795524231,0.00364,0.00139,0.10684,0.00122,0.20149,0.00057,0.00142,0.01579,0.00561,0.57090,0.00275,0.08838,0.00026,0.00076,0.00107,0.00083,0.22045,0.00068,0.00155,0.01871,0.00656,0.64038,0.00316,0.10560,-55.55,6.851,-1,0.0000,-1.00,0.0000,0
94365,1790795524332,0.01008,0.00960,0.10339,0.00600,0.21049,0.00752,0.10173,0.02478,0.01822,0.41980,0.01523,0.07317,0.00686,0.00746,0.03358,0.00387,0.23946,0.00765,0.11776,0.02569,0.02106,0.45555,0.01673,0.06433,-55.81,5.038,-1,0.0000,-1.00,0.0000,0
94458,1790795524411,0.00244,0.00455,0.09116,0.00163,0.32126,0.00105,0.04760,0.01092,0.00693,0.45006,0.00255,0.05984,0.00094,0.00391,0.01698,0.00140,0.37294,0.00107,0.05626,0.00972,0.00803,0.46535,0.00284,0.06055,-55.93,5.401,-1,0.0000,-1.00,0.0000,0
94551,1790795524512,0.00246,0.00331,0.08750,0.00274,0.40332,0.00163,0.00987,0.00857,0.00778,0.46130,0.00260,0.00891,0.00137,0.00233,0.01419,0.00273,0.48160,0.00169,0.01136,0.00746,0.00875,0.45731,0.00278,0.00842,-55.56,5.536,-1,0.0000,-1.00,0.0000,0
94644,1790795524612,0.00109,0.00365,0.10627,0.00115,0.29852,0.00046,0.00224,0.00389,0.00917,0.57015,0.00142,0.00197,0.00057,0.00230,0.00595,0.00106,0.35732,0.00044,0.00222,0.00350,0.01077,0.61235,0.00162,0.00191,-55.38,6.842,-1,0.0000,-1.00,0.0000,0
94737,1790795524727,0.00041,0.00205,0.11140,0.00070,0.26439,0.00056,0.00161,0.00191,0.00679,0.60296,0.00070,0.00651,0.00012,0.00089,0.00265,0.00070,0.31533,0.00065,0.00175,0.00177,0.00799,0.65998,0.00072,0.00746,-55.14,7.235,-1,0.0000,-1.00,0.0000,0
94830,1790795524791,0.00275,0.00302,0.09646,0.00180,0.33474,0.00272,0.00158,0.00497,0.00489,0.53507,0.00321,0.00878,0.00222,0.00260,0.00417,0.00150,0.39907,0.00282,0.00138,0.00513,0.00557,0.56203,0.00329,0.01023,-55.69,6.421,-1,0.0000,-1.00,0.0000,0
94923,1790795524892,0.00048,0.00140,0.09043,0.00375,0.34340,0.01733,0.00078,0.00162,0.00261,0.51683,0.01670,0.00465,0.00026,0.00112,0.00171,0.00134,0.41040,0.02072,0.00072,0.00161,0.00285,0.53795,0.01590,0.00543,-55.90,6.202,-1,0.0000,-1.00,0.0000,0
95016,1790795524992,0.00094,0.00224,0.08096,0.00149,0.41124,0.00192,0.00451,0.00340,0.00410,0.47861,0.00397,0.00662,0.00038,0.00180,0.00261,0.00093,0.49139,0.00222,0.00500,0.00360,0.00460,0.47621,0.00432,0.00694,-55.69,5.743,-1,0.0000,-1.00,0.0000,0
95108,1790795525072,0.00218,0.00771,0.09284,0.01388,0.24501,0.00307,0.11437,0.00913,0.03052,0.41412,0.01469,0.05248,0.00146,0.00259,0.02413,0.01328,0.28650,0.00339,0.13648,0.00621,0.03394,0.43942,0.01692,0.03568,-55.93,4.969,-1,0.0000,-1.00,0.0000,0
95201,1790795525172,0.00041,0.01110,0.11649,0.00997,0.20414,0.00110,0.02106,0.00358,0.03973,0.56309,0.00566,0.02368,0.00022,0.00430,0.01526,0.01065,0.23994,0.00127,0.02436,0.00129,0.04549,0.62716,0.00653,0.02354,-56.10,6.757,-1,0.0000,-1.00,0.0000,0
95294,1790795525252,0.00238,0.00699,0.09536,0.00490,0.32929,0.00193,0.00429,0.00330,0.02691,0.50638,0.00428,0.01399,0.00238,0.00223,0.00936,0.00493,0.39142,0.00184,0.00470,0.00209,0.03126,0.52917,0.00477,0.01584,-55.66,6.077,-1,0.0000,-1.00,0.0000,0
95387,1790795525351,0.01210,0.00259,0.10451,0.00127,0.25244,0.00217,0.00580,0.03107,0.00798,0.56541,0.00302,0.01164,0.00722,0.00124,0.00271,0.00085,0.29998,0.00117,0.00670,0.03669,0.00939,0.61803,0.00338,0.01262,-55.19,6.785,-1,0.0000,-1.00,0.0000,0
95480,1790795525432,0.02545,0.00933,0.05186,0.04334,0.10789,0.19086,0.00924,0.04180,0.03785,0.21674,0.24627,0.01938,0.02055,0.00379,0.01464,0.00227,0.12493,0.22477,0.01033,0.04718,0.04026,0.23957,0.25053,0.02117,-54.99,2.955,-1,0.0000,-1.00,0.0000,0
95573,1790795525531,0.00499,0.05761,0.05909,0.03298,0.03732,0.04128,0.15769,0.00949,0.28601,0.24886,0.02027,0.04442,0.00389,0.00263,0.01332,0.03662,0.04152,0.04869,0.18715,0.01001,0.33545,0.28996,0.01463,0.01613,-55.62,3.432,-1,0.0000,-1.00,0.0000,0
95666,1790795525631,0.00349,0.03568,0.08864,0.01402,0.08792,0.04878,0.04704,0.00839,0.15922,0.45757,0.02187,0.02737,0.00220,0.00553,0.00149,0.01388,0.10097,0.05807,0.05527,0.00976,0.18804,0.52826,0.01469,0.02184,-56.46,5.491,-1,0.0000,-1.00,0.0000,0
95759,1790795525710,0.00359,0.05117,0.06910,0.05824,0.09844,0.05224,0.00413,0.00684,0.25181,0.35489,0.04485,0.00470,0.00291,0.00392,0.00310,0.06156,0.11703,0.06201,0.00417,0.00759,0.28953,0.40204,0.04144,0.00469,-56.25,4.259,-1,0.0000,-1.00,0.0000,0
95851,1790795525813,0.00153,0.02888,0.07945,0.03954,0.09573,0.08646,0.00718,0.00299,0.13327,0.40460,0.11602,0.00437,0.00101,0.00529,0.00236,0.02388,0.11396,0.10339,0.00755,0.00311,0.14887,0.46830,0.11852,0.00374,-55.96,4.855,-1,0.0000,-1.00,0.0000,0
95944,1790795525912,0.00369,0.02456,0.06859,0.13033,0.03073,0.08610,0.00544,0.01037,0.12788,0.34180,0.16519,0.00532,0.00197,0.00388,0.00240,0.12097,0.03575,0.10282,0.00575,0.01195,0.12925,0.40247,0.17755,0.00523,-55.33,4.102,-1,0.0000,-1.00,0.0000,0
96037,1790795526012,0.02252,0.02799,0.07683,0.05765,0.06903,0.03691,0.11947,0.09511,0.11455,0.20714,0.12324,0.04956,0.00663,0.00796,0.04587,0.04149,0.07659,0.04291,0.14157,0.10487,0.12904,0.23302,0.13917,0.03087,-55.91,2.486,-1,0.0000,-1.00,0.0000,0
96130,1790795526092,0.03332,0.03056,0.06359,0.07485,0.08008,0.07437,0.02578,0.17507,0.16034,0.10407,0.15665,0.02131,0.00051,0.00073,0.05510,0.05597,0.09210,0.08902,0.03075,0.19885,0.18102,0.10645,0.17006,0.01944,-56.32,2.101,-1,0.0000,-1.00,0.0000,0
96223,1790795526193,0.03954,0.01753,0.04158,0.06026,0.06174,0.17031,0.00303,0.20263,0.09208,0.09264,0.20794,0.01071,0.00036,0.00044,0.03063,0.03083,0.07157,0.20400,0.00354,0.23673,0.10421,0.09683,0.20872,0.01213,-55.24,2.495,-1,0.0000,-1.00,0.0000,0
96316,1790795526291,0.06827,0.00767,0.04789,0.07485,0.08175,0.13532,0.00442,0.34845,0.05022,0.06318,0.10079,0.01718,0.00079,0.00126,0.04491,0.07212,0.09407,0.16199,0.00501,0.40866,0.04000,0.06295,0.08866,0.01959,-56.64,4.181,-1,0.0000,-1.00,0.0000,0
96409,1790795526372,0.09886,0.01771,0.13403,0.02176,0.01954,0.02582,0.00835,0.49317,0.02873,0.03956,0.08435,0.02812,0.00727,0.01468,0.15187,0.00720,0.01699,0.02952,0.00703,0.56089,0.03300,0.04403,0.09522,0.03230,-58.04,5.918,-1,0.0000,-1.00,0.0000,0
96502,1790795526472,0.21072,0.00803,0.03969,0.02915,0.04044,0.12875,0.22851,0.08953,0.02526,0.05638,0.05746,0.08609,0.23147,0.00508,0.03553,0.02554,0.03851,0.10844,0.26855,0.10448,0.02447,0.06065,0.04736,0.04991,-58.01,2.742,-1,0.0000,-1.00,0.0000,0
96595,1790795526551,0.28165,0.00303,0.01432,0.04958,0.01040,0.30168,0.07474,0.03064,0.01630,0.05657,0.11323,0.04787,0.33035,0.00149,0.00391,0.04415,0.00459,0.29599,0.08927,0.03594,0.01078,0.06687,0.07700,0.03966,-59.65,3.620,-1,0.0000,-1.00,0.0000,0
96687,1790795526652,0.18709,0.00516,0.02956,0.06438,0.02222,0.29264,0.01128,0.02150,0.02624,0.12837,0.17902,0.03254,0.21930,0.00181,0.00566,0.04669,0.01929,0.30730,0.01315,0.02464,0.02205,0.15012,0.15359,0.03639,-56.88,3.512,-1,0.0000,-1.00,0.0000,0
96780,1790795526742,0.08513,0.00531,0.06683,0.03552,0.16125,0.08647,0.00641,0.01578,0.01557,0.35421,0.13797,0.02955,0.09845,0.00317,0.00327,0.01310,0.18649,0.08409,0.00705,0.01826,0.01606,0.38746,0.14866,0.03394,-55.53,4.251,-1,0.0000,-1.00,0.0000,0
96873,1790795526832,0.06781,0.00873,0.09631,0.01680,0.14259,0.07127,0.00913,0.01380,0.04471,0.49153,0.02787,0.00947,0.07832,0.00065,0.00518,0.01625,0.16907,0.06987,0.01076,0.01556,0.04980,0.55599,0.01955,0.00900,-55.61,5.898,-1,0.0000,-1.00,0.0000,0
96966,1790795526932,0.02674,0.01615,0.05515,0.01719,0.18342,0.02675,0.19176,0.01608,0.04780,0.28073,0.05167,0.08657,0.02821,0.00867,0.00758,0.00936,0.20818,0.02646,0.22805,0.01777,0.05541,0.29511,0.05667,0.05852,-55.40,3.369,-1,0.0000,-1.00,0.0000,0
97059,1790795527012,0.00353,0.00502,0.05261,0.00998,0.38782,0.00327,0.04368,0.00211,0.02477,0.31548,0.02569,0.12605,0.00394,0.00037,0.00526,0.00598,0.43681,0.00314,0.05226,0.00149,0.02847,0.29145,0.03016,0.14068,-55.72,4.654,-1,0.0000,-1.00,0.0000,0
97152,1790795527112,0.01023,0.02200,0.04185,0.00660,0.31537,0.00629,0.00693,0.00566,0.09183,0.24086,0.02134,0.23105,0.01113,0.00476,0.00554,0.00305,0.32325,0.00537,0.00736,0.00569,0.10897,0.22499,0.02450,0.27539,-56.85,3.784,-1,0.0000,-1.00,0.0000,0
97245,1790795527224,0.05930,0.01480,0.05669,0.00756,0.21460,0.00698,0.02418,0.28128,0.06658,0.05420,0.01136,0.20247,0.00491,0.00275,0.06331,0.00666,0.20991,0.00739,0.02148,0.33144,0.07846,0.02333,0.01215,0.23822,-58.31,3.375,-1,0.0000,-1.00,0.0000,0
97338,1790795527314,0.02920,0.03810,0.01549,0.00584,0.24625,0.01666,0.01529,0.05625,0.06223,0.10053,0.01278,0.40138,0.02150,0.03142,0.00249,0.00458,0.20022,0.01570,0.01210,0.06691,0.07341,0.08102,0.01220,0.47846,-57.42,4.817,-1,0.0000,-1.00,0.0000,0
97430,1790795527392,0.04430,0.01619,0.04541,0.03937,0.08064,0.02516,0.17794,0.16242,0.03463,0.14175,0.09315,0.13904,0.01502,0.01233,0.02343,0.02612,0.07180,0.02717,0.20872,0.19202,0.03566,0.15627,0.10623,0.12523,-56.38,2.135,-1,0.0000,-1.00,0.0000,0
97523,1790795527491,0.06129,0.00582,0.13303,0.00275,0.04345,0.00171,0.03297,0.32519,0.00702,0.20061,0.00669,0.17947,0.00071,0.00548,0.11217,0.00178,0.01096,0.00194,0.03842,0.36742,0.00803,0.23824,0.00763,0.20722,-56.06,3.902,-1,0.0000,-1.00,0.0000,0
97616,1790795527594,0.02403,0.01780,0.14142,0.04115,0.11517,0.00140,0.00624,0.09332,0.12315,0.37135,0.00487,0.06010,0.00231,0.00167,0.08612,0.04820,0.12401,0.00122,0.00714,0.09475,0.13801,0.42038,0.00559,0.07059,-54.95,4.456,-1,0.0000,-1.00,0.0000,0
97709,1790795527672,0.00415,0.00369,0.28101,0.00409,0.16999,0.00430,0.01096,0.04956,0.01472,0.42253,0.00787,0.02713,0.00273,0.00116,0.24413,0.00321,0.19776,0.00461,0.01290,0.01099,0.01700,0.46709,0.00851,0.02991,-56.19,5.070,-1,0.0000,-1.00,0.0000,0
97802,1790795527771,0.03240,0.01027,0.25916,0.01322,0.08328,0.01271,0.12369,0.13286,0.02909,0.16611,0.03262,0.10459,0.01782,0.00574,0.27425,0.00855,0.08069,0.01170,0.14533,0.10657,0.03317,0.18304,0.03677,0.09638,-59.56,3.110,-1,0.0000,-1.00,0.0000,0
97895,1790795527852,0.00515,0.02480,0.27615,0.02947,0.04170,0.00698,0.00881,0.05385,0.12583,0.39939,0.01743,0.01044,0.00242,0.00137,0.23790,0.03149,0.04784,0.00793,0.01008,0.01756,0.14453,0.46908,0.01931,0.01047,-53.86,4.793,-1,0.0000,-1.00,0.0000,0
97988,1790795527952,0.00057,0.00096,0.18502,0.00259,0.25229,0.00029,0.00171,0.02037,0.00454,0.52535,0.00504,0.00129,0.00012,0.00015,0.10877,0.00192,0.30208,0.00032,0.00198,0.00288,0.00505,0.56961,0.00597,0.00115,-52.09,6.304,2,0.9552,146.85,0.9552,1
98081,1790795528031,0.00811,0.00281,0.17292,0.05391,0.16334,0.13830,0.00948,0.03055,0.01450,0.20226,0.19749,0.00633,0.00901,0.00087,0.16680,0.02412,0.19466,0.16393,0.01118,0.00354,0.01259,0.20377,0.20414,0.00537,-53.71,2.427,2,0.9620,146.45,0.9620,1
98173,1790795528133,0.02787,0.01785,0.07303,0.21084,0.11202,0.05268,0.05212,0.11030,0.12152,0.12988,0.07212,0.01977,0.00503,0.00647,0.06184,0.23795,0.13193,0.06213,0.06117,0.11991,0.09843,0.12947,0.07410,0.01157,-53.72,2.530,-1,0.0000,-1.00,0.0000,0
98266,1790795528231,0.00757,0.00579,0.04337,0.10130,0.18799,0.21746,0.01701,0.01684,0.03064,0.18356,0.18017,0.00832,0.00552,0.00314,0.01717,0.08878,0.22401,0.25947,0.01861,0.01792,0.01911,0.17555,0.16445,0.00628,-55.06,2.609,-1,0.0000,-1.00,0.0000,0
98359,1790795528311,0.03256,0.03314,0.10585,0.02858,0.09734,0.02189,0.01865,0.04787,0.01972,0.50162,0.04468,0.04811,0.02794,0.03693,0.01124,0.02445,0.10568,0.02086,0.01503,0.05513,0.01579,0.58309,0.04940,0.05446,-59.00,6.019,-1,0.0000,-1.00,0.0000,0
98452,1790795528411,0.00293,0.00597,0.14521,0.00851,0.05184,0.00616,0.00322,0.00663,0.00732,0.73332,0.01507,0.01383,0.00212,0.00581,0.00212,0.00689,0.05895,0.00699,0.00270,0.00752,0.00740,0.86700,0.01667,0.01582,-58.07,8.800,-1,0.0000,-1.00,0.0000,0
98545,1790795528512,0.00802,0.00985,0.14160,0.01001,0.05006,0.01103,0.00226,0.02222,0.04615,0.65576,0.02907,0.01397,0.00497,0.00106,0.01613,0.00557,0.05674,0.01225,0.00250,0.02342,0.05419,0.77451,0.03241,0.01625,-55.39,7.869,9,0.9712,110.25,0.9712,1
98638,1790795528612,0.00167,0.00331,0.25146,0.01474,0.07880,0.00915,0.00618,0.03445,0.01063,0.54480,0.03455,0.01028,0.00086,0.00192,0.17544,0.00987,0.09228,0.01079,0.00703,0.00650,0.01035,0.63494,0.03926,0.01077,-54.21,6.538,-1,0.0000,-1.00,0.0000,0
98731,1790795528691,0.01101,0.00433,0.20364,0.06579,0.08127,0.00821,0.00624,0.03637,0.00882,0.23574,0.31910,0.01948,0.01183,0.00348,0.19167,0.00333,0.09302,0.00749,0.00678,0.00558,0.00991,0.26403,0.38087,0.02199,-54.94,3.829,-1,0.0000,-1.00,0.0000,0
98824,1790795528793,0.04188,0.00718,0.15230,0.01716,0.14464,0.01677,0.07821,0.02600,0.02151,0.39568,0.05411,0.04457,0.04633,0.00409,0.09503,0.00814,0.16615,0.01091,0.08718,0.01803,0.02416,0.44119,0.06267,0.03612,-53.77,4.748,-1,0.0000,-1.00,0.0000,0
98917,1790795528892,0.02621,0.00299,0.19065,0.00445,0.28507,0.00148,0.03495,0.02587,0.00897,0.40084,0.00690,0.01161,0.03092,0.00169,0.14640,0.00373,0.33514,0.00096,0.04154,0.00197,0.01001,0.41386,0.00808,0.00568,-54.41,4.810,-1,0.0000,-1.00,0.0000,0
99009,1790795528971,0.02751,0.00448,0.39731,0.01183,0.04316,0.01957,0.02961,0.09628,0.01822,0.29903,0.02899,0.02400,0.02609,0.00136,0.40690,0.00800,0.04740,0.01828,0.03521,0.03470,0.02024,0.34891,0.03112,0.02178,-55.60,4.768,-1,0.0000,-1.00,0.0000,0
99102,1790795529071,0.01598,0.01745,0.10786,0.15286,0.18619,0.01924,0.01834,0.06392,0.10088,0.29679,0.00662,0.01388,0.00621,0.00452,0.06741,0.18244,0.22064,0.02182,0.02106,0.06325,0.08471,0.31189,0.00361,0.01245,-52.81,3.561,-1,0.0000,-1.00,0.0000,0
99195,1790795529152,0.00085,0.00073,0.09588,0.00119,0.34376,0.00057,0.00151,0.00132,0.00326,0.54929,0.00073,0.00091,0.00073,0.00021,0.00053,0.00127,0.41176,0.00054,0.00176,0.00148,0.00338,0.57683,0.00077,0.00073,-52.64,6.592,-1,0.0000,-1.00,0.0000,0
99288,1790795529251,0.05270,0.01379,0.06601,0.02446,0.05139,0.01116,0.07733,0.22647,0.05698,0.24450,0.06485,0.11036,0.01010,0.00355,0.02254,0.01435,0.03895,0.01137,0.09127,0.26758,0.06543,0.28524,0.07545,0.11415,-54.91,2.934,-1,0.0000,-1.00,0.0000,0
99381,1790795529335,0.10619,0.00489,0.04176,0.00287,0.03361,0.00159,0.03218,0.53509,0.00202,0.15198,0.00500,0.08282,0.00077,0.00550,0.01479,0.00232,0.02209,0.00175,0.03746,0.63823,0.00185,0.17784,0.00565,0.09176,-56.07,6.421,-1,0.0000,-1.00,0.0000,0
99474,1790795529432,0.03721,0.02233,0.09974,0.01612,0.06361,0.01326,0.01193,0.18710,0.08556,0.41003,0.01039,0.04272,0.00110,0.00712,0.02472,0.01746,0.06657,0.01567,0.01281,0.21937,0.09906,0.47812,0.00934,0.04865,-56.21,4.920,-1,0.0000,-1.00,0.0000,0
99567,1790795529531,0.01280,0.01419,0.38116,0.01996,0.04832,0.00464,0.02487,0.10522,0.06122,0.28228,0.01738,0.02795,0.00450,0.00443,0.39173,0.01998,0.05238,0.00467,0.02868,0.04866,0.06940,0.32786,0.01990,0.02780,-57.57,4.574,-1,0.0000,-1.00,0.0000,0
99660,1790795529612,0.01722,0.01959,0.39772,0.00743,0.02421,0.00188,0.15086,0.13905,0.01095,0.17186,0.01780,0.04144,0.00288,0.02106,0.43675,0.00474,0.02573,0.00168,0.16707,0.08955,0.01218,0.20083,0.02100,0.01653,-58.50,4.773,-1,0.0000,-1.00,0.0000,0
99752,1790795529739,0.00794,0.05331,0.13446,0.03304,0.05835,0.00148,0.00789,0.03218,0.27235,0.37967,0.01098,0.00835,0.00476,0.00064,0.07361,0.03702,0.06830,0.00083,0.00933,0.02397,0.31900,0.44140,0.01299,0.00816,-53.66,4.556,-1,0.0000,-1.00,0.0000,0
99845,1790795529812,0.00069,0.00277,0.11859,0.00203,0.42841,0.00311,0.00225,0.01278,0.01551,0.41198,0.00130,0.00059,0.00028,0.00000,0.06416,0.00227,0.51330,0.00367,0.00270,0.00260,0.01689,0.39314,0.00083,0.00017,-51.95,5.141,-1,0.0000,-1.00,0.0000,0
99938,1790795529912,0.00378,0.00647,0.07496,0.05190,0.24621,0.25567,0.00598,0.01877,0.01578,0.15022,0.16765,0.00263,0.00280,0.00537,0.06571,0.03438,0.29464,0.30581,0.00610,0.00946,0.01209,0.12159,0.14026,0.00178,-52.75,3.068,-1,0.0000,-1.00,0.0000,0
100031,1790795529992,0.01281,0.02729,0.02987,0.25302,0.13478,0.14442,0.05572,0.00783,0.12008,0.11794,0.08046,0.01580,0.01398,0.01566,0.01407,0.29076,0.16006,0.17046,0.06366,0.00660,0.08624,0.10959,0.06261,0.00631,-53.30,3.036,-1,0.0000,-1.00,0.0000,0
100124,1790795530092,0.01085,0.01073,0.05287,0.12033,0.16571,0.21082,0.03662,0.01689,0.03624,0.17709,0.14517,0.01668,0.00944,0.00927,0.02899,0.11956,0.19617,0.25074,0.03884,0.01770,0.01972,0.17331,0.12424,0.01201,-55.79,2.530,-1,0.0000,-1.00,0.0000,0
100217,1790795530192,0.02264,0.03714,0.08230,0.03125,0.11623,0.04158,0.01728,0.02643,0.02329,0.38814,0.08418,0.12953,0.02126,0.03992,0.01052,0.01924,0.10901,0.04560,0.01280,0.02959,0.02314,0.44443,0.09183,0.15267,-59.82,4.658,-1,0.0000,-1.00,0.0000,0
100310,1790795530272,0.00429,0.03252,0.10557,0.01028,0.12026,0.01233,0.00788,0.00946,0.00982,0.54811,0.02174,0.11775,0.00262,0.03725,0.00087,0.00771,0.11620,0.01426,0.00204,0.01118,0.01023,0.63373,0.02322,0.14069,-59.92,6.577,-1,0.0000,-1.00,0.0000,0
100403,1790795530371,0.00476,0.02103,0.14353,0.01978,0.05928,0.01107,0.01159,0.02001,0.02498,0.64047,0.01350,0.03000,0.00140,0.02067,0.02222,0.02101,0.06429,0.01299,0.00979,0.01958,0.02497,0.75548,0.01360,0.03400,-57.66,7.686,9,0.9684,110.32,0.9684,1
100495,1790795530451,0.00313,0.00226,0.25128,0.00255,0.18648,0.00390,0.01483,0.03765,0.00952,0.46831,0.00473,0.01536,0.00245,0.00067,0.19852,0.00210,0.22049,0.00419,0.01753,0.00585,0.01099,0.51743,0.00484,0.01493,-54.68,5.620,-1,0.0000,-1.00,0.0000,0
100588,1790795530551,0.00598,0.00444,0.22291,0.00776,0.13873,0.00810,0.02706,0.02793,0.01225,0.51575,0.01551,0.01358,0.00609,0.00277,0.15105,0.00594,0.16421,0.00850,0.03061,0.00478,0.01351,0.58544,0.01690,0.01021,-53.76,6.189,-1,0.0000,-1.00,0.0000,0
100681,1790795530631,0.01102,0.04953,0.16620,0.02639,0.17490,0.00884,0.02191,0.02523,0.01995,0.45133,0.02963,0.01508,0.01107,0.05583,0.10000,0.02491,0.20656,0.00845,0.01511,0.01047,0.01865,0.50017,0.03382,0.01495,-54.62,5.416,-1,0.0000,-1.00,0.0000,0
100774,1790795530747,0.00759,0.00792,0.31311,0.00299,0.18250,0.00283,0.02447,0.05094,0.03935,0.35685,0.00360,0.00784,0.00870,0.00029,0.29899,0.00280,0.21796,0.00166,0.02921,0.00182,0.04660,0.38438,0.00398,0.00361,-54.78,4.282,-1,0.0000,-1.00,0.0000,0
100867,1790795530833,0.00565,0.00625,0.37386,0.00202,0.05245,0.00295,0.02784,0.05981,0.01885,0.43282,0.00581,0.01168,0.00627,0.00311,0.34757,0.00114,0.06138,0.00229,0.03273,0.00278,0.02236,0.50645,0.00650,0.00741,-54.80,5.194,-1,0.0000,-1.00,0.0000,0
100960,1790795530911,0.01162,0.01535,0.09752,0.01530,0.22443,0.00979,0.01295,0.00535,0.02844,0.46296,0.00870,0.10760,0.01332,0.01228,0.01646,0.01662,0.24388,0.00909,0.01304,0.00319,0.03079,0.50639,0.00862,0.12631,-57.53,5.556,-1,0.0000,-1.00,0.0000,0
101053,1790795531032,0.00501,0.03203,0.11157,0.00822,0.10408,0.00487,0.00944,0.00780,0.05424,0.56589,0.01188,0.08498,0.00360,0.02648,0.00336,0.00723,0.10477,0.00512,0.00606,0.00868,0.06341,0.65745,0.01322,0.10062,-58.08,6.791,-1,0.0000,-1.00,0.0000,0
101146,1790795531112,0.01984,0.08112,0.05371,0.06279,0.02105,0.00979,0.01970,0.04646,0.36705,0.19270,0.10196,0.02384,0.01350,0.01209,0.01934,0.05137,0.02037,0.00907,0.02121,0.05184,0.42937,0.22712,0.12037,0.02436,-56.53,4.405,-1,0.0000,-1.00,0.0000,0
101239,1790795531238,0.00177,0.00684,0.07787,0.04448,0.10392,0.02883,0.10003,0.00617,0.02028,0.36133,0.22424,0.02423,0.00133,0.00347,0.01234,0.00138,0.12349,0.03428,0.11915,0.00497,0.02402,0.40848,0.26190,0.00519,-55.59,4.336,-1,0.0000,-1.00,0.0000,0
101331,1790795531291,0.00252,0.00395,0.07672,0.04983,0.15804,0.03067,0.00590,0.00389,0.00799,0.40214,0.25237,0.00597,0.00224,0.00288,0.00381,0.00119,0.18821,0.03631,0.00647,0.00394,0.00933,0.44455,0.29521,0.00587,-54.74,4.826,-1,0.0000,-1.00,0.0000,0
101424,1790795531392,0.00101,0.00534,0.10636,0.12026,0.00615,0.04385,0.00265,0.01938,0.00691,0.07223,0.61284,0.00301,0.00093,0.00480,0.11055,0.00059,0.00673,0.05237,0.00222,0.00131,0.00816,0.08522,0.72395,0.00317,-55.57,7.354,-1,0.0000,-1.00,0.0000,0
101517,1790795531491,0.00327,0.00463,0.49638,0.03805,0.01414,0.00439,0.01400,0.09836,0.02555,0.10544,0.18623,0.00957,0.00187,0.00069,0.57034,0.00155,0.01514,0.00508,0.01663,0.00480,0.03031,0.12334,0.22214,0.00812,-58.14,5.957,2,0.9598,147.17,0.9598,1
101610,1790795531571,0.00878,0.00845,0.20463,0.04454,0.04210,0.01371,0.00549,0.03571,0.03683,0.40566,0.18933,0.00477,0.00801,0.00172,0.15079,0.00899,0.04957,0.01484,0.00624,0.01290,0.04235,0.47626,0.22392,0.00442,-54.83,4.868,-1,0.0000,-1.00,0.0000,0
101703,1790795531672,0.00052,0.00020,0.09655,0.09910,0.00612,0.17789,0.00226,0.01738,0.00138,0.07095,0.52613,0.00150,0.00038,0.00005,0.09912,0.00214,0.00709,0.21308,0.00270,0.00118,0.00121,0.08363,0.58819,0.00123,-52.37,6.314,-1,0.0000,-1.00,0.0000,0
101796,1790795531751,0.00066,0.00224,0.11308,0.05357,0.00587,0.34876,0.06443,0.02475,0.00432,0.02177,0.32639,0.03414,0.00042,0.00182,0.13037,0.00308,0.00202,0.41781,0.07678,0.00388,0.00439,0.02587,0.30827,0.02529,-52.66,4.185,-1,0.0000,-1.00,0.0000,0
101889,1790795531850,0.00361,0.04060,0.02167,0.13242,0.11286,0.11530,0.19109,0.01066,0.06262,0.10267,0.13481,0.07169,0.00206,0.03896,0.00656,0.13206,0.12690,0.13776,0.22125,0.01147,0.04885,0.09786,0.13423,0.04204,-53.08,2.293,-1,0.0000,-1.00,0.0000,0
101982,1790795531931,0.00390,0.00298,0.01452,0.05603,0.09852,0.20163,0.25276,0.01369,0.02220,0.04390,0.19103,0.09886,0.00257,0.00052,0.01016,0.03123,0.10661,0.24109,0.30173,0.01542,0.01538,0.03650,0.18110,0.05768,-54.41,3.033,-1,0.0000,-1.00,0.0000,0
102074,1790795532030,0.01728,0.00523,0.03167,0.11335,0.04394,0.07954,0.03057,0.01195,0.02247,0.03923,0.51048,0.09430,0.01856,0.00176,0.02987,0.01816,0.03161,0.09163,0.03446,0.01022,0.02332,0.04074,0.59351,0.10617,-57.54,6.126,-1,0.0000,-1.00,0.0000,0
102167,1790795532131,0.00402,0.00170,0.01194,0.14812,0.01016,0.01783,0.02245,0.00269,0.00446,0.00930,0.74334,0.02399,0.00454,0.00128,0.01225,0.00172,0.00751,0.02047,0.02650,0.00093,0.00425,0.01041,0.88664,0.02349,-58.99,8.920,-1,0.0000,-1.00,0.0000,0
102260,1790795532212,0.00299,0.00291,0.00880,0.14826,0.01074,0.02296,0.00677,0.00481,0.00852,0.02074,0.73522,0.02729,0.00266,0.00162,0.00588,0.00407,0.00669,0.02698,0.00773,0.00466,0.00940,0.02353,0.87561,0.03117,-57.11,8.823,10,0.9883,116.65,0.9883,1
102353,1790795532332,0.00656,0.00112,0.09637,0.12481,0.00907,0.04787,0.00561,0.02232,0.00567,0.03723,0.63339,0.00997,0.00676,0.00008,0.10694,0.00131,0.00877,0.05602,0.00670,0.00555,0.00636,0.04304,0.74784,0.01062,-55.26,7.601,-1,0.0000,-1.00,0.0000,0
102446,1790795532411,0.00375,0.00057,0.25901,0.10317,0.00233,0.02862,0.00527,0.05045,0.00231,0.02980,0.50884,0.00587,0.00444,0.00030,0.30333,0.00407,0.00164,0.03342,0.00625,0.00032,0.00192,0.03543,0.60309,0.00580,-54.90,6.106,-1,0.0000,-1.00,0.0000,0
102539,1790795532511,0.02126,0.03226,0.10532,0.12164,0.00591,0.12816,0.02582,0.02354,0.00952,0.03828,0.47311,0.01518,0.02449,0.03797,0.11725,0.03921,0.00439,0.14871,0.02342,0.00497,0.00349,0.04513,0.53742,0.01355,-54.59,5.677,-1,0.0000,-1.00,0.0000,0
102632,1790795532591,0.00901,0.00071,0.16600,0.07405,0.00256,0.22250,0.06749,0.03303,0.00427,0.03641,0.36682,0.01715,0.01049,0.00031,0.19034,0.01200,0.00213,0.26458,0.08081,0.00185,0.00273,0.04321,0.38709,0.00447,-54.96,4.402,-1,0.0000,-1.00,0.0000,0
102725,1790795532692,0.00881,0.00057,0.46974,0.02126,0.01480,0.04933,0.03801,0.08748,0.00249,0.18446,0.10603,0.01700,0.01018,0.00026,0.51961,0.00254,0.01547,0.05711,0.04550,0.00181,0.00229,0.21816,0.11573,0.01135,-55.43,5.637,-1,0.0000,-1.00,0.0000,0
102817,1790795532793,0.00381,0.00349,0.01656,0.03996,0.02512,0.55834,0.01508,0.00423,0.00592,0.01171,0.29615,0.01963,0.00431,0.00300,0.01801,0.00379,0.02613,0.66817,0.01747,0.00150,0.00594,0.00925,0.22241,0.02001,-54.35,6.700,-1,0.0000,-1.00,0.0000,0
102910,1790795532871,0.00140,0.00098,0.00637,0.08992,0.00333,0.34002,0.00528,0.00184,0.00348,0.02285,0.51955,0.00498,0.00131,0.00038,0.00232,0.00034,0.00305,0.40717,0.00624,0.00176,0.00410,0.02677,0.54183,0.00473,-53.58,6.235,-1,0.0000,-1.00,0.0000,0
103003,1790795532971,0.00469,0.00478,0.11193,0.04136,0.01776,0.02633,0.00937,0.00711,0.01379,0.54486,0.20094,0.01707,0.00408,0.00258,0.00539,0.00303,0.01764,0.03074,0.01041,0.00776,0.01591,0.64939,0.23468,0.01839,-54.40,6.538,-1,0.0000,-1.00,0.0000,0
103096,1790795533051,0.00366,0.00361,0.06877,0.05712,0.08069,0.00990,0.10949,0.00361,0.01018,0.35197,0.27283,0.02818,0.00358,0.00213,0.00252,0.00408,0.09513,0.01115,0.13076,0.00384,0.01129,0.40298,0.32470,0.00784,-55.54,4.224,-1,0.0000,-1.00,0.0000,0
103189,1790795533153,0.00080,0.00063,0.06369,0.07863,0.08182,0.04711,0.00811,0.00286,0.00142,0.30900,0.40248,0.00345,0.00052,0.00045,0.00675,0.00083,0.09760,0.05635,0.00951,0.00220,0.00153,0.35091,0.47110,0.00225,-55.24,4.830,-1,0.0000,-1.00,0.0000,0
103282,1790795533247,0.00443,0.00230,0.19034,0.07418,0.00789,0.18295,0.01324,0.03847,0.00866,0.07028,0.39298,0.01428,0.00454,0.00087,0.21164,0.00412,0.00668,0.21832,0.01553,0.00431,0.00956,0.08288,0.42760,0.01395,-55.51,4.716,-1,0.0000,-1.00,0.0000,0
103375,1790795533332,0.00245,0.00126,0.44989,0.02635,0.00662,0.03343,0.03984,0.08463,0.00498,0.20020,0.13352,0.01684,0.00215,0.00039,0.49175,0.00141,0.00580,0.03963,0.04766,0.00393,0.00569,0.23873,0.15214,0.01073,-57.47,5.399,-1,0.0000,-1.00,0.0000,0
103468,1790795533432,0.00799,0.01255,0.12867,0.08771,0.00872,0.10934,0.00852,0.02227,0.00730,0.15193,0.44262,0.01237,0.00903,0.01351,0.11839,0.00504,0.00778,0.12928,0.00753,0.00321,0.00775,0.18051,0.50473,0.01324,-55.24,5.311,-1,0.0000,-1.00,0.0000,0
103560,1790795533512,0.00082,0.00013,0.07147,0.04701,0.00385,0.49855,0.00521,0.01405,0.00063,0.01920,0.33350,0.00556,0.00082,0.00005,0.08122,0.00058,0.00354,0.59722,0.00624,0.00074,0.00064,0.02231,0.28123,0.00543,-52.59,5.983,-1,0.0000,-1.00,0.0000,0
103653,1790795533634,0.00056,0.00048,0.07274,0.03374,0.01326,0.46371,0.09419,0.01577,0.00216,0.01592,0.24743,0.04004,0.00038,0.00024,0.08380,0.00349,0.01085,0.55556,0.11281,0.00228,0.00189,0.01693,0.18635,0.02541,-52.30,5.565,-1,0.0000,-1.00,0.0000,0
103746,1790795533711,0.00127,0.00465,0.01668,0.02488,0.09772,0.26736,0.25708,0.00538,0.00473,0.05947,0.13956,0.12120,0.00062,0.00481,0.00981,0.00924,0.10037,0.32024,0.30704,0.00456,0.00384,0.05136,0.10375,0.08436,-52.91,3.208,-1,0.0000,-1.00,0.0000,0
103839,1790795533814,0.00208,0.00214,0.00630,0.03264,0.07354,0.06729,0.24849,0.00487,0.00660,0.00833,0.17349,0.37422,0.00158,0.00104,0.00600,0.00106,0.01093,0.08032,0.29755,0.00465,0.00770,0.00781,0.19195,0.38941,-55.40,4.491,-1,0.0000,-1.00,0.0000,0
103932,1790795533892,0.02707,0.06693,0.03870,0.10121,0.03760,0.02631,0.02818,0.04549,0.34161,0.04181,0.14928,0.09579,0.02398,0.00266,0.03718,0.08688,0.02365,0.02691,0.03312,0.04726,0.39118,0.04634,0.17354,0.10731,-56.26,4.099,-1,0.0000,-1.00,0.0000,0
104025,1790795533991,0.00433,0.00991,0.34387,0.00718,0.04416,0.00434,0.01329,0.05446,0.04867,0.41269,0.01436,0.04272,0.00452,0.00066,0.31571,0.00537,0.04339,0.00431,0.01579,0.00267,0.05725,0.48590,0.01636,0.04806,-55.10,4.952,-1,0.0000,-1.00,0.0000,0
104118,1790795534091,0.00243,0.00397,0.51562,0.01220,0.03556,0.01560,0.02157,0.09651,0.01870,0.18496,0.05903,0.03386,0.00260,0.00036,0.57529,0.00131,0.03558,0.01818,0.02577,0.00159,0.02215,0.21457,0.06713,0.03546,-56.19,6.187,-1,0.0000,-1.00,0.0000,0
104211,1790795534172,0.00325,0.00174,0.40270,0.04343,0.00481,0.10094,0.01134,0.07654,0.00823,0.10535,0.22960,0.01206,0.00369,0.00022,0.45764,0.00223,0.00343,0.12022,0.01354,0.00100,0.00940,0.12557,0.25129,0.01176,-56.26,4.832,-1,0.0000,24.46,0.9541,1
104304,1790795534271,0.00189,0.00145,0.46556,0.02556,0.00515,0.01351,0.00701,0.08356,0.00513,0.24474,0.13013,0.01631,0.00205,0.00053,0.49982,0.00034,0.00262,0.01578,0.00830,0.00104,0.00608,0.29273,0.15279,0.01790,-56.24,5.587,-1,0.0000,24.43,0.9642,1
104396,1790795534354,0.00727,0.01096,0.32474,0.02664,0.05280,0.01201,0.02421,0.06682,0.01723,0.26263,0.09478,0.09991,0.00558,0.00943,0.32832,0.00992,0.04056,0.01328,0.02630,0.01582,0.01868,0.30665,0.11094,0.11451,-56.71,3.897,-1,0.0000,-1.00,0.0000,0
104489,1790795534451,0.02426,0.00417,0.05988,0.01997,0.21983,0.05951,0.07447,0.01520,0.01660,0.28961,0.09533,0.12118,0.02596,0.00124,0.01231,0.00388,0.23808,0.06622,0.08898,0.01577,0.01912,0.29982,0.10110,0.12751,-56.36,3.475,-1,0.0000,-1.00,0.0000,0
104582,1790795534532,0.04660,0.00321,0.06055,0.00310,0.29799,0.01235,0.02034,0.04056,0.01125,0.34726,0.01151,0.14529,0.04631,0.00122,0.00278,0.00120,0.32350,0.00562,0.02412,0.04805,0.01324,0.35198,0.01267,0.16931,-54.63,4.167,-1,0.0000,-1.00,0.0000,0
104675,1790795534632,0.01376,0.00071,0.11538,0.00067,0.21759,0.00299,0.00072,0.01358,0.00365,0.62042,0.00239,0.00813,0.01331,0.00000,0.00105,0.00027,0.25883,0.00094,0.00084,0.01607,0.00432,0.69210,0.00268,0.00958,-53.80,7.445,-1,0.0000,-1.00,0.0000,0
104768,1790795534745,0.00819,0.00038,0.08970,0.00122,0.36068,0.00257,0.00060,0.00574,0.00121,0.51806,0.00334,0.00830,0.00849,0.00022,0.00133,0.00072,0.43024,0.00140,0.00065,0.00664,0.00131,0.53547,0.00373,0.00981,-53.81,6.217,-1,0.0000,-1.00,0.0000,0
104861,1790795534813,0.01599,0.00247,0.07617,0.01471,0.38660,0.00414,0.00416,0.02690,0.01170,0.43003,0.00872,0.01843,0.01306,0.00080,0.00716,0.01565,0.45905,0.00237,0.00483,0.03081,0.01091,0.42427,0.00998,0.02112,-54.40,5.160,-1,0.0000,-1.00,0.0000,0
104954,1790795534934,0.14810,0.02279,0.08227,0.01145,0.02643,0.02713,0.07886,0.50345,0.02298,0.02559,0.01710,0.03385,0.06144,0.02238,0.09357,0.01046,0.02716,0.02033,0.09006,0.58470,0.02546,0.02527,0.01645,0.02271,-55.47,6.041,-1,0.0000,-1.00,0.0000,0
105047,1790795535011,0.13724,0.00143,0.17322,0.00454,0.01572,0.02238,0.01348,0.58835,0.00532,0.01578,0.00546,0.01709,0.03256,0.00064,0.20441,0.00494,0.01538,0.02036,0.01520,0.66529,0.00539,0.01586,0.00250,0.01746,-55.37,7.060,-1,0.0000,-1.00,0.0000,0
105139,1790795535111,0.05483,0.06661,0.05031,0.19437,0.01204,0.00714,0.00855,0.18216,0.40023,0.01400,0.00395,0.00581,0.01908,0.00087,0.05750,0.23215,0.01372,0.00477,0.01007,0.20688,0.43355,0.01406,0.00379,0.00357,-53.36,4.803,-1,0.0000,-1.00,0.0000,0
105232,1790795535191,0.10356,0.01897,0.06469,0.06948,0.05490,0.00505,0.00029,0.50072,0.10891,0.06840,0.00293,0.00210,0.00765,0.00011,0.06383,0.08274,0.06530,0.00453,0.00027,0.58738,0.11410,0.06901,0.00261,0.00247,-52.32,6.009,-1,0.0000,-1.00,0.0000,0
105325,1790795535293,0.01726,0.03806,0.07980,0.15891,0.20102,0.00777,0.00471,0.07190,0.19476,0.21661,0.00444,0.00477,0.00542,0.00708,0.05359,0.18968,0.23990,0.00823,0.00424,0.07553,0.19577,0.21200,0.00369,0.00487,-54.10,2.599,-1,0.0000,-1.00,0.0000,0
105418,1790795535392,0.08973,0.06541,0.04956,0.04354,0.04812,0.06579,0.04994,0.26210,0.11990,0.11876,0.05402,0.03312,0.04492,0.05320,0.03321,0.04209,0.05173,0.06992,0.04929,0.30748,0.13533,0.13205,0.05087,0.02991,-58.99,3.145,-1,0.0000,-1.00,0.0000,0
105511,1790795535471,0.06503,0.01960,0.04525,0.04480,0.04680,0.11961,0.05155,0.17236,0.08426,0.15554,0.16414,0.03106,0.03721,0.00478,0.01927,0.02004,0.05085,0.13618,0.06083,0.20271,0.09699,0.17629,0.16968,0.02516,-61.39,2.068,-1,0.0000,-1.00,0.0000,0
105604,1790795535571,0.04860,0.01149,0.18796,0.03437,0.06904,0.07741,0.07940,0.07545,0.04513,0.15384,0.13422,0.08310,0.04402,0.00363,0.19117,0.01260,0.06594,0.08403,0.06702,0.07990,0.05112,0.17172,0.14417,0.08467,-59.39,2.255,-1,0.0000,-1.00,0.0000,0
105697,1790795535652,0.15878,0.03363,0.04804,0.02662,0.13119,0.09117,0.15800,0.02737,0.01230,0.13056,0.05324,0.12911,0.18489,0.03836,0.03179,0.02210,0.13367,0.07259,0.18167,0.02654,0.01029,0.13001,0.04940,0.11869,-59.77,1.905,-1,0.0000,-1.00,0.0000,0
105790,1790795535752,0.07578,0.02917,0.07153,0.04652,0.04863,0.06424,0.04380,0.10672,0.05647,0.19870,0.14248,0.11596,0.06615,0.02345,0.03971,0.02441,0.03260,0.06386,0.04783,0.12001,0.06242,0.23203,0.15806,0.12947,-55.64,2.384,-1,0.0000,-1.00,0.0000,0
105882,1790795535831,0.01695,0.01963,0.10438,0.03332,0.09043,0.00740,0.01499,0.05730,0.09562,0.48816,0.03432,0.03749,0.00604,0.00320,0.01306,0.03207,0.10013,0.00767,0.01710,0.06630,0.10822,0.56508,0.03960,0.04153,-53.47,5.858,-1,0.0000,-1.00,0.0000,0
105975,1790795535931,0.01628,0.00240,0.06572,0.04738,0.14772,0.07393,0.00913,0.00699,0.00663,0.35380,0.23049,0.03954,0.01789,0.00151,0.00121,0.00546,0.16563,0.08743,0.01061,0.00817,0.00686,0.39110,0.25885,0.04527,-53.64,4.246,-1,0.0000,-1.00,0.0000,0
106068,1790795536031,0.01091,0.00185,0.00440,0.10090,0.00462,0.26348,0.01422,0.01099,0.00160,0.01816,0.55352,0.01536,0.01051,0.00191,0.00105,0.00174,0.00255,0.31362,0.01666,0.01296,0.00157,0.02125,0.60108,0.01510,-54.99,6.642,-1,0.0000,-1.00,0.0000,0
106161,1790795536132,0.07067,0.00212,0.02273,0.09909,0.00736,0.10808,0.00867,0.04797,0.00665,0.11028,0.51093,0.00545,0.07319,0.00117,0.00135,0.00189,0.00792,0.11500,0.01010,0.05728,0.00759,0.13057,0.58942,0.00453,-57.47,6.131,-1,0.0000,-1.00,0.0000,0
106254,1790795536231,0.07964,0.02537,0.06766,0.05516,0.02788,0.07584,0.02274,0.06575,0.03813,0.28031,0.20948,0.05203,0.07955,0.02380,0.01535,0.01929,0.02210,0.07511,0.02253,0.07574,0.04186,0.33150,0.23611,0.05705,-57.86,3.364,-1,0.0000,-1.00,0.0000,0
106347,1790795536311,0.08909,0.07918,0.12055,0.02111,0.05279,0.05570,0.17177,0.02518,0.02345,0.27265,0.03888,0.04966,0.10343,0.09061,0.08195,0.01787,0.05884,0.04623,0.18786,0.01393,0.02432,0.31527,0.03742,0.02227,-56.86,3.272,-1,0.0000,-1.00,0.0000,0
106440,1790795536412,0.14259,0.00326,0.06957,0.00786,0.28924,0.07286,0.06113,0.00929,0.00275,0.29026,0.03180,0.01940,0.16896,0.00346,0.02791,0.00398,0.34459,0.05389,0.06861,0.00955,0.00226,0.27973,0.02742,0.00965,-56.28,3.483,-1,0.0000,-1.00,0.0000,0
106533,1790795536492,0.04158,0.00155,0.09227,0.00247,0.30103,0.01809,0.01945,0.00379,0.00185,0.49830,0.00972,0.00989,0.04909,0.00160,0.00632,0.00112,0.35928,0.01194,0.02298,0.00330,0.00199,0.52586,0.00928,0.00724,-54.20,5.980,-1,0.0000,-1.00,0.0000,0
106626,1790795536592,0.00583,0.00024,0.12998,0.00090,0.16630,0.00188,0.00307,0.00174,0.00138,0.68481,0.00195,0.00191,0.00653,0.00004,0.00090,0.00066,0.19895,0.00095,0.00351,0.00207,0.00152,0.78113,0.00215,0.00159,-52.95,8.218,-1,0.0000,-1.00,0.0000,0
106718,1790795536691,0.00526,0.00445,0.07539,0.01128,0.15117,0.23334,0.00283,0.00852,0.00293,0.40294,0.09483,0.00705,0.00441,0.00472,0.00167,0.00194,0.17958,0.27872,0.00245,0.00988,0.00309,0.44726,0.05837,0.00790,-53.32,4.835,-1,0.0000,-1.00,0.0000,0
106811,1790795536771,0.12392,0.03421,0.05396,0.03609,0.03538,0.06859,0.08900,0.38529,0.02944,0.04448,0.07257,0.02706,0.05916,0.03517,0.05562,0.02878,0.03988,0.07046,0.09967,0.45065,0.02939,0.04557,0.07299,0.01266,-54.18,4.624,-1,0.0000,-1.00,0.0000,0
106904,1790795536872,0.16165,0.00136,0.10554,0.00124,0.01905,0.01895,0.01007,0.63912,0.00180,0.02704,0.00512,0.00906,0.04648,0.00126,0.12087,0.00080,0.02112,0.01349,0.01083,0.74283,0.00200,0.02821,0.00347,0.00864,-55.00,7.669,-1,0.0000,-1.00,0.0000,0
106997,1790795536951,0.10464,0.02448,0.09480,0.11739,0.01034,0.01449,0.00898,0.42489,0.17465,0.01311,0.00484,0.00740,0.02121,0.00095,0.11091,0.14002,0.01105,0.01316,0.01057,0.48713,0.18151,0.01352,0.00320,0.00677,-54.25,5.099,-1,0.0000,-1.00,0.0000,0
107090,1790795537053,0.05731,0.02361,0.04910,0.07128,0.00235,0.00349,0.25447,0.36953,0.08264,0.00577,0.01081,0.06963,0.00319,0.01315,0.05756,0.08298,0.00237,0.00355,0.30231,0.43137,0.08257,0.00644,0.01226,0.00225,-52.46,4.434,-1,0.0000,-1.00,0.0000,0
107183,1790795537132,0.01958,0.02848,0.03395,0.15854,0.20136,0.00387,0.17104,0.09369,0.15384,0.09654,0.00390,0.03522,0.00228,0.00502,0.02721,0.18920,0.24093,0.00418,0.20395,0.10687,0.14683,0.06792,0.00384,0.00177,-51.76,2.416,-1,0.0000,-1.00,0.0000,0
107276,1790795537243,0.02941,0.03944,0.11225,0.27886,0.09883,0.02034,0.05791,0.11815,0.18153,0.03579,0.01323,0.01427,0.01017,0.02261,0.12715,0.33188,0.11758,0.02235,0.06478,0.11650,0.13423,0.03706,0.01142,0.00425,-54.59,3.346,-1,0.0000,-1.00,0.0000,0
107369,1790795537332,0.05427,0.02214,0.04660,0.06123,0.02733,0.07656,0.09534,0.20196,0.08962,0.16203,0.12509,0.03783,0.01681,0.00907,0.01847,0.04713,0.02838,0.08840,0.11236,0.23841,0.09804,0.18853,0.13237,0.02204,-60.29,2.424,-1,0.0000,-1.00,0.0000,0
107461,1790795537432,0.05802,0.05993,0.08230,0.03628,0.03846,0.06831,0.08874,0.12700,0.10126,0.18043,0.11364,0.04564,0.04159,0.04854,0.05727,0.01938,0.03904,0.07360,0.09663,0.14091,0.11738,0.20857,0.12157,0.03553,-58.44,2.165,-1,0.0000,-1.00,0.0000,0
107554,1790795537532,0.13239,0.02596,0.06005,0.02340,0.08747,0.14007,0.22410,0.04255,0.00959,0.12169,0.06585,0.06688,0.15088,0.02953,0.04696,0.01782,0.09935,0.13793,0.26260,0.04175,0.00796,0.12611,0.05157,0.02755,-58.86,2.689,-1,0.0000,-1.00,0.0000,0
107647,1790795537612,0.14923,0.04242,0.04096,0.06077,0.04125,0.12877,0.02443,0.06526,0.21988,0.12543,0.05790,0.04369,0.16035,0.00458,0.02087,0.06388,0.04010,0.12251,0.02679,0.07563,0.25081,0.14235,0.04509,0.04705,-56.59,2.639,-1,0.0000,-1.00,0.0000,0
107740,1790795537712,0.02727,0.01024,0.09559,0.00254,0.26654,0.00783,0.00861,0.00534,0.04910,0.51953,0.00355,0.00388,0.03108,0.00151,0.00331,0.00232,0.31886,0.00322,0.01002,0.00574,0.05658,0.56110,0.00361,0.00266,-53.83,6.234,-1,0.0000,-1.00,0.0000,0
107833,1790795537792,0.00664,0.00144,0.04459,0.03840,0.29920,0.10827,0.00446,0.00748,0.00365,0.27579,0.20638,0.00370,0.00618,0.00101,0.00199,0.00205,0.35784,0.12850,0.00514,0.00858,0.00396,0.25953,0.22181,0.00342,-53.73,3.590,-1,0.0000,-1.00,0.0000,0
107926,1790795537891,0.01315,0.00223,0.00596,0.06982,0.00895,0.42292,0.00352,0.01353,0.00581,0.02175,0.43021,0.00214,0.01264,0.00140,0.00233,0.00129,0.01038,0.50425,0.00395,0.01575,0.00641,0.02429,0.41554,0.00179,-55.54,5.163,-1,0.0000,-1.00,0.0000,0
108019,1790795537991,0.14383,0.00418,0.02172,0.06733,0.05123,0.10931,0.02014,0.10383,0.00654,0.10379,0.34015,0.02794,0.14766,0.00367,0.00356,0.00387,0.05565,0.10171,0.02290,0.12421,0.00706,0.11334,0.38742,0.02894,-58.48,4.082,-1,0.0000,-1.00,0.0000,0
108112,1790795538072,0.14438,0.02227,0.04022,0.06532,0.02754,0.09776,0.02548,0.04808,0.07495,0.14419,0.28938,0.02044,0.16095,0.01090,0.01509,0.01288,0.02932,0.08523,0.02735,0.05563,0.08726,0.16696,0.32985,0.01857,-59.65,3.473,-1,0.0000,-1.00,0.0000,0
108204,1790795538172,0.17917,0.01368,0.09963,0.01532,0.10382,0.08825,0.07639,0.04544,0.07088,0.17472,0.07796,0.05473,0.20602,0.00149,0.08163,0.00241,0.11467,0.06521,0.09124,0.03827,0.08065,0.19044,0.08048,0.04749,-57.18,2.150,-1,0.0000,-1.00,0.0000,0
108297,1790795538251,0.14557,0.00234,0.10354,0.00735,0.09993,0.10488,0.03431,0.02324,0.00370,0.42586,0.03167,0.01760,0.16901,0.00212,0.02751,0.00491,0.11697,0.09216,0.03576,0.02732,0.00346,0.48709,0.01968,0.01400,-56.29,5.110,-1,0.0000,-1.00,0.0000,0
108390,1790795538352,0.05441,0.00299,0.12078,0.00424,0.09979,0.06073,0.00924,0.02486,0.00405,0.59161,0.02372,0.00358,0.05954,0.00282,0.00885,0.00185,0.11914,0.06097,0.01051,0.02803,0.00439,0.68538,0.01633,0.00220,-55.54,7.099,-1,0.0000,-1.00,0.0000,0
108483,1790795538433,0.03574,0.00040,0.12267,0.00170,0.14884,0.02586,0.00150,0.00622,0.00190,0.64399,0.01020,0.00098,0.04138,0.00006,0.00102,0.00051,0.17818,0.02279,0.00179,0.00725,0.00218,0.73633,0.00770,0.00082,-54.83,7.728,-1,0.0000,-1.00,0.0000,0
108576,1790795538530,0.02452,0.00076,0.06159,0.00103,0.46920,0.02004,0.00151,0.00884,0.00215,0.40209,0.00694,0.00134,0.02724,0.00047,0.00037,0.00031,0.56196,0.01861,0.00168,0.01054,0.00252,0.37039,0.00463,0.00127,-54.70,5.630,-1,0.0000,-1.00,0.0000,0
108669,1790795538632,0.02143,0.00943,0.07049,0.03752,0.32314,0.01716,0.07601,0.08950,0.03636,0.17832,0.02680,0.11383,0.00581,0.00501,0.05639,0.03935,0.36370,0.01941,0.08998,0.09618,0.03577,0.14158,0.02827,0.11856,-54.93,3.878,-1,0.0000,-1.00,0.0000,0
108762,1790795538744,0.09015,0.00518,0.08408,0.00284,0.07199,0.00116,0.02379,0.46779,0.00393,0.04255,0.00480,0.20176,0.00046,0.00542,0.09217,0.00231,0.03941,0.00130,0.02732,0.54236,0.00417,0.04326,0.00549,0.23634,-55.30,5.613,-1,0.0000,-1.00,0.0000,0
108855,1790795538832,0.11225,0.00415,0.08637,0.00150,0.05743,0.00073,0.00619,0.58001,0.00289,0.04246,0.00333,0.10268,0.00047,0.00433,0.09516,0.00104,0.04468,0.00078,0.00656,0.67613,0.00325,0.04202,0.00383,0.12174,-55.64,6.960,-1,0.0000,-1.00,0.0000,0
108948,1790795538912,0.11333,0.00621,0.14219,0.00182,0.05223,0.00098,0.00751,0.59421,0.00320,0.04139,0.00212,0.03481,0.00104,0.00674,0.16269,0.00171,0.05462,0.00096,0.00766,0.67976,0.00350,0.03877,0.00235,0.04019,-56.62,7.131,-1,0.0000,-1.00,0.0000,0
109040,1790795539011,0.03459,0.03332,0.07123,0.05852,0.20415,0.00149,0.00538,0.14304,0.18843,0.21766,0.00238,0.03981,0.00120,0.00759,0.04109,0.06962,0.23535,0.00155,0.00490,0.16329,0.20288,0.22327,0.00254,0.04673,-56.65,2.612,-1,0.0000,-1.00,0.0000,0
109133,1790795539091,0.00240,0.00408,0.07920,0.00250,0.43294,0.00312,0.00900,0.01148,0.00678,0.40875,0.00602,0.03373,0.00103,0.00346,0.01786,0.00170,0.51121,0.00353,0.01009,0.01023,0.00760,0.38863,0.00652,0.03815,-55.79,5.195,-1,0.0000,-1.00,0.0000,0
109226,1790795539191,0.00538,0.00193,0.09580,0.00103,0.32687,0.00055,0.00238,0.02582,0.00242,0.51074,0.00218,0.02491,0.00066,0.00176,0.00863,0.00074,0.38584,0.00053,0.00250,0.02922,0.00275,0.53550,0.00250,0.02935,-55.62,6.129,-1,0.0000,-1.00,0.0000,0
109319,1790795539292,0.01005,0.00150,0.12012,0.00141,0.20989,0.00197,0.01165,0.04256,0.00479,0.55534,0.00481,0.03593,0.00239,0.00068,0.02159,0.00062,0.24343,0.00189,0.01186,0.04867,0.00561,0.61717,0.00538,0.04070,-55.89,6.664,-1,0.0000,-1.00,0.0000,0
109412,1790795539372,0.03041,0.02738,0.12754,0.01177,0.15086,0.00672,0.02293,0.02840,0.01589,0.43348,0.00629,0.13832,0.03188,0.02953,0.05570,0.01268,0.14876,0.00173,0.02162,0.02299,0.01653,0.48992,0.00719,0.16145,-56.10,5.202,-1,0.0000,-1.00,0.0000,0
109505,1790795539471,0.00607,0.00403,0.10826,0.00432,0.18728,0.00130,0.00598,0.01432,0.01016,0.48684,0.00429,0.16715,0.00431,0.00258,0.02135,0.00419,0.18488,0.00071,0.00460,0.01498,0.01134,0.54670,0.00500,0.19938,-56.57,5.842,-1,0.0000,-1.00,0.0000,0
109598,1790795539551,0.01558,0.00437,0.10191,0.01152,0.23794,0.00477,0.04244,0.01634,0.01147,0.45881,0.02107,0.07379,0.01565,0.00292,0.02373,0.00890,0.26955,0.00261,0.05028,0.01487,0.01198,0.49633,0.02473,0.07845,-56.56,5.506,-1,0.0000,-1.00,0.0000,0
109691,1790795539652,0.00194,0.00318,0.12991,0.00134,0.07624,0.00060,0.06801,0.00478,0.00899,0.64120,0.00226,0.06157,0.00128,0.00188,0.00649,0.00108,0.07992,0.00046,0.08112,0.00443,0.01055,0.75246,0.00261,0.05770,-55.73,7.694,-1,0.0000,-1.00,0.0000,0
109783,1790795539743,0.00622,0.00217,0.14034,0.00119,0.08558,0.00138,0.00394,0.01262,0.00573,0.70135,0.00179,0.03769,0.00462,0.00132,0.00525,0.00103,0.09372,0.00079,0.00446,0.01408,0.00666,0.82180,0.00198,0.04428,-55.58,8.416,-1,0.0000,-1.00,0.0000,0
109876,1790795539832,0.05129,0.01082,0.09179,0.00087,0.23640,0.00838,0.00406,0.06808,0.01939,0.48655,0.00210,0.02026,0.04587,0.00842,0.00535,0.00059,0.27866,0.00095,0.00315,0.08056,0.02308,0.52780,0.00232,0.02325,-55.63,5.839,-1,0.0000,-1.00,0.0000,0
109969,1790795539932,0.00139,0.00640,0.13836,0.00107,0.21795,0.00396,0.00187,0.00989,0.01268,0.59209,0.00273,0.01162,0.00063,0.00476,0.03530,0.00081,0.25845,0.00462,0.00128,0.00487,0.01503,0.65823,0.00235,0.01367,-55.50,7.105,-1,0.0000,-1.00,0.0000,0
110062,1790795540032,0.00382,0.00582,0.08706,0.00495,0.33857,0.00220,0.06698,0.01616,0.00916,0.37913,0.00862,0.07751,0.00190,0.00496,0.02960,0.00398,0.39039,0.00226,0.07928,0.01350,0.01019,0.37690,0.00988,0.07716,-55.81,4.550,-1,0.0000,-1.00,0.0000,0
110155,1790795540132,0.00140,0.00239,0.13767,0.00154,0.23272,0.00085,0.06560,0.01560,0.00301,0.41121,0.00208,0.12593,0.00100,0.00221,0.07719,0.00138,0.25202,0.00082,0.07817,0.00340,0.00333,0.44277,0.00233,0.13540,-55.82,4.934,-1,0.0000,-1.00,0.0000,0
110248,1790795540211,0.00411,0.00396,0.11538,0.00154,0.35975,0.00077,0.01020,0.02518,0.00913,0.38649,0.00299,0.08050,0.00136,0.00267,0.06266,0.00116,0.41240,0.00065,0.01170,0.01776,0.01071,0.38135,0.00346,0.09414,-55.68,4.638,-1,0.0000,-1.00,0.0000,0
110341,1790795540313,0.00108,0.02878,0.07896,0.01405,0.36766,0.00079,0.01432,0.00524,0.08597,0.36586,0.00282,0.03448,0.00104,0.01470,0.02472,0.01619,0.43292,0.00074,0.01410,0.00153,0.09980,0.35256,0.00324,0.03846,-55.34,4.412,-1,0.0000,-1.00,0.0000,0
110434,1790795540392,0.00103,0.02489,0.09019,0.01649,0.30670,0.00061,0.01023,0.00483,0.07493,0.42723,0.00230,0.04057,0.00093,0.01278,0.02066,0.01924,0.35826,0.00055,0.00972,0.00169,0.08597,0.44090,0.00265,0.04665,-54.51,5.127,-1,0.0000,-1.00,0.0000,0
110526,1790795540491,0.00717,0.01084,0.04893,0.03747,0.29471,0.05397,0.06353,0.01280,0.02845,0.25822,0.10755,0.07638,0.00596,0.00709,0.01058,0.02184,0.33792,0.06348,0.07472,0.01324,0.02976,0.24242,0.11628,0.07671,-55.15,3.536,-1,0.0000,-1.00,0.0000,0
110619,1790795540592,0.00269,0.07236,0.03198,0.02229,0.11412,0.04926,0.05372,0.00407,0.24139,0.16507,0.05281,0.19025,0.00231,0.03043,0.00253,0.01647,0.09386,0.05857,0.05833,0.00437,0.28463,0.18054,0.05167,0.21629,-56.12,2.897,-1,0.0000,-1.00,0.0000,0
110712,1790795540671,0.00119,0.06965,0.03198,0.02642,0.10831,0.07556,0.00541,0.00426,0.31614,0.17148,0.04206,0.14754,0.00047,0.00935,0.00131,0.02523,0.09490,0.09045,0.00462,0.00485,0.37381,0.18666,0.03246,0.17588,-54.66,3.794,-1,0.0000,-1.00,0.0000,0
110805,1790795540773,0.00070,0.01056,0.01537,0.02711,0.06183,0.52469,0.00232,0.00143,0.02225,0.08251,0.22291,0.02832,0.00055,0.00753,0.00147,0.00424,0.06741,0.62859,0.00129,0.00142,0.02582,0.08550,0.14248,0.03368,-54.75,6.296,-1,0.0000,-1.00,0.0000,0
110898,1790795540853,0.00195,0.06345,0.02536,0.03488,0.21680,0.07981,0.00489,0.00290,0.29166,0.16258,0.03018,0.08553,0.00170,0.00826,0.00119,0.03838,0.23961,0.09531,0.00423,0.00324,0.34187,0.14731,0.01727,0.10165,-55.28,3.500,-1,0.0000,-1.00,0.0000,0
110991,1790795540952,0.00165,0.00199,0.00535,0.00847,0.09568,0.62827,0.00310,0.00154,0.00404,0.04143,0.15365,0.05483,0.00159,0.00161,0.00055,0.00323,0.10170,0.75256,0.00339,0.00174,0.00411,0.02957,0.03493,0.06503,-54.61,7.539,-1,0.0000,-1.00,0.0000,0
111084,1790795541031,0.00071,0.04007,0.01560,0.08965,0.26231,0.10617,0.00463,0.00213,0.15784,0.10378,0.03330,0.18381,0.00040,0.01715,0.00218,0.10451,0.27073,0.12714,0.00214,0.00212,0.15579,0.08331,0.01470,0.21982,-55.19,3.148,-1,0.0000,-1.00,0.0000,0
111177,1790795541132,0.00075,0.00744,0.01786,0.00894,0.15581,0.56433,0.00470,0.00266,0.01151,0.07142,0.13455,0.02005,0.00070,0.00672,0.01126,0.00532,0.18207,0.67610,0.00407,0.00118,0.01108,0.05114,0.02719,0.02317,-54.53,6.772,-1,0.0000,-1.00,0.0000,0
111270,1790795541252,0.03305,0.05825,0.07533,0.05031,0.20881,0.17385,0.03117,0.01846,0.06515,0.14427,0.05809,0.08325,0.03778,0.05646,0.06508,0.05437,0.23146,0.20082,0.02616,0.00922,0.06728,0.12699,0.02980,0.09457,-54.74,2.506,-1,0.0000,-1.00,0.0000,0
111362,1790795541332,0.00242,0.02894,0.04805,0.01950,0.11238,0.36222,0.00915,0.00600,0.03130,0.13384,0.14417,0.10203,0.00264,0.02782,0.02981,0.00615,0.11063,0.43350,0.00543,0.00129,0.03464,0.14009,0.08681,0.12117,-55.39,4.347,-1,0.0000,-1.00,0.0000,0
111455,1790795541432,0.00447,0.04278,0.04270,0.04033,0.19361,0.14587,0.01798,0.00303,0.15676,0.22949,0.06251,0.06047,0.00422,0.01624,0.00524,0.04032,0.21834,0.17394,0.01832,0.00259,0.17984,0.23170,0.04042,0.06883,-54.48,2.754,-1,0.0000,-1.00,0.0000,0
111548,1790795541512,0.00043,0.01076,0.01158,0.01246,0.06950,0.56313,0.05288,0.00226,0.01966,0.06863,0.16458,0.02413,0.00022,0.00832,0.00072,0.00235,0.08002,0.67471,0.06171,0.00257,0.02310,0.06638,0.06345,0.01645,-53.81,6.758,-1,0.0000,-1.00,0.0000,0
111641,1790795541611,0.00095,0.05728,0.03495,0.11422,0.20977,0.07683,0.01065,0.00161,0.21552,0.21139,0.03451,0.03233,0.00081,0.02264,0.00125,0.13227,0.24401,0.09190,0.00827,0.00168,0.23201,0.20494,0.02313,0.03709,-53.95,2.586,-1,0.0000,-1.00,0.0000,0
111734,1790795541687,0.00248,0.04284,0.02173,0.04162,0.12695,0.31300,0.02990,0.00942,0.05250,0.10106,0.21100,0.04750,0.00092,0.03953,0.00761,0.01448,0.14193,0.37486,0.02796,0.00982,0.06004,0.09296,0.17852,0.05137,-55.72,3.756,-1,0.0000,-1.00,0.0000,0
111827,1790795541792,0.01421,0.10145,0.03470,0.02767,0.24025,0.04488,0.05090,0.05914,0.03923,0.17823,0.08116,0.12819,0.00335,0.11287,0.00941,0.01596,0.25891,0.05314,0.03861,0.06900,0.04385,0.16224,0.08671,0.14595,-58.58,2.883,-1,0.0000,-1.00,0.0000,0
111920,1790795541893,0.01627,0.06524,0.04002,0.03183,0.12127,0.04971,0.09642,0.03456,0.11956,0.20056,0.07357,0.15099,0.01433,0.05236,0.00481,0.02290,0.11448,0.05673,0.10516,0.04046,0.13873,0.21762,0.07690,0.15553,-58.18,2.407,-1,0.0000,-1.00,0.0000,0
112013,1790795541971,0.00211,0.05909,0.01269,0.00338,0.10976,0.00575,0.16967,0.00371,0.08659,0.04572,0.01352,0.48801,0.00188,0.05028,0.00525,0.00109,0.02321,0.00652,0.19331,0.00342,0.10354,0.05018,0.01491,0.54640,-57.21,5.856,-1,0.0000,-1.00,0.0000,0
112105,1790795542071,0.00144,0.23913,0.01382,0.03681,0.09965,0.01288,0.08136,0.00453,0.06430,0.05996,0.01802,0.36810,0.00079,0.27285,0.00363,0.04043,0.03367,0.01528,0.04340,0.00470,0.06901,0.06519,0.01856,0.43247,-58.89,4.417,-1,0.0000,-1.00,0.0000,0
112198,1790795542153,0.02237,0.24175,0.04165,0.00844,0.08701,0.04120,0.06905,0.03693,0.03664,0.18865,0.02721,0.19909,0.01831,0.28118,0.00738,0.00545,0.05803,0.04574,0.02696,0.04283,0.04282,0.21455,0.02353,0.23322,-60.32,2.901,-1,0.0000,-1.00,0.0000,0
112291,1790795542251,0.04750,0.08452,0.02414,0.02940,0.08454,0.02309,0.20803,0.07474,0.02492,0.07453,0.02860,0.29601,0.03953,0.09651,0.01279,0.02921,0.04000,0.01983,0.22944,0.08772,0.02406,0.08137,0.03034,0.30921,-59.88,3.552,-1,0.0000,-1.00,0.0000,0
112384,1790795542333,0.04667,0.01800,0.04410,0.05104,0.04105,0.03491,0.32067,0.02734,0.02687,0.08961,0.10156,0.19818,0.04992,0.01703,0.03221,0.03830,0.01665,0.03228,0.37872,0.02852,0.02461,0.10407,0.11530,0.16239,-57.40,3.848,-1,0.0000,-1.00,0.0000,0
112477,1790795542433,0.05888,0.00815,0.08914,0.04475,0.00311,0.10637,0.12345,0.00958,0.03477,0.26365,0.22662,0.03151,0.06998,0.00170,0.04425,0.00426,0.00203,0.11358,0.14740,0.00291,0.04074,0.31559,0.24903,0.00854,-56.87,3.164,-1,0.0000,-1.00,0.0000,0
112570,1790795542552,0.09904,0.00573,0.08606,0.05388,0.00430,0.20344,0.00953,0.01715,0.01752,0.20027,0.29499,0.00811,0.11678,0.00282,0.05569,0.00316,0.00365,0.22061,0.01086,0.00951,0.02037,0.23925,0.30974,0.00757,-57.92,3.540,-1,0.0000,-1.00,0.0000,0
112663,1790795542631,0.05270,0.07721,0.08582,0.05660,0.04371,0.12458,0.02908,0.04197,0.03142,0.18121,0.23408,0.04162,0.05527,0.08603,0.06149,0.01765,0.04318,0.13832,0.01757,0.03833,0.03415,0.20857,0.25307,0.04638,-58.32,2.809,-1,0.0000,-1.00,0.0000,0
112756,1790795542741,0.11683,0.01564,0.09033,0.05984,0.01245,0.18987,0.03753,0.01956,0.04435,0.09013,0.30790,0.01557,0.13850,0.00870,0.08732,0.00643,0.01291,0.20006,0.04300,0.00638,0.05179,0.10551,0.32928,0.01013,-58.31,3.695,-1,0.0000,-1.00,0.0000,0
112848,1790795542812,0.15880,0.01605,0.10731,0.04158,0.00893,0.22016,0.05394,0.02707,0.05486,0.06268,0.22753,0.02109,0.18822,0.00652,0.11397,0.00468,0.00792,0.22675,0.06334,0.00985,0.06466,0.07369,0.22769,0.01271,-58.68,2.730,-1,0.0000,-1.00,0.0000,0
112941,1790795542912,0.25249,0.00215,0.16115,0.02531,0.03015,0.13280,0.02867,0.14669,0.00613,0.06419,0.13597,0.01430,0.27466,0.00130,0.17915,0.00214,0.03407,0.10468,0.03401,0.14033,0.00675,0.07033,0.14217,0.01039,-59.05,3.030,-1,0.0000,-1.00,0.0000,0
113034,1790795542991,0.24209,0.00290,0.09765,0.05173,0.02338,0.15470,0.01220,0.09357,0.00554,0.03552,0.27056,0.01015,0.27205,0.00242,0.10957,0.00288,0.02616,0.13144,0.01414,0.09040,0.00594,0.03750,0.29813,0.00936,-58.60,3.247,-1,0.0000,-1.00,0.0000,0
113127,1790795543092,0.02538,0.10041,0.10351,0.09115,0.02756,0.06813,0.09917,0.03201,0.04043,0.19397,0.17913,0.03916,0.02549,0.11395,0.07890,0.06967,0.02750,0.07658,0.09602,0.02294,0.03399,0.22761,0.19946,0.02788,-58.04,2.328,-1,0.0000,-1.00,0.0000,0
113220,1790795543191,0.08191,0.02750,0.10565,0.03504,0.00893,0.13272,0.03466,0.07167,0.01442,0.30165,0.17487,0.01098,0.08330,0.02976,0.05532,0.00605,0.00950,0.14252,0.03563,0.07491,0.01608,0.35956,0.18129,0.00609,-58.57,3.620,-1,0.0000,-1.00,0.0000,0
113313,1790795543272,0.18124,0.00800,0.04350,0.05631,0.02218,0.12962,0.06173,0.10974,0.02379,0.05416,0.27314,0.03660,0.19185,0.00426,0.04006,0.00720,0.02060,0.11728,0.06913,0.12753,0.02708,0.06081,0.30403,0.03015,-58.37,3.278,-1,0.0000,-1.00,0.0000,0
113406,1790795543371,0.08495,0.01663,0.09554,0.01218,0.00626,0.12660,0.26667,0.02097,0.01417,0.21245,0.07231,0.07127,0.09929,0.01670,0.06413,0.00261,0.00295,0.13207,0.31622,0.01242,0.01646,0.25398,0.06046,0.02271,-57.62,3.200,-1,0.0000,-1.00,0.0000,0
113499,1790795543452,0.22331,0.00122,0.10829,0.01417,0.00890,0.15970,0.05065,0.12856,0.00309,0.20048,0.07701,0.02462,0.24012,0.00106,0.08241,0.00434,0.00719,0.14375,0.06048,0.13771,0.00284,0.23880,0.06378,0.01751,-58.20,2.680,-1,0.0000,-1.00,0.0000,0
113592,1790795543551,0.31432,0.00366,0.05173,0.03853,0.03859,0.13017,0.01307,0.18208,0.00988,0.03029,0.16870,0.01899,0.33558,0.00241,0.05645,0.00961,0.04232,0.08945,0.01507,0.20710,0.00992,0.02792,0.18441,0.01977,-58.54,3.772,-1,0.0000,-1.00,0.0000,0
113684,1790795543633,0.05882,0.00138,0.11801,0.06544,0.00361,0.11292,0.03430,0.03702,0.00623,0.22530,0.32514,0.01183,0.06440,0.00045,0.08800,0.00599,0.00299,0.12253,0.03745,0.03047,0.00628,0.26937,0.36531,0.00675,-58.19,3.902,-1,0.0000,-1.00,0.0000,0
113777,1790795543740,0.03868,0.00325,0.16199,0.03984,0.00739,0.11337,0.01450,0.03600,0.01453,0.37720,0.18508,0.00818,0.04191,0.00079,0.10480,0.00879,0.00759,0.12754,0.01722,0.02236,0.01567,0.45046,0.19648,0.00639,-57.78,4.526,-1,0.0000,-1.00,0.0000,0
113870,1790795543853,0.01704,0.00421,0.09866,0.02939,0.02676,0.12776,0.16189,0.01385,0.01592,0.23533,0.14359,0.12560,0.01923,0.00196,0.06268,0.00697,0.00985,0.14928,0.19356,0.00421,0.01757,0.28015,0.14246,0.11209,-57.69,2.824,-1,0.0000,-1.00,0.0000,0
113963,1790795543931,0.03121,0.00843,0.10828,0.05724,0.03900,0.10320,0.03216,0.02479,0.01888,0.16643,0.26986,0.14053,0.03507,0.00597,0.09079,0.00907,0.01481,0.11671,0.03735,0.01171,0.02083,0.19649,0.30022,0.16099,-56.87,3.238,-1,0.0000,-1.00,0.0000,0
114056,1790795544031,0.12858,0.00995,0.07529,0.03928,0.05128,0.08704,0.11705,0.20614,0.05965,0.07305,0.04366,0.10903,0.11781,0.00416,0.07459,0.03988,0.04392,0.08094,0.13929,0.23236,0.06357,0.07882,0.03627,0.08840,-56.34,2.474,-1,0.0000,-1.00,0.0000,0
114149,1790795544112,0.08130,0.00853,0.05144,0.03514,0.10035,0.07724,0.02788,0.02711,0.03176,0.05677,0.17402,0.32846,0.09291,0.00284,0.04985,0.00369,0.04320,0.07445,0.03282,0.02263,0.03732,0.05946,0.19376,0.38706,-56.46,3.941,-1,0.0000,-1.00,0.0000,0
114242,1790795544212,0.04576,0.05874,0.02704,0.02617,0.04497,0.06153,0.02561,0.03843,0.38685,0.05216,0.09469,0.13806,0.02353,0.00189,0.02088,0.01158,0.02227,0.06907,0.03004,0.04217,0.46124,0.05808,0.09977,0.15947,-56.39,4.642,-1,0.0000,-1.00,0.0000,0
114335,1790795544292,0.09789,0.01154,0.07001,0.03743,0.01447,0.06685,0.22609,0.02343,0.02189,0.16436,0.17189,0.09416,0.11349,0.00888,0.04506,0.00629,0.00542,0.05773,0.26915,0.01914,0.02498,0.19587,0.19452,0.05947,-57.06,2.713,-1,0.0000,-1.00,0.0000,0
114427,1790795544393,0.12017,0.09495,0.05823,0.04177,0.04484,0.11163,0.04420,0.01599,0.02359,0.09598,0.22053,0.12811,0.14248,0.10824,0.04794,0.00181,0.02461,0.10551,0.03150,0.00966,0.02791,0.11013,0.24333,0.14686,-57.24,2.646,-1,0.0000,-1.00,0.0000,0
114520,1790795544492,0.07335,0.09076,0.31805,0.02312,0.03336,0.08047,0.08231,0.00773,0.01419,0.03904,0.12357,0.11405,0.08671,0.10544,0.37234,0.00147,0.01306,0.07934,0.00722,0.00595,0.01671,0.04419,0.13233,0.13522,-56.76,3.817,-1,0.0000,-1.00,0.0000,0
114613,1790795544572,0.24496,0.01497,0.06316,0.03862,0.02766,0.15616,0.01521,0.03704,0.01018,0.09352,0.20820,0.09033,0.28672,0.01571,0.05395,0.00194,0.01228,0.13027,0.01506,0.03374,0.01181,0.10962,0.22365,0.10525,-57.35,2.939,-1,0.0000,-1.00,0.0000,0
114706,1790795544672,0.14012,0.02056,0.13423,0.02078,0.02967,0.15095,0.01208,0.09098,0.09430,0.12090,0.09494,0.09048,0.14238,0.01171,0.13268,0.00834,0.01454,0.15265,0.01216,0.08271,0.11124,0.14209,0.08350,0.10600,-56.03,1.811,-1,0.0000,-1.00,0.0000,0
114799,1790795544751,0.01420,0.01111,0.05350,0.01805,0.01688,0.55525,0.00193,0.03471,0.05262,0.04665,0.17193,0.02319,0.01053,0.00143,0.05361,0.00685,0.01480,0.66323,0.00203,0.03096,0.06169,0.05297,0.07453,0.02738,-52.81,6.663,-1,0.0000,-1.00,0.0000,0
114892,1790795544852,0.01604,0.00396,0.04496,0.09737,0.18170,0.41623,0.00431,0.02672,0.03738,0.05983,0.10548,0.00602,0.01467,0.00028,0.04816,0.11110,0.21648,0.49584,0.00484,0.02274,0.02276,0.02878,0.02809,0.00625,-52.52,4.995,-1,0.0000,-1.00,0.0000,0
114985,1790795544931,0.10798,0.01033,0.28965,0.07187,0.03111,0.11341,0.04742,0.10622,0.04176,0.06119,0.07397,0.04507,0.11959,0.00553,0.33347,0.07296,0.02922,0.11219,0.05235,0.06456,0.03454,0.06857,0.06639,0.04063,-55.23,3.476,-1,0.0000,-1.00,0.0000,0
115078,1790795545031,0.07138,0.01054,0.10867,0.06776,0.04473,0.09728,0.02756,0.03983,0.00792,0.13060,0.31320,0.08052,0.07993,0.01119,0.10059,0.01076,0.03566,0.10072,0.03036,0.02823,0.00736,0.14942,0.35532,0.09046,-58.01,3.758,-1,0.0000,-1.00,0.0000,0
115170,1790795545151,0.09880,0.00985,0.12571,0.05649,0.03931,0.07992,0.02742,0.07802,0.02086,0.10095,0.25334,0.10933,0.10503,0.00726,0.12751,0.01049,0.02162,0.07572,0.02962,0.07000,0.02292,0.11667,0.28855,0.12461,-58.10,3.040,-1,0.0000,-1.00,0.0000,0
115263,1790795545239,0.10069,0.03240,0.04926,0.02005,0.07699,0.12639,0.25869,0.01638,0.03837,0.09935,0.08926,0.09217,0.11822,0.03008,0.03865,0.00786,0.08209,0.12823,0.30401,0.01197,0.04440,0.10279,0.08154,0.05017,-57.98,3.104,-1,0.0000,-1.00,0.0000,0
115356,1790795545332,0.11471,0.01174,0.03231,0.02779,0.04455,0.28589,0.09242,0.12047,0.00600,0.05655,0.14693,0.06065,0.10978,0.01324,0.02691,0.01100,0.04323,0.32080,0.10812,0.13902,0.00466,0.05954,0.11246,0.05123,-58.52,3.431,-1,0.0000,-1.00,0.0000,0
115449,1790795545412,0.16879,0.00417,0.04207,0.03850,0.02448,0.15975,0.00553,0.30551,0.01041,0.01783,0.17314,0.04983,0.13248,0.00301,0.04684,0.01150,0.01792,0.16516,0.00603,0.35679,0.01000,0.01800,0.17472,0.05755,-58.59,3.666,-1,0.0000,-1.00,0.0000,0
115542,1790795545511,0.15313,0.00440,0.04767,0.05208,0.12161,0.15659,0.00725,0.08695,0.01303,0.08229,0.25082,0.02418,0.16460,0.00253,0.04309,0.00891,0.14032,0.15500,0.00818,0.09565,0.01384,0.07079,0.26981,0.02728,-58.52,3.010,-1,0.0000,-1.00,0.0000,0
115635,1790795545593,0.11295,0.00672,0.07904,0.03039,0.07047,0.21565,0.03218,0.06829,0.01818,0.18542,0.16391,0.01681,0.12086,0.00426,0.05389,0.00669,0.08190,0.23444,0.03718,0.07168,0.02046,0.20594,0.14993,0.01277,-57.74,2.588,-1,0.0000,-1.00,0.0000,0
115728,1790795545692,0.02924,0.00718,0.09288,0.02676,0.01221,0.12097,0.32531,0.02071,0.01360,0.14872,0.12721,0.07521,0.03262,0.00629,0.07643,0.00729,0.01206,0.13848,0.38806,0.01015,0.01486,0.17582,0.12498,0.01296,-57.83,3.904,-1,0.0000,-1.00,0.0000,0
115821,1790795545793,0.01437,0.00165,0.11951,0.04166,0.02715,0.12286,0.13639,0.01780,0.00423,0.25454,0.22863,0.03122,0.01619,0.00107,0.08396,0.00127,0.03153,0.14401,0.16292,0.00497,0.00476,0.29881,0.24540,0.00511,-58.37,3.054,-1,0.0000,-1.00,0.0000,0
115914,1790795545872,0.02733,0.00645,0.12658,0.05522,0.06509,0.13826,0.09631,0.02369,0.01344,0.17301,0.23731,0.03732,0.03153,0.00529,0.11340,0.01606,0.07362,0.15942,0.11436,0.00590,0.01254,0.19309,0.25275,0.02205,-58.93,2.848,-1,0.0000,-1.00,0.0000,0
116006,1790795545971,0.03842,0.00221,0.09017,0.05385,0.00526,0.31461,0.07242,0.01808,0.00666,0.05360,0.32698,0.01773,0.04549,0.00114,0.09551,0.00132,0.00549,0.36796,0.08652,0.00277,0.00758,0.06327,0.31886,0.00410,-59.23,3.924,-1,0.0000,-1.00,0.0000,0
116099,1790795546052,0.02437,0.00787,0.06797,0.02795,0.08365,0.36442,0.02674,0.03028,0.01882,0.12116,0.19768,0.02909,0.02415,0.00512,0.05636,0.00351,0.09439,0.43201,0.03065,0.02549,0.02176,0.12656,0.15122,0.02878,-57.86,4.373,-1,0.0000,-1.00,0.0000,0
116192,1790795546152,0.02052,0.01276,0.05397,0.00818,0.10012,0.02387,0.24767,0.01897,0.02552,0.13259,0.03101,0.32481,0.02034,0.01012,0.03530,0.00340,0.05433,0.02457,0.29295,0.01754,0.02991,0.14811,0.03229,0.33113,-57.34,3.898,-1,0.0000,-1.00,0.0000,0
116285,1790795546248,0.00462,0.00450,0.06013,0.01040,0.11957,0.06386,0.02688,0.02156,0.00401,0.17065,0.05734,0.45649,0.00163,0.00458,0.03293,0.00183,0.03607,0.07620,0.03121,0.01939,0.00444,0.19733,0.05360,0.54079,-57.50,5.478,-1,0.0000,-1.00,0.0000,0
116378,1790795546334,0.00971,0.01816,0.05932,0.01730,0.12981,0.00902,0.13223,0.03951,0.03269,0.16216,0.06942,0.32066,0.00367,0.01418,0.03592,0.00463,0.08549,0.01008,0.15564,0.04022,0.03825,0.17736,0.08118,0.35337,-57.98,3.848,-1,0.0000,-1.00,0.0000,0
116471,1790795546454,0.15470,0.01361,0.04315,0.00599,0.15254,0.03077,0.03437,0.15967,0.00547,0.17733,0.01448,0.20792,0.14843,0.01516,0.01488,0.00403,0.13498,0.00744,0.03815,0.18840,0.00576,0.18573,0.01587,0.24117,-57.90,2.495,-1,0.0000,-1.00,0.0000,0
116564,1790795546531,0.25903,0.00964,0.02213,0.00177,0.12131,0.03891,0.00449,0.38380,0.01071,0.06002,0.00691,0.08130,0.21989,0.00905,0.01719,0.00060,0.12618,0.00305,0.00358,0.45647,0.01260,0.04701,0.00767,0.09670,-57.26,4.606,-1,0.0000,-1.00,0.0000,0
116657,1790795546632,0.01312,0.09336,0.14206,0.00392,0.24210,0.00402,0.02809,0.04142,0.19319,0.10949,0.00617,0.12308,0.01179,0.06626,0.15450,0.00333,0.26166,0.00247,0.02047,0.01905,0.23083,0.07932,0.00690,0.14342,-57.83,2.905,-1,0.0000,-1.00,0.0000,0
116749,1790795546712,0.01020,0.01971,0.09194,0.00445,0.30424,0.00343,0.02428,0.02154,0.02254,0.18226,0.00682,0.30859,0.01001,0.01859,0.07835,0.00380,0.29225,0.00212,0.02541,0.01027,0.02624,0.16048,0.00776,0.36473,-58.70,3.703,-1,0.0000,-1.00,0.0000,0
116842,1790795546813,0.01616,0.04145,0.08399,0.06804,0.14841,0.00720,0.02841,0.02635,0.01965,0.15805,0.21869,0.18360,0.01465,0.04620,0.06837,0.02980,0.13497,0.00572,0.01739,0.02552,0.01750,0.16277,0.26091,0.21620,-57.27,2.624,-1,0.0000,-1.00,0.0000,0
116935,1790795546892,0.02416,0.02631,0.14123,0.02969,0.11002,0.00629,0.02868,0.02659,0.00675,0.15659,0.12275,0.32095,0.02787,0.03021,0.13423,0.00650,0.05670,0.00201,0.02826,0.00537,0.00667,0.17652,0.14669,0.37897,-56.80,3.851,-1,0.0000,-1.00,0.0000,0
117028,1790795546991,0.01409,0.01055,0.13596,0.01886,0.21537,0.00688,0.01661,0.03399,0.01516,0.11354,0.05343,0.36557,0.01437,0.00949,0.14269,0.01012,0.17193,0.00540,0.01799,0.01248,0.01611,0.10201,0.06295,0.43447,-57.48,4.387,-1,0.0000,-1.00,0.0000,0
117121,1790795547091,0.01814,0.06956,0.03570,0.02565,0.16138,0.03855,0.24398,0.02030,0.03783,0.09010,0.05852,0.20029,0.01788,0.07509,0.02754,0.01851,0.15668,0.04264,0.27692,0.01941,0.04166,0.07690,0.06166,0.18510,-57.13,2.928,-1,0.0000,-1.00,0.0000,0
117214,1790795547172,0.00226,0.00721,0.04473,0.00569,0.30619,0.00802,0.14544,0.00737,0.00759,0.19292,0.02230,0.25027,0.00174,0.00693,0.02010,0.00189,0.31422,0.00928,0.17290,0.00484,0.00864,0.16895,0.02489,0.26561,-56.68,3.674,-1,0.0000,-1.00,0.0000,0
117307,1790795547271,0.02297,0.00825,0.04639,0.00410,0.33416,0.00909,0.13470,0.08783,0.01498,0.19570,0.01613,0.12571,0.00711,0.00690,0.02388,0.00145,0.37673,0.00958,0.16004,0.10051,0.01750,0.15996,0.01742,0.11890,-56.92,4.010,-1,0.0000,-1.00,0.0000,0
117400,1790795547352,0.04442,0.01476,0.08750,0.00173,0.18652,0.00309,0.02047,0.21921,0.03012,0.27806,0.00756,0.10656,0.00298,0.01058,0.04659,0.00040,0.19906,0.00311,0.02238,0.25348,0.03585,0.29388,0.00845,0.12325,-57.84,3.337,-1,0.0000,-1.00,0.0000,0
117492,1790795547453,0.00716,0.03969,0.09376,0.00282,0.21976,0.00495,0.02030,0.03023,0.14200,0.23853,0.00941,0.19139,0.00381,0.01396,0.06427,0.00134,0.21870,0.00517,0.02140,0.02364,0.16986,0.24249,0.01026,0.22509,-57.68,2.862,-1,0.0000,-1.00,0.0000,0
117585,1790795547532,0.00596,0.01575,0.08286,0.00451,0.15218,0.01114,0.17932,0.02642,0.03663,0.26696,0.01489,0.20339,0.00179,0.01032,0.04141,0.00238,0.14226,0.01300,0.20932,0.02695,0.04314,0.29196,0.01526,0.20221,-57.71,3.204,-1,0.0000,-1.00,0.0000,0
117678,1790795547652,0.00167,0.00399,0.10067,0.00328,0.13056,0.00101,0.08562,0.01488,0.00872,0.20746,0.00693,0.43521,0.00135,0.00280,0.07359,0.00232,0.05707,0.00094,0.10199,0.00329,0.00998,0.23729,0.00812,0.50127,-58.27,5.223,-1,0.0000,-1.00,0.0000,0
117771,1790795547751,0.00632,0.00615,0.11845,0.00838,0.08062,0.00176,0.05905,0.03133,0.01169,0.37285,0.01291,0.29048,0.00213,0.00502,0.05455,0.00704,0.03034,0.00169,0.06974,0.02674,0.01255,0.44081,0.01514,0.33424,-58.68,4.474,-1,0.0000,-1.00,0.0000,0
117864,1790795547832,0.00585,0.00945,0.12283,0.00441,0.09120,0.00121,0.06662,0.01836,0.02178,0.41279,0.00548,0.24002,0.00460,0.00635,0.05126,0.00401,0.05534,0.00054,0.07828,0.01212,0.02510,0.48386,0.00646,0.27208,-60.00,4.954,-1,0.0000,-1.00,0.0000,0
117957,1790795547933,0.00418,0.01481,0.15611,0.00433,0.06094,0.00168,0.02747,0.01796,0.00977,0.55043,0.00608,0.14623,0.00276,0.01582,0.05786,0.00380,0.03946,0.00147,0.02975,0.01008,0.01094,0.65174,0.00700,0.16932,-59.49,6.605,-1,0.0000,-1.00,0.0000,0
118050,1790795548011,0.04319,0.06399,0.05569,0.00921,0.09095,0.01379,0.19313,0.00846,0.08189,0.23866,0.02379,0.17725,0.05003,0.05744,0.01300,0.00566,0.07532,0.00677,0.21891,0.00868,0.09700,0.27104,0.02716,0.16899,-58.45,2.864,-1,0.0000,-1.00,0.0000,0
118143,1790795548112,0.00343,0.16593,0.02605,0.00105,0.11733,0.00172,0.08590,0.00679,0.05477,0.12686,0.00258,0.40759,0.00261,0.18585,0.00291,0.00071,0.04637,0.00154,0.06608,0.00755,0.06548,0.14282,0.00279,0.47529,-58.33,4.891,-1,0.0000,-1.00,0.0000,0
118236,1790795548192,0.00514,0.07653,0.06089,0.00281,0.12831,0.00192,0.01947,0.01749,0.07854,0.28587,0.00946,0.31358,0.00232,0.07309,0.00818,0.00119,0.07960,0.00184,0.00880,0.01937,0.09385,0.32677,0.01097,0.37400,-59.04,3.763,-1,0.0000,-1.00,0.0000,0
118328,1790795548291,0.00937,0.07118,0.04762,0.00318,0.26548,0.02164,0.01849,0.04134,0.03908,0.25294,0.00827,0.22141,0.00162,0.07616,0.00742,0.00286,0.26579,0.02560,0.00691,0.04822,0.04626,0.25040,0.00483,0.26393,-59.66,3.186,-1,0.0000,-1.00,0.0000,0
118421,1790795548391,0.02495,0.04660,0.01918,0.00233,0.25748,0.01755,0.15881,0.11789,0.02261,0.12129,0.00811,0.20319,0.00361,0.05060,0.00469,0.00167,0.26765,0.02032,0.18026,0.14033,0.02676,0.09227,0.00569,0.20614,-58.91,3.090,-1,0.0000,-1.00,0.0000,0
118514,1790795548471,0.04153,0.02493,0.02450,0.00249,0.30592,0.00829,0.02885,0.18318,0.02179,0.16772,0.00827,0.18252,0.00634,0.02475,0.00226,0.00136,0.32423,0.00883,0.02966,0.21904,0.02584,0.13669,0.00816,0.21283,-58.65,3.671,-1,0.0000,-1.00,0.0000,0
118607,1790795548572,0.01892,0.03416,0.03058,0.00143,0.31563,0.00482,0.01791,0.08819,0.01617,0.19748,0.00344,0.27128,0.00180,0.03713,0.00209,0.00111,0.31431,0.00542,0.01409,0.10525,0.01915,0.17432,0.00304,0.32226,-59.07,3.788,-1,0.0000,-1.00,0.0000,0
118700,1790795548652,0.05234,0.06679,0.02889,0.00640,0.20055,0.12255,0.03754,0.11433,0.03122,0.12326,0.04269,0.17343,0.03534,0.07347,0.01321,0.00303,0.20027,0.13988,0.03042,0.13438,0.03681,0.10799,0.02342,0.20179,-57.89,2.407,-1,0.0000,-1.00,0.0000,0
118793,1790795548751,0.04453,0.06761,0.04233,0.00380,0.16953,0.14638,0.04290,0.02000,0.04125,0.07563,0.03662,0.30941,0.04998,0.07144,0.03789,0.00236,0.13105,0.16555,0.03724,0.01645,0.04888,0.06472,0.01106,0.36337,-57.42,3.713,-1,0.0000,-1.00,0.0000,0
118886,1790795548832,0.01066,0.12673,0.02490,0.00195,0.14404,0.19218,0.02582,0.01444,0.05615,0.10601,0.04473,0.25238,0.00974,0.13854,0.00909,0.00069,0.11279,0.22835,0.00347,0.01550,0.06714,0.10466,0.00833,0.30170,-57.95,3.029,-1,0.0000,-1.00,0.0000,0
118979,1790795548951,0.04052,0.01734,0.03118,0.00531,0.30661,0.06108,0.12593,0.01268,0.01897,0.12975,0.02907,0.22157,0.04669,0.01635,0.01914,0.00197,0.32064,0.06394,0.14763,0.01142,0.02234,0.09190,0.02216,0.23582,-58.18,3.679,-1,0.0000,-1.00,0.0000,0
119071,1790795549051,0.00188,0.05393,0.00467,0.00203,0.34317,0.02213,0.15590,0.00731,0.02080,0.07688,0.00688,0.30441,0.00057,0.05976,0.00093,0.00184,0.34575,0.02642,0.17495,0.00859,0.02456,0.02358,0.00301,0.33005,-59.07,4.118,-1,0.0000,-1.00,0.0000,0
119164,1790795549131,0.00481,0.05588,0.00944,0.00461,0.43348,0.00796,0.02299,0.00811,0.02380,0.10433,0.01635,0.30822,0.00407,0.06139,0.00408,0.00199,0.44682,0.00874,0.01536,0.00893,0.02808,0.03648,0.01785,0.36621,-58.81,5.202,-1,0.0000,-1.00,0.0000,0
119257,1790795549230,0.00504,0.07794,0.01464,0.00340,0.19108,0.03526,0.03180,0.00475,0.03050,0.07481,0.01538,0.51541,0.00507,0.08622,0.00399,0.00204,0.10736,0.04125,0.02101,0.00490,0.03615,0.06836,0.01025,0.61342,-58.86,6.185,-1,0.0000,-1.00,0.0000,0
119350,1790795549312,0.01750,0.10502,0.01543,0.00420,0.22664,0.00655,0.03845,0.00740,0.04320,0.08092,0.00673,0.44796,0.01944,0.11572,0.00579,0.00359,0.16605,0.00402,0.02312,0.00773,0.05105,0.06405,0.00726,0.53218,-58.94,5.376,-1,0.0000,-1.00,0.0000,0
119443,1790795549412,0.02673,0.06194,0.02148,0.01532,0.18490,0.01371,0.09838,0.01983,0.10943,0.07793,0.02854,0.34182,0.02767,0.04870,0.01290,0.01202,0.14437,0.01116,0.10743,0.02200,0.12874,0.06476,0.03198,0.38828,-57.53,4.102,-1,0.0000,-1.00,0.0000,0
119536,1790795549492,0.00575,0.06017,0.01156,0.07105,0.06318,0.03577,0.06351,0.01399,0.06209,0.05500,0.34235,0.21558,0.00364,0.05758,0.00183,0.00547,0.02704,0.04214,0.06467,0.01642,0.07326,0.06060,0.40186,0.24549,-55.55,4.108,-1,0.0000,-1.00,0.0000,0
119629,1790795549592,0.00332,0.03616,0.00492,0.11275,0.01982,0.13859,0.01267,0.00324,0.01349,0.02143,0.59070,0.04289,0.00321,0.04018,0.00135,0.00129,0.01384,0.16542,0.00697,0.00386,0.01591,0.02294,0.67501,0.05002,-55.23,7.088,-1,0.0000,-1.00,0.0000,0
119722,1790795549692,0.00301,0.03207,0.00552,0.05425,0.20403,0.21206,0.02852,0.00337,0.09002,0.04802,0.29861,0.02051,0.00299,0.01721,0.00467,0.00403,0.24081,0.25351,0.03076,0.00311,0.10707,0.00980,0.30755,0.01848,-55.79,3.583,-1,0.0000,-1.00,0.0000,0
119814,1790795549772,0.00138,0.00825,0.03177,0.00983,0.59280,0.00523,0.00386,0.00173,0.02577,0.27439,0.03668,0.00832,0.00127,0.00390,0.00073,0.00330,0.70849,0.00601,0.00385,0.00193,0.03022,0.18833,0.04276,0.00921,-54.69,7.114,-1,0.0000,-1.00,0.0000,0
119907,1790795549872,0.01207,0.01021,0.11991,0.01434,0.27710,0.00971,0.07496,0.01871,0.01902,0.37851,0.03353,0.03193,0.01281,0.00838,0.06667,0.00957,0.32800,0.00909,0.08816,0.00921,0.02089,0.38853,0.03837,0.02033,-55.55,4.542,-1,0.0000,-1.00,0.0000,0
120000,1790795549954,0.02399,0.01845,0.18422,0.00683,0.04800,0.05051,0.07026,0.02148,0.00669,0.51112,0.03555,0.02290,0.02748,0.02074,0.10149,0.00191,0.05498,0.05532,0.08005,0.00565,0.00764,0.60154,0.03163,0.01157,-57.00,6.133,-1,0.0000,-1.00,0.0000,0
120093,1790795550052,0.01263,0.00963,0.61934,0.00411,0.02068,0.01858,0.01407,0.11972,0.00278,0.15134,0.01985,0.00726,0.01448,0.01097,0.70710,0.00097,0.02365,0.01939,0.01469,0.00328,0.00313,0.17667,0.01995,0.00575,-56.09,7.432,-1,0.0000,-1.00,0.0000,0
120186,1790795550132,0.00445,0.00425,0.65188,0.01301,0.01415,0.01203,0.01255,0.12496,0.00657,0.13796,0.01201,0.00618,0.00494,0.00408,0.74896,0.01326,0.01602,0.01345,0.01372,0.00177,0.00524,0.16214,0.01173,0.00468,-56.37,7.823,-1,0.0000,-1.00,0.0000,0
120279,1790795550251,0.00192,0.00912,0.55123,0.00492,0.03749,0.00538,0.01423,0.10218,0.00684,0.24322,0.01682,0.00667,0.00178,0.00939,0.60446,0.00213,0.04393,0.00609,0.01519,0.00261,0.00777,0.28272,0.01895,0.00498,-55.52,6.615,2,0.9635,145.35,0.9635,1
120372,1790795550353,0.01213,0.01494,0.52392,0.01752,0.01750,0.01266,0.05847,0.10655,0.00523,0.17122,0.03933,0.02050,0.01105,0.01715,0.58783,0.01217,0.01834,0.01312,0.06026,0.01755,0.00386,0.20153,0.04453,0.01262,-56.18,6.287,2,0.9579,147.65,0.9579,1
120465,1790795550432,0.02399,0.00941,0.54011,0.01040,0.01497,0.04059,0.02672,0.10352,0.00454,0.20637,0.01064,0.00873,0.02780,0.01072,0.59879,0.01163,0.01707,0.04313,0.02989,0.00534,0.00292,0.24411,0.00420,0.00440,-56.32,6.481,-1,0.0000,-1.00,0.0000,0
120558,1790795550531,0.01163,0.05785,0.49163,0.02082,0.01033,0.04583,0.01768,0.09380,0.01286,0.20961,0.01942,0.00853,0.01276,0.06715,0.53971,0.02240,0.01064,0.05239,0.00733,0.00595,0.01097,0.24905,0.01288,0.00877,-55.61,5.900,-1,0.0000,-1.00,0.0000,0
120650,1790795550611,0.12581,0.01486,0.22198,0.06726,0.05787,0.04291,0.05659,0.03342,0.02760,0.30313,0.02277,0.02581,0.14563,0.01424,0.19653,0.07607,0.06480,0.02254,0.04023,0.02583,0.01799,0.35038,0.02281,0.02295,-57.65,3.638,-1,0.0000,-1.00,0.0000,0
120743,1790795550712,0.02282,0.00347,0.64745,0.00124,0.00891,0.01314,0.02487,0.12466,0.00147,0.13854,0.00648,0.00696,0.02694,0.00383,0.74329,0.00036,0.01016,0.01040,0.02901,0.00205,0.00169,0.16399,0.00571,0.00259,-55.38,7.769,-1,0.0000,-1.00,0.0000,0
120836,1790795550793,0.00587,0.00146,0.64239,0.00112,0.00531,0.02408,0.02795,0.12433,0.00475,0.13894,0.00923,0.01459,0.00645,0.00063,0.73689,0.00023,0.00421,0.02757,0.03337,0.00290,0.00564,0.16565,0.00559,0.01086,-53.46,7.709,-1,0.0000,297.15,0.9736,1
120929,1790795550892,0.00411,0.00112,0.21047,0.00304,0.00770,0.01794,0.45519,0.03714,0.00194,0.16305,0.00494,0.09335,0.00448,0.00105,0.21379,0.00328,0.00847,0.02061,0.54522,0.00213,0.00167,0.19370,0.00183,0.00377,-52.58,5.462,-1,0.0000,-1.00,0.0000,0
121022,1790795550993,0.00794,0.00297,0.22120,0.00190,0.00930,0.01430,0.34200,0.03425,0.00218,0.29089,0.00360,0.06947,0.00906,0.00315,0.19637,0.00203,0.01072,0.01534,0.40917,0.00211,0.00219,0.34646,0.00127,0.00213,-53.25,4.104,-1,0.0000,-1.00,0.0000,0
121115,1790795551071,0.00401,0.00188,0.23989,0.00248,0.00975,0.00648,0.28474,0.03569,0.00417,0.34636,0.00554,0.05901,0.00431,0.00142,0.20561,0.00193,0.01103,0.00694,0.34086,0.00205,0.00462,0.41283,0.00526,0.00314,-55.25,4.156,-1,0.0000,-1.00,0.0000,0
121208,1790795551173,0.00406,0.00777,0.46998,0.00076,0.02558,0.02162,0.05967,0.08296,0.00169,0.30615,0.00621,0.01354,0.00446,0.00895,0.49161,0.00042,0.03017,0.02502,0.06970,0.00197,0.00192,0.36089,0.00248,0.00241,-55.21,5.640,-1,0.0000,-1.00,0.0000,0
121301,1790795551253,0.01285,0.00436,0.59318,0.00223,0.02935,0.01275,0.04838,0.11394,0.00500,0.15874,0.00552,0.01369,0.01456,0.00415,0.67440,0.00185,0.03411,0.01240,0.05593,0.00406,0.00563,0.18345,0.00416,0.00532,-56.22,7.118,-1,0.0000,-1.00,0.0000,0
121393,1790795551353,0.00920,0.00623,0.46883,0.00170,0.02761,0.04443,0.09444,0.08850,0.02573,0.16697,0.01008,0.05628,0.01060,0.00142,0.52305,0.00165,0.02413,0.05117,0.11288,0.00236,0.03048,0.19530,0.00194,0.04502,-56.05,5.626,-1,0.0000,-1.00,0.0000,0
121486,1790795551433,0.00986,0.01234,0.41087,0.00185,0.02154,0.02681,0.23277,0.02066,0.05024,0.16123,0.00703,0.04481,0.01040,0.00298,0.45493,0.00173,0.02326,0.03007,0.20604,0.00686,0.05985,0.18858,0.00246,0.01284,-56.40,4.930,-1,0.0000,-1.00,0.0000,0
121579,1790795551550,0.02871,0.03011,0.16699,0.01130,0.04568,0.10841,0.10851,0.03525,0.01685,0.35785,0.03880,0.05154,0.03047,0.03263,0.11690,0.00920,0.04734,0.12386,0.12352,0.01909,0.01812,0.41966,0.02194,0.03727,-59.20,4.294,-1,0.0000,-1.00,0.0000,0
121672,1790795551651,0.04870,0.02446,0.19984,0.03432,0.03086,0.09616,0.07329,0.03416,0.01645,0.39454,0.02498,0.02223,0.05602,0.02695,0.14711,0.03929,0.03494,0.10412,0.08247,0.01177,0.01192,0.46582,0.00929,0.01029,-60.71,4.734,-1,0.0000,-1.00,0.0000,0
121765,1790795551730,0.03173,0.01803,0.18533,0.02826,0.03242,0.03546,0.10565,0.05097,0.05453,0.38190,0.03529,0.04044,0.03217,0.00973,0.13268,0.02690,0.03435,0.03612,0.12394,0.03549,0.05991,0.45089,0.03513,0.02269,-56.42,4.583,-1,0.0000,-1.00,0.0000,0
121858,1790795551829,0.00289,0.01400,0.23577,0.00435,0.02100,0.01033,0.08451,0.02843,0.02860,0.49401,0.01485,0.06127,0.00310,0.01006,0.16573,0.00215,0.01444,0.01180,0.09866,0.00182,0.03384,0.58908,0.01545,0.05386,-54.60,5.928,-1,0.0000,-1.00,0.0000,0
121951,1790795551910,0.00510,0.12106,0.08364,0.05271,0.05124,0.01304,0.03061,0.02077,0.16370,0.12778,0.22549,0.10486,0.00391,0.10659,0.07132,0.01018,0.03709,0.01485,0.01518,0.01112,0.19405,0.14583,0.26725,0.12264,-55.01,2.706,-1,0.0000,-1.00,0.0000,0
122044,1790795552012,0.00789,0.01609,0.09577,0.18382,0.01935,0.02213,0.02160,0.04334,0.05543,0.16763,0.31236,0.05459,0.00296,0.01190,0.07538,0.14708,0.01131,0.02593,0.02026,0.04025,0.03726,0.19862,0.36915,0.05991,-55.43,3.748,-1,0.0000,-1.00,0.0000,0
122136,1790795552092,0.00923,0.08015,0.08369,0.06184,0.05613,0.03656,0.03119,0.05057,0.05956,0.12400,0.19593,0.21116,0.00184,0.08334,0.07123,0.02927,0.01792,0.04344,0.02085,0.04648,0.06405,0.14654,0.22616,0.24889,-54.96,2.534,-1,0.0000,-1.00,0.0000,0
122229,1790795552191,0.01679,0.00869,0.09268,0.09024,0.04858,0.01631,0.00841,0.07752,0.03772,0.15560,0.31710,0.13037,0.00425,0.00341,0.07454,0.03354,0.02753,0.01870,0.00752,0.08000,0.03533,0.18420,0.37626,0.15472,-54.94,3.805,-1,0.0000,-1.00,0.0000,0
122322,1790795552292,0.01913,0.07672,0.12334,0.05684,0.06545,0.02282,0.01909,0.03316,0.14262,0.11871,0.16719,0.15492,0.01231,0.06702,0.12124,0.02938,0.04207,0.02490,0.00959,0.01570,0.16507,0.13390,0.19539,0.18342,-55.69,2.006,-1,0.0000,-1.00,0.0000,0
122415,1790795552372,0.01357,0.05529,0.13232,0.05095,0.09219,0.01933,0.02212,0.06403,0.12491,0.08592,0.11899,0.22038,0.00656,0.03808,0.14028,0.03364,0.05886,0.02186,0.01895,0.04892,0.14210,0.09219,0.13825,0.26031,-55.35,2.645,-1,0.0000,-1.00,0.0000,0
122508,1790795552472,0.10180,0.01048,0.14093,0.10033,0.05935,0.02756,0.01119,0.08354,0.04734,0.12381,0.10601,0.18766,0.10782,0.00507,0.14052,0.09551,0.02694,0.01177,0.01240,0.07224,0.03779,0.14301,0.12469,0.22224,-55.77,2.252,-1,0.0000,-1.00,0.0000,0
122601,1790795552552,0.01998,0.14472,0.11627,0.18020,0.06645,0.01637,0.03917,0.02846,0.04280,0.18103,0.09174,0.07283,0.02063,0.17115,0.09867,0.19474,0.06278,0.01553,0.01033,0.01721,0.01210,0.20505,0.10685,0.08497,-57.58,2.172,-1,0.0000,-1.00,0.0000,0
122694,1790795552652,0.02997,0.01165,0.14039,0.03233,0.16638,0.02860,0.03465,0.04041,0.03594,0.33206,0.05117,0.09645,0.03010,0.00651,0.09634,0.02770,0.17804,0.02830,0.04023,0.02932,0.03757,0.36260,0.05571,0.10759,-58.45,3.985,-1,0.0000,-1.00,0.0000,0
122787,1790795552742,0.03224,0.00827,0.22720,0.00736,0.13127,0.01440,0.21067,0.04393,0.01928,0.20199,0.02410,0.07929,0.03719,0.00552,0.23008,0.00349,0.14833,0.00988,0.25132,0.00705,0.02233,0.21271,0.02692,0.04518,-57.63,2.726,-1,0.0000,-1.00,0.0000,0
122879,1790795552854,0.04147,0.00609,0.29397,0.00679,0.11732,0.01882,0.03650,0.05230,0.01308,0.35898,0.02147,0.03323,0.04795,0.00434,0.27226,0.00355,0.13436,0.01304,0.04280,0.00877,0.01497,0.40350,0.02314,0.03133,-56.75,4.308,-1,0.0000,-1.00,0.0000,0
122972,1790795552951,0.03712,0.00718,0.18607,0.02689,0.09554,0.03592,0.00893,0.02471,0.01646,0.49762,0.03071,0.03285,0.04272,0.00621,0.10891,0.02628,0.10706,0.03462,0.00930,0.00819,0.01426,0.57530,0.02993,0.03721,-56.41,5.971,-1,0.0000,-1.00,0.0000,0
123065,1790795553032,0.06169,0.01984,0.11836,0.01146,0.11108,0.12211,0.00769,0.01586,0.01001,0.47606,0.03454,0.01131,0.07138,0.02192,0.03387,0.01072,0.13061,0.13216,0.00487,0.01229,0.00981,0.54460,0.01519,0.01258,-57.34,5.713,-1,0.0000,-1.00,0.0000,0
123158,1790795553132,0.11723,0.01297,0.10573,0.04771,0.13680,0.09694,0.04463,0.02293,0.04519,0.32288,0.02550,0.02147,0.13644,0.00775,0.05632,0.05461,0.16086,0.08911,0.05194,0.01632,0.04332,0.35500,0.01289,0.01543,-56.83,3.875,-1,0.0000,-1.00,0.0000,0
123251,1790795553212,0.01884,0.00821,0.09799,0.02289,0.21443,0.02418,0.13707,0.02205,0.04035,0.36482,0.01605,0.03311,0.01888,0.00161,0.04041,0.02461,0.25550,0.02522,0.16369,0.01864,0.04153,0.38845,0.01423,0.00722,-54.94,4.378,-1,0.0000,-1.00,0.0000,0
123344,1790795553313,0.00344,0.00226,0.03669,0.00346,0.66796,0.02672,0.01383,0.00478,0.01375,0.21280,0.00908,0.00523,0.00362,0.00025,0.02448,0.00322,0.79972,0.03136,0.01646,0.00094,0.01400,0.09828,0.00467,0.00301,-55.11,8.015,-1,0.0000,-1.00,0.0000,0
123437,1790795553391,0.00880,0.00659,0.06680,0.00775,0.51019,0.04300,0.01334,0.01489,0.02987,0.27316,0.01754,0.00807,0.00860,0.00108,0.03913,0.00708,0.61004,0.04982,0.01577,0.01009,0.03439,0.20637,0.01114,0.00649,-56.74,6.122,-1,0.0000,-1.00,0.0000,0
123530,1790795553491,0.01461,0.01092,0.11037,0.00707,0.24787,0.00541,0.01138,0.02403,0.06708,0.48670,0.00395,0.01063,0.00946,0.00095,0.02818,0.00771,0.29501,0.00461,0.01336,0.02329,0.07860,0.52495,0.00381,0.01006,-57.90,5.840,-1,0.0000,-1.00,0.0000,0
123623,1790795553591,0.01218,0.03487,0.10111,0.03177,0.13288,0.04109,0.06239,0.02440,0.11652,0.30794,0.08782,0.04702,0.01052,0.01524,0.05394,0.01906,0.15088,0.04715,0.07174,0.01855,0.13584,0.33907,0.09589,0.04212,-56.81,3.695,-1,0.0000,-1.00,0.0000,0
123715,1790795553671,0.00787,0.00717,0.06337,0.06420,0.02187,0.09115,0.07922,0.00420,0.01759,0.28392,0.32437,0.03508,0.00871,0.00467,0.00934,0.00410,0.02156,0.10749,0.09399,0.00318,0.02026,0.33593,0.36736,0.02341,-54.89,3.892,-1,0.0000,-1.00,0.0000,0
123808,1790795553772,0.00194,0.00093,0.01669,0.10761,0.00606,0.19214,0.00723,0.00177,0.00508,0.07224,0.57935,0.00897,0.00210,0.00004,0.00305,0.00036,0.00551,0.22981,0.00865,0.00151,0.00602,0.08547,0.64864,0.00884,-55.79,6.952,-1,0.0000,-1.00,0.0000,0
123901,1790795553850,0.01000,0.00389,0.05961,0.07640,0.02195,0.14963,0.01373,0.02390,0.01854,0.19521,0.40170,0.02544,0.01078,0.00054,0.02590,0.00309,0.02162,0.17716,0.01634,0.02351,0.02161,0.22962,0.44622,0.02361,-57.18,4.820,-1,0.0000,-1.00,0.0000,0
123994,1790795553952,0.00340,0.01879,0.12122,0.02658,0.03665,0.02165,0.00193,0.00562,0.09624,0.58866,0.07152,0.00773,0.00338,0.00028,0.00708,0.01585,0.04218,0.02533,0.00226,0.00533,0.11218,0.69700,0.08068,0.00844,-55.23,7.064,-1,0.0000,-1.00,0.0000,0
124087,1790795554052,0.00632,0.00768,0.09230,0.04599,0.05502,0.09383,0.00223,0.01012,0.03485,0.38813,0.24645,0.01708,0.00586,0.00117,0.02080,0.00094,0.06195,0.11129,0.00244,0.00801,0.04139,0.45297,0.27324,0.01993,-54.60,4.658,-1,0.0000,-1.00,0.0000,0
124180,1790795554152,0.00195,0.00427,0.03236,0.07321,0.00555,0.32708,0.00534,0.00453,0.00779,0.09930,0.43143,0.00719,0.00181,0.00332,0.01539,0.00063,0.00517,0.39156,0.00565,0.00246,0.00921,0.11796,0.43933,0.00750,-54.24,5.177,-1,0.0000,-1.00,0.0000,0
124273,1790795554251,0.00292,0.00104,0.01868,0.09127,0.00180,0.28190,0.01199,0.00304,0.00475,0.06714,0.51087,0.00461,0.00290,0.00029,0.00650,0.00126,0.00161,0.33722,0.01431,0.00235,0.00544,0.08013,0.54529,0.00269,-54.91,6.130,10,0.9569,58.36,0.9569,1
124366,1790795554331,0.06533,0.01150,0.10665,0.04808,0.11636,0.02921,0.03175,0.06919,0.03856,0.22188,0.21756,0.04392,0.06253,0.00609,0.08020,0.00683,0.13020,0.02260,0.02870,0.07514,0.04485,0.24006,0.25621,0.04659,-55.92,2.663,-1,0.0000,-1.00,0.0000,0
124458,1790795554432,0.02438,0.00931,0.04733,0.01205,0.49950,0.00679,0.00526,0.05868,0.02320,0.28656,0.01576,0.01116,0.01575,0.00608,0.01207,0.01090,0.59607,0.00502,0.00509,0.06792,0.02564,0.22521,0.01789,0.01236,-56.01,5.994,-1,0.0000,-1.00,0.0000,0
124551,1790795554513,0.04613,0.01910,0.07995,0.01734,0.14438,0.02121,0.01334,0.08302,0.08415,0.39135,0.05539,0.04465,0.03570,0.00402,0.00855,0.00835,0.16298,0.01833,0.01476,0.09822,0.09566,0.44014,0.06273,0.05057,-54.50,4.696,-1,0.0000,-1.00,0.0000,0
124644,1790795554611,0.00107,0.00424,0.04632,0.07917,0.00603,0.13031,0.05062,0.00372,0.01784,0.22114,0.42332,0.01622,0.00060,0.00086,0.00319,0.00044,0.00576,0.15603,0.06047,0.00384,0.02129,0.26384,0.47631,0.00737,-52.51,5.080,-1,0.0000,-1.00,0.0000,0
124737,1790795554691,0.00077,0.00025,0.00910,0.09145,0.00243,0.31964,0.01132,0.00101,0.00147,0.03412,0.52385,0.00460,0.00073,0.00000,0.00289,0.00019,0.00235,0.38286,0.01349,0.00071,0.00172,0.04042,0.55179,0.00283,-53.07,6.286,-1,0.0000,-1.00,0.0000,0
124830,1790795554791,0.03297,0.00773,0.02757,0.09004,0.06117,0.06979,0.00836,0.10147,0.03290,0.09132,0.46306,0.01364,0.01593,0.00150,0.01410,0.00105,0.07038,0.08052,0.00959,0.11891,0.03916,0.09552,0.53889,0.01444,-55.25,5.557,-1,0.0000,-1.00,0.0000,0
124923,1790795554891,0.06505,0.01336,0.08874,0.01313,0.05510,0.03000,0.00366,0.20646,0.05583,0.40793,0.05279,0.00795,0.02950,0.00293,0.01196,0.00438,0.06431,0.03010,0.00380,0.24501,0.06602,0.47605,0.05729,0.00865,-57.07,4.895,-1,0.0000,-1.00,0.0000,0
125016,1790795554971,0.08361,0.01585,0.06753,0.02350,0.11624,0.07414,0.01669,0.18476,0.02493,0.27442,0.10146,0.01687,0.05706,0.01347,0.02095,0.00710,0.13595,0.07752,0.01701,0.21755,0.02784,0.30250,0.10620,0.01685,-56.26,3.293,-1,0.0000,-1.00,0.0000,0
125109,1790795555072,0.00232,0.00347,0.02744,0.03069,0.00707,0.51060,0.07947,0.00573,0.00924,0.07034,0.23608,0.01755,0.00202,0.00218,0.01649,0.00472,0.00803,0.61142,0.09479,0.00360,0.01014,0.08269,0.16168,0.00223,-53.90,6.127,-1,0.0000,-1.00,0.0000,0
125201,1790795555151,0.00058,0.00018,0.01019,0.06601,0.00145,0.45815,0.00500,0.00143,0.00097,0.03209,0.42247,0.00149,0.00066,0.00000,0.00465,0.00031,0.00165,0.54884,0.00595,0.00083,0.00110,0.03812,0.39742,0.00048,-52.87,5.498,-1,0.0000,-1.00,0.0000,0
125294,1790795555251,0.00465,0.00497,0.10166,0.04562,0.03713,0.04123,0.01129,0.01210,0.00923,0.49386,0.22928,0.00896,0.00274,0.00406,0.00619,0.00212,0.04278,0.04895,0.01273,0.01328,0.01064,0.58328,0.26503,0.00822,-52.67,5.926,-1,0.0000,-1.00,0.0000,0
125387,1790795555352,0.01516,0.00988,0.11720,0.00508,0.12836,0.00363,0.00385,0.04565,0.04080,0.61310,0.01260,0.00469,0.00730,0.00232,0.00081,0.00320,0.15285,0.00290,0.00416,0.05454,0.04826,0.70434,0.01452,0.00479,-53.90,7.357,-1,0.0000,-1.00,0.0000,0
125480,1790795555460,0.05835,0.01583,0.04291,0.01353,0.29432,0.05986,0.01280,0.13328,0.04572,0.24031,0.06874,0.01437,0.03858,0.00823,0.00805,0.00240,0.34979,0.06408,0.01370,0.15811,0.05417,0.21874,0.06967,0.01450,-56.38,3.532,-1,0.0000,-1.00,0.0000,0
125573,1790795555552,0.01280,0.01547,0.04825,0.06914,0.02120,0.11499,0.16025,0.01133,0.02144,0.12328,0.36517,0.03668,0.01381,0.01350,0.02948,0.00141,0.02409,0.13508,0.18935,0.00773,0.02541,0.14294,0.41078,0.00641,-56.06,4.382,-1,0.0000,-1.00,0.0000,0
125666,1790795555632,0.00169,0.00312,0.04537,0.05099,0.07097,0.29458,0.01726,0.00364,0.01293,0.17998,0.31394,0.00552,0.00155,0.00090,0.01488,0.00039,0.08450,0.35269,0.02031,0.00161,0.01513,0.19920,0.30626,0.00259,-55.23,3.767,-1,0.0000,-1.00,0.0000,0
125759,1790795555742,0.00092,0.00203,0.02954,0.05520,0.03407,0.37267,0.00219,0.00318,0.00958,0.11205,0.33759,0.04099,0.00088,0.00040,0.00990,0.00350,0.03117,0.44642,0.00253,0.00185,0.01023,0.12864,0.31602,0.04848,-54.78,4.472,-1,0.0000,-1.00,0.0000,0
125852,1790795555813,0.00455,0.00063,0.07223,0.03132,0.16875,0.09320,0.06186,0.01479,0.00230,0.33200,0.16877,0.04960,0.00245,0.00027,0.01528,0.00180,0.19332,0.11119,0.07362,0.01515,0.00240,0.35949,0.18019,0.04483,-54.77,3.984,-1,0.0000,-1.00,0.0000,0
125945,1790795555912,0.00155,0.00217,0.01292,0.04389,0.06841,0.11694,0.11491,0.00447,0.00548,0.05615,0.23598,0.33711,0.00085,0.00141,0.00243,0.00204,0.00729,0.13996,0.13734,0.00494,0.00616,0.06584,0.25501,0.37671,-55.71,4.045,-1,0.0000,-1.00,0.0000,0
126037,1790795555991,0.01110,0.01720,0.11124,0.01779,0.03487,0.03165,0.02629,0.04654,0.07986,0.54248,0.04865,0.03232,0.00232,0.00223,0.00567,0.01123,0.03527,0.03749,0.03028,0.05542,0.09272,0.64377,0.05086,0.03273,-58.88,6.510,-1,0.0000,-1.00,0.0000,0
126130,1790795556091,0.02494,0.00608,0.14841,0.03879,0.07482,0.04807,0.03269,0.06646,0.02714,0.24452,0.19079,0.09728,0.01704,0.00209,0.12242,0.00329,0.06792,0.05422,0.03501,0.05912,0.03187,0.27953,0.21787,0.10962,-62.28,2.934,-1,0.0000,-1.00,0.0000,0
126223,1790795556191,0.05594,0.05818,0.04561,0.11570,0.03783,0.02286,0.04880,0.02797,0.08918,0.22393,0.12848,0.14551,0.06006,0.05321,0.00195,0.10873,0.01265,0.01549,0.04792,0.03312,0.08530,0.26582,0.15088,0.16486,-60.86,2.687,-1,0.0000,-1.00,0.0000,0
126316,1790795556272,0.02302,0.01807,0.03840,0.05692,0.08222,0.02109,0.03480,0.05232,0.08533,0.13564,0.15330,0.29889,0.01655,0.00274,0.01491,0.03265,0.02931,0.02199,0.04034,0.06056,0.09560,0.15688,0.17933,0.34913,-59.12,3.587,-1,0.0000,-1.00,0.0000,0
126409,1790795556372,0.01463,0.00974,0.04361,0.16713,0.34443,0.04404,0.03413,0.04023,0.04184,0.11470,0.12333,0.02220,0.00928,0.00867,0.04109,0.17297,0.40895,0.05093,0.03829,0.04094,0.01584,0.05636,0.13768,0.01901,-54.06,4.133,-1,0.0000,-1.00,0.0000,0
126502,1790795556450,0.00317,0.00352,0.02335,0.01757,0.01915,0.56161,0.10772,0.00983,0.00541,0.02843,0.18873,0.03151,0.00212,0.00317,0.02203,0.00265,0.02049,0.67252,0.12803,0.00783,0.00595,0.03001,0.09283,0.01238,-52.38,6.739,-1,0.0000,-1.00,0.0000,0
126595,1790795556552,0.00257,0.00078,0.06490,0.07125,0.00952,0.20739,0.08476,0.01166,0.00348,0.11018,0.39515,0.03838,0.00245,0.00021,0.05179,0.00126,0.00630,0.24801,0.10144,0.00378,0.00367,0.13102,0.42432,0.02576,-54.54,4.742,-1,0.0000,-1.00,0.0000,0
126688,1790795556651,0.00291,0.01392,0.21555,0.03157,0.03198,0.07007,0.04263,0.03637,0.00773,0.26555,0.16560,0.11612,0.00254,0.01492,0.19570,0.00177,0.01263,0.08345,0.04813,0.00478,0.00891,0.31569,0.18189,0.12960,-55.53,3.187,-1,0.0000,-1.00,0.0000,0
126780,1790795556752,0.54789,0.00572,0.03640,0.00381,0.05510,0.07939,0.02119,0.08865,0.00199,0.03839,0.01585,0.10562,0.63681,0.00643,0.03459,0.00113,0.00236,0.00841,0.02412,0.09936,0.00215,0.04554,0.01733,0.12177,-53.53,6.575,-1,0.0000,-1.00,0.0000,0
126873,1790795556852,0.38115,0.00125,0.04902,0.00692,0.00838,0.08346,0.05442,0.27271,0.00404,0.08894,0.02888,0.02082,0.39314,0.00072,0.03791,0.00230,0.00762,0.02207,0.06411,0.32021,0.00438,0.10506,0.03022,0.01224,-54.51,4.574,-1,0.0000,-1.00,0.0000,0
126966,1790795556932,0.06899,0.00741,0.07626,0.01944,0.18577,0.04329,0.19656,0.02348,0.02703,0.10845,0.07582,0.16750,0.07742,0.00324,0.07314,0.00672,0.19164,0.03653,0.22461,0.02390,0.03106,0.09196,0.08361,0.15618,-57.33,2.359,-1,0.0000,-1.00,0.0000,0
127059,1790795557032,0.08903,0.00944,0.01653,0.01124,0.16797,0.03902,0.12293,0.04277,0.03860,0.03293,0.05595,0.37360,0.09752,0.00221,0.01661,0.00125,0.11836,0.02743,0.14686,0.04796,0.04587,0.01612,0.06160,0.41820,-58.16,4.483,-1,0.0000,-1.00,0.0000,0
127152,1790795557111,0.07535,0.00436,0.03387,0.01381,0.20193,0.02601,0.01059,0.03248,0.01469,0.15968,0.05214,0.37509,0.08277,0.00211,0.00864,0.00474,0.15335,0.01476,0.01227,0.03720,0.01643,0.16116,0.05955,0.44702,-56.32,4.501,-1,0.0000,-1.00,0.0000,0
127245,1790795557212,0.01445,0.00119,0.12296,0.00322,0.10496,0.00413,0.00115,0.00466,0.00406,0.63439,0.01026,0.09456,0.01626,0.00054,0.00070,0.00149,0.10326,0.00183,0.00128,0.00545,0.00457,0.73968,0.01193,0.11301,-54.40,7.613,-1,0.0000,-1.00,0.0000,0
127338,1790795557290,0.00830,0.00164,0.09388,0.00798,0.22525,0.00581,0.00233,0.00907,0.00474,0.50953,0.03675,0.09471,0.00795,0.00096,0.00119,0.00104,0.24754,0.00539,0.00260,0.01063,0.00547,0.56147,0.04297,0.11277,-54.27,6.114,-1,0.0000,-1.00,0.0000,0
127431,1790795557392,0.03314,0.01944,0.05800,0.06382,0.04752,0.04264,0.08920,0.04975,0.06231,0.26332,0.24236,0.02850,0.02831,0.00931,0.00909,0.02069,0.05431,0.04548,0.10504,0.05781,0.07055,0.30476,0.28138,0.01326,-54.77,3.160,-1,0.0000,-1.00,0.0000,0
127523,1790795557491,0.05507,0.04546,0.03576,0.11307,0.05154,0.04139,0.02881,0.07005,0.23961,0.18654,0.12351,0.00916,0.04938,0.00179,0.00094,0.10772,0.06093,0.03981,0.03416,0.08377,0.26576,0.21144,0.14010,0.00421,-55.01,2.875,-1,0.0000,-1.00,0.0000,0
127616,1790795557573,0.03609,0.01600,0.03837,0.09504,0.04228,0.09654,0.00281,0.02280,0.08156,0.19697,0.36187,0.00967,0.03787,0.00106,0.00110,0.03217,0.04849,0.10817,0.00314,0.02711,0.09135,0.22640,0.41216,0.01097,-55.25,4.342,-1,0.0000,-1.00,0.0000,0
127709,1790795557672,0.03457,0.01430,0.02093,0.07975,0.03353,0.18530,0.03555,0.01784,0.07183,0.10214,0.33485,0.06941,0.03678,0.00150,0.00181,0.02446,0.02535,0.21475,0.04228,0.02104,0.08122,0.11737,0.35866,0.07479,-55.72,4.018,-1,0.0000,-1.00,0.0000,0
127802,1790795557752,0.07007,0.01159,0.04075,0.04373,0.04394,0.25211,0.01393,0.03727,0.03972,0.14367,0.17523,0.12799,0.07532,0.00554,0.01560,0.02206,0.02283,0.28715,0.01474,0.04242,0.04322,0.16762,0.15304,0.15044,-57.66,3.025,-1,0.0000,-1.00,0.0000,0
127895,1790795557852,0.09955,0.01503,0.05657,0.03780,0.03196,0.17021,0.03297,0.10662,0.04569,0.18202,0.17013,0.05144,0.09482,0.00763,0.02561,0.01217,0.02709,0.18561,0.03723,0.12344,0.05233,0.21274,0.16706,0.05426,-60.13,2.184,-1,0.0000,-1.00,0.0000,0
127988,1790795557951,0.11644,0.00913,0.05970,0.03253,0.04697,0.08015,0.01649,0.17001,0.03313,0.28743,0.08842,0.05960,0.09933,0.00390,0.00495,0.02098,0.04286,0.07635,0.01898,0.20273,0.03554,0.33591,0.09081,0.06766,-60.27,3.449,-1,0.0000,-1.00,0.0000,0
128081,1790795558051,0.06225,0.06084,0.06452,0.06761,0.05949,0.11819,0.04568,0.12948,0.03741,0.14930,0.14784,0.05738,0.04557,0.06602,0.04417,0.05111,0.05911,0.13277,0.04165,0.14639,0.03470,0.16718,0.15083,0.06050,-57.11,1.792,-1,0.0000,-1.00,0.0000,0
128174,1790795558151,0.09684,0.02418,0.07040,0.05174,0.07136,0.10702,0.02421,0.09426,0.01734,0.17875,0.24673,0.01719,0.09503,0.02580,0.04486,0.00769,0.08236,0.10940,0.02390,0.10405,0.01792,0.19919,0.27396,0.01586,-56.60,2.961,-1,0.0000,-1.00,0.0000,0
128267,1790795558240,0.10891,0.01076,0.04326,0.04332,0.03829,0.19363,0.01317,0.17828,0.01380,0.11438,0.19222,0.04998,0.08832,0.01024,0.02602,0.01468,0.03435,0.21456,0.00970,0.21252,0.01362,0.13025,0.18780,0.05796,-57.93,2.324,-1,0.0000,-1.00,0.0000,0
128359,1790795558331,0.09521,0.02210,0.04676,0.07686,0.03434,0.09730,0.13868,0.16297,0.08972,0.09086,0.08140,0.06380,0.07653,0.00889,0.03502,0.07674,0.03240,0.10142,0.16331,0.18944,0.08875,0.10599,0.07743,0.04408,-55.73,1.956,-1,0.0000,-1.00,0.0000,0
128452,1790795558411,0.07139,0.00448,0.06298,0.02556,0.24208,0.07326,0.07255,0.01644,0.02272,0.34093,0.04378,0.02382,0.08082,0.00189,0.00579,0.02305,0.28780,0.07176,0.08640,0.01870,0.02265,0.35147,0.03824,0.01142,-55.11,4.091,-1,0.0000,-1.00,0.0000,0
128545,1790795558512,0.14962,0.00566,0.09537,0.01222,0.09261,0.12718,0.00610,0.04559,0.01892,0.37502,0.05962,0.01208,0.16953,0.00249,0.02946,0.00515,0.10835,0.11878,0.00646,0.04915,0.02165,0.42789,0.04790,0.01319,-54.54,4.500,-1,0.0000,-1.00,0.0000,0
128638,1790795558591,0.03769,0.00162,0.19421,0.00415,0.13458,0.04203,0.01043,0.02562,0.00506,0.52114,0.01926,0.00422,0.04360,0.00081,0.11524,0.00204,0.16074,0.04173,0.01230,0.00788,0.00566,0.59258,0.01481,0.00262,-54.47,6.254,-1,0.0000,-1.00,0.0000,0
128731,1790795558691,0.05664,0.00260,0.25565,0.01472,0.20257,0.13718,0.00977,0.06326,0.00748,0.16007,0.08017,0.00990,0.06376,0.00153,0.27776,0.00456,0.24082,0.15174,0.01139,0.02074,0.00802,0.14410,0.06598,0.00960,-56.23,3.068,-1,0.0000,-1.00,0.0000,0
128824,1790795558787,0.12875,0.04020,0.05824,0.03474,0.07570,0.05218,0.09782,0.08522,0.19858,0.15307,0.03139,0.04411,0.13547,0.00239,0.03676,0.03557,0.08481,0.03567,0.11674,0.09482,0.23089,0.16661,0.03055,0.02972,-56.40,2.383,-1,0.0000,-1.00,0.0000,0
128917,1790795558867,0.10613,0.00283,0.06456,0.00426,0.24694,0.11037,0.01861,0.02905,0.01242,0.36620,0.03042,0.00823,0.12039,0.00053,0.00196,0.00213,0.29476,0.10844,0.02219,0.03442,0.01444,0.38037,0.01496,0.00541,-55.95,4.394,-1,0.0000,-1.00,0.0000,0
129010,1790795558972,0.05001,0.00272,0.08074,0.00635,0.25478,0.09822,0.00817,0.00805,0.00820,0.44536,0.03151,0.00589,0.05805,0.00160,0.00287,0.00430,0.30426,0.10619,0.00948,0.00908,0.00877,0.47353,0.01670,0.00518,-54.99,5.344,-1,0.0000,-1.00,0.0000,0
129102,1790795559051,0.04371,0.00571,0.05364,0.02668,0.41780,0.03200,0.00906,0.01166,0.01533,0.33292,0.04050,0.01099,0.04982,0.00412,0.00476,0.02348,0.49813,0.02875,0.01004,0.01303,0.01370,0.30019,0.04283,0.01115,-56.21,5.014,-1,0.0000,-1.00,0.0000,0
129195,1790795559172,0.14139,0.01511,0.03028,0.04811,0.05824,0.18253,0.04469,0.04440,0.02966,0.14162,0.22383,0.04013,0.15902,0.01177,0.00509,0.01183,0.06231,0.18719,0.05080,0.05261,0.03319,0.15735,0.23110,0.03774,-58.71,2.686,-1,0.0000,-1.00,0.0000,0
129288,1790795559251,0.10529,0.01809,0.04440,0.02066,0.04763,0.04858,0.11221,0.23551,0.08477,0.06935,0.05770,0.15579,0.06738,0.00677,0.03770,0.01281,0.02537,0.04485,0.13311,0.27472,0.09888,0.07822,0.06024,0.15991,-55.85,2.826,-1,0.0000,-1.00,0.0000,0
129381,1790795559352,0.04194,0.01227,0.04230,0.05292,0.10379,0.04386,0.07199,0.05263,0.04991,0.21366,0.25755,0.05718,0.03763,0.00350,0.00421,0.00401,0.11414,0.04510,0.08555,0.06225,0.05796,0.23444,0.29967,0.05155,-55.19,3.091,-1,0.0000,-1.00,0.0000,0
129474,1790795559453,0.01843,0.00347,0.03478,0.03507,0.09679,0.09374,0.03989,0.01722,0.00800,0.17676,0.18213,0.29373,0.01806,0.00238,0.00157,0.00304,0.04806,0.10874,0.04731,0.02033,0.00898,0.20227,0.19668,0.34257,-55.42,3.525,-1,0.0000,-1.00,0.0000,0
129567,1790795559531,0.03181,0.03660,0.04927,0.04599,0.05752,0.05285,0.01476,0.00860,0.18668,0.24995,0.07794,0.18802,0.03610,0.00103,0.00064,0.03880,0.02489,0.05623,0.01746,0.01021,0.21600,0.29457,0.08225,0.22184,-55.35,2.999,-1,0.0000,-1.00,0.0000,0
129660,1790795559632,0.03269,0.00804,0.01987,0.03044,0.09210,0.06291,0.03890,0.01165,0.03688,0.09904,0.14683,0.42065,0.03565,0.00185,0.00074,0.00428,0.01225,0.06831,0.04625,0.01382,0.04322,0.11636,0.16239,0.49487,-55.96,5.048,-1,0.0000,-1.00,0.0000,0
129753,1790795559739,0.23403,0.00705,0.02739,0.03712,0.04293,0.12268,0.01556,0.10307,0.03609,0.13040,0.16664,0.07705,0.25555,0.00068,0.00317,0.00868,0.03386,0.09634,0.01827,0.12312,0.04153,0.14954,0.18058,0.08870,-56.67,2.808,-1,0.0000,-1.00,0.0000,0
129845,1790795559814,0.18655,0.00838,0.03213,0.00883,0.02413,0.18003,0.01012,0.26635,0.03980,0.13886,0.05684,0.04799,0.15918,0.00208,0.00616,0.00432,0.01794,0.18418,0.01139,0.31825,0.04655,0.16311,0.03159,0.05524,-57.31,3.196,-1,0.0000,-1.00,0.0000,0
129938,1790795559893,0.20440,0.02105,0.04212,0.02092,0.02594,0.13441,0.00888,0.11179,0.07089,0.19901,0.09795,0.06264,0.21891,0.00863,0.00386,0.00642,0.01663,0.11766,0.00893,0.13318,0.08367,0.23516,0.09404,0.07290,-57.19,2.453,-1,0.0000,-1.00,0.0000,0
130031,1790795559992,0.15843,0.02084,0.02908,0.02874,0.04504,0.03772,0.01486,0.50031,0.01213,0.06269,0.07665,0.01352,0.07157,0.02306,0.02197,0.01745,0.05127,0.03101,0.01319,0.59518,0.01107,0.06496,0.08569,0.01359,-57.06,6.004,-1,0.0000,-1.00,0.0000,0
130124,1790795560093,0.10882,0.01901,0.03084,0.02469,0.03255,0.03714,0.00651,0.47606,0.09253,0.07336,0.07991,0.01859,0.01756,0.00133,0.02090,0.01222,0.03478,0.04102,0.00488,0.56895,0.10845,0.08100,0.08762,0.02130,-54.70,5.713,-1,0.0000,-1.00,0.0000,0
130217,1790795560172,0.01469,0.10344,0.03376,0.00687,0.08406,0.01066,0.01061,0.01853,0.51918,0.17001,0.01637,0.01182,0.01287,0.00204,0.00315,0.00475,0.09824,0.01037,0.01224,0.02166,0.61719,0.18820,0.01756,0.01173,-53.01,6.230,-1,0.0000,-1.00,0.0000,0
130310,1790795560273,0.01401,0.00128,0.02606,0.00644,0.63962,0.01424,0.02123,0.00230,0.00457,0.25471,0.00923,0.00630,0.01617,0.00079,0.00082,0.00607,0.76591,0.01385,0.02527,0.00262,0.00428,0.15337,0.00832,0.00254,-52.98,7.675,-1,0.0000,-1.00,0.0000,0
130403,1790795560351,0.03173,0.02796,0.09223,0.00983,0.13048,0.04320,0.00473,0.01092,0.13974,0.48573,0.01867,0.00478,0.03526,0.00101,0.00110,0.00911,0.15542,0.04477,0.00547,0.01287,0.16491,0.55194,0.01349,0.00465,-54.21,5.829,-1,0.0000,-1.00,0.0000,0
130496,1790795560471,0.03704,0.00830,0.11583,0.00520,0.09757,0.06298,0.00416,0.00568,0.04323,0.59232,0.01993,0.00776,0.04301,0.00059,0.00192,0.00413,0.11524,0.06694,0.00465,0.00664,0.04743,0.69045,0.01061,0.00838,-53.45,7.108,-1,0.0000,-1.00,0.0000,0
130589,1790795560553,0.00705,0.00300,0.12632,0.00452,0.11377,0.04766,0.00086,0.00184,0.01443,0.65836,0.01880,0.00337,0.00802,0.00029,0.00031,0.00313,0.13557,0.05552,0.00097,0.00214,0.01667,0.76200,0.01152,0.00385,-52.96,7.900,-1,0.0000,-1.00,0.0000,0
130681,1790795560652,0.03122,0.00848,0.11648,0.00853,0.07152,0.04838,0.04667,0.02582,0.02776,0.56366,0.02995,0.02153,0.03119,0.00580,0.00706,0.00514,0.08269,0.05179,0.05370,0.03061,0.02282,0.66843,0.02562,0.01515,-55.22,6.764,-1,0.0000,-1.00,0.0000,0
130774,1790795560752,0.05364,0.00802,0.07594,0.00570,0.10763,0.04683,0.16605,0.06603,0.03868,0.37833,0.01253,0.04063,0.04882,0.00075,0.00602,0.00568,0.12712,0.04643,0.19880,0.07794,0.04468,0.42867,0.00581,0.00927,-57.02,4.540,-1,0.0000,-1.00,0.0000,0
130867,1790795560834,0.09201,0.01558,0.03578,0.00870,0.19101,0.21296,0.05007,0.08095,0.05031,0.19363,0.04876,0.02025,0.09096,0.00725,0.00577,0.00816,0.22636,0.23714,0.05822,0.09620,0.05867,0.18714,0.01141,0.01273,-58.20,2.555,-1,0.0000,-1.00,0.0000,0
130960,1790795560932,0.03382,0.01336,0.05871,0.01732,0.40182,0.05275,0.01910,0.06993,0.07717,0.22334,0.01981,0.01284,0.02616,0.00202,0.03251,0.01835,0.47912,0.05841,0.02249,0.07735,0.07055,0.19092,0.01216,0.00996,-54.50,4.822,-1,0.0000,-1.00,0.0000,0
131053,1790795561011,0.00907,0.00251,0.03915,0.00422,0.59693,0.01569,0.00188,0.00711,0.00919,0.29822,0.00972,0.00633,0.00923,0.00106,0.00413,0.00342,0.71384,0.01697,0.00204,0.00770,0.01033,0.21582,0.00828,0.00718,-53.44,7.163,-1,0.0000,-1.00,0.0000,0
131146,1790795561112,0.00437,0.00446,0.05511,0.00584,0.57078,0.00722,0.01554,0.00987,0.00672,0.27207,0.01002,0.03798,0.00404,0.00394,0.02796,0.00493,0.67562,0.00785,0.01784,0.00629,0.00708,0.19207,0.01045,0.04192,-53.77,6.849,-1,0.0000,-1.00,0.0000,0
131239,1790795561192,0.00078,0.00113,0.02106,0.00081,0.68411,0.00084,0.01465,0.00186,0.00264,0.22093,0.00072,0.05047,0.00065,0.00078,0.00451,0.00083,0.80842,0.00088,0.01729,0.00145,0.00290,0.10456,0.00069,0.05705,-52.28,8.209,-1,0.0000,-1.00,0.0000,0
131332,1790795561292,0.00100,0.00159,0.04505,0.00116,0.57940,0.00049,0.00168,0.00652,0.00182,0.30258,0.00087,0.05785,0.00000,0.00153,0.00884,0.00121,0.68058,0.00059,0.00171,0.00606,0.00188,0.22771,0.00092,0.06897,-53.43,6.953,-1,0.0000,-1.00,0.0000,0
131424,1790795561391,0.00935,0.01912,0.09637,0.00164,0.28602,0.00282,0.01090,0.03846,0.01779,0.33874,0.00332,0.17547,0.00386,0.01878,0.04685,0.00128,0.30140,0.00261,0.00934,0.03679,0.02106,0.34614,0.00347,0.20840,-57.48,4.065,-1,0.0000,-1.00,0.0000,0
131517,1790795561471,0.00400,0.01079,0.07397,0.00889,0.37237,0.00124,0.00660,0.01603,0.00761,0.33912,0.00189,0.15748,0.00211,0.01153,0.02415,0.01024,0.40903,0.00107,0.00562,0.01442,0.00709,0.32526,0.00205,0.18742,-56.64,4.468,-1,0.0000,-1.00,0.0000,0
131610,1790795561573,0.00270,0.00735,0.07622,0.03903,0.42583,0.00266,0.00826,0.01356,0.02480,0.29588,0.00325,0.10047,0.00159,0.00473,0.04018,0.04611,0.48673,0.00287,0.00896,0.00828,0.02057,0.25804,0.00332,0.11861,-56.69,5.110,-1,0.0000,-1.00,0.0000,0
131703,1790795561652,0.00300,0.01006,0.05106,0.00418,0.45467,0.00235,0.01346,0.01848,0.00900,0.14627,0.00389,0.28360,0.00099,0.01019,0.04520,0.00419,0.47801,0.00262,0.01404,0.01325,0.00986,0.08061,0.00414,0.33692,-58.13,5.456,-1,0.0000,-1.00,0.0000,0
131796,1790795561772,0.01803,0.02617,0.09729,0.02051,0.19747,0.00843,0.02369,0.06563,0.08308,0.30375,0.01977,0.13617,0.00771,0.01251,0.05248,0.02022,0.20523,0.00858,0.02451,0.06962,0.09555,0.32329,0.02199,0.15831,-56.72,3.645,-1,0.0000,-1.00,0.0000,0
131889,1790795561851,0.03679,0.04080,0.13431,0.03582,0.15929,0.01053,0.01680,0.03500,0.02206,0.26444,0.02024,0.22391,0.03963,0.04541,0.10349,0.03830,0.13812,0.00476,0.01113,0.02143,0.01853,0.28980,0.02331,0.26609,-56.09,3.173,-1,0.0000,-1.00,0.0000,0
131982,1790795561951,0.00357,0.01240,0.12781,0.00207,0.15389,0.00219,0.00484,0.00755,0.00714,0.51794,0.00365,0.15694,0.00392,0.01325,0.03590,0.00169,0.14725,0.00185,0.00317,0.00192,0.00823,0.59142,0.00401,0.18739,-55.15,6.215,-1,0.0000,-1.00,0.0000,0
132075,1790795562051,0.00470,0.00293,0.14040,0.00542,0.13208,0.00174,0.02643,0.00774,0.01064,0.61637,0.00513,0.04644,0.00483,0.00123,0.02765,0.00531,0.14846,0.00112,0.03139,0.00383,0.01169,0.70913,0.00593,0.04942,-55.85,7.396,-1,0.0000,-1.00,0.0000,0
132167,1790795562132,0.00245,0.01150,0.05539,0.00290,0.15849,0.00307,0.30935,0.01062,0.04139,0.18078,0.01008,0.21398,0.00156,0.00404,0.02945,0.00121,0.15362,0.00338,0.36986,0.00690,0.04930,0.18622,0.01141,0.18306,-57.66,3.712,-1,0.0000,-1.00,0.0000,0
132260,1790795562234,0.01608,0.02758,0.06154,0.05760,0.14167,0.02765,0.01760,0.06331,0.12472,0.21862,0.16611,0.07750,0.00349,0.00622,0.02779,0.03083,0.15208,0.03244,0.01830,0.07191,0.14333,0.23182,0.19261,0.08917,-55.88,2.623,-1,0.0000,-1.00,0.0000,0
132353,1790795562312,0.00220,0.06781,0.07555,0.04328,0.14946,0.03219,0.01419,0.00568,0.04079,0.34007,0.20189,0.02689,0.00182,0.07190,0.01654,0.00541,0.17277,0.03825,0.00274,0.00353,0.04778,0.37326,0.23433,0.03168,-55.30,4.081,-1,0.0000,-1.00,0.0000,0
132446,1790795562413,0.01983,0.12886,0.09184,0.02107,0.14132,0.00118,0.02296,0.10028,0.12677,0.28333,0.02424,0.03833,0.00187,0.12506,0.04904,0.01953,0.16033,0.00104,0.00272,0.11044,0.14803,0.30772,0.02884,0.04539,-55.80,3.400,-1,0.0000,-1.00,0.0000,0
132539,1790795562491,0.08020,0.04066,0.06325,0.00537,0.05306,0.00337,0.03500,0.40593,0.05434,0.08625,0.01263,0.15994,0.00134,0.03693,0.05636,0.00358,0.02704,0.00378,0.03462,0.47523,0.06441,0.09799,0.01438,0.18435,-55.90,4.871,-1,0.0000,-1.00,0.0000,0
132632,1790795562591,0.00413,0.00260,0.12483,0.00339,0.10483,0.00083,0.12293,0.03039,0.00869,0.22058,0.01202,0.36479,0.00154,0.00119,0.09892,0.00124,0.04471,0.00072,0.14706,0.01680,0.01012,0.25549,0.01426,0.40796,-56.22,4.378,-1,0.0000,-1.00,0.0000,0
132725,1790795562692,0.00323,0.00569,0.19378,0.00470,0.10194,0.00105,0.01840,0.03870,0.01947,0.37462,0.00810,0.23034,0.00046,0.00243,0.14589,0.00375,0.06831,0.00117,0.02157,0.01745,0.02258,0.43535,0.00947,0.27158,-55.67,4.495,-1,0.0000,-1.00,0.0000,0
132818,1790795562770,0.06248,0.01354,0.34917,0.01204,0.04449,0.00306,0.01283,0.37316,0.02780,0.05061,0.01240,0.03843,0.00199,0.01008,0.40812,0.01161,0.04465,0.00328,0.01196,0.36763,0.03100,0.05178,0.01421,0.04368,-54.71,4.478,-1,0.0000,-1.00,0.0000,0
132911,1790795562868,0.02811,0.16156,0.43909,0.00113,0.02780,0.00035,0.06832,0.22270,0.00754,0.01900,0.00251,0.02189,0.00132,0.19182,0.52280,0.00076,0.02984,0.00016,0.04383,0.16321,0.00888,0.01685,0.00298,0.01754,-54.74,5.269,-1,0.0000,-1.00,0.0000,0
133003,1790795562949,0.02771,0.06880,0.35936,0.08405,0.03191,0.00381,0.11019,0.16315,0.04550,0.01934,0.00686,0.07932,0.00761,0.07901,0.42690,0.09920,0.02393,0.00306,0.11549,0.11175,0.03462,0.01867,0.00762,0.07216,-54.73,4.312,-1,0.0000,-1.00,0.0000,0
133096,1790795563071,0.02121,0.03744,0.41220,0.00739,0.04883,0.00236,0.14165,0.14205,0.04393,0.01467,0.00478,0.12351,0.00479,0.03986,0.49179,0.00780,0.03531,0.00188,0.15368,0.08086,0.05093,0.01073,0.00535,0.11703,-55.37,4.946,-1,0.0000,-1.00,0.0000,0
133189,1790795563152,0.03017,0.18701,0.09228,0.03352,0.08773,0.00327,0.16339,0.12678,0.08737,0.03823,0.00531,0.14493,0.00776,0.20723,0.10452,0.03900,0.07678,0.00238,0.15470,0.13120,0.09696,0.03059,0.00590,0.14300,-56.22,2.244,-1,0.0000,-1.00,0.0000,0
133282,1790795563248,0.02327,0.06301,0.25727,0.15696,0.05868,0.00214,0.04789,0.14519,0.16850,0.04658,0.00561,0.02491,0.00318,0.04281,0.29980,0.18682,0.06592,0.00193,0.03881,0.12462,0.16487,0.04275,0.00634,0.02215,-55.78,3.087,-1,0.0000,-1.00,0.0000,0
133375,1790795563353,0.02624,0.29560,0.09060,0.02940,0.06855,0.00162,0.18625,0.12834,0.05066,0.03623,0.00449,0.08201,0.00499,0.34352,0.10265,0.03420,0.06876,0.00095,0.15508,0.13344,0.05388,0.02982,0.00519,0.06753,-55.91,3.547,-1,0.0000,-1.00,0.0000,0
133468,1790795563431,0.02315,0.06187,0.23094,0.22405,0.04247,0.00209,0.04754,0.12826,0.18218,0.01996,0.00426,0.03323,0.00320,0.04581,0.27375,0.26753,0.04480,0.00187,0.04442,0.10288,0.16527,0.01503,0.00473,0.03071,-55.64,2.771,-1,0.0000,-1.00,0.0000,0
133561,1790795563531,0.03201,0.11279,0.16044,0.22634,0.04866,0.00202,0.10258,0.18194,0.07226,0.02223,0.00373,0.03500,0.00225,0.13069,0.18910,0.27040,0.05416,0.00198,0.09653,0.18099,0.03298,0.01590,0.00407,0.02094,-54.67,2.716,-1,0.0000,-1.00,0.0000,0
133654,1790795563612,0.01049,0.25462,0.05290,0.24048,0.08418,0.01253,0.09120,0.04063,0.11904,0.06825,0.00408,0.02160,0.00105,0.29194,0.05102,0.28777,0.09774,0.01481,0.05107,0.03891,0.08559,0.06240,0.00196,0.01576,-55.55,3.055,-1,0.0000,-1.00,0.0000,0
133746,1790795563711,0.09754,0.08540,0.15669,0.01176,0.10493,0.02368,0.05176,0.05019,0.06743,0.07472,0.01648,0.25942,0.10938,0.08672,0.17257,0.01045,0.06535,0.00675,0.02745,0.04331,0.07872,0.07658,0.01841,0.30432,-57.83,3.113,-1,0.0000,-1.00,0.0000,0
133839,1790795563792,0.00763,0.09701,0.02967,0.00598,0.16198,0.00276,0.02935,0.00719,0.07213,0.04577,0.01046,0.53008,0.00755,0.09966,0.02738,0.00475,0.06867,0.00181,0.01245,0.00615,0.08549,0.04123,0.01217,0.63269,-57.70,6.361,-1,0.0000,-1.00,0.0000,0
133932,1790795563892,0.01573,0.07224,0.01610,0.00967,0.18684,0.00696,0.05753,0.01959,0.04767,0.06226,0.02008,0.48530,0.01422,0.07584,0.00886,0.00704,0.11073,0.00552,0.05391,0.02171,0.05573,0.05266,0.02297,0.57082,-57.13,5.824,-1,0.0000,-1.00,0.0000,0
134025,1790795563991,0.01626,0.02859,0.03214,0.01027,0.12578,0.00778,0.33032,0.03294,0.04976,0.12703,0.01497,0.22416,0.01223,0.02347,0.01271,0.00905,0.11225,0.00762,0.39115,0.03695,0.05764,0.13015,0.01642,0.19035,-57.29,3.964,-1,0.0000,-1.00,0.0000,0
134118,1790795564071,0.04450,0.05356,0.06101,0.03062,0.13881,0.03134,0.09740,0.15421,0.07392,0.14774,0.01843,0.14845,0.02232,0.04795,0.04335,0.03361,0.13605,0.03313,0.10646,0.17694,0.08186,0.15011,0.01552,0.15270,-55.65,1.850,-1,0.0000,-1.00,0.0000,0
134211,1790795564172,0.17469,0.01744,0.05262,0.01248,0.04411,0.27911,0.02656,0.02858,0.06207,0.20861,0.05160,0.04214,0.20025,0.00959,0.01522,0.01427,0.04402,0.29474,0.02993,0.03122,0.07153,0.24125,0.00341,0.04456,-53.85,3.349,-1,0.0000,-1.00,0.0000,0
134304,1790795564251,0.15537,0.01670,0.06068,0.01893,0.08185,0.14166,0.01848,0.00918,0.02981,0.30609,0.02805,0.13322,0.18323,0.01464,0.00264,0.02126,0.06718,0.13341,0.01924,0.01047,0.03150,0.35345,0.00716,0.15582,-55.49,3.673,-1,0.0000,-1.00,0.0000,0
134397,1790795564372,0.02195,0.01727,0.01691,0.45541,0.10864,0.02627,0.02054,0.02943,0.11308,0.07968,0.01255,0.09827,0.01994,0.01529,0.00549,0.54379,0.10776,0.02752,0.02158,0.03418,0.02726,0.07456,0.00958,0.11306,-57.81,5.465,-1,0.0000,-1.00,0.0000,0
134489,1790795564452,0.06555,0.04033,0.04341,0.00239,0.05838,0.17618,0.11590,0.00514,0.08626,0.18842,0.03694,0.18109,0.07764,0.02790,0.00852,0.00179,0.03200,0.19590,0.13329,0.00453,0.10301,0.21943,0.00542,0.19057,-53.88,2.261,-1,0.0000,-1.00,0.0000,0
134582,1790795564551,0.19727,0.04254,0.06973,0.00151,0.01703,0.12827,0.00815,0.00266,0.12755,0.35118,0.01901,0.03510,0.23582,0.02073,0.00062,0.00150,0.01230,0.10694,0.00557,0.00314,0.15254,0.41836,0.00158,0.04089,-54.09,4.214,-1,0.0000,-1.00,0.0000,0
134675,1790795564652,0.03072,0.13707,0.05033,0.06070,0.14104,0.07128,0.04752,0.01418,0.09347,0.18222,0.02181,0.14966,0.03481,0.14481,0.02232,0.07064,0.13465,0.07851,0.02823,0.01256,0.09800,0.19165,0.01057,0.17324,-56.67,2.187,-1,0.0000,-1.00,0.0000,0
134768,1790795564747,0.00527,0.01316,0.00432,0.01862,0.63368,0.00869,0.00443,0.00257,0.04705,0.13373,0.00507,0.12341,0.00445,0.00677,0.00210,0.02149,0.73014,0.00953,0.00396,0.00266,0.05211,0.01550,0.00419,0.14709,-54.69,7.604,-1,0.0000,-1.00,0.0000,0
134861,1790795564832,0.01059,0.01673,0.01532,0.02417,0.60917,0.00329,0.01278,0.03486,0.07021,0.13061,0.01259,0.05967,0.00454,0.00498,0.01538,0.02609,0.71632,0.00305,0.01433,0.03872,0.07844,0.01502,0.01448,0.06865,-54.74,7.310,-1,0.0000,-1.00,0.0000,0
134954,1790795564912,0.00549,0.00607,0.54664,0.07105,0.00895,0.01052,0.09092,0.11508,0.01761,0.09145,0.00890,0.02732,0.00498,0.00639,0.63360,0.08348,0.00863,0.01162,0.10761,0.01236,0.00442,0.10799,0.00837,0.01056,-54.70,6.560,-1,0.0000,-1.00,0.0000,0
135047,1790795565011,0.00803,0.00331,0.65629,0.00125,0.00853,0.00995,0.02964,0.12526,0.00170,0.14211,0.00358,0.01034,0.00939,0.00368,0.75300,0.00104,0.00913,0.01006,0.03479,0.00082,0.00183,0.16848,0.00230,0.00549,-54.14,7.876,-1,0.0000,-1.00,0.0000,0
135140,1790795565090,0.00341,0.00252,0.64057,0.00168,0.00876,0.00647,0.02824,0.12151,0.00173,0.17443,0.00238,0.00828,0.00386,0.00267,0.72651,0.00172,0.00986,0.00699,0.03331,0.00157,0.00174,0.20706,0.00147,0.00324,-54.89,7.687,-1,0.0000,-1.00,0.0000,0
135233,1790795565191,0.00515,0.00205,0.37414,0.00346,0.01112,0.01547,0.19807,0.06369,0.00319,0.25466,0.00419,0.06481,0.00584,0.00189,0.38808,0.00383,0.00716,0.01738,0.23467,0.00168,0.00302,0.30377,0.00157,0.03111,-55.37,4.490,-1,0.0000,-1.00,0.0000,0
135325,1790795565292,0.01716,0.04941,0.30328,0.00765,0.07605,0.02522,0.05325,0.03771,0.02744,0.20139,0.01314,0.18829,0.01982,0.05299,0.31743,0.00708,0.04766,0.02629,0.03197,0.00359,0.03148,0.23187,0.01053,0.21928,-56.24,3.639,-1,0.0000,-1.00,0.0000,0
135418,1790795565371,0.01167,0.04532,0.54310,0.00774,0.04583,0.02079,0.04474,0.10661,0.01453,0.06034,0.00698,0.09236,0.01359,0.05134,0.63776,0.00850,0.03431,0.02258,0.04343,0.00131,0.01562,0.06561,0.00389,0.10206,-56.69,6.517,-1,0.0000,-1.00,0.0000,0
135511,1790795565472,0.01071,0.00976,0.57164,0.01851,0.06231,0.01458,0.02626,0.11125,0.01270,0.10456,0.00369,0.05402,0.01244,0.00956,0.66260,0.02189,0.06300,0.01501,0.02957,0.00195,0.01088,0.11280,0.00144,0.05886,-57.43,6.860,-1,0.0000,-1.00,0.0000,0
135604,1790795565572,0.10256,0.01089,0.35072,0.02125,0.02516,0.04042,0.04247,0.05157,0.02614,0.26056,0.02612,0.04213,0.11915,0.00783,0.35916,0.02023,0.02100,0.02482,0.02200,0.01793,0.02726,0.30810,0.02638,0.04612,-57.09,4.209,-1,0.0000,-1.00,0.0000,0
135697,1790795565671,0.01034,0.01473,0.53776,0.01078,0.01292,0.01416,0.04036,0.08227,0.00435,0.22953,0.00498,0.03783,0.01212,0.01715,0.59011,0.01230,0.00749,0.01457,0.02527,0.00129,0.00261,0.27371,0.00308,0.04032,-55.34,6.453,-1,0.0000,-1.00,0.0000,0
135790,1790795565751,0.02060,0.00158,0.64593,0.00319,0.00718,0.02363,0.06305,0.07700,0.00526,0.12527,0.00890,0.01842,0.02417,0.00081,0.74442,0.00263,0.00492,0.02352,0.01780,0.00228,0.00579,0.14912,0.00601,0.01855,-54.97,7.751,-1,0.0000,-1.00,0.0000,0
135883,1790795565851,0.00599,0.00311,0.56719,0.00323,0.00765,0.02888,0.12314,0.11077,0.01057,0.09334,0.01047,0.03567,0.00673,0.00135,0.65771,0.00268,0.00649,0.03327,0.14729,0.00234,0.01213,0.11055,0.00596,0.01349,-54.89,6.806,-1,0.0000,-1.00,0.0000,0
135976,1790795565952,0.01579,0.00202,0.66114,0.00020,0.00887,0.01392,0.04968,0.12811,0.00057,0.10441,0.00284,0.01245,0.01864,0.00231,0.76780,0.00008,0.00997,0.01300,0.05907,0.00130,0.00066,0.12313,0.00082,0.00320,-55.69,7.934,-1,0.0000,-1.00,0.0000,0
136068,1790795566031,0.10842,0.00266,0.37967,0.00260,0.01627,0.10352,0.02670,0.07209,0.00733,0.24183,0.02204,0.01687,0.12841,0.00154,0.39812,0.00175,0.01672,0.09859,0.03156,0.00759,0.00833,0.28655,0.00687,0.01396,-57.57,4.556,-1,0.0000,-1.00,0.0000,0
136161,1790795566132,0.01495,0.08742,0.52251,0.00445,0.02358,0.04579,0.03951,0.11509,0.00438,0.08884,0.02264,0.03085,0.01438,0.10379,0.60584,0.00200,0.02197,0.05201,0.02677,0.01780,0.00483,0.10212,0.01682,0.03166,-56.13,6.270,-1,0.0000,-1.00,0.0000,0
136254,1790795566212,0.00878,0.31654,0.35163,0.00204,0.01033,0.02885,0.07086,0.08897,0.00448,0.08276,0.00865,0.02611,0.00465,0.37831,0.40194,0.00171,0.00646,0.03365,0.00735,0.02949,0.00503,0.09789,0.00369,0.02983,-54.87,4.220,-1,0.0000,-1.00,0.0000,0
136347,1790795566312,0.00614,0.00554,0.49380,0.01544,0.01328,0.02662,0.12874,0.10350,0.02005,0.11433,0.01381,0.05874,0.00409,0.00309,0.56485,0.01644,0.00793,0.03109,0.15207,0.01362,0.02076,0.13543,0.01039,0.04024,-55.59,5.926,-1,0.0000,-1.00,0.0000,0
136440,1790795566392,0.00532,0.01108,0.67666,0.00071,0.01726,0.02474,0.03209,0.13754,0.00146,0.05425,0.00644,0.03245,0.00509,0.01295,0.79847,0.00045,0.01438,0.02864,0.03588,0.00651,0.00166,0.06216,0.00204,0.03177,-56.46,8.120,-1,0.0000,-1.00,0.0000,0
136533,1790795566491,0.37867,0.00180,0.21891,0.00393,0.12652,0.07941,0.02993,0.06372,0.00407,0.07612,0.00611,0.01084,0.44250,0.00134,0.24994,0.00369,0.14563,0.01105,0.00572,0.05668,0.00411,0.06237,0.00513,0.01185,-55.28,4.544,-1,0.0000,-1.00,0.0000,0
136626,1790795566591,0.74129,0.00387,0.01665,0.00168,0.02156,0.15321,0.00264,0.03080,0.00255,0.01801,0.00269,0.00505,0.88158,0.00411,0.01664,0.00173,0.02467,0.00889,0.00235,0.03361,0.00269,0.01670,0.00146,0.00558,-54.99,8.896,-1,0.0000,-1.00,0.0000,0
136719,1790795566672,0.56782,0.01564,0.03546,0.00270,0.03551,0.15686,0.00806,0.01715,0.05817,0.06415,0.01697,0.02152,0.67744,0.00497,0.02874,0.00132,0.03778,0.05366,0.00867,0.01486,0.06944,0.06937,0.00969,0.02407,-56.82,6.814,-1,0.0000,-1.00,0.0000,0
136811,1790795566772,0.05263,0.01761,0.18126,0.00806,0.01934,0.02989,0.25685,0.04149,0.01879,0.26327,0.03042,0.08039,0.05841,0.01757,0.15526,0.00339,0.01602,0.02423,0.30370,0.01952,0.02175,0.31238,0.03165,0.03612,-57.68,3.159,-1,0.0000,-1.00,0.0000,0
136904,1790795566872,0.01746,0.00658,0.19784,0.02351,0.01391,0.01964,0.29149,0.05217,0.01983,0.24223,0.03499,0.08036,0.01544,0.00411,0.17997,0.02066,0.01127,0.02047,0.34828,0.02702,0.01966,0.28802,0.03786,0.02724,-55.36,3.498,-1,0.0000,-1.00,0.0000,0
136997,1790795566971,0.00885,0.08836,0.26603,0.00282,0.00233,0.05210,0.26179,0.05840,0.09013,0.10088,0.01422,0.05408,0.00840,0.08475,0.29485,0.00239,0.00166,0.06077,0.29655,0.01186,0.10746,0.12062,0.00500,0.00569,-54.05,3.192,-1,0.0000,-1.00,0.0000,0
137090,1790795567051,0.00747,0.23742,0.16055,0.04135,0.00185,0.16877,0.13012,0.06516,0.10282,0.02114,0.04253,0.02081,0.00294,0.26210,0.18743,0.04736,0.00181,0.20165,0.10359,0.04129,0.11381,0.02497,0.01099,0.00206,-53.16,2.849,-1,0.0000,-1.00,0.0000,0
137183,1790795567151,0.02538,0.03497,0.20872,0.18792,0.00698,0.04615,0.18674,0.15393,0.05045,0.02559,0.03589,0.03728,0.00332,0.03865,0.24433,0.21880,0.00794,0.05470,0.21609,0.13601,0.01708,0.02909,0.03216,0.00183,-52.72,2.505,-1,0.0000,-1.00,0.0000,0
137276,1790795567252,0.02134,0.12791,0.18423,0.06048,0.03306,0.12484,0.14997,0.07385,0.10308,0.03614,0.03881,0.04629,0.01641,0.13150,0.21352,0.06900,0.03466,0.14634,0.15363,0.04617,0.10977,0.03650,0.01749,0.02501,-53.36,2.211,-1,0.0000,-1.00,0.0000,0
137369,1790795567332,0.02559,0.06428,0.09921,0.09301,0.05191,0.06470,0.09205,0.18127,0.12588,0.02760,0.03645,0.13804,0.00178,0.05128,0.11371,0.10582,0.03527,0.07717,0.10005,0.19475,0.12985,0.02610,0.02838,0.13585,-53.61,2.175,-1,0.0000,-1.00,0.0000,0
137462,1790795567432,0.02126,0.05914,0.12191,0.10171,0.03681,0.04290,0.16497,0.10579,0.11339,0.05525,0.05362,0.12325,0.00477,0.04913,0.13383,0.11112,0.02221,0.05046,0.18794,0.10024,0.11384,0.06180,0.05425,0.11043,-54.22,1.980,-1,0.0000,-1.00,0.0000,0
137555,1790795567511,0.06800,0.05365,0.30224,0.02741,0.05836,0.04271,0.05459,0.08084,0.02744,0.15322,0.03083,0.10072,0.07506,0.05891,0.32765,0.02694,0.04811,0.03629,0.05367,0.03197,0.02754,0.17406,0.02974,0.11005,-56.08,3.627,-1,0.0000,-1.00,0.0000,0
137647,1790795567612,0.02896,0.01323,0.24710,0.00938,0.04546,0.07985,0.01722,0.06222,0.05041,0.28256,0.03841,0.12519,0.02815,0.00417,0.22993,0.00566,0.02536,0.09010,0.01484,0.03394,0.05916,0.33367,0.02816,0.14684,-57.42,3.391,-1,0.0000,-1.00,0.0000,0
137740,1790795567694,0.02893,0.02827,0.11707,0.01641,0.04640,0.04967,0.13625,0.03055,0.11118,0.28103,0.07354,0.08069,0.02990,0.00764,0.07521,0.00430,0.04270,0.05359,0.15943,0.02401,0.13236,0.32827,0.07750,0.06508,-57.47,3.372,-1,0.0000,-1.00,0.0000,0
137833,1790795567791,0.01988,0.01023,0.12361,0.01910,0.04396,0.10177,0.13970,0.01495,0.01893,0.39070,0.05854,0.05862,0.02241,0.00843,0.05705,0.01360,0.04527,0.11751,0.16573,0.00660,0.01981,0.45935,0.04686,0.03738,-57.58,4.688,-1,0.0000,-1.00,0.0000,0
137926,1790795567891,0.08672,0.01632,0.22535,0.01416,0.02711,0.02213,0.01963,0.43831,0.01641,0.06015,0.02112,0.05256,0.01328,0.01617,0.25657,0.01291,0.02116,0.02421,0.02032,0.47434,0.01710,0.06788,0.02051,0.05556,-54.65,5.260,-1,0.0000,-1.00,0.0000,0
138019,1790795567971,0.04171,0.01687,0.11604,0.02629,0.07909,0.02328,0.01184,0.19820,0.03838,0.27225,0.02568,0.15036,0.00663,0.01214,0.07672,0.02644,0.05966,0.02658,0.01079,0.22326,0.04075,0.31440,0.02550,0.17712,-54.89,3.267,-1,0.0000,-1.00,0.0000,0
138112,1790795568071,0.01597,0.03230,0.13702,0.00815,0.07129,0.03936,0.02764,0.07080,0.03669,0.50304,0.02049,0.03725,0.00446,0.03039,0.04770,0.00672,0.07772,0.04628,0.02692,0.07555,0.04242,0.58757,0.01538,0.03889,-57.44,6.036,-1,0.0000,-1.00,0.0000,0
138205,1790795568172,0.03837,0.03311,0.11059,0.01474,0.06969,0.03341,0.11689,0.03727,0.06004,0.37853,0.05175,0.05562,0.03891,0.02582,0.04541,0.00663,0.07560,0.03232,0.13494,0.03566,0.06987,0.43934,0.05560,0.03989,-56.06,4.542,-1,0.0000,-1.00,0.0000,0
138298,1790795568271,0.02023,0.02233,0.19410,0.00381,0.09234,0.02760,0.13549,0.04566,0.09801,0.31542,0.01060,0.03440,0.01981,0.00367,0.16192,0.00320,0.10872,0.02927,0.16162,0.02261,0.11675,0.35646,0.00690,0.00907,-55.68,3.785,-1,0.0000,-1.00,0.0000,0
138390,1790795568352,0.00764,0.00291,0.14407,0.01334,0.20087,0.02693,0.00522,0.02584,0.00802,0.53497,0.01741,0.01279,0.00478,0.00248,0.05490,0.01308,0.23787,0.03133,0.00577,0.02008,0.00701,0.59387,0.01466,0.01418,-55.29,6.420,-1,0.0000,-1.00,0.0000,0
138483,1790795568453,0.01894,0.02372,0.11213,0.02427,0.16802,0.01992,0.02041,0.03915,0.10176,0.40975,0.04940,0.01254,0.01380,0.00626,0.04468,0.01817,0.19922,0.02113,0.02205,0.03922,0.11744,0.45237,0.05500,0.01066,-56.55,4.917,-1,0.0000,-1.00,0.0000,0
138576,1790795568551,0.02770,0.05546,0.12226,0.02144,0.08299,0.05222,0.04719,0.04642,0.22294,0.21683,0.06554,0.03901,0.02360,0.01657,0.09847,0.01239,0.09227,0.05789,0.05326,0.03610,0.26394,0.24227,0.06705,0.03619,-58.91,2.675,-1,0.0000,-1.00,0.0000,0
138669,1790795568632,0.04546,0.00793,0.07855,0.04599,0.03010,0.07076,0.19277,0.02823,0.02526,0.15475,0.21938,0.10082,0.04761,0.00564,0.05818,0.00597,0.02080,0.07560,0.22717,0.02499,0.02908,0.18131,0.24789,0.07577,-55.79,2.633,-1,0.0000,-1.00,0.0000,0
138762,1790795568743,0.02190,0.00119,0.03708,0.10815,0.00592,0.13526,0.03188,0.01423,0.00251,0.05445,0.56156,0.02586,0.02396,0.00103,0.03159,0.00238,0.00243,0.15733,0.03776,0.01104,0.00254,0.06477,0.64169,0.02350,-55.02,6.739,-1,0.0000,-1.00,0.0000,0
138855,1790795568812,0.02137,0.00343,0.15204,0.04801,0.00923,0.27627,0.01871,0.03663,0.01420,0.16088,0.23038,0.02884,0.02267,0.00144,0.14413,0.01565,0.00501,0.32664,0.02199,0.01546,0.01378,0.19192,0.21130,0.03001,-57.01,3.315,-1,0.0000,-1.00,0.0000,0
138948,1790795568910,0.03785,0.00350,0.23011,0.03169,0.01008,0.23077,0.02625,0.05057,0.01253,0.17141,0.17159,0.02364,0.04236,0.00173,0.23531,0.00775,0.00768,0.26812,0.03101,0.01405,0.01348,0.20386,0.15245,0.02218,-57.75,2.769,-1,0.0000,-1.00,0.0000,0
139041,1790795568992,0.00655,0.00458,0.02163,0.10243,0.04721,0.11618,0.00440,0.00626,0.00799,0.02456,0.53659,0.12163,0.00719,0.00362,0.02118,0.00069,0.02786,0.13779,0.00454,0.00332,0.00943,0.02390,0.61565,0.14484,-54.29,6.439,-1,0.0000,-1.00,0.0000,0
139133,1790795569092,0.01290,0.00269,0.02170,0.11161,0.02513,0.16038,0.00228,0.00733,0.01019,0.01908,0.59082,0.03590,0.01466,0.00085,0.02232,0.00083,0.02170,0.18927,0.00256,0.00436,0.01203,0.01858,0.67042,0.04244,-53.85,7.090,-1,0.0000,-1.00,0.0000,0
139226,1790795569192,0.01762,0.00524,0.05574,0.06853,0.05645,0.19242,0.01101,0.01803,0.02084,0.02085,0.37745,0.15582,0.01931,0.00139,0.06306,0.00137,0.03113,0.22673,0.01289,0.00913,0.02469,0.01882,0.40732,0.18416,-55.35,4.529,-1,0.0000,-1.00,0.0000,0
139319,1790795569273,0.01724,0.00516,0.03595,0.10616,0.02749,0.09196,0.01791,0.02489,0.00598,0.02553,0.53408,0.10763,0.01614,0.00504,0.03730,0.00455,0.00817,0.10700,0.02042,0.02248,0.00613,0.02911,0.61875,0.12492,-55.05,6.409,-1,0.0000,-1.00,0.0000,0
139412,1790795569372,0.07913,0.00960,0.13466,0.07425,0.02170,0.04471,0.03298,0.04762,0.01091,0.12875,0.36843,0.04727,0.08708,0.00902,0.13138,0.00289,0.01568,0.03657,0.02973,0.03900,0.01250,0.15117,0.43421,0.05074,-55.43,4.421,-1,0.0000,-1.00,0.0000,0
139505,1790795569471,0.03405,0.00229,0.18475,0.06805,0.01703,0.09880,0.01694,0.04400,0.00638,0.10630,0.35619,0.06522,0.03806,0.00128,0.19635,0.00129,0.00570,0.11084,0.02004,0.01380,0.00739,0.12624,0.40482,0.07418,-56.32,4.274,-1,0.0000,-1.00,0.0000,0
139598,1790795569572,0.04652,0.01092,0.05183,0.07026,0.01316,0.17710,0.10562,0.02114,0.02390,0.07012,0.37610,0.03333,0.05234,0.00771,0.04595,0.00278,0.01276,0.20183,0.12504,0.01622,0.02805,0.08154,0.41065,0.01514,-56.54,4.513,-1,0.0000,-1.00,0.0000,0
139691,1790795569651,0.08342,0.00307,0.02116,0.04751,0.00621,0.26974,0.17030,0.00612,0.00529,0.05770,0.28259,0.04688,0.09889,0.00254,0.01180,0.00175,0.00391,0.30400,0.20346,0.00510,0.00599,0.06836,0.27835,0.01585,-56.44,3.391,-1,0.0000,-1.00,0.0000,0
139784,1790795569751,0.11649,0.00236,0.01864,0.04139,0.00643,0.42348,0.03306,0.00638,0.00476,0.04698,0.27798,0.02204,0.13831,0.00198,0.01133,0.00243,0.00401,0.48001,0.03905,0.00557,0.00523,0.05550,0.23793,0.01866,-55.63,5.082,-1,0.0000,-1.00,0.0000,0
139877,1790795569850,0.01804,0.00013,0.01045,0.04407,0.00136,0.57667,0.00339,0.00390,0.00089,0.00562,0.33198,0.00349,0.02111,0.00000,0.01123,0.00094,0.00096,0.68680,0.00404,0.00247,0.00088,0.00655,0.26164,0.00338,-53.97,6.920,-1,0.0000,-1.00,0.0000,0
139969,1790795569931,0.04775,0.00263,0.10231,0.04443,0.01763,0.35342,0.00208,0.03997,0.00457,0.01879,0.28858,0.07785,0.05236,0.00210,0.11823,0.00093,0.00272,0.41311,0.00204,0.02449,0.00527,0.02200,0.26389,0.09288,-54.40,4.241,-1,0.0000,-1.00,0.0000,0
140062,1790795570031,0.04171,0.01363,0.08078,0.02892,0.06985,0.32624,0.07659,0.01701,0.00853,0.12567,0.17120,0.03987,0.04850,0.01466,0.06998,0.00898,0.07752,0.38146,0.08795,0.00743,0.00844,0.13522,0.12952,0.03033,-55.10,3.915,-1,0.0000,-1.00,0.0000,0
140155,1790795570112,0.00446,0.00027,0.05159,0.03816,0.00521,0.51519,0.04374,0.01264,0.00132,0.02350,0.28978,0.01413,0.00456,0.00006,0.05642,0.00111,0.00495,0.61642,0.05240,0.00396,0.00132,0.02722,0.22503,0.00655,-54.87,6.182,-1,0.0000,-1.00,0.0000,0
140248,1790795570211,0.03045,0.00160,0.16670,0.06458,0.01407,0.17280,0.02147,0.05576,0.00495,0.08798,0.35080,0.02884,0.03007,0.00104,0.17927,0.00196,0.01079,0.20131,0.02552,0.03128,0.00554,0.10329,0.38043,0.02950,-56.35,4.210,-1,0.0000,-1.00,0.0000,0
140341,1790795570291,0.00711,0.00622,0.11440,0.02210,0.17890,0.04271,0.01621,0.00711,0.03150,0.50873,0.05706,0.00797,0.00792,0.00055,0.02461,0.01487,0.21326,0.04960,0.01931,0.00364,0.03479,0.56731,0.05854,0.00559,-54.42,6.105,-1,0.0000,-1.00,0.0000,0
140434,1790795570392,0.01283,0.01985,0.07006,0.02073,0.28169,0.06936,0.01149,0.01966,0.11893,0.31477,0.05355,0.00707,0.01127,0.00064,0.01796,0.01530,0.33638,0.08088,0.01333,0.02031,0.11714,0.33283,0.04814,0.00583,-54.57,3.777,-1,0.0000,-1.00,0.0000,0
140527,1790795570491,0.05622,0.01268,0.15940,0.04195,0.04949,0.24124,0.02748,0.06350,0.04972,0.12064,0.12986,0.04782,0.05859,0.00487,0.16398,0.03032,0.04917,0.27745,0.03129,0.04425,0.05210,0.13627,0.10061,0.05110,-56.71,2.895,-1,0.0000,-1.00,0.0000,0
140620,1790795570571,0.06975,0.00305,0.04607,0.09113,0.00799,0.13646,0.03121,0.00915,0.01092,0.10073,0.47046,0.02309,0.08264,0.00121,0.03148,0.00322,0.00555,0.14713,0.03715,0.00473,0.01236,0.11968,0.53456,0.02030,-53.71,5.646,-1,0.0000,-1.00,0.0000,0
140712,1790795570692,0.01198,0.00043,0.00751,0.06278,0.00294,0.46735,0.02032,0.00194,0.00152,0.00942,0.40365,0.01015,0.01415,0.00022,0.00684,0.00124,0.00207,0.55720,0.02431,0.00097,0.00157,0.01088,0.37321,0.00735,-51.78,5.608,-1,0.0000,-1.00,0.0000,0
140805,1790795570771,0.00164,0.00018,0.00819,0.01649,0.05038,0.29060,0.33937,0.00108,0.00106,0.03388,0.13370,0.12343,0.00184,0.00003,0.00361,0.00167,0.04702,0.34784,0.40662,0.00061,0.00094,0.03128,0.09125,0.06729,-51.04,4.072,-1,0.0000,-1.00,0.0000,0
140898,1790795570872,0.00060,0.00021,0.01378,0.02446,0.20386,0.28386,0.13999,0.00078,0.00108,0.10613,0.17693,0.04832,0.00057,0.00005,0.00072,0.00065,0.23939,0.34001,0.16773,0.00079,0.00116,0.07971,0.14460,0.02462,-51.44,3.406,-1,0.0000,-1.00,0.0000,0
140991,1790795570951,0.00371,0.00433,0.01871,0.05743,0.14076,0.25213,0.12279,0.00951,0.02837,0.08231,0.19672,0.08322,0.00215,0.00068,0.00842,0.03395,0.15468,0.30169,0.14700,0.00972,0.02459,0.07064,0.17591,0.07058,-54.83,3.026,-1,0.0000,-1.00,0.0000,0
141084,1790795571051,0.01389,0.01659,0.03420,0.05084,0.08583,0.09854,0.10484,0.03383,0.08004,0.17372,0.19798,0.10969,0.00998,0.00166,0.00285,0.01848,0.08128,0.11678,0.12522,0.04005,0.09194,0.19235,0.21408,0.10534,-61.62,2.376,-1,0.0000,-1.00,0.0000,0
141177,1790795571151,0.01400,0.02002,0.05500,0.03232,0.06479,0.10808,0.05226,0.06615,0.08771,0.26444,0.13097,0.10426,0.00345,0.00365,0.00527,0.01268,0.05573,0.12882,0.06190,0.07822,0.10258,0.30582,0.13140,0.11048,-59.44,3.173,-1,0.0000,-1.00,0.0000,0
141270,1790795571241,0.05353,0.02581,0.03217,0.02653,0.07412,0.04644,0.10275,0.10558,0.21018,0.12788,0.10350,0.09150,0.01832,0.00289,0.01057,0.00925,0.07188,0.05202,0.12223,0.12473,0.24783,0.14116,0.11371,0.08541,-60.45,2.522,-1,0.0000,-1.00,0.0000,0
141363,1790795571331,0.04314,0.04126,0.02888,0.08667,0.09889,0.17139,0.18130,0.06016,0.03741,0.05516,0.09460,0.10115,0.03840,0.04405,0.02553,0.08915,0.10266,0.19775,0.20851,0.06703,0.02716,0.04574,0.07415,0.07987,-54.00,2.176,-1,0.0000,-1.00,0.0000,0
141455,1790795571411,0.31866,0.00377,0.01661,0.01888,0.02660,0.09306,0.07180,0.33387,0.01523,0.02490,0.03754,0.03908,0.30300,0.00185,0.01475,0.01573,0.02595,0.05145,0.08554,0.39726,0.01385,0.02597,0.03479,0.02987,-52.33,4.006,-1,0.0000,-1.00,0.0000,0
141548,1790795571511,0.16414,0.04885,0.03443,0.00539,0.00221,0.04807,0.04689,0.43992,0.10843,0.06160,0.02944,0.01064,0.09322,0.03282,0.02669,0.00101,0.00192,0.03927,0.04962,0.52189,0.12969,0.07347,0.02749,0.00291,-53.11,5.279,-1,0.0000,-1.00,0.0000,0
141641,1790795571591,0.01601,0.01964,0.34767,0.00751,0.00085,0.01425,0.00274,0.05673,0.08476,0.41186,0.03647,0.00151,0.01823,0.00344,0.31880,0.00087,0.00076,0.01347,0.00260,0.00478,0.10139,0.49335,0.04103,0.00129,-53.29,4.942,-1,0.0000,-1.00,0.0000,0
141734,1790795571692,0.13721,0.06364,0.12567,0.00608,0.00235,0.03263,0.04137,0.27582,0.10261,0.17183,0.02951,0.01128,0.10313,0.05192,0.10983,0.00101,0.00166,0.01866,0.03884,0.30917,0.12275,0.20556,0.03166,0.00581,-52.26,3.310,-1,0.0000,-1.00,0.0000,0
141827,1790795571791,0.43288,0.00214,0.00592,0.00186,0.00707,0.07243,0.01935,0.39519,0.01018,0.00646,0.00807,0.03846,0.42363,0.00158,0.00557,0.00042,0.00023,0.00281,0.02287,0.47242,0.01211,0.00769,0.00911,0.04155,-51.78,5.195,-1,0.0000,-1.00,0.0000,0
141920,1790795571871,0.23425,0.01808,0.10753,0.01755,0.01309,0.12713,0.02371,0.22336,0.03804,0.05959,0.09043,0.04723,0.23212,0.01323,0.11486,0.00373,0.00556,0.10632,0.02579,0.24487,0.04458,0.07057,0.08728,0.05110,-53.70,2.811,-1,0.0000,-1.00,0.0000,0
142013,1790795571991,0.04612,0.01002,0.17433,0.01070,0.02262,0.10721,0.03328,0.02402,0.04464,0.45688,0.05602,0.01414,0.05370,0.00157,0.10136,0.00415,0.02533,0.11782,0.03955,0.00871,0.05267,0.54243,0.04377,0.00893,-54.72,5.483,-1,0.0000,-1.00,0.0000,0
142106,1790795572071,0.02350,0.00275,0.19569,0.01839,0.05663,0.04362,0.00645,0.03052,0.01042,0.51012,0.09781,0.00410,0.02574,0.00085,0.11595,0.00065,0.06724,0.04717,0.00756,0.01359,0.01232,0.59795,0.10785,0.00314,-54.63,6.121,-1,0.0000,-1.00,0.0000,0
142199,1790795572171,0.01942,0.00204,0.19288,0.01035,0.16185,0.00802,0.00467,0.03167,0.00331,0.51580,0.04716,0.00283,0.02026,0.00176,0.11619,0.00142,0.19339,0.00567,0.00521,0.01496,0.00368,0.57972,0.05538,0.00236,-54.12,6.190,-1,0.0000,-1.00,0.0000,0
142291,1790795572251,0.01828,0.00051,0.07233,0.09609,0.04082,0.05539,0.00301,0.01104,0.00244,0.21032,0.48772,0.00203,0.02080,0.00010,0.03861,0.00174,0.04857,0.06225,0.00359,0.00558,0.00258,0.24239,0.57207,0.00172,-54.10,5.853,-1,0.0000,-1.00,0.0000,0
142384,1790795572351,0.02694,0.02018,0.12384,0.01318,0.14842,0.01267,0.01334,0.04395,0.09451,0.45976,0.03357,0.00964,0.02404,0.00206,0.04611,0.00822,0.17624,0.01042,0.01558,0.04352,0.11161,0.51596,0.03816,0.00808,-54.79,5.517,-1,0.0000,-1.00,0.0000,0
142477,1790795572451,0.12124,0.00876,0.04593,0.07675,0.08804,0.09704,0.06518,0.06737,0.04585,0.16673,0.18953,0.02757,0.12917,0.00292,0.01883,0.05051,0.10196,0.09067,0.07689,0.07762,0.04185,0.18265,0.20913,0.01780,-55.18,2.274,-1,0.0000,-1.00,0.0000,0
142570,1790795572532,0.13256,0.01301,0.07961,0.14765,0.06454,0.05924,0.00305,0.15897,0.08475,0.16342,0.03643,0.05679,0.12340,0.00214,0.05909,0.17009,0.06397,0.04652,0.00323,0.17877,0.06783,0.18313,0.03443,0.06740,-55.32,1.961,-1,0.0000,-1.00,0.0000,0
142663,1790795572631,0.03502,0.00369,0.09737,0.01121,0.20823,0.04829,0.00549,0.02607,0.00966,0.51647,0.02060,0.01790,0.03583,0.00265,0.00354,0.01053,0.24548,0.05077,0.00565,0.03093,0.00895,0.57073,0.01462,0.02032,-56.28,6.198,-1,0.0000,-1.00,0.0000,0
142756,1790795572725,0.08354,0.01992,0.05294,0.01422,0.25087,0.08162,0.01219,0.04332,0.11144,0.27490,0.04441,0.01063,0.08639,0.00167,0.00979,0.00966,0.29864,0.08067,0.01428,0.04997,0.13116,0.27064,0.03723,0.00991,-57.57,3.299,-1,0.0000,-1.00,0.0000,0
142849,1790795572812,0.07702,0.00525,0.03597,0.01546,0.44034,0.07622,0.01148,0.01795,0.01808,0.20355,0.05806,0.04062,0.08835,0.00255,0.01512,0.00764,0.51850,0.07381,0.01312,0.01864,0.02015,0.14112,0.05494,0.04607,-57.45,5.284,-1,0.0000,-1.00,0.0000,0
142942,1790795572892,0.07786,0.00675,0.02702,0.02163,0.12160,0.15293,0.11422,0.10844,0.02666,0.14634,0.10368,0.09289,0.06721,0.00247,0.00268,0.00797,0.12899,0.16992,0.13623,0.12955,0.03036,0.14977,0.09054,0.08429,-57.59,1.835,-1,0.0000,-1.00,0.0000,0
143034,1790795572992,0.16505,0.01237,0.02082,0.02090,0.04295,0.11737,0.10013,0.29090,0.05139,0.07840,0.05418,0.04556,0.12897,0.00332,0.00805,0.01670,0.04533,0.11507,0.11927,0.34702,0.05798,0.08524,0.04211,0.03095,-55.90,3.491,-1,0.0000,-1.00,0.0000,0
143127,1790795573091,0.07476,0.03880,0.09604,0.02959,0.02090,0.03585,0.05825,0.11575,0.19295,0.26472,0.03869,0.03368,0.06269,0.00245,0.05295,0.02747,0.01953,0.03061,0.06217,0.13534,0.22570,0.31339,0.04030,0.02740,-55.18,3.177,-1,0.0000,-1.00,0.0000,0
143220,1790795573171,0.11736,0.02311,0.07065,0.06974,0.03445,0.12839,0.02600,0.04799,0.01319,0.09483,0.34120,0.03309,0.13176,0.02485,0.06349,0.00753,0.03446,0.12772,0.02583,0.04532,0.01431,0.10680,0.38352,0.03441,-56.77,4.094,-1,0.0000,-1.00,0.0000,0
143313,1790795573292,0.04533,0.03600,0.07175,0.03626,0.05872,0.07667,0.02233,0.02433,0.17678,0.32836,0.10540,0.01806,0.04895,0.00200,0.01061,0.02165,0.06698,0.08229,0.02636,0.02705,0.20754,0.38017,0.10998,0.01641,-54.71,3.940,-1,0.0000,-1.00,0.0000,0
143406,1790795573372,0.01591,0.00731,0.04089,0.05728,0.07724,0.26886,0.06030,0.01587,0.03482,0.18934,0.21519,0.01698,0.01557,0.00201,0.00726,0.03006,0.09111,0.31930,0.07182,0.01762,0.03406,0.21052,0.19455,0.00611,-53.67,3.226,-1,0.0000,-1.00,0.0000,0
143499,1790795573472,0.08144,0.01894,0.07394,0.09133,0.08884,0.11398,0.04447,0.08284,0.06485,0.18539,0.12131,0.03267,0.07981,0.01065,0.04847,0.08542,0.09929,0.12216,0.05118,0.08965,0.06077,0.20245,0.12114,0.02900,-55.94,2.225,-1,0.0000,-1.00,0.0000,0
143592,1790795573552,0.18953,0.00767,0.06685,0.11617,0.01697,0.06425,0.02460,0.10511,0.03625,0.21970,0.12701,0.02590,0.20266,0.00551,0.02851,0.11047,0.01524,0.03686,0.02831,0.12037,0.02154,0.26023,0.14488,0.02542,-56.50,2.636,-1,0.0000,-1.00,0.0000,0
143685,1790795573652,0.10483,0.04376,0.05401,0.03650,0.02368,0.03314,0.00793,0.22498,0.13627,0.16891,0.10043,0.06556,0.07071,0.02568,0.02512,0.02089,0.01344,0.02570,0.00335,0.26565,0.15915,0.19973,0.11525,0.07534,-56.47,2.700,-1,0.0000,-1.00,0.0000,0
143777,1790795573752,0.12286,0.01852,0.09983,0.01890,0.04362,0.04039,0.04829,0.13079,0.06713,0.28383,0.08072,0.04512,0.11737,0.00746,0.05377,0.00446,0.04377,0.02512,0.05638,0.14606,0.07879,0.33218,0.09174,0.04289,-56.37,3.406,-1,0.0000,-1.00,0.0000,0
143870,1790795573830,0.02294,0.00705,0.06248,0.00530,0.34202,0.01413,0.06148,0.05355,0.03378,0.36484,0.01380,0.01863,0.01497,0.00065,0.00424,0.00362,0.40826,0.01401,0.07301,0.06387,0.03976,0.35623,0.01376,0.00762,-54.79,4.378,-1,0.0000,-1.00,0.0000,0
143963,1790795573931,0.04278,0.00447,0.08383,0.00980,0.21377,0.04372,0.01720,0.07109,0.02027,0.44203,0.04434,0.00670,0.03459,0.00065,0.00549,0.00300,0.25536,0.04553,0.02046,0.08412,0.02370,0.47903,0.04411,0.00397,-55.63,5.304,-1,0.0000,-1.00,0.0000,0
144056,1790795574011,0.02402,0.01766,0.08673,0.01828,0.16065,0.01334,0.01933,0.05170,0.07865,0.44720,0.07461,0.00784,0.01694,0.00266,0.00522,0.00468,0.19157,0.01263,0.02264,0.06092,0.09331,0.49788,0.08690,0.00467,-55.83,5.366,-1,0.0000,-1.00,0.0000,0
144149,1790795574111,0.04568,0.00801,0.07955,0.03412,0.08104,0.03551,0.01688,0.07330,0.03423,0.40429,0.17036,0.01703,0.03770,0.00153,0.00297,0.00179,0.09385,0.03511,0.01993,0.08725,0.04067,0.46583,0.19717,0.01620,-56.31,4.851,-1,0.0000,-1.00,0.0000,0
144242,1790795574191,0.10366,0.02851,0.06487,0.04292,0.05350,0.05775,0.04865,0.10927,0.06384,0.19050,0.18648,0.05005,0.09905,0.01992,0.03460,0.00909,0.05402,0.04989,0.05434,0.12408,0.07467,0.21758,0.21355,0.04920,-57.17,2.286,-1,0.0000,-1.00,0.0000,0
144335,1790795574292,0.06383,0.01062,0.04942,0.02296,0.14021,0.02287,0.16077,0.12299,0.05470,0.26648,0.04180,0.04333,0.04673,0.00105,0.00241,0.01830,0.16514,0.01827,0.19228,0.14705,0.06191,0.28657,0.04647,0.01380,-55.53,3.198,-1,0.0000,-1.00,0.0000,0
144428,1790795574391,0.02261,0.00082,0.10386,0.02712,0.09807,0.01154,0.01228,0.06066,0.00298,0.53156,0.12170,0.00680,0.01272,0.00048,0.00275,0.00403,0.11646,0.01131,0.01430,0.07246,0.00278,0.61385,0.14359,0.00527,-55.69,6.379,-1,0.0000,-1.00,0.0000,0
144520,1790795574472,0.04237,0.04009,0.08009,0.05151,0.03144,0.01400,0.04403,0.11753,0.07180,0.25147,0.18435,0.07132,0.01315,0.04282,0.03711,0.01849,0.02245,0.01416,0.04398,0.13378,0.08237,0.29687,0.21808,0.07674,-55.03,3.018,-1,0.0000,-1.00,0.0000,0
144613,1790795574591,0.05091,0.12722,0.24004,0.01986,0.00453,0.00951,0.09393,0.33038,0.00534,0.01332,0.07322,0.03174,0.00371,0.15145,0.28457,0.00682,0.00306,0.01071,0.08252,0.33947,0.00502,0.01538,0.08562,0.01167,-54.07,3.965,-1,0.0000,-1.00,0.0000,0
144706,1790795574672,0.07889,0.04901,0.22785,0.01748,0.02638,0.09133,0.09225,0.22844,0.01614,0.07826,0.06086,0.03310,0.05024,0.05530,0.25551,0.01039,0.02765,0.09947,0.09929,0.22337,0.01728,0.08830,0.05321,0.01998,-55.77,2.741,-1,0.0000,-1.00,0.0000,0
144799,1790795574772,0.14601,0.01881,0.09206,0.02315,0.16824,0.13997,0.01853,0.09402,0.01874,0.17056,0.08186,0.02806,0.15705,0.01862,0.07750,0.01366,0.19593,0.13659,0.01851,0.09729,0.01974,0.16553,0.07100,0.02857,-58.35,2.047,-1,0.0000,-1.00,0.0000,0
144892,1790795574851,0.13003,0.01464,0.12639,0.00739,0.13637,0.12671,0.01145,0.11820,0.01821,0.24746,0.04505,0.01810,0.13342,0.01345,0.09895,0.00308,0.15992,0.12538,0.00996,0.12311,0.02121,0.26482,0.02912,0.01759,-57.68,2.970,-1,0.0000,-1.00,0.0000,0
144985,1790795574952,0.15867,0.04839,0.05675,0.03461,0.05641,0.06774,0.02510,0.05086,0.03625,0.22742,0.16051,0.07729,0.17468,0.05360,0.01591,0.00517,0.05000,0.04655,0.01945,0.05779,0.04222,0.26278,0.18310,0.08876,-55.32,2.729,-1,0.0000,-1.00,0.0000,0
145078,1790795575051,0.08915,0.00818,0.04617,0.03459,0.31751,0.04673,0.01126,0.05836,0.02228,0.19110,0.16230,0.01237,0.09382,0.00472,0.02479,0.00436,0.37799,0.03739,0.01223,0.06534,0.02583,0.15405,0.18706,0.01240,-55.22,3.810,-1,0.0000,-1.00,0.0000,0
145171,1790795575132,0.13329,0.00957,0.08954,0.04772,0.04614,0.06073,0.02527,0.05501,0.03185,0.22661,0.21805,0.05624,0.14783,0.00454,0.05515,0.00709,0.04296,0.04346,0.02627,0.05808,0.03676,0.26301,0.25266,0.06218,-56.16,2.719,-1,0.0000,-1.00,0.0000,0
145264,1790795575232,0.04708,0.01865,0.08564,0.01635,0.11097,0.02160,0.07521,0.01493,0.09528,0.41253,0.06507,0.03669,0.05272,0.00112,0.00890,0.00474,0.12778,0.01544,0.08975,0.01628,0.10942,0.47278,0.07490,0.02618,-55.15,4.950,-1,0.0000,-1.00,0.0000,0
145356,1790795575311,0.11215,0.00840,0.03727,0.01388,0.40940,0.04854,0.03405,0.00948,0.02628,0.25351,0.02231,0.02474,0.13204,0.00458,0.00354,0.01259,0.48626,0.03199,0.03972,0.01083,0.02900,0.20738,0.02039,0.02169,-55.86,4.913,-1,0.0000,-1.00,0.0000,0
145449,1790795575410,0.23947,0.02276,0.02322,0.01831,0.08838,0.28001,0.01578,0.03509,0.03337,0.10350,0.10305,0.03708,0.27862,0.01994,0.00706,0.00849,0.09727,0.28069,0.01496,0.04064,0.03831,0.10473,0.06783,0.04147,-57.48,3.360,-1,0.0000,-1.00,0.0000,0
145542,1790795575494,0.03977,0.03433,0.03621,0.03759,0.16007,0.10506,0.00845,0.06822,0.10283,0.19393,0.06757,0.14597,0.03148,0.01821,0.00351,0.03369,0.15740,0.11965,0.00649,0.08108,0.11654,0.20117,0.05725,0.17353,-56.53,2.327,-1,0.0000,-1.00,0.0000,0
145635,1790795575591,0.02292,0.01019,0.05471,0.01067,0.21605,0.03612,0.00396,0.01320,0.03996,0.30214,0.04843,0.24165,0.02440,0.00283,0.00171,0.00279,0.20165,0.03845,0.00418,0.01548,0.04733,0.32206,0.05041,0.28872,-55.33,3.626,-1,0.0000,-1.00,0.0000,0
145728,1790795575692,0.07133,0.00716,0.08025,0.00475,0.10158,0.06316,0.06342,0.04543,0.03377,0.39091,0.02025,0.11798,0.07518,0.00076,0.00711,0.00327,0.09673,0.06078,0.07566,0.05321,0.03982,0.44923,0.01222,0.12604,-55.24,4.691,-1,0.0000,-1.00,0.0000,0
145821,1790795575771,0.06225,0.00632,0.07674,0.00197,0.15549,0.05559,0.03412,0.07272,0.03067,0.41144,0.01237,0.08032,0.05732,0.00037,0.00085,0.00159,0.16884,0.05524,0.04081,0.08697,0.03643,0.45954,0.00388,0.08815,-56.28,4.937,-1,0.0000,-1.00,0.0000,0
145914,1790795575893,0.23284,0.01552,0.05821,0.00301,0.04368,0.13515,0.01542,0.08767,0.07247,0.29099,0.02507,0.01998,0.25814,0.00177,0.00253,0.00200,0.04834,0.11077,0.01803,0.10464,0.08643,0.33909,0.00809,0.02017,-56.33,3.492,-1,0.0000,-1.00,0.0000,0
146007,1790795575970,0.13506,0.01555,0.15462,0.01123,0.04348,0.10747,0.00832,0.04329,0.08723,0.36448,0.01968,0.00959,0.15344,0.00078,0.10066,0.01266,0.05013,0.09849,0.00981,0.03192,0.10200,0.42681,0.00405,0.00925,-56.51,4.374,-1,0.0000,-1.00,0.0000,0
146099,1790795576071,0.17540,0.01443,0.07019,0.05283,0.06031,0.08957,0.07187,0.10641,0.08318,0.15855,0.05096,0.06632,0.18278,0.00368,0.04874,0.05399,0.05986,0.07109,0.08514,0.11809,0.08871,0.17837,0.04696,0.06258,-56.68,2.105,-1,0.0000,-1.00,0.0000,0
146192,1790795576153,0.01257,0.02383,0.08881,0.01649,0.11359,0.01103,0.10898,0.05164,0.09843,0.33409,0.01574,0.12479,0.00381,0.00582,0.03144,0.01651,0.11151,0.01246,0.12832,0.05675,0.11468,0.37821,0.01639,0.12409,-54.99,4.009,-1,0.0000,-1.00,0.0000,0
146285,1790795576248,0.00446,0.00759,0.07871,0.00513,0.17652,0.00436,0.01957,0.01551,0.01679,0.35096,0.01429,0.30611,0.00231,0.00523,0.01644,0.00294,0.13968,0.00477,0.02241,0.01533,0.01950,0.39288,0.01617,0.36235,-54.73,4.212,-1,0.0000,-1.00,0.0000,0
146378,1790795576351,0.00403,0.01616,0.03151,0.00593,0.21877,0.00399,0.00500,0.02065,0.04619,0.13187,0.01393,0.50198,0.00040,0.00855,0.01205,0.00399,0.14306,0.00470,0.00430,0.02236,0.05455,0.12965,0.01576,0.60064,-54.61,6.024,-1,0.0000,-1.00,0.0000,0
146471,1790795576431,0.00089,0.00213,0.11877,0.00147,0.20644,0.00066,0.00201,0.00314,0.00565,0.62451,0.00234,0.03199,0.00038,0.00134,0.00340,0.00123,0.23985,0.00071,0.00211,0.00312,0.00653,0.70076,0.00267,0.03791,-53.25,7.494,-1,0.0000,-1.00,0.0000,0
146564,1790795576532,0.00378,0.00790,0.11477,0.00408,0.19533,0.00198,0.00574,0.01309,0.01765,0.59110,0.00653,0.03804,0.00152,0.00561,0.00589,0.00342,0.22524,0.00207,0.00576,0.01453,0.02012,0.66399,0.00742,0.04444,-53.61,7.093,-1,0.0000,-1.00,0.0000,0
146657,1790795576611,0.00113,0.00336,0.15256,0.00118,0.09348,0.00073,0.00236,0.00674,0.01038,0.69692,0.00297,0.02819,0.00059,0.00162,0.02137,0.00074,0.10541,0.00076,0.00250,0.00384,0.01210,0.81436,0.00340,0.03328,-54.26,8.363,-1,0.0000,-1.00,0.0000,0
146750,1790795576711,0.00141,0.00315,0.05697,0.00297,0.54284,0.00189,0.00235,0.00528,0.00966,0.34056,0.00115,0.03176,0.00055,0.00199,0.01264,0.00338,0.64300,0.00216,0.00242,0.00382,0.01091,0.28060,0.00094,0.03758,-55.07,6.514,-1,0.0000,-1.00,0.0000,0
146842,1790795576793,0.11003,0.00559,0.16125,0.01599,0.04214,0.00645,0.00744,0.49043,0.02064,0.08043,0.00689,0.05273,0.02148,0.00325,0.17560,0.01767,0.03818,0.00359,0.00825,0.55285,0.02122,0.08881,0.00755,0.06155,-55.47,5.885,-1,0.0000,-1.00,0.0000,0
146935,1790795576891,0.04647,0.00625,0.38028,0.00105,0.04663,0.00207,0.00569,0.25213,0.02553,0.10125,0.00406,0.12859,0.00852,0.00572,0.43261,0.00032,0.02555,0.00079,0.00566,0.21637,0.03053,0.11625,0.00471,0.15296,-54.72,4.563,-1,0.0000,-1.00,0.0000,0
147028,1790795576992,0.01724,0.01451,0.21829,0.10513,0.07995,0.00458,0.00990,0.06777,0.05644,0.10897,0.01160,0.30563,0.00894,0.01374,0.23660,0.12337,0.02356,0.00371,0.00913,0.03430,0.04317,0.12590,0.01316,0.36441,-54.60,3.668,-1,0.0000,-1.00,0.0000,0
147121,1790795577090,0.00907,0.00674,0.05830,0.20997,0.34391,0.00512,0.04614,0.01418,0.06381,0.17986,0.00823,0.05467,0.00854,0.00337,0.04291,0.24981,0.40125,0.00445,0.05453,0.00856,0.02693,0.13597,0.00898,0.05470,-53.61,4.127,-1,0.0000,-1.00,0.0000,0
147214,1790795577193,0.00307,0.00110,0.03532,0.01086,0.61851,0.00212,0.02246,0.01244,0.00563,0.24197,0.00170,0.04483,0.00103,0.00070,0.01359,0.01270,0.73153,0.00233,0.02675,0.01224,0.00423,0.14492,0.00157,0.04841,-54.43,7.422,-1,0.0000,-1.00,0.0000,0
147307,1790795577272,0.01689,0.01233,0.10032,0.10245,0.22893,0.00703,0.00550,0.07657,0.06497,0.22281,0.01646,0.14575,0.00479,0.00668,0.07443,0.11915,0.23994,0.00747,0.00526,0.07700,0.04275,0.23090,0.01824,0.17340,-55.61,2.747,-1,0.0000,-1.00,0.0000,0
147400,1790795577373,0.10493,0.00264,0.22690,0.00443,0.03717,0.00131,0.00187,0.56781,0.01033,0.02974,0.00084,0.01203,0.00079,0.00145,0.26645,0.00516,0.04172,0.00145,0.00195,0.62755,0.01136,0.02736,0.00072,0.01403,-53.34,6.814,-1,0.0000,-1.00,0.0000,0
147493,1790795577452,0.08769,0.00103,0.28077,0.00129,0.03746,0.00071,0.00115,0.49614,0.00257,0.02034,0.00132,0.06951,0.00030,0.00069,0.33271,0.00127,0.02842,0.00080,0.00124,0.52854,0.00276,0.01880,0.00143,0.08305,-53.07,5.954,-1,0.0000,-1.00,0.0000,0
147586,1790795577552,0.02853,0.00335,0.38548,0.01904,0.04118,0.00247,0.03894,0.20487,0.00921,0.04632,0.08417,0.13644,0.00304,0.00207,0.45163,0.00291,0.01873,0.00235,0.04571,0.15649,0.01046,0.05179,0.10039,0.15442,-53.81,4.626,-1,0.0000,-1.00,0.0000,0
147678,1790795577654,0.04845,0.00030,0.51441,0.00065,0.01892,0.00015,0.00634,0.34573,0.00058,0.01900,0.00110,0.04438,0.00000,0.00024,0.61235,0.00052,0.01242,0.00018,0.00755,0.29287,0.00058,0.02032,0.00128,0.05168,-52.31,6.173,-1,0.0000,-1.00,0.0000,0
147771,1790795577731,0.10042,0.00047,0.28131,0.00142,0.01257,0.00043,0.00412,0.55882,0.00135,0.01320,0.00098,0.02491,0.00073,0.00030,0.33431,0.00148,0.00934,0.00037,0.00488,0.60333,0.00132,0.01396,0.00111,0.02888,-51.78,6.706,-1,0.0000,-1.00,0.0000,0
147864,1790795577833,0.09585,0.00611,0.23940,0.03477,0.01780,0.00049,0.00147,0.53038,0.03399,0.00877,0.00097,0.03001,0.00008,0.00088,0.28533,0.04145,0.01426,0.00057,0.00156,0.57898,0.03251,0.00768,0.00105,0.03565,-52.06,6.365,-1,0.0000,-1.00,0.0000,0
147957,1790795577911,0.00613,0.01743,0.09207,0.05368,0.26606,0.00124,0.00212,0.03388,0.09641,0.41125,0.00136,0.01838,0.00023,0.00180,0.02369,0.06405,0.31453,0.00144,0.00218,0.03590,0.09624,0.43701,0.00135,0.02159,-52.22,4.935,-1,0.0000,-1.00,0.0000,0
148050,1790795578011,0.00315,0.05103,0.05508,0.00451,0.26045,0.00236,0.03842,0.00611,0.24957,0.27724,0.00777,0.04431,0.00253,0.00877,0.00531,0.00365,0.30329,0.00233,0.04430,0.00627,0.26424,0.30615,0.00885,0.04431,-52.76,3.327,-1,0.0000,-1.00,0.0000,0
148143,1790795578092,0.00332,0.05306,0.04576,0.03517,0.13628,0.12010,0.02779,0.00868,0.16042,0.21042,0.12151,0.07749,0.00232,0.02850,0.00830,0.01892,0.14599,0.14345,0.02757,0.00884,0.17694,0.23473,0.11716,0.08729,-53.30,2.525,-1,0.0000,-1.00,0.0000,0
148236,1790795578192,0.00190,0.06436,0.04607,0.17958,0.08390,0.03392,0.00596,0.00262,0.25909,0.23201,0.07139,0.01919,0.00185,0.02346,0.00387,0.19980,0.09609,0.04028,0.00245,0.00240,0.27085,0.25896,0.07756,0.02243,-52.44,3.109,-1,0.0000,-1.00,0.0000,0
148329,1790795578293,0.00224,0.14157,0.03115,0.07301,0.09627,0.08776,0.01964,0.00404,0.26874,0.16662,0.09134,0.01763,0.00193,0.10855,0.00212,0.06991,0.11127,0.10478,0.00193,0.00450,0.30815,0.17759,0.08867,0.02061,-52.32,3.225,-1,0.0000,-1.00,0.0000,0
148421,1790795578392,0.00090,0.11630,0.03205,0.15422,0.07525,0.08301,0.01427,0.00307,0.26055,0.17306,0.08042,0.00688,0.00037,0.08417,0.00078,0.16960,0.08855,0.09939,0.00039,0.00355,0.27858,0.18981,0.07666,0.00815,-51.95,3.127,-1,0.0000,-1.00,0.0000,0
148514,1790795578491,0.00082,0.05304,0.03241,0.10357,0.11295,0.14831,0.00460,0.00301,0.20425,0.16531,0.16120,0.01054,0.00050,0.01963,0.00384,0.09279,0.13292,0.17761,0.00156,0.00291,0.22156,0.17652,0.15795,0.01222,-51.92,2.451,-1,0.0000,-1.00,0.0000,0
148607,1790795578573,0.00148,0.03464,0.03680,0.24052,0.14218,0.07550,0.00383,0.00315,0.21212,0.20946,0.03656,0.00376,0.00075,0.00255,0.00100,0.28306,0.16964,0.09032,0.00406,0.00359,0.19806,0.21735,0.02591,0.00370,-52.35,2.886,-1,0.0000,-1.00,0.0000,0
148700,1790795578673,0.00715,0.02875,0.04413,0.12272,0.15215,0.13519,0.01951,0.01450,0.13641,0.21245,0.11284,0.01419,0.00387,0.00852,0.00948,0.12658,0.17977,0.16123,0.02099,0.01619,0.13836,0.21893,0.10325,0.01285,-53.18,2.549,-1,0.0000,-1.00,0.0000,0
148793,1790795578752,0.04330,0.07634,0.09067,0.06788,0.12291,0.06389,0.03091,0.04161,0.10756,0.07379,0.03359,0.24755,0.04460,0.07004,0.09463,0.07602,0.08938,0.06772,0.02315,0.03110,0.11381,0.07070,0.02682,0.29203,-56.71,2.971,-1,0.0000,-1.00,0.0000,0
148886,1790795578851,0.00614,0.11471,0.01790,0.02024,0.18432,0.00823,0.02286,0.01487,0.09365,0.06720,0.03409,0.41578,0.00422,0.11586,0.01029,0.01651,0.12227,0.00902,0.00439,0.01582,0.10894,0.05628,0.03906,0.49734,-58.10,4.989,-1,0.0000,-1.00,0.0000,0
148979,1790795578951,0.01293,0.08735,0.03882,0.01487,0.13527,0.02212,0.17292,0.01546,0.05716,0.11675,0.04416,0.28221,0.01055,0.09357,0.02279,0.00830,0.10206,0.02482,0.18865,0.01401,0.06684,0.11966,0.04799,0.30075,-57.40,3.386,-1,0.0000,-1.00,0.0000,0
149072,1790795579031,0.00396,0.10717,0.03260,0.01559,0.14345,0.00923,0.17339,0.00876,0.02429,0.16112,0.04961,0.27083,0.00235,0.12344,0.00530,0.00732,0.11476,0.01059,0.18330,0.00945,0.02766,0.17031,0.05734,0.28818,-57.71,3.250,-1,0.0000,-1.00,0.0000,0
149164,1790795579133,0.00766,0.14372,0.03923,0.01091,0.23811,0.01317,0.04597,0.01678,0.02995,0.19003,0.02944,0.23502,0.00559,0.16539,0.01092,0.00666,0.23036,0.01468,0.02226,0.01798,0.03457,0.18204,0.03237,0.27720,-58.08,2.857,-1,0.0000,-1.00,0.0000,0
149257,1790795579214,0.00514,0.05385,0.03294,0.00609,0.29561,0.00872,0.01692,0.01084,0.02041,0.14946,0.02009,0.37993,0.00415,0.05986,0.01435,0.00291,0.26431,0.00962,0.00816,0.01040,0.02388,0.12669,0.02217,0.45350,-58.83,4.559,-1,0.0000,-1.00,0.0000,0
149350,1790795579312,0.01426,0.05547,0.03408,0.03210,0.19938,0.00937,0.06699,0.04525,0.02551,0.12561,0.11531,0.27668,0.00670,0.06117,0.01782,0.01146,0.17583,0.00990,0.06756,0.05127,0.02784,0.11611,0.13621,0.31814,-56.47,3.320,-1,0.0000,-1.00,0.0000,0
149443,1790795579392,0.02618,0.03471,0.07136,0.03048,0.06292,0.00767,0.10631,0.11047,0.09850,0.19714,0.04411,0.21014,0.00649,0.01943,0.03986,0.02636,0.03033,0.00790,0.12342,0.12459,0.11273,0.23029,0.05129,0.22733,-55.05,2.522,-1,0.0000,-1.00,0.0000,0
149536,1790795579492,0.00960,0.07910,0.03667,0.03426,0.07367,0.00740,0.07713,0.03606,0.26473,0.13285,0.01366,0.23488,0.00345,0.03386,0.01332,0.03813,0.03585,0.00818,0.08566,0.04062,0.30727,0.15447,0.01474,0.26446,-55.41,3.177,-1,0.0000,-1.00,0.0000,0
149629,1790795579592,0.01547,0.03950,0.02343,0.27755,0.10112,0.02262,0.01740,0.02240,0.13747,0.10064,0.02007,0.22235,0.01241,0.02867,0.00688,0.32877,0.06894,0.02464,0.01517,0.02547,0.09955,0.10692,0.01916,0.26341,-55.57,3.331,-1,0.0000,-1.00,0.0000,0
149722,1790795579693,0.03074,0.00679,0.05796,0.01088,0.20539,0.02074,0.00576,0.05435,0.02116,0.20549,0.01328,0.36744,0.02492,0.00352,0.02689,0.01066,0.15906,0.01991,0.00590,0.06010,0.02325,0.21470,0.01197,0.43912,-56.45,4.409,-1,0.0000,-1.00,0.0000,0
149815,1790795579793,0.01748,0.01589,0.08509,0.19144,0.08488,0.00649,0.02516,0.05785,0.06849,0.12609,0.14231,0.17884,0.00941,0.01121,0.07434,0.19582,0.06032,0.00591,0.02792,0.05458,0.04307,0.13931,0.16934,0.20876,-56.72,2.297,-1,0.0000,-1.00,0.0000,0
149908,1790795579872,0.01666,0.01953,0.34956,0.14432,0.06703,0.00739,0.03919,0.12535,0.09420,0.09655,0.02240,0.01782,0.00547,0.00785,0.39898,0.16791,0.07784,0.00777,0.04458,0.07192,0.07959,0.10026,0.02530,0.01252,-55.90,4.195,-1,0.0000,-1.00,0.0000,0
150000,1790795579971,0.00235,0.00243,0.12673,0.00851,0.49368,0.00598,0.01345,0.01870,0.01102,0.30558,0.00576,0.00582,0.00232,0.00094,0.10227,0.00909,0.59079,0.00670,0.01594,0.00213,0.01033,0.25011,0.00557,0.00381,-55.24,5.924,-1,0.0000,-1.00,0.0000,0
150093,1790795580049,0.00215,0.00158,0.07927,0.01282,0.26324,0.29150,0.00635,0.01199,0.00364,0.21781,0.10537,0.00428,0.00196,0.00119,0.05561,0.00405,0.31471,0.34889,0.00737,0.00335,0.00355,0.19860,0.05709,0.00363,-53.92,3.498,-1,0.0000,-1.00,0.0000,0
150186,1790795580153,0.00254,0.05359,0.11898,0.19310,0.03287,0.09677,0.00366,0.02191,0.30427,0.11394,0.05366,0.00470,0.00243,0.00071,0.11701,0.22317,0.03844,0.11547,0.00420,0.00311,0.32035,0.12891,0.04141,0.00480,-54.14,3.651,-1,0.0000,-1.00,0.0000,0
150279,1790795580252,0.00543,0.01096,0.21049,0.09121,0.17787,0.08648,0.00199,0.03897,0.08069,0.18906,0.10162,0.00523,0.00512,0.00118,0.21240,0.08919,0.21197,0.10261,0.00208,0.00466,0.06265,0.20087,0.10142,0.00586,-55.68,2.526,-1,0.0000,-1.00,0.0000,0
150372,1790795580332,0.00402,0.03443,0.16068,0.12768,0.13427,0.01809,0.00227,0.02561,0.18417,0.28782,0.01617,0.00479,0.00381,0.00351,0.13045,0.14998,0.15984,0.02092,0.00203,0.00482,0.19095,0.31319,0.01523,0.00528,-55.82,3.454,-1,0.0000,-1.00,0.0000,0
150465,1790795580431,0.00569,0.00853,0.23004,0.00688,0.01217,0.06128,0.00351,0.02995,0.02966,0.57360,0.03177,0.00692,0.00497,0.00365,0.13990,0.00355,0.01309,0.07244,0.00348,0.00815,0.03482,0.68473,0.02371,0.00751,-56.68,6.883,-1,0.0000,-1.00,0.0000,0
150558,1790795580511,0.00719,0.01672,0.18887,0.01973,0.02052,0.03109,0.01150,0.02785,0.03902,0.55293,0.07189,0.01270,0.00568,0.01108,0.09583,0.00798,0.02201,0.03612,0.01114,0.01480,0.04517,0.65817,0.07898,0.01300,-56.79,6.635,-1,0.0000,-1.00,0.0000,0
150651,1790795580611,0.04388,0.00331,0.27060,0.01403,0.07727,0.03066,0.02416,0.04713,0.01416,0.39949,0.05891,0.01639,0.05043,0.00086,0.23287,0.00388,0.08962,0.02694,0.02878,0.01031,0.01620,0.46092,0.06525,0.01394,-55.97,4.794,-1,0.0000,-1.00,0.0000,0
150743,1790795580693,0.05017,0.01086,0.30988,0.02542,0.01889,0.02118,0.02367,0.25011,0.04781,0.10843,0.08108,0.05249,0.01420,0.00217,0.34597,0.01209,0.01125,0.02257,0.02741,0.23163,0.05471,0.12787,0.09268,0.05746,-56.91,3.719,-1,0.0000,-1.00,0.0000,0
150836,1790795580793,0.04295,0.03566,0.20660,0.02554,0.06465,0.03014,0.07042,0.09871,0.10408,0.24159,0.05306,0.02660,0.03414,0.02025,0.19304,0.01917,0.07377,0.02989,0.08036,0.08001,0.12074,0.27503,0.05766,0.01594,-55.79,2.899,-1,0.0000,-1.00,0.0000,0
150929,1790795580892,0.01891,0.04289,0.09152,0.10311,0.12370,0.00840,0.04430,0.08864,0.19744,0.25544,0.01352,0.01213,0.00402,0.00924,0.05478,0.12071,0.14740,0.00927,0.05069,0.09591,0.21266,0.27685,0.01437,0.00411,-53.53,3.065,-1,0.0000,-1.00,0.0000,0
151022,1790795580991,0.00451,0.00358,0.06286,0.00320,0.48575,0.00346,0.00649,0.01243,0.00768,0.40360,0.00400,0.00244,0.00253,0.00259,0.00231,0.00303,0.58175,0.00365,0.00722,0.01448,0.00855,0.36833,0.00407,0.00150,-52.74,5.829,-1,0.0000,-1.00,0.0000,0
151115,1790795581093,0.00056,0.00088,0.05989,0.00077,0.53163,0.00283,0.00056,0.00172,0.00111,0.39815,0.00133,0.00056,0.00043,0.00082,0.00222,0.00073,0.63692,0.00331,0.00051,0.00162,0.00119,0.35081,0.00094,0.00049,-52.67,6.380,-1,0.0000,-1.00,0.0000,0
151208,1790795581172,0.00122,0.00260,0.08395,0.00113,0.39912,0.00898,0.00230,0.00331,0.00508,0.48876,0.00263,0.00092,0.00043,0.00235,0.00325,0.00115,0.47811,0.01067,0.00229,0.00332,0.00569,0.49104,0.00104,0.00065,-54.23,5.865,-1,0.0000,-1.00,0.0000,0
151301,1790795581272,0.03764,0.01215,0.09875,0.00892,0.10085,0.03567,0.08498,0.15870,0.03123,0.22485,0.02459,0.18167,0.00948,0.00801,0.06811,0.00646,0.08163,0.04086,0.10024,0.17666,0.03607,0.25330,0.02137,0.19781,-56.64,2.698,-1,0.0000,-1.00,0.0000,0
151394,1790795581352,0.06932,0.00167,0.12002,0.00196,0.03182,0.04467,0.19728,0.35624,0.00752,0.01984,0.01622,0.13343,0.00400,0.00028,0.13968,0.00057,0.01573,0.05274,0.23633,0.39918,0.00870,0.02085,0.00899,0.11297,-57.12,4.275,-1,0.0000,-1.00,0.0000,0
151486,1790795581452,0.06037,0.00128,0.27056,0.01775,0.04132,0.05851,0.04152,0.33737,0.01950,0.02981,0.01716,0.10485,0.00165,0.00074,0.31816,0.01993,0.02655,0.06978,0.04961,0.34118,0.01941,0.03045,0.00673,0.11580,-57.39,4.048,-1,0.0000,-1.00,0.0000,0
151579,1790795581552,0.05251,0.00099,0.22765,0.01674,0.05029,0.01826,0.00893,0.31050,0.00388,0.02386,0.08415,0.20223,0.00093,0.00030,0.26762,0.00092,0.01288,0.02170,0.00931,0.32033,0.00447,0.02604,0.09653,0.23897,-55.18,3.726,-1,0.0000,-1.00,0.0000,0
151672,1790795581632,0.12216,0.00078,0.16858,0.00491,0.00709,0.00278,0.00066,0.64975,0.00488,0.00537,0.00094,0.03208,0.00000,0.00000,0.20076,0.00579,0.00092,0.00334,0.00079,0.73876,0.00471,0.00625,0.00047,0.03822,-52.88,7.797,-1,0.0000,-1.00,0.0000,0
151765,1790795581746,0.04097,0.02347,0.08844,0.25932,0.12865,0.01070,0.02140,0.17279,0.16915,0.05894,0.00703,0.01913,0.01130,0.00070,0.09789,0.30947,0.15062,0.01058,0.02551,0.18764,0.14133,0.04076,0.00633,0.01786,-52.99,3.112,-1,0.0000,-1.00,0.0000,0
151858,1790795581813,0.04556,0.00448,0.01317,0.16869,0.46597,0.03682,0.03900,0.00376,0.05433,0.15108,0.00691,0.01022,0.05379,0.00053,0.00181,0.20181,0.55777,0.03345,0.04657,0.00420,0.02510,0.07046,0.00164,0.00285,-53.51,5.592,-1,0.0000,-1.00,0.0000,0
151951,1790795581912,0.04279,0.00574,0.00784,0.15400,0.38907,0.16108,0.00200,0.00383,0.05700,0.10799,0.06604,0.00262,0.05043,0.00026,0.00204,0.17604,0.46566,0.18301,0.00229,0.00423,0.03340,0.03709,0.04286,0.00269,-53.70,4.669,-1,0.0000,-1.00,0.0000,0
152044,1790795581992,0.04643,0.01266,0.03914,0.25258,0.12318,0.15693,0.00127,0.00590,0.10861,0.17885,0.07076,0.00369,0.05463,0.00088,0.01019,0.29280,0.14677,0.17721,0.00135,0.00505,0.07209,0.18521,0.04966,0.00416,-54.47,3.031,-1,0.0000,-1.00,0.0000,0
152137,1790795582092,0.06948,0.01067,0.02259,0.13550,0.14044,0.28436,0.00191,0.00859,0.07402,0.09858,0.15015,0.00370,0.08159,0.00069,0.01024,0.13945,0.16749,0.32456,0.00207,0.00835,0.06105,0.08492,0.11558,0.00402,-54.41,3.412,-1,0.0000,-1.00,0.0000,0
152230,1790795582213,0.01640,0.00397,0.01922,0.00547,0.59695,0.05636,0.02189,0.01006,0.00491,0.19731,0.02224,0.04522,0.01733,0.00382,0.00389,0.00379,0.70554,0.06410,0.02547,0.01129,0.00513,0.09656,0.01395,0.04913,-55.11,7.163,-1,0.0000,-1.00,0.0000,0
152322,1790795582293,0.00458,0.00508,0.01850,0.00685,0.24207,0.01238,0.13661,0.00573,0.01967,0.04606,0.01365,0.48882,0.00465,0.00206,0.01789,0.00551,0.18032,0.01391,0.16240,0.00421,0.02032,0.02161,0.01359,0.55353,-56.43,5.866,-1,0.0000,-1.00,0.0000,0
152415,1790795582388,0.02181,0.00257,0.09043,0.00706,0.18824,0.00906,0.01215,0.11871,0.00887,0.02555,0.00535,0.51021,0.00139,0.00200,0.10640,0.00760,0.10491,0.01058,0.01414,0.12117,0.00909,0.00985,0.00431,0.60855,-56.39,6.123,-1,0.0000,-1.00,0.0000,0
152508,1790795582470,0.01079,0.00099,0.05136,0.00487,0.27139,0.00464,0.00292,0.05634,0.00337,0.03686,0.01106,0.54540,0.00193,0.00052,0.06048,0.00341,0.19577,0.00518,0.00312,0.05580,0.00336,0.00536,0.01223,0.65284,-56.43,6.545,-1,0.0000,-1.00,0.0000,0
152601,1790795582573,0.00449,0.00541,0.01171,0.07498,0.26129,0.00516,0.01171,0.02005,0.03904,0.03937,0.00557,0.52121,0.00110,0.00070,0.01214,0.08875,0.18980,0.00599,0.01389,0.02162,0.02918,0.00955,0.00549,0.62178,-55.71,6.255,-1,0.0000,-1.00,0.0000,0
152694,1790795582653,0.00864,0.02025,0.08015,0.16692,0.19009,0.01765,0.01430,0.03087,0.11303,0.28961,0.01495,0.05353,0.00470,0.00517,0.03573,0.19725,0.21575,0.02021,0.01611,0.02991,0.09633,0.30425,0.01391,0.06067,-54.99,3.475,-1,0.0000,-1.00,0.0000,0
152787,1790795582753,0.00323,0.00282,0.10425,0.00554,0.30293,0.00298,0.08045,0.01045,0.00927,0.40874,0.01010,0.05923,0.00302,0.00135,0.04169,0.00436,0.35269,0.00297,0.09611,0.00429,0.01024,0.41985,0.01152,0.05192,-54.45,4.905,-1,0.0000,-1.00,0.0000,0
152880,1790795582852,0.00068,0.00089,0.19406,0.00210,0.29289,0.00077,0.01556,0.02432,0.00463,0.44134,0.00302,0.01974,0.00057,0.00006,0.14134,0.00183,0.34700,0.00081,0.01860,0.00115,0.00518,0.46004,0.00346,0.01997,-53.79,5.296,-1,0.0000,-1.00,0.0000,0
152973,1790795582932,0.00092,0.00074,0.16513,0.00089,0.28412,0.00238,0.00466,0.01514,0.00361,0.51908,0.00129,0.00204,0.00094,0.00008,0.08793,0.00087,0.34017,0.00266,0.00557,0.00071,0.00414,0.55456,0.00102,0.00134,-53.10,6.229,-1,0.0000,-1.00,0.0000,0
153065,1790795583032,0.00155,0.00157,0.16747,0.00090,0.21397,0.00526,0.00347,0.01377,0.00630,0.58186,0.00255,0.00133,0.00144,0.00042,0.07253,0.00071,0.25623,0.00602,0.00407,0.00212,0.00741,0.64642,0.00186,0.00079,-52.37,6.982,-1,0.0000,-1.00,0.0000,0
153158,1790795583111,0.01497,0.00712,0.12560,0.01295,0.04550,0.01137,0.01982,0.03699,0.02770,0.54724,0.05757,0.09317,0.01118,0.00208,0.02180,0.00229,0.03354,0.01141,0.02333,0.04000,0.03258,0.64923,0.06672,0.10584,-52.60,6.567,-1,0.0000,-1.00,0.0000,0
153251,1790795583211,0.25602,0.00379,0.01030,0.00193,0.01838,0.03106,0.04451,0.57319,0.00593,0.02787,0.00527,0.02176,0.17136,0.00321,0.00643,0.00122,0.01805,0.00422,0.05270,0.68554,0.00687,0.02981,0.00548,0.01510,-52.72,6.878,-1,0.0000,-1.00,0.0000,0
153344,1790795583292,0.22136,0.04241,0.00464,0.00061,0.01089,0.02846,0.00407,0.45116,0.21159,0.01720,0.00136,0.00625,0.15815,0.00057,0.00191,0.00054,0.01118,0.00333,0.00477,0.54022,0.25343,0.01839,0.00097,0.00655,-52.43,5.414,-1,0.0000,-1.00,0.0000,0
153437,1790795583392,0.40824,0.04624,0.00716,0.00122,0.02588,0.07243,0.00454,0.26749,0.12762,0.02786,0.00214,0.00918,0.42571,0.02514,0.00309,0.00104,0.02884,0.00240,0.00028,0.32008,0.15270,0.02768,0.00209,0.01094,-54.12,4.899,-1,0.0000,-1.00,0.0000,0
153530,1790795583511,0.11117,0.10088,0.03473,0.00514,0.13568,0.07367,0.01798,0.08856,0.19737,0.18015,0.01914,0.03555,0.11068,0.07584,0.00488,0.00423,0.15408,0.06663,0.00651,0.10515,0.23565,0.18532,0.00972,0.04131,-57.46,2.368,-1,0.0000,-1.00,0.0000,0
153623,1790795583592,0.06305,0.02206,0.02389,0.00226,0.04705,0.03033,0.42769,0.06180,0.01318,0.04741,0.00980,0.25148,0.06315,0.02341,0.01800,0.00131,0.01692,0.02382,0.50636,0.07196,0.01540,0.05359,0.00702,0.19906,-54.96,5.132,-1,0.0000,-1.00,0.0000,0
153716,1790795583691,0.64635,0.00103,0.01611,0.00313,0.01049,0.11872,0.04763,0.11146,0.00202,0.01360,0.01390,0.01556,0.74864,0.00078,0.01610,0.00061,0.00081,0.00415,0.05692,0.13037,0.00230,0.01613,0.01583,0.00736,-52.78,7.756,-1,0.0000,-1.00,0.0000,0
153808,1790795583771,0.67877,0.00102,0.02873,0.00416,0.00122,0.14307,0.00588,0.08907,0.00159,0.01833,0.02331,0.00486,0.79335,0.00084,0.03009,0.00000,0.00057,0.01416,0.00688,0.10076,0.00190,0.02185,0.02513,0.00446,-52.50,8.145,-1,0.0000,-1.00,0.0000,0
153901,1790795583872,0.68703,0.00139,0.02538,0.00204,0.00102,0.13720,0.00353,0.11969,0.00181,0.00620,0.01058,0.00412,0.79593,0.00124,0.02896,0.00020,0.00040,0.00661,0.00398,0.13768,0.00213,0.00735,0.01137,0.00415,-53.14,8.244,-1,0.0000,-1.00,0.0000,0
153994,1790795583952,0.14511,0.04177,0.40353,0.00716,0.00216,0.05260,0.01134,0.09029,0.06463,0.14425,0.03156,0.00561,0.16826,0.03674,0.44932,0.00225,0.00153,0.02967,0.00630,0.01911,0.07700,0.17254,0.03193,0.00534,-54.01,4.842,-1,0.0000,-1.00,0.0000,0
154087,1790795584051,0.01212,0.00128,0.57388,0.00277,0.00192,0.02302,0.00349,0.10833,0.00220,0.25073,0.01585,0.00441,0.01360,0.00114,0.62814,0.00054,0.00145,0.02489,0.00396,0.00528,0.00251,0.30016,0.01406,0.00429,-54.88,6.887,-1,0.0000,-1.00,0.0000,0
154180,1790795584152,0.17534,0.04312,0.30345,0.00642,0.00411,0.10893,0.02659,0.19676,0.01750,0.06727,0.03770,0.01280,0.17702,0.04761,0.34774,0.00249,0.00276,0.09543,0.02242,0.16683,0.02047,0.08006,0.02626,0.01090,-54.16,3.641,-1,0.0000,-1.00,0.0000,0
154273,1790795584241,0.39064,0.00130,0.02225,0.00163,0.00248,0.07167,0.00457,0.46631,0.00279,0.01693,0.00839,0.01103,0.35807,0.00106,0.02266,0.00054,0.00056,0.01490,0.00526,0.55426,0.00322,0.02020,0.00710,0.01218,-53.06,5.596,-1,0.0000,-1.00,0.0000,0
154366,1790795584332,0.18134,0.05401,0.10749,0.02225,0.01187,0.07615,0.02281,0.25928,0.01801,0.17538,0.05453,0.01687,0.15934,0.06127,0.08757,0.01605,0.01089,0.05966,0.01519,0.29332,0.01840,0.20799,0.05352,0.01681,-54.39,3.111,-1,0.0000,-1.00,0.0000,0
154459,1790795584412,0.03602,0.01109,0.18572,0.01543,0.02480,0.08901,0.01607,0.02978,0.01465,0.46977,0.09196,0.01570,0.04048,0.00983,0.11200,0.00052,0.02666,0.09863,0.01725,0.01354,0.01745,0.55761,0.09064,0.01539,-55.26,5.637,-1,0.0000,-1.00,0.0000,0
154552,1790795584512,0.01422,0.00264,0.13886,0.00517,0.16111,0.01572,0.00373,0.01215,0.01322,0.60826,0.02051,0.00440,0.01531,0.00019,0.02937,0.00195,0.19218,0.01580,0.00443,0.00873,0.01500,0.69120,0.02145,0.00439,-54.30,7.299,-1,0.0000,-1.00,0.0000,0
154644,1790795584593,0.03570,0.00183,0.09024,0.00695,0.24314,0.01352,0.08002,0.00945,0.00496,0.46990,0.02411,0.02018,0.04082,0.00114,0.00791,0.00291,0.29030,0.00811,0.09554,0.00987,0.00529,0.50557,0.02728,0.00524,-53.97,5.639,-1,0.0000,-1.00,0.0000,0
154737,1790795584691,0.02223,0.00171,0.08132,0.00814,0.36507,0.01024,0.01402,0.00701,0.00132,0.44796,0.03432,0.00666,0.02524,0.00186,0.00819,0.00190,0.43638,0.00739,0.01643,0.00678,0.00121,0.45025,0.03966,0.00473,-53.20,5.376,-1,0.0000,-1.00,0.0000,0
154830,1790795584815,0.02373,0.03804,0.09252,0.13668,0.15915,0.02139,0.06173,0.06859,0.15178,0.18687,0.04413,0.01541,0.01022,0.02189,0.07239,0.15423,0.18945,0.02392,0.06963,0.06783,0.14358,0.19407,0.04813,0.00466,-53.55,2.242,-1,0.0000,-1.00,0.0000,0
154923,1790795584889,0.01708,0.00502,0.08589,0.12908,0.22924,0.08472,0.02499,0.03388,0.06415,0.22073,0.09889,0.00633,0.01120,0.00229,0.05824,0.13508,0.27427,0.09929,0.02783,0.03071,0.03485,0.22537,0.09881,0.00207,-54.81,2.751,-1,0.0000,-1.00,0.0000,0
155016,1790795584992,0.01262,0.00263,0.07366,0.02084,0.35715,0.06691,0.00626,0.00681,0.00995,0.33694,0.10204,0.00418,0.01398,0.00130,0.02495,0.00377,0.42721,0.07740,0.00617,0.00430,0.01081,0.31941,0.10692,0.00379,-55.50,4.286,-1,0.0000,-1.00,0.0000,0
155109,1790795585071,0.05308,0.00785,0.14237,0.04618,0.06286,0.04357,0.21273,0.02995,0.03419,0.18805,0.13193,0.04723,0.06155,0.00229,0.12883,0.02558,0.07397,0.04015,0.25445,0.01035,0.03590,0.21066,0.15012,0.00615,-55.85,2.553,-1,0.0000,-1.00,0.0000,0
155202,1790795585172,0.06220,0.00755,0.21085,0.04320,0.01942,0.05890,0.06465,0.06996,0.03247,0.21598,0.19854,0.01629,0.06464,0.00290,0.20214,0.00688,0.02212,0.05807,0.07689,0.04376,0.03717,0.25478,0.22639,0.00428,-55.98,2.592,-1,0.0000,-1.00,0.0000,0
155295,1790795585251,0.02517,0.00222,0.14673,0.02463,0.11678,0.09542,0.02775,0.02582,0.01124,0.42781,0.07967,0.01676,0.02643,0.00062,0.07953,0.01488,0.13691,0.10930,0.02948,0.01881,0.01030,0.48570,0.07380,0.01424,-56.10,5.134,-1,0.0000,-1.00,0.0000,0
155387,1790795585353,0.01131,0.00741,0.03302,0.09992,0.02746,0.13079,0.04832,0.00611,0.00658,0.08754,0.50715,0.03440,0.01271,0.00770,0.01983,0.00532,0.02685,0.15429,0.05637,0.00339,0.00683,0.09957,0.57710,0.03004,-55.81,6.086,-1,0.0000,-1.00,0.0000,0
155480,1790795585452,0.02788,0.01448,0.11193,0.02190,0.06403,0.16454,0.01296,0.01958,0.01892,0.40314,0.11415,0.02650,0.03044,0.01311,0.04114,0.00664,0.07085,0.19122,0.01293,0.01530,0.02135,0.46901,0.09887,0.02912,-55.55,4.838,-1,0.0000,-1.00,0.0000,0
155573,1790795585532,0.10836,0.00429,0.06577,0.03754,0.02475,0.07823,0.21247,0.02246,0.01600,0.13778,0.16410,0.12826,0.12632,0.00168,0.04644,0.00871,0.00917,0.06869,0.25416,0.01779,0.01744,0.16327,0.18301,0.10330,-56.11,2.550,-1,0.0000,-1.00,0.0000,0
155666,1790795585632,0.08893,0.00430,0.07977,0.05429,0.02551,0.04903,0.02366,0.02812,0.01437,0.26320,0.26788,0.10093,0.10107,0.00198,0.03336,0.00295,0.00769,0.03872,0.02796,0.02709,0.01663,0.31386,0.31330,0.11539,-56.81,3.215,-1,0.0000,-1.00,0.0000,0
155759,1790795585711,0.07404,0.00509,0.05510,0.08341,0.03337,0.08963,0.00525,0.02428,0.01331,0.08428,0.41489,0.11735,0.08475,0.00319,0.04644,0.00495,0.01233,0.09060,0.00556,0.01999,0.01470,0.09880,0.47918,0.13951,-57.41,4.979,-1,0.0000,-1.00,0.0000,0
155852,1790795585812,0.11573,0.00444,0.06090,0.08479,0.01758,0.08427,0.00637,0.02473,0.01912,0.09141,0.42398,0.06668,0.13446,0.00129,0.05148,0.00381,0.00550,0.07435,0.00738,0.01943,0.02215,0.10844,0.49329,0.07843,-58.29,5.088,-1,0.0000,-1.00,0.0000,0
155945,1790795585892,0.16728,0.00940,0.05878,0.05482,0.01584,0.14146,0.01776,0.03486,0.02623,0.13881,0.28157,0.05319,0.19341,0.00543,0.03773,0.00396,0.00704,0.13126,0.02020,0.03429,0.03062,0.16496,0.31136,0.05972,-56.62,3.379,-1,0.0000,-1.00,0.0000,0
156038,1790795585992,0.04022,0.02629,0.05899,0.06145,0.02047,0.04138,0.02769,0.05758,0.16657,0.16529,0.24927,0.08479,0.02676,0.00149,0.03164,0.01617,0.00559,0.04435,0.03248,0.06312,0.19639,0.19695,0.28990,0.09516,-55.47,2.991,-1,0.0000,-1.00,0.0000,0
156130,1790795586111,0.01628,0.00176,0.10726,0.06128,0.04641,0.06471,0.00234,0.01123,0.00854,0.35553,0.31868,0.00598,0.01847,0.00029,0.04620,0.00063,0.05428,0.07390,0.00271,0.00434,0.01006,0.41529,0.36721,0.00663,-55.36,4.266,-1,0.0000,-1.00,0.0000,0
156223,1790795586193,0.01540,0.05425,0.20525,0.00984,0.12726,0.04344,0.01391,0.04347,0.01233,0.41462,0.04741,0.01281,0.01387,0.06245,0.15333,0.00247,0.14961,0.04930,0.00429,0.02169,0.01428,0.46716,0.04704,0.01450,-55.53,4.975,-1,0.0000,-1.00,0.0000,0
156316,1790795586291,0.04802,0.03079,0.26160,0.02043,0.06696,0.06858,0.03024,0.04740,0.01749,0.33464,0.05983,0.01403,0.05440,0.03443,0.23704,0.01308,0.07805,0.07139,0.02937,0.00984,0.01837,0.38550,0.05754,0.01099,-56.18,4.016,-1,0.0000,-1.00,0.0000,0
156409,1790795586372,0.03661,0.00740,0.19736,0.01776,0.02501,0.04915,0.01580,0.03087,0.01646,0.52294,0.06556,0.01506,0.04133,0.00532,0.11331,0.00772,0.02680,0.05107,0.01788,0.01453,0.01819,0.62130,0.06843,0.01412,-55.71,6.275,-1,0.0000,-1.00,0.0000,0
156502,1790795586469,0.01337,0.03387,0.12950,0.05951,0.05742,0.01527,0.19992,0.02704,0.17361,0.14121,0.08705,0.06223,0.01447,0.00135,0.12412,0.05124,0.06342,0.01542,0.23926,0.00783,0.19787,0.15664,0.10125,0.02714,-55.31,2.399,-1,0.0000,-1.00,0.0000,0
156595,1790795586551,0.00422,0.00226,0.12912,0.01244,0.37505,0.01346,0.03749,0.01670,0.01225,0.32791,0.05943,0.00966,0.00479,0.00014,0.09418,0.00139,0.44887,0.01518,0.04489,0.00134,0.01297,0.30537,0.06820,0.00268,-54.77,4.501,-1,0.0000,-1.00,0.0000,0
156688,1790795586652,0.00591,0.00137,0.18578,0.01045,0.19307,0.01285,0.01017,0.02103,0.00644,0.49580,0.05124,0.00589,0.00656,0.00015,0.11389,0.00090,0.23042,0.01410,0.01215,0.00263,0.00754,0.54841,0.05860,0.00465,-55.02,5.950,-1,0.0000,-1.00,0.0000,0
156781,1790795586748,0.03821,0.00953,0.24588,0.02554,0.08457,0.06638,0.00926,0.04011,0.04672,0.30432,0.12094,0.00853,0.04514,0.00055,0.22626,0.00465,0.09975,0.07059,0.01098,0.00321,0.05506,0.34487,0.13092,0.00801,-56.73,3.652,-1,0.0000,-1.00,0.0000,0
156874,1790795586832,0.02368,0.00537,0.22758,0.05849,0.02201,0.09922,0.00870,0.04155,0.01959,0.16661,0.30735,0.01985,0.02749,0.00205,0.23399,0.00154,0.02206,0.11343,0.00996,0.00346,0.02317,0.19527,0.34579,0.02179,-56.93,3.688,-1,0.0000,-1.00,0.0000,0
156966,1790795586932,0.00937,0.00534,0.04597,0.01801,0.07005,0.44483,0.07173,0.01289,0.01791,0.12412,0.14589,0.03390,0.00868,0.00307,0.02871,0.00781,0.07923,0.53129,0.08534,0.00975,0.01991,0.13301,0.06949,0.02370,-55.03,5.338,-1,0.0000,-1.00,0.0000,0
157059,1790795587012,0.01598,0.00121,0.04903,0.01665,0.36474,0.11906,0.03040,0.02510,0.00547,0.23666,0.10136,0.03433,0.01406,0.00021,0.01944,0.00137,0.43034,0.13988,0.03638,0.02622,0.00627,0.19829,0.09372,0.03382,-54.76,4.377,-1,0.0000,-1.00,0.0000,0
157152,1790795587111,0.02072,0.00075,0.09702,0.00921,0.26915,0.00891,0.00436,0.04273,0.00274,0.49469,0.04369,0.00604,0.01510,0.00029,0.01136,0.00097,0.32127,0.00769,0.00504,0.04907,0.00305,0.52911,0.05083,0.00623,-55.12,5.936,-1,0.0000,-1.00,0.0000,0
157245,1790795587192,0.07746,0.01247,0.10835,0.04686,0.09241,0.00714,0.00591,0.35619,0.08793,0.17046,0.02935,0.00548,0.00891,0.00014,0.09244,0.04944,0.10970,0.00678,0.00705,0.40848,0.08945,0.18861,0.03382,0.00517,-53.63,4.274,-1,0.0000,-1.00,0.0000,0
157338,1790795587291,0.10576,0.00183,0.18946,0.00440,0.00296,0.00358,0.04479,0.58909,0.00611,0.01267,0.01940,0.01995,0.00303,0.00176,0.22411,0.00080,0.00257,0.00369,0.05139,0.66337,0.00716,0.01468,0.02252,0.00493,-54.09,7.069,-1,0.0000,-1.00,0.0000,0
157431,1790795587418,0.06691,0.03653,0.04718,0.03253,0.04716,0.02282,0.23505,0.08458,0.02302,0.19935,0.06198,0.14289,0.06050,0.03931,0.01045,0.02486,0.03333,0.01535,0.27385,0.09927,0.02248,0.23244,0.07123,0.11693,-56.44,2.821,-1,0.0000,-1.00,0.0000,0
157524,1790795587492,0.20855,0.01554,0.04910,0.01834,0.06419,0.11154,0.03326,0.09139,0.01235,0.22425,0.07291,0.09858,0.22849,0.01602,0.00771,0.00813,0.05494,0.08836,0.03668,0.10798,0.01312,0.25788,0.06985,0.11085,-57.70,2.691,-1,0.0000,-1.00,0.0000,0
157617,1790795587591,0.24848,0.01127,0.03882,0.02512,0.05039,0.11762,0.02195,0.08402,0.03975,0.15872,0.09149,0.11238,0.27717,0.00553,0.01017,0.01175,0.03467,0.08599,0.02520,0.09866,0.04530,0.18331,0.09258,0.12966,-57.00,2.982,-1,0.0000,-1.00,0.0000,0
157709,1790795587672,0.13225,0.00395,0.02427,0.08451,0.03246,0.10111,0.00502,0.03472,0.01055,0.09320,0.43139,0.04656,0.15035,0.00246,0.00804,0.00239,0.02804,0.09135,0.00522,0.04031,0.01215,0.10613,0.49880,0.05476,-57.02,5.177,-1,0.0000,-1.00,0.0000,0
157802,1790795587772,0.17089,0.00772,0.03761,0.03248,0.07685,0.10339,0.00990,0.04232,0.01175,0.14740,0.10633,0.25336,0.19498,0.00721,0.01132,0.01702,0.03229,0.08523,0.00991,0.04899,0.01070,0.17022,0.11051,0.30162,-58.06,3.040,-1,0.0000,-1.00,0.0000,0
157895,1790795587852,0.09863,0.00937,0.10208,0.01489,0.07260,0.04586,0.00909,0.06208,0.04099,0.48445,0.03414,0.02582,0.10391,0.00221,0.01015,0.01109,0.08129,0.03435,0.00994,0.07288,0.04549,0.56581,0.03409,0.02880,-57.47,5.813,-1,0.0000,-1.00,0.0000,0
157988,1790795587952,0.05791,0.00348,0.11760,0.00714,0.06759,0.07722,0.00202,0.01625,0.00627,0.59599,0.04018,0.00834,0.06578,0.00277,0.00245,0.00213,0.07910,0.07949,0.00187,0.01899,0.00709,0.69845,0.03239,0.00947,-56.54,7.152,-1,0.0000,-1.00,0.0000,0
158081,1790795588052,0.03449,0.10508,0.04491,0.01194,0.02015,0.01669,0.00563,0.01376,0.52952,0.19322,0.01475,0.00986,0.03778,0.00099,0.00878,0.01130,0.02202,0.01251,0.00549,0.01581,0.63225,0.22716,0.01519,0.01073,-54.61,6.354,-1,0.0000,-1.00,0.0000,0
158174,1790795588131,0.04411,0.01911,0.08290,0.00662,0.22892,0.03723,0.00821,0.05498,0.06606,0.41934,0.02693,0.00557,0.04003,0.00766,0.01030,0.00298,0.27331,0.03668,0.00828,0.06388,0.07771,0.44914,0.02500,0.00503,-55.41,5.032,-1,0.0000,-1.00,0.0000,0
158267,1790795588241,0.10995,0.00980,0.08594,0.01872,0.04612,0.17481,0.01571,0.08008,0.02771,0.31515,0.09793,0.01807,0.11303,0.00547,0.03015,0.00651,0.05151,0.18706,0.01362,0.09410,0.03192,0.36742,0.08026,0.01895,-57.75,3.782,-1,0.0000,-1.00,0.0000,0
158360,1790795588312,0.02651,0.02819,0.06137,0.12611,0.06914,0.06354,0.08468,0.02493,0.14252,0.28090,0.03548,0.05664,0.02593,0.00594,0.00969,0.14547,0.07333,0.07099,0.10029,0.02794,0.14193,0.32205,0.02845,0.04798,-55.63,3.371,-1,0.0000,-1.00,0.0000,0
158452,1790795588412,0.03475,0.00228,0.05871,0.00210,0.40961,0.04180,0.03961,0.00337,0.00978,0.36920,0.01135,0.01743,0.04090,0.00048,0.00185,0.00148,0.48851,0.04200,0.04735,0.00369,0.01142,0.34555,0.00528,0.01150,-54.94,4.915,-1,0.0000,-1.00,0.0000,0
158545,1790795588491,0.06004,0.00604,0.06777,0.00875,0.29524,0.09545,0.00821,0.00862,0.01268,0.38140,0.03761,0.01820,0.06979,0.00483,0.00423,0.00550,0.34980,0.10053,0.00887,0.00949,0.01350,0.38826,0.02513,0.02005,-56.14,4.577,-1,0.0000,-1.00,0.0000,0
158638,1790795588611,0.06344,0.00406,0.02056,0.04068,0.00953,0.49725,0.00301,0.01335,0.00738,0.03624,0.29744,0.00706,0.07342,0.00315,0.01641,0.00094,0.00978,0.58132,0.00260,0.01313,0.00865,0.04148,0.24117,0.00794,-55.43,5.967,-1,0.0000,-1.00,0.0000,0
158731,1790795588736,0.03696,0.00153,0.00678,0.09611,0.06863,0.21049,0.00290,0.00791,0.00174,0.03974,0.51307,0.01414,0.04246,0.00153,0.00179,0.00287,0.07899,0.24380,0.00309,0.00921,0.00152,0.03196,0.56645,0.01633,-54.84,6.157,-1,0.0000,-1.00,0.0000,0
158824,1790795588792,0.03723,0.00232,0.08521,0.01663,0.18102,0.03291,0.07555,0.02290,0.00431,0.44215,0.07059,0.02919,0.03939,0.00192,0.00546,0.00441,0.21352,0.03162,0.09014,0.02635,0.00429,0.48748,0.07832,0.01710,-55.38,5.306,-1,0.0000,-1.00,0.0000,0
158917,1790795588890,0.05703,0.00557,0.10428,0.00350,0.09605,0.03023,0.05832,0.05612,0.02716,0.52571,0.01583,0.02019,0.05510,0.00062,0.00422,0.00143,0.11303,0.02530,0.06962,0.06655,0.03076,0.60902,0.01396,0.01039,-55.47,6.309,-1,0.0000,-1.00,0.0000,0
159010,1790795588972,0.01189,0.00423,0.11793,0.04047,0.04465,0.07547,0.00497,0.02126,0.01964,0.44177,0.21377,0.00394,0.01049,0.00066,0.03844,0.00119,0.05279,0.08835,0.00581,0.01787,0.02330,0.51889,0.23863,0.00357,-55.05,5.301,-1,0.0000,-1.00,0.0000,0
159103,1790795589072,0.03540,0.01690,0.08200,0.12910,0.10896,0.11811,0.02026,0.02878,0.10396,0.22514,0.12486,0.00655,0.03754,0.00068,0.04988,0.13031,0.12992,0.13411,0.02414,0.02459,0.09873,0.24402,0.12302,0.00306,-55.48,2.702,-1,0.0000,-1.00,0.0000,0
159196,1790795589153,0.08379,0.01265,0.09489,0.07412,0.08445,0.08783,0.01323,0.05358,0.05699,0.20619,0.22203,0.01025,0.08911,0.00437,0.06863,0.03952,0.09934,0.08758,0.01451,0.05108,0.06045,0.22737,0.24868,0.00937,-57.45,2.664,-1,0.0000,-1.00,0.0000,0
159288,1790795589250,0.14769,0.01315,0.05865,0.01785,0.08687,0.07827,0.16257,0.12139,0.02139,0.15611,0.05579,0.08026,0.14895,0.01109,0.03683,0.01066,0.09247,0.06425,0.18939,0.14136,0.02351,0.16873,0.05411,0.05863,-57.92,1.951,-1,0.0000,-1.00,0.0000,0
159381,1790795589353,0.14739,0.00519,0.09302,0.01245,0.08228,0.05138,0.07427,0.12447,0.01205,0.24576,0.05916,0.09259,0.14925,0.00344,0.05622,0.00213,0.08002,0.03202,0.08830,0.13802,0.01399,0.27864,0.06454,0.09344,-57.30,2.949,-1,0.0000,-1.00,0.0000,0
159474,1790795589432,0.22995,0.00945,0.06127,0.01872,0.03392,0.10289,0.01151,0.07786,0.05377,0.26143,0.07011,0.06912,0.25169,0.00468,0.01228,0.00866,0.02463,0.07349,0.01268,0.09104,0.06272,0.30838,0.06944,0.08031,-56.54,3.137,-1,0.0000,-1.00,0.0000,0
159567,1790795589532,0.14028,0.01473,0.03377,0.07284,0.01395,0.09194,0.00309,0.03748,0.06934,0.15001,0.35424,0.01834,0.15932,0.00149,0.00532,0.00622,0.01246,0.07862,0.00337,0.04389,0.08185,0.17727,0.40888,0.02131,-56.99,4.251,-1,0.0000,-1.00,0.0000,0
159660,1790795589612,0.28686,0.00529,0.04571,0.00664,0.11768,0.20476,0.00297,0.01887,0.01131,0.24248,0.04499,0.01244,0.33935,0.00382,0.00260,0.00427,0.13807,0.17816,0.00281,0.02209,0.01271,0.26318,0.01859,0.01435,-57.91,3.442,-1,0.0000,-1.00,0.0000,0
159753,1790795589710,0.12157,0.02370,0.04307,0.02525,0.17968,0.15794,0.00463,0.03201,0.11061,0.24744,0.04287,0.01123,0.13811,0.00316,0.00120,0.02643,0.21282,0.16187,0.00492,0.03812,0.12730,0.25431,0.01928,0.01248,-57.24,2.969,-1,0.0000,-1.00,0.0000,0
159846,1790795589790,0.06236,0.00185,0.10058,0.00171,0.14595,0.11178,0.00414,0.00850,0.00334,0.52816,0.02270,0.00893,0.07276,0.00149,0.00186,0.00136,0.17294,0.11951,0.00464,0.00985,0.00373,0.59858,0.00351,0.00978,-55.56,6.338,-1,0.0000,-1.00,0.0000,0
159939,1790795589910,0.04575,0.05118,0.09906,0.00919,0.02341,0.03035,0.00301,0.01600,0.24531,0.44941,0.02106,0.00626,0.05153,0.00333,0.01299,0.00704,0.02667,0.02617,0.00295,0.01659,0.29255,0.53321,0.02005,0.00691,-53.81,5.393,-1,0.0000,-1.00,0.0000,0
160031,1790795590012,0.05166,0.02027,0.12979,0.01275,0.08560,0.02174,0.00984,0.04039,0.02410,0.59123,0.00896,0.00367,0.05305,0.01910,0.01909,0.01376,0.10200,0.01554,0.00801,0.04461,0.02615,0.68821,0.00766,0.00281,-54.10,7.095,-1,0.0000,-1.00,0.0000,0
160124,1790795590095,0.22333,0.00618,0.08049,0.01227,0.04336,0.17795,0.01184,0.15144,0.02465,0.18258,0.07823,0.00768,0.23214,0.00194,0.05500,0.00269,0.05039,0.16720,0.00660,0.17775,0.02870,0.20909,0.06060,0.00789,-55.78,2.680,-1,0.0000,-1.00,0.0000,0
160217,1790795590195,0.10136,0.01136,0.04185,0.02387,0.12138,0.12926,0.13470,0.07153,0.03557,0.19369,0.09356,0.04186,0.10435,0.00841,0.00732,0.01166,0.14178,0.13420,0.15974,0.08426,0.02823,0.21606,0.08550,0.01849,-56.04,2.324,-1,0.0000,-1.00,0.0000,0
160310,1790795590268,0.11778,0.00376,0.05858,0.00427,0.06229,0.11464,0.11716,0.15883,0.00308,0.29755,0.03177,0.03030,0.10347,0.00392,0.00233,0.00216,0.07293,0.11685,0.13956,0.18989,0.00299,0.34234,0.01491,0.00864,-55.57,3.571,-1,0.0000,-1.00,0.0000,0
160403,1790795590372,0.30565,0.00549,0.05155,0.01422,0.06657,0.14349,0.00481,0.08672,0.01562,0.25547,0.04127,0.00914,0.34579,0.00332,0.00414,0.01130,0.07779,0.10339,0.00503,0.10318,0.01648,0.29069,0.02895,0.00995,-55.36,3.668,-1,0.0000,-1.00,0.0000,0
160496,1790795590451,0.15542,0.00596,0.04628,0.01257,0.26934,0.07013,0.00383,0.08533,0.01854,0.26924,0.05757,0.00580,0.16592,0.00496,0.00217,0.00339,0.32150,0.05115,0.00360,0.10181,0.01167,0.26875,0.05884,0.00624,-55.55,3.232,-1,0.0000,-1.00,0.0000,0
160589,1790795590551,0.08462,0.00130,0.10350,0.00669,0.13896,0.06957,0.00097,0.00711,0.00110,0.54670,0.03763,0.00187,0.09970,0.00138,0.00069,0.00157,0.16609,0.06359,0.00084,0.00843,0.00100,0.62215,0.03248,0.00207,-55.04,6.560,-1,0.0000,-1.00,0.0000,0
160682,1790795590654,0.05182,0.00363,0.05737,0.00655,0.38906,0.06572,0.02172,0.02443,0.00815,0.33186,0.02641,0.01327,0.05676,0.00270,0.00815,0.00423,0.46409,0.06750,0.02549,0.02766,0.00893,0.30564,0.01827,0.01058,-55.35,4.669,-1,0.0000,-1.00,0.0000,0
160774,1790795590739,0.12096,0.01403,0.02877,0.03111,0.16662,0.08104,0.10117,0.18253,0.06985,0.16106,0.01745,0.02542,0.10151,0.00186,0.00401,0.03616,0.19836,0.07698,0.12082,0.21796,0.07653,0.15367,0.00565,0.00650,-56.72,2.190,-1,0.0000,-1.00,0.0000,0
160867,1790795590833,0.19010,0.00756,0.02793,0.01238,0.03400,0.09969,0.00872,0.39516,0.02169,0.12509,0.06909,0.00859,0.13463,0.00398,0.00530,0.00207,0.03918,0.09276,0.00917,0.47293,0.02558,0.14212,0.06440,0.00787,-56.69,4.742,-1,0.0000,-1.00,0.0000,0
160960,1790795590911,0.14000,0.02973,0.02966,0.01766,0.06181,0.04376,0.00483,0.29169,0.12891,0.13873,0.08297,0.03025,0.09791,0.00587,0.00522,0.00275,0.06704,0.03305,0.00457,0.34853,0.15392,0.15294,0.09286,0.03534,-56.46,3.500,-1,0.0000,-1.00,0.0000,0
161053,1790795591011,0.29558,0.06749,0.01549,0.00858,0.01478,0.10901,0.01106,0.16067,0.21923,0.06571,0.02383,0.00857,0.31582,0.02948,0.00348,0.00729,0.01596,0.06801,0.00727,0.19197,0.26072,0.07610,0.01507,0.00883,-54.63,3.547,-1,0.0000,-1.00,0.0000,0
161146,1790795591091,0.00592,0.07059,0.05515,0.01751,0.08397,0.09331,0.01815,0.00922,0.26927,0.26577,0.08750,0.02363,0.00474,0.02140,0.00671,0.00456,0.09572,0.11087,0.01718,0.01005,0.32174,0.29949,0.08286,0.02467,-53.25,3.231,-1,0.0000,-1.00,0.0000,0
161239,1790795591211,0.00157,0.00110,0.03886,0.00540,0.52428,0.06413,0.02151,0.00643,0.00175,0.22741,0.03820,0.06933,0.00106,0.00095,0.01663,0.00041,0.61277,0.07664,0.02559,0.00441,0.00202,0.15102,0.03058,0.07793,-52.62,6.291,-1,0.0000,-1.00,0.0000,0
161332,1790795591312,0.00534,0.00392,0.16842,0.07659,0.43439,0.00195,0.00424,0.05643,0.02245,0.14086,0.00548,0.07993,0.00039,0.00293,0.18806,0.09056,0.50169,0.00226,0.00450,0.03034,0.00895,0.06933,0.00612,0.09488,-52.61,5.213,-1,0.0000,-1.00,0.0000,0
161425,1790795591392,0.02788,0.00228,0.62258,0.00150,0.02324,0.00326,0.00081,0.25948,0.00190,0.03276,0.00340,0.02091,0.00082,0.00234,0.73911,0.00114,0.02290,0.00374,0.00051,0.16440,0.00201,0.03476,0.00333,0.02496,-53.75,7.471,-1,0.0000,-1.00,0.0000,0
161518,1790795591491,0.08673,0.00203,0.30084,0.00154,0.02251,0.00208,0.00249,0.49511,0.00335,0.04185,0.00386,0.03761,0.00087,0.00168,0.35125,0.00102,0.01830,0.00232,0.00265,0.52362,0.00381,0.04652,0.00417,0.04379,-53.18,5.941,-1,0.0000,-1.00,0.0000,0
161610,1790795591572,0.08804,0.00453,0.07866,0.03940,0.03495,0.00391,0.01210,0.44396,0.00659,0.06541,0.19382,0.02862,0.00309,0.00401,0.08012,0.00133,0.03562,0.00407,0.01371,0.51609,0.00763,0.07132,0.23144,0.03157,-53.94,5.328,-1,0.0000,-1.00,0.0000,0
161703,1790795591671,0.02136,0.01403,0.11464,0.01731,0.21135,0.01207,0.06694,0.07280,0.03104,0.15663,0.07031,0.21150,0.01248,0.00973,0.10820,0.00454,0.20542,0.01266,0.07829,0.06579,0.03615,0.14710,0.08174,0.23791,-57.64,2.538,-1,0.0000,-1.00,0.0000,0
161796,1790795591752,0.02568,0.01140,0.04509,0.01088,0.29526,0.00459,0.03072,0.11641,0.02651,0.11919,0.02356,0.29071,0.00473,0.00772,0.03696,0.00762,0.28616,0.00456,0.03477,0.13267,0.03025,0.08609,0.02733,0.34113,-57.94,3.543,-1,0.0000,-1.00,0.0000,0
161889,1790795591851,0.04463,0.01860,0.11448,0.03543,0.08862,0.01062,0.00831,0.04094,0.08610,0.26761,0.04461,0.24006,0.04672,0.00309,0.07556,0.03199,0.04953,0.00346,0.00934,0.03407,0.09683,0.31084,0.05276,0.28580,-55.67,3.211,-1,0.0000,-1.00,0.0000,0
161982,1790795591952,0.03857,0.02113,0.05933,0.01593,0.09745,0.00115,0.00416,0.18198,0.11429,0.07249,0.00473,0.38879,0.00326,0.00077,0.05483,0.01799,0.02461,0.00073,0.00484,0.20718,0.13338,0.08198,0.00552,0.46490,-54.59,4.665,-1,0.0000,-1.00,0.0000,0
162075,1790795592032,0.06798,0.00223,0.03367,0.00384,0.09841,0.00303,0.01556,0.33487,0.00792,0.03466,0.01308,0.38476,0.00320,0.00086,0.03318,0.00161,0.02725,0.00299,0.01841,0.39474,0.00917,0.03613,0.01508,0.45738,-54.81,4.617,-1,0.0000,-1.00,0.0000,0
162168,1790795592131,0.12949,0.00425,0.03527,0.00094,0.03356,0.00096,0.05402,0.65434,0.00599,0.01629,0.00367,0.06121,0.00168,0.00371,0.03950,0.00029,0.02826,0.00083,0.06399,0.77622,0.00712,0.01392,0.00424,0.06023,-55.54,7.852,-1,0.0000,-1.00,0.0000,0
162261,1790795592237,0.07605,0.00279,0.10002,0.00271,0.13454,0.00064,0.01424,0.39620,0.00982,0.11089,0.00682,0.14528,0.00109,0.00108,0.09851,0.00165,0.12738,0.00057,0.01685,0.45521,0.01144,0.10762,0.00806,0.17053,-56.86,4.754,-1,0.0000,-1.00,0.0000,0
162353,1790795592312,0.01098,0.03361,0.10429,0.01531,0.19864,0.00217,0.06855,0.04468,0.03492,0.32382,0.06213,0.10089,0.00426,0.03264,0.05655,0.00366,0.21702,0.00176,0.07567,0.04233,0.04102,0.34509,0.07410,0.10589,-56.45,3.886,-1,0.0000,-1.00,0.0000,0
162446,1790795592392,0.00546,0.09236,0.08332,0.00572,0.16576,0.00186,0.02851,0.01968,0.12626,0.39210,0.01959,0.05938,0.00241,0.08077,0.01398,0.00227,0.18523,0.00175,0.01815,0.02081,0.15084,0.43311,0.02312,0.06755,-56.35,4.705,-1,0.0000,-1.00,0.0000,0
162539,1790795592518,0.01785,0.05948,0.10056,0.01221,0.14936,0.00600,0.05132,0.04932,0.12858,0.28465,0.02832,0.11237,0.01134,0.04154,0.05869,0.00809,0.15429,0.00494,0.05118,0.04954,0.15119,0.31177,0.03295,0.12450,-56.95,3.416,-1,0.0000,-1.00,0.0000,0
162632,1790795592611,0.00522,0.00502,0.15030,0.00456,0.11317,0.00205,0.12767,0.04007,0.01302,0.22179,0.00929,0.30785,0.00183,0.00308,0.13010,0.00333,0.06847,0.00209,0.15237,0.02222,0.01493,0.25218,0.01072,0.33867,-55.98,3.694,-1,0.0000,-1.00,0.0000,0
162725,1790795592692,0.00689,0.00288,0.14061,0.02895,0.07146,0.03479,0.01305,0.04533,0.00326,0.26449,0.14632,0.24197,0.00169,0.00274,0.10678,0.00156,0.02872,0.04137,0.01510,0.03315,0.00359,0.31123,0.16713,0.28694,-55.53,3.174,-1,0.0000,-1.00,0.0000,0
162818,1790795592793,0.01371,0.00884,0.05494,0.09407,0.08271,0.01530,0.00956,0.06700,0.01601,0.14766,0.36495,0.12525,0.00183,0.00784,0.03350,0.02674,0.06974,0.01797,0.00990,0.07364,0.01388,0.16311,0.43373,0.14811,-56.13,4.379,-1,0.0000,-1.00,0.0000,0
162911,1790795592871,0.08137,0.01092,0.02632,0.05378,0.08054,0.00118,0.00606,0.40863,0.01561,0.03598,0.17033,0.10927,0.00143,0.01032,0.02577,0.02403,0.07075,0.00113,0.00508,0.48466,0.01394,0.02909,0.20388,0.12993,-56.65,4.904,-1,0.0000,-1.00,0.0000,0
163004,1790795592972,0.07980,0.00929,0.02726,0.02859,0.09799,0.00389,0.02856,0.39140,0.03183,0.06498,0.06934,0.16707,0.00354,0.00427,0.02033,0.01795,0.07906,0.00395,0.03246,0.46588,0.03458,0.06219,0.08230,0.19348,-56.33,4.697,-1,0.0000,-1.00,0.0000,0
163096,1790795593052,0.00730,0.06219,0.04244,0.00743,0.11322,0.00644,0.14090,0.01449,0.05420,0.19172,0.02280,0.33687,0.00547,0.06193,0.00774,0.00375,0.06179,0.00663,0.15655,0.01583,0.06420,0.21748,0.02601,0.37261,-56.10,4.042,-1,0.0000,-1.00,0.0000,0
163189,1790795593152,0.00325,0.12207,0.01905,0.01075,0.14354,0.00339,0.01988,0.00729,0.21656,0.09892,0.00919,0.34611,0.00227,0.09525,0.00286,0.01085,0.08995,0.00364,0.00494,0.00816,0.25734,0.10070,0.01030,0.41374,-55.81,4.153,-1,0.0000,-1.00,0.0000,0
163282,1790795593252,0.01608,0.04570,0.05226,0.04649,0.10675,0.02319,0.01450,0.03257,0.02692,0.22900,0.22722,0.17931,0.01159,0.04894,0.01152,0.00274,0.08562,0.02548,0.00766,0.03676,0.03136,0.25778,0.26721,0.21334,-56.27,2.748,-1,0.0000,-1.00,0.0000,0
163375,1790795593331,0.00252,0.06294,0.04399,0.02707,0.13239,0.00387,0.01097,0.00550,0.18898,0.22863,0.06472,0.22841,0.00182,0.03120,0.00252,0.01723,0.10466,0.00428,0.00696,0.00609,0.22303,0.25321,0.07670,0.27231,-57.08,2.744,-1,0.0000,-1.00,0.0000,0
163468,1790795593432,0.00347,0.02808,0.02744,0.06749,0.11320,0.05084,0.01955,0.00368,0.01609,0.13621,0.33686,0.19710,0.00271,0.03064,0.00404,0.00323,0.08949,0.06038,0.01714,0.00381,0.01864,0.14547,0.39167,0.23278,-56.70,4.042,-1,0.0000,-1.00,0.0000,0
163561,1790795593511,0.00486,0.04655,0.03419,0.02554,0.17211,0.00771,0.08915,0.00937,0.10349,0.17454,0.03473,0.29776,0.00378,0.03248,0.00460,0.02269,0.13944,0.00848,0.10038,0.01032,0.11753,0.18348,0.03993,0.33689,-56.53,3.573,-1,0.0000,-1.00,0.0000,0
163654,1790795593612,0.00201,0.03942,0.02155,0.06788,0.16310,0.00679,0.01351,0.00326,0.07244,0.12355,0.31987,0.16662,0.00179,0.03028,0.00261,0.00566,0.15627,0.00778,0.01019,0.00339,0.08564,0.11710,0.38174,0.19756,-56.40,3.838,-1,0.0000,-1.00,0.0000,0
163747,1790795593691,0.01448,0.08577,0.03887,0.05245,0.13559,0.00877,0.02759,0.01527,0.04661,0.19171,0.17203,0.21087,0.01380,0.09272,0.00548,0.02228,0.11296,0.00777,0.01467,0.01721,0.05143,0.20732,0.20460,0.24976,-56.81,2.530,-1,0.0000,-1.00,0.0000,0
163839,1790795593818,0.00665,0.06602,0.01920,0.00735,0.20192,0.00237,0.01381,0.00367,0.07487,0.09460,0.03235,0.47719,0.00728,0.06141,0.00559,0.00118,0.12877,0.00140,0.00437,0.00329,0.08948,0.08783,0.03849,0.57092,-57.35,5.726,-1,0.0000,-1.00,0.0000,0
163932,1790795593913,0.00445,0.06373,0.02690,0.00432,0.21123,0.00227,0.01970,0.00418,0.11821,0.12580,0.01054,0.40869,0.00444,0.04839,0.00850,0.00274,0.15653,0.00184,0.01282,0.00451,0.14110,0.11971,0.01226,0.48716,-57.47,4.904,-1,0.0000,-1.00,0.0000,0
164025,1790795593992,0.00694,0.09295,0.03334,0.00461,0.20125,0.00415,0.19470,0.01118,0.06723,0.19031,0.01805,0.17528,0.00578,0.09547,0.00290,0.00139,0.20794,0.00383,0.21436,0.01283,0.08023,0.18688,0.02087,0.16753,-58.49,2.415,-1,0.0000,-1.00,0.0000,0
164118,1790795594094,0.00403,0.07780,0.03951,0.00588,0.28977,0.00223,0.06347,0.00983,0.04205,0.23798,0.02558,0.20186,0.00248,0.08336,0.00266,0.00106,0.30160,0.00218,0.05933,0.01145,0.05016,0.22539,0.03022,0.23011,-58.89,3.477,-1,0.0000,-1.00,0.0000,0
164211,1790795594172,0.00907,0.05202,0.03738,0.01364,0.22055,0.00625,0.02763,0.02101,0.09593,0.18882,0.03683,0.29089,0.00492,0.04110,0.00764,0.00785,0.19615,0.00651,0.02492,0.02370,0.11339,0.18736,0.04284,0.34361,-58.68,3.491,-1,0.0000,-1.00,0.0000,0
164304,1790795594272,0.00345,0.08723,0.05216,0.00450,0.23571,0.00288,0.01880,0.01121,0.04440,0.27023,0.01832,0.25111,0.00168,0.09419,0.00704,0.00116,0.22296,0.00312,0.00384,0.01205,0.05282,0.27975,0.02133,0.30005,-57.70,3.243,-1,0.0000,-1.00,0.0000,0
164397,1790795594351,0.03288,0.02206,0.05313,0.02270,0.14127,0.03005,0.10801,0.12948,0.04553,0.11418,0.07765,0.22307,0.00961,0.01602,0.04130,0.01010,0.12111,0.03410,0.12292,0.15029,0.05255,0.11280,0.08628,0.24292,-55.88,2.677,-1,0.0000,-1.00,0.0000,0
164490,1790795594453,0.04951,0.02577,0.04360,0.01233,0.10418,0.00441,0.04762,0.24323,0.06737,0.03714,0.03223,0.33261,0.00336,0.01521,0.04526,0.00730,0.04796,0.00461,0.05405,0.28248,0.07908,0.03520,0.03771,0.38779,-54.76,3.991,-1,0.0000,-1.00,0.0000,0
164583,1790795594552,0.08347,0.03085,0.07948,0.00903,0.06239,0.00335,0.03347,0.42391,0.05223,0.01313,0.01338,0.19532,0.00245,0.02541,0.09327,0.00778,0.02974,0.00353,0.03507,0.48946,0.06099,0.00989,0.01533,0.22709,-55.10,5.087,-1,0.0000,-1.00,0.0000,0
164675,1790795594632,0.01350,0.01893,0.06264,0.03165,0.14395,0.02464,0.04222,0.04100,0.05746,0.12418,0.01210,0.42774,0.00739,0.01155,0.04807,0.03615,0.07275,0.02806,0.04736,0.04053,0.05993,0.13613,0.00894,0.50314,-56.08,5.133,-1,0.0000,-1.00,0.0000,0
164768,1790795594747,0.03447,0.02868,0.09928,0.03584,0.13012,0.00604,0.02409,0.06618,0.08765,0.28189,0.00506,0.20068,0.02812,0.01541,0.05613,0.04181,0.10924,0.00177,0.02581,0.06818,0.09592,0.31693,0.00572,0.23496,-57.04,3.383,-1,0.0000,-1.00,0.0000,0
164861,1790795594811,0.04807,0.11816,0.16702,0.04381,0.07231,0.01302,0.04952,0.18342,0.13722,0.07895,0.04836,0.04014,0.02114,0.11076,0.18445,0.04147,0.07841,0.01158,0.03738,0.18321,0.15617,0.07909,0.05565,0.04069,-56.04,2.201,-1,0.0000,-1.00,0.0000,0
164954,1790795594911,0.00895,0.02451,0.24951,0.07689,0.16000,0.00400,0.08540,0.06678,0.10237,0.18459,0.00819,0.02880,0.00372,0.01334,0.25905,0.09035,0.18865,0.00419,0.09923,0.02911,0.08711,0.20143,0.00898,0.01484,-54.74,2.994,-1,0.0000,-1.00,0.0000,0
165047,1790795595011,0.00250,0.00079,0.11444,0.00277,0.41182,0.00291,0.00707,0.01077,0.00221,0.44052,0.00118,0.00303,0.00246,0.00060,0.05183,0.00316,0.49307,0.00299,0.00835,0.00263,0.00183,0.43029,0.00082,0.00198,-54.24,5.286,-1,0.0000,-1.00,0.0000,0
165140,1790795595112,0.00202,0.00034,0.07845,0.00125,0.51209,0.00327,0.00165,0.00630,0.00150,0.39036,0.00163,0.00114,0.00189,0.00012,0.02536,0.00125,0.61341,0.00354,0.00182,0.00265,0.00145,0.34625,0.00125,0.00100,-54.14,6.145,-1,0.0000,-1.00,0.0000,0
165233,1790795595210,0.00417,0.00696,0.08398,0.00728,0.48492,0.02396,0.00457,0.01194,0.04365,0.31993,0.00603,0.00261,0.00390,0.00126,0.04449,0.00839,0.58064,0.02793,0.00522,0.00549,0.03570,0.28319,0.00169,0.00210,-55.58,5.819,-1,0.0000,-1.00,0.0000,0
165326,1790795595292,0.07215,0.00712,0.14352,0.05232,0.04151,0.05347,0.01867,0.28168,0.05198,0.24662,0.01640,0.01456,0.01861,0.00405,0.11524,0.06117,0.04713,0.06038,0.02156,0.31468,0.05015,0.28617,0.00768,0.01317,-57.77,3.380,-1,0.0000,-1.00,0.0000,0
165418,1790795595393,0.05218,0.00824,0.14744,0.00909,0.04364,0.04032,0.00882,0.24650,0.03611,0.28249,0.02330,0.10187,0.00744,0.00245,0.11065,0.00721,0.02818,0.04713,0.00996,0.27355,0.04173,0.33302,0.01857,0.12009,-57.29,3.390,-1,0.0000,-1.00,0.0000,0
165511,1790795595470,0.08609,0.00144,0.10239,0.00083,0.02328,0.00684,0.00295,0.43981,0.00442,0.25559,0.00363,0.07273,0.00114,0.00069,0.06240,0.00045,0.01075,0.00798,0.00340,0.51463,0.00521,0.30413,0.00276,0.08647,-55.55,5.278,-1,0.0000,-1.00,0.0000,0
165604,1790795595571,0.10137,0.00281,0.13151,0.01235,0.01837,0.01092,0.01082,0.40071,0.01377,0.26105,0.01400,0.02234,0.02899,0.00057,0.09622,0.01176,0.01700,0.00733,0.00747,0.46645,0.01410,0.30950,0.01532,0.02528,-56.03,4.808,-1,0.0000,-1.00,0.0000,0
165697,1790795595652,0.10805,0.01045,0.17855,0.01403,0.00887,0.01289,0.00681,0.50238,0.01426,0.12259,0.00823,0.01287,0.01741,0.00975,0.18513,0.01533,0.00782,0.01200,0.00623,0.56527,0.01402,0.14538,0.00749,0.01419,-58.43,6.029,-1,0.0000,-1.00,0.0000,0
165790,1790795595751,0.04885,0.04625,0.21342,0.08821,0.02378,0.01754,0.01497,0.15688,0.21556,0.15062,0.01312,0.01080,0.02996,0.00827,0.22099,0.10318,0.02657,0.01508,0.01629,0.14417,0.23784,0.17521,0.01273,0.00971,-58.20,2.587,-1,0.0000,-1.00,0.0000,0
165883,1790795595852,0.24205,0.03025,0.07459,0.00469,0.01601,0.12879,0.10006,0.02729,0.11408,0.21434,0.02248,0.02536,0.28506,0.00935,0.03916,0.00413,0.01780,0.09781,0.11804,0.02493,0.13588,0.25331,0.00755,0.00699,-54.68,2.905,-1,0.0000,-1.00,0.0000,0
165976,1790795595932,0.44340,0.00122,0.01631,0.00017,0.00517,0.39538,0.00923,0.00142,0.00167,0.06248,0.06135,0.00220,0.53115,0.00107,0.00493,0.00013,0.00580,0.36876,0.01076,0.00081,0.00198,0.07371,0.00040,0.00050,-52.93,5.321,-1,0.0000,-1.00,0.0000,0
166069,1790795596032,0.51264,0.00058,0.02024,0.00113,0.00161,0.31825,0.00127,0.00067,0.00064,0.09697,0.04544,0.00056,0.61411,0.00062,0.00129,0.00077,0.00185,0.25960,0.00139,0.00055,0.00060,0.11584,0.00298,0.00040,-53.10,6.152,-1,0.0000,-1.00,0.0000,0
166162,1790795596111,0.49638,0.00178,0.03670,0.00059,0.01180,0.23346,0.00122,0.00285,0.00531,0.17939,0.02737,0.00315,0.59418,0.00089,0.00183,0.00063,0.01189,0.16351,0.00128,0.00305,0.00624,0.21259,0.00038,0.00352,-54.27,5.957,-1,0.0000,-1.00,0.0000,0
166254,1790795596212,0.08500,0.02256,0.08091,0.00800,0.11109,0.10011,0.01101,0.05811,0.09694,0.27836,0.02995,0.11797,0.08688,0.00656,0.03478,0.00651,0.10547,0.10274,0.00971,0.06491,0.11385,0.31365,0.01551,0.13943,-56.18,3.340,-1,0.0000,-1.00,0.0000,0
166347,1790795596312,0.03655,0.00983,0.06909,0.00178,0.11064,0.02215,0.18942,0.16322,0.03596,0.06069,0.00915,0.29153,0.00782,0.00327,0.07121,0.00094,0.07222,0.02498,0.22632,0.18145,0.04290,0.05840,0.00602,0.30446,-56.26,3.498,-1,0.0000,-1.00,0.0000,0
166440,1790795596412,0.02079,0.01750,0.05740,0.00105,0.20156,0.01348,0.02939,0.10379,0.08664,0.04619,0.00569,0.41651,0.00275,0.00042,0.06345,0.00052,0.14396,0.01560,0.03510,0.11183,0.10366,0.02686,0.00372,0.49213,-55.51,4.998,-1,0.0000,-1.00,0.0000,0
166533,1790795596511,0.04253,0.00954,0.07457,0.00243,0.19725,0.01163,0.00199,0.17888,0.04599,0.07564,0.00547,0.35408,0.01151,0.00059,0.07737,0.00207,0.15233,0.01165,0.00226,0.19902,0.05469,0.06043,0.00425,0.42382,-56.90,4.249,-1,0.0000,-1.00,0.0000,0
166626,1790795596592,0.07840,0.00175,0.19510,0.00087,0.08552,0.08524,0.00119,0.29798,0.00825,0.10712,0.01928,0.11929,0.03140,0.00025,0.21116,0.00032,0.07200,0.09811,0.00130,0.31527,0.00983,0.11408,0.00365,0.14264,-58.32,3.576,-1,0.0000,-1.00,0.0000,0
166719,1790795596692,0.06649,0.00518,0.17975,0.00309,0.11241,0.12752,0.00298,0.23193,0.01859,0.07050,0.03548,0.14607,0.03254,0.00184,0.20258,0.00103,0.10012,0.14634,0.00321,0.23775,0.02207,0.06463,0.01351,0.17439,-56.88,2.783,-1,0.0000,-1.00,0.0000,0
166812,1790795596772,0.21677,0.00542,0.07598,0.00330,0.03607,0.16068,0.05300,0.01548,0.01920,0.34175,0.03342,0.03894,0.25659,0.00200,0.01114,0.00174,0.03238,0.14575,0.06303,0.01642,0.02267,0.40307,0.01115,0.03407,-54.27,4.101,-1,0.0000,-1.00,0.0000,0
166905,1790795596872,0.19043,0.02348,0.01614,0.00110,0.15480,0.16941,0.02558,0.00129,0.09880,0.10108,0.02838,0.18950,0.22790,0.00471,0.00089,0.00078,0.14164,0.15782,0.02970,0.00138,0.11823,0.09304,0.00273,0.22118,-53.44,2.285,-1,0.0000,-1.00,0.0000,0
166997,1790795596952,0.24554,0.04001,0.00535,0.00115,0.11068,0.21743,0.15933,0.00167,0.01872,0.03752,0.03574,0.12688,0.29389,0.04353,0.00180,0.00084,0.10965,0.20227,0.18227,0.00165,0.02227,0.02322,0.00272,0.11589,-53.88,2.946,-1,0.0000,-1.00,0.0000,0
167090,1790795597053,0.09705,0.01393,0.01215,0.00358,0.14739,0.32196,0.12766,0.00285,0.01002,0.06692,0.06350,0.13297,0.11576,0.01450,0.00458,0.00347,0.15092,0.36284,0.15008,0.00251,0.01123,0.05037,0.00416,0.12958,-54.58,3.864,-1,0.0000,-1.00,0.0000,0
167183,1790795597152,0.07099,0.00897,0.02082,0.00634,0.08582,0.19570,0.18199,0.01431,0.01708,0.03903,0.04855,0.31040,0.08174,0.00736,0.01712,0.00467,0.03684,0.21905,0.21605,0.01431,0.01954,0.03946,0.01475,0.32910,-55.98,3.725,-1,0.0000,-1.00,0.0000,0
167276,1790795597244,0.04408,0.01015,0.13581,0.00586,0.10337,0.03401,0.08182,0.20757,0.04359,0.03176,0.02025,0.28173,0.00961,0.00197,0.15757,0.00374,0.06076,0.03885,0.09726,0.21788,0.05148,0.02601,0.01656,0.31830,-56.30,3.381,-1,0.0000,-1.00,0.0000,0
167369,1790795597332,0.03073,0.00247,0.43985,0.00156,0.06804,0.00708,0.01492,0.23799,0.00968,0.00960,0.00507,0.17299,0.00098,0.00070,0.52638,0.00099,0.04111,0.00831,0.01774,0.18083,0.01140,0.00336,0.00443,0.20376,-55.51,5.278,-1,0.0000,-1.00,0.0000,0
167462,1790795597411,0.02879,0.00237,0.52892,0.00105,0.06166,0.00251,0.00462,0.24548,0.01049,0.01002,0.00403,0.10006,0.00108,0.00037,0.63337,0.00041,0.05034,0.00279,0.00545,0.16860,0.01246,0.00205,0.00428,0.11881,-53.59,6.347,-1,0.0000,-1.00,0.0000,0
167555,1790795597512,0.01314,0.00115,0.57699,0.00095,0.06359,0.00225,0.00210,0.15783,0.01982,0.00715,0.00248,0.15256,0.00195,0.00013,0.69125,0.00064,0.03993,0.00243,0.00236,0.05222,0.02362,0.00065,0.00249,0.18234,-54.27,6.924,-1,0.0000,-1.00,0.0000,0
167648,1790795597613,0.00466,0.00291,0.01581,0.00173,0.20795,0.00255,0.00637,0.01879,0.00884,0.01643,0.00472,0.70923,0.00134,0.00191,0.01822,0.00106,0.08096,0.00283,0.00724,0.01892,0.01039,0.00364,0.00509,0.84840,-57.00,8.511,-1,0.0000,-1.00,0.0000,0
167740,1790795597711,0.06194,0.01774,0.15920,0.00583,0.05278,0.07061,0.18478,0.19048,0.02185,0.09622,0.02496,0.11361,0.03456,0.01733,0.16965,0.00412,0.04482,0.07776,0.21797,0.19461,0.02530,0.10648,0.01449,0.09292,-54.90,2.286,-1,0.0000,-1.00,0.0000,0
167833,1790795597813,0.06725,0.00150,0.41844,0.00242,0.01225,0.00083,0.02911,0.41742,0.00362,0.03017,0.00295,0.01405,0.00087,0.00103,0.49472,0.00224,0.01271,0.00082,0.03468,0.40209,0.00389,0.03363,0.00337,0.00996,-52.73,5.021,-1,0.0000,-1.00,0.0000,0
167926,1790795597891,0.05425,0.00812,0.46901,0.00527,0.00385,0.00126,0.00779,0.35801,0.03586,0.04985,0.00102,0.00571,0.00142,0.00163,0.55028,0.00613,0.00358,0.00125,0.00901,0.31990,0.04176,0.05902,0.00097,0.00506,-52.03,5.628,-1,0.0000,-1.00,0.0000,0
168019,1790795597993,0.00389,0.02137,0.15319,0.03003,0.14904,0.00827,0.00524,0.02551,0.10654,0.49126,0.00356,0.00211,0.00157,0.00209,0.07348,0.03551,0.17833,0.00960,0.00587,0.01600,0.11868,0.55524,0.00236,0.00128,-52.47,5.895,-1,0.0000,-1.00,0.0000,0
168112,1790795598070,0.00053,0.00068,0.15765,0.00113,0.14625,0.00409,0.00271,0.00808,0.00202,0.67379,0.00117,0.00191,0.00012,0.00038,0.03573,0.00127,0.17491,0.00488,0.00317,0.00259,0.00217,0.77268,0.00043,0.00166,-52.52,8.085,-1,0.0000,-1.00,0.0000,0
168205,1790795598173,0.14468,0.00758,0.09137,0.00885,0.04722,0.03362,0.06081,0.11673,0.03327,0.30582,0.03787,0.11219,0.14713,0.00126,0.03813,0.00204,0.03278,0.01112,0.07260,0.13233,0.03946,0.35995,0.04317,0.12004,-53.20,3.670,-1,0.0000,-1.00,0.0000,0
168298,1790795598251,0.29616,0.00118,0.00642,0.00114,0.00465,0.03930,0.02024,0.60467,0.00336,0.00792,0.00433,0.01063,0.21172,0.00064,0.00591,0.00060,0.00253,0.00664,0.02412,0.72337,0.00390,0.00898,0.00387,0.00771,-53.10,7.256,-1,0.0000,-1.00,0.0000,0
168391,1790795598351,0.17958,0.08764,0.00364,0.00047,0.00146,0.01970,0.00924,0.44722,0.24274,0.00537,0.00134,0.00162,0.10902,0.04742,0.00314,0.00032,0.00142,0.00199,0.00166,0.53526,0.29080,0.00615,0.00121,0.00161,-51.49,5.367,-1,0.0000,-1.00,0.0000,0
168483,1790795598453,0.29585,0.09931,0.00139,0.00064,0.00365,0.04575,0.01135,0.30763,0.22831,0.00366,0.00159,0.00087,0.28144,0.06480,0.00088,0.00043,0.00203,0.00118,0.00075,0.36844,0.27349,0.00398,0.00167,0.00090,-52.42,3.692,-1,0.0000,-1.00,0.0000,0
168576,1790795598531,0.12638,0.28098,0.01220,0.00471,0.01148,0.02583,0.04593,0.07569,0.36818,0.02476,0.01355,0.01032,0.13277,0.25038,0.00918,0.00261,0.01136,0.00479,0.00540,0.08888,0.44060,0.02746,0.01529,0.01129,-55.07,4.418,-1,0.0000,-1.00,0.0000,0
168669,1790795598634,0.05241,0.02053,0.11015,0.00701,0.03560,0.01567,0.35815,0.04414,0.02324,0.07630,0.02673,0.23008,0.05468,0.01917,0.11403,0.00236,0.00431,0.00794,0.41466,0.04096,0.02738,0.09057,0.03046,0.19348,-53.42,4.298,-1,0.0000,-1.00,0.0000,0
168762,1790795598711,0.46512,0.00085,0.06593,0.00302,0.00787,0.08996,0.05493,0.16682,0.00160,0.07876,0.01549,0.04967,0.52006,0.00065,0.06030,0.00012,0.00021,0.00470,0.06567,0.18796,0.00189,0.09433,0.01763,0.04650,-52.13,5.581,-1,0.0000,-1.00,0.0000,0
168855,1790795598811,0.60860,0.00089,0.05282,0.00111,0.00072,0.11829,0.00396,0.13982,0.00155,0.06247,0.00614,0.00363,0.69793,0.00070,0.04846,0.00000,0.00018,0.00338,0.00454,0.15800,0.00185,0.07482,0.00669,0.00346,-52.23,7.303,-1,0.0000,-1.00,0.0000,0
168948,1790795598913,0.37685,0.04602,0.13305,0.00194,0.00128,0.08016,0.01164,0.16447,0.08750,0.08121,0.01065,0.00523,0.41745,0.03438,0.14016,0.00032,0.00046,0.01330,0.00438,0.17204,0.10477,0.09723,0.01012,0.00539,-53.26,4.522,-1,0.0000,-1.00,0.0000,0
169041,1790795599012,0.01166,0.00443,0.47854,0.00281,0.00099,0.01747,0.00491,0.08111,0.00946,0.37567,0.01060,0.00234,0.01326,0.00315,0.48420,0.00157,0.00074,0.01830,0.00295,0.00351,0.01102,0.45000,0.00907,0.00222,-54.51,5.742,-1,0.0000,-1.00,0.0000,0
169134,1790795599112,0.07768,0.01693,0.43805,0.02045,0.00458,0.03561,0.02052,0.11392,0.01089,0.20096,0.04896,0.01145,0.08424,0.01830,0.47729,0.01389,0.00349,0.02597,0.01845,0.04440,0.01023,0.24016,0.05352,0.01007,-54.55,5.257,-1,0.0000,-1.00,0.0000,0
169227,1790795599192,0.46022,0.00478,0.01948,0.00448,0.00051,0.09635,0.00263,0.36338,0.00543,0.02234,0.01937,0.00103,0.46585,0.00451,0.01806,0.00168,0.00045,0.02310,0.00226,0.43184,0.00617,0.02668,0.01863,0.00078,-52.78,5.523,-1,0.0000,-1.00,0.0000,0
169319,1790795599292,0.39328,0.00192,0.01185,0.00243,0.00114,0.06285,0.00153,0.49900,0.00182,0.00874,0.01315,0.00228,0.35325,0.00188,0.01215,0.00000,0.00089,0.00529,0.00146,0.59552,0.00212,0.01034,0.01471,0.00238,-52.18,5.988,-1,0.0000,-1.00,0.0000,0
169412,1790795599373,0.21418,0.00139,0.03781,0.01116,0.01615,0.04947,0.27831,0.17002,0.00537,0.03257,0.05614,0.12742,0.21771,0.00044,0.03766,0.00067,0.00219,0.01612,0.33339,0.19626,0.00631,0.03859,0.06408,0.08658,-53.41,3.340,-1,0.0000,-1.00,0.0000,0
169505,1790795599472,0.05311,0.01160,0.04580,0.05668,0.01673,0.15115,0.10831,0.04015,0.01072,0.11203,0.31052,0.08322,0.05501,0.01157,0.02847,0.00084,0.00528,0.17020,0.12737,0.04258,0.01266,0.13321,0.33833,0.07447,-55.38,3.726,-1,0.0000,-1.00,0.0000,0
169598,1790795599553,0.07261,0.04628,0.05964,0.02691,0.08304,0.07165,0.11474,0.05520,0.16482,0.14546,0.06990,0.08976,0.07526,0.01702,0.04018,0.01843,0.08341,0.07094,0.13306,0.05923,0.19384,0.15776,0.06969,0.08118,-56.35,1.978,-1,0.0000,-1.00,0.0000,0
169691,1790795599652,0.01268,0.01124,0.10709,0.01162,0.10293,0.06192,0.03096,0.00546,0.05306,0.54004,0.04878,0.01423,0.01406,0.00119,0.00472,0.00514,0.12141,0.07141,0.03686,0.00560,0.06211,0.62348,0.04430,0.00974,-53.87,6.481,-1,0.0000,-1.00,0.0000,0
169784,1790795599751,0.00921,0.00083,0.10056,0.00441,0.22679,0.07089,0.00182,0.00975,0.00188,0.53947,0.03114,0.00325,0.00883,0.00060,0.00299,0.00116,0.27096,0.08329,0.00206,0.01109,0.00202,0.59270,0.02080,0.00349,-53.23,6.474,-1,0.0000,-1.00,0.0000,0
169877,1790795599832,0.00664,0.00268,0.12006,0.00907,0.15231,0.03500,0.00147,0.00342,0.01368,0.61374,0.04005,0.00188,0.00743,0.00009,0.00523,0.00294,0.18208,0.04053,0.00174,0.00306,0.01580,0.69931,0.03996,0.00180,-53.75,7.365,-1,0.0000,-1.00,0.0000,0
169970,1790795599931,0.03250,0.00980,0.06603,0.05128,0.09166,0.14400,0.02335,0.02804,0.04472,0.29303,0.20643,0.00915,0.03136,0.00373,0.01332,0.01895,0.10873,0.16633,0.02708,0.03112,0.04748,0.33191,0.21438,0.00560,-55.30,3.516,-1,0.0000,-1.00,0.0000,0
170062,1790795600012,0.03188,0.02324,0.09360,0.07933,0.19563,0.12147,0.05589,0.02813,0.02292,0.19548,0.12971,0.02272,0.03407,0.02559,0.07437,0.06971,0.23137,0.13879,0.06004,0.02082,0.01139,0.19063,0.12790,0.01533,-55.63,2.348,-1,0.0000,-1.00,0.0000,0
170155,1790795600132,0.00390,0.00119,0.05551,0.00909,0.63076,0.00753,0.02794,0.00802,0.00716,0.22428,0.01797,0.00665,0.00444,0.00000,0.04293,0.00695,0.75553,0.00814,0.03340,0.00117,0.00720,0.11897,0.01992,0.00135,-54.59,7.569,-1,0.0000,-1.00,0.0000,0
170248,1790795600213,0.05124,0.01138,0.30310,0.06868,0.04772,0.02372,0.00208,0.27889,0.06781,0.10452,0.03881,0.00205,0.00850,0.00045,0.34059,0.07413,0.05678,0.02674,0.00225,0.26681,0.06655,0.11399,0.04121,0.00201,-55.64,3.637,-1,0.0000,-1.00,0.0000,0
170341,1790795600312,0.06570,0.15226,0.10770,0.11732,0.02449,0.06468,0.14000,0.08752,0.05815,0.06313,0.09313,0.02590,0.05659,0.17895,0.11513,0.12106,0.02833,0.06628,0.13059,0.08374,0.04552,0.07019,0.09845,0.00515,-57.67,1.827,-1,0.0000,-1.00,0.0000,0
170434,1790795600412,0.04701,0.22859,0.07335,0.04175,0.06295,0.08490,0.05029,0.06618,0.13300,0.06421,0.12217,0.02560,0.04356,0.24359,0.07508,0.02467,0.06982,0.09310,0.01197,0.06442,0.15291,0.06466,0.12794,0.02830,-56.93,2.743,-1,0.0000,-1.00,0.0000,0
170527,1790795600492,0.05116,0.05070,0.11366,0.02320,0.03490,0.03639,0.09807,0.02871,0.03401,0.37816,0.10423,0.04680,0.05488,0.05343,0.04773,0.00432,0.03473,0.03273,0.10240,0.02946,0.03990,0.44624,0.11841,0.03577,-55.77,4.538,-1,0.0000,-1.00,0.0000,0
170620,1790795600592,0.05717,0.01723,0.10260,0.05864,0.01624,0.04135,0.08475,0.05851,0.07379,0.22770,0.21311,0.04892,0.05712,0.00418,0.06928,0.02115,0.01180,0.03823,0.10072,0.05637,0.08404,0.27069,0.24778,0.03865,-56.55,2.732,-1,0.0000,-1.00,0.0000,0
170713,1790795600673,0.05500,0.00457,0.09982,0.06874,0.01717,0.13428,0.01490,0.02509,0.02512,0.15835,0.36129,0.03566,0.06265,0.00024,0.08250,0.00238,0.01282,0.14848,0.01765,0.01387,0.02963,0.18721,0.40348,0.03910,-57.39,4.336,-1,0.0000,-1.00,0.0000,0
170805,1790795600774,0.08368,0.00537,0.09478,0.04787,0.01906,0.24716,0.01541,0.03185,0.02446,0.12263,0.27040,0.03732,0.09572,0.00113,0.08499,0.00403,0.01452,0.27735,0.01823,0.02133,0.02842,0.14415,0.26902,0.04110,-58.38,3.245,-1,0.0000,-1.00,0.0000,0
170898,1790795600853,0.12314,0.00433,0.10100,0.05486,0.02546,0.18846,0.00916,0.03426,0.02840,0.12076,0.27443,0.03576,0.14176,0.00040,0.09320,0.00832,0.02250,0.19772,0.01080,0.02266,0.03230,0.14032,0.28963,0.04038,-59.43,3.293,-1,0.0000,-1.00,0.0000,0
170991,1790795600951,0.04101,0.04871,0.08747,0.06333,0.03152,0.05301,0.05463,0.14430,0.13180,0.06262,0.21640,0.06521,0.01844,0.02811,0.09090,0.02683,0.02463,0.05987,0.05988,0.15488,0.15261,0.07015,0.24743,0.06627,-57.22,2.597,-1,0.0000,-1.00,0.0000,0
171084,1790795601051,0.01032,0.01337,0.09293,0.05234,0.02815,0.12365,0.00371,0.01772,0.07329,0.31516,0.26535,0.00401,0.00813,0.00048,0.03768,0.00545,0.03294,0.14657,0.00432,0.01379,0.08619,0.37165,0.28890,0.00390,-55.25,3.782,-1,0.0000,-1.00,0.0000,0
171177,1790795601133,0.01249,0.00341,0.08410,0.02656,0.25191,0.07900,0.00621,0.01027,0.01163,0.37140,0.13459,0.00842,0.01263,0.00232,0.02435,0.00348,0.30012,0.09215,0.00697,0.00750,0.01324,0.38553,0.14300,0.00871,-55.67,4.457,-1,0.0000,-1.00,0.0000,0
171270,1790795601240,0.08328,0.06396,0.20640,0.09704,0.03221,0.06985,0.01751,0.06240,0.09322,0.14362,0.11828,0.01224,0.09310,0.05835,0.21462,0.09074,0.03605,0.06524,0.00942,0.03222,0.09372,0.16494,0.12879,0.01280,-56.68,2.477,-1,0.0000,-1.00,0.0000,0
171363,1790795601312,0.08566,0.00230,0.19927,0.05073,0.02377,0.08633,0.01779,0.03676,0.01613,0.34588,0.11754,0.01784,0.09986,0.00061,0.15755,0.03615,0.02507,0.08364,0.02104,0.01297,0.01190,0.40974,0.12426,0.01721,-56.77,4.151,-1,0.0000,-1.00,0.0000,0
171456,1790795601432,0.06346,0.02411,0.16074,0.05592,0.02137,0.07346,0.07164,0.04321,0.09709,0.17404,0.16216,0.05281,0.07180,0.00722,0.15191,0.03139,0.01642,0.07379,0.08441,0.02166,0.11011,0.20528,0.17968,0.04633,-56.22,2.088,-1,0.0000,-1.00,0.0000,0
171549,1790795601512,0.06244,0.00989,0.12953,0.01021,0.10488,0.03976,0.08525,0.01318,0.04826,0.42095,0.03070,0.04496,0.07377,0.00093,0.05989,0.00623,0.11900,0.03301,0.10197,0.00392,0.05659,0.48082,0.03024,0.03362,-55.25,5.051,-1,0.0000,-1.00,0.0000,0
171641,1790795601612,0.03493,0.00175,0.14861,0.01046,0.20664,0.03201,0.02019,0.01580,0.00450,0.45800,0.05012,0.01700,0.04116,0.00114,0.07888,0.00181,0.24451,0.03020,0.02395,0.00331,0.00503,0.50032,0.05407,0.01562,-54.92,5.496,-1,0.0000,-1.00,0.0000,0
171734,1790795601712,0.03195,0.00104,0.19396,0.01091,0.17515,0.02342,0.01609,0.02592,0.00467,0.45061,0.05447,0.01181,0.03709,0.00052,0.13354,0.00094,0.20783,0.02071,0.01889,0.00487,0.00541,0.49874,0.06116,0.01028,-55.57,5.407,-1,0.0000,-1.00,0.0000,0
171827,1790795601791,0.02215,0.00254,0.20238,0.00473,0.22039,0.00921,0.02607,0.02552,0.00419,0.43558,0.01978,0.02747,0.02623,0.00217,0.14920,0.00119,0.25875,0.00583,0.03061,0.00119,0.00478,0.47064,0.02254,0.02684,-55.65,5.227,-1,0.0000,-1.00,0.0000,0
171920,1790795601892,0.02829,0.01278,0.12376,0.01145,0.20384,0.02686,0.03180,0.03174,0.01135,0.43435,0.03372,0.05007,0.02849,0.01288,0.05430,0.00675,0.23375,0.02653,0.03555,0.02726,0.01226,0.47411,0.03515,0.05295,-55.20,5.212,-1,0.0000,-1.00,0.0000,0
172013,1790795601972,0.07197,0.00357,0.04570,0.00404,0.16536,0.20306,0.04840,0.04834,0.00798,0.22018,0.05153,0.12987,0.07510,0.00244,0.00912,0.00157,0.16955,0.22842,0.05748,0.05615,0.00925,0.23022,0.01646,0.14422,-54.98,2.642,-1,0.0000,-1.00,0.0000,0
172106,1790795602071,0.06742,0.00169,0.07140,0.00275,0.24273,0.01712,0.00896,0.04556,0.00579,0.34934,0.00867,0.17856,0.07038,0.00077,0.01235,0.00149,0.24884,0.00656,0.01050,0.05223,0.00663,0.36927,0.00909,0.21188,-54.64,4.192,-1,0.0000,-1.00,0.0000,0
172199,1790795602152,0.01174,0.01642,0.06791,0.17549,0.28429,0.00446,0.00648,0.03492,0.10993,0.21225,0.00748,0.06863,0.00748,0.00320,0.04226,0.20865,0.32463,0.00386,0.00698,0.03362,0.08308,0.19726,0.00820,0.08077,-54.85,3.411,-1,0.0000,-1.00,0.0000,0
172292,1790795602253,0.04950,0.02240,0.10423,0.02854,0.14983,0.01881,0.02072,0.09358,0.04287,0.05800,0.03001,0.38150,0.04067,0.01888,0.11446,0.02767,0.08894,0.01529,0.02109,0.08944,0.04511,0.05264,0.03293,0.45288,-56.78,4.578,-1,0.0000,-1.00,0.0000,0
172384,1790795602352,0.07797,0.01207,0.05665,0.03035,0.09520,0.04508,0.09891,0.14893,0.03262,0.12804,0.04855,0.22562,0.05918,0.00819,0.04002,0.02650,0.06508,0.04228,0.11688,0.17054,0.03384,0.14052,0.04979,0.24717,-58.29,2.707,-1,0.0000,-1.00,0.0000,0
172477,1790795602431,0.26450,0.00431,0.02825,0.01862,0.06779,0.09059,0.13777,0.14749,0.00985,0.10279,0.03760,0.09044,0.28237,0.00344,0.01202,0.01545,0.06614,0.05263,0.16440,0.17435,0.00865,0.11014,0.03461,0.07578,-57.07,3.174,-1,0.0000,-1.00,0.0000,0
172570,1790795602531,0.10172,0.01586,0.05631,0.03715,0.07726,0.09009,0.01344,0.09380,0.08196,0.23551,0.12528,0.07161,0.09535,0.00502,0.01443,0.01826,0.07604,0.08914,0.01430,0.11034,0.09410,0.26761,0.13245,0.08298,-55.94,2.826,-1,0.0000,-1.00,0.0000,0
172663,1790795602610,0.05775,0.00610,0.03501,0.09869,0.01529,0.08822,0.00231,0.01904,0.02475,0.13760,0.50052,0.01472,0.06475,0.00183,0.00985,0.00301,0.01491,0.09287,0.00222,0.02105,0.02906,0.16192,0.58133,0.01720,-56.48,6.006,-1,0.0000,-1.00,0.0000,0
172756,1790795602739,0.13977,0.00203,0.02354,0.07876,0.02977,0.10853,0.00240,0.07888,0.00603,0.09909,0.40734,0.02384,0.14904,0.00107,0.00585,0.00157,0.03013,0.10050,0.00267,0.09336,0.00691,0.11276,0.46817,0.02798,-57.53,4.888,-1,0.0000,-1.00,0.0000,0
172849,1790795602812,0.19530,0.01169,0.03152,0.04766,0.08300,0.10399,0.00335,0.10416,0.04919,0.15263,0.20297,0.01455,0.20910,0.00318,0.00529,0.01216,0.09613,0.08316,0.00339,0.12376,0.05652,0.16383,0.22672,0.01677,-57.00,2.436,-1,0.0000,-1.00,0.0000,0
172942,1790795602913,0.11187,0.00204,0.09160,0.00992,0.11896,0.07372,0.00353,0.05011,0.01065,0.46460,0.05673,0.00627,0.12230,0.00050,0.00441,0.00093,0.14121,0.06409,0.00412,0.05919,0.00982,0.53146,0.05527,0.00669,-56.53,5.575,-1,0.0000,-1.00,0.0000,0
173035,1790795603011,0.01903,0.07374,0.04497,0.05890,0.04799,0.09293,0.00224,0.02079,0.37946,0.22441,0.02957,0.00597,0.01798,0.00089,0.00278,0.06779,0.05619,0.10778,0.00238,0.02450,0.44124,0.25776,0.01406,0.00665,-54.52,4.553,-1,0.0000,-1.00,0.0000,0
173127,1790795603090,0.02526,0.05394,0.10379,0.01101,0.06866,0.01830,0.00954,0.01930,0.17255,0.47927,0.03188,0.00649,0.02622,0.02415,0.01345,0.00628,0.08099,0.01673,0.00665,0.02046,0.20421,0.55952,0.03488,0.00645,-53.93,5.751,-1,0.0000,-1.00,0.0000,0
173220,1790795603192,0.18221,0.00728,0.08489,0.03246,0.07465,0.07992,0.00784,0.04610,0.02746,0.28828,0.15969,0.00921,0.20759,0.00279,0.03664,0.00311,0.08745,0.05461,0.00472,0.05209,0.03206,0.32832,0.18052,0.01009,-55.65,3.459,-1,0.0000,-1.00,0.0000,0
173313,1790795603272,0.06847,0.04399,0.05225,0.02052,0.14508,0.03059,0.01523,0.07324,0.23015,0.22033,0.07726,0.02290,0.06472,0.00339,0.01204,0.00717,0.16906,0.02382,0.01657,0.08637,0.24977,0.25508,0.08786,0.02416,-55.55,2.762,-1,0.0000,-1.00,0.0000,0
173406,1790795603371,0.01648,0.00504,0.08697,0.00495,0.25455,0.00950,0.09692,0.01763,0.00872,0.39773,0.01613,0.08537,0.01642,0.00407,0.02111,0.00242,0.28927,0.00813,0.11533,0.01694,0.00997,0.41923,0.01771,0.07940,-54.53,4.773,-1,0.0000,-1.00,0.0000,0
173499,1790795603451,0.02111,0.00429,0.07396,0.00406,0.35855,0.01082,0.01206,0.02476,0.01776,0.37563,0.01739,0.07962,0.01980,0.00123,0.01556,0.00110,0.41128,0.00904,0.01416,0.02663,0.02106,0.36856,0.01904,0.09254,-55.54,4.508,-1,0.0000,-1.00,0.0000,0
173592,1790795603552,0.08524,0.02310,0.10329,0.04221,0.08019,0.03499,0.01421,0.05730,0.06856,0.22945,0.19175,0.06972,0.09144,0.01163,0.07241,0.00596,0.08011,0.02380,0.01416,0.05486,0.08097,0.25905,0.22504,0.08055,-55.73,2.753,-1,0.0000,-1.00,0.0000,0
173685,1790795603652,0.02502,0.00234,0.04185,0.01025,0.50657,0.02954,0.00118,0.01393,0.00238,0.30392,0.05231,0.01071,0.02673,0.00228,0.00170,0.00104,0.60442,0.03016,0.00091,0.01641,0.00264,0.24435,0.05671,0.01265,-54.80,6.079,-1,0.0000,-1.00,0.0000,0
173778,1790795603738,0.02445,0.00220,0.08515,0.00694,0.28180,0.04784,0.01375,0.01642,0.00367,0.47302,0.03066,0.01409,0.02550,0.00188,0.00283,0.00309,0.33495,0.05227,0.01611,0.01912,0.00379,0.50039,0.02638,0.01369,-54.53,5.676,-1,0.0000,-1.00,0.0000,0
173871,1790795603832,0.07190,0.00272,0.09328,0.00689,0.03628,0.04000,0.13166,0.08864,0.00744,0.45368,0.02914,0.03837,0.06522,0.00172,0.00548,0.00271,0.04052,0.03500,0.15693,0.10562,0.00779,0.53618,0.02798,0.01486,-55.02,5.444,-1,0.0000,-1.00,0.0000,0
173963,1790795603912,0.03905,0.00277,0.05980,0.06169,0.08777,0.03781,0.01275,0.06141,0.01308,0.28123,0.31307,0.02958,0.03241,0.00037,0.00873,0.00109,0.09874,0.03887,0.01516,0.07191,0.01546,0.31741,0.36743,0.03243,-54.18,3.757,-1,0.0000,-1.00,0.0000,0
174056,1790795604032,0.04181,0.03319,0.04009,0.12494,0.08216,0.02883,0.00409,0.16726,0.18442,0.14628,0.13506,0.01186,0.01102,0.00064,0.01706,0.11890,0.09582,0.03236,0.00471,0.19710,0.19741,0.15628,0.15541,0.01328,-53.75,2.213,-1,0.0000,-1.00,0.0000,0
174149,1790795604111,0.02672,0.00679,0.07060,0.05251,0.13912,0.10261,0.05643,0.03343,0.03075,0.11480,0.23502,0.13123,0.02603,0.00192,0.06262,0.01172,0.13817,0.11780,0.06718,0.02770,0.03382,0.11087,0.25825,0.14393,-55.83,2.820,-1,0.0000,-1.00,0.0000,0
174242,1790795604238,0.16251,0.01481,0.04756,0.05874,0.05600,0.08486,0.01898,0.10114,0.07521,0.15152,0.10465,0.12402,0.17009,0.00326,0.02248,0.04822,0.03792,0.06855,0.02200,0.11683,0.08052,0.17409,0.11181,0.14424,-57.13,1.950,-1,0.0000,-1.00,0.0000,0
174335,1790795604312,0.08372,0.00912,0.04892,0.01797,0.05533,0.04194,0.23653,0.15425,0.02907,0.14782,0.04930,0.12603,0.06467,0.00447,0.02537,0.01129,0.04747,0.03744,0.28253,0.17980,0.03258,0.16773,0.05165,0.09501,-56.02,2.838,-1,0.0000,-1.00,0.0000,0
174428,1790795604391,0.09356,0.00947,0.05867,0.02011,0.04244,0.14375,0.03298,0.14111,0.02747,0.20100,0.10589,0.12356,0.07886,0.00561,0.02346,0.00510,0.02300,0.15661,0.03809,0.16475,0.03190,0.23629,0.09583,0.14050,-54.89,2.412,-1,0.0000,-1.00,0.0000,0
174521,1790795604494,0.03222,0.01960,0.03584,0.08314,0.02211,0.08018,0.00770,0.05526,0.07235,0.14505,0.38630,0.06025,0.02566,0.00689,0.00898,0.01144,0.01248,0.09099,0.00769,0.06461,0.08442,0.17133,0.44484,0.07067,-55.56,4.636,-1,0.0000,-1.00,0.0000,0
174614,1790795604572,0.14929,0.00521,0.05883,0.02141,0.02655,0.17324,0.00397,0.06563,0.01063,0.25301,0.12626,0.10596,0.16374,0.00382,0.01066,0.00254,0.00680,0.17512,0.00398,0.07655,0.01223,0.30182,0.11658,0.12615,-57.38,3.036,-1,0.0000,-1.00,0.0000,0
174706,1790795604672,0.14570,0.01345,0.06093,0.02501,0.03892,0.19832,0.01145,0.06806,0.04330,0.25594,0.08436,0.05456,0.15889,0.00670,0.01339,0.01802,0.03415,0.20613,0.01209,0.07920,0.04748,0.30074,0.06022,0.06298,-56.75,3.071,-1,0.0000,-1.00,0.0000,0
174799,1790795604750,0.05443,0.00524,0.09724,0.00753,0.16480,0.07779,0.00449,0.03744,0.01487,0.49987,0.02271,0.01359,0.05649,0.00306,0.00542,0.00685,0.19442,0.08201,0.00476,0.04380,0.01646,0.56042,0.01096,0.01534,-55.64,5.998,-1,0.0000,-1.00,0.0000,0
174892,1790795604852,0.01135,0.00967,0.12487,0.00427,0.10470,0.03314,0.00139,0.00762,0.04827,0.64095,0.01062,0.00316,0.01185,0.00046,0.00211,0.00407,0.12472,0.03740,0.00157,0.00871,0.05623,0.74409,0.00532,0.00347,-53.98,7.691,-1,0.0000,-1.00,0.0000,0
174985,1790795604951,0.04156,0.00615,0.07826,0.02487,0.12681,0.10711,0.00465,0.02163,0.03054,0.41070,0.13457,0.01315,0.04452,0.00046,0.00205,0.00254,0.14904,0.11952,0.00546,0.02553,0.03595,0.46272,0.13755,0.01468,-54.25,4.928,-1,0.0000,-1.00,0.0000,0
175078,1790795605032,0.14461,0.00265,0.04511,0.04029,0.05488,0.19846,0.01009,0.13782,0.00738,0.10583,0.21778,0.03508,0.14071,0.00168,0.03118,0.00480,0.05755,0.21006,0.00678,0.16394,0.00790,0.11540,0.21931,0.04069,-56.57,2.613,-1,0.0000,-1.00,0.0000,0
175171,1790795605133,0.06969,0.00942,0.04307,0.01811,0.30083,0.06943,0.02985,0.10304,0.03747,0.18317,0.07533,0.06059,0.06066,0.00265,0.02175,0.00660,0.34761,0.07117,0.03283,0.12157,0.04359,0.15057,0.07615,0.06484,-55.83,3.610,-1,0.0000,-1.00,0.0000,0
175264,1790795605220,0.06745,0.00440,0.03932,0.00647,0.38705,0.05453,0.09962,0.04840,0.00350,0.23307,0.01893,0.03727,0.06971,0.00465,0.00981,0.00528,0.45942,0.05167,0.11826,0.05623,0.00314,0.18820,0.01244,0.02118,-54.27,4.645,-1,0.0000,-1.00,0.0000,0
175357,1790795605333,0.14504,0.00171,0.02955,0.01313,0.41498,0.07274,0.01950,0.05977,0.00379,0.21038,0.01216,0.01725,0.15975,0.00178,0.00486,0.01503,0.49405,0.05549,0.02297,0.07070,0.00156,0.15414,0.00357,0.01611,-54.75,4.980,-1,0.0000,-1.00,0.0000,0
175449,1790795605411,0.13077,0.00325,0.02819,0.01128,0.44393,0.04788,0.00421,0.08422,0.01168,0.21113,0.01363,0.00983,0.13698,0.00158,0.00444,0.01146,0.52980,0.03021,0.00462,0.10014,0.01167,0.14801,0.01035,0.01073,-54.97,5.327,-1,0.0000,-1.00,0.0000,0
175542,1790795605512,0.07298,0.00472,0.03741,0.00383,0.47821,0.02317,0.00209,0.09731,0.00280,0.25975,0.01371,0.00402,0.06459,0.00509,0.00561,0.00192,0.57212,0.01496,0.00146,0.11553,0.00297,0.19783,0.01346,0.00445,-54.42,5.738,-1,0.0000,-1.00,0.0000,0
175635,1790795605612,0.06805,0.01380,0.07439,0.00908,0.28759,0.03220,0.00767,0.05247,0.03409,0.38959,0.01745,0.01362,0.06957,0.00899,0.00977,0.00771,0.34168,0.02479,0.00741,0.06094,0.03806,0.40036,0.01599,0.01474,-55.08,4.675,-1,0.0000,-1.00,0.0000,0
175728,1790795605692,0.06635,0.02487,0.06664,0.04455,0.16972,0.01849,0.14863,0.12096,0.08396,0.18621,0.02497,0.04466,0.05247,0.01174,0.04344,0.04793,0.19917,0.01225,0.17577,0.13633,0.09110,0.18364,0.02750,0.01867,-55.97,2.234,-1,0.0000,-1.00,0.0000,0
175821,1790795605793,0.15881,0.01080,0.18740,0.01248,0.02121,0.04952,0.02744,0.37873,0.05122,0.08013,0.01085,0.01142,0.10842,0.00146,0.20631,0.01387,0.02392,0.03790,0.03251,0.41299,0.05788,0.09202,0.00548,0.00724,-56.06,4.545,-1,0.0000,-1.00,0.0000,0
175914,1790795605873,0.09087,0.01980,0.16565,0.02181,0.05292,0.02490,0.01848,0.16707,0.02786,0.38692,0.00970,0.01400,0.07282,0.01820,0.10897,0.02444,0.06071,0.01540,0.01503,0.18210,0.02854,0.45159,0.00858,0.01363,-55.31,4.643,-1,0.0000,-1.00,0.0000,0
176007,1790795605973,0.06394,0.01499,0.24407,0.00180,0.04073,0.03061,0.00163,0.17066,0.07240,0.34777,0.00707,0.00434,0.04440,0.00084,0.21172,0.00158,0.04784,0.02788,0.00178,0.16251,0.08639,0.40728,0.00295,0.00484,-55.58,4.173,-1,0.0000,-1.00,0.0000,0
176100,1790795606051,0.02930,0.04974,0.20407,0.02958,0.02384,0.01244,0.00435,0.12474,0.25314,0.24485,0.01072,0.01323,0.01254,0.00097,0.18737,0.03338,0.02560,0.01242,0.00444,0.11290,0.29671,0.28831,0.01038,0.01497,-54.70,3.038,-1,0.0000,-1.00,0.0000,0
176193,1790795606155,0.00435,0.01371,0.10328,0.01207,0.24608,0.00186,0.04085,0.00555,0.04711,0.47275,0.00830,0.04409,0.00432,0.00585,0.02271,0.01255,0.28619,0.00138,0.04604,0.00390,0.05396,0.50973,0.00967,0.04370,-53.29,5.673,-1,0.0000,-1.00,0.0000,0
176285,1790795606253,0.00203,0.00164,0.05755,0.00162,0.47588,0.03031,0.01239,0.01009,0.00500,0.29727,0.01149,0.09473,0.00081,0.00081,0.01989,0.00063,0.54829,0.03616,0.01467,0.00817,0.00586,0.24751,0.00660,0.11060,-54.24,5.711,-1,0.0000,-1.00,0.0000,0
176378,1790795606333,0.00441,0.00272,0.11274,0.00425,0.25270,0.01024,0.00221,0.02309,0.00595,0.47604,0.01311,0.09255,0.00119,0.00197,0.03305,0.00246,0.28092,0.01203,0.00225,0.02112,0.00664,0.51472,0.01332,0.11034,-54.22,5.712,-1,0.0000,-1.00,0.0000,0
176471,1790795606432,0.00147,0.00472,0.13405,0.00586,0.14267,0.00045,0.00126,0.00598,0.01967,0.64179,0.00715,0.03494,0.00087,0.00121,0.01457,0.00533,0.16270,0.00036,0.00117,0.00438,0.02251,0.73676,0.00850,0.04164,-53.99,7.701,-1,0.0000,-1.00,0.0000,0
176564,1790795606532,0.01998,0.02966,0.08605,0.04650,0.18783,0.01678,0.02046,0.04674,0.10198,0.20269,0.03977,0.20156,0.01527,0.01316,0.06196,0.04695,0.17804,0.01708,0.02190,0.04373,0.11289,0.20758,0.04427,0.23717,-56.76,2.432,-1,0.0000,-1.00,0.0000,0
176657,1790795606633,0.00730,0.01190,0.13204,0.00581,0.30140,0.01160,0.08660,0.03115,0.03643,0.17168,0.01968,0.18441,0.00635,0.00577,0.13000,0.00278,0.32136,0.01265,0.10206,0.01211,0.04278,0.14233,0.02107,0.20073,-58.46,3.617,-1,0.0000,-1.00,0.0000,0
176750,1790795606712,0.00465,0.00516,0.10951,0.00573,0.37444,0.00163,0.03831,0.03136,0.01495,0.17064,0.01717,0.22646,0.00227,0.00277,0.10627,0.00284,0.39663,0.00153,0.04535,0.01651,0.01735,0.12584,0.02027,0.26236,-57.60,4.493,-1,0.0000,-1.00,0.0000,0
176843,1790795606813,0.00396,0.00759,0.13579,0.02226,0.22754,0.00370,0.01655,0.02601,0.01536,0.34398,0.03676,0.16052,0.00052,0.00616,0.09023,0.01811,0.23493,0.00433,0.00851,0.02338,0.01481,0.36560,0.04319,0.19024,-56.86,4.128,-1,0.0000,-1.00,0.0000,0
176936,1790795606911,0.00644,0.00590,0.14931,0.00361,0.08555,0.00142,0.00199,0.00965,0.00483,0.60678,0.01025,0.11427,0.00693,0.00601,0.03772,0.00191,0.07541,0.00033,0.00120,0.00409,0.00533,0.71220,0.01221,0.13666,-55.14,7.281,-1,0.0000,-1.00,0.0000,0
177028,1790795606992,0.00213,0.00191,0.14496,0.00404,0.12234,0.00102,0.00197,0.00925,0.00412,0.62334,0.00900,0.07590,0.00168,0.00142,0.03068,0.00274,0.12867,0.00089,0.00205,0.00503,0.00440,0.72141,0.01060,0.09042,-54.84,7.480,-1,0.0000,-1.00,0.0000,0
177121,1790795607094,0.00451,0.02562,0.08093,0.00645,0.24366,0.00493,0.11516,0.01819,0.06055,0.33511,0.00868,0.09620,0.00181,0.01705,0.02816,0.00588,0.27443,0.00555,0.13460,0.01621,0.07139,0.34714,0.00930,0.08846,-56.62,4.021,-1,0.0000,-1.00,0.0000,0
177214,1790795607171,0.00424,0.01389,0.08655,0.00204,0.25155,0.00166,0.09084,0.01137,0.02717,0.35701,0.00882,0.14486,0.00355,0.01021,0.02954,0.00040,0.27120,0.00128,0.10683,0.00777,0.03241,0.37409,0.01031,0.15240,-57.77,4.284,-1,0.0000,-1.00,0.0000,0
177307,1790795607273,0.00943,0.01598,0.06835,0.05576,0.24267,0.03605,0.07926,0.02163,0.01670,0.15448,0.17404,0.12566,0.00822,0.01627,0.05557,0.02711,0.26451,0.04157,0.09114,0.01551,0.01451,0.13280,0.20029,0.13250,-56.48,2.912,-1,0.0000,-1.00,0.0000,0
177400,1790795607352,0.00703,0.00357,0.05161,0.10101,0.05529,0.11807,0.03469,0.03459,0.01223,0.09333,0.45087,0.03770,0.00180,0.00219,0.04199,0.01948,0.05891,0.14112,0.04114,0.03313,0.01080,0.10016,0.51228,0.03702,-55.72,5.410,-1,0.0000,-1.00,0.0000,0
177493,1790795607452,0.00843,0.01340,0.11140,0.04569,0.20309,0.00900,0.01599,0.05029,0.04190,0.19296,0.20769,0.10016,0.00206,0.00633,0.09630,0.00583,0.22029,0.01037,0.01790,0.04117,0.04905,0.18754,0.24680,0.11635,-56.29,2.492,-1,0.0000,-1.00,0.0000,0
177586,1790795607551,0.00984,0.03245,0.07624,0.03430,0.12208,0.00447,0.21185,0.02378,0.11189,0.14316,0.02012,0.20982,0.00881,0.01420,0.06106,0.03648,0.10617,0.00380,0.25103,0.01639,0.12452,0.15282,0.02336,0.20138,-56.07,2.542,-1,0.0000,-1.00,0.0000,0
177679,1790795607631,0.00103,0.05818,0.04723,0.01040,0.10262,0.00161,0.03985,0.00575,0.29014,0.14094,0.00717,0.29509,0.00074,0.00171,0.02486,0.01083,0.05471,0.00179,0.04726,0.00211,0.34347,0.16008,0.00823,0.34420,-55.73,3.541,-1,0.0000,-1.00,0.0000,0
177771,1790795607743,0.00226,0.00708,0.09953,0.07715,0.07176,0.07325,0.00937,0.01844,0.01760,0.12574,0.38960,0.10821,0.00191,0.00444,0.09177,0.00334,0.06068,0.08739,0.01014,0.00411,0.02038,0.13869,0.44951,0.12764,-55.88,4.675,-1,0.0000,-1.00,0.0000,0
177864,1790795607832,0.00144,0.04887,0.13509,0.04886,0.05935,0.01867,0.01122,0.02154,0.22971,0.18497,0.13129,0.10898,0.00131,0.00513,0.11970,0.02823,0.04572,0.02212,0.01243,0.00209,0.26953,0.21270,0.15294,0.12811,-55.68,2.757,-1,0.0000,-1.00,0.0000,0
177957,1790795607932,0.00149,0.00915,0.05898,0.09815,0.02785,0.05564,0.00479,0.00679,0.03651,0.17505,0.48819,0.03740,0.00129,0.00253,0.03006,0.00426,0.02470,0.06641,0.00523,0.00218,0.04290,0.20486,0.57181,0.04378,-55.90,5.858,-1,0.0000,-1.00,0.0000,0
178050,1790795608012,0.00718,0.06609,0.06172,0.03253,0.13302,0.01007,0.09571,0.02179,0.11640,0.16707,0.05552,0.23289,0.00367,0.05371,0.03852,0.02623,0.10814,0.01134,0.09999,0.02252,0.13427,0.17876,0.06428,0.25857,-56.46,2.795,-1,0.0000,-1.00,0.0000,0
178143,1790795608112,0.00253,0.03710,0.02912,0.05071,0.12865,0.00640,0.03283,0.00736,0.01897,0.11817,0.25044,0.31770,0.00167,0.04003,0.00995,0.00156,0.07992,0.00734,0.03140,0.00685,0.02233,0.12585,0.29863,0.37446,-56.57,3.812,-1,0.0000,-1.00,0.0000,0
178236,1790795608216,0.00560,0.05653,0.03209,0.02193,0.13587,0.00533,0.00737,0.01881,0.13424,0.16438,0.05069,0.36714,0.00232,0.03644,0.00238,0.01447,0.07561,0.00597,0.00161,0.02207,0.15798,0.18198,0.05956,0.43961,-56.30,4.406,-1,0.0000,-1.00,0.0000,0
178329,1790795608292,0.00345,0.02961,0.01838,0.07511,0.07925,0.04060,0.00533,0.00770,0.03674,0.08648,0.38002,0.23735,0.00242,0.02682,0.00300,0.00162,0.03862,0.04817,0.00107,0.00864,0.04370,0.09597,0.44580,0.28418,-56.25,4.560,-1,0.0000,-1.00,0.0000,0
178422,1790795608393,0.00252,0.03977,0.03497,0.03441,0.10835,0.01390,0.00358,0.00893,0.13427,0.16993,0.11096,0.33842,0.00109,0.01639,0.00348,0.01552,0.04949,0.01643,0.00095,0.01010,0.15781,0.19381,0.12970,0.40523,-55.89,4.061,-1,0.0000,-1.00,0.0000,0
178515,1790795608471,0.00449,0.02630,0.02420,0.05983,0.10797,0.03990,0.04400,0.00686,0.09879,0.08432,0.24690,0.25644,0.00361,0.00944,0.01172,0.01490,0.07050,0.04710,0.05085,0.00589,0.11531,0.08718,0.28651,0.29701,-56.07,3.077,-1,0.0000,-1.00,0.0000,0
178607,1790795608572,0.00109,0.03798,0.01910,0.07069,0.08733,0.01880,0.03110,0.00429,0.06536,0.09407,0.32917,0.24102,0.00035,0.03032,0.00245,0.00740,0.04862,0.02246,0.03125,0.00465,0.07684,0.10308,0.38997,0.28260,-56.80,3.950,-1,0.0000,-1.00,0.0000,0
178700,1790795608653,0.01814,0.05753,0.02882,0.02824,0.16752,0.01525,0.02389,0.02847,0.02446,0.10088,0.12836,0.37844,0.01445,0.06439,0.01495,0.00395,0.11146,0.01541,0.01586,0.03116,0.02852,0.09879,0.15075,0.45032,-57.07,4.541,-1,0.0000,-1.00,0.0000,0
178793,1790795608751,0.00928,0.13034,0.02890,0.00580,0.11129,0.00330,0.03741,0.01206,0.08591,0.09857,0.02136,0.45578,0.00866,0.13597,0.01223,0.00196,0.02580,0.00224,0.01787,0.01203,0.10255,0.11299,0.02515,0.54255,-58.05,5.469,-1,0.0000,-1.00,0.0000,0
178886,1790795608851,0.00534,0.08481,0.03120,0.00529,0.13278,0.00168,0.01572,0.01123,0.05039,0.14771,0.01996,0.49389,0.00379,0.08982,0.00394,0.00165,0.04180,0.00129,0.00103,0.01267,0.06005,0.16871,0.02366,0.59159,-58.48,5.927,-1,0.0000,-1.00,0.0000,0
178979,1790795608932,0.00651,0.04469,0.02469,0.00650,0.15561,0.00326,0.13041,0.01303,0.03353,0.10245,0.02684,0.45248,0.00553,0.04565,0.00858,0.00152,0.08486,0.00281,0.14722,0.01392,0.03984,0.10598,0.03160,0.51250,-58.34,5.430,-1,0.0000,-1.00,0.0000,0
179072,1790795609031,0.00256,0.11976,0.01837,0.00389,0.18554,0.00533,0.15437,0.00722,0.03115,0.10531,0.01696,0.34953,0.00143,0.13617,0.00271,0.00087,0.14550,0.00611,0.15798,0.00811,0.03715,0.09735,0.01911,0.38750,-58.93,4.194,-1,0.0000,-1.00,0.0000,0
179165,1790795609131,0.00523,0.16042,0.02483,0.01185,0.21445,0.00997,0.03739,0.00948,0.03718,0.13866,0.03582,0.31473,0.00403,0.18379,0.00396,0.00612,0.18253,0.01115,0.00837,0.01057,0.04322,0.13008,0.04072,0.37546,-57.69,3.777,-1,0.0000,-1.00,0.0000,0
179258,1790795609239,0.01107,0.03621,0.08198,0.03077,0.09574,0.00751,0.00777,0.03237,0.04969,0.35153,0.14266,0.15271,0.00627,0.03172,0.01780,0.00328,0.07856,0.00775,0.00302,0.03526,0.05883,0.40571,0.16940,0.18239,-55.96,4.218,-1,0.0000,-1.00,0.0000,0
179350,1790795609311,0.00458,0.03699,0.08910,0.00961,0.13831,0.00343,0.00613,0.00564,0.08331,0.45733,0.01727,0.14830,0.00426,0.02484,0.00327,0.00754,0.13060,0.00327,0.00243,0.00611,0.09833,0.52210,0.02005,0.17721,-55.38,5.488,-1,0.0000,-1.00,0.0000,0
179443,1790795609411,0.01067,0.07368,0.04096,0.03888,0.13609,0.00784,0.05263,0.01417,0.25751,0.19439,0.02061,0.15257,0.00971,0.02937,0.00737,0.04199,0.12900,0.00754,0.05725,0.01552,0.29719,0.21039,0.02320,0.17147,-55.24,3.090,-1,0.0000,-1.00,0.0000,0
179536,1790795609512,0.00167,0.01189,0.09818,0.00271,0.14393,0.00205,0.02439,0.00306,0.02282,0.51119,0.00874,0.16937,0.00131,0.00892,0.00143,0.00125,0.13332,0.00220,0.02746,0.00339,0.02698,0.58622,0.01004,0.19750,-54.89,6.134,-1,0.0000,-1.00,0.0000,0
179629,1790795609592,0.01530,0.01755,0.06708,0.00908,0.15073,0.00716,0.05589,0.03573,0.04396,0.33283,0.01508,0.24961,0.00986,0.01126,0.00603,0.00755,0.12386,0.00663,0.06472,0.04164,0.05039,0.37504,0.01676,0.28626,-56.10,3.994,-1,0.0000,-1.00,0.0000,0
179722,1790795609692,0.09327,0.03880,0.08319,0.01011,0.04572,0.02158,0.03088,0.39242,0.14061,0.06366,0.02983,0.04994,0.02130,0.01356,0.08622,0.00588,0.04417,0.02163,0.02879,0.45864,0.16697,0.06787,0.03145,0.05350,-59.17,4.709,-1,0.0000,-1.00,0.0000,0
179815,1790795609771,0.03928,0.06782,0.06298,0.01169,0.08140,0.03962,0.03252,0.15766,0.14126,0.20708,0.01892,0.13977,0.01080,0.04831,0.02885,0.01130,0.06553,0.04533,0.02939,0.18319,0.16703,0.23514,0.01368,0.16144,-58.86,2.485,-1,0.0000,-1.00,0.0000,0
179908,1790795609871,0.01994,0.04749,0.05572,0.03182,0.04909,0.00830,0.18010,0.09562,0.14032,0.13555,0.08078,0.15527,0.00734,0.02440,0.03573,0.01927,0.03118,0.00849,0.21017,0.10829,0.16398,0.15657,0.09511,0.13947,-56.86,2.161,-1,0.0000,-1.00,0.0000,0
180001,1790795609952,0.00145,0.01068,0.11788,0.00395,0.09206,0.00066,0.03640,0.00300,0.04095,0.59939,0.00499,0.08859,0.00068,0.00365,0.00244,0.00358,0.09095,0.00066,0.04288,0.00312,0.04835,0.70019,0.00585,0.09765,-55.63,7.193,-1,0.0000,-1.00,0.0000,0
180093,1790795610052,0.00984,0.02815,0.09818,0.04180,0.06312,0.00254,0.01095,0.03060,0.12797,0.45736,0.01819,0.11129,0.00493,0.00513,0.01096,0.04585,0.04967,0.00206,0.01200,0.03461,0.14425,0.53818,0.02139,0.13098,-55.95,5.488,-1,0.0000,-1.00,0.0000,0
180186,1790795610151,0.01576,0.00798,0.41378,0.02002,0.02217,0.00798,0.08737,0.12150,0.02914,0.18379,0.03509,0.05542,0.00722,0.00409,0.45282,0.01597,0.01753,0.00814,0.10368,0.05601,0.03170,0.21680,0.04044,0.04560,-57.75,4.965,-1,0.0000,-1.00,0.0000,0
180279,1790795610245,0.00446,0.00780,0.53564,0.00407,0.01426,0.00152,0.11239,0.11648,0.03362,0.13215,0.00621,0.03142,0.00153,0.00164,0.61100,0.00346,0.01490,0.00152,0.13419,0.01860,0.03951,0.15549,0.00714,0.01104,-59.37,6.428,-1,0.0000,-1.00,0.0000,0
180372,1790795610332,0.00802,0.00479,0.38725,0.01385,0.00886,0.00336,0.15219,0.07556,0.01772,0.26453,0.01910,0.04478,0.00526,0.00200,0.40143,0.01219,0.00625,0.00344,0.17099,0.02194,0.01881,0.31573,0.02220,0.01976,-55.14,4.647,-1,0.0000,-1.00,0.0000,0
180465,1790795610433,0.00401,0.00057,0.48627,0.02625,0.00364,0.00039,0.20413,0.11016,0.00765,0.11219,0.00320,0.04154,0.00039,0.00018,0.55618,0.03071,0.00410,0.00038,0.24456,0.02174,0.00308,0.13361,0.00376,0.00130,-52.58,5.835,-1,0.0000,-1.00,0.0000,0
180558,1790795610531,0.02543,0.02142,0.10607,0.17586,0.19414,0.00196,0.03354,0.15239,0.12311,0.07496,0.01242,0.07870,0.00120,0.00460,0.11778,0.20785,0.21593,0.00211,0.03928,0.15926,0.10631,0.04702,0.01446,0.08420,-52.98,2.330,-1,0.0000,-1.00,0.0000,0
180651,1790795610612,0.05270,0.03971,0.12978,0.08450,0.02891,0.05168,0.28717,0.05772,0.06085,0.11275,0.02863,0.06560,0.05342,0.03692,0.12998,0.09647,0.03207,0.05133,0.33105,0.04911,0.05379,0.12875,0.02412,0.01297,-54.27,3.446,-1,0.0000,-1.00,0.0000,0
180744,1790795610712,0.02054,0.01755,0.17281,0.01656,0.03825,0.05671,0.35138,0.03686,0.04040,0.13209,0.02571,0.09114,0.02164,0.01271,0.17727,0.01624,0.04052,0.06366,0.41571,0.01184,0.04515,0.15028,0.01818,0.02679,-56.76,4.217,-1,0.0000,-1.00,0.0000,0
180837,1790795610812,0.03005,0.02269,0.08606,0.03209,0.13857,0.01406,0.03653,0.04206,0.06477,0.33266,0.12585,0.07461,0.02720,0.01216,0.02999,0.00901,0.14995,0.01146,0.04136,0.04445,0.07579,0.36891,0.14852,0.08120,-60.18,3.992,-1,0.0000,-1.00,0.0000,0
180929,1790795610891,0.00608,0.01503,0.11760,0.00787,0.20572,0.00400,0.01227,0.01730,0.00564,0.56418,0.01766,0.02665,0.00376,0.01688,0.01635,0.00540,0.24061,0.00404,0.01105,0.01780,0.00569,0.62832,0.02035,0.02974,-59.59,6.770,-1,0.0000,-1.00,0.0000,0
181022,1790795610991,0.01606,0.01953,0.10911,0.01412,0.20676,0.00672,0.01256,0.00951,0.01936,0.53828,0.02722,0.02078,0.01859,0.01922,0.01245,0.01062,0.24347,0.00437,0.01103,0.00914,0.02109,0.59672,0.03175,0.02156,-57.01,6.459,9,0.9618,110.25,0.9618,1
181115,1790795611068,0.00134,0.00409,0.18405,0.03505,0.13506,0.00821,0.01037,0.02246,0.01642,0.43388,0.13375,0.01531,0.00098,0.00157,0.12371,0.01060,0.15868,0.00965,0.01212,0.00239,0.01757,0.48843,0.15836,0.01594,-55.16,5.207,-1,0.0000,-1.00,0.0000,0
181208,1790795611173,0.00595,0.00631,0.27410,0.02154,0.06640,0.00362,0.03443,0.04148,0.01927,0.45132,0.05393,0.02165,0.00600,0.00358,0.22422,0.01313,0.07601,0.00315,0.04052,0.00528,0.02048,0.52573,0.06399,0.01791,-55.34,5.416,-1,0.0000,-1.00,0.0000,0
181301,1790795611251,0.00727,0.04542,0.18396,0.00744,0.10496,0.00797,0.05336,0.02860,0.02533,0.47884,0.01688,0.03998,0.00570,0.04920,0.11133,0.00523,0.11839,0.00842,0.05418,0.01220,0.02931,0.55030,0.01855,0.03716,-55.39,5.746,-1,0.0000,-1.00,0.0000,0
181394,1790795611351,0.00909,0.00747,0.18109,0.00857,0.18132,0.01172,0.04372,0.03029,0.02341,0.44036,0.03186,0.03109,0.00773,0.00427,0.12066,0.00320,0.21183,0.01258,0.05144,0.01248,0.02711,0.48595,0.03568,0.02706,-56.41,5.284,-1,0.0000,-1.00,0.0000,0
181487,1790795611451,0.01487,0.01472,0.36067,0.01110,0.04039,0.00666,0.07851,0.09272,0.01194,0.31340,0.01592,0.03912,0.00987,0.01523,0.35939,0.00976,0.04257,0.00612,0.09106,0.03985,0.01236,0.36710,0.01786,0.02882,-56.89,4.328,-1,0.0000,-1.00,0.0000,0
181580,1790795611531,0.07890,0.03900,0.19404,0.00610,0.01078,0.00726,0.19414,0.34236,0.00860,0.05218,0.00705,0.05959,0.02961,0.04499,0.22044,0.00575,0.00906,0.00286,0.22371,0.36654,0.00901,0.06088,0.00788,0.01927,-53.86,4.108,-1,0.0000,-1.00,0.0000,0
181672,1790795611651,0.05800,0.00220,0.45198,0.00172,0.01615,0.00075,0.00428,0.37939,0.00293,0.01494,0.00140,0.06625,0.00053,0.00201,0.53818,0.00176,0.00381,0.00079,0.00473,0.34792,0.00316,0.01715,0.00152,0.07844,-53.04,5.424,-1,0.0000,-1.00,0.0000,0
181765,1790795611731,0.03974,0.01071,0.07355,0.05621,0.03825,0.00651,0.11267,0.19153,0.02133,0.03895,0.25972,0.15082,0.00482,0.00832,0.07938,0.00593,0.01521,0.00685,0.13230,0.21482,0.02385,0.04419,0.30985,0.15450,-54.10,3.117,-1,0.0000,-1.00,0.0000,0
181858,1790795611832,0.00946,0.02952,0.09973,0.01414,0.12369,0.00239,0.07127,0.03984,0.10541,0.44290,0.01416,0.04750,0.00254,0.01154,0.01938,0.01367,0.14022,0.00236,0.08306,0.04394,0.12143,0.50508,0.01649,0.04029,-55.49,5.315,-1,0.0000,-1.00,0.0000,0
181951,1790795611911,0.01029,0.01557,0.12580,0.02921,0.09885,0.00375,0.02369,0.04186,0.02353,0.58064,0.02110,0.02573,0.00303,0.01488,0.01665,0.03014,0.11333,0.00389,0.02538,0.04691,0.01906,0.67643,0.02451,0.02579,-57.41,6.968,-1,0.0000,-1.00,0.0000,0
182044,1790795612012,0.02006,0.00875,0.48937,0.01187,0.02345,0.00633,0.05319,0.14852,0.02867,0.14487,0.03062,0.03430,0.01015,0.00433,0.55281,0.00717,0.02234,0.00566,0.06288,0.06837,0.03277,0.16932,0.03557,0.02864,-58.21,5.872,-1,0.0000,-1.00,0.0000,0
182137,1790795612112,0.00696,0.00661,0.63169,0.00240,0.00746,0.00181,0.08640,0.14766,0.01126,0.06258,0.00576,0.02940,0.00260,0.00540,0.74229,0.00158,0.00604,0.00166,0.10225,0.03000,0.01318,0.07379,0.00657,0.01465,-58.99,7.580,-1,0.0000,-1.00,0.0000,0
182230,1790795612191,0.02094,0.00487,0.23265,0.03340,0.01494,0.00546,0.17361,0.07185,0.01199,0.27121,0.10321,0.05587,0.01642,0.00371,0.21477,0.01563,0.01277,0.00329,0.20721,0.04360,0.01083,0.32288,0.12302,0.02587,-55.56,3.255,-1,0.0000,-1.00,0.0000,0
182323,1790795612292,0.00243,0.00337,0.32451,0.01485,0.00147,0.00037,0.34036,0.06533,0.00614,0.16744,0.00539,0.06834,0.00108,0.00325,0.34911,0.01652,0.00150,0.00025,0.40709,0.00917,0.00399,0.20043,0.00641,0.00119,-53.23,4.084,-1,0.0000,-1.00,0.0000,0
182415,1790795612372,0.02317,0.02334,0.15924,0.13869,0.13227,0.01678,0.09753,0.15425,0.11968,0.04868,0.01413,0.07225,0.00273,0.00598,0.18501,0.16360,0.14674,0.01956,0.11568,0.14815,0.11097,0.02924,0.01305,0.05928,-53.25,1.911,-1,0.0000,-1.00,0.0000,0
182508,1790795612472,0.05190,0.09585,0.10746,0.04980,0.11238,0.05704,0.09659,0.15029,0.10527,0.05467,0.03319,0.08556,0.03056,0.09198,0.12039,0.05426,0.11737,0.06295,0.09416,0.15956,0.11538,0.04224,0.02729,0.08386,-54.26,1.804,-1,0.0000,-1.00,0.0000,0
182601,1790795612551,0.02869,0.01763,0.09443,0.06337,0.17846,0.01188,0.07138,0.06767,0.10410,0.08691,0.02678,0.24870,0.01985,0.00424,0.09715,0.06998,0.15834,0.01030,0.08104,0.06547,0.10290,0.08072,0.03005,0.27998,-57.55,2.984,-1,0.0000,-1.00,0.0000,0
182694,1790795612652,0.03017,0.02544,0.07291,0.06151,0.14678,0.02057,0.03410,0.06007,0.08840,0.26450,0.11936,0.07619,0.02152,0.01408,0.03064,0.04615,0.15949,0.02038,0.03766,0.06631,0.09597,0.28613,0.13898,0.08270,-59.37,3.174,-1,0.0000,-1.00,0.0000,0
182787,1790795612752,0.01116,0.00774,0.08691,0.02439,0.24749,0.00430,0.02629,0.02541,0.02611,0.40218,0.09790,0.04012,0.00603,0.00519,0.01993,0.00613,0.28818,0.00396,0.02942,0.02755,0.03007,0.42478,0.11652,0.04224,-58.74,4.826,-1,0.0000,-1.00,0.0000,0
182880,1790795612831,0.00554,0.00534,0.13636,0.00589,0.11840,0.00207,0.00848,0.01318,0.00820,0.65543,0.01278,0.02832,0.00340,0.00518,0.01303,0.00410,0.13549,0.00181,0.00885,0.01350,0.00900,0.75852,0.01495,0.03218,-59.00,7.865,9,0.9524,110.30,0.9524,1
182973,1790795612952,0.01614,0.01076,0.14211,0.06360,0.04639,0.04510,0.02052,0.03662,0.04442,0.15531,0.29811,0.12092,0.01593,0.00263,0.13448,0.00740,0.02781,0.05088,0.02406,0.01722,0.05176,0.18058,0.34712,0.14012,-56.19,3.577,-1,0.0000,-1.00,0.0000,0
183066,1790795613032,0.01635,0.00125,0.27824,0.01589,0.07214,0.01995,0.04868,0.04413,0.00640,0.41123,0.06665,0.01908,0.01847,0.00022,0.23897,0.00400,0.08420,0.02024,0.05829,0.00550,0.00662,0.47632,0.07585,0.01131,-55.01,4.935,-1,0.0000,-1.00,0.0000,0
183158,1790795613133,0.00866,0.06059,0.17021,0.06036,0.03731,0.00383,0.02953,0.02926,0.31443,0.24467,0.01922,0.02193,0.00639,0.00085,0.14715,0.06790,0.04033,0.00333,0.02104,0.02007,0.36193,0.28655,0.02237,0.02210,-55.11,3.773,-1,0.0000,-1.00,0.0000,0
183251,1790795613212,0.01209,0.01479,0.17617,0.00616,0.08544,0.00507,0.02595,0.01684,0.07344,0.56082,0.01380,0.00944,0.01362,0.00052,0.08186,0.00423,0.10135,0.00337,0.03092,0.00403,0.08714,0.65192,0.01586,0.00518,-54.88,6.730,-1,0.0000,-1.00,0.0000,0
183344,1790795613313,0.00994,0.01811,0.17247,0.00535,0.10059,0.00332,0.04219,0.01738,0.04996,0.55504,0.01010,0.01553,0.01081,0.01016,0.07949,0.00408,0.11876,0.00184,0.04854,0.00506,0.05906,0.64153,0.01174,0.00892,-55.54,6.661,-1,0.0000,-1.00,0.0000,0
183437,1790795613414,0.01731,0.03561,0.10772,0.01729,0.17176,0.00436,0.02706,0.00828,0.05531,0.42889,0.06795,0.05846,0.02012,0.02974,0.03478,0.00462,0.19296,0.00123,0.02653,0.00303,0.06536,0.47566,0.08117,0.06479,-57.29,5.147,-1,0.0000,-1.00,0.0000,0
183530,1790795613492,0.00955,0.03310,0.11098,0.00942,0.13372,0.01120,0.01943,0.00884,0.08771,0.51277,0.03591,0.02737,0.00960,0.01898,0.01722,0.00321,0.15441,0.01152,0.01745,0.00925,0.10430,0.58398,0.04074,0.02934,-58.88,6.153,-1,0.0000,-1.00,0.0000,0
183623,1790795613592,0.05578,0.02039,0.07247,0.04213,0.02408,0.15862,0.06061,0.07492,0.05798,0.27284,0.13067,0.02952,0.04981,0.01185,0.02299,0.02653,0.02460,0.18019,0.07027,0.08522,0.06421,0.32205,0.12085,0.02144,-57.62,3.274,-1,0.0000,-1.00,0.0000,0
183716,1790795613671,0.00875,0.00934,0.03368,0.09571,0.00947,0.04639,0.10109,0.01416,0.04902,0.12535,0.48006,0.02697,0.00623,0.00106,0.01097,0.00278,0.00971,0.05435,0.12092,0.01479,0.05819,0.14828,0.56446,0.00826,-55.27,5.761,-1,0.0000,-1.00,0.0000,0
183809,1790795613772,0.00107,0.00078,0.01588,0.13415,0.00924,0.06285,0.00493,0.00177,0.00269,0.07768,0.68611,0.00285,0.00080,0.00044,0.00100,0.00072,0.01063,0.07515,0.00582,0.00192,0.00308,0.09097,0.80722,0.00224,-55.00,8.233,-1,0.0000,-1.00,0.0000,0
183902,1790795613852,0.01838,0.01352,0.24022,0.05140,0.03882,0.04905,0.03513,0.05663,0.03294,0.19939,0.24527,0.01926,0.01811,0.00897,0.24181,0.00550,0.04353,0.05518,0.04031,0.01992,0.03646,0.23221,0.28296,0.01505,-56.91,2.943,-1,0.0000,-1.00,0.0000,0
183994,1790795613951,0.00431,0.00247,0.49614,0.03256,0.00420,0.00862,0.03852,0.09757,0.01011,0.13494,0.15797,0.01259,0.00410,0.00063,0.56259,0.00187,0.00385,0.00952,0.04603,0.00539,0.01174,0.16093,0.18740,0.00597,-59.32,5.954,-1,0.0000,-1.00,0.0000,0
184087,1790795614051,0.01135,0.01062,0.15705,0.03225,0.01868,0.03486,0.01968,0.01355,0.01373,0.50150,0.16598,0.02077,0.01306,0.00955,0.06977,0.00076,0.01830,0.03918,0.02168,0.00241,0.01630,0.59729,0.19111,0.02059,-54.98,6.018,-1,0.0000,-1.00,0.0000,0
184180,1790795614131,0.00138,0.00058,0.05443,0.04131,0.00240,0.51149,0.00143,0.00967,0.00270,0.06664,0.30654,0.00142,0.00130,0.00009,0.04949,0.00076,0.00258,0.61266,0.00170,0.00178,0.00308,0.07934,0.24586,0.00137,-52.40,6.138,-1,0.0000,-1.00,0.0000,0
184273,1790795614252,0.00049,0.00026,0.05649,0.02394,0.00844,0.39507,0.20756,0.01103,0.00125,0.01703,0.19684,0.08160,0.00046,0.00005,0.06367,0.00053,0.00051,0.47330,0.24870,0.00059,0.00140,0.02030,0.14203,0.04847,-52.15,4.741,-1,0.0000,-1.00,0.0000,0
184366,1790795614332,0.00215,0.02765,0.01540,0.07697,0.08641,0.26998,0.18915,0.00554,0.02907,0.06249,0.16275,0.07243,0.00150,0.02888,0.00735,0.06628,0.09502,0.32320,0.22093,0.00518,0.02169,0.05604,0.13095,0.04299,-52.02,3.240,-1,0.0000,-1.00,0.0000,0
184459,1790795614433,0.00277,0.00435,0.01085,0.04465,0.08411,0.43297,0.03354,0.00419,0.00943,0.04136,0.27146,0.06031,0.00257,0.00357,0.00640,0.00939,0.08801,0.51829,0.03948,0.00375,0.00827,0.03328,0.22253,0.06444,-53.97,5.196,-1,0.0000,-1.00,0.0000,0
184552,1790795614511,0.02474,0.00582,0.04025,0.07295,0.05095,0.21344,0.06209,0.02093,0.02312,0.04935,0.34044,0.09593,0.02572,0.00232,0.03812,0.01640,0.04111,0.25065,0.07267,0.01879,0.02446,0.05099,0.35823,0.10054,-58.39,4.085,-1,0.0000,-1.00,0.0000,0
184645,1790795614613,0.00520,0.00150,0.01524,0.12441,0.00949,0.12623,0.02305,0.00494,0.00797,0.01177,0.64588,0.02432,0.00556,0.00006,0.01572,0.00156,0.00667,0.15015,0.02688,0.00353,0.00919,0.01282,0.74415,0.02370,-57.97,7.751,-1,0.0000,-1.00,0.0000,0
184737,1790795614712,0.00177,0.00139,0.00634,0.15052,0.00705,0.05106,0.00936,0.00263,0.00457,0.01016,0.73960,0.01553,0.00157,0.00100,0.00538,0.00706,0.00519,0.06087,0.01102,0.00209,0.00408,0.01115,0.87415,0.01643,-56.94,8.875,10,0.9655,116.75,0.9655,1
184830,1790795614790,0.02071,0.00230,0.05442,0.12099,0.01364,0.07327,0.01564,0.01863,0.00628,0.04512,0.61438,0.01461,0.02255,0.00136,0.05500,0.00233,0.01302,0.08391,0.01848,0.01142,0.00706,0.05149,0.71954,0.01385,-54.18,7.373,-1,0.0000,-1.00,0.0000,0
184923,1790795614892,0.00206,0.00059,0.11705,0.12505,0.00390,0.04171,0.00319,0.02452,0.00198,0.02899,0.63748,0.01348,0.00188,0.00026,0.13342,0.00037,0.00162,0.04961,0.00377,0.00293,0.00226,0.03446,0.75402,0.01541,-54.16,7.650,-1,0.0000,-1.00,0.0000,0
185016,1790795614971,0.01596,0.01035,0.18507,0.07966,0.04572,0.03434,0.01416,0.03638,0.00937,0.11939,0.37502,0.07458,0.01796,0.01074,0.19480,0.00785,0.03765,0.03759,0.01484,0.00498,0.00929,0.13598,0.44191,0.08643,-55.60,4.500,-1,0.0000,-1.00,0.0000,0
185109,1790795615072,0.01768,0.00345,0.06958,0.09160,0.00516,0.16757,0.06715,0.01720,0.01071,0.03851,0.49054,0.02084,0.01999,0.00164,0.07440,0.00097,0.00437,0.19682,0.08004,0.00596,0.01264,0.04528,0.54877,0.00910,-54.39,5.887,-1,0.0000,-1.00,0.0000,0
185202,1790795615152,0.01327,0.01415,0.16644,0.03387,0.00210,0.28665,0.07195,0.03137,0.00513,0.14422,0.21377,0.01709,0.01488,0.01589,0.16523,0.00321,0.00131,0.34093,0.08287,0.00502,0.00551,0.17255,0.18856,0.00404,-55.58,3.440,-1,0.0000,-1.00,0.0000,0
185295,1790795615251,0.02522,0.00458,0.06415,0.09835,0.03283,0.26820,0.03220,0.02898,0.02477,0.04633,0.36318,0.01121,0.02554,0.00245,0.06736,0.04401,0.03831,0.31630,0.03810,0.02137,0.02096,0.04792,0.37247,0.00520,-54.97,4.358,-1,0.0000,-1.00,0.0000,0
185388,1790795615351,0.00063,0.00019,0.00505,0.03750,0.00085,0.63393,0.00238,0.00193,0.00113,0.00217,0.31332,0.00092,0.00053,0.00000,0.00557,0.00036,0.00092,0.75949,0.00285,0.00121,0.00128,0.00242,0.22487,0.00050,-52.02,7.607,-1,0.0000,-1.00,0.0000,0
185481,1790795615431,0.00370,0.00252,0.02773,0.10910,0.00512,0.12694,0.00338,0.00680,0.00667,0.13164,0.56773,0.00866,0.00299,0.00151,0.00213,0.00183,0.00424,0.15151,0.00372,0.00775,0.00763,0.15689,0.65024,0.00955,-53.01,6.813,-1,0.0000,-1.00,0.0000,0
185573,1790795615551,0.01260,0.00543,0.06874,0.05038,0.02404,0.07176,0.15702,0.01566,0.01878,0.29217,0.24034,0.04309,0.01188,0.00235,0.01398,0.00657,0.02594,0.08363,0.18769,0.01599,0.02120,0.34495,0.27141,0.01442,-56.08,3.506,-1,0.0000,-1.00,0.0000,0
185666,1790795615632,0.00098,0.00062,0.00654,0.14782,0.00073,0.02677,0.03083,0.00068,0.00208,0.02570,0.74941,0.00784,0.00102,0.00032,0.00175,0.00037,0.00047,0.03187,0.03686,0.00049,0.00241,0.03070,0.89166,0.00209,-55.15,8.993,-1,0.0000,-1.00,0.0000,0
185759,1790795615743,0.00728,0.00174,0.07757,0.10276,0.02293,0.04350,0.04866,0.02022,0.00568,0.02599,0.52397,0.11970,0.00731,0.00080,0.08680,0.00066,0.00132,0.05067,0.05814,0.00702,0.00660,0.03097,0.61780,0.13191,-56.14,6.288,-1,0.0000,-1.00,0.0000,0
185852,1790795615813,0.00395,0.00053,0.37244,0.02481,0.01815,0.03064,0.11631,0.07145,0.00180,0.12695,0.12940,0.10356,0.00399,0.00032,0.41622,0.00040,0.00262,0.03593,0.13915,0.00326,0.00208,0.15159,0.14794,0.09650,-59.12,4.469,-1,0.0000,-1.00,0.0000,0
185945,1790795615912,0.00751,0.00150,0.16845,0.03604,0.02468,0.02597,0.00944,0.01613,0.00506,0.49771,0.17628,0.03123,0.00849,0.00070,0.08450,0.00247,0.02259,0.02943,0.01118,0.00258,0.00552,0.59194,0.20539,0.03520,-54.94,5.972,-1,0.0000,-1.00,0.0000,0
186038,1790795616012,0.00170,0.00071,0.06714,0.06894,0.00258,0.32218,0.00853,0.01156,0.00224,0.10287,0.40697,0.00456,0.00150,0.00036,0.05611,0.00109,0.00240,0.38576,0.01015,0.00273,0.00247,0.12279,0.41118,0.00346,-52.72,4.884,-1,0.0000,-1.00,0.0000,0
186131,1790795616091,0.00053,0.00118,0.04945,0.04073,0.03402,0.36312,0.15094,0.01018,0.00686,0.03389,0.24481,0.06428,0.00028,0.00022,0.05235,0.00775,0.03260,0.43505,0.18081,0.00181,0.00601,0.03483,0.20710,0.04118,-51.75,4.357,-1,0.0000,-1.00,0.0000,0
186224,1790795616191,0.00230,0.01728,0.06296,0.19631,0.13090,0.15674,0.02381,0.00903,0.12321,0.17106,0.09375,0.01264,0.00221,0.00010,0.04090,0.22032,0.15493,0.18742,0.02851,0.00272,0.10396,0.17425,0.07519,0.00950,-52.44,2.356,-1,0.0000,-1.00,0.0000,0
186316,1790795616272,0.00119,0.00129,0.01304,0.06445,0.00895,0.39942,0.07776,0.00325,0.00808,0.02227,0.37954,0.02076,0.00101,0.00003,0.01059,0.00588,0.00941,0.47844,0.09317,0.00180,0.00794,0.02540,0.35993,0.00640,-56.31,4.793,-1,0.0000,-1.00,0.0000,0
186409,1790795616372,0.01011,0.06548,0.02811,0.09852,0.01372,0.08521,0.03021,0.04365,0.33178,0.03299,0.24186,0.01836,0.00278,0.00219,0.02638,0.06459,0.01349,0.10155,0.03576,0.04707,0.38475,0.03686,0.26967,0.01491,-56.69,3.981,-1,0.0000,-1.00,0.0000,0
186502,1790795616451,0.00493,0.03719,0.25253,0.03314,0.03252,0.00525,0.05768,0.04963,0.18990,0.29337,0.02705,0.01680,0.00334,0.00078,0.23437,0.03350,0.03769,0.00563,0.06896,0.01300,0.22086,0.34411,0.03130,0.00646,-55.52,3.520,-1,0.0000,-1.00,0.0000,0
186595,1790795616552,0.00136,0.00182,0.35989,0.01864,0.07717,0.02844,0.04009,0.05996,0.00912,0.31878,0.07402,0.01072,0.00147,0.00029,0.35911,0.00608,0.09171,0.03388,0.04797,0.00066,0.00972,0.36380,0.08198,0.00334,-55.83,4.319,-1,0.0000,-1.00,0.0000,0
186688,1790795616651,0.00091,0.00082,0.16596,0.08833,0.00474,0.09699,0.03941,0.02943,0.00442,0.10434,0.45489,0.00977,0.00090,0.00008,0.17426,0.00234,0.00521,0.11604,0.04718,0.00074,0.00474,0.12408,0.52206,0.00235,-55.97,5.459,-1,0.0000,-1.00,0.0000,0
186781,1790795616730,0.00097,0.00255,0.38398,0.05608,0.01008,0.05582,0.03127,0.07472,0.00923,0.08106,0.28449,0.00976,0.00073,0.00098,0.44126,0.00224,0.01122,0.06674,0.03710,0.00222,0.01048,0.09504,0.32766,0.00434,-57.05,4.608,-1,0.0000,-1.00,0.0000,0
186874,1790795616853,0.01344,0.00781,0.42642,0.02986,0.04294,0.01459,0.07078,0.08967,0.03707,0.12763,0.10419,0.03561,0.01359,0.00118,0.48246,0.01161,0.04632,0.01479,0.08457,0.01180,0.04212,0.14375,0.12191,0.02591,-57.30,5.117,-1,0.0000,-1.00,0.0000,0
186967,1790795616933,0.01999,0.01345,0.10224,0.01623,0.14808,0.00537,0.03463,0.01523,0.04943,0.46443,0.03432,0.09660,0.02103,0.00495,0.01819,0.01140,0.15574,0.00260,0.04041,0.01475,0.05634,0.52625,0.04061,0.10774,-55.92,5.573,-1,0.0000,-1.00,0.0000,0
187059,1790795617031,0.01221,0.00657,0.08694,0.00315,0.21431,0.00372,0.01765,0.01663,0.03288,0.44349,0.00991,0.15254,0.01093,0.00017,0.00753,0.00151,0.22139,0.00229,0.02112,0.01843,0.03910,0.48751,0.01142,0.17860,-55.73,5.322,-1,0.0000,-1.00,0.0000,0
187152,1790795617111,0.01040,0.04156,0.04443,0.00175,0.25466,0.00211,0.00425,0.02005,0.22124,0.24394,0.00701,0.14859,0.00773,0.00057,0.00267,0.00046,0.27005,0.00100,0.00498,0.02349,0.24869,0.25510,0.00820,0.17706,-54.72,3.056,-1,0.0000,-1.00,0.0000,0
187245,1790795617213,0.00324,0.01009,0.04822,0.00244,0.49223,0.00078,0.00100,0.00414,0.05090,0.33655,0.00251,0.04790,0.00291,0.00010,0.00057,0.00234,0.57848,0.00036,0.00114,0.00488,0.06053,0.28859,0.00293,0.05717,-53.94,5.907,-1,0.0000,-1.00,0.0000,0
187338,1790795617312,0.00550,0.00444,0.04139,0.02244,0.54165,0.00114,0.00164,0.01041,0.02706,0.29402,0.00200,0.04832,0.00395,0.00028,0.00482,0.02643,0.63762,0.00059,0.00191,0.01152,0.02719,0.22590,0.00228,0.05752,-54.30,6.500,-1,0.0000,-1.00,0.0000,0
187431,1790795617392,0.13503,0.01129,0.10465,0.05160,0.03593,0.00899,0.03234,0.49665,0.04948,0.03312,0.01497,0.02595,0.04850,0.00408,0.11902,0.05832,0.03838,0.00116,0.03794,0.57151,0.04765,0.03216,0.01771,0.02358,-55.25,5.960,-1,0.0000,-1.00,0.0000,0
187524,1790795617491,0.19142,0.00143,0.17372,0.00841,0.02120,0.01921,0.00905,0.51758,0.00575,0.00979,0.03162,0.01081,0.11449,0.00050,0.20674,0.00259,0.02312,0.00047,0.01073,0.57921,0.00637,0.00715,0.03780,0.01082,-56.10,6.211,-1,0.0000,-1.00,0.0000,0
187617,1790795617572,0.07975,0.04398,0.08745,0.28215,0.01281,0.02579,0.01937,0.14872,0.26327,0.01090,0.01506,0.01075,0.06496,0.00334,0.10274,0.33522,0.01382,0.01803,0.02247,0.15791,0.24901,0.01032,0.01447,0.00773,-55.08,3.386,-1,0.0000,-1.00,0.0000,0
187710,1790795617672,0.03758,0.02648,0.04760,0.06399,0.00819,0.05811,0.34024,0.21655,0.07002,0.01785,0.01886,0.09455,0.01211,0.01813,0.05295,0.07483,0.00649,0.06722,0.40409,0.24898,0.06858,0.02058,0.00927,0.01674,-54.82,4.083,-1,0.0000,-1.00,0.0000,0
187802,1790795617751,0.06961,0.04453,0.08206,0.11432,0.07386,0.09916,0.03454,0.12317,0.21880,0.09334,0.02755,0.01906,0.05533,0.00840,0.07951,0.13467,0.08549,0.10785,0.03856,0.13298,0.23548,0.09490,0.01164,0.01519,-56.20,2.626,-1,0.0000,-1.00,0.0000,0
187895,1790795617852,0.02459,0.04223,0.03323,0.06810,0.01904,0.20479,0.08561,0.03800,0.03202,0.05399,0.34528,0.05312,0.02298,0.04353,0.02751,0.00908,0.01344,0.24160,0.09395,0.04008,0.03652,0.06208,0.36583,0.04340,-57.86,4.143,-1,0.0000,-1.00,0.0000,0
187988,1790795617951,0.01069,0.02006,0.02273,0.10955,0.01227,0.09383,0.02433,0.03705,0.08702,0.02954,0.53223,0.02072,0.00576,0.00387,0.02057,0.00922,0.01089,0.11149,0.02834,0.04036,0.10207,0.03360,0.61564,0.01818,-58.04,6.387,-1,0.0000,-1.00,0.0000,0
188081,1790795618052,0.01068,0.01017,0.01521,0.11946,0.01307,0.05488,0.02109,0.04366,0.04650,0.03631,0.58747,0.04151,0.00273,0.00146,0.00985,0.00615,0.00678,0.06522,0.02491,0.05044,0.05444,0.04222,0.69100,0.04480,-57.88,7.050,-1,0.0000,-1.00,0.0000,0
188174,1790795618151,0.00475,0.00726,0.02012,0.11612,0.01185,0.11324,0.02080,0.01879,0.02230,0.03692,0.59155,0.03633,0.00212,0.00355,0.01560,0.00394,0.00657,0.13527,0.02421,0.01942,0.02594,0.04293,0.68200,0.03846,-58.60,7.099,-1,0.0000,-1.00,0.0000,0
188267,1790795618230,0.00962,0.00489,0.02219,0.09956,0.00794,0.15660,0.04240,0.03365,0.01820,0.07199,0.50946,0.02349,0.00344,0.00222,0.00972,0.00563,0.00591,0.18696,0.05032,0.03844,0.02069,0.08509,0.57339,0.01817,-56.20,6.114,10,0.9708,116.48,0.9708,1
188360,1790795618332,0.01852,0.01725,0.04648,0.08348,0.01527,0.03534,0.04731,0.07643,0.07677,0.15996,0.38521,0.03799,0.00455,0.00343,0.01815,0.01015,0.01155,0.04144,0.05508,0.08892,0.08997,0.18938,0.45336,0.03401,-54.71,4.623,-1,0.0000,-1.00,0.0000,0
188453,1790795618412,0.00492,0.00220,0.00421,0.11642,0.00850,0.17709,0.00593,0.00698,0.00635,0.01252,0.61782,0.03707,0.00361,0.00188,0.00213,0.00106,0.00164,0.21148,0.00670,0.00797,0.00737,0.01470,0.69837,0.04309,-55.24,7.414,-1,0.0000,-1.00,0.0000,0
188546,1790795618512,0.01729,0.00581,0.00751,0.11726,0.01470,0.15045,0.02515,0.01731,0.00634,0.03069,0.59848,0.00899,0.01669,0.00570,0.00234,0.00530,0.01661,0.17697,0.02896,0.02032,0.00641,0.03362,0.68204,0.00503,-55.76,7.182,-1,0.0000,-1.00,0.0000,0
188638,1790795618612,0.14253,0.02039,0.00982,0.07323,0.03239,0.13116,0.07037,0.09365,0.00605,0.01777,0.37888,0.02376,0.14884,0.02316,0.00896,0.00277,0.03611,0.12784,0.07973,0.11044,0.00670,0.01414,0.42865,0.01266,-57.00,4.547,-1,0.0000,-1.00,0.0000,0
188731,1790795618691,0.32526,0.00191,0.00938,0.04078,0.11468,0.07327,0.01231,0.16357,0.00535,0.05025,0.19686,0.00637,0.35104,0.00128,0.00467,0.00282,0.13650,0.01820,0.01450,0.19507,0.00585,0.03316,0.23228,0.00464,-58.36,3.903,-1,0.0000,-1.00,0.0000,0
188824,1790795618793,0.17505,0.05315,0.05848,0.01773,0.09684,0.12839,0.03055,0.03925,0.00590,0.29737,0.07020,0.02709,0.20057,0.06264,0.00378,0.00905,0.11055,0.11408,0.02419,0.04628,0.00528,0.33440,0.06150,0.02767,-57.18,3.568,-1,0.0000,-1.00,0.0000,0
188917,1790795618871,0.24334,0.00102,0.05768,0.00449,0.07220,0.25188,0.00927,0.00525,0.00180,0.29663,0.05132,0.00510,0.29033,0.00098,0.00202,0.00279,0.08573,0.24426,0.01090,0.00592,0.00160,0.33844,0.01308,0.00395,-55.58,3.560,-1,0.0000,-1.00,0.0000,0
189010,1790795618971,0.08073,0.00803,0.08725,0.01383,0.13681,0.10405,0.01224,0.01023,0.02775,0.44930,0.04828,0.02149,0.09325,0.00461,0.00409,0.00928,0.15936,0.10619,0.01375,0.01145,0.03141,0.50678,0.03680,0.02303,-55.32,5.392,-1,0.0000,-1.00,0.0000,0
189103,1790795619052,0.00297,0.00694,0.11735,0.00505,0.18729,0.00295,0.01989,0.00514,0.01570,0.61702,0.00623,0.01345,0.00245,0.00490,0.00278,0.00469,0.22215,0.00305,0.02286,0.00561,0.01789,0.69530,0.00686,0.01147,-55.72,7.404,-1,0.0000,-1.00,0.0000,0
189196,1790795619152,0.00156,0.00464,0.08699,0.00106,0.37656,0.00178,0.00300,0.00597,0.00216,0.50880,0.00253,0.00495,0.00048,0.00509,0.00107,0.00075,0.45014,0.00204,0.00258,0.00695,0.00244,0.52043,0.00262,0.00542,-55.84,6.106,-1,0.0000,-1.00,0.0000,0
189289,1790795619252,0.03276,0.01181,0.11045,0.03688,0.23641,0.00132,0.00292,0.17182,0.05761,0.32872,0.00392,0.00537,0.00034,0.00386,0.06428,0.04332,0.28211,0.00151,0.00273,0.19315,0.05508,0.34333,0.00439,0.00589,-54.40,3.945,-1,0.0000,-1.00,0.0000,0
189381,1790795619353,0.11977,0.00134,0.09553,0.00158,0.02188,0.00059,0.00091,0.61661,0.00373,0.13130,0.00177,0.00499,0.00018,0.00105,0.08426,0.00150,0.02508,0.00067,0.00089,0.72214,0.00415,0.15238,0.00199,0.00572,-54.13,7.399,-1,0.0000,-1.00,0.0000,0
189474,1790795619452,0.11275,0.00478,0.14182,0.01471,0.02288,0.00157,0.00154,0.59159,0.01787,0.07658,0.00425,0.00966,0.00033,0.00239,0.15273,0.01668,0.02518,0.00182,0.00135,0.67860,0.01810,0.08677,0.00473,0.01131,-54.69,7.099,-1,0.0000,-1.00,0.0000,0
189567,1790795619531,0.05493,0.01950,0.08609,0.18838,0.00876,0.01262,0.14471,0.27442,0.11649,0.05391,0.00534,0.03485,0.00308,0.00558,0.09071,0.22503,0.00897,0.01451,0.17190,0.31122,0.09497,0.06282,0.00352,0.00768,-54.21,3.293,-1,0.0000,-1.00,0.0000,0
189660,1790795619632,0.04884,0.02791,0.05948,0.05348,0.05584,0.02219,0.11391,0.26059,0.12942,0.18068,0.01423,0.03341,0.00683,0.00513,0.03096,0.06169,0.06608,0.02524,0.13548,0.30611,0.14285,0.20339,0.01205,0.00419,-53.88,3.127,-1,0.0000,-1.00,0.0000,0
189753,1790795619739,0.04406,0.03472,0.14102,0.12763,0.07887,0.04851,0.07199,0.06302,0.14327,0.19304,0.02506,0.02882,0.04205,0.01343,0.12667,0.14895,0.09042,0.05016,0.07981,0.05419,0.14210,0.21342,0.02008,0.01871,-55.55,2.316,-1,0.0000,-1.00,0.0000,0
189846,1790795619812,0.13521,0.00552,0.04431,0.01177,0.01055,0.33310,0.19118,0.02368,0.01304,0.11090,0.06561,0.05512,0.15746,0.00403,0.02709,0.01297,0.00852,0.36791,0.22828,0.02301,0.01305,0.13119,0.00569,0.02079,-59.02,3.997,-1,0.0000,-1.00,0.0000,0
189939,1790795619912,0.18506,0.00316,0.02345,0.01791,0.01421,0.46394,0.00929,0.02124,0.01257,0.08772,0.12149,0.03997,0.21742,0.00134,0.00756,0.01275,0.00804,0.51280,0.01086,0.02395,0.01246,0.10359,0.04392,0.04530,-59.95,5.567,-1,0.0000,-1.00,0.0000,0
190032,1790795619992,0.21065,0.00320,0.02731,0.00857,0.01022,0.44610,0.00963,0.03289,0.00956,0.12315,0.09722,0.02150,0.24595,0.00185,0.00377,0.00626,0.00783,0.48577,0.01118,0.03867,0.01018,0.14604,0.02019,0.02231,-59.97,5.353,-1,0.0000,-1.00,0.0000,0
190124,1790795620092,0.29012,0.01765,0.03799,0.02177,0.01318,0.23704,0.01639,0.04190,0.08862,0.15979,0.05922,0.01633,0.33748,0.00160,0.00788,0.02055,0.01267,0.21713,0.01933,0.04864,0.10120,0.18987,0.02791,0.01574,-56.08,3.481,-1,0.0000,-1.00,0.0000,0
190217,1790795620172,0.04154,0.01682,0.09836,0.04531,0.00773,0.07120,0.02513,0.02351,0.08472,0.40329,0.16958,0.01283,0.04479,0.00070,0.02235,0.01701,0.00733,0.07643,0.02857,0.02514,0.09814,0.48178,0.18804,0.00971,-55.33,4.839,-1,0.0000,-1.00,0.0000,0
190310,1790795620271,0.12755,0.00195,0.02584,0.06017,0.01313,0.21045,0.07621,0.00177,0.00336,0.12334,0.33348,0.02275,0.15245,0.00169,0.00221,0.00161,0.01391,0.22195,0.09098,0.00168,0.00369,0.14504,0.35559,0.00921,-56.97,4.002,-1,0.0000,-1.00,0.0000,0
190403,1790795620351,0.10243,0.00067,0.03194,0.04680,0.04366,0.31451,0.00412,0.00296,0.00248,0.16069,0.28004,0.00968,0.12217,0.00035,0.00208,0.00342,0.05022,0.35264,0.00484,0.00316,0.00229,0.18259,0.26565,0.01058,-56.79,3.774,-1,0.0000,-1.00,0.0000,0
190496,1790795620452,0.08313,0.00103,0.00615,0.07454,0.00376,0.34927,0.00367,0.00196,0.00300,0.02983,0.43211,0.01154,0.09919,0.00062,0.00036,0.00235,0.00194,0.39885,0.00427,0.00228,0.00313,0.03536,0.43871,0.01295,-57.30,5.185,-1,0.0000,-1.00,0.0000,0
190589,1790795620551,0.20417,0.00494,0.01259,0.03406,0.00514,0.42527,0.00654,0.01097,0.00320,0.05641,0.22791,0.00880,0.24204,0.00543,0.00184,0.00482,0.00429,0.46165,0.00676,0.01278,0.00279,0.06683,0.18157,0.00920,-58.60,5.103,-1,0.0000,-1.00,0.0000,0
190682,1790795620652,0.08890,0.00778,0.17250,0.02762,0.03651,0.08374,0.07098,0.18953,0.02320,0.09515,0.06326,0.14081,0.06876,0.00472,0.18457,0.02148,0.01361,0.08671,0.08411,0.19051,0.02322,0.11164,0.05861,0.15205,-58.06,2.274,-1,0.0000,-1.00,0.0000,0
190775,1790795620752,0.02563,0.01070,0.14175,0.01591,0.03801,0.00691,0.11857,0.13471,0.05397,0.29787,0.01171,0.14427,0.00263,0.00066,0.09975,0.01658,0.01685,0.00776,0.14193,0.14166,0.06136,0.35360,0.01249,0.14473,-56.53,3.574,-1,0.0000,-1.00,0.0000,0
190868,1790795620832,0.02730,0.00211,0.11473,0.00234,0.12201,0.00379,0.01139,0.13429,0.00606,0.51335,0.00967,0.05296,0.00167,0.00114,0.02080,0.00068,0.13416,0.00421,0.01342,0.15679,0.00712,0.58852,0.01075,0.06074,-56.22,6.160,-1,0.0000,-1.00,0.0000,0
190960,1790795620931,0.00652,0.00182,0.14386,0.00127,0.06465,0.00052,0.01069,0.03113,0.00115,0.71517,0.00575,0.01747,0.00054,0.00202,0.00540,0.00018,0.07381,0.00052,0.01240,0.03624,0.00135,0.84231,0.00678,0.01846,-54.99,8.582,-1,0.0000,-1.00,0.0000,0
191053,1790795621012,0.01514,0.00484,0.12482,0.00135,0.11230,0.00865,0.03541,0.02382,0.01783,0.63738,0.00633,0.01215,0.01260,0.00158,0.00340,0.00042,0.13333,0.00786,0.04207,0.02791,0.02128,0.73730,0.00602,0.00622,-54.68,7.649,-1,0.0000,-1.00,0.0000,0
191146,1790795621112,0.01821,0.00515,0.10181,0.00531,0.18353,0.04134,0.02643,0.02648,0.02145,0.49334,0.01770,0.05925,0.01587,0.00123,0.01294,0.00399,0.20678,0.04664,0.03054,0.03005,0.02491,0.55014,0.01196,0.06495,-56.29,5.920,-1,0.0000,-1.00,0.0000,0
191239,1790795621212,0.03503,0.01978,0.09867,0.03965,0.13433,0.00130,0.08325,0.17646,0.08519,0.13695,0.00359,0.18582,0.00158,0.00732,0.09044,0.04671,0.12068,0.00124,0.09825,0.19357,0.09281,0.14017,0.00405,0.20317,-56.37,2.230,-1,0.0000,-1.00,0.0000,0
191332,1790795621293,0.11594,0.00559,0.07813,0.00120,0.06714,0.00100,0.00997,0.59484,0.01190,0.07588,0.00273,0.03569,0.00066,0.00417,0.07844,0.00084,0.07245,0.00106,0.01108,0.69725,0.01407,0.07658,0.00306,0.04033,-56.42,7.138,-1,0.0000,-1.00,0.0000,0
191425,1790795621392,0.13232,0.00517,0.04514,0.02624,0.04013,0.00057,0.00468,0.66916,0.01135,0.02976,0.02258,0.01291,0.00151,0.00453,0.04880,0.02609,0.04520,0.00038,0.00471,0.79214,0.00841,0.02671,0.02698,0.01454,-56.56,8.030,-1,0.0000,-1.00,0.0000,0
191518,1790795621471,0.05871,0.03397,0.05515,0.09197,0.06218,0.00139,0.00589,0.32926,0.20755,0.09219,0.03716,0.02458,0.00051,0.00320,0.04700,0.10144,0.07176,0.00156,0.00642,0.38521,0.22859,0.09624,0.04422,0.01385,-55.48,3.951,-1,0.0000,-1.00,0.0000,0
191611,1790795621571,0.00509,0.01170,0.09674,0.01384,0.25017,0.00398,0.00556,0.01502,0.05075,0.50496,0.01044,0.03176,0.00283,0.00253,0.00746,0.01427,0.29245,0.00421,0.00616,0.01651,0.05798,0.54708,0.01168,0.03684,-55.55,6.059,-1,0.0000,-1.00,0.0000,0
191703,1790795621652,0.00194,0.00245,0.10087,0.00173,0.21071,0.00415,0.00893,0.00676,0.00491,0.52641,0.00611,0.12504,0.00080,0.00187,0.00459,0.00081,0.22318,0.00481,0.01022,0.00731,0.00572,0.58652,0.00636,0.14781,-56.78,6.317,-1,0.0000,-1.00,0.0000,0
191796,1790795621751,0.00480,0.00369,0.10416,0.00346,0.17917,0.00266,0.00557,0.02195,0.01041,0.54419,0.00849,0.11146,0.00052,0.00234,0.00295,0.00225,0.18850,0.00308,0.00605,0.02588,0.01203,0.61470,0.00956,0.13214,-56.92,6.530,-1,0.0000,-1.00,0.0000,0
191889,1790795621855,0.01061,0.00903,0.09391,0.01120,0.20608,0.00368,0.11847,0.01811,0.03216,0.42185,0.02078,0.05414,0.00921,0.00357,0.02173,0.00860,0.23935,0.00285,0.14124,0.01739,0.03683,0.45802,0.02433,0.03687,-56.96,5.062,-1,0.0000,-1.00,0.0000,0
191982,1790795621952,0.00173,0.00247,0.12515,0.00413,0.16524,0.00142,0.02241,0.00797,0.00657,0.61977,0.01479,0.02836,0.00059,0.00145,0.01030,0.00150,0.19230,0.00159,0.02656,0.00751,0.00757,0.70451,0.01741,0.02871,-56.78,7.437,-1,0.0000,-1.00,0.0000,0
192075,1790795622052,0.00364,0.00302,0.10179,0.00391,0.30214,0.00173,0.00712,0.00925,0.00737,0.52454,0.01458,0.02091,0.00254,0.00200,0.01141,0.00129,0.35738,0.00157,0.00810,0.00885,0.00856,0.55769,0.01716,0.02345,-55.95,6.294,-1,0.0000,-1.00,0.0000,0
192168,1790795622132,0.00149,0.00525,0.13533,0.00160,0.13124,0.00036,0.00298,0.00630,0.00755,0.69544,0.00498,0.00748,0.00039,0.00454,0.00308,0.00075,0.15559,0.00035,0.00268,0.00694,0.00890,0.80246,0.00590,0.00843,-55.32,8.345,-1,0.0000,-1.00,0.0000,0
192261,1790795622247,0.00366,0.00216,0.13434,0.00226,0.13202,0.00049,0.00174,0.01838,0.00499,0.69114,0.00635,0.00248,0.00035,0.00156,0.00299,0.00122,0.15774,0.00051,0.00178,0.02143,0.00574,0.79688,0.00750,0.00230,-54.91,8.294,-1,0.0000,-1.00,0.0000,0
192354,1790795622313,0.00463,0.00196,0.12043,0.00333,0.19260,0.00545,0.00263,0.01804,0.00331,0.63318,0.00797,0.00646,0.00137,0.00167,0.00290,0.00235,0.22936,0.00627,0.00277,0.02109,0.00340,0.71333,0.00831,0.00719,-55.01,7.598,-1,0.0000,-1.00,0.0000,0
192446,1790795622412,0.00068,0.00132,0.11793,0.00237,0.20583,0.01704,0.00110,0.00181,0.00356,0.62890,0.01355,0.00593,0.00044,0.00076,0.00155,0.00042,0.24527,0.02033,0.00115,0.00187,0.00417,0.70496,0.01221,0.00687,-55.31,7.547,-1,0.0000,-1.00,0.0000,0
192539,1790795622511,0.00483,0.01174,0.12523,0.00637,0.12671,0.00483,0.01334,0.00927,0.04123,0.63391,0.00937,0.01319,0.00367,0.00464,0.00531,0.00560,0.14929,0.00506,0.01506,0.01006,0.04815,0.73012,0.01023,0.01282,-55.84,7.607,-1,0.0000,-1.00,0.0000,0
192632,1790795622593,0.00269,0.01768,0.10246,0.02844,0.13738,0.00288,0.10072,0.00736,0.06048,0.47693,0.00569,0.05730,0.00215,0.00819,0.01557,0.03284,0.15571,0.00303,0.11906,0.00573,0.06581,0.54076,0.00622,0.04493,-55.57,5.723,-1,0.0000,-1.00,0.0000,0
192725,1790795622691,0.00120,0.00998,0.11416,0.01877,0.17120,0.01194,0.00787,0.00483,0.04078,0.57283,0.02619,0.02025,0.00062,0.00295,0.00861,0.01682,0.20063,0.01423,0.00883,0.00410,0.04553,0.64661,0.02856,0.02251,-54.95,6.874,-1,0.0000,-1.00,0.0000,0
192818,1790795622772,0.00128,0.01738,0.06887,0.04716,0.10015,0.09918,0.00416,0.00348,0.07255,0.33580,0.23617,0.01383,0.00099,0.00394,0.00720,0.00507,0.11688,0.11865,0.00419,0.00275,0.08516,0.37996,0.25946,0.01574,-54.28,4.030,-1,0.0000,-1.00,0.0000,0
192911,1790795622871,0.00050,0.10850,0.03253,0.05562,0.06689,0.00273,0.00148,0.00130,0.54811,0.16816,0.01054,0.00363,0.00038,0.00234,0.00216,0.06427,0.07933,0.00319,0.00129,0.00115,0.64403,0.18577,0.01199,0.00410,-54.83,6.577,-1,0.0000,-1.00,0.0000,0
193004,1790795622951,0.00863,0.01532,0.06648,0.05682,0.06680,0.15130,0.01599,0.01651,0.07396,0.25110,0.26068,0.01641,0.00729,0.00130,0.02304,0.01323,0.07688,0.17984,0.01874,0.01537,0.08600,0.28564,0.27671,0.01595,-55.60,3.128,-1,0.0000,-1.00,0.0000,0
193097,1790795623052,0.00363,0.08835,0.04027,0.07951,0.06245,0.00183,0.07276,0.01506,0.45671,0.14663,0.01707,0.01572,0.00114,0.00269,0.01488,0.09129,0.07451,0.00197,0.08655,0.01519,0.52173,0.16835,0.02007,0.00163,-54.76,5.481,-1,0.0000,-1.00,0.0000,0
193190,1790795623173,0.00206,0.01034,0.11558,0.00823,0.17072,0.00082,0.00832,0.00223,0.04433,0.60757,0.01002,0.01979,0.00199,0.00248,0.00173,0.00751,0.20023,0.00058,0.00947,0.00234,0.05008,0.68986,0.01189,0.02183,-54.38,7.291,-1,0.0000,-1.00,0.0000,0
193282,1790795623251,0.00091,0.06130,0.05545,0.14535,0.08293,0.00604,0.00104,0.00184,0.33163,0.28889,0.02268,0.00194,0.00072,0.00132,0.00170,0.16906,0.09895,0.00710,0.00098,0.00187,0.36385,0.32655,0.02577,0.00212,-54.99,3.980,-1,0.0000,-1.00,0.0000,0
193375,1790795623353,0.00097,0.00743,0.09773,0.00817,0.15855,0.12096,0.00203,0.00108,0.02978,0.51980,0.03755,0.01597,0.00093,0.00244,0.00061,0.00656,0.18626,0.14475,0.00194,0.00118,0.03265,0.58765,0.01629,0.01875,-55.40,6.238,-1,0.0000,-1.00,0.0000,0
193468,1790795623432,0.01095,0.03960,0.07474,0.06047,0.13446,0.01893,0.00719,0.02393,0.20169,0.36607,0.05400,0.00797,0.00763,0.00192,0.00887,0.06046,0.15952,0.02117,0.00745,0.02770,0.22969,0.40702,0.06051,0.00807,-55.57,4.393,-1,0.0000,-1.00,0.0000,0
193561,1790795623531,0.00958,0.02771,0.06394,0.02806,0.11650,0.04839,0.10794,0.04750,0.14412,0.22593,0.14161,0.03874,0.00126,0.00080,0.02653,0.00225,0.13547,0.05773,0.12914,0.05169,0.16345,0.25265,0.15823,0.02080,-54.65,2.711,-1,0.0000,-1.00,0.0000,0
193654,1790795623611,0.01308,0.03616,0.08455,0.06719,0.09452,0.03239,0.00595,0.06871,0.19149,0.34709,0.05144,0.00746,0.00024,0.00061,0.02325,0.06981,0.11176,0.03876,0.00701,0.07772,0.21561,0.39374,0.05395,0.00754,-54.27,4.165,-1,0.0000,-1.00,0.0000,0
193747,1790795623711,0.04637,0.03896,0.17377,0.11548,0.05397,0.03709,0.02178,0.23103,0.07433,0.10296,0.07587,0.02840,0.00722,0.03460,0.18606,0.12205,0.05868,0.04301,0.01924,0.23994,0.06487,0.11174,0.08238,0.03021,-57.00,2.772,-1,0.0000,-1.00,0.0000,0
193840,1790795623814,0.09990,0.00813,0.22179,0.01775,0.01141,0.00747,0.00497,0.53827,0.01545,0.01953,0.02515,0.03019,0.00210,0.00669,0.26137,0.01563,0.00668,0.00853,0.00457,0.59323,0.01539,0.02209,0.02844,0.03527,-59.37,6.459,-1,0.0000,-1.00,0.0000,0
193933,1790795623891,0.09581,0.00726,0.18608,0.01254,0.01672,0.05291,0.01998,0.41136,0.03508,0.09797,0.03972,0.02457,0.02496,0.00079,0.20018,0.00788,0.01514,0.05845,0.02378,0.45322,0.03991,0.11496,0.03601,0.02473,-58.44,4.936,-1,0.0000,-1.00,0.0000,0
194025,1790795623992,0.18299,0.01071,0.02133,0.02718,0.02488,0.10223,0.28055,0.05027,0.02997,0.05401,0.07117,0.14472,0.20794,0.00646,0.01306,0.01885,0.00862,0.08128,0.33489,0.05764,0.03217,0.06300,0.06917,0.10692,-58.57,3.367,-1,0.0000,-1.00,0.0000,0
194118,1790795624071,0.21478,0.00173,0.01715,0.03043,0.02632,0.37745,0.02520,0.01957,0.01120,0.06457,0.09733,0.11427,0.25289,0.00056,0.00544,0.02914,0.00556,0.40214,0.02989,0.02256,0.00764,0.07627,0.03690,0.13100,-59.72,4.529,-1,0.0000,-1.00,0.0000,0
194211,1790795624171,0.09100,0.00984,0.02770,0.03323,0.02937,0.40199,0.01835,0.03484,0.03559,0.09652,0.14602,0.07554,0.10114,0.00433,0.01088,0.02330,0.01757,0.46212,0.02086,0.03986,0.03766,0.11254,0.08336,0.08638,-57.47,4.824,-1,0.0000,-1.00,0.0000,0
194304,1790795624251,0.02628,0.00626,0.01102,0.04435,0.08798,0.19792,0.00493,0.00809,0.02783,0.05564,0.23568,0.29404,0.02961,0.00114,0.00139,0.00625,0.03580,0.23128,0.00563,0.00946,0.03211,0.05958,0.23655,0.35121,-56.30,3.528,-1,0.0000,-1.00,0.0000,0
194397,1790795624352,0.04833,0.00600,0.09863,0.00911,0.16312,0.06704,0.01939,0.01411,0.01172,0.49512,0.03278,0.03464,0.05459,0.00478,0.00797,0.00586,0.18808,0.06951,0.02163,0.01599,0.01288,0.55599,0.02550,0.03722,-56.28,5.941,-1,0.0000,-1.00,0.0000,0
194490,1790795624472,0.00961,0.00904,0.09338,0.01361,0.08607,0.01453,0.12538,0.00740,0.02358,0.46640,0.03171,0.11930,0.00992,0.00560,0.00427,0.00938,0.08065,0.01545,0.14912,0.00801,0.02639,0.54287,0.03494,0.11339,-55.58,5.597,-1,0.0000,-1.00,0.0000,0
194583,1790795624551,0.00364,0.00252,0.08838,0.00725,0.16715,0.00529,0.01999,0.00806,0.01056,0.44895,0.03153,0.20670,0.00258,0.00063,0.00523,0.00142,0.15212,0.00583,0.02380,0.00865,0.01234,0.50782,0.03663,0.24296,-56.00,5.387,-1,0.0000,-1.00,0.0000,0
194676,1790795624652,0.00764,0.01176,0.06456,0.02044,0.18805,0.00520,0.00779,0.01239,0.05603,0.33359,0.03675,0.25580,0.00638,0.00147,0.00454,0.01596,0.16482,0.00506,0.00902,0.01397,0.06367,0.36735,0.04303,0.30472,-57.07,4.003,-1,0.0000,-1.00,0.0000,0
194768,1790795624744,0.01093,0.00685,0.02236,0.00886,0.31238,0.01024,0.00592,0.00381,0.02637,0.14288,0.03092,0.41847,0.01223,0.00221,0.00366,0.00366,0.27516,0.00984,0.00666,0.00385,0.03080,0.11672,0.03509,0.50011,-58.19,5.022,-1,0.0000,-1.00,0.0000,0
194861,1790795624833,0.08109,0.10113,0.02430,0.01566,0.20260,0.03040,0.05246,0.01815,0.03289,0.09531,0.04308,0.30293,0.09335,0.11373,0.01325,0.00924,0.17239,0.01792,0.04019,0.01925,0.03757,0.08003,0.04807,0.35502,-57.40,3.635,-1,0.0000,-1.00,0.0000,0
194954,1790795624912,0.04290,0.02068,0.04885,0.02227,0.04731,0.00670,0.13359,0.20153,0.01549,0.22186,0.08246,0.15636,0.00291,0.02228,0.00685,0.00739,0.02566,0.00745,0.15565,0.24012,0.01710,0.26075,0.09734,0.15650,-55.77,2.662,-1,0.0000,-1.00,0.0000,0
195047,1790795625011,0.09057,0.01525,0.03785,0.00126,0.05311,0.00163,0.01644,0.45461,0.00827,0.16899,0.00265,0.14936,0.00058,0.01655,0.00634,0.00095,0.02880,0.00184,0.01636,0.54353,0.00969,0.19681,0.00282,0.17573,-55.90,5.455,-1,0.0000,-1.00,0.0000,0
195140,1790795625112,0.01204,0.05318,0.14585,0.05232,0.06736,0.00157,0.01251,0.04307,0.28785,0.28672,0.01128,0.02624,0.00224,0.00402,0.10961,0.06007,0.07504,0.00144,0.01419,0.02988,0.33301,0.32868,0.01323,0.02858,-57.09,3.454,-1,0.0000,-1.00,0.0000,0
195233,1790795625192,0.04466,0.01667,0.21550,0.02927,0.02952,0.00750,0.15026,0.25113,0.08416,0.09307,0.02321,0.05504,0.00314,0.00118,0.23726,0.02989,0.02936,0.00836,0.17970,0.25400,0.09492,0.10570,0.02616,0.03033,-59.33,3.014,-1,0.0000,-1.00,0.0000,0
195326,1790795625292,0.05649,0.01788,0.14171,0.01486,0.01806,0.00773,0.17887,0.29768,0.08474,0.08235,0.03636,0.06328,0.00203,0.00246,0.15079,0.00952,0.01498,0.00886,0.21317,0.32747,0.09943,0.09593,0.04181,0.03357,-57.83,3.572,-1,0.0000,-1.00,0.0000,0
195419,1790795625371,0.00294,0.01434,0.24327,0.01411,0.12821,0.00065,0.00501,0.03724,0.07669,0.46693,0.00603,0.00459,0.00176,0.00017,0.18623,0.01550,0.15277,0.00043,0.00596,0.00771,0.08703,0.53100,0.00714,0.00431,-52.41,5.603,-1,0.0000,-1.00,0.0000,0
195512,1790795625471,0.00022,0.00010,0.15817,0.00361,0.35451,0.00482,0.00174,0.01775,0.00038,0.43993,0.01809,0.00067,0.00005,0.00004,0.10172,0.00026,0.42471,0.00576,0.00208,0.00110,0.00041,0.44295,0.02053,0.00039,-51.05,5.279,2,0.9602,146.12,0.9602,1
195604,1790795625553,0.00286,0.00398,0.09784,0.05546,0.17981,0.20911,0.01553,0.02269,0.03396,0.20164,0.16784,0.00928,0.00093,0.00047,0.07547,0.03642,0.21391,0.25045,0.01852,0.01222,0.02202,0.21066,0.15146,0.00745,-52.31,2.509,-1,0.0000,-1.00,0.0000,0
195697,1790795625652,0.00404,0.01240,0.04221,0.12812,0.41974,0.00222,0.03351,0.00663,0.08619,0.24619,0.01038,0.00836,0.00358,0.00066,0.01184,0.15113,0.50252,0.00200,0.03999,0.00563,0.07331,0.19538,0.01204,0.00191,-55.59,5.037,-1,0.0000,-1.00,0.0000,0
195790,1790795625771,0.02779,0.01367,0.09783,0.02966,0.25563,0.01935,0.03646,0.01449,0.03370,0.40068,0.05242,0.01832,0.02794,0.01170,0.03397,0.02378,0.30341,0.01765,0.03704,0.01496,0.03566,0.41997,0.05931,0.01460,-60.69,4.808,-1,0.0000,-1.00,0.0000,0
195883,1790795625853,0.01045,0.01436,0.08983,0.00883,0.16522,0.01083,0.00575,0.01984,0.00954,0.45759,0.02834,0.17941,0.00779,0.01564,0.00472,0.00430,0.15551,0.01143,0.00373,0.02290,0.00887,0.51918,0.03169,0.21424,-59.01,5.491,-1,0.0000,-1.00,0.0000,0
195976,1790795625952,0.00205,0.00688,0.09223,0.00299,0.28017,0.00231,0.00214,0.00571,0.00532,0.51667,0.00432,0.07921,0.00111,0.00709,0.00024,0.00265,0.31694,0.00255,0.00116,0.00679,0.00584,0.55627,0.00467,0.09469,-57.81,6.200,9,0.9619,110.14,0.9619,1
196069,1790795626032,0.00262,0.01736,0.15496,0.02123,0.08795,0.02574,0.00779,0.02022,0.07599,0.48867,0.08526,0.01219,0.00118,0.00323,0.07365,0.00639,0.10287,0.03061,0.00867,0.00966,0.08979,0.56515,0.09610,0.01270,-55.21,5.864,-1,0.0000,-1.00,0.0000,0
196162,1790795626132,0.00178,0.00396,0.12776,0.07295,0.01348,0.06304,0.00415,0.01498,0.01000,0.30234,0.37926,0.00630,0.00171,0.00259,0.08171,0.00028,0.01482,0.07520,0.00444,0.00177,0.01120,0.36006,0.43954,0.00667,-54.49,4.551,-1,0.0000,-1.00,0.0000,0
196255,1790795626211,0.01050,0.03043,0.17110,0.06009,0.01639,0.00596,0.00732,0.02151,0.13837,0.48880,0.03625,0.01328,0.01054,0.00653,0.08956,0.06360,0.01672,0.00511,0.00748,0.00802,0.15320,0.58239,0.04243,0.01443,-54.87,5.866,-1,0.0000,-1.00,0.0000,0
196347,1790795626311,0.02341,0.01344,0.17784,0.00979,0.09910,0.02087,0.07113,0.01748,0.06706,0.42526,0.04750,0.02713,0.02701,0.00071,0.11611,0.00125,0.11450,0.02051,0.07783,0.00517,0.07775,0.48921,0.05286,0.01708,-53.98,5.103,-1,0.0000,-1.00,0.0000,0
196440,1790795626412,0.01003,0.00237,0.40921,0.00718,0.07152,0.08084,0.05760,0.07610,0.00598,0.21233,0.04568,0.02115,0.01131,0.00152,0.44317,0.00147,0.08338,0.09463,0.06872,0.00333,0.00687,0.23789,0.03597,0.01172,-55.04,4.911,-1,0.0000,-1.00,0.0000,0
196533,1790795626492,0.01978,0.03076,0.11370,0.24600,0.09994,0.01018,0.03369,0.03801,0.17594,0.18804,0.01152,0.03245,0.01495,0.00998,0.09603,0.29240,0.11354,0.00923,0.03758,0.02732,0.15285,0.20280,0.01197,0.03134,-55.02,2.952,-1,0.0000,-1.00,0.0000,0
196626,1790795626591,0.00264,0.00441,0.05702,0.01784,0.50065,0.00877,0.00571,0.00278,0.01170,0.38020,0.00598,0.00230,0.00249,0.00339,0.00157,0.02036,0.59933,0.01027,0.00617,0.00302,0.00998,0.33676,0.00513,0.00153,-52.81,6.008,-1,0.0000,-1.00,0.0000,0
196719,1790795626672,0.00866,0.00983,0.11713,0.00716,0.14108,0.00527,0.00855,0.02600,0.04691,0.58321,0.01290,0.03331,0.00285,0.00254,0.00816,0.00574,0.16151,0.00575,0.00961,0.02968,0.05505,0.66682,0.01431,0.03797,-53.90,6.998,-1,0.0000,-1.00,0.0000,0
196812,1790795626773,0.03656,0.01140,0.03157,0.03313,0.04928,0.01192,0.29955,0.16727,0.01397,0.12714,0.10831,0.10991,0.00515,0.01092,0.00948,0.01449,0.04710,0.01326,0.35677,0.19855,0.01386,0.14301,0.12715,0.06026,-56.22,3.595,-1,0.0000,-1.00,0.0000,0
196905,1790795626851,0.10232,0.00508,0.04472,0.00306,0.05063,0.00088,0.02393,0.52034,0.00451,0.11109,0.00339,0.13006,0.00015,0.00513,0.02841,0.00291,0.03086,0.00102,0.02765,0.61787,0.00482,0.12700,0.00386,0.15033,-55.92,6.244,-1,0.0000,-1.00,0.0000,0
196998,1790795626953,0.01764,0.01771,0.11391,0.04326,0.11054,0.00646,0.03420,0.07644,0.08329,0.43224,0.01478,0.04953,0.00450,0.00334,0.03863,0.04859,0.12228,0.00684,0.04032,0.08394,0.09017,0.49368,0.01635,0.05136,-56.94,5.187,-1,0.0000,-1.00,0.0000,0
197090,1790795627076,0.03440,0.06761,0.15451,0.01790,0.05341,0.00476,0.22776,0.17717,0.02661,0.14906,0.01709,0.06971,0.00352,0.07703,0.15196,0.01758,0.05757,0.00501,0.25764,0.18217,0.02820,0.16740,0.01948,0.03244,-58.80,2.733,-1,0.0000,-1.00,0.0000,0
197183,1790795627151,0.04778,0.00479,0.25906,0.00898,0.02746,0.00625,0.21731,0.27556,0.01997,0.05106,0.01732,0.06446,0.00356,0.00131,0.29933,0.00691,0.02773,0.00687,0.26013,0.27085,0.02234,0.05590,0.01939,0.02568,-57.36,3.307,-1,0.0000,-1.00,0.0000,0
197276,1790795627252,0.00474,0.00171,0.17344,0.02308,0.16235,0.00193,0.01673,0.02502,0.00826,0.51905,0.05387,0.00982,0.00336,0.00067,0.09211,0.01492,0.19299,0.00165,0.01989,0.01175,0.00694,0.58369,0.06422,0.00783,-52.78,6.229,-1,0.0000,-1.00,0.0000,0
197369,1790795627331,0.00053,0.00040,0.06599,0.00456,0.56576,0.06578,0.00883,0.00968,0.00134,0.24673,0.02833,0.00208,0.00023,0.00023,0.04710,0.00182,0.67784,0.07878,0.01054,0.00226,0.00125,0.16127,0.01833,0.00036,-51.68,6.789,-1,0.0000,-1.00,0.0000,0
197462,1790795627433,0.00768,0.01443,0.10004,0.05984,0.13210,0.23674,0.01987,0.03971,0.03530,0.10423,0.24282,0.00724,0.00373,0.01049,0.10071,0.02514,0.15743,0.28294,0.02173,0.02762,0.03434,0.09666,0.23487,0.00436,-52.89,2.914,-1,0.0000,-1.00,0.0000,0
197555,1790795627511,0.01155,0.01590,0.03940,0.20442,0.30528,0.02077,0.03138,0.02824,0.10159,0.16988,0.06272,0.00887,0.00552,0.00644,0.02120,0.23098,0.36512,0.02380,0.03632,0.02964,0.07595,0.13118,0.07043,0.00343,-54.24,3.663,-1,0.0000,-1.00,0.0000,0
197648,1790795627611,0.01645,0.00730,0.08074,0.09562,0.33917,0.03931,0.02161,0.02437,0.05535,0.28808,0.02342,0.00858,0.01451,0.00103,0.04339,0.11075,0.40520,0.04422,0.02118,0.02511,0.04005,0.26917,0.01930,0.00609,-57.18,4.070,-1,0.0000,-1.00,0.0000,0
197741,1790795627711,0.01647,0.01699,0.07165,0.03304,0.24440,0.02379,0.01483,0.02182,0.04912,0.36408,0.09432,0.04950,0.01529,0.00940,0.01044,0.01819,0.28172,0.02553,0.01587,0.02411,0.05525,0.38040,0.10796,0.05583,-59.54,4.369,-1,0.0000,-1.00,0.0000,0
197834,1790795627791,0.00488,0.01882,0.11255,0.01432,0.18637,0.00643,0.00661,0.01254,0.01528,0.59854,0.01596,0.00768,0.00183,0.02056,0.00139,0.01366,0.22161,0.00737,0.00385,0.01475,0.01557,0.67330,0.01767,0.00844,-59.30,7.183,9,0.9604,110.31,0.9604,1
197926,1790795627893,0.02048,0.02548,0.13319,0.02439,0.09042,0.01139,0.01644,0.05039,0.12392,0.44606,0.03066,0.02717,0.01347,0.00332,0.05768,0.02237,0.10264,0.01098,0.01892,0.04907,0.14405,0.51414,0.03456,0.02880,-56.36,5.353,9,0.9717,109.89,0.9717,1
198019,1790795627971,0.01428,0.00782,0.35349,0.01463,0.10609,0.00974,0.00994,0.06685,0.01748,0.32347,0.06633,0.00988,0.01531,0.00532,0.35165,0.00212,0.12515,0.00874,0.01086,0.01040,0.02052,0.36278,0.07774,0.00940,-54.64,4.242,-1,0.0000,-1.00,0.0000,0
198112,1790795628072,0.00411,0.00515,0.26823,0.01198,0.12593,0.00380,0.01870,0.04028,0.02252,0.48469,0.00835,0.00626,0.00379,0.00138,0.21211,0.01252,0.15029,0.00380,0.02213,0.00622,0.02413,0.55135,0.00925,0.00302,-54.99,5.816,-1,0.0000,-1.00,0.0000,0
198205,1790795628151,0.00342,0.00395,0.33119,0.01490,0.09473,0.00404,0.04191,0.05459,0.01337,0.40039,0.01769,0.01982,0.00286,0.00210,0.30609,0.01382,0.11070,0.00428,0.04829,0.00624,0.01328,0.45782,0.02035,0.01418,-54.88,4.805,-1,0.0000,-1.00,0.0000,0
198298,1790795628251,0.00534,0.00931,0.45503,0.00199,0.04303,0.00264,0.06822,0.08059,0.02777,0.28719,0.00293,0.01595,0.00608,0.00463,0.47902,0.00177,0.05093,0.00198,0.08082,0.00160,0.03293,0.33403,0.00312,0.00309,-55.01,5.460,-1,0.0000,-1.00,0.0000,0
198391,1790795628378,0.01152,0.00967,0.34789,0.00971,0.10064,0.00636,0.03398,0.06466,0.04205,0.31188,0.02764,0.03402,0.01209,0.00180,0.34725,0.00527,0.11409,0.00522,0.04036,0.00864,0.04934,0.35109,0.03209,0.03276,-56.01,4.175,-1,0.0000,-1.00,0.0000,0
198484,1790795628452,0.00732,0.01804,0.11399,0.00767,0.14900,0.00259,0.01188,0.02027,0.01620,0.59161,0.00991,0.05152,0.00380,0.01829,0.00262,0.00693,0.16671,0.00235,0.01056,0.02382,0.01803,0.67584,0.01141,0.05964,-57.46,7.099,-1,0.0000,-1.00,0.0000,0
198577,1790795628552,0.01921,0.02395,0.08447,0.01324,0.16885,0.00466,0.01409,0.07262,0.07792,0.40878,0.01560,0.09662,0.00153,0.01517,0.01118,0.01237,0.17989,0.00528,0.01297,0.08571,0.09091,0.45415,0.01764,0.11320,-56.21,4.905,-1,0.0000,-1.00,0.0000,0
198669,1790795628632,0.01749,0.02315,0.03058,0.10412,0.02929,0.04318,0.01450,0.04288,0.09170,0.12360,0.45186,0.02766,0.00928,0.00853,0.00843,0.01938,0.02914,0.04990,0.01568,0.04971,0.10604,0.14232,0.53155,0.03004,-54.96,5.422,-1,0.0000,-1.00,0.0000,0
198762,1790795628731,0.00098,0.00070,0.00782,0.13489,0.01292,0.06029,0.02100,0.00251,0.00187,0.00385,0.68871,0.06445,0.00091,0.00043,0.00851,0.00087,0.00116,0.07206,0.02507,0.00133,0.00206,0.00439,0.81095,0.07225,-53.56,8.265,-1,0.0000,-1.00,0.0000,0
198855,1790795628812,0.43490,0.00131,0.00499,0.02638,0.03220,0.09194,0.02494,0.07790,0.00217,0.00889,0.13137,0.16300,0.50270,0.00110,0.00389,0.00082,0.00102,0.01052,0.02933,0.09291,0.00236,0.01053,0.15533,0.18949,-52.33,5.219,-1,0.0000,-1.00,0.0000,0
198948,1790795628911,0.38319,0.00152,0.08170,0.01071,0.01319,0.06899,0.01801,0.26162,0.00735,0.04859,0.04457,0.06056,0.39983,0.00019,0.08644,0.00238,0.00215,0.00340,0.01876,0.29913,0.00834,0.05780,0.05273,0.06885,-54.62,4.598,-1,0.0000,-1.00,0.0000,0
199041,1790795629012,0.04465,0.01801,0.21974,0.06166,0.03656,0.01716,0.00973,0.06518,0.01379,0.12273,0.22645,0.16433,0.04723,0.01913,0.23433,0.02053,0.00508,0.01120,0.00785,0.03166,0.01235,0.14616,0.26912,0.19536,-58.72,2.717,-1,0.0000,-1.00,0.0000,0
199134,1790795629092,0.00926,0.00773,0.25195,0.00842,0.06028,0.00557,0.00671,0.03536,0.00682,0.54301,0.04078,0.02412,0.00923,0.00802,0.17553,0.00059,0.06675,0.00485,0.00640,0.00762,0.00805,0.63743,0.04790,0.02763,-53.72,6.516,-1,0.0000,-1.00,0.0000,0
199227,1790795629191,0.00051,0.00058,0.12870,0.04357,0.02194,0.39879,0.00138,0.02351,0.00244,0.08046,0.29712,0.00100,0.00033,0.00018,0.13613,0.00040,0.02611,0.47779,0.00162,0.00119,0.00282,0.09125,0.26131,0.00088,-51.97,4.786,2,0.9515,147.15,0.9515,1
199320,1790795629271,0.00287,0.00105,0.09173,0.03698,0.02077,0.27727,0.23787,0.02019,0.00405,0.02319,0.23589,0.04814,0.00288,0.00035,0.10537,0.00132,0.02444,0.33189,0.28496,0.00330,0.00459,0.02294,0.21686,0.00110,-52.55,3.327,-1,0.0000,-1.00,0.0000,0
199412,1790795629372,0.00762,0.02136,0.03059,0.21170,0.15031,0.15862,0.04883,0.00647,0.11190,0.11862,0.12065,0.01333,0.00833,0.00814,0.01552,0.23242,0.17920,0.18841,0.05684,0.00474,0.08801,0.10661,0.10722,0.00456,-52.61,2.540,-1,0.0000,-1.00,0.0000,0
199505,1790795629451,0.00512,0.00328,0.02869,0.09231,0.11292,0.25651,0.04969,0.00586,0.02210,0.05984,0.34977,0.01390,0.00528,0.00079,0.02489,0.03956,0.13424,0.30631,0.05713,0.00434,0.01587,0.04787,0.35838,0.00533,-54.72,4.197,-1,0.0000,-1.00,0.0000,0
199598,1790795629572,0.01846,0.01479,0.04238,0.10080,0.03418,0.17552,0.01942,0.01056,0.02553,0.04489,0.45199,0.06148,0.02118,0.01250,0.04119,0.02152,0.02716,0.20612,0.02051,0.00477,0.02632,0.04841,0.50073,0.06960,-59.56,5.424,-1,0.0000,-1.00,0.0000,0
199691,1790795629672,0.00500,0.00449,0.01933,0.12959,0.01218,0.12804,0.00809,0.00709,0.01254,0.01766,0.63375,0.02223,0.00482,0.00313,0.01930,0.01074,0.00968,0.15247,0.00908,0.00467,0.01261,0.01953,0.72915,0.02483,-59.64,7.605,-1,0.0000,-1.00,0.0000,0
199784,1790795629751,0.00318,0.01067,0.03120,0.12556,0.02683,0.08515,0.01483,0.01280,0.02358,0.04097,0.55728,0.06794,0.00242,0.00814,0.02830,0.02207,0.01677,0.10155,0.01614,0.00974,0.02384,0.04582,0.64762,0.07759,-54.99,6.687,10,0.9826,116.65,0.9826,1
199877,1790795629851,0.01152,0.00169,0.07593,0.09951,0.03098,0.07433,0.02643,0.01759,0.00416,0.00882,0.49808,0.15097,0.01306,0.00126,0.08898,0.00432,0.00239,0.08657,0.03141,0.00344,0.00413,0.01010,0.57966,0.17467,-53.38,5.977,-1,0.0000,-1.00,0.0000,0
199970,1790795629932,0.00190,0.00161,0.13590,0.09190,0.03536,0.03897,0.00843,0.02910,0.00232,0.01947,0.46219,0.17286,0.00156,0.00147,0.15828,0.00215,0.00170,0.04638,0.00981,0.00349,0.00235,0.02299,0.54462,0.20519,-55.17,5.546,-1,0.0000,-1.00,0.0000,0
200063,1790795630031,0.00691,0.00326,0.08807,0.10711,0.01228,0.15251,0.05098,0.00832,0.00849,0.02149,0.50363,0.03694,0.00677,0.00252,0.10072,0.01584,0.00763,0.18140,0.04300,0.00760,0.00704,0.02424,0.56751,0.03574,-54.38,6.044,-1,0.0000,-1.00,0.0000,0
200156,1790795630112,0.00444,0.00148,0.16609,0.04120,0.00515,0.40121,0.03530,0.03600,0.00354,0.00898,0.28133,0.01528,0.00449,0.00101,0.19704,0.00140,0.00412,0.47993,0.04209,0.00407,0.00397,0.00995,0.24196,0.00996,-53.58,4.815,-1,0.0000,-1.00,0.0000,0
200248,1790795630212,0.01255,0.00285,0.42264,0.02371,0.02182,0.13677,0.03556,0.08411,0.00851,0.07044,0.13677,0.04428,0.01432,0.00149,0.49037,0.00225,0.01728,0.16104,0.04229,0.00360,0.00975,0.08097,0.13196,0.04468,-54.70,5.072,-1,0.0000,-1.00,0.0000,0
200341,1790795630313,0.00354,0.00213,0.00696,0.04723,0.02756,0.53685,0.00970,0.00218,0.00369,0.01203,0.33959,0.00855,0.00399,0.00172,0.00671,0.00118,0.03143,0.64248,0.01128,0.00128,0.00419,0.00818,0.27955,0.00801,-52.92,6.442,-1,0.0000,-1.00,0.0000,0
200434,1790795630391,0.00060,0.00048,0.00340,0.09287,0.00247,0.34323,0.00174,0.00076,0.00121,0.01566,0.53548,0.00211,0.00052,0.00033,0.00045,0.00024,0.00253,0.41117,0.00202,0.00082,0.00140,0.01826,0.56012,0.00213,-52.27,6.426,-1,0.0000,-1.00,0.0000,0
200527,1790795630491,0.00861,0.00935,0.08800,0.05006,0.02044,0.06446,0.05157,0.01203,0.02218,0.38866,0.24458,0.04006,0.00813,0.00621,0.01381,0.00486,0.01740,0.07562,0.05993,0.01231,0.02561,0.46226,0.27807,0.03578,-54.44,4.664,-1,0.0000,-1.00,0.0000,0
200620,1790795630573,0.00111,0.00138,0.06078,0.07167,0.04870,0.07808,0.04365,0.00206,0.00401,0.30503,0.37232,0.01121,0.00089,0.00080,0.00264,0.00111,0.05770,0.09342,0.05212,0.00197,0.00458,0.35406,0.42760,0.00310,-56.04,4.468,-1,0.0000,-1.00,0.0000,0
200713,1790795630672,0.00514,0.00067,0.00882,0.12239,0.02360,0.13975,0.00369,0.00202,0.00290,0.04526,0.63429,0.01146,0.00583,0.00025,0.00081,0.00255,0.02502,0.16704,0.00438,0.00226,0.00297,0.04927,0.72692,0.01271,-56.18,7.612,-1,0.0000,-1.00,0.0000,0
200806,1790795630752,0.00521,0.00120,0.26059,0.05288,0.01736,0.08178,0.02992,0.05057,0.00674,0.16663,0.27259,0.05453,0.00445,0.00045,0.27304,0.00243,0.00925,0.09710,0.03577,0.00646,0.00759,0.19783,0.30738,0.05825,-57.42,3.271,-1,0.0000,-1.00,0.0000,0
200899,1790795630872,0.00556,0.02868,0.39666,0.02677,0.00675,0.01834,0.04241,0.07218,0.00515,0.25318,0.12995,0.01436,0.00551,0.03356,0.41540,0.00203,0.00642,0.02088,0.04417,0.00414,0.00572,0.30214,0.15158,0.00845,-57.09,4.760,-1,0.0000,-1.00,0.0000,0
200991,1790795630971,0.00711,0.01911,0.13933,0.02934,0.03911,0.06678,0.01028,0.01561,0.01355,0.50554,0.14918,0.00506,0.00694,0.01982,0.04864,0.00282,0.04574,0.07894,0.00839,0.00906,0.01553,0.59684,0.16310,0.00418,-54.19,6.066,-1,0.0000,-1.00,0.0000,0
201084,1790795631052,0.00046,0.00037,0.07660,0.05218,0.00153,0.45101,0.01868,0.01538,0.00096,0.02551,0.34945,0.00788,0.00027,0.00025,0.08575,0.00075,0.00084,0.54036,0.02232,0.00144,0.00100,0.03040,0.31161,0.00501,-52.92,5.412,-1,0.0000,-1.00,0.0000,0
201177,1790795631152,0.00067,0.00032,0.09590,0.02531,0.08357,0.22326,0.22716,0.01786,0.00351,0.07341,0.16384,0.08518,0.00051,0.00018,0.10048,0.00192,0.09060,0.26742,0.27215,0.00149,0.00102,0.07281,0.14331,0.04812,-52.57,2.726,-1,0.0000,-1.00,0.0000,0
201270,1790795631240,0.00120,0.00252,0.02501,0.03675,0.19531,0.20873,0.15421,0.00580,0.00913,0.08491,0.22185,0.05459,0.00078,0.00091,0.01877,0.00116,0.22829,0.24998,0.18459,0.00323,0.01071,0.05649,0.21627,0.02881,-53.45,2.662,-1,0.0000,-1.00,0.0000,0
201363,1790795631331,0.00390,0.00661,0.01815,0.09786,0.04320,0.15381,0.06902,0.00556,0.03015,0.05072,0.47739,0.04364,0.00320,0.00195,0.01129,0.01107,0.04464,0.18366,0.08232,0.00442,0.03314,0.05272,0.53562,0.03597,-56.34,5.729,-1,0.0000,-1.00,0.0000,0
201456,1790795631412,0.01689,0.00891,0.11920,0.06893,0.04157,0.05517,0.07747,0.04150,0.06603,0.12363,0.33586,0.04484,0.00937,0.00084,0.11504,0.00534,0.04280,0.06425,0.09266,0.02692,0.07753,0.14018,0.38971,0.03536,-58.25,4.030,-1,0.0000,-1.00,0.0000,0
201549,1790795631512,0.00807,0.00534,0.39842,0.01901,0.02313,0.01820,0.10370,0.07386,0.02283,0.23020,0.05783,0.03940,0.00847,0.00149,0.42363,0.00984,0.02319,0.02013,0.12303,0.00546,0.02541,0.27124,0.06530,0.02282,-57.10,4.781,-1,0.0000,-1.00,0.0000,0
201642,1790795631611,0.01191,0.02214,0.11187,0.05603,0.01641,0.03586,0.03811,0.05552,0.10994,0.25642,0.24755,0.03826,0.00397,0.00091,0.07351,0.01000,0.01216,0.04238,0.04548,0.05196,0.12921,0.30538,0.28822,0.03683,-54.38,3.077,-1,0.0000,-1.00,0.0000,0
201734,1790795631691,0.00179,0.00257,0.08929,0.11989,0.01279,0.06902,0.00821,0.01783,0.00640,0.04110,0.61217,0.01896,0.00175,0.00161,0.09766,0.00148,0.01119,0.08235,0.00952,0.00200,0.00737,0.04702,0.71720,0.02083,-54.53,7.346,-1,0.0000,-1.00,0.0000,0
201827,1790795631793,0.00996,0.01081,0.39637,0.04055,0.02121,0.02224,0.04326,0.09218,0.05387,0.10846,0.18348,0.01762,0.00773,0.00039,0.45009,0.00600,0.02327,0.02512,0.05176,0.02122,0.06336,0.12534,0.21488,0.01085,-57.67,4.756,-1,0.0000,-1.00,0.0000,0
201920,1790795631872,0.00874,0.00820,0.22363,0.05714,0.11293,0.02449,0.05648,0.05074,0.03437,0.20589,0.07857,0.13882,0.00707,0.00384,0.22300,0.05090,0.10495,0.02794,0.06630,0.01721,0.03018,0.22681,0.08861,0.15319,-57.11,2.684,-1,0.0000,-1.00,0.0000,0
202013,1790795631973,0.02847,0.00512,0.04656,0.00926,0.33064,0.00982,0.03873,0.01311,0.02442,0.25555,0.01675,0.22156,0.03130,0.00069,0.00863,0.00734,0.34529,0.00564,0.04627,0.01400,0.02766,0.23791,0.01895,0.25631,-54.93,3.968,-1,0.0000,-1.00,0.0000,0
202106,1790795632052,0.05035,0.00377,0.04788,0.00482,0.34814,0.01370,0.01557,0.05488,0.01818,0.29695,0.01541,0.13035,0.04740,0.00029,0.00205,0.00239,0.38693,0.00703,0.01859,0.06537,0.02131,0.27911,0.01707,0.15248,-53.84,4.178,-1,0.0000,-1.00,0.0000,0
202199,1790795632172,0.01051,0.00070,0.13177,0.00605,0.13449,0.00212,0.00055,0.00881,0.00385,0.68866,0.00331,0.00917,0.01051,0.00020,0.00055,0.00648,0.15899,0.00046,0.00062,0.01045,0.00333,0.79367,0.00387,0.01087,-52.90,8.264,-1,0.0000,-1.00,0.0000,0
202292,1790795632272,0.00382,0.00065,0.05684,0.00192,0.53506,0.00127,0.00145,0.00515,0.00279,0.38618,0.00192,0.00297,0.00351,0.00020,0.00153,0.00187,0.64051,0.00083,0.00169,0.00586,0.00289,0.33584,0.00214,0.00313,-52.94,6.421,-1,0.0000,-1.00,0.0000,0
202385,1790795632352,0.04902,0.00939,0.10886,0.05103,0.07664,0.01311,0.18486,0.24735,0.05636,0.13913,0.01761,0.04665,0.00272,0.00082,0.10021,0.05756,0.08921,0.01516,0.21525,0.28261,0.05265,0.15249,0.01809,0.01323,-54.37,2.968,-1,0.0000,-1.00,0.0000,0
202478,1790795632452,0.12218,0.00687,0.14508,0.00596,0.03258,0.01990,0.08440,0.51190,0.00345,0.01738,0.02025,0.03005,0.03146,0.00754,0.17112,0.00303,0.03576,0.01765,0.09929,0.57980,0.00353,0.01374,0.02076,0.01632,-55.21,6.143,-1,0.0000,-1.00,0.0000,0
202570,1790795632531,0.09353,0.02693,0.13533,0.10087,0.01164,0.01721,0.01609,0.37639,0.17716,0.02196,0.00689,0.01600,0.02300,0.00054,0.15736,0.11986,0.01086,0.01606,0.01813,0.42086,0.18852,0.02415,0.00507,0.01558,-54.31,4.517,-1,0.0000,-1.00,0.0000,0
202663,1790795632631,0.07309,0.02793,0.04853,0.07900,0.00138,0.00366,0.15681,0.43165,0.11377,0.00620,0.00712,0.05086,0.00447,0.01359,0.05672,0.09310,0.00096,0.00350,0.18520,0.50597,0.11786,0.00724,0.00784,0.00354,-52.95,5.180,-1,0.0000,-1.00,0.0000,0
202756,1790795632711,0.05259,0.03544,0.04788,0.17576,0.00129,0.01963,0.16930,0.23019,0.22090,0.00449,0.00725,0.03528,0.00268,0.00611,0.05635,0.20978,0.00108,0.02301,0.20166,0.26465,0.22311,0.00517,0.00412,0.00229,-52.60,2.762,-1,0.0000,-1.00,0.0000,0
202849,1790795632812,0.05642,0.09580,0.09304,0.08129,0.03270,0.02520,0.09412,0.25153,0.17236,0.02225,0.02184,0.05344,0.01581,0.08058,0.10717,0.09328,0.03159,0.02706,0.09681,0.28015,0.18666,0.02177,0.02081,0.03831,-55.07,3.018,-1,0.0000,-1.00,0.0000,0
202942,1790795632912,0.06829,0.03355,0.16436,0.02698,0.01901,0.09354,0.10671,0.28697,0.08537,0.05606,0.02913,0.03004,0.02083,0.02109,0.18442,0.02965,0.02048,0.10796,0.12330,0.30768,0.09641,0.06312,0.01351,0.01155,-61.52,3.444,-1,0.0000,-1.00,0.0000,0
203035,1790795632991,0.04204,0.03197,0.09143,0.02674,0.02302,0.06814,0.12580,0.17312,0.12422,0.15354,0.06083,0.07915,0.01215,0.00963,0.07364,0.02070,0.01464,0.07924,0.14882,0.19284,0.14465,0.18116,0.05718,0.06533,-59.85,2.077,-1,0.0000,-1.00,0.0000,0
203128,1790795633091,0.13909,0.00860,0.08831,0.05650,0.06459,0.06085,0.15107,0.04439,0.04313,0.14677,0.12339,0.07332,0.15652,0.00398,0.07356,0.04004,0.06703,0.04188,0.16702,0.05181,0.04364,0.16268,0.13955,0.05228,-58.21,1.813,-1,0.0000,-1.00,0.0000,0
203221,1790795633171,0.25944,0.03105,0.04277,0.01823,0.11346,0.09636,0.10588,0.04577,0.02663,0.15816,0.04450,0.05776,0.30086,0.03162,0.01867,0.01347,0.12703,0.05582,0.12060,0.05115,0.02924,0.16433,0.04226,0.04496,-57.17,3.113,-1,0.0000,-1.00,0.0000,0
203313,1790795633271,0.06679,0.03883,0.06851,0.02231,0.02450,0.03747,0.03535,0.10731,0.18954,0.24922,0.08788,0.07228,0.05543,0.00181,0.02339,0.00721,0.01335,0.03439,0.04185,0.12409,0.22558,0.29609,0.09848,0.07832,-54.81,2.991,-1,0.0000,-1.00,0.0000,0
203406,1790795633352,0.01307,0.01396,0.07526,0.03785,0.02182,0.15314,0.00683,0.02489,0.07404,0.36593,0.20381,0.00940,0.00832,0.00088,0.00421,0.00409,0.02420,0.18188,0.00793,0.02906,0.08791,0.43367,0.20816,0.00969,-54.33,4.391,-1,0.0000,-1.00,0.0000,0
203499,1790795633478,0.01081,0.00246,0.04546,0.03054,0.32292,0.07751,0.01262,0.03113,0.00748,0.28488,0.16314,0.01105,0.00563,0.00122,0.00193,0.00145,0.38489,0.09176,0.01488,0.03692,0.00867,0.26505,0.17729,0.01029,-55.20,3.875,-1,0.0000,-1.00,0.0000,0
203592,1790795633574,0.01468,0.00780,0.01728,0.07181,0.01138,0.36295,0.00671,0.01562,0.00837,0.04572,0.42731,0.01035,0.01404,0.00766,0.01029,0.00153,0.01144,0.43212,0.00648,0.01672,0.00969,0.05256,0.42636,0.01112,-56.04,5.128,-1,0.0000,-1.00,0.0000,0
203685,1790795633653,0.00851,0.00217,0.03364,0.12147,0.00698,0.07848,0.01356,0.01668,0.00646,0.06771,0.62312,0.02122,0.00719,0.00111,0.02438,0.00118,0.00395,0.09261,0.01603,0.01516,0.00751,0.08035,0.72828,0.02225,-57.59,7.477,-1,0.0000,-1.00,0.0000,0
203778,1790795633752,0.03419,0.07393,0.18370,0.06055,0.01624,0.06218,0.07658,0.04507,0.04531,0.16391,0.20068,0.03765,0.03334,0.07984,0.18157,0.02758,0.01239,0.06837,0.05964,0.03431,0.04834,0.19443,0.22691,0.03330,-58.06,2.408,-1,0.0000,-1.00,0.0000,0
203871,1790795633832,0.15325,0.02632,0.09433,0.01256,0.13779,0.05403,0.15273,0.02427,0.00889,0.24453,0.04657,0.04473,0.18028,0.02963,0.06128,0.00514,0.16112,0.02932,0.17713,0.01694,0.00964,0.26107,0.04999,0.01848,-57.02,2.934,-1,0.0000,-1.00,0.0000,0
203964,1790795633931,0.11518,0.00481,0.11024,0.00672,0.15440,0.04110,0.02071,0.01112,0.01311,0.48179,0.02587,0.01495,0.13594,0.00278,0.02481,0.00279,0.18233,0.02230,0.02172,0.01094,0.01515,0.54116,0.02658,0.01350,-55.71,5.782,-1,0.0000,-1.00,0.0000,0
204056,1790795634011,0.01287,0.00084,0.13640,0.00065,0.12146,0.00452,0.00573,0.00127,0.00176,0.71034,0.00183,0.00235,0.01514,0.00061,0.00041,0.00044,0.14524,0.00241,0.00675,0.00144,0.00202,0.82236,0.00171,0.00148,-53.29,8.524,-1,0.0000,-1.00,0.0000,0
204149,1790795634112,0.00244,0.00076,0.06397,0.00026,0.50304,0.00059,0.00212,0.00273,0.00120,0.42138,0.00073,0.00078,0.00227,0.00063,0.00024,0.00015,0.60267,0.00026,0.00240,0.00323,0.00141,0.38545,0.00082,0.00046,-52.06,6.037,-1,0.0000,-1.00,0.0000,0
204242,1790795634211,0.00646,0.00863,0.02451,0.04602,0.11947,0.38121,0.01329,0.01445,0.01682,0.09916,0.26378,0.00619,0.00445,0.00677,0.01139,0.01040,0.14219,0.45590,0.01303,0.01661,0.01805,0.09067,0.22569,0.00484,-52.92,4.575,-1,0.0000,-1.00,0.0000,0
204335,1790795634291,0.11416,0.01923,0.14542,0.00763,0.02241,0.02828,0.07105,0.48823,0.01187,0.03270,0.01216,0.04686,0.05331,0.02058,0.16734,0.00716,0.02405,0.02332,0.08099,0.55191,0.01240,0.03482,0.00995,0.01416,-54.97,5.859,-1,0.0000,-1.00,0.0000,0
204428,1790795634391,0.13036,0.00204,0.18693,0.00280,0.01236,0.01385,0.00314,0.61086,0.00158,0.02433,0.00628,0.00547,0.01930,0.00225,0.21874,0.00236,0.01358,0.01277,0.00180,0.69012,0.00143,0.02647,0.00500,0.00620,-54.53,7.330,-1,0.0000,-1.00,0.0000,0
204521,1790795634471,0.07242,0.03425,0.09035,0.16412,0.00389,0.00622,0.04438,0.31597,0.24194,0.00510,0.00871,0.01264,0.00384,0.00332,0.10720,0.19485,0.00372,0.00669,0.05252,0.35736,0.25128,0.00538,0.00911,0.00473,-53.32,3.792,-1,0.0000,-1.00,0.0000,0
204614,1790795634571,0.14566,0.04102,0.03631,0.05473,0.02003,0.04603,0.13267,0.22344,0.17184,0.05105,0.03236,0.04486,0.11039,0.02321,0.03192,0.05921,0.01941,0.03327,0.15436,0.26141,0.19301,0.05848,0.03218,0.02315,-52.53,2.681,-1,0.0000,-1.00,0.0000,0
204707,1790795634652,0.02719,0.02682,0.06319,0.07189,0.23870,0.03145,0.02155,0.07235,0.17176,0.24292,0.01859,0.01361,0.01459,0.00105,0.02435,0.08309,0.28377,0.03479,0.02498,0.08250,0.16504,0.25912,0.01538,0.01135,-54.29,2.915,-1,0.0000,-1.00,0.0000,0
204800,1790795634774,0.07118,0.04939,0.13700,0.02970,0.02851,0.10096,0.08000,0.21798,0.11240,0.08972,0.05342,0.02974,0.03654,0.03619,0.14404,0.02737,0.03058,0.11373,0.08868,0.23264,0.12925,0.10146,0.04147,0.01805,-61.73,2.616,-1,0.0000,-1.00,0.0000,0
204892,1790795634872,0.06414,0.01412,0.10086,0.03508,0.03180,0.13228,0.04706,0.16672,0.04496,0.21964,0.10423,0.03913,0.03741,0.00971,0.06990,0.02321,0.03094,0.15108,0.05429,0.18609,0.04927,0.25704,0.09494,0.03612,-61.54,2.636,-1,0.0000,-1.00,0.0000,0
204985,1790795634952,0.14655,0.10540,0.04108,0.04985,0.06421,0.07431,0.13656,0.04170,0.03026,0.10961,0.10216,0.09831,0.16477,0.12252,0.02548,0.03771,0.05820,0.05723,0.13934,0.04492,0.02878,0.11980,0.11106,0.09018,-59.59,1.759,-1,0.0000,-1.00,0.0000,0
205078,1790795635051,0.16935,0.04643,0.06460,0.01487,0.06623,0.07939,0.13892,0.03821,0.03387,0.22391,0.03220,0.09201,0.19398,0.04899,0.02669,0.01240,0.06366,0.05668,0.15661,0.04063,0.03799,0.25582,0.02735,0.07921,-56.62,2.687,-1,0.0000,-1.00,0.0000,0
205171,1790795635132,0.04096,0.04510,0.06159,0.02584,0.02292,0.03359,0.02606,0.13622,0.18992,0.24315,0.07751,0.09713,0.01728,0.00948,0.01625,0.01400,0.00553,0.03683,0.02894,0.16041,0.22479,0.29026,0.08558,0.11065,-53.83,2.918,-1,0.0000,-1.00,0.0000,0
205264,1790795635241,0.00623,0.01871,0.10007,0.02644,0.19241,0.00536,0.00324,0.00906,0.09922,0.52724,0.00890,0.00314,0.00485,0.00169,0.00261,0.02978,0.22994,0.00546,0.00354,0.01033,0.10743,0.59173,0.00958,0.00306,-53.26,6.327,-1,0.0000,-1.00,0.0000,0
205357,1790795635312,0.00689,0.03731,0.03361,0.16389,0.20865,0.03103,0.00739,0.01378,0.21517,0.19975,0.07656,0.00598,0.00508,0.00066,0.00260,0.17962,0.24893,0.03618,0.00869,0.01603,0.22222,0.19001,0.08456,0.00544,-54.59,2.582,-1,0.0000,-1.00,0.0000,0
205450,1790795635412,0.01356,0.00171,0.01640,0.09409,0.00577,0.27151,0.00605,0.01358,0.00949,0.03546,0.52268,0.00971,0.01296,0.00038,0.01139,0.00127,0.00489,0.32276,0.00717,0.01401,0.01099,0.04165,0.56231,0.01021,-56.25,6.272,-1,0.0000,-1.00,0.0000,0
205543,1790795635511,0.01621,0.00214,0.05695,0.11163,0.00920,0.06320,0.01286,0.02003,0.00909,0.11242,0.56941,0.01686,0.01668,0.00049,0.04181,0.00135,0.00769,0.07242,0.01523,0.01580,0.01048,0.13332,0.66793,0.01680,-58.06,6.833,-1,0.0000,-1.00,0.0000,0
205635,1790795635592,0.04694,0.02325,0.16202,0.06234,0.01988,0.04341,0.07058,0.05051,0.03525,0.21124,0.23932,0.03526,0.04993,0.02031,0.14463,0.01950,0.01861,0.04212,0.08055,0.03185,0.03809,0.24971,0.27841,0.02628,-58.59,2.872,-1,0.0000,-1.00,0.0000,0
205728,1790795635692,0.08429,0.09669,0.08329,0.02900,0.07969,0.05449,0.04232,0.00862,0.05282,0.40220,0.04595,0.02065,0.09918,0.10594,0.00629,0.02562,0.09175,0.04563,0.02935,0.00943,0.05025,0.47171,0.04601,0.01883,-56.38,4.826,-1,0.0000,-1.00,0.0000,0
205821,1790795635770,0.08594,0.00649,0.09815,0.00769,0.21340,0.08164,0.02270,0.01675,0.01375,0.40700,0.03720,0.00928,0.09937,0.00479,0.03079,0.00346,0.25428,0.07821,0.02201,0.01821,0.01508,0.43799,0.02907,0.00675,-56.22,4.884,-1,0.0000,-1.00,0.0000,0
205914,1790795635872,0.04415,0.00203,0.13121,0.00303,0.10680,0.02705,0.00424,0.00841,0.00224,0.65313,0.01362,0.00408,0.05118,0.00195,0.00708,0.00128,0.12712,0.02233,0.00465,0.00871,0.00243,0.75740,0.01189,0.00397,-54.47,7.838,-1,0.0000,-1.00,0.0000,0
206007,1790795635971,0.01341,0.00108,0.09448,0.00061,0.33728,0.00459,0.00112,0.00123,0.00040,0.54265,0.00256,0.00060,0.01578,0.00122,0.00019,0.00022,0.40404,0.00237,0.00110,0.00143,0.00041,0.57015,0.00260,0.00050,-52.65,6.512,-1,0.0000,-1.00,0.0000,0
206100,1790795636072,0.01064,0.00244,0.05653,0.01045,0.51020,0.00335,0.00366,0.00791,0.01007,0.37536,0.00423,0.00516,0.01087,0.00109,0.00256,0.01159,0.61028,0.00186,0.00417,0.00897,0.00976,0.32879,0.00470,0.00536,-52.76,6.122,-1,0.0000,-1.00,0.0000,0
206193,1790795636171,0.08495,0.01213,0.08097,0.03095,0.06402,0.00368,0.05946,0.41656,0.05195,0.10659,0.00863,0.08009,0.00418,0.00568,0.07353,0.03518,0.06045,0.00358,0.07012,0.48456,0.05247,0.11854,0.00964,0.08207,-54.03,4.999,-1,0.0000,-1.00,0.0000,0
206286,1790795636251,0.09649,0.00185,0.06147,0.00163,0.04432,0.00099,0.01705,0.49475,0.00386,0.07307,0.00446,0.20005,0.00029,0.00137,0.05655,0.00094,0.00636,0.00115,0.02016,0.58162,0.00444,0.08630,0.00512,0.23571,-55.03,5.937,-1,0.0000,-1.00,0.0000,0
206378,1790795636352,0.11433,0.00286,0.07057,0.00200,0.03364,0.00251,0.00625,0.58552,0.00728,0.05132,0.00475,0.11897,0.00072,0.00182,0.07284,0.00138,0.01226,0.00294,0.00713,0.68716,0.00838,0.05913,0.00510,0.14115,-55.22,7.026,-1,0.0000,-1.00,0.0000,0
206471,1790795636430,0.08313,0.02657,0.06570,0.06639,0.05346,0.00337,0.03016,0.41535,0.14402,0.06641,0.00302,0.04241,0.00065,0.00359,0.06512,0.07899,0.05536,0.00392,0.03543,0.48478,0.15691,0.06861,0.00284,0.04379,-55.45,4.984,-1,0.0000,-1.00,0.0000,0
206564,1790795636529,0.00723,0.01093,0.08731,0.01689,0.34296,0.00171,0.00387,0.03537,0.04721,0.41944,0.00186,0.02521,0.00080,0.00350,0.02032,0.01987,0.40509,0.00192,0.00394,0.03835,0.04967,0.42526,0.00185,0.02943,-55.74,5.033,-1,0.0000,-1.00,0.0000,0
206657,1790795636612,0.00543,0.00742,0.14909,0.00276,0.20426,0.00261,0.00720,0.02725,0.01619,0.52583,0.00534,0.04663,0.00236,0.00513,0.06294,0.00214,0.23394,0.00266,0.00691,0.02087,0.01898,0.58369,0.00588,0.05451,-56.20,6.310,-1,0.0000,-1.00,0.0000,0
206750,1790795636726,0.00317,0.00299,0.14545,0.00119,0.16571,0.00172,0.00344,0.01882,0.00484,0.62532,0.00233,0.02501,0.00062,0.00250,0.03331,0.00095,0.19277,0.00194,0.00363,0.01595,0.00552,0.71115,0.00241,0.02924,-56.19,7.504,-1,0.0000,-1.00,0.0000,0
206843,1790795636809,0.00490,0.03349,0.12337,0.01438,0.20758,0.00400,0.01024,0.02287,0.01241,0.48789,0.01259,0.06628,0.00205,0.03774,0.04110,0.01441,0.23317,0.00438,0.00477,0.01928,0.01202,0.53838,0.01422,0.07848,-56.04,5.855,-1,0.0000,-1.00,0.0000,0
206936,1790795636887,0.01050,0.00718,0.10029,0.00253,0.20401,0.00234,0.00667,0.00442,0.01036,0.49152,0.00417,0.15599,0.01198,0.00623,0.01158,0.00206,0.20767,0.00042,0.00675,0.00301,0.01198,0.54781,0.00492,0.18558,-55.73,5.898,-1,0.0000,-1.00,0.0000,0
207029,1790795636992,0.00299,0.00258,0.08060,0.00190,0.32286,0.00133,0.00301,0.00721,0.00454,0.40540,0.00600,0.16158,0.00242,0.00205,0.01397,0.00089,0.34861,0.00111,0.00319,0.00588,0.00523,0.41670,0.00697,0.19298,-55.90,4.865,-1,0.0000,-1.00,0.0000,0
207121,1790795637071,0.00401,0.01410,0.06157,0.01313,0.29955,0.00328,0.14928,0.01398,0.01449,0.33784,0.01467,0.07412,0.00163,0.01408,0.00721,0.01238,0.34824,0.00360,0.17608,0.01532,0.01491,0.33577,0.01687,0.05391,-56.26,4.054,-1,0.0000,-1.00,0.0000,0
207214,1790795637171,0.00173,0.00263,0.10560,0.00100,0.24846,0.00041,0.03035,0.00641,0.00498,0.52338,0.00183,0.07322,0.00106,0.00201,0.01328,0.00077,0.28171,0.00030,0.03597,0.00505,0.00582,0.57129,0.00214,0.08061,-56.08,6.281,-1,0.0000,-1.00,0.0000,0
207307,1790795637271,0.00137,0.00194,0.08435,0.00120,0.38019,0.00157,0.00142,0.00421,0.00468,0.46375,0.00222,0.05310,0.00094,0.00127,0.00833,0.00097,0.44298,0.00171,0.00143,0.00341,0.00541,0.46787,0.00232,0.06334,-56.11,5.565,-1,0.0000,-1.00,0.0000,0
207400,1790795637373,0.00102,0.00498,0.10268,0.00144,0.30125,0.00158,0.00176,0.00409,0.00472,0.54496,0.00243,0.02908,0.00053,0.00492,0.00750,0.00122,0.35410,0.00180,0.00113,0.00342,0.00542,0.58280,0.00256,0.03462,-56.34,6.540,-1,0.0000,-1.00,0.0000,0
207493,1790795637472,0.00154,0.00713,0.07467,0.00187,0.44706,0.00064,0.00373,0.00424,0.00593,0.42479,0.00413,0.02428,0.00129,0.00721,0.00937,0.00127,0.53005,0.00051,0.00298,0.00328,0.00671,0.40406,0.00485,0.02842,-56.06,5.365,-1,0.0000,-1.00,0.0000,0
207586,1790795637551,0.00466,0.00558,0.07537,0.00944,0.23837,0.00264,0.13358,0.01253,0.01553,0.32847,0.00911,0.16471,0.00321,0.00364,0.02222,0.00925,0.25258,0.00271,0.15887,0.01107,0.01678,0.34352,0.01038,0.16577,-56.11,3.942,-1,0.0000,-1.00,0.0000,0
207679,1790795637653,0.00097,0.00190,0.07792,0.00210,0.28948,0.00193,0.03078,0.00499,0.00429,0.35614,0.00483,0.22467,0.00077,0.00136,0.02036,0.00146,0.29494,0.00215,0.03661,0.00194,0.00484,0.36829,0.00536,0.26192,-56.07,4.274,-1,0.0000,-1.00,0.0000,0
207772,1790795637745,0.00070,0.00134,0.08125,0.00161,0.40027,0.00084,0.00985,0.00473,0.00318,0.38731,0.00310,0.10582,0.00063,0.00089,0.02324,0.00123,0.45494,0.00089,0.01163,0.00107,0.00357,0.37390,0.00354,0.12449,-55.69,4.803,-1,0.0000,-1.00,0.0000,0
207865,1790795637832,0.00128,0.00623,0.09296,0.00080,0.36061,0.00175,0.01453,0.00716,0.00434,0.49038,0.00227,0.01768,0.00029,0.00650,0.01170,0.00050,0.42853,0.00204,0.01612,0.00626,0.00483,0.50291,0.00232,0.01799,-55.22,5.885,-1,0.0000,-1.00,0.0000,0
207957,1790795637912,0.00043,0.00223,0.05526,0.01284,0.06860,0.42923,0.00477,0.00312,0.00179,0.26856,0.14338,0.00978,0.00011,0.00231,0.00557,0.00154,0.08011,0.51430,0.00526,0.00263,0.00182,0.30593,0.06985,0.01056,-54.57,5.151,-1,0.0000,-1.00,0.0000,0
208050,1790795638012,0.00453,0.03281,0.05342,0.04951,0.10488,0.14257,0.05871,0.01381,0.14530,0.16734,0.05247,0.17464,0.00323,0.00691,0.02768,0.05355,0.08690,0.17020,0.06894,0.01109,0.16349,0.18329,0.02914,0.19560,-55.02,2.096,-1,0.0000,-1.00,0.0000,0
208143,1790795638111,0.00110,0.03621,0.02752,0.03103,0.19256,0.15125,0.02253,0.00229,0.08649,0.16485,0.10728,0.17689,0.00084,0.02405,0.00080,0.01882,0.18957,0.18110,0.02218,0.00264,0.09756,0.16229,0.09265,0.20752,-55.26,2.311,-1,0.0000,-1.00,0.0000,0
208236,1790795638192,0.00077,0.07198,0.03426,0.08067,0.09409,0.14872,0.00924,0.00157,0.19184,0.18628,0.09699,0.08360,0.00063,0.04385,0.00045,0.08063,0.09298,0.17808,0.00238,0.00179,0.21388,0.20478,0.08091,0.09964,-54.96,2.302,-1,0.0000,-1.00,0.0000,0
208329,1790795638291,0.00094,0.03958,0.03313,0.01791,0.21896,0.26362,0.00682,0.00234,0.06143,0.20293,0.06717,0.08518,0.00059,0.03389,0.00066,0.01792,0.24216,0.31579,0.00145,0.00267,0.06828,0.19694,0.01788,0.10178,-54.52,3.163,-1,0.0000,-1.00,0.0000,0
208422,1790795638372,0.00053,0.09673,0.02718,0.03422,0.09876,0.04803,0.00297,0.00206,0.44975,0.15354,0.02272,0.06351,0.00015,0.01056,0.00016,0.03787,0.10331,0.05752,0.00146,0.00244,0.53141,0.16349,0.01582,0.07581,-54.59,5.397,-1,0.0000,-1.00,0.0000,0
208515,1790795638472,0.00350,0.19265,0.03370,0.02289,0.13070,0.00346,0.03988,0.00784,0.11733,0.18028,0.10049,0.16728,0.00095,0.20464,0.00206,0.00372,0.11713,0.00397,0.00700,0.00920,0.13936,0.19329,0.11962,0.19906,-56.50,2.312,-1,0.0000,-1.00,0.0000,0
208608,1790795638572,0.00181,0.28739,0.02558,0.00808,0.10261,0.01186,0.05592,0.00595,0.09108,0.13245,0.03066,0.24663,0.00087,0.32284,0.00172,0.00296,0.06450,0.01404,0.00300,0.00679,0.10854,0.14591,0.03395,0.29487,-58.24,3.449,-1,0.0000,-1.00,0.0000,0
208700,1790795638672,0.00148,0.13201,0.06890,0.00610,0.10010,0.00503,0.02550,0.00386,0.08398,0.35433,0.01753,0.20117,0.00092,0.13848,0.00121,0.00338,0.07230,0.00585,0.00308,0.00441,0.09983,0.41036,0.01985,0.24033,-58.12,4.252,-1,0.0000,-1.00,0.0000,0
208793,1790795638772,0.00268,0.22993,0.04640,0.00474,0.12538,0.00676,0.04583,0.00408,0.05732,0.24464,0.01886,0.21340,0.00211,0.26215,0.00138,0.00150,0.09961,0.00772,0.00294,0.00461,0.06830,0.27349,0.02107,0.25512,-58.33,2.936,-1,0.0000,-1.00,0.0000,0
208886,1790795638851,0.00198,0.23905,0.03114,0.00536,0.13172,0.00867,0.04568,0.00304,0.10908,0.16135,0.01908,0.24385,0.00126,0.26111,0.00292,0.00229,0.10003,0.01014,0.00290,0.00314,0.13025,0.17351,0.02085,0.29162,-59.40,2.926,-1,0.0000,-1.00,0.0000,0
208979,1790795638952,0.00284,0.13712,0.04708,0.00424,0.13874,0.00502,0.02630,0.00471,0.08108,0.24699,0.01185,0.29404,0.00166,0.14580,0.00154,0.00249,0.09649,0.00569,0.00251,0.00545,0.09666,0.27682,0.01307,0.35183,-59.83,3.528,-1,0.0000,-1.00,0.0000,0
209072,1790795639031,0.00215,0.10897,0.03081,0.00313,0.15889,0.00314,0.02150,0.00407,0.08827,0.16659,0.01300,0.39949,0.00130,0.10998,0.00110,0.00081,0.09559,0.00356,0.00396,0.00466,0.10561,0.18067,0.01487,0.47790,-59.11,4.794,-1,0.0000,-1.00,0.0000,0
209165,1790795639132,0.00112,0.18879,0.02622,0.00259,0.12737,0.00154,0.03564,0.00196,0.08179,0.13876,0.01057,0.38365,0.00041,0.20730,0.00087,0.00066,0.06155,0.00176,0.00158,0.00221,0.09788,0.15407,0.01232,0.45939,-58.32,4.604,-1,0.0000,-1.00,0.0000,0
209258,1790795639211,0.00102,0.19584,0.01193,0.00170,0.12963,0.00075,0.03634,0.00186,0.08935,0.06521,0.00495,0.46142,0.00035,0.21393,0.00060,0.00089,0.04577,0.00083,0.00114,0.00211,0.10689,0.06906,0.00576,0.55267,-57.45,5.537,-1,0.0000,-1.00,0.0000,0
209351,1790795639313,0.00053,0.13202,0.00651,0.00146,0.12471,0.00073,0.02238,0.00184,0.11621,0.03427,0.00531,0.55402,0.00010,0.13073,0.00036,0.00053,0.01786,0.00086,0.00090,0.00213,0.13915,0.03753,0.00619,0.66367,-56.25,6.648,-1,0.0000,-1.00,0.0000,0
209443,1790795639413,0.00039,0.13693,0.00201,0.01045,0.13050,0.00055,0.02352,0.00101,0.11366,0.01105,0.00195,0.56798,0.00025,0.13755,0.00063,0.01208,0.02147,0.00062,0.00092,0.00109,0.13380,0.00898,0.00221,0.68040,-55.36,6.816,-1,0.0000,-1.00,0.0000,0
209536,1790795639491,0.00147,0.11813,0.00633,0.00205,0.14997,0.00131,0.02261,0.00389,0.10162,0.03463,0.00283,0.55516,0.00088,0.11752,0.00124,0.00184,0.04798,0.00140,0.00379,0.00442,0.12141,0.03198,0.00312,0.66444,-56.66,6.662,-1,0.0000,-1.00,0.0000,0
209629,1790795639592,0.01153,0.08023,0.03834,0.01006,0.12237,0.00827,0.28154,0.02269,0.05035,0.17417,0.02821,0.17224,0.00837,0.08468,0.00921,0.00567,0.11829,0.00825,0.31980,0.02613,0.05916,0.18530,0.03216,0.14298,-60.53,3.378,-1,0.0000,-1.00,0.0000,0
209722,1790795639672,0.04073,0.07334,0.10565,0.00914,0.08296,0.03454,0.08240,0.07362,0.18827,0.08997,0.02824,0.19115,0.03683,0.04342,0.10746,0.00558,0.05780,0.03408,0.09010,0.06693,0.22428,0.09655,0.02708,0.20988,-62.83,2.294,-1,0.0000,-1.00,0.0000,0
209815,1790795639772,0.04960,0.08878,0.05974,0.01273,0.03860,0.00883,0.03525,0.15676,0.26771,0.17982,0.04305,0.05914,0.02331,0.04300,0.03018,0.00526,0.03352,0.00596,0.03337,0.18219,0.31974,0.20882,0.05041,0.06424,-61.25,3.213,-1,0.0000,-1.00,0.0000,0
209908,1790795639874,0.03943,0.06637,0.23250,0.01734,0.02486,0.04253,0.05258,0.03764,0.04671,0.35886,0.05362,0.02757,0.04306,0.06975,0.19431,0.00971,0.02478,0.04242,0.03934,0.01641,0.05402,0.42512,0.05584,0.02524,-59.51,4.306,-1,0.0000,-1.00,0.0000,0
210001,1790795639973,0.03999,0.01943,0.21999,0.00651,0.03416,0.20145,0.02863,0.04266,0.01573,0.30609,0.05599,0.02937,0.04532,0.01968,0.19227,0.00363,0.03515,0.23240,0.03030,0.01311,0.01813,0.35980,0.02101,0.02918,-59.07,3.673,-1,0.0000,-1.00,0.0000,0
210094,1790795640072,0.01528,0.01191,0.43633,0.00717,0.02948,0.15462,0.02852,0.09289,0.01420,0.13577,0.05743,0.01639,0.01544,0.01110,0.49184,0.00214,0.03202,0.18288,0.03186,0.01392,0.01659,0.15634,0.03257,0.01332,-56.92,5.236,-1,0.0000,-1.00,0.0000,0
210187,1790795640152,0.00160,0.00106,0.47460,0.00362,0.00381,0.01230,0.25553,0.09237,0.00330,0.09534,0.00495,0.05152,0.00144,0.00063,0.54621,0.00373,0.00435,0.01446,0.30605,0.00241,0.00321,0.11338,0.00307,0.00106,-54.64,5.695,-1,0.0000,-1.00,0.0000,0
210279,1790795640251,0.00203,0.00033,0.37773,0.00213,0.00318,0.15705,0.22579,0.07344,0.00125,0.07870,0.03273,0.04567,0.00201,0.00021,0.43405,0.00216,0.00359,0.18779,0.27050,0.00195,0.00105,0.09361,0.00199,0.00109,-53.89,4.533,2,0.9536,147.59,0.9536,1
210372,1790795640332,0.00857,0.00235,0.39327,0.22770,0.00446,0.02614,0.06707,0.13323,0.04673,0.05623,0.01530,0.01894,0.00101,0.00240,0.45806,0.27043,0.00483,0.03114,0.07963,0.06910,0.00237,0.06644,0.01216,0.00242,-54.34,4.719,-1,0.0000,-1.00,0.0000,0
210465,1790795640435,0.00145,0.00024,0.64360,0.01933,0.00264,0.07898,0.05881,0.12590,0.00470,0.03402,0.01827,0.01208,0.00103,0.00013,0.76321,0.02253,0.00289,0.09446,0.06458,0.00542,0.00114,0.04021,0.00316,0.00124,-55.68,7.723,-1,0.0000,-1.00,0.0000,0
210558,1790795640511,0.00429,0.01408,0.67651,0.08627,0.00101,0.01179,0.02103,0.14288,0.01889,0.01062,0.00796,0.00466,0.00296,0.01640,0.80813,0.10201,0.00097,0.01354,0.02194,0.01101,0.00241,0.01254,0.00686,0.00123,-55.67,8.118,-1,0.0000,-1.00,0.0000,0
210651,1790795640609,0.00271,0.00128,0.78034,0.00364,0.00174,0.00773,0.00654,0.15812,0.00203,0.03040,0.00313,0.00234,0.00187,0.00121,0.92788,0.00396,0.00177,0.00889,0.00619,0.00694,0.00164,0.03608,0.00199,0.00158,-55.99,9.364,-1,0.0000,-1.00,0.0000,0
210744,1790795640712,0.00438,0.00167,0.70883,0.00321,0.00898,0.00862,0.01232,0.13691,0.00226,0.10273,0.00704,0.00306,0.00328,0.00156,0.82534,0.00255,0.01023,0.00968,0.00501,0.00988,0.00220,0.12107,0.00652,0.00267,-57.02,8.506,-1,0.0000,-1.00,0.0000,0
210837,1790795640790,0.00213,0.00220,0.76712,0.00340,0.00232,0.01377,0.00767,0.15674,0.00298,0.03433,0.00440,0.00294,0.00113,0.00207,0.91114,0.00367,0.00240,0.01631,0.00877,0.00718,0.00285,0.04066,0.00203,0.00178,-56.81,9.205,-1,0.0000,-1.00,0.0000,0
210930,1790795640891,0.37000,0.00041,0.37927,0.00283,0.01159,0.08430,0.00154,0.07897,0.00105,0.01188,0.00453,0.05363,0.44241,0.00036,0.45169,0.00284,0.00123,0.01331,0.00177,0.00508,0.00068,0.01400,0.00279,0.06384,-53.56,4.551,-1,0.0000,-1.00,0.0000,0
211022,1790795640972,0.69727,0.00067,0.07816,0.00205,0.00502,0.14810,0.00439,0.02610,0.00099,0.01308,0.00343,0.02075,0.83287,0.00066,0.09059,0.00213,0.00130,0.01235,0.00510,0.01334,0.00076,0.01541,0.00166,0.02382,-53.81,8.367,-1,0.0000,-1.00,0.0000,0
211115,1790795641090,0.32115,0.00199,0.11113,0.01886,0.03316,0.22699,0.01528,0.02687,0.00903,0.03867,0.03410,0.16277,0.38341,0.00123,0.12402,0.02221,0.00182,0.19598,0.01794,0.00773,0.00629,0.04611,0.00201,0.19126,-54.73,3.854,-1,0.0000,-1.00,0.0000,0
211208,1790795641172,0.26079,0.00160,0.04369,0.02052,0.02182,0.34659,0.01134,0.00926,0.00378,0.03345,0.14580,0.10136,0.31201,0.00119,0.04451,0.00385,0.00259,0.35345,0.01335,0.00228,0.00377,0.03956,0.10464,0.11880,-53.64,4.159,-1,0.0000,-1.00,0.0000,0
211301,1790795641272,0.21607,0.06673,0.02581,0.00352,0.00568,0.17744,0.19512,0.22305,0.00119,0.01356,0.03249,0.03936,0.20702,0.07980,0.02794,0.00325,0.00602,0.17157,0.21798,0.26173,0.00078,0.01506,0.00491,0.00395,-54.78,2.677,-1,0.0000,-1.00,0.0000,0
211394,1790795641372,0.16998,0.02862,0.02226,0.00996,0.04014,0.37467,0.15919,0.06194,0.00304,0.02632,0.07025,0.03362,0.18983,0.03403,0.02229,0.01141,0.04734,0.41132,0.18400,0.06980,0.00138,0.02215,0.00263,0.00381,-55.62,4.496,-1,0.0000,-1.00,0.0000,0
211487,1790795641452,0.09634,0.00570,0.34613,0.00250,0.06840,0.09762,0.03766,0.21274,0.00132,0.03817,0.02130,0.07211,0.08094,0.00661,0.40829,0.00190,0.06655,0.10093,0.04382,0.17397,0.00120,0.03255,0.00552,0.07772,-56.36,4.154,-1,0.0000,-1.00,0.0000,0
211580,1790795641551,0.04350,0.00892,0.37526,0.00032,0.19771,0.06823,0.04009,0.08819,0.00278,0.05263,0.01295,0.10941,0.04862,0.01019,0.44525,0.00029,0.20879,0.07606,0.04591,0.01751,0.00271,0.02224,0.00044,0.12199,-58.44,4.503,-1,0.0000,-1.00,0.0000,0
211673,1790795641633,0.03776,0.01837,0.24198,0.01212,0.05567,0.09528,0.15453,0.08931,0.05557,0.15553,0.02267,0.06122,0.03134,0.00949,0.25523,0.01338,0.05883,0.10795,0.16987,0.06983,0.06348,0.17515,0.00576,0.03968,-61.04,2.904,-1,0.0000,-1.00,0.0000,0
211765,1790795641744,0.00525,0.00326,0.12041,0.03875,0.01629,0.03504,0.04460,0.02107,0.01104,0.50441,0.18565,0.01423,0.00293,0.00144,0.02518,0.00396,0.01835,0.04141,0.05315,0.02026,0.01244,0.60076,0.21425,0.00587,-57.66,6.053,-1,0.0000,-1.00,0.0000,0
211858,1790795641812,0.00246,0.00270,0.03067,0.02665,0.00710,0.02146,0.56130,0.00496,0.00309,0.08717,0.13834,0.11409,0.00241,0.00253,0.01633,0.00007,0.00779,0.02527,0.67207,0.00271,0.00357,0.10302,0.16075,0.00348,-55.76,6.736,-1,0.0000,-1.00,0.0000,0
211951,1790795641912,0.00683,0.00928,0.06698,0.04848,0.02911,0.02143,0.39156,0.02912,0.02220,0.11075,0.17771,0.08657,0.00336,0.00651,0.05523,0.01686,0.03269,0.02502,0.46733,0.02450,0.02326,0.12623,0.20797,0.01105,-56.69,4.699,-1,0.0000,-1.00,0.0000,0
212044,1790795642011,0.07683,0.00700,0.07842,0.06361,0.02240,0.02100,0.02105,0.39168,0.03737,0.05190,0.21510,0.01364,0.00198,0.00083,0.08261,0.02610,0.02458,0.02477,0.02504,0.45296,0.03960,0.05731,0.25283,0.01138,-58.92,4.700,-1,0.0000,-1.00,0.0000,0
212137,1790795642089,0.04624,0.00702,0.15413,0.03858,0.00574,0.02163,0.29374,0.19871,0.00542,0.00761,0.15719,0.06399,0.01513,0.00778,0.18309,0.00980,0.00544,0.02292,0.35043,0.20180,0.00455,0.00804,0.18380,0.00721,-60.20,3.525,-1,0.0000,-1.00,0.0000,0
212230,1790795642193,0.11805,0.01254,0.10909,0.09356,0.09770,0.05410,0.02870,0.12837,0.04403,0.10282,0.18754,0.02349,0.11540,0.00761,0.11051,0.06943,0.10718,0.04764,0.03253,0.13226,0.03900,0.10196,0.21527,0.02122,-55.67,2.250,-1,0.0000,-1.00,0.0000,0
212323,1790795642273,0.00793,0.00194,0.02389,0.07788,0.00688,0.32233,0.00750,0.00161,0.00497,0.09547,0.44665,0.00296,0.00933,0.00126,0.00625,0.00233,0.00789,0.38438,0.00870,0.00074,0.00549,0.11283,0.45899,0.00182,-52.48,5.360,-1,0.0000,-1.00,0.0000,0
212416,1790795642392,0.00056,0.00015,0.00362,0.10998,0.00030,0.27314,0.00025,0.00102,0.00035,0.00172,0.60825,0.00065,0.00059,0.00011,0.00393,0.00016,0.00022,0.32718,0.00028,0.00044,0.00039,0.00201,0.66397,0.00072,-51.31,7.299,-1,0.0000,-1.00,0.0000,0
212509,1790795642472,0.00053,0.00170,0.03945,0.09288,0.04311,0.13485,0.03459,0.00382,0.00148,0.12817,0.46786,0.05156,0.00045,0.00194,0.01844,0.00651,0.04102,0.16149,0.04105,0.00094,0.00047,0.14546,0.52860,0.05364,-51.71,5.614,-1,0.0000,-1.00,0.0000,0
212601,1790795642571,0.00052,0.00016,0.01241,0.03586,0.01869,0.29743,0.22351,0.00110,0.00060,0.05652,0.23839,0.11479,0.00042,0.00008,0.00167,0.00035,0.00565,0.35631,0.26780,0.00099,0.00065,0.06660,0.21502,0.08446,-53.81,3.569,-1,0.0000,-1.00,0.0000,0
212694,1790795642671,0.00335,0.00157,0.02358,0.05948,0.11764,0.05961,0.04296,0.00270,0.00275,0.10722,0.30674,0.27239,0.00352,0.00135,0.00586,0.00118,0.07827,0.07073,0.05118,0.00211,0.00306,0.11296,0.35352,0.31625,-55.48,3.681,-1,0.0000,-1.00,0.0000,0
212787,1790795642752,0.00186,0.00568,0.04336,0.02536,0.09048,0.04124,0.10531,0.00769,0.00519,0.09232,0.13046,0.45105,0.00154,0.00567,0.03028,0.00133,0.00619,0.04911,0.12505,0.00322,0.00596,0.10939,0.14658,0.51567,-57.54,5.413,-1,0.0000,-1.00,0.0000,0
212880,1790795642851,0.04890,0.00772,0.06675,0.03072,0.03283,0.32997,0.01022,0.01174,0.00518,0.14785,0.21296,0.09516,0.05746,0.00820,0.04554,0.00132,0.01715,0.38400,0.01059,0.00506,0.00595,0.17376,0.17905,0.11192,-59.34,3.960,-1,0.0000,-1.00,0.0000,0
212973,1790795642933,0.03832,0.00282,0.10053,0.01585,0.15174,0.06920,0.01920,0.01789,0.00449,0.38261,0.08590,0.11146,0.04274,0.00268,0.03570,0.00151,0.15617,0.07450,0.02232,0.01452,0.00503,0.42754,0.08817,0.12913,-56.46,4.591,-1,0.0000,-1.00,0.0000,0
213066,1790795643031,0.00677,0.00252,0.14963,0.00346,0.06546,0.01561,0.00767,0.00515,0.00491,0.70340,0.01382,0.02161,0.00750,0.00191,0.01510,0.00154,0.07362,0.01725,0.00881,0.00318,0.00558,0.82824,0.01314,0.02413,-55.07,8.441,-1,0.0000,-1.00,0.0000,0
213159,1790795643111,0.02910,0.03128,0.18353,0.04333,0.12207,0.02208,0.05861,0.05419,0.06790,0.27267,0.06055,0.05468,0.02827,0.02304,0.16033,0.03836,0.13586,0.02085,0.06567,0.03315,0.07298,0.30056,0.06842,0.05250,-56.88,3.272,-1,0.0000,-1.00,0.0000,0
213252,1790795643211,0.02492,0.01913,0.46631,0.01919,0.07008,0.06966,0.03899,0.12681,0.01613,0.07471,0.04101,0.03305,0.02093,0.01993,0.54405,0.01639,0.07746,0.07966,0.04277,0.04409,0.01608,0.07417,0.03334,0.03113,-56.59,5.596,-1,0.0000,-1.00,0.0000,0
213344,1790795643313,0.00446,0.00804,0.62208,0.00247,0.01692,0.00390,0.08976,0.12474,0.02651,0.07329,0.00620,0.02162,0.00413,0.00341,0.72876,0.00164,0.01928,0.00387,0.10569,0.00619,0.03144,0.08399,0.00666,0.00495,-53.81,7.465,-1,0.0000,-1.00,0.0000,0
213437,1790795643392,0.01131,0.01908,0.59871,0.01401,0.00346,0.00518,0.01470,0.15590,0.09721,0.07224,0.00453,0.00368,0.00406,0.00040,0.70039,0.01592,0.00396,0.00540,0.01753,0.04796,0.11332,0.08578,0.00436,0.00092,-54.24,7.184,-1,0.0000,-1.00,0.0000,0
213530,1790795643491,0.01385,0.00555,0.70005,0.00241,0.00313,0.01424,0.01937,0.16571,0.00623,0.04886,0.01164,0.00896,0.00844,0.00542,0.82730,0.00073,0.00228,0.01538,0.01670,0.04000,0.00732,0.05809,0.01090,0.00743,-55.62,8.401,-1,0.0000,-1.00,0.0000,0
213623,1790795643572,0.02255,0.34946,0.17447,0.01512,0.01835,0.03162,0.21338,0.05085,0.01195,0.05382,0.01700,0.04144,0.02238,0.41662,0.19701,0.01540,0.01891,0.03346,0.17159,0.02337,0.01127,0.06074,0.01373,0.01552,-55.72,4.193,-1,0.0000,-1.00,0.0000,0
213716,1790795643693,0.05108,0.00516,0.04897,0.30171,0.17317,0.06703,0.02316,0.05262,0.06845,0.07603,0.09949,0.03313,0.05054,0.00338,0.04851,0.34065,0.20069,0.07030,0.02709,0.05343,0.01449,0.05131,0.10528,0.03433,-56.65,3.621,-1,0.0000,-1.00,0.0000,0
213809,1790795643771,0.05325,0.00774,0.36572,0.02990,0.00793,0.10315,0.04166,0.09562,0.03502,0.08197,0.14647,0.03158,0.05526,0.00347,0.41890,0.00547,0.00394,0.11264,0.04923,0.03153,0.04087,0.09743,0.15318,0.02808,-58.48,4.389,-1,0.0000,-1.00,0.0000,0
213902,1790795643871,0.01597,0.01302,0.06788,0.29142,0.04719,0.06176,0.04994,0.02361,0.08698,0.04414,0.05749,0.24060,0.01564,0.00840,0.07091,0.33833,0.00151,0.07097,0.05564,0.01677,0.03716,0.05260,0.05482,0.27726,-60.71,3.497,-1,0.0000,-1.00,0.0000,0
213995,1790795643971,0.12986,0.03586,0.11351,0.12444,0.01684,0.12218,0.04582,0.04473,0.04798,0.05714,0.17573,0.08590,0.14957,0.03619,0.12250,0.11196,0.00150,0.11691,0.04773,0.02931,0.03530,0.06818,0.18739,0.09347,-63.35,2.109,-1,0.0000,-1.00,0.0000,0
214087,1790795644051,0.08500,0.02154,0.21843,0.03021,0.01108,0.28128,0.02423,0.05692,0.00916,0.06271,0.16482,0.03461,0.09804,0.02401,0.24707,0.00953,0.00587,0.31775,0.02427,0.01923,0.00909,0.07398,0.13450,0.03666,-65.49,3.375,-1,0.0000,-1.00,0.0000,0
214180,1790795644151,0.17225,0.00203,0.12305,0.03318,0.00406,0.30840,0.01494,0.10139,0.00633,0.05851,0.15882,0.01704,0.18756,0.00152,0.13361,0.01509,0.00151,0.33236,0.01745,0.09516,0.00459,0.06981,0.12442,0.01692,-64.45,3.701,-1,0.0000,-1.00,0.0000,0
214273,1790795644242,0.12067,0.00845,0.04837,0.10354,0.00299,0.20319,0.00471,0.10587,0.01212,0.02564,0.35689,0.00756,0.12141,0.00921,0.05194,0.04792,0.00193,0.21940,0.00381,0.11657,0.00502,0.03034,0.38415,0.00831,-65.05,4.283,-1,0.0000,-1.00,0.0000,0
214366,1790795644331,0.08563,0.00781,0.07696,0.08232,0.00389,0.14140,0.00718,0.13219,0.00320,0.02256,0.43113,0.00572,0.07445,0.00868,0.08700,0.00230,0.00353,0.15468,0.00601,0.14203,0.00338,0.02634,0.48594,0.00567,-65.89,5.174,-1,0.0000,-1.00,0.0000,0
214459,1790795644411,0.09585,0.00568,0.08509,0.08138,0.00543,0.22667,0.00567,0.13677,0.00711,0.02878,0.31720,0.00438,0.08609,0.00642,0.09535,0.03217,0.00568,0.25454,0.00552,0.14498,0.00214,0.03335,0.32962,0.00414,-66.95,3.806,-1,0.0000,-1.00,0.0000,0
214552,1790795644511,0.13278,0.00660,0.10282,0.04829,0.01273,0.23279,0.01638,0.10221,0.00577,0.05727,0.26019,0.02218,0.13892,0.00699,0.11002,0.00594,0.01070,0.25140,0.01824,0.10067,0.00571,0.06653,0.26193,0.02296,-62.12,3.122,-1,0.0000,-1.00,0.0000,0
214645,1790795644608,0.18883,0.00402,0.10596,0.02678,0.01854,0.15390,0.01233,0.04720,0.01263,0.26936,0.14418,0.01628,0.21756,0.00195,0.06373,0.00340,0.01891,0.14128,0.01439,0.04392,0.01446,0.31901,0.14475,0.01665,-59.72,3.232,-1,0.0000,-1.00,0.0000,0
214738,1790795644691,0.23768,0.00171,0.09847,0.03383,0.00446,0.16699,0.00637,0.03365,0.00840,0.22288,0.18011,0.00544,0.27929,0.00026,0.06522,0.00344,0.00435,0.14473,0.00759,0.02739,0.00938,0.26620,0.18713,0.00502,-60.92,2.852,-1,0.0000,-1.00,0.0000,0
214831,1790795644793,0.03060,0.00235,0.04161,0.66375,0.00599,0.02199,0.00520,0.01264,0.13276,0.03123,0.04818,0.00370,0.03534,0.00212,0.04270,0.78465,0.00653,0.01935,0.00581,0.00668,0.00353,0.03613,0.05390,0.00328,-53.99,7.965,-1,0.0000,-1.00,0.0000,0
214923,1790795644871,0.00342,0.00011,0.79200,0.00128,0.00111,0.00401,0.00673,0.15643,0.00097,0.02856,0.00322,0.00215,0.00391,0.00000,0.94226,0.00093,0.00114,0.00403,0.00807,0.00064,0.00097,0.03400,0.00306,0.00097,-52.07,9.504,-1,0.0000,-1.00,0.0000,0
215016,1790795644991,0.01484,0.04963,0.66244,0.01785,0.00276,0.02581,0.01670,0.13094,0.00478,0.05391,0.01669,0.00366,0.01730,0.05913,0.78106,0.01851,0.00276,0.02750,0.00827,0.00208,0.00206,0.06404,0.01455,0.00274,-54.51,7.949,-1,0.0000,-1.00,0.0000,0
215109,1790795645071,0.03180,0.02138,0.26816,0.39386,0.00837,0.02678,0.01803,0.07981,0.08020,0.02851,0.03440,0.00869,0.03147,0.02489,0.31489,0.46478,0.00862,0.02587,0.01667,0.03321,0.00396,0.03246,0.03609,0.00711,-55.11,4.726,-1,0.0000,-1.00,0.0000,0
215202,1790795645171,0.04046,0.04379,0.04540,0.36054,0.01478,0.03110,0.04157,0.05300,0.12445,0.08325,0.11576,0.04591,0.03694,0.03891,0.03496,0.40569,0.00841,0.02994,0.04077,0.05791,0.06869,0.09808,0.13277,0.04693,-55.30,4.326,-1,0.0000,-1.00,0.0000,0
215295,1790795645275,0.15644,0.01688,0.07174,0.20938,0.01641,0.14800,0.01753,0.02929,0.05839,0.08413,0.17446,0.01736,0.18273,0.01519,0.06662,0.21499,0.01625,0.14112,0.01799,0.02189,0.02735,0.09758,0.18107,0.01723,-58.27,2.513,-1,0.0000,-1.00,0.0000,0
215388,1790795645352,0.10749,0.00272,0.31755,0.11285,0.00947,0.11155,0.01813,0.07487,0.03009,0.09302,0.10098,0.02129,0.12498,0.00078,0.35868,0.11551,0.00713,0.10889,0.02157,0.01860,0.01316,0.11005,0.09942,0.02123,-59.00,3.811,-1,0.0000,-1.00,0.0000,0
215481,1790795645452,0.12107,0.01000,0.26390,0.07199,0.01401,0.12694,0.02611,0.07456,0.03012,0.11161,0.12712,0.02257,0.13876,0.00723,0.29019,0.06097,0.01260,0.12460,0.02986,0.03182,0.02395,0.13128,0.12762,0.02112,-58.75,3.167,-1,0.0000,-1.00,0.0000,0
215574,1790795645531,0.12476,0.00911,0.30545,0.07147,0.01419,0.10154,0.01770,0.07210,0.02675,0.12438,0.11739,0.01516,0.14557,0.00739,0.33674,0.06141,0.01392,0.09309,0.01968,0.01970,0.01861,0.14756,0.12220,0.01412,-59.20,3.665,-1,0.0000,-1.00,0.0000,0
215666,1790795645632,0.09066,0.00548,0.29840,0.10522,0.01002,0.12547,0.02121,0.07556,0.02628,0.11428,0.11504,0.01240,0.10387,0.00440,0.33081,0.10385,0.01006,0.12975,0.02454,0.02495,0.01091,0.13494,0.11212,0.00980,-59.55,3.581,-1,0.0000,-1.00,0.0000,0
215759,1790795645711,0.10290,0.00910,0.29530,0.06696,0.01495,0.19011,0.01729,0.06859,0.02290,0.10003,0.09462,0.01726,0.11998,0.00805,0.33065,0.06578,0.01456,0.20401,0.01902,0.01674,0.01440,0.11698,0.07294,0.01691,-57.06,3.544,-1,0.0000,-1.00,0.0000,0
215852,1790795645814,0.02600,0.01167,0.05509,0.05078,0.33790,0.01975,0.01623,0.01690,0.01617,0.25019,0.15133,0.04799,0.02795,0.01121,0.02207,0.02561,0.39416,0.01813,0.01722,0.01588,0.01430,0.22165,0.17774,0.05409,-55.00,4.055,-1,0.0000,-1.00,0.0000,0
215945,1790795645912,0.00625,0.02779,0.09567,0.00559,0.19550,0.02320,0.23399,0.02273,0.00165,0.31294,0.02793,0.04673,0.00378,0.03320,0.04950,0.00113,0.23391,0.02705,0.27380,0.01743,0.00176,0.32861,0.02810,0.00172,-54.50,3.755,-1,0.0000,-1.00,0.0000,0
216038,1790795645992,0.01378,0.00080,0.01283,0.00720,0.07606,0.08900,0.32221,0.06930,0.00179,0.03370,0.04913,0.32419,0.00039,0.00058,0.00852,0.00115,0.02930,0.10657,0.38597,0.08135,0.00191,0.03457,0.03774,0.31194,-53.42,3.890,-1,0.0000,-1.00,0.0000,0
216131,1790795646092,0.00149,0.00046,0.02961,0.00868,0.19169,0.37163,0.05416,0.00195,0.00122,0.17309,0.11464,0.05138,0.00139,0.00036,0.00300,0.00066,0.22003,0.44502,0.06469,0.00188,0.00126,0.16386,0.04914,0.04871,-53.35,4.460,-1,0.0000,-1.00,0.0000,0
216224,1790795646172,0.00607,0.00092,0.02771,0.01312,0.12102,0.35335,0.08903,0.00277,0.00529,0.13030,0.11052,0.13990,0.00642,0.00044,0.00681,0.00606,0.11595,0.42213,0.10609,0.00248,0.00514,0.13314,0.04874,0.14660,-53.22,4.240,-1,0.0000,-1.00,0.0000,0
216317,1790795646293,0.00563,0.00080,0.11175,0.01718,0.14198,0.21325,0.14787,0.02056,0.00598,0.09994,0.07247,0.16261,0.00269,0.00023,0.11558,0.01340,0.13776,0.25499,0.15902,0.01984,0.00451,0.09244,0.03629,0.16328,-52.69,2.559,-1,0.0000,-1.00,0.0000,0
216409,1790795646372,0.00369,0.01388,0.01887,0.01706,0.47235,0.13189,0.02939,0.00327,0.01395,0.13786,0.09942,0.05836,0.00409,0.01345,0.01161,0.00300,0.55341,0.15722,0.03255,0.00162,0.01613,0.05548,0.08797,0.06347,-54.32,5.668,-1,0.0000,-1.00,0.0000,0
216502,1790795646472,0.04221,0.00395,0.11663,0.01765,0.15903,0.04468,0.11674,0.00586,0.01892,0.07141,0.08289,0.32002,0.04982,0.00038,0.12745,0.00319,0.11906,0.04376,0.11773,0.00383,0.02196,0.06204,0.09065,0.36013,-56.70,3.840,-1,0.0000,-1.00,0.0000,0
216595,1790795646572,0.00901,0.01480,0.12492,0.00255,0.07331,0.00866,0.05751,0.01404,0.05647,0.58889,0.01064,0.03921,0.00796,0.00451,0.01284,0.00088,0.08118,0.00883,0.06802,0.01428,0.06671,0.69032,0.01100,0.03350,-55.60,7.067,-1,0.0000,-1.00,0.0000,0
216688,1790795646651,0.00405,0.00268,0.13779,0.00123,0.09680,0.00790,0.01968,0.00343,0.01166,0.68124,0.00637,0.02717,0.00419,0.00059,0.00763,0.00030,0.11046,0.00863,0.02347,0.00260,0.01391,0.79439,0.00592,0.02790,-54.24,8.175,-1,0.0000,-1.00,0.0000,0
216781,1790795646751,0.01507,0.00972,0.09397,0.01561,0.07861,0.00646,0.22132,0.06954,0.06164,0.34972,0.00801,0.07033,0.00070,0.00006,0.03276,0.01711,0.08791,0.00761,0.26518,0.07683,0.06930,0.40278,0.00809,0.03168,-54.18,4.197,-1,0.0000,-1.00,0.0000,0
216874,1790795646831,0.05251,0.00177,0.05028,0.00151,0.11948,0.00856,0.00416,0.27333,0.00883,0.01805,0.00402,0.45750,0.00025,0.00009,0.05731,0.00125,0.03468,0.01020,0.00497,0.31615,0.01027,0.01481,0.00279,0.54721,-53.83,5.490,-1,0.0000,-1.00,0.0000,0
216967,1790795646932,0.06126,0.00029,0.06766,0.00191,0.10633,0.02798,0.02171,0.31252,0.00684,0.02546,0.01041,0.35764,0.00074,0.00022,0.07673,0.00113,0.04347,0.03338,0.02596,0.35927,0.00797,0.02189,0.00585,0.42339,-53.63,4.292,-1,0.0000,-1.00,0.0000,0
217060,1790795647012,0.09371,0.00051,0.19612,0.00420,0.04480,0.00231,0.01831,0.50577,0.00254,0.01014,0.00168,0.11990,0.00117,0.00019,0.23362,0.00473,0.02603,0.00253,0.02106,0.56057,0.00211,0.00700,0.00151,0.13950,-52.28,6.069,-1,0.0000,-1.00,0.0000,0
217153,1790795647112,0.10200,0.00966,0.11810,0.06633,0.03180,0.00159,0.00934,0.51997,0.06535,0.06554,0.00301,0.00731,0.00198,0.00113,0.12713,0.07883,0.03679,0.00151,0.01097,0.59785,0.06140,0.07253,0.00330,0.00659,-51.88,6.240,-1,0.0000,-1.00,0.0000,0
217245,1790795647213,0.00564,0.00116,0.07854,0.00348,0.26952,0.00175,0.15803,0.00837,0.00663,0.42953,0.00297,0.03436,0.00483,0.00010,0.00472,0.00351,0.32223,0.00115,0.18928,0.00916,0.00713,0.45093,0.00333,0.00365,-53.20,5.154,-1,0.0000,-1.00,0.0000,0
217338,1790795647292,0.02219,0.00078,0.09172,0.00252,0.26703,0.01288,0.06735,0.01033,0.00265,0.49122,0.01220,0.01912,0.02423,0.00051,0.00574,0.00054,0.31860,0.01063,0.08060,0.01125,0.00306,0.52544,0.01251,0.00689,-54.03,5.895,-1,0.0000,-1.00,0.0000,0
217431,1790795647392,0.09463,0.00281,0.09197,0.00303,0.27187,0.02541,0.00525,0.04739,0.00610,0.43048,0.01414,0.00692,0.10259,0.00205,0.02067,0.00067,0.32431,0.01011,0.00458,0.05400,0.00708,0.45163,0.01494,0.00738,-54.26,5.166,-1,0.0000,-1.00,0.0000,0
217524,1790795647491,0.06560,0.00107,0.15985,0.00227,0.17752,0.01421,0.00303,0.08948,0.00129,0.47412,0.00828,0.00327,0.06079,0.00101,0.08723,0.00097,0.21143,0.00562,0.00343,0.08993,0.00136,0.52619,0.00881,0.00323,-54.37,5.689,-1,0.0000,-1.00,0.0000,0
217617,1790795647591,0.06733,0.01454,0.08906,0.06414,0.16430,0.02980,0.00833,0.02490,0.08958,0.42416,0.01928,0.00457,0.07319,0.00073,0.01366,0.07310,0.19607,0.02122,0.00782,0.02914,0.09285,0.46938,0.01890,0.00393,-55.29,5.090,-1,0.0000,-1.00,0.0000,0
217710,1790795647671,0.16832,0.00535,0.04699,0.01948,0.01288,0.05967,0.00277,0.55119,0.02636,0.06554,0.02870,0.01275,0.07238,0.00092,0.04120,0.01877,0.01253,0.05714,0.00313,0.65229,0.02772,0.07620,0.02306,0.01465,-57.00,6.614,-1,0.0000,-1.00,0.0000,0
217803,1790795647772,0.20188,0.00620,0.06168,0.02009,0.01704,0.05128,0.03303,0.47661,0.00919,0.06846,0.02514,0.02939,0.13096,0.00601,0.05824,0.01950,0.01494,0.03549,0.03831,0.55964,0.00714,0.07907,0.02309,0.02763,-57.01,5.719,-1,0.0000,-1.00,0.0000,0
217896,1790795647872,0.07629,0.00371,0.41136,0.00907,0.00676,0.02981,0.04431,0.31211,0.00671,0.03203,0.04238,0.02547,0.03634,0.00292,0.48546,0.00192,0.00411,0.02851,0.05242,0.27785,0.00766,0.03756,0.04513,0.02013,-55.41,4.936,-1,0.0000,-1.00,0.0000,0
217988,1790795647952,0.06019,0.00685,0.32809,0.08378,0.00679,0.01353,0.01286,0.32755,0.03582,0.02181,0.09203,0.01070,0.00663,0.00582,0.38812,0.07911,0.00616,0.01490,0.01426,0.31555,0.02688,0.02527,0.10732,0.00999,-55.25,3.937,-1,0.0000,-1.00,0.0000,0
218081,1790795648051,0.02818,0.07253,0.22919,0.12901,0.01826,0.00989,0.02345,0.14971,0.26164,0.02681,0.04308,0.00825,0.00878,0.03053,0.26898,0.14475,0.02078,0.01011,0.02205,0.12607,0.28438,0.02844,0.04961,0.00551,-55.64,3.140,-1,0.0000,-1.00,0.0000,0
218174,1790795648132,0.07564,0.10823,0.17917,0.02717,0.02932,0.02479,0.17464,0.13827,0.02658,0.13496,0.03532,0.04591,0.06545,0.12434,0.18387,0.02483,0.03156,0.01673,0.18461,0.12923,0.02693,0.15546,0.03900,0.01799,-57.26,2.150,-1,0.0000,-1.00,0.0000,0
218267,1790795648235,0.06984,0.01677,0.14154,0.05937,0.01072,0.06196,0.01954,0.22429,0.06386,0.24583,0.07346,0.01283,0.03396,0.00797,0.11162,0.05634,0.01064,0.06752,0.02183,0.24662,0.06536,0.29246,0.07464,0.01104,-61.14,2.950,-1,0.0000,-1.00,0.0000,0
218360,1790795648308,0.12291,0.01124,0.07281,0.02655,0.00775,0.06737,0.07383,0.34094,0.02400,0.10443,0.12289,0.02528,0.06855,0.00817,0.06270,0.00526,0.00669,0.06714,0.08685,0.39610,0.02770,0.12382,0.13394,0.01308,-61.54,4.091,-1,0.0000,-1.00,0.0000,0
218453,1790795648412,0.11648,0.00877,0.04246,0.02453,0.00669,0.03327,0.00791,0.52131,0.03114,0.07442,0.12478,0.00824,0.01705,0.00315,0.03345,0.00119,0.00640,0.03649,0.00885,0.61803,0.03708,0.08790,0.14229,0.00812,-61.00,6.256,-1,0.0000,-1.00,0.0000,0
218546,1790795648512,0.07229,0.02353,0.08965,0.01766,0.01550,0.08299,0.04103,0.27224,0.07325,0.20227,0.09279,0.01681,0.02426,0.01091,0.06002,0.00283,0.01641,0.09463,0.04675,0.31457,0.08720,0.23912,0.09242,0.01088,-61.71,3.267,-1,0.0000,-1.00,0.0000,0
218639,1790795648589,0.05357,0.06426,0.06236,0.01969,0.00669,0.12436,0.21463,0.14452,0.02661,0.11620,0.11599,0.05113,0.03172,0.07074,0.04733,0.00165,0.00542,0.14272,0.24315,0.16378,0.03156,0.13816,0.11069,0.01306,-62.51,2.576,-1,0.0000,-1.00,0.0000,0
218731,1790795648692,0.10436,0.02838,0.09603,0.01814,0.01643,0.10497,0.19258,0.19155,0.04233,0.05268,0.09800,0.05455,0.08360,0.02406,0.10317,0.00276,0.01556,0.10926,0.22599,0.20907,0.05018,0.06004,0.09576,0.02056,-62.07,2.311,-1,0.0000,-1.00,0.0000,0
218824,1790795648789,0.09483,0.01270,0.08945,0.02983,0.02222,0.04504,0.05682,0.30760,0.03684,0.10964,0.14731,0.04772,0.04220,0.00818,0.08185,0.00254,0.01791,0.04560,0.06640,0.35241,0.04364,0.12783,0.16747,0.04396,-61.53,3.691,-1,0.0000,-1.00,0.0000,0
218917,1790795648892,0.09633,0.00348,0.14908,0.03494,0.01627,0.06071,0.01487,0.37769,0.01295,0.05514,0.13714,0.04141,0.03232,0.00156,0.16595,0.01190,0.01036,0.06633,0.01751,0.41966,0.01316,0.06401,0.15118,0.04606,-60.87,4.532,-1,0.0000,-1.00,0.0000,0
219010,1790795648972,0.12703,0.02814,0.15030,0.01469,0.00697,0.03886,0.01653,0.47940,0.00434,0.03816,0.07355,0.02203,0.04503,0.03280,0.17115,0.00161,0.00364,0.03764,0.01330,0.54051,0.00479,0.04509,0.08067,0.02376,-59.17,5.753,-1,0.0000,-1.00,0.0000,0
219103,1790795649071,0.14043,0.03062,0.10818,0.01970,0.00661,0.03445,0.01579,0.48647,0.00662,0.04633,0.08743,0.01737,0.05743,0.03549,0.11879,0.00401,0.00432,0.02990,0.01189,0.55935,0.00714,0.05466,0.09884,0.01820,-58.53,5.838,-1,0.0000,-1.00,0.0000,0
219196,1790795649171,0.12543,0.00870,0.13072,0.01449,0.01034,0.02736,0.01866,0.50394,0.01140,0.06365,0.06331,0.02199,0.03616,0.00785,0.14183,0.00333,0.00798,0.02562,0.02076,0.57576,0.01300,0.07468,0.07079,0.02224,-58.99,6.047,-1,0.0000,-1.00,0.0000,0
219289,1790795649252,0.06263,0.00257,0.04728,0.02136,0.03128,0.28341,0.15301,0.09002,0.00481,0.02459,0.12079,0.15826,0.05499,0.00232,0.05107,0.00983,0.00677,0.32887,0.17948,0.10114,0.00382,0.02812,0.07954,0.15405,-54.61,3.401,-1,0.0000,-1.00,0.0000,0
219382,1790795649351,0.00379,0.00001,0.01896,0.05779,0.00245,0.49811,0.00102,0.01534,0.00007,0.00179,0.39002,0.01064,0.00178,0.00000,0.02232,0.00005,0.00044,0.59652,0.00123,0.01396,0.00007,0.00206,0.34908,0.01250,-51.96,5.977,-1,0.0000,-1.00,0.0000,0
219475,1790795649431,0.00148,0.00015,0.01413,0.09000,0.01214,0.29628,0.00097,0.00955,0.00023,0.00146,0.51271,0.06091,0.00016,0.00013,0.01660,0.00000,0.00013,0.35498,0.00114,0.00815,0.00028,0.00172,0.54398,0.07276,-52.39,6.153,-1,0.0000,-1.00,0.0000,0
219567,1790795649532,0.19432,0.00028,0.01789,0.07562,0.01581,0.10227,0.00306,0.11662,0.00076,0.00279,0.39370,0.07689,0.20591,0.00020,0.02081,0.00031,0.00083,0.08173,0.00363,0.13561,0.00085,0.00317,0.45554,0.09141,-53.90,4.724,-1,0.0000,-1.00,0.0000,0
219660,1790795649612,0.57908,0.00059,0.01344,0.00312,0.00249,0.10848,0.00163,0.26030,0.00032,0.00312,0.01590,0.01152,0.63265,0.00064,0.01538,0.00014,0.00032,0.00457,0.00182,0.30886,0.00036,0.00368,0.01814,0.01345,-56.10,6.949,-1,0.0000,-1.00,0.0000,0
219753,1790795649712,0.17742,0.03427,0.07783,0.04945,0.01061,0.06409,0.02041,0.23676,0.01327,0.03247,0.24495,0.03846,0.15972,0.03803,0.08571,0.00284,0.00425,0.04514,0.01690,0.26672,0.01531,0.03809,0.28456,0.04274,-57.65,2.939,-1,0.0000,-1.00,0.0000,0
219846,1790795649812,0.05292,0.01026,0.03250,0.12080,0.00975,0.03753,0.00810,0.05960,0.00725,0.01191,0.60371,0.04566,0.05057,0.01078,0.03616,0.00272,0.00114,0.03495,0.00757,0.06424,0.00815,0.01405,0.71646,0.05322,-57.95,7.245,-1,0.0000,-1.00,0.0000,0
219939,1790795649891,0.09370,0.00190,0.10063,0.07325,0.01342,0.06280,0.00841,0.18874,0.00286,0.01588,0.37443,0.06398,0.07201,0.00167,0.11686,0.00123,0.00126,0.06097,0.00975,0.20299,0.00319,0.01878,0.43658,0.07473,-60.69,4.493,-1,0.0000,-1.00,0.0000,0
220032,1790795649992,0.06906,0.00767,0.15698,0.05775,0.02964,0.04053,0.05879,0.24018,0.01929,0.04917,0.21648,0.05445,0.03255,0.00549,0.17741,0.01944,0.02531,0.04212,0.06936,0.25263,0.01926,0.05390,0.25105,0.05149,-61.02,2.882,-1,0.0000,-1.00,0.0000,0
220125,1790795650092,0.01840,0.06830,0.10240,0.08696,0.02193,0.01558,0.01674,0.05645,0.34613,0.15643,0.08035,0.03032,0.01203,0.00299,0.08632,0.08576,0.01984,0.01628,0.01947,0.05053,0.39774,0.18350,0.09305,0.03247,-56.53,4.154,-1,0.0000,-1.00,0.0000,0
220218,1790795650192,0.00863,0.00661,0.12668,0.00655,0.19995,0.00340,0.00353,0.03322,0.03386,0.55538,0.01695,0.00523,0.00355,0.00022,0.02910,0.00395,0.23851,0.00338,0.00406,0.03417,0.03904,0.61895,0.01964,0.00546,-54.70,6.665,-1,0.0000,-1.00,0.0000,0
220310,1790795650271,0.00445,0.00113,0.11577,0.00246,0.29779,0.00314,0.00209,0.01873,0.00202,0.53747,0.01043,0.00451,0.00188,0.00093,0.02503,0.00060,0.35585,0.00339,0.00231,0.01749,0.00228,0.57349,0.01183,0.00491,-53.58,6.450,-1,0.0000,-1.00,0.0000,0
220403,1790795650372,0.01188,0.02770,0.10746,0.11461,0.14362,0.00280,0.00510,0.04488,0.15820,0.36949,0.00739,0.00686,0.00490,0.00148,0.04768,0.13568,0.17048,0.00259,0.00566,0.04449,0.16261,0.40899,0.00834,0.00710,-52.64,4.434,-1,0.0000,-1.00,0.0000,0
220496,1790795650471,0.02226,0.03048,0.13782,0.20347,0.06461,0.00639,0.00678,0.12018,0.18763,0.20787,0.00482,0.00769,0.00276,0.00150,0.11875,0.24294,0.07590,0.00711,0.00768,0.12061,0.17666,0.23403,0.00436,0.00770,-51.28,2.494,-1,0.0000,-1.00,0.0000,0
220589,1790795650551,0.00241,0.00150,0.12473,0.00935,0.21497,0.00376,0.00138,0.01165,0.00595,0.61929,0.00393,0.00107,0.00061,0.00080,0.01246,0.01044,0.25739,0.00439,0.00150,0.01149,0.00505,0.69104,0.00384,0.00099,-51.80,7.431,-1,0.0000,-1.00,0.0000,0
220682,1790795650652,0.02446,0.02242,0.15106,0.05826,0.05189,0.06758,0.00556,0.12492,0.11197,0.23694,0.11996,0.02496,0.00486,0.00240,0.12657,0.04446,0.05654,0.08002,0.00607,0.12471,0.12344,0.27462,0.12788,0.02844,-55.90,2.843,-1,0.0000,-1.00,0.0000,0
220775,1790795650749,0.07603,0.00579,0.20995,0.00961,0.03790,0.04465,0.01118,0.35431,0.07369,0.13054,0.02106,0.02529,0.00432,0.00124,0.22213,0.00858,0.03992,0.05268,0.01315,0.38052,0.08660,0.14850,0.01479,0.02758,-59.16,4.252,-1,0.0000,-1.00,0.0000,0
220868,1790795650834,0.05863,0.00754,0.20740,0.02387,0.18551,0.01714,0.01396,0.31563,0.02344,0.08849,0.02068,0.03772,0.00457,0.00443,0.23590,0.02446,0.21395,0.01963,0.01561,0.33168,0.02323,0.06361,0.02089,0.04204,-59.95,3.788,-1,0.0000,-1.00,0.0000,0
220961,1790795650911,0.02314,0.00493,0.08387,0.12583,0.26083,0.00862,0.00445,0.10886,0.03589,0.16207,0.07368,0.10784,0.00531,0.00264,0.07328,0.13365,0.28706,0.00943,0.00480,0.11591,0.01650,0.13729,0.08642,0.12770,-59.27,3.130,-1,0.0000,-1.00,0.0000,0
221053,1790795651012,0.01710,0.01140,0.11269,0.12268,0.22748,0.01472,0.02027,0.07338,0.05152,0.15215,0.06227,0.13433,0.00640,0.00727,0.10830,0.13285,0.24150,0.01637,0.02101,0.06829,0.03500,0.13484,0.07137,0.15680,-56.78,2.730,-1,0.0000,-1.00,0.0000,0
221146,1790795651112,0.01921,0.00804,0.05655,0.06422,0.07505,0.00202,0.05480,0.10236,0.00405,0.02668,0.31032,0.27670,0.00396,0.00881,0.06249,0.00330,0.02727,0.00164,0.06351,0.11067,0.00419,0.02656,0.37152,0.31608,-53.46,3.724,-1,0.0000,-1.00,0.0000,0
221239,1790795651193,0.03161,0.00062,0.11686,0.00239,0.12061,0.00032,0.00158,0.18176,0.00139,0.01106,0.00761,0.52418,0.00014,0.00045,0.13818,0.00107,0.02008,0.00036,0.00180,0.19040,0.00145,0.00928,0.00905,0.62773,-51.94,6.290,-1,0.0000,-1.00,0.0000,0
221332,1790795651293,0.02989,0.00032,0.14938,0.00071,0.10891,0.00019,0.00090,0.17982,0.00068,0.00476,0.00176,0.52269,0.00009,0.00025,0.17811,0.00044,0.00638,0.00021,0.00103,0.18015,0.00073,0.00444,0.00206,0.62610,-51.42,6.272,-1,0.0000,-1.00,0.0000,0
221425,1790795651392,0.02981,0.00172,0.12154,0.00148,0.11402,0.00075,0.00149,0.17394,0.00747,0.00688,0.00407,0.53683,0.00007,0.00032,0.14436,0.00084,0.00916,0.00089,0.00172,0.17981,0.00879,0.00642,0.00470,0.64291,-51.86,6.442,-1,0.0000,-1.00,0.0000,0
221518,1790795651492,0.00784,0.04800,0.08709,0.05155,0.08505,0.00051,0.00192,0.02278,0.27473,0.33120,0.00417,0.08515,0.00039,0.00019,0.02806,0.06080,0.08176,0.00054,0.00226,0.02174,0.31291,0.38487,0.00489,0.10158,-52.97,3.974,-1,0.0000,-1.00,0.0000,0
221611,1790795651571,0.00094,0.00042,0.14253,0.00086,0.11390,0.00018,0.00054,0.00494,0.00192,0.71836,0.00185,0.01357,0.00012,0.00011,0.00538,0.00059,0.13328,0.00019,0.00062,0.00486,0.00216,0.83437,0.00217,0.01614,-53.32,8.620,-1,0.0000,-1.00,0.0000,0
221704,1790795651673,0.00106,0.00024,0.14698,0.00040,0.08521,0.00005,0.00060,0.00574,0.00096,0.74751,0.00113,0.01011,0.00000,0.00007,0.00248,0.00022,0.09973,0.00006,0.00071,0.00639,0.00110,0.87593,0.00134,0.01197,-53.62,8.970,-1,0.0000,-1.00,0.0000,0
221797,1790795651774,0.00082,0.00035,0.14436,0.00035,0.09488,0.00007,0.00062,0.00459,0.00145,0.73430,0.00109,0.01712,0.00000,0.00008,0.00286,0.00017,0.10965,0.00008,0.00072,0.00494,0.00170,0.85813,0.00129,0.02037,-54.07,8.812,-1,0.0000,-1.00,0.0000,0
221889,1790795651851,0.00040,0.00011,0.14513,0.00008,0.09827,0.00000,0.00013,0.00219,0.00061,0.74551,0.00042,0.00716,0.00000,0.00000,0.00137,0.00000,0.11605,0.00000,0.00015,0.00235,0.00073,0.87029,0.00050,0.00854,-54.40,8.946,-1,0.0000,-1.00,0.0000,0
221982,1790795651951,0.00032,0.00015,0.15394,0.00023,0.05518,0.00000,0.00016,0.00193,0.00081,0.77728,0.00114,0.00887,0.00000,0.00000,0.00234,0.00000,0.06402,0.00000,0.00019,0.00185,0.00097,0.91868,0.00137,0.01059,-54.29,9.327,-1,0.0000,-1.00,0.0000,0
222075,1790795652031,0.00044,0.00038,0.15172,0.00039,0.06592,0.00009,0.00030,0.00249,0.00088,0.77081,0.00112,0.00548,0.00000,0.00025,0.00175,0.00020,0.07770,0.00010,0.00030,0.00266,0.00101,0.90821,0.00132,0.00650,-53.67,9.250,-1,0.0000,-1.00,0.0000,0
222168,1790795652132,0.00053,0.00035,0.14778,0.00041,0.08513,0.00004,0.00004,0.00183,0.00078,0.75892,0.00069,0.00350,0.00023,0.00025,0.00078,0.00033,0.10118,0.00000,0.00000,0.00204,0.00087,0.88932,0.00082,0.00419,-52.66,9.107,-1,0.0000,-1.00,0.0000,0
222261,1790795652211,0.00018,0.00019,0.14803,0.00018,0.08816,0.00000,0.00002,0.00114,0.00050,0.75876,0.00039,0.00244,0.00000,0.00012,0.00127,0.00013,0.10505,0.00000,0.00000,0.00111,0.00058,0.88836,0.00046,0.00293,-52.18,9.105,-1,0.0000,-1.00,0.0000,0
222354,1790795652313,0.00017,0.00013,0.14871,0.00018,0.08385,0.00000,0.00001,0.00105,0.00036,0.76202,0.00090,0.00262,0.00000,0.00007,0.00110,0.00000,0.09985,0.00000,0.00000,0.00104,0.00043,0.89329,0.00108,0.00314,-52.27,9.144,-1,0.0000,-1.00,0.0000,0
222447,1790795652412,0.00030,0.00008,0.14789,0.00027,0.08767,0.00000,0.00015,0.00170,0.00043,0.75917,0.00024,0.00210,0.00000,0.00000,0.00099,0.00026,0.10456,0.00000,0.00017,0.00184,0.00046,0.88893,0.00029,0.00249,-53.41,9.110,-1,0.0000,-1.00,0.0000,0
222540,1790795652494,0.00060,0.00027,0.14596,0.00013,0.10744,0.00027,0.00058,0.00314,0.00061,0.73639,0.00020,0.00442,0.00017,0.00018,0.00500,0.00012,0.12771,0.00029,0.00065,0.00277,0.00071,0.85706,0.00018,0.00516,-54.69,8.837,-1,0.0000,-1.00,0.0000,0
222632,1790795652610,0.00059,0.00702,0.13489,0.02292,0.13321,0.00045,0.00093,0.00387,0.03920,0.65300,0.00068,0.00323,0.00031,0.00017,0.01276,0.02733,0.15889,0.00048,0.00108,0.00211,0.04155,0.75096,0.00072,0.00364,-54.26,7.836,-1,0.0000,-1.00,0.0000,0
222725,1790795652690,0.00065,0.03795,0.09190,0.08871,0.11139,0.00060,0.00052,0.00389,0.20799,0.44536,0.00866,0.00238,0.00025,0.00017,0.00956,0.10426,0.13293,0.00067,0.00058,0.00277,0.22854,0.50730,0.01024,0.00272,-54.09,5.344,-1,0.0000,-1.00,0.0000,0
222818,1790795652788,0.00047,0.00244,0.03168,0.10441,0.10636,0.08851,0.00041,0.00222,0.01383,0.15823,0.48876,0.00270,0.00023,0.00038,0.00513,0.01318,0.12680,0.10602,0.00041,0.00164,0.01282,0.16560,0.56463,0.00316,-54.09,5.865,-1,0.0000,-1.00,0.0000,0
222911,1790795652870,0.00039,0.06086,0.04088,0.23049,0.06710,0.00597,0.00037,0.00245,0.35122,0.19344,0.03953,0.00731,0.00008,0.00000,0.00612,0.26708,0.07867,0.00714,0.00028,0.00189,0.36790,0.21619,0.04596,0.00870,-54.11,4.215,-1,0.0000,-1.00,0.0000,0
223004,1790795652971,0.00083,0.00434,0.04476,0.09525,0.04547,0.08331,0.00073,0.00174,0.01389,0.21202,0.48719,0.01048,0.00079,0.00199,0.00532,0.00232,0.05201,0.09967,0.00047,0.00104,0.01618,0.24374,0.56401,0.01247,-54.17,5.846,-1,0.0000,-1.00,0.0000,0
223097,1790795653072,0.00119,0.06725,0.06099,0.14207,0.06578,0.00386,0.00330,0.00553,0.28948,0.31559,0.03494,0.01002,0.00015,0.01819,0.00112,0.16211,0.07645,0.00460,0.00035,0.00641,0.31473,0.36300,0.04096,0.01193,-53.65,3.787,-1,0.0000,-1.00,0.0000,0
223190,1790795653152,0.00146,0.01014,0.04718,0.08557,0.07479,0.07403,0.00148,0.00722,0.01937,0.24897,0.42571,0.00408,0.00005,0.00803,0.00060,0.00489,0.08864,0.08871,0.00018,0.00854,0.02082,0.28217,0.49252,0.00485,-53.76,5.109,-1,0.0000,-1.00,0.0000,0
223283,1790795653252,0.00199,0.06399,0.04888,0.19878,0.03385,0.00441,0.00120,0.00939,0.33426,0.24987,0.05040,0.00299,0.00018,0.00617,0.00078,0.22642,0.03985,0.00525,0.00021,0.01111,0.35564,0.29150,0.05935,0.00354,-53.54,4.011,-1,0.0000,-1.00,0.0000,0
223375,1790795653331,0.00089,0.00861,0.05224,0.07322,0.05579,0.13751,0.00059,0.00230,0.03669,0.27128,0.35644,0.00445,0.00053,0.00239,0.00032,0.00954,0.06580,0.16466,0.00024,0.00269,0.03994,0.31415,0.39445,0.00529,-53.57,4.277,-1,0.0000,-1.00,0.0000,0
223468,1790795653432,0.00084,0.04655,0.03768,0.18869,0.14517,0.05779,0.00263,0.00342,0.23842,0.20974,0.06459,0.00447,0.00027,0.00753,0.00212,0.21348,0.17294,0.06920,0.00163,0.00371,0.24336,0.21704,0.06368,0.00504,-54.31,2.861,-1,0.0000,-1.00,0.0000,0
223561,1790795653512,0.00345,0.06487,0.01714,0.06999,0.19564,0.26357,0.01327,0.01070,0.02778,0.09458,0.22529,0.01372,0.00202,0.07285,0.00716,0.04274,0.23126,0.31542,0.00146,0.01140,0.02481,0.06749,0.20743,0.01596,-56.19,3.163,-1,0.0000,-1.00,0.0000,0
223654,1790795653612,0.01733,0.27167,0.04772,0.05317,0.05305,0.03917,0.06809,0.04637,0.03576,0.10769,0.20090,0.05908,0.00991,0.31869,0.03347,0.01778,0.04967,0.04551,0.01704,0.05031,0.03893,0.11957,0.23170,0.06742,-60.83,3.260,-1,0.0000,-1.00,0.0000,0
223747,1790795653710,0.00415,0.06812,0.46737,0.02877,0.03572,0.01262,0.01619,0.10628,0.02974,0.06570,0.13281,0.03251,0.00112,0.07475,0.54580,0.00351,0.03521,0.01495,0.00458,0.01916,0.03494,0.07175,0.15618,0.03805,-62.87,5.608,-1,0.0000,-1.00,0.0000,0
223840,1790795653791,0.00424,0.04546,0.44182,0.03894,0.01732,0.02224,0.01306,0.09849,0.02177,0.10793,0.16001,0.02873,0.00108,0.05021,0.50425,0.00970,0.01408,0.02652,0.00569,0.01805,0.02377,0.12692,0.18647,0.03327,-63.27,5.302,-1,0.0000,-1.00,0.0000,0
223933,1790795653912,0.00909,0.07121,0.44615,0.01577,0.02965,0.01753,0.01680,0.11015,0.02710,0.15261,0.06893,0.03501,0.00440,0.07902,0.49941,0.00331,0.02740,0.02013,0.00445,0.03300,0.03181,0.17744,0.07860,0.04103,-63.45,5.354,-1,0.0000,-1.00,0.0000,0
224026,1790795653992,0.01005,0.27095,0.04737,0.20978,0.09820,0.01969,0.06206,0.04931,0.07272,0.07793,0.04269,0.03927,0.00076,0.31696,0.04251,0.24215,0.10856,0.02344,0.00555,0.05664,0.03913,0.07186,0.04650,0.04595,-63.59,3.251,-1,0.0000,-1.00,0.0000,0
224119,1790795654092,0.00744,0.34914,0.01837,0.01445,0.24764,0.02860,0.07184,0.03428,0.03568,0.08570,0.05623,0.05063,0.00106,0.41030,0.01286,0.00529,0.28489,0.03406,0.00474,0.03853,0.04170,0.04621,0.06063,0.05973,-64.16,4.190,-1,0.0000,-1.00,0.0000,0
224211,1790795654172,0.02347,0.29158,0.01676,0.00789,0.26644,0.01838,0.06039,0.10368,0.03574,0.09906,0.03049,0.04611,0.00371,0.34102,0.00867,0.00305,0.30825,0.02151,0.00417,0.12310,0.04223,0.05759,0.03227,0.05443,-64.58,3.499,-1,0.0000,-1.00,0.0000,0
224304,1790795654272,0.04021,0.19532,0.01806,0.01129,0.26598,0.01695,0.04789,0.19099,0.04091,0.08442,0.04300,0.04498,0.00342,0.22458,0.01371,0.00408,0.30856,0.01963,0.01286,0.22613,0.04821,0.03999,0.04764,0.05119,-65.05,3.192,-1,0.0000,-1.00,0.0000,0
224397,1790795654372,0.01835,0.14216,0.02625,0.10767,0.26725,0.02492,0.04084,0.08007,0.04515,0.12121,0.02788,0.09824,0.00335,0.16464,0.01435,0.12354,0.29741,0.02932,0.01620,0.09320,0.02961,0.08628,0.02760,0.11450,-64.78,3.207,-1,0.0000,-1.00,0.0000,0
224490,1790795654451,0.00920,0.15541,0.01966,0.00631,0.45300,0.00730,0.03489,0.03476,0.04131,0.13571,0.02281,0.07964,0.00312,0.17650,0.01192,0.00246,0.52412,0.00813,0.00618,0.03992,0.04902,0.05871,0.02573,0.09421,-63.49,5.436,-1,0.0000,-1.00,0.0000,0
224583,1790795654551,0.01329,0.17232,0.02852,0.00811,0.36335,0.01563,0.04037,0.04557,0.03121,0.11801,0.02626,0.13734,0.00580,0.19928,0.02199,0.00418,0.40308,0.01758,0.00832,0.05080,0.03657,0.06149,0.02798,0.16292,-62.71,4.360,-1,0.0000,-1.00,0.0000,0
224676,1790795654632,0.02873,0.20912,0.01830,0.01054,0.38337,0.04235,0.04743,0.02732,0.01978,0.11937,0.03003,0.06366,0.02832,0.24617,0.01096,0.00736,0.44243,0.04726,0.00779,0.03080,0.02222,0.05535,0.02661,0.07474,-61.56,4.600,-1,0.0000,-1.00,0.0000,0
224769,1790795654743,0.04972,0.08466,0.01257,0.00704,0.32761,0.07541,0.02491,0.02784,0.04766,0.07748,0.03323,0.23188,0.05356,0.09026,0.00993,0.00368,0.33799,0.07975,0.01188,0.03146,0.05638,0.02584,0.02400,0.27527,-59.68,3.931,-1,0.0000,-1.00,0.0000,0
224862,1790795654819,0.06074,0.06771,0.15772,0.05397,0.06927,0.05192,0.15570,0.17659,0.03541,0.03637,0.06801,0.06660,0.03801,0.07471,0.18325,0.05066,0.07392,0.05468,0.17158,0.17544,0.03239,0.02892,0.07065,0.04579,-56.85,2.119,-1,0.0000,-1.00,0.0000,0
224954,1790795654913,0.00732,0.02017,0.06746,0.55002,0.00626,0.00580,0.05769,0.02143,0.19615,0.04676,0.00646,0.01448,0.00557,0.00426,0.06999,0.65775,0.00675,0.00585,0.06821,0.01187,0.10465,0.05469,0.00658,0.00383,-54.43,6.600,-1,0.0000,-1.00,0.0000,0
225047,1790795655011,0.00282,0.00897,0.05187,0.64633,0.01571,0.00129,0.01307,0.00914,0.17548,0.07042,0.00164,0.00327,0.00125,0.00126,0.04616,0.77411,0.01865,0.00130,0.01541,0.00180,0.05681,0.08068,0.00171,0.00087,-53.28,7.756,-1,0.0000,-1.00,0.0000,0
225140,1790795655091,0.00077,0.00162,0.03488,0.17061,0.56056,0.00117,0.00591,0.00557,0.05041,0.16577,0.00100,0.00172,0.00070,0.00046,0.02635,0.20425,0.67156,0.00127,0.00699,0.00145,0.00750,0.07792,0.00095,0.00061,-52.68,6.727,-1,0.0000,-1.00,0.0000,0
225233,1790795655212,0.02076,0.01563,0.28366,0.25692,0.05862,0.01316,0.00343,0.13622,0.12602,0.07079,0.01263,0.00215,0.00544,0.00079,0.32583,0.30543,0.06991,0.01470,0.00395,0.09863,0.09045,0.07097,0.01222,0.00169,-53.48,3.404,-1,0.0000,-1.00,0.0000,0
225326,1790795655292,0.01041,0.01544,0.13914,0.16029,0.08563,0.04160,0.00398,0.02596,0.09300,0.25504,0.16510,0.00442,0.01003,0.00308,0.11013,0.15473,0.10171,0.04786,0.00411,0.00932,0.08077,0.28544,0.18834,0.00448,-55.40,3.061,-1,0.0000,-1.00,0.0000,0
225419,1790795655391,0.01507,0.02621,0.22120,0.06202,0.02502,0.03705,0.00428,0.04345,0.13512,0.39269,0.02484,0.01305,0.01120,0.00540,0.17283,0.07008,0.02667,0.04255,0.00404,0.01782,0.14802,0.46524,0.02133,0.01483,-56.86,4.712,-1,0.0000,-1.00,0.0000,0
225512,1790795655472,0.02366,0.02069,0.25485,0.09182,0.05857,0.02654,0.03656,0.07537,0.06997,0.21708,0.08981,0.03509,0.02051,0.01169,0.25628,0.08980,0.06302,0.02819,0.04149,0.03950,0.06604,0.24762,0.10203,0.03382,-57.85,3.058,-1,0.0000,-1.00,0.0000,0
225605,1790795655572,0.03694,0.02250,0.11695,0.05557,0.13375,0.04728,0.10869,0.02985,0.05194,0.26436,0.07861,0.05355,0.04015,0.01743,0.08318,0.04983,0.15260,0.04870,0.12112,0.02494,0.05160,0.28727,0.08454,0.03864,-57.46,3.172,-1,0.0000,-1.00,0.0000,0
225697,1790795655672,0.01621,0.00351,0.05978,0.01867,0.49378,0.06882,0.04002,0.01252,0.00830,0.23807,0.01774,0.02257,0.01787,0.00315,0.03815,0.02129,0.58737,0.07971,0.04727,0.00750,0.00569,0.16886,0.00546,0.01767,-54.64,5.925,-1,0.0000,-1.00,0.0000,0
225790,1790795655752,0.00645,0.00203,0.07315,0.00448,0.60318,0.02364,0.00527,0.01452,0.00552,0.24930,0.00752,0.00494,0.00648,0.00148,0.05661,0.00468,0.72083,0.02802,0.00601,0.00619,0.00490,0.15661,0.00345,0.00473,-53.06,7.238,-1,0.0000,-1.00,0.0000,0
225883,1790795655855,0.00099,0.00075,0.03632,0.00133,0.66764,0.00326,0.00240,0.00216,0.00195,0.27977,0.00173,0.00170,0.00102,0.00049,0.00849,0.00133,0.79970,0.00370,0.00278,0.00091,0.00207,0.17670,0.00134,0.00147,-53.06,8.012,-1,0.0000,-1.00,0.0000,0
225976,1790795655931,0.00055,0.00028,0.01287,0.00178,0.76745,0.00217,0.00058,0.00043,0.00124,0.21054,0.00128,0.00084,0.00062,0.00012,0.00154,0.00193,0.91941,0.00248,0.00067,0.00022,0.00110,0.07001,0.00104,0.00087,-53.00,9.209,-1,0.0000,-1.00,0.0000,0
226069,1790795656031,0.00352,0.00251,0.02870,0.00546,0.65539,0.00360,0.00192,0.00282,0.00794,0.26969,0.01178,0.00667,0.00339,0.00147,0.00114,0.00388,0.78381,0.00364,0.00199,0.00317,0.00875,0.16777,0.01339,0.00760,-54.53,7.865,-1,0.0000,-1.00,0.0000,0
226162,1790795656111,0.00356,0.00501,0.11199,0.01330,0.18249,0.00494,0.00379,0.00287,0.01890,0.59393,0.05608,0.00313,0.00374,0.00162,0.00168,0.00281,0.21811,0.00517,0.00417,0.00317,0.02209,0.66843,0.06617,0.00282,-56.84,7.127,-1,0.0000,-1.00,0.0000,0
226255,1790795656211,0.01139,0.01096,0.08569,0.02985,0.19931,0.02086,0.01349,0.01695,0.05039,0.43591,0.10034,0.02486,0.00905,0.00271,0.00827,0.01286,0.23319,0.02356,0.01549,0.01881,0.05774,0.47620,0.11556,0.02658,-57.04,5.231,-1,0.0000,-1.00,0.0000,0
226348,1790795656312,0.00245,0.04841,0.08523,0.02275,0.12862,0.00530,0.00198,0.00584,0.23860,0.44673,0.00881,0.00529,0.00167,0.00233,0.00202,0.02541,0.15295,0.00602,0.00191,0.00660,0.28086,0.50497,0.00936,0.00591,-52.64,5.361,-1,0.0000,-1.00,0.0000,0
226440,1790795656392,0.00474,0.00529,0.09217,0.00880,0.31674,0.00696,0.00541,0.00460,0.02037,0.52436,0.00678,0.00377,0.00461,0.00186,0.00077,0.00924,0.37865,0.00764,0.00608,0.00540,0.02258,0.55324,0.00661,0.00332,-53.11,6.292,-1,0.0000,-1.00,0.0000,0
226533,1790795656510,0.01662,0.03556,0.07870,0.02997,0.18934,0.01818,0.01572,0.03571,0.14203,0.36207,0.05200,0.02412,0.01179,0.00983,0.01700,0.02432,0.22175,0.01945,0.01532,0.04099,0.16531,0.38994,0.05845,0.02586,-56.40,4.345,-1,0.0000,-1.00,0.0000,0
226626,1790795656592,0.01238,0.04034,0.12537,0.01648,0.03669,0.00491,0.00604,0.00771,0.15930,0.57558,0.01155,0.00364,0.01359,0.01138,0.01500,0.01713,0.04328,0.00320,0.00495,0.00629,0.18646,0.68213,0.01321,0.00338,-55.30,6.907,-1,0.0000,-1.00,0.0000,0
226719,1790795656690,0.02369,0.02754,0.10014,0.02921,0.11629,0.01891,0.01191,0.08477,0.11747,0.39319,0.05019,0.02668,0.00909,0.00664,0.03128,0.02392,0.13301,0.02131,0.01131,0.09702,0.13328,0.44751,0.05591,0.02972,-57.56,4.718,-1,0.0000,-1.00,0.0000,0
226812,1790795656773,0.00928,0.01948,0.35820,0.03305,0.01892,0.01009,0.18691,0.07118,0.03707,0.16810,0.03585,0.05187,0.00880,0.01651,0.39002,0.03149,0.01888,0.01049,0.22069,0.00797,0.03818,0.19768,0.04088,0.01840,-58.30,4.298,-1,0.0000,-1.00,0.0000,0
226905,1790795656872,0.00342,0.00405,0.53866,0.00288,0.01356,0.00241,0.09942,0.10300,0.01409,0.17965,0.00802,0.03084,0.00333,0.00157,0.60330,0.00164,0.01359,0.00223,0.11879,0.00384,0.01654,0.21258,0.00917,0.01341,-57.47,6.464,-1,0.0000,-1.00,0.0000,0
226998,1790795656971,0.00516,0.00650,0.49609,0.00385,0.02754,0.00560,0.08726,0.09642,0.01556,0.22088,0.00781,0.02732,0.00461,0.00423,0.54316,0.00298,0.03059,0.00580,0.10371,0.00786,0.01805,0.25861,0.00821,0.01218,-56.22,5.953,2,0.9510,36.68,0.9510,1
227091,1790795657052,0.00955,0.01644,0.30523,0.00825,0.04743,0.00381,0.04616,0.05247,0.04792,0.43277,0.01020,0.01978,0.00935,0.00861,0.26508,0.00757,0.05424,0.00271,0.05338,0.01054,0.05591,0.50781,0.01168,0.01312,-57.05,5.193,-1,0.0000,-1.00,0.0000,0
227184,1790795657152,0.00918,0.02738,0.25987,0.00705,0.01840,0.00158,0.02559,0.07042,0.13546,0.42627,0.00622,0.01257,0.00251,0.00104,0.21085,0.00703,0.02026,0.00139,0.03046,0.04259,0.16053,0.50714,0.00718,0.00902,-55.23,5.115,-1,0.0000,-1.00,0.0000,0
227276,1790795657243,0.00945,0.01867,0.12022,0.00557,0.11241,0.00404,0.09098,0.02783,0.05085,0.51691,0.01034,0.03273,0.00411,0.01173,0.02641,0.00437,0.13104,0.00402,0.10412,0.03069,0.06006,0.59341,0.01159,0.01844,-55.14,6.203,-1,0.0000,-1.00,0.0000,0
227369,1790795657331,0.02671,0.01067,0.09404,0.00817,0.25944,0.01030,0.08610,0.04973,0.03350,0.36672,0.02302,0.03160,0.02069,0.00608,0.03757,0.00465,0.30734,0.00827,0.10197,0.05215,0.03880,0.37889,0.02594,0.01765,-58.45,4.401,-1,0.0000,-1.00,0.0000,0
227462,1790795657411,0.03018,0.01180,0.12942,0.01256,0.05477,0.00251,0.16343,0.15219,0.04018,0.28954,0.01880,0.09461,0.00347,0.00513,0.08818,0.01067,0.05076,0.00237,0.19481,0.16488,0.04545,0.33745,0.02206,0.07475,-56.13,3.475,-1,0.0000,-1.00,0.0000,0
227555,1790795657511,0.02685,0.02507,0.08224,0.04663,0.15711,0.03701,0.04126,0.06956,0.07482,0.38383,0.02651,0.02911,0.01623,0.01429,0.01457,0.05119,0.18317,0.04113,0.04660,0.08046,0.07950,0.42361,0.02361,0.02564,-55.50,4.606,-1,0.0000,-1.00,0.0000,0
227648,1790795657611,0.05021,0.01276,0.02194,0.05459,0.07105,0.24777,0.08424,0.00927,0.06394,0.10975,0.24941,0.02508,0.05761,0.00162,0.00312,0.01738,0.08313,0.28546,0.10055,0.01056,0.07128,0.11692,0.24226,0.01012,-56.08,2.993,-1,0.0000,-1.00,0.0000,0
227741,1790795657691,0.03126,0.02985,0.14071,0.04837,0.03181,0.07014,0.12325,0.13194,0.08749,0.08000,0.11624,0.10894,0.00859,0.01977,0.15021,0.03359,0.01788,0.08234,0.14353,0.12855,0.09772,0.09276,0.12296,0.10208,-56.67,1.688,-1,0.0000,-1.00,0.0000,0
227834,1790795657813,0.05167,0.00964,0.15148,0.03978,0.04398,0.04044,0.01122,0.28119,0.04909,0.07694,0.10757,0.13699,0.00123,0.00117,0.16404,0.02401,0.02061,0.04829,0.01322,0.30442,0.05406,0.08810,0.11932,0.16153,-58.05,3.374,-1,0.0000,-1.00,0.0000,0
227927,1790795657892,0.04718,0.04360,0.16129,0.05063,0.02209,0.00939,0.00540,0.25282,0.23447,0.08679,0.02427,0.06208,0.00096,0.00105,0.17311,0.05533,0.01197,0.01106,0.00626,0.26862,0.26994,0.10166,0.02689,0.07315,-57.04,3.034,-1,0.0000,-1.00,0.0000,0
228019,1790795657992,0.04665,0.02161,0.04334,0.08270,0.02645,0.07674,0.03859,0.14159,0.02942,0.05022,0.41285,0.02985,0.02392,0.01908,0.04100,0.00449,0.02550,0.08799,0.04245,0.16153,0.03437,0.05511,0.47725,0.02731,-57.01,4.954,-1,0.0000,-1.00,0.0000,0
228112,1790795658072,0.10774,0.02271,0.04176,0.02399,0.01604,0.31906,0.15808,0.01774,0.07391,0.09442,0.07219,0.05236,0.12600,0.01068,0.02815,0.02564,0.01414,0.35733,0.18715,0.01583,0.08341,0.11040,0.01566,0.02560,-59.01,3.829,-1,0.0000,-1.00,0.0000,0
228205,1790795658172,0.15636,0.01075,0.02825,0.00901,0.00539,0.45716,0.02285,0.03373,0.03708,0.11107,0.10071,0.02763,0.17964,0.00435,0.00750,0.00701,0.00094,0.51217,0.02652,0.03892,0.04304,0.13290,0.01914,0.02785,-60.30,5.486,-1,0.0000,-1.00,0.0000,0
228298,1790795658273,0.11680,0.01234,0.04155,0.01039,0.01873,0.37189,0.03974,0.06178,0.04032,0.14695,0.09746,0.04204,0.12618,0.00544,0.01544,0.00583,0.01435,0.42060,0.04640,0.07110,0.04716,0.17324,0.03341,0.04085,-59.08,4.463,-1,0.0000,-1.00,0.0000,0
228391,1790795658353,0.03434,0.01675,0.18233,0.00886,0.01788,0.06315,0.31901,0.03973,0.07517,0.12450,0.04160,0.07668,0.03924,0.00260,0.18958,0.00341,0.01811,0.06804,0.38174,0.01002,0.08918,0.14580,0.03636,0.01592,-57.97,3.828,-1,0.0000,-1.00,0.0000,0
228484,1790795658451,0.08094,0.01580,0.26142,0.01766,0.00690,0.05447,0.12812,0.07510,0.06379,0.21645,0.03833,0.04104,0.08944,0.00437,0.26196,0.01392,0.00452,0.04754,0.15265,0.03806,0.07343,0.25871,0.03651,0.01891,-58.19,3.137,-1,0.0000,-1.00,0.0000,0
228577,1790795658532,0.23694,0.00601,0.11763,0.01735,0.01670,0.09746,0.08789,0.24674,0.01314,0.06769,0.06055,0.03191,0.23019,0.00451,0.12544,0.00921,0.01652,0.07114,0.10421,0.27099,0.01356,0.07820,0.05845,0.01758,-56.87,2.961,-1,0.0000,-1.00,0.0000,0
228670,1790795658632,0.05521,0.04194,0.06168,0.04585,0.01645,0.03754,0.20812,0.13337,0.07899,0.09530,0.16033,0.06521,0.03811,0.03271,0.05177,0.01834,0.01370,0.03789,0.24196,0.15049,0.09078,0.11170,0.18461,0.02794,-56.15,2.497,-1,0.0000,-1.00,0.0000,0
228763,1790795658711,0.03506,0.00321,0.09269,0.08367,0.01209,0.10086,0.05386,0.02090,0.00803,0.09557,0.43613,0.05792,0.04041,0.00210,0.08848,0.00110,0.00325,0.11284,0.06412,0.00750,0.00936,0.11392,0.50022,0.05669,-55.97,5.234,-1,0.0000,-1.00,0.0000,0
228855,1790795658812,0.05840,0.00245,0.12178,0.08294,0.02907,0.03320,0.02617,0.02477,0.00886,0.16862,0.41622,0.02751,0.06774,0.00146,0.10703,0.00155,0.02952,0.02635,0.03107,0.00846,0.01030,0.19620,0.49351,0.02681,-56.13,4.995,-1,0.0000,-1.00,0.0000,0
228948,1790795658912,0.05516,0.00231,0.22579,0.04070,0.02878,0.02329,0.03501,0.04824,0.01037,0.31904,0.19662,0.01469,0.06231,0.00041,0.19604,0.00267,0.03263,0.01556,0.04175,0.01906,0.01190,0.37582,0.23252,0.00933,-56.48,3.828,-1,0.0000,-1.00,0.0000,0
229041,1790795659011,0.01512,0.00397,0.27256,0.02436,0.10545,0.03972,0.02855,0.06574,0.01509,0.29482,0.12576,0.00886,0.01278,0.00122,0.26149,0.00109,0.12559,0.04506,0.03397,0.02693,0.01783,0.32840,0.14175,0.00388,-55.74,3.538,-1,0.0000,-1.00,0.0000,0
229134,1790795659112,0.00604,0.00116,0.06582,0.10139,0.00292,0.22066,0.00851,0.01669,0.00201,0.01535,0.55265,0.00679,0.00618,0.00099,0.07532,0.00056,0.00228,0.26318,0.01000,0.00506,0.00230,0.01794,0.61003,0.00615,-53.37,6.632,-1,0.0000,-1.00,0.0000,0
229227,1790795659191,0.01097,0.00181,0.01200,0.04611,0.00961,0.52648,0.03188,0.00828,0.00282,0.01110,0.32782,0.01112,0.01166,0.00160,0.01211,0.00211,0.00975,0.62916,0.03788,0.00752,0.00288,0.01145,0.26809,0.00581,-53.43,6.318,-1,0.0000,-1.00,0.0000,0
229320,1790795659292,0.04027,0.00881,0.04719,0.08328,0.03170,0.09677,0.04569,0.02757,0.01184,0.08307,0.39827,0.12553,0.04253,0.00853,0.03716,0.00946,0.00898,0.10875,0.05200,0.02673,0.01232,0.09776,0.45567,0.14011,-56.50,4.779,-1,0.0000,-1.00,0.0000,0
229413,1790795659371,0.03555,0.00474,0.17900,0.05193,0.03968,0.08179,0.15873,0.04085,0.01672,0.08960,0.21305,0.08834,0.04021,0.00264,0.19454,0.01516,0.03402,0.09004,0.18967,0.01038,0.01703,0.10062,0.23743,0.06826,-55.83,2.557,-1,0.0000,-1.00,0.0000,0
229506,1790795659472,0.00893,0.00118,0.09636,0.03818,0.03869,0.43415,0.02810,0.02202,0.00321,0.04453,0.27174,0.01290,0.00962,0.00076,0.10664,0.00156,0.04462,0.51831,0.03352,0.00525,0.00354,0.04452,0.22287,0.00881,-54.34,5.210,-1,0.0000,-1.00,0.0000,0
229598,1790795659572,0.02870,0.02553,0.10592,0.05370,0.17266,0.08550,0.05042,0.08099,0.13057,0.10589,0.13597,0.02414,0.01788,0.00099,0.10975,0.03594,0.20315,0.09897,0.05221,0.08330,0.14932,0.08662,0.14330,0.01858,-56.49,2.072,-1,0.0000,-1.00,0.0000,0
229691,1790795659653,0.01223,0.00451,0.05683,0.09646,0.03179,0.13603,0.01450,0.02012,0.01841,0.08255,0.49861,0.02794,0.01145,0.00156,0.04974,0.00347,0.03192,0.16094,0.01706,0.01425,0.02138,0.09259,0.56555,0.03010,-60.75,5.983,-1,0.0000,-1.00,0.0000,0
229784,1790795659752,0.00253,0.00385,0.01503,0.12941,0.00963,0.08055,0.00137,0.00239,0.00788,0.07510,0.66379,0.00848,0.00251,0.00282,0.00055,0.00116,0.00958,0.09602,0.00108,0.00275,0.00921,0.08810,0.77634,0.00988,-56.18,7.965,-1,0.0000,-1.00,0.0000,0
229877,1790795659831,0.00010,0.00015,0.03738,0.10264,0.06216,0.06439,0.00055,0.00014,0.00067,0.20028,0.53023,0.00134,0.00007,0.00004,0.00013,0.00007,0.07419,0.07714,0.00064,0.00014,0.00078,0.22528,0.62005,0.00147,-53.69,6.363,-1,0.0000,-1.00,0.0000,0
229970,1790795659932,0.00034,0.00007,0.01001,0.04741,0.09859,0.03198,0.04456,0.00021,0.00047,0.05135,0.24440,0.47060,0.00035,0.00000,0.00012,0.00025,0.00844,0.03826,0.05340,0.00023,0.00051,0.05986,0.28527,0.55331,-52.65,5.647,-1,0.0000,-1.00,0.0000,0
230063,1790795660012,0.00313,0.00049,0.05678,0.04209,0.06457,0.03475,0.03435,0.00068,0.00208,0.28888,0.21726,0.25494,0.00356,0.00015,0.00014,0.00043,0.01843,0.04093,0.04113,0.00079,0.00240,0.34249,0.25222,0.29732,-53.53,3.467,-1,0.0000,-1.00,0.0000,0
230156,1790795660112,0.00258,0.00290,0.03395,0.04022,0.09303,0.02169,0.01746,0.00116,0.00333,0.17113,0.20361,0.40895,0.00280,0.00275,0.00062,0.00083,0.01513,0.02543,0.02036,0.00128,0.00383,0.20205,0.23893,0.48598,-54.22,4.907,-1,0.0000,-1.00,0.0000,0
230249,1790795660211,0.00560,0.01754,0.05659,0.04077,0.02617,0.25571,0.04603,0.01297,0.01614,0.25876,0.23911,0.02462,0.00392,0.01734,0.00743,0.00407,0.02754,0.30562,0.05171,0.01407,0.01853,0.30459,0.22592,0.01925,-53.24,3.105,-1,0.0000,-1.00,0.0000,0
230341,1790795660312,0.02980,0.00313,0.01326,0.07551,0.16540,0.16600,0.01301,0.00458,0.00690,0.08539,0.36949,0.06753,0.03485,0.00251,0.00273,0.01031,0.18123,0.19354,0.01509,0.00495,0.00622,0.06639,0.40437,0.07780,-55.44,4.434,-1,0.0000,-1.00,0.0000,0
230434,1790795660412,0.01327,0.00581,0.02203,0.05900,0.12043,0.01371,0.01431,0.03540,0.02719,0.08874,0.25312,0.34700,0.00736,0.00137,0.00775,0.01118,0.06209,0.01541,0.01687,0.04089,0.03036,0.09403,0.30024,0.41244,-58.94,4.164,-1,0.0000,-1.00,0.0000,0
230527,1790795660491,0.02970,0.00856,0.09696,0.13689,0.01899,0.07791,0.05827,0.07354,0.03099,0.07379,0.33757,0.05683,0.02369,0.00652,0.09914,0.08733,0.01231,0.08866,0.06853,0.06846,0.01982,0.08598,0.38691,0.05264,-56.63,4.051,-1,0.0000,-1.00,0.0000,0
230620,1790795660592,0.00151,0.00487,0.22846,0.04912,0.01496,0.12548,0.07585,0.04272,0.02215,0.10796,0.26820,0.05872,0.00122,0.00081,0.24840,0.00105,0.00754,0.15011,0.09073,0.00194,0.02634,0.12787,0.29161,0.05237,-55.36,3.218,-1,0.0000,-1.00,0.0000,0
230713,1790795660672,0.00318,0.00186,0.19080,0.06864,0.01033,0.11979,0.02528,0.03644,0.00248,0.13821,0.36223,0.04074,0.00285,0.00172,0.19594,0.00182,0.00387,0.14297,0.02995,0.00483,0.00262,0.16484,0.40570,0.04288,-54.81,4.347,-1,0.0000,-1.00,0.0000,0
230806,1790795660774,0.01008,0.00382,0.09598,0.07200,0.00940,0.25949,0.01054,0.01949,0.00849,0.07049,0.40826,0.03196,0.01124,0.00274,0.09833,0.00147,0.00293,0.30993,0.01209,0.00385,0.00965,0.08411,0.42775,0.03590,-54.00,4.899,-1,0.0000,-1.00,0.0000,0
230899,1790795660872,0.00452,0.00666,0.00814,0.04759,0.02780,0.47108,0.03739,0.00403,0.02337,0.01478,0.32627,0.02836,0.00485,0.00249,0.00735,0.00166,0.02833,0.56350,0.04427,0.00341,0.02768,0.01209,0.27925,0.02511,-53.62,5.653,-1,0.0000,-1.00,0.0000,0
230992,1790795660951,0.00290,0.00569,0.00523,0.05628,0.12144,0.16833,0.01488,0.00163,0.02679,0.02930,0.31159,0.25593,0.00319,0.00051,0.00266,0.00132,0.08538,0.20111,0.01771,0.00145,0.03184,0.01818,0.33349,0.30316,-55.36,3.739,-1,0.0000,-1.00,0.0000,0
231084,1790795661052,0.00253,0.00451,0.03169,0.02439,0.15941,0.04333,0.00650,0.00667,0.01696,0.16078,0.11307,0.43016,0.00157,0.00160,0.00328,0.00440,0.08898,0.05176,0.00743,0.00738,0.01945,0.17501,0.12522,0.51391,-56.40,5.162,-1,0.0000,-1.00,0.0000,0
231177,1790795661131,0.03713,0.02707,0.02441,0.05573,0.02274,0.17389,0.13775,0.01314,0.08499,0.06334,0.27730,0.08249,0.04175,0.01279,0.01476,0.00878,0.01404,0.20009,0.16252,0.01282,0.10010,0.07311,0.29261,0.06663,-56.58,3.328,-1,0.0000,-1.00,0.0000,0
231270,1790795661237,0.06881,0.01939,0.04460,0.05132,0.03300,0.14051,0.05395,0.03985,0.09516,0.17264,0.21794,0.06283,0.07418,0.00134,0.01342,0.01576,0.02728,0.15366,0.06438,0.04508,0.11048,0.20187,0.23068,0.06187,-57.09,2.615,-1,0.0000,-1.00,0.0000,0
231363,1790795661312,0.02270,0.00180,0.01501,0.08834,0.03175,0.11716,0.13485,0.00190,0.00708,0.07680,0.45494,0.04767,0.02688,0.00060,0.00104,0.00310,0.03297,0.13518,0.16139,0.00214,0.00786,0.08549,0.51833,0.02502,-55.99,5.459,-1,0.0000,-1.00,0.0000,0
231456,1790795661412,0.03549,0.01292,0.07109,0.02560,0.14322,0.06102,0.05153,0.07872,0.04345,0.15778,0.11935,0.19984,0.02589,0.00535,0.05268,0.00500,0.12653,0.06798,0.06069,0.08388,0.05108,0.16397,0.12953,0.22742,-55.67,2.398,-1,0.0000,-1.00,0.0000,0
231549,1790795661511,0.02478,0.00919,0.06368,0.01206,0.09238,0.04281,0.12566,0.12420,0.04522,0.11217,0.05892,0.28893,0.00201,0.00058,0.05154,0.00246,0.04797,0.05090,0.15043,0.13862,0.05370,0.12490,0.06050,0.31639,-56.19,3.467,-1,0.0000,-1.00,0.0000,0
231642,1790795661612,0.02613,0.00316,0.05016,0.01533,0.07538,0.04549,0.15257,0.13536,0.01551,0.07275,0.08401,0.32413,0.00088,0.00013,0.04363,0.00055,0.02051,0.05434,0.18279,0.15354,0.01848,0.08311,0.08989,0.35215,-55.99,3.890,-1,0.0000,-1.00,0.0000,0
231735,1790795661713,0.02308,0.03470,0.07838,0.05483,0.07862,0.03855,0.02572,0.08917,0.17999,0.23297,0.06743,0.09655,0.00806,0.00085,0.04142,0.05143,0.07246,0.04460,0.03041,0.09887,0.20548,0.26479,0.07196,0.10967,-55.41,2.796,-1,0.0000,-1.00,0.0000,0
231828,1790795661792,0.00784,0.01111,0.04518,0.04465,0.06075,0.01166,0.15327,0.01315,0.04935,0.18700,0.18909,0.22696,0.00630,0.00234,0.01074,0.00908,0.02609,0.01273,0.18319,0.01362,0.05733,0.21889,0.22405,0.23563,-56.68,2.723,-1,0.0000,-1.00,0.0000,0
231920,1790795661891,0.00478,0.03300,0.10134,0.01800,0.06693,0.00971,0.08172,0.01792,0.07361,0.45702,0.05702,0.07894,0.00209,0.02269,0.01537,0.00846,0.06517,0.01123,0.09316,0.01870,0.08620,0.53503,0.06610,0.07582,-58.98,5.484,-1,0.0000,-1.00,0.0000,0
232013,1790795661972,0.00447,0.02617,0.10050,0.00948,0.11647,0.00478,0.01747,0.01424,0.02027,0.50710,0.04178,0.13730,0.00195,0.02679,0.00420,0.00164,0.10756,0.00534,0.01559,0.01626,0.02396,0.58630,0.04900,0.16143,-59.68,6.085,-1,0.0000,-1.00,0.0000,0
232106,1790795662071,0.23972,0.02136,0.03307,0.02155,0.06373,0.05086,0.11262,0.12761,0.09562,0.09475,0.06929,0.06982,0.25721,0.00344,0.01951,0.00975,0.06496,0.00995,0.13184,0.15146,0.11178,0.10152,0.08105,0.05753,-58.50,2.877,-1,0.0000,-1.00,0.0000,0
232199,1790795662170,0.64151,0.00743,0.00367,0.00323,0.01645,0.12550,0.05239,0.07407,0.02703,0.01021,0.01312,0.02538,0.75119,0.00251,0.00261,0.00081,0.01613,0.00146,0.06228,0.08823,0.03223,0.00904,0.01543,0.01806,-57.18,7.698,-1,0.0000,-1.00,0.0000,0
232292,1790795662251,0.65529,0.00380,0.00442,0.00480,0.01314,0.13520,0.00846,0.09255,0.01236,0.01021,0.01629,0.04349,0.76336,0.00171,0.00310,0.00230,0.00580,0.01067,0.00971,0.11038,0.01431,0.01113,0.01740,0.05014,-55.71,7.863,-1,0.0000,-1.00,0.0000,0
232385,1790795662352,0.11495,0.02856,0.09056,0.03012,0.02334,0.04496,0.10076,0.19985,0.10318,0.13569,0.06034,0.06769,0.09227,0.01112,0.07688,0.02316,0.01643,0.03558,0.11563,0.22713,0.11881,0.15955,0.06524,0.05819,-54.95,2.398,-1,0.0000,-1.00,0.0000,0
232478,1790795662432,0.05167,0.00235,0.11977,0.07397,0.01956,0.07830,0.06295,0.05632,0.01002,0.11254,0.36931,0.04325,0.05308,0.00072,0.11736,0.00418,0.01612,0.08330,0.07525,0.04426,0.01088,0.13195,0.42601,0.03690,-54.79,4.432,-1,0.0000,-1.00,0.0000,0
232571,1790795662532,0.06022,0.00705,0.19048,0.03013,0.13387,0.02612,0.02197,0.09765,0.03130,0.22608,0.13203,0.04309,0.05601,0.00124,0.18048,0.00554,0.15119,0.02020,0.02585,0.08146,0.03638,0.24095,0.15420,0.04651,-55.38,2.713,-1,0.0000,-1.00,0.0000,0
232663,1790795662612,0.06174,0.02816,0.23130,0.03138,0.02456,0.02869,0.02420,0.15049,0.09177,0.18225,0.09461,0.05085,0.04745,0.01258,0.23459,0.01611,0.01832,0.02505,0.02651,0.13382,0.10675,0.21476,0.10841,0.05567,-56.31,2.776,-1,0.0000,-1.00,0.0000,0
232756,1790795662711,0.03686,0.00445,0.15204,0.01591,0.15441,0.01742,0.00822,0.06316,0.01394,0.44768,0.06750,0.01841,0.03231,0.00229,0.08295,0.00359,0.18102,0.01447,0.00940,0.05924,0.01595,0.50057,0.07801,0.02019,-54.71,5.372,-1,0.0000,-1.00,0.0000,0
232849,1790795662812,0.02281,0.00929,0.11942,0.01941,0.17608,0.01472,0.00651,0.03463,0.03910,0.50283,0.04692,0.00829,0.02017,0.00252,0.03188,0.01265,0.20930,0.01364,0.00730,0.03518,0.04434,0.56102,0.05352,0.00849,-55.02,6.034,-1,0.0000,-1.00,0.0000,0
232942,1790795662912,0.06270,0.02335,0.11607,0.03660,0.09361,0.03357,0.02474,0.18614,0.11213,0.22242,0.07172,0.01695,0.03416,0.00275,0.09054,0.02813,0.10929,0.03345,0.02909,0.20510,0.12878,0.24485,0.07931,0.01454,-57.39,2.669,-1,0.0000,-1.00,0.0000,0
233035,1790795663012,0.05884,0.01134,0.06830,0.03195,0.21204,0.04071,0.01362,0.16709,0.05634,0.24892,0.07414,0.01670,0.03243,0.00109,0.03257,0.02233,0.25080,0.04236,0.01611,0.19376,0.06308,0.24855,0.08044,0.01648,-57.24,2.987,-1,0.0000,-1.00,0.0000,0
233128,1790795663092,0.09255,0.00659,0.09894,0.05377,0.02944,0.05598,0.03387,0.16609,0.02215,0.28250,0.10690,0.05123,0.07361,0.00426,0.05242,0.04110,0.02469,0.05249,0.03974,0.18862,0.01839,0.33360,0.11769,0.05340,-57.72,3.390,-1,0.0000,-1.00,0.0000,0
233221,1790795663192,0.08676,0.00965,0.13658,0.01502,0.01699,0.04851,0.02859,0.21475,0.03778,0.33098,0.04793,0.02648,0.05631,0.00293,0.08563,0.00846,0.01528,0.04707,0.03368,0.24035,0.04356,0.39359,0.04810,0.02506,-57.18,3.972,-1,0.0000,-1.00,0.0000,0
233314,1790795663272,0.03046,0.02821,0.13590,0.02802,0.03056,0.04598,0.01838,0.06410,0.10021,0.43247,0.06200,0.02372,0.02302,0.01129,0.06088,0.02083,0.03164,0.05053,0.01657,0.06795,0.11352,0.51435,0.06428,0.02514,-56.45,5.190,-1,0.0000,-1.00,0.0000,0
233406,1790795663371,0.03966,0.00927,0.24558,0.01830,0.01526,0.04775,0.17171,0.17069,0.03400,0.11041,0.08311,0.05427,0.01748,0.00320,0.26857,0.00430,0.01345,0.05375,0.20486,0.15154,0.03989,0.12963,0.08893,0.02442,-56.11,2.947,-1,0.0000,-1.00,0.0000,0
233499,1790795663471,0.01165,0.00645,0.18261,0.01132,0.04924,0.04107,0.01389,0.03966,0.03637,0.55085,0.04822,0.00866,0.00709,0.00023,0.09023,0.00398,0.05760,0.04780,0.01658,0.02966,0.04277,0.64865,0.04831,0.00710,-55.91,6.610,-1,0.0000,-1.00,0.0000,0
233592,1790795663550,0.02417,0.00425,0.24200,0.03613,0.02602,0.12133,0.03224,0.09440,0.01890,0.19190,0.18114,0.02752,0.01618,0.00090,0.24535,0.00587,0.02573,0.14260,0.03840,0.06452,0.02120,0.22512,0.18879,0.02536,-55.72,2.904,-1,0.0000,-1.00,0.0000,0
233685,1790795663651,0.02059,0.00277,0.18144,0.02641,0.13904,0.10536,0.00635,0.04833,0.01099,0.31799,0.12992,0.01080,0.01901,0.00094,0.14832,0.00560,0.16428,0.12252,0.00738,0.02855,0.01202,0.34850,0.13139,0.01148,-56.20,3.816,-1,0.0000,-1.00,0.0000,0
233778,1790795663738,0.03150,0.01130,0.18633,0.02334,0.03450,0.06294,0.01989,0.05440,0.02324,0.44903,0.09187,0.01165,0.02946,0.00849,0.11804,0.00889,0.03935,0.06966,0.02215,0.04179,0.02550,0.53083,0.09627,0.00957,-56.46,5.388,-1,0.0000,-1.00,0.0000,0
233871,1790795663831,0.00661,0.00539,0.21041,0.00732,0.04309,0.00200,0.06348,0.04393,0.00987,0.57860,0.01422,0.01507,0.00203,0.00445,0.11664,0.00547,0.05102,0.00200,0.07519,0.02951,0.01053,0.68340,0.01664,0.00312,-55.46,6.943,-1,0.0000,-1.00,0.0000,0
233964,1790795663913,0.01638,0.00454,0.35505,0.00930,0.03306,0.00598,0.00993,0.12820,0.02231,0.38110,0.02636,0.00779,0.00217,0.00056,0.33641,0.00515,0.03818,0.00679,0.01178,0.08693,0.02571,0.44908,0.03024,0.00700,-55.25,4.573,-1,0.0000,-1.00,0.0000,0
234057,1790795664012,0.01533,0.00729,0.16231,0.02494,0.03666,0.01446,0.00669,0.05122,0.01432,0.56528,0.07683,0.02467,0.00874,0.00586,0.06172,0.01225,0.03837,0.01559,0.00664,0.04935,0.01473,0.66974,0.08897,0.02805,-54.80,6.783,-1,0.0000,-1.00,0.0000,0
234150,1790795664132,0.03686,0.02667,0.13008,0.01313,0.05361,0.03327,0.01500,0.12998,0.10691,0.40127,0.03899,0.01422,0.01574,0.00739,0.06246,0.00791,0.06151,0.03674,0.01651,0.14337,0.12395,0.47121,0.03944,0.01377,-55.81,4.815,-1,0.0000,-1.00,0.0000,0
234242,1790795664212,0.15358,0.01077,0.06257,0.01201,0.01104,0.02417,0.02221,0.52346,0.02822,0.08353,0.05388,0.01456,0.06186,0.00631,0.05554,0.00225,0.01077,0.01670,0.02536,0.61622,0.03329,0.09803,0.06125,0.01241,-57.41,6.282,-1,0.0000,-1.00,0.0000,0
234335,1790795664314,0.00757,0.01034,0.06552,0.01906,0.27175,0.05359,0.08149,0.03531,0.03594,0.28942,0.08030,0.04969,0.00156,0.00410,0.02225,0.00627,0.31763,0.06391,0.09683,0.03790,0.04182,0.28383,0.08355,0.04035,-54.22,3.473,-1,0.0000,-1.00,0.0000,0
234428,1790795664392,0.00091,0.00048,0.02932,0.00273,0.65841,0.02529,0.00245,0.00472,0.00221,0.25330,0.01697,0.00321,0.00020,0.00007,0.00595,0.00043,0.78828,0.03026,0.00293,0.00447,0.00256,0.14724,0.01433,0.00327,-52.20,7.901,-1,0.0000,-1.00,0.0000,0
234521,1790795664492,0.00186,0.00182,0.02640,0.02780,0.14906,0.35271,0.07584,0.00580,0.00327,0.07485,0.20651,0.07408,0.00161,0.00147,0.02032,0.00086,0.16457,0.42231,0.09056,0.00295,0.00375,0.05706,0.16373,0.07081,-53.08,4.233,-1,0.0000,-1.00,0.0000,0
234614,1790795664571,0.00417,0.00422,0.07252,0.03443,0.24969,0.03907,0.01265,0.01304,0.00646,0.24915,0.17547,0.13913,0.00315,0.00384,0.03820,0.00139,0.26671,0.04619,0.01440,0.00805,0.00746,0.24567,0.20110,0.16386,-56.00,2.996,-1,0.0000,-1.00,0.0000,0
234707,1790795664672,0.02960,0.00652,0.06332,0.04091,0.22766,0.03340,0.01775,0.12388,0.02095,0.12151,0.19654,0.11795,0.00827,0.00299,0.05666,0.00385,0.24558,0.03838,0.02067,0.13720,0.02434,0.09691,0.22790,0.13723,-57.74,2.732,-1,0.0000,-1.00,0.0000,0
234800,1790795664772,0.03456,0.01060,0.08105,0.01574,0.31053,0.02040,0.00651,0.17731,0.05203,0.16741,0.05906,0.06481,0.00199,0.00066,0.07137,0.00578,0.35699,0.02405,0.00752,0.19846,0.06117,0.12986,0.06599,0.07617,-56.34,3.726,-1,0.0000,-1.00,0.0000,0
234893,1790795664851,0.01013,0.00857,0.05543,0.03499,0.45280,0.00634,0.00071,0.05167,0.04799,0.28376,0.03031,0.01731,0.00066,0.00024,0.02018,0.03502,0.53844,0.00750,0.00080,0.05792,0.05057,0.23327,0.03484,0.02058,-54.23,5.434,-1,0.0000,-1.00,0.0000,0
234985,1790795664953,0.02270,0.01167,0.13621,0.01751,0.09438,0.04342,0.00813,0.02408,0.05480,0.49253,0.06302,0.03155,0.02240,0.00156,0.05033,0.00788,0.10580,0.04758,0.00527,0.02304,0.06383,0.56946,0.06608,0.03676,-54.03,5.910,-1,0.0000,-1.00,0.0000,0
235078,1790795665032,0.00392,0.00231,0.12419,0.00707,0.17006,0.02042,0.00227,0.01087,0.00553,0.60980,0.03529,0.00828,0.00258,0.00149,0.01190,0.00103,0.20190,0.02395,0.00241,0.01068,0.00642,0.69066,0.03754,0.00944,-52.87,7.318,-1,0.0000,-1.00,0.0000,0
235171,1790795665132,0.00212,0.00095,0.12430,0.00595,0.19217,0.01145,0.00144,0.00874,0.00410,0.60266,0.02886,0.01726,0.00099,0.00024,0.01468,0.00081,0.22622,0.01354,0.00167,0.00757,0.00476,0.67729,0.03189,0.02035,-52.74,7.232,-1,0.0000,-1.00,0.0000,0
235264,1790795665213,0.00156,0.00085,0.13841,0.00395,0.13988,0.00282,0.03902,0.00816,0.00341,0.62615,0.01767,0.01813,0.00085,0.00023,0.02361,0.00066,0.16512,0.00323,0.04668,0.00512,0.00396,0.71755,0.02053,0.01247,-53.06,7.514,-1,0.0000,-1.00,0.0000,0
235357,1790795665313,0.00169,0.00037,0.07758,0.00366,0.45752,0.00768,0.00727,0.01096,0.00148,0.40573,0.01809,0.00796,0.00013,0.00011,0.01806,0.00045,0.54667,0.00918,0.00868,0.00956,0.00169,0.37779,0.01985,0.00782,-51.92,5.490,-1,0.0000,-1.00,0.0000,0
235450,1790795665433,0.00392,0.00092,0.03103,0.02034,0.30516,0.29056,0.00266,0.02121,0.00237,0.15450,0.15210,0.01523,0.00014,0.00065,0.01471,0.00193,0.36213,0.34815,0.00279,0.02277,0.00246,0.11334,0.11323,0.01770,-52.37,3.662,-1,0.0000,-1.00,0.0000,0
235543,1790795665511,0.00709,0.01169,0.06939,0.06052,0.35716,0.01080,0.00334,0.03736,0.06391,0.26008,0.03672,0.08193,0.00131,0.00135,0.03743,0.06429,0.40864,0.01274,0.00373,0.03735,0.06384,0.23063,0.04148,0.09722,-54.96,4.286,-1,0.0000,-1.00,0.0000,0
235636,1790795665611,0.02583,0.00674,0.07875,0.04146,0.16861,0.04980,0.01338,0.11357,0.03155,0.12301,0.19053,0.15676,0.00678,0.00084,0.07164,0.00671,0.16543,0.05833,0.01587,0.12189,0.03648,0.11460,0.21673,0.18469,-57.74,2.286,-1,0.0000,-1.00,0.0000,0
235728,1790795665691,0.01069,0.00934,0.06295,0.04389,0.11363,0.03172,0.16679,0.04593,0.03051,0.21745,0.18829,0.07882,0.00281,0.00437,0.02870,0.00934,0.12523,0.03745,0.19820,0.05013,0.03471,0.23573,0.21819,0.05515,-57.62,2.609,-1,0.0000,-1.00,0.0000,0
235821,1790795665790,0.01018,0.00413,0.08073,0.04105,0.15020,0.07383,0.04561,0.04112,0.01787,0.29432,0.20444,0.03654,0.00391,0.00086,0.03364,0.00407,0.17346,0.08769,0.05440,0.04268,0.02060,0.31828,0.22759,0.03282,-57.02,3.532,-1,0.0000,-1.00,0.0000,0
235914,1790795665872,0.02065,0.01907,0.11325,0.01573,0.04223,0.18921,0.00535,0.03729,0.08453,0.28770,0.10351,0.08150,0.01858,0.00291,0.06858,0.00303,0.03147,0.22303,0.00583,0.03109,0.10060,0.33859,0.07981,0.09650,-56.37,3.452,-1,0.0000,-1.00,0.0000,0
236007,1790795665968,0.02680,0.01173,0.13709,0.01798,0.12628,0.03054,0.00681,0.14213,0.05368,0.04632,0.07803,0.32263,0.00393,0.00193,0.15620,0.00441,0.07496,0.03581,0.00707,0.14006,0.06341,0.04068,0.08640,0.38516,-57.29,3.872,-1,0.0000,-1.00,0.0000,0
236100,1790795666072,0.06889,0.01403,0.17647,0.02450,0.07427,0.04136,0.03558,0.23813,0.06497,0.05757,0.06495,0.13929,0.03248,0.00245,0.20003,0.01563,0.05738,0.04313,0.03761,0.25022,0.07475,0.05761,0.06927,0.15945,-57.10,2.858,-1,0.0000,-1.00,0.0000,0
236193,1790795666151,0.07963,0.01148,0.06774,0.13755,0.02368,0.00956,0.06385,0.38987,0.07060,0.01791,0.10442,0.02372,0.00585,0.00250,0.07793,0.14041,0.02572,0.01029,0.07592,0.45180,0.05676,0.01637,0.12307,0.01337,-54.05,4.678,-1,0.0000,-1.00,0.0000,0
236286,1790795666251,0.09371,0.00162,0.00233,0.24384,0.00105,0.00154,0.00580,0.46002,0.04957,0.00096,0.13701,0.00254,0.00318,0.00037,0.00260,0.25968,0.00094,0.00121,0.00687,0.55070,0.00792,0.00097,0.16393,0.00162,-51.62,5.520,-1,0.0000,-1.00,0.0000,0
236379,1790795666332,0.09631,0.00079,0.00076,0.19568,0.04976,0.00122,0.00157,0.46884,0.04666,0.00096,0.09549,0.04195,0.00406,0.00010,0.00073,0.21181,0.04973,0.00065,0.00187,0.56164,0.00431,0.00091,0.11430,0.04990,-50.98,5.626,-1,0.0000,-1.00,0.0000,0
236472,1790795666426,0.10312,0.00318,0.00352,0.16881,0.00570,0.00241,0.00408,0.50956,0.04279,0.00131,0.14128,0.01425,0.00306,0.00060,0.00395,0.16880,0.00375,0.00228,0.00423,0.61033,0.01725,0.00139,0.16884,0.01553,-52.60,6.115,-1,0.0000,-1.00,0.0000,0
236564,1790795666509,0.11746,0.00680,0.01001,0.16173,0.00232,0.00264,0.02482,0.55619,0.05676,0.00121,0.05329,0.00677,0.00909,0.00182,0.01175,0.18118,0.00232,0.00136,0.02938,0.66412,0.03188,0.00121,0.06359,0.00229,-54.22,6.674,-1,0.0000,-1.00,0.0000,0
236657,1790795666611,0.03161,0.00397,0.00055,0.56809,0.00101,0.00186,0.00219,0.13314,0.12520,0.00041,0.13109,0.00089,0.00627,0.00054,0.00061,0.64960,0.00110,0.00098,0.00249,0.15944,0.02125,0.00027,0.15688,0.00057,-53.70,6.817,-1,0.0000,-1.00,0.0000,0
236750,1790795666725,0.02243,0.00625,0.00226,0.58751,0.00294,0.00351,0.00376,0.08741,0.13727,0.00432,0.13929,0.00305,0.00618,0.00126,0.00179,0.67101,0.00297,0.00298,0.00426,0.10438,0.03146,0.00459,0.16631,0.00281,-53.67,7.050,-1,0.0000,-1.00,0.0000,0
236843,1790795666807,0.08187,0.02075,0.01198,0.24738,0.00454,0.00368,0.05026,0.36762,0.13133,0.00267,0.05816,0.01976,0.01160,0.00478,0.01385,0.28269,0.00313,0.00211,0.05926,0.43776,0.10132,0.00258,0.06927,0.01164,-55.01,4.411,-1,0.0000,-1.00,0.0000,0
236936,1790795666907,0.05479,0.04023,0.00561,0.39285,0.00467,0.01185,0.01510,0.14869,0.26500,0.00332,0.05254,0.00534,0.03058,0.00332,0.00608,0.45857,0.00502,0.00814,0.01743,0.17696,0.22640,0.00321,0.06134,0.00294,-56.53,4.714,-1,0.0000,-1.00,0.0000,0
237029,1790795666986,0.07005,0.07466,0.01219,0.30153,0.00604,0.01830,0.02071,0.12309,0.23465,0.01350,0.11248,0.01280,0.05501,0.04704,0.01158,0.33502,0.00469,0.01114,0.01549,0.14519,0.21475,0.01524,0.13257,0.01226,-56.50,3.618,-1,0.0000,-1.00,0.0000,0
237122,1790795667086,0.02763,0.00895,0.13332,0.19080,0.00577,0.00395,0.09417,0.09982,0.05990,0.05937,0.28130,0.03502,0.01666,0.00298,0.14578,0.16186,0.00333,0.00143,0.11224,0.09071,0.03969,0.07048,0.33678,0.01805,-55.03,3.376,-1,0.0000,-1.00,0.0000,0
237215,1790795667165,0.03693,0.02194,0.42252,0.06027,0.00123,0.00628,0.02573,0.13413,0.11254,0.00950,0.16121,0.00773,0.03323,0.00096,0.50406,0.03396,0.00107,0.00094,0.02977,0.06167,0.12812,0.01117,0.19298,0.00208,-53.60,5.070,-1,0.0000,-1.00,0.0000,0
237307,1790795667266,0.01603,0.01899,0.01203,0.51790,0.07578,0.00289,0.00329,0.02729,0.19073,0.01488,0.05387,0.06632,0.01334,0.00134,0.01383,0.60781,0.07512,0.00091,0.00350,0.03013,0.10805,0.00294,0.06437,0.07867,-53.84,6.215,-1,0.0000,-1.00,0.0000,0
237400,1790795667365,0.01015,0.00587,0.38991,0.24069,0.02885,0.00227,0.02349,0.08922,0.07436,0.02589,0.08088,0.02842,0.00888,0.00021,0.46218,0.26922,0.02892,0.00096,0.02811,0.01529,0.03568,0.02534,0.09673,0.02848,-53.65,4.679,-1,0.0000,-1.00,0.0000,0
237493,1790795667447,0.00983,0.01185,0.08575,0.41472,0.14216,0.00195,0.00574,0.04418,0.12725,0.03492,0.04931,0.07235,0.00565,0.00305,0.10048,0.48527,0.15349,0.00122,0.00627,0.03302,0.05627,0.01141,0.05884,0.08503,-53.66,4.977,-1,0.0000,-1.00,0.0000,0
237586,1790795667552,0.01593,0.00865,0.32308,0.24939,0.05417,0.00782,0.01033,0.10239,0.08781,0.02617,0.08632,0.02795,0.01137,0.00046,0.38323,0.27860,0.05906,0.00711,0.01173,0.04728,0.04998,0.01965,0.10202,0.02951,-54.56,3.877,-1,0.0000,-1.00,0.0000,0
237679,1790795667632,0.01002,0.01070,0.01337,0.48214,0.17284,0.00168,0.00195,0.02502,0.15602,0.02523,0.05204,0.04900,0.00666,0.00043,0.01526,0.56539,0.19555,0.00069,0.00224,0.02696,0.06250,0.00383,0.06222,0.05826,-54.86,5.786,-1,0.0000,-1.00,0.0000,0
237772,1790795667731,0.00767,0.00353,0.01515,0.69518,0.02338,0.00271,0.01447,0.02047,0.15173,0.01592,0.04028,0.00950,0.00469,0.00071,0.01540,0.82351,0.02642,0.00232,0.01672,0.02196,0.01849,0.01392,0.04781,0.00807,-54.36,8.342,-1,0.0000,-1.00,0.0000,0
237865,1790795667810,0.01789,0.01716,0.12286,0.36950,0.00487,0.00656,0.10451,0.06529,0.09698,0.08757,0.06784,0.03897,0.01089,0.01430,0.12647,0.42686,0.00139,0.00570,0.12240,0.05317,0.03159,0.10466,0.08016,0.02243,-54.38,4.434,-1,0.0000,-1.00,0.0000,0
237958,1790795667915,0.04033,0.02616,0.24841,0.05724,0.05987,0.00974,0.19004,0.06714,0.08409,0.02331,0.04692,0.14674,0.04387,0.01500,0.29255,0.05756,0.04571,0.00297,0.22472,0.02248,0.08246,0.02576,0.05563,0.13128,-55.98,2.981,-1,0.0000,-1.00,0.0000,0
238050,1790795668033,0.10270,0.07515,0.08249,0.09609,0.02343,0.02463,0.21633,0.06698,0.10623,0.05693,0.03120,0.11783,0.10951,0.06912,0.08563,0.10804,0.00944,0.00789,0.24043,0.06837,0.10557,0.06664,0.03583,0.09352,-56.33,2.596,-1,0.0000,-1.00,0.0000,0
238143,1790795668112,0.06964,0.02529,0.04982,0.17085,0.00638,0.00722,0.04920,0.24462,0.08081,0.07456,0.18826,0.03335,0.02858,0.01740,0.04207,0.16011,0.00222,0.00298,0.04810,0.29217,0.06509,0.08890,0.22500,0.02738,-54.17,2.935,-1,0.0000,-1.00,0.0000,0
238236,1790795668210,0.05299,0.00209,0.15460,0.18301,0.00109,0.00319,0.14049,0.32011,0.04473,0.01851,0.03022,0.04894,0.01660,0.00022,0.18088,0.21214,0.00067,0.00053,0.16830,0.34771,0.01155,0.02205,0.03610,0.00325,-52.71,3.841,-1,0.0000,-1.00,0.0000,0
238329,1790795668292,0.07272,0.00223,0.02283,0.39113,0.00201,0.00564,0.05802,0.28522,0.08376,0.00853,0.05383,0.01408,0.02038,0.00071,0.02539,0.45599,0.00179,0.00272,0.06938,0.33673,0.00988,0.00995,0.06396,0.00312,-53.35,4.694,-1,0.0000,-1.00,0.0000,0
238422,1790795668392,0.04044,0.00866,0.13627,0.12079,0.01188,0.00280,0.27544,0.17776,0.07309,0.05083,0.03328,0.06876,0.00994,0.00064,0.15161,0.13691,0.01031,0.00195,0.32991,0.18294,0.06044,0.05887,0.03949,0.01699,-53.97,3.305,-1,0.0000,-1.00,0.0000,0
238515,1790795668471,0.05806,0.02638,0.02058,0.11548,0.08905,0.00891,0.06128,0.22235,0.16599,0.01861,0.02087,0.19244,0.01341,0.00203,0.02233,0.13373,0.06386,0.00802,0.07280,0.26223,0.17029,0.01174,0.02342,0.21616,-53.78,2.668,-1,0.0000,-1.00,0.0000,0
238608,1790795668572,0.02084,0.03367,0.09793,0.14809,0.01672,0.07917,0.22106,0.11901,0.09593,0.03475,0.05149,0.08134,0.00906,0.02439,0.10944,0.16887,0.01254,0.09307,0.25610,0.12486,0.08076,0.03986,0.04324,0.03780,-53.63,2.653,-1,0.0000,-1.00,0.0000,0
238701,1790795668672,0.04742,0.02462,0.02971,0.07131,0.08767,0.02387,0.12866,0.13928,0.14336,0.02223,0.04065,0.24123,0.02024,0.00310,0.03218,0.07676,0.05371,0.02458,0.15170,0.16236,0.15530,0.01725,0.04384,0.25897,-53.59,2.895,-1,0.0000,-1.00,0.0000,0
238794,1790795668751,0.04223,0.04194,0.07508,0.09884,0.04356,0.03538,0.18120,0.16322,0.14837,0.03544,0.03562,0.09911,0.01507,0.01940,0.08300,0.11153,0.03703,0.03940,0.21318,0.17922,0.15568,0.03513,0.03487,0.07649,-53.71,2.174,-1,0.0000,-1.00,0.0000,0
238886,1790795668852,0.03625,0.01817,0.07043,0.09930,0.04822,0.06986,0.16864,0.15556,0.10570,0.02855,0.06733,0.13200,0.00838,0.00085,0.07895,0.10622,0.03412,0.08204,0.19588,0.17676,0.10560,0.02745,0.06441,0.11933,-53.57,2.024,-1,0.0000,-1.00,0.0000,0
238979,1790795668932,0.06206,0.01524,0.04762,0.21075,0.01605,0.01828,0.14612,0.21644,0.09493,0.02087,0.10941,0.04222,0.02497,0.00464,0.05273,0.22721,0.01604,0.01696,0.17386,0.24919,0.06871,0.02183,0.12773,0.01613,-55.05,2.597,-1,0.0000,-1.00,0.0000,0
239072,1790795669031,0.09069,0.06144,0.01759,0.15837,0.01630,0.01827,0.06692,0.14668,0.32869,0.00992,0.01671,0.06842,0.07447,0.00302,0.01886,0.18607,0.00639,0.00713,0.07941,0.17219,0.35645,0.01114,0.01861,0.06625,-57.22,3.944,-1,0.0000,-1.00,0.0000,0
239165,1790795669111,0.10183,0.06444,0.01175,0.14804,0.01457,0.02272,0.02229,0.14500,0.33746,0.02806,0.05466,0.04919,0.08784,0.00354,0.00768,0.16479,0.00678,0.00981,0.02579,0.17244,0.37166,0.03230,0.06355,0.05383,-58.43,4.049,-1,0.0000,-1.00,0.0000,0
239258,1790795669212,0.07905,0.04362,0.03330,0.19353,0.01315,0.02661,0.03483,0.04860,0.23026,0.06849,0.19055,0.03800,0.08372,0.00493,0.02396,0.18724,0.00825,0.01529,0.03874,0.05550,0.23879,0.08044,0.22530,0.03785,-58.11,2.763,-1,0.0000,-1.00,0.0000,0
239351,1790795669335,0.05572,0.03692,0.01239,0.09813,0.02477,0.01499,0.11981,0.08882,0.18941,0.05426,0.18334,0.12144,0.04575,0.00219,0.00220,0.07438,0.00646,0.00889,0.14313,0.10600,0.21213,0.06382,0.21792,0.11713,-57.08,2.273,-1,0.0000,-1.00,0.0000,0
239444,1790795669412,0.06589,0.03968,0.00666,0.32797,0.00669,0.01327,0.03243,0.08163,0.25340,0.02425,0.11794,0.03017,0.05900,0.00236,0.00231,0.36514,0.00236,0.00421,0.03839,0.09735,0.23125,0.02859,0.14049,0.02854,-57.42,3.936,-1,0.0000,-1.00,0.0000,0
239537,1790795669511,0.07729,0.05502,0.02445,0.26531,0.01945,0.03628,0.10449,0.07084,0.24332,0.01420,0.05179,0.03758,0.07543,0.02146,0.02667,0.30672,0.01911,0.02852,0.12035,0.08020,0.23075,0.01323,0.05640,0.02117,-56.67,3.184,-1,0.0000,-1.00,0.0000,0
239629,1790795669592,0.11224,0.00714,0.03642,0.07045,0.03102,0.01149,0.08232,0.41666,0.04819,0.01103,0.02032,0.15272,0.03682,0.00055,0.04120,0.07985,0.00461,0.00662,0.09843,0.49118,0.04191,0.01230,0.02304,0.16348,-55.17,5.000,-1,0.0000,-1.00,0.0000,0
239722,1790795669692,0.10875,0.03051,0.01226,0.20858,0.01562,0.01415,0.04557,0.25971,0.19316,0.00421,0.03079,0.07668,0.06861,0.00075,0.01380,0.24274,0.00264,0.00336,0.05438,0.30853,0.18333,0.00453,0.03623,0.08110,-55.30,3.117,-1,0.0000,-1.00,0.0000,0
239815,1790795669772,0.07934,0.06188,0.00646,0.27739,0.00952,0.01437,0.01066,0.13519,0.34795,0.00887,0.02885,0.01952,0.06319,0.00431,0.00591,0.32571,0.00724,0.00469,0.01192,0.16082,0.35231,0.00925,0.03364,0.02103,-55.81,4.175,-1,0.0000,-1.00,0.0000,0
239908,1790795669875,0.06869,0.02648,0.02385,0.10630,0.11204,0.02370,0.05891,0.18587,0.13822,0.08661,0.06406,0.10526,0.03850,0.00334,0.01240,0.11298,0.11197,0.02077,0.06919,0.22100,0.14322,0.08158,0.07264,0.11241,-55.34,2.230,-1,0.0000,-1.00,0.0000,0
240001,1790795669971,0.04305,0.04354,0.02349,0.01148,0.24750,0.03033,0.04611,0.18749,0.20966,0.05481,0.02788,0.07465,0.00768,0.01262,0.01625,0.00850,0.28090,0.03482,0.05275,0.22144,0.19952,0.06001,0.02651,0.07899,-54.30,2.970,-1,0.0000,-1.00,0.0000,0
240094,1790795670051,0.21598,0.03030,0.02915,0.01095,0.06636,0.27961,0.03555,0.02126,0.10022,0.07976,0.07411,0.05675,0.25288,0.01465,0.01835,0.00672,0.06759,0.28491,0.03969,0.02184,0.11727,0.08366,0.03232,0.06013,-53.09,3.355,-1,0.0000,-1.00,0.0000,0
240187,1790795670152,0.19119,0.00158,0.01274,0.00465,0.02087,0.57169,0.02903,0.00815,0.00540,0.02226,0.11821,0.01420,0.22765,0.00076,0.01084,0.00265,0.02295,0.63995,0.03464,0.00762,0.00575,0.02233,0.01478,0.01008,-53.07,6.860,-1,0.0000,-1.00,0.0000,0
240280,1790795670241,0.06664,0.00661,0.03173,0.00777,0.00548,0.50428,0.08309,0.00716,0.02778,0.11537,0.11983,0.02427,0.07884,0.00162,0.01071,0.00398,0.00460,0.58878,0.09924,0.00645,0.03211,0.13771,0.02686,0.00907,-53.99,6.051,-1,0.0000,-1.00,0.0000,0
240372,1790795670330,0.20328,0.00132,0.02100,0.00514,0.00074,0.55124,0.00512,0.00297,0.00609,0.07596,0.12508,0.00205,0.24307,0.00026,0.00713,0.00051,0.00064,0.61234,0.00609,0.00215,0.00714,0.09095,0.02849,0.00125,-53.30,6.615,-1,0.0000,-1.00,0.0000,0
240465,1790795670409,0.18099,0.00043,0.01975,0.00424,0.00097,0.57530,0.00237,0.00197,0.00205,0.08268,0.12789,0.00136,0.21670,0.00006,0.00406,0.00010,0.00098,0.64639,0.00282,0.00155,0.00244,0.09888,0.02511,0.00091,-53.07,6.904,-1,0.0000,-1.00,0.0000,0
240558,1790795670532,0.02805,0.01042,0.09504,0.01807,0.01748,0.13840,0.14901,0.01024,0.04077,0.37029,0.07636,0.04585,0.03228,0.00337,0.02652,0.00979,0.01700,0.15951,0.17789,0.00702,0.04656,0.44068,0.05988,0.01951,-54.93,4.444,-1,0.0000,-1.00,0.0000,0
240651,1790795670632,0.09060,0.06391,0.05981,0.03573,0.00894,0.24466,0.02001,0.02426,0.03909,0.24551,0.14597,0.02151,0.10366,0.06803,0.01358,0.01886,0.00594,0.27275,0.01049,0.02637,0.04310,0.29300,0.12084,0.02336,-57.07,2.946,-1,0.0000,-1.00,0.0000,0
240744,1790795670720,0.06306,0.02867,0.12583,0.08456,0.01404,0.19985,0.02200,0.02338,0.02369,0.19867,0.19795,0.01831,0.07431,0.03121,0.10410,0.06314,0.01308,0.22496,0.02018,0.00737,0.01587,0.23546,0.19259,0.01772,-57.12,2.398,-1,0.0000,-1.00,0.0000,0
240837,1790795670809,0.05117,0.01651,0.03702,0.28169,0.05886,0.09873,0.01760,0.04800,0.06749,0.05600,0.18734,0.07959,0.05108,0.01556,0.03311,0.29728,0.05233,0.10818,0.01800,0.05095,0.02194,0.05673,0.20303,0.09180,-56.36,3.380,-1,0.0000,-1.00,0.0000,0
240930,1790795670892,0.01284,0.00819,0.04788,0.02198,0.28063,0.17980,0.06730,0.00954,0.03343,0.13282,0.10267,0.10293,0.01440,0.00250,0.03819,0.01031,0.31496,0.21259,0.08009,0.00391,0.03796,0.09676,0.08088,0.10745,-56.14,3.368,-1,0.0000,-1.00,0.0000,0
241023,1790795670991,0.04543,0.00470,0.05909,0.01445,0.24528,0.27544,0.00705,0.01232,0.01798,0.13749,0.11026,0.07051,0.05343,0.00151,0.04904,0.00368,0.27747,0.31946,0.00815,0.00504,0.02082,0.10973,0.06879,0.08288,-55.97,3.305,-1,0.0000,-1.00,0.0000,0
241116,1790795671071,0.04751,0.00097,0.04764,0.00566,0.00675,0.57861,0.00518,0.00538,0.00316,0.15272,0.13611,0.01031,0.05652,0.00047,0.02102,0.00126,0.00589,0.68210,0.00611,0.00228,0.00346,0.18191,0.02788,0.01109,-55.80,6.943,-1,0.0000,-1.00,0.0000,0
241208,1790795671172,0.03543,0.00215,0.09135,0.02428,0.02611,0.38099,0.00432,0.01477,0.01225,0.23803,0.14699,0.02333,0.04086,0.00039,0.05389,0.01180,0.02595,0.44842,0.00509,0.00701,0.01207,0.28035,0.08724,0.02694,-56.56,4.572,-1,0.0000,-1.00,0.0000,0
241301,1790795671272,0.05072,0.09818,0.16139,0.04068,0.01827,0.15337,0.06376,0.04954,0.01580,0.15206,0.15355,0.04270,0.05461,0.11524,0.15781,0.01906,0.01386,0.17294,0.05355,0.02807,0.01515,0.17946,0.14970,0.04054,-56.99,1.937,-1,0.0000,-1.00,0.0000,0
241394,1790795671351,0.03833,0.00107,0.06666,0.17397,0.01002,0.01460,0.00717,0.16485,0.01897,0.01206,0.48339,0.00891,0.00880,0.00080,0.07711,0.09425,0.01003,0.01574,0.00353,0.18715,0.00254,0.01397,0.57610,0.00998,-53.65,5.801,-1,0.0000,-1.00,0.0000,0
241487,1790795671452,0.01249,0.07973,0.00316,0.00500,0.15604,0.00722,0.00103,0.05608,0.40492,0.02369,0.02432,0.22632,0.00174,0.00036,0.00241,0.00054,0.13324,0.00833,0.00117,0.06672,0.48008,0.00697,0.02748,0.27095,-52.35,4.859,-1,0.0000,-1.00,0.0000,0
241580,1790795671532,0.00208,0.07749,0.00467,0.00318,0.17459,0.00581,0.03891,0.00222,0.39110,0.02873,0.00664,0.26459,0.00214,0.00005,0.00460,0.00249,0.14818,0.00654,0.04655,0.00181,0.46813,0.00505,0.00666,0.30780,-53.13,4.693,-1,0.0000,-1.00,0.0000,0
241673,1790795671632,0.15376,0.04194,0.02927,0.00699,0.07042,0.12812,0.08201,0.00450,0.20600,0.11001,0.04882,0.11817,0.18356,0.00137,0.01130,0.00138,0.06015,0.11713,0.09775,0.00340,0.24656,0.11989,0.03528,0.12222,-54.02,2.472,-1,0.0000,-1.00,0.0000,0
241766,1790795671711,0.23481,0.03017,0.03527,0.00642,0.05635,0.14482,0.06446,0.00428,0.14845,0.14231,0.04324,0.08941,0.28038,0.00135,0.01039,0.00206,0.04931,0.11795,0.07697,0.00307,0.17747,0.16075,0.02843,0.09187,-54.68,2.818,-1,0.0000,-1.00,0.0000,0
241859,1790795671835,0.09192,0.08868,0.02505,0.01577,0.05839,0.10486,0.25710,0.00432,0.06090,0.11262,0.08294,0.09745,0.10914,0.09212,0.00554,0.00328,0.05820,0.10401,0.28968,0.00421,0.07221,0.12351,0.07876,0.05934,-54.75,3.085,-1,0.0000,-1.00,0.0000,0
241951,1790795671930,0.12064,0.09363,0.01389,0.01087,0.04436,0.12619,0.23292,0.02452,0.12360,0.05538,0.06959,0.08440,0.13308,0.08874,0.00496,0.00163,0.03739,0.13082,0.26149,0.02841,0.14777,0.05896,0.05745,0.04930,-54.65,2.795,-1,0.0000,-1.00,0.0000,0
242044,1790795672013,0.14022,0.02729,0.01493,0.00709,0.08690,0.17126,0.08629,0.00703,0.16826,0.05420,0.05979,0.17673,0.14812,0.01126,0.00762,0.00120,0.06612,0.17585,0.10093,0.00716,0.20137,0.05183,0.03679,0.19175,-54.24,2.121,-1,0.0000,-1.00,0.0000,0
242137,1790795672112,0.15972,0.03399,0.03389,0.01075,0.01710,0.08263,0.23465,0.17957,0.04733,0.04555,0.05333,0.10150,0.14787,0.03098,0.03006,0.00295,0.00706,0.06970,0.27167,0.21256,0.05611,0.05319,0.05009,0.06776,-54.51,2.816,-1,0.0000,-1.00,0.0000,0
242230,1790795672192,0.11597,0.02532,0.02053,0.03518,0.05602,0.12735,0.14629,0.10044,0.07172,0.04090,0.08810,0.17218,0.11565,0.01434,0.01618,0.02633,0.03299,0.12967,0.17203,0.11757,0.08071,0.04247,0.07985,0.17221,-53.80,2.066,-1,0.0000,-1.00,0.0000,0
242323,1790795672296,0.08481,0.05182,0.02077,0.01809,0.02028,0.05836,0.36951,0.12726,0.04707,0.04772,0.05339,0.10093,0.07194,0.05135,0.01423,0.01119,0.01732,0.05567,0.43256,0.14968,0.05418,0.05375,0.05294,0.03519,-53.39,4.434,-1,0.0000,-1.00,0.0000,0
242416,1790795672372,0.11596,0.02176,0.03445,0.03608,0.05088,0.04324,0.16390,0.30885,0.06052,0.03117,0.04458,0.08861,0.06697,0.01342,0.03537,0.03416,0.04753,0.03853,0.19373,0.36306,0.06384,0.02983,0.04578,0.06777,-54.98,3.706,-1,0.0000,-1.00,0.0000,0
242509,1790795672471,0.10835,0.02427,0.10749,0.04795,0.02005,0.08188,0.09702,0.08796,0.03886,0.17060,0.14426,0.07132,0.11804,0.02122,0.08864,0.02617,0.01172,0.07564,0.11204,0.08782,0.04092,0.20255,0.15786,0.05737,-57.74,2.047,-1,0.0000,-1.00,0.0000,0
242602,1790795672572,0.09087,0.01005,0.10504,0.04931,0.01783,0.10044,0.04546,0.01679,0.03343,0.22288,0.22959,0.07832,0.10666,0.00459,0.07310,0.00845,0.00467,0.09920,0.04869,0.01049,0.03839,0.26613,0.25544,0.08419,-60.30,2.755,-1,0.0000,-1.00,0.0000,0
242694,1790795672652,0.07478,0.01000,0.06900,0.06563,0.01943,0.09249,0.05476,0.04618,0.02035,0.16499,0.30744,0.07495,0.08149,0.00824,0.04378,0.00933,0.00835,0.09467,0.06304,0.04759,0.02238,0.19620,0.34962,0.07529,-58.34,3.689,-1,0.0000,-1.00,0.0000,0
242787,1790795672752,0.02146,0.01175,0.07107,0.05953,0.00902,0.09284,0.11298,0.01594,0.05679,0.18583,0.30625,0.05653,0.02334,0.00091,0.04111,0.00277,0.00269,0.10662,0.13520,0.01095,0.06746,0.22218,0.34582,0.04094,-57.42,3.675,-1,0.0000,-1.00,0.0000,0
242880,1790795672832,0.02341,0.00415,0.04550,0.10294,0.00501,0.09079,0.01080,0.01126,0.01648,0.13506,0.53371,0.02088,0.02716,0.00109,0.02251,0.00064,0.00173,0.10341,0.01272,0.00904,0.01959,0.16151,0.61901,0.02160,-57.04,6.404,-1,0.0000,-1.00,0.0000,0
242973,1790795672932,0.07940,0.01399,0.03319,0.04387,0.10632,0.10894,0.02324,0.02271,0.06255,0.06122,0.21392,0.23065,0.09053,0.00242,0.02812,0.00618,0.07368,0.11259,0.02717,0.02184,0.07372,0.05875,0.23401,0.27099,-54.29,2.768,-1,0.0000,-1.00,0.0000,0
243066,1790795673011,0.20684,0.03660,0.03079,0.00977,0.10864,0.15178,0.05407,0.01159,0.15448,0.11205,0.04889,0.07452,0.24567,0.00737,0.01479,0.00532,0.11496,0.13317,0.06332,0.01096,0.18405,0.11147,0.03218,0.07674,-52.92,2.482,-1,0.0000,-1.00,0.0000,0
243159,1790795673134,0.27476,0.01710,0.04295,0.00866,0.00826,0.27184,0.02912,0.01490,0.07936,0.16212,0.07888,0.01205,0.32617,0.00172,0.01329,0.00190,0.00839,0.26107,0.03437,0.01541,0.09471,0.19260,0.04276,0.00762,-53.66,3.297,-1,0.0000,-1.00,0.0000,0
243252,1790795673232,0.41109,0.00242,0.03127,0.00484,0.00156,0.32930,0.00420,0.00225,0.00418,0.13615,0.06982,0.00294,0.49231,0.00194,0.00518,0.00088,0.00137,0.29698,0.00465,0.00167,0.00484,0.16286,0.02479,0.00253,-54.68,4.933,-1,0.0000,-1.00,0.0000,0
243345,1790795673309,0.09711,0.00905,0.07396,0.01775,0.01401,0.25342,0.05805,0.00434,0.04189,0.28907,0.11977,0.02158,0.11590,0.00104,0.02053,0.00385,0.01435,0.28068,0.06792,0.00255,0.04943,0.34353,0.08788,0.01234,-55.38,3.469,-1,0.0000,-1.00,0.0000,0
243438,1790795673413,0.11780,0.01019,0.03651,0.02057,0.00527,0.35896,0.09514,0.00472,0.04570,0.11018,0.16037,0.03458,0.14072,0.00145,0.01768,0.00236,0.00257,0.40223,0.11371,0.00215,0.05429,0.13152,0.11242,0.01889,-56.63,4.308,-1,0.0000,-1.00,0.0000,0
243530,1790795673491,0.05874,0.02146,0.08167,0.01890,0.06562,0.21559,0.04197,0.01059,0.05588,0.25335,0.11490,0.06133,0.06925,0.01280,0.04027,0.00496,0.06593,0.24460,0.04756,0.00490,0.06598,0.29051,0.08919,0.06405,-56.54,3.040,-1,0.0000,-1.00,0.0000,0
243623,1790795673592,0.11406,0.01659,0.01044,0.01229,0.33263,0.15265,0.03607,0.01874,0.07670,0.08515,0.04811,0.09657,0.13248,0.00204,0.00679,0.00978,0.36894,0.16502,0.04280,0.02113,0.08997,0.02889,0.02493,0.10723,-54.90,3.992,-1,0.0000,-1.00,0.0000,0
243716,1790795673672,0.14265,0.01225,0.00675,0.00882,0.02542,0.37722,0.13285,0.04096,0.03455,0.02341,0.09243,0.10269,0.16132,0.00667,0.00301,0.00513,0.01227,0.42002,0.15784,0.04850,0.04038,0.02562,0.02748,0.09175,-53.88,4.527,-1,0.0000,-1.00,0.0000,0
243809,1790795673772,0.16971,0.00261,0.02148,0.00337,0.01373,0.02543,0.10196,0.58035,0.00466,0.00294,0.01846,0.05531,0.06639,0.00204,0.02535,0.00033,0.00798,0.01740,0.12122,0.69092,0.00552,0.00194,0.01867,0.04224,-54.08,6.964,-1,0.0000,-1.00,0.0000,0
243902,1790795673873,0.29660,0.00542,0.03942,0.01605,0.06198,0.06429,0.01639,0.22849,0.01664,0.01227,0.06786,0.17458,0.30256,0.00304,0.04563,0.00378,0.03355,0.01706,0.01901,0.26477,0.01919,0.00806,0.07794,0.20543,-55.45,3.559,-1,0.0000,-1.00,0.0000,0
243995,1790795673952,0.19735,0.00889,0.01494,0.01713,0.07303,0.04251,0.12480,0.16598,0.03719,0.04190,0.07618,0.20010,0.19742,0.00193,0.00975,0.00289,0.04583,0.01180,0.14910,0.19701,0.04399,0.04112,0.08894,0.21021,-55.76,2.401,-1,0.0000,-1.00,0.0000,0
244088,1790795674051,0.21240,0.00497,0.02005,0.02587,0.05687,0.03918,0.07672,0.18306,0.01234,0.01067,0.13062,0.22725,0.21189,0.00303,0.02218,0.00017,0.01769,0.00500,0.09131,0.21497,0.01476,0.00928,0.15552,0.25420,-55.39,2.727,-1,0.0000,-1.00,0.0000,0
244181,1790795674131,0.25560,0.00114,0.05341,0.01265,0.04606,0.04142,0.01702,0.32982,0.00444,0.00521,0.06231,0.17091,0.23115,0.00034,0.06337,0.00051,0.01554,0.00380,0.02033,0.38264,0.00522,0.00317,0.07390,0.20004,-56.22,3.958,-1,0.0000,-1.00,0.0000,0
244273,1790795674233,0.18357,0.01169,0.01915,0.01818,0.05571,0.03738,0.02783,0.35323,0.04038,0.01971,0.05805,0.17512,0.13564,0.00594,0.01927,0.00870,0.02641,0.01790,0.03195,0.41965,0.04645,0.01858,0.06600,0.20350,-56.79,4.239,-1,0.0000,-1.00,0.0000,0
244366,1790795674314,0.05507,0.01696,0.01938,0.10974,0.11223,0.16794,0.07323,0.09403,0.11318,0.03700,0.09803,0.10319,0.04140,0.00096,0.01889,0.11580,0.11340,0.19302,0.08742,0.10906,0.11266,0.02186,0.07920,0.10632,-56.09,2.015,-1,0.0000,-1.00,0.0000,0
244459,1790795674434,0.05002,0.00113,0.00473,0.02762,0.02396,0.39896,0.05851,0.13242,0.00528,0.00851,0.21605,0.07282,0.02859,0.00019,0.00416,0.00035,0.01389,0.47266,0.07004,0.15788,0.00612,0.00757,0.16518,0.07337,-53.56,4.788,-1,0.0000,-1.00,0.0000,0
244552,1790795674535,0.25252,0.00196,0.00177,0.00552,0.01376,0.04898,0.09897,0.47188,0.00130,0.00361,0.02825,0.07148,0.19051,0.00210,0.00142,0.00073,0.00416,0.02092,0.11817,0.56515,0.00141,0.00351,0.02970,0.06222,-52.28,5.663,-1,0.0000,-1.00,0.0000,0
244645,1790795674612,0.28648,0.00262,0.00301,0.00222,0.01382,0.03971,0.04573,0.54963,0.00526,0.00441,0.00895,0.03816,0.21281,0.00194,0.00293,0.00074,0.00963,0.00539,0.05441,0.65801,0.00615,0.00338,0.00966,0.03494,-53.06,6.596,-1,0.0000,-1.00,0.0000,0
244738,1790795674712,0.05840,0.00027,0.00468,0.01697,0.02538,0.56675,0.02172,0.04883,0.00149,0.00457,0.19282,0.05812,0.05857,0.00000,0.00521,0.00076,0.01763,0.66749,0.02601,0.05750,0.00164,0.00199,0.09873,0.06448,-54.58,6.801,-1,0.0000,-1.00,0.0000,0
244831,1790795674792,0.23416,0.00168,0.00824,0.01692,0.08962,0.17823,0.01022,0.21116,0.00595,0.02299,0.10827,0.11255,0.23071,0.00065,0.00760,0.00115,0.08113,0.16783,0.01203,0.25160,0.00690,0.01147,0.09646,0.13248,-57.22,2.810,-1,0.0000,-1.00,0.0000,0
244924,1790795674891,0.17427,0.00182,0.00931,0.05490,0.12265,0.06168,0.00892,0.15933,0.00841,0.03914,0.27859,0.08099,0.17120,0.00060,0.00690,0.00118,0.12821,0.03997,0.01057,0.18955,0.00984,0.02148,0.32589,0.09460,-55.83,3.343,-1,0.0000,-1.00,0.0000,0
245016,1790795674971,0.03805,0.00019,0.00121,0.12902,0.01383,0.10940,0.00133,0.02160,0.00068,0.00610,0.67059,0.00800,0.04048,0.00007,0.00058,0.00014,0.01474,0.12307,0.00158,0.02577,0.00079,0.00439,0.77913,0.00927,-52.62,8.047,-1,0.0000,-1.00,0.0000,0
245109,1790795675072,0.02646,0.00014,0.00052,0.08056,0.00501,0.39060,0.00030,0.00645,0.00032,0.00150,0.48260,0.00554,0.03019,0.00010,0.00045,0.00005,0.00470,0.46205,0.00033,0.00764,0.00038,0.00086,0.48667,0.00657,-51.64,5.791,-1,0.0000,-1.00,0.0000,0
245202,1790795675172,0.02933,0.00010,0.00142,0.10303,0.00961,0.24425,0.00968,0.01379,0.00052,0.00253,0.56708,0.01865,0.03193,0.00000,0.00140,0.00000,0.00754,0.28634,0.01160,0.01625,0.00062,0.00154,0.62273,0.02005,-51.85,6.805,-1,0.0000,-1.00,0.0000,0
245295,1790795675252,0.21689,0.00425,0.00523,0.02503,0.02108,0.05178,0.20688,0.20975,0.00531,0.01165,0.12060,0.12155,0.21018,0.00394,0.00373,0.00215,0.00610,0.02037,0.24709,0.25062,0.00594,0.01275,0.14046,0.09666,-52.62,2.603,-1,0.0000,-1.00,0.0000,0
245388,1790795675352,0.36393,0.00035,0.00111,0.00328,0.00319,0.05132,0.00130,0.55408,0.00066,0.00180,0.01573,0.00327,0.30450,0.00027,0.00102,0.00023,0.00310,0.00113,0.00150,0.66372,0.00075,0.00154,0.01863,0.00362,-52.47,6.649,-1,0.0000,-1.00,0.0000,0
245481,1790795675431,0.34097,0.00027,0.00234,0.00192,0.00510,0.04685,0.00320,0.57981,0.00146,0.00180,0.00843,0.00785,0.27093,0.00000,0.00254,0.00040,0.00439,0.00243,0.00384,0.69424,0.00165,0.00131,0.00962,0.00864,-51.97,6.958,-1,0.0000,-1.00,0.0000,0
245574,1790795675531,0.28687,0.00043,0.00377,0.00218,0.00696,0.03391,0.01692,0.61199,0.00186,0.00451,0.00674,0.02387,0.19859,0.00011,0.00358,0.00107,0.00340,0.00135,0.02025,0.73260,0.00202,0.00473,0.00780,0.02450,-51.85,7.344,-1,0.0000,-1.00,0.0000,0
245667,1790795675612,0.32958,0.00006,0.00063,0.00088,0.00380,0.04187,0.00143,0.60673,0.00032,0.00078,0.00357,0.01036,0.25085,0.00000,0.00065,0.00022,0.00214,0.00046,0.00171,0.72687,0.00034,0.00051,0.00419,0.01204,-51.11,7.281,-1,0.0000,-1.00,0.0000,0
245759,1790795675742,0.32404,0.00006,0.00093,0.00035,0.00501,0.04004,0.00013,0.62101,0.00029,0.00152,0.00182,0.00480,0.24081,0.00000,0.00094,0.00000,0.00485,0.00026,0.00016,0.74393,0.00035,0.00086,0.00213,0.00572,-50.83,7.452,-1,0.0000,-1.00,0.0000,0
245852,1790795675833,0.30078,0.00010,0.00096,0.00028,0.00548,0.03420,0.00023,0.65386,0.00052,0.00141,0.00147,0.00070,0.20513,0.00000,0.00107,0.00000,0.00639,0.00034,0.00028,0.78327,0.00062,0.00042,0.00170,0.00079,-50.27,7.846,-1,0.0000,-1.00,0.0000,0
245945,1790795675912,0.30978,0.00013,0.00127,0.00044,0.00328,0.03631,0.00022,0.64273,0.00081,0.00196,0.00224,0.00084,0.21852,0.00000,0.00120,0.00000,0.00374,0.00019,0.00026,0.76990,0.00097,0.00160,0.00265,0.00096,-50.12,7.713,0,0.9520,65.32,0.9520,1
246038,1790795676012,0.23642,0.00031,0.00158,0.00056,0.00273,0.01881,0.00121,0.73007,0.00172,0.00210,0.00255,0.00193,0.10992,0.00000,0.00151,0.00009,0.00287,0.00075,0.00140,0.87454,0.00204,0.00195,0.00291,0.00201,-50.90,8.761,-1,0.0000,-1.00,0.0000,0
246131,1790795676092,0.31745,0.00028,0.00159,0.00053,0.00332,0.03851,0.00052,0.63162,0.00115,0.00115,0.00274,0.00116,0.23041,0.00006,0.00177,0.00000,0.00373,0.00046,0.00061,0.75648,0.00138,0.00064,0.00319,0.00126,-50.77,7.579,-1,0.0000,-1.00,0.0000,0
246224,1790795676191,0.28318,0.00027,0.00110,0.00045,0.00830,0.03078,0.00054,0.66007,0.00098,0.00270,0.00162,0.01003,0.18256,0.00009,0.00097,0.00018,0.00759,0.00069,0.00063,0.79073,0.00114,0.00173,0.00180,0.01189,-51.34,7.921,-1,0.0000,-1.00,0.0000,0
246317,1790795676272,0.30311,0.00198,0.00555,0.00029,0.01604,0.03659,0.00102,0.60540,0.00111,0.00317,0.00151,0.02422,0.21965,0.00212,0.00643,0.00000,0.01349,0.00030,0.00081,0.72413,0.00132,0.00113,0.00175,0.02886,-51.66,7.265,-1,0.0000,-1.00,0.0000,0
246410,1790795676372,0.24373,0.00025,0.00178,0.00031,0.00535,0.02009,0.00060,0.71824,0.00074,0.00165,0.00154,0.00572,0.12146,0.00012,0.00194,0.00000,0.00507,0.00000,0.00044,0.86049,0.00089,0.00097,0.00184,0.00677,-51.01,8.619,-1,0.0000,-1.00,0.0000,0
246503,1790795676472,0.21972,0.00238,0.00958,0.00481,0.00342,0.01802,0.01579,0.69813,0.00973,0.00573,0.00820,0.00451,0.09771,0.00083,0.01026,0.00390,0.00376,0.00222,0.01876,0.83450,0.01088,0.00612,0.00938,0.00169,-50.71,8.378,-1,0.0000,-1.00,0.0000,0
246595,1790795676551,0.27570,0.00025,0.01262,0.00064,0.00327,0.03034,0.01014,0.65666,0.00082,0.00373,0.00104,0.00478,0.17496,0.00013,0.01436,0.00058,0.00326,0.00167,0.01206,0.78405,0.00087,0.00382,0.00092,0.00330,-50.48,7.880,-1,0.0000,-1.00,0.0000,0
246688,1790795676651,0.27293,0.00015,0.00074,0.00014,0.00170,0.02710,0.00026,0.69292,0.00033,0.00083,0.00075,0.00214,0.16247,0.00011,0.00075,0.00000,0.00155,0.00027,0.00029,0.83013,0.00039,0.00069,0.00084,0.00251,-50.36,8.315,-1,0.0000,-1.00,0.0000,0
246781,1790795676732,0.30101,0.00009,0.00113,0.00003,0.00460,0.03436,0.00011,0.65455,0.00047,0.00135,0.00025,0.00205,0.20526,0.00000,0.00123,0.00000,0.00503,0.00048,0.00013,0.78406,0.00056,0.00062,0.00020,0.00243,-49.81,7.855,-1,0.0000,-1.00,0.0000,0
246874,1790795676833,0.30530,0.00004,0.00045,0.00014,0.00352,0.03503,0.00033,0.65170,0.00024,0.00077,0.00039,0.00209,0.21106,0.00000,0.00050,0.00008,0.00374,0.00013,0.00039,0.78080,0.00027,0.00017,0.00044,0.00241,-50.20,7.820,-1,0.0000,-1.00,0.0000,0
246967,1790795676932,0.26977,0.00114,0.00302,0.00137,0.00817,0.02984,0.02251,0.62535,0.00398,0.00239,0.00208,0.03039,0.17509,0.00047,0.00319,0.00118,0.00368,0.00104,0.02686,0.74870,0.00454,0.00213,0.00228,0.03083,-51.75,7.504,-1,0.0000,-1.00,0.0000,0
247060,1790795677032,0.23281,0.00023,0.00106,0.00006,0.00649,0.01845,0.00589,0.71008,0.00115,0.00086,0.00033,0.02259,0.11048,0.00000,0.00118,0.00000,0.00272,0.00021,0.00705,0.85061,0.00138,0.00049,0.00036,0.02552,-51.93,8.521,-1,0.0000,-1.00,0.0000,0
247153,1790795677132,0.25288,0.00021,0.00297,0.00040,0.00587,0.02312,0.00179,0.70097,0.00069,0.00187,0.00062,0.00863,0.13664,0.00010,0.00332,0.00035,0.00507,0.00061,0.00212,0.83927,0.00075,0.00124,0.00062,0.00992,-50.96,8.412,-1,0.0000,-1.00,0.0000,0
247246,1790795677212,0.22418,0.00017,0.00055,0.00000,0.00263,0.01491,0.00042,0.75434,0.00088,0.00057,0.00003,0.00133,0.08946,0.00000,0.00064,0.00000,0.00282,0.00016,0.00050,0.90375,0.00105,0.00013,0.00000,0.00149,-50.20,9.052,-1,0.0000,-1.00,0.0000,0
247338,1790795677312,0.21814,0.00060,0.00488,0.00013,0.00501,0.01455,0.00134,0.73106,0.00135,0.01293,0.00065,0.00937,0.08794,0.00040,0.00292,0.00000,0.00385,0.00000,0.00152,0.87540,0.00160,0.01475,0.00078,0.01084,-50.14,8.773,-1,0.0000,-1.00,0.0000,0
247431,1790795677392,0.17016,0.00379,0.02062,0.00096,0.01086,0.00809,0.03730,0.66495,0.00592,0.04730,0.00233,0.02772,0.04648,0.00316,0.01380,0.00061,0.00816,0.00048,0.04407,0.79403,0.00697,0.05506,0.00270,0.02447,-50.94,7.979,-1,0.0000,-1.00,0.0000,0
247524,1790795677491,0.17412,0.00133,0.02345,0.00033,0.01386,0.00935,0.00479,0.67985,0.00115,0.06343,0.00093,0.02741,0.05472,0.00133,0.01349,0.00019,0.01170,0.00035,0.00547,0.81194,0.00134,0.07368,0.00104,0.02471,-51.33,8.158,-1,0.0000,-1.00,0.0000,0
247617,1790795677572,0.14408,0.00271,0.01631,0.00048,0.01801,0.00675,0.24023,0.46758,0.00355,0.03888,0.00135,0.06007,0.06200,0.00241,0.01085,0.00028,0.01385,0.00055,0.28736,0.55814,0.00420,0.04384,0.00150,0.01501,-50.92,5.611,-1,0.0000,-1.00,0.0000,0
247710,1790795677671,0.06122,0.11862,0.00649,0.00016,0.01437,0.00373,0.04110,0.21820,0.50132,0.01783,0.00042,0.01653,0.02169,0.02306,0.00413,0.00010,0.01505,0.00017,0.04468,0.26063,0.60068,0.01839,0.00047,0.01095,-51.14,6.016,-1,0.0000,-1.00,0.0000,0
247803,1790795677773,0.13721,0.02601,0.00502,0.00061,0.02505,0.01147,0.13400,0.51834,0.03058,0.01424,0.00185,0.09561,0.06641,0.02391,0.00336,0.00032,0.01839,0.00058,0.15583,0.62043,0.03658,0.01341,0.00210,0.05868,-51.40,6.220,-1,0.0000,-1.00,0.0000,0
247896,1790795677852,0.20602,0.03937,0.01539,0.00109,0.04438,0.01713,0.05104,0.45774,0.12430,0.02813,0.00315,0.01227,0.13865,0.01768,0.01347,0.00064,0.04334,0.00224,0.05765,0.54582,0.14882,0.02511,0.00332,0.00327,-52.84,5.493,-1,0.0000,-1.00,0.0000,0
247989,1790795677952,0.02937,0.04980,0.07658,0.00428,0.22853,0.00642,0.05425,0.10469,0.09866,0.13899,0.01080,0.19764,0.01617,0.03636,0.06776,0.00273,0.22979,0.00448,0.05765,0.11216,0.11758,0.12108,0.01205,0.22218,-56.56,2.742,-1,0.0000,-1.00,0.0000,0
248082,1790795678031,0.03413,0.00833,0.10866,0.00821,0.19896,0.00528,0.01391,0.11408,0.02625,0.33791,0.02359,0.12068,0.01502,0.00499,0.05820,0.00437,0.21035,0.00334,0.01568,0.12516,0.03059,0.36320,0.02760,0.14150,-57.29,4.055,-1,0.0000,-1.00,0.0000,0
248174,1790795678132,0.03210,0.01445,0.09436,0.00511,0.16054,0.00626,0.01494,0.03205,0.02139,0.28958,0.01214,0.31709,0.03277,0.01236,0.04889,0.00328,0.11750,0.00116,0.01545,0.02871,0.02498,0.32370,0.01431,0.37688,-56.73,3.805,-1,0.0000,-1.00,0.0000,0
248267,1790795678241,0.02305,0.00612,0.09533,0.00292,0.19853,0.00445,0.01361,0.04634,0.02724,0.22340,0.00957,0.34944,0.01806,0.00212,0.06728,0.00129,0.15551,0.00176,0.01194,0.04613,0.03239,0.23686,0.01112,0.41555,-57.15,4.193,-1,0.0000,-1.00,0.0000,0
248360,1790795678331,0.01833,0.03396,0.08142,0.00787,0.12124,0.00482,0.17105,0.05284,0.07668,0.19948,0.01330,0.21901,0.01153,0.02273,0.05412,0.00644,0.10043,0.00418,0.20046,0.05259,0.09061,0.21911,0.01511,0.22268,-58.23,2.628,-1,0.0000,-1.00,0.0000,0
248453,1790795678432,0.00587,0.02309,0.05763,0.00094,0.15668,0.00118,0.06782,0.02104,0.10889,0.20314,0.00353,0.35020,0.00330,0.00181,0.02504,0.00032,0.10778,0.00075,0.08091,0.02024,0.13041,0.22205,0.00408,0.40330,-58.46,4.202,-1,0.0000,-1.00,0.0000,0
248546,1790795678512,0.00927,0.01990,0.05834,0.00698,0.18490,0.00222,0.00886,0.02568,0.09317,0.13662,0.00941,0.44463,0.00661,0.00196,0.04202,0.00619,0.11623,0.00146,0.00997,0.02270,0.11041,0.14066,0.01099,0.53080,-58.16,5.336,-1,0.0000,-1.00,0.0000,0
248639,1790795678612,0.01364,0.02384,0.09208,0.00770,0.25500,0.00275,0.02147,0.04822,0.04136,0.23908,0.01249,0.24237,0.00738,0.01899,0.06331,0.00633,0.24868,0.00199,0.02196,0.04523,0.04831,0.23718,0.01457,0.28606,-58.28,3.060,-1,0.0000,-1.00,0.0000,0
248732,1790795678691,0.00728,0.03201,0.27419,0.00515,0.27337,0.00204,0.01289,0.06792,0.00706,0.24843,0.01713,0.05252,0.00319,0.03726,0.28191,0.00217,0.31541,0.00182,0.00806,0.02550,0.00792,0.23526,0.02017,0.06133,-57.83,3.290,-1,0.0000,-1.00,0.0000,0
248825,1790795678791,0.00798,0.01097,0.10108,0.01168,0.22570,0.00776,0.13209,0.02280,0.01932,0.24283,0.02564,0.19215,0.00694,0.00888,0.07252,0.00822,0.23094,0.00793,0.15624,0.01322,0.02152,0.24518,0.02915,0.19927,-57.75,2.914,-1,0.0000,-1.00,0.0000,0
248917,1790795678872,0.00297,0.00942,0.06232,0.00538,0.18074,0.00088,0.07779,0.01147,0.01555,0.19136,0.01266,0.42947,0.00212,0.00773,0.03386,0.00346,0.11812,0.00065,0.09146,0.00724,0.01794,0.20588,0.01504,0.49648,-57.84,5.154,-1,0.0000,-1.00,0.0000,0
249010,1790795678970,0.00666,0.01253,0.06883,0.00920,0.17233,0.00222,0.03624,0.01391,0.01453,0.19675,0.02168,0.44511,0.00624,0.01180,0.03976,0.00593,0.10238,0.00142,0.04108,0.00879,0.01623,0.21546,0.02570,0.52521,-58.14,5.341,-1,0.0000,-1.00,0.0000,0
249103,1790795679073,0.01210,0.08853,0.10484,0.00784,0.13892,0.01484,0.11298,0.03400,0.06875,0.05395,0.02157,0.34170,0.01080,0.09013,0.11635,0.00489,0.08991,0.01564,0.11751,0.01767,0.08141,0.04682,0.02274,0.38615,-58.47,4.100,-1,0.0000,-1.00,0.0000,0
249196,1790795679152,0.01199,0.11776,0.12222,0.00748,0.14431,0.01498,0.03763,0.03462,0.07825,0.08597,0.02553,0.31926,0.01082,0.12314,0.12988,0.00352,0.09791,0.01580,0.02054,0.01587,0.09306,0.08360,0.02746,0.37839,-58.34,3.831,-1,0.0000,-1.00,0.0000,0
249289,1790795679253,0.01246,0.05413,0.04233,0.00908,0.21581,0.01155,0.11961,0.01603,0.11584,0.10845,0.03093,0.26379,0.01241,0.03760,0.03277,0.00397,0.20127,0.01137,0.13587,0.01272,0.13751,0.09056,0.03481,0.28914,-57.26,3.165,-1,0.0000,-1.00,0.0000,0
249382,1790795679331,0.00436,0.07862,0.05891,0.01034,0.16857,0.00356,0.08272,0.01826,0.12770,0.16884,0.02017,0.25795,0.00225,0.06423,0.03613,0.00775,0.14411,0.00381,0.08635,0.01474,0.15146,0.17377,0.02341,0.29197,-56.94,3.095,-1,0.0000,-1.00,0.0000,0
249475,1790795679431,0.00727,0.12466,0.04744,0.02796,0.14989,0.00698,0.03002,0.01687,0.05010,0.17932,0.03074,0.32873,0.00525,0.13892,0.01826,0.02649,0.10190,0.00732,0.00843,0.01660,0.05477,0.19467,0.03538,0.39201,-56.73,3.945,-1,0.0000,-1.00,0.0000,0
249568,1790795679531,0.01680,0.03569,0.06653,0.12823,0.18544,0.03938,0.02752,0.02741,0.15041,0.13054,0.08528,0.10677,0.00978,0.01810,0.05649,0.13518,0.19793,0.04525,0.02784,0.02319,0.15343,0.11718,0.09322,0.12242,-55.88,2.225,-1,0.0000,-1.00,0.0000,0
249660,1790795679634,0.00414,0.16704,0.05363,0.01600,0.19392,0.00621,0.03981,0.01124,0.03294,0.27630,0.02967,0.16911,0.00197,0.19356,0.00598,0.01241,0.19255,0.00705,0.00919,0.01242,0.03592,0.29399,0.03415,0.20081,-56.27,3.316,-1,0.0000,-1.00,0.0000,0
249753,1790795679738,0.03016,0.07335,0.04707,0.32008,0.07132,0.00505,0.07303,0.10833,0.12618,0.04187,0.00986,0.09370,0.00116,0.08409,0.04904,0.38142,0.06599,0.00582,0.07084,0.12008,0.07558,0.03709,0.01066,0.09823,-54.32,3.841,-1,0.0000,-1.00,0.0000,0
249846,1790795679811,0.03270,0.02317,0.00262,0.55503,0.01333,0.00216,0.07237,0.07064,0.17810,0.01379,0.00243,0.03367,0.00767,0.02631,0.00030,0.66453,0.01106,0.00118,0.08148,0.08460,0.08167,0.01433,0.00267,0.02419,-52.66,6.660,-1,0.0000,-1.00,0.0000,0
249939,1790795679915,0.12005,0.01918,0.05218,0.02021,0.08052,0.12292,0.17467,0.01009,0.03670,0.25872,0.02461,0.08014,0.14150,0.01578,0.00444,0.02305,0.08565,0.11924,0.20602,0.01136,0.03941,0.29303,0.00584,0.05467,-54.23,3.105,-1,0.0000,-1.00,0.0000,0
250032,1790795679991,0.00716,0.02383,0.02460,0.03440,0.25047,0.00382,0.02551,0.02899,0.06455,0.09932,0.13142,0.30594,0.00227,0.01362,0.01487,0.01017,0.22855,0.00413,0.02787,0.03179,0.07533,0.07370,0.15665,0.36107,-54.66,3.671,-1,0.0000,-1.00,0.0000,0
250125,1790795680091,0.00327,0.01243,0.20579,0.00516,0.01431,0.01411,0.31352,0.03656,0.00421,0.28648,0.02288,0.08127,0.00214,0.01398,0.17901,0.00140,0.01243,0.01654,0.36835,0.01287,0.00471,0.34087,0.02414,0.02357,-54.03,3.762,-1,0.0000,-1.00,0.0000,0
250218,1790795680172,0.01299,0.13937,0.28609,0.01970,0.04474,0.02660,0.12760,0.04731,0.10596,0.09151,0.03054,0.06759,0.00633,0.14404,0.32247,0.01755,0.04059,0.03062,0.06280,0.05430,0.12253,0.10256,0.03053,0.06568,-56.64,3.433,-1,0.0000,-1.00,0.0000,0
250311,1790795680272,0.02636,0.07657,0.05566,0.01770,0.10658,0.02649,0.13039,0.09039,0.08917,0.15374,0.07106,0.15589,0.00948,0.07267,0.03396,0.00551,0.09624,0.02986,0.14143,0.10198,0.10575,0.16514,0.07923,0.15875,-59.91,1.871,-1,0.0000,-1.00,0.0000,0
250403,1790795680372,0.03199,0.11038,0.03884,0.02257,0.06757,0.01006,0.08990,0.14481,0.12906,0.11664,0.06561,0.17256,0.00417,0.10264,0.02054,0.01190,0.04341,0.01123,0.08737,0.16944,0.15229,0.13116,0.07639,0.18944,-61.56,2.071,-1,0.0000,-1.00,0.0000,0
250496,1790795680452,0.01977,0.08497,0.08552,0.01475,0.10736,0.01668,0.04288,0.06262,0.04751,0.21996,0.05766,0.24033,0.00829,0.09313,0.05308,0.00469,0.07281,0.01834,0.03191,0.06552,0.05600,0.24913,0.06545,0.28165,-63.62,2.884,-1,0.0000,-1.00,0.0000,0
250589,1790795680552,0.02094,0.08154,0.09894,0.03012,0.13130,0.01368,0.05036,0.04254,0.06672,0.17502,0.08850,0.20034,0.01267,0.08766,0.08128,0.01564,0.11087,0.01437,0.04113,0.03671,0.07656,0.18803,0.10320,0.23190,-65.11,2.404,-1,0.0000,-1.00,0.0000,0
250682,1790795680632,0.11365,0.11669,0.03223,0.02640,0.11043,0.02456,0.07431,0.11979,0.05320,0.14248,0.07151,0.11475,0.10362,0.13230,0.00867,0.01520,0.10225,0.01416,0.06254,0.14210,0.06012,0.15106,0.08288,0.12510,-63.71,1.710,-1,0.0000,-1.00,0.0000,0
250775,1790795680750,0.06803,0.07256,0.15086,0.01532,0.07300,0.01179,0.04238,0.14132,0.03602,0.13933,0.02698,0.22241,0.05120,0.07886,0.14907,0.01210,0.03551,0.00398,0.02204,0.15289,0.04076,0.15991,0.03154,0.26213,-62.51,2.669,-1,0.0000,-1.00,0.0000,0
250868,1790795680832,0.10346,0.10408,0.08611,0.01238,0.09643,0.05252,0.03483,0.10023,0.02179,0.09355,0.04715,0.24747,0.10295,0.12029,0.08315,0.00530,0.05747,0.04253,0.01789,0.10361,0.02471,0.10104,0.04807,0.29299,-63.60,2.970,-1,0.0000,-1.00,0.0000,0
250961,1790795680932,0.04988,0.04146,0.04753,0.01763,0.13807,0.01257,0.16423,0.05925,0.04288,0.11660,0.05281,0.25709,0.04598,0.04087,0.03365,0.00881,0.11178,0.00595,0.18869,0.06433,0.04963,0.11755,0.06210,0.27066,-64.39,3.085,-1,0.0000,-1.00,0.0000,0
251054,1790795681031,0.18651,0.02573,0.10586,0.02153,0.09392,0.04786,0.03661,0.11914,0.03194,0.13040,0.06177,0.13873,0.20069,0.02370,0.09908,0.01181,0.08145,0.01757,0.03704,0.12524,0.03593,0.14010,0.07053,0.15686,-63.44,2.238,-1,0.0000,-1.00,0.0000,0
251147,1790795681111,0.10374,0.03112,0.20527,0.03694,0.06051,0.08595,0.03824,0.12582,0.06158,0.10561,0.10100,0.04423,0.10314,0.02368,0.22323,0.02357,0.06205,0.08410,0.04088,0.10676,0.06868,0.11467,0.10435,0.04489,-60.72,2.463,-1,0.0000,-1.00,0.0000,0
251239,1790795681211,0.09633,0.01315,0.20947,0.01506,0.02416,0.15718,0.02086,0.04211,0.02837,0.29116,0.05864,0.04349,0.11181,0.01027,0.18256,0.01064,0.01953,0.16618,0.02296,0.01427,0.03168,0.34522,0.03733,0.04756,-60.06,3.494,-1,0.0000,-1.00,0.0000,0
251332,1790795681293,0.04935,0.00480,0.38162,0.00340,0.00985,0.08468,0.02429,0.07082,0.00813,0.32174,0.02624,0.01508,0.05729,0.00387,0.38120,0.00140,0.00904,0.09040,0.02833,0.00930,0.00947,0.38373,0.01352,0.01246,-60.45,4.579,-1,0.0000,-1.00,0.0000,0
251425,1790795681392,0.04099,0.01183,0.19232,0.02819,0.02683,0.06636,0.00930,0.07279,0.05267,0.41388,0.05460,0.03023,0.03686,0.00280,0.13313,0.02365,0.02539,0.07221,0.01059,0.06083,0.05842,0.49090,0.05111,0.03413,-57.43,4.967,-1,0.0000,-1.00,0.0000,0
251518,1790795681472,0.02404,0.01352,0.23266,0.01621,0.02135,0.06624,0.01333,0.05492,0.05474,0.43189,0.05925,0.01185,0.02238,0.00393,0.17702,0.00831,0.02303,0.07528,0.01519,0.03072,0.06354,0.51335,0.05607,0.01118,-56.04,5.183,-1,0.0000,-1.00,0.0000,0
251611,1790795681572,0.01351,0.01603,0.10333,0.04841,0.23471,0.02122,0.00566,0.02606,0.07725,0.32459,0.11990,0.00932,0.01197,0.00231,0.05769,0.03044,0.27926,0.02305,0.00608,0.02003,0.08653,0.33358,0.13910,0.00996,-56.82,3.895,-1,0.0000,-1.00,0.0000,0
251704,1790795681671,0.00683,0.00288,0.08700,0.02193,0.44521,0.00837,0.00203,0.00953,0.00850,0.31797,0.08456,0.00518,0.00778,0.00179,0.04964,0.00653,0.53232,0.00848,0.00207,0.00158,0.00888,0.27549,0.09965,0.00580,-55.56,5.342,-1,0.0000,-1.00,0.0000,0
251797,1790795681752,0.00895,0.00385,0.17937,0.00263,0.07234,0.16021,0.00279,0.01973,0.01630,0.46859,0.03964,0.02560,0.01030,0.00079,0.10680,0.00120,0.08074,0.18993,0.00318,0.00248,0.01929,0.54547,0.00985,0.02998,-56.64,5.623,-1,0.0000,-1.00,0.0000,0
251890,1790795681851,0.02130,0.00422,0.34363,0.00591,0.04031,0.02837,0.00813,0.06412,0.01196,0.37792,0.02465,0.06947,0.02276,0.00251,0.32325,0.00238,0.03216,0.02949,0.00880,0.01319,0.01385,0.44648,0.02369,0.08144,-59.38,4.535,-1,0.0000,-1.00,0.0000,0
251982,1790795681932,0.00748,0.01071,0.12326,0.07881,0.01502,0.05092,0.01510,0.03144,0.04757,0.23051,0.35798,0.03120,0.00528,0.00205,0.09333,0.01175,0.01130,0.05997,0.01767,0.01920,0.05442,0.27422,0.41705,0.03376,-56.06,4.296,-1,0.0000,-1.00,0.0000,0
252075,1790795682052,0.00351,0.01052,0.07917,0.04775,0.07497,0.11186,0.00524,0.01557,0.05012,0.13619,0.15927,0.30582,0.00279,0.00184,0.06319,0.02463,0.01742,0.13348,0.00582,0.00623,0.05517,0.15974,0.16438,0.36529,-55.04,3.670,-1,0.0000,-1.00,0.0000,0
252168,1790795682131,0.06610,0.01056,0.29936,0.09726,0.00610,0.00829,0.02239,0.25825,0.15445,0.04298,0.01771,0.01655,0.00467,0.00729,0.34866,0.11269,0.00432,0.00906,0.02536,0.24036,0.16273,0.05064,0.01942,0.01480,-55.01,3.592,-1,0.0000,-1.00,0.0000,0
252261,1790795682246,0.06446,0.01860,0.13882,0.02039,0.02240,0.04608,0.11367,0.12123,0.03373,0.25466,0.08768,0.07827,0.04863,0.01850,0.10636,0.00539,0.01346,0.04558,0.13254,0.12417,0.03925,0.30258,0.09603,0.06751,-56.75,3.056,-1,0.0000,-1.00,0.0000,0
252354,1790795682331,0.02115,0.00760,0.09622,0.07501,0.06282,0.04965,0.02742,0.04449,0.05313,0.16943,0.34890,0.04419,0.00788,0.00680,0.07764,0.00928,0.06601,0.05793,0.03150,0.03792,0.06182,0.18993,0.40658,0.04671,-58.06,4.187,-1,0.0000,-1.00,0.0000,0
252447,1790795682412,0.01415,0.01138,0.12624,0.05200,0.03808,0.02029,0.00469,0.04796,0.03416,0.38095,0.25409,0.01601,0.00743,0.00621,0.06243,0.00285,0.04200,0.02284,0.00439,0.04509,0.04036,0.44814,0.29994,0.01832,-56.72,4.571,-1,0.0000,-1.00,0.0000,0
252540,1790795682511,0.01431,0.07968,0.05874,0.03162,0.05033,0.05241,0.00424,0.01962,0.39790,0.22120,0.05238,0.01757,0.01296,0.00238,0.02004,0.02781,0.05623,0.06032,0.00461,0.01953,0.47119,0.25398,0.05080,0.02014,-54.58,4.775,-1,0.0000,-1.00,0.0000,0
252633,1790795682592,0.00352,0.00299,0.02694,0.09645,0.05440,0.20291,0.00394,0.00771,0.01217,0.05668,0.52380,0.00848,0.00322,0.00072,0.02130,0.00068,0.06335,0.24250,0.00457,0.00502,0.01441,0.05539,0.57957,0.00926,-55.28,6.286,-1,0.0000,-1.00,0.0000,0
252725,1790795682692,0.02740,0.04465,0.16281,0.04601,0.02840,0.06835,0.00697,0.11365,0.20293,0.11820,0.14402,0.03661,0.01167,0.00703,0.16799,0.02404,0.02561,0.07958,0.00696,0.10288,0.23827,0.13667,0.15679,0.04249,-58.07,2.435,-1,0.0000,-1.00,0.0000,0
252818,1790795682773,0.03125,0.06043,0.11024,0.03066,0.01683,0.02971,0.02169,0.13264,0.29891,0.13035,0.09685,0.04044,0.00673,0.00519,0.10159,0.01508,0.01153,0.03426,0.02486,0.13890,0.35517,0.15390,0.10926,0.04353,-57.98,3.587,-1,0.0000,-1.00,0.0000,0
252911,1790795682871,0.00939,0.02613,0.22583,0.03154,0.05018,0.03765,0.01473,0.04574,0.11812,0.29581,0.12216,0.02270,0.00726,0.00482,0.20240,0.01050,0.05532,0.04374,0.01648,0.01490,0.13889,0.34405,0.13770,0.02394,-56.41,3.550,-1,0.0000,-1.00,0.0000,0
253004,1790795682971,0.00330,0.07638,0.07623,0.01288,0.03573,0.01750,0.00086,0.00391,0.38904,0.35223,0.02975,0.00220,0.00304,0.00057,0.00855,0.00916,0.04232,0.02037,0.00092,0.00299,0.46040,0.41761,0.03161,0.00245,-53.46,4.668,-1,0.0000,-1.00,0.0000,0
253097,1790795683052,0.00102,0.00175,0.01666,0.03686,0.01018,0.57053,0.00255,0.00274,0.00903,0.04796,0.29824,0.00248,0.00088,0.00000,0.00904,0.00018,0.01173,0.68345,0.00304,0.00151,0.01078,0.05514,0.22187,0.00237,-53.65,6.846,-1,0.0000,-1.00,0.0000,0
253190,1790795683152,0.01027,0.01952,0.10306,0.03667,0.02549,0.22195,0.01537,0.02009,0.07735,0.20497,0.21729,0.04798,0.01051,0.00512,0.07558,0.00269,0.01983,0.26387,0.01740,0.00909,0.09214,0.24168,0.20806,0.05404,-55.99,2.663,-1,0.0000,-1.00,0.0000,0
253283,1790795683246,0.08458,0.02225,0.03518,0.01273,0.00780,0.06513,0.23446,0.25792,0.03041,0.12700,0.06411,0.05842,0.03866,0.02145,0.01223,0.00279,0.00634,0.07038,0.27669,0.30663,0.03589,0.15092,0.06287,0.01515,-55.64,3.095,-1,0.0000,-1.00,0.0000,0
253376,1790795683352,0.10194,0.01029,0.04172,0.01264,0.00405,0.06515,0.11903,0.51155,0.01989,0.01891,0.06284,0.03200,0.00243,0.00774,0.04561,0.00326,0.00279,0.07758,0.14109,0.60392,0.02319,0.02210,0.05992,0.01037,-55.50,6.139,-1,0.0000,-1.00,0.0000,0
253469,1790795683433,0.05388,0.07948,0.16558,0.05144,0.01164,0.12101,0.30426,0.06392,0.03082,0.02105,0.03743,0.05949,0.05618,0.09020,0.19391,0.05802,0.01306,0.13408,0.33932,0.04553,0.02543,0.02264,0.01827,0.00337,-53.20,3.651,-1,0.0000,-1.00,0.0000,0
253561,1790795683531,0.00220,0.00384,0.03128,0.07567,0.12924,0.51813,0.00750,0.01003,0.03526,0.04339,0.14104,0.00243,0.00094,0.00219,0.03100,0.08155,0.15461,0.62065,0.00829,0.00614,0.01471,0.03271,0.04597,0.00124,-51.99,6.218,-1,0.0000,-1.00,0.0000,0
253654,1790795683631,0.01777,0.02348,0.03901,0.05852,0.01926,0.29289,0.10345,0.05558,0.01387,0.07256,0.27745,0.02616,0.00884,0.02598,0.03035,0.01794,0.02154,0.34920,0.11880,0.06058,0.01306,0.08267,0.26323,0.00780,-53.75,3.515,-1,0.0000,-1.00,0.0000,0
253747,1790795683712,0.01146,0.07627,0.01770,0.02165,0.00475,0.02208,0.57896,0.02797,0.00270,0.02348,0.09962,0.11335,0.00771,0.09090,0.01581,0.00326,0.00522,0.02503,0.67570,0.03039,0.00246,0.02723,0.11441,0.00188,-55.64,6.948,-1,0.0000,-1.00,0.0000,0
253840,1790795683822,0.01618,0.00583,0.14877,0.03445,0.06067,0.22846,0.15624,0.02341,0.01123,0.15661,0.12717,0.03099,0.01737,0.00517,0.14390,0.02170,0.07204,0.27050,0.17550,0.01021,0.00916,0.17337,0.09876,0.00234,-55.60,2.741,-1,0.0000,-1.00,0.0000,0
253933,1790795683892,0.01852,0.02897,0.06291,0.02816,0.05247,0.34133,0.03977,0.02923,0.13038,0.15303,0.10047,0.01476,0.01678,0.00483,0.04143,0.02583,0.06120,0.40567,0.04663,0.02688,0.15111,0.17124,0.03996,0.00844,-55.18,4.096,-1,0.0000,-1.00,0.0000,0
254026,1790795683992,0.01595,0.00383,0.06274,0.01738,0.43427,0.07532,0.08819,0.01598,0.01784,0.19842,0.03571,0.03437,0.01722,0.00107,0.04824,0.01575,0.51634,0.08683,0.10547,0.00958,0.01778,0.13586,0.02558,0.02028,-56.32,5.211,-1,0.0000,-1.00,0.0000,0
254119,1790795684072,0.05117,0.03859,0.06977,0.08288,0.10491,0.06634,0.04129,0.21805,0.14144,0.05019,0.09010,0.04527,0.01252,0.01582,0.07622,0.08098,0.11568,0.07811,0.04634,0.24616,0.15343,0.03721,0.09248,0.04506,-53.61,2.617,-1,0.0000,-1.00,0.0000,0
254212,1790795684172,0.01199,0.00196,0.19036,0.10768,0.00810,0.02477,0.36342,0.09209,0.02659,0.08055,0.01805,0.07444,0.00067,0.00101,0.20929,0.12591,0.00912,0.02955,0.43500,0.06912,0.00674,0.09487,0.01577,0.00297,-52.61,4.361,-1,0.0000,-1.00,0.0000,0
254304,1790795684273,0.00912,0.01694,0.23509,0.08206,0.00687,0.02596,0.05930,0.08037,0.01487,0.25835,0.18905,0.02202,0.00047,0.01895,0.22055,0.05465,0.00564,0.03102,0.06729,0.05259,0.00699,0.30845,0.22038,0.01304,-53.58,3.100,-1,0.0000,-1.00,0.0000,0
254397,1790795684351,0.00898,0.26491,0.29929,0.03749,0.01076,0.01417,0.07728,0.09888,0.02687,0.05879,0.06657,0.03598,0.00083,0.31223,0.34486,0.02977,0.00554,0.01684,0.03071,0.05012,0.02622,0.06943,0.07643,0.03703,-54.52,3.591,-1,0.0000,-1.00,0.0000,0
