t_audio_ms,t_wall_ms,displayed,passage,showPassage,best,second,rBest,rDisplayed,rSecond,confidence,nearby,challenge,challengeProgress,event,evidenceSeconds,songSeconds,passageSeconds,labelChanges,songMature,config
1671,1790794108527,,,0,E Menor,G Maior,0.6481,0.0000,0.6233,0.0992,"G Maior;A Menor;E Maior",,0.00,,0.00,0.00,0.00,0,0,"v2;w20;harm;aar;song60;far12;near45;tol0.8;floor0.25;drain0.5;bass0.25"
2229,1790794109028,,,0,D Maior,B Menor,0.7467,0.0000,0.6412,0.4219,"B Menor;E Menor;G Maior",,0.00,,0.00,0.61,0.61,0,0,"v2;w20;harm;aar;song60;far12;near45;tol0.8;floor0.25;drain0.5;bass0.25"
2693,1790794109528,,,0,D Maior,G Maior,0.7369,0.0000,0.5930,0.5756,"G Maior;E Menor;B Menor",,0.00,,0.00,1.09,1.09,0,0,"v2;w20;harm;aar;song60;far12;near45;tol0.8;floor0.25;drain0.5;bass0.25"
3157,1790794110028,,,0,D Maior,G Maior,0.6842,0.0000,0.6016,0.3304,"G Maior;E Menor;B Menor",,0.00,,0.00,1.53,1.53,0,0,"v2;w20;harm;aar;song60;far12;near45;tol0.8;floor0.25;drain0.5;bass0.25"
3715,1790794110527,D Maior,D Maior,0,D Maior,E Menor,0.6223,0.6223,0.6051,0.0688,"E Menor;G Maior;B Menor",,0.00,,0.00,2.10,2.10,0,0,"v2;w20;harm;aar;song60;far12;near45;tol0.8;floor0.25;drain0.5;bass0.25"
4179,1790794111028,D Maior,D Maior,0,D Maior,G Maior,0.6330,0.6330,0.5963,0.1465,"G Maior;E Menor;F# Menor",,0.00,,0.00,2.57,2.57,0,0,"v2;w20;harm;aar;song60;far12;near45;tol0.8;floor0.25;drain0.5;bass0.25"
4736,1790794111528,D Maior,D Maior,0,D Maior,G Maior,0.5951,0.5951,0.5836,0.0459,"G Maior;E Menor;F# Menor",,0.00,,0.00,3.11,3.11,0,0,"v2;w20;harm;aar;song60;far12;near45;tol0.8;floor0.25;drain0.5;bass0.25"
5201,1790794112027,D Maior,D Maior,0,E Menor,E Menor,0.5904,0.0000,0.5904,0.0000,"E Menor;G Maior;B Menor",,0.00,,0.00,3.59,3.59,0,0,"v2;w20;harm;aar;song60;far12;near45;tol0.8;floor0.25;drain0.5;bass0.25"
5665,1790794112528,D Maior,D Maior,0,D Maior,E Menor,0.5993,0.5993,0.5900,0.0371,"E Menor;G Maior;B Menor",,0.00,,0.00,4.05,4.05,0,0,"v2;w20;harm;aar;song60;far12;near45;tol0.8;floor0.25;drain0.5;bass0.25"
6222,1790794113028,D Maior,D Maior,0,D Maior,E Menor,0.5908,0.5908,0.5884,0.0097,"E Menor;G Maior;B Menor",,0.00,,0.00,4.59,4.59,0,0,"v2;w20;harm;aar;song60;far12;near45;tol0.8;floor0.25;drain0.5;bass0.25"
6687,1790794113527,D Maior,D Maior,0,E Menor,E Menor,0.5983,0.0000,0.5983,0.0000,"E Menor;G Maior;B Menor",,0.00,,0.00,5.07,5.07,0,0,"v2;w20;harm;aar;song60;far12;near45;tol0.8;floor0.25;drain0.5;bass0.25"
7151,1790794114028,D Maior,D Maior,0,E Menor,E Menor,0.6078,0.0000,0.6078,0.0000,"E Menor;G Maior;B Menor",,0.00,,0.00,5.53,5.53,0,0,"v2;w20;harm;aar;song60;far12;near45;tol0.8;floor0.25;drain0.5;bass0.25"
7709,1790794114528,D Maior,D Maior,0,E Menor,E Menor,0.6070,0.0000,0.6070,0.0000,"E Menor;G Maior;B Menor",,0.00,,0.00,6.09,6.09,0,0,"v2;w20;harm;aar;song60;far12;near45;tol0.8;floor0.25;drain0.5;bass0.25"
8173,1790794115028,D Maior,D Maior,0,E Menor,E Menor,0.6082,0.0000,0.6082,0.0000,"E Menor;G Maior;B Menor",,0.00,,0.00,6.55,6.55,0,0,"v2;w20;harm;aar;song60;far12;near45;tol0.8;floor0.25;drain0.5;bass0.25"
8730,1790794115528,D Maior,D Maior,0,E Menor,E Menor,0.6055,0.0000,0.6055,0.0000,"E Menor;G Maior;B Menor",,0.00,,0.00,7.11,7.11,0,0,"v2;w20;harm;aar;song60;far12;near45;tol0.8;floor0.25;drain0.5;bass0.25"
9195,1790794116028,D Maior,D Maior,0,E Menor,E Menor,0.6110,0.0000,0.6110,0.0000,"E Menor;G Maior;B Menor",,0.00,,0.00,7.59,7.59,0,0,"v2;w20;harm;aar;song60;far12;near45;tol0.8;floor0.25;drain0.5;bass0.25"
9659,1790794116528,D Maior,D Maior,0,E Menor,E Menor,0.6041,0.0000,0.6041,0.0000,"E Menor;G Maior;B Menor",,0.00,,0.00,8.03,8.03,0,0,"v2;w20;harm;aar;song60;far12;near45;tol0.8;floor0.25;drain0.5;bass0.25"
10216,1790794117029,D Maior,D Maior,0,E Menor,E Menor,0.6022,0.0000,0.6022,0.0000,"E Menor;G Maior;B Menor",,0.00,,0.00,8.62,8.62,0,0,"v2;w20;harm;aar;song60;far12;near45;tol0.8;floor0.25;drain0.5;bass0.25"
10681,1790794117528,D Maior,D Maior,0,E Menor,E Menor,0.6026,0.0000,0.6026,0.0000,"E Menor;G Maior;B Menor",,0.00,,0.00,9.07,9.07,0,0,"v2;w20;harm;aar;song60;far12;near45;tol0.8;floor0.25;drain0.5;bass0.25"
11238,1790794118028,D Maior,D Maior,0,E Menor,E Menor,0.6118,0.0000,0.6118,0.0000,"E Menor;G Maior;B Menor",,0.00,,0.00,9.61,9.61,0,0,"v2;w20;harm;aar;song60;far12;near45;tol0.8;floor0.25;drain0.5;bass0.25"
11702,1790794118529,D Maior,D Maior,0,E Menor,E Menor,0.6064,0.0000,0.6064,0.0000,"E Menor;G Maior;B Menor",,0.00,,0.00,10.09,10.09,0,0,"v2;w20;harm;aar;song60;far12;near45;tol0.8;floor0.25;drain0.5;bass0.25"
12167,1790794119029,D Maior,D Maior,0,E Menor,E Menor,0.6153,0.0000,0.6153,0.0000,"E Menor;G Maior;B Menor",,0.00,,0.00,10.55,10.55,0,0,"v2;w20;harm;aar;song60;far12;near45;tol0.8;floor0.25;drain0.5;bass0.25"
12724,1790794119529,D Maior,D Maior,0,E Menor,E Menor,0.6177,0.0000,0.6177,0.0000,"E Menor;G Maior;B Menor",,0.00,,0.00,11.11,11.11,0,0,"v2;w20;harm;aar;song60;far12;near45;tol0.8;floor0.25;drain0.5;bass0.25"
13188,1790794120029,D Maior,D Maior,0,E Menor,E Menor,0.6195,0.0000,0.6195,0.0000,"E Menor;G Maior;B Menor",,0.00,,0.00,11.57,11.57,0,0,"v2;w20;harm;aar;song60;far12;near45;tol0.8;floor0.25;drain0.5;bass0.25"
13653,1790794120529,D Maior,D Maior,0,E Menor,E Menor,0.6177,0.0000,0.6177,0.0000,"E Menor;G Maior;B Menor",,0.00,,0.00,12.03,12.03,0,0,"v2;w20;harm;aar;song60;far12;near45;tol0.8;floor0.25;drain0.5;bass0.25"
14210,1790794121029,D Maior,D Maior,0,E Menor,E Menor,0.6180,0.0000,0.6180,0.0000,"E Menor;G Maior;B Menor",,0.00,,0.00,12.59,12.59,0,0,"v2;w20;harm;aar;song60;far12;near45;tol0.8;floor0.25;drain0.5;bass0.25"
14675,1790794121529,D Maior,D Maior,0,E Menor,E Menor,0.6172,0.0000,0.6172,0.0000,"E Menor;G Maior;B Menor",,0.00,,0.00,13.05,13.05,0,0,"v2;w20;harm;aar;song60;far12;near45;tol0.8;floor0.25;drain0.5;bass0.25"
15232,1790794122029,D Maior,D Maior,0,E Menor,E Menor,0.6186,0.0000,0.6186,0.0000,"E Menor;G Maior;B Menor",,0.00,,0.00,13.61,13.61,0,0,"v2;w20;harm;aar;song60;far12;near45;tol0.8;floor0.25;drain0.5;bass0.25"
15696,1790794122529,D Maior,D Maior,0,E Menor,E Menor,0.6215,0.0000,0.6215,0.0000,"E Menor;G Maior;B Menor",,0.00,,0.00,14.09,14.09,0,0,"v2;w20;harm;aar;song60;far12;near45;tol0.8;floor0.25;drain0.5;bass0.25"
16161,1790794123029,D Maior,D Maior,0,E Menor,E Menor,0.6193,0.0000,0.6193,0.0000,"E Menor;G Maior;B Menor",,0.00,,0.00,14.53,14.53,0,0,"v2;w20;harm;aar;song60;far12;near45;tol0.8;floor0.25;drain0.5;bass0.25"
16718,1790794123529,D Maior,D Maior,0,E Menor,E Menor,0.6359,0.0000,0.6359,0.0000,"E Menor;G Maior;B Menor",,0.00,,0.00,15.11,15.11,0,0,"v2;w20;harm;aar;song60;far12;near45;tol0.8;floor0.25;drain0.5;bass0.25"
17182,1790794124029,D Maior,D Maior,0,E Menor,E Menor,0.6362,0.0000,0.6362,0.0000,"E Menor;G Maior;B Menor",,0.00,,0.00,15.57,15.57,0,0,"v2;w20;harm;aar;song60;far12;near45;tol0.8;floor0.25;drain0.5;bass0.25"
17740,1790794124530,D Maior,D Maior,0,E Menor,E Menor,0.6203,0.0000,0.6203,0.0000,"E Menor;G Maior;B Menor",,0.00,,0.00,16.11,16.11,0,0,"v2;w20;harm;aar;song60;far12;near45;tol0.8;floor0.25;drain0.5;bass0.25"
18204,1790794125029,D Maior,D Maior,0,E Menor,E Menor,0.6105,0.0000,0.6105,0.0000,"E Menor;G Maior;B Menor",,0.00,,0.00,16.59,16.59,0,0,"v2;w20;harm;aar;song60;far12;near45;tol0.8;floor0.25;drain0.5;bass0.25"
18668,1790794125529,D Maior,D Maior,0,E Menor,E Menor,0.5989,0.0000,0.5989,0.0000,"E Menor;G Maior;B Menor",,0.00,,0.00,17.05,17.05,0,0,"v2;w20;harm;aar;song60;far12;near45;tol0.8;floor0.25;drain0.5;bass0.25"
19226,1790794126029,D Maior,D Maior,0,E Menor,E Menor,0.5865,0.0000,0.5865,0.0000,"E Menor;G Maior;B Menor",,0.00,,0.00,17.61,17.61,0,0,"v2;w20;harm;aar;song60;far12;near45;tol0.8;floor0.25;drain0.5;bass0.25"
19690,1790794126529,D Maior,D Maior,0,E Menor,E Menor,0.5741,0.0000,0.5741,0.0000,"E Menor;E Maior;B Menor",,0.00,,0.00,18.07,18.07,0,0,"v2;w20;harm;aar;song60;far12;near45;tol0.8;floor0.25;drain0.5;bass0.25"
20154,1790794127030,D Maior,D Maior,0,E Menor,E Menor,0.5748,0.0000,0.5748,0.0000,"E Menor;B Menor;E Maior",,0.00,,0.00,18.53,18.53,0,0,"v2;w20;harm;aar;song60;far12;near45;tol0.8;floor0.25;drain0.5;bass0.25"
20712,1790794127529,D Maior,D Maior,0,E Menor,E Menor,0.5647,0.0000,0.5647,0.0000,"E Menor;B Menor;E Maior",,0.00,,0.00,19.09,19.09,0,0,"v2;w20;harm;aar;song60;far12;near45;tol0.8;floor0.25;drain0.5;bass0.25"
21176,1790794128029,D Maior,D Maior,0,E Menor,E Menor,0.5592,0.0000,0.5592,0.0000,"E Menor;B Menor;E Maior",,0.00,,0.00,19.55,19.55,0,0,"v2;w20;harm;aar;song60;far12;near45;tol0.8;floor0.25;drain0.5;bass0.25"
21640,1790794128529,D Maior,D Maior,0,E Menor,E Menor,0.5584,0.0000,0.5584,0.0000,"E Menor;B Menor;E Maior",,0.00,,0.00,20.01,20.01,0,0,"v2;w20;harm;aar;song60;far12;near45;tol0.8;floor0.25;drain0.5;bass0.25"
22198,1790794129030,D Maior,D Maior,0,E Menor,E Menor,0.5586,0.0000,0.5586,0.0000,"E Menor;B Menor;E Maior",,0.00,,0.00,20.59,20.59,0,0,"v2;w20;harm;aar;song60;far12;near45;tol0.8;floor0.25;drain0.5;bass0.25"
22662,1790794129530,D Maior,D Maior,0,E Menor,E Menor,0.5514,0.0000,0.5514,0.0000,"E Menor;B Menor;E Maior",,0.00,,0.00,21.03,21.03,0,0,"v2;w20;harm;aar;song60;far12;near45;tol0.8;floor0.25;drain0.5;bass0.25"
23219,1790794130028,D Maior,D Maior,0,E Menor,E Menor,0.5356,0.0000,0.5356,0.0000,"E Menor;B Menor;E Maior",,0.00,,0.00,21.61,21.61,0,0,"v2;w20;harm;aar;song60;far12;near45;tol0.8;floor0.25;drain0.5;bass0.25"
23684,1790794130530,D Maior,D Maior,0,E Menor,E Menor,0.5471,0.0000,0.5471,0.0000,"E Menor;B Menor;E Maior",,0.00,,0.00,22.07,22.07,0,0,"v2;w20;harm;aar;song60;far12;near45;tol0.8;floor0.25;drain0.5;bass0.25"
24148,1790794131031,D Maior,D Maior,0,E Menor,E Menor,0.5390,0.0000,0.5390,0.0000,"E Menor;E Maior;B Menor",,0.00,,0.00,22.54,22.54,0,0,"v2;w20;harm;aar;song60;far12;near45;tol0.8;floor0.25;drain0.5;bass0.25"
24706,1790794131531,D Maior,D Maior,0,E Menor,E Menor,0.5277,0.0000,0.5277,0.0000,"E Menor;E Maior;B Menor",,0.00,,0.00,23.09,23.09,0,0,"v2;w20;harm;aar;song60;far12;near45;tol0.8;floor0.25;drain0.5;bass0.25"
25170,1790794132030,D Maior,D Maior,0,E Menor,E Menor,0.5269,0.0000,0.5269,0.0000,"E Menor;E Maior;B Menor",,0.00,,0.00,23.55,23.55,0,0,"v2;w20;harm;aar;song60;far12;near45;tol0.8;floor0.25;drain0.5;bass0.25"
25727,1790794132530,D Maior,D Maior,0,E Menor,E Menor,0.5225,0.0000,0.5225,0.0000,"E Menor;E Maior;B Menor",,0.00,,0.00,24.11,24.11,0,0,"v2;w20;harm;aar;song60;far12;near45;tol0.8;floor0.25;drain0.5;bass0.25"
26192,1790794133029,D Maior,D Maior,0,E Menor,E Menor,0.5168,0.0000,0.5168,0.0000,"E Menor;B Menor;E Maior",,0.00,,0.00,24.57,24.57,0,0,"v2;w20;harm;aar;song60;far12;near45;tol0.8;floor0.25;drain0.5;bass0.25"
26656,1790794133530,D Maior,D Maior,0,E Menor,E Menor,0.5216,0.0000,0.5216,0.0000,"E Menor;E Maior;B Menor",,0.00,,0.00,25.03,25.03,0,0,"v2;w20;harm;aar;song60;far12;near45;tol0.8;floor0.25;drain0.5;bass0.25"
27213,1790794134029,D Maior,D Maior,0,E Menor,E Menor,0.5351,0.0000,0.5351,0.0000,"E Menor;B Menor;E Maior",,0.00,,0.00,25.59,25.59,0,0,"v2;w20;harm;aar;song60;far12;near45;tol0.8;floor0.25;drain0.5;bass0.25"
27678,1790794134530,D Maior,D Maior,0,E Menor,E Menor,0.5344,0.0000,0.5344,0.0000,"E Menor;B Menor;E Maior",,0.00,,0.00,26.05,26.05,0,0,"v2;w20;harm;aar;song60;far12;near45;tol0.8;floor0.25;drain0.5;bass0.25"
28142,1790794135029,E Maior,E Maior,0,E Menor,E Menor,0.5431,0.0000,0.5431,0.0000,"E Menor;B Menor;F# Menor",,0.00,,0.00,26.53,26.53,1,0,"v2;w20;harm;aar;song60;far12;near45;tol0.8;floor0.25;drain0.5;bass0.25"
28699,1790794135530,E Maior,E Maior,0,E Menor,E Menor,0.5381,0.0000,0.5381,0.0000,"E Menor;B Menor;F# Menor",,0.00,,0.00,27.09,27.09,1,0,"v2;w20;harm;aar;song60;far12;near45;tol0.8;floor0.25;drain0.5;bass0.25"
29164,1790794136030,E Maior,E Maior,0,E Menor,E Menor,0.5354,0.0000,0.5354,0.0000,"E Menor;B Menor;F# Menor",,0.00,,0.00,27.53,27.53,1,0,"v2;w20;harm;aar;song60;far12;near45;tol0.8;floor0.25;drain0.5;bass0.25"
29721,1790794136529,E Maior,E Maior,0,B Menor,B Menor,0.5370,0.0000,0.5370,0.0000,"B Menor;E Menor;D Maior",,0.00,,0.00,28.11,28.11,1,0,"v2;w20;harm;aar;song60;far12;near45;tol0.8;floor0.25;drain0.5;bass0.25"
30185,1790794137029,E Maior,E Maior,0,B Menor,B Menor,0.5584,0.0000,0.5584,0.0000,"B Menor;E Menor;D Maior",,0.00,,0.00,28.57,28.57,1,0,"v2;w20;harm;aar;song60;far12;near45;tol0.8;floor0.25;drain0.5;bass0.25"
30650,1790794137529,E Maior,E Maior,0,B Menor,B Menor,0.5791,0.0000,0.5791,0.0000,"B Menor;E Menor;D Maior",,0.00,,0.00,29.05,29.05,1,0,"v2;w20;harm;aar;song60;far12;near45;tol0.8;floor0.25;drain0.5;bass0.25"
31207,1790794138029,E Maior,E Maior,0,B Menor,B Menor,0.5918,0.0000,0.5918,0.0000,"B Menor;E Menor;D Maior",,0.00,,0.00,29.59,29.59,1,0,"v2;w20;harm;aar;song60;far12;near45;tol0.8;floor0.25;drain0.5;bass0.25"
31672,1790794138529,E Maior,E Maior,0,B Menor,B Menor,0.5970,0.0000,0.5970,0.0000,"B Menor;E Menor;F# Menor",,0.00,,0.00,30.05,30.05,1,0,"v2;w20;harm;aar;song60;far12;near45;tol0.8;floor0.25;drain0.5;bass0.25"
32229,1790794139030,E Maior,E Maior,0,B Menor,B Menor,0.5995,0.0000,0.5995,0.0000,"B Menor;E Menor;F# Menor",,0.00,,0.00,30.61,30.61,1,0,"v2;w20;harm;aar;song60;far12;near45;tol0.8;floor0.25;drain0.5;bass0.25"
32693,1790794139529,E Maior,E Maior,0,B Menor,B Menor,0.5998,0.0000,0.5998,0.0000,"B Menor;E Menor;F# Menor",,0.00,,0.00,31.07,31.07,1,0,"v2;w20;harm;aar;song60;far12;near45;tol0.8;floor0.25;drain0.5;bass0.25"
33158,1790794140029,E Maior,E Maior,0,B Menor,B Menor,0.6009,0.0000,0.6009,0.0000,"B Menor;E Menor;F# Menor",,0.00,,0.00,31.53,31.53,1,0,"v2;w20;harm;aar;song60;far12;near45;tol0.8;floor0.25;drain0.5;bass0.25"
33715,1790794140529,B Menor,B Menor,0,B Menor,E Menor,0.6075,0.6075,0.5352,0.2891,"E Menor;E Maior;F# Menor",,0.00,,0.00,32.09,32.09,2,1,"v2;w20;harm;aar;song60;far12;near45;tol0.8;floor0.25;drain0.5;bass0.25"
34179,1790794141030,B Menor,B Menor,0,B Menor,E Menor,0.6052,0.6052,0.5297,0.3019,"E Menor;E Maior;F# Menor",,0.00,,0.00,32.55,32.55,2,1,"v2;w20;harm;aar;song60;far12;near45;tol0.8;floor0.25;drain0.5;bass0.25"
34644,1790794141529,B Menor,B Menor,0,B Menor,E Menor,0.6090,0.6090,0.5268,0.3290,"E Menor;E Maior;F# Menor",,0.00,,0.00,33.03,33.03,2,1,"v2;w20;harm;aar;song60;far12;near45;tol0.8;floor0.25;drain0.5;bass0.25"
35201,1790794142029,B Menor,B Menor,0,B Menor,E Menor,0.6293,0.6293,0.5215,0.4315,"E Menor;F# Menor;D Maior",,0.00,,0.00,33.59,33.59,2,1,"v2;w20;harm;aar;song60;far12;near45;tol0.8;floor0.25;drain0.5;bass0.25"
35665,1790794142530,B Menor,B Menor,0,B Menor,E Menor,0.6419,0.6419,0.5154,0.5060,"E Menor;F# Menor;D Maior",,0.00,,0.00,34.03,34.03,2,1,"v2;w20;harm;aar;song60;far12;near45;tol0.8;floor0.25;drain0.5;bass0.25"
36223,1790794143030,B Menor,B Menor,0,B Menor,F# Menor,0.6496,0.6496,0.5199,0.5185,"F# Menor;E Menor;D Maior",,0.00,,0.00,34.61,34.61,2,1,"v2;w20;harm;aar;song60;far12;near45;tol0.8;floor0.25;drain0.5;bass0.25"
36687,1790794143530,B Menor,B Menor,0,B Menor,F# Menor,0.6512,0.6512,0.5265,0.4987,"F# Menor;E Menor;E Maior",,0.00,,0.00,35.07,35.07,2,1,"v2;w20;harm;aar;song60;far12;near45;tol0.8;floor0.25;drain0.5;bass0.25"
37151,1790794144029,B Menor,B Menor,0,B Menor,F# Menor,0.6437,0.6437,0.5211,0.4905,"F# Menor;E Menor;E Maior",,0.00,,0.00,35.55,35.55,2,1,"v2;w20;harm;aar;song60;far12;near45;tol0.8;floor0.25;drain0.5;bass0.25"
37709,1790794144530,B Menor,B Menor,0,B Menor,F# Menor,0.6406,0.6406,0.5203,0.4813,"F# Menor;E Menor;E Maior",,0.00,,0.00,36.09,36.09,2,1,"v2;w20;harm;aar;song60;far12;near45;tol0.8;floor0.25;drain0.5;bass0.25"
38173,1790794145030,B Menor,B Menor,0,B Menor,E Menor,0.6417,0.6417,0.5154,0.5049,"E Menor;F# Menor;E Maior",,0.00,,0.00,36.55,36.55,2,1,"v2;w20;harm;aar;song60;far12;near45;tol0.8;floor0.25;drain0.5;bass0.25"
38730,1790794145530,B Menor,B Menor,0,B Menor,E Menor,0.6448,0.6448,0.5332,0.4462,"E Menor;F# Menor;E Maior",,0.00,,0.00,37.11,37.11,2,1,"v2;w20;harm;aar;song60;far12;near45;tol0.8;floor0.25;drain0.5;bass0.25"
39195,1790794146029,B Menor,B Menor,0,B Menor,E Menor,0.6377,0.6377,0.5311,0.4261,"E Menor;F# Menor;E Maior",,0.00,,0.00,37.57,37.57,2,1,"v2;w20;harm;aar;song60;far12;near45;tol0.8;floor0.25;drain0.5;bass0.25"
39659,1790794146530,B Menor,B Menor,0,B Menor,E Menor,0.6389,0.6389,0.5299,0.4360,"E Menor;F# Menor;E Maior",,0.00,,0.00,38.05,38.05,2,1,"v2;w20;harm;aar;song60;far12;near45;tol0.8;floor0.25;drain0.5;bass0.25"
40216,1790794147030,B Menor,B Menor,0,B Menor,E Menor,0.6435,0.6435,0.5261,0.4696,"E Menor;F# Menor;D Maior",,0.00,,0.00,38.59,38.59,2,1,"v2;w20;harm;aar;song60;far12;near45;tol0.8;floor0.25;drain0.5;bass0.25"
40681,1790794147530,B Menor,B Menor,0,B Menor,E Menor,0.6485,0.6485,0.5234,0.5003,"E Menor;D Maior;F# Menor",,0.00,,0.00,39.05,39.05,2,1,"v2;w20;harm;aar;song60;far12;near45;tol0.8;floor0.25;drain0.5;bass0.25"
41145,1790794148031,B Menor,B Menor,0,B Menor,E Menor,0.6418,0.6418,0.5180,0.4952,"E Menor;D Maior;F# Menor",,0.00,,0.00,39.53,39.53,2,1,"v2;w20;harm;aar;song60;far12;near45;tol0.8;floor0.25;drain0.5;bass0.25"
41703,1790794148529,B Menor,B Menor,0,B Menor,E Menor,0.6402,0.6402,0.5172,0.4919,"E Menor;F# Menor;E Maior",,0.00,,0.00,40.09,40.09,2,1,"v2;w20;harm;aar;song60;far12;near45;tol0.8;floor0.25;drain0.5;bass0.25"
42167,1790794149030,B Menor,B Menor,0,B Menor,E Menor,0.6338,0.6338,0.5125,0.4849,"E Menor;E Maior;F# Menor",,0.00,,0.00,40.55,40.55,2,1,"v2;w20;harm;aar;song60;far12;near45;tol0.8;floor0.25;drain0.5;bass0.25"
42724,1790794149530,B Menor,B Menor,0,B Menor,E Menor,0.6314,0.6314,0.5077,0.4949,"E Menor;E Maior;F# Menor",,0.00,,0.00,41.11,41.11,2,1,"v2;w20;harm;aar;song60;far12;near45;tol0.8;floor0.25;drain0.5;bass0.25"
43189,1790794150029,B Menor,B Menor,0,B Menor,E Menor,0.6323,0.6323,0.5123,0.4798,"E Menor;E Maior;F# Menor",,0.00,,0.00,41.57,41.57,2,1,"v2;w20;harm;aar;song60;far12;near45;tol0.8;floor0.25;drain0.5;bass0.25"
43653,1790794150530,B Menor,B Menor,0,B Menor,E Menor,0.6309,0.6309,0.5268,0.4165,"E Menor;E Maior;D Maior",,0.00,,0.00,42.05,42.05,2,1,"v2;w20;harm;aar;song60;far12;near45;tol0.8;floor0.25;drain0.5;bass0.25"
44210,1790794151029,B Menor,B Menor,0,B Menor,E Menor,0.6327,0.6327,0.5384,0.3773,"E Menor;E Maior;D Maior",,0.00,,0.00,42.59,42.59,2,1,"v2;w20;harm;aar;song60;far12;near45;tol0.8;floor0.25;drain0.5;bass0.25"
44675,1790794151529,B Menor,B Menor,0,B Menor,E Menor,0.6316,0.6316,0.5376,0.3761,"E Menor;E Maior;D Maior",,0.00,,0.00,43.05,43.05,2,1,"v2;w20;harm;aar;song60;far12;near45;tol0.8;floor0.25;drain0.5;bass0.25"
45232,1790794152030,B Menor,B Menor,0,B Menor,E Menor,0.6346,0.6346,0.5359,0.3950,"E Menor;E Maior;D Maior",,0.00,,0.00,43.61,43.61,2,1,"v2;w20;harm;aar;song60;far12;near45;tol0.8;floor0.25;drain0.5;bass0.25"
45696,1790794152530,B Menor,B Menor,0,B Menor,E Menor,0.6431,0.6431,0.5356,0.4300,"E Menor;D Maior;E Maior",,0.00,,0.00,44.07,44.07,2,1,"v2;w20;harm;aar;song60;far12;near45;tol0.8;floor0.25;drain0.5;bass0.25"
46161,1790794153029,B Menor,B Menor,0,B Menor,E Menor,0.6472,0.6472,0.5380,0.4369,"E Menor;D Maior;E Maior",,0.00,,0.00,44.55,44.55,2,1,"v2;w20;harm;aar;song60;far12;near45;tol0.8;floor0.25;drain0.5;bass0.25"
46718,1790794153530,B Menor,B Menor,0,B Menor,E Menor,0.6455,0.6455,0.5227,0.4910,"E Menor;D Maior;E Maior",,0.00,,0.00,45.09,45.09,2,1,"v2;w20;harm;aar;song60;far12;near45;tol0.8;floor0.25;drain0.5;bass0.25"
47182,1790794154029,B Menor,B Menor,0,B Menor,E Menor,0.6467,0.6467,0.5285,0.4728,"E Menor;E Maior;D Maior",,0.00,,0.00,45.55,45.55,2,1,"v2;w20;harm;aar;song60;far12;near45;tol0.8;floor0.25;drain0.5;bass0.25"
47647,1790794154531,B Menor,B Menor,0,B Menor,E Menor,0.6477,0.6477,0.5317,0.4642,"E Menor;E Maior;D Maior",,0.00,,0.00,46.03,46.03,2,1,"v2;w20;harm;aar;song60;far12;near45;tol0.8;floor0.25;drain0.5;bass0.25"
48204,1790794155030,B Menor,B Menor,0,B Menor,E Menor,0.6490,0.6490,0.5320,0.4683,"E Menor;E Maior;D Maior",,0.00,,0.00,46.59,46.59,2,1,"v2;w20;harm;aar;song60;far12;near45;tol0.8;floor0.25;drain0.5;bass0.25"
48669,1790794155530,B Menor,B Menor,0,B Menor,E Menor,0.6519,0.6519,0.5351,0.4673,"E Menor;G Maior;E Maior",,0.00,,0.00,47.05,47.05,2,1,"v2;w20;harm;aar;song60;far12;near45;tol0.8;floor0.25;drain0.5;bass0.25"
49226,1790794156030,B Menor,B Menor,0,B Menor,E Menor,0.6522,0.6522,0.5344,0.4713,"E Menor;E Maior;G Maior",,0.00,,0.00,47.61,47.61,2,1,"v2;w20;harm;aar;song60;far12;near45;tol0.8;floor0.25;drain0.5;bass0.25"
49690,1790794156529,B Menor,B Menor,0,B Menor,E Menor,0.6653,0.6653,0.5241,0.5648,"E Menor;E Maior;F# Menor",,0.00,,0.00,48.07,48.07,2,1,"v2;w20;harm;aar;song60;far12;near45;tol0.8;floor0.25;drain0.5;bass0.25"
50155,1790794157030,B Menor,B Menor,0,B Menor,E Menor,0.6686,0.6686,0.5164,0.6087,"E Menor;E Maior;F# Menor",,0.00,,0.00,48.55,48.55,2,1,"v2;w20;harm;aar;song60;far12;near45;tol0.8;floor0.25;drain0.5;bass0.25"
50712,1790794157532,B Menor,B Menor,0,B Menor,E Menor,0.6763,0.6763,0.5090,0.6693,"E Menor;F# Menor;E Maior",,0.00,,0.00,49.09,49.09,2,1,"v2;w20;harm;aar;song60;far12;near45;tol0.8;floor0.25;drain0.5;bass0.25"
51176,1790794158030,B Menor,B Menor,0,B Menor,E Menor,0.6788,0.6788,0.5077,0.6845,"E Menor;F# Menor;E Maior",,0.00,,0.00,49.57,49.57,2,1,"v2;w20;harm;aar;song60;far12;near45;tol0.8;floor0.25;drain0.5;bass0.25"
51734,1790794158529,B Menor,B Menor,0,B Menor,E Menor,0.6815,0.6815,0.5035,0.7120,"E Menor;F# Menor;E Maior",,0.00,,0.00,50.11,50.11,2,1,"v2;w20;harm;aar;song60;far12;near45;tol0.8;floor0.25;drain0.5;bass0.25"
52198,1790794159029,B Menor,B Menor,0,B Menor,E Menor,0.6795,0.6795,0.5021,0.7094,"E Menor;F# Menor;E Maior",,0.00,,0.00,50.57,50.57,2,1,"v2;w20;harm;aar;song60;far12;near45;tol0.8;floor0.25;drain0.5;bass0.25"
52662,1790794159529,B Menor,B Menor,0,B Menor,E Menor,0.6796,0.6796,0.5035,0.7044,"E Menor;F# Menor;E Maior",,0.00,,0.00,51.05,51.05,2,1,"v2;w20;harm;aar;song60;far12;near45;tol0.8;floor0.25;drain0.5;bass0.25"
53220,1790794160030,B Menor,B Menor,0,B Menor,E Menor,0.6854,0.6854,0.5036,0.7274,"E Menor;F# Menor;E Maior",,0.00,,0.00,51.59,51.59,2,1,"v2;w20;harm;aar;song60;far12;near45;tol0.8;floor0.25;drain0.5;bass0.25"
53684,1790794160529,B Menor,B Menor,0,B Menor,E Menor,0.6855,0.6855,0.5057,0.7195,"E Menor;F# Menor;E Maior",,0.00,,0.00,52.07,52.07,2,1,"v2;w20;harm;aar;song60;far12;near45;tol0.8;floor0.25;drain0.5;bass0.25"
54148,1790794161029,B Menor,B Menor,0,B Menor,E Menor,0.6867,0.6867,0.5057,0.7238,"E Menor;F# Menor;E Maior",,0.00,,0.00,52.53,52.53,2,1,"v2;w20;harm;aar;song60;far12;near45;tol0.8;floor0.25;drain0.5;bass0.25"
54706,1790794161529,B Menor,B Menor,0,B Menor,E Menor,0.6904,0.6904,0.5030,0.7498,"E Menor;F# Menor;E Maior",,0.00,,0.00,53.10,53.10,2,1,"v2;w20;harm;aar;song60;far12;near45;tol0.8;floor0.25;drain0.5;bass0.25"
55170,1790794162029,B Menor,B Menor,0,B Menor,F# Menor,0.6913,0.6913,0.5015,0.7592,"F# Menor;E Menor;E Maior",,0.00,,0.00,53.55,53.55,2,1,"v2;w20;harm;aar;song60;far12;near45;tol0.8;floor0.25;drain0.5;bass0.25"
55727,1790794162528,B Menor,B Menor,0,B Menor,F# Menor,0.6899,0.6899,0.5033,0.7464,"F# Menor;E Menor;E Maior",,0.00,,0.00,54.11,54.11,2,1,"v2;w20;harm;aar;song60;far12;near45;tol0.8;floor0.25;drain0.5;bass0.25"
56192,1790794163030,B Menor,B Menor,0,B Menor,F# Menor,0.6899,0.6899,0.5072,0.7307,"F# Menor;E Menor;E Maior",,0.00,,0.00,54.57,54.57,2,1,"v2;w20;harm;aar;song60;far12;near45;tol0.8;floor0.25;drain0.5;bass0.25"
56656,1790794163528,B Menor,B Menor,0,B Menor,F# Menor,0.6878,0.6878,0.5063,0.7260,"F# Menor;E Menor;E Maior",,0.00,,0.00,55.05,55.05,2,1,"v2;w20;harm;aar;song60;far12;near45;tol0.8;floor0.25;drain0.5;bass0.25"
57213,1790794164029,B Menor,B Menor,0,B Menor,F# Menor,0.6859,0.6859,0.5077,0.7127,"F# Menor;E Maior;E Menor",,0.00,,0.00,55.59,55.59,2,1,"v2;w20;harm;aar;song60;far12;near45;tol0.8;floor0.25;drain0.5;bass0.25"
57678,1790794164527,B Menor,B Menor,0,B Menor,F# Menor,0.6903,0.6903,0.5134,0.7076,"F# Menor;E Menor;E Maior",,0.00,,0.00,56.07,56.07,2,1,"v2;w20;harm;aar;song60;far12;near45;tol0.8;floor0.25;drain0.5;bass0.25"
58235,1790794165028,B Menor,B Menor,0,B Menor,F# Menor,0.6934,0.6934,0.5205,0.6918,"F# Menor;E Menor;E Maior",,0.00,,0.00,56.61,56.61,2,1,"v2;w20;harm;aar;song60;far12;near45;tol0.8;floor0.25;drain0.5;bass0.25"
58700,1790794165528,B Menor,B Menor,0,B Menor,F# Menor,0.6903,0.6903,0.5215,0.6750,"F# Menor;E Maior;E Menor",,0.00,,0.00,57.06,57.06,2,1,"v2;w20;harm;aar;song60;far12;near45;tol0.8;floor0.25;drain0.5;bass0.25"
59164,1790794166028,B Menor,B Menor,0,B Menor,F# Menor,0.6878,0.6878,0.5180,0.6792,"F# Menor;E Maior;E Menor",,0.00,,0.00,57.55,57.55,2,1,"v2;w20;harm;aar;song60;far12;near45;tol0.8;floor0.25;drain0.5;bass0.25"
59721,1790794166528,B Menor,B Menor,0,B Menor,F# Menor,0.6816,0.6816,0.5162,0.6618,"F# Menor;E Menor;E Maior",,0.00,,0.00,58.09,58.09,2,1,"v2;w20;harm;aar;song60;far12;near45;tol0.8;floor0.25;drain0.5;bass0.25"
60186,1790794167027,B Menor,B Menor,0,B Menor,F# Menor,0.6774,0.6774,0.5100,0.6693,"F# Menor;E Menor;E Maior",,0.00,,0.00,58.57,58.57,2,1,"v2;w20;harm;aar;song60;far12;near45;tol0.8;floor0.25;drain0.5;bass0.25"
60650,1790794167528,B Menor,B Menor,0,B Menor,E Menor,0.6774,0.6774,0.5071,0.6812,"E Menor;F# Menor;E Maior",,0.00,,0.00,59.03,59.03,2,1,"v2;w20;harm;aar;song60;far12;near45;tol0.8;floor0.25;drain0.5;bass0.25"
61207,1790794168030,B Menor,B Menor,0,B Menor,E Menor,0.6763,0.6763,0.5099,0.6657,"E Menor;F# Menor;E Maior",,0.00,,0.00,59.59,59.59,2,1,"v2;w20;harm;aar;song60;far12;near45;tol0.8;floor0.25;drain0.5;bass0.25"
61672,1790794168530,B Menor,B Menor,0,B Menor,F# Menor,0.6738,0.6738,0.5135,0.6413,"F# Menor;E Menor;E Maior",,0.00,,0.00,60.05,60.05,2,1,"v2;w20;harm;aar;song60;far12;near45;tol0.8;floor0.25;drain0.5;bass0.25"
62229,1790794169030,B Menor,B Menor,0,B Menor,F# Menor,0.6727,0.6727,0.5153,0.6299,"F# Menor;E Menor;E Maior",,0.00,,0.00,60.61,60.61,2,1,"v2;w20;harm;aar;song60;far12;near45;tol0.8;floor0.25;drain0.5;bass0.25"
62693,1790794169530,B Menor,B Menor,0,B Menor,F# Menor,0.6755,0.6755,0.5199,0.6223,"F# Menor;E Menor;E Maior",,0.00,,0.00,61.10,61.10,2,1,"v2;w20;harm;aar;song60;far12;near45;tol0.8;floor0.25;drain0.5;bass0.25"
63158,1790794170030,B Menor,B Menor,0,B Menor,F# Menor,0.6758,0.6758,0.5243,0.6058,"F# Menor;E Menor;E Maior",,0.00,,0.00,61.55,61.55,2,1,"v2;w20;harm;aar;song60;far12;near45;tol0.8;floor0.25;drain0.5;bass0.25"
63715,1790794170529,B Menor,B Menor,0,B Menor,F# Menor,0.6795,0.6795,0.5338,0.5828,"F# Menor;E Menor;E Maior",,0.00,,0.00,62.09,62.09,2,1,"v2;w20;harm;aar;song60;far12;near45;tol0.8;floor0.25;drain0.5;bass0.25"
64179,1790794171030,B Menor,B Menor,0,B Menor,F# Menor,0.6843,0.6843,0.5376,0.5867,"F# Menor;E Menor;E Maior",,0.00,,0.00,62.57,62.57,2,1,"v2;w20;harm;aar;song60;far12;near45;tol0.8;floor0.25;drain0.5;bass0.25"
64737,1790794171529,B Menor,B Menor,0,B Menor,F# Menor,0.6842,0.6842,0.5333,0.6033,"F# Menor;E Menor;E Maior",,0.00,,0.00,63.11,63.11,2,1,"v2;w20;harm;aar;song60;far12;near45;tol0.8;floor0.25;drain0.5;bass0.25"
65201,1790794172030,B Menor,B Menor,0,B Menor,F# Menor,0.6912,0.6912,0.5379,0.6131,"F# Menor;E Menor;E Maior",,0.00,,0.00,63.59,63.59,2,1,"v2;w20;harm;aar;song60;far12;near45;tol0.8;floor0.25;drain0.5;bass0.25"
65666,1790794172529,B Menor,B Menor,0,B Menor,F# Menor,0.6932,0.6932,0.5428,0.6014,"F# Menor;E Menor;E Maior",,0.00,,0.00,64.05,64.05,2,1,"v2;w20;harm;aar;song60;far12;near45;tol0.8;floor0.25;drain0.5;bass0.25"
66223,1790794173030,B Menor,B Menor,0,B Menor,F# Menor,0.6906,0.6906,0.5414,0.5969,"F# Menor;E Menor;E Maior",,0.00,,0.00,64.59,64.59,2,1,"v2;w20;harm;aar;song60;far12;near45;tol0.8;floor0.25;drain0.5;bass0.25"
66687,1790794173530,B Menor,B Menor,0,B Menor,F# Menor,0.6842,0.6842,0.5385,0.5829,"F# Menor;E Menor;E Maior",,0.00,,0.00,65.07,65.07,2,1,"v2;w20;harm;aar;song60;far12;near45;tol0.8;floor0.25;drain0.5;bass0.25"
67152,1790794174030,B Menor,B Menor,0,B Menor,F# Menor,0.6801,0.6801,0.5374,0.5711,"F# Menor;E Maior;E Menor",,0.00,,0.00,65.53,65.53,2,1,"v2;w20;harm;aar;song60;far12;near45;tol0.8;floor0.25;drain0.5;bass0.25"
67709,1790794174529,B Menor,B Menor,0,B Menor,F# Menor,0.6835,0.6835,0.5309,0.6103,"F# Menor;E Menor;E Maior",,0.00,,0.00,66.09,66.09,2,1,"v2;w20;harm;aar;song60;far12;near45;tol0.8;floor0.25;drain0.5;bass0.25"
68173,1790794175030,B Menor,B Menor,0,B Menor,F# Menor,0.6902,0.6902,0.5367,0.6141,"F# Menor;E Menor;E Maior",,0.00,,0.00,66.55,66.55,2,1,"v2;w20;harm;aar;song60;far12;near45;tol0.8;floor0.25;drain0.5;bass0.25"
68731,1790794175530,B Menor,B Menor,0,B Menor,F# Menor,0.6933,0.6933,0.5406,0.6110,"F# Menor;E Menor;E Maior",,0.00,,0.00,67.11,67.11,2,1,"v2;w20;harm;aar;song60;far12;near45;tol0.8;floor0.25;drain0.5;bass0.25"
69195,1790794176030,B Menor,B Menor,0,B Menor,F# Menor,0.6899,0.6899,0.5387,0.6049,"F# Menor;E Menor;E Maior",,0.00,,0.00,67.59,67.59,2,1,"v2;w20;harm;aar;song60;far12;near45;tol0.8;floor0.25;drain0.5;bass0.25"
69659,1790794176529,B Menor,B Menor,0,B Menor,F# Menor,0.6862,0.6862,0.5410,0.5809,"F# Menor;E Menor;E Maior",,0.00,,0.00,68.05,68.05,2,1,"v2;w20;harm;aar;song60;far12;near45;tol0.8;floor0.25;drain0.5;bass0.25"
70217,1790794177029,B Menor,B Menor,0,B Menor,E Menor,0.6843,0.6843,0.5449,0.5576,"E Menor;E Maior;F# Menor",,0.00,,0.00,68.59,68.59,2,1,"v2;w20;harm;aar;song60;far12;near45;tol0.8;floor0.25;drain0.5;bass0.25"
70681,1790794177529,B Menor,B Menor,0,B Menor,E Menor,0.6803,0.6803,0.5441,0.5449,"E Menor;E Maior;F# Menor",,0.00,,0.00,69.07,69.07,2,1,"v2;w20;harm;aar;song60;far12;near45;tol0.8;floor0.25;drain0.5;bass0.25"
71238,1790794178030,B Menor,B Menor,0,B Menor,E Menor,0.6808,0.6808,0.5505,0.5210,"E Menor;E Maior;F# Menor",,0.00,,0.00,69.61,69.61,2,1,"v2;w20;harm;aar;song60;far12;near45;tol0.8;floor0.25;drain0.5;bass0.25"
71703,1790794178530,B Menor,B Menor,0,B Menor,E Menor,0.6772,0.6772,0.5488,0.5134,"E Menor;E Maior;F# Menor",,0.00,,0.00,70.09,70.09,2,1,"v2;w20;harm;aar;song60;far12;near45;tol0.8;floor0.25;drain0.5;bass0.25"
72167,1790794179031,B Menor,B Menor,0,B Menor,E Menor,0.6753,0.6753,0.5513,0.4959,"E Menor;F# Menor;E Maior",,0.00,,0.00,70.56,70.56,2,1,"v2;w20;harm;aar;song60;far12;near45;tol0.8;floor0.25;drain0.5;bass0.25"
72724,1790794179531,B Menor,B Menor,0,B Menor,E Menor,0.6738,0.6738,0.5582,0.4624,"E Menor;F# Menor;E Maior",,0.00,,0.00,71.09,71.09,2,1,"v2;w20;harm;aar;song60;far12;near45;tol0.8;floor0.25;drain0.5;bass0.25"
73189,1790794180029,B Menor,B Menor,0,B Menor,E Menor,0.6779,0.6779,0.5594,0.4740,"E Menor;F# Menor;E Maior",,0.00,,0.00,71.57,71.57,2,1,"v2;w20;harm;aar;song60;far12;near45;tol0.8;floor0.25;drain0.5;bass0.25"
73653,1790794180529,B Menor,B Menor,0,B Menor,E Menor,0.6785,0.6785,0.5594,0.4765,"E Menor;F# Menor;E Maior",,0.00,,0.00,72.03,72.03,2,1,"v2;w20;harm;aar;song60;far12;near45;tol0.8;floor0.25;drain0.5;bass0.25"
74210,1790794181030,B Menor,B Menor,0,B Menor,E Menor,0.6810,0.6810,0.5615,0.4780,"E Menor;F# Menor;E Maior",,0.00,,0.00,72.62,72.62,2,1,"v2;w20;harm;aar;song60;far12;near45;tol0.8;floor0.25;drain0.5;bass0.25"
74675,1790794181529,B Menor,B Menor,0,B Menor,E Menor,0.6814,0.6814,0.5621,0.4772,"E Menor;F# Menor;E Maior",,0.00,,0.00,73.05,73.05,2,1,"v2;w20;harm;aar;song60;far12;near45;tol0.8;floor0.25;drain0.5;bass0.25"
75232,1790794182030,B Menor,B Menor,0,B Menor,E Menor,0.6859,0.6859,0.5663,0.4786,"E Menor;F# Menor;E Maior",,0.00,,0.00,73.61,73.61,2,1,"v2;w20;harm;aar;song60;far12;near45;tol0.8;floor0.25;drain0.5;bass0.25"
75697,1790794182530,B Menor,B Menor,0,B Menor,E Menor,0.6934,0.6934,0.5699,0.4943,"E Menor;F# Menor;E Maior",,0.00,,0.00,74.09,74.09,2,1,"v2;w20;harm;aar;song60;far12;near45;tol0.8;floor0.25;drain0.5;bass0.25"
76161,1790794183030,B Menor,B Menor,0,B Menor,E Menor,0.6939,0.6939,0.5724,0.4860,"E Menor;F# Menor;E Maior",,0.00,,0.00,74.55,74.55,2,1,"v2;w20;harm;aar;song60;far12;near45;tol0.8;floor0.25;drain0.5;bass0.25"
76718,1790794183530,B Menor,B Menor,0,B Menor,E Menor,0.6908,0.6908,0.5695,0.4853,"E Menor;F# Menor;E Maior",,0.00,,0.00,75.11,75.11,2,1,"v2;w20;harm;aar;song60;far12;near45;tol0.8;floor0.25;drain0.5;bass0.25"
77183,1790794184030,B Menor,B Menor,0,B Menor,E Menor,0.6880,0.6880,0.5684,0.4783,"E Menor;F# Menor;E Maior",,0.00,,0.00,75.57,75.57,2,1,"v2;w20;harm;aar;song60;far12;near45;tol0.8;floor0.25;drain0.5;bass0.25"
77740,1790794184529,B Menor,B Menor,0,B Menor,F# Menor,0.6908,0.6908,0.5640,0.5069,"F# Menor;E Menor;E Maior",,0.00,,0.00,76.11,76.11,2,1,"v2;w20;harm;aar;song60;far12;near45;tol0.8;floor0.25;drain0.5;bass0.25"
78204,1790794185030,B Menor,B Menor,0,B Menor,F# Menor,0.6907,0.6907,0.5639,0.5075,"F# Menor;E Menor;E Maior",,0.00,,0.00,76.59,76.59,2,1,"v2;w20;harm;aar;song60;far12;near45;tol0.8;floor0.25;drain0.5;bass0.25"
78669,1790794185530,B Menor,B Menor,0,B Menor,E Menor,0.6911,0.6911,0.5644,0.5065,"E Menor;F# Menor;E Maior",,0.00,,0.00,77.05,77.05,2,1,"v2;w20;harm;aar;song60;far12;near45;tol0.8;floor0.25;drain0.5;bass0.25"
79226,1790794186029,B Menor,B Menor,0,B Menor,E Menor,0.6908,0.6908,0.5686,0.4887,"E Menor;E Maior;F# Menor",,0.00,,0.00,77.59,77.59,2,1,"v2;w20;harm;aar;song60;far12;near45;tol0.8;floor0.25;drain0.5;bass0.25"
79690,1790794186530,B Menor,B Menor,0,B Menor,E Menor,0.6907,0.6907,0.5737,0.4679,"E Menor;E Maior;F# Menor",,0.00,,0.00,78.07,78.07,2,1,"v2;w20;harm;aar;song60;far12;near45;tol0.8;floor0.25;drain0.5;bass0.25"
80155,1790794187027,B Menor,B Menor,0,B Menor,E Menor,0.6885,0.6885,0.5755,0.4521,"E Menor;E Maior;F# Menor",,0.00,,0.00,78.53,78.53,2,1,"v2;w20;harm;aar;song60;far12;near45;tol0.8;floor0.25;drain0.5;bass0.25"
80712,1790794187530,B Menor,B Menor,0,B Menor,E Menor,0.6799,0.6799,0.5677,0.4486,"E Menor;E Maior;F# Menor",,0.00,,0.00,79.11,79.11,2,1,"v2;w20;harm;aar;song60;far12;near45;tol0.8;floor0.25;drain0.5;bass0.25"
81176,1790794188030,B Menor,B Menor,0,B Menor,E Menor,0.6613,0.6613,0.5477,0.4541,"E Menor;E Maior;F# Menor",,0.00,,0.00,79.55,79.55,2,1,"v2;w20;harm;aar;song60;far12;near45;tol0.8;floor0.25;drain0.5;bass0.25"
81734,1790794188530,B Menor,B Menor,0,B Menor,E Menor,0.6415,0.6415,0.5266,0.4595,"E Menor;E Maior;F# Menor",,0.00,,0.00,80.11,80.11,2,1,"v2;w20;harm;aar;song60;far12;near45;tol0.8;floor0.25;drain0.5;bass0.25"
82198,1790794189030,B Menor,B Menor,0,B Menor,E Menor,0.6219,0.6219,0.5068,0.4605,"E Menor;E Maior;F# Menor",,0.00,,0.00,80.59,80.59,2,1,"v2;w20;harm;aar;song60;far12;near45;tol0.8;floor0.25;drain0.5;bass0.25"
82663,1790794189530,B Menor,B Menor,0,B Menor,E Menor,0.6051,0.6051,0.4899,0.4610,"E Menor;E Maior;F# Menor",,0.00,,0.00,81.05,81.05,2,1,"v2;w20;harm;aar;song60;far12;near45;tol0.8;floor0.25;drain0.5;bass0.25"
83220,1790794190031,B Menor,B Menor,0,B Menor,E Menor,0.6008,0.6008,0.4856,0.4607,"E Menor;E Maior;F# Menor",,0.00,,0.00,81.61,81.61,2,1,"v2;w20;harm;aar;song60;far12;near45;tol0.8;floor0.25;drain0.5;bass0.25"
83684,1790794190530,B Menor,B Menor,0,B Menor,E Menor,0.5980,0.5980,0.4844,0.4546,"E Menor;E Maior;F# Menor",,0.00,,0.00,82.07,82.07,2,1,"v2;w20;harm;aar;song60;far12;near45;tol0.8;floor0.25;drain0.5;bass0.25"
84241,1790794191030,B Menor,B Menor,0,B Menor,E Menor,0.5998,0.5998,0.4841,0.4628,"E Menor;E Maior;F# Menor",,0.00,,0.00,82.61,82.61,2,1,"v2;w20;harm;aar;song60;far12;near45;tol0.8;floor0.25;drain0.5;bass0.25"
84706,1790794191530,B Menor,B Menor,0,B Menor,E Menor,0.6029,0.6029,0.4855,0.4694,"E Menor;E Maior;F# Menor",,0.00,,0.00,83.09,83.09,2,1,"v2;w20;harm;aar;song60;far12;near45;tol0.8;floor0.25;drain0.5;bass0.25"
85170,1790794192031,B Menor,B Menor,0,B Menor,E Menor,0.6047,0.6047,0.4879,0.4669,"E Menor;E Maior;F# Menor",,0.00,,0.00,83.55,83.55,2,1,"v2;w20;harm;aar;song60;far12;near45;tol0.8;floor0.25;drain0.5;bass0.25"
85728,1790794192530,B Menor,B Menor,0,B Menor,E Menor,0.6033,0.6033,0.4838,0.4778,"E Menor;E Maior;F# Menor",,0.00,,0.00,84.11,84.11,2,1,"v2;w20;harm;aar;song60;far12;near45;tol0.8;floor0.25;drain0.5;bass0.25"
86192,1790794193032,B Menor,Gb Maior,0,B Menor,E Maior,0.6066,0.6066,0.4798,0.5072,"E Maior;E Menor;F# Menor",,0.00,,0.00,84.57,84.57,2,1,"v2;w20;harm;aar;song60;far12;near45;tol0.8;floor0.25;drain0.5;bass0.25"
86656,1790794193530,B Menor,Gb Maior,0,B Menor,E Maior,0.6073,0.6073,0.4815,0.5033,"E Maior;F# Menor;E Menor",,0.00,,0.00,85.03,85.03,2,1,"v2;w20;harm;aar;song60;far12;near45;tol0.8;floor0.25;drain0.5;bass0.25"
87214,1790794194030,B Menor,Gb Maior,0,B Menor,E Maior,0.6057,0.6057,0.4834,0.4890,"E Maior;F# Menor;E Menor",,0.00,,0.00,85.61,85.61,2,1,"v2;w20;harm;aar;song60;far12;near45;tol0.8;floor0.25;drain0.5;bass0.25"
87678,1790794194531,B Menor,Gb Maior,0,B Menor,E Maior,0.6055,0.6055,0.4889,0.4665,"E Maior;F# Menor;E Menor",,0.00,,0.00,86.05,86.05,2,1,"v2;w20;harm;aar;song60;far12;near45;tol0.8;floor0.25;drain0.5;bass0.25"
88142,1790794195031,B Menor,Gb Maior,0,B Menor,E Maior,0.6032,0.6032,0.4906,0.4506,"E Maior;F# Menor;E Menor",,0.00,,0.00,86.51,86.51,2,1,"v2;w20;harm;aar;song60;far12;near45;tol0.8;floor0.25;drain0.5;bass0.25"
88700,1790794195531,B Menor,Gb Maior,0,B Menor,E Maior,0.5985,0.5985,0.4867,0.4471,"E Maior;F# Menor;E Menor",,0.00,,0.00,87.09,87.09,2,1,"v2;w20;harm;aar;song60;far12;near45;tol0.8;floor0.25;drain0.5;bass0.25"
89164,1790794196031,B Menor,Gb Maior,0,B Menor,E Maior,0.6038,0.6038,0.4826,0.4848,"E Maior;F# Menor;E Menor",,0.00,,0.00,87.55,87.55,2,1,"v2;w20;harm;aar;song60;far12;near45;tol0.8;floor0.25;drain0.5;bass0.25"
89721,1790794196531,B Menor,Gb Maior,0,B Menor,E Maior,0.6103,0.6103,0.4819,0.5132,"E Maior;F# Menor;E Menor",,0.00,,0.00,88.11,88.11,2,1,"v2;w20;harm;aar;song60;far12;near45;tol0.8;floor0.25;drain0.5;bass0.25"
90186,1790794197027,B Menor,Gb Maior,0,B Menor,E Maior,0.6148,0.6148,0.4786,0.5448,"E Maior;F# Menor;E Menor",,0.00,,0.00,88.57,88.57,2,1,"v2;w20;harm;aar;song60;far12;near45;tol0.8;floor0.25;drain0.5;bass0.25"
90743,1790794197528,B Menor,Gb Maior,1,B Menor,E Maior,0.6151,0.6151,0.4761,0.5558,"E Maior;F# Menor;E Menor",,0.00,,0.00,89.11,89.11,2,1,"v2;w20;harm;aar;song60;far12;near45;tol0.8;floor0.25;drain0.5;bass0.25"
91207,1790794198029,B Menor,Gb Maior,1,B Menor,E Maior,0.6120,0.6120,0.4804,0.5265,"E Maior;F# Menor;E Menor",,0.00,,0.00,89.59,89.59,2,1,"v2;w20;harm;aar;song60;far12;near45;tol0.8;floor0.25;drain0.5;bass0.25"
91672,1790794198529,B Menor,Gb Maior,1,B Menor,E Maior,0.6104,0.6104,0.4859,0.4981,"E Maior;F# Menor;E Menor",,0.00,,0.00,90.05,90.05,2,1,"v2;w20;harm;aar;song60;far12;near45;tol0.8;floor0.25;drain0.5;bass0.25"
92229,1790794199030,B Menor,Gb Maior,1,B Menor,F# Menor,0.6087,0.6087,0.4834,0.5013,"F# Menor;E Maior;E Menor",,0.00,,0.00,90.61,90.61,2,1,"v2;w20;harm;aar;song60;far12;near45;tol0.8;floor0.25;drain0.5;bass0.25"
92694,1790794199529,B Menor,Gb Maior,1,B Menor,F# Menor,0.6037,0.6037,0.4811,0.4906,"F# Menor;E Maior;E Menor",,0.00,,0.00,91.07,91.07,2,1,"v2;w20;harm;aar;song60;far12;near45;tol0.8;floor0.25;drain0.5;bass0.25"
93158,1790794200030,B Menor,Gb Maior,1,B Menor,F# Menor,0.5980,0.5980,0.4818,0.4651,"F# Menor;E Maior;Gb Maior",,0.00,,0.00,91.53,91.53,2,1,"v2;w20;harm;aar;song60;far12;near45;tol0.8;floor0.25;drain0.5;bass0.25"
93715,1790794200530,B Menor,Gb Maior,1,B Menor,F# Menor,0.5979,0.5979,0.4850,0.4517,"F# Menor;E Maior;Gb Maior",,0.00,,0.00,92.11,92.11,2,1,"v2;w20;harm;aar;song60;far12;near45;tol0.8;floor0.25;drain0.5;bass0.25"
94180,1790794201030,B Menor,Gb Maior,1,B Menor,F# Menor,0.6026,0.6026,0.4845,0.4721,"F# Menor;E Maior;Gb Maior",,0.00,,0.00,92.55,92.55,2,1,"v2;w20;harm;aar;song60;far12;near45;tol0.8;floor0.25;drain0.5;bass0.25"
94644,1790794201530,B Menor,Gb Maior,1,B Menor,F# Menor,0.6051,0.6051,0.4832,0.4876,"F# Menor;E Maior;Gb Maior",,0.00,,0.00,93.03,93.03,2,1,"v2;w20;harm;aar;song60;far12;near45;tol0.8;floor0.25;drain0.5;bass0.25"
95201,1790794202030,B Menor,Gb Maior,1,B Menor,F# Menor,0.6096,0.6096,0.4820,0.5106,"F# Menor;E Maior;Gb Maior",,0.00,,0.00,93.59,93.59,2,1,"v2;w20;harm;aar;song60;far12;near45;tol0.8;floor0.25;drain0.5;bass0.25"
95666,1790794202530,B Menor,Gb Maior,1,B Menor,F# Menor,0.6124,0.6124,0.4820,0.5214,"F# Menor;E Maior;Gb Maior",,0.00,,0.00,94.05,94.05,2,1,"v2;w20;harm;aar;song60;far12;near45;tol0.8;floor0.25;drain0.5;bass0.25"
96223,1790794203031,B Menor,Gb Maior,1,B Menor,F# Menor,0.6131,0.6131,0.4885,0.4986,"F# Menor;E Maior;Gb Maior",,0.00,,0.00,94.61,94.61,2,1,"v2;w20;harm;aar;song60;far12;near45;tol0.8;floor0.25;drain0.5;bass0.25"
96687,1790794203531,B Menor,Gb Maior,1,B Menor,F# Menor,0.6121,0.6121,0.4905,0.4862,"F# Menor;E Maior;Gb Maior",,0.00,,0.00,95.07,95.07,2,1,"v2;w20;harm;aar;song60;far12;near45;tol0.8;floor0.25;drain0.5;bass0.25"
97152,1790794204030,B Menor,Gb Maior,1,B Menor,F# Menor,0.6092,0.6092,0.4928,0.4658,"F# Menor;E Maior;Gb Maior",,0.00,,0.00,95.53,95.53,2,1,"v2;w20;harm;aar;song60;far12;near45;tol0.8;floor0.25;drain0.5;bass0.25"
97709,1790794204531,B Menor,Gb Maior,1,B Menor,F# Menor,0.6094,0.6094,0.4952,0.4568,"F# Menor;E Maior;Gb Maior",,0.00,,0.00,96.09,96.09,2,1,"v2;w20;harm;aar;song60;far12;near45;tol0.8;floor0.25;drain0.5;bass0.25"
98173,1790794205030,B Menor,Gb Maior,1,B Menor,F# Menor,0.6112,0.6112,0.4983,0.4514,"F# Menor;E Maior;Gb Maior",,0.00,,0.00,96.55,96.55,2,1,"v2;w20;harm;aar;song60;far12;near45;tol0.8;floor0.25;drain0.5;bass0.25"
98731,1790794205532,Gb Maior,Gb Maior,0,B Menor,B Menor,0.6142,0.0000,0.6142,0.0000,"B Menor;F# Menor;E Maior",,0.00,farKeyConfirmed,0.00,19.95,19.95,3,0,"v2;w20;harm;aar;song60;far12;near45;tol0.8;floor0.25;drain0.5;bass0.25"
99195,1790794206030,Gb Maior,Gb Maior,0,Gb Maior,G# Menor,0.6690,0.6690,0.5081,0.6435,"G# Menor;B Menor;B Maior",,0.00,,0.00,20.41,20.41,3,0,"v2;w20;harm;aar;song60;far12;near45;tol0.8;floor0.25;drain0.5;bass0.25"
99660,1790794206531,Gb Maior,Gb Maior,0,Gb Maior,G# Menor,0.6597,0.6597,0.5098,0.5996,"G# Menor;B Maior;B Menor",,0.00,,0.00,20.86,20.86,3,0,"v2;w20;harm;aar;song60;far12;near45;tol0.8;floor0.25;drain0.5;bass0.25"
100217,1790794207031,Gb Maior,Gb Maior,0,Gb Maior,G# Menor,0.6474,0.6474,0.5082,0.5566,"G# Menor;B Maior;B Menor",,0.00,,0.00,21.45,21.45,3,0,"v2;w20;harm;aar;song60;far12;near45;tol0.8;floor0.25;drain0.5;bass0.25"
100681,1790794207531,Gb Maior,Gb Maior,0,Gb Maior,G# Menor,0.6212,0.6212,0.5106,0.4423,"G# Menor;B Menor;B Maior",,0.00,,0.00,21.89,21.89,3,0,"v2;w20;harm;aar;song60;far12;near45;tol0.8;floor0.25;drain0.5;bass0.25"
101146,1790794208028,Gb Maior,Gb Maior,0,Gb Maior,G# Menor,0.6044,0.6044,0.5118,0.3705,"G# Menor;B Menor;B Maior",,0.00,,0.00,22.36,22.36,3,0,"v2;w20;harm;aar;song60;far12;near45;tol0.8;floor0.25;drain0.5;bass0.25"
101703,1790794208531,Gb Maior,Gb Maior,0,Gb Maior,G# Menor,0.5987,0.5987,0.5187,0.3198,"G# Menor;B Menor;B Maior",,0.00,,0.00,22.93,22.93,3,0,"v2;w20;harm;aar;song60;far12;near45;tol0.8;floor0.25;drain0.5;bass0.25"
102167,1790794209031,Gb Maior,Gb Maior,0,Gb Maior,G# Menor,0.5903,0.5903,0.5194,0.2835,"G# Menor;B Menor;B Maior",,0.00,,0.00,23.39,23.39,3,0,"v2;w20;harm;aar;song60;far12;near45;tol0.8;floor0.25;drain0.5;bass0.25"
102725,1790794209531,Gb Maior,Gb Maior,0,Gb Maior,G# Menor,0.5799,0.5799,0.5190,0.2437,"G# Menor;E Maior;B Menor",,0.00,,0.00,23.95,23.95,3,0,"v2;w20;harm;aar;song60;far12;near45;tol0.8;floor0.25;drain0.5;bass0.25"
103189,1790794210031,Gb Maior,Gb Maior,0,Gb Maior,G# Menor,0.5754,0.5754,0.5218,0.2145,"G# Menor;E Maior;B Menor",,0.00,,0.00,24.41,24.41,3,0,"v2;w20;harm;aar;song60;far12;near45;tol0.8;floor0.25;drain0.5;bass0.25"
103653,1790794210530,Gb Maior,Gb Maior,0,Gb Maior,G# Menor,0.5648,0.5648,0.5150,0.1991,"G# Menor;E Maior;B Menor",,0.00,,0.00,24.89,24.89,3,0,"v2;w20;harm;aar;song60;far12;near45;tol0.8;floor0.25;drain0.5;bass0.25"
104211,1790794211031,Gb Maior,Gb Maior,0,Gb Maior,G# Menor,0.5604,0.5604,0.5009,0.2383,"G# Menor;E Maior;B Menor",,0.00,,0.00,25.43,25.43,3,0,"v2;w20;harm;aar;song60;far12;near45;tol0.8;floor0.25;drain0.5;bass0.25"
104675,1790794211531,Gb Maior,Gb Maior,0,Gb Maior,G# Menor,0.5526,0.5526,0.4898,0.2514,"G# Menor;E Maior;B Menor",,0.00,,0.00,25.89,25.89,3,0,"v2;w20;harm;aar;song60;far12;near45;tol0.8;floor0.25;drain0.5;bass0.25"
105232,1790794212031,Gb Maior,Gb Maior,0,Gb Maior,G# Menor,0.5415,0.5415,0.4670,0.2981,"G# Menor;E Maior;B Menor",,0.00,,0.00,26.45,26.45,3,0,"v2;w20;harm;aar;song60;far12;near45;tol0.8;floor0.25;drain0.5;bass0.25"
105697,1790794212532,E Maior,E Maior,0,Gb Maior,Gb Maior,0.5219,0.0000,0.5219,0.0000,"Gb Maior;G# Menor;B Menor",,0.00,,0.00,26.91,26.91,4,0,"v2;w20;harm;aar;song60;far12;near45;tol0.8;floor0.25;drain0.5;bass0.25"
106161,1790794213031,E Maior,E Maior,0,Gb Maior,Gb Maior,0.5050,0.0000,0.5050,0.0000,"Gb Maior;B Menor;G# Menor",,0.00,,0.00,27.39,27.39,4,0,"v2;w20;harm;aar;song60;far12;near45;tol0.8;floor0.25;drain0.5;bass0.25"
106718,1790794213531,E Maior,E Maior,0,Gb Maior,Gb Maior,0.4985,0.0000,0.4985,0.0000,"Gb Maior;G# Menor;B Menor",,0.00,,0.00,27.95,27.95,4,0,"v2;w20;harm;aar;song60;far12;near45;tol0.8;floor0.25;drain0.5;bass0.25"
107183,1790794214027,E Maior,E Maior,0,Gb Maior,Gb Maior,0.4899,0.0000,0.4899,0.0000,"Gb Maior;G# Menor;B Menor",,0.00,,0.00,28.39,28.39,4,0,"v2;w20;harm;aar;song60;far12;near45;tol0.8;floor0.25;drain0.5;bass0.25"
107647,1790794214531,E Maior,E Maior,0,E Maior,Gb Maior,0.4876,0.4876,0.4802,0.0298,"Gb Maior;G# Menor;B Menor",,0.00,,0.00,28.87,28.87,4,0,"v2;w20;harm;aar;song60;far12;near45;tol0.8;floor0.25;drain0.5;bass0.25"
108204,1790794215031,E Maior,E Maior,0,E Maior,Gb Maior,0.4955,0.4955,0.4694,0.1043,"Gb Maior;G# Menor;B Menor",,0.00,,0.00,29.43,29.43,4,0,"v2;w20;harm;aar;song60;far12;near45;tol0.8;floor0.25;drain0.5;bass0.25"
108669,1790794215531,E Maior,E Maior,0,E Maior,Gb Maior,0.4880,0.4880,0.4684,0.0785,"Gb Maior;G# Menor;B Menor",,0.00,,0.00,29.89,29.89,4,0,"v2;w20;harm;aar;song60;far12;near45;tol0.8;floor0.25;drain0.5;bass0.25"
109226,1790794216032,E Maior,E Maior,0,E Maior,Gb Maior,0.4818,0.4818,0.4667,0.0605,"Gb Maior;G# Menor;B Menor",,0.00,,0.00,30.45,30.45,4,1,"v2;w20;harm;aar;song60;far12;near45;tol0.8;floor0.25;drain0.5;bass0.25"
109691,1790794216531,E Maior,E Maior,0,E Maior,Gb Maior,0.4803,0.4803,0.4547,0.1023,"Gb Maior;G# Menor;B Menor",,0.00,,0.00,30.91,30.91,4,1,"v2;w20;harm;aar;song60;far12;near45;tol0.8;floor0.25;drain0.5;bass0.25"
110155,1790794217031,E Maior,E Maior,0,E Maior,Gb Maior,0.4779,0.4779,0.4396,0.1532,"Gb Maior;B Menor;G# Menor",,0.00,,0.00,31.39,31.39,4,1,"v2;w20;harm;aar;song60;far12;near45;tol0.8;floor0.25;drain0.5;bass0.25"
110712,1790794217531,E Maior,E Maior,0,E Maior,Gb Maior,0.4809,0.4809,0.4338,0.1885,"Gb Maior;B Menor;G# Menor",,0.00,,0.00,31.93,31.93,4,1,"v2;w20;harm;aar;song60;far12;near45;tol0.8;floor0.25;drain0.5;bass0.25"
111177,1790794218031,E Maior,E Maior,0,E Maior,Gb Maior,0.4841,0.4841,0.4273,0.2269,"Gb Maior;B Menor;G# Menor",,0.00,,0.00,32.39,32.39,4,1,"v2;w20;harm;aar;song60;far12;near45;tol0.8;floor0.25;drain0.5;bass0.25"
111734,1790794218531,E Maior,E Maior,0,E Maior,B Menor,0.4881,0.4881,0.4149,0.2930,"B Menor;Gb Maior;F# Menor",,0.00,,0.00,32.95,32.95,4,1,"v2;w20;harm;aar;song60;far12;near45;tol0.8;floor0.25;drain0.5;bass0.25"
112198,1790794219031,E Maior,E Maior,0,E Maior,B Menor,0.4914,0.4914,0.4159,0.3018,"B Menor;F# Menor;Gb Maior",,0.00,,0.00,33.41,33.41,4,1,"v2;w20;harm;aar;song60;far12;near45;tol0.8;floor0.25;drain0.5;bass0.25"
112663,1790794219530,E Maior,E Maior,0,E Maior,B Menor,0.4920,0.4920,0.4199,0.2884,"B Menor;F# Menor;Gb Maior",,0.00,,0.00,33.88,33.88,4,1,"v2;w20;harm;aar;song60;far12;near45;tol0.8;floor0.25;drain0.5;bass0.25"
113220,1790794220032,E Maior,E Maior,0,E Maior,B Menor,0.4890,0.4890,0.4248,0.2568,"B Menor;F# Menor;Gb Maior",,0.00,,0.00,34.45,34.45,4,1,"v2;w20;harm;aar;song60;far12;near45;tol0.8;floor0.25;drain0.5;bass0.25"
113684,1790794220531,E Maior,E Maior,0,E Maior,B Menor,0.4874,0.4874,0.4253,0.2484,"B Menor;F# Menor;Gb Maior",,0.00,,0.00,34.89,34.89,4,1,"v2;w20;harm;aar;song60;far12;near45;tol0.8;floor0.25;drain0.5;bass0.25"
114149,1790794221031,E Maior,E Maior,0,E Maior,B Menor,0.4897,0.4897,0.4319,0.2313,"B Menor;F# Menor;E Menor",,0.00,,0.00,35.37,35.37,4,1,"v2;w20;harm;aar;song60;far12;near45;tol0.8;floor0.25;drain0.5;bass0.25"
114706,1790794221532,E Maior,E Maior,0,E Maior,B Menor,0.4865,0.4865,0.4341,0.2097,"B Menor;F# Menor;E Menor",,0.00,,0.00,35.93,35.93,4,1,"v2;w20;harm;aar;song60;far12;near45;tol0.8;floor0.25;drain0.5;bass0.25"
115170,1790794222031,E Maior,E Maior,0,E Maior,F# Menor,0.4844,0.4844,0.4334,0.2040,"F# Menor;B Menor;E Menor",,0.00,,0.00,36.41,36.41,4,1,"v2;w20;harm;aar;song60;far12;near45;tol0.8;floor0.25;drain0.5;bass0.25"
115728,1790794222531,E Maior,E Maior,0,E Maior,F# Menor,0.4700,0.4700,0.4241,0.1838,"F# Menor;B Menor;E Menor",,0.00,,0.00,36.95,36.95,4,1,"v2;w20;harm;aar;song60;far12;near45;tol0.8;floor0.25;drain0.5;bass0.25"
116192,1790794223031,E Maior,E Maior,0,E Maior,F# Menor,0.4802,0.4802,0.4236,0.2262,"F# Menor;B Menor;E Menor",,0.00,,0.00,37.41,37.41,4,1,"v2;w20;harm;aar;song60;far12;near45;tol0.8;floor0.25;drain0.5;bass0.25"
116657,1790794223529,E Maior,E Maior,0,E Maior,F# Menor,0.4869,0.4869,0.4253,0.2464,"F# Menor;B Menor;E Menor",,0.00,,0.00,37.88,37.88,4,1,"v2;w20;harm;aar;song60;far12;near45;tol0.8;floor0.25;drain0.5;bass0.25"
117214,1790794224031,E Maior,E Maior,0,E Maior,F# Menor,0.4912,0.4912,0.4283,0.2516,"F# Menor;B Menor;E Menor",,0.00,,0.00,38.42,38.42,4,1,"v2;w20;harm;aar;song60;far12;near45;tol0.8;floor0.25;drain0.5;bass0.25"
117678,1790794224531,E Maior,E Maior,0,E Maior,F# Menor,0.4936,0.4936,0.4310,0.2502,"F# Menor;B Menor;E Menor",,0.00,,0.00,38.91,38.91,4,1,"v2;w20;harm;aar;song60;far12;near45;tol0.8;floor0.25;drain0.5;bass0.25"
118236,1790794225031,E Maior,E Maior,0,E Maior,F# Menor,0.4988,0.4988,0.4388,0.2401,"F# Menor;E Menor;B Menor",,0.00,,0.00,39.45,39.45,4,1,"v2;w20;harm;aar;song60;far12;near45;tol0.8;floor0.25;drain0.5;bass0.25"
118700,1790794225531,E Maior,E Maior,0,E Maior,F# Menor,0.5015,0.5015,0.4432,0.2330,"F# Menor;E Menor;B Menor",,0.00,,0.00,39.91,39.91,4,1,"v2;w20;harm;aar;song60;far12;near45;tol0.8;floor0.25;drain0.5;bass0.25"
119164,1790794226031,E Maior,E Maior,0,E Maior,F# Menor,0.5000,0.5000,0.4398,0.2408,"F# Menor;E Menor;B Menor",,0.00,,0.00,40.39,40.39,4,1,"v2;w20;harm;aar;song60;far12;near45;tol0.8;floor0.25;drain0.5;bass0.25"
119722,1790794226531,E Maior,E Maior,0,E Maior,F# Menor,0.4873,0.4873,0.4351,0.2090,"F# Menor;E Menor;D Maior",,0.00,,0.00,40.95,40.95,4,1,"v2;w20;harm;aar;song60;far12;near45;tol0.8;floor0.25;drain0.5;bass0.25"
120186,1790794227031,E Maior,E Maior,0,E Maior,F# Menor,0.4851,0.4851,0.4350,0.2002,"F# Menor;E Menor;D Maior",,0.00,,0.00,41.39,41.39,4,1,"v2;w20;harm;aar;song60;far12;near45;tol0.8;floor0.25;drain0.5;bass0.25"
120650,1790794227532,E Maior,E Maior,0,E Maior,F# Menor,0.4770,0.4770,0.4355,0.1660,"F# Menor;D Maior;E Menor",,0.00,,0.00,41.87,41.87,4,1,"v2;w20;harm;aar;song60;far12;near45;tol0.8;floor0.25;drain0.5;bass0.25"
121208,1790794228031,E Maior,E Maior,0,E Maior,D Maior,0.4651,0.4651,0.4318,0.1330,"D Maior;F# Menor;E Menor",,0.00,,0.00,42.43,42.43,4,1,"v2;w20;harm;aar;song60;far12;near45;tol0.8;floor0.25;drain0.5;bass0.25"
121672,1790794228531,E Maior,E Maior,0,E Maior,D Maior,0.4601,0.4601,0.4294,0.1232,"D Maior;F# Menor;E Menor",,0.00,,0.00,42.91,42.91,4,1,"v2;w20;harm;aar;song60;far12;near45;tol0.8;floor0.25;drain0.5;bass0.25"
122229,1790794229032,E Maior,D Maior,0,E Maior,D Maior,0.4600,0.4600,0.4394,0.0822,"D Maior;F# Menor;E Menor",,0.00,,0.00,43.45,43.45,4,1,"v2;w20;harm;aar;song60;far12;near45;tol0.8;floor0.25;drain0.5;bass0.25"
122694,1790794229532,E Maior,D Maior,0,E Maior,D Maior,0.4602,0.4602,0.4504,0.0392,"D Maior;F# Menor;E Menor",,0.00,,0.00,43.91,43.91,4,1,"v2;w20;harm;aar;song60;far12;near45;tol0.8;floor0.25;drain0.5;bass0.25"
123158,1790794230032,E Maior,D Maior,0,E Maior,D Maior,0.4663,0.4663,0.4587,0.0302,"D Maior;F# Menor;E Menor",,0.00,,0.00,44.39,44.39,4,1,"v2;w20;harm;aar;song60;far12;near45;tol0.8;floor0.25;drain0.5;bass0.25"
123715,1790794230532,E Maior,D Maior,0,E Maior,D Maior,0.4723,0.4723,0.4691,0.0130,"D Maior;F# Menor;E Menor",,0.00,,0.00,44.92,44.92,4,1,"v2;w20;harm;aar;song60;far12;near45;tol0.8;floor0.25;drain0.5;bass0.25"
124180,1790794231032,E Maior,D Maior,0,E Maior,D Maior,0.4705,0.4705,0.4619,0.0341,"D Maior;F# Menor;E Menor",,0.00,,0.00,45.41,45.41,4,1,"v2;w20;harm;aar;song60;far12;near45;tol0.8;floor0.25;drain0.5;bass0.25"
124737,1790794231532,E Maior,D Maior,0,D Maior,D Maior,0.4725,0.0000,0.4725,0.0000,"D Maior;F# Menor;E Menor",,0.00,,0.00,45.95,45.95,4,1,"v2;w20;harm;aar;song60;far12;near45;tol0.8;floor0.25;drain0.5;bass0.25"
125201,1790794232032,E Maior,D Maior,0,D Maior,D Maior,0.4817,0.0000,0.4817,0.0000,"D Maior;F# Menor;E Menor",,0.00,,0.00,46.41,46.41,4,1,"v2;w20;harm;aar;song60;far12;near45;tol0.8;floor0.25;drain0.5;bass0.25"
125666,1790794232531,E Maior,D Maior,0,D Maior,D Maior,0.4900,0.0000,0.4900,0.0000,"D Maior;F# Menor;E Menor",,0.00,,0.00,46.88,46.88,4,1,"v2;w20;harm;aar;song60;far12;near45;tol0.8;floor0.25;drain0.5;bass0.25"
126223,1790794233032,E Maior,D Maior,1,D Maior,D Maior,0.5027,0.0000,0.5027,0.0000,"D Maior;F# Menor;E Menor",D Maior,0.00,,0.00,47.45,47.45,4,1,"v2;w20;harm;aar;song60;far12;near45;tol0.8;floor0.25;drain0.5;bass0.25"
126688,1790794233531,E Maior,D Maior,1,D Maior,D Maior,0.5039,0.0000,0.5039,0.0000,"D Maior;F# Menor;E Menor",D Maior,0.01,,0.00,47.91,47.91,4,1,"v2;w20;harm;aar;song60;far12;near45;tol0.8;floor0.25;drain0.5;bass0.25"
127152,1790794234032,E Maior,D Maior,1,D Maior,D Maior,0.5078,0.0000,0.5078,0.0000,"D Maior;F# Menor;E Menor",D Maior,0.03,,0.00,48.37,48.37,4,1,"v2;w20;harm;aar;song60;far12;near45;tol0.8;floor0.25;drain0.5;bass0.25"
127709,1790794234532,E Maior,D Maior,1,D Maior,D Maior,0.5142,0.0000,0.5142,0.0000,"D Maior;F# Menor;E Menor",D Maior,0.06,,0.00,48.93,48.93,4,1,"v2;w20;harm;aar;song60;far12;near45;tol0.8;floor0.25;drain0.5;bass0.25"
128174,1790794235032,E Maior,D Maior,1,D Maior,D Maior,0.5169,0.0000,0.5169,0.0000,"D Maior;E Menor;F# Menor",D Maior,0.08,,0.00,49.41,49.41,4,1,"v2;w20;harm;aar;song60;far12;near45;tol0.8;floor0.25;drain0.5;bass0.25"
128731,1790794235531,E Maior,D Maior,1,D Maior,D Maior,0.5255,0.0000,0.5255,0.0000,"D Maior;F# Menor;E Menor",D Maior,0.11,,0.00,49.95,49.95,4,1,"v2;w20;harm;aar;song60;far12;near45;tol0.8;floor0.25;drain0.5;bass0.25"
129195,1790794236030,E Maior,D Maior,1,D Maior,D Maior,0.5261,0.0000,0.5261,0.0000,"D Maior;E Menor;F# Menor",D Maior,0.13,,0.00,50.43,50.43,4,1,"v2;w20;harm;aar;song60;far12;near45;tol0.8;floor0.25;drain0.5;bass0.25"
129660,1790794236531,E Maior,D Maior,1,D Maior,D Maior,0.5255,0.0000,0.5255,0.0000,"D Maior;E Menor;F# Menor",D Maior,0.16,,0.00,50.89,50.89,4,1,"v2;w20;harm;aar;song60;far12;near45;tol0.8;floor0.25;drain0.5;bass0.25"
130217,1790794237030,E Maior,D Maior,1,D Maior,D Maior,0.5294,0.0000,0.5294,0.0000,"D Maior;E Menor;F# Menor",D Maior,0.18,,0.00,51.42,51.42,4,1,"v2;w20;harm;aar;song60;far12;near45;tol0.8;floor0.25;drain0.5;bass0.25"
130681,1790794237530,E Maior,D Maior,1,D Maior,D Maior,0.5315,0.0000,0.5315,0.0000,"D Maior;E Menor;F# Menor",D Maior,0.21,,0.00,51.91,51.91,4,1,"v2;w20;harm;aar;song60;far12;near45;tol0.8;floor0.25;drain0.5;bass0.25"
131239,1790794238031,E Maior,D Maior,1,D Maior,D Maior,0.5354,0.0000,0.5354,0.0000,"D Maior;E Menor;F# Menor",D Maior,0.23,,0.00,52.44,52.44,4,1,"v2;w20;harm;aar;song60;far12;near45;tol0.8;floor0.25;drain0.5;bass0.25"
131703,1790794238530,E Maior,D Maior,1,D Maior,D Maior,0.5354,0.0000,0.5354,0.0000,"D Maior;E Menor;F# Menor",D Maior,0.26,,0.00,52.91,52.91,4,1,"v2;w20;harm;aar;song60;far12;near45;tol0.8;floor0.25;drain0.5;bass0.25"
132167,1790794239030,E Maior,D Maior,1,D Maior,D Maior,0.5287,0.0000,0.5287,0.0000,"D Maior;E Menor;F# Menor",D Maior,0.28,,0.00,53.39,53.39,4,1,"v2;w20;harm;aar;song60;far12;near45;tol0.8;floor0.25;drain0.5;bass0.25"
132725,1790794239530,E Maior,D Maior,1,D Maior,D Maior,0.5281,0.0000,0.5281,0.0000,"D Maior;E Menor;F# Menor",D Maior,0.31,,0.00,53.95,53.95,4,1,"v2;w20;harm;aar;song60;far12;near45;tol0.8;floor0.25;drain0.5;bass0.25"
133189,1790794240031,E Maior,D Maior,1,D Maior,D Maior,0.5251,0.0000,0.5251,0.0000,"D Maior;E Menor;F# Menor",D Maior,0.33,,0.00,54.41,54.41,4,1,"v2;w20;harm;aar;song60;far12;near45;tol0.8;floor0.25;drain0.5;bass0.25"
133654,1790794240531,E Maior,D Maior,1,D Maior,D Maior,0.5302,0.0000,0.5302,0.0000,"D Maior;E Menor;F# Menor",D Maior,0.36,,0.00,54.87,54.87,4,1,"v2;w20;harm;aar;song60;far12;near45;tol0.8;floor0.25;drain0.5;bass0.25"
134211,1790794241030,E Maior,D Maior,1,D Maior,D Maior,0.5262,0.0000,0.5262,0.0000,"D Maior;E Menor;F# Menor",D Maior,0.38,,0.00,55.43,55.43,4,1,"v2;w20;harm;aar;song60;far12;near45;tol0.8;floor0.25;drain0.5;bass0.25"
134675,1790794241532,D Maior,D Maior,0,D Maior,E Menor,0.5253,0.5253,0.4560,0.2768,"E Menor;E Maior;F# Menor",,0.00,farKeyConfirmed,0.00,19.90,19.90,5,0,"v2;w20;harm;aar;song60;far12;near45;tol0.8;floor0.25;drain0.5;bass0.25"
135233,1790794242031,D Maior,D Maior,0,D Maior,E Menor,0.6166,0.6166,0.4366,0.7202,"E Menor;A Maior;G Maior",,0.00,,0.00,20.44,20.44,5,0,"v2;w20;harm;aar;song60;far12;near45;tol0.8;floor0.25;drain0.5;bass0.25"
135697,1790794242531,D Maior,D Maior,0,D Maior,E Menor,0.6096,0.6096,0.4248,0.7389,"E Menor;A Maior;A Menor",,0.00,,0.00,20.92,20.92,5,0,"v2;w20;harm;aar;song60;far12;near45;tol0.8;floor0.25;drain0.5;bass0.25"
136161,1790794243031,D Maior,D Maior,0,D Maior,E Menor,0.6161,0.6161,0.4260,0.7604,"E Menor;A Maior;A Menor",,0.00,,0.00,21.38,21.38,5,0,"v2;w20;harm;aar;song60;far12;near45;tol0.8;floor0.25;drain0.5;bass0.25"
136719,1790794243531,D Maior,D Maior,0,D Maior,E Menor,0.6265,0.6265,0.4347,0.7673,"E Menor;A Maior;G Maior",,0.00,,0.00,21.92,21.92,5,0,"v2;w20;harm;aar;song60;far12;near45;tol0.8;floor0.25;drain0.5;bass0.25"
137183,1790794244029,D Maior,D Maior,0,D Maior,E Menor,0.6450,0.6450,0.4476,0.7896,"E Menor;A Maior;G Maior",,0.00,,0.00,22.40,22.40,5,0,"v2;w20;harm;aar;song60;far12;near45;tol0.8;floor0.25;drain0.5;bass0.25"
137740,1790794244531,D Maior,D Maior,0,D Maior,E Menor,0.6405,0.6405,0.4591,0.7256,"E Menor;A Maior;G Maior",,0.00,,0.00,22.94,22.94,5,0,"v2;w20;harm;aar;song60;far12;near45;tol0.8;floor0.25;drain0.5;bass0.25"
138205,1790794245031,D Maior,D Maior,0,D Maior,E Menor,0.6359,0.6359,0.4699,0.6641,"E Menor;A Maior;G Maior",,0.00,,0.00,23.42,23.42,5,0,"v2;w20;harm;aar;song60;far12;near45;tol0.8;floor0.25;drain0.5;bass0.25"
138669,1790794245531,D Maior,D Maior,0,D Maior,E Menor,0.6311,0.6311,0.4746,0.6259,"E Menor;A Maior;G Maior",,0.00,,0.00,23.88,23.88,5,0,"v2;w20;harm;aar;song60;far12;near45;tol0.8;floor0.25;drain0.5;bass0.25"
139226,1790794246032,D Maior,D Maior,0,D Maior,E Menor,0.6308,0.6308,0.4785,0.6093,"E Menor;A Maior;G Maior",,0.00,,0.00,24.44,24.44,5,0,"v2;w20;harm;aar;song60;far12;near45;tol0.8;floor0.25;drain0.5;bass0.25"
139691,1790794246529,D Maior,D Maior,0,D Maior,E Menor,0.6305,0.6305,0.4942,0.5451,"E Menor;A Maior;G Maior",,0.00,,0.00,24.90,24.90,5,0,"v2;w20;harm;aar;song60;far12;near45;tol0.8;floor0.25;drain0.5;bass0.25"
140155,1790794247030,D Maior,D Maior,0,D Maior,E Menor,0.6388,0.6388,0.5001,0.5549,"E Menor;A Maior;G Maior",,0.00,,0.00,25.36,25.36,5,0,"v2;w20;harm;aar;song60;far12;near45;tol0.8;floor0.25;drain0.5;bass0.25"
140712,1790794247529,D Maior,D Maior,0,D Maior,E Menor,0.6564,0.6564,0.5093,0.5882,"E Menor;G Maior;A Maior",,0.00,,0.00,25.94,25.94,5,0,"v2;w20;harm;aar;song60;far12;near45;tol0.8;floor0.25;drain0.5;bass0.25"
141177,1790794248031,D Maior,D Maior,0,D Maior,E Menor,0.6715,0.6715,0.5145,0.6280,"E Menor;G Maior;A Maior",,0.00,,0.00,26.40,26.40,5,0,"v2;w20;harm;aar;song60;far12;near45;tol0.8;floor0.25;drain0.5;bass0.25"
141734,1790794248529,D Maior,D Maior,0,D Maior,E Menor,0.6850,0.6850,0.5204,0.6582,"E Menor;G Maior;A Maior",,0.00,,0.00,26.94,26.94,5,0,"v2;w20;harm;aar;song60;far12;near45;tol0.8;floor0.25;drain0.5;bass0.25"
142199,1790794249031,D Maior,D Maior,0,D Maior,E Menor,0.6791,0.6791,0.5193,0.6392,"E Menor;G Maior;A Maior",,0.00,,0.00,27.42,27.42,5,0,"v2;w20;harm;aar;song60;far12;near45;tol0.8;floor0.25;drain0.5;bass0.25"
142663,1790794249532,D Maior,D Maior,0,D Maior,E Menor,0.6719,0.6719,0.5075,0.6575,"E Menor;G Maior;A Maior",,0.00,,0.00,27.88,27.88,5,0,"v2;w20;harm;aar;song60;far12;near45;tol0.8;floor0.25;drain0.5;bass0.25"
143220,1790794250032,D Maior,D Maior,0,D Maior,E Menor,0.6665,0.6665,0.5067,0.6392,"E Menor;G Maior;A Maior",,0.00,,0.00,28.42,28.42,5,0,"v2;w20;harm;aar;song60;far12;near45;tol0.8;floor0.25;drain0.5;bass0.25"
143685,1790794250532,D Maior,D Maior,0,D Maior,E Menor,0.6675,0.6675,0.5095,0.6323,"E Menor;G Maior;A Maior",,0.00,,0.00,28.90,28.90,5,0,"v2;w20;harm;aar;song60;far12;near45;tol0.8;floor0.25;drain0.5;bass0.25"
144242,1790794251032,D Maior,D Maior,0,D Maior,E Menor,0.6706,0.6706,0.5325,0.5524,"E Menor;G Maior;A Maior",,0.00,,0.00,29.44,29.44,5,0,"v2;w20;harm;aar;song60;far12;near45;tol0.8;floor0.25;drain0.5;bass0.25"
144706,1790794251532,D Maior,D Maior,0,D Maior,E Menor,0.6713,0.6713,0.5425,0.5152,"E Menor;G Maior;A Maior",,0.00,,0.00,29.92,29.92,5,0,"v2;w20;harm;aar;song60;far12;near45;tol0.8;floor0.25;drain0.5;bass0.25"
145171,1790794252032,D Maior,D Maior,0,D Maior,E Menor,0.6683,0.6683,0.5350,0.5330,"E Menor;G Maior;A Maior",,0.00,,0.00,30.38,30.38,5,1,"v2;w20;harm;aar;song60;far12;near45;tol0.8;floor0.25;drain0.5;bass0.25"
145728,1790794252532,D Maior,D Maior,0,D Maior,E Menor,0.6627,0.6627,0.5238,0.5555,"E Menor;G Maior;A Maior",,0.00,,0.00,30.94,30.94,5,1,"v2;w20;harm;aar;song60;far12;near45;tol0.8;floor0.25;drain0.5;bass0.25"
146192,1790794253031,D Maior,D Maior,0,D Maior,E Menor,0.6583,0.6583,0.5180,0.5612,"E Menor;G Maior;A Maior",,0.00,,0.00,31.40,31.40,5,1,"v2;w20;harm;aar;song60;far12;near45;tol0.8;floor0.25;drain0.5;bass0.25"
146657,1790794253531,D Maior,D Maior,0,D Maior,E Menor,0.6590,0.6590,0.5260,0.5319,"E Menor;G Maior;A Maior",,0.00,,0.00,31.86,31.86,5,1,"v2;w20;harm;aar;song60;far12;near45;tol0.8;floor0.25;drain0.5;bass0.25"
147214,1790794254032,D Maior,D Maior,0,D Maior,E Menor,0.6616,0.6616,0.5289,0.5309,"E Menor;G Maior;A Maior",,0.00,,0.00,32.44,32.44,5,1,"v2;w20;harm;aar;song60;far12;near45;tol0.8;floor0.25;drain0.5;bass0.25"
147678,1790794254532,D Maior,D Maior,0,D Maior,E Menor,0.6632,0.6632,0.5288,0.5375,"E Menor;G Maior;A Maior",,0.00,,0.00,32.90,32.90,5,1,"v2;w20;harm;aar;song60;far12;near45;tol0.8;floor0.25;drain0.5;bass0.25"
148236,1790794255032,D Maior,D Maior,0,D Maior,E Menor,0.6556,0.6556,0.5271,0.5140,"E Menor;G Maior;A Maior",,0.00,,0.00,33.44,33.44,5,1,"v2;w20;harm;aar;song60;far12;near45;tol0.8;floor0.25;drain0.5;bass0.25"
148700,1790794255532,D Maior,D Maior,0,D Maior,E Menor,0.6467,0.6467,0.5247,0.4878,"E Menor;G Maior;A Maior",,0.00,,0.00,33.92,33.92,5,1,"v2;w20;harm;aar;song60;far12;near45;tol0.8;floor0.25;drain0.5;bass0.25"
149164,1790794256032,D Maior,D Maior,0,D Maior,E Menor,0.6503,0.6503,0.5391,0.4449,"E Menor;G Maior;A Maior",,0.00,,0.00,34.38,34.38,5,1,"v2;w20;harm;aar;song60;far12;near45;tol0.8;floor0.25;drain0.5;bass0.25"
149722,1790794256531,D Maior,D Maior,0,D Maior,E Menor,0.6363,0.6363,0.5266,0.4388,"E Menor;G Maior;A Maior",,0.00,,0.00,34.94,34.94,5,1,"v2;w20;harm;aar;song60;far12;near45;tol0.8;floor0.25;drain0.5;bass0.25"
150186,1790794257032,D Maior,D Maior,0,D Maior,E Menor,0.6271,0.6271,0.5149,0.4488,"E Menor;G Maior;A Maior",,0.00,,0.00,35.40,35.40,5,1,"v2;w20;harm;aar;song60;far12;near45;tol0.8;floor0.25;drain0.5;bass0.25"
150743,1790794257532,D Maior,D Maior,0,D Maior,E Menor,0.6301,0.6301,0.5080,0.4884,"E Menor;G Maior;A Maior",,0.00,,0.00,35.94,35.94,5,1,"v2;w20;harm;aar;song60;far12;near45;tol0.8;floor0.25;drain0.5;bass0.25"
151208,1790794258032,D Maior,D Maior,0,D Maior,E Menor,0.6385,0.6385,0.5098,0.5148,"E Menor;G Maior;A Maior",,0.00,,0.00,36.42,36.42,5,1,"v2;w20;harm;aar;song60;far12;near45;tol0.8;floor0.25;drain0.5;bass0.25"
151672,1790794258531,D Maior,D Maior,0,D Maior,E Menor,0.6379,0.6379,0.5059,0.5281,"E Menor;G Maior;A Maior",,0.00,,0.00,36.88,36.88,5,1,"v2;w20;harm;aar;song60;far12;near45;tol0.8;floor0.25;drain0.5;bass0.25"
152137,1790794259032,D Maior,D Maior,0,D Maior,E Menor,0.6372,0.6372,0.5011,0.5443,"E Menor;G Maior;A Maior",,0.00,,0.00,37.34,37.34,5,1,"v2;w20;harm;aar;song60;far12;near45;tol0.8;floor0.25;drain0.5;bass0.25"
152694,1790794259532,D Maior,D Maior,0,D Maior,E Menor,0.6251,0.6251,0.4886,0.5457,"E Menor;G Maior;A Maior",,0.00,,0.00,37.90,37.90,5,1,"v2;w20;harm;aar;song60;far12;near45;tol0.8;floor0.25;drain0.5;bass0.25"
153158,1790794260031,D Maior,D Maior,0,D Maior,E Menor,0.6284,0.6284,0.4894,0.5561,"E Menor;G Maior;A Maior",,0.00,,0.00,38.36,38.36,5,1,"v2;w20;harm;aar;song60;far12;near45;tol0.8;floor0.25;drain0.5;bass0.25"
153716,1790794260532,D Maior,D Maior,0,D Maior,E Menor,0.6297,0.6297,0.4967,0.5319,"E Menor;G Maior;A Maior",,0.00,,0.00,38.94,38.94,5,1,"v2;w20;harm;aar;song60;far12;near45;tol0.8;floor0.25;drain0.5;bass0.25"
154180,1790794261032,D Maior,D Maior,0,D Maior,E Menor,0.6310,0.6310,0.4958,0.5409,"E Menor;G Maior;A Maior",,0.00,,0.00,39.40,39.40,5,1,"v2;w20;harm;aar;song60;far12;near45;tol0.8;floor0.25;drain0.5;bass0.25"
154737,1790794261532,D Maior,D Maior,0,D Maior,E Menor,0.6245,0.6245,0.4925,0.5280,"E Menor;G Maior;A Maior",,0.00,,0.00,39.94,39.94,5,1,"v2;w20;harm;aar;song60;far12;near45;tol0.8;floor0.25;drain0.5;bass0.25"
155202,1790794262032,D Maior,D Maior,0,D Maior,E Menor,0.6214,0.6214,0.4939,0.5102,"E Menor;G Maior;A Maior",,0.00,,0.00,40.42,40.42,5,1,"v2;w20;harm;aar;song60;far12;near45;tol0.8;floor0.25;drain0.5;bass0.25"
155666,1790794262532,D Maior,D Maior,0,D Maior,E Menor,0.6183,0.6183,0.4878,0.5219,"E Menor;G Maior;A Maior",,0.00,,0.00,40.88,40.88,5,1,"v2;w20;harm;aar;song60;far12;near45;tol0.8;floor0.25;drain0.5;bass0.25"
156223,1790794263032,D Maior,D Maior,0,D Maior,E Menor,0.6207,0.6207,0.4837,0.5479,"E Menor;G Maior;A Maior",,0.00,,0.00,41.44,41.44,5,1,"v2;w20;harm;aar;song60;far12;near45;tol0.8;floor0.25;drain0.5;bass0.25"
156688,1790794263532,D Maior,D Maior,0,D Maior,E Menor,0.6296,0.6296,0.4810,0.5941,"E Menor;G Maior;A Maior",,0.00,,0.00,41.90,41.90,5,1,"v2;w20;harm;aar;song60;far12;near45;tol0.8;floor0.25;drain0.5;bass0.25"
157245,1790794264032,D Maior,D Maior,0,D Maior,E Menor,0.6326,0.6326,0.4810,0.6064,"E Menor;G Maior;A Maior",,0.00,,0.00,42.44,42.44,5,1,"v2;w20;harm;aar;song60;far12;near45;tol0.8;floor0.25;drain0.5;bass0.25"
157709,1790794264532,D Maior,D Maior,0,D Maior,E Menor,0.6358,0.6358,0.4837,0.6082,"E Menor;G Maior;A Maior",,0.00,,0.00,42.92,42.92,5,1,"v2;w20;harm;aar;song60;far12;near45;tol0.8;floor0.25;drain0.5;bass0.25"
158174,1790794265032,D Maior,D Maior,0,D Maior,E Menor,0.6337,0.6337,0.4859,0.5913,"E Menor;G Maior;A Maior",,0.00,,0.00,43.38,43.38,5,1,"v2;w20;harm;aar;song60;far12;near45;tol0.8;floor0.25;drain0.5;bass0.25"
158638,1790794265531,D Maior,D Maior,0,D Maior,E Menor,0.6320,0.6320,0.4911,0.5635,"E Menor;G Maior;A Maior",,0.00,,0.00,43.86,43.86,5,1,"v2;w20;harm;aar;song60;far12;near45;tol0.8;floor0.25;drain0.5;bass0.25"
159196,1790794266031,D Maior,D Maior,0,D Maior,E Menor,0.6312,0.6312,0.4935,0.5508,"E Menor;G Maior;A Menor",,0.00,,0.00,44.40,44.40,5,1,"v2;w20;harm;aar;song60;far12;near45;tol0.8;floor0.25;drain0.5;bass0.25"
159660,1790794266532,D Maior,D Maior,0,D Maior,E Menor,0.6325,0.6325,0.4941,0.5534,"E Menor;G Maior;A Menor",,0.00,,0.00,44.86,44.86,5,1,"v2;w20;harm;aar;song60;far12;near45;tol0.8;floor0.25;drain0.5;bass0.25"
160217,1790794267032,D Maior,D Maior,0,D Maior,E Menor,0.6310,0.6310,0.4905,0.5623,"E Menor;G Maior;A Menor",,0.00,,0.00,45.45,45.45,5,1,"v2;w20;harm;aar;song60;far12;near45;tol0.8;floor0.25;drain0.5;bass0.25"
160682,1790794267531,D Maior,D Maior,0,D Maior,E Menor,0.6312,0.6312,0.4921,0.5564,"E Menor;G Maior;A Menor",,0.00,,0.00,45.90,45.90,5,1,"v2;w20;harm;aar;song60;far12;near45;tol0.8;floor0.25;drain0.5;bass0.25"
161146,1790794268032,D Maior,D Maior,0,D Maior,E Menor,0.6351,0.6351,0.4934,0.5667,"E Menor;G Maior;A Menor",,0.00,,0.00,46.34,46.34,5,1,"v2;w20;harm;aar;song60;far12;near45;tol0.8;floor0.25;drain0.5;bass0.25"
161703,1790794268532,D Maior,D Maior,0,D Maior,E Menor,0.6437,0.6437,0.4962,0.5897,"E Menor;G Maior;A Menor",,0.00,,0.00,46.92,46.92,5,1,"v2;w20;harm;aar;song60;far12;near45;tol0.8;floor0.25;drain0.5;bass0.25"
162168,1790794269031,D Maior,D Maior,0,D Maior,E Menor,0.6443,0.6443,0.4945,0.5992,"E Menor;G Maior;A Menor",,0.00,,0.00,47.38,47.38,5,1,"v2;w20;harm;aar;song60;far12;near45;tol0.8;floor0.25;drain0.5;bass0.25"
162725,1790794269531,D Maior,D Maior,0,D Maior,E Menor,0.6448,0.6448,0.4924,0.6098,"E Menor;G Maior;A Menor",,0.00,,0.00,47.94,47.94,5,1,"v2;w20;harm;aar;song60;far12;near45;tol0.8;floor0.25;drain0.5;bass0.25"
163189,1790794270031,D Maior,D Maior,0,D Maior,E Menor,0.6363,0.6363,0.4824,0.6156,"E Menor;G Maior;A Menor",,0.00,,0.00,48.40,48.40,5,1,"v2;w20;harm;aar;song60;far12;near45;tol0.8;floor0.25;drain0.5;bass0.25"
163747,1790794270531,D Maior,D Maior,0,D Maior,E Menor,0.6357,0.6357,0.4847,0.6040,"E Menor;G Maior;A Menor",,0.00,,0.00,48.94,48.94,5,1,"v2;w20;harm;aar;song60;far12;near45;tol0.8;floor0.25;drain0.5;bass0.25"
164211,1790794271032,D Maior,D Maior,0,D Maior,E Menor,0.6358,0.6358,0.4861,0.5990,"E Menor;G Maior;A Menor",,0.00,,0.00,49.42,49.42,5,1,"v2;w20;harm;aar;song60;far12;near45;tol0.8;floor0.25;drain0.5;bass0.25"
164675,1790794271532,D Maior,D Maior,0,D Maior,E Menor,0.6356,0.6356,0.4851,0.6021,"E Menor;G Maior;A Menor",,0.00,,0.00,49.88,49.88,5,1,"v2;w20;harm;aar;song60;far12;near45;tol0.8;floor0.25;drain0.5;bass0.25"
165140,1790794272032,D Maior,D Maior,0,D Maior,E Menor,0.6338,0.6338,0.4842,0.5986,"E Menor;G Maior;A Menor",,0.00,,0.00,50.36,50.36,5,1,"v2;w20;harm;aar;song60;far12;near45;tol0.8;floor0.25;drain0.5;bass0.25"
165697,1790794272532,D Maior,D Maior,0,D Maior,E Menor,0.6322,0.6322,0.4830,0.5971,"E Menor;G Maior;A Menor",,0.00,,0.00,50.90,50.90,5,1,"v2;w20;harm;aar;song60;far12;near45;tol0.8;floor0.25;drain0.5;bass0.25"
166162,1790794273032,D Maior,D Maior,0,D Maior,E Menor,0.6289,0.6289,0.4773,0.6064,"E Menor;A Menor;G Maior",,0.00,,0.00,51.36,51.36,5,1,"v2;w20;harm;aar;song60;far12;near45;tol0.8;floor0.25;drain0.5;bass0.25"
166719,1790794273532,D Maior,D Maior,0,D Maior,E Menor,0.6281,0.6281,0.4678,0.6413,"E Menor;A Menor;G Maior",,0.00,,0.00,51.94,51.94,5,1,"v2;w20;harm;aar;song60;far12;near45;tol0.8;floor0.25;drain0.5;bass0.25"
167183,1790794274031,D Maior,D Maior,0,D Maior,E Menor,0.6306,0.6306,0.4655,0.6605,"E Menor;G Maior;A Menor",,0.00,,0.00,52.40,52.40,5,1,"v2;w20;harm;aar;song60;far12;near45;tol0.8;floor0.25;drain0.5;bass0.25"
167648,1790794274530,D Maior,D Maior,0,D Maior,E Menor,0.6325,0.6325,0.4666,0.6636,"E Menor;G Maior;A Menor",,0.00,,0.00,52.87,52.87,5,1,"v2;w20;harm;aar;song60;far12;near45;tol0.8;floor0.25;drain0.5;bass0.25"
168205,1790794275032,D Maior,D Maior,0,D Maior,E Menor,0.6343,0.6343,0.4673,0.6678,"E Menor;G Maior;A Menor",,0.00,,0.00,53.42,53.42,5,1,"v2;w20;harm;aar;song60;far12;near45;tol0.8;floor0.25;drain0.5;bass0.25"
168669,1790794275530,D Maior,D Maior,0,D Maior,E Menor,0.6308,0.6308,0.4711,0.6386,"E Menor;G Maior;A Menor",,0.00,,0.00,53.88,53.88,5,1,"v2;w20;harm;aar;song60;far12;near45;tol0.8;floor0.25;drain0.5;bass0.25"
169227,1790794276030,D Maior,D Maior,0,D Maior,E Menor,0.6266,0.6266,0.4709,0.6228,"E Menor;G Maior;A Menor",,0.00,,0.00,54.44,54.44,5,1,"v2;w20;harm;aar;song60;far12;near45;tol0.8;floor0.25;drain0.5;bass0.25"
169691,1790794276530,D Maior,D Maior,0,D Maior,E Menor,0.6257,0.6257,0.4716,0.6165,"E Menor;G Maior;A Menor",,0.00,,0.00,54.90,54.90,5,1,"v2;w20;harm;aar;song60;far12;near45;tol0.8;floor0.25;drain0.5;bass0.25"
170155,1790794277030,D Maior,D Maior,0,D Maior,E Menor,0.6234,0.6234,0.4722,0.6047,"E Menor;G Maior;A Menor",,0.00,,0.00,55.38,55.38,5,1,"v2;w20;harm;aar;song60;far12;near45;tol0.8;floor0.25;drain0.5;bass0.25"
170713,1790794277531,D Maior,D Maior,0,D Maior,E Menor,0.6197,0.6197,0.4700,0.5991,"E Menor;G Maior;A Menor",,0.00,,0.00,55.92,55.92,5,1,"v2;w20;harm;aar;song60;far12;near45;tol0.8;floor0.25;drain0.5;bass0.25"
171177,1790794278031,D Maior,D Maior,0,D Maior,E Menor,0.6253,0.6253,0.4713,0.6160,"E Menor;G Maior;A Menor",,0.00,,0.00,56.38,56.38,5,1,"v2;w20;harm;aar;song60;far12;near45;tol0.8;floor0.25;drain0.5;bass0.25"
171641,1790794278530,D Maior,D Maior,0,D Maior,E Menor,0.6316,0.6316,0.4736,0.6321,"E Menor;G Maior;A Menor",,0.00,,0.00,56.86,56.86,5,1,"v2;w20;harm;aar;song60;far12;near45;tol0.8;floor0.25;drain0.5;bass0.25"
172199,1790794279030,D Maior,D Maior,0,D Maior,E Menor,0.6384,0.6384,0.4741,0.6571,"E Menor;G Maior;A Menor",,0.00,,0.00,57.40,57.40,5,1,"v2;w20;harm;aar;song60;far12;near45;tol0.8;floor0.25;drain0.5;bass0.25"
172663,1790794279530,D Maior,D Maior,0,D Maior,E Menor,0.6443,0.6443,0.4713,0.6923,"E Menor;G Maior;A Menor",,0.00,,0.00,57.86,57.86,5,1,"v2;w20;harm;aar;song60;far12;near45;tol0.8;floor0.25;drain0.5;bass0.25"
173220,1790794280030,D Maior,D Maior,0,D Maior,E Menor,0.6428,0.6428,0.4754,0.6698,"E Menor;G Maior;A Menor",,0.00,,0.00,58.44,58.44,5,1,"v2;w20;harm;aar;song60;far12;near45;tol0.8;floor0.25;drain0.5;bass0.25"
173685,1790794280531,D Maior,D Maior,0,D Maior,E Menor,0.6435,0.6435,0.4740,0.6778,"E Menor;G Maior;A Menor",,0.00,,0.00,58.91,58.91,5,1,"v2;w20;harm;aar;song60;far12;near45;tol0.8;floor0.25;drain0.5;bass0.25"
174149,1790794281031,D Maior,D Maior,0,D Maior,E Menor,0.6408,0.6408,0.4718,0.6762,"E Menor;G Maior;A Menor",,0.00,,0.00,59.36,59.36,5,1,"v2;w20;harm;aar;song60;far12;near45;tol0.8;floor0.25;drain0.5;bass0.25"
174706,1790794281530,D Maior,D Maior,0,D Maior,E Menor,0.6399,0.6399,0.4679,0.6880,"E Menor;G Maior;A Menor",,0.00,,0.00,59.92,59.92,5,1,"v2;w20;harm;aar;song60;far12;near45;tol0.8;floor0.25;drain0.5;bass0.25"
175171,1790794282031,D Maior,D Maior,0,D Maior,E Menor,0.6387,0.6387,0.4650,0.6949,"E Menor;G Maior;A Menor",,0.00,,0.00,60.38,60.38,5,1,"v2;w20;harm;aar;song60;far12;near45;tol0.8;floor0.25;drain0.5;bass0.25"
175728,1790794282530,D Maior,D Maior,0,D Maior,E Menor,0.6380,0.6380,0.4677,0.6813,"E Menor;G Maior;A Menor",,0.00,,0.00,60.94,60.94,5,1,"v2;w20;harm;aar;song60;far12;near45;tol0.8;floor0.25;drain0.5;bass0.25"
176193,1790794283031,D Maior,D Maior,0,D Maior,E Menor,0.6352,0.6352,0.4690,0.6647,"E Menor;G Maior;A Menor",,0.00,,0.00,61.40,61.40,5,1,"v2;w20;harm;aar;song60;far12;near45;tol0.8;floor0.25;drain0.5;bass0.25"
176657,1790794283530,D Maior,D Maior,0,D Maior,E Menor,0.6344,0.6344,0.4667,0.6708,"E Menor;G Maior;A Menor",,0.00,,0.00,61.88,61.88,5,1,"v2;w20;harm;aar;song60;far12;near45;tol0.8;floor0.25;drain0.5;bass0.25"
177214,1790794284031,D Maior,D Maior,0,D Maior,E Menor,0.6361,0.6361,0.4676,0.6739,"E Menor;G Maior;A Menor",,0.00,,0.00,62.42,62.42,5,1,"v2;w20;harm;aar;song60;far12;near45;tol0.8;floor0.25;drain0.5;bass0.25"
177679,1790794284530,D Maior,D Maior,0,D Maior,E Menor,0.6392,0.6392,0.4657,0.6941,"E Menor;G Maior;A Menor",,0.00,,0.00,62.88,62.88,5,1,"v2;w20;harm;aar;song60;far12;near45;tol0.8;floor0.25;drain0.5;bass0.25"
178143,1790794285030,D Maior,D Maior,0,D Maior,E Menor,0.6389,0.6389,0.4653,0.6948,"E Menor;G Maior;A Menor",,0.00,,0.00,63.36,63.36,5,1,"v2;w20;harm;aar;song60;far12;near45;tol0.8;floor0.25;drain0.5;bass0.25"
178700,1790794285531,D Maior,D Maior,0,D Maior,E Menor,0.6404,0.6404,0.4652,0.7010,"E Menor;G Maior;A Menor",,0.00,,0.00,63.90,63.90,5,1,"v2;w20;harm;aar;song60;far12;near45;tol0.8;floor0.25;drain0.5;bass0.25"
179165,1790794286032,D Maior,D Maior,0,D Maior,E Menor,0.6405,0.6405,0.4633,0.7089,"E Menor;G Maior;A Menor",,0.00,,0.00,64.38,64.38,5,1,"v2;w20;harm;aar;song60;far12;near45;tol0.8;floor0.25;drain0.5;bass0.25"
179722,1790794286532,D Maior,D Maior,0,D Maior,E Menor,0.6403,0.6403,0.4640,0.7052,"E Menor;G Maior;A Menor",,0.00,,0.00,64.94,64.94,5,1,"v2;w20;harm;aar;song60;far12;near45;tol0.8;floor0.25;drain0.5;bass0.25"
180186,1790794287030,D Maior,D Maior,0,D Maior,E Menor,0.6398,0.6398,0.4612,0.7143,"E Menor;G Maior;A Menor",,0.00,,0.00,65.40,65.40,5,1,"v2;w20;harm;aar;song60;far12;near45;tol0.8;floor0.25;drain0.5;bass0.25"
180651,1790794287532,D Maior,D Maior,0,D Maior,E Menor,0.6378,0.6378,0.4600,0.7112,"E Menor;G Maior;A Menor",,0.00,,0.00,65.86,65.86,5,1,"v2;w20;harm;aar;song60;far12;near45;tol0.8;floor0.25;drain0.5;bass0.25"
181208,1790794288032,D Maior,D Maior,0,D Maior,E Menor,0.6347,0.6347,0.4585,0.7049,"E Menor;G Maior;A Menor",,0.00,,0.00,66.42,66.42,5,1,"v2;w20;harm;aar;song60;far12;near45;tol0.8;floor0.25;drain0.5;bass0.25"
181672,1790794288531,D Maior,D Maior,0,D Maior,E Menor,0.6347,0.6347,0.4571,0.7106,"E Menor;G Maior;A Menor",,0.00,,0.00,66.90,66.90,5,1,"v2;w20;harm;aar;song60;far12;near45;tol0.8;floor0.25;drain0.5;bass0.25"
182230,1790794289032,D Maior,D Maior,0,D Maior,E Menor,0.6393,0.6393,0.4589,0.7215,"E Menor;G Maior;A Menor",,0.00,,0.00,67.44,67.44,5,1,"v2;w20;harm;aar;song60;far12;near45;tol0.8;floor0.25;drain0.5;bass0.25"
182694,1790794289532,D Maior,D Maior,0,D Maior,E Menor,0.6436,0.6436,0.4623,0.7251,"E Menor;G Maior;A Menor",,0.00,,0.00,67.90,67.90,5,1,"v2;w20;harm;aar;song60;far12;near45;tol0.8;floor0.25;drain0.5;bass0.25"
183158,1790794290032,D Maior,D Maior,0,D Maior,E Menor,0.6416,0.6416,0.4623,0.7174,"E Menor;G Maior;A Menor",,0.00,,0.00,68.38,68.38,5,1,"v2;w20;harm;aar;song60;far12;near45;tol0.8;floor0.25;drain0.5;bass0.25"
183716,1790794290532,D Maior,D Maior,0,D Maior,E Menor,0.6446,0.6446,0.4638,0.7236,"E Menor;G Maior;A Menor",,0.00,,0.00,68.92,68.92,5,1,"v2;w20;harm;aar;song60;far12;near45;tol0.8;floor0.25;drain0.5;bass0.25"
184180,1790794291031,D Maior,D Maior,0,D Maior,E Menor,0.6453,0.6453,0.4629,0.7296,"E Menor;G Maior;A Menor",,0.00,,0.00,69.39,69.39,5,1,"v2;w20;harm;aar;song60;far12;near45;tol0.8;floor0.25;drain0.5;bass0.25"
184645,1790794291532,D Maior,D Maior,0,D Maior,E Menor,0.6448,0.6448,0.4612,0.7342,"E Menor;G Maior;A Menor",,0.00,,0.00,69.86,69.86,5,1,"v2;w20;harm;aar;song60;far12;near45;tol0.8;floor0.25;drain0.5;bass0.25"
185202,1790794292033,D Maior,D Maior,0,D Maior,E Menor,0.6380,0.6380,0.4517,0.7453,"E Menor;G Maior;A Menor",,0.00,,0.00,70.40,70.40,5,1,"v2;w20;harm;aar;song60;far12;near45;tol0.8;floor0.25;drain0.5;bass0.25"
185666,1790794292532,D Maior,D Maior,0,D Maior,E Menor,0.6358,0.6358,0.4505,0.7410,"E Menor;G Maior;A Menor",,0.00,,0.00,70.88,70.88,5,1,"v2;w20;harm;aar;song60;far12;near45;tol0.8;floor0.25;drain0.5;bass0.25"
186224,1790794293031,D Maior,D Maior,0,D Maior,E Menor,0.6399,0.6399,0.4571,0.7312,"E Menor;G Maior;A Menor",,0.00,,0.00,71.44,71.44,5,1,"v2;w20;harm;aar;song60;far12;near45;tol0.8;floor0.25;drain0.5;bass0.25"
186688,1790794293531,D Maior,D Maior,0,D Maior,E Menor,0.6423,0.6423,0.4588,0.7340,"E Menor;G Maior;A Menor",,0.00,,0.00,71.91,71.91,5,1,"v2;w20;harm;aar;song60;far12;near45;tol0.8;floor0.25;drain0.5;bass0.25"
187152,1790794294032,D Maior,D Maior,0,D Maior,E Menor,0.6439,0.6439,0.4596,0.7372,"E Menor;G Maior;A Maior",,0.00,,0.00,72.36,72.36,5,1,"v2;w20;harm;aar;song60;far12;near45;tol0.8;floor0.25;drain0.5;bass0.25"
187710,1790794294531,D Maior,D Maior,0,D Maior,E Menor,0.6477,0.6477,0.4567,0.7638,"E Menor;G Maior;A Menor",,0.00,,0.00,72.92,72.92,5,1,"v2;w20;harm;aar;song60;far12;near45;tol0.8;floor0.25;drain0.5;bass0.25"
188174,1790794295032,D Maior,D Maior,0,D Maior,E Menor,0.6475,0.6475,0.4573,0.7611,"E Menor;G Maior;A Menor",,0.00,,0.00,73.41,73.41,5,1,"v2;w20;harm;aar;song60;far12;near45;tol0.8;floor0.25;drain0.5;bass0.25"
188731,1790794295532,D Maior,D Maior,0,D Maior,E Menor,0.6476,0.6476,0.4595,0.7522,"E Menor;G Maior;A Menor",,0.00,,0.00,73.94,73.94,5,1,"v2;w20;harm;aar;song60;far12;near45;tol0.8;floor0.25;drain0.5;bass0.25"
189196,1790794296032,D Maior,D Maior,0,D Maior,E Menor,0.6467,0.6467,0.4592,0.7503,"E Menor;A Maior;G Maior",,0.00,,0.00,74.41,74.41,5,1,"v2;w20;harm;aar;song60;far12;near45;tol0.8;floor0.25;drain0.5;bass0.25"
189660,1790794296532,D Maior,D Maior,0,D Maior,E Menor,0.6494,0.6494,0.4653,0.7365,"E Menor;G Maior;A Menor",,0.00,,0.00,74.88,74.88,5,1,"v2;w20;harm;aar;song60;far12;near45;tol0.8;floor0.25;drain0.5;bass0.25"
190217,1790794297032,D Maior,D Maior,0,D Maior,E Menor,0.6512,0.6512,0.4725,0.7146,"E Menor;G Maior;A Menor",,0.00,,0.00,75.42,75.42,5,1,"v2;w20;harm;aar;song60;far12;near45;tol0.8;floor0.25;drain0.5;bass0.25"
190682,1790794297532,D Maior,D Maior,0,D Maior,E Menor,0.6515,0.6515,0.4713,0.7207,"E Menor;G Maior;A Menor",,0.00,,0.00,75.90,75.90,5,1,"v2;w20;harm;aar;song60;far12;near45;tol0.8;floor0.25;drain0.5;bass0.25"
191146,1790794298031,D Maior,D Maior,0,D Maior,E Menor,0.6522,0.6522,0.4753,0.7075,"E Menor;G Maior;A Menor",,0.00,,0.00,76.36,76.36,5,1,"v2;w20;harm;aar;song60;far12;near45;tol0.8;floor0.25;drain0.5;bass0.25"
191703,1790794298532,D Maior,D Maior,0,D Maior,E Menor,0.6567,0.6567,0.4727,0.7358,"E Menor;G Maior;A Menor",,0.00,,0.00,76.90,76.90,5,1,"v2;w20;harm;aar;song60;far12;near45;tol0.8;floor0.25;drain0.5;bass0.25"
192168,1790794299032,D Maior,D Maior,0,D Maior,E Menor,0.6619,0.6619,0.4721,0.7592,"E Menor;G Maior;A Menor",,0.00,,0.00,77.38,77.38,5,1,"v2;w20;harm;aar;song60;far12;near45;tol0.8;floor0.25;drain0.5;bass0.25"
192725,1790794299532,D Maior,D Maior,0,D Maior,E Menor,0.6664,0.6664,0.4706,0.7834,"E Menor;G Maior;A Menor",,0.00,,0.00,77.94,77.94,5,1,"v2;w20;harm;aar;song60;far12;near45;tol0.8;floor0.25;drain0.5;bass0.25"
193190,1790794300031,D Maior,D Maior,0,D Maior,E Menor,0.6701,0.6701,0.4729,0.7889,"E Menor;G Maior;A Menor",,0.00,,0.00,78.42,78.42,5,1,"v2;w20;harm;aar;song60;far12;near45;tol0.8;floor0.25;drain0.5;bass0.25"
193654,1790794300532,D Maior,D Maior,0,D Maior,E Menor,0.6698,0.6698,0.4800,0.7591,"E Menor;G Maior;A Menor",,0.00,,0.00,78.86,78.86,5,1,"v2;w20;harm;aar;song60;far12;near45;tol0.8;floor0.25;drain0.5;bass0.25"
194211,1790794301032,D Maior,D Maior,0,D Maior,E Menor,0.6691,0.6691,0.4806,0.7540,"E Menor;G Maior;A Menor",,0.00,,0.00,79.42,79.42,5,1,"v2;w20;harm;aar;song60;far12;near45;tol0.8;floor0.25;drain0.5;bass0.25"
194676,1790794301532,D Maior,D Maior,0,D Maior,E Menor,0.6701,0.6701,0.4809,0.7567,"E Menor;G Maior;A Menor",,0.00,,0.00,79.90,79.90,5,1,"v2;w20;harm;aar;song60;far12;near45;tol0.8;floor0.25;drain0.5;bass0.25"
195233,1790794302031,D Maior,D Maior,0,D Maior,E Menor,0.6686,0.6686,0.4800,0.7546,"E Menor;G Maior;A Menor",,0.00,,0.00,80.44,80.44,5,1,"v2;w20;harm;aar;song60;far12;near45;tol0.8;floor0.25;drain0.5;bass0.25"
195697,1790794302531,D Maior,D Maior,0,D Maior,E Menor,0.6677,0.6677,0.4795,0.7526,"E Menor;G Maior;A Maior",,0.00,,0.00,80.90,80.90,5,1,"v2;w20;harm;aar;song60;far12;near45;tol0.8;floor0.25;drain0.5;bass0.25"
196162,1790794303032,D Maior,D Maior,0,D Maior,E Menor,0.6669,0.6669,0.4798,0.7481,"E Menor;G Maior;A Maior",,0.00,,0.00,81.38,81.38,5,1,"v2;w20;harm;aar;song60;far12;near45;tol0.8;floor0.25;drain0.5;bass0.25"
196719,1790794303531,D Maior,D Maior,0,D Maior,E Menor,0.6661,0.6661,0.4791,0.7480,"E Menor;G Maior;A Maior",,0.00,,0.00,81.92,81.92,5,1,"v2;w20;harm;aar;song60;far12;near45;tol0.8;floor0.25;drain0.5;bass0.25"
197183,1790794304032,D Maior,D Maior,0,D Maior,E Menor,0.6706,0.6706,0.4782,0.7698,"E Menor;G Maior;A Maior",,0.00,,0.00,82.40,82.40,5,1,"v2;w20;harm;aar;song60;far12;near45;tol0.8;floor0.25;drain0.5;bass0.25"
197648,1790794304532,D Maior,D Maior,0,D Maior,E Menor,0.6716,0.6716,0.4779,0.7747,"E Menor;G Maior;A Maior",,0.00,,0.00,82.86,82.86,5,1,"v2;w20;harm;aar;song60;far12;near45;tol0.8;floor0.25;drain0.5;bass0.25"
198205,1790794305032,D Maior,D Maior,0,D Maior,E Menor,0.6769,0.6769,0.4792,0.7911,"E Menor;G Maior;A Menor",,0.00,,0.00,83.40,83.40,5,1,"v2;w20;harm;aar;song60;far12;near45;tol0.8;floor0.25;drain0.5;bass0.25"
198669,1790794305532,D Maior,D Maior,0,D Maior,E Menor,0.6778,0.6778,0.4792,0.7946,"E Menor;G Maior;A Menor",,0.00,,0.00,83.88,83.88,5,1,"v2;w20;harm;aar;song60;far12;near45;tol0.8;floor0.25;drain0.5;bass0.25"
199227,1790794306030,D Maior,D Maior,0,D Maior,E Menor,0.6773,0.6773,0.4783,0.7961,"E Menor;G Maior;A Menor",,0.00,,0.00,84.44,84.44,5,1,"v2;w20;harm;aar;song60;far12;near45;tol0.8;floor0.25;drain0.5;bass0.25"
199691,1790794306531,D Maior,D Maior,0,D Maior,E Menor,0.6786,0.6786,0.4794,0.7968,"E Menor;G Maior;A Maior",,0.00,,0.00,84.92,84.92,5,1,"v2;w20;harm;aar;song60;far12;near45;tol0.8;floor0.25;drain0.5;bass0.25"
200156,1790794307031,D Maior,D Maior,0,D Maior,E Menor,0.6801,0.6801,0.4842,0.7837,"E Menor;G Maior;A Menor",,0.00,,0.00,85.36,85.36,5,1,"v2;w20;harm;aar;song60;far12;near45;tol0.8;floor0.25;drain0.5;bass0.25"
200713,1790794307532,D Maior,D Maior,0,D Maior,E Menor,0.6810,0.6810,0.4866,0.7777,"E Menor;G Maior;A Maior",,0.00,,0.00,85.92,85.92,5,1,"v2;w20;harm;aar;song60;far12;near45;tol0.8;floor0.25;drain0.5;bass0.25"
201177,1790794308032,D Maior,D Maior,0,D Maior,E Menor,0.6819,0.6819,0.4859,0.7840,"E Menor;G Maior;A Maior",,0.00,,0.00,86.40,86.40,5,1,"v2;w20;harm;aar;song60;far12;near45;tol0.8;floor0.25;drain0.5;bass0.25"
201734,1790794308531,D Maior,D Maior,0,D Maior,E Menor,0.6831,0.6831,0.4888,0.7771,"E Menor;G Maior;A Maior",,0.00,,0.00,86.94,86.94,5,1,"v2;w20;harm;aar;song60;far12;near45;tol0.8;floor0.25;drain0.5;bass0.25"
202199,1790794309032,D Maior,D Maior,0,D Maior,E Menor,0.6849,0.6849,0.4866,0.7929,"E Menor;G Maior;A Maior",,0.00,,0.00,87.43,87.43,5,1,"v2;w20;harm;aar;song60;far12;near45;tol0.8;floor0.25;drain0.5;bass0.25"
202663,1790794309531,D Maior,D Maior,0,D Maior,E Menor,0.6894,0.6894,0.4847,0.8188,"E Menor;G Maior;A Maior",,0.00,,0.00,87.88,87.88,5,1,"v2;w20;harm;aar;song60;far12;near45;tol0.8;floor0.25;drain0.5;bass0.25"
203221,1790794310032,D Maior,D Maior,0,D Maior,E Menor,0.6971,0.6971,0.4841,0.8520,"E Menor;G Maior;A Maior",,0.00,,0.00,88.42,88.42,5,1,"v2;w20;harm;aar;song60;far12;near45;tol0.8;floor0.25;drain0.5;bass0.25"
203685,1790794310532,D Maior,D Maior,0,D Maior,E Menor,0.7000,0.7000,0.4859,0.8566,"E Menor;G Maior;A Menor",,0.00,,0.00,88.90,88.90,5,1,"v2;w20;harm;aar;song60;far12;near45;tol0.8;floor0.25;drain0.5;bass0.25"
204149,1790794311032,D Maior,D Maior,0,D Maior,E Menor,0.6993,0.6993,0.4924,0.8276,"E Menor;G Maior;A Menor",,0.00,,0.00,89.36,89.36,5,1,"v2;w20;harm;aar;song60;far12;near45;tol0.8;floor0.25;drain0.5;bass0.25"
204707,1790794311532,D Maior,D Maior,0,D Maior,E Menor,0.6942,0.6942,0.4870,0.8288,"E Menor;G Maior;A Menor",,0.00,,0.00,89.90,89.90,5,1,"v2;w20;harm;aar;song60;far12;near45;tol0.8;floor0.25;drain0.5;bass0.25"
205171,1790794312030,D Maior,D Maior,0,D Maior,E Menor,0.6906,0.6906,0.4820,0.8345,"E Menor;G Maior;A Maior",,0.00,,0.00,90.38,90.38,5,1,"v2;w20;harm;aar;song60;far12;near45;tol0.8;floor0.25;drain0.5;bass0.25"
205728,1790794312531,D Maior,D Maior,0,D Maior,E Menor,0.6877,0.6877,0.4766,0.8444,"E Menor;G Maior;A Maior",,0.00,,0.00,90.94,90.94,5,1,"v2;w20;harm;aar;song60;far12;near45;tol0.8;floor0.25;drain0.5;bass0.25"
206193,1790794313032,D Maior,D Maior,0,D Maior,E Menor,0.6863,0.6863,0.4725,0.8553,"E Menor;G Maior;A Maior",,0.00,,0.00,91.42,91.42,5,1,"v2;w20;harm;aar;song60;far12;near45;tol0.8;floor0.25;drain0.5;bass0.25"
206657,1790794313532,D Maior,D Maior,0,D Maior,E Menor,0.6874,0.6874,0.4767,0.8429,"E Menor;G Maior;A Maior",,0.00,,0.00,91.86,91.86,5,1,"v2;w20;harm;aar;song60;far12;near45;tol0.8;floor0.25;drain0.5;bass0.25"
207214,1790794314030,D Maior,D Maior,0,D Maior,E Menor,0.6848,0.6848,0.4734,0.8458,"E Menor;G Maior;A Maior",,0.00,,0.00,92.42,92.42,5,1,"v2;w20;harm;aar;song60;far12;near45;tol0.8;floor0.25;drain0.5;bass0.25"
207679,1790794314531,D Maior,D Maior,0,D Maior,E Menor,0.6839,0.6839,0.4699,0.8557,"E Menor;G Maior;A Maior",,0.00,,0.00,92.90,92.90,5,1,"v2;w20;harm;aar;song60;far12;near45;tol0.8;floor0.25;drain0.5;bass0.25"
208236,1790794315032,D Maior,D Maior,0,D Maior,E Menor,0.6842,0.6842,0.4666,0.8704,"E Menor;G Maior;A Maior",,0.00,,0.00,93.44,93.44,5,1,"v2;w20;harm;aar;song60;far12;near45;tol0.8;floor0.25;drain0.5;bass0.25"
208700,1790794315533,D Maior,D Maior,0,D Maior,E Menor,0.6869,0.6869,0.4650,0.8875,"E Menor;G Maior;A Maior",,0.00,,0.00,93.92,93.92,5,1,"v2;w20;harm;aar;song60;far12;near45;tol0.8;floor0.25;drain0.5;bass0.25"
209165,1790794316032,D Maior,D Maior,0,D Maior,E Menor,0.6870,0.6870,0.4632,0.8951,"E Menor;G Maior;A Maior",,0.00,,0.00,94.38,94.38,5,1,"v2;w20;harm;aar;song60;far12;near45;tol0.8;floor0.25;drain0.5;bass0.25"
209722,1790794316532,D Maior,D Maior,0,D Maior,E Menor,0.6859,0.6859,0.4604,0.9022,"E Menor;G Maior;A Maior",,0.00,,0.00,94.92,94.92,5,1,"v2;w20;harm;aar;song60;far12;near45;tol0.8;floor0.25;drain0.5;bass0.25"
210187,1790794317030,D Maior,D Maior,0,D Maior,E Menor,0.6848,0.6848,0.4596,0.9009,"E Menor;G Maior;A Maior",,0.00,,0.00,95.40,95.40,5,1,"v2;w20;harm;aar;song60;far12;near45;tol0.8;floor0.25;drain0.5;bass0.25"
210651,1790794317532,D Maior,D Maior,0,D Maior,E Menor,0.6852,0.6852,0.4621,0.8923,"E Menor;G Maior;A Maior",,0.00,,0.00,95.86,95.86,5,1,"v2;w20;harm;aar;song60;far12;near45;tol0.8;floor0.25;drain0.5;bass0.25"
211208,1790794318033,D Maior,D Maior,0,D Maior,E Menor,0.6850,0.6850,0.4604,0.8985,"E Menor;G Maior;A Maior",,0.00,,0.00,96.42,96.42,5,1,"v2;w20;harm;aar;song60;far12;near45;tol0.8;floor0.25;drain0.5;bass0.25"
211673,1790794318543,D Maior,D Maior,0,D Maior,E Menor,0.6854,0.6854,0.4609,0.8981,"E Menor;G Maior;A Maior",,0.00,,0.00,96.88,96.88,5,1,"v2;w20;harm;aar;song60;far12;near45;tol0.8;floor0.25;drain0.5;bass0.25"
212230,1790794319032,D Maior,D Maior,0,D Maior,E Menor,0.6879,0.6879,0.4598,0.9124,"E Menor;G Maior;A Maior",,0.00,,0.00,97.44,97.44,5,1,"v2;w20;harm;aar;song60;far12;near45;tol0.8;floor0.25;drain0.5;bass0.25"
212694,1790794319532,D Maior,D Maior,0,D Maior,E Menor,0.6876,0.6876,0.4610,0.9062,"E Menor;G Maior;A Maior",,0.00,,0.00,97.92,97.92,5,1,"v2;w20;harm;aar;song60;far12;near45;tol0.8;floor0.25;drain0.5;bass0.25"
213159,1790794320029,D Maior,D Maior,0,D Maior,E Menor,0.6889,0.6889,0.4634,0.9020,"E Menor;G Maior;A Maior",,0.00,,0.00,98.36,98.36,5,1,"v2;w20;harm;aar;song60;far12;near45;tol0.8;floor0.25;drain0.5;bass0.25"
213716,1790794320532,D Maior,D Maior,0,D Maior,E Menor,0.6905,0.6905,0.4613,0.9164,"E Menor;G Maior;A Maior",,0.00,,0.00,98.94,98.94,5,1,"v2;w20;harm;aar;song60;far12;near45;tol0.8;floor0.25;drain0.5;bass0.25"
214180,1790794321032,D Maior,D Maior,0,D Maior,E Menor,0.6936,0.6936,0.4663,0.9091,"E Menor;G Maior;A Maior",,0.00,,0.00,99.40,99.40,5,1,"v2;w20;harm;aar;song60;far12;near45;tol0.8;floor0.25;drain0.5;bass0.25"
214738,1790794321532,D Maior,D Maior,0,D Maior,E Menor,0.6975,0.6975,0.4698,0.9109,"E Menor;G Maior;A Maior",,0.00,,0.00,99.94,99.94,5,1,"v2;w20;harm;aar;song60;far12;near45;tol0.8;floor0.25;drain0.5;bass0.25"
215202,1790794322033,D Maior,D Maior,0,D Maior,E Menor,0.6989,0.6989,0.4708,0.9126,"E Menor;G Maior;A Maior",,0.00,,0.00,100.42,100.42,5,1,"v2;w20;harm;aar;song60;far12;near45;tol0.8;floor0.25;drain0.5;bass0.25"
215666,1790794322532,D Maior,D Maior,0,D Maior,E Menor,0.6992,0.6992,0.4712,0.9121,"E Menor;G Maior;A Maior",,0.00,,0.00,100.88,100.88,5,1,"v2;w20;harm;aar;song60;far12;near45;tol0.8;floor0.25;drain0.5;bass0.25"
216224,1790794323032,D Maior,D Maior,0,D Maior,E Menor,0.6972,0.6972,0.4717,0.9022,"E Menor;G Maior;A Maior",,0.00,,0.00,101.42,101.42,5,1,"v2;w20;harm;aar;song60;far12;near45;tol0.8;floor0.25;drain0.5;bass0.25"
216688,1790794323532,D Maior,D Maior,0,D Maior,E Menor,0.6952,0.6952,0.4706,0.8985,"E Menor;G Maior;A Maior",,0.00,,0.00,101.90,101.90,5,1,"v2;w20;harm;aar;song60;far12;near45;tol0.8;floor0.25;drain0.5;bass0.25"
217153,1790794324032,D Maior,D Maior,0,D Maior,E Menor,0.6938,0.6938,0.4697,0.8966,"E Menor;G Maior;A Maior",,0.00,,0.00,102.36,102.36,5,1,"v2;w20;harm;aar;song60;far12;near45;tol0.8;floor0.25;drain0.5;bass0.25"
217710,1790794324532,D Maior,D Maior,0,D Maior,E Menor,0.6877,0.6877,0.4640,0.8949,"E Menor;G Maior;A Maior",,0.00,,0.00,102.92,102.92,5,1,"v2;w20;harm;aar;song60;far12;near45;tol0.8;floor0.25;drain0.5;bass0.25"
218174,1790794325032,D Maior,D Maior,0,D Maior,E Menor,0.6870,0.6870,0.4649,0.8883,"E Menor;G Maior;A Maior",,0.00,,0.00,103.38,103.38,5,1,"v2;w20;harm;aar;song60;far12;near45;tol0.8;floor0.25;drain0.5;bass0.25"
218731,1790794325532,D Maior,D Maior,0,D Maior,E Menor,0.6886,0.6886,0.4667,0.8873,"E Menor;G Maior;A Maior",,0.00,,0.00,103.94,103.94,5,1,"v2;w20;harm;aar;song60;far12;near45;tol0.8;floor0.25;drain0.5;bass0.25"
219196,1790794326029,D Maior,D Maior,0,D Maior,E Menor,0.6872,0.6872,0.4687,0.8740,"E Menor;G Maior;A Maior",,0.00,,0.00,104.42,104.42,5,1,"v2;w20;harm;aar;song60;far12;near45;tol0.8;floor0.25;drain0.5;bass0.25"
219660,1790794326532,D Maior,D Maior,0,D Maior,E Menor,0.6893,0.6893,0.4728,0.8662,"E Menor;G Maior;A Maior",,0.00,,0.00,104.86,104.86,5,1,"v2;w20;harm;aar;song60;far12;near45;tol0.8;floor0.25;drain0.5;bass0.25"
220218,1790794327031,D Maior,D Maior,0,D Maior,E Menor,0.6839,0.6839,0.4650,0.8757,"E Menor;G Maior;A Maior",,0.00,,0.00,105.45,105.45,5,1,"v2;w20;harm;aar;song60;far12;near45;tol0.8;floor0.25;drain0.5;bass0.25"
220682,1790794327530,D Maior,D Maior,0,D Maior,E Menor,0.6818,0.6818,0.4633,0.8738,"E Menor;G Maior;A Maior",,0.00,,0.00,105.90,105.90,5,1,"v2;w20;harm;aar;song60;far12;near45;tol0.8;floor0.25;drain0.5;bass0.25"
221239,1790794328031,D Maior,D Maior,0,D Maior,E Menor,0.6803,0.6803,0.4593,0.8842,"E Menor;G Maior;A Maior",,0.00,,0.00,106.44,106.44,5,1,"v2;w20;harm;aar;song60;far12;near45;tol0.8;floor0.25;drain0.5;bass0.25"
221704,1790794328532,D Maior,D Maior,0,D Maior,E Menor,0.6791,0.6791,0.4581,0.8840,"E Menor;G Maior;A Maior",,0.00,,0.00,106.92,106.92,5,1,"v2;w20;harm;aar;song60;far12;near45;tol0.8;floor0.25;drain0.5;bass0.25"
222168,1790794329029,D Maior,D Maior,0,D Maior,E Menor,0.6788,0.6788,0.4591,0.8788,"E Menor;G Maior;A Maior",,0.00,,0.00,107.38,107.38,5,1,"v2;w20;harm;aar;song60;far12;near45;tol0.8;floor0.25;drain0.5;bass0.25"
222725,1790794329532,D Maior,D Maior,0,D Maior,E Menor,0.6782,0.6782,0.4585,0.8785,"E Menor;G Maior;A Maior",,0.00,,0.00,107.94,107.94,5,1,"v2;w20;harm;aar;song60;far12;near45;tol0.8;floor0.25;drain0.5;bass0.25"
223190,1790794330031,D Maior,D Maior,0,D Maior,E Menor,0.6808,0.6808,0.4610,0.8792,"E Menor;G Maior;A Maior",,0.00,,0.00,108.40,108.40,5,1,"v2;w20;harm;aar;song60;far12;near45;tol0.8;floor0.25;drain0.5;bass0.25"
223654,1790794330531,D Maior,D Maior,0,D Maior,E Menor,0.6815,0.6815,0.4659,0.8621,"E Menor;G Maior;A Maior",,0.00,,0.00,108.86,108.86,5,1,"v2;w20;harm;aar;song60;far12;near45;tol0.8;floor0.25;drain0.5;bass0.25"
224211,1790794331031,D Maior,D Maior,0,D Maior,E Menor,0.6795,0.6795,0.4652,0.8574,"E Menor;G Maior;A Maior",,0.00,,0.00,109.42,109.42,5,1,"v2;w20;harm;aar;song60;far12;near45;tol0.8;floor0.25;drain0.5;bass0.25"
224676,1790794331531,D Maior,D Maior,0,D Maior,E Menor,0.6796,0.6796,0.4688,0.8430,"E Menor;G Maior;A Maior",,0.00,,0.00,109.88,109.88,5,1,"v2;w20;harm;aar;song60;far12;near45;tol0.8;floor0.25;drain0.5;bass0.25"
225140,1790794332032,D Maior,D Maior,0,D Maior,E Menor,0.6839,0.6839,0.4711,0.8513,"E Menor;G Maior;A Maior",,0.00,,0.00,110.34,110.34,5,1,"v2;w20;harm;aar;song60;far12;near45;tol0.8;floor0.25;drain0.5;bass0.25"
225697,1790794332531,D Maior,D Maior,0,D Maior,E Menor,0.6858,0.6858,0.4705,0.8612,"E Menor;G Maior;A Maior",,0.00,,0.00,110.92,110.92,5,1,"v2;w20;harm;aar;song60;far12;near45;tol0.8;floor0.25;drain0.5;bass0.25"
226162,1790794333029,D Maior,D Maior,0,D Maior,E Menor,0.6874,0.6874,0.4725,0.8596,"E Menor;G Maior;A Maior",,0.00,,0.00,111.36,111.36,5,1,"v2;w20;harm;aar;song60;far12;near45;tol0.8;floor0.25;drain0.5;bass0.25"
226719,1790794333531,D Maior,D Maior,0,D Maior,E Menor,0.6885,0.6885,0.4748,0.8550,"E Menor;G Maior;A Maior",,0.00,,0.00,111.94,111.94,5,1,"v2;w20;harm;aar;song60;far12;near45;tol0.8;floor0.25;drain0.5;bass0.25"
227184,1790794334031,D Maior,D Maior,0,D Maior,E Menor,0.6883,0.6883,0.4758,0.8499,"E Menor;G Maior;A Maior",,0.00,,0.00,112.40,112.40,5,1,"v2;w20;harm;aar;song60;far12;near45;tol0.8;floor0.25;drain0.5;bass0.25"
227741,1790794334531,D Maior,D Maior,0,D Maior,E Menor,0.6869,0.6869,0.4742,0.8510,"E Menor;G Maior;A Maior",,0.00,,0.00,112.94,112.94,5,1,"v2;w20;harm;aar;song60;far12;near45;tol0.8;floor0.25;drain0.5;bass0.25"
228205,1790794335032,D Maior,D Maior,0,D Maior,E Menor,0.6855,0.6855,0.4742,0.8452,"E Menor;G Maior;A Maior",,0.00,,0.00,113.42,113.42,5,1,"v2;w20;harm;aar;song60;far12;near45;tol0.8;floor0.25;drain0.5;bass0.25"
228670,1790794335533,D Maior,D Maior,0,D Maior,E Menor,0.6867,0.6867,0.4789,0.8312,"E Menor;G Maior;A Maior",,0.00,,0.00,113.88,113.88,5,1,"v2;w20;harm;aar;song60;far12;near45;tol0.8;floor0.25;drain0.5;bass0.25"
229227,1790794336032,D Maior,D Maior,0,D Maior,E Menor,0.6879,0.6879,0.4822,0.8229,"E Menor;G Maior;A Maior",,0.00,,0.00,114.44,114.44,5,1,"v2;w20;harm;aar;song60;far12;near45;tol0.8;floor0.25;drain0.5;bass0.25"
229691,1790794336531,D Maior,D Maior,0,D Maior,E Menor,0.6882,0.6882,0.4845,0.8151,"E Menor;G Maior;A Maior",,0.00,,0.00,114.90,114.90,5,1,"v2;w20;harm;aar;song60;far12;near45;tol0.8;floor0.25;drain0.5;bass0.25"
230156,1790794337030,D Maior,D Maior,0,D Maior,E Menor,0.6863,0.6863,0.4822,0.8165,"E Menor;G Maior;A Maior",,0.00,,0.00,115.36,115.36,5,1,"v2;w20;harm;aar;song60;far12;near45;tol0.8;floor0.25;drain0.5;bass0.25"
230713,1790794337531,D Maior,D Maior,0,D Maior,E Menor,0.6836,0.6836,0.4777,0.8235,"E Menor;G Maior;A Maior",,0.00,,0.00,115.92,115.92,5,1,"v2;w20;harm;aar;song60;far12;near45;tol0.8;floor0.25;drain0.5;bass0.25"
231177,1790794338031,D Maior,D Maior,0,D Maior,E Menor,0.6825,0.6825,0.4761,0.8254,"E Menor;G Maior;A Maior",,0.00,,0.00,116.38,116.38,5,1,"v2;w20;harm;aar;song60;far12;near45;tol0.8;floor0.25;drain0.5;bass0.25"
231642,1790794338531,D Maior,D Maior,0,D Maior,E Menor,0.6802,0.6802,0.4733,0.8276,"E Menor;G Maior;A Maior",,0.00,,0.00,116.86,116.86,5,1,"v2;w20;harm;aar;song60;far12;near45;tol0.8;floor0.25;drain0.5;bass0.25"
232199,1790794339031,D Maior,D Maior,0,D Maior,E Menor,0.6791,0.6791,0.4774,0.8069,"E Menor;G Maior;A Maior",,0.00,,0.00,117.42,117.42,5,1,"v2;w20;harm;aar;song60;far12;near45;tol0.8;floor0.25;drain0.5;bass0.25"
232663,1790794339532,D Maior,D Maior,0,D Maior,E Menor,0.6793,0.6793,0.4769,0.8096,"E Menor;G Maior;A Maior",,0.00,,0.00,117.86,117.86,5,1,"v2;w20;harm;aar;song60;far12;near45;tol0.8;floor0.25;drain0.5;bass0.25"
233221,1790794340032,D Maior,D Maior,0,D Maior,E Menor,0.6788,0.6788,0.4738,0.8200,"E Menor;G Maior;A Maior",,0.00,,0.00,118.44,118.44,5,1,"v2;w20;harm;aar;song60;far12;near45;tol0.8;floor0.25;drain0.5;bass0.25"
233685,1790794340531,D Maior,D Maior,0,D Maior,E Menor,0.6803,0.6803,0.4769,0.8133,"E Menor;G Maior;A Maior",,0.00,,0.00,118.90,118.90,5,1,"v2;w20;harm;aar;song60;far12;near45;tol0.8;floor0.25;drain0.5;bass0.25"
234150,1790794341031,D Maior,D Maior,0,D Maior,E Menor,0.6811,0.6811,0.4778,0.8132,"E Menor;G Maior;A Maior",,0.00,,0.00,119.38,119.38,5,1,"v2;w20;harm;aar;song60;far12;near45;tol0.8;floor0.25;drain0.5;bass0.25"
234707,1790794341531,D Maior,D Maior,0,D Maior,E Menor,0.6789,0.6789,0.4753,0.8146,"E Menor;G Maior;A Maior",,0.00,,0.00,119.92,119.92,5,1,"v2;w20;harm;aar;song60;far12;near45;tol0.8;floor0.25;drain0.5;bass0.25"
235171,1790794342032,D Maior,D Maior,0,D Maior,E Menor,0.6804,0.6804,0.4776,0.8110,"E Menor;G Maior;A Maior",,0.00,,0.00,120.38,120.38,5,1,"v2;w20;harm;aar;song60;far12;near45;tol0.8;floor0.25;drain0.5;bass0.25"
235728,1790794342531,D Maior,D Maior,0,D Maior,E Menor,0.6839,0.6839,0.4767,0.8290,"E Menor;G Maior;A Maior",,0.00,,0.00,120.95,120.95,5,1,"v2;w20;harm;aar;song60;far12;near45;tol0.8;floor0.25;drain0.5;bass0.25"
236193,1790794343036,D Maior,D Maior,0,D Maior,G Maior,0.6865,0.6865,0.4781,0.8335,"G Maior;E Menor;A Maior",,0.00,,0.00,121.40,121.40,5,1,"v2;w20;harm;aar;song60;far12;near45;tol0.8;floor0.25;drain0.5;bass0.25"
236657,1790794343531,D Maior,D Maior,0,D Maior,G Maior,0.6870,0.6870,0.4794,0.8305,"G Maior;E Menor;A Maior",,0.00,,0.00,121.86,121.86,5,1,"v2;w20;harm;aar;song60;far12;near45;tol0.8;floor0.25;drain0.5;bass0.25"
237215,1790794344032,D Maior,D Maior,0,D Maior,G Maior,0.6849,0.6849,0.4777,0.8290,"G Maior;E Menor;A Maior",,0.00,,0.00,122.42,122.42,5,1,"v2;w20;harm;aar;song60;far12;near45;tol0.8;floor0.25;drain0.5;bass0.25"
237679,1790794344530,D Maior,D Maior,0,D Maior,G Maior,0.6843,0.6843,0.4776,0.8268,"G Maior;E Menor;A Maior",,0.00,,0.00,122.88,122.88,5,1,"v2;w20;harm;aar;song60;far12;near45;tol0.8;floor0.25;drain0.5;bass0.25"
238143,1790794345031,D Maior,D Maior,0,D Maior,G Maior,0.6826,0.6826,0.4749,0.8309,"G Maior;E Menor;A Maior",,0.00,,0.00,123.36,123.36,5,1,"v2;w20;harm;aar;song60;far12;near45;tol0.8;floor0.25;drain0.5;bass0.25"
238701,1790794345531,D Maior,D Maior,0,D Maior,G Maior,0.6810,0.6810,0.4728,0.8326,"G Maior;E Menor;A Maior",,0.00,,0.00,123.93,123.93,5,1,"v2;w20;harm;aar;song60;far12;near45;tol0.8;floor0.25;drain0.5;bass0.25"
239165,1790794346037,D Maior,D Maior,0,D Maior,G Maior,0.6812,0.6812,0.4721,0.8366,"G Maior;E Menor;A Maior",,0.00,,0.00,124.36,124.36,5,1,"v2;w20;harm;aar;song60;far12;near45;tol0.8;floor0.25;drain0.5;bass0.25"
239722,1790794346531,D Maior,D Maior,0,D Maior,E Menor,0.6798,0.6798,0.4706,0.8370,"E Menor;G Maior;A Maior",,0.00,,0.00,124.94,124.94,5,1,"v2;w20;harm;aar;song60;far12;near45;tol0.8;floor0.25;drain0.5;bass0.25"
240187,1790794347031,D Maior,D Maior,0,D Maior,E Menor,0.6787,0.6787,0.4706,0.8323,"E Menor;G Maior;A Maior",,0.00,,0.00,125.41,125.41,5,1,"v2;w20;harm;aar;song60;far12;near45;tol0.8;floor0.25;drain0.5;bass0.25"
240651,1790794347532,D Maior,D Maior,0,D Maior,E Menor,0.6766,0.6766,0.4681,0.8341,"E Menor;G Maior;A Maior",,0.00,,0.00,125.89,125.89,5,1,"v2;w20;harm;aar;song60;far12;near45;tol0.8;floor0.25;drain0.5;bass0.25"
241208,1790794348031,D Maior,D Maior,0,D Maior,E Menor,0.6748,0.6748,0.4656,0.8370,"E Menor;G Maior;A Maior",,0.00,,0.00,126.43,126.43,5,1,"v2;w20;harm;aar;song60;far12;near45;tol0.8;floor0.25;drain0.5;bass0.25"
241673,1790794348531,D Maior,D Maior,0,D Maior,E Menor,0.6743,0.6743,0.4647,0.8386,"E Menor;G Maior;A Maior",,0.00,,0.00,126.88,126.88,5,1,"v2;w20;harm;aar;song60;far12;near45;tol0.8;floor0.25;drain0.5;bass0.25"
242230,1790794349031,D Maior,D Maior,0,D Maior,E Menor,0.6737,0.6737,0.4644,0.8372,"E Menor;G Maior;A Maior",,0.00,,0.00,127.44,127.44,5,1,"v2;w20;harm;aar;song60;far12;near45;tol0.8;floor0.25;drain0.5;bass0.25"
242694,1790794349532,D Maior,D Maior,0,D Maior,E Menor,0.6722,0.6722,0.4632,0.8360,"E Menor;G Maior;A Maior",,0.00,,0.00,127.90,127.90,5,1,"v2;w20;harm;aar;song60;far12;near45;tol0.8;floor0.25;drain0.5;bass0.25"
243159,1790794350031,D Maior,D Maior,0,D Maior,E Menor,0.6703,0.6703,0.4615,0.8352,"E Menor;G Maior;A Maior",,0.00,,0.00,128.39,128.39,5,1,"v2;w20;harm;aar;song60;far12;near45;tol0.8;floor0.25;drain0.5;bass0.25"
243716,1790794350531,D Maior,D Maior,0,D Maior,E Menor,0.6725,0.6725,0.4627,0.8393,"E Menor;G Maior;A Maior",,0.00,,0.00,128.92,128.92,5,1,"v2;w20;harm;aar;song60;far12;near45;tol0.8;floor0.25;drain0.5;bass0.25"
244181,1790794351031,D Maior,D Maior,0,D Maior,E Menor,0.6727,0.6727,0.4693,0.8134,"E Menor;G Maior;A Maior",,0.00,,0.00,129.38,129.38,5,1,"v2;w20;harm;aar;song60;far12;near45;tol0.8;floor0.25;drain0.5;bass0.25"
244645,1790794351531,D Maior,D Maior,0,D Maior,E Menor,0.6706,0.6706,0.4678,0.8110,"E Menor;G Maior;A Maior",,0.00,,0.00,129.86,129.86,5,1,"v2;w20;harm;aar;song60;far12;near45;tol0.8;floor0.25;drain0.5;bass0.25"
245202,1790794352031,D Maior,D Maior,0,D Maior,E Menor,0.6696,0.6696,0.4670,0.8107,"E Menor;G Maior;A Maior",,0.00,,0.00,130.43,130.43,5,1,"v2;w20;harm;aar;song60;far12;near45;tol0.8;floor0.25;drain0.5;bass0.25"
245667,1790794352531,D Maior,D Maior,0,D Maior,E Menor,0.6714,0.6714,0.4699,0.8058,"E Menor;G Maior;A Maior",,0.00,,0.00,130.86,130.86,5,1,"v2;w20;harm;aar;song60;far12;near45;tol0.8;floor0.25;drain0.5;bass0.25"
246224,1790794353031,D Maior,D Maior,0,D Maior,E Menor,0.6736,0.6736,0.4709,0.8110,"E Menor;G Maior;A Maior",,0.00,,0.00,131.44,131.44,5,1,"v2;w20;harm;aar;song60;far12;near45;tol0.8;floor0.25;drain0.5;bass0.25"
246688,1790794353532,D Maior,D Maior,0,D Maior,E Menor,0.6751,0.6751,0.4721,0.8119,"E Menor;G Maior;A Maior",,0.00,,0.00,131.90,131.90,5,1,"v2;w20;harm;aar;song60;far12;near45;tol0.8;floor0.25;drain0.5;bass0.25"
247153,1790794354029,D Maior,D Maior,0,D Maior,E Menor,0.6767,0.6767,0.4745,0.8088,"E Menor;G Maior;A Maior",,0.00,,0.00,132.38,132.38,5,1,"v2;w20;harm;aar;song60;far12;near45;tol0.8;floor0.25;drain0.5;bass0.25"
247710,1790794354534,D Maior,D Maior,0,D Maior,E Menor,0.6748,0.6748,0.4731,0.8067,"E Menor;G Maior;F# Menor",,0.00,,0.00,132.92,132.92,5,1,"v2;w20;harm;aar;song60;far12;near45;tol0.8;floor0.25;drain0.5;bass0.25"
248174,1790794355031,D Maior,D Maior,0,D Maior,E Menor,0.6751,0.6751,0.4725,0.8106,"E Menor;G Maior;F# Menor",,0.00,,0.00,133.38,133.38,5,1,"v2;w20;harm;aar;song60;far12;near45;tol0.8;floor0.25;drain0.5;bass0.25"
248732,1790794355531,D Maior,D Maior,0,D Maior,E Menor,0.6724,0.6724,0.4691,0.8131,"E Menor;G Maior;F# Menor",,0.00,,0.00,133.94,133.94,5,1,"v2;w20;harm;aar;song60;far12;near45;tol0.8;floor0.25;drain0.5;bass0.25"
249196,1790794356031,D Maior,D Maior,0,D Maior,E Menor,0.6699,0.6699,0.4678,0.8083,"E Menor;G Maior;A Maior",,0.00,,0.00,134.40,134.40,5,1,"v2;w20;harm;aar;song60;far12;near45;tol0.8;floor0.25;drain0.5;bass0.25"
249660,1790794356531,D Maior,D Maior,0,D Maior,E Menor,0.6686,0.6686,0.4677,0.8034,"E Menor;G Maior;A Maior",,0.00,,0.00,134.88,134.88,5,1,"v2;w20;harm;aar;song60;far12;near45;tol0.8;floor0.25;drain0.5;bass0.25"
250218,1790794357031,D Maior,D Maior,0,D Maior,E Menor,0.6679,0.6679,0.4705,0.7895,"E Menor;G Maior;A Maior",,0.00,,0.00,135.42,135.42,5,1,"v2;w20;harm;aar;song60;far12;near45;tol0.8;floor0.25;drain0.5;bass0.25"
250682,1790794357530,D Maior,D Maior,0,D Maior,E Menor,0.6686,0.6686,0.4737,0.7793,"E Menor;G Maior;A Maior",,0.00,,0.00,135.88,135.88,5,1,"v2;w20;harm;aar;song60;far12;near45;tol0.8;floor0.25;drain0.5;bass0.25"
251147,1790794358031,D Maior,D Maior,0,D Maior,E Menor,0.6676,0.6676,0.4711,0.7861,"E Menor;G Maior;A Maior",,0.00,,0.00,136.36,136.36,5,1,"v2;w20;harm;aar;song60;far12;near45;tol0.8;floor0.25;drain0.5;bass0.25"
251704,1790794358531,D Maior,D Maior,0,D Maior,E Menor,0.6683,0.6683,0.4744,0.7755,"E Menor;G Maior;A Maior",,0.00,,0.00,136.92,136.92,5,1,"v2;w20;harm;aar;song60;far12;near45;tol0.8;floor0.25;drain0.5;bass0.25"
252168,1790794359032,D Maior,D Maior,0,D Maior,E Menor,0.6703,0.6703,0.4766,0.7749,"E Menor;G Maior;A Maior",,0.00,,0.00,137.38,137.38,5,1,"v2;w20;harm;aar;song60;far12;near45;tol0.8;floor0.25;drain0.5;bass0.25"
252725,1790794359531,D Maior,D Maior,0,D Maior,E Menor,0.6717,0.6717,0.4787,0.7718,"E Menor;G Maior;A Maior",,0.00,,0.00,137.94,137.94,5,1,"v2;w20;harm;aar;song60;far12;near45;tol0.8;floor0.25;drain0.5;bass0.25"
253190,1790794360032,D Maior,D Maior,0,D Maior,E Menor,0.6744,0.6744,0.4844,0.7602,"E Menor;G Maior;A Maior",,0.00,,0.00,138.40,138.40,5,1,"v2;w20;harm;aar;song60;far12;near45;tol0.8;floor0.25;drain0.5;bass0.25"
253654,1790794360531,D Maior,D Maior,0,D Maior,E Menor,0.6754,0.6754,0.4886,0.7472,"E Menor;G Maior;A Maior",,0.00,,0.00,138.88,138.88,5,1,"v2;w20;harm;aar;song60;far12;near45;tol0.8;floor0.25;drain0.5;bass0.25"
254212,1790794361031,D Maior,D Maior,0,D Maior,E Menor,0.6802,0.6802,0.4882,0.7679,"E Menor;G Maior;A Maior",,0.00,,0.00,139.43,139.43,5,1,"v2;w20;harm;aar;song60;far12;near45;tol0.8;floor0.25;drain0.5;bass0.25"
254676,1790794361532,D Maior,D Maior,0,D Maior,G Maior,0.6829,0.6829,0.4880,0.7795,"G Maior;E Menor;A Maior",,0.00,,0.00,139.91,139.91,5,1,"v2;w20;harm;aar;song60;far12;near45;tol0.8;floor0.25;drain0.5;bass0.25"
255233,1790794362031,D Maior,D Maior,0,D Maior,G Maior,0.6828,0.6828,0.4887,0.7767,"G Maior;E Menor;A Maior",,0.00,,0.00,140.44,140.44,5,1,"v2;w20;harm;aar;song60;far12;near45;tol0.8;floor0.25;drain0.5;bass0.25"
255698,1790794362531,D Maior,D Maior,0,D Maior,G Maior,0.6827,0.6827,0.4904,0.7690,"G Maior;E Menor;A Maior",,0.00,,0.00,140.90,140.90,5,1,"v2;w20;harm;aar;song60;far12;near45;tol0.8;floor0.25;drain0.5;bass0.25"
256162,1790794363032,D Maior,D Maior,0,D Maior,G Maior,0.6829,0.6829,0.4910,0.7674,"G Maior;E Menor;A Maior",,0.00,,0.00,141.38,141.38,5,1,"v2;w20;harm;aar;song60;far12;near45;tol0.8;floor0.25;drain0.5;bass0.25"
256719,1790794363532,D Maior,D Maior,0,D Maior,G Maior,0.6844,0.6844,0.4929,0.7659,"G Maior;E Menor;A Maior",,0.00,,0.00,141.92,141.92,5,1,"v2;w20;harm;aar;song60;far12;near45;tol0.8;floor0.25;drain0.5;bass0.25"
257184,1790794364031,D Maior,D Maior,0,D Maior,G Maior,0.6865,0.6865,0.4965,0.7597,"G Maior;E Menor;A Maior",,0.00,,0.00,142.38,142.38,5,1,"v2;w20;harm;aar;song60;far12;near45;tol0.8;floor0.25;drain0.5;bass0.25"
257648,1790794364531,D Maior,D Maior,0,D Maior,G Maior,0.6851,0.6851,0.4942,0.7636,"G Maior;E Menor;A Maior",,0.00,,0.00,142.87,142.87,5,1,"v2;w20;harm;aar;song60;far12;near45;tol0.8;floor0.25;drain0.5;bass0.25"
258205,1790794365031,D Maior,D Maior,0,D Maior,G Maior,0.6834,0.6834,0.4910,0.7696,"G Maior;E Menor;A Maior",,0.00,,0.00,143.43,143.43,5,1,"v2;w20;harm;aar;song60;far12;near45;tol0.8;floor0.25;drain0.5;bass0.25"
258670,1790794365531,D Maior,D Maior,0,D Maior,G Maior,0.6832,0.6832,0.4903,0.7719,"G Maior;E Menor;A Maior",,0.00,,0.00,143.88,143.88,5,1,"v2;w20;harm;aar;song60;far12;near45;tol0.8;floor0.25;drain0.5;bass0.25"
259227,1790794366032,D Maior,D Maior,0,D Maior,G Maior,0.6827,0.6827,0.4896,0.7727,"G Maior;E Menor;A Maior",,0.00,,0.00,144.44,144.44,5,1,"v2;w20;harm;aar;song60;far12;near45;tol0.8;floor0.25;drain0.5;bass0.25"
259691,1790794366532,D Maior,D Maior,0,D Maior,G Maior,0.6819,0.6819,0.4881,0.7753,"G Maior;E Menor;A Maior",,0.00,,0.00,144.91,144.91,5,1,"v2;w20;harm;aar;song60;far12;near45;tol0.8;floor0.25;drain0.5;bass0.25"
260156,1790794367032,D Maior,D Maior,0,D Maior,G Maior,0.6800,0.6800,0.4860,0.7761,"G Maior;E Menor;A Maior",,0.00,,0.00,145.38,145.38,5,1,"v2;w20;harm;aar;song60;far12;near45;tol0.8;floor0.25;drain0.5;bass0.25"
260713,1790794367531,D Maior,D Maior,0,D Maior,G Maior,0.6789,0.6789,0.4854,0.7739,"G Maior;E Menor;A Maior",,0.00,,0.00,145.92,145.92,5,1,"v2;w20;harm;aar;song60;far12;near45;tol0.8;floor0.25;drain0.5;bass0.25"
261178,1790794368032,D Maior,D Maior,0,D Maior,G Maior,0.6783,0.6783,0.4852,0.7722,"G Maior;E Menor;A Maior",,0.00,,0.00,146.40,146.40,5,1,"v2;w20;harm;aar;song60;far12;near45;tol0.8;floor0.25;drain0.5;bass0.25"
261735,1790794368532,D Maior,D Maior,0,D Maior,G Maior,0.6770,0.6770,0.4828,0.7764,"G Maior;E Menor;A Maior",,0.00,,0.00,146.94,146.94,5,1,"v2;w20;harm;aar;song60;far12;near45;tol0.8;floor0.25;drain0.5;bass0.25"
262199,1790794369031,D Maior,D Maior,0,D Maior,G Maior,0.6746,0.6746,0.4795,0.7803,"G Maior;E Menor;A Maior",,0.00,,0.00,147.40,147.40,5,1,"v2;w20;harm;aar;song60;far12;near45;tol0.8;floor0.25;drain0.5;bass0.25"
262664,1790794369531,D Maior,D Maior,0,D Maior,G Maior,0.6734,0.6734,0.4775,0.7834,"G Maior;E Menor;A Maior",,0.00,,0.00,147.88,147.88,5,1,"v2;w20;harm;aar;song60;far12;near45;tol0.8;floor0.25;drain0.5;bass0.25"
263221,1790794370032,D Maior,D Maior,0,D Maior,G Maior,0.6733,0.6733,0.4780,0.7813,"G Maior;E Menor;A Maior",,0.00,,0.00,148.42,148.42,5,1,"v2;w20;harm;aar;song60;far12;near45;tol0.8;floor0.25;drain0.5;bass0.25"
263685,1790794370532,D Maior,D Maior,0,D Maior,G Maior,0.6749,0.6749,0.4775,0.7896,"G Maior;E Menor;A Maior",,0.00,,0.00,148.90,148.90,5,1,"v2;w20;harm;aar;song60;far12;near45;tol0.8;floor0.25;drain0.5;bass0.25"
264150,1790794371031,D Maior,D Maior,0,D Maior,G Maior,0.6757,0.6757,0.4804,0.7813,"G Maior;E Menor;A Maior",,0.00,,0.00,149.36,149.36,5,1,"v2;w20;harm;aar;song60;far12;near45;tol0.8;floor0.25;drain0.5;bass0.25"
264707,1790794371532,D Maior,D Maior,0,D Maior,G Maior,0.6777,0.6777,0.4843,0.7735,"G Maior;E Menor;A Menor",,0.00,,0.00,149.93,149.93,5,1,"v2;w20;harm;aar;song60;far12;near45;tol0.8;floor0.25;drain0.5;bass0.25"
265171,1790794372031,D Maior,D Maior,0,D Maior,G Maior,0.6806,0.6806,0.4876,0.7718,"G Maior;E Menor;A Menor",,0.00,,0.00,150.38,150.38,5,1,"v2;w20;harm;aar;song60;far12;near45;tol0.8;floor0.25;drain0.5;bass0.25"
265729,1790794372534,D Maior,D Maior,0,D Maior,G Maior,0.6835,0.6835,0.4907,0.7713,"G Maior;E Menor;A Menor",,0.00,,0.00,150.94,150.94,5,1,"v2;w20;harm;aar;song60;far12;near45;tol0.8;floor0.25;drain0.5;bass0.25"
266193,1790794373032,D Maior,D Maior,0,D Maior,G Maior,0.6852,0.6852,0.4919,0.7732,"G Maior;E Menor;A Menor",,0.00,,0.00,151.43,151.43,5,1,"v2;w20;harm;aar;song60;far12;near45;tol0.8;floor0.25;drain0.5;bass0.25"
266657,1790794373533,D Maior,D Maior,0,D Maior,G Maior,0.6881,0.6881,0.4968,0.7652,"G Maior;E Menor;A Menor",,0.00,,0.00,151.88,151.88,5,1,"v2;w20;harm;aar;song60;far12;near45;tol0.8;floor0.25;drain0.5;bass0.25"
267215,1790794374033,D Maior,D Maior,0,D Maior,G Maior,0.6875,0.6875,0.4937,0.7755,"G Maior;E Menor;A Menor",,0.00,,0.00,152.43,152.43,5,1,"v2;w20;harm;aar;song60;far12;near45;tol0.8;floor0.25;drain0.5;bass0.25"
267679,1790794374532,D Maior,D Maior,0,D Maior,G Maior,0.6876,0.6876,0.4915,0.7846,"G Maior;E Menor;A Menor",,0.00,,0.00,152.90,152.90,5,1,"v2;w20;harm;aar;song60;far12;near45;tol0.8;floor0.25;drain0.5;bass0.25"
268236,1790794375033,D Maior,D Maior,0,D Maior,G Maior,0.6887,0.6887,0.4930,0.7826,"G Maior;E Menor;A Menor",,0.00,,0.00,153.44,153.44,5,1,"v2;w20;harm;aar;song60;far12;near45;tol0.8;floor0.25;drain0.5;bass0.25"
268701,1790794375533,D Maior,D Maior,0,D Maior,G Maior,0.6896,0.6896,0.4962,0.7737,"G Maior;E Menor;A Menor",,0.00,,0.00,153.90,153.90,5,1,"v2;w20;harm;aar;song60;far12;near45;tol0.8;floor0.25;drain0.5;bass0.25"
269165,1790794376033,D Maior,D Maior,0,D Maior,G Maior,0.6895,0.6895,0.4941,0.7815,"G Maior;E Menor;A Menor",,0.00,,0.00,154.38,154.38,5,1,"v2;w20;harm;aar;song60;far12;near45;tol0.8;floor0.25;drain0.5;bass0.25"
269722,1790794376532,D Maior,D Maior,0,D Maior,G Maior,0.6880,0.6880,0.4931,0.7797,"G Maior;E Menor;A Menor",,0.00,,0.00,154.92,154.92,5,1,"v2;w20;harm;aar;song60;far12;near45;tol0.8;floor0.25;drain0.5;bass0.25"
270187,1790794377032,D Maior,D Maior,0,D Maior,G Maior,0.6872,0.6872,0.4916,0.7822,"G Maior;E Menor;A Menor",,0.00,,0.00,155.40,155.40,5,1,"v2;w20;harm;aar;song60;far12;near45;tol0.8;floor0.25;drain0.5;bass0.25"
270651,1790794377533,D Maior,D Maior,0,D Maior,G Maior,0.6850,0.6850,0.4891,0.7838,"G Maior;E Menor;A Maior",,0.00,,0.00,155.86,155.86,5,1,"v2;w20;harm;aar;song60;far12;near45;tol0.8;floor0.25;drain0.5;bass0.25"
271209,1790794378033,D Maior,D Maior,0,D Maior,G Maior,0.6855,0.6855,0.4938,0.7669,"G Maior;E Menor;A Maior",,0.00,,0.00,156.42,156.42,5,1,"v2;w20;harm;aar;song60;far12;near45;tol0.8;floor0.25;drain0.5;bass0.25"
271673,1790794378532,D Maior,D Maior,0,D Maior,G Maior,0.6849,0.6849,0.4928,0.7684,"G Maior;E Menor;A Maior",,0.00,,0.00,156.88,156.88,5,1,"v2;w20;harm;aar;song60;far12;near45;tol0.8;floor0.25;drain0.5;bass0.25"
272230,1790794379033,D Maior,D Maior,0,D Maior,G Maior,0.6831,0.6831,0.4914,0.7668,"G Maior;E Menor;A Menor",,0.00,,0.00,157.44,157.44,5,1,"v2;w20;harm;aar;song60;far12;near45;tol0.8;floor0.25;drain0.5;bass0.25"
272695,1790794379533,D Maior,D Maior,0,D Maior,G Maior,0.6792,0.6792,0.4869,0.7691,"G Maior;E Menor;A Maior",,0.00,,0.00,157.92,157.92,5,1,"v2;w20;harm;aar;song60;far12;near45;tol0.8;floor0.25;drain0.5;bass0.25"
273159,1790794380032,D Maior,D Maior,0,D Maior,G Maior,0.6782,0.6782,0.4859,0.7691,"G Maior;E Menor;A Maior",,0.00,,0.00,158.38,158.38,5,1,"v2;w20;harm;aar;song60;far12;near45;tol0.8;floor0.25;drain0.5;bass0.25"
273716,1790794380533,D Maior,D Maior,0,D Maior,G Maior,0.6806,0.6806,0.4854,0.7808,"G Maior;E Menor;A Maior",,0.00,,0.00,158.92,158.92,5,1,"v2;w20;harm;aar;song60;far12;near45;tol0.8;floor0.25;drain0.5;bass0.25"
274181,1790794381033,D Maior,D Maior,0,D Maior,G Maior,0.6826,0.6826,0.4867,0.7838,"G Maior;E Menor;A Maior",,0.00,,0.00,159.40,159.40,5,1,"v2;w20;harm;aar;song60;far12;near45;tol0.8;floor0.25;drain0.5;bass0.25"
274738,1790794381533,D Maior,D Maior,0,D Maior,G Maior,0.6833,0.6833,0.4888,0.7777,"G Maior;E Menor;A Maior",,0.00,,0.00,159.94,159.94,5,1,"v2;w20;harm;aar;song60;far12;near45;tol0.8;floor0.25;drain0.5;bass0.25"
275202,1790794382034,D Maior,D Maior,0,D Maior,G Maior,0.6833,0.6833,0.4904,0.7714,"G Maior;E Menor;A Maior",,0.00,,0.00,160.42,160.42,5,1,"v2;w20;harm;aar;song60;far12;near45;tol0.8;floor0.25;drain0.5;bass0.25"
275667,1790794382533,D Maior,D Maior,0,D Maior,G Maior,0.6820,0.6820,0.4903,0.7669,"G Maior;E Menor;A Maior",,0.00,,0.00,160.89,160.89,5,1,"v2;w20;harm;aar;song60;far12;near45;tol0.8;floor0.25;drain0.5;bass0.25"
276224,1790794383033,D Maior,D Maior,0,D Maior,G Maior,0.6800,0.6800,0.4881,0.7676,"G Maior;E Menor;A Maior",,0.00,,0.00,161.42,161.42,5,1,"v2;w20;harm;aar;song60;far12;near45;tol0.8;floor0.25;drain0.5;bass0.25"
276688,1790794383533,D Maior,D Maior,0,D Maior,G Maior,0.6801,0.6801,0.4899,0.7608,"G Maior;E Menor;A Maior",,0.00,,0.00,161.90,161.90,5,1,"v2;w20;harm;aar;song60;far12;near45;tol0.8;floor0.25;drain0.5;bass0.25"
277153,1790794384033,D Maior,D Maior,0,D Maior,G Maior,0.6823,0.6823,0.4926,0.7588,"G Maior;E Menor;A Maior",,0.00,,0.00,162.36,162.36,5,1,"v2;w20;harm;aar;song60;far12;near45;tol0.8;floor0.25;drain0.5;bass0.25"
277710,1790794384533,D Maior,D Maior,0,D Maior,G Maior,0.6842,0.6842,0.4954,0.7554,"G Maior;E Menor;A Maior",,0.00,,0.00,162.95,162.95,5,1,"v2;w20;harm;aar;song60;far12;near45;tol0.8;floor0.25;drain0.5;bass0.25"
278175,1790794385033,D Maior,D Maior,0,D Maior,G Maior,0.6844,0.6844,0.4958,0.7545,"G Maior;E Menor;A Maior",,0.00,,0.00,163.38,163.38,5,1,"v2;w20;harm;aar;song60;far12;near45;tol0.8;floor0.25;drain0.5;bass0.25"
278732,1790794385533,D Maior,D Maior,0,D Maior,G Maior,0.6845,0.6845,0.4985,0.7439,"G Maior;E Menor;A Maior",,0.00,,0.00,163.94,163.94,5,1,"v2;w20;harm;aar;song60;far12;near45;tol0.8;floor0.25;drain0.5;bass0.25"
279196,1790794386033,D Maior,D Maior,0,D Maior,G Maior,0.6843,0.6843,0.4978,0.7461,"G Maior;E Menor;A Maior",,0.00,,0.00,164.43,164.43,5,1,"v2;w20;harm;aar;song60;far12;near45;tol0.8;floor0.25;drain0.5;bass0.25"
279661,1790794386533,D Maior,D Maior,0,D Maior,G Maior,0.6849,0.6849,0.4974,0.7500,"G Maior;E Menor;A Maior",,0.00,,0.00,164.88,164.88,5,1,"v2;w20;harm;aar;song60;far12;near45;tol0.8;floor0.25;drain0.5;bass0.25"
280218,1790794387033,D Maior,D Maior,0,D Maior,G Maior,0.6855,0.6855,0.4972,0.7533,"G Maior;E Menor;A Maior",,0.00,,0.00,165.43,165.43,5,1,"v2;w20;harm;aar;song60;far12;near45;tol0.8;floor0.25;drain0.5;bass0.25"
280682,1790794387534,D Maior,D Maior,0,D Maior,G Maior,0.6849,0.6849,0.4965,0.7536,"G Maior;E Menor;A Maior",,0.00,,0.00,165.90,165.90,5,1,"v2;w20;harm;aar;song60;far12;near45;tol0.8;floor0.25;drain0.5;bass0.25"
281240,1790794388033,D Maior,D Maior,0,D Maior,G Maior,0.6847,0.6847,0.4988,0.7439,"G Maior;E Menor;A Maior",,0.00,,0.00,166.44,166.44,5,1,"v2;w20;harm;aar;song60;far12;near45;tol0.8;floor0.25;drain0.5;bass0.25"
281704,1790794388533,D Maior,D Maior,0,D Maior,G Maior,0.6852,0.6852,0.5013,0.7358,"G Maior;E Menor;A Maior",,0.00,,0.00,166.92,166.92,5,1,"v2;w20;harm;aar;song60;far12;near45;tol0.8;floor0.25;drain0.5;bass0.25"
282168,1790794389034,D Maior,D Maior,0,D Maior,G Maior,0.6833,0.6833,0.4989,0.7377,"G Maior;E Menor;A Maior",,0.00,,0.00,167.38,167.38,5,1,"v2;w20;harm;aar;song60;far12;near45;tol0.8;floor0.25;drain0.5;bass0.25"
282726,1790794389532,D Maior,D Maior,0,D Maior,G Maior,0.6823,0.6823,0.4989,0.7335,"G Maior;E Menor;A Maior",,0.00,,0.00,167.92,167.92,5,1,"v2;w20;harm;aar;song60;far12;near45;tol0.8;floor0.25;drain0.5;bass0.25"
283190,1790794390033,D Maior,D Maior,0,D Maior,G Maior,0.6810,0.6810,0.4965,0.7381,"G Maior;E Menor;A Maior",,0.00,,0.00,168.40,168.40,5,1,"v2;w20;harm;aar;song60;far12;near45;tol0.8;floor0.25;drain0.5;bass0.25"
283654,1790794390532,D Maior,D Maior,0,D Maior,G Maior,0.6800,0.6800,0.4943,0.7428,"G Maior;E Menor;A Maior",,0.00,,0.00,168.86,168.86,5,1,"v2;w20;harm;aar;song60;far12;near45;tol0.8;floor0.25;drain0.5;bass0.25"
284212,1790794391033,D Maior,D Maior,0,D Maior,G Maior,0.6806,0.6806,0.4929,0.7509,"G Maior;E Menor;A Maior",,0.00,,0.00,169.44,169.44,5,1,"v2;w20;harm;aar;song60;far12;near45;tol0.8;floor0.25;drain0.5;bass0.25"
284676,1790794391532,D Maior,D Maior,0,D Maior,G Maior,0.6813,0.6813,0.4934,0.7514,"G Maior;E Menor;A Maior",,0.00,,0.00,169.88,169.88,5,1,"v2;w20;harm;aar;song60;far12;near45;tol0.8;floor0.25;drain0.5;bass0.25"
285233,1790794392033,D Maior,D Maior,0,D Maior,G Maior,0.6818,0.6818,0.4929,0.7556,"G Maior;E Menor;A Maior",,0.00,,0.00,170.44,170.44,5,1,"v2;w20;harm;aar;song60;far12;near45;tol0.8;floor0.25;drain0.5;bass0.25"
285698,1790794392533,D Maior,D Maior,0,D Maior,G Maior,0.6839,0.6839,0.4936,0.7613,"G Maior;E Menor;A Maior",,0.00,,0.00,170.93,170.93,5,1,"v2;w20;harm;aar;song60;far12;near45;tol0.8;floor0.25;drain0.5;bass0.25"
286162,1790794393033,D Maior,D Maior,0,D Maior,G Maior,0.6851,0.6851,0.4946,0.7621,"G Maior;E Menor;A Maior",,0.00,,0.00,171.38,171.38,5,1,"v2;w20;harm;aar;song60;far12;near45;tol0.8;floor0.25;drain0.5;bass0.25"
286720,1790794393533,D Maior,D Maior,0,D Maior,G Maior,0.6840,0.6840,0.4925,0.7661,"G Maior;E Menor;A Maior",,0.00,,0.00,171.95,171.95,5,1,"v2;w20;harm;aar;song60;far12;near45;tol0.8;floor0.25;drain0.5;bass0.25"
287184,1790794394033,D Maior,D Maior,0,D Maior,G Maior,0.6853,0.6853,0.4944,0.7635,"G Maior;E Menor;A Maior",,0.00,,0.00,172.40,172.40,5,1,"v2;w20;harm;aar;song60;far12;near45;tol0.8;floor0.25;drain0.5;bass0.25"
287741,1790794394533,D Maior,D Maior,0,D Maior,G Maior,0.6857,0.6857,0.4940,0.7667,"G Maior;E Menor;A Maior",,0.00,,0.00,172.94,172.94,5,1,"v2;w20;harm;aar;song60;far12;near45;tol0.8;floor0.25;drain0.5;bass0.25"
288206,1790794395033,D Maior,D Maior,0,D Maior,G Maior,0.6867,0.6867,0.4956,0.7645,"G Maior;E Menor;A Maior",,0.00,,0.00,173.42,173.42,5,1,"v2;w20;harm;aar;song60;far12;near45;tol0.8;floor0.25;drain0.5;bass0.25"
288670,1790794395533,D Maior,D Maior,0,D Maior,G Maior,0.6882,0.6882,0.4960,0.7690,"G Maior;E Menor;A Maior",,0.00,,0.00,173.88,173.88,5,1,"v2;w20;harm;aar;song60;far12;near45;tol0.8;floor0.25;drain0.5;bass0.25"
289227,1790794396033,D Maior,D Maior,0,D Maior,G Maior,0.6900,0.6900,0.4994,0.7624,"G Maior;E Menor;A Maior",,0.00,,0.00,174.44,174.44,5,1,"v2;w20;harm;aar;song60;far12;near45;tol0.8;floor0.25;drain0.5;bass0.25"
289692,1790794396535,D Maior,D Maior,0,D Maior,G Maior,0.6906,0.6906,0.4982,0.7693,"G Maior;E Menor;A Maior",,0.00,,0.00,174.90,174.90,5,1,"v2;w20;harm;aar;song60;far12;near45;tol0.8;floor0.25;drain0.5;bass0.25"
290156,1790794397029,D Maior,D Maior,0,D Maior,G Maior,0.6905,0.6905,0.4974,0.7724,"G Maior;E Menor;A Maior",,0.00,,0.00,175.36,175.36,5,1,"v2;w20;harm;aar;song60;far12;near45;tol0.8;floor0.25;drain0.5;bass0.25"
290713,1790794397528,D Maior,D Maior,0,D Maior,G Maior,0.6905,0.6905,0.4966,0.7754,"G Maior;E Menor;A Maior",,0.00,,0.00,175.94,175.94,5,1,"v2;w20;harm;aar;song60;far12;near45;tol0.8;floor0.25;drain0.5;bass0.25"
291178,1790794398031,D Maior,D Maior,0,D Maior,E Menor,0.6893,0.6893,0.4954,0.7756,"E Menor;G Maior;A Maior",,0.00,,0.00,176.38,176.38,5,1,"v2;w20;harm;aar;song60;far12;near45;tol0.8;floor0.25;drain0.5;bass0.25"
291735,1790794398528,D Maior,D Maior,0,D Maior,G Maior,0.6887,0.6887,0.4981,0.7623,"G Maior;E Menor;A Maior",,0.00,,0.00,176.94,176.94,5,1,"v2;w20;harm;aar;song60;far12;near45;tol0.8;floor0.25;drain0.5;bass0.25"
292199,1790794399033,D Maior,D Maior,0,D Maior,G Maior,0.6878,0.6878,0.4965,0.7649,"G Maior;E Menor;A Maior",,0.00,,0.00,177.42,177.42,5,1,"v2;w20;harm;aar;song60;far12;near45;tol0.8;floor0.25;drain0.5;bass0.25"
292664,1790794399531,D Maior,D Maior,0,D Maior,G Maior,0.6860,0.6860,0.4936,0.7698,"G Maior;E Menor;A Maior",,0.00,,0.00,177.88,177.88,5,1,"v2;w20;harm;aar;song60;far12;near45;tol0.8;floor0.25;drain0.5;bass0.25"
293221,1790794400034,D Maior,D Maior,0,D Maior,G Maior,0.6825,0.6825,0.4900,0.7699,"G Maior;E Menor;A Maior",,0.00,,0.00,178.44,178.44,5,1,"v2;w20;harm;aar;song60;far12;near45;tol0.8;floor0.25;drain0.5;bass0.25"
293685,1790794400533,D Maior,D Maior,0,D Maior,G Maior,0.6817,0.6817,0.4889,0.7710,"G Maior;E Menor;A Maior",,0.00,,0.00,178.90,178.90,5,1,"v2;w20;harm;aar;song60;far12;near45;tol0.8;floor0.25;drain0.5;bass0.25"
294243,1790794401032,D Maior,D Maior,0,D Maior,G Maior,0.6832,0.6832,0.4908,0.7697,"G Maior;E Menor;A Maior",,0.00,,0.00,179.44,179.44,5,1,"v2;w20;harm;aar;song60;far12;near45;tol0.8;floor0.25;drain0.5;bass0.25"
294707,1790794401533,D Maior,D Maior,0,D Maior,E Menor,0.6832,0.6832,0.4896,0.7747,"E Menor;G Maior;A Maior",,0.00,,0.00,179.92,179.92,5,1,"v2;w20;harm;aar;song60;far12;near45;tol0.8;floor0.25;drain0.5;bass0.25"
295172,1790794402033,D Maior,D Maior,0,D Maior,E Menor,0.6841,0.6841,0.4899,0.7767,"E Menor;G Maior;A Maior",,0.00,,0.00,180.38,180.38,5,1,"v2;w20;harm;aar;song60;far12;near45;tol0.8;floor0.25;drain0.5;bass0.25"
295729,1790794402533,D Maior,D Maior,0,D Maior,G Maior,0.6856,0.6856,0.4891,0.7860,"G Maior;E Menor;A Maior",,0.00,,0.00,180.94,180.94,5,1,"v2;w20;harm;aar;song60;far12;near45;tol0.8;floor0.25;drain0.5;bass0.25"
296193,1790794403033,D Maior,D Maior,0,D Maior,G Maior,0.6861,0.6861,0.4903,0.7833,"G Maior;E Menor;A Maior",,0.00,,0.00,181.40,181.40,5,1,"v2;w20;harm;aar;song60;far12;near45;tol0.8;floor0.25;drain0.5;bass0.25"
296658,1790794403533,D Maior,D Maior,0,D Maior,G Maior,0.6868,0.6868,0.4906,0.7845,"G Maior;E Menor;A Maior",,0.00,,0.00,181.86,181.86,5,1,"v2;w20;harm;aar;song60;far12;near45;tol0.8;floor0.25;drain0.5;bass0.25"
297215,1790794404033,D Maior,D Maior,0,D Maior,G Maior,0.6877,0.6877,0.4912,0.7858,"G Maior;E Menor;A Maior",,0.00,,0.00,182.44,182.44,5,1,"v2;w20;harm;aar;song60;far12;near45;tol0.8;floor0.25;drain0.5;bass0.25"
297679,1790794404533,D Maior,D Maior,0,D Maior,G Maior,0.6879,0.6879,0.4928,0.7804,"G Maior;E Menor;A Maior",,0.00,,0.00,182.88,182.88,5,1,"v2;w20;harm;aar;song60;far12;near45;tol0.8;floor0.25;drain0.5;bass0.25"
298144,1790794405033,D Maior,D Maior,0,D Maior,G Maior,0.6891,0.6891,0.4951,0.7760,"G Maior;E Menor;A Maior",,0.00,,0.00,183.34,183.34,5,1,"v2;w20;harm;aar;song60;far12;near45;tol0.8;floor0.25;drain0.5;bass0.25"
298701,1790794405533,D Maior,D Maior,0,D Maior,G Maior,0.6889,0.6889,0.4969,0.7678,"G Maior;E Menor;A Maior",,0.00,,0.00,183.92,183.92,5,1,"v2;w20;harm;aar;song60;far12;near45;tol0.8;floor0.25;drain0.5;bass0.25"
299165,1790794406034,D Maior,D Maior,0,D Maior,G Maior,0.6858,0.6858,0.4971,0.7545,"G Maior;E Menor;A Maior",,0.00,,0.00,184.38,184.38,5,1,"v2;w20;harm;aar;song60;far12;near45;tol0.8;floor0.25;drain0.5;bass0.25"
299723,1790794406533,D Maior,D Maior,0,D Maior,G Maior,0.6808,0.6808,0.4943,0.7459,"G Maior;E Menor;A Maior",,0.00,,0.00,184.94,184.94,5,1,"v2;w20;harm;aar;song60;far12;near45;tol0.8;floor0.25;drain0.5;bass0.25"
