t_audio_ms,t_wall_ms,displayed,passage,showPassage,best,second,rBest,rDisplayed,rSecond,confidence,nearby,challenge,challengeProgress,event,evidenceSeconds,songSeconds,passageSeconds,labelChanges,songMature,config
3250,1790784036185,,,0,G Maior,D Maior,0.6385,0.0000,0.6283,0.0409,"D Maior;D Menor;G Menor",,0.00,,0.00,0.00,0.00,0,0,"v2;w20;harm;aar;song60;far12;near45;tol0.8;floor0.25;drain0.5;bass0.25"
3715,1790784036685,,,0,D Maior,G Maior,0.6641,0.0000,0.6411,0.0923,"G Maior;D Menor;G Menor",,0.00,,0.00,0.51,0.51,0,0,"v2;w20;harm;aar;song60;far12;near45;tol0.8;floor0.25;drain0.5;bass0.25"
4179,1790784037185,,,0,D Maior,G Maior,0.6976,0.0000,0.6301,0.2700,"G Maior;D Menor;G Menor",,0.00,,0.00,0.99,0.99,0,0,"v2;w20;harm;aar;song60;far12;near45;tol0.8;floor0.25;drain0.5;bass0.25"
4736,1790784037685,,,0,D Maior,G Maior,0.7334,0.0000,0.6284,0.4198,"G Maior;D Menor;G Menor",,0.00,,0.00,1.53,1.53,0,0,"v2;w20;harm;aar;song60;far12;near45;tol0.8;floor0.25;drain0.5;bass0.25"
5201,1790784038186,D Maior,D Maior,0,D Maior,G Maior,0.7333,0.7333,0.6298,0.4140,"G Maior;D Menor;G Menor",,0.00,,0.00,2.01,2.01,0,0,"v2;w20;harm;aar;song60;far12;near45;tol0.8;floor0.25;drain0.5;bass0.25"
5665,1790784038684,D Maior,D Maior,0,D Maior,G Maior,0.7348,0.7348,0.6312,0.4144,"G Maior;D Menor;G Menor",,0.00,,0.00,2.47,2.47,0,0,"v2;w20;harm;aar;song60;far12;near45;tol0.8;floor0.25;drain0.5;bass0.25"
6222,1790784039186,D Maior,D Maior,0,D Maior,G Maior,0.7383,0.7383,0.6311,0.4289,"G Maior;D Menor;G Menor",,0.00,,0.00,3.01,3.01,0,0,"v2;w20;harm;aar;song60;far12;near45;tol0.8;floor0.25;drain0.5;bass0.25"
6687,1790784039685,D Maior,D Maior,0,D Maior,G Maior,0.7310,0.7310,0.6350,0.3841,"G Maior;D Menor;G Menor",,0.00,,0.00,3.49,3.49,0,0,"v2;w20;harm;aar;song60;far12;near45;tol0.8;floor0.25;drain0.5;bass0.25"
7151,1790784040185,D Maior,D Maior,0,D Maior,G Maior,0.7340,0.7340,0.6358,0.3929,"G Maior;D Menor;G Menor",,0.00,,0.00,3.95,3.95,0,0,"v2;w20;harm;aar;song60;far12;near45;tol0.8;floor0.25;drain0.5;bass0.25"
7709,1790784040686,D Maior,D Maior,0,D Maior,G Maior,0.7319,0.7319,0.6356,0.3851,"G Maior;D Menor;G Menor",,0.00,,0.00,4.51,4.51,0,0,"v2;w20;harm;aar;song60;far12;near45;tol0.8;floor0.25;drain0.5;bass0.25"
8173,1790784041186,D Maior,D Maior,0,D Maior,G Maior,0.7337,0.7337,0.6347,0.3960,"G Maior;D Menor;G Menor",,0.00,,0.00,4.97,4.97,0,0,"v2;w20;harm;aar;song60;far12;near45;tol0.8;floor0.25;drain0.5;bass0.25"
8730,1790784041685,D Maior,D Maior,0,D Maior,G Maior,0.7338,0.7338,0.6334,0.4015,"G Maior;D Menor;G Menor",,0.00,,0.00,5.53,5.53,0,0,"v2;w20;harm;aar;song60;far12;near45;tol0.8;floor0.25;drain0.5;bass0.25"
9195,1790784042185,D Maior,D Maior,0,D Maior,G Maior,0.7443,0.7443,0.6296,0.4587,"G Maior;D Menor;G Menor",,0.00,,0.00,6.01,6.01,0,0,"v2;w20;harm;aar;song60;far12;near45;tol0.8;floor0.25;drain0.5;bass0.25"
9659,1790784042685,D Maior,D Maior,0,D Maior,G Maior,0.7492,0.7492,0.6254,0.4951,"G Maior;D Menor;G Menor",,0.00,,0.00,6.45,6.45,0,0,"v2;w20;harm;aar;song60;far12;near45;tol0.8;floor0.25;drain0.5;bass0.25"
10216,1790784043186,D Maior,D Maior,0,D Maior,G Maior,0.7530,0.7530,0.6219,0.5243,"G Maior;D Menor;G Menor",,0.00,,0.00,7.03,7.03,0,0,"v2;w20;harm;aar;song60;far12;near45;tol0.8;floor0.25;drain0.5;bass0.25"
10681,1790784043686,D Maior,D Maior,0,D Maior,G Maior,0.7520,0.7520,0.6247,0.5090,"G Maior;D Menor;G Menor",,0.00,,0.00,7.49,7.49,0,0,"v2;w20;harm;aar;song60;far12;near45;tol0.8;floor0.25;drain0.5;bass0.25"
11238,1790784044186,D Maior,D Maior,0,D Maior,G Maior,0.7590,0.7590,0.6458,0.4527,"G Maior;D Menor;G Menor",,0.00,,0.00,8.03,8.03,0,0,"v2;w20;harm;aar;song60;far12;near45;tol0.8;floor0.25;drain0.5;bass0.25"
11702,1790784044686,D Maior,D Maior,0,D Maior,G Maior,0.7643,0.7643,0.6609,0.4138,"G Maior;D Menor;G Menor",,0.00,,0.00,8.51,8.51,0,0,"v2;w20;harm;aar;song60;far12;near45;tol0.8;floor0.25;drain0.5;bass0.25"
12167,1790784045185,D Maior,D Maior,0,D Maior,G Maior,0.7691,0.7691,0.6685,0.4023,"G Maior;D Menor;G Menor",,0.00,,0.00,8.97,8.97,0,0,"v2;w20;harm;aar;song60;far12;near45;tol0.8;floor0.25;drain0.5;bass0.25"
12724,1790784045686,D Maior,D Maior,0,D Maior,G Maior,0.7761,0.7761,0.6795,0.3863,"G Maior;D Menor;B Menor",,0.00,,0.00,9.53,9.53,0,0,"v2;w20;harm;aar;song60;far12;near45;tol0.8;floor0.25;drain0.5;bass0.25"
13188,1790784046186,D Maior,D Maior,0,D Maior,G Maior,0.7799,0.7799,0.6854,0.3781,"G Maior;B Menor;D Menor",,0.00,,0.00,9.99,9.99,0,0,"v2;w20;harm;aar;song60;far12;near45;tol0.8;floor0.25;drain0.5;bass0.25"
13653,1790784046686,D Maior,D Maior,0,D Maior,G Maior,0.7831,0.7831,0.6891,0.3758,"G Maior;B Menor;D Menor",,0.00,,0.00,10.45,10.45,0,0,"v2;w20;harm;aar;song60;far12;near45;tol0.8;floor0.25;drain0.5;bass0.25"
14210,1790784047188,D Maior,D Maior,0,D Maior,G Maior,0.7862,0.7862,0.6887,0.3898,"G Maior;B Menor;D Menor",,0.00,,0.00,11.01,11.01,0,0,"v2;w20;harm;aar;song60;far12;near45;tol0.8;floor0.25;drain0.5;bass0.25"
14675,1790784047686,D Maior,D Maior,0,D Maior,G Maior,0.7873,0.7873,0.6883,0.3962,"G Maior;B Menor;D Menor",,0.00,,0.00,11.47,11.47,0,0,"v2;w20;harm;aar;song60;far12;near45;tol0.8;floor0.25;drain0.5;bass0.25"
15232,1790784048186,D Maior,D Maior,0,D Maior,G Maior,0.7855,0.7855,0.6801,0.4216,"G Maior;B Menor;D Menor",,0.00,,0.00,12.03,12.03,0,0,"v2;w20;harm;aar;song60;far12;near45;tol0.8;floor0.25;drain0.5;bass0.25"
15696,1790784048686,D Maior,D Maior,0,D Maior,G Maior,0.7860,0.7860,0.6756,0.4418,"G Maior;B Menor;D Menor",,0.00,,0.00,12.51,12.51,0,0,"v2;w20;harm;aar;song60;far12;near45;tol0.8;floor0.25;drain0.5;bass0.25"
16161,1790784049184,D Maior,D Maior,0,D Maior,G Maior,0.7881,0.7881,0.6721,0.4640,"G Maior;B Menor;D Menor",,0.00,,0.00,12.95,12.95,0,0,"v2;w20;harm;aar;song60;far12;near45;tol0.8;floor0.25;drain0.5;bass0.25"
16718,1790784049686,D Maior,D Maior,0,D Maior,G Maior,0.7910,0.7910,0.6712,0.4792,"G Maior;B Menor;D Menor",,0.00,,0.00,13.53,13.53,0,0,"v2;w20;harm;aar;song60;far12;near45;tol0.8;floor0.25;drain0.5;bass0.25"
17182,1790784050184,D Maior,D Maior,0,D Maior,G Maior,0.7918,0.7918,0.6699,0.4876,"G Maior;B Menor;D Menor",,0.00,,0.00,13.99,13.99,0,0,"v2;w20;harm;aar;song60;far12;near45;tol0.8;floor0.25;drain0.5;bass0.25"
17740,1790784050686,D Maior,D Maior,0,D Maior,G Maior,0.7879,0.7879,0.6710,0.4675,"G Maior;B Menor;D Menor",,0.00,,0.00,14.53,14.53,0,0,"v2;w20;harm;aar;song60;far12;near45;tol0.8;floor0.25;drain0.5;bass0.25"
18204,1790784051186,D Maior,D Maior,0,D Maior,G Maior,0.7870,0.7870,0.6753,0.4468,"G Maior;B Menor;D Menor",,0.00,,0.00,15.01,15.01,0,0,"v2;w20;harm;aar;song60;far12;near45;tol0.8;floor0.25;drain0.5;bass0.25"
18668,1790784051686,D Maior,D Maior,0,D Maior,G Maior,0.7835,0.7835,0.6728,0.4428,"G Maior;B Menor;D Menor",,0.00,,0.00,15.47,15.47,0,0,"v2;w20;harm;aar;song60;far12;near45;tol0.8;floor0.25;drain0.5;bass0.25"
19226,1790784052185,D Maior,D Maior,0,D Maior,G Maior,0.7818,0.7818,0.6681,0.4551,"G Maior;B Menor;D Menor",,0.00,,0.00,16.03,16.03,0,0,"v2;w20;harm;aar;song60;far12;near45;tol0.8;floor0.25;drain0.5;bass0.25"
19690,1790784052686,D Maior,D Maior,0,D Maior,G Maior,0.7828,0.7828,0.6661,0.4665,"G Maior;B Menor;D Menor",,0.00,,0.00,16.49,16.49,0,0,"v2;w20;harm;aar;song60;far12;near45;tol0.8;floor0.25;drain0.5;bass0.25"
20154,1790784053185,D Maior,D Maior,0,D Maior,G Maior,0.7813,0.7813,0.6636,0.4707,"G Maior;B Menor;D Menor",,0.00,,0.00,16.95,16.95,0,0,"v2;w20;harm;aar;song60;far12;near45;tol0.8;floor0.25;drain0.5;bass0.25"
20712,1790784053687,D Maior,D Maior,0,D Maior,G Maior,0.7827,0.7827,0.6652,0.4699,"G Maior;B Menor;D Menor",,0.00,,0.00,17.51,17.51,0,0,"v2;w20;harm;aar;song60;far12;near45;tol0.8;floor0.25;drain0.5;bass0.25"
21176,1790784054187,D Maior,D Maior,0,D Maior,G Maior,0.7820,0.7820,0.6648,0.4688,"G Maior;B Menor;D Menor",,0.00,,0.00,17.97,17.97,0,0,"v2;w20;harm;aar;song60;far12;near45;tol0.8;floor0.25;drain0.5;bass0.25"
21640,1790784054686,D Maior,D Maior,0,D Maior,G Maior,0.7832,0.7832,0.6658,0.4698,"G Maior;B Menor;D Menor",,0.00,,0.00,18.43,18.43,0,0,"v2;w20;harm;aar;song60;far12;near45;tol0.8;floor0.25;drain0.5;bass0.25"
22198,1790784055186,D Maior,D Maior,0,D Maior,G Maior,0.7824,0.7824,0.6665,0.4635,"G Maior;B Menor;D Menor",,0.00,,0.00,19.01,19.01,0,0,"v2;w20;harm;aar;song60;far12;near45;tol0.8;floor0.25;drain0.5;bass0.25"
22662,1790784055687,D Maior,D Maior,0,D Maior,G Maior,0.7808,0.7808,0.6614,0.4776,"G Maior;B Menor;G Menor",,0.00,,0.00,19.45,19.45,0,0,"v2;w20;harm;aar;song60;far12;near45;tol0.8;floor0.25;drain0.5;bass0.25"
23219,1790784056187,D Maior,D Maior,0,D Maior,G Maior,0.7807,0.7807,0.6586,0.4881,"G Maior;B Menor;G Menor",,0.00,,0.00,20.03,20.03,0,0,"v2;w20;harm;aar;song60;far12;near45;tol0.8;floor0.25;drain0.5;bass0.25"
23684,1790784056687,D Maior,D Maior,0,D Maior,G Maior,0.7816,0.7816,0.6533,0.5133,"G Maior;B Menor;G Menor",,0.00,,0.00,20.49,20.49,0,0,"v2;w20;harm;aar;song60;far12;near45;tol0.8;floor0.25;drain0.5;bass0.25"
24148,1790784057186,D Maior,D Maior,0,D Maior,G Maior,0.7827,0.7827,0.6519,0.5232,"G Maior;B Menor;G Menor",,0.00,,0.00,20.95,20.95,0,0,"v2;w20;harm;aar;song60;far12;near45;tol0.8;floor0.25;drain0.5;bass0.25"
24706,1790784057687,D Maior,D Maior,0,D Maior,G Maior,0.7812,0.7812,0.6478,0.5338,"G Maior;B Menor;G Menor",,0.00,,0.00,21.51,21.51,0,0,"v2;w20;harm;aar;song60;far12;near45;tol0.8;floor0.25;drain0.5;bass0.25"
25170,1790784058187,D Maior,D Maior,0,D Maior,G Maior,0.7814,0.7814,0.6573,0.4964,"G Maior;B Menor;G Menor",,0.00,,0.00,21.97,21.97,0,0,"v2;w20;harm;aar;song60;far12;near45;tol0.8;floor0.25;drain0.5;bass0.25"
25727,1790784058688,D Maior,D Maior,0,D Maior,G Maior,0.7793,0.7793,0.6676,0.4468,"G Maior;B Menor;E Menor",,0.00,,0.00,22.53,22.53,0,0,"v2;w20;harm;aar;song60;far12;near45;tol0.8;floor0.25;drain0.5;bass0.25"
26192,1790784059187,D Maior,D Maior,0,D Maior,G Maior,0.7790,0.7790,0.6747,0.4170,"G Maior;B Menor;E Menor",,0.00,,0.00,22.99,22.99,0,0,"v2;w20;harm;aar;song60;far12;near45;tol0.8;floor0.25;drain0.5;bass0.25"
26656,1790784059687,D Maior,D Maior,0,D Maior,G Maior,0.7762,0.7762,0.6813,0.3797,"G Maior;B Menor;E Menor",,0.00,,0.00,23.45,23.45,0,0,"v2;w20;harm;aar;song60;far12;near45;tol0.8;floor0.25;drain0.5;bass0.25"
27213,1790784060187,D Maior,D Maior,0,D Maior,G Maior,0.7734,0.7734,0.6877,0.3428,"G Maior;B Menor;E Menor",,0.00,,0.00,24.01,24.01,0,0,"v2;w20;harm;aar;song60;far12;near45;tol0.8;floor0.25;drain0.5;bass0.25"
27678,1790784060687,D Maior,D Maior,0,D Maior,G Maior,0.7714,0.7714,0.6910,0.3218,"G Maior;B Menor;E Menor",,0.00,,0.00,24.47,24.47,0,0,"v2;w20;harm;aar;song60;far12;near45;tol0.8;floor0.25;drain0.5;bass0.25"
28142,1790784061187,D Maior,D Maior,0,D Maior,G Maior,0.7708,0.7708,0.6915,0.3171,"G Maior;B Menor;E Menor",,0.00,,0.00,24.95,24.95,0,0,"v2;w20;harm;aar;song60;far12;near45;tol0.8;floor0.25;drain0.5;bass0.25"
28699,1790784061687,D Maior,D Maior,0,D Maior,G Maior,0.7698,0.7698,0.6923,0.3097,"G Maior;B Menor;E Menor",,0.00,,0.00,25.51,25.51,0,0,"v2;w20;harm;aar;song60;far12;near45;tol0.8;floor0.25;drain0.5;bass0.25"
29164,1790784062187,D Maior,D Maior,0,D Maior,G Maior,0.7696,0.7696,0.6925,0.3084,"G Maior;B Menor;E Menor",,0.00,,0.00,25.95,25.95,0,0,"v2;w20;harm;aar;song60;far12;near45;tol0.8;floor0.25;drain0.5;bass0.25"
29721,1790784062687,D Maior,D Maior,0,D Maior,G Maior,0.7711,0.7711,0.6906,0.3220,"G Maior;B Menor;E Menor",,0.00,,0.00,26.53,26.53,0,0,"v2;w20;harm;aar;song60;far12;near45;tol0.8;floor0.25;drain0.5;bass0.25"
30185,1790784063186,D Maior,D Maior,0,D Maior,G Maior,0.7735,0.7735,0.6904,0.3324,"G Maior;B Menor;E Menor",,0.00,,0.00,26.99,26.99,0,0,"v2;w20;harm;aar;song60;far12;near45;tol0.8;floor0.25;drain0.5;bass0.25"
30650,1790784063686,D Maior,D Maior,0,D Maior,G Maior,0.7753,0.7753,0.6851,0.3609,"G Maior;B Menor;E Menor",,0.00,,0.00,27.47,27.47,0,0,"v2;w20;harm;aar;song60;far12;near45;tol0.8;floor0.25;drain0.5;bass0.25"
31207,1790784064188,D Maior,D Maior,0,D Maior,G Maior,0.7781,0.7781,0.6820,0.3842,"G Maior;B Menor;E Menor",,0.00,,0.00,28.01,28.01,0,0,"v2;w20;harm;aar;song60;far12;near45;tol0.8;floor0.25;drain0.5;bass0.25"
31672,1790784064687,D Maior,D Maior,0,D Maior,G Maior,0.7795,0.7795,0.6824,0.3883,"G Maior;B Menor;E Menor",,0.00,,0.00,28.47,28.47,0,0,"v2;w20;harm;aar;song60;far12;near45;tol0.8;floor0.25;drain0.5;bass0.25"
32229,1790784065188,D Maior,D Maior,0,D Maior,G Maior,0.7784,0.7784,0.6873,0.3642,"G Maior;B Menor;E Menor",,0.00,,0.00,29.03,29.03,0,0,"v2;w20;harm;aar;song60;far12;near45;tol0.8;floor0.25;drain0.5;bass0.25"
32693,1790784065687,D Maior,D Maior,0,D Maior,G Maior,0.7799,0.7799,0.6940,0.3438,"G Maior;B Menor;E Menor",,0.00,,0.00,29.49,29.49,0,0,"v2;w20;harm;aar;song60;far12;near45;tol0.8;floor0.25;drain0.5;bass0.25"
33158,1790784066187,D Maior,D Maior,0,D Maior,G Maior,0.7806,0.7806,0.7006,0.3200,"G Maior;B Menor;E Menor",,0.00,,0.00,29.95,29.95,0,0,"v2;w20;harm;aar;song60;far12;near45;tol0.8;floor0.25;drain0.5;bass0.25"
33715,1790784066687,D Maior,D Maior,0,D Maior,G Maior,0.7813,0.7813,0.7098,0.2860,"G Maior;B Menor;E Menor",,0.00,,0.00,30.51,30.51,0,1,"v2;w20;harm;aar;song60;far12;near45;tol0.8;floor0.25;drain0.5;bass0.25"
34179,1790784067187,D Maior,D Maior,0,D Maior,G Maior,0.7841,0.7841,0.7198,0.2571,"G Maior;B Menor;E Menor",,0.00,,0.00,30.97,30.97,0,1,"v2;w20;harm;aar;song60;far12;near45;tol0.8;floor0.25;drain0.5;bass0.25"
34644,1790784067687,D Maior,D Maior,0,D Maior,G Maior,0.7873,0.7873,0.7208,0.2663,"G Maior;B Menor;E Menor",,0.00,,0.00,31.45,31.45,0,1,"v2;w20;harm;aar;song60;far12;near45;tol0.8;floor0.25;drain0.5;bass0.25"
35201,1790784068185,D Maior,D Maior,0,D Maior,G Maior,0.7879,0.7879,0.7227,0.2608,"G Maior;B Menor;E Menor",,0.00,,0.00,32.01,32.01,0,1,"v2;w20;harm;aar;song60;far12;near45;tol0.8;floor0.25;drain0.5;bass0.25"
35665,1790784068686,D Maior,D Maior,0,D Maior,G Maior,0.7901,0.7901,0.7262,0.2553,"G Maior;B Menor;E Menor",,0.00,,0.00,32.45,32.45,0,1,"v2;w20;harm;aar;song60;far12;near45;tol0.8;floor0.25;drain0.5;bass0.25"
36223,1790784069187,D Maior,D Maior,0,D Maior,G Maior,0.7890,0.7890,0.7282,0.2432,"G Maior;B Menor;E Menor",,0.00,,0.00,33.03,33.03,0,1,"v2;w20;harm;aar;song60;far12;near45;tol0.8;floor0.25;drain0.5;bass0.25"
36687,1790784069687,D Maior,D Maior,0,D Maior,G Maior,0.7881,0.7881,0.7285,0.2382,"G Maior;B Menor;E Menor",,0.00,,0.00,33.49,33.49,0,1,"v2;w20;harm;aar;song60;far12;near45;tol0.8;floor0.25;drain0.5;bass0.25"
37151,1790784070187,D Maior,D Maior,0,D Maior,G Maior,0.7883,0.7883,0.7348,0.2140,"G Maior;B Menor;E Menor",,0.00,,0.00,33.97,33.97,0,1,"v2;w20;harm;aar;song60;far12;near45;tol0.8;floor0.25;drain0.5;bass0.25"
37709,1790784070687,D Maior,D Maior,0,D Maior,G Maior,0.7895,0.7895,0.7425,0.1882,"G Maior;B Menor;E Menor",,0.00,,0.00,34.51,34.51,0,1,"v2;w20;harm;aar;song60;far12;near45;tol0.8;floor0.25;drain0.5;bass0.25"
38173,1790784071187,D Maior,D Maior,0,D Maior,G Maior,0.7927,0.7927,0.7393,0.2136,"G Maior;B Menor;E Menor",,0.00,,0.00,34.97,34.97,0,1,"v2;w20;harm;aar;song60;far12;near45;tol0.8;floor0.25;drain0.5;bass0.25"
38730,1790784071686,D Maior,D Maior,0,D Maior,G Maior,0.7964,0.7964,0.7355,0.2435,"G Maior;B Menor;E Menor",,0.00,,0.00,35.53,35.53,0,1,"v2;w20;harm;aar;song60;far12;near45;tol0.8;floor0.25;drain0.5;bass0.25"
39195,1790784072187,D Maior,D Maior,0,D Maior,G Maior,0.8011,0.8011,0.7343,0.2670,"G Maior;B Menor;E Menor",,0.00,,0.00,35.99,35.99,0,1,"v2;w20;harm;aar;song60;far12;near45;tol0.8;floor0.25;drain0.5;bass0.25"
39659,1790784072687,D Maior,D Maior,0,D Maior,G Maior,0.8046,0.8046,0.7343,0.2811,"G Maior;B Menor;E Menor",,0.00,,0.00,36.47,36.47,0,1,"v2;w20;harm;aar;song60;far12;near45;tol0.8;floor0.25;drain0.5;bass0.25"
40216,1790784073188,D Maior,D Maior,0,D Maior,G Maior,0.8078,0.8078,0.7341,0.2947,"G Maior;B Menor;E Menor",,0.00,,0.00,37.01,37.01,0,1,"v2;w20;harm;aar;song60;far12;near45;tol0.8;floor0.25;drain0.5;bass0.25"
40681,1790784073687,D Maior,D Maior,0,D Maior,G Maior,0.8085,0.8085,0.7399,0.2746,"G Maior;B Menor;E Menor",,0.00,,0.00,37.47,37.47,0,1,"v2;w20;harm;aar;song60;far12;near45;tol0.8;floor0.25;drain0.5;bass0.25"
41145,1790784074186,D Maior,D Maior,0,D Maior,G Maior,0.8105,0.8105,0.7472,0.2533,"G Maior;B Menor;E Menor",,0.00,,0.00,37.95,37.95,0,1,"v2;w20;harm;aar;song60;far12;near45;tol0.8;floor0.25;drain0.5;bass0.25"
41703,1790784074687,D Maior,D Maior,0,D Maior,G Maior,0.8136,0.8136,0.7447,0.2758,"G Maior;B Menor;E Menor",,0.00,,0.00,38.51,38.51,0,1,"v2;w20;harm;aar;song60;far12;near45;tol0.8;floor0.25;drain0.5;bass0.25"
42167,1790784075187,D Maior,D Maior,0,D Maior,G Maior,0.8163,0.8163,0.7406,0.3027,"G Maior;B Menor;E Menor",,0.00,,0.00,38.97,38.97,0,1,"v2;w20;harm;aar;song60;far12;near45;tol0.8;floor0.25;drain0.5;bass0.25"
42724,1790784075687,D Maior,D Maior,0,D Maior,G Maior,0.8177,0.8177,0.7403,0.3096,"G Maior;B Menor;E Menor",,0.00,,0.00,39.53,39.53,0,1,"v2;w20;harm;aar;song60;far12;near45;tol0.8;floor0.25;drain0.5;bass0.25"
43189,1790784076187,D Maior,D Maior,0,D Maior,G Maior,0.8233,0.8233,0.7407,0.3305,"G Maior;B Menor;E Menor",,0.00,,0.00,39.99,39.99,0,1,"v2;w20;harm;aar;song60;far12;near45;tol0.8;floor0.25;drain0.5;bass0.25"
43653,1790784076687,D Maior,D Maior,0,D Maior,G Maior,0.8285,0.8285,0.7418,0.3467,"G Maior;B Menor;E Menor",,0.00,,0.00,40.47,40.47,0,1,"v2;w20;harm;aar;song60;far12;near45;tol0.8;floor0.25;drain0.5;bass0.25"
44210,1790784077187,D Maior,D Maior,0,D Maior,G Maior,0.8331,0.8331,0.7461,0.3478,"G Maior;B Menor;E Menor",,0.00,,0.00,41.01,41.01,0,1,"v2;w20;harm;aar;song60;far12;near45;tol0.8;floor0.25;drain0.5;bass0.25"
44675,1790784077687,D Maior,D Maior,0,D Maior,G Maior,0.8358,0.8358,0.7500,0.3434,"G Maior;B Menor;E Menor",,0.00,,0.00,41.47,41.47,0,1,"v2;w20;harm;aar;song60;far12;near45;tol0.8;floor0.25;drain0.5;bass0.25"
45232,1790784078186,D Maior,D Maior,0,D Maior,G Maior,0.8390,0.8390,0.7521,0.3479,"G Maior;B Menor;E Menor",,0.00,,0.00,42.03,42.03,0,1,"v2;w20;harm;aar;song60;far12;near45;tol0.8;floor0.25;drain0.5;bass0.25"
45696,1790784078686,D Maior,D Maior,0,D Maior,G Maior,0.8426,0.8426,0.7519,0.3629,"G Maior;B Menor;E Menor",,0.00,,0.00,42.49,42.49,0,1,"v2;w20;harm;aar;song60;far12;near45;tol0.8;floor0.25;drain0.5;bass0.25"
46161,1790784079185,D Maior,D Maior,0,D Maior,G Maior,0.8491,0.8491,0.7513,0.3913,"G Maior;B Menor;E Menor",,0.00,,0.00,42.97,42.97,0,1,"v2;w20;harm;aar;song60;far12;near45;tol0.8;floor0.25;drain0.5;bass0.25"
46718,1790784079687,D Maior,D Maior,0,D Maior,G Maior,0.8482,0.8482,0.7532,0.3802,"G Maior;B Menor;E Menor",,0.00,,0.00,43.51,43.51,0,1,"v2;w20;harm;aar;song60;far12;near45;tol0.8;floor0.25;drain0.5;bass0.25"
47182,1790784080187,D Maior,D Maior,0,D Maior,G Maior,0.8493,0.8493,0.7541,0.3807,"G Maior;B Menor;E Menor",,0.00,,0.00,43.97,43.97,0,1,"v2;w20;harm;aar;song60;far12;near45;tol0.8;floor0.25;drain0.5;bass0.25"
47647,1790784080687,D Maior,D Maior,0,D Maior,G Maior,0.8494,0.8494,0.7563,0.3725,"G Maior;B Menor;E Menor",,0.00,,0.00,44.45,44.45,0,1,"v2;w20;harm;aar;song60;far12;near45;tol0.8;floor0.25;drain0.5;bass0.25"
48204,1790784081187,D Maior,D Maior,0,D Maior,G Maior,0.8504,0.8504,0.7608,0.3582,"G Maior;B Menor;E Menor",,0.00,,0.00,45.01,45.01,0,1,"v2;w20;harm;aar;song60;far12;near45;tol0.8;floor0.25;drain0.5;bass0.25"
48669,1790784081686,D Maior,D Maior,0,D Maior,G Maior,0.8519,0.8519,0.7602,0.3668,"G Maior;B Menor;E Menor",,0.00,,0.00,45.47,45.47,0,1,"v2;w20;harm;aar;song60;far12;near45;tol0.8;floor0.25;drain0.5;bass0.25"
49226,1790784082187,D Maior,D Maior,0,D Maior,G Maior,0.8529,0.8529,0.7594,0.3740,"G Maior;B Menor;E Menor",,0.00,,0.00,46.03,46.03,0,1,"v2;w20;harm;aar;song60;far12;near45;tol0.8;floor0.25;drain0.5;bass0.25"
49690,1790784082687,D Maior,D Maior,0,D Maior,G Maior,0.8554,0.8554,0.7589,0.3859,"G Maior;B Menor;E Menor",,0.00,,0.00,46.39,46.39,0,1,"v2;w20;harm;aar;song60;far12;near45;tol0.8;floor0.25;drain0.5;bass0.25"
50155,1790784083187,D Maior,D Maior,0,D Maior,G Maior,0.8561,0.8561,0.7614,0.3789,"G Maior;B Menor;E Menor",,0.00,,0.00,46.97,46.97,0,1,"v2;w20;harm;aar;song60;far12;near45;tol0.8;floor0.25;drain0.5;bass0.25"
50712,1790784083687,D Maior,D Maior,0,D Maior,G Maior,0.8564,0.8564,0.7636,0.3712,"G Maior;B Menor;E Menor",,0.00,,0.00,47.51,47.51,0,1,"v2;w20;harm;aar;song60;far12;near45;tol0.8;floor0.25;drain0.5;bass0.25"
51176,1790784084187,D Maior,D Maior,0,D Maior,G Maior,0.8564,0.8564,0.7674,0.3563,"G Maior;B Menor;E Menor",,0.00,,0.00,48.00,48.00,0,1,"v2;w20;harm;aar;song60;far12;near45;tol0.8;floor0.25;drain0.5;bass0.25"
51734,1790784084687,D Maior,D Maior,0,D Maior,G Maior,0.8561,0.8561,0.7750,0.3242,"G Maior;B Menor;E Menor",,0.00,,0.00,48.53,48.53,0,1,"v2;w20;harm;aar;song60;far12;near45;tol0.8;floor0.25;drain0.5;bass0.25"
52198,1790784085187,D Maior,D Maior,0,D Maior,G Maior,0.8571,0.8571,0.7756,0.3261,"G Maior;B Menor;E Menor",,0.00,,0.00,48.99,48.99,0,1,"v2;w20;harm;aar;song60;far12;near45;tol0.8;floor0.25;drain0.5;bass0.25"
52662,1790784085686,D Maior,D Maior,0,D Maior,G Maior,0.8583,0.8583,0.7748,0.3342,"G Maior;B Menor;E Menor",,0.00,,0.00,49.47,49.47,0,1,"v2;w20;harm;aar;song60;far12;near45;tol0.8;floor0.25;drain0.5;bass0.25"
53220,1790784086188,D Maior,D Maior,0,D Maior,G Maior,0.8619,0.8619,0.7770,0.3399,"G Maior;B Menor;E Menor",,0.00,,0.00,50.01,50.01,0,1,"v2;w20;harm;aar;song60;far12;near45;tol0.8;floor0.25;drain0.5;bass0.25"
53684,1790784086686,D Maior,D Maior,0,D Maior,G Maior,0.8643,0.8643,0.7770,0.3492,"G Maior;B Menor;E Menor",,0.00,,0.00,50.49,50.49,0,1,"v2;w20;harm;aar;song60;far12;near45;tol0.8;floor0.25;drain0.5;bass0.25"
54148,1790784087187,D Maior,D Maior,0,D Maior,G Maior,0.8678,0.8678,0.7776,0.3604,"G Maior;E Menor;B Menor",,0.00,,0.00,50.95,50.95,0,1,"v2;w20;harm;aar;song60;far12;near45;tol0.8;floor0.25;drain0.5;bass0.25"
54706,1790784087686,D Maior,D Maior,0,D Maior,G Maior,0.8713,0.8713,0.7776,0.3747,"G Maior;E Menor;B Menor",,0.00,,0.00,51.51,51.51,0,1,"v2;w20;harm;aar;song60;far12;near45;tol0.8;floor0.25;drain0.5;bass0.25"
55170,1790784088187,D Maior,D Maior,0,D Maior,G Maior,0.8700,0.8700,0.7828,0.3487,"G Maior;E Menor;B Menor",,0.00,,0.00,51.97,51.97,0,1,"v2;w20;harm;aar;song60;far12;near45;tol0.8;floor0.25;drain0.5;bass0.25"
55727,1790784088687,D Maior,D Maior,0,D Maior,G Maior,0.8722,0.8722,0.7803,0.3676,"G Maior;E Menor;B Menor",,0.00,,0.00,52.53,52.53,0,1,"v2;w20;harm;aar;song60;far12;near45;tol0.8;floor0.25;drain0.5;bass0.25"
56192,1790784089187,D Maior,D Maior,0,D Maior,G Maior,0.8745,0.8745,0.7756,0.3954,"G Maior;E Menor;B Menor",,0.00,,0.00,52.99,52.99,0,1,"v2;w20;harm;aar;song60;far12;near45;tol0.8;floor0.25;drain0.5;bass0.25"
56656,1790784089687,D Maior,D Maior,0,D Maior,G Maior,0.8755,0.8755,0.7743,0.4050,"G Maior;E Menor;B Menor",,0.00,,0.00,53.47,53.47,0,1,"v2;w20;harm;aar;song60;far12;near45;tol0.8;floor0.25;drain0.5;bass0.25"
57213,1790784090188,D Maior,D Maior,0,D Maior,G Maior,0.8798,0.8798,0.7739,0.4235,"G Maior;E Menor;B Menor",,0.00,,0.00,54.01,54.01,0,1,"v2;w20;harm;aar;song60;far12;near45;tol0.8;floor0.25;drain0.5;bass0.25"
57678,1790784090687,D Maior,D Maior,0,D Maior,G Maior,0.8851,0.8851,0.7738,0.4451,"G Maior;E Menor;B Menor",,0.00,,0.00,54.49,54.49,0,1,"v2;w20;harm;aar;song60;far12;near45;tol0.8;floor0.25;drain0.5;bass0.25"
58235,1790784091187,D Maior,D Maior,0,D Maior,G Maior,0.8910,0.8910,0.7731,0.4715,"G Maior;E Menor;B Menor",,0.00,,0.00,55.03,55.03,0,1,"v2;w20;harm;aar;song60;far12;near45;tol0.8;floor0.25;drain0.5;bass0.25"
58700,1790784091688,D Maior,D Maior,0,D Maior,G Maior,0.8921,0.8921,0.7738,0.4733,"G Maior;E Menor;B Menor",,0.00,,0.00,55.49,55.49,0,1,"v2;w20;harm;aar;song60;far12;near45;tol0.8;floor0.25;drain0.5;bass0.25"
59164,1790784092187,D Maior,D Maior,0,D Maior,G Maior,0.8935,0.8935,0.7734,0.4803,"G Maior;E Menor;B Menor",,0.00,,0.00,55.97,55.97,0,1,"v2;w20;harm;aar;song60;far12;near45;tol0.8;floor0.25;drain0.5;bass0.25"
59721,1790784092687,D Maior,D Maior,0,D Maior,G Maior,0.8940,0.8940,0.7730,0.4840,"G Maior;E Menor;B Menor",,0.00,,0.00,56.51,56.51,0,1,"v2;w20;harm;aar;song60;far12;near45;tol0.8;floor0.25;drain0.5;bass0.25"
60186,1790784093187,D Maior,D Maior,0,D Maior,G Maior,0.8932,0.8932,0.7727,0.4823,"G Maior;E Menor;B Menor",,0.00,,0.00,56.99,56.99,0,1,"v2;w20;harm;aar;song60;far12;near45;tol0.8;floor0.25;drain0.5;bass0.25"
60650,1790784093687,D Maior,D Maior,0,D Maior,G Maior,0.8919,0.8919,0.7724,0.4779,"G Maior;E Menor;B Menor",,0.00,,0.00,57.45,57.45,0,1,"v2;w20;harm;aar;song60;far12;near45;tol0.8;floor0.25;drain0.5;bass0.25"
61207,1790784094187,D Maior,D Maior,0,D Maior,G Maior,0.8900,0.8900,0.7723,0.4709,"G Maior;E Menor;B Menor",,0.00,,0.00,58.01,58.01,0,1,"v2;w20;harm;aar;song60;far12;near45;tol0.8;floor0.25;drain0.5;bass0.25"
61672,1790784094687,D Maior,D Maior,0,D Maior,G Maior,0.8891,0.8891,0.7716,0.4702,"G Maior;E Menor;B Menor",,0.00,,0.00,58.47,58.47,0,1,"v2;w20;harm;aar;song60;far12;near45;tol0.8;floor0.25;drain0.5;bass0.25"
62229,1790784095187,D Maior,D Maior,0,D Maior,G Maior,0.8883,0.8883,0.7706,0.4710,"G Maior;E Menor;B Menor",,0.00,,0.00,59.03,59.03,0,1,"v2;w20;harm;aar;song60;far12;near45;tol0.8;floor0.25;drain0.5;bass0.25"
62693,1790784095687,D Maior,D Maior,0,D Maior,G Maior,0.8891,0.8891,0.7681,0.4839,"G Maior;E Menor;B Menor",,0.00,,0.00,59.51,59.51,0,1,"v2;w20;harm;aar;song60;far12;near45;tol0.8;floor0.25;drain0.5;bass0.25"
63158,1790784096187,D Maior,D Maior,0,D Maior,G Maior,0.8903,0.8903,0.7655,0.4991,"G Maior;E Menor;B Menor",,0.00,,0.00,59.97,59.97,0,1,"v2;w20;harm;aar;song60;far12;near45;tol0.8;floor0.25;drain0.5;bass0.25"
63715,1790784096687,D Maior,D Maior,0,D Maior,G Maior,0.8902,0.8902,0.7629,0.5093,"G Maior;E Menor;B Menor",,0.00,,0.00,60.51,60.51,0,1,"v2;w20;harm;aar;song60;far12;near45;tol0.8;floor0.25;drain0.5;bass0.25"
64179,1790784097187,D Maior,D Maior,0,D Maior,G Maior,0.8911,0.8911,0.7619,0.5166,"G Maior;E Menor;B Menor",,0.00,,0.00,60.99,60.99,0,1,"v2;w20;harm;aar;song60;far12;near45;tol0.8;floor0.25;drain0.5;bass0.25"
64737,1790784097687,D Maior,D Maior,0,D Maior,G Maior,0.8951,0.8951,0.7595,0.5426,"G Maior;E Menor;B Menor",,0.00,,0.00,61.53,61.53,0,1,"v2;w20;harm;aar;song60;far12;near45;tol0.8;floor0.25;drain0.5;bass0.25"
65201,1790784098188,D Maior,D Maior,0,D Maior,G Maior,0.8977,0.8977,0.7584,0.5570,"G Maior;E Menor;B Menor",,0.00,,0.00,62.01,62.01,0,1,"v2;w20;harm;aar;song60;far12;near45;tol0.8;floor0.25;drain0.5;bass0.25"
65666,1790784098687,D Maior,D Maior,0,D Maior,G Maior,0.9002,0.9002,0.7564,0.5750,"G Maior;E Menor;B Menor",,0.00,,0.00,62.47,62.47,0,1,"v2;w20;harm;aar;song60;far12;near45;tol0.8;floor0.25;drain0.5;bass0.25"
66223,1790784099188,D Maior,D Maior,0,D Maior,G Maior,0.9020,0.9020,0.7544,0.5904,"G Maior;E Menor;B Menor",,0.00,,0.00,63.01,63.01,0,1,"v2;w20;harm;aar;song60;far12;near45;tol0.8;floor0.25;drain0.5;bass0.25"
66687,1790784099687,D Maior,D Maior,0,D Maior,G Maior,0.9032,0.9032,0.7522,0.6040,"G Maior;E Menor;B Menor",,0.00,,0.00,63.49,63.49,0,1,"v2;w20;harm;aar;song60;far12;near45;tol0.8;floor0.25;drain0.5;bass0.25"
67152,1790784100187,D Maior,D Maior,0,D Maior,G Maior,0.9025,0.9025,0.7533,0.5969,"G Maior;E Menor;B Menor",,0.00,,0.00,63.95,63.95,0,1,"v2;w20;harm;aar;song60;far12;near45;tol0.8;floor0.25;drain0.5;bass0.25"
67709,1790784100688,D Maior,D Maior,0,D Maior,G Maior,0.9023,0.9023,0.7532,0.5965,"G Maior;E Menor;B Menor",,0.00,,0.00,64.51,64.51,0,1,"v2;w20;harm;aar;song60;far12;near45;tol0.8;floor0.25;drain0.5;bass0.25"
68173,1790784101187,D Maior,D Maior,0,D Maior,G Maior,0.9016,0.9016,0.7531,0.5941,"G Maior;E Menor;B Menor",,0.00,,0.00,64.97,64.97,0,1,"v2;w20;harm;aar;song60;far12;near45;tol0.8;floor0.25;drain0.5;bass0.25"
68731,1790784101688,D Maior,D Maior,0,D Maior,G Maior,0.9011,0.9011,0.7519,0.5968,"G Maior;E Menor;B Menor",,0.00,,0.00,65.53,65.53,0,1,"v2;w20;harm;aar;song60;far12;near45;tol0.8;floor0.25;drain0.5;bass0.25"
69195,1790784102186,D Maior,D Maior,0,D Maior,G Maior,0.9001,0.9001,0.7500,0.6002,"G Maior;E Menor;B Menor",,0.00,,0.00,66.01,66.01,0,1,"v2;w20;harm;aar;song60;far12;near45;tol0.8;floor0.25;drain0.5;bass0.25"
69659,1790784102687,D Maior,D Maior,0,D Maior,G Maior,0.8986,0.8986,0.7484,0.6008,"G Maior;E Menor;B Menor",,0.00,,0.00,66.47,66.47,0,1,"v2;w20;harm;aar;song60;far12;near45;tol0.8;floor0.25;drain0.5;bass0.25"
70217,1790784103188,D Maior,D Maior,0,D Maior,G Maior,0.8981,0.8981,0.7461,0.6081,"G Maior;E Menor;B Menor",,0.00,,0.00,67.01,67.01,0,1,"v2;w20;harm;aar;song60;far12;near45;tol0.8;floor0.25;drain0.5;bass0.25"
70681,1790784103687,D Maior,D Maior,0,D Maior,G Maior,0.8986,0.8986,0.7445,0.6166,"G Maior;E Menor;B Menor",,0.00,,0.00,67.49,67.49,0,1,"v2;w20;harm;aar;song60;far12;near45;tol0.8;floor0.25;drain0.5;bass0.25"
71238,1790784104188,D Maior,D Maior,0,D Maior,G Maior,0.8972,0.8972,0.7470,0.6008,"G Maior;E Menor;B Menor",,0.00,,0.00,68.03,68.03,0,1,"v2;w20;harm;aar;song60;far12;near45;tol0.8;floor0.25;drain0.5;bass0.25"
71703,1790784104687,D Maior,D Maior,0,D Maior,G Maior,0.8962,0.8962,0.7465,0.5987,"G Maior;E Menor;B Menor",,0.00,,0.00,68.51,68.51,0,1,"v2;w20;harm;aar;song60;far12;near45;tol0.8;floor0.25;drain0.5;bass0.25"
72167,1790784105187,D Maior,D Maior,0,D Maior,G Maior,0.8974,0.8974,0.7458,0.6064,"G Maior;E Menor;B Menor",,0.00,,0.00,68.97,68.97,0,1,"v2;w20;harm;aar;song60;far12;near45;tol0.8;floor0.25;drain0.5;bass0.25"
72724,1790784105687,D Maior,D Maior,0,D Maior,G Maior,0.8991,0.8991,0.7419,0.6287,"G Maior;B Menor;E Menor",,0.00,,0.00,69.51,69.51,0,1,"v2;w20;harm;aar;song60;far12;near45;tol0.8;floor0.25;drain0.5;bass0.25"
73189,1790784106187,D Maior,D Maior,0,D Maior,G Maior,0.8980,0.8980,0.7424,0.6226,"G Maior;B Menor;E Menor",,0.00,,0.00,70.00,70.00,0,1,"v2;w20;harm;aar;song60;far12;near45;tol0.8;floor0.25;drain0.5;bass0.25"
73653,1790784106687,D Maior,D Maior,0,D Maior,G Maior,0.8970,0.8970,0.7425,0.6182,"G Maior;B Menor;E Menor",,0.00,,0.00,70.45,70.45,0,1,"v2;w20;harm;aar;song60;far12;near45;tol0.8;floor0.25;drain0.5;bass0.25"
74210,1790784107187,D Maior,D Maior,0,D Maior,G Maior,0.8966,0.8966,0.7426,0.6163,"G Maior;B Menor;E Menor",,0.00,,0.00,71.03,71.03,0,1,"v2;w20;harm;aar;song60;far12;near45;tol0.8;floor0.25;drain0.5;bass0.25"
74675,1790784107687,D Maior,D Maior,0,D Maior,G Maior,0.8961,0.8961,0.7422,0.6154,"G Maior;B Menor;E Menor",,0.00,,0.00,71.47,71.47,0,1,"v2;w20;harm;aar;song60;far12;near45;tol0.8;floor0.25;drain0.5;bass0.25"
75232,1790784108187,D Maior,D Maior,0,D Maior,G Maior,0.8955,0.8955,0.7422,0.6131,"G Maior;B Menor;E Menor",,0.00,,0.00,72.03,72.03,0,1,"v2;w20;harm;aar;song60;far12;near45;tol0.8;floor0.25;drain0.5;bass0.25"
75697,1790784108687,D Maior,D Maior,0,D Maior,G Maior,0.8953,0.8953,0.7419,0.6138,"G Maior;B Menor;E Menor",,0.00,,0.00,72.52,72.52,0,1,"v2;w20;harm;aar;song60;far12;near45;tol0.8;floor0.25;drain0.5;bass0.25"
76161,1790784109187,D Maior,D Maior,0,D Maior,G Maior,0.8953,0.8953,0.7409,0.6178,"G Maior;B Menor;E Menor",,0.00,,0.00,72.97,72.97,0,1,"v2;w20;harm;aar;song60;far12;near45;tol0.8;floor0.25;drain0.5;bass0.25"
76718,1790784109687,D Maior,D Maior,0,D Maior,G Maior,0.8949,0.8949,0.7398,0.6206,"G Maior;B Menor;E Menor",,0.00,,0.00,73.53,73.53,0,1,"v2;w20;harm;aar;song60;far12;near45;tol0.8;floor0.25;drain0.5;bass0.25"
77183,1790784110187,D Maior,D Maior,0,D Maior,G Maior,0.8943,0.8943,0.7385,0.6232,"G Maior;B Menor;E Menor",,0.00,,0.00,73.99,73.99,0,1,"v2;w20;harm;aar;song60;far12;near45;tol0.8;floor0.25;drain0.5;bass0.25"
77740,1790784110687,D Maior,D Maior,0,D Maior,G Maior,0.8943,0.8943,0.7356,0.6345,"G Maior;B Menor;E Menor",,0.00,,0.00,74.53,74.53,0,1,"v2;w20;harm;aar;song60;far12;near45;tol0.8;floor0.25;drain0.5;bass0.25"
78204,1790784111188,D Maior,D Maior,0,D Maior,G Maior,0.8933,0.8933,0.7352,0.6325,"G Maior;B Menor;E Menor",,0.00,,0.00,75.01,75.01,0,1,"v2;w20;harm;aar;song60;far12;near45;tol0.8;floor0.25;drain0.5;bass0.25"
78669,1790784111685,D Maior,D Maior,0,D Maior,G Maior,0.8915,0.8915,0.7391,0.6098,"G Maior;B Menor;E Menor",,0.00,,0.00,75.47,75.47,0,1,"v2;w20;harm;aar;song60;far12;near45;tol0.8;floor0.25;drain0.5;bass0.25"
79226,1790784112188,D Maior,D Maior,0,D Maior,G Maior,0.8909,0.8909,0.7400,0.6036,"G Maior;B Menor;E Menor",,0.00,,0.00,76.01,76.01,0,1,"v2;w20;harm;aar;song60;far12;near45;tol0.8;floor0.25;drain0.5;bass0.25"
79690,1790784112687,D Maior,D Maior,0,D Maior,G Maior,0.8901,0.8901,0.7392,0.6036,"G Maior;B Menor;E Menor",,0.00,,0.00,76.49,76.49,0,1,"v2;w20;harm;aar;song60;far12;near45;tol0.8;floor0.25;drain0.5;bass0.25"
80155,1790784113187,D Maior,D Maior,0,D Maior,G Maior,0.8894,0.8894,0.7381,0.6053,"G Maior;B Menor;E Menor",,0.00,,0.00,76.95,76.95,0,1,"v2;w20;harm;aar;song60;far12;near45;tol0.8;floor0.25;drain0.5;bass0.25"
80712,1790784113687,D Maior,D Maior,0,D Maior,G Maior,0.8886,0.8886,0.7355,0.6124,"G Maior;B Menor;E Menor",,0.00,,0.00,77.53,77.53,0,1,"v2;w20;harm;aar;song60;far12;near45;tol0.8;floor0.25;drain0.5;bass0.25"
81176,1790784114187,D Maior,D Maior,0,D Maior,G Maior,0.8876,0.8876,0.7330,0.6187,"G Maior;B Menor;E Menor",,0.00,,0.00,77.97,77.97,0,1,"v2;w20;harm;aar;song60;far12;near45;tol0.8;floor0.25;drain0.5;bass0.25"
81734,1790784114687,D Maior,D Maior,0,D Maior,G Maior,0.8885,0.8885,0.7310,0.6300,"G Maior;B Menor;E Menor",,0.00,,0.00,78.53,78.53,0,1,"v2;w20;harm;aar;song60;far12;near45;tol0.8;floor0.25;drain0.5;bass0.25"
82198,1790784115187,D Maior,D Maior,0,D Maior,G Maior,0.8896,0.8896,0.7299,0.6389,"G Maior;B Menor;E Menor",,0.00,,0.00,79.01,79.01,0,1,"v2;w20;harm;aar;song60;far12;near45;tol0.8;floor0.25;drain0.5;bass0.25"
82663,1790784115687,D Maior,D Maior,0,D Maior,G Maior,0.8902,0.8902,0.7287,0.6458,"G Maior;B Menor;E Menor",,0.00,,0.00,79.47,79.47,0,1,"v2;w20;harm;aar;song60;far12;near45;tol0.8;floor0.25;drain0.5;bass0.25"
83220,1790784116187,D Maior,D Maior,0,D Maior,G Maior,0.8894,0.8894,0.7281,0.6453,"G Maior;B Menor;E Menor",,0.00,,0.00,80.03,80.03,0,1,"v2;w20;harm;aar;song60;far12;near45;tol0.8;floor0.25;drain0.5;bass0.25"
83684,1790784116687,D Maior,D Maior,0,D Maior,G Maior,0.8884,0.8884,0.7277,0.6429,"G Maior;B Menor;E Menor",,0.00,,0.00,80.49,80.49,0,1,"v2;w20;harm;aar;song60;far12;near45;tol0.8;floor0.25;drain0.5;bass0.25"
84241,1790784117189,D Maior,D Maior,0,D Maior,G Maior,0.8894,0.8894,0.7259,0.6541,"G Maior;B Menor;E Menor",,0.00,,0.00,81.03,81.03,0,1,"v2;w20;harm;aar;song60;far12;near45;tol0.8;floor0.25;drain0.5;bass0.25"
84706,1790784117687,D Maior,D Maior,0,D Maior,G Maior,0.8906,0.8906,0.7250,0.6627,"G Maior;B Menor;E Menor",,0.00,,0.00,81.51,81.51,0,1,"v2;w20;harm;aar;song60;far12;near45;tol0.8;floor0.25;drain0.5;bass0.25"
85170,1790784118187,D Maior,D Maior,0,D Maior,G Maior,0.8896,0.8896,0.7273,0.6492,"G Maior;B Menor;E Menor",,0.00,,0.00,81.97,81.97,0,1,"v2;w20;harm;aar;song60;far12;near45;tol0.8;floor0.25;drain0.5;bass0.25"
85728,1790784118687,D Maior,D Maior,0,D Maior,G Maior,0.8880,0.8880,0.7313,0.6268,"G Maior;B Menor;E Menor",,0.00,,0.00,82.53,82.53,0,1,"v2;w20;harm;aar;song60;far12;near45;tol0.8;floor0.25;drain0.5;bass0.25"
86192,1790784119187,D Maior,D Maior,0,D Maior,G Maior,0.8862,0.8862,0.7336,0.6107,"G Maior;B Menor;E Menor",,0.00,,0.00,82.99,82.99,0,1,"v2;w20;harm;aar;song60;far12;near45;tol0.8;floor0.25;drain0.5;bass0.25"
86656,1790784119687,D Maior,D Maior,0,D Maior,G Maior,0.8845,0.8845,0.7354,0.5963,"G Maior;B Menor;E Menor",,0.00,,0.00,83.45,83.45,0,1,"v2;w20;harm;aar;song60;far12;near45;tol0.8;floor0.25;drain0.5;bass0.25"
87214,1790784120188,D Maior,D Maior,0,D Maior,G Maior,0.8839,0.8839,0.7404,0.5741,"G Maior;B Menor;E Menor",,0.00,,0.00,84.03,84.03,0,1,"v2;w20;harm;aar;song60;far12;near45;tol0.8;floor0.25;drain0.5;bass0.25"
87678,1790784120687,D Maior,D Maior,0,D Maior,G Maior,0.8830,0.8830,0.7438,0.5569,"G Maior;B Menor;E Menor",,0.00,,0.00,84.47,84.47,0,1,"v2;w20;harm;aar;song60;far12;near45;tol0.8;floor0.25;drain0.5;bass0.25"
88142,1790784121187,D Maior,D Maior,0,D Maior,G Maior,0.8829,0.8829,0.7443,0.5543,"G Maior;B Menor;E Menor",,0.00,,0.00,84.93,84.93,0,1,"v2;w20;harm;aar;song60;far12;near45;tol0.8;floor0.25;drain0.5;bass0.25"
88700,1790784121685,D Maior,D Maior,0,D Maior,G Maior,0.8833,0.8833,0.7460,0.5494,"G Maior;E Menor;B Menor",,0.00,,0.00,85.51,85.51,0,1,"v2;w20;harm;aar;song60;far12;near45;tol0.8;floor0.25;drain0.5;bass0.25"
89164,1790784122187,D Maior,D Maior,0,D Maior,G Maior,0.8830,0.8830,0.7460,0.5480,"G Maior;B Menor;E Menor",,0.00,,0.00,85.97,85.97,0,1,"v2;w20;harm;aar;song60;far12;near45;tol0.8;floor0.25;drain0.5;bass0.25"
89721,1790784122688,D Maior,D Maior,0,D Maior,G Maior,0.8815,0.8815,0.7466,0.5393,"G Maior;B Menor;E Menor",,0.00,,0.00,86.53,86.53,0,1,"v2;w20;harm;aar;song60;far12;near45;tol0.8;floor0.25;drain0.5;bass0.25"
90186,1790784123185,D Maior,D Maior,0,D Maior,G Maior,0.8808,0.8808,0.7457,0.5406,"G Maior;B Menor;E Menor",,0.00,,0.00,86.99,86.99,0,1,"v2;w20;harm;aar;song60;far12;near45;tol0.8;floor0.25;drain0.5;bass0.25"
90743,1790784123689,D Maior,D Maior,0,D Maior,G Maior,0.8801,0.8801,0.7486,0.5258,"G Maior;B Menor;E Menor",,0.00,,0.00,87.53,87.53,0,1,"v2;w20;harm;aar;song60;far12;near45;tol0.8;floor0.25;drain0.5;bass0.25"
91207,1790784124188,D Maior,D Maior,0,D Maior,G Maior,0.8798,0.8798,0.7494,0.5214,"G Maior;B Menor;E Menor",,0.00,,0.00,88.01,88.01,0,1,"v2;w20;harm;aar;song60;far12;near45;tol0.8;floor0.25;drain0.5;bass0.25"
91672,1790784124687,D Maior,D Maior,0,D Maior,G Maior,0.8800,0.8800,0.7483,0.5268,"G Maior;B Menor;E Menor",,0.00,,0.00,88.47,88.47,0,1,"v2;w20;harm;aar;song60;far12;near45;tol0.8;floor0.25;drain0.5;bass0.25"
92229,1790784125187,D Maior,D Maior,0,D Maior,G Maior,0.8798,0.8798,0.7482,0.5265,"G Maior;B Menor;E Menor",,0.00,,0.00,89.03,89.03,0,1,"v2;w20;harm;aar;song60;far12;near45;tol0.8;floor0.25;drain0.5;bass0.25"
92694,1790784125687,D Maior,D Maior,0,D Maior,G Maior,0.8794,0.8794,0.7482,0.5248,"G Maior;B Menor;E Menor",,0.00,,0.00,89.49,89.49,0,1,"v2;w20;harm;aar;song60;far12;near45;tol0.8;floor0.25;drain0.5;bass0.25"
93158,1790784126187,D Maior,D Maior,0,D Maior,G Maior,0.8779,0.8779,0.7483,0.5185,"G Maior;B Menor;E Menor",,0.00,,0.00,89.95,89.95,0,1,"v2;w20;harm;aar;song60;far12;near45;tol0.8;floor0.25;drain0.5;bass0.25"
93715,1790784126687,D Maior,D Maior,0,D Maior,G Maior,0.8769,0.8769,0.7478,0.5164,"G Maior;B Menor;E Menor",,0.00,,0.00,90.53,90.53,0,1,"v2;w20;harm;aar;song60;far12;near45;tol0.8;floor0.25;drain0.5;bass0.25"
94180,1790784127187,D Maior,D Maior,0,D Maior,G Maior,0.8766,0.8766,0.7483,0.5132,"G Maior;B Menor;E Menor",,0.00,,0.00,90.97,90.97,0,1,"v2;w20;harm;aar;song60;far12;near45;tol0.8;floor0.25;drain0.5;bass0.25"
94644,1790784127688,D Maior,D Maior,0,D Maior,G Maior,0.8763,0.8763,0.7498,0.5059,"G Maior;B Menor;E Menor",,0.00,,0.00,91.45,91.45,0,1,"v2;w20;harm;aar;song60;far12;near45;tol0.8;floor0.25;drain0.5;bass0.25"
95201,1790784128186,D Maior,D Maior,0,D Maior,G Maior,0.8770,0.8770,0.7475,0.5179,"G Maior;B Menor;E Menor",,0.00,,0.00,92.01,92.01,0,1,"v2;w20;harm;aar;song60;far12;near45;tol0.8;floor0.25;drain0.5;bass0.25"
95666,1790784128687,D Maior,D Maior,0,D Maior,G Maior,0.8758,0.8758,0.7466,0.5165,"G Maior;B Menor;E Menor",,0.00,,0.00,92.47,92.47,0,1,"v2;w20;harm;aar;song60;far12;near45;tol0.8;floor0.25;drain0.5;bass0.25"
96223,1790784129187,D Maior,D Maior,0,D Maior,G Maior,0.8752,0.8752,0.7468,0.5138,"G Maior;B Menor;E Menor",,0.00,,0.00,93.03,93.03,0,1,"v2;w20;harm;aar;song60;far12;near45;tol0.8;floor0.25;drain0.5;bass0.25"
96687,1790784129687,D Maior,D Maior,0,D Maior,G Maior,0.8761,0.8761,0.7466,0.5177,"G Maior;B Menor;E Menor",,0.00,,0.00,93.49,93.49,0,1,"v2;w20;harm;aar;song60;far12;near45;tol0.8;floor0.25;drain0.5;bass0.25"
97152,1790784130187,D Maior,D Maior,0,D Maior,G Maior,0.8771,0.8771,0.7465,0.5225,"G Maior;B Menor;E Menor",,0.00,,0.00,93.95,93.95,0,1,"v2;w20;harm;aar;song60;far12;near45;tol0.8;floor0.25;drain0.5;bass0.25"
97709,1790784130687,D Maior,D Maior,0,D Maior,G Maior,0.8772,0.8772,0.7477,0.5181,"G Maior;B Menor;E Menor",,0.00,,0.00,94.51,94.51,0,1,"v2;w20;harm;aar;song60;far12;near45;tol0.8;floor0.25;drain0.5;bass0.25"
98173,1790784131187,D Maior,D Maior,0,D Maior,G Maior,0.8771,0.8771,0.7505,0.5067,"G Maior;B Menor;E Menor",,0.00,,0.00,94.97,94.97,0,1,"v2;w20;harm;aar;song60;far12;near45;tol0.8;floor0.25;drain0.5;bass0.25"
98731,1790784131687,D Maior,D Maior,0,D Maior,G Maior,0.8786,0.8786,0.7489,0.5186,"G Maior;B Menor;E Menor",,0.00,,0.00,95.53,95.53,0,1,"v2;w20;harm;aar;song60;far12;near45;tol0.8;floor0.25;drain0.5;bass0.25"
99195,1790784132187,D Maior,D Maior,0,D Maior,G Maior,0.8799,0.8799,0.7475,0.5293,"G Maior;B Menor;E Menor",,0.00,,0.00,95.99,95.99,0,1,"v2;w20;harm;aar;song60;far12;near45;tol0.8;floor0.25;drain0.5;bass0.25"
99660,1790784132688,D Maior,D Maior,0,D Maior,G Maior,0.8811,0.8811,0.7472,0.5356,"G Maior;B Menor;E Menor",,0.00,,0.00,96.45,96.45,0,1,"v2;w20;harm;aar;song60;far12;near45;tol0.8;floor0.25;drain0.5;bass0.25"
100217,1790784133187,D Maior,D Maior,0,D Maior,G Maior,0.8798,0.8798,0.7469,0.5316,"G Maior;B Menor;E Menor",,0.00,,0.00,97.03,97.03,0,1,"v2;w20;harm;aar;song60;far12;near45;tol0.8;floor0.25;drain0.5;bass0.25"
100681,1790784133687,D Maior,D Maior,0,D Maior,G Maior,0.8789,0.8789,0.7462,0.5307,"G Maior;B Menor;E Menor",,0.00,,0.00,97.47,97.47,0,1,"v2;w20;harm;aar;song60;far12;near45;tol0.8;floor0.25;drain0.5;bass0.25"
101146,1790784134187,D Maior,D Maior,0,D Maior,G Maior,0.8783,0.8783,0.7464,0.5277,"G Maior;B Menor;E Menor",,0.00,,0.00,97.95,97.95,0,1,"v2;w20;harm;aar;song60;far12;near45;tol0.8;floor0.25;drain0.5;bass0.25"
101703,1790784134687,D Maior,D Maior,0,D Maior,G Maior,0.8780,0.8780,0.7507,0.5092,"G Maior;B Menor;E Menor",,0.00,,0.00,98.51,98.51,0,1,"v2;w20;harm;aar;song60;far12;near45;tol0.8;floor0.25;drain0.5;bass0.25"
102167,1790784135187,D Maior,D Maior,0,D Maior,G Maior,0.8787,0.8787,0.7486,0.5206,"G Maior;B Menor;E Menor",,0.00,,0.00,98.97,98.97,0,1,"v2;w20;harm;aar;song60;far12;near45;tol0.8;floor0.25;drain0.5;bass0.25"
102725,1790784135687,D Maior,D Maior,0,D Maior,G Maior,0.8804,0.8804,0.7471,0.5332,"G Maior;B Menor;E Menor",,0.00,,0.00,99.53,99.53,0,1,"v2;w20;harm;aar;song60;far12;near45;tol0.8;floor0.25;drain0.5;bass0.25"
103189,1790784136187,D Maior,D Maior,0,D Maior,G Maior,0.8807,0.8807,0.7486,0.5287,"G Maior;B Menor;E Menor",,0.00,,0.00,99.99,99.99,0,1,"v2;w20;harm;aar;song60;far12;near45;tol0.8;floor0.25;drain0.5;bass0.25"
103653,1790784136687,D Maior,D Maior,0,D Maior,G Maior,0.8799,0.8799,0.7517,0.5128,"G Maior;B Menor;E Menor",,0.00,,0.00,100.48,100.48,0,1,"v2;w20;harm;aar;song60;far12;near45;tol0.8;floor0.25;drain0.5;bass0.25"
104211,1790784137189,D Maior,D Maior,0,D Maior,G Maior,0.8788,0.8788,0.7538,0.4998,"G Maior;B Menor;E Menor",,0.00,,0.00,101.01,101.01,0,1,"v2;w20;harm;aar;song60;far12;near45;tol0.8;floor0.25;drain0.5;bass0.25"
104675,1790784137687,D Maior,D Maior,0,D Maior,G Maior,0.8783,0.8783,0.7556,0.4910,"G Maior;B Menor;E Menor",,0.00,,0.00,101.47,101.47,0,1,"v2;w20;harm;aar;song60;far12;near45;tol0.8;floor0.25;drain0.5;bass0.25"
105232,1790784138188,D Maior,D Maior,0,D Maior,G Maior,0.8777,0.8777,0.7595,0.4729,"G Maior;E Menor;B Menor",,0.00,,0.00,102.03,102.03,0,1,"v2;w20;harm;aar;song60;far12;near45;tol0.8;floor0.25;drain0.5;bass0.25"
105697,1790784138686,D Maior,D Maior,0,D Maior,G Maior,0.8779,0.8779,0.7590,0.4757,"G Maior;E Menor;B Menor",,0.00,,0.00,102.49,102.49,0,1,"v2;w20;harm;aar;song60;far12;near45;tol0.8;floor0.25;drain0.5;bass0.25"
106161,1790784139187,D Maior,D Maior,0,D Maior,G Maior,0.8779,0.8779,0.7594,0.4741,"G Maior;E Menor;B Menor",,0.00,,0.00,102.97,102.97,0,1,"v2;w20;harm;aar;song60;far12;near45;tol0.8;floor0.25;drain0.5;bass0.25"
106718,1790784139687,D Maior,D Maior,0,D Maior,G Maior,0.8786,0.8786,0.7618,0.4672,"G Maior;E Menor;B Menor",,0.00,,0.00,103.53,103.53,0,1,"v2;w20;harm;aar;song60;far12;near45;tol0.8;floor0.25;drain0.5;bass0.25"
107183,1790784140187,D Maior,D Maior,0,D Maior,G Maior,0.8773,0.8773,0.7625,0.4594,"G Maior;E Menor;B Menor",,0.00,,0.00,103.97,103.97,0,1,"v2;w20;harm;aar;song60;far12;near45;tol0.8;floor0.25;drain0.5;bass0.25"
107647,1790784140687,D Maior,D Maior,0,D Maior,G Maior,0.8764,0.8764,0.7626,0.4553,"G Maior;E Menor;B Menor",,0.00,,0.00,104.45,104.45,0,1,"v2;w20;harm;aar;song60;far12;near45;tol0.8;floor0.25;drain0.5;bass0.25"
108204,1790784141187,D Maior,D Maior,0,D Maior,G Maior,0.8757,0.8757,0.7617,0.4559,"G Maior;E Menor;B Menor",,0.00,,0.00,105.01,105.01,0,1,"v2;w20;harm;aar;song60;far12;near45;tol0.8;floor0.25;drain0.5;bass0.25"
108669,1790784141687,D Maior,D Maior,0,D Maior,G Maior,0.8752,0.8752,0.7643,0.4436,"G Maior;E Menor;B Menor",,0.00,,0.00,105.47,105.47,0,1,"v2;w20;harm;aar;song60;far12;near45;tol0.8;floor0.25;drain0.5;bass0.25"
109226,1790784142188,D Maior,D Maior,0,D Maior,G Maior,0.8753,0.8753,0.7623,0.4521,"G Maior;E Menor;B Menor",,0.00,,0.00,106.03,106.03,0,1,"v2;w20;harm;aar;song60;far12;near45;tol0.8;floor0.25;drain0.5;bass0.25"
109691,1790784142687,D Maior,D Maior,0,D Maior,G Maior,0.8758,0.8758,0.7606,0.4607,"G Maior;E Menor;B Menor",,0.00,,0.00,106.49,106.49,0,1,"v2;w20;harm;aar;song60;far12;near45;tol0.8;floor0.25;drain0.5;bass0.25"
110155,1790784143187,D Maior,D Maior,0,D Maior,G Maior,0.8757,0.8757,0.7602,0.4621,"G Maior;E Menor;B Menor",,0.00,,0.00,106.97,106.97,0,1,"v2;w20;harm;aar;song60;far12;near45;tol0.8;floor0.25;drain0.5;bass0.25"
110712,1790784143688,D Maior,D Maior,0,D Maior,G Maior,0.8777,0.8777,0.7602,0.4699,"G Maior;E Menor;B Menor",,0.00,,0.00,107.51,107.51,0,1,"v2;w20;harm;aar;song60;far12;near45;tol0.8;floor0.25;drain0.5;bass0.25"
111177,1790784144187,D Maior,D Maior,0,D Maior,G Maior,0.8787,0.8787,0.7603,0.4736,"G Maior;E Menor;B Menor",,0.00,,0.00,107.97,107.97,0,1,"v2;w20;harm;aar;song60;far12;near45;tol0.8;floor0.25;drain0.5;bass0.25"
111734,1790784144687,D Maior,D Maior,0,D Maior,G Maior,0.8789,0.8789,0.7612,0.4707,"G Maior;E Menor;B Menor",,0.00,,0.00,108.53,108.53,0,1,"v2;w20;harm;aar;song60;far12;near45;tol0.8;floor0.25;drain0.5;bass0.25"
112198,1790784145188,D Maior,D Maior,0,D Maior,G Maior,0.8780,0.8780,0.7662,0.4473,"G Maior;E Menor;B Menor",,0.00,,0.00,108.99,108.99,0,1,"v2;w20;harm;aar;song60;far12;near45;tol0.8;floor0.25;drain0.5;bass0.25"
112663,1790784145686,D Maior,D Maior,0,D Maior,G Maior,0.8778,0.8778,0.7654,0.4495,"G Maior;E Menor;B Menor",,0.00,,0.00,109.47,109.47,0,1,"v2;w20;harm;aar;song60;far12;near45;tol0.8;floor0.25;drain0.5;bass0.25"
113220,1790784146188,D Maior,D Maior,0,D Maior,G Maior,0.8770,0.8770,0.7625,0.4579,"G Maior;E Menor;B Menor",,0.00,,0.00,110.03,110.03,0,1,"v2;w20;harm;aar;song60;far12;near45;tol0.8;floor0.25;drain0.5;bass0.25"
113684,1790784146687,D Maior,D Maior,0,D Maior,G Maior,0.8760,0.8760,0.7643,0.4464,"G Maior;E Menor;B Menor",,0.00,,0.00,110.47,110.47,0,1,"v2;w20;harm;aar;song60;far12;near45;tol0.8;floor0.25;drain0.5;bass0.25"
114149,1790784147187,D Maior,D Maior,0,D Maior,G Maior,0.8754,0.8754,0.7647,0.4428,"G Maior;E Menor;B Menor",,0.00,,0.00,110.95,110.95,0,1,"v2;w20;harm;aar;song60;far12;near45;tol0.8;floor0.25;drain0.5;bass0.25"
114706,1790784147687,D Maior,D Maior,0,D Maior,G Maior,0.8743,0.8743,0.7639,0.4418,"G Maior;E Menor;B Menor",,0.00,,0.00,111.51,111.51,0,1,"v2;w20;harm;aar;song60;far12;near45;tol0.8;floor0.25;drain0.5;bass0.25"
115170,1790784148187,D Maior,D Maior,0,D Maior,G Maior,0.8733,0.8733,0.7631,0.4407,"G Maior;E Menor;B Menor",,0.00,,0.00,111.99,111.99,0,1,"v2;w20;harm;aar;song60;far12;near45;tol0.8;floor0.25;drain0.5;bass0.25"
115728,1790784148688,D Maior,D Maior,0,D Maior,G Maior,0.8717,0.8717,0.7662,0.4220,"G Maior;E Menor;B Menor",,0.00,,0.00,112.53,112.53,0,1,"v2;w20;harm;aar;song60;far12;near45;tol0.8;floor0.25;drain0.5;bass0.25"
116192,1790784149187,D Maior,D Maior,0,D Maior,G Maior,0.8700,0.8700,0.7651,0.4197,"G Maior;E Menor;B Menor",,0.00,,0.00,112.99,112.99,0,1,"v2;w20;harm;aar;song60;far12;near45;tol0.8;floor0.25;drain0.5;bass0.25"
116657,1790784149687,D Maior,D Maior,0,D Maior,G Maior,0.8685,0.8685,0.7616,0.4276,"G Maior;E Menor;B Menor",,0.00,,0.00,113.47,113.47,0,1,"v2;w20;harm;aar;song60;far12;near45;tol0.8;floor0.25;drain0.5;bass0.25"
117214,1790784150188,D Maior,D Maior,0,D Maior,G Maior,0.8667,0.8667,0.7618,0.4195,"G Maior;E Menor;B Menor",,0.00,,0.00,114.01,114.01,0,1,"v2;w20;harm;aar;song60;far12;near45;tol0.8;floor0.25;drain0.5;bass0.25"
117678,1790784150687,D Maior,D Maior,0,D Maior,G Maior,0.8654,0.8654,0.7638,0.4066,"G Maior;E Menor;B Menor",,0.00,,0.00,114.49,114.49,0,1,"v2;w20;harm;aar;song60;far12;near45;tol0.8;floor0.25;drain0.5;bass0.25"
118236,1790784151189,D Maior,D Maior,0,D Maior,G Maior,0.8642,0.8642,0.7649,0.3972,"G Maior;E Menor;B Menor",,0.00,,0.00,115.03,115.03,0,1,"v2;w20;harm;aar;song60;far12;near45;tol0.8;floor0.25;drain0.5;bass0.25"
118700,1790784151687,D Maior,D Maior,0,D Maior,G Maior,0.8627,0.8627,0.7670,0.3827,"G Maior;E Menor;B Menor",,0.00,,0.00,115.49,115.49,0,1,"v2;w20;harm;aar;song60;far12;near45;tol0.8;floor0.25;drain0.5;bass0.25"
119164,1790784152187,D Maior,D Maior,0,D Maior,G Maior,0.8614,0.8614,0.7719,0.3577,"G Maior;E Menor;B Menor",,0.00,,0.00,115.97,115.97,0,1,"v2;w20;harm;aar;song60;far12;near45;tol0.8;floor0.25;drain0.5;bass0.25"
119722,1790784152687,D Maior,D Maior,0,D Maior,G Maior,0.8588,0.8588,0.7751,0.3347,"G Maior;E Menor;B Menor",,0.00,,0.00,116.53,116.53,0,1,"v2;w20;harm;aar;song60;far12;near45;tol0.8;floor0.25;drain0.5;bass0.25"
120186,1790784153188,D Maior,D Maior,0,D Maior,G Maior,0.8571,0.8571,0.7742,0.3316,"G Maior;E Menor;B Menor",,0.00,,0.00,116.97,116.97,0,1,"v2;w20;harm;aar;song60;far12;near45;tol0.8;floor0.25;drain0.5;bass0.25"
120650,1790784153687,D Maior,D Maior,0,D Maior,G Maior,0.8555,0.8555,0.7760,0.3180,"G Maior;E Menor;B Menor",,0.00,,0.00,117.45,117.45,0,1,"v2;w20;harm;aar;song60;far12;near45;tol0.8;floor0.25;drain0.5;bass0.25"
121208,1790784154187,D Maior,D Maior,0,D Maior,G Maior,0.8543,0.8543,0.7762,0.3125,"G Maior;E Menor;B Menor",,0.00,,0.00,118.01,118.01,0,1,"v2;w20;harm;aar;song60;far12;near45;tol0.8;floor0.25;drain0.5;bass0.25"
121672,1790784154687,D Maior,D Maior,0,D Maior,G Maior,0.8538,0.8538,0.7749,0.3156,"G Maior;E Menor;B Menor",,0.00,,0.00,118.49,118.49,0,1,"v2;w20;harm;aar;song60;far12;near45;tol0.8;floor0.25;drain0.5;bass0.25"
122229,1790784155187,D Maior,D Maior,0,D Maior,G Maior,0.8527,0.8527,0.7732,0.3179,"G Maior;E Menor;B Menor",,0.00,,0.00,119.03,119.03,0,1,"v2;w20;harm;aar;song60;far12;near45;tol0.8;floor0.25;drain0.5;bass0.25"
122694,1790784155687,D Maior,D Maior,0,D Maior,G Maior,0.8515,0.8515,0.7759,0.3024,"G Maior;E Menor;B Menor",,0.00,,0.00,119.49,119.49,0,1,"v2;w20;harm;aar;song60;far12;near45;tol0.8;floor0.25;drain0.5;bass0.25"
123158,1790784156187,D Maior,D Maior,0,D Maior,G Maior,0.8491,0.8491,0.7765,0.2905,"G Maior;E Menor;B Menor",,0.00,,0.00,119.97,119.97,0,1,"v2;w20;harm;aar;song60;far12;near45;tol0.8;floor0.25;drain0.5;bass0.25"
123715,1790784156687,D Maior,D Maior,0,D Maior,G Maior,0.8472,0.8472,0.7726,0.2984,"G Maior;E Menor;B Menor",,0.00,,0.00,120.51,120.51,0,1,"v2;w20;harm;aar;song60;far12;near45;tol0.8;floor0.25;drain0.5;bass0.25"
124180,1790784157187,D Maior,D Maior,0,D Maior,G Maior,0.8460,0.8460,0.7709,0.3002,"G Maior;E Menor;B Menor",,0.00,,0.00,120.99,120.99,0,1,"v2;w20;harm;aar;song60;far12;near45;tol0.8;floor0.25;drain0.5;bass0.25"
124737,1790784157688,D Maior,D Maior,0,D Maior,G Maior,0.8454,0.8454,0.7698,0.3025,"G Maior;E Menor;B Menor",,0.00,,0.00,121.53,121.53,0,1,"v2;w20;harm;aar;song60;far12;near45;tol0.8;floor0.25;drain0.5;bass0.25"
125201,1790784158187,D Maior,D Maior,0,D Maior,G Maior,0.8451,0.8451,0.7693,0.3033,"G Maior;E Menor;B Menor",,0.00,,0.00,121.99,121.99,0,1,"v2;w20;harm;aar;song60;far12;near45;tol0.8;floor0.25;drain0.5;bass0.25"
125666,1790784158687,D Maior,D Maior,0,D Maior,G Maior,0.8456,0.8456,0.7685,0.3084,"G Maior;E Menor;B Menor",,0.00,,0.00,122.47,122.47,0,1,"v2;w20;harm;aar;song60;far12;near45;tol0.8;floor0.25;drain0.5;bass0.25"
126223,1790784159187,D Maior,D Maior,0,D Maior,G Maior,0.8450,0.8450,0.7724,0.2903,"G Maior;E Menor;B Menor",,0.00,,0.00,123.03,123.03,0,1,"v2;w20;harm;aar;song60;far12;near45;tol0.8;floor0.25;drain0.5;bass0.25"
126688,1790784159687,D Maior,D Maior,0,D Maior,G Maior,0.8440,0.8440,0.7722,0.2872,"G Maior;E Menor;B Menor",,0.00,,0.00,123.49,123.49,0,1,"v2;w20;harm;aar;song60;far12;near45;tol0.8;floor0.25;drain0.5;bass0.25"
127152,1790784160186,D Maior,D Maior,0,D Maior,G Maior,0.8429,0.8429,0.7684,0.2978,"G Maior;E Menor;B Menor",,0.00,,0.00,123.94,123.94,0,1,"v2;w20;harm;aar;song60;far12;near45;tol0.8;floor0.25;drain0.5;bass0.25"
127709,1790784160685,D Maior,D Maior,0,D Maior,G Maior,0.8420,0.8420,0.7674,0.2981,"G Maior;E Menor;B Menor",,0.00,,0.00,124.51,124.51,0,1,"v2;w20;harm;aar;song60;far12;near45;tol0.8;floor0.25;drain0.5;bass0.25"
128174,1790784161185,D Maior,D Maior,0,D Maior,G Maior,0.8408,0.8408,0.7674,0.2934,"G Maior;E Menor;B Menor",,0.00,,0.00,124.99,124.99,0,1,"v2;w20;harm;aar;song60;far12;near45;tol0.8;floor0.25;drain0.5;bass0.25"
128731,1790784161687,D Maior,D Maior,0,D Maior,G Maior,0.8394,0.8394,0.7666,0.2914,"G Maior;E Menor;B Menor",,0.00,,0.00,125.53,125.53,0,1,"v2;w20;harm;aar;song60;far12;near45;tol0.8;floor0.25;drain0.5;bass0.25"
129195,1790784162185,D Maior,D Maior,0,D Maior,G Maior,0.8381,0.8381,0.7664,0.2867,"G Maior;E Menor;B Menor",,0.00,,0.00,126.01,126.01,0,1,"v2;w20;harm;aar;song60;far12;near45;tol0.8;floor0.25;drain0.5;bass0.25"
129660,1790784162691,D Maior,D Maior,0,D Maior,G Maior,0.8367,0.8367,0.7671,0.2785,"G Maior;E Menor;B Menor",,0.00,,0.00,126.47,126.47,0,1,"v2;w20;harm;aar;song60;far12;near45;tol0.8;floor0.25;drain0.5;bass0.25"
130217,1790784163187,D Maior,D Maior,0,D Maior,G Maior,0.8344,0.8344,0.7677,0.2669,"G Maior;E Menor;B Menor",,0.00,,0.00,127.01,127.01,0,1,"v2;w20;harm;aar;song60;far12;near45;tol0.8;floor0.25;drain0.5;bass0.25"
130681,1790784163686,D Maior,D Maior,0,D Maior,G Maior,0.8328,0.8328,0.7647,0.2721,"G Maior;E Menor;B Menor",,0.00,,0.00,127.49,127.49,0,1,"v2;w20;harm;aar;song60;far12;near45;tol0.8;floor0.25;drain0.5;bass0.25"
131239,1790784164185,D Maior,D Maior,0,D Maior,G Maior,0.8315,0.8315,0.7645,0.2681,"G Maior;E Menor;B Menor",,0.00,,0.00,128.03,128.03,0,1,"v2;w20;harm;aar;song60;far12;near45;tol0.8;floor0.25;drain0.5;bass0.25"
131703,1790784164687,D Maior,D Maior,0,D Maior,G Maior,0.8295,0.8295,0.7660,0.2542,"G Maior;E Menor;B Menor",,0.00,,0.00,128.49,128.49,0,1,"v2;w20;harm;aar;song60;far12;near45;tol0.8;floor0.25;drain0.5;bass0.25"
132167,1790784165185,D Maior,D Maior,0,D Maior,G Maior,0.8286,0.8286,0.7673,0.2453,"G Maior;E Menor;B Menor",,0.00,,0.00,128.97,128.97,0,1,"v2;w20;harm;aar;song60;far12;near45;tol0.8;floor0.25;drain0.5;bass0.25"
132725,1790784165686,D Maior,D Maior,0,D Maior,G Maior,0.8272,0.8272,0.7698,0.2294,"G Maior;E Menor;B Menor",,0.00,,0.00,129.52,129.52,0,1,"v2;w20;harm;aar;song60;far12;near45;tol0.8;floor0.25;drain0.5;bass0.25"
133189,1790784166186,D Maior,D Maior,0,D Maior,G Maior,0.8255,0.8255,0.7725,0.2122,"G Maior;E Menor;B Menor",,0.00,,0.00,129.99,129.99,0,1,"v2;w20;harm;aar;song60;far12;near45;tol0.8;floor0.25;drain0.5;bass0.25"
133654,1790784166688,D Maior,D Maior,0,D Maior,G Maior,0.8232,0.8232,0.7758,0.1895,"G Maior;E Menor;B Menor",,0.00,,0.00,130.45,130.45,0,1,"v2;w20;harm;aar;song60;far12;near45;tol0.8;floor0.25;drain0.5;bass0.25"
134211,1790784167188,D Maior,D Maior,0,D Maior,G Maior,0.8196,0.8196,0.7736,0.1843,"G Maior;E Menor;B Menor",,0.00,,0.00,131.01,131.01,0,1,"v2;w20;harm;aar;song60;far12;near45;tol0.8;floor0.25;drain0.5;bass0.25"
134675,1790784167685,D Maior,D Maior,0,D Maior,G Maior,0.8175,0.8175,0.7743,0.1726,"G Maior;E Menor;B Menor",,0.00,,0.00,131.49,131.49,0,1,"v2;w20;harm;aar;song60;far12;near45;tol0.8;floor0.25;drain0.5;bass0.25"
135233,1790784168187,D Maior,G Maior,0,D Maior,G Maior,0.8148,0.8148,0.7764,0.1535,"G Maior;E Menor;B Menor",,0.00,,0.50,132.03,132.03,0,1,"v2;w20;harm;aar;song60;far12;near45;tol0.8;floor0.25;drain0.5;bass0.25"
135697,1790784168686,D Maior,G Maior,0,D Maior,G Maior,0.8136,0.8136,0.7749,0.1546,"G Maior;E Menor;B Menor",,0.00,,1.00,132.51,132.51,0,1,"v2;w20;harm;aar;song60;far12;near45;tol0.8;floor0.25;drain0.5;bass0.25"
136161,1790784169188,D Maior,G Maior,0,D Maior,G Maior,0.8144,0.8144,0.7728,0.1661,"G Maior;E Menor;B Menor",,0.00,,1.50,132.97,132.97,0,1,"v2;w20;harm;aar;song60;far12;near45;tol0.8;floor0.25;drain0.5;bass0.25"
136719,1790784169689,D Maior,G Maior,0,D Maior,G Maior,0.8137,0.8137,0.7701,0.1742,"G Maior;E Menor;B Menor",,0.00,,2.00,133.51,133.51,0,1,"v2;w20;harm;aar;song60;far12;near45;tol0.8;floor0.25;drain0.5;bass0.25"
137183,1790784170187,D Maior,G Maior,0,D Maior,G Maior,0.8119,0.8119,0.7709,0.1640,"G Maior;E Menor;B Menor",,0.00,,2.50,133.99,133.99,0,1,"v2;w20;harm;aar;song60;far12;near45;tol0.8;floor0.25;drain0.5;bass0.25"
137740,1790784170685,D Maior,G Maior,0,D Maior,G Maior,0.8122,0.8122,0.7703,0.1674,"G Maior;E Menor;B Menor",,0.00,,3.00,134.53,134.53,0,1,"v2;w20;harm;aar;song60;far12;near45;tol0.8;floor0.25;drain0.5;bass0.25"
138205,1790784171187,D Maior,G Maior,0,D Maior,G Maior,0.8127,0.8127,0.7699,0.1710,"G Maior;E Menor;B Menor",,0.00,,3.50,135.01,135.01,0,1,"v2;w20;harm;aar;song60;far12;near45;tol0.8;floor0.25;drain0.5;bass0.25"
138669,1790784171688,D Maior,G Maior,0,D Maior,G Maior,0.8132,0.8132,0.7695,0.1751,"G Maior;E Menor;B Menor",,0.00,,4.00,135.47,135.47,0,1,"v2;w20;harm;aar;song60;far12;near45;tol0.8;floor0.25;drain0.5;bass0.25"
139226,1790784172188,D Maior,G Maior,0,D Maior,G Maior,0.8147,0.8147,0.7693,0.1819,"G Maior;E Menor;B Menor",,0.00,,4.50,136.03,136.03,0,1,"v2;w20;harm;aar;song60;far12;near45;tol0.8;floor0.25;drain0.5;bass0.25"
139691,1790784172688,D Maior,G Maior,1,D Maior,G Maior,0.8154,0.8154,0.7691,0.1855,"G Maior;E Menor;B Menor",,0.00,,4.25,136.49,136.49,0,1,"v2;w20;harm;aar;song60;far12;near45;tol0.8;floor0.25;drain0.5;bass0.25"
140155,1790784173188,D Maior,G Maior,1,D Maior,G Maior,0.8168,0.8168,0.7685,0.1934,"G Maior;E Menor;B Menor",,0.00,,4.00,136.95,136.95,0,1,"v2;w20;harm;aar;song60;far12;near45;tol0.8;floor0.25;drain0.5;bass0.25"
140712,1790784173688,D Maior,G Maior,1,D Maior,G Maior,0.8181,0.8181,0.7671,0.2042,"G Maior;E Menor;B Menor",,0.00,,3.75,137.53,137.53,0,1,"v2;w20;harm;aar;song60;far12;near45;tol0.8;floor0.25;drain0.5;bass0.25"
141177,1790784174189,D Maior,G Maior,1,D Maior,G Maior,0.8189,0.8189,0.7659,0.2119,"G Maior;E Menor;B Menor",,0.00,,3.50,137.99,137.99,0,1,"v2;w20;harm;aar;song60;far12;near45;tol0.8;floor0.25;drain0.5;bass0.25"
141734,1790784174688,D Maior,G Maior,1,D Maior,G Maior,0.8192,0.8192,0.7641,0.2205,"G Maior;E Menor;B Menor",,0.00,,3.25,138.53,138.53,0,1,"v2;w20;harm;aar;song60;far12;near45;tol0.8;floor0.25;drain0.5;bass0.25"
142199,1790784175186,D Maior,G Maior,1,D Maior,G Maior,0.8207,0.8207,0.7618,0.2356,"G Maior;E Menor;B Menor",,0.00,,3.00,139.01,139.01,0,1,"v2;w20;harm;aar;song60;far12;near45;tol0.8;floor0.25;drain0.5;bass0.25"
142663,1790784175688,D Maior,G Maior,1,D Maior,G Maior,0.8203,0.8203,0.7599,0.2418,"G Maior;E Menor;B Menor",,0.00,,2.75,139.47,139.47,0,1,"v2;w20;harm;aar;song60;far12;near45;tol0.8;floor0.25;drain0.5;bass0.25"
143220,1790784176189,D Maior,G Maior,1,D Maior,G Maior,0.8186,0.8186,0.7602,0.2337,"G Maior;E Menor;B Menor",,0.00,,2.50,140.01,140.01,0,1,"v2;w20;harm;aar;song60;far12;near45;tol0.8;floor0.25;drain0.5;bass0.25"
143685,1790784176686,D Maior,G Maior,1,D Maior,G Maior,0.8183,0.8183,0.7593,0.2361,"G Maior;E Menor;B Menor",,0.00,,2.25,140.49,140.49,0,1,"v2;w20;harm;aar;song60;far12;near45;tol0.8;floor0.25;drain0.5;bass0.25"
144242,1790784177188,D Maior,G Maior,1,D Maior,G Maior,0.8174,0.8174,0.7572,0.2408,"G Maior;E Menor;B Menor",,0.00,,2.00,141.03,141.03,0,1,"v2;w20;harm;aar;song60;far12;near45;tol0.8;floor0.25;drain0.5;bass0.25"
144706,1790784177689,D Maior,G Maior,1,D Maior,G Maior,0.8175,0.8175,0.7562,0.2450,"G Maior;E Menor;B Menor",,0.00,,1.75,141.51,141.51,0,1,"v2;w20;harm;aar;song60;far12;near45;tol0.8;floor0.25;drain0.5;bass0.25"
145171,1790784178189,D Maior,G Maior,1,D Maior,G Maior,0.8175,0.8175,0.7542,0.2532,"G Maior;E Menor;B Menor",,0.00,,1.50,141.97,141.97,0,1,"v2;w20;harm;aar;song60;far12;near45;tol0.8;floor0.25;drain0.5;bass0.25"
145728,1790784178689,D Maior,G Maior,1,D Maior,G Maior,0.8177,0.8177,0.7527,0.2600,"G Maior;E Menor;B Menor",,0.00,,1.25,142.53,142.53,0,1,"v2;w20;harm;aar;song60;far12;near45;tol0.8;floor0.25;drain0.5;bass0.25"
146192,1790784179188,D Maior,G Maior,1,D Maior,G Maior,0.8172,0.8172,0.7525,0.2591,"G Maior;E Menor;B Menor",,0.00,,1.00,142.99,142.99,0,1,"v2;w20;harm;aar;song60;far12;near45;tol0.8;floor0.25;drain0.5;bass0.25"
146657,1790784179688,D Maior,G Maior,1,D Maior,G Maior,0.8176,0.8176,0.7534,0.2569,"G Maior;E Menor;B Menor",,0.00,,0.75,143.45,143.45,0,1,"v2;w20;harm;aar;song60;far12;near45;tol0.8;floor0.25;drain0.5;bass0.25"
147214,1790784180188,D Maior,G Maior,1,D Maior,G Maior,0.8175,0.8175,0.7574,0.2403,"G Maior;E Menor;B Menor",,0.00,,0.50,144.03,144.03,0,1,"v2;w20;harm;aar;song60;far12;near45;tol0.8;floor0.25;drain0.5;bass0.25"
147678,1790784180688,D Maior,G Maior,1,D Maior,G Maior,0.8176,0.8176,0.7606,0.2279,"G Maior;E Menor;B Menor",,0.00,,0.25,144.49,144.49,0,1,"v2;w20;harm;aar;song60;far12;near45;tol0.8;floor0.25;drain0.5;bass0.25"
148236,1790784181188,D Maior,G Maior,1,D Maior,G Maior,0.8173,0.8173,0.7614,0.2236,"G Maior;E Menor;B Menor",,0.00,,0.75,145.03,145.03,0,1,"v2;w20;harm;aar;song60;far12;near45;tol0.8;floor0.25;drain0.5;bass0.25"
148700,1790784181688,D Maior,G Maior,1,D Maior,G Maior,0.8168,0.8168,0.7631,0.2149,"G Maior;E Menor;B Menor",,0.00,,1.25,145.51,145.51,0,1,"v2;w20;harm;aar;song60;far12;near45;tol0.8;floor0.25;drain0.5;bass0.25"
149164,1790784182189,D Maior,G Maior,1,D Maior,G Maior,0.8164,0.8164,0.7655,0.2035,"G Maior;E Menor;B Menor",,0.00,,1.75,145.97,145.97,0,1,"v2;w20;harm;aar;song60;far12;near45;tol0.8;floor0.25;drain0.5;bass0.25"
149722,1790784182688,D Maior,G Maior,1,D Maior,G Maior,0.8163,0.8163,0.7660,0.2009,"G Maior;E Menor;B Menor",,0.00,,2.25,146.53,146.53,0,1,"v2;w20;harm;aar;song60;far12;near45;tol0.8;floor0.25;drain0.5;bass0.25"
150186,1790784183188,D Maior,G Maior,1,D Maior,G Maior,0.8138,0.8138,0.7671,0.1864,"G Maior;E Menor;B Menor",,0.00,,2.75,146.99,146.99,0,1,"v2;w20;harm;aar;song60;far12;near45;tol0.8;floor0.25;drain0.5;bass0.25"
150743,1790784183689,D Maior,G Maior,1,D Maior,G Maior,0.8133,0.8133,0.7676,0.1827,"G Maior;E Menor;B Menor",,0.00,,3.25,147.53,147.53,0,1,"v2;w20;harm;aar;song60;far12;near45;tol0.8;floor0.25;drain0.5;bass0.25"
151208,1790784184188,D Maior,G Maior,1,D Maior,G Maior,0.8147,0.8147,0.7668,0.1919,"G Maior;E Menor;B Menor",,0.00,,3.75,148.01,148.01,0,1,"v2;w20;harm;aar;song60;far12;near45;tol0.8;floor0.25;drain0.5;bass0.25"
151672,1790784184688,D Maior,G Maior,1,D Maior,G Maior,0.8157,0.8157,0.7655,0.2006,"G Maior;E Menor;B Menor",,0.00,,4.25,148.47,148.47,0,1,"v2;w20;harm;aar;song60;far12;near45;tol0.8;floor0.25;drain0.5;bass0.25"
152137,1790784185188,D Maior,G Maior,1,D Maior,G Maior,0.8154,0.8154,0.7647,0.2028,"G Maior;E Menor;B Menor",,0.00,,4.75,148.94,148.94,0,1,"v2;w20;harm;aar;song60;far12;near45;tol0.8;floor0.25;drain0.5;bass0.25"
152694,1790784185685,D Maior,G Maior,1,D Maior,G Maior,0.8157,0.8157,0.7640,0.2068,"G Maior;E Menor;B Menor",,0.00,,5.25,149.49,149.49,0,1,"v2;w20;harm;aar;song60;far12;near45;tol0.8;floor0.25;drain0.5;bass0.25"
153158,1790784186188,D Maior,G Maior,1,D Maior,G Maior,0.8164,0.8164,0.7631,0.2131,"G Maior;E Menor;B Menor",,0.00,,5.75,149.95,149.95,0,1,"v2;w20;harm;aar;song60;far12;near45;tol0.8;floor0.25;drain0.5;bass0.25"
153716,1790784186689,D Maior,G Maior,1,D Maior,G Maior,0.8157,0.8157,0.7627,0.2119,"G Maior;E Menor;B Menor",,0.00,,6.25,150.53,150.53,0,1,"v2;w20;harm;aar;song60;far12;near45;tol0.8;floor0.25;drain0.5;bass0.25"
154180,1790784187188,D Maior,G Maior,1,D Maior,G Maior,0.8146,0.8146,0.7631,0.2063,"G Maior;E Menor;B Menor",,0.00,,6.00,150.99,150.99,0,1,"v2;w20;harm;aar;song60;far12;near45;tol0.8;floor0.25;drain0.5;bass0.25"
154737,1790784187688,D Maior,G Maior,1,D Maior,G Maior,0.8149,0.8149,0.7620,0.2114,"G Maior;E Menor;B Menor",,0.00,,5.75,151.53,151.53,0,1,"v2;w20;harm;aar;song60;far12;near45;tol0.8;floor0.25;drain0.5;bass0.25"
155202,1790784188188,D Maior,G Maior,1,D Maior,G Maior,0.8154,0.8154,0.7616,0.2150,"G Maior;E Menor;B Menor",,0.00,,5.50,152.01,152.01,0,1,"v2;w20;harm;aar;song60;far12;near45;tol0.8;floor0.25;drain0.5;bass0.25"
155666,1790784188688,D Maior,G Maior,1,D Maior,G Maior,0.8155,0.8155,0.7602,0.2211,"G Maior;E Menor;B Menor",,0.00,,5.25,152.47,152.47,0,1,"v2;w20;harm;aar;song60;far12;near45;tol0.8;floor0.25;drain0.5;bass0.25"
156223,1790784189187,D Maior,G Maior,1,D Maior,G Maior,0.8172,0.8172,0.7571,0.2403,"G Maior;E Menor;B Menor",,0.00,,5.00,153.03,153.03,0,1,"v2;w20;harm;aar;song60;far12;near45;tol0.8;floor0.25;drain0.5;bass0.25"
156688,1790784189688,D Maior,G Maior,1,D Maior,G Maior,0.8169,0.8169,0.7545,0.2494,"G Maior;E Menor;B Menor",,0.00,,4.75,153.49,153.49,0,1,"v2;w20;harm;aar;song60;far12;near45;tol0.8;floor0.25;drain0.5;bass0.25"
157245,1790784190186,D Maior,G Maior,1,D Maior,G Maior,0.8145,0.8145,0.7532,0.2451,"G Maior;E Menor;B Menor",,0.00,,4.50,154.03,154.03,0,1,"v2;w20;harm;aar;song60;far12;near45;tol0.8;floor0.25;drain0.5;bass0.25"
157709,1790784190689,D Maior,G Maior,1,D Maior,G Maior,0.8134,0.8134,0.7521,0.2454,"G Maior;E Menor;B Menor",,0.00,,4.25,154.51,154.51,0,1,"v2;w20;harm;aar;song60;far12;near45;tol0.8;floor0.25;drain0.5;bass0.25"
158174,1790784191188,D Maior,G Maior,1,D Maior,G Maior,0.8126,0.8126,0.7502,0.2493,"G Maior;E Menor;B Menor",,0.00,,4.00,154.97,154.97,0,1,"v2;w20;harm;aar;song60;far12;near45;tol0.8;floor0.25;drain0.5;bass0.25"
158638,1790784191688,D Maior,G Maior,1,D Maior,G Maior,0.8119,0.8119,0.7480,0.2557,"G Maior;E Menor;B Menor",,0.00,,3.75,155.45,155.45,0,1,"v2;w20;harm;aar;song60;far12;near45;tol0.8;floor0.25;drain0.5;bass0.25"
159196,1790784192188,D Maior,G Maior,1,D Maior,G Maior,0.8120,0.8120,0.7461,0.2633,"G Maior;E Menor;B Menor",,0.00,,3.50,155.99,155.99,0,1,"v2;w20;harm;aar;song60;far12;near45;tol0.8;floor0.25;drain0.5;bass0.25"
159660,1790784192689,D Maior,G Maior,1,D Maior,G Maior,0.8130,0.8130,0.7450,0.2723,"G Maior;E Menor;B Menor",,0.00,,3.25,156.46,156.46,0,1,"v2;w20;harm;aar;song60;far12;near45;tol0.8;floor0.25;drain0.5;bass0.25"
160217,1790784193188,D Maior,G Maior,1,D Maior,G Maior,0.8136,0.8136,0.7449,0.2748,"G Maior;E Menor;B Menor",,0.00,,3.00,157.03,157.03,0,1,"v2;w20;harm;aar;song60;far12;near45;tol0.8;floor0.25;drain0.5;bass0.25"
160682,1790784193688,D Maior,G Maior,1,D Maior,G Maior,0.8133,0.8133,0.7459,0.2695,"G Maior;E Menor;B Menor",,0.00,,2.75,157.49,157.49,0,1,"v2;w20;harm;aar;song60;far12;near45;tol0.8;floor0.25;drain0.5;bass0.25"
161146,1790784194188,D Maior,G Maior,1,D Maior,G Maior,0.8134,0.8134,0.7479,0.2621,"G Maior;E Menor;B Menor",,0.00,,2.50,157.93,157.93,0,1,"v2;w20;harm;aar;song60;far12;near45;tol0.8;floor0.25;drain0.5;bass0.25"
161703,1790784194687,D Maior,G Maior,1,D Maior,G Maior,0.8137,0.8137,0.7535,0.2410,"G Maior;E Menor;B Menor",,0.00,,2.25,158.51,158.51,0,1,"v2;w20;harm;aar;song60;far12;near45;tol0.8;floor0.25;drain0.5;bass0.25"
162168,1790784195188,D Maior,G Maior,1,D Maior,G Maior,0.8134,0.8134,0.7581,0.2210,"G Maior;E Menor;B Menor",,0.00,,2.00,158.97,158.97,0,1,"v2;w20;harm;aar;song60;far12;near45;tol0.8;floor0.25;drain0.5;bass0.25"
162725,1790784195688,D Maior,G Maior,1,D Maior,G Maior,0.8133,0.8133,0.7588,0.2179,"G Maior;E Menor;B Menor",,0.00,,2.50,159.53,159.53,0,1,"v2;w20;harm;aar;song60;far12;near45;tol0.8;floor0.25;drain0.5;bass0.25"
163189,1790784196188,D Maior,G Maior,1,D Maior,G Maior,0.8130,0.8130,0.7603,0.2108,"G Maior;E Menor;B Menor",,0.00,,3.00,159.99,159.99,0,1,"v2;w20;harm;aar;song60;far12;near45;tol0.8;floor0.25;drain0.5;bass0.25"
163747,1790784196688,D Maior,G Maior,1,D Maior,G Maior,0.8133,0.8133,0.7605,0.2113,"G Maior;E Menor;B Menor",,0.00,,3.50,160.53,160.53,0,1,"v2;w20;harm;aar;song60;far12;near45;tol0.8;floor0.25;drain0.5;bass0.25"
164211,1790784197188,D Maior,G Maior,1,D Maior,G Maior,0.8116,0.8116,0.7601,0.2058,"G Maior;E Menor;B Menor",,0.00,,4.00,161.01,161.01,0,1,"v2;w20;harm;aar;song60;far12;near45;tol0.8;floor0.25;drain0.5;bass0.25"
164675,1790784197688,D Maior,G Maior,1,D Maior,G Maior,0.8103,0.8103,0.7597,0.2024,"G Maior;E Menor;B Menor",,0.00,,4.50,161.47,161.47,0,1,"v2;w20;harm;aar;song60;far12;near45;tol0.8;floor0.25;drain0.5;bass0.25"
165140,1790784198187,D Maior,G Maior,1,D Maior,G Maior,0.8102,0.8102,0.7591,0.2046,"G Maior;E Menor;B Menor",,0.00,,5.00,161.95,161.95,0,1,"v2;w20;harm;aar;song60;far12;near45;tol0.8;floor0.25;drain0.5;bass0.25"
165697,1790784198687,D Maior,G Maior,1,D Maior,G Maior,0.8115,0.8115,0.7572,0.2175,"G Maior;E Menor;B Menor",,0.00,,5.50,162.49,162.49,0,1,"v2;w20;harm;aar;song60;far12;near45;tol0.8;floor0.25;drain0.5;bass0.25"
166162,1790784199188,D Maior,G Maior,1,D Maior,G Maior,0.8098,0.8098,0.7552,0.2185,"G Maior;E Menor;B Menor",,0.00,,6.00,162.95,162.95,0,1,"v2;w20;harm;aar;song60;far12;near45;tol0.8;floor0.25;drain0.5;bass0.25"
166719,1790784199688,D Maior,G Maior,1,D Maior,G Maior,0.8103,0.8103,0.7541,0.2250,"G Maior;E Menor;B Menor",,0.00,,6.50,163.53,163.53,0,1,"v2;w20;harm;aar;song60;far12;near45;tol0.8;floor0.25;drain0.5;bass0.25"
167183,1790784200188,D Maior,G Maior,1,D Maior,G Maior,0.8104,0.8104,0.7538,0.2264,"G Maior;E Menor;B Menor",,0.00,,7.00,163.99,163.99,0,1,"v2;w20;harm;aar;song60;far12;near45;tol0.8;floor0.25;drain0.5;bass0.25"
167648,1790784200687,D Maior,G Maior,1,D Maior,G Maior,0.8097,0.8097,0.7533,0.2255,"G Maior;E Menor;B Menor",,0.00,,6.75,164.45,164.45,0,1,"v2;w20;harm;aar;song60;far12;near45;tol0.8;floor0.25;drain0.5;bass0.25"
168205,1790784201188,D Maior,G Maior,1,D Maior,G Maior,0.8097,0.8097,0.7524,0.2293,"G Maior;E Menor;B Menor",,0.00,,6.50,165.01,165.01,0,1,"v2;w20;harm;aar;song60;far12;near45;tol0.8;floor0.25;drain0.5;bass0.25"
168669,1790784201688,D Maior,G Maior,1,D Maior,G Maior,0.8098,0.8098,0.7516,0.2329,"G Maior;E Menor;B Menor",,0.00,,6.25,165.47,165.47,0,1,"v2;w20;harm;aar;song60;far12;near45;tol0.8;floor0.25;drain0.5;bass0.25"
169227,1790784202189,D Maior,G Maior,1,D Maior,G Maior,0.8089,0.8089,0.7515,0.2295,"G Maior;E Menor;B Menor",,0.00,,6.00,166.03,166.03,0,1,"v2;w20;harm;aar;song60;far12;near45;tol0.8;floor0.25;drain0.5;bass0.25"
169691,1790784202688,D Maior,G Maior,1,D Maior,G Maior,0.8092,0.8092,0.7505,0.2348,"G Maior;E Menor;B Menor",,0.00,,5.75,166.49,166.49,0,1,"v2;w20;harm;aar;song60;far12;near45;tol0.8;floor0.25;drain0.5;bass0.25"
170155,1790784203188,D Maior,G Maior,1,D Maior,G Maior,0.8090,0.8090,0.7495,0.2378,"G Maior;E Menor;B Menor",,0.00,,5.50,166.97,166.97,0,1,"v2;w20;harm;aar;song60;far12;near45;tol0.8;floor0.25;drain0.5;bass0.25"
170713,1790784203689,D Maior,G Maior,1,D Maior,G Maior,0.8067,0.8067,0.7485,0.2330,"G Maior;E Menor;B Menor",,0.00,,5.25,167.51,167.51,0,1,"v2;w20;harm;aar;song60;far12;near45;tol0.8;floor0.25;drain0.5;bass0.25"
171177,1790784204188,D Maior,G Maior,1,D Maior,G Maior,0.8060,0.8060,0.7466,0.2376,"G Maior;E Menor;B Menor",,0.00,,5.00,167.97,167.97,0,1,"v2;w20;harm;aar;song60;far12;near45;tol0.8;floor0.25;drain0.5;bass0.25"
171641,1790784204687,D Maior,G Maior,1,D Maior,G Maior,0.8053,0.8053,0.7444,0.2436,"G Maior;E Menor;B Menor",,0.00,,4.75,168.45,168.45,0,1,"v2;w20;harm;aar;song60;far12;near45;tol0.8;floor0.25;drain0.5;bass0.25"
172199,1790784205188,D Maior,G Maior,1,D Maior,G Maior,0.8038,0.8038,0.7432,0.2423,"G Maior;E Menor;B Menor",,0.00,,4.50,168.99,168.99,0,1,"v2;w20;harm;aar;song60;far12;near45;tol0.8;floor0.25;drain0.5;bass0.25"
172663,1790784205688,D Maior,G Maior,1,D Maior,G Maior,0.8019,0.8019,0.7439,0.2321,"G Maior;E Menor;B Menor",,0.00,,4.25,169.45,169.45,0,1,"v2;w20;harm;aar;song60;far12;near45;tol0.8;floor0.25;drain0.5;bass0.25"
173220,1790784206188,D Maior,G Maior,1,D Maior,G Maior,0.7992,0.7992,0.7399,0.2372,"G Maior;E Menor;B Menor",,0.00,,4.00,170.03,170.03,0,1,"v2;w20;harm;aar;song60;far12;near45;tol0.8;floor0.25;drain0.5;bass0.25"
173685,1790784206688,D Maior,G Maior,1,D Maior,G Maior,0.7971,0.7971,0.7366,0.2418,"G Maior;E Menor;B Menor",,0.00,,3.75,170.49,170.49,0,1,"v2;w20;harm;aar;song60;far12;near45;tol0.8;floor0.25;drain0.5;bass0.25"
174149,1790784207188,D Maior,G Maior,1,D Maior,G Maior,0.7944,0.7944,0.7351,0.2371,"G Maior;E Menor;B Menor",,0.00,,3.50,170.95,170.95,0,1,"v2;w20;harm;aar;song60;far12;near45;tol0.8;floor0.25;drain0.5;bass0.25"
174706,1790784207688,D Maior,E Menor,1,D Maior,G Maior,0.7936,0.7936,0.7356,0.2320,"G Maior;E Menor;B Menor",,0.00,,4.00,171.51,171.51,0,1,"v2;w20;harm;aar;song60;far12;near45;tol0.8;floor0.25;drain0.5;bass0.25"
175171,1790784208188,D Maior,E Menor,1,D Maior,G Maior,0.7934,0.7934,0.7355,0.2315,"G Maior;E Menor;B Menor",,0.00,,4.50,171.97,171.97,0,1,"v2;w20;harm;aar;song60;far12;near45;tol0.8;floor0.25;drain0.5;bass0.25"
175728,1790784208689,D Maior,E Menor,1,D Maior,G Maior,0.7918,0.7918,0.7377,0.2162,"G Maior;E Menor;B Menor",,0.00,,5.00,172.53,172.53,0,1,"v2;w20;harm;aar;song60;far12;near45;tol0.8;floor0.25;drain0.5;bass0.25"
176193,1790784209188,D Maior,E Menor,1,D Maior,G Maior,0.7898,0.7898,0.7425,0.1891,"G Maior;E Menor;B Menor",,0.00,,5.50,172.99,172.99,0,1,"v2;w20;harm;aar;song60;far12;near45;tol0.8;floor0.25;drain0.5;bass0.25"
176657,1790784209688,D Maior,E Menor,1,D Maior,G Maior,0.7875,0.7875,0.7438,0.1749,"G Maior;E Menor;B Menor",,0.00,,6.00,173.47,173.47,0,1,"v2;w20;harm;aar;song60;far12;near45;tol0.8;floor0.25;drain0.5;bass0.25"
177214,1790784210189,D Maior,E Menor,1,D Maior,G Maior,0.7849,0.7849,0.7415,0.1733,"G Maior;E Menor;B Menor",,0.00,,6.50,174.01,174.01,0,1,"v2;w20;harm;aar;song60;far12;near45;tol0.8;floor0.25;drain0.5;bass0.25"
177679,1790784210688,D Maior,E Menor,1,D Maior,G Maior,0.7817,0.7817,0.7418,0.1597,"G Maior;E Menor;B Menor",,0.00,,7.00,174.47,174.47,0,1,"v2;w20;harm;aar;song60;far12;near45;tol0.8;floor0.25;drain0.5;bass0.25"
178143,1790784211188,D Maior,E Menor,1,D Maior,G Maior,0.7802,0.7802,0.7416,0.1545,"G Maior;E Menor;B Menor",,0.00,,7.50,174.95,174.95,0,1,"v2;w20;harm;aar;song60;far12;near45;tol0.8;floor0.25;drain0.5;bass0.25"
178700,1790784211688,D Maior,E Menor,1,D Maior,G Maior,0.7808,0.7808,0.7397,0.1643,"G Maior;E Menor;B Menor",,0.00,,8.00,175.49,175.49,0,1,"v2;w20;harm;aar;song60;far12;near45;tol0.8;floor0.25;drain0.5;bass0.25"
179165,1790784212187,D Maior,E Menor,1,D Maior,G Maior,0.7807,0.7807,0.7381,0.1703,"G Maior;E Menor;B Menor",,0.00,,8.50,175.97,175.97,0,1,"v2;w20;harm;aar;song60;far12;near45;tol0.8;floor0.25;drain0.5;bass0.25"
179722,1790784212688,D Maior,E Menor,1,D Maior,G Maior,0.7790,0.7790,0.7423,0.1467,"G Maior;E Menor;B Menor",,0.00,,9.00,176.53,176.53,0,1,"v2;w20;harm;aar;song60;far12;near45;tol0.8;floor0.25;drain0.5;bass0.25"
180186,1790784213188,D Maior,E Menor,1,D Maior,G Maior,0.7767,0.7767,0.7418,0.1398,"G Maior;E Menor;B Menor",,0.00,,9.50,176.99,176.99,0,1,"v2;w20;harm;aar;song60;far12;near45;tol0.8;floor0.25;drain0.5;bass0.25"
180651,1790784213688,D Maior,E Menor,1,D Maior,G Maior,0.7751,0.7751,0.7402,0.1396,"G Maior;E Menor;B Menor",,0.00,,10.00,177.45,177.45,0,1,"v2;w20;harm;aar;song60;far12;near45;tol0.8;floor0.25;drain0.5;bass0.25"
181208,1790784214188,D Maior,E Menor,1,D Maior,G Maior,0.7752,0.7752,0.7390,0.1446,"G Maior;E Menor;B Menor",,0.00,,10.50,178.01,178.01,0,1,"v2;w20;harm;aar;song60;far12;near45;tol0.8;floor0.25;drain0.5;bass0.25"
181672,1790784214688,D Maior,E Menor,1,D Maior,G Maior,0.7745,0.7745,0.7390,0.1417,"G Maior;E Menor;B Menor",,0.00,,11.00,178.49,178.49,0,1,"v2;w20;harm;aar;song60;far12;near45;tol0.8;floor0.25;drain0.5;bass0.25"
182230,1790784215188,D Maior,E Menor,1,D Maior,G Maior,0.7720,0.7720,0.7386,0.1338,"G Maior;E Menor;B Menor",,0.00,,11.50,179.03,179.03,0,1,"v2;w20;harm;aar;song60;far12;near45;tol0.8;floor0.25;drain0.5;bass0.25"
182694,1790784215688,D Maior,E Menor,1,D Maior,G Maior,0.7722,0.7722,0.7374,0.1389,"G Maior;E Menor;B Menor",,0.00,,11.99,179.49,179.49,0,1,"v2;w20;harm;aar;song60;far12;near45;tol0.8;floor0.25;drain0.5;bass0.25"
183158,1790784216188,D Maior,E Menor,1,D Maior,G Maior,0.7711,0.7711,0.7425,0.1147,"G Maior;E Menor;B Menor",,0.00,,12.49,179.97,179.97,0,1,"v2;w20;harm;aar;song60;far12;near45;tol0.8;floor0.25;drain0.5;bass0.25"
183716,1790784216689,D Maior,E Menor,1,D Maior,G Maior,0.7689,0.7689,0.7403,0.1146,"G Maior;E Menor;B Menor",,0.00,,12.99,180.51,180.51,0,1,"v2;w20;harm;aar;song60;far12;near45;tol0.8;floor0.25;drain0.5;bass0.25"
184180,1790784217188,D Maior,E Menor,1,D Maior,G Maior,0.7671,0.7671,0.7355,0.1263,"G Maior;E Menor;B Menor",,0.00,,13.49,180.97,180.97,0,1,"v2;w20;harm;aar;song60;far12;near45;tol0.8;floor0.25;drain0.5;bass0.25"
184645,1790784217688,D Maior,E Menor,1,D Maior,G Maior,0.7646,0.7646,0.7345,0.1204,"G Maior;E Menor;B Menor",,0.00,,13.99,181.45,181.45,0,1,"v2;w20;harm;aar;song60;far12;near45;tol0.8;floor0.25;drain0.5;bass0.25"
185202,1790784218188,D Maior,E Menor,1,D Maior,G Maior,0.7602,0.7602,0.7330,0.1086,"G Maior;E Menor;B Menor",,0.00,,14.49,181.99,181.99,0,1,"v2;w20;harm;aar;song60;far12;near45;tol0.8;floor0.25;drain0.5;bass0.25"
185666,1790784218688,D Maior,E Menor,1,D Maior,G Maior,0.7593,0.7593,0.7318,0.1102,"G Maior;E Menor;B Menor",,0.00,,14.99,182.47,182.47,0,1,"v2;w20;harm;aar;song60;far12;near45;tol0.8;floor0.25;drain0.5;bass0.25"
186224,1790784219188,D Maior,E Menor,1,D Maior,G Maior,0.7595,0.7595,0.7311,0.1134,"G Maior;E Menor;B Menor",,0.00,,15.49,183.03,183.03,0,1,"v2;w20;harm;aar;song60;far12;near45;tol0.8;floor0.25;drain0.5;bass0.25"
186688,1790784219688,D Maior,E Menor,1,D Maior,G Maior,0.7600,0.7600,0.7321,0.1119,"G Maior;E Menor;B Menor",,0.00,,15.99,183.49,183.49,0,1,"v2;w20;harm;aar;song60;far12;near45;tol0.8;floor0.25;drain0.5;bass0.25"
187152,1790784220188,D Maior,E Menor,1,D Maior,G Maior,0.7586,0.7586,0.7302,0.1137,"G Maior;E Menor;B Menor",,0.00,,16.49,183.95,183.95,0,1,"v2;w20;harm;aar;song60;far12;near45;tol0.8;floor0.25;drain0.5;bass0.25"
187710,1790784220688,D Maior,E Menor,1,D Maior,G Maior,0.7571,0.7571,0.7275,0.1182,"G Maior;E Menor;B Menor",,0.00,,16.99,184.51,184.51,0,1,"v2;w20;harm;aar;song60;far12;near45;tol0.8;floor0.25;drain0.5;bass0.25"
188174,1790784221188,D Maior,E Menor,1,D Maior,G Maior,0.7558,0.7558,0.7256,0.1211,"G Maior;E Menor;B Menor",,0.00,,17.49,184.99,184.99,0,1,"v2;w20;harm;aar;song60;far12;near45;tol0.8;floor0.25;drain0.5;bass0.25"
188731,1790784221688,D Maior,E Menor,1,D Maior,G Maior,0.7548,0.7548,0.7283,0.1062,"G Maior;E Menor;B Menor",,0.00,,17.99,185.53,185.53,0,1,"v2;w20;harm;aar;song60;far12;near45;tol0.8;floor0.25;drain0.5;bass0.25"
189196,1790784222189,D Maior,E Menor,1,D Maior,G Maior,0.7546,0.7546,0.7308,0.0951,"G Maior;E Menor;B Menor",,0.00,,18.49,185.99,185.99,0,1,"v2;w20;harm;aar;song60;far12;near45;tol0.8;floor0.25;drain0.5;bass0.25"
189660,1790784222688,D Maior,E Menor,1,D Maior,G Maior,0.7537,0.7537,0.7328,0.0834,"G Maior;E Menor;B Menor",,0.00,,18.99,186.47,186.47,0,1,"v2;w20;harm;aar;song60;far12;near45;tol0.8;floor0.25;drain0.5;bass0.25"
190217,1790784223189,D Maior,E Menor,1,D Maior,G Maior,0.7526,0.7526,0.7378,0.0595,"G Maior;E Menor;B Menor",,0.00,,19.49,187.01,187.01,0,1,"v2;w20;harm;aar;song60;far12;near45;tol0.8;floor0.25;drain0.5;bass0.25"
190682,1790784223687,D Maior,E Menor,1,D Maior,G Maior,0.7517,0.7517,0.7407,0.0439,"G Maior;E Menor;B Menor",,0.00,,19.98,187.49,187.49,0,1,"v2;w20;harm;aar;song60;far12;near45;tol0.8;floor0.25;drain0.5;bass0.25"
191146,1790784224188,D Maior,E Menor,1,D Maior,G Maior,0.7480,0.7480,0.7375,0.0417,"G Maior;E Menor;B Menor",,0.00,,20.48,187.95,187.95,0,1,"v2;w20;harm;aar;song60;far12;near45;tol0.8;floor0.25;drain0.5;bass0.25"
191703,1790784224688,D Maior,E Menor,1,D Maior,G Maior,0.7451,0.7451,0.7374,0.0307,"G Maior;E Menor;B Menor",,0.00,,20.98,188.49,188.49,0,1,"v2;w20;harm;aar;song60;far12;near45;tol0.8;floor0.25;drain0.5;bass0.25"
192168,1790784225188,D Maior,E Menor,1,D Maior,G Maior,0.7440,0.7440,0.7358,0.0325,"G Maior;E Menor;B Menor",,0.00,,21.48,188.97,188.97,0,1,"v2;w20;harm;aar;song60;far12;near45;tol0.8;floor0.25;drain0.5;bass0.25"
192725,1790784225688,D Maior,E Menor,1,D Maior,G Maior,0.7469,0.7469,0.7362,0.0429,"G Maior;E Menor;B Menor",,0.00,,21.98,189.53,189.53,0,1,"v2;w20;harm;aar;song60;far12;near45;tol0.8;floor0.25;drain0.5;bass0.25"
193190,1790784226188,D Maior,E Menor,1,D Maior,G Maior,0.7484,0.7484,0.7350,0.0535,"G Maior;E Menor;B Menor",,0.00,,22.48,190.01,190.01,0,1,"v2;w20;harm;aar;song60;far12;near45;tol0.8;floor0.25;drain0.5;bass0.25"
193654,1790784226688,D Maior,E Menor,1,D Maior,G Maior,0.7498,0.7498,0.7344,0.0613,"G Maior;E Menor;B Menor",,0.00,,22.98,190.45,190.45,0,1,"v2;w20;harm;aar;song60;far12;near45;tol0.8;floor0.25;drain0.5;bass0.25"
194211,1790784227188,D Maior,E Menor,1,D Maior,G Maior,0.7502,0.7502,0.7339,0.0654,"G Maior;E Menor;B Menor",,0.00,,23.48,191.01,191.01,0,1,"v2;w20;harm;aar;song60;far12;near45;tol0.8;floor0.25;drain0.5;bass0.25"
194676,1790784227688,D Maior,E Menor,1,D Maior,G Maior,0.7514,0.7514,0.7328,0.0746,"G Maior;E Menor;B Menor",,0.00,,23.98,191.49,191.49,0,1,"v2;w20;harm;aar;song60;far12;near45;tol0.8;floor0.25;drain0.5;bass0.25"
195233,1790784228188,D Maior,E Menor,1,D Maior,G Maior,0.7529,0.7529,0.7323,0.0825,"G Maior;E Menor;B Menor",,0.00,,24.48,192.03,192.03,0,1,"v2;w20;harm;aar;song60;far12;near45;tol0.8;floor0.25;drain0.5;bass0.25"
195697,1790784228689,D Maior,E Menor,1,D Maior,G Maior,0.7533,0.7533,0.7305,0.0912,"G Maior;E Menor;B Menor",,0.00,,24.98,192.49,192.49,0,1,"v2;w20;harm;aar;song60;far12;near45;tol0.8;floor0.25;drain0.5;bass0.25"
196162,1790784229188,D Maior,E Menor,1,D Maior,G Maior,0.7541,0.7541,0.7279,0.1047,"G Maior;E Menor;B Menor",,0.00,,25.48,192.97,192.97,0,1,"v2;w20;harm;aar;song60;far12;near45;tol0.8;floor0.25;drain0.5;bass0.25"
196719,1790784229689,D Maior,E Menor,1,D Maior,G Maior,0.7564,0.7564,0.7240,0.1296,"G Maior;E Menor;B Menor",,0.00,,25.98,193.51,193.51,0,1,"v2;w20;harm;aar;song60;far12;near45;tol0.8;floor0.25;drain0.5;bass0.25"
197183,1790784230188,D Maior,E Menor,1,D Maior,G Maior,0.7575,0.7575,0.7225,0.1400,"G Maior;E Menor;B Menor",,0.00,,26.48,193.99,193.99,0,1,"v2;w20;harm;aar;song60;far12;near45;tol0.8;floor0.25;drain0.5;bass0.25"
197648,1790784230688,D Maior,E Menor,1,D Maior,G Maior,0.7557,0.7557,0.7225,0.1328,"G Maior;E Menor;B Menor",,0.00,,26.98,194.45,194.45,0,1,"v2;w20;harm;aar;song60;far12;near45;tol0.8;floor0.25;drain0.5;bass0.25"
198205,1790784231188,D Maior,E Menor,1,D Maior,G Maior,0.7557,0.7557,0.7206,0.1406,"G Maior;E Menor;B Menor",,0.00,,27.48,194.99,194.99,0,1,"v2;w20;harm;aar;song60;far12;near45;tol0.8;floor0.25;drain0.5;bass0.25"
198669,1790784231688,D Maior,E Menor,1,D Maior,G Maior,0.7569,0.7569,0.7190,0.1515,"G Maior;E Menor;B Menor",,0.00,,27.98,195.47,195.47,0,1,"v2;w20;harm;aar;song60;far12;near45;tol0.8;floor0.25;drain0.5;bass0.25"
199227,1790784232189,D Maior,E Menor,1,D Maior,G Maior,0.7559,0.7559,0.7192,0.1469,"G Maior;E Menor;B Menor",,0.00,,28.48,196.03,196.03,0,1,"v2;w20;harm;aar;song60;far12;near45;tol0.8;floor0.25;drain0.5;bass0.25"
199691,1790784232688,D Maior,E Menor,1,D Maior,G Maior,0.7535,0.7535,0.7161,0.1494,"G Maior;E Menor;B Menor",,0.00,,28.98,196.51,196.51,0,1,"v2;w20;harm;aar;song60;far12;near45;tol0.8;floor0.25;drain0.5;bass0.25"
200156,1790784233188,D Maior,E Menor,1,D Maior,G Maior,0.7510,0.7510,0.7134,0.1504,"G Maior;E Menor;B Menor",,0.00,,29.48,196.95,196.95,0,1,"v2;w20;harm;aar;song60;far12;near45;tol0.8;floor0.25;drain0.5;bass0.25"
200713,1790784233688,D Maior,E Menor,1,D Maior,G Maior,0.7504,0.7504,0.7147,0.1425,"G Maior;E Menor;B Menor",,0.00,,29.98,197.51,197.51,0,1,"v2;w20;harm;aar;song60;far12;near45;tol0.8;floor0.25;drain0.5;bass0.25"
201177,1790784234188,D Maior,E Menor,1,D Maior,G Maior,0.7486,0.7486,0.7173,0.1250,"G Maior;E Menor;B Menor",,0.00,,30.47,197.99,197.99,0,1,"v2;w20;harm;aar;song60;far12;near45;tol0.8;floor0.25;drain0.5;bass0.25"
201734,1790784234688,D Maior,E Menor,1,D Maior,G Maior,0.7460,0.7460,0.7125,0.1338,"G Maior;E Menor;B Menor",,0.00,,30.97,198.53,198.53,0,1,"v2;w20;harm;aar;song60;far12;near45;tol0.8;floor0.25;drain0.5;bass0.25"
202199,1790784235189,D Maior,E Menor,1,D Maior,G Maior,0.7443,0.7443,0.7093,0.1399,"G Maior;E Menor;B Menor",,0.00,,31.47,199.01,199.01,0,1,"v2;w20;harm;aar;song60;far12;near45;tol0.8;floor0.25;drain0.5;bass0.25"
202663,1790784235689,D Maior,E Menor,1,D Maior,G Maior,0.7413,0.7413,0.7087,0.1304,"G Maior;E Menor;B Menor",,0.00,,31.97,199.47,199.47,0,1,"v2;w20;harm;aar;song60;far12;near45;tol0.8;floor0.25;drain0.5;bass0.25"
203221,1790784236189,D Maior,E Menor,1,D Maior,G Maior,0.7395,0.7395,0.7093,0.1208,"G Maior;E Menor;B Menor",,0.00,,32.47,200.01,200.01,0,1,"v2;w20;harm;aar;song60;far12;near45;tol0.8;floor0.25;drain0.5;bass0.25"
203685,1790784236688,D Maior,E Menor,1,D Maior,G Maior,0.7388,0.7388,0.7102,0.1143,"G Maior;E Menor;B Menor",,0.00,,32.97,200.49,200.49,0,1,"v2;w20;harm;aar;song60;far12;near45;tol0.8;floor0.25;drain0.5;bass0.25"
204149,1790784237189,D Maior,E Menor,1,D Maior,G Maior,0.7380,0.7380,0.7117,0.1053,"G Maior;E Menor;B Menor",,0.00,,33.47,200.95,200.95,0,1,"v2;w20;harm;aar;song60;far12;near45;tol0.8;floor0.25;drain0.5;bass0.25"
204707,1790784237689,D Maior,E Menor,1,D Maior,G Maior,0.7356,0.7356,0.7153,0.0813,"G Maior;E Menor;B Menor",,0.00,,33.97,201.49,201.49,0,1,"v2;w20;harm;aar;song60;far12;near45;tol0.8;floor0.25;drain0.5;bass0.25"
205171,1790784238188,D Maior,E Menor,1,D Maior,G Maior,0.7327,0.7327,0.7138,0.0759,"G Maior;E Menor;B Menor",,0.00,,34.47,201.97,201.97,0,1,"v2;w20;harm;aar;song60;far12;near45;tol0.8;floor0.25;drain0.5;bass0.25"
205728,1790784238688,D Maior,E Menor,1,D Maior,G Maior,0.7299,0.7299,0.7115,0.0735,"G Maior;E Menor;B Menor",,0.00,,34.97,202.53,202.53,0,1,"v2;w20;harm;aar;song60;far12;near45;tol0.8;floor0.25;drain0.5;bass0.25"
206193,1790784239188,D Maior,E Menor,1,D Maior,G Maior,0.7279,0.7279,0.7115,0.0653,"G Maior;E Menor;B Menor",,0.00,,35.47,203.01,203.01,0,1,"v2;w20;harm;aar;song60;far12;near45;tol0.8;floor0.25;drain0.5;bass0.25"
206657,1790784239688,D Maior,E Menor,1,D Maior,G Maior,0.7266,0.7266,0.7122,0.0575,"G Maior;E Menor;B Menor",,0.00,,35.97,203.45,203.45,0,1,"v2;w20;harm;aar;song60;far12;near45;tol0.8;floor0.25;drain0.5;bass0.25"
207214,1790784240186,D Maior,E Menor,1,D Maior,G Maior,0.7293,0.7293,0.7127,0.0663,"G Maior;E Menor;B Menor",,0.00,,36.47,204.01,204.01,0,1,"v2;w20;harm;aar;song60;far12;near45;tol0.8;floor0.25;drain0.5;bass0.25"
207679,1790784240688,D Maior,E Menor,1,D Maior,G Maior,0.7299,0.7299,0.7131,0.0674,"G Maior;E Menor;B Menor",,0.00,,36.97,204.49,204.49,0,1,"v2;w20;harm;aar;song60;far12;near45;tol0.8;floor0.25;drain0.5;bass0.25"
208236,1790784241188,D Maior,E Menor,1,D Maior,G Maior,0.7299,0.7299,0.7171,0.0512,"G Maior;E Menor;B Menor",,0.00,,37.47,205.03,205.03,0,1,"v2;w20;harm;aar;song60;far12;near45;tol0.8;floor0.25;drain0.5;bass0.25"
208700,1790784241689,D Maior,E Menor,1,D Maior,G Maior,0.7287,0.7287,0.7151,0.0547,"G Maior;E Menor;B Menor",,0.00,,37.97,205.51,205.51,0,1,"v2;w20;harm;aar;song60;far12;near45;tol0.8;floor0.25;drain0.5;bass0.25"
209165,1790784242188,D Maior,E Menor,1,D Maior,G Maior,0.7281,0.7281,0.7127,0.0616,"G Maior;E Menor;B Menor",,0.00,,38.47,205.97,205.97,0,1,"v2;w20;harm;aar;song60;far12;near45;tol0.8;floor0.25;drain0.5;bass0.25"
209722,1790784242689,D Maior,E Menor,1,D Maior,G Maior,0.7270,0.7270,0.7123,0.0590,"G Maior;E Menor;B Menor",,0.00,,38.97,206.51,206.51,0,1,"v2;w20;harm;aar;song60;far12;near45;tol0.8;floor0.25;drain0.5;bass0.25"
210187,1790784243189,D Maior,E Menor,1,D Maior,G Maior,0.7255,0.7255,0.7114,0.0563,"G Maior;E Menor;B Menor",,0.00,,39.47,206.99,206.99,0,1,"v2;w20;harm;aar;song60;far12;near45;tol0.8;floor0.25;drain0.5;bass0.25"
210651,1790784243688,D Maior,E Menor,1,D Maior,G Maior,0.7264,0.7264,0.7105,0.0639,"G Maior;E Menor;B Menor",,0.00,,39.97,207.45,207.45,0,1,"v2;w20;harm;aar;song60;far12;near45;tol0.8;floor0.25;drain0.5;bass0.25"
211208,1790784244188,D Maior,E Menor,1,D Maior,G Maior,0.7270,0.7270,0.7100,0.0680,"G Maior;E Menor;B Menor",,0.00,,40.46,208.01,208.01,0,1,"v2;w20;harm;aar;song60;far12;near45;tol0.8;floor0.25;drain0.5;bass0.25"
211673,1790784244689,D Maior,E Menor,1,D Maior,G Maior,0.7252,0.7252,0.7113,0.0556,"G Maior;E Menor;B Menor",,0.00,,40.96,208.47,208.47,0,1,"v2;w20;harm;aar;song60;far12;near45;tol0.8;floor0.25;drain0.5;bass0.25"
212230,1790784245188,D Maior,E Menor,1,D Maior,G Maior,0.7254,0.7254,0.7142,0.0450,"G Maior;E Menor;B Menor",,0.00,,41.46,209.03,209.03,0,1,"v2;w20;harm;aar;song60;far12;near45;tol0.8;floor0.25;drain0.5;bass0.25"
212694,1790784245688,D Maior,E Menor,1,D Maior,G Maior,0.7276,0.7276,0.7183,0.0373,"G Maior;E Menor;B Menor",,0.00,,41.96,209.51,209.51,0,1,"v2;w20;harm;aar;song60;far12;near45;tol0.8;floor0.25;drain0.5;bass0.25"
213159,1790784246188,D Maior,E Menor,1,D Maior,G Maior,0.7267,0.7267,0.7195,0.0288,"G Maior;E Menor;B Menor",,0.00,,42.46,209.95,209.95,0,1,"v2;w20;harm;aar;song60;far12;near45;tol0.8;floor0.25;drain0.5;bass0.25"
213716,1790784246689,D Maior,E Menor,1,D Maior,G Maior,0.7251,0.7251,0.7197,0.0212,"G Maior;E Menor;B Menor",,0.00,,42.96,210.53,210.53,0,1,"v2;w20;harm;aar;song60;far12;near45;tol0.8;floor0.25;drain0.5;bass0.25"
214180,1790784247188,D Maior,E Menor,1,D Maior,G Maior,0.7234,0.7234,0.7175,0.0237,"G Maior;E Menor;B Menor",,0.00,,43.46,210.99,210.99,0,1,"v2;w20;harm;aar;song60;far12;near45;tol0.8;floor0.25;drain0.5;bass0.25"
214738,1790784247688,D Maior,E Menor,1,D Maior,G Maior,0.7220,0.7220,0.7150,0.0282,"G Maior;E Menor;B Menor",,0.00,,43.96,211.54,211.54,0,1,"v2;w20;harm;aar;song60;far12;near45;tol0.8;floor0.25;drain0.5;bass0.25"
215202,1790784248188,D Maior,E Menor,1,D Maior,G Maior,0.7186,0.7186,0.7137,0.0195,"G Maior;E Menor;B Menor",,0.00,,44.46,212.01,212.01,0,1,"v2;w20;harm;aar;song60;far12;near45;tol0.8;floor0.25;drain0.5;bass0.25"
215666,1790784248688,D Maior,E Menor,1,D Maior,G Maior,0.7157,0.7157,0.7116,0.0167,"G Maior;E Menor;B Menor",,0.00,,44.96,212.47,212.47,0,1,"v2;w20;harm;aar;song60;far12;near45;tol0.8;floor0.25;drain0.5;bass0.25"
216224,1790784249192,E Menor,E Menor,0,D Maior,D Maior,0.7161,0.0000,0.7161,0.0000,"D Maior;G Maior;B Menor",,0.00,neighborKeyConfirmed,45.46,19.93,19.93,1,0,"v2;w20;harm;aar;song60;far12;near45;tol0.8;floor0.25;drain0.5;bass0.25"
216688,1790784249688,E Menor,E Menor,0,E Menor,G Maior,0.6401,0.6401,0.5908,0.1972,"G Maior;B Menor;D Maior",,0.00,,0.00,20.41,20.41,1,0,"v2;w20;harm;aar;song60;far12;near45;tol0.8;floor0.25;drain0.5;bass0.25"
217153,1790784250189,E Menor,E Menor,0,E Menor,G Maior,0.6440,0.6440,0.5948,0.1965,"G Maior;B Menor;D Maior",,0.00,,0.00,20.87,20.87,1,0,"v2;w20;harm;aar;song60;far12;near45;tol0.8;floor0.25;drain0.5;bass0.25"
217710,1790784250689,E Menor,E Menor,0,E Menor,G Maior,0.6461,0.6461,0.5992,0.1873,"G Maior;B Menor;D Maior",,0.00,,0.00,21.44,21.44,1,0,"v2;w20;harm;aar;song60;far12;near45;tol0.8;floor0.25;drain0.5;bass0.25"
218174,1790784251189,E Menor,E Menor,0,E Menor,G Maior,0.6546,0.6546,0.6059,0.1949,"G Maior;B Menor;D Maior",,0.00,,0.00,21.89,21.89,1,0,"v2;w20;harm;aar;song60;far12;near45;tol0.8;floor0.25;drain0.5;bass0.25"
218731,1790784251685,E Menor,E Menor,0,E Menor,G Maior,0.6602,0.6602,0.6122,0.1919,"G Maior;B Menor;D Maior",,0.00,,0.00,22.45,22.45,1,0,"v2;w20;harm;aar;song60;far12;near45;tol0.8;floor0.25;drain0.5;bass0.25"
219196,1790784252187,E Menor,E Menor,0,E Menor,G Maior,0.6622,0.6622,0.6151,0.1885,"G Maior;B Menor;D Maior",,0.00,,0.00,22.93,22.93,1,0,"v2;w20;harm;aar;song60;far12;near45;tol0.8;floor0.25;drain0.5;bass0.25"
219660,1790784252689,E Menor,E Menor,0,E Menor,G Maior,0.6678,0.6678,0.6202,0.1904,"G Maior;B Menor;D Maior",,0.00,,0.00,23.38,23.38,1,0,"v2;w20;harm;aar;song60;far12;near45;tol0.8;floor0.25;drain0.5;bass0.25"
220218,1790784253189,E Menor,E Menor,0,E Menor,G Maior,0.6690,0.6690,0.6217,0.1893,"G Maior;B Menor;D Maior",,0.00,,0.00,23.95,23.95,1,0,"v2;w20;harm;aar;song60;far12;near45;tol0.8;floor0.25;drain0.5;bass0.25"
220682,1790784253688,E Menor,E Menor,0,E Menor,G Maior,0.6693,0.6693,0.6227,0.1862,"G Maior;B Menor;D Maior",,0.00,,0.00,24.41,24.41,1,0,"v2;w20;harm;aar;song60;far12;near45;tol0.8;floor0.25;drain0.5;bass0.25"
221239,1790784254189,E Menor,E Menor,0,E Menor,G Maior,0.6694,0.6694,0.6296,0.1589,"G Maior;B Menor;D Maior",,0.00,,0.00,24.95,24.95,1,0,"v2;w20;harm;aar;song60;far12;near45;tol0.8;floor0.25;drain0.5;bass0.25"
221704,1790784254689,E Menor,E Menor,0,E Menor,G Maior,0.6685,0.6685,0.6316,0.1477,"G Maior;B Menor;D Maior",,0.00,,0.00,25.43,25.43,1,0,"v2;w20;harm;aar;song60;far12;near45;tol0.8;floor0.25;drain0.5;bass0.25"
222168,1790784255189,E Menor,E Menor,0,E Menor,G Maior,0.6711,0.6711,0.6369,0.1367,"G Maior;B Menor;D Maior",,0.00,,0.00,25.89,25.89,1,0,"v2;w20;harm;aar;song60;far12;near45;tol0.8;floor0.25;drain0.5;bass0.25"
222725,1790784255688,E Menor,E Menor,0,E Menor,G Maior,0.6699,0.6699,0.6383,0.1262,"G Maior;B Menor;D Maior",,0.00,,0.00,26.45,26.45,1,0,"v2;w20;harm;aar;song60;far12;near45;tol0.8;floor0.25;drain0.5;bass0.25"
223190,1790784256188,E Menor,E Menor,0,E Menor,G Maior,0.6675,0.6675,0.6421,0.1015,"G Maior;D Maior;B Menor",,0.00,,0.00,26.91,26.91,1,0,"v2;w20;harm;aar;song60;far12;near45;tol0.8;floor0.25;drain0.5;bass0.25"
223654,1790784256688,E Menor,E Menor,0,E Menor,G Maior,0.6655,0.6655,0.6433,0.0886,"G Maior;D Maior;B Menor",,0.00,,0.00,27.38,27.38,1,0,"v2;w20;harm;aar;song60;far12;near45;tol0.8;floor0.25;drain0.5;bass0.25"
224211,1790784257189,E Menor,E Menor,0,E Menor,G Maior,0.6694,0.6694,0.6455,0.0956,"G Maior;D Maior;B Menor",,0.00,,0.00,27.93,27.93,1,0,"v2;w20;harm;aar;song60;far12;near45;tol0.8;floor0.25;drain0.5;bass0.25"
224676,1790784257688,E Menor,E Menor,0,E Menor,G Maior,0.6756,0.6756,0.6458,0.1190,"G Maior;D Maior;B Menor",,0.00,,0.00,28.40,28.40,1,0,"v2;w20;harm;aar;song60;far12;near45;tol0.8;floor0.25;drain0.5;bass0.25"
225140,1790784258188,E Menor,E Menor,0,E Menor,G Maior,0.6789,0.6789,0.6454,0.1341,"G Maior;D Maior;B Menor",,0.00,,0.00,28.86,28.86,1,0,"v2;w20;harm;aar;song60;far12;near45;tol0.8;floor0.25;drain0.5;bass0.25"
225697,1790784258688,E Menor,E Menor,0,E Menor,G Maior,0.6832,0.6832,0.6457,0.1502,"G Maior;D Maior;B Menor",,0.00,,0.00,29.43,29.43,1,0,"v2;w20;harm;aar;song60;far12;near45;tol0.8;floor0.25;drain0.5;bass0.25"
226162,1790784259188,E Menor,E Menor,0,E Menor,G Maior,0.6849,0.6849,0.6440,0.1633,"G Maior;D Maior;B Menor",,0.00,,0.00,29.88,29.88,1,0,"v2;w20;harm;aar;song60;far12;near45;tol0.8;floor0.25;drain0.5;bass0.25"
226719,1790784259688,E Menor,E Menor,0,E Menor,G Maior,0.6868,0.6868,0.6418,0.1803,"G Maior;D Maior;B Menor",,0.00,,0.00,30.46,30.46,1,1,"v2;w20;harm;aar;song60;far12;near45;tol0.8;floor0.25;drain0.5;bass0.25"
227184,1790784260188,E Menor,E Menor,0,E Menor,G Maior,0.6857,0.6857,0.6411,0.1785,"G Maior;D Maior;B Menor",,0.00,,0.00,30.92,30.92,1,1,"v2;w20;harm;aar;song60;far12;near45;tol0.8;floor0.25;drain0.5;bass0.25"
227741,1790784260688,E Menor,E Menor,0,E Menor,G Maior,0.6749,0.6749,0.6296,0.1814,"G Maior;D Maior;B Menor",,0.00,,0.00,31.45,31.45,1,1,"v2;w20;harm;aar;song60;far12;near45;tol0.8;floor0.25;drain0.5;bass0.25"
228205,1790784261189,E Menor,E Menor,0,E Menor,G Maior,0.6699,0.6699,0.6414,0.1138,"G Maior;D Maior;B Menor",,0.00,,0.00,31.93,31.93,1,1,"v2;w20;harm;aar;song60;far12;near45;tol0.8;floor0.25;drain0.5;bass0.25"
228670,1790784261686,E Menor,E Menor,0,G Maior,G Maior,0.6658,0.0000,0.6658,0.0000,"G Maior;D Maior;B Menor",,0.00,,0.00,32.39,32.39,1,1,"v2;w20;harm;aar;song60;far12;near45;tol0.8;floor0.25;drain0.5;bass0.25"
229227,1790784262186,E Menor,E Menor,0,G Maior,G Maior,0.6580,0.0000,0.6580,0.0000,"G Maior;D Maior;B Menor",,0.00,,0.00,32.95,32.95,1,1,"v2;w20;harm;aar;song60;far12;near45;tol0.8;floor0.25;drain0.5;bass0.25"
229691,1790784262689,E Menor,E Menor,0,E Menor,G Maior,0.6580,0.6580,0.6573,0.0031,"G Maior;B Menor;D Maior",,0.00,,0.00,33.41,33.41,1,1,"v2;w20;harm;aar;song60;far12;near45;tol0.8;floor0.25;drain0.5;bass0.25"
230156,1790784263187,E Menor,E Menor,0,E Menor,G Maior,0.6579,0.6579,0.6554,0.0098,"G Maior;B Menor;D Maior",,0.00,,0.00,33.87,33.87,1,1,"v2;w20;harm;aar;song60;far12;near45;tol0.8;floor0.25;drain0.5;bass0.25"
230713,1790784263689,E Menor,E Menor,0,E Menor,G Maior,0.6598,0.6598,0.6546,0.0207,"G Maior;B Menor;D Maior",,0.00,,0.00,34.44,34.44,1,1,"v2;w20;harm;aar;song60;far12;near45;tol0.8;floor0.25;drain0.5;bass0.25"
231177,1790784264188,E Menor,E Menor,0,E Menor,G Maior,0.6590,0.6590,0.6577,0.0050,"G Maior;B Menor;D Maior",,0.00,,0.00,34.89,34.89,1,1,"v2;w20;harm;aar;song60;far12;near45;tol0.8;floor0.25;drain0.5;bass0.25"
231642,1790784264688,E Menor,E Menor,0,G Maior,G Maior,0.6638,0.0000,0.6638,0.0000,"G Maior;B Menor;D Maior",,0.00,,0.00,35.38,35.38,1,1,"v2;w20;harm;aar;song60;far12;near45;tol0.8;floor0.25;drain0.5;bass0.25"
232199,1790784265189,E Menor,E Menor,0,G Maior,G Maior,0.6722,0.0000,0.6722,0.0000,"G Maior;B Menor;D Maior",,0.00,,0.00,35.93,35.93,1,1,"v2;w20;harm;aar;song60;far12;near45;tol0.8;floor0.25;drain0.5;bass0.25"
232663,1790784265688,E Menor,E Menor,0,G Maior,G Maior,0.6801,0.0000,0.6801,0.0000,"G Maior;D Maior;B Menor",,0.00,,0.00,36.38,36.38,1,1,"v2;w20;harm;aar;song60;far12;near45;tol0.8;floor0.25;drain0.5;bass0.25"
233221,1790784266188,E Menor,E Menor,0,G Maior,G Maior,0.6889,0.0000,0.6889,0.0000,"G Maior;D Maior;B Menor",,0.00,,0.00,36.95,36.95,1,1,"v2;w20;harm;aar;song60;far12;near45;tol0.8;floor0.25;drain0.5;bass0.25"
233685,1790784266689,E Menor,E Menor,0,G Maior,G Maior,0.6943,0.0000,0.6943,0.0000,"G Maior;D Maior;B Menor",,0.00,,0.00,37.41,37.41,1,1,"v2;w20;harm;aar;song60;far12;near45;tol0.8;floor0.25;drain0.5;bass0.25"
234150,1790784267189,E Menor,E Menor,0,G Maior,G Maior,0.6982,0.0000,0.6982,0.0000,"G Maior;D Maior;B Menor",,0.00,,0.00,37.90,37.90,1,1,"v2;w20;harm;aar;song60;far12;near45;tol0.8;floor0.25;drain0.5;bass0.25"
234707,1790784267689,E Menor,E Menor,0,G Maior,G Maior,0.7012,0.0000,0.7012,0.0000,"G Maior;D Maior;B Menor",,0.00,,0.00,38.44,38.44,1,1,"v2;w20;harm;aar;song60;far12;near45;tol0.8;floor0.25;drain0.5;bass0.25"
235171,1790784268189,E Menor,E Menor,0,G Maior,G Maior,0.7068,0.0000,0.7068,0.0000,"G Maior;D Maior;B Menor",,0.00,,0.00,38.90,38.90,1,1,"v2;w20;harm;aar;song60;far12;near45;tol0.8;floor0.25;drain0.5;bass0.25"
235728,1790784268689,E Menor,E Menor,0,G Maior,G Maior,0.7039,0.0000,0.7039,0.0000,"G Maior;D Maior;B Menor",,0.00,,0.00,39.45,39.45,1,1,"v2;w20;harm;aar;song60;far12;near45;tol0.8;floor0.25;drain0.5;bass0.25"
236193,1790784269189,E Menor,E Menor,0,G Maior,G Maior,0.7018,0.0000,0.7018,0.0000,"G Maior;D Maior;B Menor",,0.00,,0.00,39.91,39.91,1,1,"v2;w20;harm;aar;song60;far12;near45;tol0.8;floor0.25;drain0.5;bass0.25"
236657,1790784269688,E Menor,E Menor,0,G Maior,G Maior,0.7068,0.0000,0.7068,0.0000,"G Maior;D Maior;B Menor",,0.00,,0.00,40.38,40.38,1,1,"v2;w20;harm;aar;song60;far12;near45;tol0.8;floor0.25;drain0.5;bass0.25"
237215,1790784270190,E Menor,E Menor,0,G Maior,G Maior,0.7161,0.0000,0.7161,0.0000,"G Maior;D Maior;B Menor",,0.00,,0.00,40.94,40.94,1,1,"v2;w20;harm;aar;song60;far12;near45;tol0.8;floor0.25;drain0.5;bass0.25"
237679,1790784270688,E Menor,E Menor,0,G Maior,G Maior,0.7175,0.0000,0.7175,0.0000,"G Maior;D Maior;B Menor",,0.00,,0.00,41.39,41.39,1,1,"v2;w20;harm;aar;song60;far12;near45;tol0.8;floor0.25;drain0.5;bass0.25"
238143,1790784271189,E Menor,G Maior,0,G Maior,G Maior,0.7194,0.0000,0.7194,0.0000,"G Maior;D Maior;B Menor",,0.00,,0.00,41.88,41.88,1,1,"v2;w20;harm;aar;song60;far12;near45;tol0.8;floor0.25;drain0.5;bass0.25"
238701,1790784271689,E Menor,G Maior,0,G Maior,G Maior,0.7160,0.0000,0.7160,0.0000,"G Maior;D Maior;B Menor",,0.00,,0.00,42.43,42.43,1,1,"v2;w20;harm;aar;song60;far12;near45;tol0.8;floor0.25;drain0.5;bass0.25"
239165,1790784272188,E Menor,G Maior,0,G Maior,G Maior,0.7167,0.0000,0.7167,0.0000,"G Maior;D Maior;B Menor",,0.00,,0.00,42.88,42.88,1,1,"v2;w20;harm;aar;song60;far12;near45;tol0.8;floor0.25;drain0.5;bass0.25"
239722,1790784272689,E Menor,G Maior,0,G Maior,G Maior,0.7203,0.0000,0.7203,0.0000,"G Maior;D Maior;B Menor",,0.00,,0.00,43.45,43.45,1,1,"v2;w20;harm;aar;song60;far12;near45;tol0.8;floor0.25;drain0.5;bass0.25"
240187,1790784273189,E Menor,G Maior,0,G Maior,G Maior,0.7213,0.0000,0.7213,0.0000,"G Maior;D Maior;B Menor",,0.00,,0.00,43.91,43.91,1,1,"v2;w20;harm;aar;song60;far12;near45;tol0.8;floor0.25;drain0.5;bass0.25"
240651,1790784273689,E Menor,G Maior,0,G Maior,G Maior,0.7215,0.0000,0.7215,0.0000,"G Maior;D Maior;B Menor",,0.00,,0.00,44.40,44.40,1,1,"v2;w20;harm;aar;song60;far12;near45;tol0.8;floor0.25;drain0.5;bass0.25"
241208,1790784274190,E Menor,G Maior,0,G Maior,G Maior,0.7145,0.0000,0.7145,0.0000,"G Maior;D Maior;B Menor",,0.00,,0.00,44.93,44.93,1,1,"v2;w20;harm;aar;song60;far12;near45;tol0.8;floor0.25;drain0.5;bass0.25"
241673,1790784274689,E Menor,G Maior,0,G Maior,G Maior,0.7153,0.0000,0.7153,0.0000,"G Maior;D Maior;B Menor",,0.00,,0.00,45.40,45.40,1,1,"v2;w20;harm;aar;song60;far12;near45;tol0.8;floor0.25;drain0.5;bass0.25"
242230,1790784275190,E Menor,G Maior,1,G Maior,G Maior,0.7165,0.0000,0.7165,0.0000,"G Maior;D Maior;B Menor",G Maior,0.00,,0.00,45.95,45.95,1,1,"v2;w20;harm;aar;song60;far12;near45;tol0.8;floor0.25;drain0.5;bass0.25"
242694,1790784275689,E Menor,G Maior,1,G Maior,G Maior,0.7127,0.0000,0.7127,0.0000,"G Maior;D Maior;B Menor",,0.00,,0.00,46.41,46.41,1,1,"v2;w20;harm;aar;song60;far12;near45;tol0.8;floor0.25;drain0.5;bass0.25"
243159,1790784276189,E Menor,G Maior,1,G Maior,G Maior,0.7042,0.0000,0.7042,0.0000,"G Maior;D Maior;B Menor",,0.00,,0.00,46.90,46.90,1,1,"v2;w20;harm;aar;song60;far12;near45;tol0.8;floor0.25;drain0.5;bass0.25"
243716,1790784276690,E Menor,G Maior,1,G Maior,G Maior,0.7031,0.0000,0.7031,0.0000,"G Maior;D Maior;B Menor",,0.00,,0.00,47.44,47.44,1,1,"v2;w20;harm;aar;song60;far12;near45;tol0.8;floor0.25;drain0.5;bass0.25"
244181,1790784277190,E Menor,G Maior,1,G Maior,G Maior,0.7032,0.0000,0.7032,0.0000,"G Maior;D Maior;B Menor",,0.00,,0.00,47.90,47.90,1,1,"v2;w20;harm;aar;song60;far12;near45;tol0.8;floor0.25;drain0.5;bass0.25"
244645,1790784277689,E Menor,G Maior,1,G Maior,G Maior,0.7020,0.0000,0.7020,0.0000,"G Maior;D Maior;B Menor",,0.00,,0.00,48.37,48.37,1,1,"v2;w20;harm;aar;song60;far12;near45;tol0.8;floor0.25;drain0.5;bass0.25"
245202,1790784278189,E Menor,G Maior,1,G Maior,G Maior,0.7001,0.0000,0.7001,0.0000,"G Maior;D Maior;B Menor",,0.00,,0.00,48.93,48.93,1,1,"v2;w20;harm;aar;song60;far12;near45;tol0.8;floor0.25;drain0.5;bass0.25"
245667,1790784278689,E Menor,G Maior,1,G Maior,G Maior,0.7030,0.0000,0.7030,0.0000,"G Maior;D Maior;B Menor",,0.00,,0.00,49.38,49.38,1,1,"v2;w20;harm;aar;song60;far12;near45;tol0.8;floor0.25;drain0.5;bass0.25"
246224,1790784279190,E Menor,G Maior,1,G Maior,G Maior,0.7068,0.0000,0.7068,0.0000,"G Maior;D Maior;B Menor",,0.00,,0.00,49.95,49.95,1,1,"v2;w20;harm;aar;song60;far12;near45;tol0.8;floor0.25;drain0.5;bass0.25"
246688,1790784279689,E Menor,G Maior,1,G Maior,G Maior,0.7050,0.0000,0.7050,0.0000,"G Maior;D Maior;B Menor",,0.00,,0.00,50.41,50.41,1,1,"v2;w20;harm;aar;song60;far12;near45;tol0.8;floor0.25;drain0.5;bass0.25"
247153,1790784280189,E Menor,G Maior,1,G Maior,G Maior,0.7037,0.0000,0.7037,0.0000,"G Maior;D Maior;B Menor",,0.00,,0.00,50.89,50.89,1,1,"v2;w20;harm;aar;song60;far12;near45;tol0.8;floor0.25;drain0.5;bass0.25"
247710,1790784280690,E Menor,G Maior,1,G Maior,G Maior,0.7040,0.0000,0.7040,0.0000,"G Maior;D Maior;B Menor",G Maior,0.00,,0.00,51.43,51.43,1,1,"v2;w20;harm;aar;song60;far12;near45;tol0.8;floor0.25;drain0.5;bass0.25"
248174,1790784281189,E Menor,G Maior,1,G Maior,G Maior,0.7076,0.0000,0.7076,0.0000,"G Maior;D Maior;B Menor",G Maior,0.00,,0.00,51.90,51.90,1,1,"v2;w20;harm;aar;song60;far12;near45;tol0.8;floor0.25;drain0.5;bass0.25"
248732,1790784281690,E Menor,G Maior,1,G Maior,G Maior,0.7146,0.0000,0.7146,0.0000,"G Maior;D Maior;B Menor",G Maior,0.02,,0.00,52.45,52.45,1,1,"v2;w20;harm;aar;song60;far12;near45;tol0.8;floor0.25;drain0.5;bass0.25"
249196,1790784282188,E Menor,G Maior,1,G Maior,G Maior,0.7160,0.0000,0.7160,0.0000,"G Maior;D Maior;B Menor",G Maior,0.04,,0.00,52.91,52.91,1,1,"v2;w20;harm;aar;song60;far12;near45;tol0.8;floor0.25;drain0.5;bass0.25"
249660,1790784282689,E Menor,G Maior,1,G Maior,G Maior,0.7174,0.0000,0.7174,0.0000,"G Maior;D Maior;B Menor",G Maior,0.05,,0.00,53.39,53.39,1,1,"v2;w20;harm;aar;song60;far12;near45;tol0.8;floor0.25;drain0.5;bass0.25"
250218,1790784283189,E Menor,G Maior,1,G Maior,G Maior,0.7181,0.0000,0.7181,0.0000,"G Maior;D Maior;B Menor",,0.00,,0.00,53.93,53.93,1,1,"v2;w20;harm;aar;song60;far12;near45;tol0.8;floor0.25;drain0.5;bass0.25"
250682,1790784283688,E Menor,G Maior,1,G Maior,G Maior,0.7225,0.0000,0.7225,0.0000,"G Maior;D Maior;B Menor",G Maior,0.00,,0.00,54.40,54.40,1,1,"v2;w20;harm;aar;song60;far12;near45;tol0.8;floor0.25;drain0.5;bass0.25"
251147,1790784284189,E Menor,G Maior,1,G Maior,G Maior,0.7249,0.0000,0.7249,0.0000,"G Maior;D Maior;B Menor",G Maior,0.00,,0.00,54.87,54.87,1,1,"v2;w20;harm;aar;song60;far12;near45;tol0.8;floor0.25;drain0.5;bass0.25"
251704,1790784284688,E Menor,G Maior,1,G Maior,G Maior,0.7265,0.0000,0.7265,0.0000,"G Maior;D Maior;B Menor",G Maior,0.02,,0.00,55.43,55.43,1,1,"v2;w20;harm;aar;song60;far12;near45;tol0.8;floor0.25;drain0.5;bass0.25"
252168,1790784285189,E Menor,G Maior,1,G Maior,G Maior,0.7277,0.0000,0.7277,0.0000,"G Maior;D Maior;B Menor",G Maior,0.04,,0.00,55.90,55.90,1,1,"v2;w20;harm;aar;song60;far12;near45;tol0.8;floor0.25;drain0.5;bass0.25"
252725,1790784285690,E Menor,G Maior,1,G Maior,G Maior,0.7316,0.0000,0.7316,0.0000,"G Maior;D Maior;B Menor",G Maior,0.05,,0.00,56.45,56.45,1,1,"v2;w20;harm;aar;song60;far12;near45;tol0.8;floor0.25;drain0.5;bass0.25"
253190,1790784286189,E Menor,G Maior,1,G Maior,G Maior,0.7343,0.0000,0.7343,0.0000,"G Maior;D Maior;B Menor",G Maior,0.07,,0.00,56.91,56.91,1,1,"v2;w20;harm;aar;song60;far12;near45;tol0.8;floor0.25;drain0.5;bass0.25"
253654,1790784286689,E Menor,G Maior,1,G Maior,G Maior,0.7392,0.0000,0.7392,0.0000,"G Maior;D Maior;B Menor",G Maior,0.09,,0.00,57.39,57.39,1,1,"v2;w20;harm;aar;song60;far12;near45;tol0.8;floor0.25;drain0.5;bass0.25"
254212,1790784287189,E Menor,G Maior,1,G Maior,G Maior,0.7426,0.0000,0.7426,0.0000,"G Maior;D Maior;B Menor",G Maior,0.10,,0.00,57.93,57.93,1,1,"v2;w20;harm;aar;song60;far12;near45;tol0.8;floor0.25;drain0.5;bass0.25"
254676,1790784287689,E Menor,G Maior,1,G Maior,G Maior,0.7449,0.0000,0.7449,0.0000,"G Maior;D Maior;B Menor",G Maior,0.12,,0.00,58.42,58.42,1,1,"v2;w20;harm;aar;song60;far12;near45;tol0.8;floor0.25;drain0.5;bass0.25"
255233,1790784288189,E Menor,G Maior,1,G Maior,G Maior,0.7374,0.0000,0.7374,0.0000,"G Maior;D Maior;B Menor",G Maior,0.14,,0.00,58.95,58.95,1,1,"v2;w20;harm;aar;song60;far12;near45;tol0.8;floor0.25;drain0.5;bass0.25"
255698,1790784288689,E Menor,G Maior,1,G Maior,G Maior,0.7285,0.0000,0.7285,0.0000,"G Maior;D Maior;B Menor",G Maior,0.15,,0.00,59.41,59.41,1,1,"v2;w20;harm;aar;song60;far12;near45;tol0.8;floor0.25;drain0.5;bass0.25"
256162,1790784289189,E Menor,G Maior,1,G Maior,G Maior,0.7282,0.0000,0.7282,0.0000,"G Maior;D Maior;B Menor",G Maior,0.17,,0.00,59.90,59.90,1,1,"v2;w20;harm;aar;song60;far12;near45;tol0.8;floor0.25;drain0.5;bass0.25"
256719,1790784289689,E Menor,G Maior,1,G Maior,G Maior,0.7260,0.0000,0.7260,0.0000,"G Maior;D Maior;B Menor",G Maior,0.19,,0.00,60.43,60.43,1,1,"v2;w20;harm;aar;song60;far12;near45;tol0.8;floor0.25;drain0.5;bass0.25"
257184,1790784290189,E Menor,G Maior,1,G Maior,G Maior,0.7246,0.0000,0.7246,0.0000,"G Maior;D Maior;B Menor",G Maior,0.20,,0.00,60.90,60.90,1,1,"v2;w20;harm;aar;song60;far12;near45;tol0.8;floor0.25;drain0.5;bass0.25"
257648,1790784290689,E Menor,G Maior,1,G Maior,G Maior,0.7202,0.0000,0.7202,0.0000,"G Maior;D Maior;B Menor",G Maior,0.22,,0.00,61.38,61.38,1,1,"v2;w20;harm;aar;song60;far12;near45;tol0.8;floor0.25;drain0.5;bass0.25"
258205,1790784291189,E Menor,G Maior,1,G Maior,G Maior,0.7176,0.0000,0.7176,0.0000,"G Maior;D Maior;B Menor",G Maior,0.24,,0.00,61.94,61.94,1,1,"v2;w20;harm;aar;song60;far12;near45;tol0.8;floor0.25;drain0.5;bass0.25"
258670,1790784291689,E Menor,G Maior,1,G Maior,G Maior,0.7155,0.0000,0.7155,0.0000,"G Maior;D Maior;B Menor",G Maior,0.25,,0.00,62.40,62.40,1,1,"v2;w20;harm;aar;song60;far12;near45;tol0.8;floor0.25;drain0.5;bass0.25"
259227,1790784292190,E Menor,G Maior,1,G Maior,G Maior,0.7146,0.0000,0.7146,0.0000,"G Maior;D Maior;B Menor",G Maior,0.27,,0.00,62.95,62.95,1,1,"v2;w20;harm;aar;song60;far12;near45;tol0.8;floor0.25;drain0.5;bass0.25"
259691,1790784292689,E Menor,G Maior,1,G Maior,G Maior,0.7156,0.0000,0.7156,0.0000,"G Maior;D Maior;B Menor",G Maior,0.29,,0.00,63.41,63.41,1,1,"v2;w20;harm;aar;song60;far12;near45;tol0.8;floor0.25;drain0.5;bass0.25"
260156,1790784293188,E Menor,G Maior,1,G Maior,G Maior,0.7154,0.0000,0.7154,0.0000,"G Maior;D Maior;B Menor",G Maior,0.30,,0.00,63.90,63.90,1,1,"v2;w20;harm;aar;song60;far12;near45;tol0.8;floor0.25;drain0.5;bass0.25"
260713,1790784293689,E Menor,G Maior,1,G Maior,G Maior,0.7187,0.0000,0.7187,0.0000,"G Maior;D Maior;B Menor",G Maior,0.32,,0.00,64.44,64.44,1,1,"v2;w20;harm;aar;song60;far12;near45;tol0.8;floor0.25;drain0.5;bass0.25"
261178,1790784294189,E Menor,G Maior,1,G Maior,G Maior,0.7207,0.0000,0.7207,0.0000,"G Maior;D Maior;B Menor",G Maior,0.34,,0.00,64.91,64.91,1,1,"v2;w20;harm;aar;song60;far12;near45;tol0.8;floor0.25;drain0.5;bass0.25"
261735,1790784294689,E Menor,G Maior,1,G Maior,G Maior,0.7225,0.0000,0.7225,0.0000,"G Maior;D Maior;B Menor",G Maior,0.35,,0.00,65.45,65.45,1,1,"v2;w20;harm;aar;song60;far12;near45;tol0.8;floor0.25;drain0.5;bass0.25"
262199,1790784295189,E Menor,G Maior,1,G Maior,G Maior,0.7234,0.0000,0.7234,0.0000,"G Maior;D Maior;B Menor",G Maior,0.37,,0.00,65.91,65.91,1,1,"v2;w20;harm;aar;song60;far12;near45;tol0.8;floor0.25;drain0.5;bass0.25"
262664,1790784295688,E Menor,G Maior,1,G Maior,G Maior,0.7235,0.0000,0.7235,0.0000,"G Maior;D Maior;B Menor",G Maior,0.39,,0.00,66.39,66.39,1,1,"v2;w20;harm;aar;song60;far12;near45;tol0.8;floor0.25;drain0.5;bass0.25"
263221,1790784296190,E Menor,G Maior,1,G Maior,G Maior,0.7250,0.0000,0.7250,0.0000,"G Maior;D Maior;B Menor",G Maior,0.40,,0.00,66.93,66.93,1,1,"v2;w20;harm;aar;song60;far12;near45;tol0.8;floor0.25;drain0.5;bass0.25"
263685,1790784296689,E Menor,G Maior,1,G Maior,G Maior,0.7271,0.0000,0.7271,0.0000,"G Maior;D Maior;B Menor",G Maior,0.42,,0.00,67.42,67.42,1,1,"v2;w20;harm;aar;song60;far12;near45;tol0.8;floor0.25;drain0.5;bass0.25"
264150,1790784297189,E Menor,G Maior,1,G Maior,G Maior,0.7254,0.0000,0.7254,0.0000,"G Maior;D Maior;B Menor",G Maior,0.44,,0.00,67.87,67.87,1,1,"v2;w20;harm;aar;song60;far12;near45;tol0.8;floor0.25;drain0.5;bass0.25"
264707,1790784297689,E Menor,G Maior,1,G Maior,G Maior,0.7212,0.0000,0.7212,0.0000,"G Maior;D Maior;B Menor",G Maior,0.45,,0.00,68.43,68.43,1,1,"v2;w20;harm;aar;song60;far12;near45;tol0.8;floor0.25;drain0.5;bass0.25"
265171,1790784298189,E Menor,G Maior,1,G Maior,G Maior,0.7192,0.0000,0.7192,0.0000,"G Maior;D Maior;B Menor",G Maior,0.47,,0.00,68.89,68.89,1,1,"v2;w20;harm;aar;song60;far12;near45;tol0.8;floor0.25;drain0.5;bass0.25"
265729,1790784298689,E Menor,G Maior,1,G Maior,G Maior,0.7182,0.0000,0.7182,0.0000,"G Maior;D Maior;B Menor",G Maior,0.49,,0.00,69.45,69.45,1,1,"v2;w20;harm;aar;song60;far12;near45;tol0.8;floor0.25;drain0.5;bass0.25"
266193,1790784299188,E Menor,G Maior,1,G Maior,G Maior,0.7177,0.0000,0.7177,0.0000,"G Maior;D Maior;B Menor",G Maior,0.50,,0.00,69.94,69.94,1,1,"v2;w20;harm;aar;song60;far12;near45;tol0.8;floor0.25;drain0.5;bass0.25"
266657,1790784299689,E Menor,G Maior,1,G Maior,G Maior,0.7155,0.0000,0.7155,0.0000,"G Maior;D Maior;B Menor",G Maior,0.52,,0.00,70.39,70.39,1,1,"v2;w20;harm;aar;song60;far12;near45;tol0.8;floor0.25;drain0.5;bass0.25"
267215,1790784300190,E Menor,G Maior,1,G Maior,G Maior,0.7147,0.0000,0.7147,0.0000,"G Maior;D Maior;B Menor",G Maior,0.54,,0.00,70.94,70.94,1,1,"v2;w20;harm;aar;song60;far12;near45;tol0.8;floor0.25;drain0.5;bass0.25"
267679,1790784300689,E Menor,G Maior,1,G Maior,G Maior,0.7132,0.0000,0.7132,0.0000,"G Maior;D Maior;B Menor",G Maior,0.55,,0.00,71.42,71.42,1,1,"v2;w20;harm;aar;song60;far12;near45;tol0.8;floor0.25;drain0.5;bass0.25"
268236,1790784301190,E Menor,G Maior,1,G Maior,G Maior,0.7153,0.0000,0.7153,0.0000,"G Maior;D Maior;B Menor",G Maior,0.57,,0.00,71.95,71.95,1,1,"v2;w20;harm;aar;song60;far12;near45;tol0.8;floor0.25;drain0.5;bass0.25"
268701,1790784301689,E Menor,G Maior,1,G Maior,G Maior,0.7177,0.0000,0.7177,0.0000,"G Maior;D Maior;B Menor",G Maior,0.59,,0.00,72.42,72.42,1,1,"v2;w20;harm;aar;song60;far12;near45;tol0.8;floor0.25;drain0.5;bass0.25"
269165,1790784302189,E Menor,G Maior,1,G Maior,G Maior,0.7170,0.0000,0.7170,0.0000,"G Maior;D Maior;B Menor",G Maior,0.60,,0.00,72.89,72.89,1,1,"v2;w20;harm;aar;song60;far12;near45;tol0.8;floor0.25;drain0.5;bass0.25"
269722,1790784302688,E Menor,G Maior,1,G Maior,G Maior,0.7133,0.0000,0.7133,0.0000,"G Maior;D Maior;B Menor",G Maior,0.62,,0.00,73.43,73.43,1,1,"v2;w20;harm;aar;song60;far12;near45;tol0.8;floor0.25;drain0.5;bass0.25"
270187,1790784303189,E Menor,G Maior,1,G Maior,G Maior,0.7118,0.0000,0.7118,0.0000,"G Maior;D Maior;B Menor",G Maior,0.64,,0.00,73.91,73.91,1,1,"v2;w20;harm;aar;song60;far12;near45;tol0.8;floor0.25;drain0.5;bass0.25"
270651,1790784303689,E Menor,G Maior,1,G Maior,G Maior,0.7168,0.0000,0.7168,0.0000,"G Maior;D Maior;B Menor",G Maior,0.65,,0.00,74.38,74.38,1,1,"v2;w20;harm;aar;song60;far12;near45;tol0.8;floor0.25;drain0.5;bass0.25"
271209,1790784304190,E Menor,G Maior,1,G Maior,G Maior,0.7205,0.0000,0.7205,0.0000,"G Maior;D Maior;B Menor",G Maior,0.67,,0.00,74.93,74.93,1,1,"v2;w20;harm;aar;song60;far12;near45;tol0.8;floor0.25;drain0.5;bass0.25"
271673,1790784304689,E Menor,G Maior,1,G Maior,G Maior,0.7219,0.0000,0.7219,0.0000,"G Maior;D Maior;B Menor",G Maior,0.69,,0.00,75.39,75.39,1,1,"v2;w20;harm;aar;song60;far12;near45;tol0.8;floor0.25;drain0.5;bass0.25"
272230,1790784305189,E Menor,G Maior,1,G Maior,G Maior,0.7246,0.0000,0.7246,0.0000,"G Maior;D Maior;B Menor",G Maior,0.70,,0.00,75.95,75.95,1,1,"v2;w20;harm;aar;song60;far12;near45;tol0.8;floor0.25;drain0.5;bass0.25"
272695,1790784305689,E Menor,G Maior,1,G Maior,G Maior,0.7254,0.0000,0.7254,0.0000,"G Maior;D Maior;B Menor",G Maior,0.72,,0.00,76.43,76.43,1,1,"v2;w20;harm;aar;song60;far12;near45;tol0.8;floor0.25;drain0.5;bass0.25"
273159,1790784306189,E Menor,G Maior,1,G Maior,G Maior,0.7245,0.0000,0.7245,0.0000,"G Maior;D Maior;B Menor",G Maior,0.74,,0.00,76.89,76.89,1,1,"v2;w20;harm;aar;song60;far12;near45;tol0.8;floor0.25;drain0.5;bass0.25"
273716,1790784306690,E Menor,G Maior,1,G Maior,G Maior,0.7214,0.0000,0.7214,0.0000,"G Maior;D Maior;B Menor",G Maior,0.75,,0.00,77.44,77.44,1,1,"v2;w20;harm;aar;song60;far12;near45;tol0.8;floor0.25;drain0.5;bass0.25"
274181,1790784307189,E Menor,G Maior,1,G Maior,G Maior,0.7228,0.0000,0.7228,0.0000,"G Maior;D Maior;B Menor",G Maior,0.77,,0.00,77.91,77.91,1,1,"v2;w20;harm;aar;song60;far12;near45;tol0.8;floor0.25;drain0.5;bass0.25"
274738,1790784307689,E Menor,G Maior,1,G Maior,G Maior,0.7235,0.0000,0.7235,0.0000,"G Maior;D Maior;B Menor",G Maior,0.79,,0.00,78.45,78.45,1,1,"v2;w20;harm;aar;song60;far12;near45;tol0.8;floor0.25;drain0.5;bass0.25"
275202,1790784308190,E Menor,G Maior,1,G Maior,G Maior,0.7245,0.0000,0.7245,0.0000,"G Maior;D Maior;B Menor",G Maior,0.80,,0.00,78.93,78.93,1,1,"v2;w20;harm;aar;song60;far12;near45;tol0.8;floor0.25;drain0.5;bass0.25"
275667,1790784308689,E Menor,G Maior,1,G Maior,G Maior,0.7273,0.0000,0.7273,0.0000,"G Maior;D Maior;B Menor",G Maior,0.82,,0.00,79.39,79.39,1,1,"v2;w20;harm;aar;song60;far12;near45;tol0.8;floor0.25;drain0.5;bass0.25"
276224,1790784309189,E Menor,G Maior,1,G Maior,G Maior,0.7334,0.0000,0.7334,0.0000,"G Maior;D Maior;B Menor",G Maior,0.84,,0.00,79.94,79.94,1,1,"v2;w20;harm;aar;song60;far12;near45;tol0.8;floor0.25;drain0.5;bass0.25"
276688,1790784309689,E Menor,G Maior,1,G Maior,G Maior,0.7358,0.0000,0.7358,0.0000,"G Maior;D Maior;B Menor",G Maior,0.85,,0.00,80.41,80.41,1,1,"v2;w20;harm;aar;song60;far12;near45;tol0.8;floor0.25;drain0.5;bass0.25"
277153,1790784310189,E Menor,G Maior,1,G Maior,G Maior,0.7381,0.0000,0.7381,0.0000,"G Maior;D Maior;B Menor",G Maior,0.87,,0.00,80.87,80.87,1,1,"v2;w20;harm;aar;song60;far12;near45;tol0.8;floor0.25;drain0.5;bass0.25"
277710,1790784310689,E Menor,G Maior,1,G Maior,G Maior,0.7407,0.0000,0.7407,0.0000,"G Maior;D Maior;B Menor",G Maior,0.89,,0.00,81.45,81.45,1,1,"v2;w20;harm;aar;song60;far12;near45;tol0.8;floor0.25;drain0.5;bass0.25"
278175,1790784311189,E Menor,G Maior,1,G Maior,G Maior,0.7451,0.0000,0.7451,0.0000,"G Maior;D Maior;B Menor",G Maior,0.90,,0.00,81.89,81.89,1,1,"v2;w20;harm;aar;song60;far12;near45;tol0.8;floor0.25;drain0.5;bass0.25"
278732,1790784311689,E Menor,G Maior,1,G Maior,G Maior,0.7508,0.0000,0.7508,0.0000,"G Maior;D Maior;B Menor",G Maior,0.92,,0.00,82.45,82.45,1,1,"v2;w20;harm;aar;song60;far12;near45;tol0.8;floor0.25;drain0.5;bass0.25"
279196,1790784312189,E Menor,G Maior,1,G Maior,G Maior,0.7513,0.0000,0.7513,0.0000,"G Maior;D Maior;B Menor",G Maior,0.94,,0.00,82.94,82.94,1,1,"v2;w20;harm;aar;song60;far12;near45;tol0.8;floor0.25;drain0.5;bass0.25"
279661,1790784312689,E Menor,G Maior,1,G Maior,G Maior,0.7514,0.0000,0.7514,0.0000,"G Maior;D Maior;B Menor",G Maior,0.95,,0.00,83.39,83.39,1,1,"v2;w20;harm;aar;song60;far12;near45;tol0.8;floor0.25;drain0.5;bass0.25"
280218,1790784313190,E Menor,G Maior,1,G Maior,G Maior,0.7485,0.0000,0.7485,0.0000,"G Maior;D Maior;B Menor",G Maior,0.97,,0.00,83.93,83.93,1,1,"v2;w20;harm;aar;song60;far12;near45;tol0.8;floor0.25;drain0.5;bass0.25"
280682,1790784313689,G Maior,G Maior,0,G Maior,D Maior,0.7482,0.7482,0.7195,0.1148,"D Maior;E Menor;B Menor",,0.00,,0.00,84.42,84.42,2,1,"v2;w20;harm;aar;song60;far12;near45;tol0.8;floor0.25;drain0.5;bass0.25"
281240,1790784314189,G Maior,G Maior,0,G Maior,D Maior,0.7452,0.7452,0.7221,0.0923,"D Maior;E Menor;B Menor",,0.00,,0.00,84.95,84.95,2,1,"v2;w20;harm;aar;song60;far12;near45;tol0.8;floor0.25;drain0.5;bass0.25"
281704,1790784314689,G Maior,G Maior,0,G Maior,D Maior,0.7421,0.7421,0.7244,0.0706,"D Maior;E Menor;B Menor",,0.00,,0.00,85.43,85.43,2,1,"v2;w20;harm;aar;song60;far12;near45;tol0.8;floor0.25;drain0.5;bass0.25"
282168,1790784315189,G Maior,G Maior,0,G Maior,D Maior,0.7396,0.7396,0.7264,0.0525,"D Maior;E Menor;B Menor",,0.00,,0.00,85.89,85.89,2,1,"v2;w20;harm;aar;song60;far12;near45;tol0.8;floor0.25;drain0.5;bass0.25"
282726,1790784315690,G Maior,G Maior,0,G Maior,D Maior,0.7382,0.7382,0.7261,0.0483,"D Maior;E Menor;B Menor",,0.00,,0.00,86.43,86.43,2,1,"v2;w20;harm;aar;song60;far12;near45;tol0.8;floor0.25;drain0.5;bass0.25"
283190,1790784316189,G Maior,G Maior,0,G Maior,D Maior,0.7361,0.7361,0.7279,0.0329,"D Maior;E Menor;B Menor",,0.00,,0.00,86.92,86.92,2,1,"v2;w20;harm;aar;song60;far12;near45;tol0.8;floor0.25;drain0.5;bass0.25"
283654,1790784316689,G Maior,G Maior,0,G Maior,D Maior,0.7330,0.7330,0.7304,0.0104,"D Maior;E Menor;B Menor",,0.00,,0.00,87.38,87.38,2,1,"v2;w20;harm;aar;song60;far12;near45;tol0.8;floor0.25;drain0.5;bass0.25"
284212,1790784317185,G Maior,G Maior,0,G Maior,D Maior,0.7334,0.7334,0.7308,0.0101,"D Maior;E Menor;B Menor",,0.00,,0.00,87.95,87.95,2,1,"v2;w20;harm;aar;song60;far12;near45;tol0.8;floor0.25;drain0.5;bass0.25"
284676,1790784317688,G Maior,G Maior,0,G Maior,D Maior,0.7352,0.7352,0.7277,0.0299,"D Maior;E Menor;B Menor",,0.00,,0.00,88.39,88.39,2,1,"v2;w20;harm;aar;song60;far12;near45;tol0.8;floor0.25;drain0.5;bass0.25"
285233,1790784318189,G Maior,G Maior,0,G Maior,D Maior,0.7366,0.7366,0.7281,0.0338,"D Maior;E Menor;B Menor",,0.00,,0.00,88.95,88.95,2,1,"v2;w20;harm;aar;song60;far12;near45;tol0.8;floor0.25;drain0.5;bass0.25"
285698,1790784318685,G Maior,G Maior,0,G Maior,D Maior,0.7368,0.7368,0.7288,0.0321,"D Maior;E Menor;B Menor",,0.00,,0.00,89.43,89.43,2,1,"v2;w20;harm;aar;song60;far12;near45;tol0.8;floor0.25;drain0.5;bass0.25"
286162,1790784319188,G Maior,G Maior,0,G Maior,D Maior,0.7358,0.7358,0.7283,0.0303,"D Maior;E Menor;B Menor",,0.00,,0.00,89.89,89.89,2,1,"v2;w20;harm;aar;song60;far12;near45;tol0.8;floor0.25;drain0.5;bass0.25"
286720,1790784319689,G Maior,G Maior,0,G Maior,D Maior,0.7363,0.7363,0.7272,0.0361,"D Maior;E Menor;B Menor",,0.00,,0.00,90.45,90.45,2,1,"v2;w20;harm;aar;song60;far12;near45;tol0.8;floor0.25;drain0.5;bass0.25"
287184,1790784320189,G Maior,G Maior,0,G Maior,D Maior,0.7346,0.7346,0.7264,0.0330,"D Maior;E Menor;B Menor",,0.00,,0.00,90.92,90.92,2,1,"v2;w20;harm;aar;song60;far12;near45;tol0.8;floor0.25;drain0.5;bass0.25"
287741,1790784320689,G Maior,G Maior,0,G Maior,D Maior,0.7351,0.7351,0.7247,0.0416,"D Maior;E Menor;B Menor",,0.00,,0.00,91.45,91.45,2,1,"v2;w20;harm;aar;song60;far12;near45;tol0.8;floor0.25;drain0.5;bass0.25"
288206,1790784321189,G Maior,G Maior,0,G Maior,D Maior,0.7375,0.7375,0.7227,0.0591,"D Maior;E Menor;B Menor",,0.00,,0.00,91.94,91.94,2,1,"v2;w20;harm;aar;song60;far12;near45;tol0.8;floor0.25;drain0.5;bass0.25"
288670,1790784321689,G Maior,G Maior,0,G Maior,D Maior,0.7394,0.7394,0.7227,0.0667,"D Maior;E Menor;B Menor",,0.00,,0.00,92.39,92.39,2,1,"v2;w20;harm;aar;song60;far12;near45;tol0.8;floor0.25;drain0.5;bass0.25"
289227,1790784322188,G Maior,G Maior,0,G Maior,D Maior,0.7417,0.7417,0.7214,0.0816,"D Maior;E Menor;B Menor",,0.00,,0.00,92.96,92.96,2,1,"v2;w20;harm;aar;song60;far12;near45;tol0.8;floor0.25;drain0.5;bass0.25"
289692,1790784322689,G Maior,G Maior,0,G Maior,D Maior,0.7433,0.7433,0.7209,0.0896,"D Maior;E Menor;B Menor",,0.00,,0.00,93.42,93.42,2,1,"v2;w20;harm;aar;song60;far12;near45;tol0.8;floor0.25;drain0.5;bass0.25"
290156,1790784323189,G Maior,G Maior,0,G Maior,D Maior,0.7453,0.7453,0.7199,0.1017,"D Maior;E Menor;B Menor",,0.00,,0.00,93.87,93.87,2,1,"v2;w20;harm;aar;song60;far12;near45;tol0.8;floor0.25;drain0.5;bass0.25"
290713,1790784323689,G Maior,G Maior,0,G Maior,D Maior,0.7457,0.7457,0.7209,0.0993,"D Maior;E Menor;B Menor",,0.00,,0.00,94.46,94.46,2,1,"v2;w20;harm;aar;song60;far12;near45;tol0.8;floor0.25;drain0.5;bass0.25"
291178,1790784324189,G Maior,G Maior,0,G Maior,D Maior,0.7484,0.7484,0.7204,0.1118,"D Maior;E Menor;B Menor",,0.00,,0.00,94.89,94.89,2,1,"v2;w20;harm;aar;song60;far12;near45;tol0.8;floor0.25;drain0.5;bass0.25"
291735,1790784324689,G Maior,G Maior,0,G Maior,D Maior,0.7501,0.7501,0.7199,0.1208,"D Maior;E Menor;B Menor",,0.00,,0.00,95.45,95.45,2,1,"v2;w20;harm;aar;song60;far12;near45;tol0.8;floor0.25;drain0.5;bass0.25"
292199,1790784325189,G Maior,G Maior,0,G Maior,D Maior,0.7525,0.7525,0.7208,0.1269,"D Maior;E Menor;B Menor",,0.00,,0.00,95.94,95.94,2,1,"v2;w20;harm;aar;song60;far12;near45;tol0.8;floor0.25;drain0.5;bass0.25"
292664,1790784325689,G Maior,G Maior,0,G Maior,D Maior,0.7530,0.7530,0.7221,0.1236,"D Maior;E Menor;B Menor",,0.00,,0.00,96.39,96.39,2,1,"v2;w20;harm;aar;song60;far12;near45;tol0.8;floor0.25;drain0.5;bass0.25"
293221,1790784326189,G Maior,G Maior,0,G Maior,D Maior,0.7562,0.7562,0.7229,0.1333,"D Maior;E Menor;B Menor",,0.00,,0.00,96.95,96.95,2,1,"v2;w20;harm;aar;song60;far12;near45;tol0.8;floor0.25;drain0.5;bass0.25"
293685,1790784326689,G Maior,G Maior,0,G Maior,D Maior,0.7616,0.7616,0.7239,0.1510,"D Maior;E Menor;B Menor",,0.00,,0.00,97.41,97.41,2,1,"v2;w20;harm;aar;song60;far12;near45;tol0.8;floor0.25;drain0.5;bass0.25"
294243,1790784327188,G Maior,G Maior,0,G Maior,D Maior,0.7686,0.7686,0.7253,0.1735,"D Maior;E Menor;B Menor",,0.00,,0.00,97.95,97.95,2,1,"v2;w20;harm;aar;song60;far12;near45;tol0.8;floor0.25;drain0.5;bass0.25"
294707,1790784327690,G Maior,G Maior,0,G Maior,D Maior,0.7721,0.7721,0.7278,0.1773,"D Maior;E Menor;B Menor",,0.00,,0.00,98.44,98.44,2,1,"v2;w20;harm;aar;song60;far12;near45;tol0.8;floor0.25;drain0.5;bass0.25"
295172,1790784328189,G Maior,G Maior,0,G Maior,D Maior,0.7750,0.7750,0.7307,0.1775,"D Maior;E Menor;B Menor",,0.00,,0.00,98.90,98.90,2,1,"v2;w20;harm;aar;song60;far12;near45;tol0.8;floor0.25;drain0.5;bass0.25"
295729,1790784328689,G Maior,G Maior,0,G Maior,D Maior,0.7743,0.7743,0.7353,0.1562,"D Maior;E Menor;B Menor",,0.00,,0.00,99.45,99.45,2,1,"v2;w20;harm;aar;song60;far12;near45;tol0.8;floor0.25;drain0.5;bass0.25"
296193,1790784329189,G Maior,G Maior,0,G Maior,D Maior,0.7730,0.7730,0.7381,0.1396,"D Maior;E Menor;B Menor",,0.00,,0.00,99.92,99.92,2,1,"v2;w20;harm;aar;song60;far12;near45;tol0.8;floor0.25;drain0.5;bass0.25"
296658,1790784329689,G Maior,G Maior,0,G Maior,D Maior,0.7737,0.7737,0.7398,0.1356,"D Maior;E Menor;B Menor",,0.00,,0.00,100.37,100.37,2,1,"v2;w20;harm;aar;song60;far12;near45;tol0.8;floor0.25;drain0.5;bass0.25"
297215,1790784330189,G Maior,G Maior,0,G Maior,D Maior,0.7759,0.7759,0.7385,0.1495,"D Maior;E Menor;B Menor",,0.00,,0.00,100.96,100.96,2,1,"v2;w20;harm;aar;song60;far12;near45;tol0.8;floor0.25;drain0.5;bass0.25"
297679,1790784330689,G Maior,G Maior,0,G Maior,D Maior,0.7726,0.7726,0.7375,0.1402,"D Maior;E Menor;B Menor",,0.00,,0.00,101.39,101.39,2,1,"v2;w20;harm;aar;song60;far12;near45;tol0.8;floor0.25;drain0.5;bass0.25"
298144,1790784331189,G Maior,G Maior,0,G Maior,D Maior,0.7699,0.7699,0.7356,0.1372,"D Maior;E Menor;B Menor",,0.00,,0.00,101.86,101.86,2,1,"v2;w20;harm;aar;song60;far12;near45;tol0.8;floor0.25;drain0.5;bass0.25"
298701,1790784331685,G Maior,G Maior,0,G Maior,D Maior,0.7693,0.7693,0.7310,0.1530,"D Maior;E Menor;B Menor",,0.00,,0.00,102.44,102.44,2,1,"v2;w20;harm;aar;song60;far12;near45;tol0.8;floor0.25;drain0.5;bass0.25"
299165,1790784332184,G Maior,G Maior,0,G Maior,D Maior,0.7698,0.7698,0.7283,0.1661,"D Maior;E Menor;B Menor",,0.00,,0.00,102.89,102.89,2,1,"v2;w20;harm;aar;song60;far12;near45;tol0.8;floor0.25;drain0.5;bass0.25"
299723,1790784332689,G Maior,G Maior,0,G Maior,D Maior,0.7688,0.7688,0.7279,0.1635,"D Maior;E Menor;B Menor",,0.00,,0.00,103.45,103.45,2,1,"v2;w20;harm;aar;song60;far12;near45;tol0.8;floor0.25;drain0.5;bass0.25"
300187,1790784333189,G Maior,G Maior,0,G Maior,D Maior,0.7689,0.7689,0.7281,0.1630,"D Maior;E Menor;B Menor",,0.00,,0.00,103.92,103.92,2,1,"v2;w20;harm;aar;song60;far12;near45;tol0.8;floor0.25;drain0.5;bass0.25"
300651,1790784333689,G Maior,G Maior,0,G Maior,D Maior,0.7745,0.7745,0.7265,0.1918,"D Maior;E Menor;B Menor",,0.00,,0.00,104.38,104.38,2,1,"v2;w20;harm;aar;song60;far12;near45;tol0.8;floor0.25;drain0.5;bass0.25"
301209,1790784334190,G Maior,G Maior,0,G Maior,D Maior,0.7733,0.7733,0.7232,0.2003,"D Maior;E Menor;B Menor",,0.00,,0.00,104.94,104.94,2,1,"v2;w20;harm;aar;song60;far12;near45;tol0.8;floor0.25;drain0.5;bass0.25"
301673,1790784334689,G Maior,G Maior,0,G Maior,D Maior,0.7714,0.7714,0.7208,0.2025,"D Maior;E Menor;B Menor",,0.00,,0.00,105.39,105.39,2,1,"v2;w20;harm;aar;song60;far12;near45;tol0.8;floor0.25;drain0.5;bass0.25"
302230,1790784335188,G Maior,G Maior,0,G Maior,D Maior,0.7710,0.7710,0.7184,0.2106,"D Maior;E Menor;B Menor",,0.00,,0.00,105.95,105.95,2,1,"v2;w20;harm;aar;song60;far12;near45;tol0.8;floor0.25;drain0.5;bass0.25"
302695,1790784335690,G Maior,G Maior,0,G Maior,D Maior,0.7734,0.7734,0.7193,0.2166,"D Maior;E Menor;B Menor",,0.00,,0.00,106.41,106.41,2,1,"v2;w20;harm;aar;song60;far12;near45;tol0.8;floor0.25;drain0.5;bass0.25"
303159,1790784336189,G Maior,G Maior,0,G Maior,D Maior,0.7739,0.7739,0.7205,0.2136,"D Maior;E Menor;B Menor",,0.00,,0.00,106.88,106.88,2,1,"v2;w20;harm;aar;song60;far12;near45;tol0.8;floor0.25;drain0.5;bass0.25"
303717,1790784336687,G Maior,G Maior,0,G Maior,D Maior,0.7760,0.7760,0.7211,0.2195,"D Maior;E Menor;B Menor",,0.00,,0.00,107.45,107.45,2,1,"v2;w20;harm;aar;song60;far12;near45;tol0.8;floor0.25;drain0.5;bass0.25"
304181,1790784337188,G Maior,G Maior,0,G Maior,D Maior,0.7797,0.7797,0.7181,0.2466,"D Maior;E Menor;B Menor",,0.00,,0.00,107.89,107.89,2,1,"v2;w20;harm;aar;song60;far12;near45;tol0.8;floor0.25;drain0.5;bass0.25"
304645,1790784337688,G Maior,G Maior,0,G Maior,D Maior,0.7801,0.7801,0.7155,0.2583,"D Maior;E Menor;B Menor",,0.00,,0.00,108.37,108.37,2,1,"v2;w20;harm;aar;song60;far12;near45;tol0.8;floor0.25;drain0.5;bass0.25"
305203,1790784338188,G Maior,G Maior,0,G Maior,D Maior,0.7788,0.7788,0.7139,0.2598,"D Maior;E Menor;B Menor",,0.00,,0.00,108.94,108.94,2,1,"v2;w20;harm;aar;song60;far12;near45;tol0.8;floor0.25;drain0.5;bass0.25"
305667,1790784338689,G Maior,G Maior,0,G Maior,D Maior,0.7800,0.7800,0.7120,0.2719,"D Maior;E Menor;B Menor",,0.00,,0.00,109.39,109.39,2,1,"v2;w20;harm;aar;song60;far12;near45;tol0.8;floor0.25;drain0.5;bass0.25"
306224,1790784339189,G Maior,G Maior,0,G Maior,D Maior,0.7796,0.7796,0.7118,0.2712,"D Maior;E Menor;B Menor",,0.00,,0.00,109.95,109.95,2,1,"v2;w20;harm;aar;song60;far12;near45;tol0.8;floor0.25;drain0.5;bass0.25"
306689,1790784339689,G Maior,G Maior,0,G Maior,D Maior,0.7796,0.7796,0.7137,0.2634,"D Maior;E Menor;B Menor",,0.00,,0.00,110.41,110.41,2,1,"v2;w20;harm;aar;song60;far12;near45;tol0.8;floor0.25;drain0.5;bass0.25"
307153,1790784340189,G Maior,G Maior,0,G Maior,D Maior,0.7795,0.7795,0.7148,0.2591,"D Maior;E Menor;B Menor",,0.00,,0.00,110.89,110.89,2,1,"v2;w20;harm;aar;song60;far12;near45;tol0.8;floor0.25;drain0.5;bass0.25"
307710,1790784340690,G Maior,G Maior,0,G Maior,D Maior,0.7827,0.7827,0.7134,0.2773,"D Maior;E Menor;B Menor",,0.00,,0.00,111.44,111.44,2,1,"v2;w20;harm;aar;song60;far12;near45;tol0.8;floor0.25;drain0.5;bass0.25"
308175,1790784341192,G Maior,G Maior,0,G Maior,D Maior,0.7816,0.7816,0.7118,0.2795,"D Maior;E Menor;B Menor",,0.00,,0.00,111.89,111.89,2,1,"v2;w20;harm;aar;song60;far12;near45;tol0.8;floor0.25;drain0.5;bass0.25"
308732,1790784341689,G Maior,G Maior,0,G Maior,D Maior,0.7804,0.7804,0.7079,0.2898,"D Maior;E Menor;B Menor",,0.00,,0.00,112.45,112.45,2,1,"v2;w20;harm;aar;song60;far12;near45;tol0.8;floor0.25;drain0.5;bass0.25"
309196,1790784342189,G Maior,G Maior,0,G Maior,D Maior,0.7804,0.7804,0.7049,0.3020,"D Maior;E Menor;B Menor",,0.00,,0.00,112.92,112.92,2,1,"v2;w20;harm;aar;song60;far12;near45;tol0.8;floor0.25;drain0.5;bass0.25"
309661,1790784342689,G Maior,G Maior,0,G Maior,D Maior,0.7795,0.7795,0.7035,0.3042,"D Maior;E Menor;B Menor",,0.00,,0.00,113.38,113.38,2,1,"v2;w20;harm;aar;song60;far12;near45;tol0.8;floor0.25;drain0.5;bass0.25"
310218,1790784343190,G Maior,G Maior,0,G Maior,D Maior,0.7777,0.7777,0.7054,0.2894,"D Maior;E Menor;B Menor",,0.00,,0.00,113.95,113.95,2,1,"v2;w20;harm;aar;song60;far12;near45;tol0.8;floor0.25;drain0.5;bass0.25"
310682,1790784343688,G Maior,G Maior,0,G Maior,D Maior,0.7757,0.7757,0.7065,0.2770,"D Maior;E Menor;B Menor",,0.00,,0.00,114.39,114.39,2,1,"v2;w20;harm;aar;song60;far12;near45;tol0.8;floor0.25;drain0.5;bass0.25"
311147,1790784344189,G Maior,G Maior,0,G Maior,D Maior,0.7782,0.7782,0.7058,0.2895,"D Maior;E Menor;B Menor",,0.00,,0.00,114.88,114.88,2,1,"v2;w20;harm;aar;song60;far12;near45;tol0.8;floor0.25;drain0.5;bass0.25"
311704,1790784344689,G Maior,G Maior,0,G Maior,D Maior,0.7771,0.7771,0.7048,0.2891,"D Maior;E Menor;B Menor",,0.00,,0.00,115.44,115.44,2,1,"v2;w20;harm;aar;song60;far12;near45;tol0.8;floor0.25;drain0.5;bass0.25"
312169,1790784345190,G Maior,G Maior,0,G Maior,D Maior,0.7724,0.7724,0.7026,0.2795,"D Maior;E Menor;B Menor",,0.00,,0.00,115.90,115.90,2,1,"v2;w20;harm;aar;song60;far12;near45;tol0.8;floor0.25;drain0.5;bass0.25"
312726,1790784345689,G Maior,G Maior,0,G Maior,D Maior,0.7716,0.7716,0.7005,0.2844,"D Maior;E Menor;B Menor",,0.00,,0.00,116.45,116.45,2,1,"v2;w20;harm;aar;song60;far12;near45;tol0.8;floor0.25;drain0.5;bass0.25"
313190,1790784346189,G Maior,G Maior,0,G Maior,D Maior,0.7708,0.7708,0.6975,0.2934,"D Maior;E Menor;B Menor",,0.00,,0.00,116.92,116.92,2,1,"v2;w20;harm;aar;song60;far12;near45;tol0.8;floor0.25;drain0.5;bass0.25"
313655,1790784346689,G Maior,G Maior,0,G Maior,D Maior,0.7700,0.7700,0.6991,0.2836,"D Maior;E Menor;B Menor",,0.00,,0.00,117.39,117.39,2,1,"v2;w20;harm;aar;song60;far12;near45;tol0.8;floor0.25;drain0.5;bass0.25"
314212,1790784347191,G Maior,G Maior,0,G Maior,D Maior,0.7685,0.7685,0.7004,0.2723,"D Maior;E Menor;B Menor",,0.00,,0.00,117.94,117.94,2,1,"v2;w20;harm;aar;song60;far12;near45;tol0.8;floor0.25;drain0.5;bass0.25"
314676,1790784347689,G Maior,G Maior,0,G Maior,D Maior,0.7706,0.7706,0.6990,0.2862,"D Maior;E Menor;B Menor",,0.00,,0.00,118.39,118.39,2,1,"v2;w20;harm;aar;song60;far12;near45;tol0.8;floor0.25;drain0.5;bass0.25"
315234,1790784348189,G Maior,G Maior,0,G Maior,D Maior,0.7775,0.7775,0.6986,0.3156,"D Maior;E Menor;B Menor",,0.00,,0.00,118.95,118.95,2,1,"v2;w20;harm;aar;song60;far12;near45;tol0.8;floor0.25;drain0.5;bass0.25"
315698,1790784348689,G Maior,G Maior,0,G Maior,D Maior,0.7822,0.7822,0.6981,0.3366,"D Maior;E Menor;B Menor",,0.00,,0.00,119.42,119.42,2,1,"v2;w20;harm;aar;song60;far12;near45;tol0.8;floor0.25;drain0.5;bass0.25"
316162,1790784349189,G Maior,G Maior,0,G Maior,D Maior,0.7840,0.7840,0.6984,0.3423,"D Maior;E Menor;B Menor",,0.00,,0.00,119.89,119.89,2,1,"v2;w20;harm;aar;song60;far12;near45;tol0.8;floor0.25;drain0.5;bass0.25"
316720,1790784349689,G Maior,G Maior,0,G Maior,D Maior,0.7829,0.7829,0.7020,0.3235,"D Maior;E Menor;B Menor",,0.00,,0.00,120.45,120.45,2,1,"v2;w20;harm;aar;song60;far12;near45;tol0.8;floor0.25;drain0.5;bass0.25"
317184,1790784350189,G Maior,G Maior,0,G Maior,D Maior,0.7816,0.7816,0.7038,0.3112,"D Maior;E Menor;B Menor",,0.00,,0.00,120.89,120.89,2,1,"v2;w20;harm;aar;song60;far12;near45;tol0.8;floor0.25;drain0.5;bass0.25"
317648,1790784350689,G Maior,G Maior,0,G Maior,D Maior,0.7827,0.7827,0.7056,0.3083,"D Maior;E Menor;B Menor",,0.00,,0.00,121.37,121.37,2,1,"v2;w20;harm;aar;song60;far12;near45;tol0.8;floor0.25;drain0.5;bass0.25"
318206,1790784351189,G Maior,G Maior,0,G Maior,D Maior,0.7831,0.7831,0.7047,0.3136,"D Maior;E Menor;B Menor",,0.00,,0.00,121.94,121.94,2,1,"v2;w20;harm;aar;song60;far12;near45;tol0.8;floor0.25;drain0.5;bass0.25"
318670,1790784351685,G Maior,G Maior,0,G Maior,D Maior,0.7834,0.7834,0.7038,0.3182,"D Maior;E Menor;B Menor",,0.00,,0.00,122.42,122.42,2,1,"v2;w20;harm;aar;song60;far12;near45;tol0.8;floor0.25;drain0.5;bass0.25"
319227,1790784352185,G Maior,G Maior,0,G Maior,D Maior,0.7822,0.7822,0.7067,0.3021,"D Maior;E Menor;B Menor",,0.00,,0.00,122.95,122.95,2,1,"v2;w20;harm;aar;song60;far12;near45;tol0.8;floor0.25;drain0.5;bass0.25"
319692,1790784352687,G Maior,G Maior,0,G Maior,D Maior,0.7823,0.7823,0.7088,0.2937,"D Maior;E Menor;B Menor",,0.00,,0.00,123.41,123.41,2,1,"v2;w20;harm;aar;song60;far12;near45;tol0.8;floor0.25;drain0.5;bass0.25"
320156,1790784353188,G Maior,G Maior,0,G Maior,D Maior,0.7845,0.7845,0.7106,0.2955,"D Maior;E Menor;B Menor",,0.00,,0.00,123.90,123.90,2,1,"v2;w20;harm;aar;song60;far12;near45;tol0.8;floor0.25;drain0.5;bass0.25"
320714,1790784353690,G Maior,G Maior,0,G Maior,D Maior,0.7865,0.7865,0.7118,0.2988,"D Maior;E Menor;B Menor",,0.00,,0.00,124.44,124.44,2,1,"v2;w20;harm;aar;song60;far12;near45;tol0.8;floor0.25;drain0.5;bass0.25"
321178,1790784354189,G Maior,G Maior,0,G Maior,D Maior,0.7869,0.7869,0.7123,0.2984,"D Maior;E Menor;B Menor",,0.00,,0.00,124.89,124.89,2,1,"v2;w20;harm;aar;song60;far12;near45;tol0.8;floor0.25;drain0.5;bass0.25"
321735,1790784354689,G Maior,G Maior,0,G Maior,D Maior,0.7895,0.7895,0.7120,0.3100,"D Maior;E Menor;B Menor",,0.00,,0.00,125.45,125.45,2,1,"v2;w20;harm;aar;song60;far12;near45;tol0.8;floor0.25;drain0.5;bass0.25"
322200,1790784355189,G Maior,G Maior,0,G Maior,D Maior,0.7916,0.7916,0.7103,0.3248,"D Maior;E Menor;B Menor",,0.00,,0.00,125.92,125.92,2,1,"v2;w20;harm;aar;song60;far12;near45;tol0.8;floor0.25;drain0.5;bass0.25"
322664,1790784355689,G Maior,G Maior,0,G Maior,D Maior,0.7887,0.7887,0.7092,0.3182,"D Maior;E Menor;B Menor",,0.00,,0.00,126.40,126.40,2,1,"v2;w20;harm;aar;song60;far12;near45;tol0.8;floor0.25;drain0.5;bass0.25"
323221,1790784356189,G Maior,G Maior,0,G Maior,D Maior,0.7881,0.7881,0.7091,0.3160,"D Maior;E Menor;B Menor",,0.00,,0.00,126.96,126.96,2,1,"v2;w20;harm;aar;song60;far12;near45;tol0.8;floor0.25;drain0.5;bass0.25"
323686,1790784356689,G Maior,G Maior,0,G Maior,D Maior,0.7876,0.7876,0.7080,0.3184,"D Maior;E Menor;B Menor",,0.00,,0.00,127.39,127.39,2,1,"v2;w20;harm;aar;song60;far12;near45;tol0.8;floor0.25;drain0.5;bass0.25"
324150,1790784357189,G Maior,G Maior,0,G Maior,D Maior,0.7864,0.7864,0.7060,0.3214,"D Maior;E Menor;B Menor",,0.00,,0.00,127.88,127.88,2,1,"v2;w20;harm;aar;song60;far12;near45;tol0.8;floor0.25;drain0.5;bass0.25"
324707,1790784357689,G Maior,G Maior,0,G Maior,D Maior,0.7851,0.7851,0.7049,0.3207,"D Maior;E Menor;B Menor",,0.00,,0.00,128.44,128.44,2,1,"v2;w20;harm;aar;song60;far12;near45;tol0.8;floor0.25;drain0.5;bass0.25"
325172,1790784358189,G Maior,G Maior,0,G Maior,D Maior,0.7818,0.7818,0.7028,0.3162,"D Maior;E Menor;B Menor",,0.00,,0.00,128.91,128.91,2,1,"v2;w20;harm;aar;song60;far12;near45;tol0.8;floor0.25;drain0.5;bass0.25"
325729,1790784358689,G Maior,G Maior,0,G Maior,D Maior,0.7789,0.7789,0.7006,0.3132,"D Maior;E Menor;B Menor",,0.00,,0.00,129.46,129.46,2,1,"v2;w20;harm;aar;song60;far12;near45;tol0.8;floor0.25;drain0.5;bass0.25"
326193,1790784359189,G Maior,G Maior,0,G Maior,D Maior,0.7769,0.7769,0.6993,0.3102,"D Maior;E Menor;B Menor",,0.00,,0.00,129.91,129.91,2,1,"v2;w20;harm;aar;song60;far12;near45;tol0.8;floor0.25;drain0.5;bass0.25"
326658,1790784359689,G Maior,G Maior,0,G Maior,D Maior,0.7747,0.7747,0.7002,0.2980,"D Maior;E Menor;B Menor",,0.00,,0.00,130.39,130.39,2,1,"v2;w20;harm;aar;song60;far12;near45;tol0.8;floor0.25;drain0.5;bass0.25"
327215,1790784360190,G Maior,G Maior,0,G Maior,D Maior,0.7713,0.7713,0.7025,0.2755,"D Maior;E Menor;B Menor",,0.00,,0.00,130.94,130.94,2,1,"v2;w20;harm;aar;song60;far12;near45;tol0.8;floor0.25;drain0.5;bass0.25"
327679,1790784360689,G Maior,G Maior,0,G Maior,D Maior,0.7687,0.7687,0.7037,0.2599,"D Maior;E Menor;B Menor",,0.00,,0.00,131.42,131.42,2,1,"v2;w20;harm;aar;song60;far12;near45;tol0.8;floor0.25;drain0.5;bass0.25"
328237,1790784361189,G Maior,G Maior,0,G Maior,D Maior,0.7669,0.7669,0.7049,0.2482,"D Maior;E Menor;B Menor",,0.00,,0.00,131.96,131.96,2,1,"v2;w20;harm;aar;song60;far12;near45;tol0.8;floor0.25;drain0.5;bass0.25"
328701,1790784361688,G Maior,G Maior,0,G Maior,D Maior,0.7660,0.7660,0.7065,0.2378,"D Maior;E Menor;B Menor",,0.00,,0.00,132.41,132.41,2,1,"v2;w20;harm;aar;song60;far12;near45;tol0.8;floor0.25;drain0.5;bass0.25"
329166,1790784362189,G Maior,G Maior,0,G Maior,D Maior,0.7638,0.7638,0.7071,0.2267,"D Maior;E Menor;B Menor",,0.00,,0.00,132.90,132.90,2,1,"v2;w20;harm;aar;song60;far12;near45;tol0.8;floor0.25;drain0.5;bass0.25"
329723,1790784362689,G Maior,G Maior,0,G Maior,D Maior,0.7616,0.7616,0.7094,0.2088,"D Maior;E Menor;B Menor",,0.00,,0.00,133.45,133.45,2,1,"v2;w20;harm;aar;song60;far12;near45;tol0.8;floor0.25;drain0.5;bass0.25"
330187,1790784363189,G Maior,G Maior,0,G Maior,D Maior,0.7600,0.7600,0.7122,0.1912,"D Maior;E Menor;B Menor",,0.00,,0.00,133.91,133.91,2,1,"v2;w20;harm;aar;song60;far12;near45;tol0.8;floor0.25;drain0.5;bass0.25"
330652,1790784363689,G Maior,G Maior,0,G Maior,D Maior,0.7590,0.7590,0.7145,0.1778,"D Maior;E Menor;B Menor",,0.00,,0.00,134.38,134.38,2,1,"v2;w20;harm;aar;song60;far12;near45;tol0.8;floor0.25;drain0.5;bass0.25"
331209,1790784364189,G Maior,G Maior,0,G Maior,D Maior,0.7594,0.7594,0.7161,0.1732,"D Maior;E Menor;B Menor",,0.00,,0.00,134.94,134.94,2,1,"v2;w20;harm;aar;song60;far12;near45;tol0.8;floor0.25;drain0.5;bass0.25"
331673,1790784364689,G Maior,G Maior,0,G Maior,D Maior,0.7630,0.7630,0.7169,0.1844,"D Maior;E Menor;B Menor",,0.00,,0.00,135.41,135.41,2,1,"v2;w20;harm;aar;song60;far12;near45;tol0.8;floor0.25;drain0.5;bass0.25"
332231,1790784365189,G Maior,G Maior,0,G Maior,D Maior,0.7688,0.7688,0.7181,0.2030,"D Maior;E Menor;B Menor",,0.00,,0.00,135.96,135.96,2,1,"v2;w20;harm;aar;song60;far12;near45;tol0.8;floor0.25;drain0.5;bass0.25"
332695,1790784365689,G Maior,G Maior,0,G Maior,D Maior,0.7722,0.7722,0.7196,0.2104,"D Maior;E Menor;B Menor",,0.00,,0.00,136.41,136.41,2,1,"v2;w20;harm;aar;song60;far12;near45;tol0.8;floor0.25;drain0.5;bass0.25"
333159,1790784366189,G Maior,G Maior,0,G Maior,D Maior,0.7720,0.7720,0.7217,0.2011,"D Maior;E Menor;B Menor",,0.00,,0.00,136.90,136.90,2,1,"v2;w20;harm;aar;song60;far12;near45;tol0.8;floor0.25;drain0.5;bass0.25"
333717,1790784366689,G Maior,G Maior,0,G Maior,D Maior,0.7733,0.7733,0.7238,0.1981,"D Maior;E Menor;B Menor",,0.00,,0.00,137.43,137.43,2,1,"v2;w20;harm;aar;song60;far12;near45;tol0.8;floor0.25;drain0.5;bass0.25"
334181,1790784367189,G Maior,G Maior,0,G Maior,D Maior,0.7744,0.7744,0.7254,0.1960,"D Maior;E Menor;B Menor",,0.00,,0.00,137.91,137.91,2,1,"v2;w20;harm;aar;song60;far12;near45;tol0.8;floor0.25;drain0.5;bass0.25"
334738,1790784367689,G Maior,G Maior,0,G Maior,D Maior,0.7739,0.7739,0.7272,0.1870,"D Maior;E Menor;B Menor",,0.00,,0.00,138.45,138.45,2,1,"v2;w20;harm;aar;song60;far12;near45;tol0.8;floor0.25;drain0.5;bass0.25"
335203,1790784368190,G Maior,G Maior,0,G Maior,D Maior,0.7738,0.7738,0.7263,0.1898,"D Maior;E Menor;B Menor",,0.00,,0.00,138.91,138.91,2,1,"v2;w20;harm;aar;song60;far12;near45;tol0.8;floor0.25;drain0.5;bass0.25"
335667,1790784368689,G Maior,G Maior,0,G Maior,D Maior,0.7736,0.7736,0.7275,0.1843,"D Maior;E Menor;B Menor",,0.00,,0.00,139.40,139.40,2,1,"v2;w20;harm;aar;song60;far12;near45;tol0.8;floor0.25;drain0.5;bass0.25"
336224,1790784369190,G Maior,G Maior,0,G Maior,D Maior,0.7732,0.7732,0.7305,0.1709,"D Maior;E Menor;B Menor",,0.00,,0.00,139.96,139.96,2,1,"v2;w20;harm;aar;song60;far12;near45;tol0.8;floor0.25;drain0.5;bass0.25"
336689,1790784369690,G Maior,G Maior,0,G Maior,D Maior,0.7722,0.7722,0.7329,0.1572,"D Maior;E Menor;B Menor",,0.00,,0.00,140.41,140.41,2,1,"v2;w20;harm;aar;song60;far12;near45;tol0.8;floor0.25;drain0.5;bass0.25"
337153,1790784370189,G Maior,G Maior,0,G Maior,D Maior,0.7720,0.7720,0.7348,0.1490,"D Maior;E Menor;B Menor",,0.00,,0.00,140.88,140.88,2,1,"v2;w20;harm;aar;song60;far12;near45;tol0.8;floor0.25;drain0.5;bass0.25"
337711,1790784370689,G Maior,G Maior,0,G Maior,D Maior,0.7731,0.7731,0.7371,0.1440,"D Maior;E Menor;B Menor",,0.00,,0.00,141.44,141.44,2,1,"v2;w20;harm;aar;song60;far12;near45;tol0.8;floor0.25;drain0.5;bass0.25"
338175,1790784371189,G Maior,G Maior,0,G Maior,D Maior,0.7720,0.7720,0.7387,0.1334,"D Maior;E Menor;B Menor",,0.00,,0.00,141.91,141.91,2,1,"v2;w20;harm;aar;song60;far12;near45;tol0.8;floor0.25;drain0.5;bass0.25"
338732,1790784371690,G Maior,G Maior,0,G Maior,D Maior,0.7705,0.7705,0.7377,0.1312,"D Maior;E Menor;B Menor",,0.00,,0.00,142.46,142.46,2,1,"v2;w20;harm;aar;song60;far12;near45;tol0.8;floor0.25;drain0.5;bass0.25"
339197,1790784372189,G Maior,G Maior,0,G Maior,D Maior,0.7697,0.7697,0.7387,0.1239,"D Maior;E Menor;B Menor",,0.00,,0.00,142.94,142.94,2,1,"v2;w20;harm;aar;song60;far12;near45;tol0.8;floor0.25;drain0.5;bass0.25"
339661,1790784372688,G Maior,G Maior,0,G Maior,D Maior,0.7698,0.7698,0.7399,0.1196,"D Maior;E Menor;B Menor",,0.00,,0.00,143.39,143.39,2,1,"v2;w20;harm;aar;song60;far12;near45;tol0.8;floor0.25;drain0.5;bass0.25"
340218,1790784373189,G Maior,G Maior,0,G Maior,D Maior,0.7677,0.7677,0.7418,0.1034,"D Maior;E Menor;B Menor",,0.00,,0.00,143.93,143.93,2,1,"v2;w20;harm;aar;song60;far12;near45;tol0.8;floor0.25;drain0.5;bass0.25"
340683,1790784373689,G Maior,G Maior,0,G Maior,D Maior,0.7666,0.7666,0.7424,0.0966,"D Maior;E Menor;B Menor",,0.00,,0.00,144.41,144.41,2,1,"v2;w20;harm;aar;song60;far12;near45;tol0.8;floor0.25;drain0.5;bass0.25"
341240,1790784374190,G Maior,G Maior,0,G Maior,D Maior,0.7636,0.7636,0.7451,0.0739,"D Maior;E Menor;B Menor",,0.00,,0.00,144.96,144.96,2,1,"v2;w20;harm;aar;song60;far12;near45;tol0.8;floor0.25;drain0.5;bass0.25"
341704,1790784374689,G Maior,G Maior,0,G Maior,D Maior,0.7617,0.7617,0.7456,0.0645,"D Maior;E Menor;B Menor",,0.00,,0.00,145.44,145.44,2,1,"v2;w20;harm;aar;song60;far12;near45;tol0.8;floor0.25;drain0.5;bass0.25"
342169,1790784375189,G Maior,G Maior,0,G Maior,D Maior,0.7617,0.7617,0.7446,0.0686,"D Maior;E Menor;B Menor",,0.00,,0.00,145.90,145.90,2,1,"v2;w20;harm;aar;song60;far12;near45;tol0.8;floor0.25;drain0.5;bass0.25"
342726,1790784375690,G Maior,D Maior,0,G Maior,D Maior,0.7611,0.7611,0.7461,0.0598,"D Maior;E Menor;B Menor",,0.00,,0.50,146.46,146.46,2,1,"v2;w20;harm;aar;song60;far12;near45;tol0.8;floor0.25;drain0.5;bass0.25"
343190,1790784376190,G Maior,D Maior,0,G Maior,D Maior,0.7599,0.7599,0.7476,0.0493,"D Maior;E Menor;B Menor",,0.00,,1.00,146.91,146.91,2,1,"v2;w20;harm;aar;song60;far12;near45;tol0.8;floor0.25;drain0.5;bass0.25"
343655,1790784376689,G Maior,D Maior,0,G Maior,D Maior,0.7610,0.7610,0.7459,0.0606,"D Maior;E Menor;B Menor",,0.00,,1.50,147.38,147.38,2,1,"v2;w20;harm;aar;song60;far12;near45;tol0.8;floor0.25;drain0.5;bass0.25"
344212,1790784377190,G Maior,D Maior,0,G Maior,D Maior,0.7609,0.7609,0.7468,0.0564,"D Maior;E Menor;B Menor",,0.00,,2.00,147.94,147.94,2,1,"v2;w20;harm;aar;song60;far12;near45;tol0.8;floor0.25;drain0.5;bass0.25"
344677,1790784377689,G Maior,D Maior,0,G Maior,D Maior,0.7604,0.7604,0.7488,0.0462,"D Maior;E Menor;B Menor",,0.00,,2.50,148.41,148.41,2,1,"v2;w20;harm;aar;song60;far12;near45;tol0.8;floor0.25;drain0.5;bass0.25"
345234,1790784378189,G Maior,D Maior,0,G Maior,D Maior,0.7600,0.7600,0.7509,0.0363,"D Maior;E Menor;B Menor",,0.00,,3.00,148.95,148.95,2,1,"v2;w20;harm;aar;song60;far12;near45;tol0.8;floor0.25;drain0.5;bass0.25"
345698,1790784378689,G Maior,D Maior,0,G Maior,D Maior,0.7636,0.7636,0.7524,0.0446,"D Maior;E Menor;B Menor",,0.00,,3.50,149.43,149.43,2,1,"v2;w20;harm;aar;song60;far12;near45;tol0.8;floor0.25;drain0.5;bass0.25"
346163,1790784379189,G Maior,D Maior,0,G Maior,D Maior,0.7661,0.7661,0.7528,0.0531,"D Maior;E Menor;B Menor",,0.00,,3.99,149.89,149.89,2,1,"v2;w20;harm;aar;song60;far12;near45;tol0.8;floor0.25;drain0.5;bass0.25"
346720,1790784379690,G Maior,D Maior,1,G Maior,D Maior,0.7716,0.7716,0.7533,0.0735,"D Maior;E Menor;B Menor",,0.00,,4.50,150.43,150.43,2,1,"v2;w20;harm;aar;song60;far12;near45;tol0.8;floor0.25;drain0.5;bass0.25"
347184,1790784380189,G Maior,D Maior,1,G Maior,D Maior,0.7739,0.7739,0.7547,0.0769,"D Maior;E Menor;B Menor",,0.00,,4.99,150.91,150.91,2,1,"v2;w20;harm;aar;song60;far12;near45;tol0.8;floor0.25;drain0.5;bass0.25"
347742,1790784380689,G Maior,D Maior,1,G Maior,D Maior,0.7741,0.7741,0.7565,0.0707,"D Maior;E Menor;B Menor",,0.00,,5.49,151.45,151.45,2,1,"v2;w20;harm;aar;song60;far12;near45;tol0.8;floor0.25;drain0.5;bass0.25"
348206,1790784381190,G Maior,D Maior,1,G Maior,D Maior,0.7744,0.7744,0.7578,0.0665,"D Maior;E Menor;B Menor",,0.00,,5.99,151.94,151.94,2,1,"v2;w20;harm;aar;song60;far12;near45;tol0.8;floor0.25;drain0.5;bass0.25"
348670,1790784381689,G Maior,D Maior,1,G Maior,D Maior,0.7738,0.7738,0.7597,0.0565,"D Maior;E Menor;B Menor",,0.00,,6.49,152.40,152.40,2,1,"v2;w20;harm;aar;song60;far12;near45;tol0.8;floor0.25;drain0.5;bass0.25"
349228,1790784382191,G Maior,D Maior,1,G Maior,D Maior,0.7725,0.7725,0.7606,0.0477,"D Maior;E Menor;B Menor",,0.00,,6.99,152.95,152.95,2,1,"v2;w20;harm;aar;song60;far12;near45;tol0.8;floor0.25;drain0.5;bass0.25"
349692,1790784382689,G Maior,D Maior,1,G Maior,D Maior,0.7727,0.7727,0.7611,0.0463,"D Maior;E Menor;B Menor",,0.00,,7.49,153.41,153.41,2,1,"v2;w20;harm;aar;song60;far12;near45;tol0.8;floor0.25;drain0.5;bass0.25"
350156,1790784383190,G Maior,D Maior,1,G Maior,D Maior,0.7721,0.7721,0.7625,0.0383,"D Maior;E Menor;B Menor",,0.00,,7.99,153.88,153.88,2,1,"v2;w20;harm;aar;song60;far12;near45;tol0.8;floor0.25;drain0.5;bass0.25"
350714,1790784383690,G Maior,D Maior,1,G Maior,D Maior,0.7723,0.7723,0.7652,0.0285,"D Maior;E Menor;B Menor",,0.00,,8.49,154.46,154.46,2,1,"v2;w20;harm;aar;song60;far12;near45;tol0.8;floor0.25;drain0.5;bass0.25"
351178,1790784384189,G Maior,D Maior,1,G Maior,D Maior,0.7708,0.7708,0.7656,0.0206,"D Maior;E Menor;B Menor",,0.00,,8.99,154.91,154.91,2,1,"v2;w20;harm;aar;song60;far12;near45;tol0.8;floor0.25;drain0.5;bass0.25"
351735,1790784384689,G Maior,D Maior,1,G Maior,D Maior,0.7715,0.7715,0.7677,0.0150,"D Maior;E Menor;B Menor",,0.00,,9.49,155.45,155.45,2,1,"v2;w20;harm;aar;song60;far12;near45;tol0.8;floor0.25;drain0.5;bass0.25"
352200,1790784385190,G Maior,D Maior,1,G Maior,D Maior,0.7710,0.7710,0.7691,0.0077,"D Maior;E Menor;B Menor",,0.00,,9.99,155.93,155.93,2,1,"v2;w20;harm;aar;song60;far12;near45;tol0.8;floor0.25;drain0.5;bass0.25"
352664,1790784385689,G Maior,D Maior,1,G Maior,D Maior,0.7701,0.7701,0.7687,0.0055,"D Maior;E Menor;B Menor",,0.00,,10.49,156.40,156.40,2,1,"v2;w20;harm;aar;song60;far12;near45;tol0.8;floor0.25;drain0.5;bass0.25"
353221,1790784386189,G Maior,D Maior,1,D Maior,D Maior,0.7715,0.0000,0.7715,0.0000,"D Maior;E Menor;B Menor",,0.00,,10.99,156.96,156.96,2,1,"v2;w20;harm;aar;song60;far12;near45;tol0.8;floor0.25;drain0.5;bass0.25"
353686,1790784386690,G Maior,D Maior,1,D Maior,D Maior,0.7740,0.0000,0.7740,0.0000,"D Maior;E Menor;B Menor",,0.00,,11.49,157.41,157.41,2,1,"v2;w20;harm;aar;song60;far12;near45;tol0.8;floor0.25;drain0.5;bass0.25"
354243,1790784387189,G Maior,D Maior,1,D Maior,D Maior,0.7758,0.0000,0.7758,0.0000,"D Maior;E Menor;B Menor",,0.00,,11.99,157.95,157.95,2,1,"v2;w20;harm;aar;song60;far12;near45;tol0.8;floor0.25;drain0.5;bass0.25"
354708,1790784387689,G Maior,D Maior,1,D Maior,D Maior,0.7797,0.0000,0.7797,0.0000,"D Maior;E Menor;B Menor",,0.00,,12.48,158.43,158.43,2,1,"v2;w20;harm;aar;song60;far12;near45;tol0.8;floor0.25;drain0.5;bass0.25"
355172,1790784388189,G Maior,D Maior,1,D Maior,D Maior,0.7809,0.0000,0.7809,0.0000,"D Maior;E Menor;B Menor",,0.00,,12.98,158.89,158.89,2,1,"v2;w20;harm;aar;song60;far12;near45;tol0.8;floor0.25;drain0.5;bass0.25"
355729,1790784388689,G Maior,D Maior,1,D Maior,D Maior,0.7817,0.0000,0.7817,0.0000,"D Maior;E Menor;B Menor",,0.00,,13.48,159.45,159.45,2,1,"v2;w20;harm;aar;song60;far12;near45;tol0.8;floor0.25;drain0.5;bass0.25"
356194,1790784389189,G Maior,D Maior,1,D Maior,D Maior,0.7824,0.0000,0.7824,0.0000,"D Maior;E Menor;B Menor",,0.00,,13.98,159.91,159.91,2,1,"v2;w20;harm;aar;song60;far12;near45;tol0.8;floor0.25;drain0.5;bass0.25"
356658,1790784389689,G Maior,D Maior,1,D Maior,D Maior,0.7832,0.0000,0.7832,0.0000,"D Maior;E Menor;B Menor",,0.00,,14.48,160.38,160.38,2,1,"v2;w20;harm;aar;song60;far12;near45;tol0.8;floor0.25;drain0.5;bass0.25"
357215,1790784390189,G Maior,D Maior,1,D Maior,D Maior,0.7843,0.0000,0.7843,0.0000,"D Maior;E Menor;B Menor",,0.00,,14.98,160.96,160.96,2,1,"v2;w20;harm;aar;song60;far12;near45;tol0.8;floor0.25;drain0.5;bass0.25"
357680,1790784390689,G Maior,D Maior,1,D Maior,D Maior,0.7840,0.0000,0.7840,0.0000,"D Maior;E Menor;B Menor",,0.00,,15.48,161.41,161.41,2,1,"v2;w20;harm;aar;song60;far12;near45;tol0.8;floor0.25;drain0.5;bass0.25"
358237,1790784391190,G Maior,D Maior,1,D Maior,D Maior,0.7819,0.0000,0.7819,0.0000,"D Maior;E Menor;B Menor",,0.00,,15.98,161.95,161.95,2,1,"v2;w20;harm;aar;song60;far12;near45;tol0.8;floor0.25;drain0.5;bass0.25"
358701,1790784391690,G Maior,D Maior,1,D Maior,D Maior,0.7815,0.0000,0.7815,0.0000,"D Maior;E Menor;B Menor",,0.00,,16.48,162.44,162.44,2,1,"v2;w20;harm;aar;song60;far12;near45;tol0.8;floor0.25;drain0.5;bass0.25"
359166,1790784392190,G Maior,D Maior,1,D Maior,D Maior,0.7808,0.0000,0.7808,0.0000,"D Maior;E Menor;B Menor",,0.00,,16.98,162.89,162.89,2,1,"v2;w20;harm;aar;song60;far12;near45;tol0.8;floor0.25;drain0.5;bass0.25"
359723,1790784392690,G Maior,D Maior,1,D Maior,D Maior,0.7794,0.0000,0.7794,0.0000,"D Maior;E Menor;B Menor",,0.00,,17.48,163.46,163.46,2,1,"v2;w20;harm;aar;song60;far12;near45;tol0.8;floor0.25;drain0.5;bass0.25"
360187,1790784393190,G Maior,D Maior,1,D Maior,D Maior,0.7790,0.0000,0.7790,0.0000,"D Maior;E Menor;B Menor",,0.00,,17.98,163.91,163.91,2,1,"v2;w20;harm;aar;song60;far12;near45;tol0.8;floor0.25;drain0.5;bass0.25"
360745,1790784393691,G Maior,D Maior,1,D Maior,D Maior,0.7782,0.0000,0.7782,0.0000,"D Maior;E Menor;B Menor",,0.00,,18.48,164.46,164.46,2,1,"v2;w20;harm;aar;song60;far12;near45;tol0.8;floor0.25;drain0.5;bass0.25"
361209,1790784394189,G Maior,D Maior,1,D Maior,D Maior,0.7781,0.0000,0.7781,0.0000,"D Maior;E Menor;B Menor",,0.00,,18.98,164.94,164.94,2,1,"v2;w20;harm;aar;song60;far12;near45;tol0.8;floor0.25;drain0.5;bass0.25"
361674,1790784394690,G Maior,D Maior,1,D Maior,D Maior,0.7763,0.0000,0.7763,0.0000,"D Maior;E Menor;B Menor",,0.00,,19.48,165.40,165.40,2,1,"v2;w20;harm;aar;song60;far12;near45;tol0.8;floor0.25;drain0.5;bass0.25"
362138,1790784395189,G Maior,D Maior,1,D Maior,D Maior,0.7758,0.0000,0.7758,0.0000,"D Maior;E Menor;B Menor",,0.00,,19.98,165.85,165.85,2,1,"v2;w20;harm;aar;song60;far12;near45;tol0.8;floor0.25;drain0.5;bass0.25"
362695,1790784395690,G Maior,D Maior,1,D Maior,D Maior,0.7752,0.0000,0.7752,0.0000,"D Maior;E Menor;B Menor",,0.00,,20.48,166.34,166.34,2,1,"v2;w20;harm;aar;song60;far12;near45;tol0.8;floor0.25;drain0.5;bass0.25"
363160,1790784396190,G Maior,D Maior,1,D Maior,D Maior,0.7754,0.0000,0.7754,0.0000,"D Maior;E Menor;B Menor",,0.00,,20.97,166.88,166.88,2,1,"v2;w20;harm;aar;song60;far12;near45;tol0.8;floor0.25;drain0.5;bass0.25"
363717,1790784396689,G Maior,D Maior,1,D Maior,D Maior,0.7778,0.0000,0.7778,0.0000,"D Maior;E Menor;B Menor",,0.00,,21.47,167.46,167.46,2,1,"v2;w20;harm;aar;song60;far12;near45;tol0.8;floor0.25;drain0.5;bass0.25"
364181,1790784397189,G Maior,D Maior,1,D Maior,D Maior,0.7755,0.0000,0.7755,0.0000,"D Maior;E Menor;B Menor",,0.00,,21.97,167.91,167.91,2,1,"v2;w20;harm;aar;song60;far12;near45;tol0.8;floor0.25;drain0.5;bass0.25"
364646,1790784397689,G Maior,D Maior,1,D Maior,D Maior,0.7724,0.0000,0.7724,0.0000,"D Maior;E Menor;B Menor",,0.00,,22.47,168.35,168.35,2,1,"v2;w20;harm;aar;song60;far12;near45;tol0.8;floor0.25;drain0.5;bass0.25"
365203,1790784398189,G Maior,D Maior,1,D Maior,D Maior,0.7694,0.0000,0.7694,0.0000,"D Maior;E Menor;B Menor",,0.00,,22.97,168.93,168.93,2,1,"v2;w20;harm;aar;song60;far12;near45;tol0.8;floor0.25;drain0.5;bass0.25"
365667,1790784398690,G Maior,D Maior,1,D Maior,D Maior,0.7684,0.0000,0.7684,0.0000,"D Maior;E Menor;B Menor",,0.00,,23.47,169.40,169.40,2,1,"v2;w20;harm;aar;song60;far12;near45;tol0.8;floor0.25;drain0.5;bass0.25"
366225,1790784399191,G Maior,D Maior,1,D Maior,D Maior,0.7691,0.0000,0.7691,0.0000,"D Maior;E Menor;B Menor",,0.00,,23.97,169.96,169.96,2,1,"v2;w20;harm;aar;song60;far12;near45;tol0.8;floor0.25;drain0.5;bass0.25"
366689,1790784399689,G Maior,D Maior,1,D Maior,D Maior,0.7695,0.0000,0.7695,0.0000,"D Maior;E Menor;B Menor",,0.00,,24.47,170.41,170.41,2,1,"v2;w20;harm;aar;song60;far12;near45;tol0.8;floor0.25;drain0.5;bass0.25"
367246,1790784400191,G Maior,D Maior,1,D Maior,D Maior,0.7715,0.0000,0.7715,0.0000,"D Maior;E Menor;B Menor",,0.00,,24.97,170.96,170.96,2,1,"v2;w20;harm;aar;song60;far12;near45;tol0.8;floor0.25;drain0.5;bass0.25"
367711,1790784400690,G Maior,D Maior,1,D Maior,D Maior,0.7708,0.0000,0.7708,0.0000,"D Maior;E Menor;B Menor",,0.00,,25.47,171.44,171.44,2,1,"v2;w20;harm;aar;song60;far12;near45;tol0.8;floor0.25;drain0.5;bass0.25"
368175,1790784401190,G Maior,D Maior,1,D Maior,D Maior,0.7666,0.0000,0.7666,0.0000,"D Maior;E Menor;B Menor",,0.00,,25.97,171.90,171.90,2,1,"v2;w20;harm;aar;song60;far12;near45;tol0.8;floor0.25;drain0.5;bass0.25"
368640,1790784401690,G Maior,D Maior,1,D Maior,D Maior,0.7640,0.0000,0.7640,0.0000,"D Maior;E Menor;B Menor",,0.00,,26.47,172.37,172.37,2,1,"v2;w20;harm;aar;song60;far12;near45;tol0.8;floor0.25;drain0.5;bass0.25"
369197,1790784402190,G Maior,D Maior,1,D Maior,D Maior,0.7624,0.0000,0.7624,0.0000,"D Maior;E Menor;B Menor",,0.00,,26.97,172.91,172.91,2,1,"v2;w20;harm;aar;song60;far12;near45;tol0.8;floor0.25;drain0.5;bass0.25"
369661,1790784402690,G Maior,D Maior,1,D Maior,D Maior,0.7616,0.0000,0.7616,0.0000,"D Maior;E Menor;B Menor",,0.00,,27.47,173.38,173.38,2,1,"v2;w20;harm;aar;song60;far12;near45;tol0.8;floor0.25;drain0.5;bass0.25"
370218,1790784403191,G Maior,D Maior,1,D Maior,D Maior,0.7635,0.0000,0.7635,0.0000,"D Maior;E Menor;B Menor",,0.00,,27.97,173.96,173.96,2,1,"v2;w20;harm;aar;song60;far12;near45;tol0.8;floor0.25;drain0.5;bass0.25"
370683,1790784403690,G Maior,D Maior,1,D Maior,D Maior,0.7635,0.0000,0.7635,0.0000,"D Maior;E Menor;B Menor",,0.00,,28.46,174.41,174.41,2,1,"v2;w20;harm;aar;song60;far12;near45;tol0.8;floor0.25;drain0.5;bass0.25"
371147,1790784404190,G Maior,D Maior,1,D Maior,D Maior,0.7640,0.0000,0.7640,0.0000,"D Maior;E Menor;B Menor",,0.00,,28.96,174.88,174.88,2,1,"v2;w20;harm;aar;song60;far12;near45;tol0.8;floor0.25;drain0.5;bass0.25"
371705,1790784404690,G Maior,D Maior,1,D Maior,D Maior,0.7584,0.0000,0.7584,0.0000,"D Maior;E Menor;B Menor",,0.00,,29.46,175.44,175.44,2,1,"v2;w20;harm;aar;song60;far12;near45;tol0.8;floor0.25;drain0.5;bass0.25"
372169,1790784405190,G Maior,D Maior,1,D Maior,D Maior,0.7518,0.0000,0.7518,0.0000,"D Maior;E Menor;B Menor",,0.00,,29.96,175.90,175.90,2,1,"v2;w20;harm;aar;song60;far12;near45;tol0.8;floor0.25;drain0.5;bass0.25"
372726,1790784405690,G Maior,D Maior,1,D Maior,D Maior,0.7483,0.0000,0.7483,0.0000,"D Maior;E Menor;B Menor",,0.00,,30.46,176.46,176.46,2,1,"v2;w20;harm;aar;song60;far12;near45;tol0.8;floor0.25;drain0.5;bass0.25"
373191,1790784406190,G Maior,D Maior,1,D Maior,D Maior,0.7451,0.0000,0.7451,0.0000,"D Maior;E Menor;B Menor",,0.00,,30.96,176.92,176.92,2,1,"v2;w20;harm;aar;song60;far12;near45;tol0.8;floor0.25;drain0.5;bass0.25"
373655,1790784406690,G Maior,D Maior,1,D Maior,D Maior,0.7440,0.0000,0.7440,0.0000,"D Maior;E Menor;B Menor",,0.00,,31.46,177.38,177.38,2,1,"v2;w20;harm;aar;song60;far12;near45;tol0.8;floor0.25;drain0.5;bass0.25"
374212,1790784407190,G Maior,D Maior,1,D Maior,D Maior,0.7429,0.0000,0.7429,0.0000,"D Maior;E Menor;B Menor",,0.00,,31.96,177.94,177.94,2,1,"v2;w20;harm;aar;song60;far12;near45;tol0.8;floor0.25;drain0.5;bass0.25"
374677,1790784407690,G Maior,D Maior,1,D Maior,D Maior,0.7426,0.0000,0.7426,0.0000,"D Maior;E Menor;B Menor",,0.00,,32.46,178.40,178.40,2,1,"v2;w20;harm;aar;song60;far12;near45;tol0.8;floor0.25;drain0.5;bass0.25"
375141,1790784408189,G Maior,D Maior,1,D Maior,D Maior,0.7427,0.0000,0.7427,0.0000,"D Maior;E Menor;B Menor",,0.00,,32.96,178.87,178.87,2,1,"v2;w20;harm;aar;song60;far12;near45;tol0.8;floor0.25;drain0.5;bass0.25"
375698,1790784408690,G Maior,D Maior,1,D Maior,D Maior,0.7401,0.0000,0.7401,0.0000,"D Maior;E Menor;B Menor",,0.00,,33.46,179.42,179.42,2,1,"v2;w20;harm;aar;song60;far12;near45;tol0.8;floor0.25;drain0.5;bass0.25"
376163,1790784409190,G Maior,D Maior,1,D Maior,D Maior,0.7383,0.0000,0.7383,0.0000,"D Maior;E Menor;B Menor",,0.00,,33.96,179.88,179.88,2,1,"v2;w20;harm;aar;song60;far12;near45;tol0.8;floor0.25;drain0.5;bass0.25"
376720,1790784409690,G Maior,D Maior,1,D Maior,D Maior,0.7374,0.0000,0.7374,0.0000,"D Maior;E Menor;B Menor",,0.00,,34.46,180.46,180.46,2,1,"v2;w20;harm;aar;song60;far12;near45;tol0.8;floor0.25;drain0.5;bass0.25"
377184,1790784410190,G Maior,D Maior,1,D Maior,D Maior,0.7369,0.0000,0.7369,0.0000,"D Maior;E Menor;B Menor",,0.00,,34.96,180.91,180.91,2,1,"v2;w20;harm;aar;song60;far12;near45;tol0.8;floor0.25;drain0.5;bass0.25"
377649,1790784410690,G Maior,D Maior,1,D Maior,D Maior,0.7400,0.0000,0.7400,0.0000,"D Maior;E Menor;B Menor",,0.00,,35.46,181.37,181.37,2,1,"v2;w20;harm;aar;song60;far12;near45;tol0.8;floor0.25;drain0.5;bass0.25"
378206,1790784411190,G Maior,D Maior,1,D Maior,D Maior,0.7435,0.0000,0.7435,0.0000,"D Maior;E Menor;B Menor",,0.00,,35.96,181.93,181.93,2,1,"v2;w20;harm;aar;song60;far12;near45;tol0.8;floor0.25;drain0.5;bass0.25"
378671,1790784411690,G Maior,D Maior,1,D Maior,D Maior,0.7440,0.0000,0.7440,0.0000,"D Maior;E Menor;B Menor",,0.00,,36.46,182.40,182.40,2,1,"v2;w20;harm;aar;song60;far12;near45;tol0.8;floor0.25;drain0.5;bass0.25"
379228,1790784412192,G Maior,D Maior,1,D Maior,D Maior,0.7449,0.0000,0.7449,0.0000,"D Maior;E Menor;B Menor",,0.00,,36.96,182.95,182.95,2,1,"v2;w20;harm;aar;song60;far12;near45;tol0.8;floor0.25;drain0.5;bass0.25"
379692,1790784412691,G Maior,D Maior,1,D Maior,D Maior,0.7450,0.0000,0.7450,0.0000,"D Maior;E Menor;B Menor",,0.00,,37.46,183.41,183.41,2,1,"v2;w20;harm;aar;song60;far12;near45;tol0.8;floor0.25;drain0.5;bass0.25"
380157,1790784413190,G Maior,D Maior,1,D Maior,D Maior,0.7448,0.0000,0.7448,0.0000,"D Maior;E Menor;B Menor",,0.00,,37.95,183.89,183.89,2,1,"v2;w20;harm;aar;song60;far12;near45;tol0.8;floor0.25;drain0.5;bass0.25"
380714,1790784413691,G Maior,D Maior,1,D Maior,D Maior,0.7455,0.0000,0.7455,0.0000,"D Maior;E Menor;B Menor",,0.00,,38.46,184.44,184.44,2,1,"v2;w20;harm;aar;song60;far12;near45;tol0.8;floor0.25;drain0.5;bass0.25"
381178,1790784414190,G Maior,D Maior,1,D Maior,D Maior,0.7472,0.0000,0.7472,0.0000,"D Maior;E Menor;B Menor",,0.00,,38.95,184.90,184.90,2,1,"v2;w20;harm;aar;song60;far12;near45;tol0.8;floor0.25;drain0.5;bass0.25"
381643,1790784414690,G Maior,D Maior,1,D Maior,D Maior,0.7481,0.0000,0.7481,0.0000,"D Maior;E Menor;B Menor",,0.00,,39.45,185.38,185.38,2,1,"v2;w20;harm;aar;song60;far12;near45;tol0.8;floor0.25;drain0.5;bass0.25"
382200,1790784415189,G Maior,D Maior,1,D Maior,D Maior,0.7486,0.0000,0.7486,0.0000,"D Maior;E Menor;B Menor",,0.00,,39.95,185.91,185.91,2,1,"v2;w20;harm;aar;song60;far12;near45;tol0.8;floor0.25;drain0.5;bass0.25"
382664,1790784415690,G Maior,D Maior,1,D Maior,D Maior,0.7489,0.0000,0.7489,0.0000,"D Maior;E Menor;B Menor",,0.00,,40.45,186.40,186.40,2,1,"v2;w20;harm;aar;song60;far12;near45;tol0.8;floor0.25;drain0.5;bass0.25"
383222,1790784416191,G Maior,D Maior,1,D Maior,D Maior,0.7490,0.0000,0.7490,0.0000,"D Maior;E Menor;B Menor",,0.00,,40.95,186.96,186.96,2,1,"v2;w20;harm;aar;song60;far12;near45;tol0.8;floor0.25;drain0.5;bass0.25"
383686,1790784416690,G Maior,D Maior,1,D Maior,D Maior,0.7500,0.0000,0.7500,0.0000,"D Maior;E Menor;B Menor",,0.00,,41.45,187.41,187.41,2,1,"v2;w20;harm;aar;song60;far12;near45;tol0.8;floor0.25;drain0.5;bass0.25"
384150,1790784417190,G Maior,D Maior,1,D Maior,D Maior,0.7496,0.0000,0.7496,0.0000,"D Maior;E Menor;B Menor",,0.00,,41.95,187.88,187.88,2,1,"v2;w20;harm;aar;song60;far12;near45;tol0.8;floor0.25;drain0.5;bass0.25"
384708,1790784417690,G Maior,D Maior,1,D Maior,D Maior,0.7477,0.0000,0.7477,0.0000,"D Maior;E Menor;B Menor",,0.00,,42.45,188.43,188.43,2,1,"v2;w20;harm;aar;song60;far12;near45;tol0.8;floor0.25;drain0.5;bass0.25"
385172,1790784418190,G Maior,D Maior,1,D Maior,D Maior,0.7468,0.0000,0.7468,0.0000,"D Maior;E Menor;B Menor",,0.00,,42.95,188.90,188.90,2,1,"v2;w20;harm;aar;song60;far12;near45;tol0.8;floor0.25;drain0.5;bass0.25"
385729,1790784418690,G Maior,D Maior,1,D Maior,D Maior,0.7475,0.0000,0.7475,0.0000,"D Maior;E Menor;B Menor",,0.00,,43.45,189.46,189.46,2,1,"v2;w20;harm;aar;song60;far12;near45;tol0.8;floor0.25;drain0.5;bass0.25"
386194,1790784419190,G Maior,D Maior,1,D Maior,D Maior,0.7496,0.0000,0.7496,0.0000,"D Maior;E Menor;B Menor",,0.00,,43.95,189.92,189.92,2,1,"v2;w20;harm;aar;song60;far12;near45;tol0.8;floor0.25;drain0.5;bass0.25"
386658,1790784419690,G Maior,D Maior,1,D Maior,D Maior,0.7511,0.0000,0.7511,0.0000,"D Maior;E Menor;B Menor",,0.00,,44.45,190.40,190.40,2,1,"v2;w20;harm;aar;song60;far12;near45;tol0.8;floor0.25;drain0.5;bass0.25"
387215,1790784420191,G Maior,D Maior,1,D Maior,D Maior,0.7527,0.0000,0.7527,0.0000,"D Maior;E Menor;B Menor",,0.00,,44.95,190.94,190.94,2,1,"v2;w20;harm;aar;song60;far12;near45;tol0.8;floor0.25;drain0.5;bass0.25"
387680,1790784420690,D Maior,D Maior,0,D Maior,G Maior,0.7532,0.7532,0.6921,0.2441,"G Maior;E Menor;B Menor",,0.00,neighborKeyConfirmed,45.45,19.86,19.86,3,0,"v2;w20;harm;aar;song60;far12;near45;tol0.8;floor0.25;drain0.5;bass0.25"
388144,1790784421187,D Maior,D Maior,0,D Maior,F# Menor,0.6473,0.6473,0.5399,0.4296,"F# Menor;G Maior;E Menor",,0.00,,0.00,20.34,20.34,3,0,"v2;w20;harm;aar;song60;far12;near45;tol0.8;floor0.25;drain0.5;bass0.25"
388702,1790784421688,D Maior,D Maior,0,D Maior,F# Menor,0.6605,0.6605,0.5386,0.4875,"F# Menor;G Maior;E Menor",,0.00,,0.00,20.88,20.88,3,0,"v2;w20;harm;aar;song60;far12;near45;tol0.8;floor0.25;drain0.5;bass0.25"
389166,1790784422188,D Maior,D Maior,0,D Maior,F# Menor,0.6713,0.6713,0.5368,0.5382,"F# Menor;G Maior;E Menor",,0.00,,0.00,21.36,21.36,3,0,"v2;w20;harm;aar;song60;far12;near45;tol0.8;floor0.25;drain0.5;bass0.25"
389723,1790784422689,D Maior,D Maior,0,D Maior,G Maior,0.6822,0.6822,0.5376,0.5784,"G Maior;F# Menor;E Menor",,0.00,,0.00,21.92,21.92,3,0,"v2;w20;harm;aar;song60;far12;near45;tol0.8;floor0.25;drain0.5;bass0.25"
390188,1790784423186,D Maior,D Maior,0,D Maior,G Maior,0.6864,0.6864,0.5431,0.5735,"G Maior;F# Menor;E Menor",,0.00,,0.00,22.38,22.38,3,0,"v2;w20;harm;aar;song60;far12;near45;tol0.8;floor0.25;drain0.5;bass0.25"
390652,1790784423687,D Maior,D Maior,0,D Maior,G Maior,0.6959,0.6959,0.5537,0.5688,"G Maior;E Menor;F# Menor",,0.00,,0.00,22.84,22.84,3,0,"v2;w20;harm;aar;song60;far12;near45;tol0.8;floor0.25;drain0.5;bass0.25"
391209,1790784424191,D Maior,D Maior,0,D Maior,G Maior,0.7010,0.7010,0.5607,0.5611,"G Maior;E Menor;F# Menor",,0.00,,0.00,23.40,23.40,3,0,"v2;w20;harm;aar;song60;far12;near45;tol0.8;floor0.25;drain0.5;bass0.25"
391674,1790784424688,D Maior,D Maior,0,D Maior,G Maior,0.7034,0.7034,0.5592,0.5768,"G Maior;E Menor;F# Menor",,0.00,,0.00,23.88,23.88,3,0,"v2;w20;harm;aar;song60;far12;near45;tol0.8;floor0.25;drain0.5;bass0.25"
392231,1790784425189,D Maior,D Maior,0,D Maior,G Maior,0.7139,0.7139,0.5589,0.6198,"G Maior;E Menor;F# Menor",,0.00,,0.00,24.42,24.42,3,0,"v2;w20;harm;aar;song60;far12;near45;tol0.8;floor0.25;drain0.5;bass0.25"
392695,1790784425688,D Maior,D Maior,0,D Maior,G Maior,0.7209,0.7209,0.5597,0.6450,"G Maior;E Menor;F# Menor",,0.00,,0.00,24.88,24.88,3,0,"v2;w20;harm;aar;song60;far12;near45;tol0.8;floor0.25;drain0.5;bass0.25"
393160,1790784426187,D Maior,D Maior,0,D Maior,G Maior,0.7334,0.7334,0.5658,0.6701,"G Maior;E Menor;F# Menor",,0.00,,0.00,25.36,25.36,3,0,"v2;w20;harm;aar;song60;far12;near45;tol0.8;floor0.25;drain0.5;bass0.25"
393717,1790784426688,D Maior,D Maior,0,D Maior,G Maior,0.7363,0.7363,0.5610,0.7011,"G Maior;E Menor;F# Menor",,0.00,,0.00,25.90,25.90,3,0,"v2;w20;harm;aar;song60;far12;near45;tol0.8;floor0.25;drain0.5;bass0.25"
394181,1790784427188,D Maior,D Maior,0,D Maior,G Maior,0.7475,0.7475,0.5570,0.7621,"G Maior;E Menor;F# Menor",,0.00,,0.00,26.38,26.38,3,0,"v2;w20;harm;aar;song60;far12;near45;tol0.8;floor0.25;drain0.5;bass0.25"
394646,1790784427689,D Maior,D Maior,0,D Maior,G Maior,0.7561,0.7561,0.5583,0.7911,"G Maior;E Menor;F# Menor",,0.00,,0.00,26.84,26.84,3,0,"v2;w20;harm;aar;song60;far12;near45;tol0.8;floor0.25;drain0.5;bass0.25"
395203,1790784428188,D Maior,D Maior,0,D Maior,G Maior,0.7586,0.7586,0.5631,0.7823,"G Maior;E Menor;F# Menor",,0.00,,0.00,27.38,27.38,3,0,"v2;w20;harm;aar;song60;far12;near45;tol0.8;floor0.25;drain0.5;bass0.25"
395668,1790784428688,D Maior,D Maior,0,D Maior,G Maior,0.7544,0.7544,0.5707,0.7349,"G Maior;E Menor;F# Menor",,0.00,,0.00,27.86,27.86,3,0,"v2;w20;harm;aar;song60;far12;near45;tol0.8;floor0.25;drain0.5;bass0.25"
396225,1790784429188,D Maior,D Maior,0,D Maior,G Maior,0.7572,0.7572,0.5761,0.7244,"G Maior;E Menor;F# Menor",,0.00,,0.00,28.42,28.42,3,0,"v2;w20;harm;aar;song60;far12;near45;tol0.8;floor0.25;drain0.5;bass0.25"
396689,1790784429688,D Maior,D Maior,0,D Maior,E Menor,0.7637,0.7637,0.5878,0.7034,"E Menor;G Maior;F# Menor",,0.00,,0.00,28.88,28.88,3,0,"v2;w20;harm;aar;song60;far12;near45;tol0.8;floor0.25;drain0.5;bass0.25"
397154,1790784430188,D Maior,D Maior,0,D Maior,E Menor,0.7611,0.7611,0.5841,0.7084,"E Menor;G Maior;F# Menor",,0.00,,0.00,29.34,29.34,3,0,"v2;w20;harm;aar;song60;far12;near45;tol0.8;floor0.25;drain0.5;bass0.25"
397711,1790784430688,D Maior,D Maior,0,D Maior,E Menor,0.7525,0.7525,0.5852,0.6694,"E Menor;G Maior;F# Menor",,0.00,,0.00,29.90,29.90,3,0,"v2;w20;harm;aar;song60;far12;near45;tol0.8;floor0.25;drain0.5;bass0.25"
398175,1790784431188,D Maior,D Maior,0,D Maior,E Menor,0.7446,0.7446,0.5918,0.6114,"E Menor;G Maior;F# Menor",,0.00,,0.00,30.38,30.38,3,1,"v2;w20;harm;aar;song60;far12;near45;tol0.8;floor0.25;drain0.5;bass0.25"
398733,1790784431687,D Maior,D Maior,0,D Maior,E Menor,0.7416,0.7416,0.5933,0.5931,"E Menor;G Maior;F# Menor",,0.00,,0.00,30.92,30.92,3,1,"v2;w20;harm;aar;song60;far12;near45;tol0.8;floor0.25;drain0.5;bass0.25"
399197,1790784432185,D Maior,D Maior,0,D Maior,E Menor,0.7410,0.7410,0.5910,0.5998,"E Menor;G Maior;F# Menor",,0.00,,0.00,31.38,31.38,3,1,"v2;w20;harm;aar;song60;far12;near45;tol0.8;floor0.25;drain0.5;bass0.25"
399661,1790784432688,D Maior,D Maior,0,D Maior,E Menor,0.7417,0.7417,0.5950,0.5867,"E Menor;G Maior;F# Menor",,0.00,,0.00,31.86,31.86,3,1,"v2;w20;harm;aar;song60;far12;near45;tol0.8;floor0.25;drain0.5;bass0.25"
400219,1790784433189,D Maior,D Maior,0,D Maior,E Menor,0.7447,0.7447,0.6169,0.5112,"E Menor;G Maior;F# Menor",,0.00,,0.00,32.40,32.40,3,1,"v2;w20;harm;aar;song60;far12;near45;tol0.8;floor0.25;drain0.5;bass0.25"
400683,1790784433688,D Maior,D Maior,0,D Maior,E Menor,0.7430,0.7430,0.6166,0.5058,"E Menor;G Maior;B Menor",,0.00,,0.00,32.88,32.88,3,1,"v2;w20;harm;aar;song60;far12;near45;tol0.8;floor0.25;drain0.5;bass0.25"
401147,1790784434188,D Maior,D Maior,0,D Maior,E Menor,0.7373,0.7373,0.6101,0.5087,"E Menor;G Maior;B Menor",,0.00,,0.00,33.34,33.34,3,1,"v2;w20;harm;aar;song60;far12;near45;tol0.8;floor0.25;drain0.5;bass0.25"
401705,1790784434688,D Maior,D Maior,0,D Maior,E Menor,0.7314,0.7314,0.6128,0.4742,"E Menor;G Maior;B Menor",,0.00,,0.00,33.88,33.88,3,1,"v2;w20;harm;aar;song60;far12;near45;tol0.8;floor0.25;drain0.5;bass0.25"
402169,1790784435188,D Maior,D Maior,0,D Maior,E Menor,0.7288,0.7288,0.6120,0.4670,"E Menor;G Maior;B Menor",,0.00,,0.00,34.36,34.36,3,1,"v2;w20;harm;aar;song60;far12;near45;tol0.8;floor0.25;drain0.5;bass0.25"
402726,1790784435688,D Maior,D Maior,0,D Maior,G Maior,0.7321,0.7321,0.6215,0.4426,"G Maior;E Menor;B Menor",,0.00,,0.00,34.92,34.92,3,1,"v2;w20;harm;aar;song60;far12;near45;tol0.8;floor0.25;drain0.5;bass0.25"
403191,1790784436188,D Maior,D Maior,0,D Maior,G Maior,0.7371,0.7371,0.6340,0.4125,"G Maior;E Menor;B Menor",,0.00,,0.00,35.40,35.40,3,1,"v2;w20;harm;aar;song60;far12;near45;tol0.8;floor0.25;drain0.5;bass0.25"
403655,1790784436688,D Maior,D Maior,0,D Maior,G Maior,0.7371,0.7371,0.6512,0.3436,"G Maior;E Menor;B Menor",,0.00,,0.00,35.84,35.84,3,1,"v2;w20;harm;aar;song60;far12;near45;tol0.8;floor0.25;drain0.5;bass0.25"
404212,1790784437188,D Maior,D Maior,0,D Maior,G Maior,0.7379,0.7379,0.6602,0.3109,"G Maior;E Menor;B Menor",,0.00,,0.00,36.40,36.40,3,1,"v2;w20;harm;aar;song60;far12;near45;tol0.8;floor0.25;drain0.5;bass0.25"
404677,1790784437686,D Maior,D Maior,0,D Maior,G Maior,0.7357,0.7357,0.6589,0.3071,"G Maior;E Menor;B Menor",,0.00,,0.00,36.88,36.88,3,1,"v2;w20;harm;aar;song60;far12;near45;tol0.8;floor0.25;drain0.5;bass0.25"
405234,1790784438189,D Maior,D Maior,0,D Maior,G Maior,0.7303,0.7303,0.6648,0.2618,"G Maior;E Menor;B Menor",,0.00,,0.00,37.42,37.42,3,1,"v2;w20;harm;aar;song60;far12;near45;tol0.8;floor0.25;drain0.5;bass0.25"
405699,1790784438688,D Maior,D Maior,0,D Maior,G Maior,0.7294,0.7294,0.6685,0.2435,"G Maior;E Menor;B Menor",,0.00,,0.00,37.90,37.90,3,1,"v2;w20;harm;aar;song60;far12;near45;tol0.8;floor0.25;drain0.5;bass0.25"
406163,1790784439188,D Maior,D Maior,0,D Maior,G Maior,0.7350,0.7350,0.6727,0.2493,"G Maior;E Menor;B Menor",,0.00,,0.00,38.36,38.36,3,1,"v2;w20;harm;aar;song60;far12;near45;tol0.8;floor0.25;drain0.5;bass0.25"
406720,1790784439689,D Maior,D Maior,0,D Maior,G Maior,0.7401,0.7401,0.6764,0.2546,"G Maior;E Menor;B Menor",,0.00,,0.00,38.90,38.90,3,1,"v2;w20;harm;aar;song60;far12;near45;tol0.8;floor0.25;drain0.5;bass0.25"
407185,1790784440188,D Maior,D Maior,0,D Maior,G Maior,0.7433,0.7433,0.6880,0.2214,"G Maior;E Menor;B Menor",,0.00,,0.00,39.38,39.38,3,1,"v2;w20;harm;aar;song60;far12;near45;tol0.8;floor0.25;drain0.5;bass0.25"
407649,1790784440688,D Maior,D Maior,0,D Maior,G Maior,0.7489,0.7489,0.6894,0.2380,"G Maior;E Menor;B Menor",,0.00,,0.00,39.84,39.84,3,1,"v2;w20;harm;aar;song60;far12;near45;tol0.8;floor0.25;drain0.5;bass0.25"
408206,1790784441189,D Maior,D Maior,0,D Maior,G Maior,0.7526,0.7526,0.6855,0.2685,"G Maior;E Menor;B Menor",,0.00,,0.00,40.38,40.38,3,1,"v2;w20;harm;aar;song60;far12;near45;tol0.8;floor0.25;drain0.5;bass0.25"
408671,1790784441688,D Maior,D Maior,0,D Maior,G Maior,0.7524,0.7524,0.6856,0.2670,"G Maior;E Menor;B Menor",,0.00,,0.00,40.86,40.86,3,1,"v2;w20;harm;aar;song60;far12;near45;tol0.8;floor0.25;drain0.5;bass0.25"
409228,1790784442189,D Maior,D Maior,0,D Maior,G Maior,0.7505,0.7505,0.6829,0.2704,"G Maior;E Menor;B Menor",,0.00,,0.00,41.42,41.42,3,1,"v2;w20;harm;aar;song60;far12;near45;tol0.8;floor0.25;drain0.5;bass0.25"
409692,1790784442688,D Maior,D Maior,0,D Maior,G Maior,0.7514,0.7514,0.6801,0.2850,"G Maior;E Menor;B Menor",,0.00,,0.00,41.90,41.90,3,1,"v2;w20;harm;aar;song60;far12;near45;tol0.8;floor0.25;drain0.5;bass0.25"
410157,1790784443188,D Maior,D Maior,0,D Maior,G Maior,0.7535,0.7535,0.6773,0.3048,"G Maior;E Menor;B Menor",,0.00,,0.00,42.34,42.34,3,1,"v2;w20;harm;aar;song60;far12;near45;tol0.8;floor0.25;drain0.5;bass0.25"
410714,1790784443688,D Maior,D Maior,0,D Maior,G Maior,0.7578,0.7578,0.6874,0.2815,"G Maior;E Menor;B Menor",,0.00,,0.00,42.90,42.90,3,1,"v2;w20;harm;aar;song60;far12;near45;tol0.8;floor0.25;drain0.5;bass0.25"
411178,1790784444188,D Maior,D Maior,0,D Maior,G Maior,0.7557,0.7557,0.6848,0.2834,"G Maior;E Menor;B Menor",,0.00,,0.00,43.38,43.38,3,1,"v2;w20;harm;aar;song60;far12;near45;tol0.8;floor0.25;drain0.5;bass0.25"
411736,1790784444688,D Maior,D Maior,0,D Maior,G Maior,0.7512,0.7512,0.6732,0.3122,"G Maior;E Menor;B Menor",,0.00,,0.00,43.92,43.92,3,1,"v2;w20;harm;aar;song60;far12;near45;tol0.8;floor0.25;drain0.5;bass0.25"
412200,1790784445189,D Maior,D Maior,0,D Maior,G Maior,0.7459,0.7459,0.6700,0.3038,"G Maior;E Menor;B Menor",,0.00,,0.00,44.40,44.40,3,1,"v2;w20;harm;aar;song60;far12;near45;tol0.8;floor0.25;drain0.5;bass0.25"
412665,1790784445689,D Maior,D Maior,0,D Maior,G Maior,0.7422,0.7422,0.6702,0.2882,"G Maior;E Menor;B Menor",,0.00,,0.00,44.86,44.86,3,1,"v2;w20;harm;aar;song60;far12;near45;tol0.8;floor0.25;drain0.5;bass0.25"
413222,1790784446186,D Maior,D Maior,0,D Maior,G Maior,0.7452,0.7452,0.6725,0.2909,"G Maior;E Menor;B Menor",,0.00,,0.00,45.40,45.40,3,1,"v2;w20;harm;aar;song60;far12;near45;tol0.8;floor0.25;drain0.5;bass0.25"
413686,1790784446688,D Maior,D Maior,0,D Maior,G Maior,0.7451,0.7451,0.6715,0.2947,"G Maior;E Menor;B Menor",,0.00,,0.00,45.88,45.88,3,1,"v2;w20;harm;aar;song60;far12;near45;tol0.8;floor0.25;drain0.5;bass0.25"
414151,1790784447188,D Maior,D Maior,0,D Maior,G Maior,0.7467,0.7467,0.6806,0.2646,"G Maior;E Menor;B Menor",,0.00,,0.00,46.34,46.34,3,1,"v2;w20;harm;aar;song60;far12;near45;tol0.8;floor0.25;drain0.5;bass0.25"
414708,1790784447689,D Maior,D Maior,0,D Maior,G Maior,0.7472,0.7472,0.6978,0.1978,"G Maior;E Menor;B Menor",,0.00,,0.00,46.90,46.90,3,1,"v2;w20;harm;aar;song60;far12;near45;tol0.8;floor0.25;drain0.5;bass0.25"
415172,1790784448188,D Maior,D Maior,0,D Maior,G Maior,0.7489,0.7489,0.7047,0.1765,"G Maior;E Menor;B Menor",,0.00,,0.00,47.36,47.36,3,1,"v2;w20;harm;aar;song60;far12;near45;tol0.8;floor0.25;drain0.5;bass0.25"
415730,1790784448688,D Maior,D Maior,0,D Maior,G Maior,0.7530,0.7530,0.7057,0.1891,"G Maior;E Menor;B Menor",,0.00,,0.00,47.92,47.92,3,1,"v2;w20;harm;aar;song60;far12;near45;tol0.8;floor0.25;drain0.5;bass0.25"
416194,1790784449188,D Maior,D Maior,0,D Maior,G Maior,0.7515,0.7515,0.7046,0.1874,"G Maior;E Menor;B Menor",,0.00,,0.00,48.40,48.40,3,1,"v2;w20;harm;aar;song60;far12;near45;tol0.8;floor0.25;drain0.5;bass0.25"
416658,1790784449687,D Maior,D Maior,0,D Maior,G Maior,0.7526,0.7526,0.7042,0.1934,"G Maior;E Menor;B Menor",,0.00,,0.00,48.84,48.84,3,1,"v2;w20;harm;aar;song60;far12;near45;tol0.8;floor0.25;drain0.5;bass0.25"
417216,1790784450189,D Maior,D Maior,0,D Maior,G Maior,0.7531,0.7531,0.7071,0.1842,"G Maior;E Menor;B Menor",,0.00,,0.00,49.42,49.42,3,1,"v2;w20;harm;aar;song60;far12;near45;tol0.8;floor0.25;drain0.5;bass0.25"
417680,1790784450689,D Maior,D Maior,0,D Maior,G Maior,0.7523,0.7523,0.7153,0.1483,"G Maior;E Menor;B Menor",,0.00,,0.00,49.88,49.88,3,1,"v2;w20;harm;aar;song60;far12;near45;tol0.8;floor0.25;drain0.5;bass0.25"
418237,1790784451189,D Maior,D Maior,0,D Maior,G Maior,0.7502,0.7502,0.7195,0.1229,"G Maior;E Menor;B Menor",,0.00,,0.00,50.42,50.42,3,1,"v2;w20;harm;aar;song60;far12;near45;tol0.8;floor0.25;drain0.5;bass0.25"
418702,1790784451688,D Maior,D Maior,0,D Maior,G Maior,0.7460,0.7460,0.7141,0.1277,"G Maior;E Menor;B Menor",,0.00,,0.00,50.90,50.90,3,1,"v2;w20;harm;aar;song60;far12;near45;tol0.8;floor0.25;drain0.5;bass0.25"
419166,1790784452189,D Maior,D Maior,0,D Maior,G Maior,0.7419,0.7419,0.7100,0.1274,"G Maior;E Menor;B Menor",,0.00,,0.00,51.36,51.36,3,1,"v2;w20;harm;aar;song60;far12;near45;tol0.8;floor0.25;drain0.5;bass0.25"
419723,1790784452689,D Maior,D Maior,0,D Maior,G Maior,0.7412,0.7412,0.7092,0.1278,"G Maior;E Menor;B Menor",,0.00,,0.00,51.90,51.90,3,1,"v2;w20;harm;aar;song60;far12;near45;tol0.8;floor0.25;drain0.5;bass0.25"
420188,1790784453188,D Maior,D Maior,0,D Maior,G Maior,0.7437,0.7437,0.7094,0.1369,"G Maior;E Menor;B Menor",,0.00,,0.00,52.38,52.38,3,1,"v2;w20;harm;aar;song60;far12;near45;tol0.8;floor0.25;drain0.5;bass0.25"
420652,1790784453688,D Maior,D Maior,0,D Maior,G Maior,0.7462,0.7462,0.7135,0.1307,"G Maior;E Menor;B Menor",,0.00,,0.00,52.84,52.84,3,1,"v2;w20;harm;aar;song60;far12;near45;tol0.8;floor0.25;drain0.5;bass0.25"
421209,1790784454189,D Maior,D Maior,0,D Maior,G Maior,0.7520,0.7520,0.7156,0.1457,"G Maior;E Menor;B Menor",,0.00,,0.00,53.40,53.40,3,1,"v2;w20;harm;aar;song60;far12;near45;tol0.8;floor0.25;drain0.5;bass0.25"
421674,1790784454688,D Maior,D Maior,0,D Maior,G Maior,0.7550,0.7550,0.7177,0.1490,"G Maior;E Menor;B Menor",,0.00,,0.00,53.86,53.86,3,1,"v2;w20;harm;aar;song60;far12;near45;tol0.8;floor0.25;drain0.5;bass0.25"
422231,1790784455188,D Maior,D Maior,0,D Maior,G Maior,0.7626,0.7626,0.7150,0.1903,"G Maior;E Menor;B Menor",,0.00,,0.00,54.42,54.42,3,1,"v2;w20;harm;aar;song60;far12;near45;tol0.8;floor0.25;drain0.5;bass0.25"
422696,1790784455688,D Maior,D Maior,0,D Maior,G Maior,0.7707,0.7707,0.7118,0.2356,"G Maior;E Menor;B Menor",,0.00,,0.00,54.90,54.90,3,1,"v2;w20;harm;aar;song60;far12;near45;tol0.8;floor0.25;drain0.5;bass0.25"
423160,1790784456188,D Maior,D Maior,0,D Maior,G Maior,0.7740,0.7740,0.7130,0.2440,"G Maior;E Menor;B Menor",,0.00,,0.00,55.34,55.34,3,1,"v2;w20;harm;aar;song60;far12;near45;tol0.8;floor0.25;drain0.5;bass0.25"
423717,1790784456688,D Maior,D Maior,0,D Maior,G Maior,0.7811,0.7811,0.7148,0.2650,"G Maior;E Menor;B Menor",,0.00,,0.00,55.92,55.92,3,1,"v2;w20;harm;aar;song60;far12;near45;tol0.8;floor0.25;drain0.5;bass0.25"
424182,1790784457189,D Maior,D Maior,0,D Maior,G Maior,0.7864,0.7864,0.7128,0.2943,"G Maior;E Menor;B Menor",,0.00,,0.00,56.38,56.38,3,1,"v2;w20;harm;aar;song60;far12;near45;tol0.8;floor0.25;drain0.5;bass0.25"
424739,1790784457688,D Maior,D Maior,0,D Maior,G Maior,0.7890,0.7890,0.7093,0.3189,"G Maior;E Menor;B Menor",,0.00,,0.00,56.92,56.92,3,1,"v2;w20;harm;aar;song60;far12;near45;tol0.8;floor0.25;drain0.5;bass0.25"
425203,1790784458189,D Maior,D Maior,0,D Maior,G Maior,0.7913,0.7913,0.7084,0.3314,"G Maior;E Menor;B Menor",,0.00,,0.00,57.40,57.40,3,1,"v2;w20;harm;aar;song60;far12;near45;tol0.8;floor0.25;drain0.5;bass0.25"
425668,1790784458689,D Maior,D Maior,0,D Maior,G Maior,0.7897,0.7897,0.7076,0.3286,"G Maior;E Menor;B Menor",,0.00,,0.00,57.86,57.86,3,1,"v2;w20;harm;aar;song60;far12;near45;tol0.8;floor0.25;drain0.5;bass0.25"
426225,1790784459188,D Maior,D Maior,0,D Maior,G Maior,0.7886,0.7886,0.7068,0.3275,"G Maior;E Menor;B Menor",,0.00,,0.00,58.42,58.42,3,1,"v2;w20;harm;aar;song60;far12;near45;tol0.8;floor0.25;drain0.5;bass0.25"
426689,1790784459688,D Maior,D Maior,0,D Maior,G Maior,0.7862,0.7862,0.7035,0.3308,"G Maior;E Menor;B Menor",,0.00,,0.00,58.88,58.88,3,1,"v2;w20;harm;aar;song60;far12;near45;tol0.8;floor0.25;drain0.5;bass0.25"
427154,1790784460189,D Maior,D Maior,0,D Maior,G Maior,0.7827,0.7827,0.7003,0.3296,"G Maior;E Menor;B Menor",,0.00,,0.00,59.34,59.34,3,1,"v2;w20;harm;aar;song60;far12;near45;tol0.8;floor0.25;drain0.5;bass0.25"
427711,1790784460689,D Maior,D Maior,0,D Maior,G Maior,0.7792,0.7792,0.6981,0.3246,"G Maior;E Menor;B Menor",,0.00,,0.00,59.90,59.90,3,1,"v2;w20;harm;aar;song60;far12;near45;tol0.8;floor0.25;drain0.5;bass0.25"
428175,1790784461189,D Maior,D Maior,0,D Maior,G Maior,0.7757,0.7757,0.6950,0.3225,"G Maior;E Menor;B Menor",,0.00,,0.00,60.36,60.36,3,1,"v2;w20;harm;aar;song60;far12;near45;tol0.8;floor0.25;drain0.5;bass0.25"
428640,1790784461688,D Maior,D Maior,0,D Maior,G Maior,0.7706,0.7706,0.6909,0.3187,"G Maior;E Menor;B Menor",,0.00,,0.00,60.81,60.81,3,1,"v2;w20;harm;aar;song60;far12;near45;tol0.8;floor0.25;drain0.5;bass0.25"
429197,1790784462188,D Maior,D Maior,0,D Maior,G Maior,0.7669,0.7669,0.6877,0.3171,"G Maior;E Menor;A Menor",,0.00,,0.00,61.40,61.40,3,1,"v2;w20;harm;aar;song60;far12;near45;tol0.8;floor0.25;drain0.5;bass0.25"
429662,1790784462688,D Maior,D Maior,0,D Maior,G Maior,0.7652,0.7652,0.6856,0.3183,"G Maior;E Menor;A Menor",,0.00,,0.00,61.84,61.84,3,1,"v2;w20;harm;aar;song60;far12;near45;tol0.8;floor0.25;drain0.5;bass0.25"
430219,1790784463188,D Maior,D Maior,0,D Maior,G Maior,0.7648,0.7648,0.6835,0.3254,"G Maior;E Menor;A Menor",,0.00,,0.00,62.42,62.42,3,1,"v2;w20;harm;aar;song60;far12;near45;tol0.8;floor0.25;drain0.5;bass0.25"
430683,1790784463688,D Maior,D Maior,0,D Maior,G Maior,0.7636,0.7636,0.6805,0.3324,"G Maior;E Menor;A Menor",,0.00,,0.00,62.88,62.88,3,1,"v2;w20;harm;aar;song60;far12;near45;tol0.8;floor0.25;drain0.5;bass0.25"
431240,1790784464189,D Maior,D Maior,0,D Maior,G Maior,0.7626,0.7626,0.6773,0.3413,"G Maior;E Menor;A Menor",,0.00,,0.00,63.42,63.42,3,1,"v2;w20;harm;aar;song60;far12;near45;tol0.8;floor0.25;drain0.5;bass0.25"
431705,1790784464690,D Maior,D Maior,0,D Maior,G Maior,0.7615,0.7615,0.6757,0.3433,"G Maior;E Menor;A Menor",,0.00,,0.00,63.90,63.90,3,1,"v2;w20;harm;aar;song60;far12;near45;tol0.8;floor0.25;drain0.5;bass0.25"
432169,1790784465188,D Maior,D Maior,0,D Maior,G Maior,0.7593,0.7593,0.6744,0.3397,"G Maior;E Menor;A Menor",,0.00,,0.00,64.36,64.36,3,1,"v2;w20;harm;aar;song60;far12;near45;tol0.8;floor0.25;drain0.5;bass0.25"
432727,1790784465689,D Maior,D Maior,0,D Maior,G Maior,0.7560,0.7560,0.6721,0.3356,"G Maior;E Menor;A Menor",,0.00,,0.00,64.92,64.92,3,1,"v2;w20;harm;aar;song60;far12;near45;tol0.8;floor0.25;drain0.5;bass0.25"
433191,1790784466188,D Maior,D Maior,0,D Maior,G Maior,0.7526,0.7526,0.6699,0.3311,"G Maior;E Menor;A Menor",,0.00,,0.00,65.38,65.38,3,1,"v2;w20;harm;aar;song60;far12;near45;tol0.8;floor0.25;drain0.5;bass0.25"
433655,1790784466689,D Maior,D Maior,0,D Maior,G Maior,0.7515,0.7515,0.6690,0.3299,"G Maior;E Menor;A Menor",,0.00,,0.00,65.84,65.84,3,1,"v2;w20;harm;aar;song60;far12;near45;tol0.8;floor0.25;drain0.5;bass0.25"
434213,1790784467189,D Maior,D Maior,0,D Maior,G Maior,0.7444,0.7444,0.6631,0.3255,"G Maior;E Menor;A Menor",,0.00,,0.00,66.40,66.40,3,1,"v2;w20;harm;aar;song60;far12;near45;tol0.8;floor0.25;drain0.5;bass0.25"
434677,1790784467689,D Maior,D Maior,0,D Maior,G Maior,0.7403,0.7403,0.6596,0.3227,"G Maior;E Menor;A Menor",,0.00,,0.00,66.86,66.86,3,1,"v2;w20;harm;aar;song60;far12;near45;tol0.8;floor0.25;drain0.5;bass0.25"
435141,1790784468188,D Maior,D Maior,0,D Maior,G Maior,0.7379,0.7379,0.6572,0.3230,"G Maior;E Menor;A Menor",,0.00,,0.00,67.34,67.34,3,1,"v2;w20;harm;aar;song60;far12;near45;tol0.8;floor0.25;drain0.5;bass0.25"
435699,1790784468688,D Maior,D Maior,0,D Maior,G Maior,0.7362,0.7362,0.6538,0.3294,"G Maior;E Menor;A Menor",,0.00,,0.00,67.90,67.90,3,1,"v2;w20;harm;aar;song60;far12;near45;tol0.8;floor0.25;drain0.5;bass0.25"
436163,1790784469189,D Maior,D Maior,0,D Maior,G Maior,0.7354,0.7354,0.6507,0.3389,"G Maior;E Menor;A Menor",,0.00,,0.00,68.34,68.34,3,1,"v2;w20;harm;aar;song60;far12;near45;tol0.8;floor0.25;drain0.5;bass0.25"
436720,1790784469688,D Maior,D Maior,0,D Maior,G Maior,0.7334,0.7334,0.6462,0.3490,"G Maior;E Menor;A Menor",,0.00,,0.00,68.92,68.92,3,1,"v2;w20;harm;aar;song60;far12;near45;tol0.8;floor0.25;drain0.5;bass0.25"
437185,1790784470189,D Maior,D Maior,0,D Maior,G Maior,0.7315,0.7315,0.6432,0.3533,"G Maior;E Menor;A Menor",,0.00,,0.00,69.38,69.38,3,1,"v2;w20;harm;aar;song60;far12;near45;tol0.8;floor0.25;drain0.5;bass0.25"
437649,1790784470688,D Maior,D Maior,0,D Maior,G Maior,0.7277,0.7277,0.6416,0.3442,"G Maior;E Menor;A Menor",,0.00,,0.00,69.84,69.84,3,1,"v2;w20;harm;aar;song60;far12;near45;tol0.8;floor0.25;drain0.5;bass0.25"
438206,1790784471189,D Maior,D Maior,0,D Maior,G Maior,0.7240,0.7240,0.6391,0.3394,"G Maior;E Menor;A Menor",,0.00,,0.00,70.40,70.40,3,1,"v2;w20;harm;aar;song60;far12;near45;tol0.8;floor0.25;drain0.5;bass0.25"
438671,1790784471688,D Maior,D Maior,0,D Maior,G Maior,0.7213,0.7213,0.6377,0.3343,"G Maior;E Menor;A Menor",,0.00,,0.00,70.86,70.86,3,1,"v2;w20;harm;aar;song60;far12;near45;tol0.8;floor0.25;drain0.5;bass0.25"
439228,1790784472189,D Maior,D Maior,0,D Maior,G Maior,0.7156,0.7156,0.6324,0.3329,"G Maior;E Menor;A Menor",,0.00,,0.00,71.42,71.42,3,1,"v2;w20;harm;aar;song60;far12;near45;tol0.8;floor0.25;drain0.5;bass0.25"
439693,1790784472688,D Maior,D Maior,0,D Maior,G Maior,0.7120,0.7120,0.6280,0.3363,"G Maior;E Menor;A Menor",,0.00,,0.00,71.88,71.88,3,1,"v2;w20;harm;aar;song60;far12;near45;tol0.8;floor0.25;drain0.5;bass0.25"
440157,1790784473188,D Maior,D Maior,0,D Maior,G Maior,0.7090,0.7090,0.6242,0.3393,"G Maior;E Menor;A Menor",,0.00,,0.00,72.34,72.34,3,1,"v2;w20;harm;aar;song60;far12;near45;tol0.8;floor0.25;drain0.5;bass0.25"
440714,1790784473690,D Maior,D Maior,0,D Maior,G Maior,0.7055,0.7055,0.6226,0.3319,"G Maior;E Menor;A Menor",,0.00,,0.00,72.90,72.90,3,1,"v2;w20;harm;aar;song60;far12;near45;tol0.8;floor0.25;drain0.5;bass0.25"
441179,1790784474189,D Maior,D Maior,0,D Maior,G Maior,0.7055,0.7055,0.6227,0.3311,"G Maior;E Menor;A Menor",,0.00,,0.00,73.36,73.36,3,1,"v2;w20;harm;aar;song60;far12;near45;tol0.8;floor0.25;drain0.5;bass0.25"
441643,1790784474688,D Maior,D Maior,0,D Maior,G Maior,0.7033,0.7033,0.6214,0.3276,"G Maior;E Menor;A Menor",,0.00,,0.00,73.84,73.84,3,1,"v2;w20;harm;aar;song60;far12;near45;tol0.8;floor0.25;drain0.5;bass0.25"
442200,1790784475188,D Maior,D Maior,0,D Maior,G Maior,0.6970,0.6970,0.6194,0.3104,"G Maior;E Menor;A Menor",,0.00,,0.00,74.40,74.40,3,1,"v2;w20;harm;aar;song60;far12;near45;tol0.8;floor0.25;drain0.5;bass0.25"
442665,1790784475688,D Maior,D Maior,0,D Maior,G Maior,0.6941,0.6941,0.6180,0.3046,"G Maior;E Menor;A Menor",,0.00,,0.00,74.84,74.84,3,1,"v2;w20;harm;aar;song60;far12;near45;tol0.8;floor0.25;drain0.5;bass0.25"
443222,1790784476188,D Maior,D Maior,0,D Maior,G Maior,0.6901,0.6901,0.6193,0.2835,"G Maior;E Menor;A Menor",,0.00,,0.00,75.42,75.42,3,1,"v2;w20;harm;aar;song60;far12;near45;tol0.8;floor0.25;drain0.5;bass0.25"
443686,1790784476688,D Maior,D Maior,0,D Maior,G Maior,0.6835,0.6835,0.6175,0.2641,"G Maior;E Menor;A Menor",,0.00,,0.00,75.88,75.88,3,1,"v2;w20;harm;aar;song60;far12;near45;tol0.8;floor0.25;drain0.5;bass0.25"
444151,1790784477188,D Maior,D Maior,0,D Maior,G Maior,0.6799,0.6799,0.6155,0.2577,"G Maior;E Menor;A Menor",,0.00,,0.00,76.36,76.36,3,1,"v2;w20;harm;aar;song60;far12;near45;tol0.8;floor0.25;drain0.5;bass0.25"
