t_audio_ms,t_wall_ms,c0,c1,c2,c3,c4,c5,c6,c7,c8,c9,c10,c11,r0,r1,r2,r3,r4,r5,r6,r7,r8,r9,r10,r11,level_db,tonal,bass_pc,bass_prob,bass_hz,bass_prob_raw,bass_pitched
1578,1790782148729,0.07823,0.05778,0.03813,0.12485,0.01828,0.02289,0.04442,0.04456,0.23299,0.14356,0.15619,0.03812,0.08342,0.01835,0.01215,0.11292,0.01476,0.01089,0.04852,0.05205,0.25668,0.16921,0.18499,0.03606,-69.17,2.796,-1,0.0000,0.00,0.0000,0
1671,1790782148881,0.03921,0.03344,0.03668,0.26160,0.01834,0.01801,0.04929,0.02662,0.12197,0.12174,0.21784,0.05526,0.04116,0.02140,0.01546,0.26225,0.01071,0.01369,0.05428,0.02938,0.09416,0.14375,0.25831,0.05545,-66.88,3.139,-1,0.0000,-1.00,0.0000,0
1764,1790782148962,0.05701,0.02523,0.06859,0.24916,0.02529,0.03727,0.05741,0.03607,0.12146,0.11886,0.14479,0.05888,0.06331,0.01181,0.05471,0.26542,0.01921,0.03211,0.06525,0.03357,0.09293,0.13861,0.16713,0.05595,-65.68,2.990,-1,0.0000,-1.00,0.0000,0
1857,1790782149040,0.13471,0.05512,0.04867,0.13435,0.04607,0.03678,0.05790,0.04047,0.11192,0.18046,0.10167,0.05188,0.14951,0.04774,0.01713,0.13740,0.04521,0.01443,0.05909,0.04592,0.10640,0.20774,0.11897,0.05045,-64.60,2.166,-1,0.0000,-1.00,0.0000,0
1950,1790782149140,0.09095,0.03869,0.04667,0.16229,0.04413,0.02595,0.04605,0.05948,0.11416,0.10707,0.19968,0.06487,0.09421,0.02664,0.03204,0.14752,0.03937,0.01242,0.04837,0.06645,0.10755,0.12049,0.23680,0.06815,-63.33,2.396,-1,0.0000,-1.00,0.0000,0
2043,1790782149242,0.04259,0.01816,0.03258,0.21510,0.03668,0.02451,0.02241,0.05424,0.07189,0.06779,0.35006,0.06399,0.03909,0.01164,0.02404,0.17544,0.02972,0.02162,0.02455,0.06023,0.05103,0.07566,0.41517,0.07181,-62.22,4.201,-1,0.0000,-1.00,0.0000,0
2136,1790782149321,0.11013,0.03260,0.03298,0.13959,0.05139,0.02167,0.03342,0.03145,0.11101,0.12682,0.18793,0.12100,0.11679,0.02566,0.00996,0.12350,0.01469,0.02234,0.03496,0.03572,0.10846,0.14912,0.22076,0.13805,-61.26,2.255,-1,0.0000,-1.00,0.0000,0
2229,1790782149420,0.04869,0.02357,0.03365,0.18218,0.05252,0.01278,0.03333,0.04258,0.05459,0.13967,0.21505,0.16138,0.04847,0.02193,0.00792,0.16769,0.01976,0.01194,0.03560,0.04945,0.03217,0.16344,0.25531,0.18632,-60.49,2.581,-1,0.0000,-1.00,0.0000,0
2321,1790782149502,0.03582,0.01467,0.04083,0.23521,0.03585,0.01528,0.07107,0.03158,0.07974,0.17454,0.13135,0.13408,0.03561,0.00859,0.00794,0.25108,0.01436,0.01125,0.08284,0.03688,0.04534,0.20672,0.15515,0.14423,-59.20,2.822,-1,0.0000,-1.00,0.0000,0
2414,1790782149603,0.02365,0.01030,0.02451,0.32693,0.04721,0.00910,0.02813,0.03338,0.10216,0.10398,0.08875,0.20188,0.02046,0.00282,0.00503,0.37093,0.00992,0.00685,0.03305,0.03910,0.04872,0.12278,0.10499,0.23535,-58.28,3.923,-1,0.0000,-1.00,0.0000,0
2507,1790782149697,0.02754,0.01317,0.03204,0.16912,0.07360,0.00900,0.03007,0.05597,0.08890,0.11282,0.08184,0.30593,0.02014,0.00188,0.01221,0.18351,0.01592,0.00778,0.03548,0.06483,0.07014,0.13203,0.09653,0.35955,-57.71,3.671,-1,0.0000,-1.00,0.0000,0
2600,1790782149800,0.04396,0.02045,0.02674,0.14679,0.08125,0.01600,0.04094,0.04021,0.10835,0.09739,0.08304,0.29489,0.04428,0.00551,0.00973,0.15691,0.02096,0.01889,0.04772,0.04650,0.09873,0.11254,0.09575,0.34248,-57.56,3.539,-1,0.0000,-1.00,0.0000,0
2693,1790782149902,0.06774,0.02332,0.03534,0.11470,0.06161,0.01462,0.03151,0.07607,0.14665,0.11142,0.12123,0.19578,0.05493,0.00795,0.01674,0.10919,0.02180,0.01390,0.03555,0.08847,0.15408,0.12919,0.14250,0.22570,-57.68,2.349,-1,0.0000,-1.00,0.0000,0
2786,1790782149984,0.04957,0.02257,0.05392,0.08036,0.04707,0.01412,0.02703,0.19382,0.10344,0.14331,0.09337,0.17141,0.01260,0.01008,0.03101,0.07471,0.01665,0.01515,0.03040,0.22609,0.10804,0.16953,0.10888,0.19689,-57.84,2.326,-1,0.0000,-1.00,0.0000,0
2879,1790782150082,0.04545,0.01550,0.02742,0.06504,0.06555,0.00901,0.02806,0.05346,0.20025,0.08969,0.11244,0.28811,0.01085,0.00429,0.01192,0.05156,0.01135,0.00865,0.03171,0.06276,0.22935,0.10560,0.13302,0.33894,-57.39,3.457,-1,0.0000,-1.00,0.0000,0
2972,1790782150159,0.02472,0.02735,0.01531,0.12619,0.05591,0.01187,0.02150,0.07066,0.13482,0.04508,0.22341,0.24318,0.01311,0.00472,0.00793,0.09859,0.01020,0.01163,0.02465,0.08327,0.14150,0.05250,0.26539,0.28650,-57.43,2.918,-1,0.0000,-1.00,0.0000,0
3065,1790782150260,0.02502,0.01990,0.01367,0.19269,0.03500,0.00845,0.03074,0.02801,0.14156,0.03747,0.32372,0.14377,0.01290,0.00699,0.00777,0.15429,0.00916,0.00757,0.03502,0.03246,0.13872,0.04340,0.38640,0.16534,-57.89,3.885,-1,0.0000,-1.00,0.0000,0
3157,1790782150340,0.03348,0.01818,0.01996,0.26085,0.03549,0.00817,0.05254,0.02315,0.15349,0.05447,0.22114,0.11908,0.02596,0.00447,0.01160,0.26021,0.01664,0.00464,0.06094,0.02657,0.13216,0.06214,0.26406,0.13060,-57.45,3.130,-1,0.0000,-1.00,0.0000,0
3250,1790782150443,0.02795,0.02727,0.01850,0.21420,0.05009,0.01775,0.02354,0.01371,0.16685,0.07154,0.18351,0.18508,0.02814,0.00381,0.00573,0.21374,0.01583,0.01699,0.02733,0.01541,0.15720,0.08294,0.21653,0.21636,-56.61,2.570,-1,0.0000,-1.00,0.0000,0
3343,1790782150541,0.02128,0.02654,0.01281,0.11430,0.07729,0.01967,0.04239,0.03550,0.12200,0.04318,0.11854,0.36649,0.01756,0.00718,0.00535,0.10959,0.00755,0.02009,0.04938,0.04148,0.12422,0.05048,0.13806,0.42907,-56.46,4.398,-1,0.0000,-1.00,0.0000,0
3436,1790782150619,0.05696,0.01776,0.01560,0.10054,0.05489,0.01510,0.02301,0.02697,0.28010,0.04046,0.14263,0.22599,0.01099,0.00946,0.00952,0.08723,0.01277,0.01624,0.02567,0.03046,0.31799,0.04629,0.16768,0.26570,-57.15,3.361,-1,0.0000,-1.00,0.0000,0
3529,1790782150721,0.07252,0.03713,0.02085,0.10979,0.04877,0.02989,0.01768,0.11749,0.15440,0.07379,0.14539,0.17230,0.06115,0.01167,0.00818,0.09795,0.01862,0.02369,0.01887,0.13916,0.16559,0.08473,0.16952,0.20087,-57.55,2.068,-1,0.0000,-1.00,0.0000,0
3622,1790782150801,0.10549,0.00638,0.02529,0.06166,0.01884,0.01911,0.04628,0.34893,0.06998,0.08774,0.13128,0.07901,0.03431,0.00231,0.00970,0.04333,0.00596,0.01610,0.05499,0.41618,0.07527,0.10395,0.15412,0.08377,-57.49,4.187,-1,0.0000,-1.00,0.0000,0
3715,1790782150901,0.08751,0.01548,0.03305,0.06642,0.03070,0.02641,0.13608,0.20831,0.06768,0.07429,0.11762,0.13647,0.05606,0.00454,0.02237,0.05245,0.01070,0.02053,0.16117,0.24615,0.07069,0.08689,0.13686,0.13157,-57.02,2.500,-1,0.0000,-1.00,0.0000,0
3808,1790782151001,0.05610,0.01314,0.01040,0.21660,0.01706,0.01525,0.21722,0.13130,0.09789,0.03738,0.09672,0.09094,0.03314,0.00652,0.00381,0.23703,0.00932,0.01170,0.25899,0.15658,0.06960,0.04365,0.11358,0.05610,-56.43,2.607,-1,0.0000,-1.00,0.0000,0
3900,1790782151100,0.07441,0.02136,0.01984,0.14808,0.01942,0.02021,0.18070,0.12424,0.09392,0.07782,0.10689,0.11310,0.05804,0.01465,0.00551,0.15254,0.00550,0.01271,0.21361,0.14778,0.08230,0.09216,0.12556,0.08963,-56.74,2.168,-1,0.0000,-1.00,0.0000,0
3993,1790782151200,0.10378,0.02237,0.02818,0.14012,0.01845,0.06333,0.03619,0.17410,0.09961,0.10042,0.14424,0.06921,0.08482,0.00860,0.01021,0.13596,0.00761,0.05907,0.04139,0.20686,0.09239,0.11883,0.16112,0.07315,-57.45,2.089,-1,0.0000,-1.00,0.0000,0
4086,1790782151281,0.04003,0.01563,0.06343,0.25579,0.01813,0.02134,0.04214,0.07621,0.12080,0.09419,0.19126,0.06105,0.02661,0.00582,0.05384,0.26187,0.00916,0.02029,0.04923,0.08075,0.09209,0.11179,0.22516,0.06339,-57.32,3.070,-1,0.0000,-1.00,0.0000,0
4179,1790782151381,0.03425,0.02290,0.05320,0.16178,0.02222,0.02700,0.02714,0.10014,0.09043,0.13857,0.22997,0.09241,0.01801,0.01168,0.03106,0.14036,0.00581,0.02878,0.02893,0.11511,0.08053,0.16489,0.26986,0.10499,-57.28,2.760,-1,0.0000,-1.00,0.0000,0
4272,1790782151466,0.05348,0.03436,0.05490,0.07732,0.02838,0.01382,0.05061,0.12232,0.15077,0.09573,0.20401,0.11431,0.02533,0.01836,0.04336,0.04464,0.00905,0.01154,0.05606,0.13892,0.17162,0.11310,0.24216,0.12586,-57.51,2.448,-1,0.0000,-1.00,0.0000,0
4365,1790782151560,0.11726,0.02475,0.03025,0.06817,0.02152,0.03953,0.03639,0.10488,0.11322,0.11240,0.25213,0.07947,0.10607,0.01363,0.00981,0.02283,0.00852,0.02634,0.04086,0.12377,0.13076,0.13337,0.29689,0.08713,-57.44,3.026,-1,0.0000,-1.00,0.0000,0
4458,1790782151639,0.06332,0.04782,0.02064,0.13442,0.02991,0.01941,0.08665,0.06447,0.13976,0.07305,0.23592,0.08462,0.04954,0.03965,0.00809,0.10555,0.01951,0.01344,0.09597,0.07565,0.14627,0.08394,0.28002,0.08236,-57.39,2.831,-1,0.0000,-1.00,0.0000,0
4551,1790782151742,0.03018,0.02222,0.02454,0.19506,0.03652,0.01168,0.13281,0.03562,0.07723,0.08549,0.25828,0.09037,0.02811,0.01507,0.01021,0.17270,0.02842,0.00842,0.15615,0.04065,0.05831,0.09681,0.30781,0.07733,-57.24,3.099,-1,0.0000,-1.00,0.0000,0
4643,1790782151840,0.25611,0.03617,0.02099,0.09701,0.02459,0.05618,0.06758,0.07328,0.06971,0.06823,0.17127,0.05888,0.28852,0.03100,0.00967,0.07595,0.01841,0.01013,0.07437,0.08636,0.06847,0.07811,0.20321,0.05580,-57.12,3.073,-1,0.0000,-1.00,0.0000,0
4736,1790782151925,0.29336,0.01335,0.02427,0.07433,0.01778,0.06031,0.02594,0.05655,0.05961,0.05213,0.26285,0.05952,0.33868,0.00290,0.01703,0.02683,0.00835,0.00513,0.03014,0.06476,0.06610,0.06081,0.31394,0.06535,-57.63,3.520,-1,0.0000,-1.00,0.0000,0
4829,1790782152019,0.24533,0.00708,0.02633,0.09865,0.01212,0.05068,0.01085,0.04628,0.03524,0.06010,0.36103,0.04631,0.28365,0.00144,0.01738,0.03262,0.00391,0.00460,0.01270,0.05202,0.03550,0.07149,0.43169,0.05298,-57.89,4.332,-1,0.0000,-1.00,0.0000,0
4922,1790782152100,0.26972,0.01068,0.02524,0.09240,0.01897,0.05996,0.02603,0.04626,0.05714,0.06289,0.27335,0.05738,0.31279,0.00107,0.01561,0.04627,0.00797,0.01219,0.03098,0.05233,0.05929,0.07378,0.32512,0.06261,-58.09,3.280,-1,0.0000,-1.00,0.0000,0
5015,1790782152200,0.17980,0.03882,0.01939,0.09517,0.02376,0.03938,0.04024,0.06971,0.14368,0.08451,0.18044,0.08508,0.20042,0.01520,0.00355,0.07149,0.00986,0.00791,0.04516,0.08288,0.15799,0.09931,0.21464,0.09159,-58.35,2.165,-1,0.0000,-1.00,0.0000,0
5108,1790782152300,0.17893,0.05217,0.02677,0.08427,0.01558,0.04489,0.03529,0.07624,0.14711,0.09841,0.17995,0.06039,0.19662,0.02996,0.00885,0.05881,0.00575,0.01481,0.03627,0.08967,0.16420,0.11719,0.21268,0.06517,-58.42,2.159,-1,0.0000,-1.00,0.0000,0
5201,1790782152400,0.08780,0.02855,0.01345,0.10878,0.02563,0.02738,0.02119,0.02589,0.08636,0.04813,0.43057,0.09627,0.09923,0.01482,0.00501,0.02859,0.00872,0.01314,0.02232,0.03016,0.09776,0.05600,0.51332,0.11093,-58.29,5.167,-1,0.0000,-1.00,0.0000,0
5294,1790782152501,0.06686,0.01887,0.02862,0.09614,0.02502,0.02018,0.02296,0.05097,0.07976,0.10869,0.37788,0.10405,0.06937,0.00473,0.00865,0.02589,0.00551,0.01144,0.02657,0.05936,0.09020,0.12937,0.45052,0.11837,-58.38,4.535,-1,0.0000,-1.00,0.0000,0
5387,1790782152580,0.13497,0.01505,0.02259,0.09632,0.02102,0.03546,0.01840,0.03955,0.06454,0.10181,0.36914,0.08115,0.15172,0.00451,0.00308,0.02828,0.00505,0.01411,0.02096,0.04697,0.07173,0.12099,0.43952,0.09308,-58.12,4.430,-1,0.0000,-1.00,0.0000,0
5479,1790782152678,0.06749,0.02492,0.03809,0.10122,0.03974,0.02176,0.05532,0.04838,0.12418,0.14412,0.17842,0.15636,0.06701,0.00707,0.01181,0.07940,0.01316,0.01279,0.06439,0.05613,0.13245,0.17069,0.21125,0.17385,-58.06,2.141,-1,0.0000,-1.00,0.0000,0
5572,1790782152760,0.03489,0.02070,0.02939,0.10022,0.05233,0.01660,0.06972,0.03249,0.11827,0.11761,0.17139,0.23639,0.03274,0.00157,0.00758,0.07990,0.00982,0.01340,0.08323,0.03743,0.12547,0.13939,0.20271,0.26675,-58.35,2.837,-1,0.0000,-1.00,0.0000,0
5665,1790782152861,0.10856,0.01825,0.02588,0.09684,0.05096,0.02972,0.03685,0.08543,0.09720,0.09855,0.12791,0.22387,0.11007,0.00221,0.00794,0.08620,0.00959,0.01379,0.04358,0.10092,0.09920,0.11636,0.15053,0.25960,-57.48,2.686,-1,0.0000,-1.00,0.0000,0
5758,1790782152941,0.02977,0.01775,0.03067,0.07063,0.06779,0.01958,0.04503,0.04362,0.08726,0.12849,0.17612,0.28329,0.02546,0.00237,0.00673,0.04351,0.01602,0.01842,0.05286,0.05155,0.09532,0.15140,0.20739,0.32897,-56.82,3.400,-1,0.0000,-1.00,0.0000,0
5851,1790782153042,0.03904,0.02183,0.02271,0.11216,0.05743,0.01162,0.05781,0.05894,0.09815,0.09322,0.19856,0.22851,0.03298,0.00629,0.00575,0.08752,0.01721,0.00739,0.06792,0.06960,0.10026,0.10829,0.23646,0.26035,-56.47,2.742,-1,0.0000,-1.00,0.0000,0
5944,1790782153139,0.01955,0.00685,0.01300,0.12423,0.09243,0.00632,0.04340,0.02761,0.04476,0.04494,0.14254,0.43437,0.01673,0.00246,0.00523,0.11520,0.00874,0.00512,0.05151,0.03205,0.03073,0.05218,0.16978,0.51026,-56.14,5.212,-1,0.0000,-1.00,0.0000,0
6037,1790782153219,0.02477,0.00802,0.02187,0.17459,0.08120,0.01026,0.02153,0.01402,0.07315,0.07895,0.10334,0.38830,0.02566,0.00085,0.00767,0.18494,0.00614,0.00720,0.02475,0.01615,0.05087,0.09350,0.12240,0.45987,-55.96,4.660,-1,0.0000,-1.00,0.0000,0
6130,1790782153320,0.01809,0.00855,0.01311,0.10102,0.10378,0.00805,0.02981,0.01907,0.05165,0.03502,0.11568,0.49617,0.01580,0.00334,0.00767,0.09383,0.00787,0.00651,0.03506,0.02133,0.04316,0.04053,0.13732,0.58758,-55.96,5.954,-1,0.0000,-1.00,0.0000,0
6222,1790782153401,0.03068,0.01563,0.04048,0.08364,0.08988,0.01121,0.01941,0.03776,0.05575,0.03276,0.18527,0.39755,0.02943,0.00856,0.04119,0.05651,0.01427,0.00759,0.02156,0.03708,0.05515,0.03687,0.22049,0.47129,-55.91,4.771,-1,0.0000,-1.00,0.0000,0
6315,1790782153520,0.04859,0.01251,0.03638,0.07431,0.10436,0.05877,0.02994,0.01592,0.05601,0.05242,0.16831,0.34247,0.05530,0.00402,0.03281,0.05140,0.04503,0.05946,0.03401,0.01364,0.05641,0.05439,0.18989,0.40362,-56.12,4.110,-1,0.0000,-1.00,0.0000,0
6408,1790782153604,0.03326,0.04212,0.02711,0.13117,0.04434,0.04535,0.09599,0.03360,0.10914,0.07523,0.19245,0.17023,0.02988,0.03159,0.01528,0.11336,0.01697,0.04842,0.10876,0.03724,0.10830,0.08678,0.22101,0.18242,-56.70,2.309,-1,0.0000,-1.00,0.0000,0
6501,1790782153702,0.12704,0.02573,0.02065,0.05876,0.03767,0.10907,0.19292,0.03064,0.07044,0.04787,0.12543,0.15377,0.14427,0.01681,0.01406,0.04462,0.01751,0.10210,0.22641,0.03535,0.07555,0.05389,0.13006,0.13937,-57.26,2.315,-1,0.0000,-1.00,0.0000,0
6594,1790782153800,0.17824,0.02578,0.04884,0.10152,0.05242,0.13143,0.04033,0.02873,0.06077,0.06473,0.12930,0.13792,0.20762,0.02140,0.04422,0.09550,0.03181,0.11632,0.04335,0.02638,0.05301,0.07213,0.13188,0.15636,-57.34,2.139,-1,0.0000,-1.00,0.0000,0
6687,1790782153882,0.16418,0.02696,0.01994,0.06712,0.05719,0.07684,0.05429,0.06243,0.09110,0.05033,0.07626,0.25337,0.18237,0.01320,0.01236,0.06450,0.01079,0.05592,0.06240,0.07240,0.09637,0.05816,0.08030,0.29123,-57.27,3.040,-1,0.0000,-1.00,0.0000,0
6780,1790782153981,0.11807,0.02218,0.02306,0.16473,0.02284,0.04089,0.04393,0.04133,0.12417,0.08236,0.22887,0.08755,0.13151,0.00325,0.00831,0.14392,0.00860,0.02293,0.05164,0.04823,0.11974,0.09750,0.26970,0.09467,-57.38,2.746,-1,0.0000,-1.00,0.0000,0
6873,1790782154063,0.13665,0.03171,0.01838,0.16050,0.02380,0.03899,0.02253,0.04559,0.16447,0.04995,0.23746,0.06996,0.15361,0.00429,0.01067,0.13655,0.01299,0.01627,0.02579,0.05287,0.17000,0.05728,0.28131,0.07836,-57.63,2.850,-1,0.0000,-1.00,0.0000,0
6965,1790782154159,0.13379,0.02367,0.01533,0.17408,0.02858,0.02869,0.03103,0.04837,0.10276,0.02360,0.30353,0.08656,0.14935,0.00938,0.01331,0.13668,0.01507,0.00477,0.03533,0.05532,0.09581,0.02552,0.36275,0.09672,-57.58,3.642,-1,0.0000,-1.00,0.0000,0
7058,1790782154240,0.06841,0.01099,0.01626,0.29626,0.02024,0.01758,0.01202,0.02132,0.07607,0.05186,0.33423,0.07474,0.07715,0.00594,0.00744,0.27583,0.00701,0.00577,0.01299,0.02431,0.03647,0.06075,0.39934,0.08698,-57.29,4.011,-1,0.0000,-1.00,0.0000,0
7151,1790782154342,0.03680,0.01315,0.02600,0.17533,0.04989,0.01019,0.02877,0.02013,0.07003,0.10520,0.23794,0.22658,0.03918,0.00554,0.00645,0.15374,0.00727,0.00445,0.03335,0.02286,0.05344,0.12462,0.28423,0.26488,-57.28,2.855,-1,0.0000,-1.00,0.0000,0
7244,1790782154440,0.04224,0.00787,0.00925,0.21015,0.04054,0.02405,0.01306,0.02937,0.04376,0.03503,0.36673,0.17795,0.04493,0.00555,0.00302,0.16548,0.00711,0.01991,0.01455,0.03459,0.01956,0.04064,0.43549,0.20917,-56.59,4.401,-1,0.0000,-1.00,0.0000,0
7337,1790782154519,0.01854,0.00469,0.00516,0.12882,0.04442,0.11071,0.00954,0.00974,0.02379,0.01870,0.41757,0.20830,0.01967,0.00263,0.00189,0.06024,0.00374,0.12919,0.01080,0.01141,0.01656,0.02167,0.47474,0.24745,-56.54,5.011,-1,0.0000,-1.00,0.0000,0
7430,1790782154618,0.01094,0.00436,0.00696,0.14225,0.02813,0.16580,0.02344,0.01663,0.02923,0.03079,0.42603,0.11545,0.00919,0.00206,0.00130,0.07699,0.00751,0.19685,0.02760,0.01974,0.01964,0.03552,0.47147,0.13213,-57.00,5.112,-1,0.0000,-1.00,0.0000,0
7523,1790782154698,0.01774,0.00630,0.00838,0.19898,0.03093,0.07842,0.01011,0.02529,0.04297,0.02201,0.42472,0.13415,0.01592,0.00304,0.00502,0.14111,0.00576,0.09081,0.01149,0.02934,0.02338,0.02536,0.49092,0.15786,-57.21,5.097,-1,0.0000,-1.00,0.0000,0
7616,1790782154825,0.01968,0.00478,0.02002,0.13355,0.00949,0.06767,0.01427,0.05941,0.02848,0.04073,0.56884,0.03308,0.00925,0.00095,0.01438,0.02802,0.00418,0.07925,0.01692,0.06833,0.02807,0.04847,0.66590,0.03629,-57.95,6.826,-1,0.0000,-1.00,0.0000,0
7709,1790782154901,0.01433,0.00633,0.01586,0.16614,0.01833,0.02010,0.01301,0.03333,0.04597,0.06797,0.53322,0.06541,0.00868,0.00113,0.00307,0.07329,0.00719,0.02237,0.01522,0.03948,0.04023,0.08034,0.63449,0.07451,-58.06,6.399,-1,0.0000,-1.00,0.0000,0
7801,1790782155000,0.07869,0.00599,0.02266,0.12682,0.02720,0.03624,0.02278,0.03928,0.02753,0.02977,0.51178,0.07126,0.08568,0.00196,0.02039,0.03179,0.00781,0.03535,0.02688,0.04305,0.02669,0.03413,0.60622,0.08005,-57.98,6.141,-1,0.0000,-1.00,0.0000,0
7894,1790782155099,0.09854,0.01163,0.01530,0.19909,0.02180,0.03633,0.01985,0.02926,0.05443,0.06178,0.38292,0.06908,0.11126,0.00685,0.00398,0.14853,0.00837,0.02369,0.02233,0.03436,0.03578,0.07237,0.45413,0.07835,-58.50,4.595,-1,0.0000,-1.00,0.0000,0
7987,1790782155177,0.03244,0.06036,0.06401,0.07623,0.02233,0.05388,0.03324,0.03672,0.03025,0.23140,0.29306,0.06608,0.02951,0.06762,0.02216,0.02403,0.01209,0.05872,0.02630,0.03973,0.03122,0.27515,0.33951,0.07397,-58.72,3.517,-1,0.0000,-1.00,0.0000,0
8080,1790782155281,0.05477,0.07039,0.03884,0.07328,0.03005,0.04566,0.07453,0.02810,0.06519,0.16388,0.29969,0.05563,0.05461,0.07425,0.00853,0.01842,0.02353,0.04607,0.07446,0.03211,0.07446,0.19170,0.34997,0.05189,-59.22,3.596,-1,0.0000,-1.00,0.0000,0
8173,1790782155358,0.02989,0.10855,0.03436,0.14441,0.01898,0.04101,0.05513,0.01616,0.12401,0.14569,0.22820,0.05362,0.02900,0.10859,0.00702,0.12054,0.01176,0.04339,0.04447,0.01803,0.12469,0.17225,0.26484,0.05543,-58.53,2.738,-1,0.0000,-1.00,0.0000,0
8266,1790782155470,0.01615,0.39427,0.01167,0.08042,0.01049,0.03857,0.07890,0.03001,0.21253,0.03273,0.06576,0.02851,0.01120,0.42642,0.00643,0.08247,0.00617,0.04399,0.00970,0.03500,0.23820,0.03810,0.07007,0.03224,-57.58,4.731,-1,0.0000,-1.00,0.0000,0
8359,1790782155536,0.07721,0.29546,0.00908,0.16759,0.00887,0.04083,0.06945,0.02871,0.17839,0.02656,0.06908,0.02876,0.08084,0.32401,0.00474,0.18570,0.00454,0.03290,0.01899,0.03346,0.17695,0.03093,0.07626,0.03069,-57.41,3.546,-1,0.0000,-1.00,0.0000,0
8452,1790782155634,0.07295,0.18135,0.01452,0.11665,0.02860,0.05930,0.07343,0.04249,0.19936,0.05065,0.04833,0.11236,0.07686,0.17636,0.00576,0.13048,0.00979,0.05581,0.05303,0.04978,0.21302,0.05875,0.04685,0.12352,-57.93,2.392,-1,0.0000,-1.00,0.0000,0
8544,1790782155734,0.05745,0.24436,0.02194,0.05264,0.01593,0.08962,0.09520,0.06947,0.18826,0.04918,0.06697,0.04898,0.05217,0.25085,0.01498,0.05098,0.00998,0.09704,0.06435,0.08028,0.21538,0.05705,0.06101,0.04593,-58.55,2.932,-1,0.0000,-1.00,0.0000,0
8637,1790782155817,0.06279,0.17510,0.00935,0.05700,0.01627,0.06391,0.06007,0.13141,0.26512,0.03990,0.07975,0.03934,0.04016,0.15283,0.00217,0.05207,0.01139,0.06901,0.04168,0.15703,0.30735,0.04555,0.08188,0.03888,-58.64,3.181,-1,0.0000,-1.00,0.0000,0
8730,1790782155922,0.04580,0.15386,0.02729,0.07294,0.01542,0.03675,0.05173,0.12657,0.26024,0.10967,0.07125,0.02849,0.02509,0.12539,0.00715,0.07201,0.01317,0.03907,0.03712,0.15025,0.29749,0.12886,0.07763,0.02677,-58.76,3.123,-1,0.0000,-1.00,0.0000,0
8823,1790782155999,0.03434,0.25458,0.02305,0.13322,0.01041,0.03327,0.07881,0.04570,0.21634,0.07630,0.06598,0.02800,0.03020,0.25981,0.00972,0.14529,0.00748,0.03388,0.04242,0.05335,0.23009,0.09027,0.07235,0.02514,-58.26,3.055,-1,0.0000,-1.00,0.0000,0
8916,1790782156120,0.03375,0.11224,0.01654,0.24769,0.05411,0.02241,0.05766,0.05248,0.21103,0.06714,0.07075,0.05419,0.02691,0.09764,0.00547,0.28088,0.05286,0.02267,0.04974,0.06180,0.19482,0.07234,0.08029,0.05459,-58.09,2.972,-1,0.0000,-1.00,0.0000,0
9009,1790782156200,0.06149,0.12568,0.03446,0.12595,0.05804,0.02992,0.06770,0.03029,0.18757,0.12532,0.09252,0.06107,0.06389,0.11427,0.01378,0.12985,0.05734,0.02318,0.05847,0.03357,0.19902,0.13880,0.10627,0.06159,-58.19,2.251,-1,0.0000,-1.00,0.0000,0
9102,1790782156299,0.09201,0.13027,0.02737,0.13022,0.04804,0.04449,0.04289,0.04268,0.24252,0.10306,0.05745,0.03899,0.09421,0.11045,0.01012,0.14375,0.04943,0.03463,0.02887,0.04977,0.26142,0.11437,0.06197,0.04100,-58.07,2.910,-1,0.0000,-1.00,0.0000,0
9195,1790782156400,0.07644,0.19810,0.02692,0.13025,0.02335,0.03720,0.05413,0.04758,0.26505,0.05689,0.06014,0.02396,0.08080,0.18010,0.01956,0.14294,0.02247,0.02946,0.02783,0.05446,0.28891,0.06405,0.06622,0.02319,-57.81,3.181,-1,0.0000,-1.00,0.0000,0
9287,1790782156478,0.10243,0.13697,0.04259,0.05893,0.02896,0.05408,0.07251,0.07280,0.20853,0.05186,0.11142,0.05893,0.10701,0.11640,0.03963,0.04585,0.02321,0.04358,0.06381,0.07938,0.24078,0.05753,0.12487,0.05796,-58.19,2.502,-1,0.0000,-1.00,0.0000,0
9380,1790782156581,0.05131,0.11034,0.08476,0.10889,0.02619,0.03375,0.07246,0.06831,0.20355,0.03724,0.15593,0.04728,0.04897,0.08820,0.09363,0.09465,0.02300,0.03073,0.06934,0.06329,0.22514,0.04006,0.18074,0.04224,-58.12,2.443,-1,0.0000,-1.00,0.0000,0
9473,1790782156659,0.03627,0.11992,0.01608,0.26874,0.02012,0.01850,0.04736,0.05993,0.30030,0.03164,0.05345,0.02770,0.02466,0.08965,0.01246,0.30999,0.01905,0.01728,0.03898,0.06934,0.29817,0.03434,0.06062,0.02547,-57.17,3.604,-1,0.0000,-1.00,0.0000,0
9566,1790782156761,0.05794,0.13934,0.01830,0.27027,0.01356,0.02550,0.03370,0.06628,0.24997,0.03299,0.07590,0.01625,0.02583,0.14829,0.01460,0.30682,0.01286,0.02543,0.01099,0.07652,0.23869,0.03697,0.08590,0.01709,-57.48,3.243,-1,0.0000,-1.00,0.0000,0
9659,1790782156840,0.05347,0.10803,0.02733,0.22567,0.02072,0.01945,0.01881,0.04440,0.33646,0.07962,0.04441,0.02162,0.05415,0.05976,0.01463,0.26035,0.02012,0.01257,0.01003,0.05097,0.35155,0.09141,0.05072,0.02374,-58.07,4.038,-1,0.0000,-1.00,0.0000,0
9752,1790782156941,0.09121,0.11323,0.04173,0.10159,0.01839,0.02554,0.02907,0.05768,0.31662,0.11819,0.03974,0.04703,0.09642,0.06493,0.02236,0.11274,0.01171,0.01149,0.02167,0.06496,0.35689,0.13944,0.04533,0.05205,-58.44,3.799,-1,0.0000,-1.00,0.0000,0
9845,1790782157041,0.05977,0.09736,0.02980,0.12344,0.02870,0.02701,0.02236,0.06338,0.30403,0.10396,0.07140,0.06880,0.05676,0.04962,0.01174,0.13178,0.01866,0.02111,0.01565,0.07492,0.33817,0.12087,0.08137,0.07934,-59.84,3.648,-1,0.0000,-1.00,0.0000,0
9938,1790782157119,0.03655,0.09460,0.02405,0.15185,0.03105,0.01726,0.02031,0.03075,0.32625,0.10927,0.07857,0.07948,0.03514,0.04379,0.00361,0.16382,0.01894,0.01372,0.01565,0.03612,0.35845,0.12718,0.09143,0.09214,-60.87,3.915,-1,0.0000,-1.00,0.0000,0
10031,1790782157221,0.02851,0.06427,0.01747,0.29058,0.02424,0.02211,0.01801,0.02463,0.31135,0.05913,0.08754,0.05215,0.02860,0.01607,0.00746,0.32821,0.01738,0.02082,0.01839,0.02804,0.30743,0.06799,0.10077,0.05884,-60.71,3.736,-1,0.0000,-1.00,0.0000,0
10123,1790782157300,0.03614,0.11802,0.01303,0.05530,0.02094,0.02024,0.01785,0.10706,0.46196,0.05091,0.04783,0.05072,0.01589,0.03602,0.00406,0.05573,0.01361,0.02110,0.01425,0.12747,0.54249,0.05830,0.05313,0.05795,-60.68,5.544,-1,0.0000,-1.00,0.0000,0
10216,1790782157422,0.02723,0.13107,0.01880,0.11592,0.02311,0.01966,0.03023,0.05011,0.49774,0.02444,0.03631,0.02537,0.01879,0.04659,0.01762,0.13106,0.02273,0.01983,0.02699,0.05656,0.57043,0.02478,0.03958,0.02505,-60.09,5.973,-1,0.0000,-1.00,0.0000,0
10309,1790782157500,0.04613,0.10170,0.01198,0.10374,0.01137,0.03168,0.06589,0.03755,0.45668,0.03152,0.06916,0.03258,0.04657,0.01767,0.00722,0.10901,0.00884,0.02873,0.07514,0.04387,0.52560,0.03602,0.07717,0.02415,-59.63,5.480,-1,0.0000,-1.00,0.0000,0
10402,1790782157600,0.03714,0.09482,0.01431,0.09520,0.01682,0.01600,0.02861,0.09168,0.45802,0.05972,0.06481,0.02287,0.02186,0.00971,0.00358,0.09928,0.01572,0.01510,0.03227,0.10922,0.52914,0.06844,0.07467,0.02101,-59.08,5.496,-1,0.0000,-1.00,0.0000,0
10495,1790782157702,0.02788,0.08549,0.02216,0.14399,0.02508,0.01579,0.03504,0.06747,0.39320,0.09418,0.04525,0.04447,0.01757,0.01542,0.00501,0.16240,0.02102,0.01544,0.03893,0.07985,0.43895,0.10869,0.05116,0.04557,-58.47,4.718,-1,0.0000,-1.00,0.0000,0
10588,1790782157778,0.05749,0.08615,0.04922,0.13884,0.03084,0.01713,0.03067,0.04796,0.31153,0.06843,0.05737,0.10436,0.05549,0.03872,0.04317,0.15311,0.01325,0.00953,0.02760,0.05039,0.34257,0.07974,0.06686,0.11958,-58.42,3.738,-1,0.0000,-1.00,0.0000,0
10681,1790782157880,0.03547,0.07951,0.05549,0.14438,0.02191,0.01629,0.02689,0.04990,0.33700,0.11520,0.07784,0.04011,0.03219,0.02224,0.03967,0.15503,0.01796,0.01314,0.02781,0.05193,0.37222,0.13534,0.09066,0.04181,-58.68,4.044,-1,0.0000,-1.00,0.0000,0
10774,1790782157974,0.03696,0.08601,0.09394,0.15928,0.01229,0.01645,0.01764,0.03978,0.37515,0.10736,0.03773,0.01743,0.02957,0.03114,0.08745,0.18243,0.01142,0.01385,0.01497,0.03033,0.41306,0.12666,0.04246,0.01665,-58.87,4.502,-1,0.0000,-1.00,0.0000,0
10866,1790782158060,0.06124,0.06404,0.06857,0.08778,0.02747,0.03444,0.09091,0.09590,0.21752,0.11327,0.08865,0.05021,0.05277,0.02842,0.05624,0.08533,0.02504,0.03081,0.10308,0.10397,0.24373,0.13076,0.10011,0.03973,-58.65,2.610,-1,0.0000,-1.00,0.0000,0
10959,1790782158140,0.04899,0.05929,0.16081,0.06207,0.01486,0.02370,0.07695,0.11069,0.17949,0.19419,0.03789,0.03108,0.03813,0.03117,0.14694,0.06620,0.01379,0.02084,0.08575,0.10377,0.20113,0.23078,0.04127,0.02024,-57.83,2.330,-1,0.0000,-1.00,0.0000,0
11052,1790782158240,0.04083,0.05629,0.14797,0.07750,0.01354,0.01231,0.04190,0.07253,0.11539,0.37098,0.03120,0.01957,0.03521,0.04341,0.08968,0.08577,0.01270,0.00827,0.04154,0.06919,0.12126,0.44201,0.03575,0.01521,-57.22,4.452,-1,0.0000,-1.00,0.0000,0
11145,1790782158342,0.02306,0.07888,0.09030,0.19300,0.01268,0.01635,0.03416,0.02351,0.16650,0.25434,0.08697,0.02025,0.02370,0.06326,0.04824,0.21119,0.01145,0.01489,0.02719,0.01981,0.15764,0.30248,0.10126,0.01887,-56.70,3.052,-1,0.0000,-1.00,0.0000,0
11238,1790782158420,0.02327,0.04757,0.03950,0.18628,0.00911,0.01059,0.09471,0.04245,0.15255,0.15884,0.19831,0.03683,0.02241,0.02770,0.00988,0.17643,0.00725,0.00824,0.10796,0.04893,0.14781,0.18889,0.23599,0.01850,-56.48,2.380,-1,0.0000,-1.00,0.0000,0
11331,1790782158520,0.08311,0.07223,0.07170,0.08819,0.01980,0.02575,0.15160,0.03000,0.09149,0.06888,0.20474,0.09251,0.09313,0.06919,0.06977,0.05753,0.00834,0.01239,0.16752,0.02253,0.09765,0.08145,0.24287,0.07764,-56.83,2.457,-1,0.0000,-1.00,0.0000,0
11424,1790782158602,0.07225,0.03013,0.05349,0.08796,0.01546,0.02882,0.18020,0.03678,0.06630,0.17711,0.17359,0.07792,0.07868,0.02291,0.02227,0.06499,0.00621,0.02103,0.21122,0.03982,0.06656,0.21099,0.20383,0.05149,-57.24,2.162,-1,0.0000,-1.00,0.0000,0
11517,1790782158724,0.10152,0.04051,0.08858,0.04012,0.02185,0.02962,0.11005,0.02367,0.10573,0.31609,0.04344,0.07883,0.11835,0.02502,0.03138,0.03831,0.01046,0.01423,0.12690,0.02214,0.11863,0.37714,0.04923,0.06821,-57.46,3.793,-1,0.0000,-1.00,0.0000,0
11609,1790782158800,0.05408,0.20155,0.04534,0.06613,0.02107,0.01933,0.08291,0.04307,0.09957,0.17887,0.11062,0.07748,0.05502,0.21995,0.01220,0.05344,0.00903,0.01225,0.05561,0.04931,0.10871,0.21254,0.13012,0.08182,-57.69,2.419,-1,0.0000,-1.00,0.0000,0
11702,1790782158901,0.03452,0.07591,0.03337,0.08342,0.02611,0.01167,0.06786,0.04235,0.10659,0.12604,0.32282,0.06935,0.03145,0.06742,0.01073,0.02358,0.01760,0.00775,0.06794,0.04861,0.12304,0.14754,0.38528,0.06904,-58.13,3.874,-1,0.0000,-1.00,0.0000,0
11795,1790782159004,0.03137,0.03830,0.06532,0.32664,0.02166,0.02276,0.04423,0.03187,0.08950,0.11963,0.14574,0.06298,0.03199,0.03869,0.05036,0.35760,0.01277,0.02093,0.04526,0.02827,0.03636,0.14081,0.17048,0.06649,-57.71,3.920,-1,0.0000,-1.00,0.0000,0
11888,1790782159082,0.04343,0.05692,0.02164,0.30799,0.03025,0.09086,0.02701,0.02723,0.08851,0.06072,0.14630,0.09913,0.04617,0.06048,0.01191,0.33834,0.01034,0.10291,0.02038,0.03027,0.03898,0.07071,0.15490,0.11461,-58.01,3.696,-1,0.0000,-1.00,0.0000,0
11981,1790782159180,0.03752,0.06207,0.01342,0.21369,0.02723,0.11018,0.02443,0.02649,0.13727,0.03062,0.22668,0.09039,0.03902,0.04991,0.00928,0.20710,0.01192,0.12429,0.01938,0.02991,0.12343,0.03432,0.24698,0.10447,-58.77,2.720,-1,0.0000,-1.00,0.0000,0
12074,1790782159260,0.02510,0.10596,0.02196,0.24708,0.03601,0.08204,0.04268,0.02738,0.10719,0.05591,0.10821,0.14050,0.02389,0.11235,0.01337,0.27403,0.01087,0.09356,0.02732,0.03170,0.07368,0.06528,0.11111,0.16283,-57.83,2.965,-1,0.0000,-1.00,0.0000,0
12167,1790782159360,0.03042,0.13613,0.03010,0.29726,0.03023,0.06137,0.04257,0.02562,0.10616,0.04977,0.08652,0.10386,0.03133,0.15125,0.02467,0.33829,0.01237,0.06733,0.02102,0.02581,0.05983,0.05749,0.09033,0.12028,-57.49,3.567,-1,0.0000,-1.00,0.0000,0
12260,1790782159441,0.03911,0.09425,0.02423,0.17653,0.01831,0.11573,0.05141,0.02361,0.07639,0.06487,0.24827,0.06728,0.04170,0.10100,0.01391,0.15768,0.00757,0.13041,0.04106,0.02605,0.06019,0.07631,0.27164,0.07248,-58.33,2.979,-1,0.0000,-1.00,0.0000,0
12353,1790782159540,0.06610,0.03208,0.04721,0.10163,0.02246,0.07979,0.02578,0.02317,0.03577,0.17629,0.28864,0.10109,0.07426,0.03216,0.01484,0.05639,0.00386,0.08088,0.02437,0.02497,0.03168,0.21048,0.32982,0.11629,-58.58,3.464,-1,0.0000,-1.00,0.0000,0
12445,1790782159640,0.08656,0.03808,0.04503,0.06167,0.03677,0.11678,0.06812,0.05069,0.07767,0.08584,0.16748,0.16530,0.09200,0.02991,0.03387,0.03890,0.00781,0.12170,0.07569,0.05403,0.08536,0.10131,0.17656,0.18287,-58.93,2.010,-1,0.0000,-1.00,0.0000,0
12538,1790782159719,0.10522,0.06837,0.02154,0.05326,0.02109,0.16886,0.04753,0.08340,0.20464,0.02680,0.13713,0.06216,0.10703,0.03494,0.01982,0.03836,0.01247,0.18112,0.04997,0.09605,0.23703,0.03021,0.12841,0.06457,-59.15,2.456,-1,0.0000,-1.00,0.0000,0
12631,1790782159821,0.09398,0.05531,0.05443,0.05566,0.03365,0.11357,0.04404,0.12208,0.15822,0.05862,0.10592,0.10453,0.08661,0.03052,0.05154,0.04665,0.00635,0.13008,0.04656,0.13622,0.18034,0.06899,0.10113,0.11502,-58.31,1.899,-1,0.0000,-1.00,0.0000,0
12724,1790782159921,0.07413,0.02767,0.09331,0.05154,0.01285,0.02979,0.07901,0.28672,0.14180,0.01791,0.13697,0.04829,0.02369,0.00194,0.10778,0.03051,0.00592,0.03271,0.09429,0.32220,0.16383,0.02032,0.15764,0.03917,-58.30,3.441,-1,0.0000,-1.00,0.0000,0
12817,1790782160020,0.05757,0.02423,0.07473,0.06685,0.01686,0.02476,0.09041,0.24823,0.09328,0.04100,0.18586,0.07620,0.01307,0.00833,0.08005,0.03702,0.00628,0.02708,0.10620,0.28205,0.10444,0.04788,0.21734,0.07025,-58.26,2.979,-1,0.0000,-1.00,0.0000,0
12910,1790782160098,0.06189,0.03173,0.05760,0.10603,0.02340,0.01912,0.03468,0.24569,0.14914,0.04542,0.17521,0.05008,0.01489,0.00947,0.05863,0.08621,0.01770,0.01996,0.03956,0.28289,0.16011,0.05242,0.20599,0.05217,-57.30,2.948,-1,0.0000,-1.00,0.0000,0
13003,1790782160199,0.04515,0.05923,0.07021,0.04746,0.01791,0.02444,0.02969,0.14699,0.28715,0.15991,0.05846,0.05339,0.01967,0.00573,0.04647,0.04397,0.01010,0.02539,0.03357,0.16779,0.33496,0.19000,0.06502,0.05732,-57.44,3.446,-1,0.0000,-1.00,0.0000,0
13096,1790782160299,0.04406,0.05809,0.08080,0.07218,0.02317,0.02491,0.06346,0.10630,0.23449,0.16824,0.08787,0.03643,0.02722,0.01912,0.05772,0.06658,0.02195,0.02446,0.07225,0.11593,0.26777,0.19724,0.10044,0.02932,-58.16,2.814,-1,0.0000,-1.00,0.0000,0
13188,1790782160381,0.04927,0.08123,0.04397,0.08611,0.02457,0.01433,0.06841,0.13978,0.30234,0.11186,0.05060,0.02755,0.02689,0.02911,0.02713,0.09162,0.02589,0.01183,0.07621,0.16211,0.34412,0.12890,0.05828,0.01790,-58.39,3.628,-1,0.0000,-1.00,0.0000,0
13281,1790782160479,0.06668,0.06454,0.04186,0.11525,0.02817,0.02442,0.05652,0.15651,0.23162,0.10456,0.07489,0.03499,0.04376,0.02716,0.02634,0.12111,0.02790,0.02058,0.06234,0.18232,0.25308,0.12020,0.08565,0.02957,-58.62,2.779,-1,0.0000,-1.00,0.0000,0
13374,1790782160559,0.05994,0.08528,0.02094,0.06203,0.01759,0.02734,0.04837,0.15745,0.37415,0.06084,0.04733,0.03873,0.03483,0.01583,0.01119,0.06410,0.01402,0.02586,0.05462,0.18665,0.43562,0.07012,0.05159,0.03558,-58.26,4.490,-1,0.0000,-1.00,0.0000,0
13467,1790782160660,0.07907,0.06612,0.02215,0.05684,0.01410,0.02001,0.07620,0.18254,0.35206,0.05654,0.03111,0.04327,0.04480,0.00501,0.01351,0.06132,0.01014,0.01509,0.08976,0.21660,0.40970,0.06574,0.03428,0.03405,-58.35,4.225,-1,0.0000,-1.00,0.0000,0
13560,1790782160739,0.11358,0.03189,0.01631,0.12135,0.01775,0.04421,0.13659,0.20226,0.15121,0.03618,0.06797,0.06070,0.08849,0.00743,0.01147,0.13065,0.01322,0.03543,0.16211,0.24017,0.15529,0.04073,0.07442,0.04060,-58.90,2.427,-1,0.0000,-1.00,0.0000,0
13653,1790782160841,0.06653,0.05686,0.02123,0.08405,0.02061,0.03648,0.12352,0.13084,0.27220,0.06514,0.06366,0.05888,0.04906,0.00691,0.01059,0.08692,0.01648,0.03399,0.14664,0.15467,0.30883,0.07488,0.06954,0.04149,-58.60,3.266,-1,0.0000,-1.00,0.0000,0
13746,1790782160941,0.05092,0.08114,0.01827,0.04742,0.01460,0.02379,0.12205,0.05822,0.41425,0.06670,0.07058,0.03206,0.04131,0.00657,0.00664,0.04086,0.01535,0.02054,0.14491,0.06847,0.48821,0.07694,0.08050,0.00969,-58.33,4.971,-1,0.0000,-1.00,0.0000,0
13839,1790782161021,0.05629,0.05608,0.01976,0.06727,0.01152,0.05795,0.06461,0.05160,0.29636,0.07146,0.21683,0.03027,0.04757,0.00593,0.00705,0.03148,0.00902,0.06059,0.07623,0.06045,0.34887,0.08384,0.24780,0.02116,-58.28,3.556,-1,0.0000,-1.00,0.0000,0
13931,1790782161120,0.02493,0.04140,0.03764,0.07531,0.02564,0.03708,0.10807,0.03198,0.21343,0.16112,0.13556,0.10786,0.02109,0.00272,0.00723,0.05962,0.01017,0.04025,0.12895,0.03688,0.24392,0.19104,0.15445,0.10368,-57.09,2.561,-1,0.0000,-1.00,0.0000,0
14024,1790782161220,0.05175,0.02755,0.01990,0.07850,0.03647,0.07253,0.08893,0.06670,0.12902,0.09575,0.19259,0.14031,0.04623,0.00438,0.00164,0.05140,0.01370,0.07856,0.10569,0.07959,0.14441,0.11201,0.21520,0.14718,-56.75,2.311,-1,0.0000,-1.00,0.0000,0
14117,1790782161321,0.06483,0.04627,0.04387,0.05240,0.03125,0.02451,0.11323,0.08482,0.23413,0.10930,0.06986,0.12553,0.05318,0.00666,0.02711,0.04693,0.01283,0.01883,0.13223,0.09839,0.27124,0.12842,0.07997,0.12420,-57.43,2.810,-1,0.0000,-1.00,0.0000,0
14210,1790782161400,0.05737,0.03835,0.05415,0.07718,0.01679,0.01247,0.10174,0.20952,0.19304,0.07184,0.09184,0.07572,0.02064,0.00311,0.04809,0.07109,0.00690,0.01085,0.12129,0.24152,0.21721,0.08472,0.10789,0.06668,-57.17,2.514,-1,0.0000,-1.00,0.0000,0
14303,1790782161500,0.09120,0.04000,0.04803,0.02849,0.02416,0.01917,0.03362,0.32206,0.18658,0.04803,0.06278,0.09587,0.03459,0.00440,0.04645,0.01985,0.00772,0.01612,0.03932,0.37678,0.21963,0.05603,0.07203,0.10708,-56.80,3.865,-1,0.0000,-1.00,0.0000,0
14396,1790782161601,0.11838,0.03884,0.04945,0.06972,0.02494,0.03466,0.05416,0.18473,0.17955,0.10666,0.05895,0.07995,0.09791,0.00776,0.03434,0.07051,0.01067,0.02477,0.06181,0.21609,0.20117,0.12569,0.06573,0.08355,-57.28,2.217,-1,0.0000,-1.00,0.0000,0
14489,1790782161679,0.11354,0.03654,0.08924,0.24951,0.01846,0.03157,0.02553,0.09715,0.18300,0.05360,0.05471,0.04714,0.11553,0.01275,0.09467,0.28656,0.01202,0.01493,0.02807,0.09764,0.16247,0.06185,0.06260,0.05092,-57.84,2.994,-1,0.0000,-1.00,0.0000,0
14582,1790782161780,0.08369,0.05662,0.02838,0.31420,0.01289,0.01527,0.03404,0.12875,0.18933,0.02669,0.08016,0.02999,0.07078,0.03692,0.02805,0.35761,0.00964,0.00427,0.03340,0.14878,0.15597,0.03007,0.09520,0.02931,-58.05,3.770,-1,0.0000,-1.00,0.0000,0
14675,1790782161860,0.03168,0.06328,0.17918,0.12201,0.01483,0.01316,0.03051,0.10480,0.17447,0.20928,0.02781,0.02901,0.01836,0.04099,0.16542,0.14007,0.01197,0.01213,0.02740,0.09382,0.18113,0.24854,0.03092,0.02925,-57.45,2.511,-1,0.0000,-1.00,0.0000,0
14767,1790782161971,0.03317,0.04215,0.12367,0.13150,0.01905,0.01869,0.03400,0.08484,0.16021,0.27482,0.04762,0.03026,0.02277,0.01858,0.08322,0.14696,0.01708,0.01788,0.03663,0.08559,0.16105,0.32771,0.05352,0.02900,-57.09,3.298,-1,0.0000,-1.00,0.0000,0
14860,1790782162038,0.06105,0.02566,0.05156,0.12745,0.01020,0.00662,0.01716,0.26171,0.13489,0.08142,0.19081,0.03146,0.01315,0.00294,0.04267,0.10760,0.00563,0.00532,0.01964,0.30547,0.14030,0.09644,0.22758,0.03325,-56.61,3.141,-1,0.0000,-1.00,0.0000,0
14953,1790782162140,0.01793,0.04270,0.03829,0.12774,0.12804,0.00352,0.00673,0.04623,0.21905,0.15119,0.05160,0.16698,0.00816,0.00758,0.01445,0.14091,0.11401,0.00260,0.00656,0.05253,0.23454,0.15856,0.06131,0.19878,-55.74,2.629,-1,0.0000,-1.00,0.0000,0
15046,1790782162239,0.00839,0.01323,0.08310,0.04720,0.18220,0.00342,0.00385,0.01390,0.09581,0.35611,0.00746,0.18533,0.00562,0.00240,0.01647,0.05490,0.17446,0.00299,0.00412,0.01340,0.07683,0.41920,0.00835,0.22125,-55.93,4.273,-1,0.0000,-1.00,0.0000,0
15139,1790782162320,0.01078,0.05482,0.10389,0.07543,0.07686,0.00642,0.00533,0.02048,0.28090,0.29322,0.01606,0.05582,0.01033,0.00237,0.05794,0.08679,0.07907,0.00565,0.00592,0.01305,0.31938,0.33567,0.01812,0.06571,-55.79,3.519,-1,0.0000,-1.00,0.0000,0
15232,1790782162422,0.01133,0.05519,0.06149,0.16315,0.05815,0.00528,0.00780,0.02513,0.28961,0.12615,0.16793,0.02876,0.00941,0.00382,0.04584,0.15578,0.06319,0.00447,0.00859,0.02104,0.31434,0.14043,0.20034,0.03276,-55.23,3.475,-1,0.0000,-1.00,0.0000,0
15325,1790782162518,0.01622,0.05976,0.03207,0.14210,0.05582,0.00572,0.01044,0.02246,0.28396,0.06790,0.23404,0.06950,0.01506,0.00867,0.02430,0.11483,0.05080,0.00387,0.01077,0.02212,0.31749,0.07129,0.27967,0.08115,-55.23,3.408,-1,0.0000,-1.00,0.0000,0
15418,1790782162620,0.01033,0.07064,0.08172,0.10305,0.05775,0.00854,0.00785,0.02257,0.31743,0.10646,0.14038,0.07327,0.00889,0.01386,0.07468,0.09047,0.05206,0.00847,0.00660,0.01229,0.36242,0.11725,0.16653,0.08649,-55.22,3.809,-1,0.0000,-1.00,0.0000,0
15510,1790782162699,0.01045,0.14136,0.03931,0.09251,0.01720,0.01107,0.02558,0.03150,0.29105,0.07315,0.21568,0.05114,0.00408,0.10475,0.03007,0.06011,0.00885,0.01245,0.00988,0.03178,0.33683,0.08590,0.25596,0.05932,-55.34,3.493,-1,0.0000,-1.00,0.0000,0
15603,1790782162801,0.06263,0.13957,0.03654,0.07943,0.00989,0.01883,0.03323,0.03919,0.30828,0.08943,0.14956,0.03344,0.05724,0.10552,0.02273,0.06009,0.00460,0.01122,0.01764,0.04370,0.35748,0.10624,0.17698,0.03657,-56.47,3.699,-1,0.0000,-1.00,0.0000,0
15696,1790782162899,0.02748,0.13421,0.04077,0.09296,0.02593,0.02178,0.06069,0.02364,0.10260,0.12655,0.27510,0.06829,0.02366,0.14298,0.01904,0.04688,0.01656,0.02141,0.04378,0.02515,0.11159,0.15040,0.32539,0.07315,-57.03,3.301,-1,0.0000,-1.00,0.0000,0
15789,1790782162980,0.02334,0.11887,0.02770,0.13514,0.01421,0.01921,0.04344,0.03560,0.15457,0.08487,0.29903,0.04404,0.02001,0.10932,0.01325,0.09173,0.00563,0.02117,0.03025,0.04015,0.16702,0.10057,0.35411,0.04677,-57.36,3.588,-1,0.0000,-1.00,0.0000,0
15882,1790782163079,0.04944,0.09435,0.05977,0.10887,0.02264,0.03023,0.04552,0.03710,0.16286,0.13693,0.22473,0.02756,0.04401,0.08543,0.03985,0.07826,0.01926,0.03030,0.03761,0.03656,0.17963,0.16025,0.26327,0.02557,-57.46,2.697,-1,0.0000,-1.00,0.0000,0
15975,1790782163160,0.02068,0.08880,0.03207,0.13434,0.02806,0.04188,0.05993,0.04675,0.15094,0.07289,0.23526,0.08839,0.01418,0.07495,0.02164,0.10695,0.01483,0.04737,0.05588,0.05279,0.15938,0.08469,0.27250,0.09484,-56.75,2.823,-1,0.0000,-1.00,0.0000,0
16068,1790782163260,0.02780,0.07855,0.03542,0.13161,0.02453,0.02399,0.03669,0.04605,0.13249,0.08827,0.28999,0.08460,0.02318,0.06618,0.02183,0.08984,0.00882,0.02584,0.03057,0.05112,0.14095,0.10402,0.34235,0.09531,-56.62,3.480,-1,0.0000,-1.00,0.0000,0
16161,1790782163340,0.03345,0.08346,0.01615,0.11710,0.02068,0.02065,0.03969,0.03394,0.26486,0.05818,0.24688,0.06497,0.03211,0.04048,0.00581,0.08254,0.00721,0.02206,0.03953,0.03952,0.30097,0.06832,0.29144,0.07001,-56.49,3.178,-1,0.0000,-1.00,0.0000,0
16253,1790782163440,0.02635,0.09309,0.02055,0.09358,0.02433,0.04270,0.02706,0.04164,0.28261,0.07239,0.19950,0.07621,0.02126,0.04768,0.00787,0.06659,0.01194,0.04695,0.02249,0.04882,0.32534,0.08447,0.22974,0.08686,-56.92,3.391,-1,0.0000,-1.00,0.0000,0
16346,1790782163540,0.02802,0.10994,0.03018,0.07168,0.03163,0.01954,0.04535,0.04607,0.31224,0.07712,0.15215,0.07606,0.02157,0.06135,0.01869,0.05050,0.02149,0.01914,0.04218,0.05150,0.36412,0.08815,0.17852,0.08277,-57.13,3.747,-1,0.0000,-1.00,0.0000,0
16439,1790782163620,0.02356,0.24803,0.04084,0.05974,0.01737,0.00875,0.06537,0.05575,0.31145,0.07656,0.06286,0.02972,0.01642,0.22545,0.03132,0.05696,0.01438,0.00797,0.03324,0.06099,0.36190,0.08888,0.07375,0.02875,-57.72,3.737,-1,0.0000,-1.00,0.0000,0
16532,1790782163719,0.03160,0.18780,0.07860,0.05836,0.01548,0.01063,0.07286,0.08540,0.19499,0.16091,0.05438,0.04899,0.01974,0.18097,0.05631,0.05736,0.00892,0.00883,0.05118,0.09142,0.22227,0.19104,0.06341,0.04856,-58.53,2.340,-1,0.0000,-1.00,0.0000,0
16625,1790782163819,0.11140,0.06488,0.17368,0.04682,0.01744,0.01772,0.02166,0.13752,0.21154,0.10953,0.05861,0.02920,0.10952,0.02917,0.18230,0.04255,0.00513,0.00945,0.01967,0.12914,0.24504,0.13023,0.06836,0.02945,-58.35,2.538,-1,0.0000,-1.00,0.0000,0
16718,1790782163920,0.08250,0.11109,0.10093,0.05749,0.01115,0.02234,0.02861,0.07808,0.24156,0.18862,0.04340,0.03423,0.08331,0.07807,0.07634,0.05898,0.00597,0.01026,0.01881,0.07842,0.27763,0.22494,0.04997,0.03729,-57.57,2.899,-1,0.0000,-1.00,0.0000,0
16811,1790782163999,0.02415,0.13582,0.05787,0.08283,0.00938,0.00797,0.03374,0.06922,0.36537,0.16581,0.02025,0.02760,0.01131,0.08216,0.03017,0.09472,0.00565,0.00731,0.02415,0.07696,0.41902,0.19756,0.02282,0.02817,-57.08,4.384,-1,0.0000,-1.00,0.0000,0
16904,1790782164103,0.03886,0.10766,0.07810,0.03301,0.00589,0.00822,0.02885,0.04035,0.29904,0.30893,0.03604,0.01504,0.02977,0.06751,0.02038,0.03115,0.00438,0.00395,0.02005,0.04544,0.35215,0.36931,0.04240,0.01352,-57.44,3.707,-1,0.0000,-1.00,0.0000,0
16997,1790782164199,0.03207,0.13283,0.04889,0.03858,0.04316,0.00705,0.03178,0.07947,0.20861,0.13062,0.08570,0.16122,0.02171,0.11064,0.02810,0.02606,0.01370,0.00471,0.01615,0.08966,0.24480,0.15380,0.10176,0.18892,-57.81,2.503,-1,0.0000,-1.00,0.0000,0
17089,1790782164280,0.05231,0.06694,0.03466,0.06175,0.06239,0.01779,0.04553,0.06719,0.08659,0.11758,0.16484,0.22244,0.04704,0.06128,0.01453,0.03530,0.02359,0.01199,0.04241,0.07763,0.09676,0.13621,0.19514,0.25813,-57.91,2.669,-1,0.0000,-1.00,0.0000,0
17182,1790782164380,0.02351,0.08140,0.02491,0.08669,0.08070,0.01611,0.02906,0.05111,0.16286,0.09133,0.15988,0.19244,0.01791,0.06175,0.01021,0.06652,0.05223,0.01575,0.02239,0.05941,0.18196,0.09908,0.18845,0.22433,-57.41,2.309,-1,0.0000,-1.00,0.0000,0
17275,1790782164458,0.02228,0.06753,0.05957,0.11120,0.02976,0.01254,0.03628,0.02912,0.07713,0.08489,0.35726,0.11243,0.01933,0.06524,0.05156,0.04883,0.00980,0.01119,0.02150,0.03371,0.08256,0.09996,0.42587,0.13046,-57.40,4.287,-1,0.0000,-1.00,0.0000,0
17368,1790782164560,0.03591,0.03897,0.08110,0.08160,0.03296,0.03202,0.03849,0.05471,0.06989,0.16920,0.27474,0.09041,0.03046,0.03204,0.05774,0.03378,0.01933,0.03233,0.03356,0.06031,0.07705,0.19892,0.32279,0.10168,-57.32,3.297,-1,0.0000,-1.00,0.0000,0
17461,1790782164640,0.02552,0.03840,0.08011,0.09697,0.05017,0.00801,0.03915,0.06955,0.07513,0.14108,0.16834,0.20757,0.01641,0.03117,0.06295,0.07647,0.01193,0.00680,0.04013,0.07145,0.07486,0.16668,0.20037,0.24077,-56.84,2.491,-1,0.0000,-1.00,0.0000,0
17554,1790782164740,0.01511,0.01354,0.06695,0.08017,0.08414,0.00786,0.02856,0.05859,0.05213,0.06558,0.12624,0.40112,0.00673,0.00648,0.06488,0.06640,0.00674,0.00818,0.03293,0.05735,0.04918,0.07737,0.14965,0.47411,-57.09,4.813,-1,0.0000,-1.00,0.0000,0
17647,1790782164842,0.01766,0.01713,0.04020,0.05506,0.05896,0.01835,0.05692,0.07579,0.06485,0.12932,0.18746,0.27831,0.00549,0.00600,0.01774,0.02227,0.00749,0.02091,0.06587,0.08844,0.07329,0.15347,0.22047,0.31857,-57.09,3.340,-1,0.0000,-1.00,0.0000,0
17740,1790782164919,0.02411,0.01249,0.02456,0.04498,0.05915,0.01281,0.23613,0.10169,0.04490,0.07395,0.06563,0.29960,0.00474,0.00634,0.01225,0.03888,0.01078,0.01441,0.28168,0.11942,0.04591,0.08665,0.07578,0.30316,-56.85,3.595,-1,0.0000,-1.00,0.0000,0
17832,1790782165039,0.02653,0.00959,0.07453,0.20104,0.02081,0.01081,0.19528,0.10464,0.06764,0.05787,0.13114,0.10012,0.00986,0.00369,0.07595,0.21019,0.01002,0.01129,0.23294,0.11065,0.03938,0.06736,0.15490,0.07379,-57.03,2.412,-1,0.0000,-1.00,0.0000,0
17925,1790782165119,0.01834,0.01391,0.07970,0.05398,0.01968,0.02709,0.35707,0.06454,0.04198,0.12329,0.08478,0.11566,0.00798,0.00975,0.06671,0.04575,0.01285,0.03087,0.42582,0.06421,0.04123,0.14519,0.09547,0.05417,-57.58,4.285,-1,0.0000,-1.00,0.0000,0
18018,1790782165220,0.02021,0.01208,0.05378,0.04440,0.02512,0.03130,0.30783,0.05942,0.03273,0.17268,0.12936,0.11110,0.01191,0.00846,0.02385,0.02385,0.01841,0.03515,0.36718,0.06647,0.03296,0.20479,0.14804,0.05894,-58.27,3.694,-1,0.0000,-1.00,0.0000,0
18111,1790782165299,0.04933,0.05084,0.05569,0.06659,0.01481,0.01269,0.10190,0.19042,0.23237,0.07259,0.10221,0.05055,0.01582,0.00792,0.04990,0.05599,0.01047,0.01207,0.12046,0.21835,0.26734,0.08490,0.12008,0.03669,-57.84,2.788,-1,0.0000,-1.00,0.0000,0
18204,1790782165399,0.03484,0.04682,0.03957,0.05875,0.02301,0.01747,0.07307,0.12527,0.21578,0.10541,0.19953,0.06049,0.01290,0.00578,0.02302,0.02373,0.01639,0.01858,0.08641,0.14554,0.25384,0.12306,0.23540,0.05535,-56.49,2.589,-1,0.0000,-1.00,0.0000,0
18297,1790782165502,0.00737,0.04133,0.02508,0.10808,0.01163,0.06568,0.03927,0.03068,0.17800,0.04974,0.40919,0.03394,0.00322,0.00863,0.01854,0.03537,0.00785,0.07807,0.04535,0.03308,0.20628,0.05804,0.47484,0.03074,-55.66,4.910,-1,0.0000,-1.00,0.0000,0
18390,1790782165578,0.02342,0.05050,0.02575,0.08045,0.01659,0.03910,0.05110,0.05893,0.22126,0.05448,0.35590,0.02251,0.01553,0.00881,0.01857,0.01358,0.01707,0.04377,0.05949,0.06693,0.26236,0.06197,0.41778,0.01414,-56.76,4.271,-1,0.0000,-1.00,0.0000,0
18483,1790782165679,0.06254,0.03270,0.05963,0.09046,0.01349,0.04295,0.04862,0.16038,0.07125,0.06932,0.32092,0.02773,0.03843,0.02375,0.05528,0.03389,0.01156,0.04385,0.05059,0.18417,0.07787,0.08156,0.37585,0.02320,-57.52,3.851,-1,0.0000,-1.00,0.0000,0
18575,1790782165759,0.04290,0.02334,0.02924,0.13152,0.01181,0.01907,0.05049,0.05379,0.09511,0.02926,0.46975,0.04373,0.04041,0.00720,0.02834,0.04659,0.00621,0.01484,0.05869,0.05922,0.10473,0.03383,0.55993,0.04002,-56.84,5.637,-1,0.0000,-1.00,0.0000,0
18668,1790782165860,0.26321,0.01688,0.01821,0.10485,0.01544,0.06067,0.03769,0.04118,0.04641,0.02716,0.32904,0.03927,0.30622,0.01113,0.01575,0.04794,0.01086,0.01199,0.04296,0.04622,0.04591,0.03059,0.39190,0.03854,-57.10,3.949,-1,0.0000,-1.00,0.0000,0
18761,1790782165941,0.42575,0.01429,0.00653,0.12296,0.00902,0.09104,0.02388,0.02935,0.03673,0.01639,0.20679,0.01727,0.50324,0.01227,0.00420,0.09862,0.00668,0.01038,0.02570,0.03482,0.02446,0.01832,0.24572,0.01560,-57.73,5.109,-1,0.0000,-1.00,0.0000,0
18854,1790782166041,0.06880,0.01936,0.01664,0.14080,0.03811,0.02199,0.04309,0.07106,0.06632,0.03995,0.32941,0.14446,0.06599,0.01105,0.01094,0.09099,0.01329,0.01326,0.04944,0.08298,0.06130,0.04536,0.39208,0.16330,-58.65,3.953,-1,0.0000,-1.00,0.0000,0
18947,1790782166140,0.03076,0.02994,0.01672,0.21863,0.01166,0.00913,0.04497,0.04694,0.12568,0.02804,0.41693,0.02061,0.02623,0.01243,0.01381,0.16316,0.01109,0.00574,0.05131,0.05362,0.11825,0.03140,0.49845,0.01452,-58.15,5.003,-1,0.0000,-1.00,0.0000,0
19040,1790782166220,0.03260,0.04715,0.01103,0.19503,0.01086,0.01239,0.03528,0.06117,0.13592,0.02095,0.41281,0.02482,0.02664,0.02959,0.00855,0.13601,0.00890,0.00957,0.03640,0.07160,0.13569,0.02355,0.49275,0.02075,-57.53,4.954,-1,0.0000,-1.00,0.0000,0
19133,1790782166340,0.42824,0.04563,0.01085,0.06829,0.00751,0.08616,0.02324,0.05079,0.12827,0.01584,0.12084,0.01434,0.50143,0.02630,0.00950,0.05328,0.00648,0.00384,0.02261,0.05900,0.14314,0.01769,0.14404,0.01269,-57.20,5.139,-1,0.0000,-1.00,0.0000,0
19226,1790782166419,0.54188,0.02517,0.00389,0.05027,0.00910,0.10957,0.01536,0.02298,0.10616,0.01481,0.09039,0.01042,0.64390,0.00662,0.00134,0.03891,0.00911,0.00364,0.01710,0.02727,0.11872,0.01672,0.10758,0.00909,-56.92,6.503,8,0.9570,52.26,0.9570,1
19319,1790782166521,0.55746,0.01874,0.00743,0.05087,0.00608,0.11321,0.01182,0.02836,0.08220,0.01529,0.10090,0.00765,0.66125,0.00458,0.00550,0.03717,0.00599,0.00457,0.01326,0.03289,0.09112,0.01713,0.12000,0.00654,-56.59,6.690,-1,0.0000,-1.00,0.0000,0
19411,1790782166600,0.57083,0.01189,0.00581,0.09280,0.00571,0.11710,0.00873,0.01565,0.06790,0.02427,0.07112,0.00818,0.68097,0.00189,0.00141,0.09452,0.00525,0.00550,0.01009,0.01847,0.06262,0.02804,0.08413,0.00710,-56.67,6.850,8,0.9584,52.25,0.9584,1
19504,1790782166700,0.42420,0.01427,0.00466,0.23292,0.00686,0.08649,0.00940,0.02996,0.08752,0.01666,0.08002,0.00704,0.50293,0.00657,0.00188,0.26024,0.00728,0.00393,0.00996,0.03553,0.05309,0.01871,0.09510,0.00477,-56.91,5.090,-1,0.0000,-1.00,0.0000,0
19597,1790782166799,0.55336,0.00755,0.00774,0.15336,0.00659,0.11207,0.01442,0.02014,0.05685,0.01173,0.04725,0.00894,0.65853,0.00233,0.00673,0.17268,0.00637,0.00381,0.01682,0.02280,0.03389,0.01279,0.05586,0.00738,-56.59,6.640,8,0.9662,52.17,0.9662,1
19690,1790782166879,0.58616,0.00569,0.00539,0.10979,0.00691,0.12272,0.00824,0.03326,0.03412,0.00858,0.06825,0.01091,0.69564,0.00326,0.00466,0.11571,0.00605,0.00934,0.00923,0.03893,0.01794,0.00908,0.07992,0.01024,-56.24,7.034,8,0.9525,52.20,0.9525,1
19783,1790782166979,0.48343,0.01092,0.00376,0.17042,0.00223,0.10133,0.01115,0.02235,0.08270,0.00444,0.10064,0.00662,0.57333,0.00132,0.00350,0.18060,0.00162,0.00777,0.01308,0.02611,0.06324,0.00505,0.11905,0.00534,-56.32,5.801,8,0.9645,52.16,0.9645,1
19876,1790782167060,0.56995,0.00970,0.01317,0.07476,0.01086,0.11576,0.01217,0.02856,0.05117,0.03757,0.03542,0.04089,0.67547,0.00360,0.00698,0.08135,0.00383,0.00481,0.01357,0.03314,0.04505,0.04439,0.04149,0.04631,-56.19,6.839,8,0.9610,52.33,0.9610,1
19969,1790782167160,0.45531,0.01092,0.02186,0.14557,0.01242,0.09469,0.02238,0.01778,0.07316,0.07537,0.02334,0.04720,0.54084,0.00322,0.00842,0.16915,0.00432,0.00663,0.02617,0.01963,0.05398,0.08962,0.02665,0.05137,-55.75,5.464,-1,0.0000,-1.00,0.0000,0
20062,1790782167240,0.46892,0.01236,0.01901,0.07928,0.02244,0.09843,0.02083,0.01972,0.05911,0.05718,0.07929,0.06342,0.55758,0.00380,0.00968,0.07646,0.01278,0.00741,0.02421,0.02171,0.05554,0.06611,0.09354,0.07120,-56.11,5.627,8,0.9504,52.16,0.9504,1
20154,1790782167339,0.42650,0.00523,0.01232,0.08687,0.01804,0.09445,0.04126,0.02364,0.03475,0.05163,0.13768,0.06763,0.50522,0.00132,0.00280,0.07190,0.00752,0.01303,0.04897,0.02797,0.02739,0.06037,0.16239,0.07113,-56.17,5.118,8,0.9653,52.32,0.9653,1
20247,1790782167441,0.30767,0.00591,0.00508,0.08080,0.00867,0.06602,0.21668,0.01396,0.03821,0.01863,0.17507,0.06332,0.36629,0.00021,0.00185,0.05548,0.00573,0.00649,0.25949,0.01646,0.03463,0.02134,0.20849,0.02354,-56.33,3.692,-1,0.0000,-1.00,0.0000,0
20340,1790782167521,0.29079,0.00775,0.00447,0.14289,0.00498,0.06150,0.12316,0.02075,0.04914,0.01288,0.24734,0.03435,0.34356,0.00207,0.00243,0.11268,0.00358,0.00559,0.14703,0.02452,0.03655,0.01472,0.29526,0.01201,-57.05,3.490,-1,0.0000,-1.00,0.0000,0
20433,1790782167642,0.24232,0.00675,0.00605,0.21179,0.00549,0.05249,0.13880,0.01829,0.05895,0.01161,0.20908,0.03840,0.28619,0.00214,0.00462,0.20435,0.00397,0.00616,0.16590,0.02100,0.03001,0.01323,0.24931,0.01312,-57.20,2.908,-1,0.0000,-1.00,0.0000,0
20526,1790782167720,0.19756,0.01342,0.00519,0.30087,0.00759,0.04473,0.07266,0.02780,0.11236,0.00879,0.17294,0.03610,0.23053,0.00197,0.00426,0.31976,0.00362,0.00826,0.08667,0.03248,0.07116,0.00989,0.20558,0.02582,-57.53,3.610,-1,0.0000,-1.00,0.0000,0
20619,1790782167819,0.07884,0.01002,0.00718,0.25914,0.00527,0.01797,0.07587,0.09543,0.07698,0.01627,0.33067,0.02636,0.07192,0.00285,0.00488,0.23225,0.00359,0.00727,0.08995,0.11377,0.04620,0.01878,0.39478,0.01375,-57.59,3.968,-1,0.0000,-1.00,0.0000,0
20712,1790782167899,0.06628,0.01020,0.01085,0.13593,0.00719,0.02271,0.20041,0.04879,0.06071,0.01438,0.37076,0.05180,0.06854,0.00143,0.00977,0.07534,0.00593,0.01363,0.23890,0.05748,0.05761,0.01625,0.44156,0.01356,-57.34,4.449,-1,0.0000,-1.00,0.0000,0
20805,1790782168001,0.03224,0.00625,0.02305,0.18956,0.02004,0.06137,0.11721,0.02554,0.05354,0.01878,0.34830,0.10412,0.03282,0.00099,0.02332,0.14704,0.00455,0.06722,0.13909,0.02715,0.03492,0.02169,0.40402,0.09719,-57.27,4.180,-1,0.0000,-1.00,0.0000,0
20897,1790782168100,0.03954,0.01106,0.05382,0.08086,0.01954,0.17272,0.10344,0.06268,0.07390,0.10606,0.22424,0.05214,0.02792,0.00385,0.03992,0.05154,0.01587,0.20142,0.12317,0.06722,0.07833,0.12394,0.22877,0.03806,-57.03,2.691,-1,0.0000,-1.00,0.0000,0
20990,1790782168179,0.02829,0.01355,0.11181,0.06154,0.02775,0.21630,0.03914,0.04428,0.07984,0.18886,0.16110,0.02752,0.02204,0.00395,0.09024,0.04548,0.02853,0.25481,0.04612,0.03517,0.08665,0.22065,0.14253,0.02384,-56.89,2.596,-1,0.0000,-1.00,0.0000,0
21083,1790782168281,0.02798,0.01744,0.08161,0.05505,0.01944,0.21314,0.04386,0.07570,0.08467,0.20038,0.13315,0.04759,0.01751,0.00255,0.05071,0.04423,0.01402,0.25192,0.05193,0.08076,0.09251,0.23750,0.10961,0.04673,-56.71,2.558,-1,0.0000,-1.00,0.0000,0
21176,1790782168359,0.03975,0.02281,0.10691,0.10029,0.03372,0.17628,0.03214,0.12625,0.10805,0.07970,0.13774,0.03637,0.02167,0.00677,0.11014,0.09558,0.03337,0.20693,0.03706,0.12955,0.10882,0.09058,0.12402,0.03549,-56.69,2.115,-1,0.0000,-1.00,0.0000,0
21269,1790782168477,0.03950,0.02147,0.04687,0.09528,0.02899,0.18106,0.01605,0.10585,0.11432,0.09974,0.22148,0.02940,0.02295,0.00197,0.03346,0.06991,0.02814,0.21275,0.01884,0.12020,0.12254,0.11451,0.22321,0.03149,-57.15,2.658,-1,0.0000,-1.00,0.0000,0
21362,1790782168539,0.02853,0.02414,0.08965,0.05376,0.01967,0.14009,0.04222,0.07480,0.12267,0.16613,0.19858,0.03974,0.01860,0.00124,0.06860,0.02370,0.01611,0.16418,0.05035,0.07603,0.14229,0.19587,0.20540,0.03764,-56.74,2.383,-1,0.0000,-1.00,0.0000,0
21455,1790782168641,0.02363,0.01967,0.07807,0.05595,0.02899,0.19599,0.03565,0.08166,0.08837,0.08598,0.26829,0.03776,0.01360,0.00307,0.07421,0.01244,0.02753,0.23238,0.04210,0.08314,0.10342,0.09756,0.27541,0.03512,-56.32,3.220,-1,0.0000,-1.00,0.0000,0
21548,1790782168739,0.02428,0.01614,0.04998,0.09046,0.02865,0.20163,0.07860,0.05302,0.07013,0.06143,0.28069,0.04498,0.01832,0.00469,0.04634,0.05109,0.02674,0.23855,0.09326,0.05435,0.07390,0.06831,0.28904,0.03541,-56.12,3.368,-1,0.0000,-1.00,0.0000,0
21640,1790782168818,0.02554,0.04954,0.10624,0.08289,0.02758,0.18517,0.06762,0.05270,0.06601,0.09258,0.19954,0.04460,0.02153,0.04624,0.10620,0.06047,0.02515,0.21761,0.06865,0.04531,0.06660,0.10645,0.19596,0.03983,-56.69,2.394,-1,0.0000,-1.00,0.0000,0
21733,1790782168941,0.01409,0.01560,0.06287,0.09605,0.02126,0.19422,0.04288,0.02726,0.10214,0.04606,0.35958,0.01798,0.00714,0.00188,0.06521,0.03877,0.02320,0.23131,0.05101,0.01973,0.11422,0.05108,0.38501,0.01143,-57.52,4.315,-1,0.0000,-1.00,0.0000,0
21826,1790782169021,0.01413,0.01448,0.04511,0.11877,0.01856,0.19159,0.03886,0.04720,0.07913,0.05180,0.35957,0.02080,0.00750,0.00246,0.04250,0.06586,0.01939,0.22808,0.04607,0.04813,0.08170,0.05829,0.38563,0.01438,-57.22,4.315,-1,0.0000,-1.00,0.0000,0
21919,1790782169119,0.01652,0.01544,0.04955,0.08194,0.02479,0.22586,0.02314,0.06327,0.07574,0.06201,0.33134,0.03041,0.01036,0.00171,0.04558,0.03003,0.02431,0.26858,0.02739,0.06678,0.08473,0.06955,0.34379,0.02720,-56.98,3.976,-1,0.0000,-1.00,0.0000,0
22012,1790782169200,0.01560,0.01391,0.05962,0.07890,0.03300,0.24083,0.05317,0.03664,0.05446,0.05590,0.32426,0.03371,0.01228,0.00555,0.05882,0.02876,0.03398,0.28613,0.06253,0.03233,0.05611,0.06369,0.33182,0.02800,-56.56,3.891,-1,0.0000,-1.00,0.0000,0
22105,1790782169299,0.02755,0.02822,0.04249,0.09526,0.05953,0.13817,0.08386,0.05268,0.11428,0.11443,0.19517,0.04837,0.02015,0.01096,0.02619,0.07418,0.06242,0.16284,0.09831,0.05793,0.12223,0.12474,0.20158,0.03847,-57.32,2.342,-1,0.0000,-1.00,0.0000,0
22198,1790782169399,0.02155,0.03837,0.03484,0.13206,0.04479,0.12394,0.03885,0.05177,0.16093,0.08873,0.22287,0.04131,0.01440,0.01218,0.02239,0.11103,0.04559,0.14565,0.04414,0.05759,0.17047,0.09764,0.23817,0.04075,-57.80,2.674,-1,0.0000,-1.00,0.0000,0
22291,1790782169479,0.03086,0.04570,0.05383,0.13605,0.02397,0.05260,0.09011,0.07546,0.24643,0.06283,0.13357,0.04859,0.01764,0.00669,0.05039,0.13368,0.02052,0.06075,0.10605,0.08102,0.26878,0.07122,0.14800,0.03525,-57.53,2.957,-1,0.0000,-1.00,0.0000,0
22384,1790782169583,0.03692,0.03908,0.02741,0.22995,0.02472,0.09683,0.02417,0.11164,0.21916,0.05210,0.10043,0.03760,0.01812,0.00634,0.02133,0.25610,0.02199,0.11244,0.02754,0.12972,0.21184,0.05806,0.09804,0.03848,-58.31,2.759,-1,0.0000,-1.00,0.0000,0
22476,1790782169659,0.05405,0.01694,0.05443,0.15350,0.02946,0.09891,0.01831,0.17681,0.08875,0.06655,0.20512,0.03717,0.02828,0.00470,0.05049,0.13967,0.02719,0.11372,0.02101,0.20185,0.07866,0.07435,0.22324,0.03684,-58.83,2.461,-1,0.0000,-1.00,0.0000,0
22569,1790782169759,0.03885,0.03188,0.03649,0.21850,0.03495,0.03906,0.03098,0.06775,0.15633,0.05081,0.25849,0.03590,0.03207,0.00986,0.03300,0.20202,0.03447,0.04094,0.03485,0.07495,0.14724,0.05409,0.30162,0.03488,-58.61,3.102,-1,0.0000,-1.00,0.0000,0
22662,1790782169839,0.03246,0.02025,0.03417,0.36262,0.01207,0.03827,0.02903,0.06551,0.14177,0.03957,0.20443,0.01983,0.02456,0.00582,0.03198,0.38756,0.01107,0.04099,0.03349,0.07231,0.09304,0.04522,0.23683,0.01713,-58.29,4.351,-1,0.0000,-1.00,0.0000,0
22755,1790782169941,0.02335,0.02085,0.01921,0.43382,0.01385,0.06215,0.02590,0.02792,0.16698,0.02665,0.15372,0.02561,0.01980,0.00671,0.01714,0.48608,0.01169,0.07054,0.02970,0.03006,0.10372,0.02961,0.17021,0.02473,-58.42,5.206,-1,0.0000,-1.00,0.0000,0
22848,1790782170043,0.02289,0.01348,0.00880,0.52040,0.00691,0.03078,0.01090,0.02088,0.15154,0.01841,0.18302,0.01198,0.02268,0.00301,0.00641,0.58136,0.00591,0.03238,0.01224,0.02398,0.06634,0.02089,0.21288,0.01193,-58.44,6.245,-1,0.0000,-1.00,0.0000,0
22941,1790782170120,0.02901,0.01234,0.15491,0.36944,0.01151,0.02185,0.01324,0.06939,0.10526,0.01435,0.18564,0.01305,0.02532,0.00561,0.18266,0.39942,0.01128,0.02116,0.01472,0.04697,0.04694,0.01496,0.21825,0.01272,-58.64,4.433,-1,0.0000,-1.00,0.0000,0
23034,1790782170241,0.03339,0.01935,0.00910,0.42000,0.07304,0.03054,0.04876,0.03934,0.14629,0.03543,0.12816,0.01661,0.02808,0.00994,0.00565,0.47407,0.08505,0.03174,0.05589,0.04658,0.08038,0.02653,0.14727,0.00882,-59.41,5.040,-1,0.0000,-1.00,0.0000,0
23127,1790782170320,0.04061,0.01375,0.18346,0.37184,0.01895,0.01575,0.04264,0.06208,0.13443,0.01968,0.07714,0.01967,0.04185,0.00189,0.21594,0.42764,0.02002,0.01057,0.05065,0.03165,0.07630,0.01962,0.09034,0.01353,-59.55,4.462,-1,0.0000,-1.00,0.0000,0
23219,1790782170420,0.03249,0.01769,0.03254,0.38772,0.02173,0.01755,0.01946,0.04823,0.12351,0.02243,0.25963,0.01702,0.02860,0.00791,0.03457,0.40351,0.02284,0.01536,0.02156,0.05114,0.06801,0.02235,0.30805,0.01612,-59.13,4.653,-1,0.0000,-1.00,0.0000,0
23312,1790782170500,0.03168,0.01059,0.00373,0.60220,0.01094,0.00941,0.00758,0.02975,0.15761,0.01258,0.08973,0.03421,0.03095,0.00281,0.00165,0.70047,0.00532,0.00514,0.00853,0.03532,0.04982,0.01419,0.10650,0.03930,-58.70,7.226,-1,0.0000,-1.00,0.0000,0
23405,1790782170600,0.05278,0.02146,0.01992,0.47882,0.00975,0.01938,0.01963,0.06863,0.18939,0.01071,0.08564,0.02389,0.04685,0.00337,0.02159,0.55395,0.00690,0.01393,0.02255,0.07825,0.11712,0.01146,0.09986,0.02416,-59.18,5.746,-1,0.0000,-1.00,0.0000,0
23498,1790782170699,0.03524,0.05307,0.01125,0.33177,0.02401,0.01271,0.01062,0.07024,0.31379,0.04360,0.07917,0.01454,0.02480,0.00487,0.00411,0.37914,0.02577,0.01031,0.01172,0.08338,0.30073,0.04724,0.09282,0.01509,-60.43,3.981,-1,0.0000,-1.00,0.0000,0
23591,1790782170780,0.03192,0.05731,0.03065,0.19331,0.06179,0.01252,0.02214,0.03595,0.30005,0.11275,0.12840,0.01319,0.03005,0.00536,0.01273,0.20148,0.07187,0.00905,0.02464,0.04139,0.31939,0.12106,0.15207,0.01092,-60.23,3.601,-1,0.0000,-1.00,0.0000,0
23684,1790782170881,0.06207,0.02876,0.02388,0.17915,0.10012,0.03717,0.02404,0.05295,0.15086,0.10885,0.21564,0.01652,0.06227,0.00510,0.00737,0.16470,0.11717,0.03220,0.02688,0.06290,0.14811,0.10720,0.25201,0.01411,-60.01,2.588,-1,0.0000,-1.00,0.0000,0
23777,1790782170976,0.07472,0.02741,0.01363,0.37801,0.01977,0.03370,0.01191,0.07467,0.14798,0.06541,0.14398,0.00881,0.07176,0.01428,0.00166,0.41977,0.02204,0.02616,0.01144,0.08914,0.09410,0.07401,0.16734,0.00829,-59.98,4.536,-1,0.0000,-1.00,0.0000,0
23870,1790782171063,0.10283,0.03273,0.01150,0.33165,0.02738,0.02921,0.01012,0.04115,0.17859,0.04071,0.17365,0.02049,0.11364,0.01081,0.00520,0.35665,0.02779,0.01302,0.00998,0.04827,0.14329,0.04328,0.20549,0.02258,-59.78,3.980,-1,0.0000,-1.00,0.0000,0
23962,1790782171139,0.07138,0.01550,0.01688,0.41736,0.02013,0.02633,0.03858,0.05467,0.12564,0.03014,0.15732,0.02606,0.07283,0.00721,0.01384,0.46340,0.01970,0.01712,0.04480,0.06276,0.05868,0.03221,0.18511,0.02234,-60.28,5.008,-1,0.0000,-1.00,0.0000,0
24055,1790782171242,0.06085,0.01349,0.03669,0.23311,0.03878,0.03864,0.02035,0.05498,0.06843,0.06518,0.32317,0.04632,0.06101,0.00802,0.02981,0.20390,0.03636,0.03421,0.02274,0.06002,0.04106,0.07141,0.38045,0.05099,-60.47,3.878,-1,0.0000,-1.00,0.0000,0
24148,1790782171341,0.03153,0.01458,0.00747,0.49596,0.01842,0.01740,0.00664,0.02539,0.15105,0.01969,0.19267,0.01920,0.03090,0.00421,0.00498,0.54909,0.01779,0.01472,0.00712,0.02944,0.07214,0.02007,0.22795,0.02159,-59.88,5.952,-1,0.0000,-1.00,0.0000,0
24241,1790782171442,0.05069,0.02394,0.00523,0.41330,0.02557,0.01998,0.01633,0.03404,0.18184,0.02522,0.18681,0.01705,0.05271,0.00323,0.00135,0.45138,0.02733,0.01349,0.01893,0.04052,0.12841,0.02480,0.22117,0.01668,-59.67,4.960,-1,0.0000,-1.00,0.0000,0
24334,1790782171542,0.03972,0.01024,0.00591,0.56870,0.00910,0.01083,0.01051,0.03407,0.14660,0.01553,0.13705,0.01174,0.03998,0.00295,0.00374,0.64909,0.00865,0.00505,0.01200,0.04009,0.04699,0.01689,0.16321,0.01135,-60.28,6.824,-1,0.0000,-1.00,0.0000,0
24427,1790782171621,0.06586,0.01167,0.01071,0.35364,0.01729,0.01694,0.00388,0.10100,0.10657,0.02496,0.27858,0.00890,0.05520,0.00273,0.00764,0.35794,0.01875,0.00935,0.00398,0.11964,0.05675,0.02620,0.33195,0.00988,-60.98,4.244,-1,0.0000,-1.00,0.0000,0
24520,1790782171721,0.08488,0.02886,0.00635,0.32145,0.02888,0.01953,0.00622,0.08311,0.16831,0.01580,0.22798,0.00863,0.08190,0.00789,0.00515,0.33130,0.03279,0.00717,0.00587,0.09859,0.13600,0.01243,0.27175,0.00918,-61.93,3.857,-1,0.0000,-1.00,0.0000,0
24613,1790782171800,0.08723,0.02226,0.00858,0.42563,0.02472,0.02225,0.01434,0.04509,0.17932,0.02034,0.13435,0.01588,0.09415,0.00287,0.00649,0.47840,0.02652,0.00800,0.01662,0.05275,0.12003,0.01911,0.15940,0.01565,-60.62,5.108,-1,0.0000,-1.00,0.0000,0
24706,1790782171900,0.03217,0.01157,0.00421,0.62269,0.01705,0.00679,0.00699,0.04485,0.17027,0.00993,0.06477,0.00871,0.02791,0.00229,0.00342,0.73085,0.01868,0.00261,0.00777,0.05321,0.05915,0.00819,0.07709,0.00883,-60.60,7.472,-1,0.0000,-1.00,0.0000,0
24798,1790782172002,0.04263,0.01082,0.00360,0.61148,0.02547,0.01116,0.00517,0.04941,0.17057,0.00991,0.05282,0.00696,0.03939,0.00085,0.00301,0.72037,0.02910,0.00557,0.00568,0.05896,0.06110,0.00659,0.06219,0.00721,-59.85,7.338,-1,0.0000,-1.00,0.0000,0
24891,1790782172080,0.03258,0.01063,0.00199,0.69654,0.01037,0.00851,0.00668,0.01679,0.17892,0.00672,0.02550,0.00479,0.03509,0.00280,0.00125,0.82869,0.01158,0.00324,0.00745,0.01988,0.05011,0.00575,0.02991,0.00426,-58.74,8.358,-1,0.0000,-1.00,0.0000,0
24984,1790782172180,0.05582,0.02789,0.03490,0.32132,0.03526,0.05967,0.08832,0.07393,0.17678,0.04461,0.03947,0.04203,0.04962,0.00722,0.03265,0.37806,0.03636,0.06166,0.10416,0.08234,0.13688,0.04624,0.03508,0.02972,-57.96,3.856,-1,0.0000,-1.00,0.0000,0
25077,1790782172260,0.04637,0.05435,0.10154,0.15809,0.01527,0.03846,0.07527,0.08526,0.28302,0.05030,0.05069,0.04139,0.03962,0.00493,0.11008,0.17900,0.00923,0.04097,0.08912,0.08044,0.30364,0.05844,0.05262,0.03192,-58.02,3.396,-1,0.0000,-1.00,0.0000,0
25170,1790782172363,0.04039,0.02805,0.05300,0.14552,0.02302,0.02654,0.04402,0.02277,0.13674,0.22185,0.17857,0.07954,0.04311,0.00667,0.01123,0.13287,0.01071,0.02325,0.05142,0.02506,0.13750,0.26370,0.20936,0.08511,-58.81,2.662,-1,0.0000,-1.00,0.0000,0
25263,1790782172442,0.01572,0.03514,0.01451,0.28246,0.01262,0.09969,0.16836,0.02336,0.21662,0.03752,0.04666,0.04734,0.01363,0.00370,0.00894,0.33196,0.01178,0.11675,0.20100,0.02622,0.19376,0.04262,0.03277,0.01688,-56.70,3.390,-1,0.0000,-1.00,0.0000,0
25356,1790782172541,0.02656,0.02721,0.02225,0.33237,0.01829,0.02092,0.12049,0.04055,0.19847,0.08466,0.05667,0.05157,0.01977,0.00443,0.00716,0.38562,0.01553,0.02115,0.14317,0.04749,0.16137,0.09836,0.06371,0.03224,-56.99,3.988,-1,0.0000,-1.00,0.0000,0
25449,1790782172643,0.04867,0.01452,0.02031,0.15514,0.02590,0.08874,0.09951,0.06683,0.16567,0.07622,0.17804,0.06044,0.02353,0.00298,0.00707,0.14760,0.02133,0.10166,0.11835,0.07897,0.16926,0.08710,0.19319,0.04896,-57.96,2.137,-1,0.0000,-1.00,0.0000,0
25541,1790782172739,0.02900,0.03714,0.01789,0.07386,0.01180,0.22819,0.06261,0.10969,0.17298,0.02726,0.18934,0.04022,0.00943,0.00567,0.01526,0.05420,0.00754,0.27155,0.07268,0.12963,0.19653,0.03117,0.17304,0.03329,-56.01,2.738,-1,0.0000,-1.00,0.0000,0
25634,1790782172839,0.01698,0.06948,0.01245,0.07266,0.00884,0.07288,0.08140,0.02444,0.34938,0.02077,0.23604,0.03469,0.01482,0.00172,0.01023,0.03431,0.00617,0.08438,0.09720,0.02726,0.41184,0.02366,0.26610,0.02230,-55.35,4.193,-1,0.0000,-1.00,0.0000,0
25727,1790782172920,0.01055,0.02957,0.01633,0.11350,0.01302,0.03554,0.11430,0.02819,0.15130,0.06342,0.35403,0.07025,0.00635,0.00207,0.00467,0.05353,0.00442,0.04133,0.13654,0.03286,0.17068,0.07511,0.41601,0.05642,-55.54,4.248,-1,0.0000,-1.00,0.0000,0
25820,1790782173021,0.13856,0.01188,0.01422,0.09310,0.01295,0.05224,0.03580,0.13277,0.05586,0.05277,0.35670,0.04315,0.13490,0.00207,0.00475,0.02826,0.00641,0.03643,0.04249,0.15815,0.06133,0.06196,0.42020,0.04306,-55.56,4.280,-1,0.0000,-1.00,0.0000,0
25913,1790782173099,0.12041,0.00872,0.02497,0.13328,0.01973,0.10003,0.01144,0.08576,0.06301,0.09317,0.28352,0.05596,0.12297,0.00044,0.00822,0.09611,0.01075,0.09561,0.01325,0.10150,0.05645,0.10951,0.32077,0.06442,-56.42,3.402,-1,0.0000,-1.00,0.0000,0
26006,1790782173199,0.04798,0.02179,0.03382,0.09804,0.03276,0.09863,0.01323,0.07594,0.08569,0.13049,0.29518,0.06647,0.03953,0.00827,0.01029,0.05169,0.02402,0.11035,0.01408,0.08909,0.09149,0.15254,0.33181,0.07685,-57.85,3.542,-1,0.0000,-1.00,0.0000,0
26099,1790782173300,0.06611,0.04555,0.04608,0.09445,0.01964,0.09702,0.03621,0.05125,0.11336,0.11507,0.26435,0.05091,0.06418,0.03336,0.02839,0.05445,0.01280,0.10353,0.03470,0.05786,0.12504,0.13534,0.29622,0.05412,-57.35,3.172,-1,0.0000,-1.00,0.0000,0
26192,1790782173379,0.03347,0.55404,0.00521,0.07493,0.00562,0.01799,0.11897,0.02345,0.07639,0.02111,0.05935,0.00947,0.03459,0.64880,0.00135,0.07626,0.00504,0.01470,0.01394,0.02783,0.07604,0.02467,0.06820,0.00858,-56.59,6.649,-1,0.0000,-1.00,0.0000,0
26284,1790782173478,0.33586,0.06256,0.00439,0.06271,0.00876,0.07657,0.01790,0.04448,0.28582,0.01300,0.06788,0.02007,0.39133,0.01007,0.00241,0.05958,0.00650,0.01418,0.01945,0.05282,0.33058,0.01438,0.07852,0.02019,-56.78,4.030,-1,0.0000,-1.00,0.0000,0
26377,1790782173560,0.40162,0.04775,0.00559,0.15180,0.00699,0.08501,0.01603,0.04408,0.17416,0.01100,0.04215,0.01384,0.47093,0.02262,0.00430,0.17222,0.00567,0.00851,0.01472,0.05196,0.17451,0.01209,0.04881,0.01366,-56.47,4.819,-1,0.0000,-1.00,0.0000,0
26470,1790782173661,0.40546,0.06177,0.00665,0.09236,0.00942,0.09741,0.01370,0.03065,0.18576,0.01374,0.06839,0.01470,0.47841,0.03401,0.00499,0.09528,0.00817,0.02188,0.00968,0.03573,0.20350,0.01504,0.07761,0.01570,-56.60,4.865,-1,0.0000,-1.00,0.0000,0
26563,1790782173739,0.46356,0.04970,0.00285,0.07452,0.01699,0.09627,0.02375,0.03988,0.15300,0.01050,0.04203,0.02695,0.54603,0.02636,0.00145,0.07962,0.01391,0.00807,0.02323,0.04750,0.16745,0.00992,0.04877,0.02769,-56.85,5.563,-1,0.0000,-1.00,0.0000,0
26656,1790782173840,0.48635,0.04039,0.00611,0.05559,0.01914,0.11402,0.03949,0.03192,0.04963,0.01316,0.09707,0.04714,0.57384,0.03993,0.00466,0.04446,0.01328,0.02287,0.03940,0.03732,0.05039,0.01340,0.11178,0.04868,-56.93,5.836,-1,0.0000,-1.00,0.0000,0
26749,1790782173941,0.20567,0.05111,0.02025,0.11975,0.03372,0.07388,0.04262,0.05246,0.12559,0.04965,0.09737,0.12792,0.23448,0.03621,0.01278,0.12217,0.00776,0.04602,0.04389,0.06033,0.12627,0.05795,0.10755,0.14458,-57.78,2.468,-1,0.0000,-1.00,0.0000,0
26842,1790782174042,0.12679,0.08426,0.02334,0.08890,0.01451,0.05376,0.03603,0.03527,0.39486,0.01088,0.08045,0.05096,0.14455,0.01067,0.02562,0.08883,0.00638,0.03627,0.04106,0.03718,0.45546,0.01183,0.08920,0.05293,-58.16,4.738,-1,0.0000,-1.00,0.0000,0
26935,1790782174140,0.08082,0.10035,0.01104,0.07762,0.01533,0.02205,0.06156,0.04156,0.45205,0.00804,0.08029,0.04928,0.08720,0.01607,0.01158,0.07435,0.00810,0.01047,0.07058,0.04751,0.52666,0.00830,0.09413,0.04506,-57.91,5.425,-1,0.0000,-1.00,0.0000,0
27028,1790782174219,0.14177,0.07929,0.02190,0.15568,0.01824,0.04708,0.03597,0.04117,0.32903,0.06079,0.04443,0.02464,0.16171,0.02416,0.01244,0.17701,0.01609,0.02607,0.03831,0.04686,0.35917,0.06966,0.04807,0.02046,-57.21,3.948,-1,0.0000,-1.00,0.0000,0
27120,1790782174320,0.08524,0.04474,0.02104,0.31775,0.02191,0.06687,0.05056,0.03791,0.23233,0.03817,0.05787,0.02561,0.09361,0.01295,0.01678,0.36965,0.01645,0.06753,0.05712,0.04300,0.20511,0.04248,0.05595,0.01936,-56.46,3.813,-1,0.0000,-1.00,0.0000,0
27213,1790782174400,0.04656,0.05667,0.01477,0.22844,0.03159,0.04392,0.05751,0.03285,0.31188,0.03910,0.05825,0.07845,0.04830,0.00410,0.00927,0.26158,0.02188,0.04305,0.06786,0.03776,0.32186,0.04252,0.06127,0.08056,-56.26,3.743,-1,0.0000,-1.00,0.0000,0
27306,1790782174501,0.06960,0.03590,0.02435,0.22418,0.05524,0.05559,0.08867,0.05840,0.21206,0.06041,0.05806,0.05753,0.06506,0.00963,0.01523,0.25694,0.05662,0.05371,0.10429,0.06700,0.19394,0.07039,0.05893,0.04826,-56.60,2.690,-1,0.0000,-1.00,0.0000,0
27399,1790782174601,0.07790,0.03280,0.04920,0.13999,0.01923,0.04748,0.07944,0.10358,0.17107,0.14973,0.06850,0.06108,0.06088,0.01597,0.02388,0.15324,0.01264,0.04482,0.09203,0.11938,0.17460,0.17691,0.07319,0.05246,-57.60,2.053,-1,0.0000,-1.00,0.0000,0
27492,1790782174679,0.07144,0.04141,0.05416,0.10666,0.03425,0.03651,0.06441,0.11633,0.16043,0.20769,0.05880,0.04792,0.05731,0.01758,0.01660,0.11511,0.03255,0.03239,0.07369,0.13610,0.16817,0.24365,0.06403,0.04281,-59.09,2.492,-1,0.0000,-1.00,0.0000,0
27585,1790782174779,0.06353,0.03754,0.03822,0.16203,0.04172,0.02704,0.06208,0.10507,0.14861,0.15880,0.08831,0.06706,0.04991,0.01815,0.00952,0.17406,0.03684,0.02251,0.07079,0.12401,0.14356,0.18298,0.10135,0.06631,-59.45,1.944,-1,0.0000,-1.00,0.0000,0
27678,1790782174861,0.07645,0.05694,0.01823,0.19448,0.03641,0.03542,0.04132,0.09622,0.22421,0.03731,0.14637,0.03664,0.06929,0.02360,0.01363,0.19939,0.03668,0.02870,0.04483,0.11259,0.22513,0.04144,0.16969,0.03502,-59.00,2.691,-1,0.0000,-1.00,0.0000,0
27771,1790782174972,0.09136,0.06573,0.01813,0.18884,0.02156,0.02523,0.04494,0.15825,0.24562,0.04818,0.05782,0.03433,0.07211,0.02879,0.01104,0.21317,0.01953,0.01594,0.04714,0.18843,0.25206,0.05387,0.06613,0.03179,-59.68,2.947,-1,0.0000,-1.00,0.0000,0
27863,1790782175040,0.11928,0.03297,0.02438,0.25515,0.02742,0.04084,0.07383,0.06914,0.16033,0.05364,0.09796,0.04505,0.12320,0.01654,0.01748,0.28342,0.02550,0.02451,0.08519,0.07939,0.13593,0.05921,0.11253,0.03710,-59.56,3.062,-1,0.0000,-1.00,0.0000,0
27956,1790782175137,0.28104,0.09378,0.02698,0.07518,0.03105,0.08329,0.06114,0.05604,0.10702,0.02287,0.03509,0.12653,0.32452,0.09022,0.02726,0.08314,0.00933,0.03547,0.05537,0.06174,0.11175,0.02556,0.03502,0.14063,-56.77,3.373,-1,0.0000,-1.00,0.0000,0
28049,1790782175238,0.51647,0.01680,0.02574,0.04432,0.02972,0.11183,0.02250,0.09840,0.04654,0.02411,0.03207,0.03150,0.59314,0.01433,0.02611,0.04614,0.02906,0.01641,0.02373,0.11312,0.04587,0.02388,0.03518,0.03303,-56.04,6.198,-1,0.0000,-1.00,0.0000,0
28142,1790782175339,0.05956,0.28161,0.03743,0.05209,0.04756,0.04528,0.10670,0.05881,0.09940,0.11379,0.05320,0.04456,0.05912,0.31645,0.01915,0.05145,0.04916,0.04254,0.06511,0.06668,0.10586,0.12966,0.05531,0.03952,-56.76,3.379,-1,0.0000,-1.00,0.0000,0
28235,1790782175442,0.03705,0.29002,0.05034,0.07652,0.03427,0.03121,0.10646,0.03297,0.14501,0.12215,0.03562,0.03839,0.03758,0.31638,0.03266,0.08440,0.03443,0.02995,0.06348,0.03440,0.15702,0.13953,0.03674,0.03342,-56.89,3.480,-1,0.0000,-1.00,0.0000,0
28328,1790782175519,0.20140,0.12113,0.03802,0.05060,0.03867,0.06351,0.11608,0.05475,0.10407,0.11613,0.03973,0.05590,0.22707,0.12450,0.01921,0.05266,0.03149,0.03715,0.11441,0.06180,0.11426,0.13291,0.04024,0.04430,-57.01,2.417,-1,0.0000,-1.00,0.0000,0
28421,1790782175620,0.23408,0.06006,0.05480,0.03995,0.04727,0.06722,0.07048,0.09339,0.05336,0.16416,0.05749,0.05775,0.25763,0.06279,0.02812,0.03537,0.04576,0.02947,0.07200,0.10633,0.05522,0.18934,0.06304,0.05493,-57.71,2.809,-1,0.0000,-1.00,0.0000,0
28514,1790782175699,0.10276,0.08619,0.05083,0.06013,0.06204,0.02510,0.04749,0.15595,0.08107,0.16930,0.08712,0.07200,0.08790,0.08624,0.02283,0.05185,0.05898,0.01265,0.03921,0.18294,0.08594,0.19210,0.10188,0.07747,-58.95,2.032,-1,0.0000,-1.00,0.0000,0
28606,1790782175802,0.15098,0.16541,0.03474,0.08580,0.02410,0.05638,0.08871,0.07854,0.08556,0.08620,0.08173,0.06185,0.16310,0.18140,0.02164,0.08479,0.01695,0.03522,0.07034,0.08982,0.08478,0.10086,0.09094,0.06016,-57.19,1.985,-1,0.0000,-1.00,0.0000,0
28699,1790782175899,0.06081,0.37991,0.01845,0.06945,0.01918,0.02137,0.10112,0.04848,0.06600,0.05031,0.10673,0.05819,0.06424,0.44184,0.01059,0.05837,0.01097,0.01287,0.03358,0.05599,0.06751,0.05811,0.12534,0.06061,-55.99,4.559,-1,0.0000,-1.00,0.0000,0
28792,1790782175979,0.33005,0.02796,0.01632,0.07769,0.02584,0.07188,0.04180,0.04094,0.05724,0.05186,0.17410,0.08432,0.38165,0.02635,0.00774,0.05214,0.01269,0.01047,0.04486,0.04753,0.05825,0.05963,0.20654,0.09215,-56.18,3.961,-1,0.0000,-1.00,0.0000,0
28885,1790782176081,0.37710,0.01427,0.01742,0.06145,0.01952,0.07876,0.02719,0.04268,0.02353,0.03226,0.23288,0.07295,0.44187,0.01262,0.01350,0.01858,0.00724,0.00678,0.03007,0.04846,0.02451,0.03722,0.27770,0.08145,-55.85,4.525,-1,0.0000,-1.00,0.0000,0
28978,1790782176161,0.26168,0.00612,0.00507,0.11911,0.01581,0.05475,0.02048,0.02894,0.02019,0.01941,0.39117,0.05728,0.30674,0.00450,0.00171,0.04999,0.00626,0.00479,0.02365,0.03434,0.01428,0.02201,0.46776,0.06395,-55.29,4.694,-1,0.0000,-1.00,0.0000,0
29071,1790782176259,0.32059,0.02008,0.00611,0.06684,0.01972,0.06693,0.02337,0.12473,0.04816,0.02103,0.20987,0.07256,0.35260,0.01591,0.00256,0.03064,0.00737,0.01029,0.02485,0.14895,0.05131,0.02406,0.24944,0.08202,-56.36,3.847,-1,0.0000,-1.00,0.0000,0
29164,1790782176339,0.21366,0.03937,0.02442,0.08759,0.03656,0.05823,0.03525,0.06095,0.05480,0.08341,0.15342,0.15233,0.24105,0.03771,0.00980,0.06938,0.00898,0.02198,0.03453,0.07132,0.05191,0.09817,0.17948,0.17569,-58.71,2.564,-1,0.0000,-1.00,0.0000,0
29257,1790782176441,0.12089,0.04316,0.03158,0.07816,0.04345,0.05183,0.03499,0.09677,0.14647,0.09344,0.13199,0.12727,0.11851,0.02337,0.01656,0.06382,0.02328,0.03861,0.03700,0.11298,0.16286,0.10734,0.15050,0.14517,-57.68,1.758,-1,0.0000,-1.00,0.0000,0
29350,1790782176560,0.03810,0.04783,0.01837,0.06881,0.03546,0.10557,0.01854,0.06382,0.19390,0.02386,0.24638,0.13936,0.03152,0.01238,0.01674,0.02865,0.01024,0.12025,0.01976,0.07316,0.22664,0.02659,0.27139,0.16270,-56.62,2.957,-1,0.0000,-1.00,0.0000,0
29442,1790782176642,0.09447,0.02242,0.02830,0.07730,0.04259,0.13918,0.05514,0.13763,0.08526,0.05889,0.16604,0.09278,0.08455,0.00894,0.02105,0.05921,0.02883,0.15334,0.06430,0.16074,0.09042,0.06485,0.16856,0.09521,-56.25,1.992,-1,0.0000,-1.00,0.0000,0
29535,1790782176739,0.15217,0.02635,0.03591,0.04890,0.05439,0.04056,0.09704,0.21634,0.10961,0.05242,0.09219,0.07414,0.13061,0.00850,0.03256,0.03763,0.05068,0.02406,0.11394,0.25342,0.12388,0.05276,0.10570,0.06625,-55.88,2.596,-1,0.0000,-1.00,0.0000,0
29628,1790782176820,0.15731,0.01925,0.02440,0.04178,0.03400,0.04773,0.08783,0.32055,0.08504,0.04063,0.07607,0.06539,0.11674,0.00418,0.02063,0.03347,0.02662,0.03746,0.10433,0.38009,0.09527,0.04341,0.08373,0.05408,-55.61,3.847,-1,0.0000,-1.00,0.0000,0
29721,1790782176920,0.07532,0.01860,0.03643,0.04935,0.02164,0.22238,0.04834,0.16590,0.07381,0.06259,0.17337,0.05227,0.05199,0.00597,0.02929,0.02802,0.01575,0.25615,0.05670,0.19302,0.08231,0.07245,0.15696,0.05139,-55.84,2.669,-1,0.0000,-1.00,0.0000,0
29814,1790782176999,0.09825,0.02890,0.01613,0.05254,0.02959,0.08568,0.06357,0.28365,0.12145,0.03982,0.11473,0.06569,0.05077,0.00732,0.01076,0.03935,0.02279,0.09260,0.07472,0.33774,0.13773,0.04320,0.11911,0.06390,-56.92,3.404,-1,0.0000,-1.00,0.0000,0
29907,1790782177100,0.07641,0.02581,0.02679,0.08248,0.04510,0.07297,0.07167,0.20853,0.11541,0.06160,0.12411,0.08912,0.04274,0.00636,0.01889,0.07246,0.03620,0.07896,0.08449,0.24626,0.12392,0.06664,0.13306,0.09003,-57.14,2.502,-1,0.0000,-1.00,0.0000,0
30000,1790782177200,0.11561,0.02115,0.03496,0.04080,0.06626,0.07229,0.06893,0.22266,0.06989,0.09553,0.11329,0.07863,0.08650,0.00971,0.02171,0.02471,0.06388,0.06947,0.08068,0.26249,0.07885,0.10180,0.12198,0.07823,-57.23,2.672,-1,0.0000,-1.00,0.0000,0
30093,1790782177279,0.08497,0.03084,0.02894,0.11290,0.02534,0.04583,0.10176,0.13437,0.13186,0.04858,0.18391,0.07071,0.07122,0.01155,0.02378,0.09319,0.01877,0.04080,0.11964,0.15630,0.13904,0.05497,0.21229,0.05847,-57.69,2.207,-1,0.0000,-1.00,0.0000,0
30185,1790782177379,0.09541,0.03100,0.02401,0.09124,0.03362,0.07339,0.06216,0.18064,0.13440,0.05856,0.16003,0.05553,0.07151,0.00861,0.01592,0.07432,0.02724,0.07648,0.07244,0.21363,0.14632,0.06477,0.17660,0.05218,-57.75,2.168,-1,0.0000,-1.00,0.0000,0
30278,1790782177472,0.10315,0.03508,0.02095,0.12590,0.02773,0.06125,0.09186,0.13895,0.16146,0.05636,0.09233,0.08498,0.08757,0.01232,0.01239,0.13113,0.01727,0.05603,0.10754,0.16412,0.16748,0.06411,0.09953,0.08051,-58.09,1.938,-1,0.0000,-1.00,0.0000,0
30371,1790782177560,0.08206,0.05177,0.03814,0.09417,0.02882,0.08517,0.06016,0.08907,0.19930,0.08550,0.09304,0.09280,0.07820,0.01839,0.02599,0.09414,0.01518,0.08655,0.06844,0.10157,0.22015,0.09944,0.09433,0.09763,-58.02,2.392,-1,0.0000,-1.00,0.0000,0
30464,1790782177641,0.04502,0.08004,0.02222,0.14016,0.02101,0.02762,0.07290,0.06764,0.33093,0.04982,0.10401,0.03864,0.03673,0.02500,0.01524,0.14425,0.01923,0.02582,0.08233,0.07810,0.36642,0.05740,0.11951,0.02998,-57.61,3.971,-1,0.0000,-1.00,0.0000,0
30557,1790782177742,0.02941,0.08704,0.01237,0.11409,0.01221,0.01083,0.05903,0.06702,0.44987,0.03665,0.08947,0.03201,0.02141,0.00198,0.00652,0.11579,0.01016,0.00874,0.07025,0.07910,0.51610,0.04190,0.10547,0.02258,-57.59,5.398,-1,0.0000,-1.00,0.0000,0
30650,1790782177860,0.01993,0.10545,0.00705,0.10718,0.01320,0.01996,0.03702,0.05311,0.53666,0.01816,0.05420,0.02807,0.01229,0.00435,0.00457,0.11640,0.01120,0.02148,0.04350,0.06274,0.61997,0.01953,0.06069,0.02327,-57.07,6.440,8,0.9651,104.16,0.9651,1
30743,1790782177941,0.01424,0.12522,0.00541,0.05995,0.00824,0.00855,0.02822,0.02254,0.62602,0.01977,0.06100,0.02083,0.01179,0.00361,0.00204,0.05766,0.00623,0.00791,0.03310,0.02660,0.73870,0.02245,0.07152,0.01840,-56.40,7.512,-1,0.0000,-1.00,0.0000,0
30836,1790782178040,0.01731,0.11039,0.01570,0.08066,0.01196,0.01643,0.03639,0.03866,0.55362,0.03556,0.05272,0.03060,0.01201,0.00422,0.01060,0.08480,0.00875,0.01731,0.04158,0.04541,0.64600,0.04143,0.05974,0.02815,-57.04,6.643,-1,0.0000,-1.00,0.0000,0
30928,1790782178120,0.06280,0.05330,0.02647,0.16989,0.02661,0.02337,0.11441,0.12197,0.19683,0.04152,0.09364,0.06921,0.04695,0.02496,0.02237,0.18206,0.02068,0.01869,0.13040,0.14345,0.19827,0.04714,0.10849,0.05654,-58.29,2.362,-1,0.0000,-1.00,0.0000,0
31021,1790782178220,0.05236,0.05798,0.02388,0.16004,0.09559,0.02378,0.04555,0.09180,0.21712,0.10824,0.09240,0.03126,0.04709,0.02521,0.00701,0.17057,0.11030,0.01916,0.04958,0.10861,0.22519,0.10900,0.10692,0.02137,-58.08,2.605,-1,0.0000,-1.00,0.0000,0
31114,1790782178299,0.04486,0.05416,0.01457,0.25778,0.05775,0.05624,0.10495,0.04432,0.24629,0.04664,0.04002,0.03243,0.04419,0.01826,0.00899,0.30168,0.06642,0.05863,0.12165,0.05181,0.23531,0.04272,0.03633,0.01403,-57.08,3.093,-1,0.0000,-1.00,0.0000,0
31207,1790782178400,0.05514,0.04269,0.06825,0.14174,0.02712,0.13733,0.08709,0.09997,0.16964,0.05312,0.05903,0.05888,0.04300,0.01941,0.06992,0.16195,0.02246,0.15602,0.10051,0.10593,0.17055,0.05982,0.03980,0.05063,-56.86,2.036,-1,0.0000,-1.00,0.0000,0
31300,1790782178501,0.10387,0.06418,0.02805,0.08722,0.02469,0.13469,0.04694,0.12842,0.13753,0.07071,0.14747,0.02624,0.09465,0.04736,0.01763,0.07508,0.02520,0.14263,0.04685,0.15038,0.14900,0.08064,0.14843,0.02215,-57.49,1.770,-1,0.0000,-1.00,0.0000,0
31393,1790782178579,0.05675,0.05749,0.04164,0.14188,0.03476,0.03550,0.06612,0.16043,0.18597,0.07149,0.09246,0.05552,0.03236,0.03118,0.03415,0.14946,0.03168,0.03612,0.07304,0.18546,0.19321,0.07938,0.10363,0.05033,-58.34,2.232,-1,0.0000,-1.00,0.0000,0
31486,1790782178679,0.05412,0.03977,0.04472,0.13015,0.04514,0.05769,0.07525,0.09695,0.10397,0.11478,0.15427,0.08319,0.04291,0.02774,0.02780,0.12169,0.03765,0.06061,0.08467,0.11066,0.10046,0.13007,0.17284,0.08290,-58.15,1.851,-1,0.0000,-1.00,0.0000,0
31579,1790782178759,0.02763,0.06011,0.01666,0.22520,0.01410,0.01958,0.04886,0.05212,0.32430,0.04494,0.12736,0.03913,0.02109,0.00452,0.00960,0.24035,0.00987,0.01928,0.05758,0.06061,0.34055,0.05228,0.14878,0.03547,-57.70,3.892,-1,0.0000,-1.00,0.0000,0
31672,1790782178859,0.03551,0.08260,0.02324,0.13913,0.02306,0.03019,0.03366,0.04930,0.42230,0.06211,0.06573,0.03317,0.02990,0.00614,0.01393,0.15228,0.02129,0.03025,0.03911,0.05631,0.47583,0.07020,0.07277,0.03199,-57.99,5.068,-1,0.0000,-1.00,0.0000,0
31764,1790782178941,0.03287,0.08055,0.01170,0.13287,0.02155,0.04414,0.02250,0.07277,0.41566,0.02718,0.09414,0.04407,0.01773,0.00981,0.00804,0.13880,0.01644,0.04960,0.02501,0.08560,0.46968,0.03016,0.10297,0.04615,-58.00,4.988,-1,0.0000,-1.00,0.0000,0
31857,1790782179041,0.02560,0.09217,0.01345,0.11440,0.01475,0.02869,0.01810,0.07693,0.43624,0.02408,0.12379,0.03181,0.01282,0.01110,0.01082,0.10892,0.01089,0.03184,0.01946,0.09006,0.50112,0.02669,0.14202,0.03426,-57.96,5.235,-1,0.0000,-1.00,0.0000,0
31950,1790782179162,0.03047,0.08440,0.01337,0.13140,0.01491,0.01764,0.03474,0.07607,0.42852,0.02199,0.11247,0.03403,0.02022,0.00467,0.01109,0.13140,0.01164,0.01713,0.03994,0.08971,0.48661,0.02485,0.13137,0.03136,-58.31,5.142,-1,0.0000,-1.00,0.0000,0
32043,1790782179239,0.03309,0.06672,0.01926,0.09773,0.02581,0.02664,0.02403,0.08525,0.31305,0.07118,0.16805,0.06918,0.02117,0.00871,0.00675,0.07828,0.01586,0.02773,0.02687,0.10101,0.35937,0.08237,0.19587,0.07602,-58.51,3.757,-1,0.0000,-1.00,0.0000,0
32136,1790782179340,0.05346,0.04276,0.03544,0.15372,0.03280,0.03981,0.04526,0.08060,0.20135,0.08715,0.12669,0.10097,0.04580,0.00952,0.02244,0.15562,0.01737,0.03862,0.05234,0.09212,0.21042,0.10098,0.14415,0.11061,-58.73,2.416,-1,0.0000,-1.00,0.0000,0
32229,1790782179419,0.01357,0.56493,0.00824,0.06913,0.01281,0.00580,0.11591,0.03289,0.03867,0.03153,0.07363,0.03288,0.00865,0.67084,0.00268,0.06556,0.00759,0.00555,0.00591,0.03888,0.03334,0.03628,0.08712,0.03761,-55.82,6.779,-1,0.0000,-1.00,0.0000,0
32322,1790782179520,0.03155,0.54528,0.06038,0.03988,0.01096,0.01393,0.11175,0.02886,0.05258,0.01863,0.04563,0.04058,0.03407,0.64304,0.06808,0.03733,0.00397,0.00993,0.00643,0.02109,0.05560,0.02154,0.05271,0.04622,-54.09,6.543,-1,0.0000,278.21,0.9540,1
32415,1790782179601,0.01539,0.01065,0.18859,0.48592,0.00523,0.00468,0.00439,0.07092,0.13706,0.00642,0.05819,0.01257,0.01000,0.00345,0.22459,0.56857,0.00352,0.00367,0.00458,0.04046,0.05152,0.00699,0.06900,0.01367,-54.12,5.831,-1,0.0000,-1.00,0.0000,0
32507,1790782179700,0.02894,0.00519,0.04117,0.57674,0.01066,0.01008,0.00429,0.02783,0.14974,0.01092,0.11885,0.01559,0.02346,0.00328,0.04699,0.66313,0.00925,0.00743,0.00449,0.02403,0.04740,0.01181,0.14094,0.01779,-54.50,6.921,-1,0.0000,-1.00,0.0000,0
32600,1790782179799,0.01693,0.10642,0.00498,0.53487,0.01104,0.00868,0.02741,0.01949,0.13759,0.01133,0.08373,0.03753,0.01079,0.12426,0.00345,0.62134,0.00464,0.00826,0.00821,0.02267,0.04169,0.01266,0.09869,0.04335,-55.56,6.418,-1,0.0000,-1.00,0.0000,0
32693,1790782179879,0.28253,0.01563,0.06728,0.14050,0.02718,0.07241,0.01927,0.04033,0.06485,0.01517,0.16261,0.09225,0.32874,0.01091,0.07746,0.13058,0.01132,0.02160,0.01690,0.03700,0.05182,0.01593,0.19056,0.10719,-56.39,3.390,-1,0.0000,-1.00,0.0000,0
32786,1790782179980,0.47821,0.06273,0.01481,0.06970,0.02012,0.10278,0.02888,0.02987,0.04723,0.01980,0.10137,0.02450,0.56645,0.06647,0.01362,0.05986,0.01913,0.01087,0.02143,0.03309,0.04388,0.02079,0.11931,0.02511,-57.06,5.738,-1,0.0000,-1.00,0.0000,0
32879,1790782180060,0.49664,0.02218,0.00642,0.18105,0.00832,0.10265,0.01190,0.04138,0.05527,0.00825,0.05340,0.01254,0.58549,0.02155,0.00596,0.20453,0.00739,0.00693,0.00998,0.04840,0.02533,0.00878,0.06261,0.01305,-57.10,5.960,-1,0.0000,-1.00,0.0000,0
32972,1790782180160,0.51662,0.01296,0.01343,0.12397,0.01452,0.11650,0.03907,0.03049,0.05031,0.00794,0.05198,0.02220,0.61208,0.00900,0.01471,0.13692,0.01383,0.01825,0.04356,0.03510,0.03296,0.00695,0.05867,0.01797,-56.70,6.199,-1,0.0000,-1.00,0.0000,0
33065,1790782180239,0.56616,0.00811,0.00289,0.10499,0.01237,0.11642,0.01838,0.05167,0.02990,0.00594,0.05813,0.02504,0.66758,0.00709,0.00238,0.11227,0.00995,0.00716,0.02062,0.06144,0.01328,0.00544,0.06824,0.02455,-56.76,6.794,-1,0.0000,-1.00,0.0000,0
33158,1790782180340,0.52954,0.03858,0.01296,0.11790,0.01309,0.11299,0.01474,0.04749,0.03676,0.00491,0.04696,0.02407,0.62344,0.04288,0.01473,0.13058,0.01029,0.01181,0.00830,0.05485,0.01798,0.00403,0.05393,0.02720,-56.47,6.355,-1,0.0000,-1.00,0.0000,0
33250,1790782180482,0.59857,0.02269,0.00330,0.09783,0.00834,0.12569,0.01271,0.03360,0.03483,0.00396,0.04374,0.01474,0.70933,0.02317,0.00328,0.10723,0.00672,0.01018,0.01063,0.03962,0.02048,0.00341,0.05040,0.01556,-56.56,7.183,-1,0.0000,-1.00,0.0000,0
33343,1790782180539,0.60111,0.01801,0.00567,0.09530,0.00437,0.12605,0.00972,0.03270,0.04708,0.00756,0.04345,0.00897,0.71213,0.01508,0.00511,0.10426,0.00345,0.00986,0.00861,0.03821,0.03561,0.00850,0.05011,0.00904,-56.52,7.213,-1,0.0000,-1.00,0.0000,0
33436,1790782180639,0.58452,0.01462,0.00437,0.08986,0.00842,0.12491,0.01339,0.03679,0.05536,0.01376,0.03747,0.01652,0.69142,0.00863,0.00220,0.09927,0.00673,0.01261,0.01430,0.04369,0.04646,0.01535,0.04240,0.01696,-56.49,7.014,-1,0.0000,-1.00,0.0000,0
33529,1790782180718,0.58659,0.02246,0.00509,0.04725,0.00737,0.13272,0.01006,0.03449,0.06390,0.02042,0.05589,0.01377,0.69473,0.01398,0.00148,0.04417,0.00603,0.02131,0.00926,0.04105,0.06781,0.02328,0.06274,0.01417,-56.79,7.039,-1,0.0000,-1.00,0.0000,0
33622,1790782180819,0.52751,0.03185,0.00857,0.06349,0.01132,0.11274,0.00930,0.06118,0.09279,0.01666,0.04041,0.02418,0.61769,0.01887,0.00663,0.06697,0.00810,0.01264,0.00735,0.07204,0.09791,0.01836,0.04591,0.02751,-57.05,6.330,-1,0.0000,-1.00,0.0000,0
33715,1790782180899,0.44701,0.03471,0.01478,0.05855,0.00883,0.08961,0.01775,0.15925,0.09016,0.01055,0.04898,0.01982,0.49841,0.02249,0.01544,0.05888,0.00602,0.00909,0.01681,0.18776,0.09637,0.01145,0.05689,0.02042,-57.35,5.364,-1,0.0000,-1.00,0.0000,0
33808,1790782181002,0.50661,0.02695,0.01155,0.06882,0.00971,0.10298,0.01434,0.05093,0.10028,0.00979,0.08168,0.01637,0.59656,0.01109,0.01177,0.06327,0.00857,0.00514,0.01491,0.05876,0.10718,0.01046,0.09685,0.01545,-58.08,6.079,-1,0.0000,-1.00,0.0000,0
33901,1790782181103,0.08163,0.04423,0.03218,0.12117,0.05282,0.01932,0.01743,0.06487,0.22289,0.00970,0.10064,0.23313,0.08308,0.00483,0.03659,0.12155,0.00855,0.00668,0.01612,0.07428,0.24298,0.00992,0.11926,0.27615,-59.33,2.798,-1,0.0000,-1.00,0.0000,0
33994,1790782181179,0.18633,0.03961,0.01469,0.14023,0.03490,0.03892,0.02241,0.06169,0.10610,0.02728,0.28147,0.04636,0.20908,0.02625,0.01237,0.10137,0.03166,0.00519,0.02112,0.07199,0.10704,0.02642,0.33624,0.05128,-59.47,3.378,-1,0.0000,-1.00,0.0000,0
34086,1790782181279,0.16377,0.08289,0.01677,0.07180,0.03100,0.04749,0.05463,0.06538,0.18554,0.02623,0.21610,0.03841,0.18129,0.05670,0.01499,0.03552,0.03016,0.02097,0.05422,0.07536,0.21501,0.02572,0.25478,0.03527,-60.22,2.593,-1,0.0000,-1.00,0.0000,0
34179,1790782181359,0.23953,0.05011,0.01903,0.09451,0.03926,0.05852,0.03771,0.15537,0.15603,0.02529,0.07684,0.04782,0.25082,0.02675,0.01826,0.09579,0.03725,0.02040,0.03989,0.18255,0.16797,0.02291,0.08802,0.04939,-60.99,2.874,-1,0.0000,-1.00,0.0000,0
34272,1790782181461,0.21063,0.09666,0.00915,0.08802,0.05791,0.05236,0.02409,0.07593,0.22178,0.03430,0.08528,0.04387,0.23455,0.06663,0.00505,0.08585,0.05958,0.01625,0.01566,0.08998,0.24818,0.02985,0.09897,0.04946,-60.84,2.661,-1,0.0000,-1.00,0.0000,0
34365,1790782181541,0.14307,0.04212,0.01646,0.15503,0.03416,0.03337,0.03690,0.06536,0.17204,0.03857,0.22899,0.03393,0.15619,0.01497,0.01167,0.13178,0.03310,0.01038,0.04038,0.07687,0.17909,0.04059,0.27233,0.03265,-60.83,2.748,-1,0.0000,-1.00,0.0000,0
34458,1790782181640,0.22836,0.04142,0.00999,0.12389,0.06102,0.04603,0.06143,0.10121,0.12716,0.04217,0.12400,0.03331,0.24975,0.02412,0.00447,0.11937,0.06394,0.00961,0.06876,0.12046,0.12871,0.03785,0.14668,0.02629,-60.98,2.740,-1,0.0000,-1.00,0.0000,0
34551,1790782181759,0.13738,0.08109,0.01609,0.10047,0.04256,0.05007,0.05257,0.06830,0.26042,0.03362,0.13490,0.02253,0.14744,0.04029,0.01317,0.08955,0.04781,0.03076,0.05501,0.07923,0.29430,0.03080,0.15554,0.01609,-61.24,3.125,-1,0.0000,-1.00,0.0000,0
34644,1790782181841,0.20428,0.04658,0.02495,0.13685,0.03751,0.05859,0.08130,0.10543,0.12234,0.02120,0.12569,0.03529,0.22090,0.03207,0.02644,0.13516,0.04017,0.02641,0.08899,0.12315,0.11980,0.01744,0.14537,0.02409,-60.01,2.451,-1,0.0000,-1.00,0.0000,0
34737,1790782181939,0.10151,0.06335,0.01067,0.20593,0.04385,0.07853,0.05305,0.06834,0.12110,0.01840,0.20517,0.03009,0.10578,0.05521,0.01027,0.20091,0.04706,0.07357,0.05262,0.07986,0.10528,0.01272,0.23126,0.02547,-59.50,2.471,-1,0.0000,-1.00,0.0000,0
34829,1790782182018,0.14310,0.04456,0.00714,0.15890,0.04308,0.05820,0.02549,0.07319,0.13506,0.02467,0.27653,0.01009,0.15426,0.02627,0.00467,0.12625,0.05022,0.03915,0.02534,0.08678,0.13680,0.01961,0.32358,0.00707,-59.87,3.318,-1,0.0000,-1.00,0.0000,0
34922,1790782182122,0.11287,0.04778,0.00281,0.15493,0.04554,0.04998,0.02136,0.08210,0.14799,0.01808,0.30551,0.01105,0.11601,0.02659,0.00115,0.11452,0.05278,0.03689,0.02033,0.09815,0.15463,0.01120,0.35876,0.00899,-59.87,3.666,-1,0.0000,-1.00,0.0000,0
35015,1790782182199,0.07748,0.06560,0.00824,0.09714,0.08798,0.05376,0.01751,0.09126,0.25084,0.02397,0.21475,0.01149,0.07150,0.02186,0.00824,0.06736,0.10339,0.05024,0.01665,0.10771,0.28721,0.00822,0.24736,0.01026,-59.94,3.010,-1,0.0000,-1.00,0.0000,0
35108,1790782182300,0.10513,0.05356,0.02732,0.22620,0.05492,0.03931,0.01888,0.07778,0.22354,0.02199,0.12466,0.02672,0.10794,0.02156,0.02955,0.24244,0.06017,0.02570,0.01798,0.08771,0.21819,0.01604,0.14427,0.02846,-60.08,2.714,-1,0.0000,-1.00,0.0000,0
35201,1790782182400,0.10694,0.05459,0.00972,0.18875,0.03279,0.03159,0.01901,0.10683,0.22156,0.01933,0.17336,0.03553,0.10309,0.02008,0.00830,0.18567,0.03158,0.01742,0.01880,0.12637,0.22868,0.01690,0.20427,0.03885,-59.85,2.659,-1,0.0000,-1.00,0.0000,0
35294,1790782182481,0.18036,0.03087,0.00822,0.07706,0.11917,0.01978,0.11736,0.09383,0.09519,0.04164,0.17607,0.04045,0.19375,0.01662,0.00428,0.05107,0.10989,0.01399,0.13733,0.11159,0.10394,0.02811,0.20820,0.02125,-59.09,2.164,-1,0.0000,-1.00,0.0000,0
35387,1790782182581,0.16785,0.03010,0.02514,0.12262,0.12303,0.04295,0.04399,0.08531,0.13006,0.07087,0.07764,0.08045,0.18067,0.01164,0.01841,0.12910,0.13039,0.01565,0.04832,0.10065,0.13025,0.05907,0.08993,0.08592,-59.04,2.014,-1,0.0000,-1.00,0.0000,0
35480,1790782182660,0.17420,0.03695,0.02584,0.07520,0.12583,0.04078,0.03944,0.08882,0.13768,0.04032,0.10132,0.11362,0.18955,0.01418,0.02632,0.06649,0.12570,0.01128,0.04027,0.10539,0.15180,0.02339,0.11917,0.12646,-59.09,2.090,-1,0.0000,-1.00,0.0000,0
35572,1790782182759,0.14246,0.03939,0.02091,0.11891,0.06358,0.03865,0.02808,0.19116,0.15754,0.02745,0.13343,0.03844,0.12389,0.01597,0.02121,0.11164,0.06817,0.02175,0.02836,0.22697,0.16664,0.01938,0.15557,0.04044,-58.32,2.294,-1,0.0000,-1.00,0.0000,0
35665,1790782182840,0.19745,0.02155,0.04274,0.08255,0.02514,0.04433,0.02508,0.28009,0.08287,0.03477,0.12673,0.03670,0.17199,0.00887,0.04384,0.06956,0.02256,0.01902,0.02061,0.33462,0.08551,0.03719,0.14808,0.03816,-58.16,3.361,-1,0.0000,-1.00,0.0000,0
35758,1790782182959,0.11527,0.02063,0.01287,0.10312,0.05703,0.02642,0.01857,0.27379,0.06689,0.04605,0.22468,0.03468,0.07329,0.01162,0.00688,0.07087,0.06086,0.01713,0.01960,0.32704,0.06610,0.04311,0.26582,0.03766,-57.69,3.285,-1,0.0000,-1.00,0.0000,0
35851,1790782183060,0.13652,0.02211,0.01467,0.07436,0.04769,0.03931,0.06051,0.38263,0.05747,0.05358,0.07954,0.03161,0.07296,0.01579,0.00678,0.07150,0.05237,0.03263,0.06938,0.45714,0.05402,0.05448,0.08883,0.02412,-57.24,4.592,-1,0.0000,-1.00,0.0000,0
35944,1790782183141,0.14971,0.01612,0.01916,0.17080,0.04683,0.04390,0.07867,0.20103,0.08386,0.05154,0.10730,0.03107,0.13255,0.00653,0.01273,0.18021,0.05247,0.02633,0.09120,0.24014,0.06451,0.05160,0.12335,0.01839,-57.50,2.412,-1,0.0000,-1.00,0.0000,0
36037,1790782183239,0.10762,0.01137,0.00952,0.13013,0.08891,0.02380,0.17270,0.18789,0.05867,0.03922,0.08754,0.08263,0.08451,0.00502,0.00582,0.13559,0.09499,0.01177,0.20576,0.22416,0.04343,0.02817,0.10256,0.05822,-57.68,2.255,-1,0.0000,-1.00,0.0000,0
36130,1790782183319,0.22262,0.01222,0.00693,0.09535,0.03697,0.05259,0.21283,0.13106,0.06387,0.02736,0.06900,0.06920,0.23442,0.00590,0.00330,0.09851,0.03809,0.01655,0.25375,0.15649,0.05700,0.02524,0.07939,0.03136,-58.08,2.671,-1,0.0000,-1.00,0.0000,0
36223,1790782183421,0.11416,0.02321,0.03366,0.09877,0.04653,0.03645,0.17318,0.24546,0.04502,0.02182,0.09819,0.06356,0.07907,0.02090,0.03699,0.09618,0.04688,0.02960,0.19898,0.29117,0.03488,0.01685,0.11179,0.03671,-58.07,2.946,-1,0.0000,-1.00,0.0000,0
36316,1790782183500,0.11006,0.02669,0.11325,0.08672,0.03529,0.02242,0.13312,0.18564,0.06818,0.02363,0.14160,0.05340,0.08827,0.02279,0.13125,0.07065,0.03556,0.00937,0.15157,0.19983,0.06653,0.02244,0.16782,0.03394,-58.02,2.228,-1,0.0000,-1.00,0.0000,0
36408,1790782183600,0.17235,0.03132,0.09877,0.08967,0.12005,0.04651,0.12325,0.08883,0.06908,0.01891,0.08037,0.06089,0.18848,0.03074,0.11466,0.08908,0.13499,0.01836,0.14121,0.08410,0.04240,0.01861,0.09266,0.04472,-58.63,2.068,-1,0.0000,-1.00,0.0000,0
36501,1790782183700,0.14891,0.03047,0.06751,0.15003,0.08108,0.03983,0.06868,0.11771,0.09065,0.03813,0.12195,0.04507,0.15187,0.02275,0.07530,0.15156,0.08789,0.01928,0.07779,0.12612,0.07857,0.02826,0.14230,0.03832,-58.95,1.800,-1,0.0000,-1.00,0.0000,0
36594,1790782183780,0.11952,0.04468,0.05545,0.16684,0.09336,0.03738,0.05087,0.11595,0.10288,0.04451,0.11612,0.05244,0.11794,0.03646,0.05931,0.17317,0.10151,0.02141,0.05344,0.12747,0.08616,0.03599,0.13490,0.05225,-58.69,2.002,-1,0.0000,-1.00,0.0000,0
36687,1790782183881,0.09955,0.01867,0.14037,0.09071,0.11343,0.03140,0.02792,0.12144,0.08860,0.08921,0.14457,0.03414,0.08547,0.01526,0.15203,0.07516,0.12901,0.02068,0.03043,0.11537,0.09102,0.08156,0.16912,0.03488,-58.57,1.735,-1,0.0000,-1.00,0.0000,0
36780,1790782183977,0.08162,0.01372,0.10720,0.16209,0.09468,0.03218,0.02768,0.11771,0.06551,0.09275,0.16209,0.04278,0.07160,0.00969,0.11037,0.15668,0.10450,0.02437,0.03091,0.11950,0.04669,0.09117,0.18939,0.04514,-58.53,1.945,-1,0.0000,-1.00,0.0000,0
36873,1790782184058,0.12757,0.02336,0.15849,0.08436,0.07069,0.03968,0.07086,0.11833,0.12265,0.08323,0.06241,0.03838,0.12707,0.00641,0.17324,0.08714,0.07880,0.02235,0.08184,0.10924,0.12969,0.08411,0.07035,0.02976,-58.34,1.902,-1,0.0000,-1.00,0.0000,0
36966,1790782184140,0.07335,0.08240,0.10206,0.07566,0.09225,0.07173,0.06998,0.17653,0.11099,0.04470,0.07121,0.02916,0.04985,0.07656,0.11532,0.07673,0.10630,0.07606,0.06867,0.18867,0.11505,0.03521,0.07025,0.02133,-58.50,2.118,-1,0.0000,-1.00,0.0000,0
37059,1790782184262,0.04593,0.07795,0.09358,0.21892,0.07771,0.03270,0.06956,0.04761,0.08877,0.03884,0.11723,0.09121,0.04657,0.08290,0.10581,0.23565,0.07408,0.02995,0.06691,0.03607,0.05965,0.03186,0.13453,0.09603,-58.47,2.627,-1,0.0000,-1.00,0.0000,0
37151,1790782184359,0.19743,0.05960,0.02349,0.13381,0.05962,0.05387,0.04049,0.06841,0.07122,0.01615,0.09869,0.17720,0.21772,0.06352,0.02552,0.13774,0.03076,0.02139,0.03593,0.07691,0.05803,0.01325,0.11402,0.20521,-57.70,2.369,-1,0.0000,-1.00,0.0000,0
37244,1790782184441,0.35239,0.04442,0.01313,0.16622,0.04002,0.07063,0.01882,0.09597,0.09945,0.01332,0.05772,0.02790,0.39835,0.03856,0.01351,0.18639,0.02402,0.02355,0.01490,0.11232,0.08222,0.01120,0.06449,0.03048,-57.07,4.229,-1,0.0000,-1.00,0.0000,0
37337,1790782184544,0.29200,0.04498,0.00727,0.27705,0.01841,0.07206,0.01846,0.03167,0.15834,0.01777,0.04382,0.01818,0.34111,0.03059,0.00497,0.32230,0.01836,0.01872,0.01582,0.03720,0.12465,0.01884,0.04880,0.01865,-57.11,3.504,-1,0.0000,-1.00,0.0000,0
37430,1790782184621,0.24081,0.04179,0.00662,0.32809,0.01368,0.05145,0.01783,0.04960,0.12414,0.01230,0.09413,0.01956,0.27681,0.03534,0.00550,0.37103,0.01232,0.00677,0.01436,0.05835,0.07520,0.01230,0.11144,0.02059,-57.92,3.937,-1,0.0000,-1.00,0.0000,0
37523,1790782184719,0.13918,0.04523,0.01140,0.33106,0.04141,0.02236,0.02859,0.03397,0.14169,0.02177,0.13634,0.04700,0.15907,0.03488,0.00945,0.36471,0.02452,0.01027,0.02734,0.03883,0.09748,0.02123,0.16133,0.05090,-58.59,3.973,-1,0.0000,-1.00,0.0000,0
37616,1790782184800,0.05542,0.13829,0.16205,0.11891,0.02011,0.06299,0.05776,0.05845,0.09053,0.07061,0.13300,0.03189,0.05820,0.14996,0.17811,0.11340,0.01807,0.06394,0.03940,0.03481,0.08599,0.08102,0.14669,0.03041,-57.41,1.945,-1,0.0000,-1.00,0.0000,0
37709,1790782184901,0.05464,0.05833,0.26177,0.07711,0.04786,0.04177,0.06832,0.09146,0.10004,0.05963,0.11011,0.02897,0.05560,0.04879,0.30159,0.06778,0.05331,0.03903,0.07219,0.04980,0.10643,0.06088,0.12420,0.02040,-56.64,3.141,-1,0.0000,-1.00,0.0000,0
37802,1790782185001,0.10188,0.02653,0.02324,0.09637,0.02912,0.02979,0.02648,0.37406,0.09217,0.05648,0.11732,0.02658,0.03424,0.01339,0.01560,0.08874,0.02980,0.02891,0.02907,0.44512,0.09280,0.06182,0.13484,0.02567,-56.43,4.489,-1,0.0000,-1.00,0.0000,0
37894,1790782185081,0.05348,0.05738,0.02036,0.10963,0.01911,0.02725,0.12549,0.08202,0.27226,0.03340,0.14663,0.05300,0.04365,0.00988,0.01708,0.09749,0.01577,0.02444,0.14725,0.09606,0.30690,0.03690,0.17085,0.03373,-56.36,3.267,-1,0.0000,-1.00,0.0000,0
37987,1790782185179,0.06088,0.07551,0.00916,0.08240,0.02026,0.02732,0.02953,0.20191,0.31002,0.03788,0.10059,0.04453,0.02532,0.01995,0.00245,0.07593,0.01498,0.02771,0.03143,0.24145,0.35582,0.04304,0.11504,0.04689,-56.99,3.720,-1,0.0000,-1.00,0.0000,0
38080,1790782185260,0.08599,0.04912,0.01486,0.09537,0.04362,0.02374,0.14996,0.14995,0.11826,0.05052,0.13041,0.08821,0.06768,0.03421,0.00716,0.08389,0.03810,0.01503,0.17281,0.17836,0.12436,0.05369,0.15328,0.07144,-58.14,1.799,-1,0.0000,-1.00,0.0000,0
38173,1790782185360,0.10223,0.02954,0.02519,0.11671,0.05689,0.06008,0.16992,0.10278,0.15446,0.03170,0.08439,0.06610,0.09403,0.00962,0.02384,0.12196,0.05886,0.05489,0.20170,0.11843,0.15519,0.03202,0.09024,0.03922,-57.92,2.039,-1,0.0000,-1.00,0.0000,0
38266,1790782185441,0.06818,0.04996,0.01289,0.24745,0.03688,0.07443,0.05150,0.07719,0.27484,0.03183,0.05069,0.02414,0.06374,0.00588,0.00949,0.28747,0.04083,0.07656,0.06055,0.09061,0.27233,0.03004,0.04556,0.01693,-56.79,3.298,-1,0.0000,-1.00,0.0000,0
38359,1790782185559,0.09064,0.04920,0.05039,0.12949,0.02140,0.05339,0.11275,0.14977,0.17242,0.05190,0.07579,0.04286,0.07485,0.02346,0.04882,0.13912,0.01964,0.05007,0.12996,0.17027,0.17902,0.05830,0.08088,0.02559,-57.06,2.069,-1,0.0000,-1.00,0.0000,0
38452,1790782185659,0.07748,0.03882,0.03960,0.12335,0.05313,0.10392,0.04016,0.08474,0.14953,0.08542,0.14876,0.05509,0.07356,0.01559,0.02915,0.11685,0.05070,0.11152,0.04353,0.09726,0.15601,0.09231,0.15614,0.05738,-57.45,1.794,-1,0.0000,-1.00,0.0000,0
38545,1790782185739,0.04785,0.03134,0.03966,0.17538,0.03333,0.03009,0.09371,0.11768,0.11304,0.09134,0.14955,0.07703,0.02834,0.01992,0.02661,0.17582,0.02590,0.03044,0.10833,0.13574,0.09941,0.10550,0.17317,0.07082,-58.32,2.105,-1,0.0000,-1.00,0.0000,0
38638,1790782185839,0.07613,0.02509,0.05217,0.13966,0.04654,0.03241,0.13085,0.13246,0.10963,0.08526,0.10192,0.06789,0.06148,0.01003,0.04371,0.14418,0.04573,0.02665,0.15481,0.15005,0.10104,0.09484,0.11684,0.05066,-59.03,1.676,-1,0.0000,-1.00,0.0000,0
38730,1790782185920,0.03994,0.06296,0.02128,0.11941,0.03342,0.02193,0.12130,0.10285,0.29203,0.03524,0.10036,0.04928,0.02507,0.01088,0.01838,0.12008,0.03415,0.02131,0.14319,0.11960,0.32567,0.03590,0.11603,0.02973,-57.76,3.504,-1,0.0000,-1.00,0.0000,0
38823,1790782186019,0.05866,0.04446,0.04445,0.09137,0.02999,0.02799,0.07980,0.06447,0.23554,0.09103,0.14879,0.08344,0.05104,0.00572,0.03204,0.07516,0.01725,0.02600,0.09428,0.07111,0.26591,0.10707,0.17313,0.08130,-57.57,2.826,-1,0.0000,-1.00,0.0000,0
38916,1790782186100,0.09413,0.07086,0.03023,0.11196,0.01967,0.04558,0.05717,0.06303,0.30059,0.04110,0.11227,0.05341,0.09958,0.01778,0.02699,0.10885,0.01357,0.03488,0.06413,0.07103,0.33860,0.04655,0.12761,0.05042,-57.79,3.607,-1,0.0000,-1.00,0.0000,0
39009,1790782186200,0.05190,0.08958,0.01463,0.11528,0.02379,0.02500,0.03394,0.06201,0.39299,0.04058,0.11600,0.03429,0.04780,0.01839,0.00871,0.11140,0.02128,0.02102,0.03702,0.07258,0.44870,0.04452,0.13483,0.03375,-57.42,4.716,-1,0.0000,-1.00,0.0000,0
39102,1790782186300,0.04115,0.08467,0.01612,0.12789,0.02550,0.02812,0.02401,0.03470,0.42663,0.03344,0.10988,0.04788,0.03510,0.01175,0.01210,0.12819,0.02024,0.02674,0.02602,0.03960,0.48544,0.03641,0.12637,0.05205,-57.81,5.120,-1,0.0000,-1.00,0.0000,0
39195,1790782186379,0.05810,0.08367,0.04405,0.14592,0.03519,0.03986,0.04241,0.06735,0.30534,0.06502,0.06868,0.04440,0.05514,0.03402,0.03865,0.15998,0.03335,0.03683,0.04407,0.07304,0.33415,0.07130,0.07500,0.04446,-58.32,3.664,-1,0.0000,-1.00,0.0000,0
39288,1790782186480,0.09864,0.06046,0.06722,0.18661,0.03141,0.03721,0.04255,0.08229,0.13589,0.04394,0.15542,0.05836,0.09985,0.04771,0.07093,0.18765,0.02509,0.02480,0.03352,0.09254,0.12476,0.04855,0.18132,0.06329,-56.72,2.239,-1,0.0000,-1.00,0.0000,0
39381,1790782186560,0.02682,0.61597,0.00400,0.07408,0.01222,0.01033,0.12542,0.01139,0.05259,0.00701,0.03290,0.02728,0.02966,0.72877,0.00345,0.08120,0.00834,0.00657,0.00581,0.01297,0.04692,0.00674,0.03812,0.03144,-55.33,7.392,-1,0.0000,-1.00,0.0000,0
39473,1790782186659,0.01897,0.56729,0.00615,0.10534,0.01190,0.02056,0.11882,0.01782,0.04476,0.02107,0.03515,0.03216,0.01758,0.67480,0.00264,0.11871,0.00696,0.02116,0.00855,0.02087,0.03010,0.02387,0.03793,0.03684,-54.37,6.807,-1,0.0000,-1.00,0.0000,0
39566,1790782186740,0.01647,0.02576,0.28166,0.37684,0.01178,0.01030,0.01755,0.06624,0.09575,0.01676,0.05502,0.02586,0.01650,0.02599,0.33385,0.43883,0.00860,0.00907,0.01588,0.01319,0.02774,0.01838,0.06414,0.02784,-54.13,4.522,-1,0.0000,-1.00,0.0000,0
39659,1790782186867,0.01550,0.01725,0.03422,0.64939,0.00912,0.00517,0.00992,0.01814,0.14080,0.01351,0.06322,0.02376,0.01511,0.01755,0.03802,0.76323,0.00556,0.00320,0.00613,0.01648,0.01741,0.01508,0.07512,0.02712,-54.90,7.793,-1,0.0000,-1.00,0.0000,0
39752,1790782186973,0.02694,0.24570,0.27232,0.06199,0.02977,0.00876,0.06759,0.09214,0.03918,0.02654,0.06043,0.06864,0.02296,0.28773,0.32069,0.06016,0.02034,0.00594,0.02394,0.04684,0.03452,0.02828,0.07123,0.07737,-55.70,3.268,-1,0.0000,-1.00,0.0000,0
39845,1790782187039,0.32146,0.06345,0.04355,0.17849,0.01661,0.06892,0.03374,0.04589,0.06645,0.02836,0.08344,0.04964,0.37380,0.06913,0.04573,0.19441,0.00842,0.00901,0.02122,0.05143,0.04082,0.03257,0.09819,0.05528,-56.29,3.858,-1,0.0000,-1.00,0.0000,0
39938,1790782187139,0.44261,0.05537,0.00903,0.19955,0.01501,0.09100,0.01934,0.02513,0.04861,0.01320,0.04261,0.03854,0.52453,0.06428,0.00798,0.22919,0.00929,0.00506,0.01043,0.02853,0.01250,0.01428,0.05006,0.04387,-56.27,5.311,-1,0.0000,-1.00,0.0000,0
40031,1790782187220,0.59892,0.00601,0.00999,0.10734,0.02031,0.12207,0.00452,0.03380,0.03424,0.00958,0.01664,0.03659,0.70951,0.00450,0.01032,0.12489,0.01582,0.00562,0.00405,0.03892,0.01627,0.00834,0.01882,0.04292,-56.24,7.187,-1,0.0000,-1.00,0.0000,0
40124,1790782187320,0.63897,0.01301,0.01069,0.07790,0.01013,0.13028,0.00892,0.02047,0.03477,0.00794,0.02781,0.01910,0.76122,0.01076,0.01122,0.08695,0.00793,0.00521,0.00856,0.02230,0.02437,0.00800,0.03229,0.02118,-56.24,7.668,-1,0.0000,-1.00,0.0000,0
40216,1790782187401,0.55534,0.00703,0.04929,0.09692,0.01386,0.11567,0.00529,0.04303,0.04694,0.01034,0.04952,0.00677,0.65775,0.00138,0.05719,0.10471,0.01483,0.00868,0.00607,0.04023,0.03549,0.00945,0.05761,0.00661,-56.13,6.664,-1,0.0000,-1.00,0.0000,0
40309,1790782187501,0.46665,0.03057,0.01639,0.22610,0.00726,0.09495,0.01667,0.02052,0.06194,0.01426,0.03144,0.01325,0.55433,0.03227,0.01648,0.26360,0.00597,0.00389,0.01050,0.02439,0.02197,0.01590,0.03691,0.01380,-56.17,5.600,-1,0.0000,-1.00,0.0000,0
40402,1790782187601,0.49721,0.00611,0.00231,0.24105,0.00641,0.10026,0.00555,0.02560,0.06823,0.00640,0.03147,0.00941,0.59017,0.00233,0.00147,0.28148,0.00580,0.00315,0.00618,0.03039,0.02596,0.00652,0.03708,0.00948,-56.25,5.967,-1,0.0000,-1.00,0.0000,0
40495,1790782187680,0.43918,0.01281,0.00333,0.28629,0.00502,0.08848,0.00789,0.02600,0.09416,0.00937,0.02124,0.00624,0.52031,0.00642,0.00193,0.33812,0.00481,0.00298,0.00818,0.03077,0.04567,0.01040,0.02486,0.00556,-55.90,5.270,-1,0.0000,-1.00,0.0000,0
40588,1790782187780,0.49169,0.00607,0.00508,0.25486,0.00581,0.09868,0.00640,0.01535,0.07935,0.00637,0.02363,0.00671,0.58528,0.00055,0.00475,0.29986,0.00564,0.00222,0.00694,0.01808,0.03542,0.00673,0.02787,0.00667,-55.80,5.900,-1,0.0000,-1.00,0.0000,0
40681,1790782187860,0.60826,0.01198,0.00379,0.10656,0.00517,0.12210,0.00431,0.01622,0.04871,0.01036,0.05808,0.00446,0.72535,0.00727,0.00228,0.11399,0.00533,0.00251,0.00373,0.01898,0.03577,0.01136,0.06910,0.00433,-55.88,7.299,-1,0.0000,-1.00,0.0000,0
40774,1790782187975,0.62565,0.00330,0.00657,0.07208,0.01361,0.12607,0.00570,0.03960,0.02287,0.01348,0.05867,0.01239,0.74043,0.00141,0.00518,0.07260,0.01361,0.00427,0.00635,0.04662,0.01285,0.01362,0.06945,0.01359,-56.38,7.508,-1,0.0000,-1.00,0.0000,0
40867,1790782188043,0.42704,0.01180,0.00690,0.22460,0.01493,0.08789,0.00489,0.04231,0.06153,0.02357,0.06593,0.02862,0.50176,0.00957,0.00303,0.25369,0.01124,0.00585,0.00392,0.05013,0.02303,0.02642,0.07784,0.03351,-56.59,5.124,-1,0.0000,-1.00,0.0000,0
40959,1790782188159,0.52561,0.00873,0.01202,0.07822,0.01348,0.10707,0.02622,0.02346,0.03342,0.04228,0.10329,0.02619,0.62437,0.00525,0.00480,0.06938,0.01111,0.00453,0.03013,0.02741,0.02629,0.04846,0.12287,0.02541,-56.37,6.307,-1,0.0000,-1.00,0.0000,0
41052,1790782188260,0.25799,0.01134,0.00959,0.24248,0.01481,0.05423,0.04623,0.03016,0.06200,0.02020,0.23284,0.01813,0.30218,0.00830,0.00710,0.23544,0.01554,0.00507,0.05341,0.03507,0.02663,0.02212,0.27799,0.01114,-56.98,3.096,-1,0.0000,-1.00,0.0000,0
41145,1790782188338,0.07538,0.01150,0.01460,0.34946,0.01061,0.01800,0.03274,0.03043,0.08317,0.02817,0.32719,0.01876,0.08412,0.00769,0.01112,0.34121,0.00989,0.00489,0.03743,0.03452,0.03162,0.03218,0.39108,0.01423,-57.64,4.194,-1,0.0000,-1.00,0.0000,0
41238,1790782188440,0.15434,0.02186,0.01267,0.24527,0.02274,0.03566,0.03023,0.07919,0.10431,0.04945,0.21434,0.02994,0.16624,0.01098,0.00428,0.24336,0.02146,0.00978,0.03377,0.09431,0.07675,0.05500,0.25490,0.02918,-58.32,2.943,-1,0.0000,-1.00,0.0000,0
41331,1790782188521,0.17978,0.01948,0.04992,0.25700,0.02169,0.03593,0.03393,0.09244,0.12380,0.03965,0.13464,0.01173,0.19310,0.00636,0.05137,0.27615,0.02459,0.00478,0.03536,0.10462,0.09360,0.04263,0.16038,0.00705,-58.97,3.084,-1,0.0000,-1.00,0.0000,0
41424,1790782188620,0.09941,0.04095,0.02887,0.32980,0.03202,0.02347,0.03170,0.03619,0.23090,0.03285,0.09887,0.01495,0.11126,0.00901,0.02821,0.37193,0.03620,0.00607,0.03520,0.03878,0.20294,0.03219,0.11726,0.01094,-59.20,3.958,-1,0.0000,-1.00,0.0000,0
41517,1790782188699,0.09428,0.03417,0.01433,0.29027,0.02384,0.02645,0.03757,0.05727,0.12955,0.04041,0.22590,0.02597,0.10015,0.02175,0.00843,0.29470,0.02204,0.01389,0.04070,0.06696,0.09681,0.04405,0.26792,0.02260,-59.54,3.483,-1,0.0000,-1.00,0.0000,0
41610,1790782188800,0.05982,0.02740,0.00678,0.30154,0.01778,0.01819,0.01839,0.07145,0.14319,0.02638,0.29577,0.01333,0.05564,0.01028,0.00259,0.29148,0.01909,0.01076,0.02000,0.08510,0.11374,0.02788,0.35226,0.01118,-58.75,3.618,-1,0.0000,-1.00,0.0000,0
41703,1790782188900,0.07545,0.02430,0.03789,0.23197,0.02120,0.02347,0.01856,0.06794,0.11818,0.02595,0.32694,0.02814,0.07487,0.00965,0.04000,0.20082,0.01947,0.01328,0.01898,0.07483,0.10180,0.02723,0.38912,0.02995,-58.41,3.923,-1,0.0000,-1.00,0.0000,0
41795,1790782188979,0.06189,0.02896,0.02787,0.23002,0.03147,0.05538,0.03707,0.07987,0.11834,0.03404,0.27007,0.02502,0.05607,0.01501,0.02660,0.21364,0.03336,0.05524,0.04059,0.09129,0.09937,0.03425,0.31265,0.02194,-59.41,3.241,-1,0.0000,-1.00,0.0000,0
41888,1790782189080,0.07843,0.01655,0.07820,0.25391,0.01641,0.02719,0.02070,0.18421,0.11049,0.03848,0.16094,0.01450,0.05267,0.00502,0.08520,0.26688,0.01716,0.02214,0.02381,0.20384,0.07930,0.04289,0.18845,0.01265,-58.99,3.047,-1,0.0000,-1.00,0.0000,0
41981,1790782189162,0.04524,0.00871,0.00889,0.46162,0.03586,0.01388,0.01167,0.08958,0.11768,0.03691,0.14971,0.02025,0.03236,0.00347,0.00338,0.51799,0.03809,0.01080,0.01292,0.10704,0.03832,0.03668,0.17725,0.02170,-58.72,5.539,-1,0.0000,-1.00,0.0000,0
42074,1790782189259,0.07758,0.01077,0.03076,0.36268,0.01283,0.01717,0.01761,0.08255,0.11031,0.03750,0.22460,0.01564,0.07435,0.00175,0.02838,0.38145,0.01245,0.00584,0.02020,0.09385,0.05628,0.04274,0.26796,0.01473,-59.30,4.352,-1,0.0000,-1.00,0.0000,0
42167,1790782189362,0.08521,0.02550,0.00728,0.22845,0.01635,0.01940,0.02065,0.08693,0.12574,0.01369,0.35352,0.01729,0.08169,0.00815,0.00612,0.19004,0.01639,0.00705,0.02313,0.10296,0.11299,0.01316,0.42220,0.01613,-59.06,4.242,-1,0.0000,-1.00,0.0000,0
42260,1790782189472,0.07933,0.03000,0.00870,0.30078,0.03664,0.01856,0.03827,0.12618,0.15932,0.02045,0.16335,0.01842,0.06387,0.01232,0.00705,0.32198,0.04122,0.00958,0.04308,0.15013,0.12639,0.01701,0.19384,0.01353,-59.38,3.609,-1,0.0000,-1.00,0.0000,0
42353,1790782189560,0.08859,0.04799,0.00815,0.18932,0.04780,0.02698,0.03729,0.13256,0.13792,0.02924,0.23251,0.02164,0.07468,0.03166,0.00488,0.17231,0.05363,0.01753,0.03805,0.15823,0.13087,0.02464,0.27513,0.01839,-59.77,2.790,-1,0.0000,-1.00,0.0000,0
42446,1790782189642,0.06875,0.01716,0.01277,0.34418,0.01754,0.01926,0.01676,0.06743,0.11878,0.01416,0.27892,0.02430,0.06653,0.00629,0.01256,0.34654,0.01599,0.00989,0.01883,0.07831,0.07362,0.01380,0.33225,0.02538,-59.49,4.130,-1,0.0000,-1.00,0.0000,0
42538,1790782189739,0.03340,0.01680,0.00453,0.41193,0.02279,0.00866,0.02281,0.08490,0.12056,0.01374,0.24485,0.01502,0.02328,0.00887,0.00308,0.43571,0.02415,0.00706,0.02558,0.10112,0.05793,0.01184,0.29199,0.00940,-59.82,4.943,-1,0.0000,-1.00,0.0000,0
42631,1790782189821,0.03831,0.01733,0.00349,0.53324,0.01689,0.01262,0.01984,0.04521,0.13298,0.00983,0.15408,0.01617,0.03426,0.01402,0.00230,0.60272,0.01607,0.00948,0.02084,0.05386,0.03891,0.00954,0.18275,0.01524,-59.01,6.399,-1,0.0000,-1.00,0.0000,0
42724,1790782189922,0.10676,0.00998,0.00683,0.26094,0.01637,0.02382,0.02213,0.13777,0.08876,0.00952,0.29250,0.02462,0.09802,0.00092,0.00652,0.24355,0.01540,0.00911,0.02573,0.16439,0.05800,0.00843,0.34868,0.02124,-58.77,3.510,-1,0.0000,-1.00,0.0000,0
42817,1790782189999,0.03895,0.01202,0.00744,0.52124,0.02324,0.01313,0.01314,0.08134,0.14987,0.02059,0.10628,0.01276,0.02871,0.00237,0.00503,0.59972,0.02564,0.01004,0.01485,0.09689,0.06069,0.01959,0.12536,0.01111,-59.55,6.255,-1,0.0000,-1.00,0.0000,0
42910,1790782190100,0.06912,0.02704,0.04076,0.27197,0.01841,0.01942,0.02371,0.12549,0.14586,0.01459,0.22593,0.01769,0.05473,0.00860,0.04599,0.27270,0.01889,0.01241,0.02625,0.14172,0.12007,0.01439,0.26826,0.01599,-59.70,3.264,-1,0.0000,-1.00,0.0000,0
43003,1790782190198,0.09850,0.02205,0.04843,0.17768,0.03522,0.02760,0.03611,0.16908,0.10294,0.02671,0.23201,0.02368,0.07993,0.00839,0.05289,0.15857,0.03546,0.01997,0.04155,0.19217,0.09096,0.02592,0.27404,0.02014,-60.38,2.784,-1,0.0000,-1.00,0.0000,0
43096,1790782190279,0.09935,0.01505,0.00789,0.26890,0.05372,0.03589,0.01587,0.08585,0.09984,0.02654,0.26996,0.02114,0.10228,0.00507,0.00525,0.25897,0.06079,0.02273,0.01740,0.10244,0.06683,0.02121,0.31897,0.01806,-60.84,3.240,-1,0.0000,-1.00,0.0000,0
43189,1790782190380,0.08426,0.01044,0.00544,0.30381,0.02959,0.02177,0.01377,0.14518,0.08137,0.01668,0.27358,0.01412,0.06545,0.00613,0.00384,0.29957,0.03270,0.01311,0.01529,0.17320,0.03811,0.01350,0.32521,0.01389,-59.46,3.646,-1,0.0000,-1.00,0.0000,0
43281,1790782190473,0.06715,0.01338,0.00841,0.24935,0.03809,0.01617,0.02465,0.12705,0.07069,0.02245,0.35360,0.00903,0.05039,0.00796,0.00617,0.21522,0.04290,0.01105,0.02727,0.15169,0.04069,0.01973,0.42150,0.00542,-59.13,4.243,-1,0.0000,-1.00,0.0000,0
43374,1790782190560,0.06435,0.00672,0.03732,0.37159,0.01699,0.01863,0.02262,0.08098,0.09318,0.04038,0.22910,0.01814,0.05801,0.00310,0.03581,0.39126,0.01719,0.01083,0.02589,0.09053,0.03409,0.04498,0.27237,0.01596,-59.58,4.459,-1,0.0000,-1.00,0.0000,0
43467,1790782190660,0.09148,0.01578,0.01065,0.27868,0.04466,0.02002,0.03579,0.13904,0.07004,0.02777,0.23280,0.03331,0.08118,0.01340,0.00789,0.27894,0.04803,0.00789,0.04008,0.16518,0.02779,0.02459,0.27738,0.02766,-59.10,3.344,-1,0.0000,-1.00,0.0000,0
43560,1790782190762,0.05641,0.00885,0.00663,0.23303,0.02543,0.01636,0.02199,0.08453,0.04413,0.01649,0.46864,0.01752,0.04702,0.00744,0.00510,0.16831,0.02729,0.01029,0.02487,0.10027,0.01951,0.01434,0.55950,0.01606,-58.78,5.624,-1,0.0000,-1.00,0.0000,0
43653,1790782190858,0.08586,0.01164,0.01333,0.25077,0.02775,0.02654,0.01918,0.06063,0.07130,0.04456,0.36340,0.02504,0.08766,0.00652,0.00650,0.21473,0.02815,0.01443,0.02169,0.07135,0.04287,0.04782,0.43258,0.02570,-58.91,4.361,-1,0.0000,-1.00,0.0000,0
43746,1790782190940,0.06628,0.01189,0.03421,0.19307,0.02243,0.02239,0.03182,0.13448,0.08267,0.03607,0.34508,0.01962,0.04432,0.00514,0.03317,0.15009,0.02367,0.01805,0.03710,0.15456,0.06840,0.03943,0.40991,0.01616,-59.27,4.141,-1,0.0000,-1.00,0.0000,0
43839,1790782191042,0.07454,0.02180,0.01013,0.25597,0.01880,0.02131,0.03466,0.14784,0.09958,0.02154,0.26771,0.02612,0.06005,0.01278,0.00762,0.24366,0.01908,0.01364,0.03871,0.17592,0.07028,0.02277,0.31807,0.01742,-59.42,3.212,-1,0.0000,-1.00,0.0000,0
43932,1790782191121,0.10933,0.01640,0.01276,0.23051,0.03136,0.02790,0.02422,0.19232,0.11396,0.03402,0.17987,0.02734,0.08783,0.00569,0.00852,0.23411,0.03339,0.01602,0.02765,0.22900,0.09015,0.03414,0.21236,0.02114,-59.46,2.766,-1,0.0000,-1.00,0.0000,0
44025,1790782191219,0.10885,0.02475,0.00771,0.16527,0.06886,0.02948,0.07835,0.22992,0.08621,0.02475,0.13831,0.03754,0.07597,0.01571,0.00639,0.16598,0.07714,0.02026,0.09029,0.27471,0.07040,0.01436,0.16171,0.02709,-59.39,2.759,-1,0.0000,-1.00,0.0000,0
44117,1790782191300,0.05431,0.08551,0.01468,0.23258,0.02789,0.02881,0.06226,0.12298,0.20053,0.03051,0.10560,0.03434,0.04398,0.06508,0.01120,0.25467,0.02792,0.02708,0.06170,0.14514,0.18857,0.03225,0.12116,0.02124,-58.71,2.791,-1,0.0000,-1.00,0.0000,0
44210,1790782191401,0.07053,0.10760,0.01156,0.14371,0.05503,0.05747,0.07029,0.11476,0.12012,0.02527,0.17457,0.04909,0.05764,0.10572,0.00999,0.13300,0.05677,0.05744,0.06327,0.13553,0.11710,0.01949,0.19779,0.04628,-58.33,2.095,-1,0.0000,-1.00,0.0000,0
44303,1790782191500,0.06313,0.10896,0.01052,0.27014,0.02987,0.03866,0.03791,0.08607,0.16727,0.02786,0.14246,0.01715,0.05549,0.10227,0.00727,0.29124,0.03271,0.03532,0.02515,0.10169,0.14270,0.02690,0.16370,0.01556,-58.45,3.242,-1,0.0000,-1.00,0.0000,0
44396,1790782191580,0.03927,0.10943,0.01197,0.29877,0.02218,0.06092,0.04331,0.09039,0.09778,0.02117,0.17962,0.02518,0.03030,0.12039,0.01020,0.31797,0.02256,0.06698,0.02797,0.10635,0.05413,0.02089,0.20195,0.02030,-59.22,3.585,-1,0.0000,-1.00,0.0000,0
44489,1790782191679,0.05642,0.11332,0.00971,0.19737,0.02016,0.06411,0.05472,0.09450,0.15288,0.03432,0.17583,0.02665,0.04499,0.10767,0.00412,0.19743,0.01879,0.06868,0.04423,0.11242,0.14349,0.03795,0.19707,0.02317,-59.94,2.368,-1,0.0000,-1.00,0.0000,0
44582,1790782191760,0.04514,0.10297,0.01109,0.18391,0.03799,0.04002,0.06211,0.09066,0.10230,0.02352,0.26647,0.03382,0.03390,0.10559,0.00900,0.15870,0.03979,0.04123,0.05329,0.10705,0.08975,0.02167,0.31112,0.02892,-59.89,3.198,-1,0.0000,-1.00,0.0000,0
44675,1790782191860,0.08030,0.10199,0.02094,0.12212,0.02379,0.06103,0.05822,0.14995,0.15190,0.03049,0.16845,0.03082,0.06134,0.09040,0.01877,0.10872,0.02323,0.06097,0.05184,0.17596,0.16046,0.03192,0.18976,0.02665,-59.40,2.021,-1,0.0000,-1.00,0.0000,0
44768,1790782191973,0.06149,0.10733,0.01192,0.28309,0.02484,0.03082,0.05800,0.11088,0.13439,0.03609,0.11535,0.02578,0.04760,0.10908,0.00658,0.31292,0.02467,0.02835,0.04788,0.13156,0.09850,0.03886,0.13260,0.02141,-58.81,3.397,-1,0.0000,-1.00,0.0000,0
44860,1790782192061,0.04869,0.09094,0.00676,0.40601,0.01401,0.02169,0.02502,0.07671,0.18087,0.02112,0.08482,0.02336,0.04127,0.08444,0.00348,0.46705,0.01196,0.01781,0.01324,0.09123,0.12374,0.02333,0.09810,0.02436,-58.66,4.872,-1,0.0000,-1.00,0.0000,0
44953,1790782192159,0.07940,0.11846,0.01069,0.28509,0.02903,0.03054,0.03504,0.09009,0.15608,0.02754,0.10534,0.03270,0.07615,0.11734,0.00738,0.31743,0.02818,0.02149,0.01872,0.10649,0.12409,0.02742,0.12196,0.03335,-58.96,3.421,-1,0.0000,-1.00,0.0000,0
45046,1790782192239,0.06244,0.11460,0.00979,0.26284,0.04250,0.02552,0.03953,0.09647,0.16277,0.02499,0.13514,0.02342,0.05497,0.10980,0.00764,0.28361,0.04691,0.01968,0.02547,0.11421,0.13882,0.02065,0.15802,0.02022,-59.25,3.154,-1,0.0000,-1.00,0.0000,0
45139,1790782192340,0.03781,0.09160,0.00695,0.36895,0.01787,0.01314,0.03255,0.07259,0.24852,0.01122,0.06926,0.02953,0.02812,0.06766,0.00626,0.42605,0.01509,0.01048,0.02556,0.08578,0.21333,0.01045,0.08091,0.03032,-58.77,4.427,-1,0.0000,-1.00,0.0000,0
45232,1790782192420,0.06129,0.06010,0.00333,0.35531,0.02655,0.01186,0.02371,0.10040,0.20433,0.01048,0.10935,0.03330,0.04969,0.03920,0.00238,0.40003,0.02243,0.00664,0.02063,0.11983,0.16553,0.00812,0.12971,0.03581,-58.31,4.264,-1,0.0000,-1.00,0.0000,0
45325,1790782192522,0.04892,0.07923,0.00737,0.32539,0.01739,0.01656,0.02743,0.06602,0.28211,0.01243,0.09164,0.02550,0.04318,0.04258,0.00633,0.36857,0.01574,0.01128,0.02443,0.07786,0.26414,0.01261,0.10757,0.02571,-58.98,3.905,-1,0.0000,-1.00,0.0000,0
45418,1790782192601,0.02670,0.06813,0.01000,0.32852,0.01860,0.01372,0.06280,0.07507,0.23566,0.01537,0.10581,0.03962,0.02042,0.04250,0.00901,0.36900,0.01714,0.01239,0.06674,0.08824,0.20922,0.01502,0.12433,0.02599,-59.37,3.942,-1,0.0000,-1.00,0.0000,0
45511,1790782192700,0.04852,0.04956,0.00844,0.26684,0.03274,0.03197,0.06370,0.08702,0.17720,0.02334,0.15855,0.05213,0.03740,0.02871,0.00573,0.28329,0.02963,0.03090,0.07062,0.10315,0.15616,0.02210,0.18385,0.04847,-58.63,3.202,-1,0.0000,-1.00,0.0000,0
45603,1790782192800,0.02750,0.04913,0.00676,0.30907,0.02515,0.03567,0.04282,0.05869,0.13991,0.01743,0.25493,0.03295,0.02241,0.03805,0.00474,0.31129,0.02466,0.03830,0.04376,0.06939,0.10499,0.01694,0.29788,0.02759,-58.41,3.709,-1,0.0000,-1.00,0.0000,0
45696,1790782192881,0.02643,0.06604,0.00674,0.21916,0.01622,0.02715,0.03182,0.05210,0.16895,0.01507,0.33982,0.03049,0.01949,0.04619,0.00502,0.18301,0.01333,0.02867,0.02897,0.06144,0.16616,0.01541,0.40151,0.03080,-58.88,4.078,-1,0.0000,-1.00,0.0000,0
45789,1790782192979,0.06521,0.05975,0.01370,0.18840,0.02575,0.02419,0.03144,0.09971,0.08629,0.01330,0.36722,0.02503,0.05476,0.05694,0.01415,0.13923,0.02595,0.01813,0.02639,0.11667,0.07516,0.01143,0.43643,0.02477,-58.76,4.407,-1,0.0000,-1.00,0.0000,0
45882,1790782193060,0.03447,0.05757,0.00970,0.28140,0.01109,0.01481,0.01414,0.10152,0.19046,0.02024,0.25551,0.00910,0.01743,0.03463,0.00726,0.27706,0.01151,0.01429,0.00990,0.12038,0.17329,0.02197,0.30333,0.00894,-58.93,3.377,-1,0.0000,-1.00,0.0000,0
45975,1790782193159,0.04715,0.06172,0.01579,0.16933,0.02126,0.02703,0.02785,0.15480,0.10486,0.01256,0.32566,0.03198,0.01982,0.05462,0.01656,0.12670,0.01780,0.02942,0.02232,0.18242,0.10015,0.01190,0.38439,0.03390,-59.84,3.908,-1,0.0000,-1.00,0.0000,0
46068,1790782193260,0.03603,0.05106,0.01007,0.40934,0.01806,0.01442,0.02243,0.09372,0.17654,0.01494,0.13535,0.01804,0.02150,0.03828,0.00923,0.45885,0.01836,0.01302,0.01929,0.11047,0.12057,0.01426,0.15960,0.01657,-60.19,4.912,-1,0.0000,-1.00,0.0000,0
46161,1790782193360,0.03140,0.07370,0.00898,0.38448,0.01044,0.01768,0.02279,0.07006,0.22800,0.01094,0.12572,0.01581,0.02130,0.05111,0.00853,0.43150,0.00943,0.01697,0.01706,0.08237,0.18766,0.01124,0.14728,0.01556,-59.55,4.614,-1,0.0000,-1.00,0.0000,0
46254,1790782193472,0.01820,0.03992,0.00526,0.58417,0.01335,0.00963,0.01650,0.04135,0.18731,0.01061,0.06218,0.01152,0.01213,0.03035,0.00425,0.68557,0.01350,0.00944,0.01361,0.04884,0.08820,0.01038,0.07264,0.01110,-57.96,7.010,-1,0.0000,-1.00,0.0000,0
46347,1790782193540,0.01864,0.03425,0.00431,0.61140,0.00781,0.00798,0.01285,0.04161,0.17148,0.00673,0.07191,0.01104,0.01310,0.02851,0.00377,0.71579,0.00722,0.00697,0.00961,0.04926,0.06320,0.00700,0.08478,0.01080,-58.41,7.337,-1,0.0000,-1.00,0.0000,0
46439,1790782193642,0.05783,0.06610,0.01196,0.29987,0.01752,0.02094,0.03481,0.14232,0.14614,0.01572,0.17002,0.01677,0.03579,0.05718,0.01119,0.31963,0.01817,0.01800,0.02966,0.16902,0.11112,0.01586,0.20016,0.01422,-59.25,3.598,-1,0.0000,-1.00,0.0000,0
46532,1790782193719,0.03313,0.06500,0.01081,0.46881,0.02659,0.01151,0.02521,0.08803,0.15685,0.01895,0.07666,0.01845,0.02006,0.06200,0.00955,0.54394,0.02775,0.01044,0.01762,0.10388,0.08011,0.01721,0.08979,0.01765,-58.35,5.626,-1,0.0000,-1.00,0.0000,0
46625,1790782193819,0.04730,0.07063,0.01312,0.41344,0.02021,0.02439,0.03648,0.12252,0.14180,0.02411,0.06693,0.01906,0.02800,0.06995,0.01069,0.48043,0.02086,0.02368,0.02985,0.14469,0.07408,0.02535,0.07550,0.01693,-58.04,4.961,-1,0.0000,-1.00,0.0000,0
46718,1790782193898,0.11303,0.05753,0.02043,0.33143,0.00739,0.03734,0.04547,0.02118,0.20802,0.03305,0.10959,0.01554,0.13107,0.03413,0.01691,0.37183,0.00704,0.01876,0.04771,0.02203,0.17555,0.03821,0.12760,0.00916,-57.00,3.977,-1,0.0000,-1.00,0.0000,0
46811,1790782194004,0.11397,0.05667,0.02173,0.19858,0.09529,0.03624,0.04925,0.03088,0.25375,0.04334,0.07126,0.02905,0.12994,0.01827,0.01812,0.22171,0.10946,0.01766,0.05540,0.03341,0.25041,0.03993,0.08188,0.02383,-57.54,3.045,-1,0.0000,-1.00,0.0000,0
46904,1790782194100,0.06076,0.04505,0.05984,0.17107,0.06219,0.09969,0.10089,0.05318,0.10253,0.04114,0.12625,0.07744,0.05879,0.04059,0.06414,0.17923,0.06053,0.10779,0.11212,0.05173,0.08650,0.03812,0.12991,0.07056,-58.05,2.053,-1,0.0000,-1.00,0.0000,0
46997,1790782194180,0.02149,0.02771,0.03882,0.32172,0.02572,0.10860,0.04405,0.02356,0.10344,0.03855,0.19616,0.05018,0.02166,0.02215,0.03817,0.34385,0.02080,0.12583,0.04839,0.02067,0.05578,0.04207,0.21011,0.05054,-57.32,3.861,-1,0.0000,-1.00,0.0000,0
47090,1790782194279,0.02845,0.03132,0.01378,0.40955,0.01854,0.02993,0.10876,0.02660,0.12575,0.03654,0.12834,0.04245,0.02729,0.02661,0.00850,0.46146,0.01705,0.03045,0.12504,0.03019,0.05919,0.04040,0.14775,0.02607,-58.04,4.915,-1,0.0000,-1.00,0.0000,0
47182,1790782194361,0.05750,0.02732,0.04267,0.15295,0.02387,0.03061,0.03043,0.04523,0.10973,0.03346,0.38865,0.05759,0.05776,0.01239,0.04382,0.09194,0.01626,0.02523,0.03401,0.04551,0.11325,0.03687,0.46069,0.06226,-58.29,4.664,-1,0.0000,-1.00,0.0000,0
47275,1790782194482,0.17635,0.00835,0.03626,0.08569,0.03834,0.04313,0.03252,0.07803,0.05468,0.13803,0.16297,0.14564,0.19194,0.00177,0.01116,0.06452,0.01260,0.01408,0.03823,0.09167,0.05273,0.16290,0.19249,0.16592,-56.81,2.116,-1,0.0000,-1.00,0.0000,0
47368,1790782194560,0.47896,0.00673,0.02437,0.04550,0.02984,0.10936,0.01602,0.05842,0.03724,0.03611,0.10787,0.04959,0.56088,0.00038,0.02159,0.02967,0.02472,0.01985,0.01912,0.06572,0.03874,0.03837,0.12532,0.05564,-55.93,5.747,-1,0.0000,-1.00,0.0000,0
47461,1790782194662,0.28897,0.13823,0.03412,0.04671,0.02047,0.06810,0.07674,0.05574,0.09568,0.03044,0.10041,0.04441,0.33476,0.14422,0.03427,0.03272,0.01655,0.01524,0.06324,0.06013,0.10799,0.03335,0.11729,0.04024,-56.73,3.468,-1,0.0000,-1.00,0.0000,0
47554,1790782194761,0.22382,0.05750,0.02901,0.09000,0.02866,0.04804,0.04937,0.04966,0.03452,0.07033,0.23181,0.08727,0.25680,0.06311,0.01866,0.05304,0.01545,0.00666,0.04665,0.05581,0.03085,0.08121,0.27644,0.09532,-56.51,2.782,-1,0.0000,-1.00,0.0000,0
47647,1790782194840,0.44081,0.05927,0.01137,0.08992,0.01429,0.09232,0.02883,0.02729,0.03897,0.01056,0.14785,0.03851,0.52184,0.06499,0.01145,0.07291,0.00883,0.00717,0.02122,0.03087,0.03212,0.01102,0.17574,0.04184,-56.18,5.290,-1,0.0000,-1.00,0.0000,0
47740,1790782194942,0.37022,0.06889,0.01772,0.07769,0.02151,0.08076,0.03796,0.04625,0.08920,0.02483,0.10397,0.06100,0.43234,0.06446,0.01582,0.06883,0.01247,0.01106,0.03019,0.05481,0.09324,0.02728,0.12239,0.06711,-56.59,4.443,-1,0.0000,-1.00,0.0000,0
47833,1790782195022,0.43797,0.01554,0.03340,0.06717,0.02272,0.09651,0.01747,0.04002,0.06023,0.01897,0.12764,0.06236,0.51702,0.00647,0.03604,0.05068,0.01328,0.01315,0.01962,0.04084,0.06213,0.02010,0.15034,0.07036,-55.94,5.256,-1,0.0000,-1.00,0.0000,0
47925,1790782195119,0.50212,0.01979,0.01229,0.06096,0.01096,0.10916,0.01790,0.05200,0.04149,0.01670,0.12088,0.03573,0.58974,0.01562,0.01096,0.04487,0.00537,0.01389,0.01835,0.06014,0.04082,0.01895,0.14209,0.03918,-55.26,6.025,-1,0.0000,-1.00,0.0000,0
48018,1790782195199,0.55644,0.02216,0.00833,0.06639,0.01041,0.11178,0.01495,0.04557,0.02864,0.01447,0.09425,0.02662,0.65542,0.02275,0.00671,0.05732,0.00665,0.00401,0.01284,0.05384,0.02250,0.01648,0.11214,0.02936,-55.50,6.677,-1,0.0000,-1.00,0.0000,0
48111,1790782195300,0.50650,0.04118,0.00988,0.05091,0.01446,0.10439,0.01299,0.04304,0.02698,0.01832,0.12715,0.04421,0.59694,0.04451,0.00774,0.03107,0.00715,0.00675,0.00671,0.05007,0.02602,0.02068,0.15102,0.05135,-55.99,6.078,-1,0.0000,-1.00,0.0000,0
48204,1790782195400,0.42097,0.02199,0.01372,0.05909,0.01559,0.09006,0.04410,0.03290,0.07337,0.01176,0.17691,0.03954,0.49703,0.01031,0.01409,0.02915,0.01131,0.00938,0.04946,0.03798,0.08213,0.01185,0.21012,0.03720,-55.75,5.052,-1,0.0000,-1.00,0.0000,0
48297,1790782195481,0.47539,0.00843,0.01190,0.06498,0.02047,0.09516,0.00780,0.04408,0.04124,0.02403,0.16965,0.03688,0.55924,0.00180,0.00915,0.03770,0.01573,0.00350,0.00756,0.05243,0.04184,0.02577,0.20258,0.04269,-55.36,5.705,-1,0.0000,-1.00,0.0000,0
48390,1790782195580,0.48365,0.02227,0.00503,0.06492,0.01558,0.09801,0.00803,0.06374,0.04811,0.01208,0.13343,0.04516,0.56426,0.01738,0.00342,0.04633,0.00792,0.00583,0.00612,0.07575,0.04820,0.01317,0.15872,0.05290,-55.53,5.804,-1,0.0000,-1.00,0.0000,0
48483,1790782195660,0.51052,0.01023,0.00358,0.11905,0.01176,0.10245,0.00938,0.01786,0.04447,0.01290,0.13824,0.01957,0.60754,0.00601,0.00161,0.10990,0.00984,0.00233,0.01000,0.02112,0.03150,0.01350,0.16518,0.02147,-55.75,6.126,-1,0.0000,-1.00,0.0000,0
48576,1790782195779,0.52205,0.01316,0.00463,0.10334,0.01503,0.10341,0.01753,0.04144,0.04822,0.01840,0.08805,0.02474,0.61576,0.00837,0.00168,0.10298,0.01289,0.00185,0.01935,0.04932,0.03737,0.01949,0.10514,0.02581,-55.82,6.265,-1,0.0000,-1.00,0.0000,0
48669,1790782195860,0.49090,0.01888,0.01478,0.07462,0.01515,0.09868,0.02588,0.04352,0.03644,0.01806,0.11960,0.04349,0.57795,0.01640,0.01374,0.06114,0.00882,0.00367,0.02537,0.05181,0.03138,0.02006,0.14258,0.04709,-56.09,5.891,-1,0.0000,-1.00,0.0000,0
48761,1790782195981,0.42739,0.01111,0.00864,0.09264,0.01446,0.08803,0.04861,0.07741,0.03632,0.02348,0.13763,0.03427,0.49389,0.00778,0.00523,0.07861,0.01140,0.00758,0.05653,0.09189,0.02794,0.02588,0.16341,0.02986,-56.12,5.129,-1,0.0000,-1.00,0.0000,0
48854,1790782196061,0.44882,0.00613,0.01597,0.10174,0.02491,0.08844,0.02309,0.07685,0.04110,0.02949,0.11931,0.02416,0.51991,0.00126,0.01313,0.09368,0.02516,0.00290,0.02672,0.09018,0.03068,0.03035,0.14239,0.02365,-55.86,5.386,-1,0.0000,-1.00,0.0000,0
48947,1790782196140,0.40224,0.01287,0.01098,0.11088,0.01907,0.08256,0.04666,0.06267,0.03556,0.02159,0.15314,0.04178,0.46726,0.01083,0.00856,0.09675,0.01467,0.00663,0.05289,0.07427,0.02317,0.02322,0.18218,0.03957,-56.20,4.827,-1,0.0000,-1.00,0.0000,0
49040,1790782196241,0.47527,0.01126,0.00368,0.05939,0.01341,0.09477,0.05171,0.07111,0.02522,0.01572,0.15612,0.02234,0.55149,0.01000,0.00119,0.03424,0.01312,0.00423,0.05998,0.08497,0.02343,0.01623,0.18623,0.01488,-55.99,5.703,-1,0.0000,-1.00,0.0000,0
49133,1790782196319,0.53793,0.00477,0.00985,0.06057,0.01281,0.10757,0.02119,0.05022,0.02163,0.02410,0.13009,0.01928,0.63275,0.00234,0.00653,0.04181,0.01175,0.00346,0.02478,0.05903,0.01759,0.02659,0.15519,0.01819,-55.74,6.455,-1,0.0000,-1.00,0.0000,0
49226,1790782196419,0.27404,0.02268,0.01294,0.18887,0.01769,0.05642,0.02098,0.07457,0.06070,0.02457,0.21474,0.03181,0.31071,0.01966,0.01024,0.17553,0.01440,0.00602,0.01953,0.08903,0.03794,0.02658,0.25611,0.03425,-56.76,3.288,-1,0.0000,-1.00,0.0000,0
49319,1790782196502,0.26054,0.01349,0.01413,0.10288,0.03276,0.06084,0.02506,0.16704,0.05075,0.04149,0.17177,0.05925,0.27268,0.00740,0.00809,0.08322,0.02627,0.01885,0.02781,0.19930,0.04421,0.04461,0.20208,0.06549,-57.70,3.126,-1,0.0000,-1.00,0.0000,0
49412,1790782196600,0.41252,0.02098,0.03399,0.05033,0.02010,0.09394,0.03518,0.07980,0.02048,0.02233,0.17595,0.03441,0.47676,0.02103,0.03609,0.01924,0.01696,0.01850,0.03798,0.08847,0.02072,0.02339,0.20716,0.03370,-56.94,4.950,-1,0.0000,-1.00,0.0000,0
49504,1790782196699,0.09396,0.01671,0.10424,0.07153,0.02277,0.18833,0.03937,0.05816,0.06177,0.02112,0.27866,0.04337,0.10145,0.00843,0.12060,0.02760,0.01876,0.20556,0.04505,0.04624,0.06840,0.02172,0.29315,0.04303,-56.05,3.344,-1,0.0000,-1.00,0.0000,0
49597,1790782196779,0.05126,0.01274,0.04098,0.07352,0.04307,0.25761,0.03294,0.04185,0.12495,0.03175,0.24721,0.04214,0.03862,0.00244,0.04327,0.04121,0.04326,0.30103,0.03898,0.04156,0.14155,0.02946,0.23654,0.04207,-56.63,3.091,-1,0.0000,-1.00,0.0000,0
49690,1790782196880,0.05630,0.01260,0.07133,0.06683,0.02025,0.26173,0.02475,0.05637,0.05822,0.01350,0.32713,0.03099,0.05720,0.00189,0.08292,0.01425,0.01803,0.30227,0.02867,0.05171,0.06665,0.01289,0.33206,0.03144,-57.01,3.926,-1,0.0000,-1.00,0.0000,0
49783,1790782196978,0.03976,0.00918,0.04678,0.07773,0.03453,0.22370,0.04750,0.06151,0.07393,0.04797,0.28108,0.05633,0.02793,0.00178,0.04584,0.03669,0.03022,0.26251,0.05656,0.06462,0.08131,0.05149,0.28476,0.05628,-56.98,3.373,-1,0.0000,-1.00,0.0000,0
49876,1790782197085,0.05911,0.01197,0.08246,0.05109,0.03226,0.27033,0.02086,0.08069,0.05039,0.03887,0.26923,0.03273,0.05520,0.00280,0.09076,0.00957,0.03161,0.31321,0.02427,0.07886,0.05823,0.04057,0.26051,0.03440,-57.12,3.244,-1,0.0000,-1.00,0.0000,0
49969,1790782197161,0.08680,0.01630,0.03075,0.04556,0.02729,0.32790,0.01764,0.07347,0.07724,0.03195,0.23699,0.02811,0.08734,0.00212,0.03029,0.01306,0.02684,0.37559,0.02072,0.08203,0.08988,0.03305,0.20951,0.02957,-57.30,3.935,-1,0.0000,-1.00,0.0000,0
50062,1790782197259,0.05437,0.01835,0.03998,0.06902,0.03121,0.25553,0.05308,0.03916,0.09671,0.01737,0.25428,0.07094,0.05589,0.00168,0.04468,0.03390,0.02296,0.29511,0.06134,0.03999,0.10916,0.01626,0.24619,0.07284,-56.83,3.066,-1,0.0000,-1.00,0.0000,0
50155,1790782197358,0.12710,0.01484,0.03566,0.05498,0.01467,0.26506,0.02944,0.05398,0.06547,0.03880,0.26143,0.03856,0.14243,0.00297,0.03391,0.01515,0.01013,0.28937,0.03421,0.05844,0.07544,0.04449,0.25589,0.03757,-56.31,3.181,-1,0.0000,-1.00,0.0000,0
50247,1790782197441,0.13504,0.01355,0.03265,0.06321,0.01214,0.22649,0.02828,0.03306,0.06570,0.04003,0.31898,0.03087,0.15452,0.00159,0.02995,0.00944,0.00853,0.24076,0.03341,0.03384,0.07686,0.04627,0.33448,0.03037,-56.71,3.828,-1,0.0000,-1.00,0.0000,0
50340,1790782197540,0.06801,0.01041,0.04576,0.05916,0.00814,0.31786,0.01347,0.03373,0.08855,0.03531,0.30507,0.01453,0.06560,0.00102,0.04671,0.01288,0.00680,0.36786,0.01273,0.03437,0.10355,0.04096,0.29262,0.01489,-57.35,3.814,-1,0.0000,-1.00,0.0000,0
50433,1790782197619,0.08030,0.00795,0.05795,0.06196,0.01636,0.28724,0.02582,0.04565,0.04253,0.04167,0.31308,0.01949,0.08451,0.00318,0.06014,0.01274,0.01617,0.32743,0.03031,0.04278,0.04829,0.04687,0.31023,0.01735,-57.67,3.757,-1,0.0000,-1.00,0.0000,0
50526,1790782197720,0.05632,0.00918,0.04522,0.06651,0.01053,0.30479,0.01835,0.06217,0.05197,0.03129,0.31623,0.02743,0.05562,0.00158,0.04702,0.01850,0.00759,0.35418,0.02137,0.06547,0.05845,0.03615,0.30870,0.02536,-57.45,3.795,-1,0.0000,-1.00,0.0000,0
50619,1790782197799,0.07114,0.01155,0.03211,0.06829,0.02019,0.26536,0.03396,0.05697,0.04204,0.03767,0.30880,0.05192,0.07290,0.00466,0.03005,0.02040,0.01342,0.30351,0.03977,0.06230,0.04633,0.04248,0.30985,0.05433,-57.42,3.706,-1,0.0000,-1.00,0.0000,0
50712,1790782197900,0.11152,0.01210,0.04044,0.07596,0.02821,0.18785,0.03002,0.03761,0.04664,0.05564,0.35834,0.01566,0.12613,0.00398,0.03646,0.01376,0.03147,0.20009,0.03519,0.03784,0.05308,0.06050,0.38971,0.01179,-57.51,4.300,-1,0.0000,-1.00,0.0000,0
50805,1790782198001,0.08017,0.01786,0.04864,0.10528,0.02319,0.16262,0.04845,0.06611,0.05576,0.06906,0.29008,0.03277,0.08184,0.01069,0.04276,0.06426,0.02217,0.17863,0.05494,0.07174,0.05407,0.07835,0.31218,0.02837,-58.08,3.481,-1,0.0000,-1.00,0.0000,0
50898,1790782198079,0.10837,0.01641,0.05247,0.07461,0.03234,0.13841,0.04380,0.08334,0.03971,0.05914,0.31785,0.03356,0.11094,0.01142,0.05011,0.01955,0.03262,0.14385,0.04685,0.09330,0.04370,0.06439,0.35234,0.03092,-58.89,3.814,-1,0.0000,-1.00,0.0000,0
50991,1790782198180,0.09472,0.02084,0.03099,0.07371,0.02181,0.12227,0.03512,0.07583,0.06818,0.05977,0.35104,0.04573,0.09517,0.01030,0.02359,0.00995,0.01682,0.12765,0.03951,0.08671,0.07972,0.06828,0.39532,0.04696,-59.05,4.212,-1,0.0000,-1.00,0.0000,0
51083,1790782198259,0.14180,0.02531,0.03934,0.08022,0.03257,0.08598,0.03183,0.05878,0.08939,0.04199,0.30948,0.06331,0.15782,0.01062,0.03815,0.02543,0.02558,0.07174,0.03447,0.06444,0.10198,0.04533,0.35661,0.06782,-58.76,3.714,-1,0.0000,-1.00,0.0000,0
51176,1790782198379,0.20274,0.01354,0.02620,0.08778,0.02709,0.09926,0.03369,0.05161,0.05390,0.04173,0.34538,0.01708,0.23154,0.00478,0.02264,0.02604,0.02933,0.07373,0.03923,0.05754,0.05942,0.04418,0.39923,0.01233,-59.07,4.145,-1,0.0000,-1.00,0.0000,0
51269,1790782198477,0.21458,0.03633,0.01902,0.17805,0.05360,0.06001,0.04224,0.10231,0.11806,0.06885,0.08389,0.02304,0.23315,0.02313,0.00881,0.19443,0.06056,0.02568,0.04598,0.12090,0.10292,0.07050,0.09543,0.01849,-59.12,2.575,-1,0.0000,-1.00,0.0000,0
51362,1790782198561,0.18692,0.02286,0.10095,0.18632,0.05203,0.04899,0.02205,0.12943,0.08397,0.04515,0.11161,0.00972,0.19766,0.01521,0.11264,0.19750,0.06096,0.01951,0.02341,0.13275,0.06146,0.04202,0.12987,0.00701,-58.69,2.243,-1,0.0000,-1.00,0.0000,0
51455,1790782198660,0.16902,0.01692,0.00609,0.27217,0.03084,0.04168,0.01783,0.15266,0.07949,0.01380,0.19179,0.00771,0.16648,0.01244,0.00543,0.28124,0.03587,0.01694,0.01890,0.18184,0.03950,0.00942,0.22645,0.00549,-59.12,3.266,-1,0.0000,-1.00,0.0000,0
51548,1790782198740,0.14813,0.02418,0.00721,0.33832,0.01413,0.03976,0.02225,0.08616,0.12868,0.01206,0.16746,0.01165,0.15728,0.01281,0.00637,0.36626,0.01511,0.01647,0.02409,0.10201,0.08158,0.01146,0.19739,0.00918,-59.08,4.060,-1,0.0000,-1.00,0.0000,0
51641,1790782198839,0.28474,0.01988,0.00375,0.18972,0.00947,0.05957,0.00782,0.13590,0.10838,0.00906,0.16364,0.00809,0.30824,0.00628,0.00272,0.18886,0.00974,0.01027,0.00813,0.16230,0.09243,0.00892,0.19404,0.00809,-58.53,3.417,-1,0.0000,-1.00,0.0000,0
51734,1790782198920,0.37679,0.01183,0.17126,0.03264,0.01468,0.07798,0.02095,0.10371,0.03402,0.02897,0.11684,0.01034,0.43410,0.00711,0.19896,0.01164,0.01606,0.00738,0.02366,0.08486,0.03846,0.03153,0.13853,0.00770,-59.03,4.521,-1,0.0000,-1.00,0.0000,0
51826,1790782199024,0.22671,0.01593,0.00599,0.22715,0.03544,0.04980,0.01514,0.17113,0.06847,0.01241,0.14740,0.02443,0.23111,0.01216,0.00569,0.23771,0.03726,0.01386,0.01514,0.20451,0.03492,0.00748,0.17387,0.02627,-60.17,2.726,-1,0.0000,-1.00,0.0000,0
51919,1790782199100,0.33240,0.01740,0.00231,0.19658,0.01613,0.06548,0.01094,0.14670,0.09523,0.00595,0.10529,0.00561,0.36352,0.00651,0.00208,0.21079,0.01845,0.00640,0.01179,0.17539,0.07232,0.00347,0.12489,0.00438,-60.25,3.989,-1,0.0000,-1.00,0.0000,0
52012,1790782199200,0.32965,0.02138,0.01060,0.15033,0.04202,0.06694,0.01569,0.13904,0.10747,0.01017,0.09502,0.01169,0.36290,0.00630,0.01219,0.15789,0.04835,0.00827,0.01753,0.16420,0.09747,0.00261,0.11221,0.01009,-60.27,3.956,-1,0.0000,-1.00,0.0000,0
52105,1790782199301,0.30614,0.02221,0.02160,0.13418,0.00855,0.06164,0.01362,0.21536,0.10285,0.00601,0.09937,0.00848,0.31658,0.00759,0.02480,0.13761,0.00880,0.01110,0.01450,0.25346,0.09597,0.00545,0.11686,0.00728,-60.34,3.674,-1,0.0000,-1.00,0.0000,0
52198,1790782199379,0.38465,0.01342,0.00660,0.14656,0.00780,0.07759,0.00760,0.17287,0.06922,0.00800,0.10080,0.00489,0.42009,0.00561,0.00634,0.15205,0.00850,0.00969,0.00799,0.20589,0.05280,0.00790,0.11886,0.00427,-60.04,4.616,-1,0.0000,-1.00,0.0000,0
52291,1790782199480,0.45047,0.02782,0.01018,0.07639,0.01605,0.09166,0.00626,0.12653,0.13778,0.00862,0.04400,0.00424,0.51040,0.00385,0.01080,0.08145,0.01776,0.00944,0.00673,0.14949,0.14874,0.00701,0.05086,0.00348,-59.69,5.406,-1,0.0000,-1.00,0.0000,0
52384,1790782199559,0.37555,0.01585,0.00506,0.13683,0.01144,0.07159,0.01036,0.19511,0.08085,0.00831,0.08288,0.00617,0.40375,0.00552,0.00452,0.14449,0.01267,0.00575,0.01093,0.23328,0.06792,0.00776,0.09817,0.00523,-59.69,4.507,-1,0.0000,-1.00,0.0000,0
52477,1790782199679,0.37528,0.01151,0.00390,0.12058,0.01454,0.07248,0.04326,0.19101,0.06137,0.00561,0.05828,0.04218,0.40420,0.00490,0.00372,0.13091,0.00945,0.00672,0.05069,0.22832,0.04758,0.00485,0.06850,0.04017,-59.56,4.503,-1,0.0000,-1.00,0.0000,0
52569,1790782199759,0.42079,0.02327,0.00375,0.14940,0.02002,0.08417,0.01054,0.09992,0.09619,0.01138,0.07452,0.00604,0.48070,0.01139,0.00270,0.16153,0.02299,0.00556,0.01034,0.11923,0.08323,0.00908,0.08819,0.00506,-60.07,5.049,-1,0.0000,-1.00,0.0000,0
52662,1790782199860,0.21243,0.03975,0.00616,0.15562,0.01753,0.04200,0.02010,0.18778,0.15414,0.01236,0.13694,0.01518,0.21013,0.01716,0.00507,0.15429,0.01821,0.00867,0.02069,0.22401,0.15368,0.01164,0.16237,0.01409,-61.68,2.549,-1,0.0000,-1.00,0.0000,0
52755,1790782199977,0.26664,0.02150,0.00602,0.19602,0.02487,0.05338,0.03094,0.15080,0.11169,0.00873,0.11109,0.01831,0.28225,0.00912,0.00619,0.20881,0.02684,0.00801,0.03527,0.17946,0.09244,0.00515,0.13153,0.01495,-60.43,3.200,-1,0.0000,-1.00,0.0000,0
52848,1790782200041,0.55793,0.00936,0.00161,0.11608,0.00886,0.11142,0.00435,0.06498,0.04691,0.00583,0.06856,0.00413,0.65313,0.00494,0.00089,0.12296,0.00980,0.00403,0.00423,0.07768,0.03166,0.00522,0.08135,0.00410,-58.99,6.695,-1,0.0000,-1.00,0.0000,0
52941,1790782200140,0.47417,0.01959,0.00212,0.11863,0.00809,0.10174,0.00910,0.15065,0.05364,0.00544,0.04942,0.00740,0.53310,0.01623,0.00152,0.13105,0.00843,0.01623,0.00757,0.18032,0.03799,0.00516,0.05601,0.00641,-59.33,5.690,-1,0.0000,-1.00,0.0000,0
53034,1790782200219,0.45693,0.01012,0.00289,0.10367,0.00795,0.08971,0.01130,0.18696,0.06041,0.00550,0.05602,0.00853,0.50326,0.00331,0.00245,0.11122,0.00811,0.00787,0.01280,0.22362,0.05019,0.00513,0.06556,0.00648,-60.42,5.483,-1,0.0000,-1.00,0.0000,0
53127,1790782200320,0.30321,0.02296,0.00491,0.12768,0.01642,0.06282,0.01460,0.24716,0.09959,0.01232,0.05827,0.03006,0.30472,0.00935,0.00347,0.13974,0.01314,0.01487,0.01555,0.29557,0.09163,0.01215,0.06688,0.03294,-60.85,3.638,-1,0.0000,-1.00,0.0000,0
53220,1790782200399,0.42275,0.01902,0.00528,0.12037,0.01141,0.09221,0.03915,0.11512,0.09157,0.01240,0.05304,0.01768,0.47745,0.00895,0.00383,0.13226,0.01141,0.01584,0.04500,0.13732,0.08350,0.01259,0.06041,0.01143,-61.03,5.073,-1,0.0000,-1.00,0.0000,0
53313,1790782200500,0.22010,0.01690,0.00480,0.26497,0.01438,0.05290,0.02029,0.13041,0.09389,0.01049,0.16316,0.00772,0.23286,0.00893,0.00390,0.27942,0.01627,0.01722,0.02228,0.15575,0.05711,0.00934,0.19208,0.00484,-61.64,3.180,-1,0.0000,-1.00,0.0000,0
53405,1790782200601,0.55031,0.01023,0.00552,0.07424,0.00633,0.11140,0.01136,0.07744,0.04248,0.00751,0.09971,0.00347,0.64121,0.00479,0.00507,0.06552,0.00726,0.00637,0.01266,0.09179,0.03763,0.00785,0.11821,0.00165,-61.40,6.604,-1,0.0000,-1.00,0.0000,0
53498,1790782200680,0.15635,0.02098,0.00715,0.19329,0.03670,0.03680,0.00875,0.20333,0.10723,0.01760,0.10938,0.10243,0.14116,0.00778,0.00517,0.20628,0.02007,0.01642,0.00886,0.24269,0.08760,0.01711,0.12781,0.11906,-61.23,2.440,-1,0.0000,-1.00,0.0000,0
53591,1790782200780,0.17207,0.01050,0.00914,0.31882,0.01449,0.02997,0.02754,0.23844,0.09681,0.01150,0.05830,0.01241,0.14977,0.00416,0.00883,0.36842,0.01568,0.00622,0.03210,0.28403,0.04297,0.01067,0.06862,0.00851,-61.10,3.826,-1,0.0000,-1.00,0.0000,0
53684,1790782200880,0.22900,0.00833,0.00585,0.21142,0.01925,0.04680,0.05908,0.17383,0.08538,0.01215,0.09554,0.05336,0.23067,0.00144,0.00459,0.23104,0.01311,0.01040,0.07051,0.20738,0.05626,0.01221,0.11242,0.04996,-60.76,2.748,-1,0.0000,-1.00,0.0000,0
53777,1790782200980,0.48661,0.01080,0.00485,0.12084,0.01430,0.09683,0.00919,0.13738,0.07190,0.00868,0.02466,0.01397,0.55165,0.00143,0.00420,0.13922,0.01400,0.00712,0.01072,0.16378,0.05806,0.00812,0.02814,0.01357,-59.97,5.839,-1,0.0000,-1.00,0.0000,0
53870,1790782201061,0.18055,0.04239,0.01699,0.21105,0.02062,0.03526,0.05123,0.10236,0.24586,0.02077,0.02519,0.04772,0.19264,0.00211,0.01585,0.24727,0.01074,0.00909,0.06091,0.11956,0.24558,0.02276,0.02838,0.04510,-58.79,2.950,-1,0.0000,-1.00,0.0000,0
53963,1790782201163,0.14939,0.09919,0.01621,0.06058,0.00936,0.03398,0.01640,0.05917,0.50226,0.00788,0.02968,0.01590,0.16565,0.00213,0.01788,0.06585,0.00819,0.00788,0.01923,0.06736,0.58877,0.00781,0.03400,0.01524,-58.68,6.027,-1,0.0000,-1.00,0.0000,0
54056,1790782201260,0.13431,0.07745,0.02941,0.09000,0.01470,0.04675,0.05315,0.07207,0.37397,0.01483,0.06049,0.03288,0.13978,0.01320,0.03219,0.09459,0.01201,0.02854,0.06008,0.08096,0.42936,0.01538,0.06682,0.02708,-58.66,4.488,-1,0.0000,-1.00,0.0000,0
54148,1790782201341,0.11207,0.01268,0.10081,0.09029,0.02173,0.10583,0.05519,0.06344,0.05824,0.01523,0.27420,0.09029,0.12316,0.00388,0.11734,0.04708,0.00713,0.10239,0.06483,0.05329,0.05989,0.01740,0.30826,0.09534,-58.07,3.290,-1,0.0000,-1.00,0.0000,0
54241,1790782201441,0.22043,0.01045,0.02376,0.14293,0.02371,0.13868,0.02148,0.07734,0.06611,0.06014,0.12638,0.08861,0.24632,0.00255,0.01451,0.14586,0.00835,0.11734,0.02524,0.08979,0.05030,0.07040,0.12817,0.10118,-58.75,2.645,-1,0.0000,-1.00,0.0000,0
54334,1790782201520,0.12911,0.01591,0.02674,0.11274,0.03192,0.05277,0.03709,0.03999,0.06941,0.04267,0.38108,0.06057,0.14488,0.00561,0.02291,0.04593,0.02556,0.03451,0.04333,0.04337,0.07407,0.04606,0.44979,0.06398,-58.53,4.573,-1,0.0000,-1.00,0.0000,0
54427,1790782201622,0.18823,0.02184,0.01796,0.07936,0.03568,0.04692,0.01792,0.06684,0.09792,0.04311,0.29178,0.09246,0.20979,0.00430,0.01213,0.02635,0.02160,0.01463,0.02061,0.07768,0.11211,0.04737,0.34673,0.10670,-57.09,3.501,-1,0.0000,-1.00,0.0000,0
54520,1790782201699,0.45783,0.01518,0.01699,0.03452,0.03753,0.11719,0.01609,0.09499,0.06258,0.03644,0.05757,0.05309,0.52683,0.00446,0.01301,0.02910,0.03314,0.03598,0.01788,0.11176,0.06922,0.03709,0.06185,0.05967,-56.53,5.494,-1,0.0000,-1.00,0.0000,0
54613,1790782201800,0.46060,0.04282,0.03279,0.04920,0.02363,0.12446,0.03176,0.05596,0.04650,0.03066,0.06154,0.04008,0.53935,0.04207,0.03278,0.04600,0.01985,0.04221,0.02693,0.06334,0.04660,0.03280,0.06537,0.04269,-57.30,5.527,-1,0.0000,-1.00,0.0000,0
54706,1790782201900,0.25581,0.08953,0.03456,0.06985,0.04228,0.07318,0.03916,0.06687,0.06866,0.07639,0.08186,0.10185,0.29011,0.09506,0.02431,0.06543,0.02758,0.03018,0.02808,0.07531,0.06911,0.08626,0.09210,0.11647,-57.70,3.070,-1,0.0000,-1.00,0.0000,0
54799,1790782201978,0.35086,0.23907,0.02115,0.02820,0.00841,0.10303,0.06341,0.05468,0.04902,0.02239,0.04635,0.01343,0.40842,0.27578,0.02033,0.02445,0.00776,0.04249,0.01950,0.06330,0.05389,0.02529,0.04712,0.01167,-56.50,4.210,-1,0.0000,-1.00,0.0000,0
54891,1790782202080,0.42102,0.17971,0.01689,0.02671,0.01846,0.09187,0.04424,0.04102,0.06878,0.01035,0.04336,0.03757,0.49521,0.19987,0.01832,0.02218,0.01367,0.01191,0.01211,0.04681,0.07801,0.00969,0.04959,0.04262,-55.62,5.052,-1,0.0000,-1.00,0.0000,0
54984,1790782202180,0.58086,0.02370,0.00845,0.02994,0.01526,0.11997,0.01206,0.05216,0.07682,0.00851,0.05514,0.01713,0.68327,0.01174,0.00866,0.02313,0.01421,0.00879,0.01212,0.06079,0.08747,0.00738,0.06433,0.01813,-56.10,6.970,-1,0.0000,-1.00,0.0000,0
55077,1790782202284,0.55825,0.02392,0.00376,0.03472,0.01203,0.11361,0.02940,0.07371,0.06602,0.00835,0.04827,0.02795,0.65152,0.01438,0.00267,0.03041,0.00905,0.00698,0.03238,0.08780,0.07202,0.00928,0.05645,0.02707,-57.83,6.699,-1,0.0000,-1.00,0.0000,0
55170,1790782202359,0.54672,0.05251,0.01133,0.03309,0.01220,0.11116,0.04544,0.06574,0.03838,0.01099,0.03723,0.03521,0.63986,0.05503,0.01128,0.03105,0.00795,0.00635,0.04319,0.07688,0.03983,0.01159,0.04335,0.03363,-57.78,6.561,-1,0.0000,-1.00,0.0000,0
55263,1790782202473,0.61347,0.02165,0.00796,0.02392,0.00619,0.12347,0.01009,0.11215,0.03218,0.01047,0.02379,0.01465,0.70842,0.01934,0.00722,0.02331,0.00423,0.00751,0.00735,0.13386,0.03393,0.01171,0.02701,0.01610,-56.67,7.362,-1,0.0000,-1.00,0.0000,0
55356,1790782202560,0.52628,0.05208,0.00419,0.03454,0.01932,0.11066,0.07039,0.04037,0.04145,0.00842,0.02740,0.06491,0.62115,0.05395,0.00344,0.03525,0.01062,0.00945,0.07365,0.04769,0.04268,0.00798,0.03096,0.06317,-57.05,6.315,-1,0.0000,-1.00,0.0000,0
55449,1790782202640,0.36789,0.03863,0.01866,0.04036,0.02047,0.08054,0.08464,0.08703,0.09665,0.01940,0.06080,0.08494,0.42066,0.02476,0.01798,0.03444,0.00810,0.01311,0.09550,0.10172,0.10856,0.02206,0.07026,0.08285,-58.03,4.415,-1,0.0000,-1.00,0.0000,0
55542,1790782202739,0.25950,0.07608,0.01379,0.03851,0.01534,0.05142,0.05350,0.11711,0.28930,0.01619,0.02300,0.04627,0.28338,0.02429,0.01306,0.04090,0.00972,0.00544,0.05925,0.13778,0.33854,0.01747,0.02648,0.04369,-58.21,3.472,-1,0.0000,-1.00,0.0000,0
55635,1790782202821,0.17069,0.09924,0.01428,0.04839,0.01186,0.03735,0.02984,0.04557,0.43832,0.01760,0.05103,0.03583,0.19351,0.01759,0.01320,0.04611,0.00702,0.00639,0.03180,0.05245,0.51607,0.01970,0.05988,0.03628,-58.32,5.260,-1,0.0000,-1.00,0.0000,0
55727,1790782202920,0.15919,0.09228,0.00727,0.09263,0.01427,0.03457,0.03627,0.08026,0.34985,0.01618,0.08451,0.03271,0.17189,0.03106,0.00530,0.09121,0.01080,0.00735,0.03731,0.09512,0.40113,0.01725,0.09980,0.03179,-58.59,4.198,-1,0.0000,-1.00,0.0000,0
55820,1790782203001,0.15842,0.08173,0.00643,0.09559,0.01620,0.03363,0.03164,0.04458,0.39854,0.01167,0.09770,0.02387,0.17990,0.00688,0.00552,0.09151,0.01527,0.00464,0.03624,0.05264,0.45929,0.01107,0.11614,0.02091,-58.61,4.782,-1,0.0000,-1.00,0.0000,0
55913,1790782203100,0.16568,0.07140,0.00985,0.12130,0.01285,0.03637,0.03995,0.04045,0.34037,0.01404,0.10686,0.04089,0.18899,0.00958,0.00871,0.12025,0.00626,0.00732,0.04540,0.04731,0.38401,0.01558,0.12659,0.03999,-58.84,4.084,-1,0.0000,-1.00,0.0000,0
56006,1790782203201,0.06947,0.09246,0.00551,0.09828,0.01269,0.01182,0.04930,0.08694,0.44319,0.01111,0.09809,0.02115,0.06319,0.00930,0.00432,0.09459,0.01089,0.00326,0.05722,0.10332,0.51194,0.01151,0.11689,0.01357,-59.31,5.318,-1,0.0000,-1.00,0.0000,0
56099,1790782203279,0.12694,0.03787,0.01449,0.16821,0.03073,0.03590,0.08073,0.05362,0.19182,0.03766,0.18219,0.03985,0.13988,0.00863,0.00966,0.15888,0.03162,0.01528,0.09487,0.06249,0.19835,0.03885,0.21527,0.02620,-59.46,2.302,-1,0.0000,-1.00,0.0000,0
56192,1790782203380,0.33467,0.02073,0.00992,0.08279,0.01210,0.16508,0.02922,0.06962,0.10110,0.01422,0.13983,0.02075,0.38598,0.00370,0.00884,0.07075,0.01114,0.12129,0.03282,0.08313,0.10659,0.01535,0.14350,0.01691,-59.63,4.016,-1,0.0000,-1.00,0.0000,0
56285,1790782203478,0.28427,0.01728,0.00872,0.12030,0.01329,0.11128,0.01453,0.09070,0.08308,0.02117,0.20987,0.02552,0.32014,0.00478,0.00584,0.09704,0.01067,0.06988,0.01646,0.10752,0.08031,0.02325,0.23762,0.02649,-60.16,3.411,-1,0.0000,-1.00,0.0000,0
56378,1790782203579,0.12304,0.03826,0.01289,0.14098,0.01682,0.07819,0.02467,0.06949,0.18911,0.02905,0.25755,0.01995,0.13419,0.00538,0.00912,0.11039,0.01712,0.06709,0.02827,0.08169,0.20424,0.03188,0.29530,0.01532,-60.48,3.091,-1,0.0000,-1.00,0.0000,0
56470,1790782203660,0.16488,0.04535,0.01191,0.15813,0.00974,0.07318,0.04324,0.05411,0.17793,0.02531,0.21549,0.02072,0.18487,0.01778,0.00860,0.14029,0.00865,0.05104,0.04829,0.06314,0.18535,0.02865,0.24809,0.01525,-59.39,2.586,-1,0.0000,-1.00,0.0000,0
56563,1790782203759,0.13081,0.02466,0.02489,0.10456,0.06918,0.06951,0.04972,0.07101,0.12381,0.10928,0.15319,0.06937,0.13912,0.00464,0.00657,0.09109,0.06870,0.05571,0.05819,0.08426,0.13030,0.11733,0.17251,0.07158,-57.23,1.838,-1,0.0000,-1.00,0.0000,0
56656,1790782203860,0.56165,0.00791,0.00897,0.05181,0.00574,0.12105,0.01224,0.04331,0.02712,0.01798,0.13202,0.01019,0.66334,0.00427,0.00666,0.03127,0.00451,0.01411,0.01382,0.05058,0.02629,0.02065,0.15540,0.00910,-55.43,6.740,-1,0.0000,-1.00,0.0000,0
56749,1790782203941,0.50075,0.09123,0.01012,0.03527,0.00553,0.10859,0.02440,0.04918,0.01675,0.02456,0.11793,0.01567,0.58892,0.10593,0.00642,0.01477,0.00329,0.01337,0.00769,0.05821,0.01710,0.02882,0.13866,0.01681,-55.51,6.009,-1,0.0000,-1.00,0.0000,0
56842,1790782204043,0.05944,0.53467,0.02313,0.02734,0.01445,0.01962,0.12040,0.02082,0.02456,0.02496,0.07434,0.05628,0.06717,0.63544,0.02197,0.01550,0.00467,0.01020,0.01423,0.02466,0.02635,0.02899,0.08706,0.06377,-55.93,6.416,-1,0.0000,-1.00,0.0000,0
56935,1790782204119,0.04564,0.58831,0.00538,0.02624,0.01300,0.01452,0.12395,0.01787,0.02707,0.01680,0.07111,0.05013,0.04859,0.70104,0.00260,0.01487,0.00389,0.00792,0.00954,0.02089,0.02949,0.01936,0.08363,0.05818,-55.91,7.060,-1,0.0000,-1.00,0.0000,0
57028,1790782204219,0.24633,0.28217,0.01278,0.03888,0.02148,0.05809,0.06466,0.03656,0.04039,0.03019,0.09393,0.07454,0.28703,0.32953,0.00844,0.02478,0.00856,0.01270,0.01215,0.04213,0.04326,0.03471,0.11003,0.08668,-56.88,3.386,-1,0.0000,-1.00,0.0000,0
57121,1790782204299,0.35767,0.14419,0.00712,0.04667,0.02092,0.07722,0.03318,0.06483,0.03070,0.01521,0.13013,0.07215,0.41110,0.16882,0.00516,0.02545,0.00817,0.01104,0.00620,0.07676,0.03132,0.01703,0.15374,0.08522,-57.74,4.292,-1,0.0000,-1.00,0.0000,0
57213,1790782204400,0.15492,0.15913,0.02519,0.10278,0.02029,0.03667,0.04459,0.03131,0.02667,0.02598,0.30396,0.06852,0.17821,0.18728,0.02435,0.05130,0.00867,0.00862,0.01630,0.03269,0.02179,0.02941,0.36250,0.07888,-57.19,3.647,-1,0.0000,-1.00,0.0000,0
57306,1790782204500,0.56689,0.08282,0.00426,0.06998,0.00498,0.11697,0.02853,0.03481,0.02266,0.00803,0.04888,0.01119,0.67113,0.09670,0.00335,0.07252,0.00390,0.00712,0.01500,0.04106,0.01277,0.00885,0.05716,0.01044,-55.63,6.803,-1,0.0000,-1.00,0.0000,0
57399,1790782204578,0.54941,0.07382,0.01886,0.02841,0.02229,0.11295,0.02509,0.03758,0.02761,0.01219,0.07165,0.02013,0.64944,0.08334,0.02059,0.01728,0.02246,0.00660,0.01350,0.04100,0.02965,0.01016,0.08455,0.02144,-55.11,6.593,-1,0.0000,-1.00,0.0000,0
57492,1790782204681,0.52943,0.05621,0.01162,0.04396,0.02017,0.10758,0.02611,0.02736,0.01743,0.01427,0.12944,0.01642,0.62804,0.06437,0.01135,0.02211,0.02100,0.00441,0.01851,0.03054,0.01645,0.01299,0.15422,0.01601,-56.21,6.353,-1,0.0000,-1.00,0.0000,0
57585,1790782204779,0.50340,0.01128,0.01302,0.05543,0.02698,0.10045,0.00794,0.04379,0.02360,0.01800,0.16703,0.02908,0.59272,0.00959,0.01228,0.02686,0.02572,0.00287,0.00761,0.05003,0.02265,0.01676,0.19957,0.03333,-57.65,6.041,-1,0.0000,-1.00,0.0000,0
57678,1790782204878,0.46252,0.02247,0.01169,0.03973,0.02806,0.10550,0.02248,0.06586,0.03655,0.02206,0.12211,0.06098,0.53894,0.01909,0.00948,0.01937,0.02005,0.01958,0.02315,0.07703,0.03953,0.02288,0.14243,0.06848,-57.45,5.550,-1,0.0000,-1.00,0.0000,0
57771,1790782204974,0.50777,0.01128,0.03150,0.04537,0.02010,0.10072,0.01985,0.05727,0.01775,0.01171,0.14284,0.03384,0.59622,0.01017,0.03557,0.02053,0.01690,0.00250,0.02177,0.06157,0.01691,0.01097,0.17066,0.03623,-56.93,6.093,-1,0.0000,-1.00,0.0000,0
57864,1790782205060,0.10876,0.05121,0.01513,0.07950,0.01776,0.03772,0.01782,0.07572,0.21014,0.01311,0.32512,0.04800,0.11307,0.01319,0.01544,0.01893,0.01084,0.02278,0.01869,0.08772,0.24805,0.01357,0.38505,0.05267,-55.39,3.901,-1,0.0000,-1.00,0.0000,0
57957,1790782205161,0.11880,0.02356,0.01937,0.02428,0.00962,0.11508,0.04649,0.32010,0.16519,0.03386,0.08634,0.03731,0.05238,0.00382,0.01536,0.01359,0.00477,0.12751,0.05376,0.38171,0.19524,0.03962,0.07818,0.03405,-53.93,3.841,-1,0.0000,-1.00,0.0000,0
58049,1790782205241,0.17229,0.00588,0.01369,0.02258,0.01735,0.03117,0.06681,0.47603,0.02586,0.04409,0.08285,0.04140,0.09358,0.00130,0.00637,0.00816,0.01285,0.02002,0.07956,0.56938,0.02903,0.05061,0.09530,0.03383,-53.96,5.712,-1,0.0000,-1.00,0.0000,0
58142,1790782205339,0.16612,0.00870,0.00948,0.02466,0.01979,0.02925,0.07072,0.45235,0.03913,0.03594,0.09155,0.05231,0.09156,0.00164,0.00340,0.00846,0.01461,0.01689,0.08441,0.54135,0.04521,0.04017,0.10635,0.04594,-54.66,5.428,-1,0.0000,-1.00,0.0000,0
58235,1790782205419,0.04221,0.02826,0.02225,0.03978,0.02465,0.22121,0.10914,0.09612,0.11569,0.03786,0.19280,0.07005,0.02844,0.00687,0.01837,0.01206,0.01798,0.25942,0.12941,0.11154,0.13623,0.04180,0.17959,0.05828,-55.73,2.654,-1,0.0000,-1.00,0.0000,0
58328,1790782205520,0.06875,0.03377,0.02725,0.03550,0.02489,0.15700,0.10633,0.14080,0.15159,0.04043,0.14877,0.06492,0.04973,0.00502,0.02381,0.01421,0.01934,0.17827,0.12573,0.16467,0.17882,0.04461,0.14292,0.05286,-55.90,1.884,-1,0.0000,-1.00,0.0000,0
58421,1790782205602,0.13867,0.00752,0.01072,0.02863,0.03786,0.06122,0.07849,0.42087,0.02705,0.03427,0.09934,0.05536,0.06642,0.00342,0.00579,0.01308,0.03589,0.06019,0.09337,0.50315,0.02820,0.03557,0.10710,0.04783,-55.94,5.050,-1,0.0000,-1.00,0.0000,0
58514,1790782205699,0.16905,0.00981,0.01049,0.02467,0.03539,0.07325,0.02610,0.47762,0.03492,0.03175,0.08958,0.01737,0.08936,0.00401,0.00647,0.01104,0.03947,0.07006,0.03045,0.57104,0.03907,0.03080,0.09345,0.01478,-55.82,5.731,-1,0.0000,-1.00,0.0000,0
58607,1790782205799,0.19217,0.00819,0.00673,0.01827,0.03913,0.05905,0.02166,0.52601,0.02405,0.02325,0.06463,0.01686,0.10545,0.00534,0.00337,0.00850,0.04386,0.04985,0.02485,0.62966,0.02257,0.02372,0.06756,0.01527,-55.27,6.312,-1,0.0000,-1.00,0.0000,0
58700,1790782205881,0.17532,0.00882,0.00835,0.02895,0.03153,0.09589,0.02142,0.44533,0.03705,0.02411,0.10175,0.02149,0.10447,0.00233,0.00560,0.01422,0.03365,0.09418,0.02500,0.53271,0.04156,0.02224,0.10325,0.02080,-56.28,5.344,-1,0.0000,-1.00,0.0000,0
58792,1790782206000,0.11705,0.01354,0.01458,0.05952,0.03187,0.13872,0.06184,0.20610,0.11235,0.05270,0.14529,0.04645,0.07617,0.00657,0.00613,0.04274,0.03001,0.15112,0.07268,0.24585,0.12615,0.05719,0.14414,0.04125,-58.16,2.473,-1,0.0000,-1.00,0.0000,0
58885,1790782206079,0.12348,0.01114,0.00877,0.07849,0.02533,0.07660,0.05331,0.32374,0.07108,0.02129,0.16010,0.04667,0.06823,0.00515,0.00604,0.05910,0.02234,0.07826,0.06281,0.38678,0.07201,0.02252,0.17632,0.04044,-58.78,3.885,-1,0.0000,-1.00,0.0000,0
58978,1790782206180,0.11683,0.01837,0.01097,0.07928,0.01976,0.04770,0.02865,0.36233,0.05670,0.02718,0.20035,0.03189,0.05421,0.01060,0.00726,0.04922,0.01737,0.04641,0.03223,0.43272,0.05760,0.02969,0.23086,0.03182,-58.40,4.348,-1,0.0000,-1.00,0.0000,0
59071,1790782206259,0.08613,0.05074,0.01773,0.07363,0.02234,0.05324,0.05853,0.19869,0.22562,0.04609,0.12012,0.04714,0.05603,0.01016,0.01090,0.06176,0.01825,0.05269,0.06813,0.23592,0.25753,0.05217,0.13348,0.04298,-58.40,2.707,-1,0.0000,-1.00,0.0000,0
59164,1790782206359,0.06926,0.08138,0.00724,0.05183,0.01767,0.03466,0.01505,0.14570,0.39714,0.01916,0.14034,0.02057,0.05008,0.00456,0.00460,0.03001,0.01726,0.03161,0.01711,0.17370,0.46888,0.02058,0.16189,0.01973,-58.03,4.766,-1,0.0000,-1.00,0.0000,0
59257,1790782206471,0.18609,0.04330,0.00844,0.20565,0.01064,0.05142,0.03307,0.09923,0.23752,0.01004,0.09979,0.01480,0.19900,0.00498,0.00815,0.22359,0.01076,0.02216,0.03864,0.11728,0.24028,0.00990,0.11517,0.01008,-57.10,2.850,-1,0.0000,-1.00,0.0000,0
59350,1790782206542,0.35823,0.03262,0.00821,0.16669,0.00792,0.08935,0.03045,0.06442,0.16456,0.01302,0.04686,0.01768,0.41420,0.00744,0.00701,0.18958,0.00666,0.02495,0.03494,0.07587,0.15960,0.01428,0.05120,0.01426,-57.31,4.299,-1,0.0000,-1.00,0.0000,0
59443,1790782206640,0.09640,0.04436,0.02809,0.24819,0.02054,0.05403,0.03827,0.07585,0.23742,0.05515,0.05505,0.04667,0.09823,0.00800,0.02116,0.28609,0.01524,0.04526,0.04379,0.08718,0.22777,0.06306,0.05699,0.04724,-58.15,2.978,-1,0.0000,-1.00,0.0000,0
59535,1790782206719,0.07959,0.06126,0.03972,0.09747,0.02536,0.04067,0.06247,0.07942,0.29223,0.07324,0.10200,0.04657,0.07757,0.00779,0.03096,0.09387,0.02217,0.03335,0.07255,0.08980,0.33102,0.08390,0.11560,0.04142,-58.49,3.507,-1,0.0000,-1.00,0.0000,0
59628,1790782206820,0.07084,0.05859,0.03099,0.12722,0.02432,0.04225,0.06462,0.12754,0.23649,0.04496,0.12244,0.04974,0.05565,0.01894,0.02725,0.12491,0.02022,0.03960,0.07367,0.14742,0.25861,0.04986,0.13886,0.04500,-59.14,2.838,-1,0.0000,-1.00,0.0000,0
59721,1790782206899,0.04433,0.08072,0.01777,0.16723,0.01834,0.03186,0.02868,0.06423,0.39295,0.03597,0.07664,0.04128,0.03838,0.01071,0.01317,0.18338,0.01343,0.03057,0.03224,0.07435,0.43393,0.04100,0.08577,0.04307,-58.46,4.715,-1,0.0000,-1.00,0.0000,0
59814,1790782207001,0.01609,0.10213,0.01279,0.09409,0.01729,0.03238,0.01779,0.04493,0.48332,0.05099,0.09255,0.03565,0.00873,0.01137,0.00356,0.09222,0.01299,0.03706,0.01898,0.05321,0.56000,0.05937,0.10355,0.03896,-57.18,5.800,-1,0.0000,-1.00,0.0000,0
59907,1790782207101,0.04894,0.06474,0.02813,0.06243,0.02167,0.16096,0.07420,0.08993,0.19091,0.05229,0.13724,0.06857,0.03791,0.03419,0.02177,0.04950,0.01286,0.18535,0.08099,0.10457,0.21882,0.06022,0.12771,0.06611,-57.04,2.291,-1,0.0000,-1.00,0.0000,0
60000,1790782207179,0.08541,0.02809,0.02252,0.07108,0.01642,0.39387,0.02317,0.03521,0.08492,0.03835,0.14127,0.05968,0.09469,0.01622,0.01813,0.06942,0.00646,0.45317,0.02455,0.03860,0.08800,0.04467,0.07944,0.06665,-57.12,4.726,-1,0.0000,-1.00,0.0000,0
60093,1790782207300,0.06842,0.01581,0.04516,0.14085,0.02437,0.24277,0.02685,0.06384,0.08172,0.05106,0.17692,0.06223,0.06845,0.00494,0.04257,0.13768,0.01476,0.27820,0.03100,0.06825,0.07063,0.05825,0.15685,0.06842,-56.73,2.913,-1,0.0000,-1.00,0.0000,0
60186,1790782207379,0.07894,0.05713,0.01558,0.14825,0.02205,0.07775,0.01482,0.05074,0.29705,0.06506,0.11220,0.06043,0.08100,0.00566,0.00364,0.15406,0.01138,0.07845,0.01664,0.06007,0.32530,0.07580,0.11889,0.06911,-56.94,3.565,-1,0.0000,-1.00,0.0000,0
60279,1790782207480,0.06714,0.05325,0.01788,0.18492,0.02681,0.04336,0.04380,0.05063,0.29534,0.02241,0.14796,0.04650,0.06668,0.00386,0.01702,0.18795,0.02319,0.03873,0.05162,0.05740,0.31663,0.02225,0.16962,0.04505,-57.12,3.544,-1,0.0000,-1.00,0.0000,0
60371,1790782207561,0.03827,0.04613,0.01268,0.26335,0.02262,0.04699,0.03137,0.04253,0.24324,0.02562,0.18115,0.04605,0.03609,0.00837,0.00971,0.27446,0.01757,0.04915,0.03572,0.04924,0.23662,0.02764,0.20732,0.04810,-56.62,3.160,-1,0.0000,-1.00,0.0000,0
60464,1790782207659,0.03946,0.05586,0.01259,0.14520,0.03239,0.06110,0.06956,0.02443,0.30676,0.04337,0.12947,0.07980,0.03928,0.00245,0.00546,0.14580,0.02312,0.06543,0.08285,0.02820,0.33748,0.04857,0.14217,0.07919,-57.00,3.681,-1,0.0000,-1.00,0.0000,0
60557,1790782207760,0.03909,0.06403,0.03734,0.18165,0.02705,0.02821,0.11118,0.02922,0.33157,0.02453,0.08596,0.04018,0.04145,0.00635,0.03942,0.19824,0.02805,0.02559,0.13196,0.02720,0.35502,0.02680,0.09792,0.02199,-57.54,3.979,-1,0.0000,-1.00,0.0000,0
60650,1790782207839,0.05966,0.03834,0.01531,0.33410,0.03914,0.02916,0.03761,0.04024,0.24395,0.02252,0.09607,0.04390,0.06240,0.00358,0.01378,0.37840,0.03820,0.02257,0.04401,0.04584,0.21367,0.02303,0.11065,0.04387,-57.77,4.009,-1,0.0000,-1.00,0.0000,0
60743,1790782207942,0.05292,0.03247,0.02063,0.32081,0.03409,0.06388,0.03190,0.05130,0.17468,0.06126,0.11621,0.03986,0.05154,0.01210,0.01089,0.35941,0.03276,0.06632,0.03526,0.05987,0.13521,0.06977,0.12610,0.04078,-58.63,3.850,-1,0.0000,-1.00,0.0000,0
60836,1790782208021,0.02369,0.35100,0.01156,0.11374,0.02771,0.05687,0.08382,0.01851,0.11761,0.02228,0.12035,0.05288,0.02435,0.39730,0.00906,0.11019,0.02126,0.06355,0.02167,0.02038,0.11739,0.02416,0.13161,0.05907,-56.42,4.212,-1,0.0000,-1.00,0.0000,0
60929,1790782208124,0.02223,0.58433,0.01737,0.07215,0.00944,0.02987,0.12585,0.02502,0.05764,0.01963,0.02359,0.01288,0.02194,0.69001,0.01648,0.08209,0.00898,0.03144,0.01401,0.02672,0.05264,0.02189,0.02203,0.01177,-55.24,7.012,-1,0.0000,-1.00,0.0000,0
61022,1790782208199,0.02714,0.04842,0.12936,0.29966,0.04729,0.02786,0.05218,0.07309,0.08141,0.06220,0.12255,0.02882,0.02083,0.05170,0.14227,0.33111,0.05189,0.02925,0.03541,0.07624,0.03191,0.06424,0.14105,0.02409,-56.38,3.596,-1,0.0000,-1.00,0.0000,0
61114,1790782208300,0.01942,0.02083,0.07194,0.23924,0.07558,0.05700,0.05520,0.05592,0.07054,0.02014,0.29086,0.02332,0.01076,0.02038,0.08224,0.22017,0.08716,0.06616,0.04981,0.06300,0.02775,0.01999,0.33540,0.01717,-56.52,3.490,-1,0.0000,-1.00,0.0000,0
61207,1790782208399,0.03879,0.05301,0.21693,0.20009,0.06047,0.03553,0.03433,0.09154,0.06672,0.04590,0.14461,0.01208,0.03426,0.05618,0.25180,0.20682,0.07056,0.03599,0.03000,0.05977,0.03894,0.04101,0.16615,0.00853,-56.29,2.603,-1,0.0000,-1.00,0.0000,0
61300,1790782208483,0.27025,0.09823,0.12032,0.08610,0.04934,0.08638,0.06111,0.06396,0.05142,0.04501,0.04527,0.02261,0.31396,0.10918,0.13567,0.09403,0.05578,0.04126,0.05159,0.04974,0.04297,0.04288,0.04606,0.01687,-57.07,3.243,-1,0.0000,-1.00,0.0000,0
61393,1790782208600,0.11808,0.09476,0.10811,0.14269,0.03141,0.04108,0.04961,0.05401,0.09155,0.04401,0.18362,0.04107,0.13208,0.09845,0.11992,0.12827,0.02945,0.02304,0.03993,0.04095,0.08268,0.04848,0.21545,0.04129,-57.52,2.203,-1,0.0000,-1.00,0.0000,0
61486,1790782208679,0.23423,0.01695,0.07722,0.11891,0.02342,0.05103,0.05832,0.03050,0.07448,0.07791,0.18307,0.05395,0.27564,0.00652,0.07472,0.09926,0.01774,0.00657,0.06495,0.02538,0.06957,0.08983,0.21806,0.05177,-57.17,2.811,-1,0.0000,-1.00,0.0000,0
61579,1790782208779,0.49297,0.02483,0.01463,0.09343,0.01939,0.10296,0.02122,0.05236,0.03684,0.02120,0.10474,0.01542,0.57880,0.02449,0.01322,0.08744,0.01962,0.00939,0.01969,0.06100,0.02656,0.02176,0.12364,0.01437,-56.60,5.916,-1,0.0000,-1.00,0.0000,0
61672,1790782208859,0.57097,0.00833,0.02946,0.07146,0.01014,0.11504,0.01346,0.04036,0.03030,0.02877,0.06977,0.01194,0.67407,0.00679,0.02885,0.06922,0.00983,0.00422,0.01302,0.04441,0.02258,0.03253,0.08277,0.01172,-56.38,6.852,-1,0.0000,-1.00,0.0000,0
61765,1790782208980,0.47652,0.05607,0.01917,0.13130,0.00970,0.10047,0.02506,0.05999,0.03434,0.01909,0.05321,0.01508,0.55703,0.06473,0.01878,0.14508,0.00863,0.00996,0.01498,0.07037,0.01239,0.02116,0.06179,0.01510,-56.81,5.718,-1,0.0000,-1.00,0.0000,0
61857,1790782209059,0.50044,0.01229,0.02824,0.16650,0.00948,0.10682,0.00945,0.03040,0.05220,0.01366,0.05633,0.01416,0.59281,0.01011,0.03092,0.18654,0.00829,0.01048,0.00740,0.03223,0.02557,0.01472,0.06543,0.01551,-56.97,6.005,-1,0.0000,-1.00,0.0000,0
61950,1790782209139,0.33030,0.04326,0.01322,0.15834,0.00994,0.07257,0.03338,0.02124,0.15120,0.01196,0.13110,0.02349,0.39141,0.02216,0.01330,0.15895,0.00776,0.00936,0.03560,0.02281,0.14966,0.01280,0.15523,0.02095,-56.53,3.964,-1,0.0000,-1.00,0.0000,0
62043,1790782209240,0.45657,0.01702,0.00549,0.18591,0.00683,0.09406,0.01395,0.01242,0.09997,0.00826,0.08957,0.00995,0.54416,0.00457,0.00487,0.20167,0.00640,0.00484,0.01497,0.01476,0.07981,0.00863,0.10637,0.00896,-56.32,5.479,-1,0.0000,-1.00,0.0000,0
62136,1790782209319,0.52418,0.01764,0.00393,0.14820,0.00717,0.11016,0.00801,0.03098,0.06504,0.00960,0.06739,0.00771,0.62088,0.01206,0.00270,0.16192,0.00705,0.00892,0.00677,0.03702,0.04584,0.01010,0.07898,0.00776,-56.22,6.290,-1,0.0000,-1.00,0.0000,0
62229,1790782209420,0.50814,0.02945,0.00521,0.10857,0.00762,0.10435,0.00926,0.01124,0.12582,0.01317,0.05271,0.02447,0.60626,0.01003,0.00325,0.11776,0.00367,0.00485,0.00878,0.01315,0.12742,0.01505,0.06220,0.02758,-56.53,6.098,-1,0.0000,-1.00,0.0000,0
62322,1790782209501,0.26761,0.01682,0.00938,0.18499,0.01854,0.06357,0.00815,0.03018,0.07422,0.02365,0.26366,0.03923,0.31412,0.00879,0.00612,0.15960,0.01284,0.01435,0.00798,0.03499,0.05729,0.02579,0.31308,0.04503,-57.63,3.211,-1,0.0000,-1.00,0.0000,0
62415,1790782209600,0.20602,0.01521,0.01301,0.31465,0.01566,0.05664,0.01085,0.03419,0.09648,0.05266,0.16322,0.02141,0.23888,0.00864,0.00364,0.33907,0.01412,0.02051,0.01129,0.04025,0.04839,0.06030,0.19151,0.02341,-58.65,3.776,-1,0.0000,-1.00,0.0000,0
62508,1790782209705,0.13446,0.04834,0.02324,0.20489,0.01955,0.05426,0.01331,0.04922,0.23100,0.04369,0.13832,0.03970,0.15029,0.01146,0.01804,0.21404,0.01456,0.03523,0.01319,0.05590,0.23436,0.04946,0.15876,0.04471,-59.40,2.772,-1,0.0000,-1.00,0.0000,0
62600,1790782209778,0.21203,0.03606,0.02545,0.28240,0.02843,0.07514,0.01201,0.03037,0.13840,0.05714,0.07534,0.02721,0.24586,0.02459,0.01794,0.32213,0.02749,0.04176,0.00794,0.03442,0.10162,0.06338,0.08200,0.03088,-60.12,3.389,-1,0.0000,-1.00,0.0000,0
62693,1790782209899,0.16565,0.04763,0.01596,0.21787,0.03264,0.05926,0.03935,0.02822,0.23510,0.01905,0.08059,0.05868,0.19160,0.01124,0.01566,0.24322,0.02687,0.03303,0.04318,0.03245,0.23350,0.01749,0.09001,0.06176,-60.19,2.821,-1,0.0000,-1.00,0.0000,0
62786,1790782209980,0.09340,0.08094,0.00563,0.24684,0.01518,0.02530,0.01420,0.01389,0.38490,0.00944,0.08237,0.02790,0.10865,0.01659,0.00497,0.27656,0.01210,0.00878,0.01373,0.01566,0.40638,0.00891,0.09696,0.03071,-59.44,4.619,-1,0.0000,-1.00,0.0000,0
62879,1790782210080,0.05857,0.09043,0.00288,0.24991,0.01519,0.02226,0.00798,0.01510,0.47329,0.01162,0.03915,0.01362,0.06666,0.00736,0.00129,0.29068,0.01529,0.01346,0.00798,0.01796,0.50949,0.01089,0.04425,0.01469,-59.15,5.679,-1,0.0000,-1.00,0.0000,0
62972,1790782210160,0.06944,0.06431,0.00484,0.32770,0.01499,0.01860,0.00897,0.02555,0.34557,0.01087,0.09314,0.01601,0.07711,0.00991,0.00373,0.37081,0.01453,0.00700,0.00843,0.03023,0.34026,0.01044,0.11022,0.01732,-59.72,4.147,-1,0.0000,-1.00,0.0000,0
63065,1790782210259,0.16225,0.04594,0.00893,0.20000,0.01529,0.05342,0.01276,0.05114,0.23135,0.01861,0.19084,0.00946,0.18253,0.00778,0.00686,0.19548,0.01469,0.02976,0.01375,0.05992,0.23846,0.01939,0.22277,0.00861,-60.04,2.776,-1,0.0000,-1.00,0.0000,0
63158,1790782210360,0.05902,0.03307,0.00589,0.30804,0.01723,0.02741,0.01905,0.06767,0.16637,0.01915,0.26660,0.01052,0.05477,0.01215,0.00326,0.30664,0.01894,0.02198,0.02041,0.08043,0.13856,0.01919,0.31509,0.00856,-60.57,3.696,-1,0.0000,-1.00,0.0000,0
63251,1790782210441,0.10269,0.02062,0.00647,0.33332,0.01513,0.02868,0.00784,0.05303,0.11493,0.02074,0.28139,0.01517,0.11141,0.01049,0.00342,0.33304,0.01498,0.01228,0.00700,0.06318,0.07170,0.02188,0.33473,0.01590,-61.17,4.000,-1,0.0000,-1.00,0.0000,0
63344,1790782210542,0.06360,0.07674,0.04372,0.31460,0.05293,0.03390,0.03961,0.06975,0.13544,0.04240,0.10446,0.02284,0.06137,0.07367,0.04465,0.35328,0.05928,0.02845,0.03272,0.07486,0.09226,0.03906,0.11953,0.02088,-60.10,3.775,-1,0.0000,-1.00,0.0000,0
63436,1790782210619,0.05810,0.05062,0.00679,0.49208,0.01233,0.03083,0.02115,0.02082,0.15681,0.01172,0.13135,0.00740,0.06490,0.04554,0.00574,0.55937,0.01366,0.02407,0.01629,0.02383,0.07625,0.01209,0.15262,0.00563,-59.76,5.905,-1,0.0000,-1.00,0.0000,0
63529,1790782210719,0.05485,0.05191,0.00605,0.34689,0.02081,0.04214,0.02130,0.06219,0.11672,0.01846,0.24432,0.01436,0.05105,0.04864,0.00373,0.35921,0.02201,0.04051,0.01587,0.07378,0.06865,0.01776,0.28473,0.01406,-60.38,4.163,-1,0.0000,-1.00,0.0000,0
63622,1790782210799,0.02954,0.02858,0.00218,0.28718,0.01209,0.01709,0.00947,0.04052,0.07318,0.00959,0.48401,0.00659,0.02484,0.02686,0.00085,0.22975,0.01315,0.01555,0.00603,0.04838,0.04214,0.00888,0.57687,0.00670,-59.69,5.808,-1,0.0000,-1.00,0.0000,0
63715,1790782210899,0.05113,0.03342,0.00613,0.21594,0.01739,0.02323,0.01407,0.03816,0.07859,0.01487,0.49814,0.00894,0.05238,0.02693,0.00453,0.14114,0.01828,0.01834,0.01152,0.04482,0.06619,0.01419,0.59326,0.00842,-59.46,5.978,-1,0.0000,-1.00,0.0000,0
63808,1790782210999,0.04130,0.03781,0.00807,0.19362,0.03203,0.01422,0.02869,0.04662,0.06914,0.01913,0.48925,0.02010,0.03866,0.03371,0.00623,0.11616,0.03470,0.00938,0.02769,0.05463,0.05852,0.01735,0.58438,0.01860,-60.60,5.871,-1,0.0000,-1.00,0.0000,0
63901,1790782211079,0.07832,0.04517,0.01225,0.19131,0.03324,0.02726,0.01266,0.04263,0.09445,0.02015,0.42418,0.01839,0.08584,0.03677,0.01132,0.12909,0.03610,0.01564,0.00788,0.04883,0.08758,0.01699,0.50517,0.01880,-60.29,5.090,-1,0.0000,-1.00,0.0000,0
63994,1790782211201,0.07378,0.02947,0.00516,0.24038,0.01608,0.02342,0.01668,0.03856,0.06066,0.01114,0.46901,0.01568,0.08071,0.02786,0.00418,0.17710,0.01637,0.01206,0.01446,0.04537,0.03758,0.01010,0.55960,0.01462,-59.83,5.628,-1,0.0000,-1.00,0.0000,0
64087,1790782211280,0.03486,0.04456,0.00630,0.15446,0.02295,0.03654,0.01965,0.03140,0.10570,0.01130,0.51683,0.01546,0.03395,0.03147,0.00574,0.06377,0.02451,0.03705,0.01731,0.03649,0.11358,0.00911,0.61194,0.01509,-60.17,6.202,-1,0.0000,-1.00,0.0000,0
64179,1790782211381,0.05887,0.06453,0.01748,0.16540,0.02005,0.04025,0.02607,0.03110,0.18272,0.01820,0.35465,0.02068,0.06381,0.03853,0.01731,0.11537,0.01956,0.03605,0.02350,0.03393,0.19568,0.01832,0.41781,0.02012,-60.21,4.256,-1,0.0000,-1.00,0.0000,0
64272,1790782211479,0.04289,0.02916,0.00545,0.22237,0.01870,0.02444,0.01625,0.02559,0.08261,0.01812,0.49707,0.01735,0.04582,0.02118,0.00297,0.14917,0.01897,0.02020,0.01527,0.03007,0.06942,0.01795,0.59160,0.01738,-60.15,5.965,-1,0.0000,-1.00,0.0000,0
64365,1790782211562,0.03368,0.02149,0.00812,0.18413,0.02106,0.06016,0.01298,0.03009,0.07117,0.01705,0.52831,0.01177,0.03334,0.01275,0.00658,0.09771,0.02295,0.06547,0.01274,0.03504,0.06591,0.01588,0.62006,0.01158,-58.87,6.340,-1,0.0000,-1.00,0.0000,0
64458,1790782211659,0.03190,0.01701,0.00621,0.20302,0.00806,0.03760,0.00841,0.02503,0.05500,0.00700,0.59492,0.00584,0.03252,0.01142,0.00608,0.10347,0.00858,0.03861,0.00781,0.02878,0.04522,0.00686,0.70520,0.00545,-57.90,7.139,-1,0.0000,-1.00,0.0000,0
64551,1790782211739,0.02767,0.01355,0.00723,0.17322,0.01248,0.01935,0.00816,0.02213,0.02729,0.00751,0.67318,0.00823,0.02803,0.01211,0.00739,0.04836,0.01298,0.01800,0.00725,0.02519,0.02311,0.00642,0.80306,0.00810,-57.57,8.078,-1,0.0000,-1.00,0.0000,0
64644,1790782211840,0.03023,0.01132,0.00546,0.16758,0.01291,0.01527,0.00721,0.02859,0.02356,0.00961,0.68344,0.00482,0.02967,0.00960,0.00479,0.03895,0.01460,0.01242,0.00673,0.03330,0.02026,0.00887,0.81646,0.00434,-58.13,8.201,-1,0.0000,-1.00,0.0000,0
64737,1790782211919,0.04380,0.01775,0.00895,0.17457,0.01028,0.02780,0.00757,0.03158,0.02644,0.00889,0.63655,0.00583,0.04523,0.01735,0.00905,0.05893,0.01115,0.02434,0.00512,0.03656,0.02000,0.00844,0.75792,0.00592,-58.23,7.639,-1,0.0000,-1.00,0.0000,0
64830,1790782212022,0.18538,0.08158,0.03759,0.13765,0.02185,0.05934,0.02180,0.01718,0.02601,0.01506,0.35011,0.04645,0.21970,0.09483,0.04207,0.08285,0.01543,0.02756,0.00732,0.01224,0.01475,0.01499,0.41405,0.05420,-56.21,4.201,-1,0.0000,-1.00,0.0000,0
64922,1790782212099,0.00677,0.60465,0.01774,0.05002,0.00395,0.01861,0.12454,0.01095,0.01388,0.00281,0.13765,0.00845,0.00589,0.72242,0.02069,0.02807,0.00289,0.02113,0.00388,0.01115,0.01097,0.00288,0.16074,0.00929,-55.76,7.256,-1,0.0000,-1.00,0.0000,0
65015,1790782212198,0.02314,0.26784,0.02738,0.32873,0.00599,0.02460,0.06683,0.01985,0.06806,0.00525,0.15307,0.00926,0.02426,0.31886,0.03179,0.35851,0.00564,0.02467,0.01687,0.01749,0.01048,0.00517,0.17852,0.00775,-56.25,3.945,-1,0.0000,-1.00,0.0000,0
65108,1790782212299,0.01079,0.02766,0.00955,0.61023,0.00474,0.01440,0.00899,0.02262,0.12100,0.00435,0.15872,0.00696,0.00786,0.03177,0.01057,0.69412,0.00404,0.01585,0.00443,0.02506,0.00739,0.00442,0.18704,0.00746,-55.71,7.323,-1,0.0000,-1.00,0.0000,0
65201,1790782212398,0.00763,0.02309,0.00984,0.56234,0.00471,0.00930,0.00783,0.01517,0.10737,0.00492,0.24157,0.00624,0.00580,0.02642,0.01078,0.61683,0.00429,0.00999,0.00334,0.01684,0.00630,0.00512,0.28747,0.00681,-55.85,6.748,-1,0.0000,-1.00,0.0000,0
65294,1790782212499,0.02617,0.06273,0.01209,0.60979,0.00478,0.01304,0.01556,0.01153,0.12620,0.01025,0.09951,0.00835,0.02909,0.07299,0.01221,0.70742,0.00391,0.00986,0.00410,0.01147,0.01098,0.01150,0.11728,0.00919,-56.54,7.317,-1,0.0000,-1.00,0.0000,0
65387,1790782212579,0.01078,0.06286,0.02481,0.53263,0.00923,0.02681,0.01921,0.02945,0.13375,0.00943,0.13129,0.00975,0.00701,0.06745,0.02785,0.60824,0.00912,0.03074,0.00965,0.02977,0.03968,0.00949,0.15122,0.00977,-56.75,6.392,-1,0.0000,-1.00,0.0000,0
65480,1790782212680,0.01380,0.06728,0.06233,0.35002,0.01486,0.01799,0.01806,0.03351,0.09347,0.01268,0.28399,0.03200,0.01141,0.07233,0.07203,0.35273,0.01008,0.01971,0.00730,0.02587,0.04184,0.01344,0.33638,0.03690,-57.07,4.200,-1,0.0000,-1.00,0.0000,0
65573,1790782212759,0.01123,0.03680,0.01651,0.25914,0.01476,0.00992,0.02375,0.02953,0.06026,0.02065,0.51046,0.00697,0.00722,0.03724,0.01554,0.18967,0.01689,0.01046,0.02059,0.03279,0.03461,0.02140,0.60958,0.00400,-57.59,6.126,-1,0.0000,-1.00,0.0000,0
65666,1790782212859,0.01149,0.03192,0.01973,0.32321,0.00662,0.01696,0.00921,0.01938,0.12507,0.00832,0.42250,0.00560,0.01002,0.01986,0.02190,0.28764,0.00688,0.01833,0.00710,0.01888,0.09271,0.00874,0.50263,0.00530,-57.79,5.070,-1,0.0000,-1.00,0.0000,0
65758,1790782212978,0.01371,0.02227,0.01130,0.21625,0.00451,0.01937,0.00947,0.01528,0.08223,0.00821,0.59069,0.00670,0.01359,0.01187,0.01175,0.11962,0.00422,0.02051,0.00819,0.01679,0.07475,0.00907,0.70372,0.00593,-57.92,7.088,-1,0.0000,-1.00,0.0000,0
65851,1790782213040,0.01041,0.02778,0.01062,0.21432,0.00978,0.01635,0.00939,0.02275,0.08755,0.00624,0.58023,0.00459,0.00789,0.01727,0.01165,0.11969,0.01102,0.01803,0.00783,0.02495,0.08105,0.00542,0.69167,0.00353,-58.54,6.963,-1,0.0000,-1.00,0.0000,0
65944,1790782213141,0.01239,0.02945,0.00457,0.18793,0.00580,0.01656,0.00903,0.01829,0.07775,0.01002,0.62394,0.00427,0.01063,0.01992,0.00329,0.07767,0.00620,0.01774,0.00684,0.02130,0.07754,0.01100,0.74411,0.00376,-58.46,7.487,-1,0.0000,-1.00,0.0000,0
66037,1790782213219,0.03062,0.04899,0.00749,0.16161,0.01149,0.04604,0.01424,0.03399,0.13185,0.01134,0.48669,0.01564,0.02882,0.03059,0.00669,0.07999,0.01049,0.04945,0.01100,0.03941,0.14209,0.01155,0.57337,0.01655,-58.47,5.840,-1,0.0000,-1.00,0.0000,0
66130,1790782213320,0.02671,0.04664,0.00542,0.14058,0.01250,0.04570,0.01500,0.03707,0.15175,0.01129,0.49626,0.01108,0.02351,0.02225,0.00432,0.05254,0.01298,0.05010,0.01353,0.04359,0.17142,0.01095,0.58471,0.01011,-59.42,5.955,-1,0.0000,-1.00,0.0000,0
66223,1790782213399,0.03541,0.05909,0.01050,0.23001,0.01618,0.08196,0.02486,0.05171,0.11815,0.03092,0.32365,0.01756,0.03089,0.05070,0.00587,0.20234,0.01609,0.09208,0.01974,0.06080,0.10146,0.03386,0.36956,0.01662,-58.89,3.884,-1,0.0000,-1.00,0.0000,0
66316,1790782213501,0.01816,0.02617,0.00452,0.21618,0.00630,0.05449,0.01443,0.02524,0.07319,0.01356,0.54020,0.00757,0.01573,0.01927,0.00244,0.13316,0.00628,0.06218,0.01318,0.03005,0.06130,0.01500,0.63496,0.00645,-58.19,6.482,-1,0.0000,-1.00,0.0000,0
66409,1790782213601,0.02996,0.02737,0.05155,0.21324,0.01373,0.10716,0.03525,0.05277,0.07972,0.02054,0.35513,0.01357,0.02563,0.02078,0.05747,0.17600,0.01473,0.12332,0.03812,0.05184,0.06063,0.02170,0.40108,0.00870,-57.88,4.262,-1,0.0000,-1.00,0.0000,0
66501,1790782213699,0.04879,0.02073,0.25077,0.15211,0.01104,0.02124,0.02504,0.15837,0.10313,0.01063,0.17528,0.02287,0.02859,0.00993,0.29825,0.14141,0.00889,0.01979,0.02804,0.13064,0.09530,0.01122,0.20610,0.02184,-57.12,3.009,-1,0.0000,-1.00,0.0000,0
66594,1790782213799,0.07234,0.03666,0.03491,0.23515,0.01562,0.04796,0.03756,0.04343,0.18272,0.02487,0.24290,0.02588,0.07771,0.01028,0.03650,0.22572,0.01441,0.04206,0.04241,0.04536,0.17420,0.02694,0.28271,0.02170,-57.62,2.915,-1,0.0000,-1.00,0.0000,0
66687,1790782213881,0.03724,0.02650,0.03940,0.24963,0.01380,0.04615,0.08102,0.04951,0.10904,0.07385,0.24214,0.03171,0.03418,0.01714,0.03018,0.24350,0.01305,0.04852,0.09249,0.05453,0.08239,0.08590,0.28053,0.01758,-59.14,2.996,-1,0.0000,-1.00,0.0000,0
66780,1790782213979,0.04170,0.03319,0.02973,0.15762,0.02439,0.02969,0.05325,0.06756,0.10526,0.04475,0.36729,0.04556,0.03778,0.01880,0.02583,0.10273,0.02133,0.02809,0.05975,0.07617,0.10576,0.04940,0.43454,0.03984,-59.55,4.408,-1,0.0000,-1.00,0.0000,0
66873,1790782214060,0.02184,0.03611,0.04109,0.14468,0.01512,0.03129,0.03078,0.07228,0.14318,0.11337,0.31390,0.03638,0.00989,0.01319,0.02273,0.10019,0.01082,0.03553,0.03426,0.08211,0.15170,0.13370,0.36908,0.03680,-58.51,3.767,-1,0.0000,-1.00,0.0000,0
66966,1790782214161,0.02226,0.07650,0.02256,0.11410,0.00781,0.03304,0.02064,0.03553,0.32468,0.01463,0.30741,0.02085,0.01930,0.01710,0.02376,0.06510,0.00528,0.03577,0.02051,0.03870,0.37613,0.01648,0.36126,0.02061,-57.53,3.896,-1,0.0000,-1.00,0.0000,0
67059,1790782214260,0.04987,0.04925,0.03652,0.10549,0.01850,0.04707,0.02875,0.04054,0.24150,0.07842,0.27492,0.02918,0.04700,0.00858,0.02545,0.06294,0.01652,0.04709,0.03274,0.04353,0.27521,0.09237,0.32008,0.02848,-57.36,3.299,-1,0.0000,-1.00,0.0000,0
67152,1790782214341,0.11687,0.02445,0.01948,0.06877,0.01069,0.24682,0.03583,0.04344,0.07250,0.05982,0.26564,0.03569,0.12731,0.01662,0.00936,0.02993,0.00601,0.27050,0.03964,0.05020,0.08094,0.07049,0.26468,0.03431,-57.27,3.188,-1,0.0000,-1.00,0.0000,0
67244,1790782214440,0.05336,0.01481,0.01630,0.14250,0.00841,0.13821,0.01975,0.04445,0.07066,0.03129,0.42622,0.03405,0.05109,0.00683,0.01221,0.07562,0.00289,0.15548,0.02231,0.05084,0.06967,0.03692,0.47988,0.03625,-57.23,5.115,-1,0.0000,-1.00,0.0000,0
67337,1790782214520,0.03390,0.05414,0.04647,0.12495,0.01528,0.02576,0.04134,0.09386,0.17849,0.07402,0.27755,0.03424,0.01803,0.02762,0.03857,0.08486,0.01190,0.02729,0.04406,0.10482,0.19705,0.08633,0.32716,0.03230,-57.12,3.331,-1,0.0000,-1.00,0.0000,0
67430,1790782214620,0.01650,0.04581,0.02043,0.22637,0.01258,0.03112,0.02927,0.02715,0.18982,0.01436,0.35422,0.03237,0.01415,0.01724,0.02138,0.18846,0.00863,0.03448,0.03156,0.02840,0.18992,0.01565,0.41760,0.03253,-57.07,4.251,-1,0.0000,-1.00,0.0000,0
67523,1790782214700,0.04206,0.03686,0.00756,0.27120,0.00840,0.03045,0.01299,0.04586,0.17328,0.02760,0.32235,0.02140,0.03960,0.01281,0.00272,0.24952,0.00550,0.02863,0.01298,0.05446,0.15817,0.03198,0.38058,0.02307,-56.75,3.868,-1,0.0000,-1.00,0.0000,0
67616,1790782214799,0.03013,0.04632,0.00947,0.20811,0.01394,0.02589,0.02862,0.02947,0.22750,0.02740,0.32106,0.03209,0.02630,0.01209,0.00506,0.17412,0.01045,0.02581,0.03189,0.03432,0.23710,0.03175,0.37959,0.03152,-57.22,3.853,-1,0.0000,-1.00,0.0000,0
67709,1790782214900,0.02823,0.05993,0.01284,0.12592,0.01795,0.01917,0.02877,0.04335,0.27175,0.04547,0.30594,0.04067,0.02268,0.01134,0.00509,0.07894,0.01305,0.01853,0.03185,0.05131,0.30998,0.05189,0.36292,0.04242,-57.92,3.671,-1,0.0000,-1.00,0.0000,0
67802,1790782215001,0.04102,0.04690,0.01956,0.09654,0.01815,0.03154,0.04374,0.06449,0.18165,0.04211,0.38306,0.03125,0.03472,0.01406,0.01408,0.02590,0.01634,0.03091,0.04952,0.07459,0.21253,0.04722,0.45287,0.02728,-58.02,4.597,-1,0.0000,-1.00,0.0000,0
67895,1790782215100,0.03316,0.02212,0.01453,0.18192,0.02891,0.02396,0.04190,0.05142,0.09162,0.02306,0.45223,0.03518,0.02802,0.00934,0.01282,0.11147,0.02819,0.02315,0.04835,0.05907,0.08660,0.02313,0.53729,0.03257,-58.78,5.427,-1,0.0000,-1.00,0.0000,0
67988,1790782215179,0.06462,0.02422,0.01165,0.21577,0.02282,0.01996,0.03872,0.06697,0.10776,0.05055,0.33104,0.04592,0.06139,0.01075,0.00267,0.18038,0.01818,0.01175,0.04426,0.07971,0.09336,0.05697,0.39433,0.04625,-57.80,3.972,-1,0.0000,-1.00,0.0000,0
68080,1790782215279,0.44614,0.04345,0.02327,0.07147,0.05320,0.10180,0.02427,0.04880,0.05350,0.03681,0.08468,0.01259,0.52255,0.04325,0.02156,0.06625,0.06156,0.01840,0.02051,0.05421,0.05097,0.03190,0.09782,0.01102,-56.23,5.354,-1,0.0000,-1.00,0.0000,0
68173,1790782215359,0.08390,0.12229,0.15053,0.22553,0.01375,0.03682,0.07149,0.06441,0.08143,0.02657,0.10092,0.02236,0.09210,0.13691,0.17459,0.24728,0.01347,0.02586,0.05852,0.04257,0.04855,0.02917,0.11580,0.01519,-55.61,2.706,-1,0.0000,-1.00,0.0000,0
68266,1790782215475,0.03926,0.11603,0.04865,0.37914,0.02660,0.03170,0.06640,0.03869,0.11593,0.01713,0.06543,0.05504,0.03876,0.13079,0.05495,0.43997,0.02028,0.03106,0.05301,0.03610,0.05131,0.01689,0.07225,0.05463,-56.57,4.550,-1,0.0000,-1.00,0.0000,0
68359,1790782215561,0.02356,0.05812,0.08962,0.30743,0.03806,0.02266,0.06644,0.04346,0.09306,0.03596,0.19401,0.02761,0.02120,0.06088,0.10017,0.32319,0.04164,0.02295,0.06599,0.03377,0.04584,0.03644,0.22792,0.02000,-57.41,3.689,-1,0.0000,-1.00,0.0000,0
68452,1790782215639,0.22882,0.11887,0.06084,0.16680,0.04757,0.06524,0.06309,0.07243,0.07038,0.01312,0.07096,0.02189,0.25674,0.13745,0.07031,0.18408,0.05368,0.02727,0.04793,0.07327,0.03981,0.01310,0.07962,0.01673,-57.37,2.746,-1,0.0000,-1.00,0.0000,0
68545,1790782215739,0.17176,0.05739,0.13600,0.15630,0.04056,0.04531,0.05228,0.10853,0.06881,0.03332,0.07444,0.05531,0.18615,0.05975,0.15588,0.17028,0.03746,0.01739,0.05080,0.09914,0.04547,0.03573,0.08575,0.05620,-58.01,2.061,-1,0.0000,-1.00,0.0000,0
68638,1790782215819,0.12336,0.04708,0.08122,0.13630,0.04100,0.04914,0.05535,0.08873,0.06655,0.05543,0.14630,0.10953,0.13117,0.04579,0.08502,0.12992,0.02399,0.03446,0.05602,0.09068,0.05360,0.06206,0.16847,0.11881,-57.79,1.756,-1,0.0000,-1.00,0.0000,0
68731,1790782215919,0.47386,0.03256,0.01797,0.09412,0.01420,0.09912,0.01997,0.03734,0.11325,0.01273,0.07054,0.01434,0.55967,0.01590,0.01908,0.09634,0.01443,0.00782,0.02078,0.04096,0.11660,0.01239,0.08297,0.01307,-57.24,5.686,-1,0.0000,-1.00,0.0000,0
68823,1790782216000,0.43690,0.04201,0.01621,0.09589,0.00872,0.09104,0.01995,0.02670,0.20064,0.01456,0.03628,0.01110,0.51713,0.00704,0.01630,0.10654,0.00860,0.00657,0.01995,0.03132,0.21930,0.01575,0.04217,0.00935,-57.56,5.243,-1,0.0000,-1.00,0.0000,0
68916,1790782216100,0.51650,0.03976,0.00977,0.03309,0.00986,0.10430,0.00945,0.01497,0.20463,0.00649,0.03034,0.02082,0.61558,0.00034,0.01043,0.03256,0.00728,0.00295,0.01042,0.01671,0.23866,0.00642,0.03577,0.02288,-57.90,6.198,-1,0.0000,-1.00,0.0000,0
69009,1790782216200,0.46703,0.04821,0.00915,0.04204,0.00468,0.09683,0.03792,0.01862,0.21084,0.00472,0.04775,0.01222,0.55478,0.00995,0.01002,0.03927,0.00439,0.00605,0.04253,0.02126,0.24485,0.00479,0.05601,0.00610,-57.30,5.604,-1,0.0000,-1.00,0.0000,0
69102,1790782216301,0.50809,0.03594,0.03486,0.02540,0.01795,0.10445,0.01643,0.04573,0.15115,0.01270,0.03308,0.01423,0.59939,0.00805,0.03949,0.02283,0.01881,0.00634,0.01569,0.04936,0.17658,0.01148,0.03838,0.01358,-57.74,6.097,-1,0.0000,-1.00,0.0000,0
69195,1790782216400,0.28925,0.07958,0.00482,0.03273,0.02710,0.06145,0.02608,0.03805,0.35680,0.01499,0.04348,0.02568,0.33773,0.01178,0.00326,0.02916,0.02736,0.00685,0.02888,0.04498,0.42157,0.01271,0.05074,0.02498,-58.26,4.282,-1,0.0000,-1.00,0.0000,0
69288,1790782216479,0.33620,0.06791,0.01423,0.04438,0.02135,0.06886,0.01281,0.03346,0.32283,0.01685,0.03193,0.02917,0.39508,0.00685,0.01381,0.04576,0.01921,0.00419,0.01397,0.03738,0.37776,0.01639,0.03743,0.03218,-57.22,4.034,-1,0.0000,-1.00,0.0000,0
69381,1790782216579,0.32312,0.07432,0.00566,0.05570,0.01570,0.06444,0.01002,0.02856,0.36603,0.01950,0.02041,0.01653,0.38050,0.00455,0.00276,0.06196,0.01532,0.00179,0.01110,0.03368,0.42631,0.02033,0.02410,0.01761,-56.41,4.392,-1,0.0000,-1.00,0.0000,0
69474,1790782216660,0.44819,0.05246,0.00724,0.03611,0.01760,0.09019,0.00659,0.02097,0.23489,0.01755,0.03592,0.03228,0.53246,0.00844,0.00503,0.03483,0.01371,0.00251,0.00622,0.02413,0.27450,0.01837,0.04254,0.03724,-57.06,5.378,-1,0.0000,-1.00,0.0000,0
69566,1790782216760,0.34083,0.06949,0.00618,0.07265,0.01502,0.06841,0.00653,0.01906,0.31923,0.01311,0.05199,0.01752,0.40406,0.01037,0.00484,0.07478,0.01406,0.00187,0.00577,0.02188,0.36769,0.01293,0.06192,0.01985,-57.60,4.090,-1,0.0000,-1.00,0.0000,0
69659,1790782216860,0.47813,0.04808,0.00405,0.05392,0.00958,0.09568,0.00421,0.01812,0.23210,0.01032,0.03432,0.01150,0.56865,0.00469,0.00275,0.05653,0.00889,0.00192,0.00380,0.02149,0.26691,0.01060,0.04075,0.01302,-57.23,5.738,-1,0.0000,-1.00,0.0000,0
69752,1790782216941,0.44326,0.05436,0.00364,0.05190,0.01645,0.09041,0.00989,0.02054,0.25182,0.01182,0.02923,0.01668,0.52627,0.00751,0.00218,0.05541,0.01615,0.00400,0.00998,0.02455,0.29072,0.01101,0.03423,0.01800,-57.51,5.319,-1,0.0000,-1.00,0.0000,0
69845,1790782217043,0.38050,0.06748,0.00448,0.04216,0.01071,0.07567,0.01203,0.01615,0.33812,0.01074,0.02578,0.01618,0.45221,0.00233,0.00315,0.04443,0.00954,0.00103,0.01395,0.01873,0.39614,0.01118,0.03069,0.01662,-57.40,4.566,-1,0.0000,-1.00,0.0000,0
69938,1790782217121,0.12738,0.07857,0.00761,0.08469,0.01528,0.02759,0.01669,0.02278,0.35979,0.01933,0.21388,0.02641,0.14728,0.01137,0.00500,0.05083,0.01267,0.00403,0.01774,0.02631,0.42090,0.02079,0.25548,0.02760,-57.81,4.318,-1,0.0000,-1.00,0.0000,0
70031,1790782217220,0.06199,0.06838,0.00602,0.11956,0.01446,0.03252,0.01260,0.02179,0.29092,0.01650,0.32995,0.02534,0.07023,0.01547,0.00371,0.06587,0.01197,0.02504,0.01199,0.02541,0.33529,0.01763,0.39039,0.02700,-58.90,3.959,-1,0.0000,-1.00,0.0000,0
70124,1790782217302,0.10813,0.06766,0.01209,0.08446,0.01115,0.03882,0.02760,0.10707,0.33313,0.02730,0.15904,0.02355,0.10402,0.00471,0.00835,0.06444,0.00899,0.02589,0.03111,0.12767,0.38639,0.03093,0.18544,0.02205,-58.95,3.998,-1,0.0000,-1.00,0.0000,0
70217,1790782217402,0.10849,0.06451,0.00884,0.10047,0.01154,0.03260,0.01592,0.05438,0.32124,0.01498,0.24222,0.02480,0.11736,0.00348,0.00736,0.06349,0.00825,0.01621,0.01835,0.06374,0.37234,0.01631,0.28703,0.02608,-59.16,3.855,-1,0.0000,-1.00,0.0000,0
70310,1790782217520,0.19918,0.03718,0.01013,0.16736,0.01518,0.04889,0.01145,0.05307,0.17028,0.00903,0.24951,0.02874,0.22647,0.00968,0.01046,0.14181,0.01183,0.01368,0.01180,0.06152,0.17593,0.00847,0.29626,0.03210,-60.22,2.994,-1,0.0000,-1.00,0.0000,0
70402,1790782217599,0.12015,0.03064,0.00622,0.18104,0.04406,0.03886,0.01618,0.03584,0.14866,0.01640,0.32506,0.03689,0.13745,0.00743,0.00516,0.14048,0.04516,0.01931,0.01792,0.04192,0.14941,0.01156,0.38567,0.03852,-61.32,3.901,-1,0.0000,-1.00,0.0000,0
70495,1790782217700,0.10545,0.04506,0.01335,0.13920,0.04142,0.04710,0.03744,0.11347,0.22795,0.02692,0.16319,0.03946,0.09864,0.00594,0.01124,0.12948,0.04194,0.03688,0.04274,0.13467,0.24747,0.02395,0.18823,0.03881,-61.93,2.735,-1,0.0000,-1.00,0.0000,0
70588,1790782217780,0.10445,0.05834,0.01014,0.12945,0.05967,0.03283,0.02843,0.06535,0.27871,0.03497,0.16895,0.02872,0.10985,0.00844,0.00617,0.11573,0.06435,0.01915,0.03227,0.07721,0.31003,0.03014,0.19865,0.02802,-61.80,3.345,-1,0.0000,-1.00,0.0000,0
70681,1790782217880,0.11220,0.05954,0.01367,0.11828,0.02173,0.03811,0.02155,0.07784,0.29087,0.03313,0.19250,0.02057,0.11626,0.00606,0.00938,0.09689,0.02211,0.02262,0.02434,0.09169,0.32933,0.03531,0.22618,0.01983,-60.89,3.490,-1,0.0000,-1.00,0.0000,0
70774,1790782217975,0.07469,0.04579,0.00458,0.18462,0.02242,0.02246,0.01515,0.05751,0.23490,0.01024,0.29594,0.03169,0.07793,0.00536,0.00385,0.15138,0.02046,0.01147,0.01694,0.06829,0.25145,0.00822,0.35234,0.03230,-60.09,3.551,-1,0.0000,-1.00,0.0000,0
70867,1790782218060,0.02957,0.04716,0.01200,0.23491,0.02798,0.01739,0.02622,0.04007,0.14250,0.02941,0.37192,0.02085,0.02575,0.03073,0.00856,0.19375,0.02956,0.01573,0.02508,0.04656,0.13234,0.02937,0.44254,0.02001,-60.47,4.463,-1,0.0000,-1.00,0.0000,0
70960,1790782218159,0.05436,0.12646,0.00856,0.11432,0.01616,0.02766,0.02509,0.03648,0.42887,0.01853,0.12487,0.01863,0.05651,0.05411,0.00647,0.10818,0.01570,0.02195,0.01922,0.04255,0.49244,0.01909,0.14528,0.01851,-60.59,5.146,-1,0.0000,-1.00,0.0000,0
71053,1790782218239,0.04058,0.08017,0.01086,0.12026,0.02083,0.02022,0.01871,0.06400,0.39010,0.01887,0.20190,0.01351,0.03371,0.00725,0.00937,0.09683,0.02255,0.01755,0.02059,0.07522,0.44803,0.01834,0.23844,0.01211,-60.20,4.681,-1,0.0000,-1.00,0.0000,0
71145,1790782218340,0.06456,0.05521,0.00723,0.17884,0.01755,0.01748,0.00902,0.07141,0.28379,0.02049,0.26215,0.01227,0.05972,0.00559,0.00452,0.15239,0.01849,0.00911,0.00968,0.08469,0.30984,0.02088,0.31232,0.01278,-59.64,3.405,-1,0.0000,-1.00,0.0000,0
71238,1790782218419,0.02639,0.06279,0.03037,0.14738,0.00984,0.01122,0.01054,0.03971,0.30619,0.03027,0.30549,0.01982,0.02399,0.00661,0.02949,0.10438,0.00748,0.00887,0.01129,0.04176,0.34619,0.03479,0.36429,0.02086,-59.42,3.674,-1,0.0000,-1.00,0.0000,0
71331,1790782218521,0.06218,0.07903,0.02403,0.17409,0.01497,0.02563,0.01715,0.10363,0.24491,0.04853,0.16766,0.03818,0.05029,0.04384,0.01760,0.16963,0.00847,0.02167,0.01186,0.12068,0.25984,0.05647,0.19660,0.04305,-59.83,2.939,-1,0.0000,-1.00,0.0000,0
71424,1790782218601,0.02543,0.10217,0.06441,0.12187,0.01941,0.01228,0.02418,0.09661,0.28484,0.14035,0.08932,0.01912,0.01082,0.05969,0.04462,0.12531,0.01969,0.01257,0.01319,0.11087,0.31647,0.16427,0.10454,0.01796,-58.42,3.418,-1,0.0000,-1.00,0.0000,0
71517,1790782218699,0.02719,0.04073,0.15905,0.11389,0.01919,0.00515,0.01785,0.04612,0.12335,0.25308,0.18114,0.01325,0.01702,0.03295,0.13127,0.09355,0.02043,0.00280,0.01486,0.02924,0.12926,0.29920,0.21650,0.01293,-58.29,3.037,-1,0.0000,-1.00,0.0000,0
71610,1790782218820,0.04204,0.05574,0.20047,0.09385,0.01886,0.01350,0.01672,0.09764,0.20280,0.11858,0.12293,0.01686,0.03651,0.02194,0.21278,0.08360,0.01940,0.00894,0.01568,0.07482,0.22627,0.13840,0.14553,0.01612,-58.83,2.434,-1,0.0000,-1.00,0.0000,0
71703,1790782218902,0.07694,0.04566,0.06784,0.10818,0.01141,0.02077,0.04222,0.17505,0.14943,0.06774,0.20389,0.03087,0.05765,0.02314,0.06551,0.08173,0.00916,0.01346,0.04600,0.19677,0.16260,0.07960,0.24164,0.02273,-58.65,2.447,-1,0.0000,-1.00,0.0000,0
71796,1790782219001,0.01897,0.05509,0.07656,0.15893,0.01652,0.01491,0.05067,0.06711,0.23606,0.06357,0.20636,0.03526,0.00914,0.01627,0.07711,0.14205,0.01367,0.01605,0.05749,0.06512,0.25433,0.07383,0.24408,0.03085,-59.64,2.833,-1,0.0000,-1.00,0.0000,0
71888,1790782219078,0.03525,0.07445,0.04817,0.13202,0.02946,0.01553,0.01585,0.07704,0.34530,0.03503,0.15769,0.03419,0.02783,0.01204,0.05043,0.12125,0.02821,0.01309,0.01661,0.08232,0.38931,0.03679,0.18635,0.03577,-60.08,4.144,-1,0.0000,-1.00,0.0000,0
71981,1790782219180,0.06566,0.05789,0.01207,0.16430,0.04269,0.02130,0.01284,0.06706,0.28528,0.03932,0.19965,0.03195,0.06337,0.00821,0.00670,0.14995,0.04429,0.01296,0.01362,0.07916,0.31130,0.03914,0.23666,0.03464,-59.92,3.423,-1,0.0000,-1.00,0.0000,0
72074,1790782219262,0.06401,0.03693,0.02199,0.24715,0.03357,0.01918,0.02776,0.10364,0.20996,0.04165,0.16765,0.02651,0.05255,0.00471,0.01780,0.25685,0.03430,0.01346,0.03233,0.12066,0.20066,0.04310,0.19822,0.02535,-60.00,2.966,-1,0.0000,-1.00,0.0000,0
72167,1790782219361,0.05407,0.05738,0.02330,0.25533,0.02289,0.01514,0.01988,0.06043,0.32780,0.03105,0.11901,0.01372,0.04949,0.00375,0.02144,0.27801,0.02509,0.00833,0.02301,0.06823,0.33725,0.03265,0.14095,0.01180,-60.09,3.934,-1,0.0000,-1.00,0.0000,0
72260,1790782219473,0.06915,0.07061,0.03065,0.14938,0.01162,0.02287,0.01595,0.06470,0.38299,0.04989,0.11540,0.01679,0.06680,0.00111,0.02530,0.15213,0.01063,0.01416,0.01794,0.07346,0.42876,0.05767,0.13547,0.01657,-59.43,4.596,-1,0.0000,-1.00,0.0000,0
72353,1790782219540,0.06345,0.06726,0.01808,0.11905,0.02191,0.01984,0.05532,0.09397,0.33085,0.05208,0.13411,0.02409,0.05399,0.00639,0.01011,0.11139,0.02083,0.01531,0.06442,0.11119,0.37436,0.05827,0.15766,0.01609,-58.76,3.970,-1,0.0000,-1.00,0.0000,0
72446,1790782219638,0.03609,0.07168,0.01841,0.06782,0.01277,0.00825,0.16076,0.06088,0.35180,0.06353,0.11039,0.03762,0.02906,0.00466,0.00734,0.05521,0.01389,0.00413,0.19162,0.07157,0.40974,0.07424,0.13145,0.00709,-59.32,4.222,-1,0.0000,-1.00,0.0000,0
72539,1790782219716,0.04021,0.08310,0.01473,0.11105,0.02512,0.01155,0.03667,0.04752,0.39850,0.05695,0.15720,0.01739,0.03811,0.00869,0.00522,0.09598,0.02783,0.00629,0.04188,0.05624,0.45848,0.06272,0.18711,0.01146,-59.57,4.782,-1,0.0000,-1.00,0.0000,0
72632,1790782219818,0.02431,0.07516,0.00682,0.14468,0.01800,0.00883,0.02111,0.02914,0.36070,0.01529,0.26515,0.03082,0.02241,0.00873,0.00513,0.11062,0.01517,0.00614,0.02357,0.03390,0.41028,0.01531,0.31649,0.03225,-59.16,4.328,-1,0.0000,-1.00,0.0000,0
72724,1790782219898,0.05631,0.13953,0.00375,0.09474,0.01168,0.07785,0.03902,0.02526,0.35116,0.00965,0.16255,0.02850,0.06150,0.08691,0.00253,0.07809,0.00839,0.08109,0.02953,0.02977,0.40530,0.00990,0.17870,0.02830,-59.19,4.214,-1,0.0000,-1.00,0.0000,0
72817,1790782220000,0.03630,0.23464,0.00167,0.04527,0.00573,0.06513,0.04836,0.01884,0.45930,0.00586,0.06020,0.01870,0.03902,0.17376,0.00068,0.04276,0.00206,0.07159,0.02349,0.02245,0.54188,0.00661,0.05794,0.01775,-58.35,5.512,-1,0.0000,-1.00,0.0000,0
72910,1790782220123,0.02825,0.18698,0.00202,0.03556,0.00296,0.03658,0.04474,0.02682,0.53386,0.00845,0.07934,0.01444,0.02750,0.09822,0.00048,0.02527,0.00146,0.03838,0.03414,0.03204,0.63468,0.00983,0.08746,0.01053,-57.93,6.406,-1,0.0000,-1.00,0.0000,0
73003,1790782220199,0.00933,0.18522,0.00414,0.03039,0.00275,0.03021,0.04311,0.02205,0.58582,0.00953,0.06629,0.01116,0.00708,0.08366,0.00278,0.02204,0.00223,0.03480,0.03505,0.02589,0.69751,0.01105,0.07253,0.00539,-59.01,7.030,-1,0.0000,-1.00,0.0000,0
73096,1790782220302,0.01108,0.17227,0.00435,0.02487,0.00483,0.03231,0.02737,0.01354,0.64760,0.01650,0.02780,0.01747,0.01010,0.05357,0.00138,0.02464,0.00251,0.03671,0.02213,0.01600,0.77103,0.01934,0.02603,0.01654,-58.90,7.771,-1,0.0000,-1.00,0.0000,0
73189,1790782220379,0.02091,0.14023,0.01736,0.05524,0.01600,0.04916,0.04527,0.04135,0.38171,0.06536,0.10319,0.06422,0.01539,0.07915,0.00543,0.04388,0.00543,0.05585,0.03826,0.04876,0.44837,0.07756,0.11257,0.06936,-59.15,4.581,-1,0.0000,-1.00,0.0000,0
73282,1790782220480,0.02753,0.12749,0.01356,0.08325,0.02401,0.08171,0.17739,0.03894,0.12433,0.04267,0.14052,0.11860,0.02392,0.12602,0.00640,0.07004,0.00795,0.09317,0.18723,0.04573,0.13494,0.04971,0.14991,0.10499,-59.53,2.129,-1,0.0000,-1.00,0.0000,0
73375,1790782220560,0.00754,0.06422,0.11472,0.07106,0.02457,0.05662,0.13693,0.03714,0.13107,0.12836,0.13423,0.09354,0.00546,0.04886,0.10743,0.05589,0.01365,0.06676,0.15439,0.02321,0.14558,0.15149,0.14761,0.07968,-58.82,1.643,-1,0.0000,-1.00,0.0000,0
73467,1790782220660,0.00965,0.04832,0.12403,0.06008,0.03743,0.06671,0.06805,0.03626,0.16897,0.16672,0.14114,0.07264,0.00737,0.01965,0.11022,0.04155,0.03072,0.07847,0.07629,0.02295,0.19423,0.19368,0.15357,0.07130,-58.78,2.028,-1,0.0000,-1.00,0.0000,0
73560,1790782220760,0.01974,0.04293,0.05566,0.05150,0.04261,0.07344,0.16467,0.02600,0.19085,0.16796,0.09648,0.06817,0.01824,0.00820,0.02837,0.04211,0.04255,0.08438,0.19569,0.02553,0.21988,0.19328,0.09888,0.04289,-58.99,2.290,-1,0.0000,-1.00,0.0000,0
73653,1790782220840,0.05519,0.06570,0.06454,0.05289,0.04002,0.05597,0.09453,0.02609,0.22503,0.10960,0.13562,0.07482,0.06151,0.02710,0.05265,0.03332,0.03427,0.05502,0.10737,0.02135,0.26304,0.12453,0.15160,0.06824,-59.57,2.700,-1,0.0000,-1.00,0.0000,0
73746,1790782220941,0.08097,0.09052,0.03579,0.04585,0.01874,0.04758,0.15303,0.01769,0.24104,0.08059,0.12723,0.06097,0.09348,0.05255,0.02429,0.02623,0.01477,0.03848,0.17171,0.01761,0.28346,0.09381,0.14482,0.03878,-59.89,2.893,-1,0.0000,-1.00,0.0000,0
73839,1790782221021,0.12197,0.08333,0.03575,0.04140,0.01922,0.04438,0.09797,0.02061,0.27666,0.12475,0.07483,0.05912,0.14126,0.03591,0.01373,0.03283,0.01332,0.02518,0.10999,0.02226,0.32499,0.14684,0.08467,0.04903,-59.45,3.320,-1,0.0000,-1.00,0.0000,0
73932,1790782221120,0.20806,0.05999,0.03922,0.04747,0.02473,0.05765,0.12266,0.02536,0.13751,0.16697,0.05299,0.05739,0.24420,0.04135,0.00818,0.04511,0.02165,0.02067,0.13878,0.02876,0.15583,0.19578,0.05939,0.04029,-58.15,2.497,-1,0.0000,-1.00,0.0000,0
74025,1790782221199,0.21942,0.03855,0.05173,0.04012,0.01259,0.06039,0.20261,0.02522,0.11067,0.13939,0.03422,0.06509,0.25773,0.02172,0.02922,0.04079,0.00897,0.02127,0.23783,0.02506,0.12452,0.16525,0.03679,0.03085,-57.58,2.633,-1,0.0000,-1.00,0.0000,0
74118,1790782221299,0.11822,0.03680,0.07555,0.06523,0.01770,0.03040,0.23577,0.02441,0.08418,0.13827,0.09195,0.08151,0.13798,0.02639,0.05812,0.05667,0.01272,0.00907,0.27644,0.01857,0.08932,0.16347,0.10838,0.04287,-57.16,2.829,-1,0.0000,-1.00,0.0000,0
74210,1790782221419,0.05709,0.01893,0.04725,0.15511,0.03288,0.01210,0.03084,0.25672,0.08368,0.10071,0.08586,0.11885,0.06639,0.00932,0.03351,0.16564,0.02076,0.00455,0.03510,0.30096,0.06743,0.11657,0.10198,0.07780,-57.60,3.081,-1,0.0000,-1.00,0.0000,0
74303,1790782221504,0.14874,0.05682,0.04682,0.14608,0.04957,0.00777,0.03213,0.11969,0.20054,0.06807,0.05335,0.07042,0.17361,0.02691,0.04057,0.16264,0.01637,0.00692,0.03316,0.13538,0.20805,0.07832,0.06255,0.05551,-58.62,2.406,-1,0.0000,-1.00,0.0000,0
74396,1790782221600,0.02200,0.07126,0.03948,0.19376,0.02662,0.00562,0.08989,0.05983,0.23805,0.04830,0.09650,0.10868,0.01357,0.03716,0.03613,0.20941,0.01002,0.00404,0.10034,0.06453,0.24326,0.05636,0.11483,0.11033,-57.98,2.857,-1,0.0000,-1.00,0.0000,0
74489,1790782221679,0.12178,0.03795,0.02061,0.14168,0.02670,0.02217,0.02353,0.15578,0.10795,0.02384,0.24879,0.06922,0.14183,0.02430,0.01950,0.11093,0.01462,0.00667,0.02337,0.18280,0.10681,0.02622,0.29678,0.04616,-57.03,2.985,-1,0.0000,-1.00,0.0000,0
74582,1790782221779,0.03729,0.06026,0.01618,0.22598,0.03511,0.01818,0.03910,0.04641,0.13257,0.05709,0.20950,0.12234,0.03741,0.04960,0.00625,0.22157,0.01516,0.01437,0.03702,0.05437,0.11405,0.06628,0.24819,0.13574,-57.04,2.712,-1,0.0000,-1.00,0.0000,0
74675,1790782221859,0.04248,0.05230,0.16322,0.11381,0.03107,0.01272,0.05782,0.06707,0.17093,0.12861,0.10738,0.05258,0.03446,0.03341,0.16587,0.11142,0.02131,0.01429,0.06237,0.04778,0.18273,0.14988,0.12584,0.05064,-57.68,2.051,-1,0.0000,-1.00,0.0000,0
74768,1790782221973,0.05053,0.05265,0.05237,0.15953,0.02807,0.01361,0.04913,0.04042,0.18882,0.15182,0.11956,0.09348,0.03718,0.03943,0.02722,0.16311,0.01342,0.00894,0.05080,0.04330,0.19392,0.17925,0.14149,0.10194,-58.51,2.266,-1,0.0000,-1.00,0.0000,0
74861,1790782222061,0.04202,0.04620,0.12382,0.12250,0.01425,0.01505,0.02757,0.07458,0.08675,0.33638,0.08655,0.02434,0.03533,0.03973,0.06894,0.12666,0.01227,0.01103,0.02509,0.07576,0.07884,0.40063,0.10152,0.02419,-58.57,4.037,-1,0.0000,-1.00,0.0000,0
74954,1790782222140,0.04408,0.04894,0.12778,0.09379,0.01217,0.01185,0.03581,0.09921,0.09623,0.31124,0.08213,0.03675,0.03440,0.03944,0.07948,0.09317,0.00763,0.00739,0.03509,0.10313,0.09683,0.37143,0.09695,0.03507,-57.61,3.735,-1,0.0000,-1.00,0.0000,0
75046,1790782222239,0.03689,0.02078,0.18093,0.09010,0.00821,0.01107,0.02040,0.05370,0.04129,0.19799,0.31930,0.01934,0.03855,0.01636,0.17000,0.03234,0.00616,0.00562,0.02118,0.03066,0.04307,0.23602,0.38148,0.01854,-57.07,3.832,-1,0.0000,-1.00,0.0000,0
75139,1790782222319,0.01801,0.01197,0.09889,0.14222,0.00669,0.00940,0.01013,0.03412,0.03026,0.16923,0.45873,0.01035,0.01628,0.00985,0.07853,0.06176,0.00595,0.00804,0.01012,0.02538,0.02402,0.20159,0.54807,0.01039,-56.93,5.505,-1,0.0000,-1.00,0.0000,0
75232,1790782222420,0.02684,0.01389,0.05555,0.13326,0.02257,0.01563,0.01009,0.01649,0.04558,0.19791,0.37811,0.08410,0.02886,0.00858,0.01984,0.07037,0.00744,0.01301,0.00958,0.01664,0.04066,0.23567,0.45048,0.09887,-57.14,4.537,-1,0.0000,-1.00,0.0000,0
75325,1790782222501,0.03767,0.03119,0.05398,0.10758,0.03276,0.01376,0.00829,0.02841,0.06045,0.15159,0.36315,0.11117,0.03888,0.02536,0.02908,0.04310,0.01039,0.01143,0.00490,0.02827,0.06389,0.17958,0.43287,0.13224,-57.52,4.358,-1,0.0000,-1.00,0.0000,0
75418,1790782222602,0.02674,0.04626,0.04786,0.18725,0.02896,0.03883,0.01637,0.03045,0.13318,0.18102,0.17666,0.08641,0.02407,0.03239,0.01493,0.18405,0.01470,0.04176,0.01320,0.03353,0.12310,0.21399,0.20340,0.10088,-57.94,2.247,-1,0.0000,-1.00,0.0000,0
75511,1790782222726,0.06533,0.04379,0.03009,0.17323,0.02114,0.06063,0.02255,0.03710,0.11529,0.12319,0.24509,0.06257,0.06863,0.03217,0.00724,0.15167,0.01128,0.05904,0.02064,0.04301,0.10807,0.14538,0.28198,0.07089,-58.43,2.941,-1,0.0000,-1.00,0.0000,0
75604,1790782222800,0.05049,0.05033,0.03875,0.13447,0.03714,0.06310,0.03183,0.05409,0.13439,0.10786,0.22594,0.07161,0.04850,0.03271,0.02193,0.11005,0.02874,0.06600,0.03157,0.06053,0.13922,0.12355,0.25765,0.07954,-59.17,2.711,-1,0.0000,-1.00,0.0000,0
75697,1790782222901,0.07612,0.07716,0.03073,0.21632,0.02173,0.07229,0.02448,0.05617,0.13788,0.09562,0.16993,0.02156,0.07748,0.06940,0.01496,0.22163,0.02153,0.07127,0.01558,0.06434,0.12128,0.11031,0.18949,0.02275,-60.03,2.596,-1,0.0000,-1.00,0.0000,0
75789,1790782222980,0.12759,0.07565,0.03219,0.12532,0.02783,0.11102,0.03404,0.06395,0.18132,0.04851,0.10444,0.06812,0.13878,0.05267,0.02778,0.12951,0.01836,0.10552,0.03035,0.07112,0.19159,0.05449,0.10422,0.07561,-60.59,2.176,-1,0.0000,-1.00,0.0000,0
75882,1790782223081,0.06023,0.06364,0.02456,0.20502,0.03552,0.08090,0.04139,0.09735,0.18965,0.08680,0.06937,0.04558,0.04944,0.04035,0.01003,0.23270,0.03101,0.08949,0.04159,0.11466,0.18111,0.09786,0.06538,0.04637,-60.98,2.460,-1,0.0000,-1.00,0.0000,0
75975,1790782223160,0.05650,0.06387,0.01348,0.20989,0.03180,0.04438,0.02067,0.04528,0.28693,0.05273,0.13006,0.04441,0.05593,0.01897,0.00475,0.22226,0.02852,0.04209,0.02101,0.05331,0.29975,0.05753,0.14750,0.04840,-60.58,3.443,-1,0.0000,-1.00,0.0000,0
76068,1790782223259,0.07603,0.06292,0.00943,0.15896,0.03521,0.05700,0.03781,0.07476,0.23735,0.04858,0.16350,0.03846,0.07338,0.02506,0.00112,0.15375,0.03464,0.05375,0.04034,0.08935,0.25392,0.05134,0.18526,0.03808,-60.64,2.848,-1,0.0000,-1.00,0.0000,0
76161,1790782223360,0.07364,0.06662,0.02276,0.10793,0.04882,0.06949,0.03231,0.07655,0.24751,0.05265,0.16381,0.03790,0.07065,0.02469,0.01676,0.09314,0.05081,0.06926,0.03352,0.08871,0.27812,0.05302,0.18256,0.03876,-59.73,2.970,-1,0.0000,-1.00,0.0000,0
76254,1790782223441,0.05625,0.03102,0.16291,0.07651,0.04751,0.03304,0.05912,0.07228,0.13573,0.06846,0.14642,0.11075,0.05419,0.00721,0.18023,0.05803,0.03272,0.02885,0.05363,0.06666,0.15114,0.07554,0.16973,0.12208,-57.70,1.955,-1,0.0000,-1.00,0.0000,0
76347,1790782223540,0.03712,0.07941,0.27304,0.15263,0.01184,0.01573,0.03696,0.10298,0.09856,0.03290,0.12506,0.03378,0.03258,0.07777,0.31964,0.15367,0.00730,0.01239,0.02887,0.06003,0.08764,0.03798,0.14740,0.03476,-57.43,3.276,-1,0.0000,-1.00,0.0000,0
76440,1790782223620,0.06291,0.05949,0.01170,0.31135,0.04090,0.03678,0.03293,0.05256,0.14778,0.03399,0.13956,0.07005,0.06318,0.04961,0.00724,0.34116,0.03353,0.03155,0.02962,0.06155,0.10930,0.03422,0.16098,0.07807,-57.46,3.736,-1,0.0000,-1.00,0.0000,0
76532,1790782223720,0.10016,0.05052,0.03198,0.10369,0.05126,0.05218,0.16844,0.07187,0.10221,0.06046,0.08309,0.12414,0.10449,0.04045,0.02550,0.10615,0.03966,0.04181,0.19372,0.08115,0.10130,0.06471,0.09128,0.10978,-56.98,2.021,-1,0.0000,-1.00,0.0000,0
76625,1790782223800,0.06868,0.04558,0.01379,0.12656,0.03370,0.06310,0.07167,0.17131,0.14171,0.05085,0.10167,0.11137,0.04146,0.02649,0.00503,0.13016,0.01694,0.06755,0.08063,0.20427,0.14358,0.05799,0.10844,0.11746,-56.97,2.056,-1,0.0000,-1.00,0.0000,0
76718,1790782223919,0.06368,0.09246,0.02058,0.06562,0.04168,0.10215,0.09187,0.14435,0.13874,0.08831,0.08172,0.06885,0.04222,0.08037,0.00509,0.06371,0.03687,0.11445,0.09415,0.17195,0.15342,0.09871,0.07523,0.06383,-56.87,1.732,-1,0.0000,-1.00,0.0000,0
76811,1790782224020,0.10999,0.06973,0.04458,0.06111,0.01164,0.14408,0.04520,0.07292,0.12826,0.19005,0.08750,0.03494,0.11480,0.05549,0.00846,0.05833,0.00734,0.14988,0.04316,0.08570,0.14156,0.22683,0.07514,0.03331,-56.32,2.281,-1,0.0000,-1.00,0.0000,0
76904,1790782224099,0.05446,0.07786,0.04294,0.05146,0.01764,0.12314,0.04395,0.08260,0.15616,0.17355,0.14684,0.02940,0.04772,0.05750,0.01079,0.03224,0.01522,0.13897,0.04126,0.09683,0.18053,0.20513,0.14840,0.02539,-56.55,2.083,-1,0.0000,-1.00,0.0000,0
76997,1790782224200,0.04597,0.13215,0.04125,0.04815,0.02108,0.11259,0.08488,0.07200,0.18430,0.12332,0.07852,0.05578,0.03866,0.11630,0.02073,0.04404,0.01508,0.12725,0.07798,0.08283,0.21210,0.14478,0.06886,0.05138,-57.27,2.212,-1,0.0000,-1.00,0.0000,0
77090,1790782224279,0.03251,0.11032,0.03907,0.03896,0.02273,0.15582,0.07551,0.07693,0.14708,0.15727,0.08395,0.05984,0.02055,0.09907,0.01006,0.03392,0.01579,0.18264,0.07045,0.09058,0.16938,0.18545,0.06439,0.05774,-56.87,1.887,-1,0.0000,-1.00,0.0000,0
77183,1790782224379,0.10294,0.04562,0.04779,0.04891,0.01157,0.21020,0.05652,0.12080,0.11890,0.10008,0.10061,0.03604,0.09575,0.02838,0.03380,0.04385,0.00775,0.23288,0.06210,0.13805,0.13378,0.11839,0.07439,0.03088,-56.71,2.522,-1,0.0000,-1.00,0.0000,0
77276,1790782224481,0.10812,0.05031,0.02723,0.06443,0.00724,0.22142,0.03298,0.07087,0.18243,0.08941,0.11805,0.02749,0.11317,0.01927,0.01152,0.05870,0.00355,0.24288,0.03570,0.08264,0.20693,0.10647,0.09331,0.02587,-56.75,2.657,-1,0.0000,-1.00,0.0000,0
77368,1790782224559,0.07611,0.07116,0.02841,0.06320,0.04255,0.09714,0.06004,0.06329,0.25147,0.08432,0.10120,0.06112,0.07653,0.02800,0.01551,0.05566,0.03908,0.10122,0.06639,0.07276,0.29009,0.09349,0.10119,0.06007,-55.94,3.018,-1,0.0000,-1.00,0.0000,0
77461,1790782224661,0.03408,0.07026,0.03782,0.14213,0.04308,0.06217,0.05393,0.04072,0.23898,0.07730,0.12464,0.07489,0.02871,0.03689,0.02811,0.14340,0.03609,0.06880,0.05731,0.04322,0.25658,0.08682,0.13571,0.07837,-55.94,2.868,-1,0.0000,-1.00,0.0000,0
77554,1790782224739,0.05072,0.06877,0.07769,0.15207,0.02576,0.08962,0.04146,0.05031,0.15441,0.12528,0.11740,0.04652,0.04846,0.05483,0.06402,0.15831,0.01762,0.10151,0.03881,0.04759,0.15364,0.14662,0.12054,0.04805,-57.08,1.853,-1,0.0000,-1.00,0.0000,0
77647,1790782224841,0.02654,0.07664,0.03415,0.30698,0.01769,0.04162,0.03544,0.03167,0.19105,0.11428,0.09842,0.02553,0.02462,0.06033,0.01433,0.34625,0.01568,0.04564,0.03049,0.03513,0.15997,0.13413,0.10889,0.02455,-56.80,3.684,-1,0.0000,-1.00,0.0000,0
77740,1790782224919,0.03323,0.08647,0.04156,0.28815,0.01801,0.04887,0.02529,0.05910,0.23904,0.05394,0.06694,0.03941,0.02725,0.05987,0.03747,0.33146,0.01294,0.05316,0.01844,0.06339,0.22062,0.06217,0.06967,0.04357,-56.51,3.458,-1,0.0000,-1.00,0.0000,0
77833,1790782225021,0.02870,0.12748,0.02026,0.11220,0.03985,0.02605,0.04048,0.03784,0.30572,0.06899,0.12761,0.06483,0.02533,0.08503,0.00916,0.10521,0.03248,0.02737,0.03143,0.04374,0.34547,0.07623,0.14748,0.07107,-57.06,3.669,-1,0.0000,-1.00,0.0000,0
77926,1790782225099,0.02938,0.11207,0.01953,0.05836,0.02758,0.01957,0.02535,0.03900,0.39327,0.07681,0.14563,0.05346,0.02509,0.04335,0.00598,0.03606,0.02120,0.01847,0.02168,0.04565,0.46409,0.08783,0.17083,0.05976,-57.36,4.719,-1,0.0000,-1.00,0.0000,0
78019,1790782225220,0.01408,0.12210,0.04892,0.03760,0.05518,0.01231,0.01137,0.03114,0.49643,0.08221,0.05990,0.02876,0.01129,0.02979,0.04144,0.03132,0.05967,0.01252,0.00772,0.02910,0.58863,0.08667,0.06929,0.03257,-58.08,5.957,-1,0.0000,-1.00,0.0000,0
78111,1790782225320,0.04204,0.06262,0.02859,0.31814,0.03737,0.03436,0.02587,0.04709,0.20475,0.04412,0.11609,0.03896,0.04055,0.04035,0.02521,0.35493,0.03650,0.03313,0.02300,0.05143,0.17497,0.04562,0.13254,0.04176,-58.00,3.818,-1,0.0000,-1.00,0.0000,0
78204,1790782225399,0.02140,0.04736,0.01041,0.43776,0.00965,0.02763,0.01305,0.01618,0.28820,0.03877,0.06398,0.02563,0.02167,0.00862,0.00343,0.51053,0.00448,0.03034,0.01392,0.01870,0.24408,0.04561,0.07065,0.02795,-57.43,5.253,-1,0.0000,-1.00,0.0000,0
78297,1790782225502,0.03833,0.08465,0.01526,0.15961,0.03859,0.13190,0.01331,0.01738,0.37039,0.02638,0.08129,0.02292,0.04255,0.02043,0.01365,0.17783,0.04131,0.14961,0.01190,0.01812,0.40856,0.02342,0.06775,0.02488,-57.78,4.445,-1,0.0000,-1.00,0.0000,0
78390,1790782225579,0.06467,0.03881,0.00866,0.08819,0.02214,0.41320,0.02268,0.01733,0.14162,0.02662,0.13615,0.01992,0.07349,0.01648,0.00495,0.09222,0.02272,0.48055,0.02348,0.02022,0.15142,0.02740,0.06788,0.01921,-57.15,4.958,-1,0.0000,-1.00,0.0000,0
78483,1790782225680,0.07366,0.03239,0.03951,0.06239,0.01425,0.45659,0.02330,0.02372,0.12185,0.01820,0.12043,0.01371,0.08406,0.01250,0.04360,0.06700,0.01475,0.53044,0.02400,0.02122,0.13273,0.01889,0.03914,0.01168,-56.19,5.479,-1,0.0000,-1.00,0.0000,0
78576,1790782225761,0.11281,0.03042,0.06425,0.04612,0.01702,0.21762,0.02562,0.03110,0.12196,0.26213,0.05707,0.01389,0.12815,0.00948,0.01544,0.05096,0.01818,0.23535,0.02759,0.03543,0.13603,0.31049,0.02172,0.01117,-55.61,3.146,-1,0.0000,-1.00,0.0000,0
78669,1790782225859,0.10678,0.02545,0.07238,0.02703,0.02469,0.12705,0.04165,0.05144,0.09884,0.35558,0.04557,0.02354,0.11503,0.00889,0.00322,0.02671,0.02444,0.13089,0.04814,0.06100,0.11314,0.42123,0.02866,0.01866,-56.08,4.267,-1,0.0000,-1.00,0.0000,0
78762,1790782225959,0.12606,0.04394,0.04779,0.04982,0.04013,0.09929,0.10161,0.05337,0.17153,0.16069,0.05523,0.05055,0.13918,0.01397,0.02061,0.05017,0.04075,0.09138,0.11899,0.05987,0.19511,0.18494,0.04807,0.03698,-57.57,2.058,-1,0.0000,-1.00,0.0000,0
78854,1790782226041,0.13519,0.03741,0.03649,0.07724,0.04820,0.12084,0.04585,0.03292,0.14122,0.16008,0.11248,0.05207,0.15312,0.01540,0.00757,0.07033,0.04743,0.11444,0.05188,0.03795,0.15527,0.18241,0.11209,0.05211,-57.23,1.921,-1,0.0000,-1.00,0.0000,0
78947,1790782226142,0.11090,0.04784,0.02656,0.05873,0.04980,0.16480,0.03628,0.06315,0.19493,0.12991,0.08404,0.03308,0.11831,0.01372,0.00305,0.05726,0.05323,0.17435,0.04075,0.07506,0.22222,0.14511,0.06613,0.03079,-56.79,2.339,-1,0.0000,-1.00,0.0000,0
79040,1790782226219,0.15386,0.05034,0.03244,0.04799,0.03860,0.13704,0.06539,0.03559,0.19412,0.14016,0.06020,0.04427,0.17455,0.01767,0.00705,0.04833,0.03795,0.13032,0.07444,0.04165,0.22292,0.16051,0.04630,0.03829,-56.87,2.329,-1,0.0000,-1.00,0.0000,0
79133,1790782226319,0.10076,0.05802,0.05114,0.05649,0.04400,0.10517,0.08844,0.03454,0.16632,0.17046,0.06733,0.05732,0.11341,0.03220,0.02248,0.05576,0.04302,0.10354,0.09955,0.03697,0.18824,0.19572,0.06016,0.04895,-56.62,2.046,-1,0.0000,-1.00,0.0000,0
79226,1790782226401,0.05036,0.04686,0.02240,0.14663,0.06741,0.05031,0.05388,0.05703,0.22613,0.09736,0.13838,0.04323,0.04702,0.00822,0.00632,0.14501,0.06854,0.05540,0.06281,0.06721,0.24176,0.10353,0.15483,0.03934,-56.16,2.714,-1,0.0000,-1.00,0.0000,0
79319,1790782226520,0.03844,0.07213,0.04389,0.14332,0.03485,0.04201,0.04250,0.05415,0.25329,0.10380,0.12868,0.04295,0.03619,0.03213,0.02926,0.14287,0.03372,0.04316,0.04455,0.05908,0.27519,0.11769,0.14564,0.04053,-56.71,3.040,-1,0.0000,-1.00,0.0000,0
79412,1790782226620,0.03531,0.04796,0.07574,0.16812,0.02872,0.03964,0.01864,0.04463,0.25453,0.08213,0.17247,0.03213,0.03680,0.00338,0.07235,0.16206,0.02808,0.04020,0.02166,0.03914,0.27286,0.09285,0.19869,0.03196,-57.16,3.054,-1,0.0000,-1.00,0.0000,0
79505,1790782226700,0.03244,0.05066,0.05887,0.20381,0.05286,0.03086,0.02515,0.02419,0.21976,0.09570,0.15206,0.05365,0.03495,0.01673,0.04984,0.20928,0.05162,0.03005,0.02615,0.01977,0.22184,0.10444,0.17624,0.05910,-56.89,2.637,-1,0.0000,-1.00,0.0000,0
79598,1790782226800,0.06445,0.09424,0.02275,0.18947,0.05874,0.03742,0.05118,0.04440,0.17768,0.09609,0.11564,0.04794,0.06351,0.08200,0.00683,0.20083,0.06076,0.03224,0.04483,0.05209,0.17309,0.10309,0.13217,0.04856,-57.61,2.274,-1,0.0000,-1.00,0.0000,0
79690,1790782226879,0.04478,0.10774,0.03190,0.14975,0.05558,0.03613,0.05785,0.05337,0.20667,0.09296,0.09235,0.07091,0.04195,0.08671,0.01811,0.15887,0.05192,0.03498,0.05194,0.06055,0.21577,0.10148,0.10373,0.07400,-58.64,2.480,-1,0.0000,-1.00,0.0000,0
79783,1790782226979,0.05043,0.13651,0.06194,0.07971,0.02699,0.03592,0.03969,0.04687,0.30358,0.06609,0.12920,0.02307,0.05163,0.09406,0.05955,0.06619,0.02618,0.03463,0.02891,0.04436,0.35064,0.07401,0.14794,0.02191,-57.39,3.643,-1,0.0000,-1.00,0.0000,0
79876,1790782227060,0.02882,0.03732,0.08436,0.39071,0.01923,0.02654,0.02597,0.03724,0.25513,0.02643,0.05081,0.01742,0.02661,0.00226,0.09558,0.45713,0.01959,0.02653,0.01722,0.03912,0.21509,0.02779,0.05562,0.01746,-56.10,4.688,-1,0.0000,-1.00,0.0000,0
79969,1790782227160,0.06602,0.04839,0.01388,0.33269,0.02465,0.05174,0.02817,0.05986,0.20662,0.02812,0.09547,0.04439,0.06387,0.02535,0.01058,0.37790,0.02012,0.04933,0.02872,0.06963,0.17185,0.03052,0.10462,0.04749,-56.05,3.992,-1,0.0000,-1.00,0.0000,0
80062,1790782227259,0.04663,0.05607,0.01933,0.19066,0.06181,0.16603,0.04072,0.04331,0.14189,0.05154,0.11697,0.06504,0.04571,0.04281,0.01329,0.20813,0.06034,0.18988,0.03925,0.05030,0.12876,0.04980,0.10252,0.06920,-56.09,2.288,-1,0.0000,-1.00,0.0000,0
80155,1790782227339,0.03770,0.06860,0.02796,0.05992,0.04460,0.30845,0.09576,0.03455,0.09166,0.08246,0.09827,0.05006,0.03643,0.06391,0.01571,0.06269,0.04554,0.36238,0.10140,0.03895,0.09740,0.08978,0.04592,0.03989,-56.86,3.701,-1,0.0000,-1.00,0.0000,0
80248,1790782227441,0.06098,0.11193,0.01511,0.07564,0.03633,0.10606,0.10118,0.08480,0.18316,0.05143,0.09528,0.07811,0.05259,0.09407,0.00703,0.07258,0.02901,0.11666,0.10259,0.10021,0.20508,0.05587,0.09104,0.07326,-57.48,2.198,-1,0.0000,-1.00,0.0000,0
80341,1790782227519,0.03758,0.14414,0.01404,0.08123,0.02979,0.14737,0.05710,0.03494,0.27930,0.04921,0.08867,0.03662,0.03693,0.10963,0.00626,0.08292,0.02883,0.16927,0.04646,0.04084,0.31823,0.05325,0.07270,0.03467,-57.31,3.352,-1,0.0000,-1.00,0.0000,0
80433,1790782227620,0.03033,0.14352,0.02289,0.04838,0.01938,0.21575,0.08685,0.03654,0.15595,0.08217,0.11836,0.03990,0.02666,0.13836,0.00857,0.03981,0.01686,0.25323,0.07649,0.04223,0.17897,0.09512,0.09162,0.03209,-57.03,2.589,-1,0.0000,-1.00,0.0000,0
80526,1790782227699,0.01831,0.11237,0.01481,0.06353,0.02668,0.25321,0.13653,0.02755,0.09640,0.05687,0.13579,0.05794,0.01560,0.11394,0.00517,0.05568,0.02375,0.30032,0.14101,0.03198,0.10447,0.06344,0.10318,0.04147,-57.25,3.039,-1,0.0000,-1.00,0.0000,0
80619,1790782227826,0.02330,0.11750,0.02271,0.12470,0.03229,0.14823,0.06568,0.04147,0.22792,0.05281,0.09924,0.04415,0.01870,0.09187,0.01586,0.13268,0.03059,0.17391,0.06049,0.04655,0.24680,0.05722,0.08443,0.04091,-58.20,2.735,-1,0.0000,-1.00,0.0000,0
80712,1790782227920,0.02295,0.13733,0.09866,0.09710,0.04393,0.10641,0.05233,0.05034,0.20906,0.03476,0.11684,0.03030,0.01984,0.11868,0.11169,0.09345,0.04696,0.12357,0.03870,0.03866,0.23142,0.03290,0.11551,0.02864,-58.54,2.509,-1,0.0000,-1.00,0.0000,0
80805,1790782228000,0.05120,0.05872,0.04293,0.06256,0.01694,0.27825,0.04752,0.03210,0.05589,0.19531,0.14019,0.01840,0.05443,0.05968,0.00573,0.05434,0.01789,0.32262,0.04510,0.03733,0.05608,0.23061,0.10402,0.01218,-57.47,3.339,-1,0.0000,-1.00,0.0000,0
80898,1790782228100,0.07507,0.03562,0.05971,0.06090,0.00938,0.18145,0.09244,0.02093,0.04780,0.27162,0.11753,0.02757,0.08507,0.03345,0.00733,0.05293,0.00874,0.20055,0.10315,0.02461,0.04656,0.32395,0.10107,0.01258,-56.97,3.259,-1,0.0000,-1.00,0.0000,0
80991,1790782228179,0.06851,0.06417,0.03633,0.08663,0.05270,0.12986,0.14277,0.04941,0.11081,0.10849,0.10455,0.04577,0.07062,0.05410,0.01956,0.08484,0.05064,0.14944,0.15778,0.05789,0.11498,0.12092,0.09566,0.02357,-57.01,1.713,-1,0.0000,-1.00,0.0000,0
81084,1790782228282,0.04367,0.06330,0.03129,0.27332,0.03690,0.03577,0.06576,0.02532,0.18546,0.08974,0.11497,0.03450,0.04687,0.04374,0.01745,0.30167,0.03495,0.03737,0.06949,0.02752,0.16194,0.10109,0.13036,0.02756,-56.21,3.280,-1,0.0000,-1.00,0.0000,0
81176,1790782228359,0.02017,0.03662,0.02018,0.40747,0.03328,0.03480,0.04463,0.02394,0.20286,0.03306,0.11057,0.03241,0.02055,0.01454,0.01735,0.46346,0.03449,0.03763,0.05059,0.02525,0.14948,0.03450,0.12503,0.02713,-56.58,4.890,-1,0.0000,-1.00,0.0000,0
81269,1790782228477,0.02551,0.04676,0.01425,0.38043,0.01105,0.04990,0.04837,0.02224,0.20291,0.04253,0.13318,0.02288,0.02487,0.02518,0.00724,0.42637,0.00984,0.05487,0.05191,0.02627,0.15804,0.04958,0.14870,0.01713,-57.37,4.565,-1,0.0000,-1.00,0.0000,0
81362,1790782228560,0.04276,0.04538,0.20267,0.09788,0.02497,0.07227,0.04647,0.07742,0.09382,0.03660,0.23544,0.02432,0.04150,0.03485,0.23489,0.06450,0.02429,0.08003,0.04584,0.04913,0.09852,0.04015,0.26625,0.02005,-58.29,2.825,-1,0.0000,-1.00,0.0000,0
81455,1790782228640,0.03982,0.06016,0.01721,0.17358,0.03394,0.08131,0.04511,0.01943,0.17818,0.04522,0.26926,0.03678,0.04116,0.03830,0.01108,0.14753,0.03380,0.08927,0.04646,0.02109,0.18363,0.04811,0.30494,0.03463,-60.31,3.231,-1,0.0000,-1.00,0.0000,0
81548,1790782228739,0.02888,0.06484,0.01245,0.27946,0.01551,0.04383,0.03538,0.02768,0.17387,0.02972,0.27639,0.01198,0.02834,0.04710,0.00847,0.27105,0.01703,0.04690,0.03293,0.03161,0.15432,0.03252,0.32188,0.00782,-59.85,3.353,-1,0.0000,-1.00,0.0000,0
81641,1790782228819,0.05646,0.07258,0.03019,0.23354,0.01640,0.03649,0.03033,0.03763,0.19263,0.13216,0.12499,0.03661,0.06026,0.05110,0.00527,0.25139,0.01225,0.03177,0.02596,0.04430,0.18098,0.15593,0.14346,0.03733,-57.42,2.802,-1,0.0000,-1.00,0.0000,0
81734,1790782228919,0.21042,0.05138,0.02665,0.08349,0.02572,0.16069,0.03898,0.03176,0.08322,0.10115,0.11460,0.07195,0.24492,0.04488,0.00851,0.07848,0.01521,0.14399,0.03781,0.03637,0.08416,0.11819,0.10877,0.07872,-56.29,2.525,-1,0.0000,-1.00,0.0000,0
81827,1790782229000,0.07353,0.04903,0.05809,0.08026,0.01511,0.11414,0.06309,0.03835,0.12259,0.14802,0.17296,0.06485,0.07951,0.03282,0.03465,0.05985,0.00519,0.12122,0.06908,0.03909,0.13503,0.17633,0.18321,0.06401,-55.99,2.075,-1,0.0000,-1.00,0.0000,0
81919,1790782229126,0.05125,0.03304,0.05998,0.05600,0.05415,0.02791,0.06060,0.20284,0.04688,0.04989,0.09732,0.26015,0.01523,0.03060,0.06025,0.04518,0.00570,0.03042,0.06654,0.23111,0.04721,0.05865,0.11058,0.29853,-55.40,3.122,-1,0.0000,-1.00,0.0000,0
82012,1790782229219,0.07840,0.03117,0.07707,0.06807,0.03403,0.01230,0.03895,0.30392,0.12567,0.02814,0.05416,0.14813,0.01939,0.01584,0.08590,0.06913,0.00727,0.01090,0.04273,0.34793,0.13665,0.03251,0.06273,0.16902,-55.42,3.647,-1,0.0000,-1.00,0.0000,0
82105,1790782229299,0.06652,0.03814,0.10361,0.05254,0.02003,0.01416,0.05698,0.31019,0.16865,0.02325,0.07252,0.07340,0.01164,0.00847,0.11886,0.04632,0.00940,0.01480,0.06651,0.34821,0.19223,0.02666,0.08396,0.07293,-55.45,3.722,-1,0.0000,-1.00,0.0000,0
82198,1790782229400,0.08902,0.02422,0.05089,0.04762,0.01568,0.04599,0.06377,0.40531,0.10566,0.02261,0.05358,0.07566,0.00914,0.00919,0.05575,0.04643,0.00368,0.05336,0.07459,0.47460,0.11740,0.02637,0.05362,0.07587,-55.83,4.864,-1,0.0000,-1.00,0.0000,0
82291,1790782229479,0.09426,0.01781,0.11611,0.02436,0.01672,0.01642,0.03336,0.49498,0.05113,0.03999,0.02406,0.07081,0.00982,0.01025,0.12976,0.02419,0.00610,0.01819,0.03794,0.56739,0.05592,0.04726,0.02522,0.06797,-56.24,5.940,-1,0.0000,-1.00,0.0000,0
82384,1790782229580,0.11110,0.03195,0.02630,0.01998,0.01519,0.01742,0.05120,0.54872,0.08834,0.01494,0.02013,0.05472,0.00390,0.01810,0.02824,0.01995,0.00747,0.02010,0.05777,0.65190,0.10182,0.01650,0.02014,0.05412,-56.71,6.585,-1,0.0000,-1.00,0.0000,0
82477,1790782229659,0.07988,0.04109,0.03320,0.06876,0.01525,0.02147,0.11342,0.32663,0.17322,0.04074,0.04003,0.04631,0.01933,0.01099,0.03053,0.07381,0.01071,0.02372,0.13372,0.38533,0.19292,0.04669,0.04326,0.02899,-57.77,3.920,-1,0.0000,-1.00,0.0000,0
82570,1790782229759,0.06609,0.04201,0.06175,0.06344,0.02387,0.09198,0.03976,0.27349,0.14864,0.11189,0.04540,0.03168,0.01607,0.01779,0.04828,0.06943,0.02281,0.10703,0.04389,0.31837,0.16417,0.12972,0.03318,0.02926,-57.17,3.282,-1,0.0000,-1.00,0.0000,0
82663,1790782229860,0.09942,0.03232,0.07203,0.02930,0.03443,0.07085,0.10024,0.23083,0.12831,0.08350,0.04723,0.07155,0.06122,0.01488,0.06759,0.02675,0.02883,0.07275,0.11630,0.26405,0.14834,0.09443,0.04217,0.06267,-55.90,2.770,-1,0.0000,-1.00,0.0000,0
82755,1790782229941,0.07681,0.01906,0.14580,0.03396,0.01659,0.06322,0.04939,0.34232,0.10176,0.01855,0.05571,0.07683,0.00905,0.00827,0.17042,0.03037,0.00389,0.07396,0.05754,0.37639,0.11575,0.02162,0.05209,0.08065,-55.41,4.108,-1,0.0000,-1.00,0.0000,0
82848,1790782230042,0.07819,0.04380,0.04495,0.06880,0.02229,0.03134,0.05222,0.33576,0.17959,0.03896,0.05033,0.05378,0.01571,0.01264,0.04524,0.07183,0.01630,0.03444,0.06007,0.39335,0.20095,0.04346,0.05349,0.05253,-56.42,4.029,-1,0.0000,-1.00,0.0000,0
82941,1790782230120,0.04932,0.05031,0.07576,0.05491,0.02238,0.02694,0.09583,0.21184,0.21494,0.03765,0.08245,0.07766,0.00744,0.01568,0.08221,0.04742,0.01258,0.03097,0.11125,0.23801,0.24755,0.04322,0.09266,0.07100,-57.44,2.579,-1,0.0000,-1.00,0.0000,0
83034,1790782230221,0.07794,0.01903,0.17814,0.03795,0.00855,0.01885,0.10400,0.35613,0.08925,0.02898,0.03849,0.04268,0.01392,0.00748,0.20677,0.03711,0.00523,0.01982,0.12313,0.38574,0.09952,0.03375,0.04219,0.02533,-56.72,4.274,-1,0.0000,-1.00,0.0000,0
83127,1790782230319,0.08762,0.02149,0.07108,0.02730,0.00865,0.01733,0.27674,0.31052,0.07380,0.00837,0.02833,0.06878,0.03204,0.01177,0.08338,0.02655,0.00696,0.01442,0.32913,0.35568,0.08283,0.00899,0.03108,0.01717,-56.94,3.726,-1,0.0000,-1.00,0.0000,0
83220,1790782230420,0.06043,0.04704,0.05278,0.05730,0.00983,0.01408,0.14473,0.28258,0.19207,0.07170,0.02719,0.04028,0.00780,0.01321,0.04656,0.06281,0.00907,0.01532,0.17080,0.32936,0.21770,0.08412,0.02954,0.01372,-58.02,3.391,-1,0.0000,-1.00,0.0000,0
83313,1790782230521,0.04599,0.09082,0.02815,0.03965,0.01357,0.01521,0.06240,0.17869,0.39176,0.08269,0.02555,0.02552,0.01323,0.01751,0.01450,0.04205,0.01300,0.01560,0.07130,0.21124,0.46058,0.09702,0.02753,0.01645,-58.31,4.701,-1,0.0000,-1.00,0.0000,0
83406,1790782230600,0.04346,0.05106,0.03934,0.09755,0.01246,0.04315,0.06315,0.17051,0.19235,0.11645,0.13593,0.03460,0.01228,0.01889,0.01986,0.08653,0.00952,0.04927,0.07158,0.20072,0.21332,0.13765,0.15311,0.02727,-58.47,2.308,-1,0.0000,-1.00,0.0000,0
83498,1790782230701,0.04381,0.06517,0.03391,0.08041,0.01217,0.05348,0.08865,0.12134,0.29331,0.04702,0.11172,0.04901,0.02473,0.01129,0.02970,0.07213,0.00700,0.05918,0.10343,0.14007,0.33693,0.05517,0.12214,0.03822,-58.64,3.520,-1,0.0000,-1.00,0.0000,0
83591,1790782230780,0.03991,0.09012,0.03598,0.04709,0.00986,0.03359,0.01639,0.11782,0.45492,0.05726,0.06527,0.03177,0.01747,0.00720,0.02969,0.04238,0.00523,0.03695,0.01786,0.13564,0.53656,0.06772,0.07088,0.03242,-57.79,5.459,-1,0.0000,-1.00,0.0000,0
83684,1790782230880,0.02635,0.09932,0.01874,0.02989,0.01437,0.02205,0.03583,0.05617,0.52063,0.05769,0.05057,0.06840,0.01041,0.00446,0.00886,0.02476,0.00261,0.02436,0.04188,0.06572,0.61893,0.06860,0.05576,0.07365,-56.73,6.248,-1,0.0000,-1.00,0.0000,0
83777,1790782230976,0.02994,0.08159,0.03602,0.06184,0.01224,0.03592,0.03992,0.05796,0.39156,0.11271,0.09554,0.04476,0.02187,0.00771,0.01654,0.05292,0.00574,0.03880,0.04588,0.06659,0.45834,0.13427,0.10679,0.04453,-56.50,4.699,-1,0.0000,-1.00,0.0000,0
83870,1790782231060,0.02759,0.09206,0.02737,0.03829,0.01095,0.05001,0.04164,0.03422,0.46172,0.08665,0.08032,0.04919,0.02540,0.00182,0.01229,0.02896,0.00338,0.05488,0.04946,0.03864,0.54724,0.10342,0.08536,0.04914,-56.57,5.541,-1,0.0000,-1.00,0.0000,0
83963,1790782231159,0.02512,0.08820,0.02471,0.04097,0.01034,0.05311,0.02000,0.06520,0.44777,0.10439,0.07240,0.04778,0.01479,0.00067,0.00489,0.03428,0.00198,0.06071,0.02376,0.07723,0.52975,0.12469,0.07472,0.05255,-56.30,5.373,-1,0.0000,-1.00,0.0000,0
84056,1790782231241,0.02560,0.07984,0.02416,0.06416,0.01530,0.06460,0.03128,0.05333,0.40556,0.07544,0.09441,0.06632,0.01845,0.00164,0.01114,0.05735,0.00404,0.07374,0.03716,0.06169,0.47436,0.08983,0.09851,0.07210,-56.71,4.867,-1,0.0000,-1.00,0.0000,0
84149,1790782231340,0.02191,0.10005,0.02361,0.04800,0.00598,0.07744,0.01475,0.03951,0.50176,0.06647,0.07814,0.02237,0.01731,0.00238,0.01259,0.04247,0.00252,0.08936,0.01677,0.04528,0.59274,0.07922,0.07591,0.02345,-57.00,6.021,-1,0.0000,-1.00,0.0000,0
84241,1790782231419,0.02644,0.09204,0.02009,0.03803,0.00850,0.06464,0.01144,0.03054,0.50398,0.06530,0.11209,0.02691,0.01526,0.00086,0.00869,0.02186,0.00430,0.07443,0.01296,0.03545,0.59934,0.07760,0.11956,0.02967,-56.87,6.048,-1,0.0000,-1.00,0.0000,0
84334,1790782231520,0.03676,0.08911,0.03101,0.08074,0.01412,0.04350,0.02340,0.05930,0.36727,0.13777,0.09460,0.02242,0.03021,0.02252,0.00492,0.07609,0.01253,0.04614,0.02357,0.07008,0.42499,0.16260,0.10421,0.02214,-57.13,4.407,-1,0.0000,-1.00,0.0000,0
84427,1790782231620,0.13902,0.07964,0.02407,0.03976,0.00910,0.06030,0.03377,0.04640,0.40615,0.08383,0.05541,0.02256,0.14740,0.00885,0.00921,0.03617,0.00706,0.04304,0.03856,0.05392,0.47949,0.09904,0.05786,0.01938,-56.97,4.874,-1,0.0000,-1.00,0.0000,0
84520,1790782231721,0.17769,0.05282,0.01168,0.03671,0.00715,0.05154,0.03194,0.12310,0.38550,0.04630,0.05542,0.02016,0.15425,0.00251,0.00320,0.03204,0.00526,0.03118,0.03769,0.14695,0.45557,0.05443,0.06022,0.01669,-57.26,4.626,-1,0.0000,-1.00,0.0000,0
84613,1790782231821,0.11330,0.05316,0.03503,0.03351,0.00797,0.04853,0.06173,0.15687,0.28198,0.12268,0.04655,0.03869,0.09581,0.00112,0.01296,0.03064,0.00324,0.03917,0.07374,0.18540,0.33181,0.14635,0.04801,0.03174,-57.09,3.384,-1,0.0000,-1.00,0.0000,0
84706,1790782231900,0.06905,0.03110,0.03057,0.04723,0.00972,0.17454,0.05043,0.07349,0.25851,0.12857,0.09152,0.03527,0.04095,0.00212,0.00632,0.04275,0.00563,0.20103,0.06000,0.08681,0.30128,0.15294,0.06982,0.03036,-56.56,3.102,-1,0.0000,-1.00,0.0000,0
84799,1790782232000,0.02464,0.05378,0.04317,0.03562,0.01556,0.25572,0.01534,0.04665,0.23722,0.13816,0.07874,0.05539,0.01910,0.00950,0.01915,0.03588,0.00612,0.30263,0.01601,0.05259,0.27714,0.16433,0.03435,0.06320,-57.06,3.069,-1,0.0000,-1.00,0.0000,0
84892,1790782232081,0.05637,0.04822,0.03046,0.03001,0.01533,0.21676,0.01257,0.09304,0.26449,0.12545,0.06464,0.04266,0.03815,0.00373,0.00705,0.03051,0.00880,0.25217,0.01432,0.11009,0.31087,0.14857,0.02746,0.04828,-57.83,3.174,-1,0.0000,-1.00,0.0000,0
84985,1790782232180,0.10985,0.04754,0.01958,0.02417,0.00902,0.27492,0.01775,0.09274,0.22442,0.06264,0.08959,0.02778,0.10994,0.00444,0.00877,0.01978,0.00501,0.30762,0.02039,0.10938,0.26495,0.07410,0.04637,0.02925,-58.47,3.299,-1,0.0000,-1.00,0.0000,0
85077,1790782232259,0.11259,0.03547,0.01650,0.03461,0.00849,0.34252,0.05397,0.02403,0.17961,0.07150,0.08841,0.03230,0.12701,0.00362,0.00296,0.03562,0.00488,0.38539,0.06395,0.02821,0.20810,0.08476,0.02953,0.02596,-58.18,4.110,-1,0.0000,-1.00,0.0000,0
85170,1790782232362,0.09590,0.07393,0.01401,0.02880,0.00709,0.16799,0.05039,0.02612,0.39849,0.04786,0.06311,0.02630,0.10352,0.00050,0.00560,0.02662,0.00464,0.18077,0.05988,0.03059,0.47221,0.05643,0.03978,0.01946,-57.48,4.782,-1,0.0000,-1.00,0.0000,0
85263,1790782232460,0.07250,0.07413,0.01049,0.07280,0.00748,0.15122,0.06831,0.01818,0.39992,0.03058,0.06087,0.03354,0.07751,0.00251,0.00547,0.07929,0.00426,0.16583,0.08096,0.02108,0.46348,0.03580,0.04006,0.02375,-57.14,4.799,-1,0.0000,-1.00,0.0000,0
85356,1790782232540,0.04339,0.09204,0.01946,0.12381,0.01583,0.05174,0.03986,0.05909,0.47624,0.02208,0.03999,0.01647,0.03864,0.00270,0.01873,0.14099,0.01690,0.05434,0.04695,0.06736,0.54270,0.02311,0.03714,0.01043,-57.17,5.715,-1,0.0000,-1.00,0.0000,0
85449,1790782232640,0.02810,0.08302,0.02013,0.14132,0.00866,0.10856,0.03207,0.04454,0.42366,0.02250,0.06600,0.02144,0.02391,0.00523,0.01904,0.15858,0.00680,0.12534,0.03739,0.04960,0.47622,0.02561,0.05424,0.01804,-58.13,5.084,-1,0.0000,-1.00,0.0000,0
85542,1790782232720,0.03046,0.06288,0.01103,0.08479,0.00641,0.19394,0.08871,0.05089,0.30993,0.01949,0.11096,0.03051,0.02475,0.00503,0.00876,0.08418,0.00457,0.22748,0.10529,0.05925,0.35468,0.02245,0.08786,0.01569,-58.89,3.719,-1,0.0000,-1.00,0.0000,0
85635,1790782232819,0.03439,0.06056,0.00380,0.18370,0.00519,0.11460,0.09898,0.04286,0.33300,0.01081,0.08521,0.02691,0.03108,0.00155,0.00216,0.20503,0.00448,0.13116,0.11829,0.05093,0.35837,0.01207,0.07610,0.00880,-59.32,3.996,-1,0.0000,-1.00,0.0000,0
85728,1790782232920,0.05898,0.08815,0.00839,0.12261,0.00348,0.08405,0.03588,0.05689,0.46601,0.00704,0.05743,0.01109,0.05747,0.00031,0.00851,0.13678,0.00322,0.08931,0.04280,0.06662,0.53128,0.00780,0.05110,0.00480,-58.72,5.592,-1,0.0000,-1.00,0.0000,0
85820,1790782233020,0.07085,0.12345,0.00104,0.05918,0.00274,0.03356,0.00604,0.02178,0.63151,0.00354,0.04299,0.00334,0.07941,0.00067,0.00050,0.06166,0.00277,0.02447,0.00706,0.02604,0.74442,0.00374,0.04666,0.00260,-57.87,7.578,-1,0.0000,-1.00,0.0000,0
85913,1790782233120,0.07096,0.10649,0.03699,0.06936,0.00583,0.03849,0.02324,0.02350,0.53752,0.01724,0.05817,0.01222,0.08088,0.00269,0.04043,0.07047,0.00513,0.03008,0.02652,0.02093,0.63010,0.01964,0.06373,0.00938,-58.44,6.450,-1,0.0000,-1.00,0.0000,0
86006,1790782233199,0.15798,0.09838,0.01841,0.03831,0.01090,0.08352,0.01601,0.02940,0.46104,0.01632,0.05730,0.01244,0.18290,0.00978,0.01860,0.03481,0.01076,0.06381,0.01672,0.03205,0.54554,0.01742,0.05600,0.01159,-59.05,5.533,-1,0.0000,-1.00,0.0000,0
86099,1790782233299,0.07459,0.05327,0.01758,0.08498,0.01488,0.03983,0.02558,0.02809,0.23348,0.04459,0.35840,0.02472,0.08314,0.00907,0.01099,0.01793,0.01309,0.03125,0.02885,0.03148,0.27621,0.05083,0.42325,0.02390,-57.30,4.301,-1,0.0000,-1.00,0.0000,0
86192,1790782233380,0.04958,0.03109,0.01675,0.09598,0.01535,0.03336,0.06389,0.02190,0.11404,0.06852,0.41521,0.07433,0.05390,0.01134,0.00392,0.01753,0.00366,0.02929,0.07429,0.02548,0.13309,0.08146,0.49171,0.07434,-55.70,4.982,-1,0.0000,-1.00,0.0000,0
86285,1790782233480,0.11097,0.02048,0.01768,0.09448,0.02246,0.04719,0.02335,0.01485,0.09593,0.06667,0.38950,0.09644,0.12940,0.00287,0.00549,0.02196,0.00383,0.03214,0.02738,0.01675,0.11059,0.07913,0.46034,0.11013,-56.00,4.674,-1,0.0000,-1.00,0.0000,0
86378,1790782233562,0.13191,0.03515,0.02849,0.06931,0.03288,0.05081,0.01441,0.03962,0.10192,0.12038,0.25427,0.12087,0.14883,0.01885,0.00598,0.02388,0.01121,0.03138,0.01329,0.04653,0.11736,0.14205,0.29845,0.14219,-56.64,3.051,-1,0.0000,-1.00,0.0000,0
86471,1790782233660,0.19554,0.02714,0.00875,0.04784,0.03294,0.04126,0.03496,0.20827,0.08849,0.03353,0.14885,0.13241,0.18364,0.01369,0.00290,0.02248,0.00956,0.01303,0.03917,0.24898,0.10156,0.03830,0.17578,0.15090,-56.78,2.499,-1,0.0000,-1.00,0.0000,0
86563,1790782233759,0.24177,0.01839,0.01292,0.02519,0.03103,0.04485,0.01914,0.25656,0.03848,0.05311,0.11294,0.14563,0.22866,0.01325,0.00300,0.00368,0.00339,0.00841,0.02026,0.30687,0.04537,0.06296,0.13366,0.17048,-56.55,3.079,-1,0.0000,-1.00,0.0000,0
86656,1790782233841,0.38719,0.01334,0.01144,0.01952,0.01984,0.07679,0.02277,0.20916,0.03723,0.04830,0.05818,0.09623,0.41435,0.00753,0.00232,0.00996,0.00193,0.00988,0.02577,0.25019,0.04264,0.05749,0.06776,0.11020,-55.86,4.646,-1,0.0000,-1.00,0.0000,0
86749,1790782233942,0.21218,0.01804,0.02250,0.04936,0.04110,0.04930,0.02142,0.11640,0.05285,0.08649,0.15919,0.17118,0.22686,0.00997,0.00673,0.02188,0.00952,0.01410,0.02369,0.13814,0.05873,0.10202,0.18795,0.20042,-56.50,2.546,-1,0.0000,-1.00,0.0000,0
86842,1790782234019,0.11168,0.01471,0.02752,0.05179,0.03491,0.02771,0.01873,0.21246,0.06408,0.08958,0.19752,0.14930,0.08396,0.00303,0.01198,0.01579,0.00725,0.01656,0.02130,0.25274,0.07365,0.10590,0.23339,0.17443,-57.31,2.550,-1,0.0000,-1.00,0.0000,0
86935,1790782234119,0.09277,0.02664,0.01966,0.07884,0.03154,0.02367,0.01952,0.12937,0.08774,0.08192,0.28998,0.11836,0.07994,0.01335,0.00452,0.02608,0.01060,0.01251,0.02074,0.15412,0.09996,0.09606,0.34499,0.13714,-57.97,3.480,-1,0.0000,-1.00,0.0000,0
87028,1790782234220,0.11499,0.02892,0.03250,0.06002,0.07697,0.02859,0.07293,0.14719,0.10258,0.04922,0.16981,0.11628,0.10399,0.01155,0.02989,0.03216,0.06703,0.01456,0.08510,0.17044,0.11654,0.04569,0.20058,0.12246,-58.54,2.038,-1,0.0000,-1.00,0.0000,0
87121,1790782234322,0.23209,0.01777,0.01796,0.08113,0.03415,0.04034,0.03212,0.28209,0.06980,0.01638,0.12539,0.05080,0.21173,0.00740,0.01879,0.06767,0.03029,0.00636,0.03650,0.33480,0.07007,0.01377,0.14899,0.05363,-57.29,3.385,-1,0.0000,-1.00,0.0000,0
87214,1790782234420,0.16149,0.01569,0.03316,0.07473,0.01986,0.01851,0.01361,0.42291,0.08017,0.02026,0.10748,0.03214,0.09379,0.00292,0.03552,0.06415,0.01676,0.00359,0.01537,0.50006,0.08306,0.02124,0.12807,0.03546,-56.81,5.075,-1,0.0000,-1.00,0.0000,0
87307,1790782234499,0.18362,0.01441,0.02616,0.08590,0.01542,0.02386,0.01041,0.38294,0.05927,0.01042,0.14076,0.04684,0.13010,0.00592,0.02917,0.06960,0.00778,0.00280,0.01043,0.45395,0.05722,0.01095,0.16810,0.05398,-56.66,4.595,-1,0.0000,-1.00,0.0000,0
87399,1790782234601,0.14465,0.01274,0.02420,0.10017,0.01030,0.01961,0.01309,0.32892,0.05180,0.00516,0.26494,0.02442,0.09637,0.00524,0.02800,0.05728,0.00674,0.00479,0.01442,0.38881,0.05055,0.00501,0.31651,0.02627,-56.99,3.947,-1,0.0000,-1.00,0.0000,0
87492,1790782234680,0.17286,0.00456,0.03582,0.10772,0.01278,0.02773,0.01321,0.25773,0.04400,0.00462,0.28722,0.03175,0.14317,0.00175,0.04214,0.06104,0.00837,0.00485,0.01512,0.30083,0.04056,0.00393,0.34319,0.03504,-57.67,3.447,-1,0.0000,-1.00,0.0000,0
87585,1790782234780,0.14879,0.01284,0.02629,0.06116,0.00787,0.01414,0.01811,0.47868,0.06630,0.00840,0.13901,0.01842,0.06473,0.00225,0.02974,0.04043,0.00589,0.00411,0.02125,0.56768,0.07143,0.00890,0.16575,0.01785,-57.58,5.744,-1,0.0000,-1.00,0.0000,0
87678,1790782234861,0.08451,0.02679,0.02094,0.09429,0.00782,0.00912,0.01958,0.21645,0.24349,0.00389,0.25737,0.01575,0.02519,0.00192,0.02442,0.05208,0.00654,0.00594,0.02306,0.25454,0.28144,0.00337,0.30721,0.01430,-57.93,3.088,-1,0.0000,-1.00,0.0000,0
87771,1790782234971,0.11531,0.00589,0.01908,0.07159,0.00807,0.01140,0.01017,0.55310,0.02726,0.00435,0.16162,0.01216,0.00765,0.00246,0.02211,0.04787,0.00715,0.01223,0.01167,0.65839,0.02317,0.00380,0.19124,0.01226,-57.82,6.637,-1,0.0000,-1.00,0.0000,0
87864,1790782235060,0.10139,0.00719,0.02409,0.08120,0.00808,0.00734,0.00671,0.46248,0.03576,0.00683,0.24955,0.00936,0.01273,0.00163,0.02755,0.03827,0.00776,0.00627,0.00743,0.54899,0.03527,0.00665,0.29778,0.00967,-57.00,5.550,-1,0.0000,-1.00,0.0000,0
87957,1790782235141,0.16285,0.00487,0.03631,0.10064,0.01465,0.01962,0.01346,0.43921,0.03477,0.00778,0.15448,0.01136,0.09214,0.00090,0.04225,0.08411,0.01542,0.00524,0.01380,0.52005,0.02493,0.00632,0.18407,0.01078,-56.74,5.270,-1,0.0000,-1.00,0.0000,0
88050,1790782235239,0.14723,0.00419,0.02355,0.10489,0.00796,0.01157,0.01610,0.49712,0.02707,0.00361,0.14562,0.01108,0.05924,0.00229,0.02766,0.09118,0.00764,0.00212,0.01856,0.59047,0.01437,0.00281,0.17407,0.00960,-56.71,5.965,-1,0.0000,-1.00,0.0000,0
88142,1790782235319,0.10940,0.00331,0.01263,0.15394,0.00683,0.00873,0.01636,0.38280,0.03194,0.00328,0.26147,0.00929,0.04074,0.00119,0.01461,0.12244,0.00674,0.00238,0.01937,0.45579,0.01400,0.00260,0.31283,0.00729,-57.71,4.594,-1,0.0000,-1.00,0.0000,0
88235,1790782235442,0.10478,0.01171,0.01773,0.26572,0.00947,0.01383,0.02539,0.24988,0.11103,0.00304,0.17525,0.01217,0.06291,0.00266,0.02090,0.27693,0.00963,0.00410,0.02990,0.29527,0.07814,0.00174,0.20918,0.00865,-58.16,3.189,-1,0.0000,-1.00,0.0000,0
88328,1790782235522,0.08436,0.00639,0.02860,0.28844,0.01018,0.01074,0.01361,0.23671,0.07627,0.00382,0.23374,0.00715,0.04531,0.00189,0.03380,0.29026,0.01113,0.00389,0.01589,0.27697,0.03385,0.00236,0.27930,0.00534,-57.53,3.461,-1,0.0000,-1.00,0.0000,0
88421,1790782235620,0.06507,0.00671,0.03112,0.38254,0.01098,0.01154,0.00499,0.18982,0.07217,0.00658,0.20845,0.01003,0.03426,0.00700,0.03616,0.40914,0.01095,0.00704,0.00453,0.22034,0.00537,0.00571,0.24838,0.01112,-57.49,4.591,-1,0.0000,-1.00,0.0000,0
88514,1790782235719,0.05165,0.00503,0.02332,0.37601,0.00633,0.00534,0.01424,0.19832,0.07837,0.00513,0.22665,0.00960,0.01584,0.00301,0.02696,0.39684,0.00595,0.00325,0.01647,0.23229,0.01522,0.00499,0.27094,0.00823,-57.11,4.512,-1,0.0000,-1.00,0.0000,0
88607,1790782235799,0.08776,0.00400,0.02040,0.31421,0.00610,0.00682,0.00738,0.37942,0.06721,0.00631,0.09366,0.00671,0.01607,0.00276,0.02319,0.35445,0.00607,0.00498,0.00830,0.45003,0.01027,0.00636,0.11124,0.00627,-56.85,4.553,-1,0.0000,-1.00,0.0000,0
88700,1790782235901,0.07169,0.00333,0.01300,0.30644,0.00521,0.00229,0.00485,0.33236,0.06324,0.00178,0.18970,0.00613,0.00745,0.00167,0.01535,0.32218,0.00499,0.00126,0.00515,0.39553,0.01191,0.00114,0.22705,0.00632,-56.75,3.988,-1,0.0000,-1.00,0.0000,0
88793,1790782235980,0.02287,0.01268,0.00941,0.46260,0.00282,0.00316,0.00388,0.06751,0.12710,0.00206,0.28194,0.00398,0.01178,0.00416,0.01089,0.48738,0.00258,0.00146,0.00374,0.07882,0.05567,0.00195,0.33755,0.00403,-56.95,5.551,-1,0.0000,-1.00,0.0000,0
88885,1790782236081,0.03451,0.00885,0.01826,0.56035,0.00145,0.00464,0.00803,0.11796,0.14390,0.00387,0.09365,0.00453,0.01385,0.00219,0.02100,0.64930,0.00101,0.00282,0.00889,0.13747,0.04372,0.00443,0.11165,0.00367,-57.29,6.724,-1,0.0000,-1.00,0.0000,0
88978,1790782236160,0.02739,0.00506,0.00787,0.51429,0.00224,0.00250,0.00668,0.11695,0.11076,0.00241,0.20036,0.00346,0.00536,0.00214,0.00894,0.56872,0.00216,0.00194,0.00758,0.13837,0.01998,0.00246,0.23970,0.00265,-58.05,6.171,-1,0.0000,-1.00,0.0000,0
89071,1790782236259,0.03186,0.01313,0.00529,0.47044,0.00150,0.00452,0.00890,0.13596,0.09920,0.00471,0.21955,0.00495,0.00601,0.01236,0.00525,0.51172,0.00078,0.00439,0.00821,0.16188,0.01741,0.00550,0.26220,0.00430,-59.31,5.645,-1,0.0000,-1.00,0.0000,0
89164,1790782236362,0.04263,0.00701,0.00684,0.41104,0.00224,0.00272,0.00657,0.18009,0.10321,0.00204,0.23204,0.00357,0.00840,0.00117,0.00779,0.43747,0.00212,0.00159,0.00703,0.21485,0.03694,0.00203,0.27772,0.00288,-58.83,4.933,-1,0.0000,-1.00,0.0000,0
89257,1790782236441,0.04168,0.00720,0.01087,0.42440,0.00212,0.00592,0.00386,0.12694,0.10403,0.00142,0.26970,0.00186,0.02026,0.00138,0.01277,0.44459,0.00226,0.00308,0.00415,0.14977,0.03652,0.00125,0.32256,0.00141,-57.73,5.093,-1,0.0000,-1.00,0.0000,0
89350,1790782236540,0.04380,0.00552,0.00790,0.47379,0.00135,0.00282,0.00670,0.19404,0.10722,0.00173,0.15261,0.00253,0.00674,0.00203,0.00911,0.53155,0.00124,0.00212,0.00762,0.23070,0.02310,0.00182,0.18244,0.00152,-57.74,5.685,-1,0.0000,-1.00,0.0000,0
89443,1790782236619,0.03524,0.00497,0.00224,0.48016,0.00108,0.00223,0.00478,0.14806,0.11339,0.00103,0.20292,0.00389,0.00657,0.00032,0.00246,0.52720,0.00059,0.00137,0.00565,0.17693,0.03136,0.00112,0.24288,0.00354,-57.17,5.762,-1,0.0000,-1.00,0.0000,0
89536,1790782236740,0.02627,0.00316,0.00254,0.45472,0.00159,0.00294,0.00231,0.11868,0.08982,0.00280,0.29274,0.00243,0.00338,0.00114,0.00243,0.47544,0.00143,0.00285,0.00254,0.14172,0.01338,0.00308,0.35020,0.00241,-56.84,5.457,-1,0.0000,-1.00,0.0000,0
89629,1790782236820,0.04037,0.00601,0.00140,0.46631,0.00054,0.00257,0.00446,0.16926,0.11159,0.00094,0.19506,0.00149,0.00744,0.00163,0.00148,0.51248,0.00049,0.00160,0.00502,0.20252,0.03211,0.00103,0.23341,0.00080,-56.95,5.596,-1,0.0000,-1.00,0.0000,0
89721,1790782236920,0.03987,0.00193,0.00234,0.51033,0.00169,0.00499,0.00169,0.15584,0.10281,0.00193,0.17352,0.00307,0.01058,0.00057,0.00240,0.57044,0.00137,0.00388,0.00189,0.18627,0.01010,0.00205,0.20715,0.00331,-57.41,6.124,-1,0.0000,-1.00,0.0000,0
89814,1790782237020,0.01753,0.00534,0.00195,0.52574,0.00059,0.00493,0.00560,0.03535,0.11458,0.00355,0.28335,0.00148,0.01267,0.00130,0.00152,0.56280,0.00061,0.00340,0.00645,0.04206,0.02573,0.00414,0.33884,0.00049,-57.11,6.309,-1,0.0000,-1.00,0.0000,0
89907,1790782237099,0.01567,0.00333,0.00255,0.33442,0.00062,0.00335,0.00249,0.07031,0.05893,0.00194,0.50405,0.00234,0.00218,0.00104,0.00260,0.28113,0.00030,0.00359,0.00277,0.08373,0.01489,0.00226,0.60326,0.00225,-56.31,6.049,-1,0.0000,-1.00,0.0000,0
90000,1790782237201,0.04405,0.00322,0.00136,0.38409,0.00078,0.00375,0.00143,0.19395,0.07704,0.00477,0.28389,0.00168,0.00673,0.00100,0.00052,0.39292,0.00060,0.00316,0.00152,0.23230,0.01442,0.00559,0.33954,0.00172,-57.12,4.609,-1,0.0000,-1.00,0.0000,0
90093,1790782237279,0.05115,0.00228,0.00078,0.40854,0.00036,0.00508,0.00408,0.21747,0.08028,0.00186,0.22681,0.00131,0.00965,0.00079,0.00050,0.43582,0.00031,0.00417,0.00474,0.26049,0.00980,0.00217,0.27095,0.00063,-57.71,4.903,-1,0.0000,-1.00,0.0000,0
90186,1790782237381,0.01586,0.00131,0.00344,0.53181,0.00209,0.00246,0.00472,0.06719,0.09846,0.00304,0.26697,0.00264,0.00317,0.00074,0.00349,0.57391,0.00210,0.00232,0.00545,0.07988,0.00420,0.00322,0.31944,0.00208,-56.96,6.382,-1,0.0000,-1.00,0.0000,0
90279,1790782237473,0.00996,0.00211,0.00085,0.64685,0.00070,0.00359,0.00413,0.02832,0.12943,0.00343,0.16870,0.00194,0.00522,0.00067,0.00022,0.73514,0.00052,0.00330,0.00481,0.03389,0.00936,0.00400,0.20149,0.00137,-56.57,7.762,-1,0.0000,-1.00,0.0000,0
90372,1790782237562,0.02612,0.00375,0.00318,0.60823,0.00307,0.00520,0.00612,0.05602,0.13241,0.00582,0.14687,0.00322,0.01808,0.00032,0.00255,0.69402,0.00321,0.00264,0.00725,0.06664,0.02108,0.00634,0.17546,0.00242,-56.52,7.299,-1,0.0000,-1.00,0.0000,0
90464,1790782237661,0.01425,0.00621,0.00343,0.56897,0.00082,0.00557,0.00603,0.03981,0.13216,0.00863,0.21024,0.00387,0.00770,0.00089,0.00207,0.63202,0.00022,0.00528,0.00705,0.04730,0.03307,0.01030,0.25087,0.00324,-56.76,6.828,-1,0.0000,-1.00,0.0000,0
90557,1790782237739,0.01905,0.00960,0.00846,0.45555,0.00560,0.00865,0.01375,0.02619,0.11369,0.02441,0.29641,0.01864,0.01683,0.00337,0.00441,0.47573,0.00294,0.00702,0.01541,0.03090,0.04168,0.02890,0.35378,0.01902,-56.94,5.467,-1,0.0000,-1.00,0.0000,0
90650,1790782237842,0.01460,0.01705,0.21182,0.29468,0.00609,0.00479,0.01587,0.10424,0.11176,0.01850,0.17674,0.02386,0.00254,0.00611,0.24950,0.31132,0.00233,0.00523,0.01780,0.07544,0.07220,0.02171,0.21074,0.02506,-56.89,3.536,-1,0.0000,-1.00,0.0000,0
90743,1790782237919,0.02896,0.03186,0.08838,0.34577,0.01304,0.01157,0.01687,0.06809,0.15029,0.02351,0.18454,0.03711,0.02246,0.01705,0.10061,0.37085,0.00747,0.00941,0.01670,0.06178,0.10657,0.02669,0.21926,0.04115,-56.81,4.149,-1,0.0000,-1.00,0.0000,0
90836,1790782238044,0.05748,0.05621,0.02285,0.13833,0.03219,0.09427,0.07069,0.04590,0.13276,0.05773,0.17577,0.11581,0.05833,0.04087,0.01420,0.12798,0.01404,0.10140,0.07559,0.05319,0.13360,0.06651,0.19051,0.12378,-56.92,2.109,-1,0.0000,-1.00,0.0000,0
90929,1790782238121,0.03896,0.05731,0.04614,0.18376,0.02618,0.03520,0.08011,0.09746,0.13597,0.07318,0.15167,0.07404,0.02424,0.04447,0.03858,0.18563,0.01720,0.03738,0.08718,0.10913,0.12613,0.08428,0.17433,0.07144,-57.55,2.205,-1,0.0000,-1.00,0.0000,0
91022,1790782238219,0.03404,0.05016,0.02600,0.21098,0.02428,0.04126,0.03916,0.11895,0.06376,0.05457,0.29026,0.04659,0.01320,0.05225,0.01895,0.18570,0.01945,0.04682,0.03619,0.13915,0.03958,0.06153,0.33852,0.04865,-57.53,3.483,-1,0.0000,-1.00,0.0000,0
91115,1790782238323,0.04857,0.03582,0.03558,0.17263,0.01542,0.12899,0.02469,0.03903,0.07037,0.11484,0.28707,0.02700,0.04955,0.03189,0.01584,0.14435,0.01283,0.14489,0.02326,0.04363,0.05563,0.13513,0.31526,0.02774,-56.96,3.445,-1,0.0000,-1.00,0.0000,0
91207,1790782238401,0.02581,0.05189,0.02795,0.21672,0.01602,0.09503,0.03422,0.03235,0.11222,0.10897,0.23134,0.04748,0.02599,0.04374,0.00799,0.20901,0.00966,0.10871,0.03233,0.03718,0.09303,0.12865,0.25564,0.04806,-56.89,2.776,-1,0.0000,-1.00,0.0000,0
91300,1790782238501,0.03883,0.06635,0.03486,0.15869,0.03450,0.07771,0.03930,0.02734,0.14054,0.15402,0.18802,0.03983,0.04029,0.05197,0.00649,0.14883,0.03333,0.08513,0.03679,0.03148,0.13890,0.17794,0.20841,0.04044,-57.24,2.256,-1,0.0000,-1.00,0.0000,0
91393,1790782238583,0.03971,0.14502,0.03572,0.12765,0.01714,0.08482,0.04121,0.05168,0.19579,0.15047,0.08357,0.02722,0.03621,0.13264,0.00766,0.13682,0.01510,0.09445,0.02308,0.06040,0.20748,0.17731,0.08141,0.02744,-56.95,2.349,-1,0.0000,-1.00,0.0000,0
91486,1790782238681,0.05409,0.15103,0.04220,0.10336,0.01023,0.12552,0.04904,0.02729,0.11156,0.14952,0.15038,0.02579,0.05838,0.15870,0.01534,0.09358,0.00720,0.13883,0.02730,0.02966,0.11512,0.17773,0.15267,0.02549,-56.51,1.812,-1,0.0000,-1.00,0.0000,0
91579,1790782238759,0.07503,0.11336,0.02558,0.07954,0.00736,0.22992,0.04937,0.03494,0.09820,0.11525,0.14775,0.02368,0.08174,0.11528,0.00339,0.07047,0.00293,0.26098,0.03631,0.04119,0.10370,0.13752,0.12530,0.02118,-55.89,2.759,-1,0.0000,-1.00,0.0000,0
91672,1790782238862,0.08059,0.10455,0.02472,0.09521,0.01008,0.21629,0.05594,0.01277,0.12697,0.09197,0.14271,0.03819,0.09384,0.09863,0.00797,0.08964,0.00487,0.24056,0.04748,0.01373,0.13438,0.10923,0.12332,0.03635,-55.91,2.595,-1,0.0000,-1.00,0.0000,0
91765,1790782238979,0.04837,0.08599,0.02030,0.11018,0.04012,0.08446,0.04802,0.06783,0.22661,0.07048,0.15402,0.04363,0.04213,0.05310,0.00914,0.09908,0.03954,0.09285,0.04665,0.07983,0.25189,0.07661,0.16615,0.04303,-56.41,2.719,-1,0.0000,-1.00,0.0000,0
91858,1790782239039,0.03321,0.12628,0.01999,0.16850,0.02394,0.05738,0.03831,0.06246,0.14672,0.05441,0.19139,0.07743,0.02522,0.12301,0.01134,0.15894,0.01114,0.06375,0.02152,0.07259,0.14367,0.06363,0.21669,0.08852,-56.70,2.297,-1,0.0000,-1.00,0.0000,0
91951,1790782239140,0.02750,0.19963,0.08544,0.09312,0.01654,0.05469,0.05246,0.05310,0.17816,0.09222,0.10086,0.04628,0.02336,0.20060,0.08083,0.09001,0.00973,0.06090,0.02310,0.04761,0.19552,0.10869,0.10878,0.05087,-57.12,2.396,-1,0.0000,-1.00,0.0000,0
92043,1790782239220,0.02208,0.17217,0.04095,0.22139,0.01044,0.03296,0.04207,0.04256,0.22805,0.05816,0.11516,0.01402,0.01760,0.16176,0.03555,0.23934,0.00990,0.03600,0.01835,0.04395,0.22535,0.06819,0.13085,0.01316,-56.57,2.737,-1,0.0000,-1.00,0.0000,0
92136,1790782239342,0.01615,0.20469,0.01443,0.25054,0.01815,0.02882,0.04525,0.03775,0.21021,0.04061,0.08438,0.04900,0.01104,0.20669,0.00806,0.28143,0.01076,0.03235,0.01318,0.04372,0.19606,0.04657,0.09470,0.05545,-56.74,3.006,-1,0.0000,-1.00,0.0000,0
92229,1790782239420,0.02070,0.31375,0.07783,0.06582,0.02819,0.02338,0.07132,0.03322,0.09108,0.05692,0.14168,0.07612,0.02050,0.35616,0.08035,0.04616,0.01637,0.02395,0.01486,0.02388,0.09979,0.06515,0.16502,0.08783,-57.72,3.765,-1,0.0000,-1.00,0.0000,0
92322,1790782239522,0.02362,0.36443,0.01658,0.10751,0.03033,0.02149,0.07376,0.03359,0.10179,0.03809,0.15378,0.03503,0.02063,0.41618,0.01192,0.09314,0.02823,0.02166,0.00518,0.03858,0.10351,0.04004,0.17997,0.04094,-57.79,4.373,-1,0.0000,-1.00,0.0000,0
92415,1790782239620,0.01636,0.24254,0.00722,0.29569,0.02460,0.01360,0.04875,0.03252,0.18950,0.01946,0.09441,0.01536,0.01213,0.25873,0.00499,0.33244,0.02582,0.01420,0.00713,0.03798,0.16088,0.01848,0.11031,0.01693,-56.71,3.548,-1,0.0000,-1.00,0.0000,0
92508,1790782239700,0.00944,0.22846,0.00720,0.43441,0.00778,0.01488,0.05000,0.01399,0.13586,0.01552,0.07145,0.01101,0.00792,0.26154,0.00519,0.50419,0.00701,0.01626,0.00784,0.01595,0.06276,0.01729,0.08239,0.01164,-55.98,5.213,-1,0.0000,-1.00,0.0000,0
92601,1790782239799,0.00666,0.27381,0.00755,0.23977,0.05612,0.03719,0.05661,0.01326,0.11205,0.03668,0.14364,0.01666,0.00484,0.31157,0.00283,0.25490,0.06352,0.04360,0.00599,0.01540,0.08373,0.03136,0.16347,0.01878,-56.27,3.286,-1,0.0000,-1.00,0.0000,0
92694,1790782239879,0.02709,0.23849,0.00385,0.09064,0.22397,0.05599,0.05087,0.01337,0.05070,0.04528,0.13593,0.06383,0.02955,0.27683,0.00380,0.07873,0.25347,0.06123,0.00602,0.01533,0.04506,0.00409,0.15073,0.07516,-56.67,2.862,-1,0.0000,-1.00,0.0000,0
92786,1790782239981,0.05721,0.22140,0.00771,0.08146,0.07406,0.15816,0.05474,0.02326,0.06499,0.02339,0.21639,0.01723,0.06328,0.25197,0.00698,0.05322,0.08393,0.17830,0.01564,0.02649,0.06728,0.01144,0.22394,0.01755,-56.87,2.657,-1,0.0000,-1.00,0.0000,0
92879,1790782240059,0.06448,0.11800,0.01141,0.09120,0.02373,0.29926,0.06023,0.02157,0.04395,0.04323,0.19524,0.02770,0.07224,0.13402,0.00433,0.07643,0.02365,0.34427,0.04554,0.02505,0.03751,0.04711,0.16570,0.02416,-56.99,3.591,-1,0.0000,-1.00,0.0000,0
92972,1790782240160,0.07602,0.10916,0.03598,0.05214,0.04578,0.19748,0.04413,0.02624,0.07748,0.16833,0.14548,0.02178,0.08500,0.11389,0.00512,0.03656,0.05087,0.21978,0.03031,0.03043,0.08555,0.19166,0.13075,0.02008,-57.47,2.370,-1,0.0000,-1.00,0.0000,0
93065,1790782240259,0.09295,0.12804,0.04440,0.06923,0.03754,0.06293,0.06730,0.03171,0.09655,0.18683,0.14250,0.04001,0.10425,0.13251,0.01030,0.05126,0.03762,0.05474,0.05438,0.03596,0.10552,0.21641,0.15990,0.03716,-58.10,2.242,-1,0.0000,-1.00,0.0000,0
93158,1790782240339,0.05424,0.16147,0.03901,0.11209,0.03321,0.06040,0.05198,0.03612,0.08029,0.14521,0.19742,0.02856,0.05742,0.17842,0.01359,0.08981,0.03426,0.06099,0.02691,0.04059,0.07839,0.16722,0.22447,0.02792,-58.72,2.369,-1,0.0000,-1.00,0.0000,0
93251,1790782240441,0.04312,0.21723,0.02755,0.10425,0.05994,0.06944,0.07100,0.03072,0.11197,0.09598,0.12696,0.04183,0.04486,0.23753,0.01271,0.09768,0.06338,0.07431,0.03799,0.03429,0.11481,0.10244,0.13740,0.04259,-57.97,2.607,-1,0.0000,-1.00,0.0000,0
93344,1790782240520,0.12459,0.04357,0.03201,0.08059,0.03609,0.14173,0.02069,0.04436,0.06843,0.14471,0.24492,0.01832,0.14008,0.03775,0.00548,0.04397,0.03979,0.14205,0.01730,0.05207,0.07294,0.16584,0.26531,0.01741,-57.65,2.939,-1,0.0000,-1.00,0.0000,0
93437,1790782240647,0.16830,0.03967,0.02921,0.06628,0.02880,0.15951,0.03537,0.02916,0.07938,0.11780,0.19301,0.05351,0.19399,0.03131,0.00784,0.03958,0.02320,0.15267,0.03581,0.03374,0.08682,0.13701,0.20101,0.05702,-57.46,2.316,-1,0.0000,-1.00,0.0000,0
93529,1790782240719,0.04355,0.05331,0.02734,0.17145,0.04256,0.03964,0.01849,0.05354,0.11911,0.12956,0.25419,0.04726,0.03960,0.04135,0.00356,0.14662,0.04032,0.03965,0.01396,0.06345,0.11365,0.14725,0.29672,0.05386,-57.05,3.050,-1,0.0000,-1.00,0.0000,0
93622,1790782240820,0.04616,0.06196,0.02883,0.21288,0.02972,0.02962,0.02553,0.05054,0.15068,0.06025,0.27421,0.02963,0.04413,0.04596,0.02139,0.19100,0.02941,0.02675,0.02144,0.05635,0.14269,0.06636,0.32327,0.03125,-57.76,3.291,-1,0.0000,-1.00,0.0000,0
93715,1790782240919,0.05801,0.08657,0.06303,0.11860,0.06667,0.04089,0.03685,0.10387,0.14480,0.09232,0.13784,0.05056,0.04890,0.07370,0.05633,0.11091,0.06940,0.03930,0.02945,0.11339,0.15151,0.09686,0.15738,0.05288,-57.86,1.738,-1,0.0000,-1.00,0.0000,0
93808,1790782240999,0.04879,0.06240,0.02897,0.20197,0.03322,0.02355,0.02467,0.08232,0.05967,0.05698,0.33267,0.04480,0.03979,0.06703,0.02235,0.16378,0.02981,0.02033,0.01627,0.09420,0.03903,0.06237,0.39459,0.05045,-57.70,3.992,-1,0.0000,-1.00,0.0000,0
93901,1790782241100,0.03883,0.12840,0.02125,0.12346,0.03378,0.04915,0.05069,0.06267,0.11254,0.08549,0.24390,0.04986,0.03536,0.13094,0.00636,0.09204,0.03072,0.05188,0.03448,0.07413,0.11661,0.09634,0.28196,0.04917,-58.02,2.927,-1,0.0000,-1.00,0.0000,0
93994,1790782241181,0.01415,0.18675,0.02391,0.07357,0.02103,0.01842,0.07421,0.03275,0.28408,0.06910,0.16128,0.04076,0.00873,0.15907,0.01289,0.05067,0.01714,0.02094,0.05650,0.03757,0.33026,0.07949,0.18910,0.03764,-58.10,3.409,-1,0.0000,-1.00,0.0000,0
94087,1790782241280,0.03066,0.32649,0.01099,0.07984,0.02056,0.01778,0.07895,0.02186,0.18366,0.04664,0.14975,0.03281,0.03165,0.34997,0.00279,0.06069,0.01784,0.01504,0.02517,0.02569,0.20804,0.05235,0.17645,0.03433,-58.18,3.918,-1,0.0000,-1.00,0.0000,0
94180,1790782241360,0.09339,0.17391,0.01810,0.22328,0.01397,0.08668,0.05105,0.04103,0.09918,0.02885,0.14801,0.02257,0.10112,0.19573,0.01530,0.23569,0.01204,0.08403,0.02237,0.04613,0.07211,0.03218,0.16069,0.02260,-56.91,2.679,-1,0.0000,-1.00,0.0000,0
94273,1790782241479,0.04645,0.16573,0.00413,0.26929,0.01560,0.06671,0.03706,0.02584,0.22513,0.01539,0.10755,0.02113,0.04984,0.15736,0.00170,0.29988,0.01430,0.07005,0.01321,0.03063,0.20952,0.01639,0.11498,0.02212,-55.55,3.231,-1,0.0000,-1.00,0.0000,0
94365,1790782241562,0.06875,0.09635,0.00923,0.18241,0.09978,0.15051,0.03604,0.01493,0.15194,0.03841,0.09698,0.05465,0.07769,0.08868,0.00612,0.20206,0.10657,0.16597,0.02554,0.01674,0.14199,0.02492,0.08331,0.06042,-55.92,2.189,-1,0.0000,-1.00,0.0000,0
94458,1790782241640,0.08166,0.05855,0.01121,0.04499,0.02564,0.35071,0.05531,0.01524,0.16166,0.03769,0.11771,0.03963,0.09444,0.03340,0.00534,0.04179,0.02200,0.40317,0.05965,0.01720,0.18543,0.04081,0.06112,0.03566,-57.26,4.209,-1,0.0000,-1.00,0.0000,0
94551,1790782241740,0.03667,0.08252,0.03325,0.05880,0.03958,0.16609,0.03878,0.02373,0.30096,0.05711,0.11070,0.05181,0.03926,0.02955,0.02772,0.05167,0.03672,0.19123,0.04061,0.02294,0.35038,0.06115,0.09473,0.05403,-57.74,3.612,-1,0.0000,-1.00,0.0000,0
94644,1790782241841,0.03834,0.06912,0.01545,0.11599,0.02536,0.22747,0.01997,0.01162,0.29346,0.05536,0.09679,0.03108,0.04333,0.01810,0.00621,0.12644,0.02217,0.26559,0.01987,0.01315,0.32646,0.06204,0.06332,0.03331,-57.64,3.521,-1,0.0000,-1.00,0.0000,0
94737,1790782241942,0.03465,0.06945,0.01218,0.06740,0.02964,0.25691,0.06398,0.01784,0.24153,0.04120,0.11353,0.05170,0.03738,0.02877,0.00571,0.06567,0.02429,0.30220,0.07096,0.02024,0.27610,0.04484,0.07613,0.04773,-57.66,3.083,-1,0.0000,-1.00,0.0000,0
94830,1790782242019,0.01846,0.06847,0.01906,0.03309,0.05806,0.29240,0.04314,0.01782,0.17860,0.05886,0.15739,0.05466,0.01832,0.04031,0.01108,0.01589,0.05830,0.34673,0.04369,0.01916,0.21052,0.05931,0.11985,0.05683,-57.70,3.509,-1,0.0000,-1.00,0.0000,0
94923,1790782242120,0.04401,0.06401,0.02817,0.05047,0.17500,0.16442,0.04399,0.02639,0.15280,0.06284,0.16048,0.02741,0.04736,0.04176,0.02683,0.02974,0.20460,0.18796,0.04441,0.02632,0.17699,0.03494,0.15503,0.02404,-58.45,2.100,-1,0.0000,-1.00,0.0000,0
95016,1790782242219,0.01269,0.08512,0.01699,0.14765,0.06823,0.07581,0.03887,0.02225,0.24626,0.04081,0.21428,0.03105,0.00984,0.04902,0.01358,0.12951,0.07578,0.08889,0.03567,0.02516,0.26912,0.03415,0.23914,0.03013,-59.12,2.955,-1,0.0000,-1.00,0.0000,0
95108,1790782242300,0.06708,0.04405,0.01926,0.10161,0.07834,0.15387,0.03180,0.03112,0.09480,0.06620,0.27777,0.03410,0.07341,0.03271,0.01078,0.06244,0.08701,0.16982,0.03162,0.03515,0.10122,0.06207,0.29917,0.03459,-57.82,3.333,-1,0.0000,-1.00,0.0000,0
95201,1790782242403,0.10622,0.07049,0.03400,0.05556,0.00817,0.14796,0.04483,0.02850,0.15511,0.16542,0.16519,0.01855,0.12016,0.04934,0.00173,0.03336,0.00711,0.15347,0.04394,0.03380,0.17924,0.19681,0.16751,0.01352,-56.71,1.985,-1,0.0000,-1.00,0.0000,0
95294,1790782242482,0.04723,0.09851,0.02267,0.05325,0.04197,0.10321,0.03568,0.02536,0.27061,0.09115,0.19090,0.01946,0.05112,0.05494,0.00707,0.02293,0.04697,0.11354,0.03186,0.02898,0.31828,0.10134,0.20623,0.01672,-56.45,3.247,-1,0.0000,-1.00,0.0000,0
95387,1790782242580,0.02085,0.07916,0.01104,0.26128,0.01402,0.08080,0.05130,0.01558,0.23565,0.04955,0.14979,0.03098,0.02102,0.05026,0.00191,0.28113,0.01147,0.09266,0.05150,0.01829,0.22664,0.05711,0.16111,0.02691,-56.95,3.135,-1,0.0000,-1.00,0.0000,0
95480,1790782242659,0.01545,0.06655,0.00998,0.34062,0.01839,0.05441,0.03433,0.01391,0.17003,0.02673,0.22848,0.02112,0.01529,0.05352,0.00632,0.35633,0.01803,0.06236,0.03052,0.01542,0.13310,0.02845,0.26141,0.01926,-56.97,4.087,-1,0.0000,-1.00,0.0000,0
95573,1790782242759,0.00928,0.01809,0.00864,0.35772,0.01578,0.08966,0.02809,0.01011,0.09225,0.02696,0.32158,0.02184,0.00836,0.01434,0.00451,0.35640,0.01493,0.10578,0.03082,0.01122,0.03976,0.02948,0.36436,0.02006,-57.18,4.293,-1,0.0000,-1.00,0.0000,0
95666,1790782242860,0.01534,0.01810,0.15773,0.27971,0.05322,0.14068,0.02139,0.05229,0.07386,0.03085,0.13502,0.02184,0.01354,0.01640,0.18391,0.30961,0.05953,0.16588,0.02238,0.02619,0.02665,0.02563,0.12890,0.02138,-58.62,3.357,-1,0.0000,-1.00,0.0000,0
95759,1790782242941,0.02657,0.08853,0.01683,0.25918,0.02982,0.11538,0.03316,0.03236,0.09409,0.03074,0.25245,0.02091,0.02470,0.09378,0.01409,0.25586,0.03115,0.13379,0.02114,0.03599,0.06202,0.03065,0.27598,0.02086,-59.20,3.110,-1,0.0000,-1.00,0.0000,0
95851,1790782243040,0.02395,0.07787,0.01567,0.24083,0.03356,0.10950,0.02272,0.03554,0.15182,0.02565,0.24556,0.01733,0.02099,0.06655,0.01407,0.23523,0.03669,0.12704,0.01403,0.03979,0.13498,0.02377,0.26906,0.01781,-59.82,2.947,-1,0.0000,-1.00,0.0000,0
95944,1790782243140,0.02768,0.04981,0.01943,0.20631,0.01432,0.08014,0.02762,0.01776,0.11859,0.02720,0.36709,0.04407,0.02962,0.03795,0.01712,0.16355,0.00769,0.09015,0.02557,0.01789,0.10965,0.03109,0.42199,0.04774,-58.71,4.405,-1,0.0000,-1.00,0.0000,0
96037,1790782243240,0.19058,0.02730,0.01808,0.09700,0.02081,0.08636,0.03708,0.06094,0.05818,0.05872,0.25787,0.08708,0.21394,0.02140,0.00794,0.05737,0.00583,0.06106,0.04014,0.07149,0.05833,0.06922,0.29689,0.09639,-56.06,3.094,-1,0.0000,-1.00,0.0000,0
96130,1790782243319,0.12962,0.03557,0.04481,0.07534,0.02470,0.10481,0.12721,0.05195,0.07189,0.09469,0.14891,0.09051,0.14422,0.02785,0.03175,0.05872,0.01387,0.09700,0.14690,0.05595,0.07450,0.11071,0.15920,0.07933,-55.27,1.787,-1,0.0000,-1.00,0.0000,0
96223,1790782243421,0.04137,0.01945,0.06610,0.03218,0.06065,0.01047,0.07003,0.17454,0.03943,0.07111,0.10682,0.30784,0.01094,0.01450,0.06240,0.01359,0.00280,0.01038,0.07999,0.19783,0.04445,0.08475,0.12594,0.35243,-54.74,3.694,-1,0.0000,-1.00,0.0000,0
96316,1790782243521,0.08221,0.01454,0.04871,0.05293,0.03947,0.01891,0.02016,0.38315,0.05055,0.02616,0.07667,0.18655,0.00955,0.00722,0.05230,0.04603,0.00376,0.02087,0.02272,0.44874,0.05144,0.03060,0.08773,0.21903,-55.07,4.598,-1,0.0000,-1.00,0.0000,0
96409,1790782243600,0.07784,0.01993,0.14700,0.07726,0.02395,0.02291,0.01660,0.38697,0.06191,0.02095,0.05978,0.08491,0.01050,0.01230,0.17154,0.07938,0.00969,0.02537,0.01745,0.42967,0.05844,0.02318,0.06660,0.09588,-56.08,4.644,-1,0.0000,-1.00,0.0000,0
96502,1790782243699,0.09455,0.01493,0.09125,0.08474,0.01398,0.06183,0.02804,0.43566,0.07261,0.01462,0.03131,0.05647,0.01385,0.00449,0.10601,0.09691,0.00457,0.07137,0.03206,0.50165,0.06761,0.01679,0.02337,0.06131,-55.69,5.228,-1,0.0000,-1.00,0.0000,0
96595,1790782243782,0.10318,0.01084,0.09695,0.02447,0.01345,0.03711,0.04493,0.51527,0.05335,0.03452,0.02096,0.04497,0.00411,0.00273,0.10826,0.02607,0.00737,0.04381,0.05328,0.59596,0.05876,0.03991,0.01643,0.04333,-55.05,6.183,-1,0.0000,-1.00,0.0000,0
96687,1790782243880,0.08375,0.01311,0.17362,0.08969,0.01153,0.01980,0.03569,0.39425,0.08037,0.04004,0.01566,0.04248,0.01143,0.00341,0.19871,0.10459,0.00529,0.02147,0.03989,0.43521,0.07544,0.04707,0.01451,0.04299,-55.41,4.731,-1,0.0000,-1.00,0.0000,0
96780,1790782243977,0.06697,0.02063,0.10202,0.15077,0.01153,0.03850,0.06159,0.32590,0.11877,0.03984,0.02177,0.04170,0.00724,0.00354,0.11298,0.17724,0.00678,0.04469,0.07296,0.36825,0.10686,0.04672,0.01723,0.03550,-57.30,3.911,-1,0.0000,-1.00,0.0000,0
96873,1790782244060,0.06105,0.03394,0.12671,0.09448,0.04243,0.07220,0.04223,0.24776,0.13025,0.09595,0.02571,0.02729,0.01754,0.01628,0.13086,0.11037,0.04629,0.08304,0.04385,0.27446,0.13419,0.10579,0.01434,0.02299,-56.98,2.973,-1,0.0000,-1.00,0.0000,0
96966,1790782244161,0.13664,0.03811,0.08470,0.04017,0.00923,0.15362,0.03824,0.21219,0.11700,0.08899,0.05126,0.02986,0.11649,0.01955,0.08056,0.04229,0.00561,0.16098,0.04195,0.23829,0.13172,0.10560,0.02951,0.02746,-55.38,2.546,-1,0.0000,-1.00,0.0000,0
97059,1790782244239,0.06433,0.03579,0.13969,0.06550,0.01845,0.05745,0.03002,0.28946,0.15714,0.03550,0.04212,0.06454,0.01117,0.01177,0.15927,0.07110,0.00810,0.06662,0.03364,0.31527,0.17420,0.04094,0.03726,0.07067,-55.13,3.473,-1,0.0000,-1.00,0.0000,0
97152,1790782244340,0.09203,0.01757,0.11783,0.04303,0.01199,0.02592,0.05439,0.46712,0.07826,0.03462,0.02541,0.03184,0.00456,0.00429,0.13333,0.04671,0.00934,0.03015,0.06433,0.53329,0.08451,0.03963,0.02447,0.02540,-55.64,5.605,-1,0.0000,-1.00,0.0000,0
97245,1790782244443,0.05202,0.03911,0.05230,0.07235,0.01185,0.02425,0.04917,0.31283,0.20014,0.09444,0.03912,0.05243,0.00600,0.00464,0.04050,0.07849,0.00771,0.02786,0.05766,0.36715,0.22407,0.11182,0.04136,0.03274,-56.33,3.754,-1,0.0000,-1.00,0.0000,0
97338,1790782244540,0.05804,0.03913,0.09236,0.07186,0.01475,0.01456,0.11605,0.27766,0.20235,0.02088,0.04199,0.05036,0.00733,0.00185,0.10613,0.07676,0.01085,0.01622,0.13652,0.31384,0.22719,0.02293,0.04710,0.03328,-56.72,3.332,-1,0.0000,-1.00,0.0000,0
97430,1790782244620,0.09929,0.02301,0.11038,0.08170,0.00431,0.01863,0.02041,0.45901,0.11630,0.01516,0.03532,0.01648,0.01053,0.00870,0.12875,0.09030,0.00229,0.02024,0.02268,0.52453,0.12145,0.01771,0.03831,0.01451,-57.02,5.508,-1,0.0000,-1.00,0.0000,0
97523,1790782244720,0.05262,0.04325,0.09547,0.13972,0.00857,0.01407,0.10651,0.23759,0.22749,0.01756,0.01682,0.04031,0.00845,0.00679,0.11040,0.16402,0.00566,0.01518,0.12627,0.26281,0.23984,0.02016,0.01715,0.02327,-57.69,2.851,-1,0.0000,-1.00,0.0000,0
97616,1790782244821,0.04779,0.06630,0.04967,0.13500,0.01727,0.00849,0.04388,0.20782,0.31632,0.05765,0.02305,0.02676,0.00972,0.01064,0.04628,0.15661,0.01632,0.00825,0.05047,0.23984,0.34706,0.06677,0.02598,0.02205,-58.07,3.796,-1,0.0000,-1.00,0.0000,0
97709,1790782244900,0.05335,0.05426,0.03945,0.12879,0.02140,0.02716,0.09371,0.12167,0.26775,0.09225,0.05536,0.04485,0.02535,0.01880,0.02613,0.14225,0.01948,0.02752,0.10856,0.14062,0.29263,0.10667,0.06088,0.03111,-58.95,3.213,-1,0.0000,-1.00,0.0000,0
97802,1790782245001,0.11765,0.06837,0.03086,0.09160,0.02370,0.02977,0.06289,0.13875,0.32940,0.02456,0.05350,0.02896,0.10927,0.00767,0.03194,0.09761,0.02442,0.01401,0.07383,0.15992,0.37457,0.02537,0.06132,0.02007,-59.09,3.953,-1,0.0000,-1.00,0.0000,0
97895,1790782245082,0.14312,0.04967,0.02016,0.06302,0.01350,0.02623,0.01703,0.22214,0.25753,0.02857,0.11843,0.04059,0.11515,0.00497,0.01761,0.04772,0.00738,0.00860,0.01942,0.26269,0.29886,0.03302,0.14021,0.04436,-57.35,3.090,-1,0.0000,-1.00,0.0000,0
97988,1790782245180,0.08587,0.07825,0.01702,0.05919,0.01028,0.02453,0.04009,0.12706,0.37759,0.04037,0.09956,0.04019,0.07315,0.00595,0.01098,0.04787,0.00455,0.01496,0.04685,0.15009,0.44295,0.04747,0.11633,0.03887,-56.74,4.531,-1,0.0000,-1.00,0.0000,0
98081,1790782245260,0.04769,0.08692,0.01844,0.10863,0.00839,0.01170,0.05735,0.06321,0.44757,0.05040,0.06756,0.03213,0.04236,0.00233,0.01033,0.11434,0.00507,0.00563,0.06735,0.07461,0.51363,0.05939,0.07984,0.02515,-57.20,5.371,-1,0.0000,-1.00,0.0000,0
98173,1790782245360,0.04692,0.08540,0.01850,0.08646,0.01268,0.01878,0.02956,0.08344,0.43168,0.07774,0.06344,0.04538,0.03656,0.00339,0.00384,0.08912,0.00578,0.01526,0.03475,0.09922,0.49912,0.09248,0.07299,0.04749,-57.54,5.180,-1,0.0000,-1.00,0.0000,0
98266,1790782245477,0.06677,0.07748,0.01493,0.08905,0.01018,0.07045,0.02144,0.13110,0.38255,0.04670,0.05920,0.03014,0.05016,0.00576,0.00701,0.09557,0.00620,0.07447,0.02455,0.15570,0.43927,0.05489,0.05617,0.03023,-57.69,4.591,-1,0.0000,-1.00,0.0000,0
98359,1790782245541,0.04887,0.09161,0.00707,0.08147,0.00817,0.08021,0.05561,0.08308,0.43053,0.01765,0.06305,0.03268,0.03821,0.01167,0.00446,0.08613,0.00456,0.08854,0.06432,0.09867,0.49880,0.02024,0.05800,0.02640,-57.33,5.166,-1,0.0000,-1.00,0.0000,0
98452,1790782245639,0.03051,0.08073,0.02997,0.10434,0.00481,0.06850,0.01101,0.07477,0.44443,0.07892,0.05361,0.01840,0.00857,0.00647,0.01723,0.11545,0.00183,0.08039,0.01118,0.08690,0.50957,0.09427,0.04831,0.01983,-57.03,5.333,-1,0.0000,-1.00,0.0000,0
98545,1790782245740,0.03309,0.08733,0.00932,0.13704,0.00964,0.08591,0.01876,0.06472,0.41637,0.03649,0.06159,0.03975,0.02438,0.01177,0.00261,0.15344,0.00290,0.09810,0.02014,0.07703,0.46849,0.04315,0.05435,0.04363,-57.04,4.996,-1,0.0000,-1.00,0.0000,0
98638,1790782245842,0.06733,0.06686,0.02076,0.10375,0.00986,0.08090,0.01375,0.09287,0.32931,0.06135,0.10738,0.04587,0.05857,0.00637,0.01036,0.10217,0.00152,0.08533,0.01522,0.10922,0.37434,0.07321,0.11176,0.05195,-56.49,3.952,-1,0.0000,-1.00,0.0000,0
98731,1790782245920,0.04825,0.09150,0.01615,0.08839,0.01297,0.05276,0.01089,0.04875,0.46102,0.04017,0.07947,0.04965,0.04706,0.00370,0.00992,0.08916,0.00432,0.05389,0.01232,0.05645,0.53442,0.04759,0.08454,0.05663,-56.50,5.532,-1,0.0000,-1.00,0.0000,0
98824,1790782246021,0.05327,0.08864,0.02116,0.06503,0.01062,0.03968,0.02417,0.04917,0.42664,0.09929,0.06889,0.05344,0.05277,0.00735,0.00181,0.06302,0.00122,0.03709,0.02750,0.05856,0.49866,0.11879,0.07519,0.05803,-57.63,5.120,-1,0.0000,-1.00,0.0000,0
98917,1790782246120,0.06857,0.09424,0.01283,0.07467,0.00763,0.03434,0.02298,0.06224,0.48200,0.04106,0.07358,0.02584,0.06757,0.00130,0.00579,0.07309,0.00407,0.02776,0.02711,0.07361,0.56307,0.04839,0.08266,0.02559,-57.94,5.784,-1,0.0000,-1.00,0.0000,0
99009,1790782246199,0.10656,0.03883,0.02075,0.11382,0.01048,0.03978,0.01645,0.22673,0.20915,0.07028,0.09982,0.04737,0.07415,0.00132,0.00825,0.11396,0.00207,0.03297,0.01945,0.27004,0.22802,0.08380,0.11307,0.05290,-58.53,2.721,-1,0.0000,-1.00,0.0000,0
99102,1790782246300,0.08229,0.06114,0.01779,0.10007,0.01065,0.15139,0.02893,0.03967,0.32093,0.06995,0.09595,0.02126,0.08932,0.00112,0.00503,0.10355,0.00905,0.16369,0.03414,0.04683,0.36392,0.08213,0.08252,0.01871,-58.69,3.851,-1,0.0000,-1.00,0.0000,0
99195,1790782246380,0.08197,0.05170,0.00858,0.04963,0.00465,0.20326,0.07442,0.03120,0.27512,0.03302,0.15180,0.03465,0.08406,0.00495,0.00247,0.03232,0.00085,0.22689,0.08819,0.03690,0.32325,0.03939,0.13692,0.02381,-57.61,3.301,-1,0.0000,-1.00,0.0000,0
99288,1790782246479,0.07782,0.03841,0.01259,0.16485,0.00712,0.14245,0.04458,0.04137,0.22830,0.05768,0.15695,0.02788,0.07889,0.00294,0.00152,0.16635,0.00398,0.15505,0.05283,0.04927,0.24048,0.06843,0.15732,0.02294,-57.41,2.740,-1,0.0000,-1.00,0.0000,0
99381,1790782246558,0.08032,0.03898,0.00716,0.19636,0.02644,0.08565,0.12417,0.05568,0.21171,0.03192,0.09790,0.04372,0.08309,0.00488,0.00206,0.21542,0.02711,0.08616,0.14782,0.06632,0.21097,0.03288,0.10022,0.02308,-56.94,2.540,-1,0.0000,-1.00,0.0000,0
99474,1790782246660,0.08513,0.01820,0.01434,0.26204,0.01532,0.12674,0.05888,0.07130,0.13596,0.05719,0.10234,0.05256,0.08380,0.00253,0.00393,0.29500,0.00862,0.13526,0.07005,0.08465,0.10443,0.06682,0.09581,0.04910,-57.33,3.145,-1,0.0000,-1.00,0.0000,0
99567,1790782246761,0.19000,0.01883,0.02130,0.10849,0.01542,0.18510,0.05724,0.04106,0.10455,0.03927,0.19491,0.02383,0.21845,0.00130,0.01681,0.09071,0.01548,0.17849,0.06769,0.04651,0.10729,0.04399,0.19816,0.01513,-58.13,2.339,-1,0.0000,-1.00,0.0000,0
99660,1790782246839,0.18724,0.02421,0.01411,0.18351,0.02618,0.11752,0.03367,0.02615,0.15516,0.03533,0.17022,0.02671,0.21626,0.00162,0.00954,0.18332,0.02617,0.09837,0.04002,0.02945,0.14958,0.03714,0.18446,0.02407,-57.89,2.247,-1,0.0000,-1.00,0.0000,0
99752,1790782246976,0.08120,0.03544,0.00238,0.33269,0.00706,0.09271,0.01796,0.02795,0.23453,0.00698,0.15418,0.00691,0.09071,0.00124,0.00149,0.36568,0.00768,0.09310,0.02125,0.03321,0.20854,0.00685,0.16628,0.00396,-58.06,3.992,-1,0.0000,-1.00,0.0000,0
99845,1790782247042,0.03813,0.05709,0.00668,0.16898,0.00620,0.13625,0.01882,0.03655,0.30818,0.01307,0.19834,0.01172,0.03712,0.00155,0.00512,0.16149,0.00550,0.15590,0.02179,0.04322,0.33726,0.01458,0.20675,0.00972,-58.83,3.698,-1,0.0000,-1.00,0.0000,0
99938,1790782247140,0.05438,0.07054,0.00643,0.16116,0.00379,0.16098,0.00789,0.03126,0.38854,0.00822,0.09977,0.00704,0.05695,0.00013,0.00585,0.17656,0.00305,0.18178,0.00891,0.03681,0.43050,0.00931,0.08351,0.00664,-59.00,4.662,-1,0.0000,-1.00,0.0000,0
100031,1790782247220,0.17397,0.05033,0.00914,0.16435,0.00564,0.14344,0.02950,0.01574,0.27332,0.00479,0.11157,0.01821,0.20516,0.00229,0.00997,0.17558,0.00381,0.13120,0.03474,0.01704,0.29269,0.00498,0.10768,0.01486,-58.67,3.280,-1,0.0000,-1.00,0.0000,0
100124,1790782247321,0.16138,0.02916,0.00363,0.31143,0.00427,0.08467,0.01950,0.03052,0.19567,0.00447,0.14448,0.01082,0.18611,0.00201,0.00342,0.34140,0.00328,0.06474,0.02290,0.03595,0.16678,0.00471,0.16029,0.00842,-59.11,3.737,-1,0.0000,-1.00,0.0000,0
100217,1790782247423,0.13741,0.03392,0.02529,0.15640,0.00692,0.04198,0.08190,0.02697,0.19333,0.09322,0.16644,0.03621,0.15847,0.00057,0.00829,0.14862,0.00344,0.01897,0.09707,0.03162,0.20219,0.11102,0.19568,0.02406,-59.34,2.320,-1,0.0000,-1.00,0.0000,0
100310,1790782247500,0.02269,0.07549,0.02083,0.26746,0.02912,0.08433,0.03238,0.02453,0.22526,0.03051,0.09602,0.09137,0.02208,0.04880,0.01828,0.30148,0.01433,0.09667,0.02912,0.02577,0.21015,0.03371,0.09589,0.10371,-59.88,3.210,-1,0.0000,-1.00,0.0000,0
100403,1790782247602,0.07590,0.04706,0.09103,0.07452,0.00802,0.05135,0.02654,0.04713,0.24881,0.26276,0.04749,0.01939,0.08122,0.00065,0.04691,0.07980,0.00622,0.04542,0.03051,0.04834,0.28232,0.31361,0.04790,0.01710,-58.61,3.153,-1,0.0000,-1.00,0.0000,0
100495,1790782247681,0.04952,0.02158,0.01613,0.11952,0.01244,0.04059,0.00834,0.01896,0.09925,0.04923,0.52931,0.03515,0.05450,0.00366,0.00790,0.01897,0.00692,0.03783,0.00927,0.02115,0.11514,0.05763,0.62674,0.04028,-56.88,6.352,-1,0.0000,-1.00,0.0000,0
100588,1790782247780,0.05147,0.01882,0.01692,0.11935,0.02699,0.03373,0.02078,0.02152,0.05891,0.06599,0.44505,0.12047,0.05596,0.01084,0.00477,0.03845,0.00461,0.02933,0.02267,0.02493,0.06294,0.07819,0.52746,0.13986,-56.15,5.341,-1,0.0000,-1.00,0.0000,0
100681,1790782247861,0.17020,0.01590,0.00973,0.09544,0.02899,0.04384,0.02416,0.02306,0.05348,0.04095,0.35661,0.13763,0.19855,0.00754,0.00205,0.03017,0.00312,0.01317,0.02745,0.02723,0.05808,0.04848,0.42470,0.15947,-56.18,4.279,-1,0.0000,-1.00,0.0000,0
100774,1790782247974,0.30917,0.00507,0.01723,0.05688,0.03094,0.05892,0.01705,0.13223,0.02742,0.07905,0.12029,0.14576,0.33912,0.00113,0.00199,0.03972,0.00324,0.00337,0.02021,0.15804,0.02498,0.09408,0.14346,0.17065,-55.61,3.710,-1,0.0000,-1.00,0.0000,0
100867,1790782248061,0.29333,0.01236,0.01225,0.03605,0.02539,0.05073,0.01843,0.24997,0.03263,0.04701,0.10437,0.11746,0.29222,0.00778,0.00365,0.01852,0.00333,0.00286,0.02044,0.29891,0.03543,0.05567,0.12449,0.13670,-54.88,3.520,-1,0.0000,-1.00,0.0000,0
100960,1790782248140,0.30311,0.00780,0.00947,0.04358,0.01964,0.05146,0.01642,0.31769,0.03086,0.03438,0.06991,0.09568,0.28786,0.00342,0.00324,0.03580,0.00155,0.00460,0.01896,0.38006,0.02989,0.04088,0.08286,0.11088,-55.19,3.812,-1,0.0000,-1.00,0.0000,0
101053,1790782248259,0.24802,0.01068,0.01820,0.07198,0.02235,0.05394,0.02049,0.13262,0.03935,0.08713,0.18895,0.10629,0.26573,0.00509,0.00121,0.04184,0.00246,0.01196,0.02354,0.15867,0.03885,0.10391,0.22403,0.12270,-56.10,2.976,-1,0.0000,-1.00,0.0000,0
101146,1790782248342,0.06810,0.01428,0.02604,0.13762,0.02969,0.01785,0.01603,0.14382,0.07925,0.10419,0.24207,0.12107,0.04597,0.00425,0.00674,0.10788,0.00754,0.01227,0.01829,0.17106,0.07357,0.12335,0.28763,0.14144,-57.60,2.905,-1,0.0000,-1.00,0.0000,0
101239,1790782248442,0.10266,0.01811,0.03269,0.08760,0.02887,0.04015,0.06251,0.09657,0.09161,0.13547,0.18743,0.11634,0.09669,0.00589,0.00734,0.06159,0.00982,0.02894,0.07288,0.11512,0.09741,0.16053,0.21884,0.12495,-58.70,2.249,-1,0.0000,-1.00,0.0000,0
101331,1790782248520,0.16348,0.02388,0.02694,0.08293,0.04469,0.04192,0.05335,0.16434,0.11506,0.08243,0.11704,0.08394,0.15739,0.00436,0.01389,0.07231,0.03609,0.01902,0.06306,0.19417,0.12238,0.09277,0.13647,0.08808,-58.48,1.972,-1,0.0000,-1.00,0.0000,0
101424,1790782248620,0.15570,0.01521,0.02153,0.08052,0.01620,0.01926,0.02565,0.41250,0.08238,0.03511,0.10187,0.03406,0.08927,0.00151,0.01796,0.07250,0.01252,0.00538,0.03031,0.49084,0.08434,0.03959,0.12099,0.03481,-57.33,4.950,-1,0.0000,-1.00,0.0000,0
101517,1790782248720,0.13096,0.03652,0.05861,0.06695,0.01069,0.01666,0.02067,0.36890,0.18826,0.02139,0.05284,0.02755,0.07182,0.00182,0.06532,0.06790,0.00721,0.00572,0.02417,0.42932,0.21154,0.02478,0.06218,0.02822,-56.96,4.427,-1,0.0000,-1.00,0.0000,0
101610,1790782248799,0.13453,0.02902,0.06127,0.05399,0.00654,0.01383,0.02333,0.41705,0.15364,0.02633,0.05229,0.02818,0.06151,0.00352,0.06723,0.05245,0.00219,0.00437,0.02673,0.48692,0.17365,0.03117,0.06179,0.02847,-57.04,5.005,-1,0.0000,-1.00,0.0000,0
101703,1790782248899,0.13377,0.02425,0.09429,0.07217,0.00653,0.01953,0.02465,0.44105,0.11024,0.00955,0.04272,0.02124,0.05978,0.00589,0.11087,0.07679,0.00387,0.01155,0.02788,0.50699,0.11687,0.01067,0.04890,0.01993,-57.19,5.293,-1,0.0000,-1.00,0.0000,0
101796,1790782248980,0.15153,0.02426,0.06853,0.09297,0.00879,0.02319,0.01442,0.41605,0.12733,0.01548,0.03335,0.02412,0.08559,0.00312,0.07864,0.10390,0.00545,0.01082,0.01651,0.48309,0.13193,0.01751,0.03782,0.02563,-57.67,4.993,-1,0.0000,-1.00,0.0000,0
101889,1790782249083,0.15440,0.01930,0.14970,0.10281,0.00892,0.02788,0.02364,0.31395,0.10712,0.01806,0.04904,0.02519,0.11619,0.00324,0.17528,0.11195,0.00579,0.01037,0.02746,0.34165,0.10602,0.02064,0.05671,0.02470,-57.33,3.767,-1,0.0000,-1.00,0.0000,0
101982,1790782249160,0.14285,0.02421,0.08730,0.09518,0.00704,0.03277,0.02746,0.32571,0.10481,0.01213,0.12402,0.01651,0.09781,0.00747,0.10193,0.08539,0.00530,0.02033,0.03143,0.37007,0.10866,0.01348,0.14458,0.01355,-57.39,3.909,-1,0.0000,-1.00,0.0000,0
102074,1790782249261,0.11175,0.00995,0.11792,0.18352,0.01185,0.02206,0.02816,0.28249,0.06834,0.01028,0.12787,0.02581,0.07118,0.00417,0.13921,0.19003,0.00889,0.01278,0.03254,0.31128,0.04420,0.01057,0.15068,0.02447,-57.37,3.390,-1,0.0000,-1.00,0.0000,0
102167,1790782249361,0.11609,0.02232,0.08913,0.10564,0.00693,0.02272,0.01303,0.35684,0.11592,0.00923,0.11936,0.02278,0.05840,0.00310,0.10474,0.09884,0.00347,0.01565,0.01470,0.40711,0.11931,0.01037,0.13992,0.02438,-57.07,4.282,-1,0.0000,-1.00,0.0000,0
102260,1790782249442,0.10476,0.03937,0.06115,0.07661,0.00591,0.01849,0.01492,0.36142,0.18955,0.00834,0.09872,0.02077,0.04157,0.00578,0.07139,0.06889,0.00280,0.01391,0.01673,0.41892,0.21342,0.00949,0.11553,0.02157,-57.37,4.337,-1,0.0000,-1.00,0.0000,0
102353,1790782249560,0.11609,0.02727,0.10510,0.05772,0.00396,0.01213,0.01206,0.46291,0.13241,0.00605,0.05078,0.01351,0.03403,0.00355,0.12457,0.05741,0.00209,0.00779,0.01370,0.53003,0.14728,0.00684,0.05931,0.01340,-57.26,5.555,-1,0.0000,-1.00,0.0000,0
102446,1790782249640,0.11102,0.02633,0.10138,0.05356,0.00606,0.01394,0.02359,0.41742,0.11661,0.01809,0.09742,0.01457,0.03841,0.00550,0.11736,0.04140,0.00477,0.00916,0.02679,0.47729,0.13144,0.02081,0.11492,0.01215,-56.49,5.009,-1,0.0000,-1.00,0.0000,0
102539,1790782249738,0.06471,0.01460,0.03324,0.09914,0.01796,0.01580,0.01736,0.16243,0.06771,0.06412,0.39825,0.04469,0.03923,0.00373,0.02498,0.02463,0.01181,0.01115,0.01908,0.19066,0.07584,0.07490,0.47498,0.04901,-54.77,4.779,-1,0.0000,-1.00,0.0000,0
102632,1790782249820,0.04249,0.01630,0.02784,0.08871,0.00871,0.02370,0.01126,0.16291,0.07731,0.10754,0.39537,0.03786,0.01014,0.00408,0.00789,0.01342,0.00194,0.02638,0.01268,0.19364,0.08998,0.12847,0.46851,0.04286,-54.07,4.744,-1,0.0000,-1.00,0.0000,0
102725,1790782249924,0.08818,0.02488,0.03473,0.07643,0.01552,0.02509,0.04624,0.30822,0.12458,0.03814,0.17540,0.04258,0.02788,0.00808,0.03297,0.05088,0.01051,0.02462,0.05381,0.36279,0.13919,0.04362,0.20530,0.04035,-56.09,3.699,-1,0.0000,-1.00,0.0000,0
102817,1790782250020,0.08775,0.03046,0.03304,0.06501,0.01642,0.04492,0.02269,0.29958,0.13637,0.05746,0.17028,0.03601,0.03435,0.00632,0.02642,0.03929,0.01214,0.04702,0.02594,0.35372,0.15562,0.06644,0.19472,0.03801,-57.62,3.595,-1,0.0000,-1.00,0.0000,0
102910,1790782250100,0.13005,0.00747,0.00627,0.05064,0.01558,0.01186,0.00744,0.64916,0.04085,0.00900,0.06063,0.01104,0.00746,0.00115,0.00606,0.04678,0.01750,0.01273,0.00867,0.77667,0.03968,0.00732,0.07013,0.00586,-55.15,7.790,-1,0.0000,-1.00,0.0000,0
103003,1790782250199,0.10714,0.00984,0.00594,0.09215,0.00963,0.01124,0.02149,0.51836,0.05126,0.02001,0.13320,0.01975,0.01055,0.00294,0.00271,0.07922,0.00891,0.01137,0.02517,0.62058,0.04572,0.02221,0.15735,0.01327,-55.98,6.220,-1,0.0000,-1.00,0.0000,0
103096,1790782250280,0.07400,0.01493,0.01793,0.10282,0.01635,0.04059,0.03133,0.27350,0.07538,0.03284,0.30132,0.01899,0.02296,0.00429,0.01427,0.05336,0.01669,0.04409,0.03536,0.32623,0.07939,0.03641,0.35232,0.01464,-57.50,3.616,-1,0.0000,-1.00,0.0000,0
103189,1790782250380,0.07234,0.01483,0.01530,0.14470,0.01298,0.00660,0.02177,0.32902,0.06770,0.05336,0.23789,0.02350,0.00877,0.00629,0.00609,0.11712,0.01092,0.00620,0.02484,0.39304,0.05791,0.06177,0.28382,0.02324,-55.01,3.948,-1,0.0000,-1.00,0.0000,0
103282,1790782250473,0.06235,0.02661,0.01186,0.15360,0.03537,0.08175,0.01044,0.21408,0.15645,0.03337,0.13168,0.08243,0.02414,0.00087,0.00720,0.15644,0.02329,0.09317,0.01234,0.25509,0.15645,0.03537,0.13931,0.09632,-54.02,2.569,-1,0.0000,-1.00,0.0000,0
103375,1790782250561,0.05634,0.00685,0.02161,0.04112,0.00660,0.55722,0.00436,0.04165,0.02645,0.06576,0.15788,0.01417,0.05798,0.00340,0.01046,0.03756,0.00471,0.65618,0.00433,0.04805,0.02425,0.07786,0.05909,0.01612,-54.35,6.687,-1,0.0000,-1.00,0.0000,0
103468,1790782250660,0.04746,0.01270,0.01691,0.09241,0.01554,0.37933,0.01159,0.07139,0.07409,0.07013,0.18521,0.02323,0.03934,0.00160,0.00414,0.08429,0.01362,0.44673,0.01326,0.08504,0.07207,0.08133,0.13337,0.02521,-56.20,4.552,-1,0.0000,-1.00,0.0000,0
103560,1790782250739,0.04616,0.02813,0.01671,0.12612,0.02070,0.20417,0.01317,0.09227,0.13674,0.05162,0.24146,0.02275,0.03510,0.00531,0.00853,0.10310,0.02025,0.23769,0.01420,0.10939,0.14327,0.05797,0.24221,0.02297,-57.23,2.898,-1,0.0000,-1.00,0.0000,0
103653,1790782250862,0.03584,0.01079,0.05576,0.02859,0.00825,0.37504,0.02078,0.04898,0.04763,0.25443,0.10317,0.01073,0.03154,0.00275,0.00668,0.02716,0.00829,0.44314,0.02432,0.05740,0.05154,0.30337,0.03578,0.00804,-55.37,4.500,-1,0.0000,-1.00,0.0000,0
103746,1790782250942,0.09587,0.03112,0.00939,0.02473,0.00707,0.46278,0.01520,0.04162,0.14808,0.04020,0.11536,0.00859,0.10505,0.00305,0.00197,0.02320,0.00712,0.53370,0.01758,0.04950,0.17277,0.04682,0.03242,0.00681,-54.58,5.553,-1,0.0000,-1.00,0.0000,0
103839,1790782251041,0.05789,0.00425,0.01162,0.01079,0.00571,0.64477,0.00643,0.03429,0.01727,0.05271,0.15037,0.00390,0.06161,0.00128,0.00164,0.00709,0.00627,0.76037,0.00731,0.04090,0.01925,0.06195,0.02945,0.00288,-54.59,7.737,-1,0.0000,-1.00,0.0000,0
103932,1790782251120,0.09981,0.00995,0.02156,0.01926,0.00636,0.47487,0.02445,0.06190,0.03429,0.09906,0.13404,0.01445,0.10489,0.00437,0.00246,0.01283,0.00403,0.54949,0.02840,0.07372,0.03855,0.11790,0.05168,0.01169,-54.97,5.698,-1,0.0000,-1.00,0.0000,0
104025,1790782251219,0.09415,0.01076,0.01258,0.10692,0.02248,0.18932,0.00958,0.29854,0.06348,0.03708,0.14573,0.00938,0.04280,0.00200,0.00714,0.10215,0.02343,0.22022,0.01082,0.35656,0.05557,0.04004,0.13097,0.00830,-55.46,3.582,-1,0.0000,-1.00,0.0000,0
104118,1790782251319,0.05275,0.01114,0.01618,0.17261,0.00472,0.20061,0.04588,0.17510,0.05676,0.05653,0.19039,0.01734,0.02429,0.00735,0.00609,0.17086,0.00427,0.23556,0.05325,0.20887,0.03395,0.06708,0.18143,0.00700,-56.55,2.407,-1,0.0000,-1.00,0.0000,0
104211,1790782251399,0.08394,0.01158,0.01144,0.23333,0.01345,0.15778,0.02489,0.08921,0.07845,0.05389,0.21292,0.02911,0.08082,0.00503,0.00120,0.23586,0.00926,0.17448,0.02883,0.10665,0.04689,0.06310,0.22055,0.02734,-58.14,2.800,-1,0.0000,-1.00,0.0000,0
104304,1790782251501,0.09964,0.01070,0.01668,0.16040,0.01486,0.20696,0.01907,0.14550,0.06279,0.06890,0.17518,0.01932,0.08316,0.00678,0.00415,0.15971,0.01331,0.23241,0.02151,0.17352,0.04358,0.07992,0.16384,0.01811,-58.78,2.484,-1,0.0000,-1.00,0.0000,0
104396,1790782251579,0.07694,0.01062,0.02143,0.17144,0.01708,0.20954,0.01983,0.09602,0.07075,0.09026,0.18561,0.03049,0.06924,0.00291,0.00479,0.17067,0.01412,0.23735,0.02294,0.11435,0.05094,0.10536,0.17535,0.03199,-59.09,2.514,-1,0.0000,-1.00,0.0000,0
104489,1790782251680,0.05696,0.00868,0.01440,0.21176,0.01179,0.13524,0.01711,0.07780,0.05679,0.04072,0.35267,0.01607,0.05034,0.00383,0.00802,0.17594,0.01114,0.15207,0.01960,0.09177,0.03317,0.04658,0.39244,0.01508,-58.43,4.232,-1,0.0000,-1.00,0.0000,0
104582,1790782251760,0.08583,0.01303,0.00982,0.23611,0.00912,0.11003,0.02036,0.12566,0.08202,0.01311,0.27424,0.02067,0.07245,0.00600,0.00888,0.22242,0.00615,0.11829,0.02305,0.14896,0.05412,0.01457,0.30515,0.01994,-57.78,3.291,-1,0.0000,-1.00,0.0000,0
104675,1790782251860,0.11882,0.00830,0.01170,0.20147,0.00834,0.12391,0.02952,0.14143,0.06585,0.02205,0.23400,0.03460,0.10760,0.00330,0.00888,0.19085,0.00248,0.12779,0.03456,0.16786,0.04107,0.02593,0.25506,0.03460,-58.12,2.808,-1,0.0000,-1.00,0.0000,0
104768,1790782251971,0.15810,0.01586,0.01663,0.19852,0.00866,0.14559,0.02125,0.11080,0.09517,0.03954,0.16690,0.02297,0.16313,0.00473,0.01076,0.20382,0.00586,0.14212,0.02407,0.13109,0.07360,0.04625,0.17182,0.02276,-58.25,2.382,-1,0.0000,-1.00,0.0000,0
104861,1790782252042,0.17110,0.03500,0.02777,0.09592,0.01620,0.14590,0.02394,0.07253,0.11299,0.10923,0.14924,0.04019,0.18809,0.01847,0.00773,0.08489,0.01085,0.13754,0.02502,0.08537,0.11839,0.12889,0.15156,0.04320,-56.67,2.053,-1,0.0000,-1.00,0.0000,0
104954,1790782252160,0.04496,0.05531,0.08938,0.10420,0.02023,0.13449,0.03194,0.07715,0.06944,0.06287,0.26413,0.04590,0.03981,0.05246,0.09273,0.06814,0.01455,0.15326,0.02769,0.07425,0.06970,0.07245,0.28611,0.04885,-55.73,3.170,-1,0.0000,-1.00,0.0000,0
105047,1790782252240,0.04304,0.05451,0.02119,0.18503,0.02070,0.08790,0.02845,0.11617,0.07923,0.06255,0.22467,0.07656,0.02366,0.05410,0.01083,0.17231,0.00739,0.10081,0.02336,0.13706,0.06078,0.07348,0.24922,0.08701,-55.71,2.696,-1,0.0000,-1.00,0.0000,0
105139,1790782252339,0.05805,0.10574,0.01907,0.18897,0.02007,0.08445,0.05929,0.08300,0.18914,0.06275,0.07472,0.05474,0.05066,0.09011,0.00847,0.21227,0.01323,0.09114,0.05318,0.09777,0.18456,0.07257,0.07147,0.05457,-56.09,2.270,-1,0.0000,-1.00,0.0000,0
105232,1790782252420,0.05997,0.06741,0.03123,0.13196,0.01806,0.11538,0.04355,0.11447,0.11533,0.13700,0.10767,0.05796,0.04487,0.05879,0.00525,0.13763,0.00946,0.12936,0.04053,0.13613,0.11090,0.16228,0.10337,0.06142,-56.65,1.644,-1,0.0000,-1.00,0.0000,0
105325,1790782252523,0.08390,0.09662,0.01435,0.16147,0.02427,0.14344,0.05303,0.05847,0.15556,0.04028,0.10955,0.05906,0.08647,0.08612,0.00825,0.17357,0.01590,0.15571,0.04639,0.06851,0.15199,0.04511,0.10040,0.06157,-57.06,1.938,-1,0.0000,-1.00,0.0000,0
105418,1790782252620,0.06535,0.09987,0.03263,0.10296,0.01365,0.14369,0.06540,0.04121,0.20822,0.09857,0.09576,0.03268,0.06915,0.07445,0.01608,0.10685,0.01109,0.15846,0.06361,0.04620,0.22814,0.11608,0.08333,0.02655,-56.90,2.499,-1,0.0000,-1.00,0.0000,0
105511,1790782252699,0.13990,0.04310,0.06618,0.06104,0.01765,0.08470,0.05552,0.04103,0.12964,0.30573,0.03299,0.02250,0.15818,0.02352,0.00740,0.06806,0.01824,0.07014,0.06187,0.04770,0.14185,0.36273,0.02563,0.01470,-56.09,3.669,-1,0.0000,-1.00,0.0000,0
105604,1790782252800,0.16436,0.03006,0.04563,0.10004,0.01758,0.11051,0.06726,0.03957,0.10165,0.19788,0.09308,0.03238,0.18848,0.01633,0.00827,0.10155,0.01524,0.09644,0.07736,0.04578,0.10167,0.23409,0.09242,0.02238,-56.29,2.375,-1,0.0000,-1.00,0.0000,0
105697,1790782252880,0.12993,0.04394,0.15371,0.04587,0.01729,0.07438,0.06143,0.08768,0.11394,0.13464,0.08106,0.05612,0.13979,0.02884,0.15260,0.03813,0.01019,0.06142,0.06789,0.07481,0.12897,0.15931,0.08495,0.05310,-57.27,1.845,-1,0.0000,-1.00,0.0000,0
105790,1790782252979,0.11729,0.07319,0.07804,0.05746,0.01393,0.08997,0.07689,0.09322,0.13218,0.10625,0.09689,0.06470,0.12099,0.05824,0.06844,0.04914,0.00447,0.08382,0.08011,0.09860,0.14864,0.12642,0.09948,0.06165,-56.77,1.586,-1,0.0000,-1.00,0.0000,0
105882,1790782253061,0.14397,0.06883,0.05805,0.04673,0.00866,0.11875,0.05115,0.04490,0.14853,0.21684,0.07001,0.02359,0.16523,0.04916,0.01830,0.04369,0.00693,0.10998,0.05071,0.05100,0.16920,0.25856,0.06209,0.01516,-55.39,2.602,-1,0.0000,-1.00,0.0000,0
105975,1790782253159,0.18872,0.06160,0.03612,0.03418,0.01675,0.22378,0.06513,0.03411,0.10231,0.13447,0.07487,0.02797,0.21843,0.05078,0.01195,0.03201,0.01609,0.22484,0.06763,0.03886,0.11615,0.15804,0.04514,0.02011,-55.71,2.685,-1,0.0000,-1.00,0.0000,0
106068,1790782253259,0.16029,0.07200,0.03149,0.07668,0.04953,0.10999,0.06525,0.08107,0.12801,0.09433,0.08250,0.04886,0.17087,0.06148,0.01730,0.07613,0.05034,0.09792,0.06599,0.09371,0.13829,0.10305,0.07945,0.04546,-56.75,1.923,-1,0.0000,-1.00,0.0000,0
106161,1790782253359,0.07660,0.06127,0.03451,0.11145,0.02252,0.06544,0.03954,0.17508,0.14484,0.10222,0.12234,0.04419,0.06054,0.04323,0.01785,0.10709,0.01993,0.06641,0.03806,0.20700,0.15232,0.11854,0.13342,0.03562,-57.32,2.101,-1,0.0000,-1.00,0.0000,0
106254,1790782253458,0.09717,0.06424,0.05305,0.11023,0.05275,0.10644,0.03901,0.08702,0.14146,0.07479,0.12293,0.05089,0.09593,0.04951,0.04787,0.10715,0.05261,0.10853,0.03643,0.09528,0.14827,0.07919,0.12578,0.05344,-57.59,1.698,-1,0.0000,-1.00,0.0000,0
106347,1790782253540,0.12411,0.03180,0.09449,0.10037,0.01507,0.08452,0.02580,0.10941,0.05154,0.08319,0.25496,0.02472,0.12469,0.03006,0.09398,0.06271,0.01317,0.07656,0.02496,0.11247,0.04932,0.09707,0.29033,0.02467,-56.79,3.060,-1,0.0000,-1.00,0.0000,0
106440,1790782253640,0.07809,0.01832,0.04906,0.16259,0.01161,0.07390,0.03908,0.14265,0.08848,0.05628,0.23145,0.04848,0.06023,0.00783,0.04555,0.14286,0.00418,0.07661,0.04528,0.16190,0.07752,0.06680,0.26214,0.04911,-56.54,2.777,-1,0.0000,-1.00,0.0000,0
106533,1790782253719,0.11712,0.02721,0.04701,0.23574,0.03556,0.06415,0.03238,0.08305,0.10428,0.07527,0.12642,0.05181,0.12214,0.01790,0.03963,0.25451,0.03168,0.05265,0.03509,0.09182,0.07415,0.08426,0.14104,0.05512,-56.90,2.829,-1,0.0000,-1.00,0.0000,0
106626,1790782253819,0.15875,0.02757,0.01785,0.24087,0.01600,0.09898,0.04502,0.05565,0.09998,0.03586,0.17563,0.02784,0.17753,0.01922,0.01333,0.25018,0.01454,0.08341,0.05014,0.06404,0.06968,0.04061,0.19391,0.02341,-57.60,2.890,-1,0.0000,-1.00,0.0000,0
106718,1790782253919,0.10409,0.03182,0.02666,0.30383,0.01729,0.05581,0.03785,0.05729,0.17283,0.07343,0.08530,0.03377,0.11171,0.01066,0.01507,0.34556,0.01439,0.04473,0.04324,0.06566,0.13859,0.08514,0.09334,0.03190,-57.01,3.646,-1,0.0000,-1.00,0.0000,0
106811,1790782254000,0.10928,0.03109,0.02878,0.19611,0.02243,0.06711,0.03514,0.08223,0.13122,0.08360,0.17777,0.03523,0.11304,0.01455,0.01543,0.19505,0.02026,0.05816,0.03922,0.09547,0.11857,0.09616,0.20149,0.03260,-56.41,2.353,-1,0.0000,-1.00,0.0000,0
106904,1790782254101,0.09789,0.12800,0.01336,0.23026,0.02662,0.11017,0.04934,0.03200,0.13038,0.05512,0.10898,0.01787,0.10980,0.13246,0.00400,0.25435,0.02893,0.11024,0.03258,0.03784,0.10554,0.06057,0.10873,0.01496,-56.41,2.763,-1,0.0000,-1.00,0.0000,0
106997,1790782254180,0.06390,0.22911,0.01544,0.16563,0.00818,0.10637,0.07606,0.03953,0.14098,0.06846,0.06329,0.02304,0.06594,0.24974,0.00247,0.18793,0.00596,0.11439,0.04155,0.04695,0.13168,0.08085,0.05316,0.01938,-56.45,2.749,-1,0.0000,-1.00,0.0000,0
107090,1790782254279,0.07176,0.18306,0.00915,0.12945,0.01239,0.22579,0.04239,0.02633,0.19773,0.01990,0.06807,0.01398,0.07992,0.17824,0.00671,0.14895,0.01211,0.25470,0.01503,0.03064,0.20740,0.02145,0.03107,0.01377,-56.72,2.709,-1,0.0000,-1.00,0.0000,0
107183,1790782254359,0.07488,0.09510,0.02416,0.11375,0.01770,0.23037,0.03078,0.02289,0.26056,0.04741,0.06636,0.01604,0.08308,0.05905,0.01841,0.13074,0.01837,0.25957,0.02479,0.02416,0.28629,0.05317,0.02806,0.01430,-56.67,3.127,-1,0.0000,-1.00,0.0000,0
107276,1790782254481,0.07135,0.04583,0.06753,0.03674,0.02361,0.17617,0.03650,0.01897,0.15687,0.30404,0.04946,0.01293,0.08102,0.01950,0.00974,0.03994,0.02677,0.19504,0.03948,0.02118,0.18005,0.35900,0.02060,0.00766,-56.15,3.648,-1,0.0000,-1.00,0.0000,0
107369,1790782254562,0.10354,0.04498,0.07474,0.05882,0.02010,0.11536,0.01808,0.03542,0.14854,0.31694,0.04773,0.01576,0.11512,0.02206,0.01510,0.06367,0.02098,0.11541,0.01637,0.04037,0.16536,0.37561,0.03432,0.01564,-55.90,3.803,-1,0.0000,-1.00,0.0000,0
107461,1790782254660,0.07651,0.05330,0.04113,0.12190,0.03223,0.10040,0.05517,0.08611,0.17754,0.14743,0.06439,0.04387,0.07182,0.02712,0.01533,0.13494,0.03058,0.10607,0.06068,0.10019,0.18534,0.17125,0.05613,0.04054,-56.89,2.131,-1,0.0000,-1.00,0.0000,0
107554,1790782254760,0.08012,0.05941,0.05429,0.12587,0.02980,0.14199,0.05514,0.05053,0.11953,0.14148,0.09419,0.04765,0.08501,0.04808,0.03249,0.13447,0.02656,0.15329,0.05516,0.05548,0.11657,0.16426,0.08247,0.04616,-57.27,1.704,-1,0.0000,-1.00,0.0000,0
107647,1790782254841,0.10358,0.04486,0.07458,0.04882,0.03217,0.12886,0.04610,0.06169,0.12017,0.23065,0.07061,0.03790,0.10935,0.02817,0.03576,0.04696,0.03098,0.13315,0.04344,0.07304,0.13453,0.27038,0.05822,0.03600,-55.93,2.768,-1,0.0000,-1.00,0.0000,0
107740,1790782254942,0.19638,0.03514,0.05827,0.02971,0.01569,0.11666,0.05557,0.02274,0.12825,0.27232,0.04444,0.02482,0.22924,0.01366,0.00574,0.02875,0.01542,0.09434,0.06388,0.02611,0.14797,0.32325,0.03455,0.01708,-55.36,3.268,-1,0.0000,-1.00,0.0000,0
107833,1790782255019,0.12602,0.04704,0.03801,0.08638,0.05997,0.13014,0.04849,0.08135,0.11238,0.17614,0.06410,0.02997,0.13035,0.03495,0.00630,0.09339,0.06675,0.13010,0.05117,0.09623,0.11597,0.19800,0.05101,0.02577,-56.10,2.114,-1,0.0000,-1.00,0.0000,0
107926,1790782255119,0.12280,0.06821,0.04258,0.07474,0.02121,0.09478,0.05582,0.13798,0.11705,0.10598,0.12627,0.03257,0.11539,0.05750,0.02662,0.06314,0.01961,0.09115,0.05549,0.16006,0.12774,0.12310,0.13324,0.02697,-57.30,1.656,-1,0.0000,-1.00,0.0000,0
108019,1790782255219,0.07872,0.06240,0.05285,0.04627,0.04225,0.14312,0.03740,0.08807,0.20313,0.10794,0.08820,0.04965,0.07132,0.03136,0.03916,0.04067,0.04025,0.15735,0.03610,0.10027,0.23477,0.12192,0.07449,0.05234,-57.84,2.438,-1,0.0000,-1.00,0.0000,0
108112,1790782255299,0.07274,0.03837,0.02775,0.12007,0.06721,0.10959,0.02357,0.09106,0.14582,0.06819,0.18113,0.05450,0.06403,0.01775,0.01975,0.10551,0.06856,0.11862,0.02469,0.10524,0.15381,0.06812,0.19352,0.06041,-57.93,2.174,-1,0.0000,-1.00,0.0000,0
108204,1790782255400,0.06296,0.06104,0.05573,0.10313,0.03692,0.11130,0.02919,0.05836,0.21936,0.04707,0.18103,0.03391,0.06400,0.02468,0.05695,0.08544,0.03436,0.12377,0.02972,0.05901,0.24590,0.04959,0.19239,0.03420,-57.90,2.632,-1,0.0000,-1.00,0.0000,0
108297,1790782255482,0.04755,0.05768,0.05366,0.06962,0.03106,0.12582,0.03385,0.08737,0.27354,0.08563,0.09320,0.04101,0.03305,0.01175,0.04501,0.06695,0.02897,0.14422,0.03799,0.09602,0.31405,0.09731,0.08309,0.04161,-58.09,3.282,-1,0.0000,-1.00,0.0000,0
108390,1790782255579,0.08082,0.05615,0.03235,0.11330,0.01965,0.10788,0.03863,0.07885,0.25291,0.03683,0.13791,0.04472,0.07475,0.01613,0.03044,0.10750,0.01461,0.11445,0.04308,0.08845,0.28098,0.04199,0.14256,0.04505,-58.41,3.035,-1,0.0000,-1.00,0.0000,0
108483,1790782255659,0.11089,0.09518,0.06222,0.12833,0.02449,0.07069,0.05848,0.05230,0.18108,0.09214,0.09447,0.02972,0.12314,0.07712,0.05364,0.13370,0.02472,0.06030,0.05479,0.05203,0.19047,0.10550,0.10125,0.02334,-57.69,2.173,-1,0.0000,-1.00,0.0000,0
108576,1790782255759,0.11346,0.02557,0.04778,0.24251,0.03993,0.08602,0.03767,0.08354,0.10788,0.04392,0.13419,0.03752,0.11699,0.01569,0.04835,0.26191,0.03899,0.08135,0.03878,0.09376,0.07735,0.04489,0.14467,0.03728,-56.65,2.910,-1,0.0000,-1.00,0.0000,0
108669,1790782255859,0.06045,0.09972,0.02467,0.21119,0.04713,0.10766,0.04379,0.07794,0.09017,0.01882,0.17537,0.04309,0.05498,0.10656,0.02696,0.21604,0.04747,0.11810,0.03134,0.08805,0.06522,0.01314,0.18672,0.04542,-56.75,2.534,-1,0.0000,-1.00,0.0000,0
108762,1790782255980,0.09398,0.07042,0.02441,0.09183,0.06947,0.28262,0.03814,0.03938,0.04600,0.07657,0.12220,0.04499,0.10374,0.07713,0.01396,0.09351,0.07373,0.31808,0.03006,0.04477,0.03658,0.07713,0.08336,0.04795,-57.24,3.391,-1,0.0000,-1.00,0.0000,0
108855,1790782256062,0.07277,0.09149,0.02675,0.10353,0.03604,0.18299,0.06858,0.04655,0.15674,0.06720,0.09366,0.05371,0.07678,0.07671,0.01739,0.10982,0.03305,0.20405,0.06677,0.05253,0.16604,0.07396,0.07177,0.05112,-57.51,2.196,-1,0.0000,-1.00,0.0000,0
108948,1790782256141,0.08327,0.08854,0.05900,0.08878,0.02042,0.12608,0.05181,0.04698,0.12276,0.14768,0.12527,0.03941,0.08646,0.08373,0.03628,0.08188,0.01690,0.13393,0.04548,0.04910,0.13087,0.17360,0.12356,0.03820,-57.60,1.772,-1,0.0000,-1.00,0.0000,0
109040,1790782256240,0.05858,0.18406,0.02175,0.10368,0.02624,0.08221,0.05483,0.03408,0.16082,0.06464,0.13652,0.07257,0.06254,0.18609,0.01131,0.09519,0.01534,0.08611,0.02881,0.03860,0.17383,0.07442,0.14652,0.08124,-57.22,2.209,-1,0.0000,-1.00,0.0000,0
109133,1790782256319,0.06697,0.13491,0.07190,0.08343,0.02453,0.12960,0.05525,0.03251,0.19567,0.05070,0.10016,0.05436,0.06895,0.12217,0.07481,0.08174,0.01759,0.14163,0.02817,0.03795,0.21825,0.05726,0.09194,0.05955,-57.59,2.348,-1,0.0000,-1.00,0.0000,0
109226,1790782256418,0.03298,0.05387,0.14688,0.06330,0.02751,0.11471,0.09340,0.08131,0.15273,0.06367,0.12382,0.04583,0.02530,0.03156,0.16191,0.05164,0.02623,0.13243,0.10565,0.06534,0.17276,0.07109,0.12211,0.03397,-58.39,1.833,-1,0.0000,-1.00,0.0000,0
109319,1790782256521,0.04006,0.03893,0.11331,0.15109,0.02761,0.10830,0.02999,0.09552,0.14944,0.05240,0.13386,0.05948,0.03113,0.01876,0.12414,0.15410,0.02071,0.12360,0.03210,0.08996,0.14851,0.05869,0.13589,0.06239,-58.36,1.813,-1,0.0000,-1.00,0.0000,0
109412,1790782256599,0.03704,0.06931,0.10831,0.08013,0.03428,0.12268,0.06294,0.04090,0.17113,0.10671,0.11217,0.05441,0.03336,0.04701,0.10561,0.07489,0.03000,0.14038,0.04696,0.04721,0.19021,0.12191,0.10658,0.05588,-56.96,2.054,-1,0.0000,-1.00,0.0000,0
109505,1790782256699,0.06872,0.05524,0.05999,0.03700,0.02529,0.14745,0.04549,0.02639,0.18247,0.26422,0.06004,0.02771,0.07622,0.02460,0.01005,0.03643,0.02567,0.16157,0.04962,0.02964,0.21103,0.31190,0.03991,0.02337,-56.70,3.171,-1,0.0000,-1.00,0.0000,0
109598,1790782256778,0.09414,0.11361,0.02735,0.03954,0.09578,0.12721,0.05637,0.05397,0.19685,0.09182,0.07828,0.02507,0.10058,0.09071,0.01532,0.03399,0.11076,0.13249,0.04956,0.06164,0.22914,0.08807,0.06753,0.02022,-57.38,2.362,-1,0.0000,-1.00,0.0000,0
109691,1790782256881,0.12541,0.08254,0.01671,0.12392,0.09545,0.07026,0.05576,0.11679,0.18926,0.04908,0.05399,0.02083,0.12007,0.06233,0.01272,0.13806,0.11086,0.06109,0.05443,0.13745,0.19941,0.03683,0.05259,0.01417,-57.65,2.271,-1,0.0000,-1.00,0.0000,0
109783,1790782256980,0.07999,0.07169,0.03416,0.24999,0.05463,0.06773,0.04793,0.07948,0.17385,0.06204,0.04391,0.03458,0.07680,0.05753,0.02834,0.29171,0.05906,0.06593,0.04603,0.08962,0.14962,0.06350,0.03955,0.03231,-58.09,3.000,-1,0.0000,-1.00,0.0000,0
109876,1790782257060,0.05059,0.02011,0.04244,0.40758,0.05313,0.05093,0.03944,0.03054,0.15221,0.04582,0.06347,0.04374,0.05337,0.00783,0.04209,0.47532,0.05395,0.05147,0.04354,0.03042,0.08816,0.04421,0.06585,0.04378,-57.69,4.891,-1,0.0000,-1.00,0.0000,0
109969,1790782257161,0.02552,0.03867,0.09356,0.37893,0.02379,0.07166,0.02600,0.06511,0.15651,0.02867,0.06801,0.02357,0.01927,0.02656,0.10617,0.44112,0.02392,0.08205,0.02586,0.05700,0.09973,0.02997,0.06523,0.02311,-57.06,4.547,-1,0.0000,-1.00,0.0000,0
110062,1790782257259,0.05521,0.08378,0.16173,0.06091,0.03960,0.11099,0.06787,0.07053,0.17552,0.05147,0.08740,0.03498,0.05628,0.06106,0.18321,0.05701,0.04182,0.12184,0.06820,0.04921,0.19901,0.05339,0.08057,0.02839,-57.50,2.106,-1,0.0000,-1.00,0.0000,0
110155,1790782257360,0.07701,0.07089,0.02399,0.17373,0.05171,0.03224,0.05660,0.11126,0.22942,0.06436,0.04716,0.06163,0.06655,0.03843,0.01521,0.19797,0.04971,0.02544,0.05986,0.13064,0.23464,0.06828,0.05146,0.06181,-58.60,2.753,-1,0.0000,-1.00,0.0000,0
110248,1790782257442,0.04306,0.08563,0.03285,0.10135,0.03301,0.02399,0.03721,0.09895,0.22087,0.10585,0.15517,0.06206,0.02818,0.05397,0.01517,0.08549,0.02611,0.02316,0.03325,0.11620,0.24728,0.12208,0.18134,0.06777,-57.61,2.650,-1,0.0000,-1.00,0.0000,0
110341,1790782257542,0.05456,0.07085,0.03059,0.05130,0.04062,0.04894,0.03273,0.06233,0.21508,0.05356,0.18441,0.15502,0.05140,0.03466,0.02436,0.01957,0.01309,0.04846,0.03168,0.07051,0.25344,0.06199,0.21137,0.17948,-56.30,2.581,-1,0.0000,-1.00,0.0000,0
110434,1790782257619,0.08486,0.05269,0.03075,0.07362,0.02231,0.07232,0.05030,0.09149,0.17653,0.09316,0.14889,0.10306,0.08054,0.02339,0.01489,0.05563,0.00444,0.07069,0.05563,0.10668,0.20050,0.11075,0.16439,0.11246,-55.55,2.118,-1,0.0000,-1.00,0.0000,0
110526,1790782257720,0.05731,0.03219,0.02640,0.08135,0.02317,0.03944,0.03823,0.15606,0.08178,0.06715,0.29560,0.10131,0.03457,0.02031,0.01591,0.02885,0.00581,0.04041,0.04172,0.18390,0.09227,0.07931,0.34619,0.11073,-54.91,3.547,-1,0.0000,-1.00,0.0000,0
110619,1790782257819,0.05499,0.02293,0.02812,0.07557,0.05842,0.02836,0.02051,0.23932,0.07376,0.03786,0.08700,0.27316,0.01171,0.01383,0.02495,0.07113,0.00652,0.03166,0.02183,0.28181,0.07428,0.04408,0.09796,0.32021,-55.17,3.278,-1,0.0000,-1.00,0.0000,0
110712,1790782257900,0.09024,0.03033,0.03373,0.15239,0.01539,0.02026,0.03026,0.41735,0.08510,0.02043,0.05914,0.04539,0.01495,0.02279,0.03595,0.16938,0.00980,0.02132,0.03174,0.49295,0.06839,0.02254,0.06664,0.04355,-55.48,5.008,-1,0.0000,-1.00,0.0000,0
110805,1790782258000,0.09151,0.02407,0.06447,0.06877,0.02326,0.03474,0.06659,0.39091,0.05430,0.02056,0.06755,0.09328,0.01943,0.01861,0.07269,0.06785,0.00839,0.03804,0.07495,0.45514,0.05161,0.02297,0.07340,0.09691,-55.58,4.691,-1,0.0000,-1.00,0.0000,0
110898,1790782258080,0.05189,0.03776,0.05973,0.08582,0.03281,0.02050,0.07976,0.24370,0.11477,0.01961,0.15821,0.09546,0.00667,0.02060,0.06769,0.06617,0.02018,0.02324,0.09012,0.27996,0.12434,0.01955,0.18496,0.09651,-55.72,2.924,-1,0.0000,-1.00,0.0000,0
110991,1790782258180,0.08365,0.02834,0.07392,0.07362,0.02042,0.01453,0.04468,0.40796,0.10669,0.02242,0.05673,0.06705,0.00384,0.01440,0.08360,0.07540,0.01037,0.01682,0.05068,0.47226,0.11264,0.02505,0.06464,0.07029,-56.11,4.896,-1,0.0000,-1.00,0.0000,0
111084,1790782258259,0.07225,0.04051,0.05110,0.13894,0.01281,0.03190,0.03993,0.28323,0.15622,0.04142,0.08385,0.04782,0.02349,0.01725,0.05163,0.14789,0.00617,0.03357,0.04423,0.32934,0.15787,0.04841,0.09382,0.04633,-57.07,3.399,-1,0.0000,-1.00,0.0000,0
111177,1790782258360,0.05868,0.05035,0.07908,0.10635,0.01892,0.03948,0.03958,0.19299,0.20986,0.05630,0.10493,0.04348,0.02258,0.01953,0.08194,0.10419,0.01402,0.04283,0.04274,0.21583,0.23080,0.06468,0.11724,0.04363,-56.33,2.518,-1,0.0000,-1.00,0.0000,0
111270,1790782258479,0.06313,0.02191,0.10290,0.06212,0.01161,0.06259,0.05232,0.14497,0.09778,0.27745,0.06005,0.04317,0.04811,0.00641,0.05762,0.06275,0.00696,0.06566,0.06067,0.16304,0.10448,0.33132,0.05893,0.03405,-55.75,3.329,-1,0.0000,-1.00,0.0000,0
111362,1790782258560,0.11162,0.03275,0.10588,0.08061,0.02212,0.03626,0.07023,0.24717,0.07847,0.04695,0.08448,0.08347,0.07960,0.02365,0.11610,0.07762,0.00980,0.02766,0.07946,0.27315,0.07865,0.05432,0.09574,0.08426,-55.66,2.966,-1,0.0000,-1.00,0.0000,0
111455,1790782258661,0.08175,0.02705,0.06592,0.07157,0.02582,0.02840,0.04202,0.39990,0.07664,0.02096,0.04973,0.11023,0.00919,0.01717,0.07427,0.07522,0.00703,0.03245,0.04690,0.46450,0.07686,0.02379,0.05316,0.11947,-55.64,4.799,-1,0.0000,-1.00,0.0000,0
111548,1790782258739,0.06977,0.03356,0.06525,0.10008,0.02115,0.02940,0.06383,0.29014,0.13858,0.04762,0.07892,0.06170,0.01732,0.01132,0.06741,0.10242,0.01360,0.03180,0.07415,0.33437,0.14575,0.05436,0.08826,0.05923,-57.11,3.482,-1,0.0000,-1.00,0.0000,0
111641,1790782258841,0.04238,0.02669,0.16408,0.13948,0.01902,0.02897,0.04628,0.13516,0.12109,0.04167,0.14710,0.08808,0.02454,0.00969,0.18686,0.13336,0.00393,0.02985,0.05228,0.12616,0.11866,0.04916,0.17034,0.09518,-57.54,1.969,-1,0.0000,-1.00,0.0000,0
111734,1790782258920,0.04591,0.01310,0.35893,0.09130,0.01234,0.02262,0.03766,0.19250,0.05679,0.01236,0.10769,0.04881,0.02565,0.00591,0.42735,0.08468,0.00491,0.02202,0.04369,0.14621,0.05126,0.01383,0.12467,0.04983,-56.45,4.307,-1,0.0000,-1.00,0.0000,0
111827,1790782259020,0.14442,0.02322,0.16104,0.11792,0.01012,0.06619,0.02190,0.23472,0.11521,0.01896,0.04685,0.03945,0.12302,0.00773,0.18859,0.13233,0.00380,0.05493,0.02471,0.24386,0.11168,0.02209,0.04525,0.04202,-56.83,2.817,-1,0.0000,-1.00,0.0000,0
111920,1790782259120,0.05799,0.03313,0.13558,0.20831,0.00876,0.03807,0.02814,0.20349,0.19371,0.02427,0.04080,0.02774,0.02604,0.00443,0.15689,0.24151,0.00511,0.04055,0.03273,0.21283,0.18424,0.02807,0.04085,0.02674,-57.73,2.500,-1,0.0000,-1.00,0.0000,0
112013,1790782259199,0.07619,0.04371,0.13733,0.14932,0.01593,0.02385,0.03019,0.14486,0.25237,0.02716,0.06303,0.03608,0.05319,0.00882,0.15856,0.16465,0.01187,0.01803,0.03443,0.14214,0.26976,0.03019,0.07196,0.03641,-58.04,3.028,-1,0.0000,-1.00,0.0000,0
112105,1790782259299,0.06575,0.04261,0.06688,0.21831,0.01595,0.03329,0.01689,0.09250,0.17436,0.03628,0.20404,0.03314,0.05720,0.02050,0.07198,0.21425,0.01168,0.02875,0.01617,0.09657,0.16645,0.04116,0.23879,0.03651,-57.24,2.620,-1,0.0000,-1.00,0.0000,0
112198,1790782259379,0.05179,0.03434,0.06527,0.19843,0.01794,0.02309,0.01585,0.12150,0.21626,0.01776,0.18270,0.05505,0.03146,0.00223,0.07419,0.19521,0.00915,0.02143,0.01836,0.13108,0.21963,0.02027,0.21467,0.06232,-56.28,2.595,-1,0.0000,-1.00,0.0000,0
112291,1790782259479,0.08187,0.02517,0.03801,0.07410,0.03118,0.04201,0.03107,0.26856,0.13333,0.07935,0.07916,0.11619,0.03197,0.00474,0.02710,0.07172,0.01104,0.04414,0.03629,0.31643,0.14542,0.09302,0.08610,0.13204,-56.06,3.223,-1,0.0000,-1.00,0.0000,0
112384,1790782259559,0.07370,0.03413,0.03382,0.07907,0.00785,0.04590,0.07828,0.09337,0.24979,0.11469,0.15197,0.03742,0.04872,0.00184,0.01344,0.06043,0.00419,0.04534,0.09328,0.10937,0.28733,0.13660,0.17311,0.02635,-56.12,2.998,-1,0.0000,-1.00,0.0000,0
112477,1790782259661,0.08841,0.03964,0.03828,0.08072,0.01183,0.10136,0.04713,0.07069,0.20062,0.12950,0.14541,0.04643,0.09070,0.00245,0.01532,0.06624,0.00554,0.10347,0.05592,0.08173,0.22726,0.15407,0.15373,0.04357,-56.43,2.407,-1,0.0000,-1.00,0.0000,0
112570,1790782259779,0.07124,0.03685,0.04559,0.11241,0.01969,0.08388,0.04158,0.04121,0.18444,0.15252,0.16494,0.04562,0.07532,0.00525,0.01892,0.09888,0.01467,0.08558,0.04858,0.04583,0.20110,0.18015,0.18068,0.04503,-56.63,2.213,-1,0.0000,-1.00,0.0000,0
112663,1790782259863,0.06160,0.07569,0.03212,0.05400,0.01060,0.07785,0.03372,0.06880,0.36692,0.09588,0.07673,0.04610,0.05634,0.00726,0.01582,0.04970,0.00328,0.08211,0.03897,0.07930,0.42973,0.11431,0.07566,0.04751,-56.73,4.403,-1,0.0000,-1.00,0.0000,0
112756,1790782259977,0.05875,0.03931,0.03663,0.05388,0.04815,0.16953,0.03819,0.06468,0.16417,0.13145,0.15583,0.03944,0.05377,0.01132,0.01463,0.03512,0.04982,0.19269,0.04351,0.07460,0.18975,0.14763,0.14853,0.03863,-57.19,2.034,-1,0.0000,-1.00,0.0000,0
112848,1790782260042,0.04685,0.04873,0.16318,0.05957,0.00626,0.05843,0.06499,0.08950,0.23468,0.10288,0.09506,0.02988,0.04089,0.00538,0.17119,0.05123,0.00342,0.06190,0.07667,0.07345,0.27083,0.12281,0.10164,0.02060,-57.06,2.816,-1,0.0000,-1.00,0.0000,0
112941,1790782260139,0.05949,0.04832,0.07057,0.10106,0.00962,0.08745,0.04317,0.08367,0.21670,0.16190,0.09181,0.02626,0.05276,0.01089,0.04638,0.10299,0.00723,0.09432,0.04933,0.09130,0.23925,0.19256,0.09131,0.02168,-56.72,2.600,-1,0.0000,-1.00,0.0000,0
113034,1790782260219,0.08387,0.03629,0.03133,0.10329,0.04253,0.09240,0.05047,0.12387,0.19004,0.08577,0.08359,0.07656,0.07192,0.00265,0.01846,0.10771,0.03502,0.09660,0.05995,0.14476,0.20595,0.09624,0.08101,0.07972,-56.66,2.281,-1,0.0000,-1.00,0.0000,0
113127,1790782260321,0.07005,0.06236,0.04430,0.08095,0.02352,0.05875,0.04147,0.07110,0.30444,0.08049,0.10755,0.05504,0.06841,0.00530,0.03463,0.07368,0.01702,0.05684,0.04864,0.07833,0.35018,0.09308,0.11760,0.05630,-56.62,3.653,-1,0.0000,-1.00,0.0000,0
113220,1790782260421,0.11933,0.04733,0.02090,0.06270,0.03202,0.03779,0.03899,0.23578,0.20865,0.05121,0.06371,0.08158,0.08737,0.00955,0.01368,0.06109,0.02073,0.02796,0.04409,0.28055,0.23788,0.05728,0.07080,0.08901,-56.94,2.829,-1,0.0000,-1.00,0.0000,0
113313,1790782260500,0.09857,0.04744,0.02933,0.05362,0.02543,0.07067,0.04557,0.18079,0.23178,0.08074,0.07062,0.06542,0.07576,0.00377,0.01662,0.05022,0.01703,0.06967,0.05353,0.21367,0.26772,0.09343,0.07081,0.06778,-57.40,2.781,-1,0.0000,-1.00,0.0000,0
113406,1790782260601,0.09034,0.04470,0.04082,0.04361,0.01700,0.07749,0.10889,0.14885,0.22157,0.09340,0.06668,0.04664,0.06617,0.01028,0.02727,0.03956,0.01397,0.08011,0.12844,0.17295,0.25766,0.10915,0.06402,0.03043,-57.98,2.659,-1,0.0000,-1.00,0.0000,0
113499,1790782260679,0.07922,0.04145,0.15936,0.04384,0.01865,0.10960,0.08577,0.09719,0.17539,0.08231,0.06427,0.04294,0.07655,0.01161,0.17200,0.04187,0.01506,0.11718,0.10001,0.08282,0.20186,0.09564,0.05378,0.03162,-58.13,2.105,-1,0.0000,-1.00,0.0000,0
113592,1790782260779,0.10478,0.05255,0.07383,0.06343,0.02864,0.04523,0.08160,0.06331,0.24812,0.14934,0.04169,0.04748,0.11310,0.00681,0.05392,0.06735,0.02693,0.03178,0.09574,0.06586,0.28329,0.17427,0.04365,0.03730,-58.42,2.977,-1,0.0000,-1.00,0.0000,0
113684,1790782260860,0.09495,0.05937,0.01322,0.04821,0.01680,0.15543,0.07455,0.09122,0.29570,0.03675,0.07718,0.03663,0.08968,0.00542,0.00766,0.04609,0.01405,0.16932,0.08821,0.10782,0.34518,0.04125,0.05892,0.02640,-58.24,3.548,-1,0.0000,-1.00,0.0000,0
113777,1790782260976,0.10242,0.06492,0.01278,0.03617,0.01370,0.20953,0.04518,0.03608,0.31531,0.04387,0.09409,0.02595,0.11225,0.00618,0.00537,0.02998,0.01233,0.22881,0.05290,0.04217,0.37185,0.05015,0.06738,0.02061,-57.61,3.784,-1,0.0000,-1.00,0.0000,0
113870,1790782261083,0.08322,0.05408,0.01836,0.06743,0.02317,0.11629,0.09919,0.05146,0.26867,0.04388,0.10978,0.06448,0.08866,0.00338,0.01219,0.05951,0.01723,0.12177,0.11813,0.05930,0.30981,0.04948,0.10740,0.05315,-58.04,3.224,-1,0.0000,-1.00,0.0000,0
113963,1790782261159,0.09010,0.04186,0.01884,0.05126,0.00974,0.16613,0.09443,0.11511,0.20502,0.05430,0.11947,0.03375,0.08018,0.00375,0.00999,0.04024,0.00805,0.18317,0.11175,0.13659,0.23763,0.06352,0.10684,0.01828,-58.44,2.460,-1,0.0000,-1.00,0.0000,0
114056,1790782261259,0.07491,0.07098,0.01275,0.06302,0.02526,0.14100,0.03957,0.04349,0.35807,0.04730,0.08301,0.04065,0.07963,0.00246,0.00489,0.06182,0.02245,0.15317,0.04692,0.05114,0.41658,0.05243,0.06910,0.03941,-58.19,4.297,-1,0.0000,-1.00,0.0000,0
114149,1790782261340,0.10885,0.07149,0.01014,0.08736,0.01128,0.08356,0.06844,0.05976,0.38184,0.02497,0.07177,0.02053,0.11221,0.00282,0.00669,0.09069,0.01185,0.07788,0.08145,0.07029,0.43956,0.02757,0.07056,0.00845,-58.44,4.582,-1,0.0000,-1.00,0.0000,0
114242,1790782261442,0.09173,0.08461,0.00835,0.08043,0.01078,0.07119,0.04343,0.04641,0.44485,0.01342,0.08313,0.02166,0.09715,0.00068,0.00721,0.07923,0.00978,0.06604,0.05107,0.05502,0.51733,0.01414,0.08652,0.01583,-59.42,5.338,-1,0.0000,-1.00,0.0000,0
114335,1790782261520,0.22742,0.04239,0.01175,0.07040,0.02463,0.12453,0.08451,0.06588,0.19016,0.02504,0.06915,0.06414,0.25706,0.00892,0.00885,0.07179,0.01825,0.09826,0.09830,0.07838,0.21363,0.02638,0.06338,0.05680,-59.52,2.729,-1,0.0000,-1.00,0.0000,0
114427,1790782261620,0.22188,0.06137,0.00746,0.03306,0.01703,0.13316,0.03925,0.09164,0.28128,0.01731,0.07652,0.02003,0.24277,0.00923,0.00547,0.02586,0.01641,0.11244,0.04495,0.10898,0.33192,0.01749,0.06940,0.01509,-58.60,3.375,-1,0.0000,-1.00,0.0000,0
114520,1790782261720,0.08500,0.05037,0.14990,0.08307,0.02703,0.08297,0.03261,0.07240,0.22195,0.08840,0.06657,0.03972,0.08830,0.01376,0.15942,0.08695,0.02437,0.08192,0.03603,0.05548,0.24793,0.10187,0.06353,0.04046,-58.16,2.663,-1,0.0000,-1.00,0.0000,0
114613,1790782261799,0.05835,0.04153,0.21745,0.14120,0.01703,0.03338,0.06094,0.09219,0.21086,0.01770,0.07058,0.03878,0.05784,0.00625,0.25683,0.15358,0.01330,0.02928,0.07178,0.05956,0.22201,0.01877,0.07877,0.03202,-58.18,2.609,-1,0.0000,-1.00,0.0000,0
114706,1790782261901,0.11120,0.06857,0.01876,0.15241,0.03245,0.04047,0.02403,0.06630,0.34042,0.05022,0.06667,0.02851,0.11764,0.00790,0.01185,0.16777,0.03312,0.02517,0.02563,0.07869,0.37464,0.05361,0.07489,0.02908,-58.20,4.085,-1,0.0000,-1.00,0.0000,0
114799,1790782261979,0.06951,0.08330,0.06428,0.10446,0.03076,0.04618,0.02713,0.05096,0.14082,0.13278,0.16092,0.08890,0.07226,0.07058,0.04611,0.08857,0.01612,0.04137,0.01852,0.05192,0.15118,0.15591,0.18462,0.10285,-56.80,1.931,-1,0.0000,-1.00,0.0000,0
114892,1790782262081,0.02137,0.06722,0.04499,0.07305,0.03077,0.01875,0.02670,0.04216,0.18196,0.07947,0.28615,0.12742,0.01672,0.03838,0.03533,0.02031,0.00756,0.01915,0.02434,0.04356,0.21400,0.09372,0.33907,0.14785,-55.99,3.434,-1,0.0000,-1.00,0.0000,0
114985,1790782262159,0.04779,0.04102,0.02073,0.11075,0.03559,0.01961,0.01690,0.02045,0.19590,0.07215,0.28936,0.12974,0.05212,0.00576,0.00820,0.06449,0.01258,0.01317,0.01910,0.02289,0.22195,0.08396,0.34411,0.15167,-56.10,3.472,-1,0.0000,-1.00,0.0000,0
115078,1790782262259,0.19765,0.03805,0.02829,0.05100,0.03028,0.04658,0.02098,0.06555,0.18711,0.08350,0.14403,0.10698,0.22183,0.00230,0.01445,0.02737,0.01183,0.01183,0.02468,0.07568,0.21840,0.09810,0.17023,0.12330,-56.30,2.372,-1,0.0000,-1.00,0.0000,0
115170,1790782262380,0.17132,0.03331,0.04112,0.07760,0.02806,0.05321,0.00720,0.07497,0.14444,0.16730,0.13187,0.06959,0.18813,0.00827,0.00985,0.06288,0.01286,0.03102,0.00699,0.08788,0.15962,0.19891,0.15186,0.08173,-55.70,2.056,-1,0.0000,-1.00,0.0000,0
115263,1790782262470,0.23862,0.03569,0.02229,0.07050,0.02221,0.05475,0.01632,0.09500,0.15918,0.07534,0.15610,0.05401,0.26331,0.00719,0.00919,0.04807,0.01081,0.01707,0.01760,0.11253,0.18098,0.08836,0.18367,0.06122,-54.94,2.863,-1,0.0000,-1.00,0.0000,0
115356,1790782262560,0.27889,0.01990,0.03116,0.07545,0.02520,0.05576,0.01590,0.11701,0.08006,0.08992,0.15196,0.05879,0.30963,0.00703,0.01640,0.05475,0.01174,0.01113,0.01766,0.13695,0.08485,0.10565,0.17987,0.06433,-55.58,3.347,-1,0.0000,-1.00,0.0000,0
115449,1790782262640,0.06844,0.02666,0.05291,0.10614,0.04597,0.03330,0.02818,0.05155,0.09278,0.11565,0.21096,0.16747,0.07120,0.01299,0.03656,0.07809,0.01653,0.02579,0.03119,0.05452,0.09558,0.13540,0.24767,0.19448,-56.58,2.532,-1,0.0000,-1.00,0.0000,0
115542,1790782262740,0.15055,0.01654,0.06324,0.06357,0.04339,0.04120,0.03446,0.10645,0.05995,0.11662,0.17042,0.13361,0.15462,0.00949,0.04875,0.03654,0.01877,0.02175,0.03941,0.11789,0.06425,0.13636,0.19989,0.15228,-57.47,2.045,-1,0.0000,-1.00,0.0000,0
115635,1790782262819,0.15037,0.02655,0.06004,0.07639,0.06320,0.04021,0.04276,0.11708,0.08032,0.10537,0.15686,0.08085,0.15335,0.01591,0.04898,0.05513,0.05439,0.02181,0.04809,0.13059,0.08491,0.11588,0.18363,0.08734,-57.97,1.882,-1,0.0000,-1.00,0.0000,0
115728,1790782262922,0.18724,0.02124,0.08773,0.13365,0.02527,0.04244,0.07724,0.17368,0.06401,0.02780,0.10889,0.05080,0.18637,0.01613,0.09931,0.13490,0.02003,0.01560,0.08910,0.18868,0.04996,0.02934,0.12738,0.04321,-57.31,2.247,-1,0.0000,-1.00,0.0000,0
115821,1790782263018,0.12996,0.01689,0.20850,0.03753,0.02886,0.02329,0.02187,0.33638,0.05724,0.02442,0.06523,0.04984,0.08544,0.00781,0.24496,0.02990,0.02371,0.01097,0.02466,0.35451,0.06266,0.02457,0.07598,0.05483,-56.61,4.037,-1,0.0000,-1.00,0.0000,0
115914,1790782263100,0.10249,0.01426,0.16832,0.03005,0.06778,0.01705,0.03403,0.39297,0.04975,0.02598,0.05539,0.04194,0.03726,0.00618,0.19837,0.02336,0.07281,0.01304,0.03955,0.43155,0.05499,0.01669,0.06378,0.04241,-56.59,4.716,-1,0.0000,-1.00,0.0000,0
116006,1790782263200,0.10802,0.01415,0.13236,0.03633,0.13475,0.01813,0.00806,0.37518,0.05427,0.03385,0.05461,0.03028,0.04642,0.00529,0.15664,0.03105,0.15459,0.01253,0.00834,0.41878,0.05887,0.00991,0.06296,0.03463,-56.79,4.502,-1,0.0000,-1.00,0.0000,0
116099,1790782263279,0.18039,0.01395,0.07623,0.06481,0.08856,0.02587,0.00633,0.38182,0.05824,0.02405,0.06352,0.01625,0.12895,0.00535,0.08964,0.06279,0.10215,0.00579,0.00643,0.43983,0.05734,0.00857,0.07496,0.01819,-57.09,4.582,-1,0.0000,-1.00,0.0000,0
116192,1790782263381,0.15763,0.03174,0.14030,0.06928,0.08562,0.03306,0.01931,0.17696,0.15108,0.02923,0.08320,0.02259,0.15268,0.00523,0.16500,0.06364,0.09755,0.00987,0.02178,0.17965,0.16841,0.01569,0.09774,0.02275,-57.52,2.124,-1,0.0000,-1.00,0.0000,0
116285,1790782263458,0.20445,0.03056,0.20750,0.07922,0.04610,0.04694,0.01153,0.12694,0.14285,0.02386,0.06331,0.01676,0.22445,0.00585,0.24495,0.08040,0.05056,0.01293,0.01266,0.10355,0.15523,0.01856,0.07329,0.01757,-57.80,2.490,-1,0.0000,-1.00,0.0000,0
116378,1790782263562,0.12175,0.01400,0.18250,0.10335,0.03599,0.02926,0.08645,0.16067,0.06754,0.03966,0.10591,0.05292,0.11802,0.00463,0.21063,0.09914,0.03499,0.01167,0.10131,0.15212,0.06128,0.04059,0.12459,0.04103,-57.11,2.190,-1,0.0000,-1.00,0.0000,0
116471,1790782263685,0.07747,0.01265,0.12110,0.13053,0.01216,0.01964,0.04707,0.20277,0.04133,0.02097,0.26701,0.04731,0.04888,0.01017,0.14034,0.09352,0.00544,0.01384,0.05369,0.21584,0.03099,0.02404,0.31720,0.04604,-55.97,3.204,-1,0.0000,-1.00,0.0000,0
116564,1790782263759,0.05100,0.02596,0.10978,0.05972,0.06215,0.01113,0.01672,0.19459,0.11908,0.01865,0.12955,0.20167,0.02044,0.00456,0.12806,0.04116,0.02702,0.00969,0.01802,0.20888,0.13393,0.01759,0.15331,0.23734,-56.79,2.420,-1,0.0000,-1.00,0.0000,0
116657,1790782263862,0.15533,0.01005,0.10174,0.07802,0.03832,0.04360,0.03349,0.31406,0.04798,0.03793,0.07797,0.06152,0.11555,0.00385,0.11416,0.07612,0.03279,0.02934,0.03794,0.35510,0.04224,0.03910,0.08761,0.06619,-58.04,3.769,-1,0.0000,-1.00,0.0000,0
116749,1790782263942,0.17386,0.00864,0.13310,0.05370,0.04057,0.03578,0.03031,0.25462,0.05023,0.02899,0.09867,0.09152,0.15130,0.00267,0.15353,0.04152,0.02582,0.01534,0.03558,0.27486,0.05158,0.03000,0.11519,0.10261,-56.45,3.055,-1,0.0000,-1.00,0.0000,0
116842,1790782264042,0.14199,0.00769,0.06258,0.03805,0.01111,0.01281,0.04167,0.55834,0.03703,0.00935,0.05749,0.02189,0.04004,0.00202,0.07316,0.03224,0.00990,0.00757,0.04947,0.65457,0.03798,0.00924,0.06738,0.01643,-56.04,6.700,-1,0.0000,-1.00,0.0000,0
116935,1790782264120,0.15956,0.00804,0.16612,0.06760,0.01902,0.02770,0.02211,0.36054,0.03429,0.01964,0.08581,0.02957,0.11440,0.00420,0.19503,0.06105,0.01643,0.01115,0.02567,0.39335,0.02899,0.02027,0.10061,0.02885,-56.71,4.326,-1,0.0000,-1.00,0.0000,0
117028,1790782264221,0.13349,0.01526,0.18725,0.02488,0.03474,0.03082,0.05188,0.33988,0.05698,0.02587,0.05248,0.04648,0.08784,0.00547,0.21948,0.01815,0.03201,0.02050,0.06108,0.36375,0.06467,0.02465,0.05882,0.04358,-56.83,4.079,-1,0.0000,-1.00,0.0000,0
117121,1790782264321,0.14427,0.00974,0.13768,0.01422,0.02064,0.01924,0.03424,0.43886,0.05107,0.01471,0.02632,0.08901,0.07172,0.00311,0.16168,0.01114,0.00515,0.00883,0.03979,0.49443,0.05899,0.01661,0.02978,0.09877,-54.78,5.266,-1,0.0000,-1.00,0.0000,0
117214,1790782264400,0.14523,0.00662,0.09060,0.00841,0.01098,0.00835,0.01059,0.64733,0.03779,0.00676,0.00927,0.01805,0.02195,0.00166,0.10728,0.00812,0.00868,0.00630,0.01153,0.75522,0.04358,0.00648,0.00986,0.01934,-54.35,7.768,-1,0.0000,-1.00,0.0000,0
117307,1790782264500,0.06009,0.06344,0.08762,0.09220,0.01161,0.02626,0.01468,0.26780,0.32603,0.01393,0.01491,0.02142,0.01231,0.00282,0.10205,0.10808,0.00948,0.02902,0.01656,0.30113,0.36923,0.01481,0.01211,0.02238,-55.67,3.912,-1,0.0000,-1.00,0.0000,0
117400,1790782264581,0.04217,0.07137,0.09966,0.14110,0.00477,0.01474,0.01711,0.18444,0.38453,0.01599,0.01361,0.01051,0.01073,0.00125,0.11578,0.16645,0.00401,0.01553,0.02020,0.19810,0.42776,0.01837,0.01323,0.00858,-55.43,4.614,-1,0.0000,-1.00,0.0000,0
117492,1790782264678,0.04020,0.08692,0.07428,0.07664,0.01528,0.01820,0.01160,0.15831,0.45297,0.01878,0.01300,0.03382,0.01300,0.00089,0.08490,0.08953,0.01025,0.01977,0.01310,0.17349,0.52479,0.02070,0.01166,0.03793,-54.62,5.436,-1,0.0000,-1.00,0.0000,0
117585,1790782264758,0.14175,0.03161,0.04937,0.02133,0.01076,0.01780,0.00374,0.51017,0.16154,0.00337,0.01343,0.03511,0.05033,0.00102,0.05854,0.02281,0.00472,0.01136,0.00417,0.59982,0.18904,0.00311,0.01384,0.04124,-53.70,6.122,-1,0.0000,-1.00,0.0000,0
117678,1790782264879,0.15784,0.01346,0.03931,0.01707,0.01173,0.02232,0.01581,0.59356,0.06553,0.00631,0.01758,0.03948,0.04918,0.00198,0.04582,0.01695,0.00541,0.01699,0.01856,0.70214,0.07516,0.00649,0.01770,0.04362,-54.82,7.123,-1,0.0000,-1.00,0.0000,0
117771,1790782264979,0.13272,0.01970,0.04971,0.03544,0.05795,0.03049,0.02986,0.37316,0.10414,0.01614,0.03722,0.11347,0.06961,0.00323,0.05736,0.03454,0.04329,0.02330,0.03463,0.43627,0.11758,0.01112,0.03998,0.12909,-57.49,4.478,-1,0.0000,-1.00,0.0000,0
117864,1790782265061,0.12560,0.02280,0.08299,0.03995,0.01865,0.02287,0.02169,0.44872,0.10712,0.00893,0.05213,0.04856,0.04595,0.00505,0.09773,0.03621,0.01158,0.01849,0.02453,0.51876,0.12096,0.00863,0.05879,0.05332,-57.58,5.385,-1,0.0000,-1.00,0.0000,0
117957,1790782265161,0.06844,0.01937,0.07044,0.05043,0.02400,0.16371,0.04584,0.16882,0.08415,0.21414,0.05219,0.03847,0.03872,0.00994,0.03440,0.05543,0.02170,0.18849,0.05295,0.19546,0.08984,0.25229,0.02517,0.03560,-56.60,2.570,-1,0.0000,-1.00,0.0000,0
118050,1790782265238,0.08242,0.01894,0.03658,0.03248,0.01386,0.26436,0.13516,0.18641,0.03980,0.06982,0.08238,0.03779,0.05549,0.01455,0.02779,0.03136,0.01389,0.30577,0.15907,0.21786,0.04147,0.08090,0.03810,0.01375,-54.82,3.172,-1,0.0000,-1.00,0.0000,0
118143,1790782265339,0.12223,0.01001,0.04060,0.01765,0.00691,0.02629,0.09068,0.60221,0.02806,0.00530,0.01363,0.03643,0.00529,0.00608,0.04754,0.01911,0.00384,0.03045,0.10745,0.71217,0.02983,0.00559,0.01029,0.02235,-54.00,7.227,-1,0.0000,-1.00,0.0000,0
118236,1790782265420,0.06853,0.02125,0.04249,0.01946,0.01429,0.38192,0.12487,0.12820,0.03712,0.02140,0.09382,0.04663,0.05348,0.01739,0.04626,0.01862,0.01123,0.44760,0.14618,0.14445,0.04071,0.02350,0.02369,0.02690,-54.52,4.583,-1,0.0000,-1.00,0.0000,0
118328,1790782265520,0.07558,0.02228,0.03853,0.08175,0.04673,0.07678,0.15258,0.20004,0.08860,0.04742,0.09201,0.07769,0.04433,0.00886,0.03642,0.07953,0.04075,0.08709,0.18036,0.23320,0.08997,0.04917,0.09299,0.05734,-55.86,2.401,-1,0.0000,-1.00,0.0000,0
118421,1790782265620,0.05289,0.00989,0.08237,0.16256,0.01683,0.05608,0.09835,0.11684,0.05899,0.04536,0.25807,0.04177,0.03700,0.00527,0.08851,0.13583,0.01483,0.05986,0.11680,0.12245,0.04376,0.05141,0.29737,0.02690,-56.76,3.097,-1,0.0000,-1.00,0.0000,0
118514,1790782265699,0.05565,0.00578,0.06590,0.20297,0.01224,0.03931,0.05701,0.17418,0.05631,0.03676,0.26514,0.02876,0.02508,0.00368,0.07064,0.18188,0.01049,0.04213,0.06752,0.19477,0.03141,0.04196,0.30935,0.02108,-56.43,3.182,-1,0.0000,-1.00,0.0000,0
118607,1790782265799,0.04443,0.01730,0.01560,0.17809,0.02573,0.08043,0.06502,0.17590,0.04840,0.06346,0.21897,0.06668,0.01147,0.01588,0.00433,0.16508,0.01793,0.09410,0.07476,0.20991,0.02527,0.07248,0.24372,0.06508,-56.07,2.628,-1,0.0000,-1.00,0.0000,0
118700,1790782265880,0.10849,0.00912,0.02712,0.05667,0.19967,0.15548,0.05003,0.12635,0.03341,0.07442,0.13735,0.02188,0.09968,0.00566,0.02407,0.04185,0.23551,0.16736,0.05769,0.14776,0.03174,0.04248,0.13141,0.01478,-55.96,2.396,-1,0.0000,-1.00,0.0000,0
118793,1790782265982,0.11866,0.01476,0.01835,0.12524,0.10369,0.06253,0.04539,0.11302,0.05394,0.02989,0.24103,0.07349,0.11436,0.01036,0.01914,0.09487,0.10885,0.05226,0.05234,0.13163,0.04570,0.01436,0.27845,0.07769,-57.13,2.892,-1,0.0000,-1.00,0.0000,0
118886,1790782266059,0.08567,0.01628,0.02299,0.11726,0.03479,0.07221,0.03509,0.16846,0.04758,0.05423,0.25309,0.09236,0.06325,0.01148,0.01550,0.08330,0.02131,0.07399,0.03978,0.19878,0.04049,0.06075,0.28860,0.10279,-58.97,3.037,-1,0.0000,-1.00,0.0000,0
118979,1790782266179,0.07379,0.01692,0.02832,0.08650,0.04015,0.08958,0.03409,0.22096,0.03841,0.04990,0.25296,0.06841,0.04088,0.01302,0.02343,0.04747,0.03416,0.09923,0.03827,0.26011,0.03662,0.05302,0.28343,0.07036,-59.03,3.035,-1,0.0000,-1.00,0.0000,0
119071,1790782266280,0.05124,0.01473,0.02055,0.09410,0.01798,0.09557,0.05642,0.15564,0.02524,0.04124,0.39379,0.03351,0.02489,0.01259,0.01546,0.02352,0.01611,0.10958,0.06440,0.18414,0.02558,0.04622,0.45014,0.02738,-58.68,4.726,-1,0.0000,-1.00,0.0000,0
119164,1790782266361,0.08932,0.02255,0.02426,0.08799,0.03270,0.09059,0.04192,0.08860,0.06586,0.04415,0.38321,0.02886,0.08667,0.01231,0.01965,0.01805,0.03282,0.09274,0.04736,0.10270,0.07422,0.04751,0.44079,0.02519,-57.98,4.598,-1,0.0000,-1.00,0.0000,0
119257,1790782266469,0.08481,0.01920,0.07781,0.18935,0.03249,0.07962,0.08872,0.05113,0.11424,0.06894,0.13352,0.06018,0.08908,0.00574,0.07798,0.19822,0.02850,0.07775,0.09825,0.05272,0.09759,0.07695,0.14458,0.05263,-56.53,2.272,-1,0.0000,-1.00,0.0000,0
119350,1790782266540,0.03870,0.01980,0.05674,0.25138,0.03951,0.08124,0.02043,0.09273,0.12592,0.08582,0.13273,0.05501,0.02640,0.00509,0.04876,0.27330,0.03529,0.09211,0.02180,0.10311,0.09550,0.09703,0.14078,0.06084,-56.09,3.017,-1,0.0000,-1.00,0.0000,0
119443,1790782266640,0.08058,0.07054,0.03035,0.06745,0.04450,0.09408,0.02167,0.03047,0.24454,0.09298,0.13312,0.08974,0.08952,0.02867,0.01535,0.05314,0.02748,0.10025,0.01899,0.03475,0.28248,0.10597,0.13963,0.10376,-56.40,2.934,-1,0.0000,-1.00,0.0000,0
119536,1790782266719,0.06891,0.07267,0.04959,0.05300,0.03892,0.08181,0.04928,0.09597,0.15093,0.16474,0.10973,0.06443,0.05887,0.05459,0.02160,0.04083,0.03322,0.08636,0.04823,0.11072,0.17275,0.19082,0.11437,0.06764,-57.16,1.977,-1,0.0000,-1.00,0.0000,0
119629,1790782266819,0.07135,0.08415,0.02633,0.05662,0.03102,0.15886,0.03176,0.10199,0.15369,0.08177,0.14590,0.05656,0.06059,0.06710,0.01308,0.04022,0.02413,0.17892,0.02475,0.11961,0.17619,0.09319,0.13935,0.06287,-57.87,1.906,-1,0.0000,-1.00,0.0000,0
119722,1790782266921,0.13053,0.07719,0.03764,0.09401,0.02697,0.07895,0.10319,0.05116,0.08417,0.12522,0.13993,0.05102,0.14405,0.07657,0.01632,0.08200,0.02446,0.06605,0.10846,0.05807,0.08460,0.14520,0.15458,0.03963,-55.96,1.679,-1,0.0000,-1.00,0.0000,0
119814,1790782266999,0.12811,0.08758,0.03033,0.02947,0.02286,0.09620,0.02634,0.01467,0.37873,0.12617,0.03667,0.02287,0.15030,0.01619,0.00725,0.02996,0.02307,0.08547,0.02835,0.01614,0.44774,0.14674,0.02700,0.02178,-54.76,4.545,-1,0.0000,-1.00,0.0000,0
119907,1790782267101,0.21813,0.04198,0.05643,0.01694,0.01157,0.11904,0.03020,0.01998,0.15199,0.25484,0.04851,0.03041,0.25594,0.01563,0.00735,0.01238,0.00793,0.09190,0.03275,0.02282,0.17947,0.30398,0.03991,0.02994,-55.65,3.058,-1,0.0000,-1.00,0.0000,0
120000,1790782267180,0.08758,0.07215,0.03622,0.06569,0.01906,0.15204,0.04010,0.04334,0.21088,0.11368,0.10641,0.05285,0.09686,0.03881,0.01679,0.05984,0.01218,0.16297,0.04035,0.04861,0.24034,0.13428,0.09520,0.05377,-56.97,2.531,-1,0.0000,-1.00,0.0000,0
120093,1790782267279,0.07075,0.07735,0.02513,0.09561,0.03699,0.08356,0.03839,0.04612,0.28822,0.09177,0.10186,0.04425,0.07361,0.02861,0.00958,0.09373,0.03540,0.08553,0.04033,0.05336,0.32615,0.10357,0.10509,0.04503,-56.70,3.459,-1,0.0000,-1.00,0.0000,0
120186,1790782267361,0.10677,0.06657,0.05195,0.03669,0.04051,0.10988,0.07550,0.04917,0.22641,0.10610,0.07438,0.05606,0.11572,0.02923,0.03830,0.03082,0.03186,0.11541,0.08468,0.05133,0.26518,0.12082,0.06625,0.05039,-56.22,2.717,-1,0.0000,-1.00,0.0000,0
120279,1790782267479,0.17140,0.05734,0.06776,0.03498,0.01208,0.13630,0.05406,0.02679,0.10624,0.25519,0.05533,0.02255,0.19953,0.04486,0.02099,0.03363,0.01126,0.12376,0.05458,0.02924,0.12053,0.30365,0.04176,0.01620,-55.74,3.062,-1,0.0000,-1.00,0.0000,0
120372,1790782267582,0.08611,0.06918,0.04847,0.05220,0.05472,0.14151,0.04262,0.07010,0.12652,0.18719,0.07869,0.04268,0.08883,0.05480,0.01587,0.04983,0.05734,0.15196,0.04021,0.08085,0.14173,0.21293,0.06417,0.04149,-55.71,2.246,-1,0.0000,-1.00,0.0000,0
120465,1790782267660,0.05633,0.06422,0.03507,0.10058,0.03356,0.21248,0.05732,0.07484,0.14876,0.06798,0.10768,0.04117,0.05079,0.04583,0.02706,0.10455,0.03278,0.24454,0.05959,0.08432,0.15697,0.07551,0.08055,0.03751,-56.89,2.550,-1,0.0000,-1.00,0.0000,0
120558,1790782267760,0.05152,0.09434,0.02954,0.06351,0.02667,0.11912,0.06763,0.06418,0.25136,0.07324,0.11261,0.04628,0.04723,0.05547,0.01893,0.05459,0.02371,0.13338,0.07004,0.07315,0.29037,0.08306,0.10850,0.04157,-57.34,3.016,-1,0.0000,-1.00,0.0000,0
120650,1790782267840,0.08804,0.04448,0.03824,0.14686,0.01636,0.06578,0.04895,0.07307,0.12244,0.05889,0.26345,0.03344,0.08941,0.02877,0.03237,0.11580,0.01374,0.06109,0.05295,0.08114,0.12375,0.06784,0.30357,0.02957,-56.81,3.161,-1,0.0000,-1.00,0.0000,0
120743,1790782267941,0.04515,0.06790,0.04433,0.11534,0.01788,0.06177,0.04108,0.11384,0.20270,0.08325,0.16153,0.04524,0.02694,0.03873,0.03379,0.10254,0.01231,0.06867,0.04155,0.12970,0.22236,0.09751,0.17993,0.04597,-56.33,2.432,-1,0.0000,-1.00,0.0000,0
120836,1790782268019,0.03510,0.09246,0.01450,0.13907,0.02696,0.07888,0.01912,0.05759,0.20910,0.04441,0.25134,0.03148,0.02974,0.06549,0.00779,0.11042,0.02543,0.08862,0.00992,0.06747,0.22849,0.04834,0.28360,0.03470,-56.45,3.016,-1,0.0000,-1.00,0.0000,0
120929,1790782268121,0.03601,0.07872,0.06481,0.11754,0.03040,0.06692,0.02503,0.04983,0.22581,0.04686,0.20429,0.05379,0.03388,0.04452,0.06748,0.09521,0.02448,0.07347,0.02117,0.04633,0.25164,0.05135,0.23022,0.06026,-57.15,2.710,-1,0.0000,-1.00,0.0000,0
121022,1790782268219,0.05180,0.07795,0.04958,0.10085,0.03486,0.05141,0.03052,0.05456,0.27946,0.06948,0.15327,0.04625,0.05005,0.03093,0.04412,0.08651,0.03092,0.05269,0.02896,0.05811,0.31771,0.07712,0.17321,0.04967,-56.97,3.353,-1,0.0000,-1.00,0.0000,0
121115,1790782268299,0.10270,0.03095,0.15549,0.09764,0.03207,0.04367,0.03212,0.10619,0.15694,0.14929,0.06382,0.02913,0.10255,0.00424,0.15210,0.10309,0.03281,0.03200,0.03304,0.10169,0.16745,0.17255,0.07012,0.02835,-55.85,1.883,-1,0.0000,-1.00,0.0000,0
121208,1790782268401,0.04890,0.07025,0.03721,0.23169,0.01716,0.03071,0.03872,0.02961,0.27941,0.16424,0.03026,0.02184,0.05181,0.02850,0.00622,0.27147,0.01698,0.02653,0.04075,0.03425,0.28088,0.19354,0.03099,0.01809,-55.25,3.353,-1,0.0000,-1.00,0.0000,0
121301,1790782268482,0.03887,0.17486,0.03744,0.17301,0.08240,0.01993,0.04903,0.04559,0.21157,0.12216,0.02945,0.01568,0.03574,0.16796,0.01962,0.20097,0.09602,0.01680,0.02507,0.05112,0.21367,0.12734,0.03196,0.01373,-55.54,2.539,-1,0.0000,-1.00,0.0000,0
121393,1790782268580,0.08855,0.12333,0.03415,0.09839,0.03418,0.19954,0.08155,0.03078,0.11604,0.07183,0.09502,0.02663,0.09969,0.12442,0.02530,0.10394,0.03751,0.21934,0.07305,0.03187,0.11829,0.07879,0.07038,0.01742,-56.57,2.395,-1,0.0000,-1.00,0.0000,0
121486,1790782268659,0.09777,0.07064,0.03396,0.08228,0.03195,0.24645,0.13603,0.02239,0.12102,0.04379,0.07450,0.03922,0.11172,0.06060,0.03161,0.09163,0.03484,0.27316,0.14947,0.02208,0.12659,0.04582,0.03512,0.01736,-57.10,2.957,-1,0.0000,-1.00,0.0000,0
121579,1790782268779,0.07921,0.04266,0.04764,0.05307,0.07827,0.16165,0.09317,0.01957,0.14719,0.19234,0.05607,0.02914,0.08216,0.02728,0.01493,0.05725,0.09107,0.17741,0.10623,0.02049,0.16476,0.21268,0.03202,0.01373,-56.09,2.308,-1,0.0000,-1.00,0.0000,0
121672,1790782268880,0.11392,0.03663,0.08577,0.04695,0.00948,0.06311,0.05580,0.02839,0.11086,0.39379,0.03470,0.02060,0.13013,0.01961,0.00949,0.04997,0.00894,0.04983,0.06298,0.03213,0.12248,0.47054,0.03170,0.01220,-55.71,4.726,-1,0.0000,-1.00,0.0000,0
121765,1790782268964,0.05986,0.06047,0.08942,0.05043,0.01877,0.07056,0.03837,0.03538,0.26730,0.22767,0.04502,0.03675,0.06553,0.01171,0.05365,0.05255,0.01563,0.07155,0.04328,0.03214,0.30972,0.26985,0.03977,0.03463,-56.09,3.208,-1,0.0000,-1.00,0.0000,0
121858,1790782269060,0.04646,0.08643,0.06606,0.03328,0.02738,0.07849,0.03029,0.03628,0.37468,0.13693,0.05401,0.02971,0.04882,0.01576,0.04769,0.03037,0.02703,0.08437,0.03265,0.03454,0.44293,0.15872,0.04799,0.02913,-56.53,4.496,-1,0.0000,-1.00,0.0000,0
121951,1790782269142,0.07567,0.05422,0.07227,0.03386,0.02823,0.16523,0.04275,0.03001,0.20115,0.17874,0.08285,0.03501,0.08480,0.01829,0.04521,0.02802,0.02728,0.18117,0.04500,0.02960,0.23547,0.20877,0.06336,0.03302,-56.42,2.414,-1,0.0000,-1.00,0.0000,0
122044,1790782269245,0.13854,0.04078,0.05880,0.03386,0.01837,0.15194,0.10250,0.02922,0.16664,0.18192,0.04622,0.03121,0.15986,0.01093,0.02797,0.03554,0.01848,0.15122,0.12038,0.02973,0.19264,0.21431,0.02541,0.01353,-56.45,2.183,-1,0.0000,-1.00,0.0000,0
122136,1790782269320,0.12606,0.05821,0.04038,0.03734,0.05279,0.11327,0.06111,0.06454,0.18886,0.17091,0.05608,0.03044,0.13668,0.02630,0.00998,0.03581,0.05578,0.11165,0.06794,0.07542,0.21920,0.19374,0.04506,0.02243,-56.73,2.266,-1,0.0000,-1.00,0.0000,0
122229,1790782269421,0.08368,0.04014,0.07479,0.05287,0.03641,0.13225,0.02182,0.21849,0.14221,0.09668,0.07027,0.03037,0.05017,0.01773,0.06805,0.05258,0.03539,0.15053,0.02263,0.24831,0.15998,0.10883,0.05436,0.03143,-56.78,2.622,-1,0.0000,-1.00,0.0000,0
122322,1790782269517,0.11428,0.04753,0.07637,0.07704,0.02562,0.12126,0.03532,0.10555,0.16112,0.13233,0.06139,0.04218,0.11147,0.02473,0.06089,0.08258,0.02214,0.12320,0.03722,0.11460,0.17637,0.15450,0.04914,0.04317,-57.11,1.933,-1,0.0000,-1.00,0.0000,0
122415,1790782269600,0.07900,0.05282,0.06530,0.06406,0.04278,0.05042,0.06769,0.15452,0.10709,0.07172,0.18314,0.06146,0.06020,0.03946,0.06273,0.03520,0.03872,0.04929,0.07329,0.17271,0.12135,0.07826,0.20967,0.05911,-56.83,2.198,-1,0.0000,-1.00,0.0000,0
122508,1790782269700,0.05604,0.06425,0.06918,0.11291,0.01657,0.04798,0.04423,0.12465,0.24277,0.07520,0.10775,0.03848,0.03982,0.02384,0.06553,0.11165,0.01257,0.04960,0.04746,0.13718,0.26876,0.08761,0.11927,0.03671,-56.74,2.913,-1,0.0000,-1.00,0.0000,0
122601,1790782269779,0.10831,0.06102,0.03195,0.12050,0.02657,0.15291,0.02531,0.06092,0.21807,0.08802,0.08344,0.02298,0.11569,0.02645,0.01845,0.13086,0.02730,0.16029,0.02335,0.07108,0.23536,0.10006,0.06821,0.02290,-57.91,2.617,-1,0.0000,-1.00,0.0000,0
122694,1790782269881,0.05412,0.05842,0.08205,0.09202,0.01872,0.21269,0.02351,0.08222,0.20717,0.07216,0.07395,0.02297,0.04897,0.02482,0.08188,0.10234,0.01798,0.24515,0.02325,0.08228,0.22796,0.08290,0.04001,0.02248,-58.55,2.552,-1,0.0000,-1.00,0.0000,0
122787,1790782269980,0.11410,0.07394,0.02836,0.12847,0.03073,0.06246,0.04853,0.05432,0.22440,0.07648,0.12609,0.03212,0.12403,0.04079,0.01648,0.12642,0.01933,0.06209,0.05007,0.06182,0.24338,0.08826,0.13878,0.02856,-57.60,2.693,-1,0.0000,-1.00,0.0000,0
122879,1790782270080,0.10787,0.01601,0.11515,0.24297,0.02785,0.04648,0.03888,0.10381,0.10412,0.04641,0.11783,0.03262,0.10846,0.00600,0.12803,0.26449,0.02740,0.03420,0.04540,0.09901,0.07233,0.05018,0.13441,0.03009,-56.79,2.916,-1,0.0000,-1.00,0.0000,0
122972,1790782270180,0.06640,0.04271,0.07183,0.20630,0.02785,0.05620,0.03510,0.05140,0.08514,0.02767,0.27343,0.05596,0.07016,0.03879,0.08008,0.18434,0.02143,0.05343,0.03437,0.04571,0.06418,0.03020,0.31705,0.06024,-56.64,3.281,-1,0.0000,-1.00,0.0000,0
123065,1790782270259,0.08858,0.07904,0.02692,0.09616,0.07421,0.12486,0.04649,0.04234,0.13475,0.08214,0.14043,0.06409,0.09472,0.06810,0.01571,0.08700,0.07536,0.13083,0.04220,0.04762,0.14421,0.08348,0.14233,0.06843,-57.25,1.685,-1,0.0000,-1.00,0.0000,0
123158,1790782270360,0.05744,0.08113,0.03134,0.09682,0.02887,0.10441,0.07648,0.06796,0.24911,0.05808,0.11190,0.03647,0.05344,0.04201,0.02484,0.09393,0.02920,0.11451,0.08331,0.07651,0.27955,0.06412,0.11138,0.02719,-57.98,2.989,-1,0.0000,-1.00,0.0000,0
123251,1790782270441,0.04738,0.09825,0.04662,0.07224,0.03147,0.08542,0.04445,0.12149,0.22879,0.07246,0.11597,0.03547,0.03248,0.06598,0.03968,0.06286,0.02933,0.09804,0.03878,0.13912,0.26105,0.08165,0.11953,0.03152,-57.70,2.746,-1,0.0000,-1.00,0.0000,0
123344,1790782270540,0.03316,0.15413,0.04948,0.04461,0.03706,0.12334,0.06725,0.06553,0.20361,0.08183,0.08003,0.05997,0.02254,0.14215,0.04091,0.04019,0.02957,0.14616,0.05228,0.07053,0.23547,0.09273,0.06693,0.06057,-57.15,2.443,-1,0.0000,-1.00,0.0000,0
123437,1790782270621,0.03766,0.09789,0.02371,0.04954,0.01989,0.27085,0.03897,0.03384,0.14436,0.07570,0.16910,0.03848,0.03529,0.08648,0.01105,0.03167,0.01585,0.31755,0.02956,0.03836,0.16670,0.08756,0.13968,0.04025,-56.85,3.250,-1,0.0000,-1.00,0.0000,0
123530,1790782270720,0.08863,0.06552,0.03061,0.07391,0.03362,0.24265,0.05016,0.03883,0.13392,0.05865,0.12921,0.05429,0.09685,0.05045,0.02361,0.06884,0.02191,0.27900,0.05007,0.04188,0.14682,0.06593,0.09951,0.05513,-57.44,2.912,-1,0.0000,-1.00,0.0000,0
123623,1790782270821,0.05582,0.06182,0.03310,0.21749,0.01853,0.15302,0.02729,0.08471,0.16235,0.04162,0.10179,0.04246,0.04795,0.04508,0.03022,0.24333,0.01125,0.17564,0.02376,0.09551,0.14630,0.04764,0.08714,0.04617,-58.10,2.610,-1,0.0000,-1.00,0.0000,0
123715,1790782270900,0.05793,0.14842,0.02726,0.06118,0.04630,0.11176,0.05973,0.03174,0.25716,0.03761,0.11318,0.04773,0.06389,0.11891,0.02553,0.05122,0.04568,0.12183,0.04779,0.03317,0.29799,0.03601,0.11146,0.04653,-56.97,3.086,-1,0.0000,-1.00,0.0000,0
123808,1790782270999,0.06193,0.08525,0.03034,0.08963,0.01182,0.13329,0.05216,0.04440,0.30743,0.07639,0.07715,0.03021,0.06655,0.03285,0.01859,0.09483,0.00961,0.14653,0.05540,0.05010,0.34958,0.08962,0.06340,0.02294,-55.65,3.689,-1,0.0000,-1.00,0.0000,0
123901,1790782271081,0.03614,0.06469,0.06510,0.05084,0.02033,0.12634,0.06344,0.04455,0.16798,0.28956,0.04687,0.02417,0.03261,0.04120,0.01006,0.05549,0.02118,0.14521,0.06785,0.05139,0.19028,0.34276,0.02738,0.01461,-55.55,3.475,-1,0.0000,-1.00,0.0000,0
123994,1790782271179,0.10254,0.03777,0.01909,0.13877,0.04536,0.05775,0.04533,0.27689,0.14218,0.06910,0.04517,0.02005,0.05731,0.01769,0.00849,0.15782,0.05156,0.05784,0.05021,0.33070,0.13907,0.07258,0.04266,0.01407,-56.05,3.323,-1,0.0000,-1.00,0.0000,0
124087,1790782271279,0.09706,0.03376,0.03469,0.19269,0.01814,0.08702,0.03411,0.19940,0.18966,0.03210,0.06003,0.02135,0.06893,0.00512,0.03454,0.22031,0.01502,0.09376,0.03830,0.23364,0.18358,0.03548,0.05334,0.01799,-56.59,2.393,-1,0.0000,-1.00,0.0000,0
124180,1790782271381,0.09174,0.04334,0.03316,0.21787,0.01685,0.12388,0.03513,0.11238,0.18771,0.05361,0.05646,0.02789,0.08382,0.01727,0.02759,0.25283,0.01498,0.13182,0.03621,0.13165,0.17480,0.06127,0.04152,0.02623,-57.00,2.614,-1,0.0000,-1.00,0.0000,0
124273,1790782271481,0.03804,0.07461,0.11395,0.19866,0.03069,0.08115,0.05545,0.10118,0.16839,0.05071,0.05659,0.03057,0.02325,0.05982,0.12561,0.22835,0.02849,0.09544,0.04558,0.10535,0.15650,0.05512,0.04889,0.02760,-57.56,2.384,-1,0.0000,-1.00,0.0000,0
124366,1790782271561,0.05775,0.07534,0.05624,0.07665,0.03057,0.13139,0.03304,0.12764,0.26701,0.03449,0.08642,0.02346,0.04126,0.02988,0.06047,0.07718,0.03238,0.14926,0.03367,0.14096,0.30464,0.03491,0.07397,0.02143,-57.81,3.204,-1,0.0000,-1.00,0.0000,0
124458,1790782271660,0.05192,0.08779,0.06049,0.08345,0.02924,0.10591,0.02507,0.15674,0.25429,0.02351,0.09718,0.02440,0.02724,0.04822,0.06808,0.08169,0.03000,0.12150,0.01950,0.17530,0.28851,0.02223,0.09235,0.02538,-57.49,3.051,-1,0.0000,-1.00,0.0000,0
124551,1790782271740,0.05398,0.08984,0.03358,0.07790,0.01615,0.17319,0.02332,0.05627,0.30153,0.03172,0.12489,0.01762,0.05249,0.03932,0.03312,0.07162,0.01096,0.20218,0.02015,0.06086,0.34703,0.03592,0.10957,0.01678,-56.25,3.618,-1,0.0000,-1.00,0.0000,0
124644,1790782271840,0.05215,0.06369,0.03704,0.06698,0.02579,0.05947,0.03884,0.04172,0.26806,0.08777,0.16888,0.08960,0.05129,0.01642,0.02393,0.04256,0.01088,0.06150,0.04252,0.04601,0.31262,0.10317,0.19017,0.09894,-55.69,3.217,-1,0.0000,-1.00,0.0000,0
124737,1790782271922,0.10478,0.04551,0.05743,0.05289,0.03615,0.05709,0.05984,0.07640,0.13239,0.13240,0.10314,0.14199,0.10883,0.02469,0.03784,0.04072,0.01221,0.04683,0.06652,0.08433,0.15052,0.15626,0.11430,0.15695,-56.05,1.704,-1,0.0000,-1.00,0.0000,0
124830,1790782272021,0.04110,0.02844,0.04509,0.07605,0.03416,0.02586,0.04680,0.11356,0.05814,0.06475,0.31285,0.15319,0.02376,0.02097,0.03890,0.01784,0.00657,0.02628,0.05173,0.12856,0.06608,0.07633,0.36966,0.17331,-55.17,3.754,-1,0.0000,-1.00,0.0000,0
124923,1790782272119,0.05855,0.01725,0.04570,0.09437,0.03778,0.01981,0.01691,0.27048,0.05941,0.03141,0.16523,0.18311,0.00773,0.00949,0.04738,0.07471,0.00222,0.02247,0.01818,0.31491,0.05637,0.03719,0.19353,0.21581,-54.80,3.246,-1,0.0000,-1.00,0.0000,0
125016,1790782272201,0.09458,0.01879,0.04931,0.09470,0.01458,0.01598,0.03465,0.39459,0.08426,0.03065,0.12320,0.04470,0.02028,0.00712,0.05214,0.08481,0.00841,0.01512,0.03968,0.46291,0.08415,0.03506,0.14462,0.04569,-55.14,4.735,-1,0.0000,-1.00,0.0000,0
125109,1790782272300,0.08933,0.01842,0.09353,0.08187,0.02329,0.02191,0.04616,0.31932,0.07674,0.02761,0.11971,0.08211,0.03520,0.00661,0.10592,0.07044,0.01023,0.01953,0.05320,0.36242,0.07799,0.03105,0.13957,0.08784,-55.53,3.832,-1,0.0000,-1.00,0.0000,0
125201,1790782272381,0.09789,0.01639,0.06493,0.04995,0.03383,0.03197,0.01164,0.39126,0.07878,0.02110,0.13235,0.06991,0.02692,0.00218,0.07366,0.02971,0.02440,0.03298,0.01184,0.45590,0.08804,0.02090,0.15205,0.08142,-55.67,4.695,-1,0.0000,-1.00,0.0000,0
125294,1790782272481,0.11865,0.02553,0.10978,0.02973,0.01832,0.02353,0.02703,0.44275,0.08120,0.01174,0.06207,0.04966,0.04208,0.01229,0.12902,0.02171,0.01014,0.02104,0.02995,0.50494,0.09234,0.01272,0.07021,0.05357,-55.54,5.313,-1,0.0000,-1.00,0.0000,0
125387,1790782272582,0.10354,0.02327,0.07804,0.05137,0.02446,0.03919,0.01812,0.38661,0.09415,0.02296,0.10825,0.05003,0.03689,0.00835,0.08879,0.03740,0.01872,0.03965,0.01962,0.44608,0.10540,0.02380,0.12185,0.05345,-56.52,4.639,-1,0.0000,-1.00,0.0000,0
125480,1790782272679,0.06385,0.03773,0.07987,0.04716,0.03096,0.04993,0.03869,0.23608,0.13363,0.12672,0.08918,0.06622,0.02271,0.01494,0.06650,0.03750,0.02300,0.05533,0.04174,0.27135,0.15269,0.14728,0.09589,0.07108,-56.97,2.833,-1,0.0000,-1.00,0.0000,0
125573,1790782272781,0.07605,0.03195,0.07914,0.05605,0.02665,0.07219,0.04947,0.13231,0.09107,0.24560,0.08044,0.05908,0.05991,0.01976,0.03728,0.05099,0.02004,0.07463,0.05461,0.15189,0.09902,0.29032,0.08159,0.05996,-55.94,2.947,-1,0.0000,-1.00,0.0000,0
125666,1790782272863,0.09792,0.03309,0.11448,0.06671,0.03535,0.07042,0.07808,0.19161,0.04913,0.06744,0.11854,0.07723,0.07656,0.03017,0.12218,0.05450,0.02745,0.06920,0.08729,0.20567,0.04779,0.07564,0.12832,0.07523,-55.02,2.299,-1,0.0000,-1.00,0.0000,0
125759,1790782272979,0.08927,0.01460,0.09302,0.06318,0.02528,0.02230,0.02752,0.44116,0.04562,0.02336,0.05617,0.09852,0.00854,0.00914,0.10622,0.06337,0.00802,0.02555,0.03093,0.50779,0.04210,0.02640,0.06224,0.10968,-54.81,5.294,-1,0.0000,-1.00,0.0000,0
125852,1790782273040,0.09681,0.02695,0.05020,0.04580,0.01429,0.02553,0.04263,0.43281,0.13905,0.01692,0.05947,0.04956,0.01141,0.00464,0.05642,0.04186,0.00727,0.02833,0.04879,0.50879,0.15831,0.01883,0.06564,0.04971,-56.13,5.194,-1,0.0000,-1.00,0.0000,0
125945,1790782273143,0.04963,0.03479,0.12239,0.12147,0.02326,0.02898,0.10196,0.15799,0.11889,0.03609,0.12106,0.08348,0.02726,0.01808,0.13858,0.11795,0.01267,0.02932,0.11793,0.16250,0.11908,0.04073,0.13924,0.07665,-57.20,1.896,-1,0.0000,-1.00,0.0000,0
126037,1790782273221,0.05037,0.03228,0.26689,0.06836,0.02014,0.02897,0.08253,0.19948,0.09604,0.04448,0.06674,0.04370,0.02442,0.01895,0.30983,0.06726,0.01679,0.03051,0.09336,0.17938,0.10142,0.05028,0.07393,0.03386,-57.29,3.203,-1,0.0000,-1.00,0.0000,0
126130,1790782273320,0.17279,0.02275,0.10367,0.11806,0.01788,0.05178,0.02957,0.25357,0.10061,0.02180,0.06066,0.04686,0.15078,0.00918,0.11943,0.12831,0.01161,0.03215,0.03349,0.28028,0.09476,0.02418,0.06631,0.04952,-58.09,3.043,-1,0.0000,-1.00,0.0000,0
126223,1790782273420,0.06133,0.07391,0.03953,0.10536,0.06151,0.03947,0.04257,0.10051,0.32672,0.03326,0.08276,0.03306,0.05023,0.01624,0.04209,0.10806,0.06772,0.03733,0.04757,0.11231,0.36985,0.02664,0.09176,0.03019,-58.30,3.921,-1,0.0000,-1.00,0.0000,0
126316,1790782273500,0.15149,0.03273,0.08014,0.06826,0.02680,0.05549,0.02747,0.19780,0.16856,0.05651,0.10433,0.03041,0.12896,0.01062,0.08363,0.05862,0.02615,0.04092,0.03006,0.22119,0.19036,0.06253,0.11690,0.03006,-58.37,2.374,-1,0.0000,-1.00,0.0000,0
126409,1790782273601,0.06260,0.03604,0.09339,0.08110,0.05411,0.02522,0.06375,0.15795,0.16595,0.04711,0.13963,0.07316,0.04148,0.00640,0.10261,0.06487,0.05040,0.02200,0.07486,0.16917,0.18552,0.04691,0.16294,0.07283,-57.87,1.991,-1,0.0000,-1.00,0.0000,0
126502,1790782273680,0.04889,0.04215,0.09074,0.09890,0.01558,0.01656,0.03722,0.13823,0.20736,0.05219,0.21327,0.03893,0.02955,0.00394,0.09677,0.06840,0.01114,0.01398,0.04382,0.14645,0.23490,0.06033,0.25277,0.03797,-56.63,2.559,-1,0.0000,-1.00,0.0000,0
126595,1790782273779,0.07609,0.03931,0.04450,0.06331,0.02846,0.02704,0.04431,0.21103,0.18316,0.06183,0.13779,0.08317,0.04288,0.00537,0.03924,0.04407,0.01645,0.02390,0.05203,0.24508,0.21051,0.07105,0.16036,0.08905,-56.55,2.532,-1,0.0000,-1.00,0.0000,0
126688,1790782273882,0.06064,0.05817,0.03278,0.07144,0.01385,0.04175,0.03638,0.06478,0.28933,0.08966,0.19759,0.04361,0.05799,0.00257,0.01828,0.04018,0.00793,0.03853,0.04309,0.07400,0.33865,0.10594,0.22912,0.04372,-56.62,3.472,-1,0.0000,-1.00,0.0000,0
126780,1790782273981,0.10803,0.04553,0.02734,0.09807,0.01181,0.06302,0.02931,0.05623,0.22373,0.09507,0.19897,0.04287,0.11457,0.00633,0.01036,0.07235,0.00451,0.05361,0.03370,0.06550,0.25374,0.11302,0.22779,0.04451,-56.53,2.685,-1,0.0000,-1.00,0.0000,0
126873,1790782274081,0.05859,0.05159,0.02094,0.09681,0.01354,0.04798,0.04494,0.03440,0.31233,0.07565,0.20878,0.03446,0.04832,0.00432,0.00748,0.06833,0.00919,0.04884,0.05299,0.03973,0.36070,0.08882,0.24048,0.03079,-57.12,3.748,-1,0.0000,-1.00,0.0000,0
126966,1790782274160,0.13803,0.03607,0.03844,0.09554,0.01423,0.05441,0.04244,0.02803,0.18928,0.12058,0.20490,0.03806,0.15811,0.00225,0.01776,0.06714,0.00998,0.03385,0.05024,0.03023,0.21325,0.14274,0.23881,0.03565,-56.41,2.459,-1,0.0000,-1.00,0.0000,0
127059,1790782274259,0.11640,0.04023,0.03378,0.07707,0.01305,0.08345,0.04072,0.02591,0.23349,0.13183,0.17531,0.02877,0.12533,0.00308,0.00955,0.05368,0.01009,0.07573,0.04752,0.02981,0.26914,0.15597,0.19505,0.02505,-55.68,2.802,-1,0.0000,-1.00,0.0000,0
127152,1790782274341,0.10005,0.05198,0.04738,0.05530,0.01339,0.04370,0.08221,0.08847,0.25690,0.09107,0.12986,0.03969,0.10016,0.00270,0.03555,0.03669,0.01045,0.03251,0.09747,0.09947,0.30056,0.10705,0.14916,0.02824,-56.08,3.083,-1,0.0000,-1.00,0.0000,0
127245,1790782274442,0.08027,0.03239,0.03204,0.09265,0.02422,0.02975,0.03415,0.06061,0.21431,0.04721,0.25370,0.09870,0.07074,0.00205,0.02743,0.05161,0.00717,0.02163,0.04033,0.06737,0.24643,0.05529,0.29970,0.11027,-56.40,3.044,-1,0.0000,-1.00,0.0000,0
127338,1790782274521,0.07792,0.06739,0.06340,0.06516,0.02152,0.03391,0.04002,0.04737,0.38379,0.04340,0.13010,0.02601,0.06242,0.01338,0.06646,0.04832,0.02043,0.02914,0.04325,0.04564,0.45029,0.04795,0.15012,0.02259,-56.73,4.606,-1,0.0000,-1.00,0.0000,0
127431,1790782274620,0.09510,0.07026,0.05955,0.04361,0.01425,0.02164,0.02286,0.03318,0.47851,0.02282,0.10510,0.03311,0.07809,0.00220,0.06634,0.02770,0.01027,0.01045,0.02696,0.02660,0.56788,0.02531,0.12387,0.03432,-57.66,5.742,-1,0.0000,-1.00,0.0000,0
127523,1790782274720,0.10647,0.06642,0.02710,0.05644,0.01715,0.02723,0.02867,0.15890,0.37726,0.04239,0.05319,0.03878,0.07844,0.00436,0.02286,0.05569,0.01197,0.01774,0.03299,0.18637,0.44096,0.04847,0.06022,0.03993,-57.56,4.527,-1,0.0000,-1.00,0.0000,0
127616,1790782274801,0.14681,0.06238,0.05824,0.03611,0.01841,0.04295,0.05954,0.08958,0.29229,0.06448,0.06509,0.06411,0.15679,0.00645,0.05484,0.02861,0.00959,0.02038,0.07005,0.09648,0.34456,0.07536,0.07396,0.06293,-56.95,3.507,-1,0.0000,-1.00,0.0000,0
127709,1790782274900,0.06289,0.05346,0.03657,0.04526,0.02063,0.04717,0.09642,0.14137,0.28591,0.06162,0.08908,0.05961,0.03304,0.00739,0.02978,0.03503,0.01504,0.04997,0.11394,0.16362,0.33565,0.07086,0.09684,0.04884,-57.36,3.431,-1,0.0000,-1.00,0.0000,0
127802,1790782274979,0.09893,0.06299,0.04767,0.04319,0.02213,0.08515,0.06742,0.08637,0.26491,0.08371,0.10143,0.03610,0.10047,0.01382,0.03800,0.03090,0.02083,0.08248,0.07771,0.09629,0.31101,0.09646,0.10519,0.02683,-57.76,3.179,-1,0.0000,-1.00,0.0000,0
127895,1790782275082,0.15237,0.07100,0.01884,0.04568,0.01592,0.06358,0.05538,0.07972,0.34480,0.06510,0.05700,0.03062,0.16449,0.00486,0.00768,0.04291,0.01448,0.04357,0.06528,0.09412,0.40464,0.07513,0.05966,0.02318,-57.87,4.138,-1,0.0000,-1.00,0.0000,0
127988,1790782275180,0.15218,0.06229,0.01030,0.03959,0.01437,0.14712,0.10379,0.05041,0.27144,0.03368,0.07499,0.03983,0.17056,0.01158,0.00480,0.03522,0.01256,0.14248,0.12207,0.05946,0.31807,0.03806,0.06161,0.02353,-57.91,3.257,-1,0.0000,-1.00,0.0000,0
128081,1790782275280,0.07294,0.06915,0.05142,0.04732,0.02782,0.17979,0.01496,0.04956,0.32169,0.05863,0.09029,0.01643,0.07727,0.00841,0.04887,0.04312,0.03007,0.20011,0.01626,0.04970,0.37691,0.06429,0.06852,0.01647,-57.64,3.860,-1,0.0000,-1.00,0.0000,0
128174,1790782275379,0.07654,0.06263,0.01595,0.05740,0.02371,0.18085,0.04580,0.04641,0.32474,0.05534,0.07877,0.03186,0.07820,0.00313,0.00684,0.05797,0.02301,0.20120,0.05400,0.05452,0.37746,0.06191,0.05449,0.02727,-57.18,3.897,-1,0.0000,-1.00,0.0000,0
128267,1790782275460,0.07068,0.05837,0.05946,0.06110,0.00895,0.17380,0.06332,0.07351,0.28281,0.04175,0.07259,0.03366,0.07004,0.00527,0.06154,0.06361,0.00575,0.19436,0.07483,0.07588,0.32619,0.04897,0.04844,0.02511,-56.91,3.394,-1,0.0000,-1.00,0.0000,0
128359,1790782275561,0.06176,0.07091,0.05231,0.08222,0.01720,0.07695,0.04084,0.10785,0.34808,0.04095,0.06459,0.03633,0.05040,0.00570,0.05348,0.08641,0.01384,0.08222,0.04739,0.11905,0.39987,0.04640,0.06110,0.03414,-56.78,4.177,-1,0.0000,-1.00,0.0000,0
128452,1790782275640,0.05765,0.05409,0.02098,0.20631,0.01293,0.05872,0.08587,0.07040,0.27487,0.02054,0.10440,0.03324,0.05241,0.00911,0.02071,0.22476,0.01157,0.05997,0.10108,0.08025,0.28480,0.02232,0.11320,0.01979,-57.22,3.298,-1,0.0000,-1.00,0.0000,0
128545,1790782275739,0.14357,0.06711,0.07636,0.06013,0.01034,0.08680,0.03638,0.11859,0.30115,0.01172,0.07239,0.01545,0.14736,0.01118,0.08903,0.05786,0.00867,0.07648,0.04138,0.12445,0.34928,0.01242,0.07158,0.01031,-57.39,3.614,-1,0.0000,-1.00,0.0000,0
128638,1790782275818,0.18540,0.05815,0.01656,0.09632,0.01331,0.08326,0.04942,0.09412,0.28673,0.02133,0.06603,0.02939,0.20025,0.00574,0.01518,0.10210,0.01078,0.06054,0.05807,0.10977,0.32320,0.02354,0.06712,0.02370,-57.29,3.441,-1,0.0000,-1.00,0.0000,0
128731,1790782275920,0.12673,0.07651,0.02778,0.10848,0.01150,0.05453,0.03436,0.05687,0.37374,0.02579,0.08420,0.01951,0.13943,0.00728,0.02758,0.11146,0.01071,0.03770,0.03973,0.06267,0.42573,0.02878,0.09342,0.01551,-56.78,4.485,-1,0.0000,-1.00,0.0000,0
128824,1790782276021,0.08303,0.09133,0.03334,0.04920,0.01705,0.03574,0.03782,0.06800,0.44963,0.05789,0.05965,0.01732,0.08475,0.00443,0.02687,0.04584,0.01716,0.02700,0.04380,0.07680,0.52968,0.06596,0.06612,0.01159,-56.51,5.396,-1,0.0000,-1.00,0.0000,0
128917,1790782276100,0.04740,0.05080,0.03839,0.16074,0.04909,0.01593,0.05301,0.10300,0.24696,0.02392,0.07282,0.13794,0.03396,0.00912,0.04143,0.17580,0.02829,0.01254,0.06171,0.11520,0.26107,0.02306,0.08477,0.15305,-57.25,2.964,-1,0.0000,-1.00,0.0000,0
129010,1790782276199,0.07665,0.05511,0.02478,0.22400,0.03029,0.02550,0.05462,0.09284,0.26739,0.02193,0.05777,0.06911,0.07072,0.01263,0.02536,0.25533,0.02236,0.01653,0.06294,0.10622,0.26978,0.02185,0.06595,0.07033,-58.24,3.209,-1,0.0000,-1.00,0.0000,0
129102,1790782276279,0.04464,0.04371,0.06849,0.10783,0.03332,0.01870,0.04041,0.09030,0.21682,0.05819,0.21928,0.05832,0.03470,0.00392,0.06934,0.07772,0.02793,0.01553,0.04733,0.09477,0.24439,0.06418,0.25967,0.06050,-57.28,2.631,-1,0.0000,-1.00,0.0000,0
129195,1790782276400,0.04480,0.04991,0.04083,0.07967,0.03721,0.02779,0.02107,0.11161,0.11616,0.04866,0.26626,0.15603,0.02934,0.03352,0.03769,0.03329,0.00830,0.02757,0.01857,0.12629,0.13255,0.05670,0.31358,0.18259,-56.56,3.195,-1,0.0000,-1.00,0.0000,0
129288,1790782276478,0.05568,0.03900,0.03282,0.07521,0.03281,0.02372,0.02179,0.08158,0.20830,0.06339,0.22912,0.13658,0.04718,0.00120,0.02458,0.03646,0.00781,0.01943,0.02531,0.09344,0.24237,0.07440,0.27069,0.15713,-56.35,2.749,-1,0.0000,-1.00,0.0000,0
129381,1790782276579,0.13377,0.02540,0.03842,0.07970,0.02860,0.02775,0.02480,0.16051,0.13854,0.07529,0.14575,0.12146,0.12397,0.00128,0.02841,0.06122,0.00697,0.00868,0.02939,0.18677,0.15377,0.08893,0.17293,0.13768,-55.81,1.926,-1,0.0000,-1.00,0.0000,0
129474,1790782276679,0.26829,0.02061,0.02196,0.05643,0.01925,0.05326,0.03542,0.19457,0.10277,0.03800,0.09973,0.08971,0.27594,0.00205,0.01738,0.04428,0.00341,0.00912,0.04203,0.22970,0.11421,0.04502,0.11769,0.09916,-55.79,3.220,-1,0.0000,-1.00,0.0000,0
129567,1790782276760,0.26186,0.03087,0.01805,0.06331,0.01565,0.06033,0.02989,0.19340,0.15124,0.02547,0.08677,0.06317,0.26845,0.00334,0.01570,0.05600,0.00513,0.01908,0.03515,0.22862,0.16975,0.02987,0.10019,0.06872,-55.83,3.142,-1,0.0000,-1.00,0.0000,0
129660,1790782276862,0.25442,0.01951,0.02323,0.04044,0.01909,0.05067,0.02016,0.27046,0.10211,0.04007,0.06848,0.09136,0.24129,0.00042,0.01838,0.03270,0.00211,0.01288,0.02387,0.32063,0.11576,0.04770,0.07951,0.10473,-55.58,3.246,-1,0.0000,-1.00,0.0000,0
129753,1790782276942,0.13507,0.01463,0.01715,0.12406,0.04215,0.03506,0.02803,0.09667,0.07721,0.05387,0.20782,0.16828,0.13920,0.00319,0.00813,0.09986,0.01183,0.01441,0.03295,0.11422,0.07231,0.06262,0.24616,0.19511,-55.86,2.494,-1,0.0000,-1.00,0.0000,0
129845,1790782277040,0.15071,0.03022,0.02728,0.08884,0.02906,0.03624,0.06395,0.11047,0.15543,0.05804,0.12946,0.12029,0.15511,0.00229,0.01923,0.07623,0.00838,0.01355,0.07618,0.12855,0.17113,0.06789,0.15244,0.12903,-56.88,1.865,-1,0.0000,-1.00,0.0000,0
129938,1790782277120,0.17726,0.03219,0.04018,0.08070,0.02590,0.05794,0.04069,0.18325,0.15433,0.04461,0.09158,0.07138,0.16906,0.00623,0.03817,0.07636,0.01595,0.03591,0.04752,0.21201,0.16979,0.05029,0.10262,0.07611,-57.32,2.199,-1,0.0000,-1.00,0.0000,0
130031,1790782277221,0.07861,0.02933,0.10909,0.07942,0.04525,0.08631,0.05782,0.20280,0.14214,0.03712,0.10134,0.03076,0.05085,0.00432,0.12384,0.07476,0.04960,0.09334,0.06826,0.21862,0.15550,0.03464,0.10293,0.02332,-57.55,2.434,-1,0.0000,-1.00,0.0000,0
130124,1790782277320,0.15175,0.01465,0.18334,0.08404,0.01793,0.03595,0.01491,0.30561,0.07578,0.01662,0.04995,0.04948,0.11773,0.00307,0.21613,0.08962,0.01017,0.01997,0.01725,0.32335,0.07303,0.01790,0.05589,0.05587,-56.51,3.667,-1,0.0000,-1.00,0.0000,0
130217,1790782277400,0.15200,0.01108,0.06819,0.14921,0.05962,0.03196,0.02039,0.28312,0.07559,0.03299,0.04399,0.07186,0.11786,0.00198,0.07602,0.16892,0.05531,0.01494,0.02396,0.32425,0.05697,0.02867,0.04975,0.08136,-56.27,3.397,-1,0.0000,-1.00,0.0000,0
130310,1790782277501,0.12212,0.02257,0.10598,0.16876,0.02528,0.02023,0.01534,0.27768,0.14072,0.01481,0.03568,0.05084,0.08612,0.00153,0.12423,0.19402,0.01915,0.00717,0.01808,0.30810,0.13015,0.01395,0.04133,0.05618,-56.87,3.332,-1,0.0000,-1.00,0.0000,0
130403,1790782277579,0.15510,0.01746,0.17016,0.15646,0.02407,0.03113,0.01097,0.25903,0.08967,0.01212,0.04224,0.03159,0.13379,0.00661,0.20189,0.17786,0.02211,0.01078,0.01159,0.27061,0.07218,0.01014,0.04848,0.03396,-56.76,3.108,-1,0.0000,-1.00,0.0000,0
130496,1790782277701,0.15544,0.03028,0.30624,0.04475,0.02568,0.03276,0.02713,0.20127,0.09441,0.01193,0.03139,0.03872,0.15161,0.01569,0.36499,0.04653,0.02250,0.00920,0.02345,0.17477,0.10390,0.00983,0.03579,0.04175,-56.54,3.675,-1,0.0000,-1.00,0.0000,0
130589,1790782277779,0.19225,0.03957,0.16093,0.09012,0.00802,0.03511,0.01490,0.17593,0.20451,0.00836,0.04305,0.02726,0.19608,0.00297,0.19098,0.09788,0.00387,0.00320,0.01722,0.17299,0.22555,0.00935,0.05095,0.02897,-56.57,2.454,-1,0.0000,-1.00,0.0000,0
130681,1790782277879,0.14528,0.02971,0.17891,0.02010,0.06553,0.03070,0.01311,0.29398,0.11314,0.02333,0.03438,0.05182,0.11256,0.00941,0.21139,0.01652,0.06606,0.01517,0.01385,0.31035,0.13209,0.01507,0.03818,0.05935,-56.71,3.528,-1,0.0000,-1.00,0.0000,0
130774,1790782277982,0.07901,0.03036,0.15174,0.09595,0.02423,0.01465,0.00788,0.33044,0.14414,0.00837,0.02763,0.08559,0.02505,0.00642,0.18020,0.10890,0.00938,0.01259,0.00817,0.36023,0.15112,0.00818,0.03061,0.09916,-56.57,3.965,-1,0.0000,-1.00,0.0000,0
130867,1790782278060,0.09475,0.01096,0.27924,0.04938,0.01828,0.01556,0.01173,0.33023,0.05810,0.01693,0.06001,0.05481,0.04703,0.00162,0.33094,0.04528,0.00932,0.00932,0.01089,0.33293,0.06064,0.01844,0.07006,0.06352,-56.89,3.963,-1,0.0000,-1.00,0.0000,0
130960,1790782278158,0.07343,0.00917,0.32649,0.03952,0.02017,0.01118,0.03727,0.29473,0.04224,0.01411,0.04940,0.08230,0.03294,0.00266,0.38811,0.03589,0.00635,0.00686,0.04413,0.27622,0.04350,0.01565,0.05784,0.08986,-57.38,3.918,-1,0.0000,-1.00,0.0000,0
131053,1790782278240,0.09688,0.01882,0.18086,0.04173,0.01237,0.00879,0.01790,0.44541,0.08428,0.01134,0.03006,0.05156,0.01969,0.00426,0.21412,0.04313,0.00339,0.00682,0.02060,0.49126,0.09224,0.01311,0.03467,0.05670,-57.20,5.345,-1,0.0000,-1.00,0.0000,0
131146,1790782278340,0.03606,0.02907,0.22993,0.20719,0.01607,0.01009,0.04980,0.18308,0.15355,0.01868,0.02903,0.03746,0.01049,0.00824,0.27157,0.24177,0.01266,0.01008,0.05717,0.16640,0.13607,0.01987,0.03279,0.03291,-56.52,2.759,-1,0.0000,-1.00,0.0000,0
131239,1790782278420,0.05580,0.02370,0.21686,0.14008,0.02062,0.01205,0.01210,0.27640,0.12732,0.04688,0.03843,0.02975,0.01080,0.00462,0.24943,0.15921,0.01817,0.01230,0.01358,0.28174,0.12100,0.05257,0.04361,0.03296,-56.48,3.317,-1,0.0000,-1.00,0.0000,0
131332,1790782278521,0.04626,0.01607,0.12029,0.08069,0.01535,0.13875,0.01378,0.21330,0.08093,0.03520,0.21523,0.02418,0.01010,0.00288,0.13628,0.05204,0.01273,0.16495,0.01561,0.22889,0.08665,0.03965,0.22520,0.02503,-56.70,2.583,-1,0.0000,-1.00,0.0000,0
131424,1790782278623,0.03962,0.01413,0.09463,0.04098,0.01556,0.26750,0.02478,0.16994,0.05033,0.02804,0.18438,0.07011,0.01124,0.00568,0.10685,0.01781,0.00310,0.31830,0.02819,0.18282,0.05678,0.03298,0.15783,0.07842,-56.50,3.210,-1,0.0000,-1.00,0.0000,0
131517,1790782278700,0.03036,0.00668,0.05999,0.04192,0.00474,0.43843,0.00691,0.14660,0.03229,0.00837,0.20315,0.02057,0.00558,0.00166,0.06995,0.02257,0.00145,0.52423,0.00795,0.16179,0.03422,0.00974,0.13950,0.02135,-55.75,5.261,-1,0.0000,-1.00,0.0000,0
131610,1790782278798,0.01805,0.00690,0.06770,0.07523,0.00603,0.43077,0.02062,0.08040,0.03406,0.01065,0.22960,0.01999,0.00533,0.00267,0.07872,0.05585,0.00327,0.51526,0.02418,0.08073,0.02971,0.01213,0.17298,0.01916,-55.39,5.169,-1,0.0000,-1.00,0.0000,0
131703,1790782278880,0.02757,0.00872,0.05690,0.07160,0.00410,0.31469,0.01110,0.10677,0.04317,0.01124,0.33437,0.00978,0.00991,0.00137,0.06564,0.02111,0.00310,0.37511,0.01303,0.11492,0.04754,0.01286,0.32629,0.00913,-56.35,4.012,-1,0.0000,-1.00,0.0000,0
131796,1790782279001,0.05539,0.02510,0.08369,0.09902,0.05634,0.15174,0.05197,0.09480,0.15281,0.03932,0.14784,0.04198,0.03868,0.00708,0.09326,0.09037,0.06010,0.17415,0.05969,0.09630,0.16501,0.03537,0.14262,0.03736,-57.14,1.834,-1,0.0000,-1.00,0.0000,0
131889,1790782279080,0.06400,0.03515,0.15361,0.04963,0.05799,0.05015,0.03934,0.16616,0.12355,0.04718,0.11807,0.09517,0.04313,0.01511,0.17469,0.03344,0.04862,0.05154,0.04415,0.16447,0.14105,0.04725,0.13126,0.10528,-57.36,1.994,-1,0.0000,-1.00,0.0000,0
131982,1790782279181,0.08776,0.06103,0.08983,0.07957,0.02190,0.07022,0.03478,0.18393,0.16397,0.02111,0.12776,0.05812,0.06483,0.03775,0.10317,0.06779,0.01383,0.07130,0.03319,0.20094,0.18304,0.02255,0.13896,0.06266,-57.69,2.207,-1,0.0000,-1.00,0.0000,0
132075,1790782279280,0.09263,0.03584,0.04221,0.07954,0.03343,0.09449,0.03649,0.16159,0.14308,0.04206,0.13239,0.10623,0.07437,0.01162,0.04124,0.06773,0.01648,0.09848,0.03974,0.18714,0.15802,0.04713,0.13911,0.11894,-57.71,1.939,-1,0.0000,-1.00,0.0000,0
132167,1790782279360,0.09168,0.04909,0.06308,0.10474,0.04335,0.03463,0.04099,0.19374,0.20628,0.02027,0.09454,0.05761,0.06668,0.01395,0.07231,0.10416,0.04008,0.02827,0.04635,0.21781,0.22635,0.01652,0.10768,0.05984,-57.63,2.475,-1,0.0000,-1.00,0.0000,0
132260,1790782279471,0.06383,0.04279,0.08794,0.08588,0.07816,0.10331,0.05082,0.08313,0.15005,0.03439,0.13027,0.08943,0.05996,0.01933,0.10014,0.07635,0.07465,0.11191,0.05700,0.07982,0.16467,0.02641,0.13391,0.09586,-57.95,1.801,-1,0.0000,-1.00,0.0000,0
132353,1790782279541,0.09428,0.02193,0.10539,0.06769,0.02229,0.07044,0.06123,0.24652,0.07396,0.02525,0.14605,0.06497,0.05803,0.01176,0.12083,0.04929,0.01385,0.07311,0.07104,0.27144,0.07885,0.02750,0.16051,0.06377,-57.91,2.958,-1,0.0000,-1.00,0.0000,0
132446,1790782279639,0.14581,0.02132,0.06897,0.10943,0.02647,0.04937,0.07365,0.17210,0.14879,0.02434,0.11029,0.04946,0.12614,0.00491,0.07778,0.10626,0.02335,0.03415,0.08618,0.19189,0.15722,0.02454,0.12539,0.04218,-57.43,2.065,-1,0.0000,-1.00,0.0000,0
132539,1790782279719,0.05978,0.05958,0.09767,0.09310,0.01541,0.01630,0.04420,0.09519,0.34792,0.01765,0.10551,0.04769,0.04257,0.00328,0.11319,0.08695,0.00892,0.01141,0.05197,0.09196,0.39965,0.01938,0.12416,0.04656,-57.31,4.175,-1,0.0000,-1.00,0.0000,0
132632,1790782279821,0.06297,0.05554,0.03995,0.10737,0.01593,0.02488,0.04051,0.08057,0.34602,0.02578,0.14029,0.06018,0.03797,0.00814,0.04201,0.09621,0.00664,0.02229,0.04693,0.08822,0.39554,0.02957,0.16368,0.06280,-56.79,4.152,-1,0.0000,-1.00,0.0000,0
132725,1790782279920,0.06113,0.02738,0.14314,0.07110,0.06034,0.03422,0.06215,0.15526,0.09244,0.05377,0.13426,0.10480,0.04239,0.01326,0.16039,0.05465,0.04860,0.03418,0.07042,0.15566,0.09857,0.05616,0.15409,0.11162,-56.26,1.863,-1,0.0000,-1.00,0.0000,0
132818,1790782280000,0.06129,0.01913,0.21958,0.09425,0.05371,0.06687,0.02209,0.14615,0.08838,0.03774,0.10695,0.08386,0.04848,0.00573,0.25590,0.09030,0.04542,0.07051,0.02493,0.12480,0.08784,0.03638,0.11417,0.09555,-55.20,2.635,-1,0.0000,-1.00,0.0000,0
132911,1790782280100,0.07345,0.05583,0.03164,0.17900,0.03045,0.08372,0.01252,0.08812,0.31494,0.03036,0.06559,0.03439,0.06550,0.00321,0.03146,0.20234,0.02888,0.08733,0.01431,0.09940,0.33538,0.03253,0.06128,0.03837,-54.92,3.779,-1,0.0000,-1.00,0.0000,0
133003,1790782280180,0.06735,0.05448,0.03230,0.10946,0.02145,0.06470,0.02848,0.12006,0.31507,0.06459,0.07780,0.04425,0.04209,0.00596,0.02401,0.11540,0.01648,0.06918,0.03273,0.13933,0.35465,0.07413,0.07951,0.04653,-55.94,3.781,-1,0.0000,-1.00,0.0000,0
133096,1790782280305,0.05072,0.04996,0.08138,0.07314,0.02716,0.02401,0.10322,0.18451,0.21857,0.04951,0.07076,0.06705,0.01854,0.01259,0.08656,0.07181,0.02138,0.02510,0.12111,0.20401,0.24748,0.05527,0.07982,0.05633,-55.87,2.623,-1,0.0000,-1.00,0.0000,0
133189,1790782280379,0.04180,0.06010,0.13409,0.15031,0.01274,0.01165,0.02653,0.20402,0.22979,0.03674,0.06674,0.02549,0.00602,0.02549,0.15235,0.16475,0.01026,0.01277,0.02673,0.21427,0.24268,0.04199,0.07744,0.02525,-55.42,2.757,-1,0.0000,-1.00,0.0000,0
133282,1790782280481,0.05266,0.02502,0.12270,0.20450,0.02740,0.01515,0.04715,0.20422,0.17458,0.03059,0.06367,0.03236,0.01349,0.00276,0.14080,0.23054,0.02662,0.01591,0.04866,0.22409,0.16349,0.03138,0.07314,0.02913,-55.07,2.454,-1,0.0000,-1.00,0.0000,0
133375,1790782280579,0.08737,0.02077,0.15539,0.08675,0.06403,0.06556,0.03039,0.25134,0.11823,0.03362,0.03488,0.05168,0.05011,0.00281,0.18064,0.09836,0.06585,0.06862,0.03586,0.26535,0.12133,0.02807,0.02819,0.05482,-54.83,3.016,-1,0.0000,-1.00,0.0000,0
133468,1790782280660,0.06616,0.02335,0.21071,0.03582,0.02228,0.10575,0.04341,0.26134,0.11431,0.02894,0.03941,0.04852,0.02418,0.00384,0.24626,0.03836,0.01657,0.12229,0.04526,0.27033,0.12937,0.03139,0.02298,0.04917,-54.38,3.136,-1,0.0000,-1.00,0.0000,0
133561,1790782280760,0.06936,0.01485,0.08557,0.03197,0.04301,0.08737,0.02991,0.23709,0.05807,0.10131,0.05937,0.18213,0.02963,0.00536,0.07885,0.02809,0.00964,0.09881,0.03477,0.26846,0.06402,0.11948,0.05155,0.21134,-54.99,2.845,-1,0.0000,-1.00,0.0000,0
133654,1790782280840,0.05401,0.03021,0.08067,0.04016,0.03515,0.14086,0.03616,0.18572,0.07545,0.11864,0.12201,0.08096,0.02247,0.01967,0.06939,0.02561,0.02400,0.16467,0.03693,0.21128,0.08518,0.13755,0.11355,0.08969,-56.35,2.229,-1,0.0000,-1.00,0.0000,0
133746,1790782280943,0.11810,0.04248,0.05946,0.06768,0.01627,0.09287,0.02309,0.24214,0.11291,0.08323,0.11517,0.02660,0.08603,0.02633,0.05203,0.05744,0.01406,0.09423,0.02244,0.27983,0.12391,0.09694,0.11933,0.02743,-56.37,2.906,-1,0.0000,-1.00,0.0000,0
133839,1790782281022,0.18326,0.06422,0.03073,0.04983,0.01343,0.11163,0.03693,0.07687,0.23040,0.08700,0.07268,0.04303,0.20184,0.02404,0.01644,0.04612,0.00740,0.09374,0.03881,0.08952,0.26693,0.10278,0.06851,0.04387,-56.21,2.765,-1,0.0000,-1.00,0.0000,0
133932,1790782281119,0.12845,0.08249,0.03618,0.04449,0.01502,0.08896,0.03481,0.06213,0.30648,0.06826,0.09222,0.04050,0.14023,0.02743,0.02749,0.03450,0.00980,0.07880,0.03623,0.06905,0.36024,0.07999,0.09488,0.04135,-56.15,3.678,-1,0.0000,-1.00,0.0000,0
134025,1790782281220,0.10023,0.06759,0.05724,0.05338,0.01397,0.09268,0.04218,0.11276,0.16959,0.16922,0.06696,0.05421,0.09783,0.04273,0.02863,0.05166,0.00619,0.09166,0.04208,0.12944,0.19297,0.20153,0.06206,0.05322,-56.62,2.035,-1,0.0000,-1.00,0.0000,0
134118,1790782281300,0.08782,0.08836,0.02320,0.07670,0.01996,0.04346,0.03528,0.09528,0.28718,0.07971,0.08474,0.07832,0.08296,0.04054,0.00913,0.07317,0.00665,0.03563,0.03423,0.11236,0.32960,0.09419,0.09447,0.08706,-56.76,3.446,-1,0.0000,-1.00,0.0000,0
134211,1790782281400,0.05678,0.07533,0.03067,0.05915,0.02574,0.03082,0.03121,0.17536,0.17112,0.12583,0.10920,0.10878,0.02666,0.05145,0.00707,0.04618,0.00595,0.03176,0.02720,0.20873,0.19579,0.14969,0.12456,0.12495,-56.83,2.104,-1,0.0000,-1.00,0.0000,0
134304,1790782281479,0.04959,0.04176,0.02576,0.03583,0.05582,0.04239,0.05109,0.11383,0.17894,0.08464,0.08388,0.23645,0.03283,0.00863,0.01116,0.02475,0.01306,0.04429,0.05951,0.13418,0.20890,0.09944,0.09173,0.27152,-58.08,2.837,-1,0.0000,-1.00,0.0000,0
134397,1790782281606,0.04376,0.06813,0.05148,0.04418,0.01882,0.03825,0.05242,0.13971,0.28495,0.12049,0.07669,0.06112,0.02055,0.01542,0.03344,0.03636,0.01038,0.04176,0.05968,0.16085,0.33403,0.14252,0.08362,0.06140,-58.43,3.419,-1,0.0000,-1.00,0.0000,0
134489,1790782281679,0.03503,0.11022,0.02113,0.05248,0.01381,0.04749,0.04565,0.07618,0.42853,0.05892,0.06460,0.04595,0.01385,0.04270,0.01160,0.04968,0.00719,0.05442,0.04612,0.08910,0.50363,0.06917,0.06662,0.04592,-57.13,5.142,-1,0.0000,-1.00,0.0000,0
134582,1790782281778,0.07543,0.08428,0.02379,0.03051,0.01085,0.14471,0.03876,0.06318,0.36188,0.09545,0.05448,0.01667,0.07491,0.01681,0.00625,0.02984,0.01072,0.15855,0.04257,0.07501,0.42770,0.11225,0.03385,0.01154,-56.46,4.343,-1,0.0000,-1.00,0.0000,0
134675,1790782281880,0.12996,0.08167,0.03897,0.06152,0.02173,0.12337,0.05202,0.05198,0.22268,0.13825,0.05673,0.02114,0.14441,0.04752,0.01477,0.06492,0.02318,0.11920,0.05291,0.05935,0.25395,0.16106,0.04434,0.01439,-56.05,2.672,-1,0.0000,-1.00,0.0000,0
134768,1790782281973,0.19329,0.10078,0.03356,0.06651,0.02735,0.11981,0.03730,0.05123,0.16684,0.13446,0.04312,0.02574,0.21934,0.08602,0.00938,0.07339,0.02805,0.10008,0.02684,0.06033,0.18536,0.15556,0.03183,0.02382,-55.82,2.319,-1,0.0000,-1.00,0.0000,0
134861,1790782282061,0.29549,0.05330,0.04609,0.02963,0.01235,0.12874,0.02159,0.04005,0.14619,0.16703,0.03312,0.02641,0.34499,0.03048,0.01592,0.03101,0.00930,0.08587,0.01948,0.04518,0.16902,0.19830,0.02266,0.02779,-56.16,3.546,-1,0.0000,-1.00,0.0000,0
134954,1790782282140,0.12390,0.07307,0.04283,0.06696,0.01880,0.06500,0.02679,0.13300,0.15233,0.13324,0.11223,0.05185,0.12903,0.05357,0.01990,0.05592,0.00603,0.05959,0.02130,0.15561,0.17144,0.15846,0.12267,0.04649,-56.67,1.828,-1,0.0000,-1.00,0.0000,0
135047,1790782282240,0.09346,0.11348,0.02203,0.09021,0.02268,0.04505,0.03386,0.11512,0.23371,0.08778,0.06993,0.07268,0.08488,0.08416,0.00592,0.09295,0.01085,0.03716,0.02389,0.13677,0.26138,0.10327,0.07642,0.08235,-57.79,2.805,-1,0.0000,-1.00,0.0000,0
135140,1790782282320,0.08593,0.14443,0.02066,0.06261,0.02343,0.05646,0.06515,0.07504,0.21493,0.08044,0.08566,0.08526,0.08420,0.12554,0.00588,0.05667,0.00991,0.05096,0.05311,0.08882,0.24551,0.09521,0.09254,0.09163,-59.31,2.579,-1,0.0000,-1.00,0.0000,0
135233,1790782282419,0.07283,0.13859,0.01672,0.07601,0.02495,0.06944,0.05883,0.09587,0.28106,0.05158,0.06855,0.04556,0.06418,0.10313,0.00837,0.07760,0.02030,0.07122,0.04969,0.11358,0.32033,0.05885,0.06802,0.04474,-59.16,3.373,-1,0.0000,-1.00,0.0000,0
135325,1790782282521,0.04996,0.13023,0.01643,0.07967,0.02397,0.07188,0.03909,0.09633,0.31314,0.05137,0.07581,0.05212,0.03731,0.08486,0.00813,0.08056,0.01720,0.07905,0.03002,0.11382,0.35907,0.05831,0.07517,0.05650,-57.70,3.758,-1,0.0000,-1.00,0.0000,0
135418,1790782282601,0.05144,0.03230,0.07030,0.19284,0.01439,0.04138,0.08222,0.17026,0.14637,0.05551,0.07351,0.06947,0.02422,0.01240,0.07123,0.21536,0.00456,0.04478,0.09592,0.19004,0.13269,0.06561,0.07921,0.06397,-56.49,2.314,-1,0.0000,-1.00,0.0000,0
135511,1790782282700,0.11864,0.02868,0.05249,0.07753,0.02309,0.07861,0.02708,0.22631,0.13351,0.09337,0.08749,0.05320,0.09139,0.00591,0.04136,0.07511,0.01636,0.07631,0.03092,0.26334,0.14508,0.10864,0.08970,0.05587,-56.12,2.716,-1,0.0000,-1.00,0.0000,0
135604,1790782282799,0.08223,0.06623,0.03544,0.08251,0.02457,0.08930,0.03531,0.07338,0.27187,0.06249,0.14406,0.03260,0.07374,0.02590,0.02853,0.06827,0.02315,0.09239,0.03692,0.08253,0.31223,0.07029,0.15431,0.03174,-56.58,3.262,-1,0.0000,-1.00,0.0000,0
135697,1790782282899,0.04264,0.09446,0.05656,0.06736,0.01214,0.04286,0.04584,0.07382,0.30605,0.08862,0.13717,0.03249,0.03306,0.04475,0.04706,0.04989,0.00863,0.04480,0.04584,0.07935,0.35683,0.10447,0.15548,0.02984,-57.01,3.673,-1,0.0000,-1.00,0.0000,0
135790,1790782282979,0.06506,0.07991,0.03222,0.05551,0.01854,0.03243,0.03102,0.13904,0.29013,0.08866,0.12310,0.04438,0.04564,0.02837,0.01803,0.03845,0.01291,0.02981,0.03155,0.16303,0.33988,0.10381,0.14159,0.04692,-56.12,3.482,-1,0.0000,-1.00,0.0000,0
135883,1790782283079,0.10253,0.06601,0.05036,0.03899,0.01720,0.06473,0.01744,0.07817,0.29893,0.15537,0.08893,0.02134,0.09763,0.01741,0.02407,0.02789,0.01635,0.05821,0.01745,0.08890,0.35266,0.18293,0.09502,0.02149,-55.38,3.587,-1,0.0000,-1.00,0.0000,0
135976,1790782283178,0.05754,0.06627,0.03750,0.05663,0.02447,0.06657,0.02926,0.06469,0.29495,0.18357,0.07766,0.04089,0.04913,0.01681,0.00206,0.05216,0.02101,0.07003,0.03173,0.07710,0.34260,0.21627,0.07918,0.04192,-55.63,3.539,-1,0.0000,-1.00,0.0000,0
136068,1790782283259,0.07022,0.06475,0.01502,0.11906,0.01527,0.08087,0.04116,0.08925,0.26925,0.06530,0.13027,0.03960,0.05648,0.02473,0.00288,0.11511,0.00999,0.08635,0.04441,0.10637,0.29981,0.07626,0.13897,0.03864,-56.13,3.231,-1,0.0000,-1.00,0.0000,0
136161,1790782283361,0.04256,0.07250,0.02567,0.23041,0.01157,0.04771,0.06963,0.07656,0.22699,0.09187,0.06443,0.04009,0.03312,0.04328,0.00921,0.26278,0.00690,0.05098,0.07460,0.09017,0.21989,0.10871,0.06710,0.03325,-56.96,2.765,-1,0.0000,-1.00,0.0000,0
136254,1790782283442,0.10334,0.07981,0.03435,0.08168,0.02003,0.07057,0.04938,0.11508,0.23553,0.09521,0.08105,0.03398,0.09839,0.04287,0.01925,0.08117,0.01814,0.06506,0.05058,0.13417,0.26613,0.11049,0.08421,0.02952,-56.67,2.826,-1,0.0000,-1.00,0.0000,0
136347,1790782283540,0.22407,0.06706,0.01961,0.12951,0.00802,0.07947,0.03014,0.05285,0.26896,0.05915,0.04315,0.01802,0.25117,0.02771,0.00959,0.14672,0.00658,0.04544,0.03037,0.06167,0.29258,0.07018,0.04269,0.01531,-56.17,3.228,-1,0.0000,-1.00,0.0000,0
136440,1790782283620,0.08187,0.06698,0.02187,0.18403,0.04291,0.05061,0.03968,0.04821,0.24331,0.03692,0.08372,0.09989,0.08629,0.03182,0.01814,0.20233,0.02929,0.04354,0.04068,0.05473,0.24918,0.04069,0.09168,0.11162,-57.15,2.920,-1,0.0000,-1.00,0.0000,0
136533,1790782283720,0.06028,0.06185,0.12912,0.08711,0.02547,0.02692,0.03683,0.15983,0.18257,0.04741,0.13206,0.05057,0.03994,0.03365,0.14423,0.07396,0.01997,0.02433,0.03746,0.16292,0.20410,0.05285,0.15342,0.05316,-57.65,2.191,-1,0.0000,-1.00,0.0000,0
136626,1790782283820,0.06104,0.07537,0.08397,0.07301,0.02448,0.03478,0.07379,0.11847,0.21226,0.06159,0.13684,0.04439,0.04832,0.04238,0.08657,0.05624,0.02192,0.03210,0.07957,0.12523,0.24177,0.07088,0.15760,0.03742,-57.87,2.547,-1,0.0000,-1.00,0.0000,0
136719,1790782283899,0.08971,0.06535,0.04162,0.13774,0.01510,0.04475,0.04793,0.15493,0.19509,0.06570,0.10758,0.03449,0.07205,0.03760,0.03463,0.14103,0.01187,0.03933,0.04998,0.17878,0.20531,0.07688,0.12111,0.03142,-58.27,2.341,-1,0.0000,-1.00,0.0000,0
136811,1790782284000,0.10640,0.07513,0.02444,0.13537,0.02465,0.03912,0.04963,0.17704,0.19411,0.03574,0.08235,0.05602,0.08625,0.05005,0.02103,0.14381,0.01817,0.02977,0.04947,0.20805,0.20168,0.04162,0.09278,0.05732,-58.17,2.329,-1,0.0000,-1.00,0.0000,0
136904,1790782284099,0.08901,0.08372,0.06245,0.08969,0.03064,0.04002,0.05342,0.16101,0.17165,0.04912,0.10408,0.06519,0.07142,0.06330,0.06382,0.08408,0.02338,0.03379,0.05147,0.18028,0.18766,0.05556,0.11802,0.06722,-58.03,2.060,-1,0.0000,-1.00,0.0000,0
136997,1790782284200,0.13445,0.06512,0.03157,0.11170,0.02750,0.05018,0.03801,0.09752,0.20279,0.07402,0.11120,0.05597,0.13766,0.03594,0.02108,0.10872,0.02131,0.03284,0.03841,0.11267,0.22143,0.08447,0.12673,0.05873,-57.91,2.433,-1,0.0000,-1.00,0.0000,0
137090,1790782284282,0.09687,0.08313,0.02086,0.07196,0.01967,0.10736,0.06269,0.13065,0.19709,0.06151,0.10509,0.04312,0.08547,0.05537,0.01101,0.06566,0.01571,0.11184,0.06415,0.15437,0.22315,0.07059,0.10375,0.03895,-57.85,2.365,-1,0.0000,-1.00,0.0000,0
137183,1790782284381,0.06407,0.03825,0.04585,0.06743,0.02955,0.09471,0.06542,0.05455,0.13824,0.11576,0.24687,0.03928,0.06445,0.01429,0.02854,0.02611,0.02899,0.10071,0.07414,0.06113,0.16022,0.13321,0.27585,0.03237,-56.45,2.962,-1,0.0000,-1.00,0.0000,0
137276,1790782284479,0.03592,0.05259,0.04631,0.06195,0.01924,0.09014,0.03325,0.02627,0.14299,0.19035,0.25637,0.04461,0.03723,0.02972,0.01081,0.01730,0.01351,0.10091,0.03395,0.02934,0.16791,0.22540,0.28719,0.04672,-55.37,3.076,-1,0.0000,-1.00,0.0000,0
137369,1790782284560,0.08368,0.08156,0.03161,0.04154,0.01806,0.08093,0.05468,0.03087,0.29017,0.11382,0.10123,0.07185,0.09068,0.03267,0.01106,0.02884,0.00689,0.07900,0.05905,0.03480,0.34175,0.13524,0.10563,0.07438,-55.43,3.482,-1,0.0000,-1.00,0.0000,0
137462,1790782284660,0.26049,0.06088,0.01911,0.04141,0.01005,0.08357,0.03778,0.02706,0.25355,0.07879,0.08879,0.03853,0.30587,0.01401,0.00425,0.03009,0.00456,0.03950,0.04249,0.03158,0.29732,0.09404,0.09856,0.03775,-55.31,3.126,-1,0.0000,-1.00,0.0000,0
137555,1790782284739,0.16175,0.06506,0.02453,0.04760,0.00915,0.08841,0.05339,0.02057,0.27325,0.11446,0.10216,0.03965,0.18033,0.02314,0.00236,0.03553,0.00388,0.07019,0.05939,0.02418,0.32038,0.13638,0.10850,0.03574,-55.84,3.279,-1,0.0000,-1.00,0.0000,0
137647,1790782284841,0.09947,0.07470,0.02596,0.03516,0.00761,0.05826,0.01648,0.12310,0.33112,0.12418,0.07810,0.02587,0.09001,0.01187,0.00175,0.02562,0.00365,0.05196,0.01739,0.14715,0.39168,0.14807,0.08328,0.02756,-56.76,3.973,-1,0.0000,-1.00,0.0000,0
137740,1790782284921,0.11954,0.07260,0.01972,0.06506,0.02133,0.05484,0.05307,0.09634,0.30078,0.06755,0.07405,0.05512,0.11932,0.01946,0.00817,0.06203,0.01484,0.04206,0.05971,0.11384,0.34811,0.07799,0.08039,0.05408,-56.75,3.609,-1,0.0000,-1.00,0.0000,0
137833,1790782285024,0.15491,0.05438,0.02115,0.02932,0.04801,0.05995,0.03729,0.13947,0.11128,0.05764,0.06486,0.22174,0.15288,0.03957,0.01190,0.02136,0.00629,0.04153,0.03644,0.16515,0.12910,0.06782,0.06948,0.25847,-56.65,2.661,-1,0.0000,-1.00,0.0000,0
137926,1790782285119,0.06423,0.05381,0.01846,0.05912,0.03371,0.04780,0.04574,0.11601,0.26986,0.06789,0.07982,0.14356,0.04188,0.01027,0.00626,0.05380,0.00835,0.04897,0.05251,0.13803,0.31240,0.07998,0.08593,0.16161,-57.44,3.238,-1,0.0000,-1.00,0.0000,0
138019,1790782285199,0.06651,0.06816,0.02351,0.06499,0.02586,0.10625,0.04730,0.11975,0.23974,0.07675,0.08335,0.07783,0.05270,0.02728,0.01043,0.06267,0.01472,0.11687,0.05103,0.14166,0.27437,0.08952,0.07670,0.08205,-57.70,2.877,-1,0.0000,-1.00,0.0000,0
138112,1790782285299,0.16150,0.05888,0.03870,0.04403,0.02440,0.12401,0.04773,0.08815,0.15650,0.12370,0.06543,0.06698,0.17145,0.03684,0.01759,0.04173,0.01529,0.11461,0.04989,0.10213,0.17925,0.14519,0.05568,0.07037,-56.38,1.938,-1,0.0000,-1.00,0.0000,0
138205,1790782285399,0.23311,0.06919,0.03305,0.01960,0.02093,0.10258,0.02004,0.03314,0.28086,0.13251,0.03269,0.02230,0.27159,0.01711,0.00874,0.01844,0.02055,0.06907,0.01959,0.03901,0.33194,0.15565,0.02547,0.02283,-55.60,3.370,-1,0.0000,-1.00,0.0000,0
138298,1790782285500,0.17215,0.06784,0.04936,0.02605,0.01558,0.14496,0.02500,0.03229,0.17468,0.21189,0.05850,0.02170,0.19867,0.04113,0.00913,0.02270,0.01189,0.13679,0.02174,0.03695,0.20403,0.25231,0.04298,0.02169,-55.54,2.543,-1,0.0000,-1.00,0.0000,0
138390,1790782285579,0.19123,0.08860,0.03947,0.03658,0.01496,0.08379,0.02608,0.03637,0.25295,0.17024,0.03845,0.02127,0.22069,0.04753,0.00740,0.03692,0.01371,0.05665,0.02130,0.04264,0.29578,0.20128,0.03484,0.02126,-55.91,3.035,-1,0.0000,-1.00,0.0000,0
138483,1790782285680,0.30020,0.05218,0.04052,0.04711,0.01518,0.11076,0.02302,0.06583,0.09040,0.18070,0.04470,0.02938,0.34558,0.04295,0.00611,0.04836,0.01221,0.06421,0.01907,0.07766,0.09874,0.21411,0.04084,0.03017,-56.95,3.602,-1,0.0000,-1.00,0.0000,0
138576,1790782285780,0.08380,0.07369,0.03437,0.04910,0.02618,0.06031,0.04109,0.08509,0.32913,0.10266,0.07889,0.03567,0.07950,0.01303,0.01729,0.04259,0.01748,0.06370,0.04489,0.10030,0.38494,0.12054,0.08190,0.03385,-58.30,3.950,-1,0.0000,-1.00,0.0000,0
138669,1790782285860,0.10484,0.09533,0.02340,0.03049,0.01219,0.11679,0.03564,0.08105,0.31434,0.08103,0.06370,0.04119,0.10645,0.04165,0.00904,0.02608,0.00633,0.11884,0.03417,0.09561,0.37148,0.09584,0.05277,0.04174,-58.21,3.772,-1,0.0000,-1.00,0.0000,0
138762,1790782285980,0.08626,0.09878,0.02641,0.06352,0.02594,0.11725,0.05778,0.06234,0.22996,0.09022,0.06609,0.07545,0.08813,0.06719,0.01077,0.06525,0.01536,0.12303,0.05591,0.07256,0.26238,0.10529,0.05481,0.07932,-58.10,2.759,-1,0.0000,-1.00,0.0000,0
138855,1790782286042,0.06798,0.10338,0.02497,0.05998,0.02133,0.08748,0.03517,0.04559,0.29281,0.07890,0.12108,0.06133,0.06921,0.05878,0.01159,0.04669,0.01233,0.09110,0.03049,0.05233,0.34123,0.09247,0.12703,0.06676,-58.40,3.514,-1,0.0000,-1.00,0.0000,0
138948,1790782286140,0.06534,0.05037,0.04283,0.06160,0.03974,0.04925,0.03716,0.06256,0.15197,0.11584,0.15904,0.16431,0.06361,0.02640,0.02420,0.03786,0.01011,0.04640,0.03652,0.07294,0.17459,0.13679,0.18137,0.18920,-57.11,1.972,-1,0.0000,-1.00,0.0000,0
139041,1790782286220,0.07253,0.16323,0.01790,0.04370,0.03034,0.03140,0.05061,0.17178,0.18030,0.02621,0.07768,0.13432,0.04539,0.15512,0.01542,0.03506,0.00512,0.02906,0.02817,0.20450,0.20909,0.03040,0.08732,0.15536,-56.10,2.164,-1,0.0000,-1.00,0.0000,0
139133,1790782286321,0.06587,0.11823,0.02749,0.09243,0.01875,0.05757,0.08133,0.09464,0.19827,0.04189,0.12004,0.08350,0.05887,0.09789,0.02322,0.08449,0.00600,0.05731,0.07797,0.10886,0.22082,0.04901,0.13247,0.08307,-56.64,2.379,-1,0.0000,-1.00,0.0000,0
139226,1790782286419,0.04461,0.10226,0.04076,0.11481,0.02028,0.07173,0.06737,0.02451,0.21281,0.09464,0.15561,0.05059,0.04670,0.07805,0.02694,0.10363,0.01485,0.07669,0.06520,0.02409,0.23440,0.11052,0.17126,0.04769,-57.64,2.554,-1,0.0000,-1.00,0.0000,0
139319,1790782286501,0.04267,0.11455,0.02928,0.07677,0.03365,0.09645,0.04993,0.03035,0.20717,0.07237,0.18008,0.06672,0.04248,0.09234,0.01880,0.05342,0.02608,0.10715,0.04093,0.03324,0.23702,0.08217,0.19454,0.07184,-58.08,2.486,-1,0.0000,-1.00,0.0000,0
139412,1790782286599,0.04343,0.11159,0.02350,0.05936,0.02866,0.05768,0.03572,0.03520,0.32143,0.04780,0.14476,0.09088,0.04020,0.06306,0.01735,0.03914,0.01395,0.06114,0.03030,0.03873,0.37739,0.05451,0.16133,0.10288,-57.36,3.857,-1,0.0000,-1.00,0.0000,0
139505,1790782286700,0.05509,0.07806,0.01863,0.13992,0.01507,0.07671,0.03204,0.04417,0.26926,0.04462,0.19213,0.03429,0.05588,0.03461,0.01217,0.12520,0.01116,0.08084,0.03153,0.05052,0.29782,0.05126,0.21419,0.03484,-56.09,3.231,-1,0.0000,-1.00,0.0000,0
139598,1790782286800,0.06283,0.09904,0.04632,0.08630,0.01584,0.07713,0.02473,0.04732,0.25669,0.07616,0.16080,0.04684,0.06552,0.06039,0.03775,0.06833,0.00854,0.07944,0.01766,0.04922,0.29403,0.08956,0.17693,0.05263,-56.38,3.080,-1,0.0000,-1.00,0.0000,0
139691,1790782286881,0.01615,0.13238,0.04112,0.07113,0.02443,0.05853,0.03193,0.03741,0.31046,0.07114,0.12396,0.08135,0.01162,0.08806,0.03271,0.05846,0.01079,0.06794,0.02072,0.03844,0.35996,0.08357,0.13507,0.09269,-57.53,3.726,-1,0.0000,-1.00,0.0000,0
139784,1790782286979,0.02679,0.07795,0.04859,0.13415,0.02663,0.08811,0.05542,0.02999,0.25812,0.07259,0.13429,0.04736,0.02509,0.03884,0.04188,0.13280,0.02296,0.10061,0.05871,0.02763,0.28296,0.08243,0.14097,0.04511,-57.57,3.097,-1,0.0000,-1.00,0.0000,0
139877,1790782287080,0.05582,0.05424,0.09268,0.09095,0.02860,0.09084,0.06874,0.04865,0.20336,0.03027,0.15658,0.07926,0.05652,0.01966,0.10457,0.07562,0.01794,0.09764,0.06374,0.05231,0.22868,0.03272,0.16827,0.08234,-56.93,2.440,-1,0.0000,-1.00,0.0000,0
139969,1790782287160,0.09761,0.08501,0.02530,0.14165,0.01135,0.08545,0.05702,0.04509,0.18059,0.04249,0.18796,0.04049,0.10711,0.06400,0.02047,0.12827,0.00618,0.08116,0.05564,0.04997,0.19096,0.04968,0.20913,0.03743,-55.99,2.255,-1,0.0000,-1.00,0.0000,0
140062,1790782287260,0.10299,0.10531,0.02195,0.10317,0.03023,0.09700,0.08108,0.04057,0.19658,0.02926,0.12308,0.06877,0.11387,0.08397,0.02026,0.09807,0.02304,0.09365,0.08012,0.04499,0.21611,0.03050,0.12891,0.06653,-55.82,2.359,-1,0.0000,-1.00,0.0000,0
140155,1790782287341,0.06684,0.10905,0.02663,0.10932,0.01003,0.04670,0.03297,0.05387,0.44825,0.02229,0.05080,0.02324,0.06916,0.02894,0.02690,0.12059,0.00771,0.04252,0.03377,0.05922,0.51312,0.02527,0.05245,0.02034,-56.02,5.379,-1,0.0000,-1.00,0.0000,0
140248,1790782287440,0.11349,0.06773,0.15806,0.07089,0.01283,0.07517,0.03139,0.04896,0.32110,0.03075,0.04278,0.02684,0.13074,0.00872,0.18250,0.07731,0.01041,0.06416,0.03588,0.02248,0.36943,0.03479,0.03855,0.02505,-56.02,3.853,-1,0.0000,-1.00,0.0000,0
140341,1790782287518,0.10242,0.10704,0.13264,0.02691,0.04421,0.18803,0.08027,0.07826,0.10168,0.02968,0.08038,0.02847,0.11018,0.10499,0.15376,0.02116,0.04904,0.20359,0.07537,0.06330,0.11737,0.02611,0.05596,0.01917,-55.48,2.256,-1,0.0000,-1.00,0.0000,0
140434,1790782287621,0.08059,0.03533,0.02956,0.03034,0.02691,0.47109,0.05526,0.03562,0.06529,0.01586,0.13356,0.02059,0.08940,0.02785,0.03281,0.02613,0.02943,0.54707,0.06070,0.03617,0.07305,0.01317,0.05159,0.01264,-54.91,5.653,-1,0.0000,-1.00,0.0000,0
140527,1790782287719,0.15036,0.01295,0.00956,0.03163,0.02808,0.05560,0.10444,0.47898,0.03587,0.01353,0.02838,0.05060,0.07068,0.00848,0.00926,0.03322,0.02729,0.05262,0.12338,0.57219,0.03610,0.01110,0.02358,0.03212,-54.46,5.748,-1,0.0000,-1.00,0.0000,0
140620,1790782287799,0.20052,0.02031,0.01407,0.03014,0.01201,0.13261,0.04758,0.39392,0.06678,0.01261,0.04803,0.02141,0.14726,0.00968,0.01425,0.02983,0.01068,0.13050,0.05510,0.46918,0.07394,0.01316,0.03169,0.01474,-54.96,4.727,-1,0.0000,-1.00,0.0000,0
140712,1790782287920,0.11037,0.06399,0.01941,0.10072,0.02623,0.07222,0.04924,0.11084,0.27866,0.03152,0.07769,0.05910,0.10654,0.01471,0.01638,0.10487,0.01798,0.06704,0.05597,0.12969,0.31260,0.03471,0.07980,0.05973,-55.91,3.344,-1,0.0000,-1.00,0.0000,0
140805,1790782288000,0.10358,0.07348,0.00824,0.08166,0.02007,0.04840,0.02705,0.14783,0.37187,0.02095,0.06486,0.03200,0.08644,0.00580,0.00559,0.08405,0.01767,0.04086,0.03127,0.17603,0.42893,0.02160,0.06961,0.03214,-55.43,4.462,-1,0.0000,-1.00,0.0000,0
140898,1790782288101,0.14284,0.06653,0.01220,0.07513,0.01860,0.03326,0.02036,0.18997,0.32833,0.03647,0.05214,0.02416,0.12453,0.00658,0.00663,0.07824,0.01746,0.01517,0.02309,0.22631,0.37788,0.04026,0.05947,0.02437,-54.48,3.940,-1,0.0000,-1.00,0.0000,0
140991,1790782288179,0.17223,0.02596,0.00893,0.05796,0.02680,0.02324,0.01072,0.47179,0.12448,0.02750,0.02241,0.02799,0.09417,0.00441,0.00518,0.06449,0.02593,0.00918,0.01197,0.56429,0.13637,0.02781,0.02503,0.03117,-54.40,5.661,-1,0.0000,-1.00,0.0000,0
141084,1790782288281,0.19953,0.02397,0.00933,0.03655,0.02345,0.03060,0.02249,0.48942,0.10294,0.02185,0.01828,0.02156,0.12311,0.00584,0.00693,0.03994,0.02399,0.01227,0.02580,0.58507,0.11543,0.02143,0.01947,0.02073,-54.71,5.873,-1,0.0000,-1.00,0.0000,0
141177,1790782288380,0.19265,0.02971,0.00490,0.03995,0.01717,0.03162,0.03690,0.40391,0.12791,0.01127,0.08321,0.02082,0.13459,0.00679,0.00387,0.02855,0.01731,0.01120,0.04287,0.48321,0.14761,0.01007,0.09748,0.01644,-54.15,4.847,-1,0.0000,-1.00,0.0000,0
141270,1790782288478,0.17531,0.03104,0.00766,0.06160,0.00819,0.03043,0.02105,0.29929,0.13927,0.00981,0.19525,0.02110,0.13922,0.00521,0.00707,0.02777,0.00575,0.00886,0.02407,0.35734,0.16137,0.01062,0.23220,0.02051,-54.14,3.591,-1,0.0000,-1.00,0.0000,0
141363,1790782288559,0.20364,0.01471,0.01266,0.09277,0.02198,0.04996,0.08119,0.24513,0.07787,0.01218,0.14325,0.04465,0.18315,0.00541,0.01290,0.07806,0.01950,0.02356,0.09584,0.29154,0.07713,0.01143,0.16697,0.03450,-54.65,2.942,-1,0.0000,-1.00,0.0000,0
141455,1790782288640,0.20473,0.01809,0.00945,0.04663,0.02794,0.14932,0.07878,0.20816,0.08003,0.01846,0.10552,0.05291,0.19617,0.00410,0.00762,0.03660,0.01716,0.14746,0.09355,0.24794,0.08863,0.01871,0.09721,0.04485,-55.44,2.498,-1,0.0000,-1.00,0.0000,0
141548,1790782288742,0.12897,0.01751,0.01349,0.07995,0.03710,0.10771,0.04258,0.13979,0.07059,0.04217,0.27424,0.04591,0.11986,0.00743,0.00741,0.03479,0.03548,0.10530,0.04931,0.16626,0.07699,0.04420,0.30772,0.04524,-56.16,3.291,-1,0.0000,-1.00,0.0000,0
141641,1790782288819,0.15225,0.02772,0.01810,0.09032,0.02002,0.03774,0.04977,0.18788,0.09997,0.02952,0.22085,0.06587,0.13840,0.01169,0.01509,0.05646,0.01060,0.01779,0.05732,0.22213,0.10860,0.03327,0.26110,0.06756,-56.38,2.650,-1,0.0000,-1.00,0.0000,0
141734,1790782288921,0.14515,0.02625,0.01984,0.11997,0.03762,0.04152,0.06629,0.08996,0.13896,0.02876,0.17682,0.10883,0.15267,0.00265,0.01782,0.10252,0.02225,0.01949,0.07685,0.10633,0.14618,0.03005,0.20801,0.11518,-56.65,2.122,-1,0.0000,-1.00,0.0000,0
141827,1790782289023,0.14685,0.03554,0.01543,0.07155,0.01866,0.04962,0.05892,0.23656,0.14237,0.03711,0.13792,0.04947,0.12013,0.01091,0.01019,0.05438,0.01328,0.03565,0.06821,0.28166,0.15982,0.04183,0.15819,0.04576,-56.90,2.839,-1,0.0000,-1.00,0.0000,0
141920,1790782289100,0.07744,0.03482,0.01635,0.15972,0.02802,0.04893,0.05424,0.12681,0.19713,0.04318,0.13259,0.08077,0.07513,0.00125,0.01009,0.16161,0.01933,0.04373,0.06423,0.15047,0.20418,0.04791,0.15020,0.07188,-57.37,2.366,-1,0.0000,-1.00,0.0000,0
142013,1790782289220,0.04982,0.05110,0.02570,0.16841,0.02862,0.03146,0.06484,0.04964,0.26486,0.04618,0.16204,0.05734,0.04673,0.00640,0.02075,0.16442,0.02360,0.02843,0.07454,0.05725,0.28477,0.05066,0.18852,0.05393,-57.41,3.178,-1,0.0000,-1.00,0.0000,0
142106,1790782289300,0.05776,0.03725,0.01510,0.15132,0.02175,0.02476,0.03259,0.04526,0.18945,0.03745,0.33579,0.05150,0.05866,0.00366,0.00976,0.10231,0.01432,0.01901,0.03739,0.05323,0.20673,0.04204,0.39859,0.05430,-57.10,4.030,-1,0.0000,-1.00,0.0000,0
142199,1790782289400,0.03842,0.06572,0.01842,0.12271,0.02027,0.02123,0.02083,0.03992,0.31099,0.04171,0.25107,0.04872,0.03745,0.00851,0.01271,0.08810,0.01374,0.01801,0.02263,0.04595,0.35517,0.04725,0.29727,0.05320,-57.39,3.732,-1,0.0000,-1.00,0.0000,0
142291,1790782289481,0.07574,0.04659,0.01677,0.24250,0.01881,0.02507,0.02743,0.03707,0.23644,0.03660,0.20023,0.03675,0.08208,0.00957,0.01195,0.24360,0.01397,0.01482,0.03097,0.04205,0.23502,0.04109,0.23698,0.03789,-57.96,2.910,-1,0.0000,-1.00,0.0000,0
142384,1790782289580,0.03820,0.04787,0.01898,0.22191,0.01545,0.01959,0.01857,0.07427,0.25921,0.02455,0.22917,0.03222,0.02795,0.00452,0.01736,0.21217,0.01161,0.01793,0.01898,0.08793,0.26854,0.02711,0.27104,0.03485,-58.23,3.111,-1,0.0000,-1.00,0.0000,0
142477,1790782289680,0.03927,0.05426,0.05028,0.17118,0.02623,0.01634,0.05896,0.08092,0.27884,0.03564,0.12993,0.05815,0.02971,0.00567,0.05256,0.17479,0.02031,0.01369,0.06370,0.09236,0.29937,0.03877,0.15297,0.05609,-56.54,3.346,-1,0.0000,-1.00,0.0000,0
142570,1790782289760,0.15647,0.03085,0.02815,0.17248,0.03590,0.03416,0.06447,0.07916,0.15972,0.04510,0.09098,0.10255,0.16890,0.00706,0.02385,0.18535,0.02164,0.00745,0.07585,0.09012,0.15456,0.04984,0.10754,0.10784,-55.57,2.070,-1,0.0000,-1.00,0.0000,0
142663,1790782289861,0.20078,0.02943,0.02361,0.10197,0.03946,0.05818,0.02768,0.03064,0.11880,0.09698,0.18818,0.08430,0.23240,0.01129,0.00633,0.07845,0.02746,0.02466,0.03093,0.03545,0.12680,0.11076,0.22059,0.09487,-56.06,2.409,-1,0.0000,-1.00,0.0000,0
142756,1790782289942,0.09715,0.07834,0.01636,0.12205,0.03150,0.08367,0.03468,0.04993,0.09761,0.04830,0.26322,0.07718,0.10495,0.07410,0.00889,0.08689,0.01916,0.08077,0.02649,0.05844,0.09974,0.05408,0.29939,0.08709,-56.53,3.159,-1,0.0000,-1.00,0.0000,0
142849,1790782290042,0.13424,0.04098,0.03812,0.12670,0.02685,0.04510,0.02436,0.05299,0.10892,0.05127,0.30065,0.04982,0.14943,0.02645,0.03430,0.08136,0.02125,0.02442,0.02304,0.05761,0.11423,0.05738,0.35540,0.05513,-57.17,3.608,-1,0.0000,-1.00,0.0000,0
142942,1790782290119,0.08846,0.04375,0.03446,0.14247,0.03124,0.02952,0.03397,0.05151,0.12595,0.05375,0.29276,0.07216,0.09421,0.02744,0.02938,0.10182,0.02173,0.01670,0.03473,0.05643,0.13073,0.06010,0.34748,0.07924,-58.01,3.513,-1,0.0000,-1.00,0.0000,0
143034,1790782290219,0.21352,0.06659,0.05052,0.07472,0.02883,0.05991,0.02189,0.05498,0.16914,0.06309,0.15416,0.04266,0.24534,0.04173,0.04649,0.05388,0.02395,0.02446,0.01796,0.05666,0.19199,0.07085,0.17987,0.04683,-56.58,2.562,-1,0.0000,-1.00,0.0000,0
143127,1790782290321,0.12033,0.05696,0.02180,0.14026,0.02947,0.03552,0.03508,0.05649,0.23390,0.06114,0.13403,0.07503,0.13040,0.01875,0.01218,0.13688,0.01893,0.01671,0.03666,0.06692,0.25234,0.07031,0.15729,0.08263,-55.56,2.807,-1,0.0000,-1.00,0.0000,0
143220,1790782290398,0.13505,0.03050,0.03523,0.11999,0.03199,0.03060,0.01457,0.09846,0.14060,0.08472,0.18090,0.09739,0.13907,0.00740,0.02266,0.10116,0.01582,0.00910,0.01583,0.11365,0.14816,0.09864,0.21496,0.11355,-56.61,2.171,-1,0.0000,-1.00,0.0000,0
143313,1790782290523,0.09036,0.04490,0.03215,0.14200,0.02814,0.02553,0.02836,0.04003,0.22269,0.10008,0.15390,0.09186,0.09945,0.00620,0.01524,0.13403,0.01320,0.01088,0.03275,0.04494,0.24011,0.11746,0.18225,0.10349,-58.05,2.672,-1,0.0000,-1.00,0.0000,0
143406,1790782290599,0.07013,0.05876,0.08061,0.07716,0.03886,0.02499,0.03343,0.07433,0.20312,0.12020,0.15680,0.06162,0.06885,0.02475,0.06896,0.05585,0.03326,0.01630,0.03393,0.07661,0.23034,0.13941,0.18465,0.06710,-58.07,2.437,-1,0.0000,-1.00,0.0000,0
143499,1790782290699,0.19466,0.03441,0.02158,0.09815,0.05706,0.04396,0.05078,0.05773,0.12457,0.03620,0.17995,0.10095,0.21995,0.01498,0.01903,0.07522,0.04667,0.00907,0.05786,0.06543,0.13403,0.03444,0.21383,0.10949,-57.08,2.336,-1,0.0000,-1.00,0.0000,0
143592,1790782290780,0.13651,0.05134,0.01683,0.15175,0.02902,0.06630,0.02264,0.04299,0.16789,0.03570,0.20158,0.07746,0.15358,0.02717,0.01235,0.13587,0.01721,0.04900,0.02124,0.04955,0.17415,0.03945,0.23183,0.08860,-56.68,2.419,-1,0.0000,-1.00,0.0000,0
143685,1790782290882,0.16507,0.08910,0.02072,0.13321,0.01886,0.08795,0.02089,0.05289,0.20535,0.05880,0.09086,0.05632,0.18419,0.06539,0.01125,0.14074,0.00977,0.06887,0.01193,0.06128,0.21816,0.06852,0.09522,0.06470,-55.93,2.464,-1,0.0000,-1.00,0.0000,0
143777,1790782290980,0.09907,0.12519,0.01749,0.12733,0.03093,0.02676,0.03558,0.09519,0.26621,0.02926,0.08371,0.06329,0.09703,0.09218,0.01490,0.13319,0.02309,0.01283,0.02436,0.11111,0.29253,0.03053,0.09776,0.07050,-55.52,3.194,-1,0.0000,-1.00,0.0000,0
143870,1790782291060,0.11756,0.11378,0.02510,0.18852,0.01627,0.02676,0.03106,0.08608,0.23404,0.03273,0.09947,0.02863,0.11120,0.09889,0.02276,0.20266,0.01338,0.01002,0.01761,0.09863,0.23993,0.03689,0.11721,0.03081,-55.75,2.808,-1,0.0000,-1.00,0.0000,0
143963,1790782291159,0.27686,0.02696,0.01047,0.16671,0.01060,0.05265,0.01493,0.20405,0.13328,0.03132,0.04949,0.02268,0.28459,0.00805,0.00542,0.18826,0.00818,0.00667,0.01597,0.24376,0.12232,0.03596,0.05798,0.02283,-54.72,3.322,-1,0.0000,-1.00,0.0000,0
144056,1790782291240,0.29251,0.02776,0.01790,0.12216,0.01391,0.05790,0.03058,0.24678,0.09260,0.03655,0.03988,0.02147,0.29283,0.01667,0.01328,0.13735,0.01296,0.01133,0.03334,0.29307,0.08373,0.04123,0.04554,0.01868,-55.01,3.510,-1,0.0000,-1.00,0.0000,0
144149,1790782291340,0.26136,0.03903,0.04804,0.08569,0.06202,0.05996,0.06155,0.05859,0.10292,0.05117,0.04151,0.12815,0.30110,0.02632,0.04682,0.09338,0.04439,0.01434,0.06853,0.06092,0.10314,0.05419,0.04690,0.13997,-56.72,3.136,-1,0.0000,-1.00,0.0000,0
144242,1790782291420,0.16900,0.04310,0.06897,0.11908,0.04079,0.04559,0.04304,0.12899,0.13382,0.03426,0.11574,0.05760,0.16588,0.03315,0.07596,0.11605,0.03692,0.02175,0.04376,0.14074,0.13734,0.03373,0.13438,0.06034,-56.84,2.028,-1,0.0000,-1.00,0.0000,0
144335,1790782291521,0.19943,0.03064,0.08377,0.09313,0.03282,0.05236,0.05065,0.12218,0.13081,0.04404,0.10431,0.05587,0.21191,0.01021,0.09075,0.08762,0.02822,0.02073,0.05489,0.13218,0.13797,0.04858,0.12088,0.05606,-56.33,2.393,-1,0.0000,-1.00,0.0000,0
144428,1790782291621,0.08995,0.03832,0.04351,0.06713,0.04568,0.05026,0.01695,0.15359,0.17179,0.03261,0.09386,0.19634,0.07860,0.00748,0.04476,0.05990,0.00993,0.04465,0.01858,0.17541,0.19390,0.03719,0.10362,0.22599,-55.21,2.356,-1,0.0000,-1.00,0.0000,0
144520,1790782291699,0.09956,0.03409,0.12648,0.05434,0.02676,0.04403,0.02564,0.15129,0.16229,0.02508,0.11808,0.13235,0.09179,0.00432,0.14569,0.03843,0.00244,0.03456,0.02974,0.15253,0.18684,0.02957,0.13463,0.14946,-54.95,1.947,-1,0.0000,-1.00,0.0000,0
144613,1790782291823,0.09691,0.01672,0.24197,0.06176,0.01838,0.03481,0.00964,0.28258,0.08004,0.00800,0.10034,0.04886,0.06032,0.00304,0.28846,0.05134,0.01084,0.02975,0.01086,0.28149,0.08573,0.00744,0.11433,0.05639,-55.41,3.391,-1,0.0000,-1.00,0.0000,0
144706,1790782291900,0.11623,0.01220,0.09497,0.10992,0.04430,0.04075,0.02606,0.27194,0.07908,0.05810,0.09065,0.05580,0.07604,0.00253,0.10161,0.11150,0.04098,0.03376,0.02914,0.30729,0.07265,0.06149,0.10193,0.06108,-55.47,3.263,-1,0.0000,-1.00,0.0000,0
144799,1790782292000,0.05261,0.00873,0.10383,0.10537,0.01582,0.02625,0.01442,0.20065,0.08180,0.01311,0.34039,0.03703,0.01075,0.00227,0.12172,0.04656,0.01082,0.02932,0.01683,0.21629,0.08878,0.01356,0.40205,0.04103,-55.22,4.085,-1,0.0000,-1.00,0.0000,0
144892,1790782292080,0.04077,0.01756,0.16164,0.08853,0.02531,0.01976,0.01610,0.17244,0.06436,0.02427,0.32262,0.04664,0.01526,0.00701,0.18864,0.03025,0.01994,0.02065,0.01768,0.16946,0.07079,0.02546,0.38248,0.05238,-55.49,3.871,-1,0.0000,-1.00,0.0000,0
144985,1790782292179,0.06266,0.01806,0.20237,0.07216,0.04610,0.03476,0.02772,0.16271,0.10884,0.03444,0.16663,0.06356,0.03684,0.00322,0.23591,0.04824,0.04076,0.03434,0.01585,0.16492,0.12085,0.03319,0.19286,0.07301,-55.67,2.428,-1,0.0000,-1.00,0.0000,0
145078,1790782292280,0.08465,0.01820,0.27360,0.03610,0.04326,0.01357,0.01312,0.24175,0.12595,0.01912,0.09459,0.03610,0.03614,0.01338,0.32497,0.02114,0.04377,0.00910,0.01293,0.22540,0.14647,0.01449,0.11153,0.04069,-55.16,3.283,-1,0.0000,-1.00,0.0000,0
145171,1790782292360,0.05694,0.01060,0.22683,0.04526,0.03281,0.01919,0.02205,0.26727,0.04837,0.02060,0.16975,0.08033,0.01089,0.00621,0.26770,0.01473,0.02122,0.02083,0.02519,0.26719,0.05488,0.02064,0.19927,0.09126,-55.38,3.207,-1,0.0000,-1.00,0.0000,0
145264,1790782292471,0.07071,0.01342,0.20300,0.10026,0.02172,0.02209,0.02615,0.30369,0.03732,0.02805,0.11849,0.05510,0.02183,0.01094,0.23706,0.09286,0.01407,0.02215,0.02875,0.31732,0.02595,0.03117,0.13758,0.06032,-55.34,3.644,-1,0.0000,-1.00,0.0000,0
145356,1790782292540,0.08943,0.00538,0.18477,0.09016,0.01825,0.02421,0.01384,0.37432,0.03432,0.02087,0.10605,0.03840,0.02721,0.00187,0.21695,0.08377,0.01352,0.02362,0.01596,0.40577,0.02443,0.02242,0.12239,0.04210,-54.99,4.492,-1,0.0000,-1.00,0.0000,0
145449,1790782292640,0.07257,0.00938,0.18959,0.11519,0.02660,0.01473,0.01629,0.30234,0.05585,0.01834,0.12768,0.05143,0.02251,0.00359,0.22358,0.10824,0.01987,0.01370,0.01841,0.31836,0.04536,0.01814,0.15027,0.05797,-55.64,3.628,-1,0.0000,-1.00,0.0000,0
145542,1790782292720,0.07539,0.00794,0.23520,0.08582,0.01940,0.03229,0.01119,0.35405,0.04932,0.01897,0.06331,0.04712,0.01598,0.00250,0.27782,0.08919,0.01257,0.03552,0.01242,0.36965,0.04142,0.02024,0.06882,0.05388,-55.93,4.249,-1,0.0000,-1.00,0.0000,0
145635,1790782292819,0.06809,0.00675,0.29331,0.07513,0.01916,0.02312,0.02105,0.27245,0.03802,0.03096,0.09559,0.05635,0.03032,0.00174,0.34452,0.06818,0.01053,0.02169,0.02440,0.25865,0.03204,0.03501,0.11024,0.06269,-55.54,3.520,-1,0.0000,-1.00,0.0000,0
145728,1790782292921,0.07274,0.01112,0.15448,0.10862,0.02759,0.01085,0.03281,0.34531,0.04815,0.04730,0.10105,0.03998,0.01150,0.00627,0.17465,0.10657,0.02496,0.01072,0.03557,0.38164,0.03560,0.05270,0.11896,0.04085,-55.74,4.144,-1,0.0000,-1.00,0.0000,0
145821,1790782293000,0.03175,0.02471,0.22225,0.20465,0.02137,0.01498,0.03142,0.15759,0.12977,0.04506,0.08646,0.03001,0.00969,0.00764,0.25638,0.22531,0.01970,0.01603,0.03111,0.14303,0.11083,0.05008,0.10042,0.02979,-56.41,2.667,-1,0.0000,-1.00,0.0000,0
145914,1790782293121,0.08201,0.03433,0.07189,0.17711,0.01212,0.03932,0.02221,0.14410,0.20586,0.08871,0.09660,0.02574,0.06186,0.00455,0.06535,0.19065,0.00942,0.03486,0.02565,0.15977,0.20842,0.10488,0.10884,0.02576,-57.10,2.470,-1,0.0000,-1.00,0.0000,0
146007,1790782293200,0.09512,0.02722,0.14001,0.07211,0.01992,0.07238,0.05717,0.24216,0.11367,0.02539,0.08329,0.05156,0.06232,0.00837,0.16227,0.06954,0.01414,0.07437,0.06426,0.26058,0.12235,0.02769,0.08506,0.04904,-57.71,2.906,-1,0.0000,-1.00,0.0000,0
146099,1790782293300,0.09941,0.08510,0.11557,0.15015,0.04499,0.03510,0.05304,0.11559,0.10609,0.04696,0.09805,0.04995,0.09981,0.08385,0.12905,0.15754,0.04367,0.02328,0.04670,0.11315,0.09589,0.04762,0.11287,0.04657,-57.72,1.802,-1,0.0000,-1.00,0.0000,0
146192,1790782293380,0.08194,0.02972,0.06786,0.16112,0.02987,0.02929,0.05408,0.13328,0.08731,0.07609,0.19742,0.05202,0.06785,0.02179,0.06426,0.14701,0.02580,0.02165,0.06014,0.14730,0.07547,0.08606,0.23226,0.05041,-58.09,2.369,-1,0.0000,-1.00,0.0000,0
146285,1790782293480,0.04805,0.03809,0.04884,0.13517,0.03188,0.06327,0.05497,0.13698,0.13046,0.05399,0.21076,0.04754,0.02910,0.01966,0.04688,0.11466,0.02988,0.07004,0.06140,0.15541,0.13359,0.05877,0.23865,0.04196,-58.78,2.529,-1,0.0000,-1.00,0.0000,0
146378,1790782293582,0.07547,0.03799,0.03630,0.17757,0.03107,0.07574,0.06423,0.10369,0.11343,0.06954,0.17536,0.03960,0.06730,0.02542,0.02819,0.17415,0.03073,0.07741,0.07120,0.11939,0.10139,0.07723,0.19478,0.03281,-58.08,2.131,-1,0.0000,-1.00,0.0000,0
146471,1790782293659,0.07435,0.02121,0.07477,0.22547,0.02868,0.05761,0.04112,0.10012,0.11579,0.03761,0.19945,0.02381,0.06681,0.00737,0.08177,0.22498,0.03035,0.05579,0.04192,0.10965,0.09374,0.03946,0.22793,0.02022,-57.78,2.706,-1,0.0000,-1.00,0.0000,0
146564,1790782293760,0.11198,0.03484,0.05164,0.16531,0.02223,0.04537,0.02838,0.06934,0.14578,0.04382,0.25705,0.02426,0.11935,0.01301,0.05227,0.13824,0.02199,0.03082,0.03069,0.07346,0.14696,0.04846,0.30190,0.02284,-57.96,3.085,-1,0.0000,-1.00,0.0000,0
146657,1790782293839,0.09428,0.03238,0.03838,0.15888,0.01611,0.04021,0.02108,0.08459,0.14420,0.02856,0.31167,0.02966,0.09454,0.00917,0.03973,0.11750,0.01319,0.02944,0.01998,0.09695,0.14950,0.03160,0.36762,0.03079,-58.03,3.740,-1,0.0000,-1.00,0.0000,0
146750,1790782293942,0.04950,0.02024,0.02664,0.18877,0.01903,0.02436,0.02426,0.04185,0.08850,0.02584,0.46073,0.03028,0.05007,0.00785,0.02643,0.11751,0.01650,0.01938,0.02580,0.04663,0.08274,0.02769,0.54822,0.03117,-58.35,5.529,-1,0.0000,-1.00,0.0000,0
146842,1790782294020,0.04718,0.03728,0.03024,0.17189,0.02201,0.06995,0.02874,0.08793,0.11421,0.03185,0.34020,0.01852,0.03681,0.02261,0.02954,0.12816,0.02315,0.07652,0.02996,0.09950,0.11124,0.03379,0.39247,0.01626,-58.23,4.082,-1,0.0000,-1.00,0.0000,0
146935,1790782294120,0.06947,0.02092,0.03427,0.26973,0.02092,0.07552,0.02874,0.12998,0.10950,0.04428,0.16641,0.03025,0.05252,0.01066,0.03126,0.28685,0.01832,0.08077,0.02851,0.15336,0.07434,0.04943,0.18339,0.03060,-57.01,3.237,-1,0.0000,-1.00,0.0000,0
147028,1790782294220,0.04965,0.03842,0.07465,0.18307,0.04969,0.03949,0.03725,0.09366,0.08431,0.06506,0.21346,0.07130,0.03924,0.03367,0.07572,0.17021,0.04410,0.03953,0.03795,0.09722,0.06729,0.06921,0.24794,0.07791,-56.07,2.562,-1,0.0000,-1.00,0.0000,0
147121,1790782294319,0.08408,0.02122,0.14322,0.10627,0.09506,0.04061,0.03087,0.19643,0.08355,0.03651,0.09752,0.06467,0.05643,0.01395,0.16681,0.10569,0.09879,0.03857,0.03423,0.20230,0.07913,0.02419,0.10920,0.07070,-55.02,2.357,-1,0.0000,-1.00,0.0000,0
147214,1790782294419,0.08813,0.04834,0.04248,0.20153,0.03270,0.07892,0.01535,0.09910,0.26586,0.03409,0.08213,0.01138,0.08254,0.00488,0.04426,0.22504,0.03716,0.07820,0.01743,0.10997,0.27395,0.03349,0.08291,0.01018,-54.83,3.190,-1,0.0000,-1.00,0.0000,0
147307,1790782294499,0.08204,0.04508,0.03014,0.12455,0.05404,0.10017,0.02429,0.13286,0.25316,0.04364,0.09175,0.01829,0.06116,0.00597,0.02785,0.13172,0.06042,0.10898,0.02766,0.15394,0.27585,0.04169,0.08833,0.01643,-56.20,3.038,-1,0.0000,-1.00,0.0000,0
147400,1790782294600,0.14314,0.02461,0.06410,0.14774,0.04209,0.05652,0.05373,0.15555,0.14106,0.04958,0.08677,0.03513,0.12891,0.01039,0.06676,0.15807,0.04452,0.04216,0.06187,0.17359,0.13762,0.05065,0.09561,0.02983,-56.62,1.867,-1,0.0000,-1.00,0.0000,0
147493,1790782294679,0.15599,0.01223,0.10931,0.06423,0.02287,0.03964,0.01945,0.43443,0.04175,0.02529,0.05318,0.02162,0.08856,0.00731,0.12588,0.06551,0.02310,0.02994,0.02131,0.49613,0.03704,0.02572,0.05779,0.02168,-55.81,5.213,-1,0.0000,-1.00,0.0000,0
147586,1790782294780,0.17382,0.01594,0.10004,0.04687,0.02500,0.05490,0.02511,0.38656,0.05162,0.02197,0.07239,0.02578,0.12319,0.00853,0.11556,0.04059,0.02537,0.04136,0.02824,0.44045,0.05333,0.02177,0.07854,0.02308,-55.51,4.639,-1,0.0000,-1.00,0.0000,0
147678,1790782294879,0.14515,0.01101,0.11324,0.04001,0.01982,0.05369,0.01307,0.46500,0.03937,0.02707,0.04924,0.02335,0.06832,0.00535,0.12995,0.03828,0.01751,0.05200,0.01331,0.53271,0.03958,0.02896,0.04869,0.02534,-55.30,5.580,-1,0.0000,-1.00,0.0000,0
147771,1790782294972,0.16905,0.01212,0.05474,0.06053,0.02802,0.09704,0.01646,0.37812,0.05333,0.03093,0.06494,0.03473,0.11507,0.00425,0.05927,0.06078,0.02606,0.09347,0.01888,0.44133,0.05185,0.03189,0.05929,0.03787,-55.22,4.537,-1,0.0000,-1.00,0.0000,0
147864,1790782295061,0.14253,0.00848,0.04923,0.04456,0.05545,0.10093,0.02051,0.19438,0.06242,0.03613,0.06842,0.21696,0.12123,0.00232,0.05103,0.04095,0.01586,0.09690,0.02411,0.22280,0.06668,0.04015,0.06278,0.25519,-55.58,2.604,-1,0.0000,-1.00,0.0000,0
147957,1790782295139,0.14974,0.02044,0.04811,0.05659,0.03259,0.16306,0.06450,0.11258,0.06030,0.08151,0.11752,0.09305,0.15085,0.01813,0.03907,0.04641,0.02015,0.16572,0.07370,0.12715,0.06306,0.09368,0.10796,0.09412,-55.74,1.957,-1,0.0000,-1.00,0.0000,0
148050,1790782295239,0.29775,0.02004,0.02599,0.02958,0.02319,0.12964,0.04081,0.20219,0.05924,0.03382,0.06233,0.07543,0.30640,0.01428,0.02346,0.02436,0.01167,0.09460,0.04607,0.23762,0.06559,0.03877,0.05593,0.08125,-55.80,3.573,-1,0.0000,-1.00,0.0000,0
148143,1790782295318,0.32190,0.04995,0.02242,0.03804,0.01439,0.15413,0.02480,0.09932,0.14359,0.03171,0.05579,0.04396,0.36288,0.02719,0.01963,0.03676,0.00775,0.11275,0.02425,0.11519,0.16477,0.03646,0.04450,0.04787,-56.54,3.863,-1,0.0000,-1.00,0.0000,0
148236,1790782295420,0.13001,0.08973,0.02848,0.03759,0.02827,0.12456,0.02925,0.04672,0.22566,0.10090,0.07538,0.08345,0.14511,0.05526,0.01065,0.03187,0.01500,0.12048,0.02410,0.05387,0.26359,0.11841,0.06643,0.09522,-56.98,2.708,-1,0.0000,-1.00,0.0000,0
148329,1790782295520,0.22015,0.07924,0.01717,0.03135,0.01256,0.18060,0.03711,0.08079,0.18745,0.05557,0.06183,0.03616,0.24488,0.05167,0.00760,0.02948,0.00780,0.16786,0.03415,0.09538,0.21834,0.06547,0.04081,0.03656,-56.86,2.642,-1,0.0000,-1.00,0.0000,0
148421,1790782295620,0.16357,0.05246,0.02607,0.04773,0.01566,0.12930,0.04419,0.10988,0.19252,0.09696,0.06239,0.05926,0.16924,0.01997,0.00844,0.04714,0.00661,0.12139,0.04889,0.13010,0.22123,0.11498,0.05069,0.06132,-57.15,2.310,-1,0.0000,-1.00,0.0000,0
148514,1790782295719,0.07020,0.07547,0.03865,0.05824,0.03422,0.06646,0.02381,0.09780,0.30962,0.07972,0.04810,0.09772,0.06199,0.01928,0.02810,0.06101,0.01866,0.06744,0.02471,0.11162,0.35890,0.09182,0.04426,0.11220,-57.24,3.715,-1,0.0000,-1.00,0.0000,0
148607,1790782295799,0.08907,0.05987,0.02490,0.04005,0.06523,0.03508,0.03779,0.18300,0.10681,0.05150,0.04785,0.25886,0.06374,0.04785,0.01831,0.03778,0.01803,0.02940,0.03460,0.21685,0.12049,0.05813,0.05151,0.30332,-57.70,3.106,-1,0.0000,-1.00,0.0000,0
148700,1790782295900,0.07265,0.11140,0.01645,0.12217,0.02312,0.04677,0.03900,0.14719,0.25697,0.03272,0.06117,0.07037,0.05404,0.07769,0.01243,0.13364,0.01251,0.04533,0.03101,0.17424,0.28142,0.03673,0.06431,0.07664,-58.10,3.084,-1,0.0000,-1.00,0.0000,0
148793,1790782295980,0.10280,0.10540,0.02050,0.07121,0.02271,0.04936,0.03370,0.12543,0.29823,0.05833,0.08015,0.03219,0.08998,0.06198,0.01152,0.06791,0.02067,0.04130,0.02809,0.14802,0.34389,0.06579,0.08785,0.03300,-57.14,3.579,-1,0.0000,-1.00,0.0000,0
148886,1790782296080,0.17121,0.05973,0.03410,0.02611,0.00785,0.14214,0.05801,0.05445,0.26136,0.10081,0.05994,0.02430,0.19308,0.01037,0.01714,0.02226,0.00570,0.13266,0.06698,0.06232,0.30876,0.11967,0.04552,0.01555,-56.09,3.136,-1,0.0000,-1.00,0.0000,0
148979,1790782296179,0.15808,0.06744,0.04269,0.01846,0.00901,0.12071,0.04484,0.03077,0.24997,0.19106,0.04144,0.02552,0.18235,0.02208,0.00603,0.01654,0.00668,0.10849,0.04936,0.03567,0.29624,0.22762,0.02815,0.02080,-55.48,3.000,-1,0.0000,-1.00,0.0000,0
149072,1790782296260,0.21165,0.06157,0.04778,0.02434,0.00920,0.13842,0.06364,0.04124,0.15573,0.18533,0.04146,0.01962,0.24433,0.03773,0.01349,0.02403,0.00663,0.11986,0.06874,0.04679,0.18184,0.22076,0.02592,0.00988,-54.62,2.540,-1,0.0000,-1.00,0.0000,0
149164,1790782296359,0.28652,0.04642,0.04462,0.01799,0.01448,0.12284,0.05275,0.03049,0.12794,0.20079,0.02924,0.02593,0.33632,0.02595,0.00628,0.01778,0.01347,0.08051,0.05806,0.03529,0.14967,0.23803,0.01907,0.01957,-54.69,3.438,-1,0.0000,-1.00,0.0000,0
149257,1790782296444,0.11949,0.06126,0.03028,0.10070,0.01313,0.07253,0.04467,0.09897,0.21402,0.11459,0.09655,0.03381,0.11730,0.02930,0.00938,0.10023,0.00958,0.06366,0.04771,0.11673,0.23623,0.13575,0.10308,0.03105,-56.24,2.568,-1,0.0000,-1.00,0.0000,0
149350,1790782296539,0.10101,0.09720,0.03060,0.06858,0.01276,0.07947,0.01961,0.04446,0.40008,0.07640,0.04001,0.02982,0.11110,0.02465,0.01873,0.07555,0.00893,0.07320,0.01861,0.04957,0.46374,0.09044,0.03343,0.03204,-58.09,4.801,-1,0.0000,-1.00,0.0000,0
149443,1790782296619,0.04679,0.12903,0.03044,0.04101,0.01425,0.06410,0.03121,0.04847,0.43066,0.05653,0.05585,0.05166,0.04588,0.05383,0.02324,0.03857,0.00501,0.06864,0.02611,0.05410,0.50839,0.06674,0.05331,0.05618,-58.94,5.168,-1,0.0000,-1.00,0.0000,0
149536,1790782296720,0.09413,0.16184,0.01770,0.04983,0.01257,0.09507,0.04014,0.04542,0.35898,0.04040,0.04890,0.03502,0.10072,0.11245,0.01182,0.05186,0.00588,0.09582,0.02581,0.05208,0.41976,0.04735,0.03960,0.03685,-58.79,4.308,-1,0.0000,-1.00,0.0000,0
149629,1790782296819,0.08527,0.15112,0.02436,0.08456,0.01660,0.08076,0.05213,0.03218,0.34793,0.04721,0.04707,0.03082,0.09452,0.10285,0.01846,0.09320,0.01421,0.07803,0.04183,0.03514,0.39804,0.05415,0.04093,0.02863,-58.71,4.175,-1,0.0000,-1.00,0.0000,0
149722,1790782296919,0.06057,0.06770,0.07393,0.07459,0.03509,0.15630,0.03812,0.14103,0.18900,0.06153,0.06892,0.03323,0.03941,0.04202,0.07533,0.08006,0.03562,0.17947,0.03727,0.15412,0.21040,0.06686,0.04700,0.03242,-57.29,2.268,-1,0.0000,-1.00,0.0000,0
149815,1790782297020,0.06450,0.06940,0.02528,0.12511,0.01354,0.03342,0.02045,0.23954,0.23809,0.03333,0.09039,0.04693,0.02093,0.03205,0.02259,0.12986,0.00548,0.03621,0.01813,0.28257,0.25954,0.03886,0.10114,0.05264,-56.09,2.875,-1,0.0000,-1.00,0.0000,0
149908,1790782297100,0.10089,0.08754,0.01431,0.04697,0.02992,0.09479,0.03157,0.09633,0.31142,0.04771,0.10008,0.03848,0.09824,0.03234,0.00691,0.03621,0.02794,0.09410,0.03124,0.11423,0.36597,0.05163,0.10126,0.03992,-56.15,3.737,-1,0.0000,-1.00,0.0000,0
150000,1790782297201,0.06537,0.11798,0.04630,0.07889,0.00911,0.04335,0.02244,0.05966,0.42268,0.03760,0.07395,0.02266,0.06593,0.04413,0.04680,0.07849,0.00625,0.03887,0.01814,0.06221,0.49091,0.04382,0.08090,0.02355,-56.90,5.072,-1,0.0000,-1.00,0.0000,0
150093,1790782297279,0.06680,0.10705,0.02406,0.05682,0.01926,0.04642,0.02583,0.14980,0.38378,0.02384,0.06276,0.03358,0.04618,0.03946,0.02360,0.05501,0.01597,0.04666,0.02307,0.17488,0.44801,0.02635,0.06595,0.03487,-57.16,4.605,-1,0.0000,-1.00,0.0000,0
150186,1790782297380,0.07448,0.05247,0.06993,0.08101,0.02425,0.05290,0.04795,0.07006,0.25973,0.10023,0.09838,0.06860,0.07358,0.00545,0.06057,0.07562,0.01496,0.04881,0.05586,0.07246,0.29622,0.11713,0.10821,0.07112,-56.76,3.117,-1,0.0000,-1.00,0.0000,0
150279,1790782297479,0.06448,0.08790,0.04398,0.07749,0.01248,0.06640,0.02989,0.05988,0.28322,0.16138,0.09238,0.02050,0.06362,0.04094,0.01480,0.07354,0.01118,0.06695,0.02770,0.06882,0.32479,0.19116,0.09743,0.01908,-56.13,3.399,-1,0.0000,-1.00,0.0000,0
150372,1790782297561,0.08182,0.05152,0.05135,0.13228,0.02111,0.10314,0.03691,0.04617,0.12776,0.23506,0.09255,0.02033,0.08698,0.03725,0.00656,0.14070,0.02192,0.10635,0.03679,0.05407,0.12519,0.27731,0.08982,0.01706,-55.70,2.821,-1,0.0000,-1.00,0.0000,0
150465,1790782297660,0.04567,0.03997,0.05979,0.21989,0.05784,0.02780,0.04784,0.03108,0.19783,0.18864,0.05096,0.03270,0.04273,0.01660,0.02931,0.25235,0.06366,0.02484,0.05401,0.03146,0.18691,0.21353,0.05613,0.02848,-56.49,2.639,-1,0.0000,-1.00,0.0000,0
150558,1790782297740,0.11085,0.03816,0.08658,0.10805,0.02570,0.07413,0.05818,0.10947,0.19249,0.08765,0.07278,0.03595,0.10070,0.01390,0.08390,0.11489,0.02489,0.06886,0.06688,0.11463,0.20787,0.10009,0.07356,0.02982,-57.23,2.310,-1,0.0000,-1.00,0.0000,0
150651,1790782297840,0.13205,0.05845,0.07203,0.10369,0.01945,0.06535,0.07198,0.08586,0.26310,0.04223,0.03975,0.04606,0.13231,0.02068,0.07689,0.11685,0.01559,0.05208,0.08215,0.08764,0.29210,0.04750,0.03731,0.03890,-56.44,3.157,-1,0.0000,-1.00,0.0000,0
150743,1790782297920,0.14730,0.07565,0.02346,0.28389,0.02354,0.05836,0.03564,0.03331,0.20478,0.04434,0.04143,0.02829,0.16929,0.05527,0.01803,0.33198,0.01692,0.04217,0.03172,0.03637,0.17848,0.05086,0.04128,0.02761,-56.41,3.407,-1,0.0000,-1.00,0.0000,0
150836,1790782298020,0.07983,0.07839,0.03727,0.24655,0.01951,0.04863,0.05176,0.07202,0.16160,0.03416,0.12329,0.04699,0.08046,0.06620,0.03698,0.26780,0.01422,0.04233,0.04838,0.07947,0.13990,0.03876,0.13934,0.04616,-57.23,2.959,-1,0.0000,-1.00,0.0000,0
150929,1790782298120,0.05999,0.06731,0.09821,0.12349,0.02271,0.03511,0.03485,0.19651,0.17430,0.05920,0.07180,0.05652,0.02774,0.04601,0.10419,0.13235,0.01506,0.03657,0.03248,0.21497,0.18248,0.06808,0.07879,0.06129,-57.76,2.358,-1,0.0000,-1.00,0.0000,0
151022,1790782298219,0.12583,0.06090,0.04905,0.13565,0.01976,0.04916,0.04612,0.18783,0.18107,0.04769,0.04696,0.04997,0.10804,0.03597,0.04798,0.15286,0.01370,0.03749,0.04814,0.21555,0.18666,0.05443,0.04884,0.05033,-57.85,2.254,-1,0.0000,-1.00,0.0000,0
151115,1790782298318,0.10333,0.06524,0.05866,0.14134,0.02089,0.04653,0.04954,0.19197,0.17356,0.04818,0.04528,0.05548,0.07669,0.04713,0.05935,0.16019,0.01382,0.04055,0.05002,0.21826,0.17606,0.05515,0.04621,0.05656,-57.51,2.304,-1,0.0000,-1.00,0.0000,0
151208,1790782298400,0.16563,0.05102,0.05131,0.12893,0.02225,0.05784,0.03248,0.21625,0.15007,0.02971,0.04288,0.05161,0.15061,0.03132,0.05492,0.14588,0.01526,0.04014,0.03268,0.24827,0.15043,0.03305,0.04343,0.05401,-56.92,2.595,-1,0.0000,-1.00,0.0000,0
151301,1790782298504,0.10828,0.05499,0.02488,0.14793,0.01737,0.03983,0.08507,0.12073,0.22422,0.04490,0.06850,0.06330,0.10183,0.01900,0.01953,0.16207,0.00964,0.02754,0.09817,0.14079,0.23654,0.05189,0.07662,0.05638,-57.07,2.691,-1,0.0000,-1.00,0.0000,0
151394,1790782298580,0.10094,0.06136,0.12711,0.09224,0.02503,0.04085,0.06334,0.06365,0.27258,0.04513,0.04782,0.05995,0.11106,0.01323,0.14217,0.10023,0.01863,0.02693,0.07144,0.04993,0.30596,0.05117,0.05196,0.05729,-57.03,3.271,-1,0.0000,-1.00,0.0000,0
151486,1790782298680,0.21132,0.04359,0.04709,0.06362,0.02719,0.10758,0.05472,0.05903,0.17017,0.08152,0.07280,0.06138,0.23522,0.01970,0.03786,0.06217,0.02042,0.08228,0.06166,0.06322,0.19159,0.09364,0.07092,0.06132,-56.61,2.536,-1,0.0000,-1.00,0.0000,0
151579,1790782298779,0.03075,0.06348,0.06982,0.09031,0.02001,0.08149,0.04449,0.03375,0.19273,0.16454,0.16128,0.04735,0.03018,0.03359,0.04515,0.07351,0.01456,0.09166,0.04660,0.03155,0.21636,0.19427,0.17508,0.04750,-56.26,2.313,-1,0.0000,-1.00,0.0000,0
151672,1790782298860,0.13413,0.09783,0.02323,0.03996,0.01219,0.07495,0.02524,0.02983,0.40143,0.03179,0.10642,0.02300,0.15285,0.02449,0.02063,0.02494,0.01015,0.05951,0.02538,0.03165,0.47581,0.03634,0.11572,0.02253,-55.96,4.817,-1,0.0000,-1.00,0.0000,0
151765,1790782298984,0.36532,0.06148,0.01291,0.03400,0.01210,0.12554,0.02057,0.01519,0.22995,0.03640,0.05729,0.02927,0.43405,0.02083,0.00715,0.02966,0.00830,0.06448,0.02051,0.01678,0.26965,0.04197,0.05587,0.03075,-55.79,4.384,-1,0.0000,-1.00,0.0000,0
151858,1790782299042,0.12618,0.08347,0.02256,0.05324,0.00998,0.07539,0.03196,0.03341,0.34449,0.09292,0.10289,0.02352,0.13896,0.02428,0.00526,0.04182,0.00759,0.06288,0.03318,0.03928,0.40448,0.10983,0.11082,0.02161,-56.14,4.134,-1,0.0000,-1.00,0.0000,0
151951,1790782299140,0.17928,0.04396,0.02676,0.04624,0.01596,0.08335,0.03205,0.13043,0.20783,0.09283,0.10190,0.03943,0.18077,0.00807,0.01033,0.03372,0.01103,0.06418,0.03607,0.15498,0.24179,0.10960,0.10938,0.04010,-56.52,2.494,-1,0.0000,-1.00,0.0000,0
152044,1790782299219,0.17362,0.04752,0.01971,0.05080,0.01568,0.13125,0.01853,0.10872,0.22076,0.07210,0.09453,0.04676,0.18197,0.00669,0.00683,0.04318,0.00847,0.12123,0.02080,0.12900,0.25597,0.08472,0.08924,0.05191,-56.96,2.649,-1,0.0000,-1.00,0.0000,0
152137,1790782299320,0.04749,0.06472,0.01735,0.03073,0.02823,0.07260,0.02779,0.18860,0.26482,0.05069,0.10552,0.10146,0.01246,0.01534,0.00908,0.01508,0.01091,0.08453,0.03026,0.22419,0.31379,0.05910,0.10968,0.11558,-57.45,3.178,-1,0.0000,-1.00,0.0000,0
152230,1790782299442,0.05000,0.06209,0.01636,0.03880,0.03954,0.09209,0.02357,0.15480,0.26412,0.03844,0.08233,0.13787,0.02436,0.01305,0.01093,0.03109,0.01579,0.10552,0.02566,0.18332,0.30947,0.04377,0.07773,0.15932,-57.37,3.169,-1,0.0000,-1.00,0.0000,0
152322,1790782299518,0.14489,0.06518,0.01769,0.05239,0.01565,0.13292,0.01224,0.11174,0.30724,0.04190,0.06767,0.03049,0.14186,0.01294,0.01159,0.05186,0.01199,0.13114,0.01211,0.13159,0.35726,0.04843,0.05509,0.03414,-57.53,3.687,-1,0.0000,-1.00,0.0000,0
152415,1790782299620,0.09249,0.07761,0.03344,0.04164,0.02431,0.12069,0.05362,0.08007,0.25080,0.09856,0.05381,0.07296,0.09221,0.03609,0.01721,0.04208,0.01419,0.12634,0.05710,0.09253,0.29217,0.11529,0.03943,0.07537,-56.59,3.010,-1,0.0000,-1.00,0.0000,0
152508,1790782299699,0.20524,0.06184,0.02643,0.02439,0.02049,0.17003,0.04448,0.03387,0.21295,0.11462,0.05314,0.03250,0.23683,0.02577,0.00508,0.02277,0.01873,0.15679,0.04819,0.03958,0.25015,0.13413,0.03259,0.02940,-55.55,2.555,-1,0.0000,-1.00,0.0000,0
152601,1790782299799,0.15776,0.08374,0.02455,0.04751,0.01766,0.10344,0.04838,0.03509,0.30800,0.09032,0.05672,0.02684,0.18104,0.02902,0.00862,0.04691,0.01684,0.08806,0.05222,0.04034,0.35976,0.10488,0.05051,0.02181,-55.52,3.696,-1,0.0000,-1.00,0.0000,0
152694,1790782299878,0.23725,0.05751,0.03385,0.07330,0.01305,0.12990,0.04659,0.03175,0.17558,0.13639,0.03962,0.02523,0.27708,0.03044,0.00862,0.08237,0.01160,0.10072,0.04979,0.03633,0.19405,0.16113,0.02750,0.02036,-55.97,2.847,-1,0.0000,-1.00,0.0000,0
152787,1790782299979,0.12566,0.07051,0.09497,0.06495,0.02032,0.09262,0.04631,0.04810,0.17929,0.12717,0.09780,0.03229,0.14148,0.04516,0.08416,0.05800,0.01469,0.08676,0.04654,0.04095,0.20333,0.14947,0.09999,0.02947,-57.07,2.151,-1,0.0000,-1.00,0.0000,0
152880,1790782300080,0.08000,0.10079,0.02845,0.06146,0.02137,0.12231,0.04563,0.11631,0.26265,0.05585,0.06102,0.04415,0.06367,0.06662,0.02148,0.06441,0.01681,0.13394,0.04147,0.13511,0.30195,0.06359,0.04656,0.04438,-58.25,3.152,-1,0.0000,-1.00,0.0000,0
152973,1790782300160,0.10817,0.10821,0.01879,0.05219,0.02247,0.12257,0.02956,0.06342,0.33165,0.05470,0.05728,0.03098,0.11513,0.05300,0.01033,0.05381,0.02058,0.12405,0.02491,0.07394,0.38673,0.06146,0.04405,0.03202,-58.61,3.980,-1,0.0000,-1.00,0.0000,0
153065,1790782300259,0.04221,0.14513,0.02300,0.08034,0.01501,0.09368,0.03721,0.10085,0.32233,0.05436,0.04823,0.03766,0.02888,0.10136,0.01491,0.08900,0.01042,0.10653,0.02441,0.11797,0.36787,0.06378,0.03667,0.03821,-58.56,3.868,-1,0.0000,-1.00,0.0000,0
153158,1790782300339,0.06002,0.06643,0.09080,0.11281,0.02337,0.13210,0.03137,0.08486,0.20854,0.08040,0.06774,0.04157,0.05511,0.03544,0.09045,0.12487,0.01937,0.14736,0.03052,0.08380,0.22507,0.09256,0.05196,0.04350,-57.56,2.502,-1,0.0000,-1.00,0.0000,0
153251,1790782300441,0.08275,0.06809,0.04053,0.07551,0.03426,0.11424,0.03994,0.07423,0.24962,0.05043,0.07624,0.09415,0.08206,0.02535,0.03736,0.07711,0.02019,0.12062,0.03813,0.08623,0.28371,0.05654,0.06745,0.10525,-57.05,2.995,-1,0.0000,-1.00,0.0000,0
153344,1790782300521,0.04503,0.18387,0.06913,0.05627,0.01980,0.04479,0.06116,0.09438,0.20555,0.02973,0.11784,0.07245,0.03254,0.17512,0.07606,0.04129,0.00796,0.04729,0.03857,0.09802,0.23801,0.03415,0.13183,0.07917,-56.66,2.467,-1,0.0000,-1.00,0.0000,0
153437,1790782300620,0.06061,0.13385,0.05372,0.08472,0.02276,0.04358,0.04966,0.12965,0.15601,0.06459,0.11187,0.08897,0.04377,0.12638,0.04927,0.07666,0.00749,0.04354,0.03445,0.14559,0.17151,0.07615,0.12542,0.09978,-56.33,1.872,-1,0.0000,-1.00,0.0000,0
153530,1790782300739,0.05194,0.09377,0.02991,0.11387,0.01496,0.05851,0.05906,0.03525,0.31277,0.08347,0.09548,0.05099,0.05277,0.04469,0.01631,0.11610,0.00831,0.05965,0.06182,0.03910,0.35161,0.09852,0.10258,0.04853,-56.85,3.753,-1,0.0000,-1.00,0.0000,0
153623,1790782300819,0.08627,0.07826,0.05159,0.12568,0.02023,0.04246,0.03941,0.08405,0.23595,0.09159,0.09543,0.04907,0.08280,0.04512,0.04049,0.12929,0.01392,0.03464,0.03828,0.09269,0.25648,0.10761,0.10749,0.05120,-57.88,2.831,-1,0.0000,-1.00,0.0000,0
153716,1790782300919,0.07391,0.08891,0.02189,0.11981,0.02229,0.06244,0.03172,0.06035,0.34693,0.05102,0.06231,0.05844,0.07345,0.03063,0.01466,0.13113,0.01408,0.06025,0.03193,0.06941,0.38970,0.05834,0.06272,0.06369,-58.16,4.163,-1,0.0000,-1.00,0.0000,0
153808,1790782301001,0.05730,0.07710,0.05436,0.10700,0.03416,0.05758,0.03741,0.05574,0.31094,0.04696,0.09947,0.06198,0.05756,0.02283,0.05497,0.10684,0.02778,0.05758,0.04023,0.05597,0.35083,0.05133,0.10778,0.06630,-58.21,3.731,-1,0.0000,-1.00,0.0000,0
153901,1790782301100,0.07486,0.08068,0.02203,0.12451,0.01494,0.07737,0.02046,0.04411,0.39093,0.04016,0.07003,0.03991,0.07531,0.01375,0.01720,0.13563,0.00912,0.07793,0.02179,0.04945,0.44142,0.04643,0.06847,0.04350,-57.37,4.691,-1,0.0000,-1.00,0.0000,0
153994,1790782301179,0.09570,0.06582,0.13389,0.06229,0.01545,0.09633,0.02197,0.08010,0.29126,0.02419,0.06382,0.04917,0.10232,0.01220,0.15500,0.06322,0.00789,0.09514,0.02390,0.06526,0.33647,0.02742,0.05761,0.05357,-56.90,3.495,-1,0.0000,-1.00,0.0000,0
154087,1790782301280,0.05414,0.09665,0.03197,0.12012,0.01188,0.09487,0.03252,0.07798,0.29410,0.05802,0.09302,0.03473,0.04758,0.05090,0.02481,0.12593,0.00718,0.10424,0.02888,0.08852,0.32744,0.06810,0.09079,0.03563,-57.76,3.529,-1,0.0000,-1.00,0.0000,0
154180,1790782301380,0.05903,0.04369,0.13179,0.08236,0.02645,0.07267,0.01747,0.07425,0.20268,0.06794,0.15213,0.06953,0.05895,0.00678,0.14240,0.06551,0.01599,0.07539,0.01898,0.06136,0.22988,0.07823,0.16735,0.07918,-56.60,2.432,-1,0.0000,-1.00,0.0000,0
154273,1790782301479,0.09082,0.10315,0.04797,0.10906,0.01843,0.03904,0.02676,0.06218,0.24710,0.06123,0.15794,0.03634,0.09544,0.06888,0.04349,0.09425,0.01416,0.02786,0.01816,0.06613,0.27740,0.07056,0.18372,0.03994,-55.71,2.965,-1,0.0000,-1.00,0.0000,0
154366,1790782301562,0.11007,0.15213,0.02254,0.05280,0.01322,0.04391,0.03243,0.02920,0.36394,0.06409,0.09226,0.02340,0.11966,0.10354,0.01221,0.04249,0.01096,0.02899,0.01833,0.03257,0.42767,0.07462,0.10480,0.02415,-56.04,4.367,-1,0.0000,-1.00,0.0000,0
154459,1790782301642,0.08493,0.12895,0.03651,0.06021,0.01271,0.03771,0.02866,0.03793,0.39872,0.03655,0.09303,0.04409,0.09417,0.06189,0.03520,0.05109,0.00562,0.02651,0.02199,0.03856,0.46723,0.04309,0.10622,0.04843,-56.46,4.785,-1,0.0000,-1.00,0.0000,0
154552,1790782301739,0.05531,0.14387,0.09113,0.07932,0.01363,0.05042,0.02652,0.04439,0.35956,0.05097,0.06151,0.02336,0.05940,0.09052,0.09738,0.08235,0.01126,0.04871,0.01383,0.03389,0.41380,0.05957,0.06405,0.02525,-57.29,4.315,-1,0.0000,-1.00,0.0000,0
154644,1790782301818,0.04260,0.06542,0.10127,0.10891,0.02024,0.04265,0.06096,0.04770,0.28361,0.08640,0.10295,0.03731,0.04024,0.01617,0.10145,0.10774,0.01750,0.04325,0.05673,0.05015,0.31817,0.10037,0.11478,0.03345,-56.95,3.403,-1,0.0000,-1.00,0.0000,0
154737,1790782301920,0.07526,0.09680,0.03401,0.09850,0.02059,0.02930,0.02828,0.06379,0.35377,0.03796,0.11282,0.04890,0.07629,0.03558,0.03229,0.09201,0.01401,0.02009,0.02675,0.07012,0.40567,0.04271,0.13121,0.05329,-56.38,4.245,-1,0.0000,-1.00,0.0000,0
154830,1790782302044,0.05298,0.07205,0.04171,0.11230,0.03892,0.03793,0.01644,0.07409,0.29359,0.03386,0.16498,0.06115,0.04788,0.02045,0.04318,0.09679,0.03278,0.03596,0.01564,0.08022,0.33237,0.03431,0.19055,0.06986,-56.26,3.523,-1,0.0000,-1.00,0.0000,0
154923,1790782302119,0.23236,0.06829,0.01416,0.08469,0.02141,0.06619,0.01716,0.06361,0.28929,0.03417,0.05439,0.05429,0.26351,0.01681,0.00936,0.08964,0.01288,0.02762,0.01723,0.07436,0.32886,0.03839,0.05970,0.06164,-56.09,3.471,-1,0.0000,-1.00,0.0000,0
155016,1790782302220,0.23424,0.06454,0.00921,0.11809,0.01009,0.04945,0.01591,0.08629,0.32507,0.02439,0.04468,0.01804,0.26066,0.00549,0.00556,0.13118,0.00860,0.00758,0.01797,0.10230,0.36340,0.02764,0.05203,0.01760,-55.32,3.901,-1,0.0000,-1.00,0.0000,0
155109,1790782302300,0.13475,0.05783,0.01916,0.08181,0.01497,0.04299,0.02667,0.15857,0.26471,0.06100,0.10790,0.02965,0.12339,0.01006,0.00892,0.07349,0.01147,0.02765,0.02996,0.18823,0.30261,0.07082,0.12380,0.02959,-54.51,3.176,-1,0.0000,-1.00,0.0000,0
155202,1790782302401,0.21475,0.04283,0.01496,0.03421,0.00701,0.03291,0.01387,0.31753,0.21242,0.03521,0.05965,0.01467,0.18222,0.00197,0.00974,0.02695,0.00554,0.00331,0.01595,0.37883,0.24900,0.04128,0.07081,0.01441,-54.13,3.810,-1,0.0000,-1.00,0.0000,0
155295,1790782302480,0.20687,0.04081,0.01327,0.07284,0.01572,0.03881,0.02323,0.25714,0.19499,0.04439,0.06321,0.02872,0.18750,0.00544,0.00588,0.07263,0.01316,0.00933,0.02665,0.30705,0.21924,0.05059,0.07389,0.02863,-54.10,3.086,-1,0.0000,-1.00,0.0000,0
155387,1790782302580,0.18944,0.03840,0.01142,0.08429,0.01746,0.03204,0.01232,0.29378,0.18885,0.03713,0.07134,0.02355,0.15675,0.00514,0.00548,0.08434,0.01587,0.00732,0.01374,0.35093,0.20957,0.04134,0.08403,0.02549,-54.58,3.525,-1,0.0000,-1.00,0.0000,0
155480,1790782302679,0.12786,0.03622,0.02658,0.08039,0.02763,0.02807,0.03870,0.15281,0.18842,0.10417,0.15220,0.03696,0.11642,0.00205,0.00789,0.06062,0.02533,0.01135,0.04596,0.18154,0.21267,0.12089,0.18012,0.03517,-55.10,2.261,-1,0.0000,-1.00,0.0000,0
155573,1790782302759,0.09370,0.01727,0.01231,0.08921,0.01747,0.01028,0.02054,0.32286,0.08462,0.02823,0.27846,0.02507,0.03938,0.00239,0.00851,0.04093,0.01661,0.00451,0.02409,0.38522,0.09234,0.03147,0.33276,0.02179,-54.91,3.874,-1,0.0000,-1.00,0.0000,0
155666,1790782302860,0.14380,0.01888,0.01149,0.06512,0.01536,0.01820,0.03562,0.41784,0.10172,0.02845,0.12699,0.01652,0.07166,0.00203,0.00764,0.04817,0.01614,0.00760,0.04219,0.49925,0.11233,0.03090,0.15066,0.01143,-55.06,5.014,-1,0.0000,-1.00,0.0000,0
155759,1790782302942,0.14156,0.02460,0.01839,0.04799,0.01856,0.07839,0.06916,0.24213,0.12301,0.04480,0.13265,0.05876,0.11164,0.00232,0.01184,0.02881,0.01152,0.07180,0.08242,0.28778,0.14168,0.05140,0.14471,0.05407,-55.67,2.906,-1,0.0000,-1.00,0.0000,0
155852,1790782303040,0.05667,0.01562,0.01811,0.11264,0.02202,0.07861,0.03331,0.06312,0.08361,0.03001,0.43562,0.05066,0.05292,0.00122,0.01475,0.03478,0.01591,0.08371,0.03954,0.07284,0.09104,0.03505,0.50538,0.05287,-55.95,5.227,-1,0.0000,-1.00,0.0000,0
155945,1790782303120,0.06915,0.02044,0.01369,0.12673,0.03809,0.05284,0.04977,0.09919,0.08598,0.05739,0.32178,0.06496,0.05945,0.00715,0.00400,0.07744,0.03250,0.05153,0.05822,0.11806,0.08745,0.06255,0.37535,0.06629,-56.31,3.861,-1,0.0000,-1.00,0.0000,0
156038,1790782303220,0.13856,0.03705,0.03998,0.08170,0.09596,0.04505,0.02580,0.10394,0.16773,0.06146,0.16991,0.03286,0.14328,0.00685,0.03757,0.05854,0.10843,0.02558,0.02906,0.11760,0.18938,0.05215,0.19853,0.03304,-56.90,2.039,-1,0.0000,-1.00,0.0000,0
156130,1790782303340,0.10103,0.05334,0.01938,0.11480,0.03558,0.03791,0.03047,0.07276,0.25953,0.04127,0.19402,0.03991,0.11228,0.00602,0.01461,0.09248,0.03347,0.02581,0.03528,0.08434,0.29203,0.04343,0.22737,0.03289,-57.06,3.114,-1,0.0000,-1.00,0.0000,0
156223,1790782303420,0.19056,0.03231,0.01477,0.13331,0.04509,0.05210,0.01796,0.07310,0.16946,0.05323,0.17840,0.03971,0.21123,0.00434,0.00664,0.11817,0.04561,0.02055,0.02044,0.08650,0.17859,0.05577,0.20970,0.04246,-56.71,2.287,-1,0.0000,-1.00,0.0000,0
156316,1790782303524,0.11195,0.04338,0.03110,0.12106,0.05027,0.05988,0.03625,0.07596,0.23507,0.08380,0.11804,0.03325,0.11316,0.00564,0.01933,0.11897,0.05394,0.04956,0.04232,0.08719,0.25736,0.09044,0.13161,0.03048,-56.90,2.821,-1,0.0000,-1.00,0.0000,0
156409,1790782303600,0.07860,0.05565,0.03270,0.19187,0.02035,0.04037,0.03777,0.05244,0.26794,0.04352,0.13994,0.03884,0.08150,0.01219,0.02945,0.19799,0.01532,0.03374,0.04275,0.05709,0.28181,0.04911,0.16099,0.03807,-57.12,3.215,-1,0.0000,-1.00,0.0000,0
156502,1790782303699,0.05457,0.05970,0.03954,0.13768,0.01843,0.02920,0.03459,0.03864,0.30419,0.03878,0.20698,0.03770,0.05734,0.00420,0.03873,0.11674,0.01471,0.02362,0.04028,0.03895,0.34129,0.04362,0.24333,0.03719,-57.66,3.650,-1,0.0000,-1.00,0.0000,0
156595,1790782303782,0.03777,0.07932,0.01781,0.12704,0.01598,0.02209,0.02750,0.05149,0.39731,0.03105,0.16972,0.02291,0.03283,0.00580,0.01455,0.11270,0.01494,0.01996,0.03041,0.06021,0.45369,0.03428,0.19941,0.02122,-57.80,4.768,-1,0.0000,-1.00,0.0000,0
156688,1790782303879,0.06516,0.04862,0.08711,0.19391,0.02534,0.02407,0.03575,0.06661,0.26024,0.02599,0.14329,0.02389,0.06386,0.00467,0.09882,0.19895,0.02588,0.01618,0.03041,0.07173,0.27034,0.02807,0.16849,0.02260,-57.39,3.123,-1,0.0000,-1.00,0.0000,0
156781,1790782303989,0.04042,0.03623,0.02129,0.35289,0.01972,0.01266,0.04320,0.07910,0.22644,0.02055,0.12157,0.02592,0.02965,0.00636,0.02125,0.39436,0.01876,0.01006,0.05050,0.09057,0.19259,0.02147,0.14368,0.02075,-56.66,4.235,-1,0.0000,-1.00,0.0000,0
156874,1790782304063,0.17708,0.03607,0.04747,0.10650,0.01420,0.04351,0.03264,0.08389,0.18089,0.03153,0.21102,0.03519,0.19421,0.00334,0.04977,0.07802,0.01017,0.01363,0.03845,0.09066,0.20115,0.03590,0.25016,0.03455,-55.35,2.532,-1,0.0000,-1.00,0.0000,0
156966,1790782304159,0.15279,0.03604,0.04821,0.13177,0.01857,0.03452,0.01223,0.05336,0.18851,0.05848,0.20188,0.06364,0.17176,0.00308,0.04418,0.11022,0.00768,0.00732,0.01394,0.05529,0.20404,0.06855,0.24045,0.07349,-54.87,2.423,-1,0.0000,-1.00,0.0000,0
157059,1790782304241,0.04938,0.04838,0.01133,0.11903,0.03657,0.07537,0.01329,0.04424,0.13391,0.04366,0.31069,0.11415,0.04878,0.02902,0.00388,0.07199,0.01710,0.08064,0.01015,0.05227,0.14618,0.04892,0.35630,0.13477,-55.59,3.728,-1,0.0000,-1.00,0.0000,0
157152,1790782304339,0.04072,0.08464,0.03815,0.07442,0.03044,0.05176,0.02731,0.06012,0.15958,0.06889,0.27154,0.09245,0.03542,0.06498,0.02994,0.02683,0.01532,0.05500,0.01962,0.06632,0.18583,0.07957,0.31447,0.10670,-56.17,3.259,-1,0.0000,-1.00,0.0000,0
157245,1790782304420,0.07054,0.06648,0.04638,0.09454,0.02483,0.03654,0.02263,0.05418,0.25032,0.07414,0.19916,0.06027,0.07294,0.02292,0.03849,0.06716,0.01546,0.03014,0.02147,0.05839,0.28620,0.08620,0.23266,0.06796,-56.68,3.004,-1,0.0000,-1.00,0.0000,0
157338,1790782304520,0.14995,0.06235,0.07072,0.06560,0.02279,0.04384,0.03749,0.05896,0.25167,0.08871,0.10331,0.04461,0.16812,0.01717,0.06439,0.05482,0.01834,0.01921,0.04152,0.05788,0.29069,0.10266,0.11998,0.04522,-56.46,3.020,-1,0.0000,-1.00,0.0000,0
157431,1790782304641,0.13530,0.06049,0.06702,0.13518,0.01854,0.03984,0.02129,0.11034,0.21472,0.03514,0.12302,0.03912,0.14027,0.02704,0.07250,0.13354,0.01408,0.01993,0.02015,0.11784,0.23074,0.03939,0.14345,0.04107,-56.28,2.577,-1,0.0000,-1.00,0.0000,0
157524,1790782304720,0.15677,0.04502,0.00955,0.20755,0.03991,0.04159,0.02449,0.11017,0.20162,0.02955,0.08468,0.04908,0.16140,0.01560,0.00579,0.22929,0.03691,0.01811,0.02593,0.13119,0.19567,0.02856,0.09788,0.05368,-56.81,2.491,-1,0.0000,-1.00,0.0000,0
157617,1790782304819,0.06553,0.05928,0.06811,0.15036,0.03212,0.02575,0.02725,0.06457,0.30379,0.04257,0.12448,0.03617,0.06417,0.00659,0.07272,0.15131,0.03111,0.01813,0.03087,0.06342,0.33402,0.04485,0.14557,0.03722,-57.10,3.646,-1,0.0000,-1.00,0.0000,0
157709,1790782304899,0.09193,0.04398,0.05355,0.16077,0.02757,0.04362,0.01792,0.06163,0.20256,0.05000,0.19310,0.05336,0.09740,0.01055,0.05312,0.14807,0.02111,0.03296,0.01910,0.06360,0.21337,0.05573,0.22484,0.06015,-56.89,2.431,-1,0.0000,-1.00,0.0000,0
157802,1790782305001,0.11661,0.03354,0.01055,0.19332,0.01663,0.04028,0.02300,0.08958,0.11590,0.02477,0.29145,0.04439,0.11798,0.01973,0.00711,0.16339,0.01028,0.02488,0.02293,0.10664,0.10623,0.02790,0.34430,0.04864,-55.91,3.497,-1,0.0000,-1.00,0.0000,0
157895,1790782305080,0.16192,0.01756,0.02917,0.08907,0.01762,0.04721,0.02476,0.11891,0.09010,0.05202,0.30356,0.04810,0.16633,0.00133,0.02302,0.03555,0.01084,0.02359,0.02914,0.13818,0.10091,0.06018,0.35906,0.05186,-55.33,3.643,-1,0.0000,-1.00,0.0000,0
157988,1790782305180,0.17049,0.06849,0.01573,0.05351,0.04880,0.05254,0.02406,0.07305,0.21917,0.04643,0.14213,0.08559,0.18827,0.03128,0.00932,0.03136,0.03922,0.02563,0.02188,0.08642,0.25616,0.04810,0.16523,0.09711,-56.04,2.630,-1,0.0000,-1.00,0.0000,0
158081,1790782305280,0.07780,0.05860,0.04348,0.09966,0.01951,0.05571,0.02353,0.04480,0.19758,0.03792,0.30798,0.03342,0.08311,0.02641,0.04364,0.04824,0.01634,0.05028,0.02276,0.04523,0.22668,0.04270,0.35907,0.03553,-57.17,3.696,-1,0.0000,-1.00,0.0000,0
158174,1790782305359,0.11441,0.04202,0.01712,0.10685,0.02669,0.06266,0.01178,0.05439,0.17832,0.02815,0.27320,0.08440,0.12528,0.01134,0.01426,0.06511,0.01265,0.05025,0.01174,0.06247,0.20042,0.03156,0.31740,0.09752,-56.53,3.278,-1,0.0000,-1.00,0.0000,0
158267,1790782305477,0.23396,0.04345,0.05809,0.07424,0.02618,0.05553,0.05411,0.07073,0.17710,0.05034,0.09002,0.06626,0.26513,0.01339,0.05834,0.06813,0.01807,0.01398,0.06218,0.07318,0.19858,0.05686,0.10509,0.06707,-55.52,2.807,-1,0.0000,-1.00,0.0000,0
158360,1790782305540,0.31619,0.05064,0.06270,0.02743,0.01428,0.08548,0.01438,0.10507,0.19591,0.04329,0.06077,0.02387,0.35832,0.01492,0.06531,0.01969,0.01178,0.03198,0.01408,0.11314,0.23084,0.04954,0.06647,0.02393,-55.46,3.794,-1,0.0000,-1.00,0.0000,0
158452,1790782305640,0.23124,0.03520,0.07501,0.08165,0.01591,0.07579,0.02118,0.12919,0.16113,0.04294,0.07495,0.05582,0.25133,0.00711,0.07996,0.08164,0.00711,0.04099,0.02315,0.13977,0.17689,0.05004,0.08168,0.06034,-55.70,2.775,-1,0.0000,-1.00,0.0000,0
158545,1790782305719,0.10627,0.03800,0.04780,0.21448,0.01666,0.03249,0.03393,0.12289,0.16167,0.01691,0.17092,0.03798,0.10304,0.01575,0.05368,0.21713,0.01283,0.01865,0.03753,0.13662,0.15024,0.01815,0.20111,0.03528,-55.38,2.574,-1,0.0000,-1.00,0.0000,0
158638,1790782305839,0.09918,0.06808,0.01792,0.11813,0.02091,0.03332,0.03060,0.12619,0.25413,0.02691,0.12966,0.07498,0.08947,0.02560,0.01542,0.11162,0.00848,0.02219,0.03159,0.14815,0.28238,0.03056,0.15096,0.08358,-55.22,3.050,-1,0.0000,-1.00,0.0000,0
158731,1790782305942,0.13584,0.04427,0.04638,0.03587,0.02786,0.03648,0.01592,0.19594,0.23157,0.02125,0.08444,0.12419,0.11727,0.00377,0.05073,0.02373,0.00537,0.02046,0.01817,0.22488,0.27278,0.02440,0.09713,0.14131,-54.74,2.779,-1,0.0000,-1.00,0.0000,0
158824,1790782306021,0.09927,0.01821,0.07066,0.05130,0.04047,0.02764,0.02491,0.25457,0.09083,0.02277,0.12680,0.17257,0.06085,0.00218,0.07958,0.03218,0.00863,0.02106,0.02886,0.28982,0.10235,0.02567,0.14776,0.20106,-54.78,3.055,-1,0.0000,-1.00,0.0000,0
158917,1790782306121,0.16083,0.01624,0.09817,0.05472,0.01990,0.05211,0.01438,0.26641,0.07092,0.04080,0.14065,0.06486,0.13343,0.00393,0.10829,0.03359,0.00865,0.03637,0.01513,0.29908,0.07832,0.04717,0.16132,0.07472,-55.58,3.197,-1,0.0000,-1.00,0.0000,0
159010,1790782306198,0.11151,0.01080,0.09571,0.10147,0.03023,0.03109,0.07924,0.24019,0.05854,0.02319,0.16771,0.05033,0.07894,0.00261,0.11026,0.08259,0.02765,0.02160,0.08619,0.27419,0.05377,0.02231,0.19667,0.04322,-55.33,2.882,-1,0.0000,-1.00,0.0000,0
159103,1790782306300,0.07661,0.03256,0.13231,0.07418,0.01475,0.02798,0.01155,0.17144,0.14341,0.02383,0.26084,0.03054,0.05709,0.00604,0.15331,0.02780,0.01091,0.02221,0.01264,0.17503,0.16633,0.02639,0.30815,0.03409,-55.04,3.130,-1,0.0000,-1.00,0.0000,0
159196,1790782306378,0.05271,0.01958,0.10898,0.08559,0.01008,0.01765,0.00961,0.22005,0.09660,0.02126,0.33047,0.02742,0.01486,0.00244,0.12576,0.02477,0.00599,0.01820,0.01087,0.23890,0.11080,0.02434,0.39238,0.03070,-54.79,3.966,-1,0.0000,-1.00,0.0000,0
159288,1790782306479,0.04586,0.02238,0.10041,0.11479,0.01625,0.02687,0.01188,0.23005,0.11764,0.02089,0.24923,0.04375,0.01592,0.00200,0.11582,0.07948,0.01181,0.02904,0.01384,0.25270,0.12520,0.02269,0.29288,0.03861,-54.93,2.991,-1,0.0000,-1.00,0.0000,0
159381,1790782306580,0.06470,0.01190,0.16897,0.06225,0.01720,0.01829,0.02599,0.28931,0.05634,0.02701,0.20326,0.05478,0.01538,0.00244,0.19639,0.02705,0.00868,0.01886,0.02743,0.31095,0.06215,0.03065,0.23981,0.06021,-55.47,3.472,-1,0.0000,-1.00,0.0000,0
159474,1790782306659,0.05878,0.01142,0.14511,0.08655,0.01433,0.03023,0.02543,0.27432,0.05391,0.02862,0.23390,0.03740,0.00891,0.00497,0.16745,0.04950,0.00928,0.03446,0.02543,0.29956,0.05478,0.03245,0.27344,0.03977,-55.14,3.292,-1,0.0000,-1.00,0.0000,0
159567,1790782306762,0.04348,0.01651,0.14941,0.10586,0.02274,0.04859,0.01627,0.20794,0.07601,0.01922,0.22443,0.06954,0.00951,0.00470,0.17492,0.07575,0.01144,0.05633,0.01822,0.21482,0.07606,0.02076,0.25775,0.07972,-54.95,2.693,-1,0.0000,-1.00,0.0000,0
159660,1790782306838,0.04974,0.01226,0.04971,0.14189,0.01859,0.05247,0.05573,0.19578,0.06634,0.03169,0.26221,0.06358,0.01514,0.00326,0.05242,0.11009,0.00977,0.05987,0.06606,0.22427,0.05767,0.03604,0.30232,0.06308,-55.01,3.147,-1,0.0000,-1.00,0.0000,0
159753,1790782306942,0.06623,0.01049,0.12543,0.16419,0.01952,0.03012,0.01467,0.22993,0.06613,0.03161,0.20926,0.03243,0.02978,0.00329,0.14343,0.14821,0.01635,0.03018,0.01693,0.24707,0.04986,0.03463,0.24476,0.03551,-55.29,2.759,-1,0.0000,-1.00,0.0000,0
159846,1790782307020,0.06681,0.01083,0.11947,0.16318,0.03813,0.02838,0.01204,0.23802,0.07043,0.02498,0.16843,0.05930,0.02896,0.00241,0.13848,0.15663,0.03215,0.02827,0.01395,0.25775,0.05335,0.02356,0.19621,0.06829,-55.32,2.856,-1,0.0000,-1.00,0.0000,0
159939,1790782307140,0.06424,0.01601,0.20916,0.10334,0.01575,0.03738,0.02585,0.30575,0.08902,0.02048,0.07454,0.03848,0.01395,0.00228,0.24618,0.10777,0.01091,0.04202,0.03017,0.31791,0.08530,0.02238,0.08099,0.04013,-55.29,3.669,-1,0.0000,-1.00,0.0000,0
160031,1790782307239,0.06953,0.02164,0.08373,0.10619,0.01885,0.10613,0.03362,0.24374,0.11132,0.05173,0.11689,0.03665,0.02834,0.00407,0.08864,0.10426,0.01542,0.12155,0.03919,0.27477,0.11272,0.05893,0.11596,0.03615,-56.11,2.925,-1,0.0000,-1.00,0.0000,0
160124,1790782307320,0.04146,0.01616,0.08395,0.20875,0.02564,0.09782,0.02241,0.11201,0.09813,0.05940,0.20040,0.03386,0.02653,0.00454,0.08729,0.20693,0.02375,0.11196,0.02553,0.11734,0.07595,0.06708,0.21794,0.03517,-56.79,2.505,-1,0.0000,-1.00,0.0000,0
160217,1790782307420,0.05216,0.02836,0.05415,0.15139,0.02749,0.05746,0.03850,0.11377,0.13620,0.05512,0.24610,0.03932,0.03719,0.00709,0.05261,0.12535,0.02536,0.06148,0.04473,0.12590,0.13745,0.06191,0.28270,0.03825,-57.18,2.953,-1,0.0000,-1.00,0.0000,0
160310,1790782307500,0.07338,0.03126,0.02935,0.12583,0.01745,0.06537,0.04035,0.17429,0.16206,0.03146,0.21466,0.03454,0.04616,0.00431,0.02827,0.10250,0.01454,0.06917,0.04674,0.20398,0.17387,0.03481,0.24350,0.03212,-57.12,2.576,-1,0.0000,-1.00,0.0000,0
160403,1790782307603,0.06669,0.03449,0.04168,0.16092,0.02264,0.07211,0.02145,0.14730,0.19383,0.05285,0.15718,0.02886,0.04635,0.00152,0.03822,0.15852,0.02125,0.07721,0.02505,0.16928,0.20083,0.05912,0.17303,0.02961,-56.73,2.326,-1,0.0000,-1.00,0.0000,0
160496,1790782307680,0.05263,0.04806,0.05256,0.14797,0.02701,0.05283,0.03959,0.07359,0.24346,0.06563,0.16532,0.03135,0.04742,0.00527,0.04844,0.14015,0.02673,0.05391,0.04604,0.07893,0.26394,0.07334,0.18741,0.02844,-56.95,2.921,-1,0.0000,-1.00,0.0000,0
160589,1790782307780,0.04123,0.05944,0.05961,0.13640,0.01061,0.02494,0.02644,0.11289,0.24535,0.03521,0.22653,0.02135,0.02758,0.01729,0.06343,0.11059,0.00925,0.02441,0.02826,0.12270,0.27207,0.04036,0.26660,0.01748,-57.56,2.944,-1,0.0000,-1.00,0.0000,0
160682,1790782307880,0.07063,0.04318,0.02713,0.14661,0.01936,0.05061,0.03141,0.10567,0.20190,0.04828,0.23245,0.02277,0.06036,0.00859,0.02179,0.12237,0.01920,0.04868,0.03583,0.12241,0.21766,0.05404,0.26888,0.02018,-57.85,2.789,-1,0.0000,-1.00,0.0000,0
160774,1790782307976,0.07355,0.04452,0.02891,0.12787,0.02621,0.11330,0.01646,0.11658,0.18999,0.05036,0.18778,0.02445,0.06133,0.01286,0.02354,0.11347,0.02626,0.12361,0.01701,0.13518,0.20427,0.05603,0.20050,0.02593,-57.36,2.280,-1,0.0000,-1.00,0.0000,0
160867,1790782308062,0.04155,0.07265,0.02498,0.13822,0.01934,0.05953,0.02649,0.05689,0.36215,0.04882,0.11577,0.03363,0.03685,0.00681,0.01887,0.14064,0.01638,0.06402,0.03039,0.06442,0.40552,0.05578,0.12603,0.03428,-56.86,4.346,-1,0.0000,-1.00,0.0000,0
160960,1790782308140,0.04029,0.05677,0.11135,0.09427,0.01231,0.03134,0.03208,0.07180,0.25736,0.05995,0.19573,0.03676,0.03578,0.00955,0.11946,0.06767,0.00726,0.03063,0.03588,0.06302,0.29496,0.07039,0.22846,0.03693,-57.29,3.088,-1,0.0000,-1.00,0.0000,0
161053,1790782308240,0.03923,0.03700,0.06565,0.16356,0.01945,0.05805,0.02925,0.08905,0.17679,0.05871,0.23078,0.03246,0.02816,0.00828,0.06536,0.14368,0.01691,0.06398,0.03341,0.09375,0.18323,0.06711,0.26385,0.03227,-57.71,2.769,-1,0.0000,-1.00,0.0000,0
161146,1790782308320,0.03117,0.05659,0.03577,0.11359,0.02182,0.04256,0.06450,0.09473,0.25154,0.08422,0.14816,0.05534,0.01501,0.01283,0.02348,0.10280,0.01593,0.04803,0.07464,0.10896,0.28103,0.09776,0.16801,0.05152,-56.90,3.018,-1,0.0000,-1.00,0.0000,0
161239,1790782308442,0.05323,0.04564,0.07082,0.07992,0.02058,0.03608,0.05780,0.10120,0.17556,0.12725,0.18879,0.04313,0.04185,0.01504,0.05531,0.05230,0.01701,0.03493,0.06594,0.11063,0.19999,0.14910,0.21929,0.03861,-56.03,2.265,-1,0.0000,-1.00,0.0000,0
161332,1790782308541,0.07311,0.03523,0.07750,0.09776,0.05311,0.04051,0.06679,0.10620,0.11560,0.17130,0.09330,0.06958,0.06422,0.01855,0.05414,0.09639,0.05005,0.03581,0.07488,0.11799,0.11941,0.19534,0.10470,0.06853,-55.47,2.056,-1,0.0000,-1.00,0.0000,0
161425,1790782308622,0.04309,0.01644,0.29945,0.06218,0.05107,0.02171,0.03513,0.19408,0.06787,0.08024,0.07780,0.05094,0.01819,0.00683,0.34127,0.05691,0.05065,0.02241,0.03970,0.16594,0.06768,0.08847,0.08878,0.05317,-55.23,3.593,-1,0.0000,-1.00,0.0000,0
161518,1790782308720,0.05649,0.04273,0.07069,0.20273,0.03348,0.07255,0.00978,0.12224,0.24049,0.07251,0.05267,0.02362,0.03691,0.00771,0.06885,0.23354,0.03491,0.07962,0.01019,0.13283,0.24187,0.07997,0.04733,0.02628,-54.63,2.886,-1,0.0000,-1.00,0.0000,0
161610,1790782308799,0.08178,0.05967,0.03466,0.19792,0.02161,0.07566,0.02749,0.07334,0.26744,0.07227,0.06551,0.02263,0.07898,0.02036,0.02523,0.22455,0.02185,0.07500,0.02891,0.08288,0.27595,0.08227,0.06363,0.02040,-55.24,3.209,-1,0.0000,-1.00,0.0000,0
161703,1790782308898,0.09215,0.05201,0.03403,0.22288,0.02201,0.03555,0.05056,0.07781,0.22841,0.03384,0.12269,0.02808,0.09323,0.01745,0.03360,0.23887,0.02194,0.02412,0.05697,0.08672,0.22633,0.03619,0.14223,0.02236,-56.24,2.741,-1,0.0000,-1.00,0.0000,0
161796,1790782308979,0.10836,0.02198,0.05854,0.16535,0.01818,0.02216,0.02940,0.38840,0.10948,0.01803,0.04156,0.01854,0.04020,0.00782,0.06654,0.18899,0.01871,0.01858,0.03368,0.45220,0.09343,0.01818,0.04612,0.01554,-55.18,4.661,-1,0.0000,-1.00,0.0000,0
161889,1790782309082,0.10359,0.01554,0.13759,0.07227,0.01319,0.02929,0.02841,0.41433,0.06949,0.01680,0.07206,0.02744,0.03205,0.00489,0.16129,0.07061,0.01058,0.02874,0.03308,0.46450,0.06927,0.01803,0.08065,0.02632,-54.87,4.972,-1,0.0000,-1.00,0.0000,0
161982,1790782309182,0.08664,0.02562,0.16034,0.06510,0.03322,0.05070,0.01894,0.34034,0.10094,0.02373,0.04381,0.05061,0.04055,0.00946,0.18770,0.06967,0.03063,0.05271,0.02068,0.37074,0.10714,0.02236,0.04205,0.04631,-55.11,4.084,-1,0.0000,-1.00,0.0000,0
162075,1790782309259,0.11729,0.01780,0.09064,0.04029,0.02314,0.11205,0.03974,0.32082,0.07594,0.05763,0.06288,0.04177,0.06809,0.00497,0.09551,0.03809,0.01963,0.12076,0.04663,0.36549,0.08253,0.06608,0.05141,0.04081,-55.03,3.850,-1,0.0000,-1.00,0.0000,0
162168,1790782309362,0.09149,0.01371,0.05349,0.03088,0.06398,0.07754,0.01521,0.23054,0.05830,0.04565,0.04307,0.27613,0.05686,0.00390,0.05356,0.02999,0.01154,0.08183,0.01687,0.26621,0.06316,0.05317,0.03539,0.32753,-54.91,3.314,-1,0.0000,-1.00,0.0000,0
162261,1790782309444,0.12578,0.02128,0.04032,0.03685,0.02859,0.13093,0.04956,0.23921,0.04884,0.11757,0.07957,0.08150,0.09443,0.01540,0.02106,0.03068,0.01711,0.13817,0.05633,0.28246,0.05244,0.13749,0.06795,0.08649,-55.61,2.871,-1,0.0000,-1.00,0.0000,0
162353,1790782309540,0.08241,0.03608,0.02155,0.06180,0.02921,0.13970,0.03726,0.20730,0.12452,0.04467,0.10682,0.10867,0.04733,0.01867,0.01556,0.05490,0.01053,0.15827,0.04094,0.24532,0.13797,0.05179,0.09662,0.12209,-56.48,2.488,-1,0.0000,-1.00,0.0000,0
162446,1790782309621,0.10860,0.05605,0.02463,0.06543,0.01936,0.12742,0.03040,0.14936,0.21055,0.06664,0.09097,0.05058,0.09510,0.01959,0.01417,0.06205,0.01244,0.13382,0.03199,0.17671,0.23999,0.07739,0.08248,0.05427,-56.56,2.527,-1,0.0000,-1.00,0.0000,0
162539,1790782309739,0.20754,0.05720,0.03169,0.03207,0.02020,0.12714,0.02041,0.09169,0.22187,0.06269,0.07537,0.05214,0.22718,0.01826,0.02346,0.02475,0.01278,0.10730,0.02083,0.10521,0.26030,0.07323,0.06904,0.05766,-56.26,2.662,-1,0.0000,-1.00,0.0000,0
162632,1790782309841,0.16151,0.07623,0.01612,0.08499,0.01404,0.09603,0.04671,0.06837,0.29666,0.03131,0.06774,0.04030,0.17255,0.02957,0.01224,0.08892,0.00921,0.08086,0.05001,0.07960,0.33784,0.03569,0.06514,0.03837,-56.29,3.560,-1,0.0000,-1.00,0.0000,0
162725,1790782309920,0.08440,0.08216,0.02355,0.08301,0.01118,0.06007,0.02466,0.15973,0.32715,0.03753,0.07189,0.03468,0.06396,0.02414,0.01947,0.08472,0.00602,0.05941,0.02476,0.18753,0.37482,0.04416,0.07436,0.03664,-56.63,3.926,-1,0.0000,-1.00,0.0000,0
162818,1790782310018,0.14144,0.09314,0.02330,0.08953,0.02047,0.05390,0.03119,0.16335,0.21245,0.04773,0.09462,0.02889,0.13027,0.06562,0.01731,0.08632,0.01862,0.03876,0.02436,0.19230,0.23746,0.05350,0.10570,0.02978,-56.69,2.549,-1,0.0000,-1.00,0.0000,0
162911,1790782310101,0.07538,0.11402,0.01662,0.05651,0.02325,0.07275,0.03762,0.05989,0.26905,0.03737,0.16841,0.06913,0.07098,0.07955,0.01153,0.03058,0.01260,0.07310,0.02843,0.07035,0.31633,0.04227,0.18731,0.07695,-57.19,3.229,-1,0.0000,-1.00,0.0000,0
163004,1790782310202,0.06304,0.08486,0.01532,0.12257,0.02083,0.06701,0.06130,0.12271,0.17348,0.03460,0.18569,0.04860,0.04681,0.06467,0.01071,0.10555,0.01580,0.07101,0.06064,0.14491,0.18670,0.03858,0.20842,0.04621,-57.75,2.228,-1,0.0000,-1.00,0.0000,0
163096,1790782310279,0.05246,0.11332,0.01991,0.17472,0.01879,0.04144,0.04129,0.08150,0.30684,0.04780,0.07145,0.03049,0.04177,0.07294,0.01297,0.19401,0.01665,0.04138,0.03501,0.09509,0.32830,0.05488,0.07741,0.02959,-56.57,3.682,-1,0.0000,-1.00,0.0000,0
163189,1790782310381,0.02269,0.11938,0.02656,0.06630,0.01052,0.05385,0.02644,0.02728,0.53262,0.03828,0.05536,0.02072,0.02028,0.02056,0.02307,0.06868,0.00876,0.06050,0.02760,0.02812,0.62459,0.04413,0.05434,0.01936,-55.24,6.391,-1,0.0000,-1.00,0.0000,0
163282,1790782310480,0.02604,0.09343,0.00855,0.27207,0.01633,0.04987,0.02149,0.02937,0.39652,0.03034,0.03737,0.01862,0.02377,0.03170,0.00367,0.31929,0.01606,0.05504,0.01947,0.03446,0.41183,0.03317,0.03386,0.01767,-54.95,4.758,-1,0.0000,-1.00,0.0000,0
163375,1790782310561,0.02477,0.10931,0.01390,0.13908,0.06655,0.04410,0.01395,0.01909,0.50104,0.02894,0.02733,0.01195,0.02542,0.02069,0.01060,0.16204,0.07740,0.04781,0.01261,0.02078,0.55705,0.03053,0.02327,0.01181,-54.95,6.012,-1,0.0000,-1.00,0.0000,0
163468,1790782310661,0.03336,0.10485,0.01497,0.14529,0.01619,0.04281,0.01342,0.02904,0.50869,0.04563,0.02703,0.01873,0.03372,0.01147,0.00772,0.16943,0.01556,0.04461,0.01381,0.03326,0.57594,0.05159,0.02354,0.01937,-55.14,6.104,-1,0.0000,-1.00,0.0000,0
163561,1790782310741,0.02057,0.07673,0.12308,0.19382,0.01383,0.03050,0.02258,0.07442,0.36029,0.02823,0.03098,0.02497,0.01174,0.01603,0.14123,0.22622,0.01158,0.03422,0.02388,0.06118,0.38686,0.03153,0.03034,0.02519,-55.81,4.323,-1,0.0000,-1.00,0.0000,0
163654,1790782310840,0.02887,0.10816,0.04725,0.17079,0.01166,0.07495,0.02493,0.04111,0.38842,0.04134,0.03830,0.02423,0.02552,0.04625,0.04711,0.19887,0.00901,0.08475,0.02015,0.04047,0.42580,0.04795,0.02910,0.02503,-56.71,4.661,-1,0.0000,-1.00,0.0000,0
163747,1790782310920,0.01629,0.12975,0.01956,0.15387,0.00924,0.03996,0.02158,0.02755,0.46540,0.06522,0.04053,0.01104,0.01326,0.05186,0.00830,0.17652,0.00906,0.04525,0.01537,0.03158,0.52267,0.07635,0.03960,0.01018,-57.33,5.585,-1,0.0000,-1.00,0.0000,0
163839,1790782311042,0.02257,0.11536,0.02482,0.15879,0.01970,0.05596,0.03195,0.04099,0.38732,0.08176,0.03709,0.02370,0.01762,0.05396,0.01063,0.18399,0.01827,0.06435,0.02758,0.04701,0.42558,0.09638,0.03168,0.02294,-57.14,4.648,-1,0.0000,-1.00,0.0000,0
163932,1790782311140,0.02461,0.11577,0.03327,0.16361,0.00980,0.10323,0.02631,0.05897,0.34043,0.03961,0.05248,0.03191,0.01669,0.06525,0.03064,0.18832,0.00462,0.12066,0.01859,0.06459,0.37059,0.04655,0.03896,0.03455,-57.02,4.085,-1,0.0000,-1.00,0.0000,0
164025,1790782311220,0.03591,0.09583,0.03711,0.13892,0.01976,0.06427,0.08322,0.07301,0.25584,0.06857,0.08245,0.04510,0.02681,0.05994,0.02883,0.14970,0.01642,0.07170,0.08780,0.08180,0.27688,0.07891,0.08458,0.03664,-56.84,3.070,-1,0.0000,-1.00,0.0000,0
164118,1790782311321,0.04316,0.02214,0.03194,0.19270,0.01227,0.04748,0.02128,0.14877,0.10762,0.04114,0.29565,0.03585,0.01750,0.00738,0.02877,0.16277,0.00713,0.05342,0.02398,0.17261,0.09662,0.04794,0.34367,0.03820,-55.88,3.548,-1,0.0000,-1.00,0.0000,0
164211,1790782311400,0.06096,0.04689,0.02566,0.07911,0.02568,0.11910,0.02567,0.10636,0.20911,0.07869,0.10565,0.11713,0.04711,0.01060,0.01221,0.07494,0.00407,0.13337,0.02865,0.12503,0.23571,0.09349,0.10015,0.13467,-56.05,2.509,-1,0.0000,-1.00,0.0000,0
164304,1790782311500,0.07116,0.06820,0.02264,0.08103,0.01595,0.15835,0.04688,0.04962,0.26508,0.08667,0.09135,0.04307,0.07375,0.02199,0.00697,0.08228,0.01092,0.17512,0.05181,0.05807,0.30131,0.10170,0.07475,0.04134,-56.86,3.181,-1,0.0000,-1.00,0.0000,0
164397,1790782311580,0.02329,0.08884,0.02074,0.09510,0.01517,0.06587,0.05871,0.05399,0.37003,0.07254,0.08294,0.05278,0.01249,0.02528,0.00793,0.09726,0.00804,0.07662,0.06534,0.06312,0.42410,0.08533,0.08419,0.05029,-56.88,4.440,-1,0.0000,-1.00,0.0000,0
164490,1790782311683,0.03719,0.07827,0.04650,0.10954,0.01803,0.06874,0.05494,0.02237,0.24793,0.14966,0.12295,0.04388,0.04006,0.03902,0.02069,0.10499,0.01305,0.07484,0.05809,0.02271,0.27627,0.17674,0.13249,0.04106,-56.58,2.975,-1,0.0000,-1.00,0.0000,0
164583,1790782311781,0.07175,0.08692,0.05874,0.07066,0.02281,0.05832,0.02098,0.03331,0.22918,0.24622,0.06751,0.03360,0.07855,0.05249,0.01264,0.07080,0.01892,0.05532,0.01474,0.03741,0.26058,0.29128,0.06993,0.03733,-55.76,2.955,-1,0.0000,-1.00,0.0000,0
164675,1790782311860,0.05763,0.08513,0.05021,0.06693,0.01821,0.10884,0.01576,0.02772,0.27768,0.18292,0.08320,0.02577,0.06362,0.03899,0.01695,0.06508,0.01591,0.11812,0.01116,0.02986,0.31786,0.21799,0.07627,0.02820,-55.82,3.332,-1,0.0000,-1.00,0.0000,0
164768,1790782311981,0.06908,0.08071,0.03201,0.21555,0.01631,0.04266,0.02353,0.02631,0.31084,0.09814,0.05602,0.02883,0.07425,0.03636,0.01558,0.24640,0.01370,0.03640,0.02098,0.02844,0.32362,0.11487,0.05991,0.02949,-56.43,3.730,-1,0.0000,-1.00,0.0000,0
164861,1790782312039,0.04543,0.10750,0.03290,0.04533,0.09348,0.03456,0.04129,0.06628,0.33518,0.09168,0.07126,0.03510,0.03509,0.05857,0.01825,0.03875,0.10516,0.03446,0.03787,0.07581,0.37610,0.10685,0.07855,0.03455,-56.75,4.022,-1,0.0000,-1.00,0.0000,0
164954,1790782312140,0.11194,0.04913,0.03691,0.12889,0.01766,0.07361,0.04452,0.08959,0.21943,0.10445,0.09230,0.03156,0.11051,0.01517,0.02001,0.13515,0.01503,0.06691,0.05034,0.10339,0.23614,0.12218,0.09733,0.02784,-56.47,2.633,-1,0.0000,-1.00,0.0000,0
165047,1790782312239,0.19460,0.03911,0.03550,0.20051,0.01254,0.07411,0.03756,0.09030,0.17486,0.05618,0.05000,0.03474,0.21220,0.01507,0.02952,0.23021,0.00843,0.04673,0.04201,0.10234,0.16389,0.06565,0.05064,0.03330,-56.03,2.406,-1,0.0000,-1.00,0.0000,0
165140,1790782312339,0.11535,0.04262,0.07176,0.13111,0.03538,0.07116,0.03989,0.07388,0.17385,0.11209,0.07448,0.05844,0.12304,0.01534,0.06054,0.14181,0.03027,0.06087,0.04468,0.07661,0.18020,0.12831,0.07718,0.06117,-56.64,2.086,-1,0.0000,-1.00,0.0000,0
165233,1790782312441,0.08175,0.06212,0.07182,0.13631,0.01946,0.04246,0.02656,0.17251,0.23046,0.04217,0.06069,0.05370,0.05731,0.02828,0.07650,0.15046,0.01159,0.03951,0.02622,0.19154,0.24632,0.04823,0.06489,0.05914,-56.94,2.766,-1,0.0000,-1.00,0.0000,0
165326,1790782312520,0.11000,0.08390,0.03824,0.10124,0.02832,0.05511,0.03816,0.11068,0.28796,0.03183,0.07294,0.04161,0.10691,0.03663,0.03893,0.10574,0.02554,0.04484,0.03775,0.12562,0.32238,0.03478,0.07851,0.04238,-57.03,3.456,-1,0.0000,-1.00,0.0000,0
165418,1790782312622,0.15070,0.06279,0.04441,0.14586,0.01395,0.07500,0.04722,0.14498,0.17298,0.03535,0.07685,0.02990,0.14644,0.04288,0.04527,0.15891,0.01170,0.06084,0.04772,0.16510,0.17577,0.04004,0.08002,0.02529,-57.11,2.076,-1,0.0000,-1.00,0.0000,0
165511,1790782312699,0.14031,0.08088,0.01972,0.18820,0.01785,0.06521,0.02159,0.18179,0.15979,0.03082,0.05858,0.03527,0.12654,0.06914,0.01683,0.21370,0.01337,0.05371,0.01217,0.21450,0.14910,0.03428,0.05954,0.03712,-56.94,2.258,-1,0.0000,-1.00,0.0000,0
165604,1790782312800,0.16107,0.07538,0.00793,0.07184,0.01042,0.10907,0.02124,0.16321,0.27542,0.02600,0.05197,0.02645,0.15371,0.02862,0.00357,0.07770,0.00639,0.10081,0.01978,0.19486,0.31462,0.02989,0.04229,0.02777,-56.66,3.305,-1,0.0000,-1.00,0.0000,0
165697,1790782312879,0.15822,0.08306,0.01886,0.12479,0.01416,0.09668,0.02958,0.03861,0.30215,0.06271,0.04027,0.03090,0.18108,0.03414,0.00788,0.14311,0.01093,0.07995,0.02860,0.04479,0.33240,0.07425,0.03240,0.03048,-56.79,3.626,-1,0.0000,-1.00,0.0000,0
165790,1790782312981,0.10926,0.07815,0.02765,0.12485,0.02226,0.10704,0.03950,0.03781,0.19786,0.09277,0.09079,0.07208,0.12235,0.05184,0.01149,0.13214,0.01032,0.10468,0.03689,0.04319,0.21089,0.10912,0.08804,0.07905,-56.87,2.374,-1,0.0000,-1.00,0.0000,0
165883,1790782313080,0.06427,0.03172,0.05522,0.05504,0.01668,0.22606,0.03807,0.03144,0.09487,0.23254,0.11481,0.03927,0.06883,0.01897,0.01142,0.04879,0.01239,0.25723,0.04182,0.03544,0.10400,0.27618,0.08657,0.03835,-56.41,2.790,-1,0.0000,-1.00,0.0000,0
165976,1790782313161,0.04754,0.09304,0.02190,0.08634,0.02578,0.10527,0.04826,0.04807,0.22547,0.07728,0.12435,0.09670,0.04534,0.06155,0.00827,0.07853,0.00971,0.11714,0.04563,0.05596,0.25460,0.09068,0.12578,0.10683,-56.71,2.706,-1,0.0000,-1.00,0.0000,0
166069,1790782313260,0.12323,0.07133,0.02400,0.05562,0.01655,0.10033,0.03479,0.05126,0.28557,0.09710,0.07395,0.06626,0.13571,0.01974,0.00588,0.05275,0.00557,0.09332,0.03778,0.06026,0.33156,0.11541,0.07011,0.07191,-56.71,3.427,-1,0.0000,-1.00,0.0000,0
166162,1790782313340,0.35117,0.04561,0.02042,0.03647,0.01403,0.11345,0.05406,0.01735,0.17005,0.08819,0.04682,0.04239,0.41676,0.01580,0.00385,0.03467,0.00918,0.05332,0.06164,0.02003,0.19670,0.10404,0.04553,0.03848,-56.53,4.214,-1,0.0000,-1.00,0.0000,0
166254,1790782313442,0.15578,0.06785,0.03069,0.08769,0.00880,0.08647,0.01986,0.07403,0.27682,0.11071,0.06474,0.01657,0.16739,0.02136,0.01069,0.09247,0.00720,0.07059,0.01953,0.08662,0.31300,0.13159,0.06357,0.01599,-56.46,3.322,-1,0.0000,-1.00,0.0000,0
166347,1790782313541,0.16986,0.06468,0.03337,0.05146,0.02769,0.09286,0.04643,0.10098,0.17457,0.14809,0.05034,0.03967,0.17899,0.03914,0.00565,0.05270,0.02539,0.07606,0.04783,0.11993,0.19792,0.17322,0.04524,0.03795,-56.56,2.095,-1,0.0000,-1.00,0.0000,0
166440,1790782313641,0.08808,0.05744,0.02137,0.08548,0.03356,0.05219,0.02890,0.05979,0.25570,0.07840,0.12490,0.11419,0.08689,0.01588,0.00750,0.07454,0.01434,0.04531,0.03141,0.07023,0.29138,0.09133,0.14067,0.13051,-56.88,3.068,-1,0.0000,-1.00,0.0000,0
166533,1790782313739,0.04689,0.04880,0.02443,0.06683,0.05124,0.06283,0.03836,0.11304,0.23939,0.02451,0.04771,0.23597,0.02793,0.00683,0.02361,0.07149,0.00709,0.06974,0.04442,0.13097,0.27208,0.02856,0.04334,0.27394,-57.27,2.873,-1,0.0000,-1.00,0.0000,0
166626,1790782313820,0.08003,0.04672,0.01583,0.09280,0.02393,0.11710,0.03357,0.11561,0.21292,0.06969,0.09090,0.10090,0.06723,0.01042,0.00266,0.09459,0.00620,0.12699,0.03816,0.13800,0.23638,0.08227,0.08375,0.11334,-57.64,2.555,-1,0.0000,-1.00,0.0000,0
166719,1790782313919,0.07124,0.07136,0.03169,0.04642,0.04847,0.12407,0.08718,0.07813,0.14840,0.06944,0.11466,0.10893,0.06770,0.05162,0.02285,0.03371,0.03590,0.13525,0.09423,0.08909,0.17092,0.07631,0.11058,0.11184,-57.00,1.781,-1,0.0000,-1.00,0.0000,0
166812,1790782314002,0.11445,0.05920,0.03474,0.03663,0.02909,0.07653,0.13822,0.08907,0.18498,0.07684,0.07622,0.08402,0.11693,0.02812,0.02421,0.02848,0.02119,0.06852,0.16005,0.10193,0.21601,0.08787,0.07775,0.06895,-56.21,2.220,-1,0.0000,-1.00,0.0000,0
166905,1790782314101,0.10976,0.10079,0.02225,0.03641,0.04337,0.10292,0.04742,0.04594,0.27957,0.07599,0.05964,0.07594,0.12100,0.05568,0.01001,0.03336,0.03573,0.09934,0.04578,0.05306,0.32837,0.08398,0.05177,0.08192,-56.22,3.355,-1,0.0000,-1.00,0.0000,0
166997,1790782314180,0.16410,0.09397,0.03682,0.04949,0.02762,0.08651,0.05423,0.05094,0.14081,0.14316,0.09242,0.05993,0.18496,0.08074,0.01091,0.03998,0.02079,0.06699,0.04898,0.05888,0.16074,0.16748,0.09746,0.06210,-56.41,1.969,-1,0.0000,-1.00,0.0000,0
167090,1790782314279,0.31610,0.05134,0.02326,0.04319,0.02857,0.12041,0.03255,0.02416,0.16857,0.08625,0.04478,0.06082,0.37382,0.02321,0.00805,0.04403,0.01711,0.07430,0.03440,0.02735,0.19325,0.09996,0.03893,0.06559,-56.28,3.793,-1,0.0000,-1.00,0.0000,0
167183,1790782314379,0.21235,0.09509,0.02083,0.07269,0.04117,0.07153,0.02761,0.03262,0.25895,0.07125,0.04975,0.04614,0.24646,0.05604,0.00894,0.07737,0.02301,0.05307,0.02184,0.03746,0.29495,0.08082,0.04910,0.05096,-56.64,3.107,-1,0.0000,-1.00,0.0000,0
167276,1790782314479,0.05300,0.10306,0.01359,0.07930,0.01697,0.06230,0.02681,0.06031,0.42066,0.03841,0.08769,0.03789,0.04898,0.02709,0.00761,0.07678,0.01141,0.06592,0.02676,0.07076,0.48884,0.04377,0.09200,0.04009,-57.29,5.048,-1,0.0000,-1.00,0.0000,0
167369,1790782314563,0.06219,0.11878,0.01547,0.05950,0.01632,0.07150,0.04676,0.05261,0.38276,0.05171,0.08392,0.03847,0.06229,0.05357,0.00664,0.05431,0.01044,0.07510,0.04541,0.06173,0.44772,0.06004,0.08567,0.03709,-57.44,4.593,-1,0.0000,-1.00,0.0000,0
167462,1790782314643,0.09695,0.09655,0.02710,0.06538,0.02048,0.14002,0.02946,0.03763,0.23043,0.08152,0.12364,0.05086,0.10772,0.06311,0.01355,0.05480,0.01133,0.14844,0.02261,0.04258,0.26525,0.09543,0.11872,0.05646,-57.82,2.765,-1,0.0000,-1.00,0.0000,0
167555,1790782314740,0.07770,0.09224,0.02153,0.07022,0.02857,0.14135,0.03077,0.06591,0.28179,0.05925,0.06889,0.06177,0.07672,0.04769,0.01250,0.07387,0.01976,0.15505,0.02730,0.07662,0.32300,0.06708,0.05181,0.06860,-57.59,3.381,-1,0.0000,-1.00,0.0000,0
167648,1790782314839,0.07082,0.07030,0.07378,0.05453,0.02090,0.04015,0.04324,0.17210,0.24253,0.05251,0.08967,0.06946,0.04339,0.03035,0.07633,0.04559,0.01001,0.03951,0.03742,0.19946,0.28157,0.06094,0.09961,0.07582,-56.68,2.910,-1,0.0000,-1.00,0.0000,0
167740,1790782314942,0.06427,0.07211,0.04983,0.06828,0.02567,0.04996,0.04213,0.12058,0.21049,0.04163,0.15801,0.09705,0.04966,0.03888,0.05014,0.04625,0.00937,0.05002,0.04237,0.13494,0.24281,0.04826,0.17942,0.10789,-56.49,2.526,-1,0.0000,-1.00,0.0000,0
167833,1790782315041,0.07236,0.07069,0.01790,0.12229,0.01689,0.09209,0.08540,0.04915,0.23564,0.03125,0.13314,0.07320,0.07559,0.03340,0.01428,0.11865,0.00662,0.09536,0.09571,0.05606,0.25883,0.03614,0.14063,0.06874,-56.82,2.828,-1,0.0000,-1.00,0.0000,0
167926,1790782315120,0.04618,0.09037,0.02042,0.16858,0.02149,0.09214,0.04315,0.08041,0.21303,0.04268,0.11732,0.06423,0.03440,0.06710,0.01481,0.17820,0.01200,0.10358,0.03840,0.09342,0.21993,0.04876,0.12005,0.06935,-57.69,2.556,-1,0.0000,-1.00,0.0000,0
168019,1790782315219,0.03710,0.09673,0.03587,0.10018,0.03455,0.06906,0.02840,0.06229,0.28914,0.05418,0.12082,0.07169,0.03309,0.05093,0.03110,0.09436,0.02513,0.07680,0.02374,0.06867,0.32775,0.05994,0.12955,0.07894,-57.91,3.470,-1,0.0000,-1.00,0.0000,0
168112,1790782315300,0.03617,0.07874,0.05396,0.14041,0.02592,0.05947,0.03264,0.06280,0.23461,0.06302,0.17265,0.03961,0.02899,0.04528,0.05045,0.12981,0.02283,0.06551,0.03013,0.06525,0.25467,0.07171,0.19389,0.04149,-56.58,2.815,-1,0.0000,-1.00,0.0000,0
168205,1790782315400,0.03965,0.06107,0.02983,0.13269,0.01048,0.05263,0.02312,0.04581,0.28378,0.08625,0.19899,0.03571,0.03399,0.01334,0.01546,0.11395,0.00503,0.05633,0.02430,0.05258,0.31745,0.10235,0.22727,0.03797,-55.79,3.405,-1,0.0000,-1.00,0.0000,0
168298,1790782315479,0.02993,0.07946,0.04707,0.11143,0.02302,0.08736,0.02250,0.03439,0.28021,0.08409,0.14333,0.05721,0.02886,0.03306,0.03695,0.10336,0.01479,0.09896,0.02040,0.03388,0.31498,0.09812,0.15212,0.06451,-56.42,3.363,-1,0.0000,-1.00,0.0000,0
168391,1790782315580,0.02739,0.05514,0.05436,0.07972,0.02078,0.12209,0.01899,0.05019,0.23845,0.07908,0.18831,0.06549,0.02073,0.01424,0.04676,0.05638,0.01025,0.14218,0.01849,0.05231,0.27454,0.09273,0.19746,0.07392,-57.38,2.861,-1,0.0000,-1.00,0.0000,0
168483,1790782315679,0.02714,0.05275,0.02571,0.10233,0.02642,0.09240,0.03824,0.04028,0.19149,0.05414,0.25335,0.09576,0.02226,0.02177,0.01819,0.06661,0.01051,0.10631,0.04073,0.04544,0.21534,0.06369,0.28250,0.10667,-57.09,3.040,-1,0.0000,-1.00,0.0000,0
168576,1790782315761,0.09070,0.04718,0.09816,0.10945,0.02542,0.05162,0.02915,0.11392,0.19814,0.04451,0.12480,0.06695,0.08577,0.01355,0.10765,0.10326,0.01580,0.04485,0.03186,0.11555,0.21684,0.05031,0.14065,0.07391,-56.32,2.378,-1,0.0000,-1.00,0.0000,0
168669,1790782315859,0.12013,0.05477,0.04473,0.09588,0.02990,0.05398,0.01036,0.05260,0.27802,0.05501,0.17136,0.03326,0.13308,0.00256,0.04164,0.07569,0.02839,0.03830,0.01183,0.05485,0.31813,0.06029,0.19774,0.03751,-56.12,3.336,-1,0.0000,-1.00,0.0000,0
168762,1790782315942,0.14029,0.04345,0.01917,0.15816,0.01702,0.05909,0.01879,0.07938,0.18803,0.04574,0.19241,0.03847,0.14973,0.01311,0.01258,0.14543,0.01198,0.04118,0.01988,0.09265,0.19648,0.05243,0.22239,0.04215,-55.82,2.309,-1,0.0000,-1.00,0.0000,0
168855,1790782316040,0.09231,0.02434,0.01856,0.34966,0.01895,0.04919,0.01289,0.06258,0.16340,0.02351,0.15627,0.02832,0.09606,0.00574,0.01729,0.38343,0.01652,0.03990,0.01394,0.07193,0.11971,0.02498,0.17933,0.03117,-55.96,4.196,-1,0.0000,-1.00,0.0000,0
168948,1790782316141,0.07597,0.05866,0.06542,0.12610,0.12779,0.09599,0.04360,0.06970,0.13875,0.06317,0.10728,0.02756,0.07710,0.04289,0.06874,0.12954,0.14828,0.09974,0.04334,0.07029,0.13823,0.04864,0.10877,0.02444,-56.34,1.665,-1,0.0000,-1.00,0.0000,0
169041,1790782316240,0.05977,0.02965,0.19543,0.06986,0.02021,0.18172,0.07271,0.08604,0.06393,0.02478,0.14506,0.05085,0.06112,0.02266,0.22883,0.05733,0.01557,0.20563,0.08246,0.05791,0.06493,0.02691,0.13306,0.04360,-56.25,2.345,-1,0.0000,-1.00,0.0000,0
169134,1790782316339,0.10458,0.01857,0.02518,0.15934,0.02260,0.23556,0.09797,0.07136,0.09305,0.01501,0.11240,0.04437,0.10917,0.00749,0.02711,0.17448,0.02086,0.26083,0.11547,0.08057,0.07532,0.01544,0.08298,0.03028,-55.60,2.827,-1,0.0000,-1.00,0.0000,0
169227,1790782316419,0.16348,0.00822,0.01911,0.06509,0.01234,0.04108,0.03106,0.55832,0.03858,0.02113,0.02633,0.01525,0.06396,0.00357,0.01838,0.07318,0.01259,0.03655,0.03635,0.66551,0.03172,0.02282,0.02431,0.01107,-54.45,6.700,-1,0.0000,-1.00,0.0000,0
169319,1790782316521,0.25240,0.01450,0.01212,0.05928,0.01502,0.11251,0.03855,0.31490,0.05100,0.01518,0.08338,0.03115,0.22807,0.00741,0.01141,0.05475,0.01236,0.08960,0.04465,0.37514,0.05026,0.01573,0.08215,0.02847,-55.00,3.779,-1,0.0000,-1.00,0.0000,0
169412,1790782316599,0.05987,0.08177,0.01848,0.10842,0.02028,0.03938,0.05085,0.08569,0.41375,0.01887,0.05990,0.04275,0.05637,0.00430,0.01835,0.11710,0.01735,0.03601,0.05831,0.10081,0.47255,0.01917,0.06463,0.03505,-55.84,4.965,-1,0.0000,-1.00,0.0000,0
169505,1790782316699,0.11230,0.07709,0.01506,0.05999,0.01870,0.02750,0.01524,0.18253,0.39069,0.02647,0.05498,0.01945,0.09348,0.00191,0.01245,0.05943,0.01761,0.01565,0.01679,0.21733,0.45636,0.02823,0.06278,0.01798,-55.58,4.688,-1,0.0000,-1.00,0.0000,0
169598,1790782316779,0.16567,0.03148,0.01646,0.04715,0.01757,0.02768,0.02722,0.39296,0.15378,0.04812,0.04904,0.02288,0.10481,0.00364,0.00896,0.04534,0.01686,0.01239,0.03164,0.46934,0.17527,0.05431,0.05631,0.02114,-55.34,4.715,-1,0.0000,-1.00,0.0000,0
169691,1790782316880,0.18036,0.03092,0.02274,0.03224,0.01364,0.03001,0.03156,0.37502,0.13321,0.06520,0.05847,0.02662,0.12726,0.00640,0.01221,0.02516,0.01141,0.01073,0.03526,0.44823,0.15463,0.07586,0.06794,0.02491,-54.92,4.500,-1,0.0000,-1.00,0.0000,0
169784,1790782316980,0.16978,0.02517,0.02365,0.04400,0.02018,0.03116,0.02673,0.31279,0.12215,0.09699,0.09913,0.02827,0.12923,0.00254,0.00580,0.02964,0.01868,0.01172,0.03087,0.37430,0.13930,0.11370,0.11646,0.02776,-54.91,3.753,-1,0.0000,-1.00,0.0000,0
169877,1790782317062,0.11626,0.03037,0.01869,0.10031,0.02190,0.02227,0.03308,0.16771,0.15437,0.07491,0.23040,0.02973,0.09943,0.00259,0.00532,0.06574,0.02071,0.00697,0.03880,0.20022,0.17145,0.08614,0.27469,0.02793,-55.24,2.765,-1,0.0000,-1.00,0.0000,0
169970,1790782317160,0.15757,0.03196,0.01941,0.09102,0.02393,0.02857,0.03626,0.13632,0.16520,0.07450,0.21448,0.02077,0.15743,0.00176,0.00605,0.05833,0.02331,0.00530,0.04269,0.16256,0.18427,0.08677,0.25595,0.01558,-55.72,2.574,-1,0.0000,-1.00,0.0000,0
170062,1790782317239,0.11455,0.04405,0.02046,0.08111,0.03133,0.03517,0.03976,0.08549,0.19454,0.05053,0.21376,0.08925,0.11954,0.00900,0.01325,0.04714,0.01866,0.01845,0.04488,0.10078,0.22376,0.05685,0.25248,0.09521,-55.75,2.565,-1,0.0000,-1.00,0.0000,0
170155,1790782317358,0.11353,0.02853,0.01093,0.12034,0.03208,0.04501,0.03955,0.07415,0.15063,0.03211,0.32479,0.02834,0.11687,0.00288,0.00678,0.06825,0.03354,0.03076,0.04664,0.08768,0.16696,0.03183,0.38308,0.02472,-56.29,3.898,-1,0.0000,-1.00,0.0000,0
170248,1790782317442,0.13854,0.03382,0.01569,0.08773,0.04818,0.04544,0.03282,0.09572,0.15775,0.04727,0.23682,0.06021,0.14343,0.00605,0.00917,0.05006,0.04075,0.03037,0.03813,0.11288,0.17904,0.04862,0.27775,0.06377,-56.84,2.842,-1,0.0000,-1.00,0.0000,0
170341,1790782317542,0.14272,0.03598,0.01887,0.11828,0.03656,0.05419,0.06708,0.06525,0.17076,0.03038,0.18917,0.07076,0.15560,0.00669,0.01657,0.09813,0.03004,0.03409,0.07763,0.07632,0.18516,0.03045,0.21992,0.06940,-56.73,2.270,-1,0.0000,-1.00,0.0000,0
170434,1790782317639,0.15054,0.03775,0.04124,0.09842,0.04362,0.03803,0.03323,0.07317,0.18450,0.06249,0.19806,0.03896,0.16469,0.00434,0.03632,0.07139,0.04461,0.01292,0.03858,0.08084,0.20693,0.06603,0.23476,0.03858,-57.12,2.377,-1,0.0000,-1.00,0.0000,0
170527,1790782317722,0.14566,0.02362,0.01707,0.11224,0.04820,0.04688,0.03777,0.09180,0.12388,0.04565,0.25112,0.05611,0.15286,0.00197,0.01132,0.07586,0.04613,0.02587,0.04329,0.10933,0.13288,0.04608,0.29577,0.05865,-57.38,3.013,-1,0.0000,-1.00,0.0000,0
170620,1790782317819,0.08802,0.03602,0.02091,0.12489,0.02326,0.03104,0.02118,0.13656,0.19398,0.05938,0.23320,0.03155,0.07251,0.00156,0.01179,0.09515,0.02132,0.02282,0.02387,0.16249,0.21357,0.06692,0.27491,0.03307,-57.18,2.798,-1,0.0000,-1.00,0.0000,0
170713,1790782317899,0.09294,0.05773,0.00872,0.07973,0.02839,0.04122,0.04364,0.12537,0.28901,0.02833,0.14609,0.05883,0.08176,0.00297,0.00459,0.06214,0.02207,0.03319,0.05170,0.14931,0.33398,0.02958,0.16848,0.06024,-56.47,3.468,-1,0.0000,-1.00,0.0000,0
170805,1790782318004,0.12548,0.04601,0.01649,0.12969,0.04099,0.04774,0.01531,0.09372,0.24183,0.03583,0.17519,0.03173,0.12647,0.00440,0.01284,0.11505,0.04226,0.03213,0.01747,0.10975,0.26662,0.03489,0.20355,0.03456,-56.37,2.902,-1,0.0000,-1.00,0.0000,0
170898,1790782318081,0.06630,0.05020,0.01033,0.18419,0.02141,0.05703,0.02534,0.07614,0.26180,0.01932,0.18887,0.03908,0.06168,0.00496,0.00848,0.17804,0.01752,0.05610,0.02935,0.08958,0.27841,0.01967,0.21519,0.04100,-56.86,3.142,-1,0.0000,-1.00,0.0000,0
170991,1790782318180,0.05614,0.05257,0.01255,0.14533,0.01931,0.05108,0.02740,0.09899,0.23539,0.04744,0.22767,0.02613,0.04259,0.01369,0.00448,0.12214,0.01821,0.05276,0.03006,0.11778,0.25784,0.05323,0.26235,0.02487,-57.32,2.825,-1,0.0000,-1.00,0.0000,0
171084,1790782318279,0.06555,0.03376,0.00976,0.20988,0.01827,0.06053,0.02943,0.08423,0.16132,0.02614,0.27891,0.02222,0.05799,0.01019,0.00619,0.18763,0.01789,0.06103,0.03268,0.10026,0.15611,0.02777,0.32211,0.02014,-57.32,3.347,-1,0.0000,-1.00,0.0000,0
171177,1790782318359,0.11195,0.03690,0.04243,0.07159,0.03334,0.03223,0.06128,0.10156,0.20609,0.04319,0.12855,0.13089,0.10546,0.00363,0.04104,0.05595,0.01171,0.01771,0.07270,0.11356,0.23586,0.04943,0.15052,0.14243,-56.25,2.473,-1,0.0000,-1.00,0.0000,0
171270,1790782318478,0.15635,0.04226,0.01724,0.08506,0.02396,0.04901,0.02654,0.11545,0.20022,0.06548,0.15723,0.06121,0.16015,0.00606,0.00571,0.06563,0.01546,0.02698,0.03060,0.13721,0.22690,0.07539,0.18305,0.06686,-55.24,2.403,-1,0.0000,-1.00,0.0000,0
171363,1790782318543,0.04758,0.04929,0.01505,0.13751,0.01481,0.03301,0.01756,0.05104,0.12005,0.05684,0.41840,0.03885,0.04531,0.03366,0.00486,0.06659,0.00922,0.03057,0.01436,0.06020,0.13049,0.06644,0.49528,0.04300,-55.22,5.021,-1,0.0000,-1.00,0.0000,0
171456,1790782318662,0.04082,0.11259,0.01346,0.12465,0.02066,0.03544,0.03422,0.02617,0.18607,0.03584,0.30938,0.06070,0.04260,0.09415,0.00805,0.07721,0.01105,0.03418,0.02234,0.02976,0.20765,0.04075,0.36393,0.06831,-55.99,3.713,-1,0.0000,-1.00,0.0000,0
171549,1790782318740,0.06890,0.11348,0.01516,0.15997,0.01764,0.04033,0.02788,0.05668,0.23902,0.04506,0.18043,0.03546,0.06941,0.08510,0.00799,0.15018,0.01337,0.03456,0.01653,0.06634,0.25663,0.05134,0.20934,0.03921,-56.71,2.868,-1,0.0000,-1.00,0.0000,0
171641,1790782318840,0.14204,0.06757,0.02578,0.09147,0.03805,0.05145,0.02602,0.06736,0.19670,0.05471,0.16009,0.07875,0.15260,0.03927,0.01899,0.07282,0.02777,0.03140,0.02249,0.07786,0.22125,0.06005,0.18560,0.08991,-56.44,2.360,-1,0.0000,-1.00,0.0000,0
171734,1790782318942,0.22160,0.04207,0.01793,0.12375,0.02255,0.05082,0.02088,0.07033,0.22702,0.04328,0.11336,0.04641,0.23989,0.01067,0.01187,0.12187,0.01689,0.01334,0.02290,0.08192,0.24787,0.04851,0.13319,0.05107,-55.01,2.724,-1,0.0000,-1.00,0.0000,0
171827,1790782319024,0.26262,0.04556,0.01639,0.05141,0.02964,0.05472,0.01558,0.09613,0.21980,0.05256,0.09091,0.06467,0.29013,0.00600,0.00798,0.04032,0.02084,0.00806,0.01747,0.11360,0.25538,0.05884,0.10734,0.07402,-55.14,3.151,-1,0.0000,-1.00,0.0000,0
171920,1790782319120,0.15614,0.03041,0.02263,0.14122,0.03055,0.04283,0.03463,0.07276,0.13674,0.08419,0.18771,0.06020,0.16999,0.00908,0.00799,0.12532,0.02386,0.01762,0.03969,0.08559,0.13866,0.09649,0.22142,0.06427,-56.96,2.252,-1,0.0000,-1.00,0.0000,0
172013,1790782319199,0.08739,0.04966,0.02044,0.17616,0.02979,0.03343,0.02601,0.08847,0.25712,0.05112,0.13468,0.04571,0.08449,0.00551,0.01329,0.18009,0.02405,0.02533,0.03007,0.10337,0.27239,0.05649,0.15636,0.04855,-57.66,3.085,-1,0.0000,-1.00,0.0000,0
172106,1790782319299,0.19348,0.03059,0.03363,0.13223,0.05188,0.07112,0.01845,0.04926,0.12703,0.04707,0.18086,0.06440,0.22208,0.01109,0.03096,0.11713,0.04717,0.04183,0.01990,0.05288,0.12895,0.04709,0.20842,0.07249,-56.67,2.322,-1,0.0000,-1.00,0.0000,0
172199,1790782319380,0.24641,0.03704,0.03547,0.08722,0.02338,0.05609,0.02185,0.05114,0.13942,0.02047,0.25428,0.02722,0.28177,0.01588,0.03852,0.04455,0.02245,0.01135,0.02304,0.05364,0.15823,0.02008,0.30244,0.02805,-55.64,3.051,-1,0.0000,-1.00,0.0000,0
172292,1790782319479,0.37688,0.03168,0.01318,0.06287,0.02301,0.08292,0.01697,0.06125,0.11861,0.03689,0.15395,0.02180,0.43735,0.01133,0.00793,0.03926,0.02310,0.01266,0.01809,0.07182,0.13434,0.03962,0.18196,0.02254,-55.42,4.523,-1,0.0000,-1.00,0.0000,0
172384,1790782319580,0.06389,0.12637,0.00929,0.10331,0.03278,0.03524,0.03416,0.05311,0.25666,0.03971,0.22606,0.01943,0.06368,0.09413,0.00310,0.07126,0.03563,0.02961,0.02211,0.06319,0.29341,0.04051,0.26501,0.01836,-55.04,3.080,-1,0.0000,-1.00,0.0000,0
172477,1790782319660,0.12865,0.14895,0.00524,0.08698,0.02514,0.05954,0.02365,0.03534,0.33204,0.01456,0.12695,0.01297,0.14592,0.10258,0.00390,0.07573,0.02736,0.04241,0.00800,0.04157,0.38285,0.01202,0.14370,0.01395,-54.68,3.984,-1,0.0000,-1.00,0.0000,0
172570,1790782319760,0.30571,0.04487,0.01326,0.12875,0.02553,0.06368,0.02743,0.13555,0.13662,0.01457,0.08274,0.02128,0.33201,0.02901,0.01347,0.13503,0.02656,0.01048,0.02589,0.16097,0.13690,0.01223,0.09707,0.02037,-55.23,3.668,-1,0.0000,-1.00,0.0000,0
172663,1790782319839,0.20371,0.02498,0.01119,0.09134,0.02394,0.03221,0.03733,0.32658,0.09519,0.01148,0.11790,0.02415,0.16686,0.01053,0.01160,0.08172,0.02323,0.00689,0.04205,0.38962,0.09786,0.00915,0.13990,0.02060,-56.28,3.919,-1,0.0000,-1.00,0.0000,0
172756,1790782319979,0.14726,0.02849,0.06986,0.12786,0.02245,0.03893,0.16209,0.13822,0.08853,0.01093,0.10340,0.06198,0.14680,0.01819,0.08189,0.12933,0.01966,0.01755,0.19046,0.14955,0.08044,0.00920,0.12042,0.03651,-56.56,1.945,-1,0.0000,-1.00,0.0000,0
172849,1790782320041,0.11739,0.03037,0.01335,0.20961,0.06423,0.03473,0.08672,0.05848,0.11167,0.05806,0.17014,0.04525,0.12627,0.01886,0.00494,0.21142,0.06957,0.01717,0.10018,0.06910,0.09189,0.05578,0.20047,0.03436,-56.58,2.515,-1,0.0000,-1.00,0.0000,0
172942,1790782320142,0.07525,0.04607,0.01694,0.15422,0.04137,0.06272,0.05972,0.06162,0.18839,0.02344,0.22110,0.04917,0.06612,0.02580,0.01625,0.13477,0.03880,0.06375,0.06644,0.07061,0.19902,0.02039,0.25229,0.04574,-56.22,2.653,-1,0.0000,-1.00,0.0000,0
173035,1790782320239,0.07276,0.05831,0.02052,0.10149,0.02407,0.02690,0.04302,0.17110,0.26024,0.03288,0.13357,0.05513,0.04699,0.01179,0.01730,0.09079,0.01763,0.02291,0.04805,0.20275,0.29295,0.03678,0.15551,0.05653,-55.20,3.123,-1,0.0000,-1.00,0.0000,0
173127,1790782320319,0.07317,0.05318,0.05143,0.06569,0.04020,0.03354,0.03710,0.13294,0.27065,0.01793,0.07489,0.14927,0.05837,0.00211,0.05769,0.06205,0.01444,0.02862,0.04404,0.14786,0.31077,0.01986,0.08407,0.17013,-54.78,3.248,-1,0.0000,-1.00,0.0000,0
173220,1790782320419,0.04924,0.03592,0.08565,0.17544,0.03536,0.03960,0.02400,0.15953,0.20798,0.01876,0.08173,0.08678,0.02495,0.00120,0.09908,0.19248,0.02287,0.04250,0.02827,0.17177,0.21105,0.01795,0.08951,0.09838,-55.01,2.496,-1,0.0000,-1.00,0.0000,0
173313,1790782320502,0.07561,0.02399,0.11704,0.06201,0.02763,0.02428,0.02074,0.33626,0.11246,0.02630,0.09472,0.07895,0.01365,0.00646,0.13457,0.05287,0.01451,0.02716,0.02352,0.37629,0.12428,0.02863,0.10812,0.08994,-55.33,4.035,-1,0.0000,-1.00,0.0000,0
173406,1790782320600,0.05518,0.01923,0.21767,0.06916,0.01699,0.02395,0.02180,0.24098,0.08928,0.01898,0.18732,0.03946,0.01896,0.00338,0.25679,0.03936,0.01199,0.02494,0.02545,0.23785,0.09918,0.02037,0.21951,0.04223,-55.39,2.892,-1,0.0000,-1.00,0.0000,0
173499,1790782320679,0.03526,0.02626,0.10326,0.08721,0.02182,0.01758,0.02316,0.14688,0.12527,0.02393,0.35496,0.03439,0.01203,0.00267,0.11866,0.02092,0.01905,0.01868,0.02723,0.15248,0.14527,0.02559,0.42163,0.03581,-55.23,4.260,-1,0.0000,-1.00,0.0000,0
173592,1790782320780,0.07468,0.01557,0.09584,0.11801,0.04315,0.03038,0.02611,0.23236,0.08138,0.02642,0.20635,0.04975,0.03844,0.00330,0.10988,0.09352,0.04105,0.02879,0.02974,0.25753,0.07746,0.02504,0.24155,0.05372,-55.75,2.788,-1,0.0000,-1.00,0.0000,0
173685,1790782320879,0.08581,0.01607,0.17051,0.05252,0.03220,0.04921,0.01049,0.28284,0.05701,0.01815,0.16048,0.06471,0.04518,0.00677,0.20095,0.02678,0.02398,0.05001,0.01123,0.29908,0.06301,0.01699,0.18237,0.07366,-55.55,3.394,-1,0.0000,-1.00,0.0000,0
173778,1790782320978,0.07473,0.02074,0.18054,0.06146,0.02662,0.03201,0.01215,0.26913,0.10330,0.01803,0.15475,0.04654,0.02973,0.00644,0.21279,0.03818,0.02089,0.03299,0.01328,0.28030,0.11581,0.01786,0.17889,0.05284,-54.98,3.230,-1,0.0000,-1.00,0.0000,0
173871,1790782321061,0.08012,0.02406,0.16391,0.09788,0.02018,0.02612,0.02548,0.24869,0.14597,0.03119,0.07830,0.05810,0.03792,0.00451,0.18945,0.09962,0.01154,0.02378,0.02964,0.26043,0.15516,0.03509,0.08911,0.06375,-54.90,2.984,-1,0.0000,-1.00,0.0000,0
173963,1790782321139,0.05262,0.01734,0.16636,0.13228,0.03360,0.04407,0.01282,0.19048,0.07675,0.02042,0.18861,0.06466,0.02422,0.00849,0.19536,0.11558,0.02544,0.04801,0.01368,0.18951,0.06839,0.02009,0.21648,0.07476,-54.90,2.286,-1,0.0000,-1.00,0.0000,0
174056,1790782321259,0.05055,0.02064,0.21923,0.11461,0.01820,0.02149,0.01744,0.23638,0.07799,0.01684,0.13886,0.06776,0.01442,0.01053,0.25894,0.10525,0.00645,0.02289,0.01882,0.23190,0.07259,0.01889,0.16185,0.07747,-55.35,2.837,-1,0.0000,-1.00,0.0000,0
174149,1790782321339,0.06669,0.01159,0.25041,0.07150,0.01432,0.01415,0.01609,0.34645,0.04833,0.02036,0.08489,0.05523,0.00913,0.00501,0.29540,0.06610,0.00473,0.01514,0.01777,0.35709,0.04480,0.02346,0.09871,0.06265,-55.53,4.157,-1,0.0000,-1.00,0.0000,0
174242,1790782321443,0.06363,0.01325,0.24477,0.06892,0.02159,0.02418,0.01361,0.31505,0.06741,0.01838,0.08041,0.06879,0.01277,0.00240,0.28933,0.06452,0.01015,0.02644,0.01580,0.32018,0.06799,0.02002,0.09111,0.07930,-55.92,3.781,-1,0.0000,-1.00,0.0000,0
174335,1790782321541,0.08468,0.02286,0.13441,0.10951,0.02182,0.04003,0.02143,0.27260,0.07781,0.03849,0.12917,0.04718,0.04271,0.01296,0.15250,0.10209,0.01585,0.03950,0.02311,0.29641,0.07281,0.04316,0.14695,0.05195,-56.07,3.271,-1,0.0000,-1.00,0.0000,0
174428,1790782321620,0.07043,0.02734,0.10015,0.22110,0.01929,0.05779,0.04394,0.07608,0.15196,0.09557,0.10686,0.02949,0.07008,0.00617,0.09800,0.24174,0.01775,0.05571,0.05093,0.07224,0.13417,0.11099,0.11700,0.02524,-56.14,2.653,-1,0.0000,-1.00,0.0000,0
174521,1790782321719,0.10059,0.02570,0.04099,0.20217,0.02601,0.03025,0.02171,0.11597,0.12891,0.01982,0.25477,0.03313,0.09477,0.00742,0.04524,0.18246,0.02313,0.01858,0.02454,0.12999,0.11789,0.01956,0.30159,0.03483,-56.87,3.057,-1,0.0000,-1.00,0.0000,0
174614,1790782321800,0.06644,0.04375,0.09178,0.11457,0.02787,0.05162,0.05926,0.09464,0.19331,0.03365,0.18370,0.03941,0.05870,0.01245,0.10302,0.09562,0.02667,0.05021,0.06698,0.09453,0.21260,0.03511,0.21016,0.03394,-57.16,2.320,-1,0.0000,-1.00,0.0000,0
174706,1790782321899,0.07257,0.05177,0.07455,0.12774,0.02797,0.03722,0.02527,0.11114,0.23152,0.02613,0.17607,0.03803,0.06405,0.01147,0.08413,0.11249,0.02562,0.03191,0.02587,0.11864,0.25508,0.02627,0.20465,0.03983,-57.49,2.778,-1,0.0000,-1.00,0.0000,0
174799,1790782321979,0.07536,0.04858,0.03976,0.14205,0.01869,0.04787,0.02085,0.13510,0.24546,0.02615,0.18229,0.01783,0.05967,0.00498,0.04217,0.12870,0.01906,0.04553,0.02303,0.15450,0.26851,0.02765,0.20940,0.01680,-57.80,2.946,-1,0.0000,-1.00,0.0000,0
174892,1790782322079,0.07009,0.04284,0.04859,0.12727,0.01954,0.04375,0.02485,0.18822,0.19781,0.04875,0.16872,0.01958,0.04106,0.00884,0.04742,0.11416,0.01985,0.04428,0.02760,0.21655,0.21439,0.05447,0.19338,0.01799,-57.22,2.374,-1,0.0000,-1.00,0.0000,0
174985,1790782322180,0.05426,0.03945,0.03257,0.18099,0.03697,0.02145,0.02449,0.13658,0.19109,0.05235,0.20068,0.02913,0.03368,0.00856,0.02809,0.16996,0.03802,0.01947,0.02764,0.15808,0.19527,0.05519,0.23661,0.02943,-57.17,2.408,-1,0.0000,-1.00,0.0000,0
175078,1790782322259,0.07007,0.03990,0.04347,0.15178,0.02497,0.03281,0.02341,0.07463,0.18840,0.02879,0.29304,0.02871,0.06662,0.00870,0.04620,0.11328,0.02409,0.02611,0.02509,0.08151,0.20329,0.02972,0.34596,0.02943,-57.27,3.517,-1,0.0000,-1.00,0.0000,0
175171,1790782322359,0.13626,0.05470,0.02962,0.11901,0.02756,0.04217,0.02053,0.07349,0.25016,0.03194,0.18734,0.02723,0.14795,0.01052,0.02899,0.09893,0.02774,0.02121,0.02197,0.08285,0.28014,0.03277,0.22027,0.02666,-57.67,3.002,-1,0.0000,-1.00,0.0000,0
175264,1790782322442,0.06416,0.03207,0.01928,0.21906,0.03861,0.06433,0.03819,0.08161,0.16480,0.03892,0.19842,0.04055,0.05766,0.00823,0.01537,0.21793,0.03836,0.06565,0.04393,0.09494,0.15427,0.03903,0.22474,0.03987,-57.55,2.629,-1,0.0000,-1.00,0.0000,0
175357,1790782322560,0.03995,0.03139,0.05300,0.18238,0.03225,0.02970,0.03143,0.04988,0.16455,0.02205,0.32778,0.03563,0.03793,0.00459,0.05943,0.14179,0.03134,0.02835,0.03676,0.04798,0.16871,0.02056,0.38714,0.03541,-57.40,3.933,-1,0.0000,-1.00,0.0000,0
175449,1790782322640,0.06823,0.04291,0.04264,0.15392,0.04758,0.02795,0.05046,0.10048,0.17962,0.03359,0.22311,0.02951,0.05945,0.01415,0.04514,0.13232,0.05150,0.02247,0.05757,0.11154,0.18900,0.03004,0.26288,0.02395,-57.56,2.677,-1,0.0000,-1.00,0.0000,0
175542,1790782322741,0.05912,0.04734,0.10964,0.11881,0.01908,0.03192,0.02184,0.08410,0.20277,0.04464,0.22495,0.03578,0.05555,0.01210,0.12137,0.09000,0.01528,0.02724,0.02335,0.07714,0.22513,0.05047,0.26414,0.03824,-56.70,2.699,-1,0.0000,-1.00,0.0000,0
175635,1790782322840,0.09618,0.04402,0.05319,0.08365,0.03281,0.04227,0.01999,0.07433,0.21715,0.13346,0.14424,0.05871,0.09888,0.00401,0.03286,0.06719,0.02628,0.03105,0.02315,0.08255,0.24584,0.15574,0.16668,0.06576,-55.96,2.606,-1,0.0000,-1.00,0.0000,0
175728,1790782322919,0.07784,0.02607,0.13859,0.12480,0.04736,0.04733,0.04384,0.11969,0.07497,0.04539,0.15952,0.09459,0.07044,0.01810,0.15671,0.11332,0.03614,0.04274,0.04720,0.11410,0.06737,0.04722,0.18267,0.10398,-55.01,1.914,-1,0.0000,-1.00,0.0000,0
175821,1790782323020,0.08650,0.03472,0.04858,0.13769,0.02992,0.08109,0.02500,0.25863,0.15429,0.02878,0.06207,0.05274,0.04464,0.01139,0.05221,0.15371,0.02454,0.08832,0.02708,0.30016,0.15379,0.03024,0.05687,0.05705,-54.10,3.104,-1,0.0000,-1.00,0.0000,0
175914,1790782323099,0.07375,0.06611,0.04322,0.15389,0.03562,0.05162,0.02965,0.08859,0.32729,0.03369,0.07295,0.02361,0.06895,0.00812,0.04523,0.16902,0.03683,0.04974,0.03315,0.09795,0.35867,0.03307,0.07755,0.02172,-54.95,3.928,-1,0.0000,-1.00,0.0000,0
176007,1790782323200,0.10807,0.05193,0.02928,0.06820,0.02110,0.05129,0.04966,0.17048,0.23142,0.04257,0.14426,0.03174,0.08833,0.01083,0.02575,0.04918,0.01999,0.04395,0.05719,0.19934,0.26754,0.04705,0.16415,0.02669,-56.81,2.777,-1,0.0000,-1.00,0.0000,0
176100,1790782323280,0.18265,0.03094,0.04310,0.08816,0.02235,0.05584,0.03294,0.19812,0.15148,0.04205,0.12370,0.02866,0.17170,0.00586,0.04239,0.07754,0.02145,0.03287,0.03755,0.22975,0.16557,0.04669,0.14171,0.02690,-56.07,2.377,-1,0.0000,-1.00,0.0000,0
176193,1790782323379,0.14522,0.01802,0.04696,0.05843,0.01799,0.03433,0.01615,0.43283,0.08960,0.01099,0.09282,0.03664,0.07229,0.00325,0.05418,0.04904,0.01327,0.02712,0.01859,0.50801,0.09764,0.01054,0.10585,0.04022,-54.96,5.194,-1,0.0000,-1.00,0.0000,0
176285,1790782323480,0.07908,0.01903,0.10525,0.13691,0.01888,0.05436,0.09716,0.21556,0.11267,0.01325,0.07748,0.07037,0.04787,0.00201,0.12321,0.14784,0.01036,0.05565,0.11334,0.23655,0.10488,0.01464,0.08180,0.06186,-54.67,2.587,-1,0.0000,-1.00,0.0000,0
176378,1790782323560,0.06848,0.02778,0.12331,0.07585,0.02698,0.10912,0.03375,0.24342,0.13154,0.02446,0.05973,0.07558,0.03491,0.00525,0.14261,0.08157,0.01693,0.12383,0.03915,0.26365,0.14144,0.02595,0.04703,0.07768,-54.43,2.921,-1,0.0000,-1.00,0.0000,0
176471,1790782323659,0.13048,0.01626,0.04033,0.02789,0.03411,0.04934,0.02524,0.39686,0.07354,0.04888,0.04110,0.11597,0.06355,0.00302,0.03728,0.02548,0.01449,0.04653,0.02964,0.46814,0.08306,0.05570,0.04002,0.13309,-54.42,4.762,-1,0.0000,-1.00,0.0000,0
176564,1790782323760,0.10900,0.02397,0.04058,0.07759,0.04471,0.06701,0.02019,0.11735,0.10420,0.11954,0.07655,0.19929,0.10752,0.00702,0.02053,0.07711,0.00791,0.05898,0.02220,0.13714,0.10952,0.14173,0.08003,0.23030,-55.33,2.392,-1,0.0000,-1.00,0.0000,0
176657,1790782323859,0.07361,0.06121,0.02744,0.06133,0.01683,0.20975,0.03000,0.15103,0.12132,0.05910,0.11681,0.07157,0.05304,0.04674,0.01896,0.05520,0.00421,0.24081,0.02654,0.17736,0.13419,0.07021,0.09223,0.08050,-56.05,2.517,-1,0.0000,-1.00,0.0000,0
176750,1790782323942,0.05731,0.11504,0.04645,0.04591,0.01958,0.10360,0.05505,0.11340,0.21077,0.07666,0.08106,0.07517,0.04464,0.08979,0.03776,0.04029,0.00786,0.11528,0.04816,0.12840,0.24457,0.09030,0.07427,0.07868,-56.14,2.529,-1,0.0000,-1.00,0.0000,0
176843,1790782324044,0.15435,0.08429,0.02990,0.04038,0.01648,0.14088,0.04066,0.08207,0.20372,0.06527,0.09172,0.05027,0.16626,0.05387,0.02069,0.03194,0.00930,0.13585,0.03805,0.09424,0.23777,0.07637,0.08298,0.05270,-56.10,2.445,-1,0.0000,-1.00,0.0000,0
176936,1790782324137,0.18819,0.08764,0.01174,0.04056,0.01197,0.15127,0.02783,0.05872,0.27096,0.03136,0.07893,0.04082,0.21108,0.04277,0.00684,0.03533,0.00562,0.13942,0.02480,0.06907,0.31767,0.03646,0.06694,0.04399,-55.84,3.252,-1,0.0000,-1.00,0.0000,0
177028,1790782324219,0.30733,0.06367,0.01589,0.05145,0.01001,0.12736,0.03334,0.10405,0.15789,0.04591,0.03756,0.04553,0.34239,0.04246,0.00823,0.05606,0.00242,0.08473,0.03154,0.12305,0.17807,0.05453,0.02821,0.04831,-55.97,3.688,-1,0.0000,-1.00,0.0000,0
177121,1790782324321,0.12100,0.07586,0.02137,0.09119,0.01316,0.08181,0.01337,0.11550,0.27299,0.07803,0.06725,0.04847,0.11435,0.03332,0.00725,0.09625,0.00462,0.07536,0.00941,0.13696,0.30803,0.09258,0.06565,0.05621,-56.35,3.276,-1,0.0000,-1.00,0.0000,0
177214,1790782324399,0.07715,0.04584,0.02241,0.05497,0.04870,0.06403,0.01686,0.17966,0.17667,0.04131,0.05351,0.21890,0.04482,0.02083,0.01724,0.05584,0.00643,0.06840,0.01607,0.21186,0.20036,0.04848,0.05056,0.25911,-56.65,2.627,-1,0.0000,-1.00,0.0000,0
177307,1790782324500,0.10675,0.05581,0.01547,0.03627,0.03547,0.13916,0.02761,0.15174,0.17039,0.03028,0.06056,0.17050,0.08962,0.03048,0.01146,0.03493,0.00307,0.14898,0.02704,0.17954,0.19721,0.03570,0.04303,0.19894,-57.15,2.046,-1,0.0000,-1.00,0.0000,0
177400,1790782324579,0.06380,0.07605,0.01658,0.07188,0.01863,0.15705,0.04115,0.10680,0.27426,0.04282,0.05593,0.07506,0.05141,0.02916,0.00989,0.07984,0.00620,0.17799,0.04327,0.12627,0.31256,0.05031,0.03173,0.08136,-57.44,3.291,-1,0.0000,-1.00,0.0000,0
177493,1790782324681,0.07435,0.08381,0.03343,0.04705,0.03481,0.09394,0.07804,0.09126,0.25674,0.12105,0.03991,0.04562,0.06781,0.04162,0.01256,0.05080,0.03402,0.09932,0.08525,0.10686,0.29714,0.13872,0.02813,0.03776,-56.51,3.081,-1,0.0000,-1.00,0.0000,0
177586,1790782324780,0.18573,0.09320,0.03751,0.03419,0.01118,0.11941,0.04228,0.05878,0.26120,0.10272,0.02708,0.02671,0.20918,0.05116,0.02086,0.03853,0.00860,0.10161,0.03932,0.06749,0.30526,0.12146,0.01231,0.02421,-55.89,3.134,-1,0.0000,-1.00,0.0000,0
177679,1790782324860,0.19387,0.06422,0.03551,0.02790,0.02596,0.15264,0.04642,0.05852,0.18031,0.15491,0.03454,0.02521,0.21866,0.03540,0.00656,0.03090,0.02219,0.14439,0.04860,0.06883,0.20963,0.18151,0.01277,0.02057,-55.66,2.326,-1,0.0000,-1.00,0.0000,0
177771,1790782324973,0.26865,0.07274,0.02639,0.02701,0.00956,0.13599,0.04407,0.02215,0.26105,0.08231,0.03217,0.01792,0.31713,0.02628,0.01243,0.02866,0.00907,0.10008,0.04757,0.02410,0.30711,0.09683,0.01870,0.01205,-55.84,3.224,-1,0.0000,-1.00,0.0000,0
177864,1790782325064,0.13687,0.09712,0.04643,0.05461,0.01858,0.09853,0.05041,0.08506,0.20112,0.14865,0.03783,0.02478,0.14559,0.07095,0.02105,0.05995,0.01839,0.08920,0.04634,0.09775,0.22911,0.17447,0.02765,0.01955,-56.83,2.413,-1,0.0000,-1.00,0.0000,0
177957,1790782325162,0.06954,0.11089,0.02893,0.05710,0.01919,0.08650,0.03221,0.06232,0.30859,0.11568,0.05253,0.05652,0.06815,0.06261,0.00758,0.05948,0.01059,0.09014,0.02619,0.07318,0.35788,0.13661,0.04508,0.06253,-57.74,3.703,-1,0.0000,-1.00,0.0000,0
178050,1790782325239,0.07436,0.11703,0.02259,0.05936,0.01594,0.08261,0.02365,0.08315,0.36758,0.06495,0.04156,0.04723,0.06893,0.05635,0.01192,0.06467,0.00701,0.08687,0.01716,0.09727,0.42763,0.07644,0.03257,0.05319,-57.56,4.411,-1,0.0000,-1.00,0.0000,0
178143,1790782325339,0.08194,0.07339,0.02005,0.10557,0.01409,0.14876,0.04023,0.05733,0.30654,0.04535,0.06779,0.03895,0.08444,0.02031,0.01362,0.11674,0.00936,0.16150,0.04387,0.06630,0.34417,0.05249,0.04922,0.03798,-57.55,3.679,-1,0.0000,-1.00,0.0000,0
178236,1790782325441,0.07876,0.05995,0.01610,0.14248,0.01496,0.17871,0.05588,0.04334,0.24195,0.06069,0.05768,0.04951,0.08439,0.02132,0.00519,0.16478,0.00874,0.19740,0.06273,0.05090,0.25714,0.07110,0.02998,0.04631,-58.00,2.903,-1,0.0000,-1.00,0.0000,0
178329,1790782325525,0.04001,0.05802,0.04506,0.16206,0.03346,0.13224,0.06321,0.04410,0.22837,0.07637,0.05998,0.05712,0.03808,0.02258,0.03700,0.18587,0.02915,0.15091,0.06704,0.04974,0.23680,0.08573,0.04195,0.05516,-57.69,2.740,-1,0.0000,-1.00,0.0000,0
178422,1790782325622,0.03970,0.06851,0.03588,0.13749,0.02582,0.07813,0.01856,0.09875,0.24878,0.03306,0.19352,0.02180,0.02497,0.02836,0.03617,0.12227,0.02641,0.08866,0.01659,0.11119,0.27386,0.03438,0.21430,0.02284,-56.75,2.985,-1,0.0000,-1.00,0.0000,0
178515,1790782325699,0.04508,0.05928,0.02010,0.08270,0.03284,0.14870,0.00760,0.05368,0.26715,0.08050,0.11033,0.09204,0.04133,0.01132,0.00554,0.07957,0.01783,0.16999,0.00668,0.06340,0.30375,0.09351,0.09850,0.10857,-55.90,3.206,-1,0.0000,-1.00,0.0000,0
178607,1790782325798,0.04480,0.07135,0.02303,0.07183,0.02711,0.17899,0.03238,0.02136,0.35863,0.07511,0.07713,0.01828,0.04890,0.00363,0.01092,0.07580,0.02968,0.20477,0.03808,0.02343,0.41470,0.08412,0.05183,0.01414,-56.19,4.304,-1,0.0000,-1.00,0.0000,0
178700,1790782325880,0.03491,0.05387,0.01889,0.15704,0.03832,0.16739,0.02721,0.04784,0.27758,0.05771,0.09399,0.02524,0.03135,0.00543,0.01052,0.17350,0.04069,0.19492,0.03104,0.05574,0.29822,0.06108,0.07399,0.02353,-56.93,3.331,-1,0.0000,-1.00,0.0000,0
178793,1790782325983,0.02401,0.05648,0.02799,0.15165,0.05749,0.12942,0.03544,0.03046,0.26999,0.07715,0.10519,0.03474,0.02128,0.01107,0.01766,0.16265,0.06225,0.15085,0.03793,0.03533,0.29127,0.08010,0.09614,0.03346,-56.60,3.240,-1,0.0000,-1.00,0.0000,0
178886,1790782326079,0.07554,0.06417,0.04528,0.06657,0.01210,0.08839,0.03014,0.03583,0.28920,0.18874,0.06547,0.03858,0.08238,0.01096,0.00958,0.06774,0.00662,0.08962,0.03394,0.04103,0.33260,0.22535,0.06068,0.03950,-56.02,3.470,-1,0.0000,-1.00,0.0000,0
178979,1790782326159,0.07270,0.07409,0.05112,0.04937,0.01410,0.08924,0.02841,0.04273,0.26129,0.23456,0.05047,0.03193,0.07651,0.02939,0.00594,0.05077,0.01042,0.09176,0.02821,0.05002,0.30302,0.27899,0.04229,0.03267,-55.84,3.135,-1,0.0000,-1.00,0.0000,0
179072,1790782326260,0.10377,0.09038,0.02301,0.26892,0.02286,0.05415,0.03097,0.04066,0.22117,0.06502,0.05105,0.02804,0.11109,0.07248,0.01298,0.31178,0.02169,0.04286,0.02274,0.04615,0.20320,0.07361,0.05268,0.02873,-56.26,3.227,-1,0.0000,-1.00,0.0000,0
179165,1790782326359,0.05329,0.09245,0.02479,0.18256,0.01767,0.06647,0.04392,0.05185,0.29781,0.08390,0.05071,0.03458,0.05194,0.04826,0.01035,0.20943,0.01447,0.06954,0.04306,0.06008,0.31533,0.09767,0.04698,0.03289,-57.01,3.574,-1,0.0000,-1.00,0.0000,0
179258,1790782326473,0.10276,0.06730,0.02797,0.18302,0.02362,0.05761,0.05954,0.09632,0.23448,0.03357,0.06111,0.05270,0.09845,0.03589,0.02624,0.20676,0.01764,0.05019,0.06423,0.11022,0.23997,0.03672,0.06328,0.05041,-56.70,2.814,-1,0.0000,-1.00,0.0000,0
179350,1790782326541,0.15337,0.04950,0.04655,0.21693,0.01763,0.07251,0.07346,0.07032,0.19548,0.03521,0.04485,0.02419,0.16897,0.02280,0.04811,0.25138,0.01866,0.05339,0.08350,0.07472,0.18421,0.03868,0.04315,0.01243,-56.77,2.603,-1,0.0000,-1.00,0.0000,0
179443,1790782326640,0.07899,0.06235,0.04739,0.16953,0.02616,0.07509,0.03441,0.06619,0.25373,0.05991,0.06041,0.06585,0.08062,0.02197,0.04322,0.19169,0.01715,0.07399,0.03684,0.07079,0.26603,0.06838,0.05772,0.07160,-57.12,3.045,-1,0.0000,-1.00,0.0000,0
179536,1790782326740,0.09984,0.04158,0.11020,0.09998,0.02266,0.07233,0.08698,0.14347,0.16809,0.03051,0.06573,0.05862,0.08996,0.01464,0.12538,0.10697,0.01521,0.07083,0.10132,0.14706,0.18011,0.03364,0.06472,0.05015,-57.13,2.017,-1,0.0000,-1.00,0.0000,0
179629,1790782326820,0.09808,0.06019,0.09791,0.07712,0.02232,0.08532,0.08351,0.15013,0.20538,0.02325,0.05030,0.04649,0.08804,0.02663,0.11257,0.08379,0.01978,0.08478,0.09406,0.15830,0.22948,0.02394,0.04347,0.03516,-57.74,2.465,-1,0.0000,-1.00,0.0000,0
179722,1790782326919,0.14387,0.03813,0.05760,0.15841,0.02060,0.10681,0.04207,0.11370,0.16147,0.04863,0.07537,0.03335,0.14742,0.01424,0.05815,0.17584,0.01736,0.09999,0.04632,0.12598,0.15862,0.05483,0.07049,0.03077,-57.45,1.938,-1,0.0000,-1.00,0.0000,0
179815,1790782327001,0.13856,0.04960,0.02120,0.17687,0.01962,0.11885,0.03319,0.13916,0.17210,0.02903,0.07142,0.03039,0.13373,0.02639,0.01920,0.19952,0.01764,0.11590,0.03454,0.16294,0.16666,0.03129,0.06260,0.02957,-57.15,2.122,-1,0.0000,-1.00,0.0000,0
179908,1790782327101,0.07859,0.05758,0.03659,0.10743,0.03198,0.17826,0.04363,0.04929,0.24069,0.04651,0.08395,0.04551,0.08159,0.01861,0.03395,0.11655,0.02942,0.19742,0.04859,0.05233,0.26530,0.04990,0.06145,0.04490,-57.18,2.888,-1,0.0000,-1.00,0.0000,0
180001,1790782327179,0.21948,0.04675,0.02623,0.11865,0.02426,0.19820,0.03546,0.04207,0.15170,0.02053,0.06179,0.05488,0.25388,0.02615,0.02725,0.13485,0.01764,0.18717,0.03731,0.04501,0.15504,0.02110,0.03693,0.05768,-57.02,2.634,-1,0.0000,-1.00,0.0000,0
180093,1790782327279,0.15562,0.04262,0.03625,0.10270,0.02410,0.15490,0.02440,0.06914,0.19135,0.09039,0.05789,0.05064,0.17094,0.01015,0.02267,0.11527,0.01792,0.15173,0.02722,0.07836,0.20644,0.10475,0.03929,0.05528,-57.04,2.296,-1,0.0000,-1.00,0.0000,0
180186,1790782327381,0.12513,0.02548,0.08366,0.04631,0.01737,0.16700,0.01583,0.02543,0.07676,0.30070,0.07036,0.04596,0.14539,0.01409,0.02923,0.04552,0.01038,0.17151,0.01618,0.02468,0.08295,0.35826,0.05030,0.05151,-56.20,3.608,-1,0.0000,-1.00,0.0000,0
180279,1790782327481,0.24339,0.05253,0.02173,0.06837,0.00834,0.27711,0.01265,0.01820,0.10143,0.07859,0.09406,0.02360,0.28762,0.04162,0.00755,0.07038,0.00466,0.27502,0.00691,0.02032,0.10755,0.09327,0.05819,0.02691,-55.92,3.325,-1,0.0000,-1.00,0.0000,0
180372,1790782327560,0.08587,0.10367,0.02827,0.05827,0.01384,0.10206,0.02192,0.01482,0.39581,0.06652,0.06560,0.04336,0.09568,0.03755,0.01823,0.05830,0.00712,0.10333,0.01883,0.01414,0.46210,0.07891,0.05812,0.04771,-56.48,4.750,-1,0.0000,-1.00,0.0000,0
180465,1790782327661,0.16529,0.07890,0.02221,0.09175,0.01545,0.12431,0.03919,0.02212,0.25421,0.07182,0.06315,0.05160,0.19247,0.03879,0.00984,0.09930,0.00753,0.11107,0.03927,0.02456,0.28485,0.08462,0.05365,0.05405,-56.07,3.050,-1,0.0000,-1.00,0.0000,0
180558,1790782327761,0.13119,0.07832,0.02727,0.07038,0.01192,0.13488,0.01648,0.07609,0.27627,0.08868,0.05473,0.03380,0.13958,0.03123,0.01188,0.07660,0.00679,0.13394,0.01356,0.08882,0.31585,0.10491,0.03902,0.03781,-55.51,3.315,-1,0.0000,-1.00,0.0000,0
180651,1790782327839,0.25874,0.05090,0.01908,0.04676,0.01453,0.11450,0.02120,0.13881,0.19110,0.05730,0.04916,0.03792,0.27744,0.01747,0.00961,0.04758,0.00927,0.08220,0.02194,0.16442,0.21949,0.06689,0.04261,0.04109,-56.49,3.105,-1,0.0000,-1.00,0.0000,0
180744,1790782327942,0.09337,0.04897,0.03145,0.07787,0.02027,0.08627,0.02219,0.15009,0.19773,0.11689,0.06705,0.08786,0.07587,0.01628,0.01005,0.08085,0.00445,0.08833,0.02336,0.17785,0.22066,0.13941,0.06283,0.10004,-57.29,2.373,-1,0.0000,-1.00,0.0000,0
180837,1790782328040,0.06586,0.04735,0.01913,0.05096,0.05235,0.06420,0.02221,0.18920,0.17325,0.03427,0.04342,0.23781,0.03457,0.01773,0.01501,0.05350,0.00714,0.07007,0.02310,0.22373,0.19676,0.03987,0.03814,0.28037,-57.07,2.854,-1,0.0000,-1.00,0.0000,0
180929,1790782328121,0.12101,0.05845,0.02631,0.07090,0.02551,0.10099,0.02585,0.16973,0.17551,0.05888,0.07663,0.09022,0.10023,0.03640,0.01781,0.07073,0.01007,0.10114,0.02376,0.19984,0.19567,0.06917,0.07177,0.10340,-57.68,2.106,-1,0.0000,-1.00,0.0000,0
181022,1790782328220,0.07028,0.05862,0.03605,0.08823,0.03259,0.10170,0.04111,0.09931,0.26925,0.05511,0.06760,0.08016,0.05929,0.01209,0.03096,0.09400,0.02166,0.11021,0.04466,0.11506,0.30399,0.06174,0.05915,0.08720,-56.92,3.231,-1,0.0000,-1.00,0.0000,0
181115,1790782328299,0.08378,0.07423,0.08542,0.02321,0.02248,0.13057,0.05517,0.05309,0.23443,0.15480,0.03747,0.04536,0.09025,0.03422,0.06629,0.02438,0.01804,0.13899,0.05867,0.05112,0.27607,0.18191,0.01734,0.04272,-56.15,2.813,-1,0.0000,-1.00,0.0000,0
181208,1790782328400,0.25907,0.07250,0.03277,0.03596,0.02226,0.12569,0.04303,0.04054,0.20429,0.09192,0.03389,0.03808,0.29938,0.04213,0.01806,0.03862,0.01933,0.09125,0.04321,0.04500,0.23647,0.10696,0.02252,0.03706,-55.94,3.109,-1,0.0000,-1.00,0.0000,0
181301,1790782328481,0.14506,0.11587,0.03301,0.03350,0.02493,0.09742,0.03408,0.02692,0.26002,0.12084,0.06588,0.04247,0.16788,0.07821,0.01156,0.02783,0.01909,0.08514,0.02534,0.02997,0.30586,0.14119,0.06207,0.04587,-56.03,3.120,-1,0.0000,-1.00,0.0000,0
181394,1790782328582,0.16832,0.06698,0.03496,0.06883,0.04857,0.07619,0.05812,0.04074,0.15690,0.13973,0.04266,0.09800,0.19190,0.04843,0.00977,0.07443,0.03760,0.05326,0.05948,0.04744,0.17122,0.16200,0.04055,0.10390,-56.76,2.020,-1,0.0000,-1.00,0.0000,0
181487,1790782328679,0.04598,0.09369,0.03420,0.09609,0.02699,0.06291,0.04459,0.02924,0.33313,0.10365,0.06806,0.06149,0.04669,0.03916,0.01712,0.10157,0.01951,0.06613,0.04519,0.03212,0.37903,0.12033,0.06844,0.06472,-57.17,3.998,-1,0.0000,-1.00,0.0000,0
181580,1790782328760,0.05916,0.09828,0.03125,0.08933,0.01403,0.05759,0.02095,0.05377,0.41133,0.08935,0.05555,0.01942,0.05871,0.02384,0.01650,0.09633,0.00713,0.06322,0.02010,0.06144,0.47378,0.10565,0.05403,0.01928,-57.21,4.936,-1,0.0000,-1.00,0.0000,0
181672,1790782328880,0.04746,0.10863,0.02189,0.08657,0.01518,0.06777,0.03094,0.06347,0.37914,0.07322,0.06165,0.04407,0.04216,0.04372,0.00919,0.09195,0.00884,0.07285,0.02840,0.07423,0.43607,0.08599,0.05943,0.04718,-57.59,4.550,-1,0.0000,-1.00,0.0000,0
181765,1790782328982,0.04735,0.08266,0.02750,0.10585,0.01643,0.08365,0.03714,0.05166,0.32089,0.09574,0.07673,0.05441,0.04481,0.02723,0.01052,0.11221,0.00785,0.09177,0.03879,0.06014,0.36225,0.11317,0.07374,0.05751,-57.85,3.851,-1,0.0000,-1.00,0.0000,0
181858,1790782329062,0.03557,0.09073,0.02956,0.11095,0.02688,0.08109,0.03520,0.05707,0.31799,0.08309,0.06283,0.06905,0.03054,0.03796,0.01631,0.12165,0.01604,0.09241,0.03426,0.06554,0.35691,0.09638,0.05697,0.07503,-57.55,3.816,-1,0.0000,-1.00,0.0000,0
181951,1790782329140,0.05163,0.14907,0.02529,0.09611,0.02786,0.07502,0.04800,0.06181,0.26079,0.07743,0.08473,0.04225,0.04883,0.12116,0.01279,0.09819,0.02499,0.08022,0.03200,0.07303,0.29253,0.08832,0.08563,0.04233,-56.65,3.129,-1,0.0000,-1.00,0.0000,0
182044,1790782329239,0.04969,0.10078,0.03847,0.09443,0.01388,0.03881,0.03264,0.15175,0.20830,0.08907,0.12881,0.05337,0.02507,0.07459,0.02514,0.08419,0.00492,0.04164,0.02260,0.17858,0.23290,0.10575,0.14609,0.05854,-56.03,2.500,-1,0.0000,-1.00,0.0000,0
182137,1790782329341,0.08520,0.04794,0.04799,0.10089,0.01903,0.05855,0.02925,0.11603,0.20311,0.05926,0.16347,0.06927,0.07549,0.01393,0.04374,0.08423,0.00775,0.05520,0.03171,0.13094,0.22668,0.06947,0.18493,0.07595,-56.30,2.437,-1,0.0000,-1.00,0.0000,0
182230,1790782329419,0.08447,0.08030,0.03216,0.13347,0.02300,0.04908,0.04465,0.06543,0.23855,0.06495,0.10614,0.07779,0.08493,0.04711,0.02346,0.13638,0.01065,0.04224,0.04408,0.07384,0.25850,0.07601,0.11881,0.08399,-56.82,2.863,-1,0.0000,-1.00,0.0000,0
182323,1790782329521,0.03111,0.09605,0.01764,0.19923,0.01611,0.07005,0.03625,0.04034,0.30639,0.06408,0.07794,0.04481,0.02731,0.05172,0.00631,0.22329,0.00997,0.07852,0.03318,0.04708,0.32286,0.07481,0.07783,0.04712,-57.33,3.677,-1,0.0000,-1.00,0.0000,0
182415,1790782329600,0.04328,0.06104,0.06116,0.11426,0.01059,0.14138,0.02950,0.05699,0.22033,0.10605,0.11753,0.03789,0.04201,0.02534,0.04830,0.11533,0.00524,0.16108,0.03032,0.05871,0.24114,0.12604,0.10890,0.03760,-57.45,2.644,-1,0.0000,-1.00,0.0000,0
182508,1790782329700,0.02351,0.08396,0.02719,0.18042,0.01708,0.05954,0.03154,0.04170,0.29655,0.07428,0.10203,0.06218,0.01898,0.03798,0.01521,0.19461,0.00694,0.06759,0.03010,0.04712,0.31676,0.08763,0.10886,0.06823,-57.35,3.559,-1,0.0000,-1.00,0.0000,0
182601,1790782329780,0.04133,0.10061,0.05143,0.10172,0.00909,0.05375,0.01783,0.01935,0.43363,0.06314,0.07608,0.03204,0.04574,0.02257,0.04678,0.10599,0.00391,0.05534,0.01602,0.01479,0.49859,0.07488,0.08019,0.03522,-57.26,5.204,-1,0.0000,-1.00,0.0000,0
182694,1790782329879,0.02772,0.07822,0.07526,0.19493,0.01092,0.03837,0.03038,0.03971,0.31118,0.06564,0.09067,0.03699,0.02662,0.02821,0.07480,0.21363,0.00548,0.04070,0.03029,0.03328,0.33051,0.07757,0.10058,0.03832,-57.37,3.734,-1,0.0000,-1.00,0.0000,0
182787,1790782329980,0.05394,0.05277,0.05573,0.10728,0.03629,0.10430,0.02450,0.03217,0.20798,0.06581,0.15880,0.10042,0.05871,0.01791,0.05192,0.09531,0.01975,0.11424,0.02581,0.02825,0.23031,0.07495,0.16763,0.11521,-57.08,2.496,-1,0.0000,-1.00,0.0000,0
182880,1790782330059,0.07319,0.07623,0.05831,0.14346,0.02712,0.09981,0.05393,0.04707,0.11419,0.02927,0.19913,0.07829,0.07807,0.07001,0.06354,0.12869,0.01585,0.10411,0.04973,0.04482,0.11131,0.03192,0.21797,0.08396,-56.45,2.390,-1,0.0000,-1.00,0.0000,0
182973,1790782330180,0.05386,0.11710,0.05133,0.11715,0.03120,0.06657,0.03966,0.08142,0.12408,0.06158,0.17661,0.07945,0.04580,0.11653,0.04715,0.10121,0.01929,0.07087,0.02442,0.08821,0.12622,0.07237,0.19757,0.09036,-56.33,2.119,-1,0.0000,-1.00,0.0000,0
183066,1790782330259,0.05745,0.13960,0.02163,0.13695,0.03309,0.04980,0.05026,0.03133,0.17336,0.07278,0.11864,0.11511,0.06172,0.13151,0.00917,0.13778,0.01364,0.04744,0.03398,0.03590,0.18041,0.08450,0.13275,0.13119,-57.03,2.080,-1,0.0000,-1.00,0.0000,0
183158,1790782330359,0.05332,0.11430,0.05082,0.09034,0.01588,0.07767,0.03951,0.03347,0.34729,0.03560,0.08787,0.05393,0.05863,0.05802,0.05274,0.09058,0.00775,0.08145,0.03584,0.02965,0.39818,0.04112,0.08914,0.05690,-57.79,4.167,-1,0.0000,-1.00,0.0000,0
183251,1790782330442,0.10059,0.09761,0.04382,0.09217,0.03640,0.07836,0.04312,0.04310,0.28929,0.04459,0.07592,0.05501,0.11140,0.05299,0.04275,0.09524,0.03207,0.07191,0.04117,0.04317,0.32561,0.04922,0.07671,0.05775,-57.77,3.472,-1,0.0000,-1.00,0.0000,0
183344,1790782330540,0.05606,0.10085,0.04235,0.14346,0.02795,0.04541,0.05322,0.06471,0.22497,0.07362,0.09286,0.07455,0.05314,0.07336,0.03396,0.15156,0.01771,0.04387,0.04923,0.07080,0.23952,0.08470,0.10257,0.07957,-57.16,2.700,-1,0.0000,-1.00,0.0000,0
183437,1790782330643,0.07414,0.10012,0.01358,0.16321,0.01723,0.04479,0.03830,0.04136,0.14845,0.03346,0.25161,0.07376,0.07983,0.09010,0.00848,0.13729,0.00409,0.03807,0.02803,0.04787,0.15066,0.03928,0.29394,0.08235,-56.62,3.019,-1,0.0000,-1.00,0.0000,0
183530,1790782330720,0.13570,0.05371,0.05131,0.19913,0.01805,0.05898,0.04078,0.04942,0.16523,0.05828,0.10874,0.06068,0.15260,0.03353,0.04799,0.21436,0.00884,0.04042,0.04143,0.05048,0.15548,0.06808,0.12228,0.06449,-56.53,2.390,-1,0.0000,-1.00,0.0000,0
183623,1790782330820,0.23318,0.07030,0.01200,0.08432,0.01631,0.08521,0.02171,0.06769,0.28651,0.02504,0.05375,0.04398,0.26348,0.01992,0.00882,0.09023,0.00996,0.04987,0.02207,0.07936,0.32542,0.02802,0.05452,0.04832,-55.85,3.438,-1,0.0000,-1.00,0.0000,0
183716,1790782330898,0.29650,0.04589,0.01290,0.09659,0.02757,0.08165,0.02302,0.10723,0.16751,0.03508,0.07231,0.03375,0.33012,0.01929,0.00796,0.09985,0.02551,0.03284,0.02375,0.12690,0.18009,0.03782,0.08014,0.03573,-55.48,3.558,-1,0.0000,-1.00,0.0000,0
183809,1790782331000,0.11463,0.05624,0.04808,0.06414,0.02205,0.01836,0.02651,0.29762,0.27355,0.02182,0.03602,0.02097,0.06790,0.00601,0.05328,0.06864,0.02264,0.00854,0.03058,0.34606,0.31398,0.02185,0.04147,0.01906,-55.01,3.571,-1,0.0000,-1.00,0.0000,0
183902,1790782331080,0.26836,0.03391,0.00934,0.07197,0.02564,0.04819,0.03070,0.25135,0.16229,0.03570,0.04239,0.02015,0.26192,0.00515,0.00378,0.07640,0.02733,0.00582,0.03566,0.30054,0.17932,0.03736,0.04964,0.01708,-55.00,3.220,-1,0.0000,-1.00,0.0000,0
183994,1790782331179,0.30217,0.02210,0.00875,0.05500,0.03778,0.05372,0.02440,0.27321,0.11345,0.03732,0.05035,0.02176,0.29726,0.00167,0.00316,0.05423,0.03925,0.00743,0.02874,0.32692,0.12519,0.03694,0.05886,0.02038,-55.16,3.626,-1,0.0000,-1.00,0.0000,0
184087,1790782331279,0.28187,0.01718,0.00921,0.09041,0.01207,0.04421,0.01553,0.32989,0.10094,0.03783,0.04280,0.01808,0.25992,0.00152,0.00248,0.09822,0.01118,0.00144,0.01823,0.39487,0.10148,0.04311,0.05100,0.01654,-55.07,3.959,-1,0.0000,-1.00,0.0000,0
184180,1790782331360,0.14659,0.03703,0.01834,0.11224,0.01584,0.02529,0.02515,0.25162,0.18893,0.02722,0.13292,0.01882,0.11549,0.00456,0.01612,0.10321,0.01566,0.00741,0.02912,0.29842,0.20588,0.02957,0.15780,0.01678,-54.89,3.019,-1,0.0000,-1.00,0.0000,0
184273,1790782331481,0.14631,0.02460,0.01212,0.07841,0.01292,0.07023,0.03217,0.26736,0.11518,0.02704,0.19294,0.02073,0.11159,0.00472,0.00851,0.05057,0.01203,0.06203,0.03761,0.31867,0.12767,0.03032,0.21889,0.01738,-54.83,3.208,-1,0.0000,-1.00,0.0000,0
184366,1790782331560,0.23718,0.02158,0.00936,0.07908,0.01443,0.07926,0.03348,0.30341,0.11022,0.01980,0.07424,0.01797,0.20909,0.00609,0.00708,0.07922,0.01455,0.05352,0.03882,0.36224,0.11637,0.02084,0.07834,0.01384,-55.48,3.641,-1,0.0000,-1.00,0.0000,0
184459,1790782331659,0.14879,0.01732,0.01146,0.10956,0.02087,0.03683,0.03968,0.16577,0.08464,0.01950,0.28440,0.06118,0.13757,0.00482,0.00958,0.06438,0.01229,0.01686,0.04620,0.19713,0.08866,0.02093,0.33744,0.06415,-55.69,3.413,-1,0.0000,-1.00,0.0000,0
184552,1790782331739,0.06754,0.02114,0.01014,0.13173,0.02761,0.03720,0.04389,0.09450,0.09353,0.04035,0.39866,0.03371,0.05863,0.00565,0.00352,0.06455,0.02444,0.03562,0.05147,0.11253,0.09928,0.04350,0.47063,0.03019,-56.22,4.784,-1,0.0000,-1.00,0.0000,0
184645,1790782331840,0.09398,0.03910,0.01886,0.13508,0.04487,0.04746,0.06049,0.08476,0.18647,0.04176,0.19228,0.05490,0.09282,0.00719,0.01439,0.11769,0.04347,0.03846,0.06994,0.09982,0.20010,0.04142,0.22277,0.05192,-56.80,2.307,-1,0.0000,-1.00,0.0000,0
184737,1790782331942,0.11259,0.04102,0.00912,0.15980,0.02987,0.03851,0.03229,0.08084,0.20248,0.02280,0.24515,0.02553,0.11435,0.00872,0.00655,0.13419,0.03056,0.02421,0.03666,0.09588,0.21517,0.02211,0.28895,0.02266,-57.03,2.942,-1,0.0000,-1.00,0.0000,0
184830,1790782332021,0.10861,0.04188,0.00864,0.18888,0.02886,0.03132,0.02363,0.04907,0.22253,0.03433,0.22935,0.03290,0.11689,0.00587,0.00324,0.17241,0.02783,0.01435,0.02712,0.05818,0.23223,0.03586,0.27197,0.03405,-57.50,2.752,-1,0.0000,-1.00,0.0000,0
184923,1790782332121,0.08664,0.05269,0.04784,0.12369,0.01555,0.02209,0.02342,0.05171,0.26516,0.02073,0.26813,0.02237,0.09122,0.00599,0.05273,0.08495,0.01187,0.01088,0.02683,0.05155,0.30023,0.02315,0.31912,0.02148,-57.71,3.218,-1,0.0000,-1.00,0.0000,0
185016,1790782332200,0.17408,0.05353,0.01744,0.11604,0.02118,0.04027,0.02369,0.04282,0.26873,0.01852,0.20240,0.02129,0.19908,0.00390,0.01722,0.09144,0.01812,0.01208,0.02753,0.04798,0.30387,0.01860,0.24013,0.02005,-57.58,3.225,-1,0.0000,-1.00,0.0000,0
185109,1790782332300,0.11218,0.05542,0.03354,0.15923,0.01758,0.03419,0.02539,0.03962,0.26962,0.02464,0.20919,0.01939,0.12526,0.00906,0.03503,0.14174,0.01758,0.01614,0.02862,0.04054,0.29497,0.02604,0.24746,0.01756,-57.67,3.235,-1,0.0000,-1.00,0.0000,0
185202,1790782332379,0.14047,0.04649,0.01257,0.20329,0.02656,0.03827,0.01774,0.06847,0.25706,0.04042,0.13069,0.01797,0.15225,0.00302,0.00657,0.21317,0.02836,0.01568,0.01979,0.08161,0.26577,0.04282,0.15349,0.01749,-57.74,3.085,-1,0.0000,-1.00,0.0000,0
185295,1790782332479,0.09341,0.05654,0.02285,0.23476,0.01027,0.03220,0.03358,0.03234,0.28110,0.03727,0.14610,0.01959,0.10434,0.01070,0.01889,0.24730,0.00902,0.01790,0.03485,0.03827,0.28780,0.04286,0.17151,0.01657,-57.68,3.373,-1,0.0000,-1.00,0.0000,0
185388,1790782332581,0.06823,0.05503,0.04513,0.30206,0.00957,0.02188,0.01629,0.03811,0.31576,0.02086,0.09603,0.01105,0.07377,0.00435,0.04942,0.33958,0.00940,0.01159,0.01425,0.04028,0.31068,0.02349,0.11277,0.01041,-57.84,3.789,-1,0.0000,-1.00,0.0000,0
185481,1790782332659,0.05566,0.04553,0.01604,0.24623,0.03076,0.01986,0.05226,0.06428,0.26682,0.03082,0.12143,0.05031,0.04905,0.00447,0.01298,0.26675,0.02733,0.01408,0.06142,0.07476,0.26684,0.03151,0.14271,0.04810,-57.16,3.202,-1,0.0000,-1.00,0.0000,0
185573,1790782332787,0.10913,0.03592,0.03185,0.21540,0.03649,0.03227,0.01610,0.07907,0.19317,0.10938,0.08483,0.05637,0.11141,0.00789,0.01315,0.23861,0.03103,0.01659,0.01773,0.09213,0.18287,0.12620,0.09836,0.06403,-55.85,2.585,-1,0.0000,-1.00,0.0000,0
185666,1790782332861,0.13890,0.02782,0.01181,0.14416,0.02244,0.04616,0.02134,0.08204,0.13862,0.05833,0.27052,0.03787,0.14685,0.00487,0.00100,0.10951,0.01886,0.02620,0.02457,0.09814,0.14420,0.06635,0.31895,0.04050,-55.58,3.246,-1,0.0000,-1.00,0.0000,0
185759,1790782332979,0.08581,0.07962,0.03415,0.12939,0.02901,0.05411,0.02216,0.05289,0.16490,0.07196,0.21204,0.06395,0.09105,0.06051,0.02452,0.10652,0.02011,0.04679,0.01371,0.05937,0.17600,0.08272,0.24479,0.07391,-56.13,2.544,-1,0.0000,-1.00,0.0000,0
185852,1790782333040,0.04004,0.16783,0.08164,0.10942,0.02615,0.01915,0.03692,0.04867,0.18910,0.04451,0.17908,0.05749,0.03927,0.16030,0.08796,0.08917,0.01816,0.01517,0.01246,0.04089,0.20891,0.04974,0.21158,0.06641,-56.75,2.269,-1,0.0000,-1.00,0.0000,0
185945,1790782333141,0.05727,0.12407,0.02893,0.17712,0.01651,0.02774,0.03550,0.02998,0.24407,0.05514,0.15960,0.04408,0.06080,0.09851,0.02196,0.17516,0.01009,0.02119,0.01993,0.03465,0.25773,0.06407,0.18703,0.04887,-56.71,2.929,-1,0.0000,-1.00,0.0000,0
186038,1790782333239,0.09614,0.10690,0.08380,0.14030,0.02125,0.03573,0.03910,0.04852,0.18184,0.04507,0.16532,0.03603,0.10491,0.09228,0.09042,0.12971,0.01803,0.02202,0.02842,0.04034,0.19217,0.05043,0.19372,0.03754,-56.51,2.182,-1,0.0000,-1.00,0.0000,0
186131,1790782333318,0.20111,0.06362,0.02591,0.13551,0.02450,0.06159,0.01873,0.04526,0.20514,0.02748,0.15888,0.03229,0.23110,0.03247,0.02537,0.12573,0.02230,0.02799,0.01544,0.04977,0.22075,0.02864,0.18482,0.03562,-56.66,2.462,-1,0.0000,-1.00,0.0000,0
186224,1790782333419,0.13861,0.06734,0.00716,0.16606,0.02109,0.04821,0.02755,0.03353,0.25811,0.02758,0.17497,0.02979,0.15578,0.02810,0.00273,0.15848,0.01913,0.02703,0.02745,0.03964,0.27765,0.02947,0.20429,0.03025,-56.95,3.097,-1,0.0000,-1.00,0.0000,0
186316,1790782333499,0.06780,0.07390,0.01891,0.26625,0.00941,0.02970,0.01458,0.04331,0.34594,0.02484,0.08082,0.02453,0.07137,0.01856,0.01700,0.30067,0.00601,0.02144,0.01379,0.04852,0.35492,0.02857,0.09259,0.02653,-57.15,4.151,-1,0.0000,-1.00,0.0000,0
186409,1790782333601,0.10372,0.03671,0.02234,0.25348,0.02480,0.03755,0.03118,0.04212,0.15012,0.07285,0.19275,0.03238,0.11292,0.02013,0.01029,0.25884,0.02310,0.02280,0.03227,0.04953,0.12816,0.08311,0.22645,0.03240,-56.51,3.042,-1,0.0000,-1.00,0.0000,0
186502,1790782333679,0.17095,0.02976,0.04199,0.11307,0.02096,0.05917,0.02175,0.08017,0.11522,0.02583,0.28567,0.03546,0.18594,0.01263,0.04487,0.06896,0.01762,0.03404,0.02355,0.08716,0.12439,0.02745,0.33555,0.03783,-56.01,3.428,-1,0.0000,-1.00,0.0000,0
186595,1790782333779,0.21525,0.04911,0.00884,0.08494,0.02505,0.06565,0.02435,0.10704,0.12567,0.03361,0.18380,0.07668,0.23248,0.03156,0.00301,0.05940,0.01270,0.03258,0.02292,0.12767,0.13835,0.03822,0.21378,0.08733,-55.76,2.583,-1,0.0000,-1.00,0.0000,0
186688,1790782333880,0.14021,0.08668,0.05183,0.08342,0.04005,0.05600,0.03331,0.02162,0.19723,0.05153,0.12759,0.11051,0.16446,0.05981,0.05076,0.07101,0.02277,0.03450,0.02600,0.01791,0.22225,0.05723,0.14604,0.12726,-56.19,2.367,-1,0.0000,-1.00,0.0000,0
186781,1790782333977,0.12454,0.07605,0.04638,0.12805,0.01833,0.04547,0.03154,0.05333,0.26710,0.03840,0.12537,0.04544,0.13840,0.03267,0.04685,0.12472,0.01240,0.02705,0.03131,0.05461,0.29484,0.04404,0.14487,0.04825,-56.28,3.205,-1,0.0000,-1.00,0.0000,0
186874,1790782334080,0.11243,0.07115,0.05303,0.08252,0.02449,0.03578,0.03994,0.06241,0.26790,0.03457,0.15339,0.06238,0.12150,0.02419,0.05596,0.06319,0.01612,0.01878,0.04050,0.06625,0.30849,0.03823,0.18007,0.06672,-55.86,3.215,-1,0.0000,-1.00,0.0000,0
186967,1790782334163,0.33518,0.05728,0.03906,0.03998,0.01551,0.08047,0.01898,0.04219,0.26916,0.01297,0.06771,0.02149,0.39309,0.00609,0.04418,0.03255,0.01428,0.01850,0.02029,0.04305,0.31552,0.01326,0.07747,0.02173,-55.34,4.022,-1,0.0000,-1.00,0.0000,0
187059,1790782334259,0.36250,0.05053,0.02256,0.07832,0.01394,0.08104,0.01040,0.04651,0.24308,0.01364,0.05790,0.01958,0.42410,0.00599,0.02427,0.08061,0.01246,0.01303,0.01028,0.05191,0.27525,0.01391,0.06680,0.02140,-54.89,4.350,-1,0.0000,-1.00,0.0000,0
187152,1790782334339,0.19901,0.05297,0.05248,0.15733,0.01827,0.04903,0.01756,0.03347,0.25570,0.01996,0.08196,0.06227,0.23280,0.00940,0.05845,0.16954,0.00785,0.01260,0.01917,0.02852,0.27277,0.02236,0.09571,0.07082,-55.19,3.068,-1,0.0000,-1.00,0.0000,0
187245,1790782334443,0.10042,0.05706,0.03347,0.21184,0.02079,0.02692,0.01352,0.05980,0.30508,0.03582,0.08579,0.04949,0.10727,0.00522,0.03200,0.23390,0.01336,0.01137,0.01461,0.06587,0.31858,0.04088,0.10055,0.05640,-55.97,3.661,-1,0.0000,-1.00,0.0000,0
187338,1790782334541,0.11442,0.04808,0.01938,0.12137,0.04022,0.04209,0.02199,0.13212,0.22055,0.03932,0.14730,0.05318,0.10632,0.00960,0.01531,0.11160,0.03652,0.02935,0.02445,0.15527,0.24215,0.03988,0.17068,0.05887,-56.31,2.647,-1,0.0000,-1.00,0.0000,0
187431,1790782334620,0.09123,0.04021,0.04272,0.04331,0.05028,0.02418,0.03315,0.18787,0.18823,0.04582,0.08386,0.16914,0.06971,0.00481,0.04112,0.03257,0.02227,0.01515,0.03849,0.21725,0.21877,0.05080,0.09748,0.19158,-55.02,2.259,-1,0.0000,-1.00,0.0000,0
187524,1790782334720,0.12491,0.03623,0.06503,0.05783,0.04097,0.03766,0.02235,0.14609,0.18008,0.01817,0.11093,0.15974,0.11788,0.00236,0.07408,0.04380,0.01211,0.02184,0.02632,0.16037,0.20710,0.01937,0.12859,0.18619,-54.95,2.161,-1,0.0000,-1.00,0.0000,0
187617,1790782334800,0.16781,0.01689,0.09329,0.04770,0.02178,0.04756,0.02158,0.31946,0.09450,0.02085,0.09306,0.05551,0.12504,0.00359,0.10736,0.03631,0.01391,0.03220,0.02515,0.36151,0.10597,0.02229,0.10513,0.06153,-55.70,3.834,-1,0.0000,-1.00,0.0000,0
187710,1790782334901,0.17528,0.02457,0.10935,0.04146,0.02657,0.05277,0.01254,0.28299,0.11600,0.02005,0.07495,0.06348,0.15659,0.00330,0.12689,0.03315,0.01881,0.03245,0.01437,0.31394,0.13187,0.02083,0.08338,0.06441,-55.68,3.396,-1,0.0000,-1.00,0.0000,0
187802,1790782334980,0.11305,0.02283,0.06237,0.09625,0.01385,0.03269,0.03308,0.15131,0.09609,0.02320,0.30790,0.04738,0.10226,0.00622,0.06949,0.04293,0.00685,0.01890,0.03840,0.16753,0.10663,0.02644,0.36519,0.04917,-55.56,3.695,-1,0.0000,-1.00,0.0000,0
187895,1790782335081,0.10552,0.01257,0.07266,0.11265,0.02232,0.03119,0.02341,0.12939,0.06875,0.02798,0.33626,0.05730,0.09889,0.00096,0.08094,0.05581,0.01399,0.01800,0.02786,0.13899,0.07117,0.03089,0.39935,0.06313,-55.54,4.035,-1,0.0000,-1.00,0.0000,0
187988,1790782335180,0.09371,0.01161,0.15946,0.08426,0.03524,0.04181,0.01544,0.22030,0.06864,0.02667,0.16689,0.07597,0.06646,0.00053,0.18571,0.06278,0.02483,0.03692,0.01668,0.22887,0.06980,0.02704,0.19265,0.08772,-56.21,2.644,-1,0.0000,-1.00,0.0000,0
188081,1790782335280,0.09151,0.01981,0.12371,0.11331,0.04479,0.04073,0.02140,0.22203,0.09910,0.03275,0.15172,0.03913,0.06246,0.00417,0.14224,0.10117,0.04534,0.03643,0.02458,0.23808,0.09869,0.03026,0.17458,0.04202,-56.05,2.664,-1,0.0000,-1.00,0.0000,0
188174,1790782335379,0.08805,0.01705,0.14711,0.11097,0.03438,0.04708,0.02207,0.18545,0.08027,0.02589,0.16724,0.07444,0.06786,0.00561,0.17088,0.09493,0.02451,0.04296,0.02534,0.18834,0.07633,0.02720,0.19188,0.08417,-56.11,2.225,-1,0.0000,-1.00,0.0000,0
188267,1790782335474,0.07085,0.02267,0.11504,0.14115,0.02669,0.03424,0.02202,0.19013,0.12646,0.02606,0.15230,0.07240,0.04480,0.00240,0.13227,0.13423,0.01557,0.03235,0.02527,0.20223,0.12488,0.02817,0.17607,0.08174,-56.13,2.282,-1,0.0000,-1.00,0.0000,0
188360,1790782335558,0.11360,0.02037,0.09237,0.08070,0.02614,0.01920,0.00734,0.39613,0.09816,0.01872,0.08293,0.04434,0.04623,0.00414,0.10705,0.07756,0.02068,0.01426,0.00797,0.45344,0.10225,0.01834,0.09654,0.05155,-56.12,4.754,-1,0.0000,-1.00,0.0000,0
188453,1790782335641,0.05881,0.02213,0.17415,0.11661,0.04632,0.02781,0.02229,0.23279,0.11572,0.03456,0.09438,0.05443,0.02296,0.00369,0.20218,0.11844,0.04356,0.02877,0.02517,0.23967,0.11518,0.03278,0.10739,0.06024,-55.88,2.794,-1,0.0000,-1.00,0.0000,0
188546,1790782335739,0.07515,0.02033,0.11826,0.14506,0.02727,0.02096,0.01174,0.30907,0.10896,0.02897,0.06504,0.06919,0.02388,0.00509,0.13549,0.15918,0.01703,0.02055,0.01282,0.34373,0.09900,0.03133,0.07386,0.07805,-55.34,3.709,-1,0.0000,-1.00,0.0000,0
188638,1790782335839,0.09461,0.02435,0.11353,0.06184,0.04876,0.04189,0.02755,0.29749,0.10689,0.02316,0.09868,0.06125,0.04787,0.00584,0.13231,0.05226,0.04512,0.04070,0.03173,0.33037,0.11771,0.01880,0.11018,0.06710,-55.48,3.570,-1,0.0000,-1.00,0.0000,0
188731,1790782335920,0.05467,0.01723,0.24485,0.05677,0.02291,0.05463,0.02473,0.25249,0.09539,0.02681,0.08069,0.06882,0.01634,0.00118,0.28748,0.05132,0.01190,0.06272,0.02940,0.24556,0.10413,0.02977,0.08425,0.07594,-55.39,3.030,-1,0.0000,-1.00,0.0000,0
188824,1790782336021,0.05297,0.01996,0.23520,0.11134,0.01756,0.02714,0.01171,0.25452,0.10492,0.01562,0.09440,0.05466,0.01300,0.00436,0.27846,0.11216,0.00858,0.02995,0.01316,0.24978,0.10348,0.01701,0.10718,0.06288,-55.47,3.054,-1,0.0000,-1.00,0.0000,0
188917,1790782336100,0.05902,0.02050,0.05326,0.13543,0.02805,0.06002,0.04351,0.23676,0.11120,0.02976,0.12169,0.10080,0.01644,0.00350,0.05720,0.13607,0.01163,0.06866,0.04998,0.27382,0.10627,0.03336,0.13221,0.11087,-56.28,2.841,-1,0.0000,-1.00,0.0000,0
189010,1790782336199,0.04865,0.02106,0.11984,0.10383,0.02561,0.06452,0.04675,0.12958,0.10454,0.22403,0.08846,0.02313,0.03110,0.00461,0.09143,0.10620,0.02736,0.07114,0.05509,0.13717,0.10404,0.26318,0.09189,0.01679,-56.99,2.688,-1,0.0000,-1.00,0.0000,0
189103,1790782336279,0.04374,0.03819,0.06091,0.14240,0.05699,0.02738,0.05910,0.09159,0.19158,0.07442,0.15431,0.05939,0.03229,0.00578,0.05745,0.13502,0.05665,0.02658,0.06723,0.10080,0.20235,0.07839,0.17963,0.05784,-57.06,2.299,-1,0.0000,-1.00,0.0000,0
189196,1790782336379,0.06372,0.03526,0.03255,0.24978,0.02037,0.02436,0.03249,0.05885,0.20162,0.02348,0.22841,0.02912,0.06255,0.00473,0.03416,0.24569,0.01890,0.01678,0.03575,0.06599,0.19288,0.02438,0.27037,0.02781,-57.10,2.997,-1,0.0000,-1.00,0.0000,0
189289,1790782336478,0.08398,0.04366,0.02591,0.23213,0.02747,0.02933,0.02245,0.10468,0.24178,0.04769,0.11936,0.02157,0.07655,0.00473,0.02084,0.25058,0.02880,0.01997,0.02581,0.12145,0.24003,0.05144,0.13906,0.02073,-57.34,2.901,-1,0.0000,-1.00,0.0000,0
189381,1790782336579,0.04509,0.07754,0.02793,0.18587,0.01950,0.01506,0.02470,0.06963,0.37666,0.01804,0.12346,0.01653,0.03844,0.01118,0.02999,0.19380,0.02050,0.01043,0.02693,0.07793,0.41291,0.01756,0.14586,0.01447,-57.80,4.520,-1,0.0000,-1.00,0.0000,0
189474,1790782336679,0.03133,0.04297,0.03294,0.31165,0.02077,0.01318,0.02135,0.09159,0.26281,0.03295,0.11131,0.02715,0.01664,0.00326,0.03228,0.34748,0.01942,0.01250,0.02494,0.10334,0.24538,0.03628,0.13090,0.02758,-58.45,3.740,-1,0.0000,-1.00,0.0000,0
189567,1790782336761,0.05621,0.04750,0.02182,0.21061,0.01771,0.01790,0.04428,0.11222,0.25295,0.02840,0.15131,0.03909,0.04108,0.00560,0.01994,0.21694,0.01394,0.01330,0.05114,0.13132,0.26009,0.03127,0.17867,0.03671,-58.77,3.035,-1,0.0000,-1.00,0.0000,0
189660,1790782336860,0.07789,0.05543,0.01999,0.18346,0.01541,0.01967,0.02697,0.07325,0.30174,0.02607,0.17786,0.02226,0.07656,0.00173,0.01833,0.17790,0.01441,0.00839,0.03151,0.08461,0.32629,0.02838,0.21146,0.02043,-58.74,3.621,-1,0.0000,-1.00,0.0000,0
189753,1790782336942,0.06045,0.04325,0.02621,0.21449,0.01737,0.01549,0.02280,0.07004,0.24322,0.03283,0.22293,0.03094,0.05664,0.00208,0.02418,0.20434,0.01450,0.00733,0.02635,0.07968,0.25093,0.03646,0.26567,0.03184,-58.53,2.919,-1,0.0000,-1.00,0.0000,0
189846,1790782337044,0.04619,0.05093,0.02228,0.18267,0.01557,0.01375,0.03073,0.07302,0.26411,0.02399,0.25625,0.02052,0.03881,0.00452,0.02159,0.15835,0.01519,0.00879,0.03570,0.08343,0.28507,0.02573,0.30530,0.01751,-58.32,3.169,-1,0.0000,-1.00,0.0000,0
189939,1790782337140,0.03720,0.05071,0.01081,0.23587,0.01999,0.01134,0.01759,0.04043,0.29037,0.01974,0.24763,0.01833,0.03516,0.00069,0.00897,0.22406,0.02039,0.00661,0.02013,0.04748,0.30306,0.02006,0.29541,0.01798,-58.65,3.484,-1,0.0000,-1.00,0.0000,0
190032,1790782337222,0.04487,0.07207,0.01549,0.18034,0.01219,0.01131,0.01551,0.04710,0.39166,0.02206,0.17198,0.01540,0.04290,0.00026,0.01372,0.17545,0.01125,0.00543,0.01744,0.05481,0.43429,0.02444,0.20500,0.01499,-57.75,4.700,-1,0.0000,-1.00,0.0000,0
190124,1790782337320,0.02072,0.09850,0.01615,0.13323,0.00618,0.00540,0.01209,0.04766,0.51582,0.01351,0.11925,0.01148,0.01379,0.00067,0.01635,0.13147,0.00516,0.00374,0.01251,0.05571,0.59201,0.01517,0.14215,0.01128,-57.44,6.190,-1,0.0000,-1.00,0.0000,0
190217,1790782337399,0.01967,0.09242,0.01319,0.15200,0.00901,0.00469,0.01659,0.02574,0.49567,0.04074,0.10936,0.02091,0.01547,0.00123,0.00637,0.15627,0.00599,0.00313,0.01886,0.03036,0.56295,0.04763,0.13042,0.02132,-57.88,5.948,-1,0.0000,-1.00,0.0000,0
190310,1790782337501,0.01957,0.06795,0.03761,0.12300,0.01484,0.00681,0.02920,0.03074,0.35883,0.16423,0.10233,0.04488,0.01472,0.00264,0.00636,0.12328,0.00846,0.00525,0.03400,0.03604,0.40538,0.19526,0.12157,0.04704,-57.74,4.306,-1,0.0000,-1.00,0.0000,0
190403,1790782337581,0.02517,0.07416,0.01295,0.15157,0.01651,0.00726,0.03048,0.04932,0.37066,0.05171,0.16516,0.04504,0.01858,0.00642,0.00364,0.14259,0.01047,0.00502,0.03521,0.05842,0.41588,0.05989,0.19691,0.04699,-57.88,4.448,-1,0.0000,-1.00,0.0000,0
190496,1790782337679,0.02697,0.08643,0.01344,0.14021,0.01511,0.00980,0.02019,0.04131,0.44848,0.03347,0.12707,0.03752,0.02273,0.00247,0.00854,0.13811,0.01010,0.00724,0.02315,0.04836,0.50996,0.03816,0.15083,0.04036,-58.05,5.382,-1,0.0000,-1.00,0.0000,0
190589,1790782337781,0.02879,0.07933,0.00641,0.16139,0.01863,0.00639,0.01317,0.04797,0.41617,0.01882,0.18020,0.02272,0.02302,0.00255,0.00349,0.15084,0.01411,0.00651,0.01495,0.05712,0.46742,0.02111,0.21463,0.02426,-58.09,4.994,-1,0.0000,-1.00,0.0000,0
190682,1790782337882,0.04742,0.08060,0.01301,0.14538,0.01806,0.02075,0.03534,0.03044,0.35694,0.04493,0.18370,0.02344,0.04799,0.01880,0.00544,0.13125,0.01548,0.01745,0.03841,0.03560,0.40126,0.05119,0.21665,0.02047,-58.16,4.283,-1,0.0000,-1.00,0.0000,0
190775,1790782337979,0.03854,0.04847,0.02617,0.18058,0.00976,0.03923,0.02512,0.02887,0.24652,0.03031,0.30329,0.02314,0.03945,0.00525,0.02443,0.14589,0.00683,0.03953,0.02486,0.03396,0.26647,0.03496,0.35557,0.02280,-57.77,3.639,-1,0.0000,-1.00,0.0000,0
190868,1790782338060,0.03838,0.07146,0.01446,0.15364,0.00965,0.01783,0.03968,0.07639,0.37321,0.03384,0.14558,0.02590,0.01521,0.01575,0.00957,0.15024,0.00713,0.01835,0.04371,0.09034,0.41741,0.03913,0.17080,0.02236,-57.25,4.479,-1,0.0000,-1.00,0.0000,0
190960,1790782338160,0.03105,0.05997,0.02599,0.29011,0.00865,0.02868,0.03673,0.03258,0.20250,0.02893,0.22755,0.02726,0.03043,0.03534,0.02447,0.29468,0.00530,0.02837,0.03700,0.03419,0.18423,0.03362,0.26704,0.02533,-56.91,3.481,-1,0.0000,-1.00,0.0000,0
191053,1790782338240,0.03207,0.04530,0.01209,0.32354,0.02405,0.03090,0.02031,0.04768,0.25056,0.04317,0.14215,0.02816,0.02731,0.00871,0.00514,0.35516,0.02302,0.03162,0.02261,0.05611,0.22983,0.04717,0.16406,0.02926,-56.50,3.883,-1,0.0000,-1.00,0.0000,0
191146,1790782338338,0.04695,0.05821,0.03452,0.11509,0.01871,0.16213,0.03189,0.02818,0.23810,0.08499,0.14010,0.04113,0.04881,0.01928,0.02164,0.11188,0.01400,0.18460,0.03440,0.02947,0.26267,0.09950,0.13128,0.04247,-57.01,2.857,-1,0.0000,-1.00,0.0000,0
191239,1790782338442,0.03640,0.05048,0.01586,0.27464,0.02946,0.04476,0.04662,0.06732,0.20328,0.03639,0.16192,0.03287,0.02625,0.02576,0.01125,0.29253,0.02936,0.04856,0.05071,0.07848,0.18427,0.03910,0.18440,0.02933,-57.86,3.296,-1,0.0000,-1.00,0.0000,0
191332,1790782338521,0.04790,0.07678,0.02301,0.08920,0.03721,0.08902,0.03778,0.13072,0.24389,0.05584,0.11881,0.04984,0.02619,0.03807,0.01563,0.08267,0.03379,0.10192,0.03764,0.15361,0.27585,0.06021,0.12216,0.05226,-57.75,2.927,-1,0.0000,-1.00,0.0000,0
191425,1790782338620,0.08674,0.03721,0.03021,0.08290,0.02992,0.19895,0.03385,0.07819,0.14064,0.09438,0.16362,0.02339,0.08548,0.01441,0.01492,0.06921,0.03071,0.22250,0.03756,0.09088,0.15450,0.10730,0.15195,0.02058,-56.47,2.387,-1,0.0000,-1.00,0.0000,0
191518,1790782338699,0.05772,0.05548,0.03271,0.06307,0.01345,0.22622,0.02914,0.03260,0.22937,0.15063,0.08829,0.02132,0.06157,0.01454,0.00390,0.06477,0.01230,0.25886,0.03201,0.03832,0.26200,0.17805,0.05448,0.01920,-56.55,2.752,-1,0.0000,-1.00,0.0000,0
191611,1790782338801,0.02913,0.08129,0.03219,0.06129,0.01610,0.22870,0.03076,0.04082,0.18973,0.14258,0.12004,0.02737,0.02514,0.05483,0.00521,0.05550,0.01381,0.26905,0.02599,0.04788,0.21615,0.16830,0.09049,0.02764,-58.03,2.744,-1,0.0000,-1.00,0.0000,0
191703,1790782338880,0.02882,0.10337,0.03778,0.06686,0.00801,0.08639,0.05503,0.07208,0.23544,0.15570,0.12010,0.03042,0.01687,0.07099,0.00846,0.05552,0.00441,0.10017,0.05187,0.08469,0.27111,0.18569,0.12406,0.02616,-57.26,2.825,-1,0.0000,-1.00,0.0000,0
191796,1790782338979,0.06856,0.05327,0.03500,0.08137,0.01028,0.26502,0.03350,0.04616,0.13680,0.14078,0.10249,0.02678,0.07153,0.03468,0.00878,0.08508,0.00726,0.30338,0.03326,0.05357,0.14705,0.16725,0.06267,0.02549,-55.92,3.180,-1,0.0000,-1.00,0.0000,0
191889,1790782339080,0.08358,0.04553,0.03575,0.05841,0.01518,0.33440,0.02158,0.03985,0.09831,0.13876,0.10565,0.02300,0.09081,0.03526,0.01042,0.05993,0.01375,0.38269,0.01844,0.04612,0.10592,0.16354,0.05073,0.02241,-55.97,4.013,-1,0.0000,-1.00,0.0000,0
191982,1790782339179,0.08861,0.05642,0.03375,0.07478,0.03918,0.15476,0.06261,0.04332,0.13059,0.16083,0.09239,0.06277,0.09462,0.04091,0.00360,0.07421,0.03466,0.16668,0.06692,0.05120,0.14176,0.18584,0.07766,0.06195,-56.31,1.930,-1,0.0000,-1.00,0.0000,0
192075,1790782339282,0.05102,0.04311,0.01338,0.21054,0.03189,0.07346,0.04800,0.12366,0.13355,0.03358,0.19495,0.04286,0.03212,0.02815,0.00924,0.20917,0.03008,0.08166,0.05194,0.14634,0.11856,0.03427,0.21741,0.04106,-56.19,2.526,-1,0.0000,-1.00,0.0000,0
192168,1790782339359,0.02362,0.07829,0.03497,0.24261,0.01734,0.06989,0.07136,0.06960,0.20172,0.04600,0.09659,0.04800,0.01301,0.05663,0.03138,0.27095,0.01229,0.08116,0.07428,0.07718,0.18759,0.05309,0.09965,0.04279,-57.19,2.911,-1,0.0000,-1.00,0.0000,0
192261,1790782339475,0.03064,0.07555,0.13334,0.15840,0.01605,0.06284,0.04866,0.05175,0.19300,0.11072,0.09327,0.02579,0.02948,0.05137,0.13405,0.17038,0.01474,0.06967,0.04708,0.03648,0.19748,0.12975,0.09795,0.02156,-57.95,2.316,-1,0.0000,-1.00,0.0000,0
192354,1790782339540,0.02450,0.06089,0.04546,0.25787,0.01047,0.05762,0.02216,0.05189,0.18835,0.17908,0.08403,0.01769,0.01577,0.04140,0.01229,0.29163,0.00894,0.06603,0.01824,0.05984,0.16787,0.21281,0.08760,0.01758,-56.67,3.094,-1,0.0000,-1.00,0.0000,0
192446,1790782339641,0.02341,0.12648,0.01668,0.27249,0.02043,0.07336,0.03433,0.03490,0.24465,0.06067,0.07357,0.01902,0.01920,0.10653,0.00640,0.31234,0.02074,0.08410,0.02002,0.04056,0.23123,0.06858,0.07149,0.01883,-56.66,3.270,-1,0.0000,-1.00,0.0000,0
192539,1790782339739,0.03164,0.16289,0.01444,0.19048,0.02412,0.03548,0.05436,0.06174,0.25358,0.05150,0.08520,0.03457,0.02156,0.14510,0.00594,0.20951,0.02212,0.03824,0.03634,0.07284,0.26231,0.05732,0.09451,0.03422,-57.70,3.043,-1,0.0000,-1.00,0.0000,0
192632,1790782339820,0.02831,0.20493,0.02754,0.11458,0.02520,0.04620,0.06214,0.03807,0.32525,0.03557,0.06487,0.02732,0.02589,0.17317,0.02554,0.12386,0.02528,0.05023,0.04013,0.04055,0.36517,0.03761,0.06777,0.02478,-58.13,3.903,-1,0.0000,-1.00,0.0000,0
192725,1790782339919,0.03792,0.10627,0.00436,0.39315,0.02156,0.03970,0.03005,0.02162,0.27536,0.01623,0.03972,0.01406,0.04105,0.08033,0.00229,0.46320,0.02345,0.03943,0.02002,0.02551,0.23813,0.01480,0.03978,0.01201,-56.94,4.718,-1,0.0000,-1.00,0.0000,0
192818,1790782340000,0.01793,0.08155,0.00397,0.48212,0.01053,0.03068,0.01657,0.01392,0.28888,0.00999,0.03506,0.00881,0.01764,0.05218,0.00279,0.57068,0.01057,0.03359,0.00947,0.01616,0.23296,0.00994,0.03535,0.00868,-56.16,5.785,-1,0.0000,-1.00,0.0000,0
192911,1790782340101,0.03691,0.12790,0.02888,0.17778,0.03265,0.09768,0.02408,0.01841,0.36154,0.01790,0.04687,0.02941,0.04109,0.07548,0.03158,0.20623,0.03114,0.11044,0.01389,0.01579,0.39233,0.01527,0.03427,0.03249,-57.12,4.338,-1,0.0000,-1.00,0.0000,0
193004,1790782340178,0.04769,0.13361,0.00651,0.09792,0.03270,0.34173,0.02466,0.01655,0.17992,0.01379,0.09327,0.01164,0.05280,0.12239,0.00594,0.11086,0.03662,0.39901,0.00529,0.01866,0.19350,0.00938,0.03266,0.01290,-57.90,4.101,-1,0.0000,-1.00,0.0000,0
193097,1790782340279,0.05833,0.10104,0.01261,0.07078,0.01576,0.39058,0.04425,0.01538,0.16424,0.02126,0.09297,0.01281,0.06662,0.08581,0.01072,0.08062,0.01687,0.45529,0.03601,0.01630,0.18081,0.02213,0.02114,0.00767,-57.52,4.687,-1,0.0000,-1.00,0.0000,0
193190,1790782340399,0.04660,0.06272,0.05799,0.07569,0.02219,0.24251,0.03175,0.02679,0.07767,0.27501,0.06367,0.01741,0.04897,0.06078,0.00509,0.08661,0.02346,0.28088,0.02581,0.03128,0.07590,0.32487,0.02061,0.01575,-56.56,3.300,-1,0.0000,-1.00,0.0000,0
193282,1790782340480,0.06562,0.08119,0.03838,0.05079,0.01743,0.26447,0.04440,0.01726,0.14660,0.19185,0.06426,0.01775,0.07457,0.06472,0.00114,0.05747,0.01825,0.30212,0.04037,0.02046,0.16427,0.22626,0.01710,0.01327,-56.47,3.174,-1,0.0000,-1.00,0.0000,0
193375,1790782340580,0.12586,0.11695,0.01636,0.07415,0.04748,0.15287,0.06602,0.04241,0.20668,0.05896,0.05016,0.04210,0.13878,0.09659,0.00734,0.08321,0.04545,0.15945,0.05996,0.04936,0.23098,0.06182,0.02849,0.03856,-57.50,2.480,-1,0.0000,-1.00,0.0000,0
193468,1790782340661,0.07771,0.10013,0.02616,0.11165,0.03666,0.18521,0.04579,0.04557,0.18542,0.07507,0.06519,0.04545,0.08284,0.08090,0.01488,0.12638,0.03465,0.20550,0.03865,0.05183,0.19712,0.08308,0.03737,0.04680,-57.93,2.225,-1,0.0000,-1.00,0.0000,0
193561,1790782340761,0.04014,0.04658,0.03675,0.11363,0.02342,0.27016,0.02042,0.02225,0.15732,0.16917,0.07878,0.02139,0.04296,0.02386,0.00470,0.12983,0.02379,0.31520,0.01974,0.02573,0.16236,0.19840,0.03191,0.02151,-56.87,3.242,-1,0.0000,-1.00,0.0000,0
193654,1790782340840,0.13990,0.02796,0.04088,0.07884,0.02693,0.18921,0.04792,0.03134,0.11598,0.19592,0.05902,0.04611,0.16020,0.00951,0.00337,0.08811,0.02350,0.19496,0.05545,0.03697,0.12151,0.23009,0.03207,0.04426,-56.28,2.351,-1,0.0000,-1.00,0.0000,0
193747,1790782340943,0.10510,0.03365,0.05207,0.06924,0.04804,0.11565,0.04640,0.02921,0.13351,0.25574,0.04580,0.06560,0.11912,0.01172,0.00327,0.07660,0.04408,0.11496,0.05327,0.03435,0.14424,0.29825,0.03209,0.06804,-56.18,3.069,-1,0.0000,-1.00,0.0000,0
193840,1790782341042,0.06389,0.04214,0.01715,0.25513,0.06764,0.06025,0.04809,0.09465,0.15351,0.07889,0.06972,0.04894,0.05294,0.02679,0.00462,0.29157,0.07148,0.06170,0.05231,0.11250,0.12614,0.08036,0.07132,0.04827,-56.35,3.062,-1,0.0000,-1.00,0.0000,0
193933,1790782341120,0.05577,0.05106,0.02048,0.29090,0.05390,0.02713,0.05191,0.07557,0.15715,0.10386,0.06487,0.04741,0.04990,0.03767,0.00206,0.33404,0.05580,0.02261,0.05473,0.09014,0.12208,0.11338,0.07325,0.04432,-57.22,3.491,-1,0.0000,-1.00,0.0000,0
194025,1790782341220,0.05109,0.05725,0.04945,0.29385,0.05051,0.09246,0.03040,0.03545,0.12654,0.04056,0.15174,0.02070,0.05261,0.05494,0.05018,0.32001,0.05660,0.10035,0.02554,0.03253,0.07977,0.04579,0.16193,0.01974,-57.74,3.526,-1,0.0000,-1.00,0.0000,0
194118,1790782341299,0.10068,0.08903,0.01168,0.27106,0.01510,0.06418,0.04383,0.02795,0.21864,0.03437,0.08279,0.04068,0.11416,0.06697,0.00607,0.30726,0.00995,0.05427,0.03884,0.03270,0.20029,0.03999,0.08845,0.04105,-58.01,3.253,-1,0.0000,-1.00,0.0000,0
194211,1790782341400,0.09048,0.16426,0.01437,0.09383,0.03031,0.04682,0.03163,0.03879,0.34611,0.05536,0.04740,0.04065,0.09759,0.12052,0.00507,0.10262,0.02721,0.03676,0.01400,0.04547,0.39401,0.06130,0.04951,0.04593,-58.14,4.153,-1,0.0000,-1.00,0.0000,0
194304,1790782341479,0.07490,0.21186,0.00477,0.18674,0.01404,0.04373,0.05970,0.02483,0.25963,0.01975,0.06757,0.03248,0.08328,0.20148,0.00143,0.20912,0.01044,0.03589,0.03155,0.02951,0.26965,0.02159,0.07385,0.03220,-58.02,3.116,-1,0.0000,-1.00,0.0000,0
194397,1790782341579,0.08166,0.23161,0.12437,0.09545,0.02137,0.05071,0.08039,0.04653,0.18368,0.02423,0.03928,0.02072,0.08918,0.23808,0.14414,0.10673,0.02197,0.04308,0.03257,0.04373,0.19893,0.02468,0.03853,0.01838,-56.36,2.779,-1,0.0000,-1.00,0.0000,0
194490,1790782341700,0.02781,0.18498,0.00429,0.45958,0.00495,0.02155,0.04670,0.03214,0.14451,0.00827,0.05920,0.00602,0.02579,0.20844,0.00338,0.53743,0.00507,0.02072,0.01448,0.03799,0.06661,0.00890,0.06683,0.00435,-54.58,5.515,-1,0.0000,-1.00,0.0000,0
194583,1790782341779,0.01973,0.13790,0.00263,0.45218,0.04645,0.01625,0.03272,0.02054,0.16225,0.01478,0.08037,0.01419,0.01872,0.14739,0.00171,0.52335,0.05260,0.01584,0.00999,0.02427,0.09067,0.00728,0.09317,0.01502,-54.67,5.426,-1,0.0000,-1.00,0.0000,0
194676,1790782341879,0.05017,0.14315,0.00953,0.08862,0.07982,0.24170,0.03144,0.03095,0.16411,0.03639,0.08928,0.03484,0.05320,0.13654,0.00615,0.09597,0.08743,0.27951,0.01047,0.03600,0.17729,0.02660,0.05157,0.03928,-55.97,2.900,-1,0.0000,-1.00,0.0000,0
194768,1790782341971,0.04906,0.13438,0.02698,0.08101,0.02270,0.14431,0.06285,0.02919,0.25310,0.07698,0.07784,0.04160,0.05243,0.10437,0.01464,0.08501,0.01846,0.16353,0.05462,0.03208,0.28581,0.08919,0.06085,0.03902,-57.19,3.037,-1,0.0000,-1.00,0.0000,0
194861,1790782342063,0.04513,0.15451,0.02442,0.07548,0.02318,0.15564,0.06370,0.03004,0.22817,0.05054,0.08257,0.06661,0.04867,0.13400,0.01781,0.07778,0.01412,0.17684,0.04977,0.03247,0.25799,0.05776,0.06388,0.06892,-57.49,2.738,-1,0.0000,-1.00,0.0000,0
194954,1790782342141,0.02439,0.09287,0.01617,0.05395,0.01393,0.35425,0.04789,0.02053,0.18445,0.04792,0.11204,0.03162,0.02511,0.06960,0.00842,0.05451,0.01097,0.41950,0.04317,0.02334,0.21021,0.05524,0.05109,0.02882,-57.24,4.251,-1,0.0000,-1.00,0.0000,0
195047,1790782342239,0.02784,0.08727,0.02025,0.07418,0.20378,0.11579,0.07449,0.01508,0.17030,0.07411,0.08687,0.05004,0.02951,0.06776,0.01591,0.07347,0.23524,0.13290,0.07518,0.01556,0.18950,0.04217,0.07774,0.04506,-57.41,2.445,-1,0.0000,-1.00,0.0000,0
195140,1790782342340,0.04834,0.07543,0.01488,0.11000,0.02834,0.33432,0.05028,0.03763,0.12992,0.02134,0.11928,0.03024,0.05002,0.06421,0.01387,0.11882,0.02874,0.39068,0.04752,0.04234,0.13203,0.01996,0.06548,0.02632,-57.56,4.012,-1,0.0000,-1.00,0.0000,0
195233,1790782342421,0.08666,0.08863,0.05108,0.19273,0.06417,0.06437,0.04497,0.03932,0.19199,0.05506,0.08206,0.03897,0.09649,0.06900,0.05079,0.21377,0.06795,0.05926,0.04017,0.03707,0.18767,0.05251,0.08658,0.03874,-58.00,2.313,-1,0.0000,-1.00,0.0000,0
195326,1790782342521,0.05196,0.11461,0.01346,0.09280,0.08627,0.24997,0.02839,0.01801,0.19617,0.04742,0.09021,0.01074,0.05811,0.09520,0.00854,0.10112,0.10073,0.28869,0.01514,0.01989,0.21359,0.03827,0.05086,0.00986,-57.97,3.000,-1,0.0000,-1.00,0.0000,0
195419,1790782342600,0.04147,0.06333,0.08059,0.04752,0.01262,0.15734,0.02872,0.01360,0.09105,0.37916,0.06296,0.02165,0.04673,0.05618,0.00693,0.04903,0.01076,0.17942,0.02328,0.01492,0.09937,0.45219,0.03987,0.02132,-56.71,4.550,-1,0.0000,-1.00,0.0000,0
195512,1790782342699,0.04795,0.07822,0.04115,0.04052,0.06673,0.17451,0.08785,0.02989,0.15784,0.19814,0.05017,0.02704,0.05056,0.05798,0.00527,0.04446,0.07722,0.19908,0.09377,0.03477,0.18032,0.22210,0.02065,0.01381,-56.59,2.378,-1,0.0000,-1.00,0.0000,0
195604,1790782342779,0.04877,0.05965,0.01273,0.23131,0.04950,0.11030,0.10714,0.07864,0.17827,0.05512,0.03606,0.03251,0.03993,0.04006,0.00419,0.27348,0.05632,0.12425,0.12043,0.09341,0.15846,0.05581,0.01858,0.01508,-57.32,2.776,-1,0.0000,-1.00,0.0000,0
195697,1790782342879,0.08122,0.04063,0.29381,0.08022,0.04809,0.06716,0.07892,0.09583,0.10779,0.04112,0.02728,0.03793,0.08748,0.02728,0.34429,0.09217,0.05100,0.06423,0.08902,0.04671,0.11089,0.03916,0.01995,0.02780,-55.81,3.526,-1,0.0000,-1.00,0.0000,0
195790,1790782343001,0.05744,0.04934,0.00885,0.41671,0.02656,0.03817,0.04281,0.03061,0.23258,0.01909,0.03932,0.03852,0.06184,0.02318,0.00703,0.49130,0.02451,0.03347,0.04670,0.03528,0.18129,0.01802,0.04048,0.03690,-55.69,5.001,-1,0.0000,-1.00,0.0000,0
195883,1790782343079,0.03687,0.16836,0.01244,0.19265,0.01442,0.07431,0.05861,0.03159,0.31450,0.02301,0.04399,0.02925,0.03692,0.13582,0.00991,0.22360,0.01200,0.08172,0.04257,0.03662,0.33252,0.02520,0.03651,0.02661,-58.06,3.774,-1,0.0000,-1.00,0.0000,0
195976,1790782343180,0.01793,0.16408,0.03109,0.10765,0.01077,0.06712,0.08437,0.02840,0.38139,0.03344,0.04263,0.03111,0.01681,0.11081,0.02963,0.12192,0.00822,0.07768,0.07912,0.02817,0.43278,0.03849,0.03568,0.02069,-59.14,4.577,-1,0.0000,-1.00,0.0000,0
196069,1790782343261,0.05976,0.17525,0.00844,0.14945,0.03332,0.05081,0.05217,0.03877,0.34668,0.01875,0.03451,0.03210,0.06256,0.13453,0.00694,0.17282,0.03272,0.04947,0.03579,0.04513,0.38114,0.01598,0.03155,0.03137,-60.01,4.160,-1,0.0000,-1.00,0.0000,0
196162,1790782343359,0.08042,0.16509,0.06207,0.13272,0.02138,0.03107,0.03633,0.02909,0.37341,0.02671,0.01836,0.02336,0.09215,0.11522,0.06885,0.15541,0.02088,0.01897,0.02069,0.02121,0.41662,0.02786,0.01824,0.02389,-60.39,4.481,-1,0.0000,-1.00,0.0000,0
196255,1790782343441,0.05542,0.12725,0.02773,0.14919,0.01827,0.08221,0.02786,0.03807,0.32692,0.06744,0.05196,0.02767,0.05640,0.08351,0.01781,0.16986,0.01604,0.08732,0.01678,0.04213,0.35790,0.07778,0.04495,0.02952,-56.76,3.923,-1,0.0000,-1.00,0.0000,0
196347,1790782343540,0.08496,0.05123,0.03631,0.07238,0.01316,0.18804,0.02496,0.01451,0.17555,0.15906,0.12647,0.05337,0.09794,0.02336,0.00589,0.06478,0.00418,0.20590,0.02527,0.01622,0.19751,0.18976,0.11073,0.05846,-55.01,2.256,-1,0.0000,-1.00,0.0000,0
196440,1790782343640,0.04903,0.06902,0.01185,0.07158,0.04399,0.03727,0.08222,0.14994,0.11827,0.02878,0.11882,0.21923,0.02023,0.06014,0.00752,0.05915,0.00404,0.04064,0.08660,0.17818,0.12999,0.03369,0.13432,0.24553,-55.01,2.631,-1,0.0000,-1.00,0.0000,0
196533,1790782343720,0.08065,0.02750,0.02003,0.02597,0.05215,0.01361,0.02644,0.34426,0.04414,0.05289,0.05719,0.25516,0.01532,0.02318,0.01155,0.01806,0.00274,0.01349,0.02708,0.41022,0.04932,0.06284,0.06585,0.30037,-55.22,4.131,-1,0.0000,-1.00,0.0000,0
196626,1790782343820,0.09233,0.02685,0.05387,0.06270,0.03023,0.01273,0.04349,0.36855,0.04432,0.02590,0.12242,0.11662,0.02482,0.02347,0.05880,0.04646,0.01027,0.01033,0.04452,0.43289,0.04389,0.02900,0.14464,0.13092,-55.51,4.423,-1,0.0000,-1.00,0.0000,0
196719,1790782343900,0.09826,0.06351,0.05394,0.02884,0.02517,0.00745,0.04779,0.47744,0.05870,0.02628,0.02896,0.08366,0.00664,0.06327,0.05886,0.02798,0.01205,0.00761,0.04472,0.56041,0.06477,0.02912,0.03319,0.09138,-55.86,5.729,-1,0.0000,-1.00,0.0000,0
196812,1790782343999,0.09452,0.03751,0.08141,0.04006,0.02153,0.01239,0.08708,0.45536,0.06132,0.02511,0.02451,0.05921,0.00847,0.03231,0.09219,0.04270,0.01558,0.01316,0.09794,0.52735,0.06501,0.02700,0.02675,0.05154,-55.80,5.464,-1,0.0000,-1.00,0.0000,0
196905,1790782344079,0.10452,0.03891,0.08490,0.03507,0.03003,0.01768,0.03123,0.51338,0.04703,0.01721,0.02007,0.05997,0.01504,0.03701,0.09853,0.03797,0.02448,0.01820,0.03009,0.59562,0.04847,0.01613,0.02044,0.05803,-55.60,6.161,-1,0.0000,-1.00,0.0000,0
196998,1790782344180,0.06771,0.05775,0.06309,0.05793,0.02483,0.00968,0.12961,0.31841,0.16158,0.02590,0.03647,0.04704,0.00401,0.03751,0.07037,0.06119,0.02402,0.01117,0.14786,0.36758,0.18136,0.02639,0.04149,0.02705,-56.54,3.821,-1,0.0000,-1.00,0.0000,0
197090,1790782344306,0.07685,0.05530,0.04407,0.06263,0.01296,0.01082,0.07428,0.36055,0.20406,0.03254,0.01631,0.04963,0.02758,0.02255,0.04551,0.07146,0.01120,0.00758,0.08453,0.42301,0.23035,0.03678,0.01804,0.02142,-57.00,4.327,-1,0.0000,-1.00,0.0000,0
197183,1790782344380,0.06087,0.05391,0.05445,0.07466,0.02916,0.07284,0.10391,0.15709,0.16686,0.14712,0.03585,0.04329,0.03685,0.02827,0.03143,0.08411,0.02887,0.08044,0.11891,0.18200,0.18326,0.17056,0.02701,0.02830,-55.50,2.002,-1,0.0000,-1.00,0.0000,0
197276,1790782344482,0.09503,0.03065,0.05921,0.03997,0.01039,0.07359,0.06678,0.18954,0.09402,0.22492,0.07210,0.04380,0.07627,0.01746,0.01766,0.03363,0.00671,0.07306,0.07626,0.22391,0.10534,0.26883,0.07191,0.02896,-54.83,2.699,-1,0.0000,-1.00,0.0000,0
197369,1790782344561,0.08446,0.02585,0.05264,0.04509,0.03344,0.01451,0.05703,0.41523,0.04037,0.02762,0.06346,0.14029,0.00442,0.02332,0.05688,0.03961,0.00924,0.01651,0.06371,0.48627,0.04052,0.03127,0.07277,0.15548,-54.71,4.983,-1,0.0000,-1.00,0.0000,0
197462,1790782344660,0.09093,0.03726,0.08029,0.05056,0.03006,0.01199,0.04407,0.45293,0.05355,0.02750,0.04704,0.07382,0.00492,0.03395,0.09041,0.04993,0.02029,0.01339,0.04608,0.52479,0.05394,0.02925,0.05372,0.07932,-55.70,5.435,-1,0.0000,-1.00,0.0000,0
197555,1790782344740,0.06990,0.04210,0.04326,0.10510,0.03089,0.01486,0.14413,0.28579,0.11691,0.02434,0.03148,0.09123,0.01770,0.02768,0.04659,0.11902,0.02192,0.01429,0.16722,0.33321,0.11482,0.02649,0.03489,0.07617,-57.44,3.430,-1,0.0000,-1.00,0.0000,0
197648,1790782344840,0.07446,0.03518,0.13181,0.08016,0.01788,0.01310,0.04254,0.35752,0.13708,0.02030,0.02844,0.06152,0.01497,0.01312,0.15349,0.08980,0.00964,0.01273,0.04838,0.39797,0.14645,0.02242,0.03156,0.05948,-57.65,4.290,-1,0.0000,-1.00,0.0000,0
197741,1790782344943,0.06952,0.02695,0.16585,0.07574,0.01314,0.01069,0.08687,0.33215,0.11987,0.01754,0.02575,0.05592,0.01189,0.00720,0.19478,0.08505,0.00646,0.01046,0.10181,0.36023,0.12662,0.01989,0.02879,0.04682,-57.55,3.986,-1,0.0000,-1.00,0.0000,0
197834,1790782345022,0.06165,0.04786,0.05986,0.06543,0.00933,0.01197,0.15325,0.28277,0.21857,0.01876,0.02418,0.04637,0.00929,0.00832,0.06755,0.07314,0.00731,0.01250,0.18164,0.32577,0.24734,0.02109,0.02650,0.01955,-57.49,3.393,-1,0.0000,-1.00,0.0000,0
197926,1790782345120,0.02275,0.11652,0.02703,0.05856,0.00950,0.00572,0.08187,0.08823,0.52294,0.02502,0.01298,0.02888,0.00729,0.01817,0.02664,0.06731,0.00804,0.00559,0.09416,0.10078,0.61263,0.02901,0.01444,0.01594,-57.61,6.275,-1,0.0000,-1.00,0.0000,0
198019,1790782345201,0.04168,0.09505,0.03754,0.06186,0.01432,0.01659,0.05833,0.15603,0.40294,0.03675,0.04031,0.03860,0.01432,0.02084,0.03657,0.06522,0.01058,0.01705,0.06577,0.17971,0.46939,0.04243,0.04492,0.03321,-57.92,4.835,-1,0.0000,-1.00,0.0000,0
198112,1790782345301,0.08564,0.07353,0.02745,0.05481,0.02452,0.04481,0.04869,0.16327,0.34976,0.04545,0.04778,0.03430,0.06596,0.00723,0.02303,0.05592,0.02372,0.04061,0.05691,0.19107,0.40801,0.04976,0.04920,0.02859,-57.46,4.197,-1,0.0000,-1.00,0.0000,0
198205,1790782345380,0.10129,0.06358,0.01502,0.06008,0.01843,0.02311,0.01937,0.26729,0.27972,0.03267,0.07091,0.04853,0.05784,0.01238,0.01068,0.05578,0.01137,0.01623,0.02076,0.31815,0.32412,0.03689,0.08176,0.05404,-56.69,3.357,-1,0.0000,-1.00,0.0000,0
198298,1790782345480,0.12271,0.04288,0.01475,0.04435,0.01286,0.01795,0.01582,0.29009,0.30790,0.02643,0.06551,0.03875,0.05593,0.00231,0.01166,0.03799,0.00691,0.01043,0.01802,0.34575,0.36141,0.03030,0.07643,0.04286,-57.06,3.695,-1,0.0000,-1.00,0.0000,0
198391,1790782345601,0.07927,0.07185,0.01964,0.06845,0.01749,0.01889,0.02120,0.12706,0.36580,0.04015,0.11365,0.05655,0.06537,0.00140,0.01430,0.05541,0.00851,0.00968,0.02513,0.14941,0.42718,0.04657,0.13426,0.06278,-56.83,4.390,-1,0.0000,-1.00,0.0000,0
198484,1790782345679,0.06594,0.07979,0.01635,0.14885,0.00894,0.01614,0.04329,0.06712,0.42392,0.03838,0.06179,0.02949,0.06335,0.00138,0.01066,0.16395,0.00571,0.00677,0.05095,0.07896,0.47529,0.04502,0.07269,0.02524,-56.57,5.087,-1,0.0000,-1.00,0.0000,0
198577,1790782345779,0.09095,0.06968,0.01267,0.20490,0.01235,0.03443,0.02473,0.04525,0.38743,0.03351,0.03429,0.04980,0.09852,0.00082,0.00738,0.23824,0.00403,0.02183,0.02947,0.05276,0.41700,0.03936,0.03676,0.05383,-57.27,4.649,-1,0.0000,-1.00,0.0000,0
198669,1790782345861,0.12941,0.04174,0.01942,0.16442,0.02252,0.05608,0.01514,0.03570,0.29701,0.05593,0.07577,0.08685,0.13220,0.00139,0.01020,0.18063,0.00706,0.04099,0.01773,0.04090,0.31978,0.06593,0.08267,0.10055,-57.42,3.564,-1,0.0000,-1.00,0.0000,0
198762,1790782345980,0.08322,0.10666,0.01505,0.06554,0.02267,0.03772,0.02149,0.06452,0.46070,0.03747,0.05042,0.03456,0.08406,0.02189,0.00991,0.06768,0.01982,0.02853,0.02141,0.07534,0.53861,0.04097,0.05476,0.03702,-56.77,5.528,-1,0.0000,-1.00,0.0000,0
198855,1790782346040,0.13361,0.07817,0.01127,0.06431,0.01981,0.17578,0.01569,0.04889,0.32304,0.02302,0.08234,0.02407,0.14804,0.02032,0.00877,0.06463,0.01861,0.18128,0.01471,0.05691,0.37427,0.02389,0.06273,0.02586,-56.05,3.876,-1,0.0000,-1.00,0.0000,0
198948,1790782346140,0.20814,0.05160,0.00517,0.09080,0.00808,0.19025,0.01048,0.03797,0.24469,0.01901,0.11176,0.02207,0.23929,0.00838,0.00186,0.08935,0.00481,0.18058,0.01090,0.04512,0.27548,0.02183,0.09812,0.02428,-55.61,2.936,-1,0.0000,-1.00,0.0000,0
199041,1790782346240,0.18773,0.05397,0.00847,0.14017,0.00838,0.15561,0.00737,0.04980,0.25869,0.02821,0.07977,0.02181,0.21326,0.00930,0.00365,0.15468,0.00505,0.14427,0.00699,0.05896,0.27931,0.03280,0.06699,0.02475,-55.90,3.104,-1,0.0000,-1.00,0.0000,0
199134,1790782346318,0.09779,0.05140,0.01267,0.07099,0.00586,0.20222,0.00622,0.16154,0.26613,0.05432,0.05270,0.01815,0.07889,0.00160,0.00238,0.08145,0.00298,0.22668,0.00706,0.19317,0.30262,0.06461,0.01821,0.02035,-56.59,3.194,-1,0.0000,-1.00,0.0000,0
199227,1790782346418,0.10766,0.04775,0.01158,0.04719,0.01361,0.14117,0.00571,0.23110,0.24938,0.04027,0.07398,0.03061,0.07268,0.00139,0.00462,0.04505,0.00929,0.15475,0.00653,0.27603,0.28964,0.04665,0.05797,0.03538,-57.56,2.993,-1,0.0000,-1.00,0.0000,0
199320,1790782346501,0.12848,0.05118,0.01445,0.05016,0.00905,0.19260,0.04913,0.06910,0.26057,0.05847,0.09018,0.02664,0.13430,0.00466,0.00368,0.04671,0.00679,0.20415,0.05794,0.08208,0.30287,0.06880,0.06758,0.02043,-58.92,3.127,-1,0.0000,-1.00,0.0000,0
199412,1790782346599,0.11059,0.05790,0.01001,0.05079,0.06339,0.14183,0.01372,0.10332,0.30231,0.04469,0.08060,0.02085,0.10621,0.00130,0.00416,0.04759,0.07086,0.14965,0.01585,0.12331,0.35280,0.03950,0.06692,0.02184,-58.37,3.628,-1,0.0000,-1.00,0.0000,0
199505,1790782346679,0.05636,0.03241,0.05992,0.27698,0.04512,0.06219,0.08081,0.04934,0.20624,0.03977,0.05548,0.03539,0.05695,0.00278,0.06428,0.32119,0.04922,0.06323,0.08896,0.05369,0.18345,0.03790,0.05394,0.02440,-57.24,3.324,-1,0.0000,-1.00,0.0000,0
199598,1790782346799,0.08259,0.05688,0.03376,0.14957,0.02489,0.03848,0.21334,0.02837,0.17078,0.05241,0.06465,0.08428,0.08903,0.03837,0.02877,0.16498,0.01954,0.02846,0.24791,0.02841,0.17193,0.05892,0.07182,0.05185,-57.75,2.560,-1,0.0000,-1.00,0.0000,0
199691,1790782346901,0.06310,0.05519,0.01476,0.18230,0.01973,0.21066,0.07381,0.04620,0.19083,0.02861,0.07242,0.04240,0.06508,0.02908,0.01155,0.21066,0.01682,0.23952,0.08266,0.05309,0.18690,0.03094,0.03929,0.03441,-58.00,2.528,-1,0.0000,-1.00,0.0000,0
199784,1790782346979,0.07429,0.06844,0.01040,0.27160,0.00942,0.13211,0.05368,0.02409,0.23215,0.03169,0.06938,0.02275,0.08258,0.04035,0.00521,0.31454,0.00814,0.14193,0.05629,0.02786,0.21561,0.03656,0.05500,0.01592,-57.28,3.259,-1,0.0000,-1.00,0.0000,0
199877,1790782347081,0.07939,0.03524,0.00650,0.27366,0.01035,0.25534,0.02413,0.02502,0.15244,0.02348,0.09547,0.01899,0.08928,0.01845,0.00257,0.31656,0.00888,0.28826,0.02526,0.02947,0.11991,0.02637,0.05725,0.01775,-56.93,3.284,-1,0.0000,-1.00,0.0000,0
199970,1790782347159,0.08378,0.03039,0.00813,0.32407,0.01286,0.22254,0.02511,0.02246,0.15123,0.01277,0.08999,0.01666,0.09374,0.01708,0.00700,0.37668,0.01251,0.24808,0.02670,0.02553,0.10554,0.01382,0.05865,0.01467,-56.55,3.889,-1,0.0000,-1.00,0.0000,0
200063,1790782347259,0.08074,0.03974,0.00537,0.26761,0.01018,0.24315,0.03069,0.02781,0.18557,0.01769,0.07879,0.01267,0.09024,0.01583,0.00263,0.31270,0.01029,0.27368,0.03358,0.03285,0.16037,0.01916,0.04015,0.00853,-56.94,3.211,-1,0.0000,-1.00,0.0000,0
200156,1790782347341,0.14924,0.02628,0.02531,0.23076,0.02466,0.14209,0.04366,0.09678,0.15741,0.01504,0.07382,0.01496,0.15693,0.00449,0.02786,0.26444,0.02802,0.13914,0.05142,0.11045,0.13619,0.01247,0.06087,0.00773,-57.46,2.769,-1,0.0000,-1.00,0.0000,0
200248,1790782347442,0.15525,0.03904,0.00402,0.33622,0.00946,0.09886,0.02920,0.03179,0.24872,0.00634,0.03045,0.01065,0.17797,0.00405,0.00368,0.39890,0.01015,0.08318,0.03419,0.03736,0.21877,0.00576,0.02000,0.00598,-57.32,4.035,-1,0.0000,-1.00,0.0000,0
200341,1790782347540,0.16096,0.04114,0.00577,0.32272,0.00575,0.11185,0.01803,0.00983,0.26690,0.00827,0.03992,0.00886,0.19032,0.00129,0.00515,0.38099,0.00562,0.09629,0.02128,0.01083,0.24420,0.00888,0.02875,0.00639,-57.44,3.873,-1,0.0000,-1.00,0.0000,0
200434,1790782347620,0.09440,0.05765,0.03343,0.26020,0.00256,0.06859,0.05297,0.02009,0.33811,0.01177,0.04634,0.01389,0.10932,0.00109,0.03734,0.30316,0.00204,0.06071,0.06287,0.01706,0.34504,0.01370,0.04349,0.00418,-57.62,4.057,-1,0.0000,-1.00,0.0000,0
200527,1790782347720,0.03683,0.06411,0.00471,0.37938,0.00403,0.03891,0.01462,0.00873,0.39235,0.00510,0.04000,0.01122,0.04220,0.00117,0.00453,0.44661,0.00239,0.03870,0.01708,0.00977,0.38159,0.00564,0.04026,0.01006,-57.85,4.708,-1,0.0000,-1.00,0.0000,0
200620,1790782347800,0.07846,0.04174,0.00743,0.44648,0.00660,0.02655,0.03264,0.00787,0.28433,0.00703,0.04956,0.01134,0.09234,0.00305,0.00749,0.52374,0.00665,0.01357,0.03755,0.00889,0.23687,0.00710,0.05670,0.00605,-58.26,5.358,-1,0.0000,-1.00,0.0000,0
200713,1790782347900,0.11524,0.05771,0.01774,0.23655,0.01505,0.03536,0.01453,0.02580,0.30986,0.06736,0.05725,0.04756,0.13213,0.00618,0.00554,0.27048,0.00737,0.01617,0.01595,0.03005,0.31766,0.07925,0.06539,0.05382,-56.98,3.718,-1,0.0000,-1.00,0.0000,0
200806,1790782347981,0.03792,0.27394,0.01304,0.09101,0.01707,0.01644,0.05655,0.00908,0.20274,0.02515,0.18474,0.07233,0.04368,0.28271,0.00976,0.06561,0.00374,0.01104,0.01171,0.00894,0.22973,0.02959,0.21917,0.08432,-55.52,3.287,-1,0.0000,-1.00,0.0000,0
200899,1790782348100,0.05815,0.03602,0.03908,0.20924,0.02077,0.02318,0.01006,0.03411,0.13483,0.04796,0.28469,0.10191,0.06258,0.01874,0.03547,0.18369,0.00101,0.01537,0.00834,0.03384,0.12513,0.05729,0.33808,0.12046,-55.45,3.416,-1,0.0000,-1.00,0.0000,0
200991,1790782348200,0.19489,0.01340,0.01117,0.31410,0.01761,0.04123,0.00767,0.03358,0.08485,0.03330,0.17656,0.07165,0.22576,0.00906,0.00559,0.33466,0.00313,0.00589,0.00740,0.03913,0.03533,0.03928,0.21039,0.08438,-55.50,3.769,-1,0.0000,-1.00,0.0000,0
201084,1790782348279,0.21357,0.00926,0.01221,0.20856,0.02142,0.04624,0.01401,0.03632,0.06268,0.04912,0.22651,0.10010,0.24735,0.00397,0.00305,0.19635,0.00252,0.00637,0.01600,0.04291,0.03612,0.05841,0.27015,0.11678,-54.98,2.718,-1,0.0000,-1.00,0.0000,0
201177,1790782348379,0.24707,0.01692,0.03380,0.10292,0.02943,0.04721,0.02053,0.12899,0.03594,0.05273,0.14438,0.14006,0.26635,0.01540,0.02809,0.08917,0.00285,0.00377,0.02151,0.14903,0.02539,0.06261,0.17226,0.16356,-54.99,2.965,-1,0.0000,-1.00,0.0000,0
201270,1790782348477,0.22622,0.01565,0.01006,0.12933,0.03758,0.04200,0.01933,0.15214,0.04771,0.04192,0.09403,0.18403,0.23501,0.01264,0.00219,0.13278,0.00213,0.00373,0.02066,0.18187,0.03085,0.04980,0.11193,0.21642,-55.55,2.715,-1,0.0000,-1.00,0.0000,0
201363,1790782348561,0.21794,0.00886,0.01153,0.19869,0.03223,0.04053,0.02185,0.11328,0.05953,0.04054,0.09623,0.15878,0.23420,0.00512,0.00426,0.21531,0.00189,0.00214,0.02504,0.13501,0.02864,0.04821,0.11488,0.18529,-55.80,2.615,-1,0.0000,-1.00,0.0000,0
201456,1790782348640,0.12477,0.00644,0.01813,0.27368,0.03069,0.02639,0.02068,0.09321,0.07562,0.07486,0.11232,0.14322,0.12745,0.00161,0.00409,0.30150,0.00370,0.00636,0.02411,0.11123,0.03084,0.08896,0.13332,0.16683,-56.34,3.284,-1,0.0000,-1.00,0.0000,0
201549,1790782348739,0.08644,0.02311,0.02065,0.17730,0.03608,0.02241,0.03522,0.06215,0.09094,0.08408,0.20534,0.15628,0.08890,0.01268,0.00505,0.16404,0.00767,0.00922,0.03968,0.07347,0.07631,0.09936,0.24422,0.17939,-57.71,2.464,-1,0.0000,-1.00,0.0000,0
201642,1790782348840,0.37655,0.01582,0.01484,0.06936,0.01822,0.07325,0.01489,0.14108,0.07638,0.03276,0.09619,0.07065,0.41586,0.00545,0.01018,0.06048,0.00571,0.00533,0.01676,0.16703,0.07929,0.03836,0.11420,0.08133,-56.68,4.519,-1,0.0000,-1.00,0.0000,0
201734,1790782348919,0.36471,0.02492,0.00439,0.04973,0.00629,0.06262,0.01192,0.26939,0.13064,0.00613,0.04946,0.01980,0.36642,0.00770,0.00389,0.04793,0.00337,0.00240,0.01259,0.32220,0.14677,0.00694,0.05879,0.02102,-55.83,4.377,-1,0.0000,-1.00,0.0000,0
201827,1790782349022,0.05794,0.24379,0.00834,0.13168,0.00308,0.01159,0.03766,0.02340,0.43420,0.00564,0.03361,0.00908,0.06009,0.19887,0.00872,0.14987,0.00173,0.00197,0.00504,0.02697,0.49056,0.00642,0.03988,0.00988,-55.57,5.210,-1,0.0000,-1.00,0.0000,0
201920,1790782349099,0.03047,0.22824,0.02109,0.22256,0.00211,0.00600,0.03939,0.03025,0.38868,0.00674,0.01563,0.00884,0.02927,0.19174,0.02369,0.26302,0.00065,0.00139,0.00534,0.03540,0.41359,0.00795,0.01846,0.00951,-55.19,4.664,-1,0.0000,-1.00,0.0000,0
202013,1790782349198,0.03963,0.19684,0.10304,0.18792,0.00247,0.00702,0.04878,0.06364,0.32146,0.00515,0.01648,0.00758,0.03278,0.16820,0.12230,0.22133,0.00127,0.00191,0.00293,0.07419,0.34131,0.00592,0.01937,0.00849,-54.79,3.858,-1,0.0000,-1.00,0.0000,0
202106,1790782349279,0.28375,0.07114,0.02988,0.13607,0.00150,0.04878,0.01212,0.23440,0.15703,0.01598,0.00541,0.00395,0.28562,0.05430,0.03204,0.16183,0.00085,0.00200,0.00368,0.27460,0.15606,0.01900,0.00609,0.00394,-54.74,3.405,-1,0.0000,-1.00,0.0000,0
202199,1790782349398,0.30218,0.06873,0.00628,0.12831,0.00186,0.05118,0.01259,0.27861,0.12505,0.00855,0.01235,0.00431,0.29418,0.06052,0.00555,0.15093,0.00133,0.00301,0.00309,0.33274,0.11992,0.00998,0.01420,0.00455,-55.23,3.626,-1,0.0000,-1.00,0.0000,0
202292,1790782349500,0.22673,0.08263,0.00719,0.15017,0.00174,0.03390,0.02055,0.39877,0.04502,0.00456,0.02628,0.00245,0.17726,0.09516,0.00759,0.17392,0.00173,0.00548,0.00576,0.47632,0.01945,0.00514,0.03040,0.00179,-55.06,4.785,-1,0.0000,-1.00,0.0000,0
202385,1790782349579,0.27802,0.01765,0.03841,0.15391,0.00078,0.04254,0.01372,0.37019,0.05063,0.00204,0.02881,0.00331,0.24480,0.01686,0.04554,0.17767,0.00036,0.00246,0.00579,0.44185,0.02541,0.00240,0.03403,0.00281,-54.71,4.442,-1,0.0000,-1.00,0.0000,0
202478,1790782349680,0.33073,0.01800,0.01928,0.11297,0.00094,0.05375,0.00705,0.37478,0.05255,0.00238,0.02358,0.00400,0.30603,0.01631,0.02256,0.12991,0.00038,0.00373,0.00519,0.44462,0.03721,0.00277,0.02751,0.00376,-54.48,4.497,-1,0.0000,-1.00,0.0000,0
202570,1790782349759,0.33391,0.01720,0.02143,0.06872,0.00183,0.06894,0.01994,0.34088,0.06437,0.00213,0.05119,0.00945,0.31955,0.00811,0.02520,0.07094,0.00071,0.01925,0.01939,0.40636,0.06307,0.00241,0.05752,0.00748,-55.70,4.091,-1,0.0000,-1.00,0.0000,0
202663,1790782349864,0.09595,0.01919,0.02402,0.15305,0.01030,0.08110,0.03381,0.12032,0.08785,0.00694,0.32852,0.03896,0.08669,0.00639,0.02731,0.10850,0.00447,0.07999,0.03537,0.14263,0.08376,0.00743,0.37779,0.03967,-58.10,3.942,-1,0.0000,-1.00,0.0000,0
202756,1790782349943,0.03846,0.03041,0.02818,0.25513,0.00712,0.02146,0.01218,0.09875,0.18451,0.02463,0.28843,0.01076,0.02271,0.00196,0.02816,0.23803,0.00625,0.02129,0.00903,0.11792,0.17390,0.02827,0.34138,0.01110,-57.86,3.461,-1,0.0000,-1.00,0.0000,0
202849,1790782350044,0.03231,0.02247,0.01773,0.25946,0.00348,0.05325,0.00697,0.06989,0.14915,0.03269,0.34285,0.00976,0.02216,0.00060,0.01356,0.23179,0.00207,0.05941,0.00580,0.08350,0.13277,0.03876,0.39903,0.01055,-57.05,4.114,-1,0.0000,-1.00,0.0000,0
202942,1790782350141,0.10573,0.01939,0.01694,0.47480,0.00648,0.03151,0.00467,0.03855,0.18176,0.04958,0.06391,0.00669,0.11697,0.00261,0.00876,0.55432,0.00634,0.01457,0.00437,0.04516,0.10791,0.05815,0.07369,0.00715,-56.56,5.698,-1,0.0000,-1.00,0.0000,0
203035,1790782350219,0.10279,0.00558,0.02218,0.39716,0.00379,0.02440,0.00408,0.02079,0.09089,0.09778,0.22344,0.00712,0.11831,0.00177,0.00347,0.42304,0.00303,0.00578,0.00434,0.02441,0.02505,0.11657,0.26659,0.00762,-56.17,4.766,-1,0.0000,-1.00,0.0000,0
203128,1790782350319,0.01500,0.01410,0.00772,0.50143,0.00404,0.01695,0.03178,0.01684,0.14325,0.02011,0.21238,0.01640,0.01222,0.00647,0.00456,0.55108,0.00239,0.01789,0.03680,0.01927,0.06238,0.02365,0.25094,0.01236,-55.88,6.017,-1,0.0000,-1.00,0.0000,0
203221,1790782350399,0.01372,0.01619,0.00433,0.45057,0.00242,0.01249,0.04054,0.00613,0.15346,0.00744,0.28292,0.00978,0.01494,0.00167,0.00352,0.47316,0.00247,0.01200,0.04799,0.00690,0.09008,0.00843,0.33663,0.00220,-56.17,5.407,-1,0.0000,-1.00,0.0000,0
203313,1790782350500,0.04140,0.00768,0.00601,0.32376,0.00358,0.01758,0.01439,0.00702,0.07943,0.01570,0.47196,0.01149,0.04809,0.00119,0.00356,0.27629,0.00223,0.01153,0.01699,0.00773,0.04041,0.01837,0.56323,0.01039,-56.71,5.663,-1,0.0000,-1.00,0.0000,0
203406,1790782350581,0.03613,0.01695,0.00918,0.31866,0.00159,0.01672,0.01640,0.01271,0.12843,0.02180,0.41679,0.00465,0.04019,0.00113,0.00585,0.28331,0.00153,0.01207,0.01872,0.01478,0.09761,0.02594,0.49701,0.00186,-56.39,5.001,-1,0.0000,-1.00,0.0000,0
203499,1790782350699,0.02102,0.00835,0.01373,0.28378,0.00148,0.01584,0.01629,0.00924,0.07635,0.02105,0.52652,0.00637,0.02317,0.00050,0.01149,0.21553,0.00100,0.01439,0.01889,0.00932,0.04876,0.02502,0.62804,0.00389,-56.32,6.318,-1,0.0000,-1.00,0.0000,0
203592,1790782350802,0.01340,0.00899,0.00289,0.18684,0.00497,0.01159,0.01993,0.00697,0.04630,0.00756,0.67700,0.01355,0.01443,0.00231,0.00177,0.06350,0.00364,0.01103,0.02321,0.00821,0.04272,0.00851,0.80902,0.01163,-56.16,8.124,-1,0.0000,-1.00,0.0000,0
203685,1790782350881,0.00555,0.00856,0.00075,0.16678,0.00091,0.02129,0.02651,0.00444,0.02850,0.00295,0.72590,0.00785,0.00554,0.00466,0.00022,0.02837,0.00044,0.02442,0.03085,0.00528,0.02853,0.00344,0.86497,0.00329,-56.43,8.711,-1,0.0000,-1.00,0.0000,0
203778,1790782350981,0.01571,0.01398,0.00190,0.24532,0.00347,0.03311,0.04592,0.01294,0.08545,0.00523,0.52639,0.01057,0.01583,0.00320,0.00118,0.17035,0.00380,0.03654,0.05436,0.01530,0.06862,0.00552,0.62350,0.00180,-56.68,6.317,-1,0.0000,-1.00,0.0000,0
203871,1790782351059,0.18832,0.00838,0.00278,0.29448,0.01056,0.03920,0.04412,0.03215,0.08324,0.00443,0.23991,0.05243,0.21839,0.00191,0.00235,0.29602,0.00232,0.00368,0.05248,0.03806,0.04098,0.00493,0.28674,0.05213,-56.57,3.534,-1,0.0000,-1.00,0.0000,0
203964,1790782351160,0.33740,0.01246,0.00757,0.13651,0.02994,0.06945,0.00741,0.04338,0.07072,0.01241,0.23370,0.03906,0.39425,0.00239,0.00718,0.10826,0.02692,0.00506,0.00835,0.05061,0.06327,0.00953,0.27903,0.04514,-55.84,4.049,-1,0.0000,-1.00,0.0000,0
204056,1790782351242,0.27853,0.00967,0.00857,0.20523,0.00213,0.05281,0.00573,0.15548,0.07538,0.00256,0.19529,0.00864,0.29685,0.00153,0.00968,0.19970,0.00069,0.00443,0.00477,0.18618,0.05073,0.00293,0.23312,0.00940,-55.15,3.342,-1,0.0000,-1.00,0.0000,0
204149,1790782351340,0.42576,0.02161,0.00082,0.10077,0.00934,0.07883,0.00870,0.20137,0.05385,0.00361,0.08924,0.00610,0.46235,0.01702,0.00051,0.09966,0.00998,0.00283,0.00705,0.24119,0.04477,0.00235,0.10637,0.00592,-55.45,5.109,-1,0.0000,-1.00,0.0000,0
204242,1790782351443,0.45370,0.02895,0.02463,0.13478,0.00601,0.08852,0.01214,0.12367,0.06170,0.00467,0.04002,0.02122,0.51534,0.02606,0.02849,0.15215,0.00253,0.00390,0.00938,0.14254,0.04371,0.00515,0.04718,0.02356,-55.79,5.444,-1,0.0000,-1.00,0.0000,0
204335,1790782351519,0.34401,0.04100,0.05211,0.12481,0.00884,0.06522,0.01155,0.17345,0.09144,0.00697,0.05449,0.02611,0.37297,0.03321,0.06097,0.13677,0.00468,0.00421,0.00726,0.19575,0.08246,0.00742,0.06446,0.02985,-56.33,4.128,-1,0.0000,-1.00,0.0000,0
204428,1790782351620,0.32935,0.03493,0.01481,0.07379,0.00400,0.05798,0.00955,0.34397,0.06096,0.00466,0.05965,0.00636,0.31359,0.03032,0.01676,0.07454,0.00349,0.00731,0.00544,0.40883,0.05817,0.00499,0.07002,0.00654,-56.32,4.128,-1,0.0000,-1.00,0.0000,0
204521,1790782351700,0.25063,0.05317,0.03299,0.17696,0.01078,0.05291,0.02760,0.15728,0.06619,0.00379,0.13295,0.03477,0.26448,0.05510,0.03884,0.18090,0.00552,0.01096,0.02215,0.18076,0.04345,0.00344,0.15713,0.03727,-55.68,3.008,-1,0.0000,-1.00,0.0000,0
204614,1790782351800,0.44484,0.02996,0.05114,0.10369,0.00347,0.09309,0.01209,0.04309,0.04239,0.00255,0.16276,0.01094,0.52517,0.02923,0.06073,0.08587,0.00191,0.00743,0.00869,0.03960,0.03367,0.00278,0.19355,0.01139,-56.30,5.338,-1,0.0000,-1.00,0.0000,0
204707,1790782351880,0.24189,0.06746,0.01177,0.20314,0.00670,0.05378,0.03077,0.10711,0.10697,0.00669,0.13530,0.02842,0.26458,0.06405,0.01260,0.21175,0.00193,0.01229,0.02413,0.12589,0.08619,0.00763,0.15968,0.02928,-57.93,2.903,-1,0.0000,-1.00,0.0000,0
204800,1790782352000,0.11742,0.04958,0.03279,0.17400,0.02208,0.02238,0.00541,0.15995,0.24079,0.00807,0.12596,0.04158,0.10406,0.00938,0.03803,0.17882,0.01677,0.00618,0.00462,0.18412,0.25308,0.00634,0.14970,0.04890,-58.30,2.889,-1,0.0000,-1.00,0.0000,0
204892,1790782352103,0.24246,0.05750,0.01149,0.13209,0.01398,0.04699,0.00953,0.11696,0.29111,0.00792,0.05702,0.01294,0.26341,0.00553,0.01243,0.14491,0.01372,0.00450,0.00799,0.14003,0.32009,0.00677,0.06743,0.01320,-57.48,3.493,-1,0.0000,-1.00,0.0000,0
204985,1790782352180,0.12010,0.03774,0.01178,0.16477,0.01919,0.02965,0.00910,0.06716,0.18979,0.02216,0.28108,0.04749,0.12906,0.00529,0.00933,0.13106,0.01225,0.00994,0.00969,0.07878,0.20143,0.02413,0.33483,0.05421,-57.33,3.373,-1,0.0000,-1.00,0.0000,0
205078,1790782352279,0.06697,0.04128,0.01591,0.14980,0.01048,0.01948,0.01015,0.08134,0.21340,0.01927,0.33755,0.03436,0.06239,0.00365,0.01469,0.09975,0.00521,0.01098,0.01134,0.09465,0.23593,0.02206,0.40229,0.03706,-57.59,4.051,-1,0.0000,-1.00,0.0000,0
205171,1790782352360,0.07511,0.02859,0.01491,0.21035,0.00970,0.01591,0.02679,0.17417,0.15077,0.03218,0.23674,0.02479,0.04882,0.00622,0.01048,0.19620,0.00656,0.00975,0.03019,0.20730,0.14177,0.03726,0.28173,0.02372,-57.67,2.841,-1,0.0000,-1.00,0.0000,0
205264,1790782352472,0.04598,0.02498,0.14371,0.26155,0.01516,0.03537,0.02309,0.13742,0.11605,0.04927,0.11533,0.03209,0.02864,0.01388,0.16086,0.28745,0.01140,0.03683,0.02491,0.13277,0.08169,0.05716,0.13090,0.03351,-56.64,3.139,-1,0.0000,-1.00,0.0000,0
205357,1790782352540,0.03450,0.02310,0.02110,0.44990,0.01982,0.03270,0.02117,0.07268,0.12299,0.04959,0.11221,0.04022,0.02416,0.01912,0.01409,0.51380,0.01488,0.03457,0.02152,0.08435,0.04552,0.05648,0.12760,0.04393,-56.14,5.399,-1,0.0000,-1.00,0.0000,0
205450,1790782352639,0.07179,0.02710,0.02000,0.19506,0.02816,0.07184,0.03131,0.20413,0.08167,0.04317,0.15035,0.07543,0.03736,0.02174,0.01435,0.20110,0.01713,0.07867,0.03321,0.24175,0.05783,0.04849,0.16456,0.08379,-56.56,2.450,-1,0.0000,-1.00,0.0000,0
205543,1790782352741,0.04533,0.02298,0.02349,0.22453,0.01627,0.05753,0.05792,0.10435,0.08970,0.02771,0.27585,0.05434,0.02933,0.01549,0.02179,0.20599,0.00918,0.06312,0.06621,0.12083,0.06598,0.03205,0.31803,0.05199,-57.23,3.310,-1,0.0000,-1.00,0.0000,0
205635,1790782352821,0.05506,0.03583,0.02697,0.25701,0.02075,0.04708,0.03884,0.21274,0.10568,0.04222,0.11640,0.04141,0.01591,0.02933,0.02293,0.28242,0.01623,0.05366,0.04057,0.25052,0.07065,0.04737,0.12883,0.04158,-57.88,3.084,-1,0.0000,-1.00,0.0000,0
205728,1790782352921,0.09265,0.03321,0.03114,0.17733,0.01311,0.10152,0.02028,0.18835,0.13636,0.09794,0.07930,0.02883,0.07288,0.01530,0.01446,0.19786,0.01091,0.10719,0.02116,0.22293,0.12412,0.11523,0.07377,0.02418,-56.63,2.260,-1,0.0000,-1.00,0.0000,0
205821,1790782353000,0.14802,0.04213,0.03274,0.13576,0.00663,0.17048,0.03623,0.10582,0.11603,0.09426,0.07966,0.03225,0.15272,0.02899,0.01690,0.15058,0.00176,0.17400,0.03753,0.12358,0.10917,0.11260,0.06096,0.03120,-55.81,2.046,-1,0.0000,-1.00,0.0000,0
205914,1790782353100,0.09652,0.04821,0.02405,0.16336,0.02053,0.12093,0.02821,0.14749,0.10369,0.09323,0.11947,0.03431,0.08090,0.03993,0.00734,0.17243,0.01747,0.12886,0.02589,0.17527,0.08994,0.10837,0.11761,0.03598,-56.48,1.960,-1,0.0000,-1.00,0.0000,0
206007,1790782353199,0.06155,0.04475,0.02095,0.21740,0.01591,0.05555,0.02013,0.17999,0.16220,0.07930,0.11278,0.02950,0.03120,0.02441,0.00677,0.23608,0.01282,0.06038,0.01922,0.21438,0.14755,0.09248,0.12316,0.03153,-57.03,2.609,-1,0.0000,-1.00,0.0000,0
206100,1790782353300,0.08740,0.04450,0.02018,0.18362,0.02591,0.05485,0.02002,0.28076,0.11050,0.09299,0.05260,0.02670,0.03812,0.03532,0.00308,0.20981,0.02536,0.05816,0.01679,0.33599,0.09082,0.10639,0.05149,0.02866,-56.83,3.369,-1,0.0000,-1.00,0.0000,0
206193,1790782353400,0.10522,0.02550,0.03679,0.16985,0.01373,0.16524,0.02420,0.11211,0.09621,0.16616,0.06742,0.01757,0.09954,0.01545,0.00514,0.19451,0.01329,0.17827,0.02594,0.13332,0.07673,0.19647,0.04544,0.01591,-56.53,2.038,-1,0.0000,-1.00,0.0000,0
206286,1790782353478,0.13091,0.02026,0.04413,0.10708,0.01344,0.15732,0.02071,0.14393,0.06867,0.20589,0.06540,0.02227,0.12073,0.01482,0.00436,0.11924,0.01167,0.16458,0.02182,0.17165,0.05832,0.24473,0.04574,0.02236,-56.87,2.471,-1,0.0000,-1.00,0.0000,0
206378,1790782353581,0.06513,0.02562,0.01823,0.19629,0.04768,0.07429,0.05108,0.15092,0.09055,0.07037,0.15615,0.05367,0.04247,0.01711,0.00692,0.20132,0.04559,0.08166,0.05782,0.17947,0.06859,0.07529,0.17092,0.05285,-57.04,2.355,-1,0.0000,-1.00,0.0000,0
206471,1790782353660,0.06559,0.02609,0.01078,0.36792,0.01729,0.03802,0.04935,0.19293,0.09285,0.04574,0.06424,0.02919,0.03286,0.02599,0.00268,0.42713,0.01591,0.03904,0.05390,0.23073,0.02659,0.05166,0.06924,0.02429,-57.34,4.415,-1,0.0000,-1.00,0.0000,0
206564,1790782353761,0.06167,0.04114,0.05311,0.22546,0.05514,0.03123,0.05134,0.15277,0.10135,0.08424,0.09309,0.04946,0.03929,0.03608,0.04486,0.24921,0.05646,0.02963,0.05436,0.17416,0.06707,0.09473,0.10567,0.04848,-57.51,2.706,-1,0.0000,-1.00,0.0000,0
206657,1790782353841,0.04044,0.04797,0.03675,0.33380,0.01315,0.04672,0.04110,0.11682,0.13518,0.07642,0.07098,0.04067,0.02170,0.04051,0.02618,0.38515,0.00771,0.05168,0.04102,0.13499,0.08559,0.09007,0.07481,0.04060,-56.26,4.006,-1,0.0000,-1.00,0.0000,0
206750,1790782353944,0.03657,0.04610,0.02576,0.23784,0.01418,0.03513,0.03264,0.15972,0.17505,0.10040,0.09277,0.04382,0.01979,0.02427,0.00744,0.26445,0.01067,0.03817,0.03426,0.18995,0.15733,0.11819,0.10359,0.03189,-55.71,2.854,-1,0.0000,-1.00,0.0000,0
206843,1790782354040,0.04837,0.01442,0.05995,0.25429,0.02270,0.04287,0.02865,0.14522,0.09030,0.10859,0.14569,0.03895,0.02530,0.00651,0.04680,0.27192,0.01918,0.04642,0.03304,0.16473,0.05430,0.12631,0.16537,0.04013,-56.30,3.052,-1,0.0000,-1.00,0.0000,0
206936,1790782354121,0.06273,0.05018,0.02491,0.18306,0.02819,0.06460,0.04358,0.14122,0.12189,0.03342,0.19759,0.04864,0.04154,0.03910,0.02275,0.17517,0.02299,0.07016,0.04446,0.16471,0.11098,0.03584,0.22285,0.04946,-57.36,2.371,-1,0.0000,-1.00,0.0000,0
207029,1790782354220,0.04240,0.03628,0.01417,0.28188,0.01867,0.03846,0.02373,0.22551,0.11559,0.02952,0.13666,0.03713,0.00811,0.02823,0.01060,0.30707,0.01617,0.04486,0.02283,0.26811,0.07763,0.03216,0.15486,0.02935,-57.58,3.383,-1,0.0000,-1.00,0.0000,0
207121,1790782354303,0.02864,0.03170,0.00482,0.43949,0.00732,0.03264,0.03495,0.10845,0.17235,0.01214,0.11019,0.01731,0.00857,0.01684,0.00313,0.50190,0.00616,0.03741,0.03838,0.12950,0.10702,0.01332,0.12462,0.01313,-56.91,5.274,-1,0.0000,-1.00,0.0000,0
207214,1790782354400,0.03734,0.04642,0.00551,0.33072,0.01041,0.05647,0.03854,0.14748,0.17462,0.01737,0.11208,0.02304,0.00960,0.02899,0.00281,0.37225,0.00859,0.06577,0.04043,0.17615,0.13544,0.01912,0.12126,0.01959,-57.39,3.969,-1,0.0000,-1.00,0.0000,0
207307,1790782354502,0.05623,0.03897,0.00990,0.16489,0.03587,0.21609,0.04518,0.11800,0.15183,0.02979,0.10886,0.02439,0.03929,0.01821,0.00616,0.18162,0.03844,0.25187,0.05052,0.14018,0.14523,0.02877,0.08051,0.01921,-57.44,2.593,-1,0.0000,-1.00,0.0000,0
207400,1790782354601,0.04228,0.01637,0.00575,0.16149,0.02215,0.46888,0.01432,0.07707,0.05492,0.01527,0.11359,0.00793,0.03252,0.01401,0.00421,0.18835,0.02522,0.55538,0.01438,0.09151,0.02826,0.01351,0.02601,0.00665,-56.77,5.627,-1,0.0000,-1.00,0.0000,0
207493,1790782354700,0.04929,0.02670,0.04935,0.09348,0.02175,0.28999,0.01768,0.09921,0.06166,0.20670,0.07542,0.00877,0.03593,0.02157,0.01097,0.10750,0.02393,0.34107,0.01691,0.11670,0.05257,0.24293,0.02276,0.00716,-55.88,3.480,-1,0.0000,-1.00,0.0000,0
207586,1790782354780,0.07501,0.01238,0.06951,0.10710,0.01257,0.17718,0.00826,0.04463,0.05769,0.34531,0.06816,0.02220,0.07930,0.00587,0.00166,0.11987,0.01013,0.19658,0.00867,0.05322,0.04535,0.41177,0.04270,0.02488,-55.57,4.144,-1,0.0000,-1.00,0.0000,0
207679,1790782354881,0.04515,0.01320,0.08546,0.10338,0.01485,0.13209,0.01691,0.04163,0.07283,0.41214,0.04252,0.01982,0.04441,0.00325,0.00503,0.11965,0.01386,0.14947,0.01962,0.04889,0.06343,0.49122,0.02132,0.01986,-56.57,4.946,-1,0.0000,-1.00,0.0000,0
207772,1790782354973,0.07471,0.05210,0.02855,0.11812,0.02321,0.08742,0.03034,0.13283,0.23877,0.13801,0.05336,0.02259,0.05675,0.01223,0.00225,0.13266,0.02087,0.09641,0.03393,0.15871,0.25980,0.16123,0.04482,0.02034,-57.19,2.865,-1,0.0000,-1.00,0.0000,0
207865,1790782355060,0.04123,0.06903,0.01721,0.10292,0.01738,0.09135,0.01285,0.11002,0.32945,0.07400,0.11398,0.02058,0.02388,0.00882,0.00370,0.10037,0.01666,0.10473,0.01365,0.13110,0.37486,0.08537,0.11581,0.02105,-56.79,3.953,-1,0.0000,-1.00,0.0000,0
207957,1790782355139,0.10089,0.06711,0.03019,0.10156,0.01805,0.09435,0.03246,0.05075,0.30070,0.12884,0.05803,0.01707,0.10907,0.01337,0.00628,0.11153,0.01827,0.09215,0.03621,0.05961,0.33820,0.15076,0.05127,0.01328,-56.43,3.608,-1,0.0000,-1.00,0.0000,0
208050,1790782355239,0.14817,0.04716,0.04952,0.07266,0.02403,0.05631,0.01647,0.04021,0.21877,0.23729,0.05556,0.03387,0.16811,0.00753,0.00382,0.07521,0.02146,0.03415,0.01820,0.04746,0.24722,0.28007,0.05980,0.03697,-56.46,2.847,-1,0.0000,-1.00,0.0000,0
208143,1790782355341,0.05181,0.05722,0.02912,0.10815,0.05063,0.02587,0.03483,0.08397,0.26452,0.12930,0.10834,0.05623,0.04173,0.01049,0.00610,0.10475,0.04886,0.02273,0.03966,0.09941,0.29619,0.14524,0.12531,0.05952,-56.58,3.174,-1,0.0000,-1.00,0.0000,0
208236,1790782355419,0.06176,0.04310,0.02231,0.13903,0.04418,0.02872,0.03794,0.19999,0.20731,0.07381,0.08404,0.05779,0.02562,0.00949,0.01077,0.14778,0.04092,0.02934,0.04329,0.23780,0.21893,0.08052,0.09489,0.06067,-56.87,2.488,-1,0.0000,-1.00,0.0000,0
208329,1790782355521,0.03511,0.06446,0.12159,0.12378,0.05697,0.03411,0.03956,0.09208,0.17370,0.08621,0.12068,0.05176,0.02510,0.04101,0.12720,0.12106,0.05750,0.03589,0.03875,0.08563,0.18272,0.09332,0.13749,0.05434,-57.79,2.084,-1,0.0000,-1.00,0.0000,0
208422,1790782355600,0.04751,0.04188,0.09003,0.13928,0.03722,0.02933,0.04457,0.10078,0.15796,0.06314,0.19077,0.05751,0.03158,0.02175,0.09417,0.12271,0.03270,0.02889,0.04486,0.10633,0.16495,0.06918,0.22286,0.06002,-58.36,2.289,-1,0.0000,-1.00,0.0000,0
208515,1790782355699,0.06712,0.06165,0.02612,0.06986,0.02349,0.04776,0.03349,0.16600,0.18564,0.06400,0.21748,0.03740,0.04410,0.03115,0.01688,0.03395,0.02109,0.04848,0.03395,0.19556,0.21549,0.07272,0.25098,0.03564,-57.95,2.610,-1,0.0000,-1.00,0.0000,0
208608,1790782355802,0.05339,0.02914,0.02098,0.11061,0.02237,0.02631,0.03103,0.19177,0.11173,0.03284,0.33515,0.03468,0.01808,0.01164,0.01796,0.05405,0.01931,0.02856,0.03464,0.22647,0.12245,0.03624,0.39593,0.03468,-57.87,4.022,-1,0.0000,-1.00,0.0000,0
208700,1790782355900,0.03956,0.03813,0.01036,0.14546,0.01332,0.02820,0.01148,0.16331,0.14238,0.03250,0.36260,0.01269,0.01116,0.01538,0.00523,0.08942,0.01345,0.03196,0.01071,0.19464,0.15288,0.03628,0.42814,0.01074,-58.31,4.351,-1,0.0000,-1.00,0.0000,0
208793,1790782356002,0.03009,0.05473,0.04872,0.15582,0.00789,0.02084,0.01447,0.13984,0.18153,0.00843,0.32947,0.00816,0.00477,0.02686,0.05669,0.10940,0.00795,0.02403,0.01100,0.15733,0.19583,0.00853,0.39002,0.00760,-57.05,3.954,-1,0.0000,-1.00,0.0000,0
208886,1790782356080,0.01408,0.02869,0.01414,0.44835,0.01535,0.01288,0.02185,0.05043,0.18865,0.01000,0.17986,0.01573,0.00461,0.00977,0.01507,0.49508,0.01556,0.01452,0.02306,0.05862,0.12734,0.00945,0.21264,0.01428,-55.64,5.380,-1,0.0000,-1.00,0.0000,0
208979,1790782356179,0.03276,0.02808,0.02869,0.22715,0.07699,0.06646,0.02727,0.06023,0.12851,0.02953,0.25932,0.03503,0.02513,0.01252,0.03071,0.21351,0.08512,0.07465,0.03014,0.06614,0.11166,0.01851,0.29593,0.03600,-55.96,3.112,-1,0.0000,-1.00,0.0000,0
209072,1790782356260,0.03797,0.04928,0.03013,0.07675,0.05122,0.23357,0.01633,0.02546,0.18179,0.10514,0.16512,0.02724,0.04080,0.01847,0.01313,0.06361,0.05094,0.27656,0.01590,0.02791,0.20521,0.11589,0.14302,0.02855,-57.59,2.803,-1,0.0000,-1.00,0.0000,0
209165,1790782356360,0.05308,0.06349,0.04096,0.14638,0.05775,0.11910,0.04159,0.07209,0.21104,0.06906,0.08967,0.03579,0.04728,0.03236,0.03501,0.15945,0.05938,0.13629,0.04128,0.08158,0.22127,0.07098,0.08043,0.03470,-58.50,2.532,-1,0.0000,-1.00,0.0000,0
209258,1790782356443,0.06806,0.04711,0.01570,0.10323,0.02635,0.25912,0.03688,0.07489,0.16286,0.05242,0.12467,0.02871,0.06531,0.02272,0.00741,0.10577,0.02672,0.29754,0.03954,0.08842,0.17418,0.05752,0.09040,0.02448,-56.99,3.109,-1,0.0000,-1.00,0.0000,0
209351,1790782356540,0.05644,0.02784,0.01308,0.07211,0.05499,0.27335,0.04059,0.04289,0.09989,0.04308,0.24845,0.02729,0.05744,0.01148,0.00785,0.03982,0.06123,0.31615,0.04625,0.04995,0.11179,0.03949,0.23503,0.02353,-56.51,3.280,-1,0.0000,-1.00,0.0000,0
209443,1790782356641,0.02220,0.05869,0.00896,0.10399,0.04276,0.14311,0.03504,0.03815,0.22587,0.02966,0.23757,0.05400,0.01747,0.01982,0.00526,0.07477,0.03990,0.16802,0.03774,0.04499,0.25582,0.02763,0.25135,0.05722,-57.43,2.851,-1,0.0000,-1.00,0.0000,0
209536,1790782356718,0.08924,0.02527,0.04011,0.05847,0.01475,0.31285,0.02473,0.06462,0.10627,0.02606,0.20705,0.03057,0.09268,0.00686,0.04233,0.03489,0.01150,0.35650,0.02772,0.06959,0.12042,0.02895,0.17742,0.03113,-57.68,3.754,-1,0.0000,-1.00,0.0000,0
209629,1790782356821,0.02546,0.12900,0.01808,0.08604,0.01730,0.13275,0.05276,0.07328,0.25890,0.02333,0.14451,0.03858,0.01867,0.09604,0.01665,0.07488,0.01428,0.15537,0.04418,0.08451,0.29524,0.02527,0.14235,0.03256,-58.43,3.107,-1,0.0000,-1.00,0.0000,0
209722,1790782356900,0.03890,0.10477,0.01649,0.06603,0.01969,0.17702,0.07756,0.04866,0.20934,0.06570,0.14420,0.03164,0.03560,0.07798,0.00482,0.05292,0.01919,0.20506,0.07748,0.05735,0.23991,0.07536,0.13214,0.02219,-58.28,2.512,-1,0.0000,-1.00,0.0000,0
209815,1790782357003,0.02529,0.05159,0.05501,0.05921,0.01880,0.19786,0.04018,0.03011,0.09046,0.26879,0.14827,0.01442,0.02286,0.04251,0.00287,0.04488,0.02044,0.23277,0.03972,0.03551,0.09950,0.31803,0.13152,0.00940,-56.98,3.226,-1,0.0000,-1.00,0.0000,0
209908,1790782357101,0.03286,0.07090,0.03515,0.06276,0.04167,0.12162,0.04318,0.08261,0.24183,0.15234,0.09666,0.01840,0.01771,0.03333,0.00777,0.05787,0.04671,0.14308,0.04507,0.09751,0.27830,0.17328,0.08746,0.01190,-56.69,2.902,-1,0.0000,-1.00,0.0000,0
210001,1790782357200,0.03551,0.04276,0.01665,0.30020,0.02413,0.04231,0.03461,0.10523,0.22813,0.04477,0.11237,0.01333,0.01768,0.01049,0.01035,0.33491,0.02635,0.04814,0.03939,0.12404,0.20696,0.04843,0.12511,0.00817,-56.47,3.602,-1,0.0000,-1.00,0.0000,0
210094,1790782357299,0.01930,0.07020,0.01936,0.28341,0.00679,0.02404,0.02656,0.04681,0.37417,0.02543,0.09578,0.00814,0.01250,0.00786,0.01739,0.31792,0.00634,0.02736,0.02989,0.05301,0.38526,0.02928,0.10935,0.00383,-55.91,4.490,-1,0.0000,-1.00,0.0000,0
210187,1790782357379,0.01905,0.08285,0.00848,0.28588,0.01814,0.03204,0.01971,0.02217,0.45999,0.01237,0.03049,0.00883,0.01781,0.00355,0.00769,0.33670,0.01985,0.03554,0.02267,0.02529,0.48284,0.01246,0.02949,0.00609,-56.13,5.520,-1,0.0000,-1.00,0.0000,0
210279,1790782357482,0.04077,0.06838,0.00883,0.43935,0.01723,0.05409,0.02003,0.03791,0.23321,0.02240,0.03920,0.01861,0.04007,0.04706,0.00580,0.51937,0.01680,0.05687,0.01467,0.04427,0.17592,0.02407,0.03570,0.01939,-57.43,5.272,-1,0.0000,-1.00,0.0000,0
210372,1790782357560,0.04035,0.11068,0.00400,0.12625,0.00601,0.02264,0.01943,0.03654,0.46360,0.01483,0.14225,0.01342,0.03958,0.02729,0.00145,0.11825,0.00472,0.01929,0.01787,0.04350,0.53206,0.01684,0.16662,0.01254,-57.61,5.563,-1,0.0000,-1.00,0.0000,0
210465,1790782357662,0.04857,0.10757,0.00396,0.08847,0.00463,0.01557,0.01488,0.04866,0.47251,0.00808,0.17556,0.01152,0.04675,0.01921,0.00293,0.06470,0.00297,0.00978,0.01403,0.05773,0.55329,0.00917,0.20843,0.01103,-57.80,5.670,-1,0.0000,-1.00,0.0000,0
210558,1790782357740,0.03608,0.13681,0.01878,0.05728,0.00674,0.01358,0.02351,0.03834,0.57291,0.01788,0.06194,0.01617,0.03367,0.03093,0.01842,0.05430,0.00505,0.00959,0.02074,0.04359,0.67557,0.02057,0.07231,0.01526,-58.26,6.875,-1,0.0000,-1.00,0.0000,0
210651,1790782357841,0.09220,0.06750,0.02305,0.11505,0.03161,0.07003,0.03416,0.04753,0.20942,0.05155,0.19617,0.06173,0.09981,0.03493,0.01605,0.09395,0.02020,0.06847,0.03401,0.05377,0.23178,0.05831,0.22149,0.06723,-57.35,2.513,-1,0.0000,-1.00,0.0000,0
210744,1790782357943,0.06590,0.07821,0.02888,0.12233,0.01069,0.14669,0.02970,0.03611,0.20656,0.13272,0.08973,0.05248,0.06966,0.05059,0.00313,0.13163,0.00134,0.16196,0.02517,0.04304,0.22142,0.15877,0.07541,0.05789,-56.46,2.479,-1,0.0000,-1.00,0.0000,0
210837,1790782358020,0.04064,0.04072,0.02491,0.09896,0.06383,0.02497,0.04127,0.10456,0.09498,0.04842,0.09343,0.32330,0.02458,0.03007,0.01839,0.09736,0.00140,0.02505,0.04349,0.12165,0.09446,0.05780,0.10699,0.37877,-55.49,3.880,-1,0.0000,-1.00,0.0000,0
210930,1790782358120,0.05504,0.06021,0.04793,0.09876,0.03925,0.02204,0.04026,0.22546,0.07291,0.03462,0.11759,0.18593,0.01414,0.05861,0.04938,0.09134,0.00431,0.02360,0.03662,0.26037,0.06925,0.04063,0.13622,0.21553,-55.67,2.706,-1,0.0000,-1.00,0.0000,0
211022,1790782358199,0.05130,0.07078,0.09312,0.06326,0.02050,0.01499,0.05619,0.23768,0.12782,0.03437,0.14106,0.08893,0.00943,0.05614,0.10364,0.04293,0.00572,0.01609,0.05547,0.26498,0.14464,0.04005,0.16583,0.09507,-56.09,2.852,-1,0.0000,-1.00,0.0000,0
211115,1790782358320,0.12074,0.01152,0.04651,0.02849,0.02486,0.00889,0.02732,0.53677,0.05758,0.01330,0.05538,0.06864,0.01538,0.00474,0.05315,0.02128,0.01471,0.00760,0.03126,0.63319,0.06478,0.01302,0.06486,0.07605,-55.58,6.441,-1,0.0000,-1.00,0.0000,0
211208,1790782358399,0.10265,0.03151,0.09381,0.03411,0.01680,0.00732,0.03637,0.49085,0.09036,0.01313,0.03396,0.04913,0.00840,0.01830,0.10967,0.03309,0.00965,0.00717,0.03187,0.57451,0.10171,0.01382,0.03927,0.05255,-55.48,5.890,-1,0.0000,-1.00,0.0000,0
211301,1790782358500,0.11702,0.02789,0.05550,0.03440,0.01628,0.00756,0.04648,0.48081,0.13664,0.00988,0.02925,0.03828,0.00929,0.02157,0.06465,0.03455,0.01243,0.00721,0.05142,0.56330,0.15688,0.00938,0.03362,0.03568,-56.13,5.770,-1,0.0000,-1.00,0.0000,0
211394,1790782358602,0.06958,0.03238,0.03119,0.11940,0.01321,0.02091,0.15080,0.28628,0.14646,0.02019,0.05068,0.05892,0.01310,0.01280,0.03289,0.13191,0.00883,0.02246,0.17816,0.33651,0.14917,0.02263,0.05627,0.03529,-56.99,3.435,-1,0.0000,-1.00,0.0000,0
211487,1790782358679,0.07195,0.03249,0.03061,0.10482,0.01662,0.02457,0.09335,0.31369,0.10957,0.03314,0.09993,0.06925,0.01543,0.02244,0.02917,0.10290,0.00929,0.02638,0.10651,0.37099,0.11090,0.03787,0.11451,0.05361,-56.77,3.764,-1,0.0000,-1.00,0.0000,0
211580,1790782358782,0.10867,0.02179,0.05062,0.09076,0.02013,0.06409,0.07272,0.14371,0.07874,0.17700,0.11176,0.06000,0.09682,0.01073,0.01914,0.08447,0.01321,0.05760,0.08496,0.16846,0.07761,0.20947,0.12249,0.05505,-56.06,2.124,-1,0.0000,-1.00,0.0000,0
211673,1790782358861,0.08620,0.03805,0.04731,0.10662,0.04631,0.02675,0.09482,0.21806,0.06419,0.07108,0.09361,0.10699,0.05204,0.03560,0.04114,0.10637,0.03426,0.02174,0.10656,0.25314,0.05580,0.07842,0.10785,0.10708,-55.41,2.617,-1,0.0000,-1.00,0.0000,0
211765,1790782358981,0.09290,0.01132,0.03490,0.05378,0.03712,0.01867,0.04983,0.44016,0.04779,0.01830,0.03137,0.16387,0.00804,0.00449,0.03778,0.05781,0.00783,0.02077,0.05781,0.52093,0.04581,0.02037,0.03347,0.18489,-55.66,5.282,-1,0.0000,-1.00,0.0000,0
211858,1790782359041,0.08534,0.01804,0.04393,0.05720,0.02738,0.01991,0.11804,0.37494,0.08835,0.03482,0.04419,0.08784,0.01202,0.00608,0.04485,0.05888,0.01745,0.02148,0.14016,0.44046,0.09316,0.03929,0.04870,0.07747,-57.01,4.499,-1,0.0000,-1.00,0.0000,0
211951,1790782359140,0.07735,0.02646,0.04613,0.09718,0.02779,0.02350,0.06080,0.32653,0.11478,0.02337,0.06479,0.11132,0.01701,0.00845,0.05009,0.10203,0.00964,0.02478,0.07079,0.38172,0.11728,0.02612,0.07272,0.11935,-57.05,3.918,-1,0.0000,-1.00,0.0000,0
212044,1790782359240,0.08386,0.01328,0.14081,0.10884,0.01068,0.01940,0.08583,0.39246,0.06812,0.00979,0.01898,0.04796,0.01317,0.00535,0.16661,0.12672,0.00540,0.02063,0.10178,0.43723,0.05650,0.01066,0.01865,0.03729,-57.05,4.710,-1,0.0000,-1.00,0.0000,0
212137,1790782359320,0.04271,0.04005,0.05684,0.20417,0.01295,0.01336,0.14862,0.16594,0.21244,0.00816,0.02479,0.06997,0.01022,0.01093,0.06639,0.23931,0.00571,0.01405,0.17517,0.18643,0.20711,0.00865,0.02692,0.04911,-57.08,2.549,-1,0.0000,-1.00,0.0000,0
212230,1790782359419,0.05034,0.06032,0.02308,0.12880,0.01240,0.00868,0.11623,0.20765,0.29509,0.02276,0.02857,0.04608,0.01186,0.00800,0.02262,0.14787,0.00932,0.00805,0.13757,0.24445,0.32427,0.02543,0.03263,0.02794,-57.24,3.541,-1,0.0000,-1.00,0.0000,0
212323,1790782359500,0.03937,0.03493,0.02150,0.29342,0.00687,0.00985,0.09358,0.08044,0.28174,0.04539,0.06228,0.03062,0.00990,0.00694,0.01516,0.33718,0.00531,0.00985,0.11053,0.09360,0.27060,0.05349,0.07267,0.01477,-58.44,3.521,-1,0.0000,-1.00,0.0000,0
212416,1790782359619,0.05289,0.04210,0.05610,0.17155,0.01339,0.01919,0.09870,0.12556,0.26957,0.04891,0.05451,0.04753,0.02355,0.00570,0.05597,0.19332,0.00925,0.01833,0.11454,0.14195,0.28469,0.05677,0.06169,0.03424,-58.55,3.235,-1,0.0000,-1.00,0.0000,0
212509,1790782359698,0.11110,0.04338,0.01948,0.16000,0.01415,0.02882,0.02329,0.26016,0.23002,0.02730,0.04915,0.03314,0.07192,0.00445,0.01726,0.18085,0.01013,0.02028,0.02657,0.30876,0.23977,0.03070,0.05487,0.03444,-57.97,3.122,-1,0.0000,-1.00,0.0000,0
212601,1790782359801,0.09441,0.04849,0.01913,0.08900,0.01303,0.03082,0.02346,0.28900,0.26018,0.02032,0.06385,0.04830,0.04291,0.00211,0.01827,0.09260,0.00520,0.02843,0.02699,0.34338,0.29329,0.02344,0.07087,0.05252,-57.59,3.468,-1,0.0000,-1.00,0.0000,0
212694,1790782359901,0.06014,0.07519,0.01157,0.07401,0.01131,0.01993,0.04972,0.17685,0.39162,0.01608,0.05878,0.05480,0.02734,0.00390,0.01016,0.07544,0.00299,0.01846,0.05873,0.20996,0.45430,0.01868,0.06677,0.05326,-57.51,4.699,-1,0.0000,-1.00,0.0000,0
212787,1790782359980,0.06962,0.04064,0.01145,0.22052,0.01097,0.01681,0.01747,0.14227,0.33685,0.03110,0.06081,0.04150,0.02665,0.00183,0.00641,0.25038,0.00410,0.01485,0.02056,0.16921,0.35360,0.03684,0.06992,0.04565,-57.19,4.042,-1,0.0000,-1.00,0.0000,0
212880,1790782360081,0.04386,0.08299,0.01352,0.11624,0.00833,0.01599,0.02126,0.14420,0.39511,0.01969,0.11452,0.02430,0.01873,0.01011,0.01162,0.11269,0.00513,0.01545,0.02333,0.17062,0.45062,0.02305,0.13416,0.02449,-57.42,4.741,-1,0.0000,-1.00,0.0000,0
212973,1790782360159,0.04256,0.06793,0.01260,0.11159,0.00919,0.03337,0.01639,0.03679,0.47602,0.03151,0.12475,0.03730,0.01520,0.00010,0.00772,0.10555,0.00273,0.03722,0.01874,0.04344,0.54944,0.03722,0.14210,0.04055,-57.65,5.712,-1,0.0000,-1.00,0.0000,0
213066,1790782360260,0.04082,0.07444,0.00580,0.15815,0.00549,0.02402,0.00555,0.02274,0.48702,0.01198,0.14728,0.01671,0.02102,0.00228,0.00422,0.15548,0.00285,0.02462,0.00620,0.02641,0.55274,0.01379,0.17160,0.01880,-57.93,5.844,-1,0.0000,-1.00,0.0000,0
213159,1790782360342,0.02279,0.06593,0.01563,0.15320,0.00642,0.02038,0.01370,0.02116,0.37094,0.06040,0.23092,0.01855,0.01279,0.00634,0.00454,0.12958,0.00402,0.02188,0.01447,0.02514,0.41878,0.07157,0.27236,0.01852,-58.42,4.451,-1,0.0000,-1.00,0.0000,0
213252,1790782360442,0.02352,0.05790,0.01804,0.18169,0.01320,0.01508,0.01856,0.03964,0.26529,0.04578,0.29277,0.02853,0.01549,0.01592,0.01100,0.14875,0.00976,0.01500,0.01840,0.04601,0.28771,0.05360,0.34783,0.03054,-58.07,3.513,-1,0.0000,-1.00,0.0000,0
213344,1790782360541,0.02453,0.06051,0.03978,0.11892,0.00813,0.01657,0.02327,0.03202,0.29737,0.11096,0.23484,0.03312,0.02262,0.00530,0.02142,0.08731,0.00293,0.01537,0.02675,0.03420,0.33901,0.13237,0.27834,0.03438,-58.46,3.568,-1,0.0000,-1.00,0.0000,0
213437,1790782360620,0.03382,0.05459,0.01947,0.10837,0.01138,0.01702,0.00813,0.05839,0.27709,0.07595,0.29076,0.04502,0.02745,0.00258,0.00538,0.06138,0.00352,0.01495,0.00923,0.06890,0.31967,0.09050,0.34544,0.05099,-58.56,3.489,-1,0.0000,-1.00,0.0000,0
213530,1790782360719,0.04874,0.03413,0.02642,0.16729,0.00927,0.02458,0.01048,0.16471,0.19671,0.10716,0.18374,0.02679,0.01949,0.00037,0.00640,0.15781,0.00522,0.02559,0.01229,0.19629,0.20442,0.12737,0.21509,0.02966,-58.59,2.361,-1,0.0000,-1.00,0.0000,0
213623,1790782360801,0.04745,0.08706,0.01063,0.05763,0.00899,0.01592,0.00831,0.18591,0.44826,0.03760,0.05598,0.03627,0.01252,0.00037,0.00390,0.05640,0.00255,0.01659,0.00984,0.22204,0.52589,0.04460,0.06379,0.04151,-59.50,5.379,-1,0.0000,-1.00,0.0000,0
213716,1790782360922,0.05569,0.06338,0.01633,0.15788,0.00770,0.08125,0.02970,0.14047,0.34497,0.03806,0.03806,0.02652,0.03169,0.00334,0.01065,0.18372,0.00399,0.09138,0.03492,0.16621,0.37680,0.04495,0.02749,0.02486,-59.50,4.140,-1,0.0000,-1.00,0.0000,0
213809,1790782361000,0.04801,0.08239,0.01140,0.06485,0.00562,0.10401,0.02053,0.15110,0.39813,0.02997,0.05716,0.02683,0.02189,0.00686,0.00659,0.06885,0.00127,0.12029,0.02325,0.17975,0.46341,0.03566,0.04464,0.02755,-58.91,4.778,-1,0.0000,-1.00,0.0000,0
213902,1790782361100,0.03155,0.03936,0.01315,0.24967,0.02399,0.10385,0.01460,0.11509,0.24045,0.02588,0.12141,0.02099,0.01086,0.00087,0.01055,0.27513,0.02444,0.12228,0.01722,0.13592,0.23350,0.02625,0.12124,0.02174,-58.36,2.996,-1,0.0000,-1.00,0.0000,0
213995,1790782361199,0.01885,0.02232,0.00774,0.20080,0.03744,0.20628,0.08984,0.02202,0.17184,0.03151,0.16608,0.02529,0.01047,0.00122,0.00348,0.21079,0.04307,0.24509,0.10736,0.02575,0.16412,0.02922,0.15042,0.00902,-58.99,2.475,-1,0.0000,-1.00,0.0000,0
214087,1790782361281,0.02555,0.03149,0.03213,0.08731,0.05467,0.19899,0.09178,0.06718,0.18114,0.05695,0.13057,0.04225,0.01252,0.00137,0.02732,0.08288,0.05966,0.23612,0.10970,0.07508,0.20062,0.05641,0.10964,0.02868,-58.69,2.388,-1,0.0000,-1.00,0.0000,0
214180,1790782361379,0.02858,0.01677,0.01907,0.24527,0.03831,0.16576,0.14322,0.06867,0.12135,0.03714,0.07880,0.03707,0.01855,0.00238,0.01574,0.28283,0.04382,0.19495,0.17114,0.07917,0.08934,0.03581,0.05577,0.01050,-57.74,2.943,-1,0.0000,-1.00,0.0000,0
214273,1790782361478,0.03874,0.02102,0.02206,0.25479,0.07634,0.12184,0.06979,0.13168,0.14575,0.04069,0.05741,0.01989,0.01519,0.00325,0.01996,0.29735,0.08819,0.14480,0.08291,0.15390,0.11434,0.03263,0.04009,0.00739,-57.89,3.058,-1,0.0000,-1.00,0.0000,0
214366,1790782361561,0.01086,0.01267,0.00443,0.17823,0.12366,0.29359,0.04174,0.01657,0.08975,0.03645,0.17708,0.01497,0.00917,0.00130,0.00225,0.18525,0.14658,0.34998,0.04976,0.01941,0.07001,0.01542,0.14281,0.00808,-57.56,3.523,-1,0.0000,-1.00,0.0000,0
214459,1790782361640,0.01535,0.01089,0.01003,0.20230,0.01240,0.23145,0.02083,0.03620,0.07833,0.02057,0.35088,0.01075,0.00991,0.00131,0.00765,0.16988,0.01328,0.27537,0.02470,0.04187,0.06019,0.02201,0.36585,0.00799,-57.43,4.211,-1,0.0000,-1.00,0.0000,0
214552,1790782361739,0.01422,0.01579,0.04500,0.14537,0.02000,0.18818,0.00551,0.01916,0.09045,0.03586,0.41355,0.00692,0.01382,0.00125,0.04628,0.08472,0.02230,0.22302,0.00635,0.01379,0.09159,0.03854,0.45132,0.00703,-57.51,4.963,-1,0.0000,-1.00,0.0000,0
214645,1790782361841,0.01856,0.01803,0.05806,0.29788,0.04912,0.03617,0.03253,0.02483,0.16450,0.27320,0.01711,0.00999,0.01120,0.00250,0.00691,0.35450,0.05767,0.04156,0.03849,0.02838,0.12667,0.31609,0.01227,0.00375,-57.74,3.575,-1,0.0000,-1.00,0.0000,0
214738,1790782361921,0.02513,0.02933,0.05073,0.27959,0.04916,0.10561,0.03174,0.05045,0.16120,0.10684,0.09591,0.01431,0.01769,0.01103,0.03756,0.31709,0.05626,0.12364,0.03458,0.05426,0.13004,0.11713,0.09041,0.01029,-58.00,3.355,-1,0.0000,-1.00,0.0000,0
214831,1790782362021,0.10656,0.05219,0.04831,0.20833,0.03604,0.08569,0.03225,0.06291,0.15994,0.10915,0.05873,0.03989,0.11369,0.03393,0.03333,0.23883,0.03489,0.08014,0.03012,0.07057,0.14431,0.12387,0.05448,0.04183,-58.31,2.500,-1,0.0000,-1.00,0.0000,0
214923,1790782362100,0.05195,0.01577,0.04950,0.27349,0.02889,0.07995,0.01553,0.04114,0.10637,0.10780,0.21300,0.01661,0.05291,0.00486,0.03480,0.28049,0.03035,0.08616,0.01347,0.04657,0.07135,0.12366,0.23815,0.01724,-59.47,3.282,-1,0.0000,-1.00,0.0000,0
215016,1790782362219,0.05402,0.03441,0.03927,0.31975,0.02297,0.03835,0.02964,0.03620,0.18627,0.04875,0.16639,0.02399,0.05756,0.01068,0.03618,0.34503,0.02150,0.03618,0.03339,0.03621,0.15413,0.05481,0.19220,0.02213,-58.94,3.837,-1,0.0000,-1.00,0.0000,0
215109,1790782362299,0.02513,0.02551,0.03546,0.10978,0.01967,0.02201,0.02273,0.05677,0.12906,0.13530,0.36597,0.05260,0.01637,0.00238,0.01083,0.04552,0.01213,0.02312,0.02676,0.06588,0.14563,0.15972,0.43393,0.05773,-57.55,4.392,-1,0.0000,-1.00,0.0000,0
215202,1790782362400,0.01215,0.00963,0.01319,0.14746,0.03034,0.01974,0.01381,0.01109,0.05625,0.03642,0.51710,0.13282,0.01099,0.00134,0.00737,0.05471,0.00540,0.02147,0.01525,0.01286,0.05655,0.04257,0.61535,0.15613,-57.09,6.205,-1,0.0000,-1.00,0.0000,0
215295,1790782362501,0.03085,0.00558,0.01197,0.16800,0.01635,0.01873,0.00718,0.02247,0.03195,0.04524,0.57617,0.06552,0.03145,0.00208,0.00377,0.06508,0.00437,0.01621,0.00819,0.02618,0.02538,0.05334,0.68717,0.07679,-56.81,6.914,-1,0.0000,-1.00,0.0000,0
215388,1790782362580,0.10074,0.00818,0.01104,0.10337,0.03253,0.02967,0.01349,0.04652,0.04258,0.04728,0.41282,0.15179,0.11085,0.00075,0.00211,0.02633,0.00377,0.01358,0.01601,0.05533,0.04564,0.05606,0.49196,0.17761,-55.88,4.954,-1,0.0000,-1.00,0.0000,0
215481,1790782362679,0.37983,0.00645,0.00561,0.08230,0.02192,0.07250,0.02200,0.12863,0.03184,0.02215,0.14233,0.08443,0.42463,0.00272,0.00157,0.06510,0.00255,0.00737,0.02580,0.15384,0.02525,0.02603,0.16909,0.09606,-55.81,4.558,-1,0.0000,-1.00,0.0000,0
215574,1790782362759,0.32192,0.00984,0.01157,0.10664,0.01944,0.07389,0.01886,0.08791,0.05221,0.05407,0.17018,0.07349,0.36490,0.00284,0.00122,0.08804,0.00532,0.01758,0.02203,0.10509,0.04510,0.06373,0.20044,0.08369,-56.36,3.863,-1,0.0000,-1.00,0.0000,0
215666,1790782362860,0.28310,0.00788,0.01427,0.10467,0.01798,0.06403,0.02273,0.17634,0.04196,0.06729,0.13009,0.06965,0.29911,0.00328,0.00130,0.09521,0.00639,0.01743,0.02656,0.21106,0.03105,0.07972,0.15242,0.07646,-56.23,3.397,-1,0.0000,-1.00,0.0000,0
215759,1790782362943,0.15244,0.01458,0.03716,0.07113,0.03715,0.04091,0.02814,0.04759,0.07575,0.17531,0.22703,0.09280,0.17196,0.00158,0.00379,0.03192,0.02317,0.01580,0.03336,0.05632,0.08444,0.20547,0.26890,0.10328,-56.66,2.724,-1,0.0000,-1.00,0.0000,0
215852,1790782363043,0.05928,0.01809,0.04694,0.08050,0.08445,0.02555,0.03861,0.06789,0.10142,0.18571,0.11166,0.17990,0.05424,0.00227,0.01451,0.07071,0.06039,0.01986,0.04555,0.07873,0.10751,0.21055,0.12986,0.20580,-57.22,2.229,-1,0.0000,-1.00,0.0000,0
215945,1790782363140,0.05137,0.05350,0.02300,0.21869,0.04842,0.03240,0.03133,0.06136,0.17099,0.08181,0.11167,0.11546,0.04841,0.03284,0.00928,0.23672,0.03050,0.03075,0.03096,0.07175,0.15775,0.09219,0.12771,0.13113,-57.66,2.624,-1,0.0000,-1.00,0.0000,0
216038,1790782363219,0.10193,0.02977,0.04238,0.07562,0.03762,0.02654,0.04619,0.18283,0.08114,0.14147,0.14549,0.08902,0.07911,0.01890,0.01820,0.05668,0.02595,0.01612,0.05142,0.21564,0.08599,0.16437,0.17114,0.09648,-57.78,2.194,-1,0.0000,-1.00,0.0000,0
216131,1790782363319,0.05623,0.02120,0.07896,0.04840,0.04241,0.02293,0.03166,0.10193,0.10135,0.34359,0.09992,0.05140,0.04360,0.00301,0.01440,0.03500,0.03993,0.01898,0.03734,0.11928,0.11365,0.40464,0.11597,0.05419,-57.16,4.123,-1,0.0000,-1.00,0.0000,0
216224,1790782363400,0.07524,0.03495,0.11233,0.05326,0.06968,0.02074,0.03904,0.20658,0.19200,0.12038,0.04758,0.02823,0.04370,0.00208,0.10696,0.05315,0.07860,0.01619,0.04637,0.22632,0.20878,0.13941,0.05381,0.02464,-57.17,2.479,-1,0.0000,-1.00,0.0000,0
216317,1790782363523,0.05600,0.05169,0.12616,0.03374,0.02354,0.01177,0.02058,0.16937,0.25014,0.19377,0.04652,0.01673,0.03021,0.00481,0.10575,0.02969,0.02515,0.00811,0.02330,0.18240,0.29192,0.22911,0.05413,0.01543,-57.57,3.002,-1,0.0000,-1.00,0.0000,0
216409,1790782363600,0.03757,0.04228,0.18628,0.03360,0.02013,0.00810,0.01549,0.14296,0.21574,0.24680,0.03879,0.01225,0.01733,0.00135,0.16534,0.03130,0.02195,0.00633,0.01827,0.13855,0.25175,0.29192,0.04522,0.01069,-56.92,2.962,-1,0.0000,-1.00,0.0000,0
216502,1790782363698,0.03799,0.03865,0.09844,0.07383,0.03916,0.01778,0.03391,0.13890,0.22150,0.25076,0.03647,0.01260,0.01160,0.00103,0.05924,0.08057,0.04516,0.01936,0.04035,0.15477,0.24480,0.29615,0.03986,0.00710,-57.05,3.009,-1,0.0000,-1.00,0.0000,0
216595,1790782363801,0.06839,0.03251,0.19025,0.08086,0.02145,0.01316,0.02012,0.21586,0.17251,0.13786,0.02953,0.01750,0.03770,0.00296,0.19610,0.09020,0.02262,0.00829,0.02302,0.22027,0.18878,0.16076,0.03374,0.01557,-57.84,2.590,-1,0.0000,-1.00,0.0000,0
216688,1790782363879,0.03157,0.01690,0.18324,0.04231,0.27922,0.01065,0.01365,0.09254,0.12531,0.17360,0.01396,0.01706,0.01200,0.00396,0.19107,0.04779,0.33112,0.01038,0.01536,0.07322,0.13926,0.14378,0.01467,0.01740,-57.23,3.351,-1,0.0000,-1.00,0.0000,0
216781,1790782363980,0.07855,0.02140,0.13314,0.03407,0.03392,0.02182,0.01448,0.21797,0.19184,0.18687,0.03941,0.02653,0.02223,0.00611,0.11652,0.03232,0.03499,0.02173,0.01614,0.23808,0.22346,0.21698,0.04292,0.02852,-57.12,2.616,-1,0.0000,-1.00,0.0000,0
216874,1790782364060,0.04408,0.02425,0.14621,0.06422,0.02470,0.01742,0.00620,0.17039,0.10296,0.21035,0.17705,0.01216,0.01729,0.00599,0.12628,0.03558,0.02695,0.01745,0.00587,0.17950,0.11631,0.24672,0.20869,0.01335,-56.80,2.524,-1,0.0000,-1.00,0.0000,0
216967,1790782364159,0.03577,0.02179,0.11045,0.04621,0.03620,0.01288,0.01875,0.08372,0.14672,0.34793,0.12332,0.01626,0.01684,0.00048,0.05124,0.02657,0.04022,0.01226,0.02230,0.09023,0.17035,0.40911,0.14533,0.01507,-55.38,4.175,-1,0.0000,-1.00,0.0000,0
217060,1790782364241,0.03150,0.07872,0.08013,0.02816,0.00772,0.00638,0.01011,0.14000,0.39862,0.16873,0.04317,0.00676,0.00669,0.00057,0.05625,0.02374,0.00806,0.00638,0.01192,0.15669,0.47293,0.20059,0.05046,0.00574,-55.54,4.783,-1,0.0000,-1.00,0.0000,0
217153,1790782364339,0.03452,0.04708,0.11070,0.05201,0.02214,0.06863,0.05246,0.11512,0.23547,0.13462,0.07377,0.05347,0.01879,0.00269,0.10132,0.04788,0.01650,0.07852,0.06137,0.11881,0.27266,0.15803,0.07283,0.05059,-56.55,2.826,-1,0.0000,-1.00,0.0000,0
217245,1790782364443,0.03600,0.08185,0.11796,0.03604,0.01868,0.02484,0.01217,0.15627,0.39973,0.06634,0.03219,0.01794,0.01136,0.00457,0.12633,0.03662,0.01873,0.02751,0.01357,0.16231,0.47171,0.07577,0.03312,0.01841,-56.73,4.797,-1,0.0000,-1.00,0.0000,0
217338,1790782364522,0.06074,0.04097,0.20138,0.03432,0.01108,0.01025,0.00578,0.21635,0.29410,0.07092,0.03742,0.01668,0.00703,0.00389,0.22484,0.03266,0.00959,0.01089,0.00616,0.21467,0.34593,0.08308,0.04268,0.01859,-57.92,3.529,-1,0.0000,-1.00,0.0000,0
217431,1790782364621,0.06912,0.03502,0.10707,0.05530,0.01675,0.01929,0.06614,0.28949,0.17760,0.07285,0.06753,0.02384,0.01845,0.00178,0.11167,0.05099,0.01751,0.01946,0.07889,0.32474,0.20270,0.08381,0.07706,0.01293,-57.40,3.474,-1,0.0000,-1.00,0.0000,0
217524,1790782364719,0.08819,0.02760,0.09731,0.03631,0.00978,0.00842,0.05134,0.41016,0.14429,0.07250,0.03434,0.01977,0.01111,0.00141,0.09973,0.03566,0.00945,0.00789,0.06118,0.47176,0.16572,0.08510,0.03958,0.01141,-55.62,4.922,-1,0.0000,-1.00,0.0000,0
217617,1790782364819,0.01541,0.02575,0.13145,0.03576,0.01190,0.00450,0.01584,0.07289,0.13131,0.46997,0.04932,0.03589,0.00295,0.00090,0.04613,0.03132,0.00647,0.00481,0.01875,0.07826,0.15113,0.56186,0.05815,0.03929,-55.66,5.640,-1,0.0000,-1.00,0.0000,0
217710,1790782364899,0.02664,0.06853,0.09190,0.11505,0.00551,0.00565,0.02710,0.12356,0.34650,0.12536,0.04062,0.02358,0.00573,0.00486,0.08042,0.12843,0.00225,0.00563,0.03150,0.13212,0.38973,0.14977,0.04755,0.02201,-56.55,4.158,-1,0.0000,-1.00,0.0000,0
217803,1790782365003,0.03383,0.03984,0.13672,0.03636,0.01840,0.02543,0.05622,0.14893,0.19122,0.20076,0.08493,0.02737,0.00914,0.00389,0.11685,0.02452,0.01816,0.02866,0.06659,0.15529,0.22425,0.23697,0.09609,0.01960,-55.95,2.409,-1,0.0000,-1.00,0.0000,0
217896,1790782365099,0.02491,0.01372,0.08905,0.02406,0.04501,0.14138,0.24425,0.09024,0.06599,0.12717,0.07526,0.05895,0.01150,0.00145,0.07852,0.01752,0.05142,0.16713,0.29238,0.09256,0.07559,0.14219,0.05705,0.01268,-55.88,2.931,-1,0.0000,-1.00,0.0000,0
217988,1790782365180,0.06520,0.02449,0.06479,0.03965,0.02892,0.12617,0.03414,0.23463,0.09031,0.14079,0.13476,0.01614,0.02513,0.00874,0.04547,0.02125,0.03254,0.14620,0.03918,0.27213,0.10397,0.16227,0.13249,0.01062,-56.41,2.816,-1,0.0000,-1.00,0.0000,0
218081,1790782365279,0.06536,0.01318,0.19933,0.07321,0.00712,0.03048,0.00590,0.22659,0.06617,0.05073,0.25613,0.00582,0.03341,0.00119,0.22707,0.02805,0.00742,0.02990,0.00680,0.22653,0.07363,0.05940,0.30098,0.00563,-56.66,3.074,-1,0.0000,-1.00,0.0000,0
218174,1790782365360,0.09962,0.02093,0.11473,0.05347,0.00819,0.04783,0.01363,0.26014,0.10492,0.11209,0.14486,0.01958,0.06165,0.00169,0.11108,0.03144,0.00572,0.04516,0.01600,0.28969,0.11949,0.13317,0.16463,0.02029,-57.15,3.122,-1,0.0000,-1.00,0.0000,0
218267,1790782365475,0.06492,0.01045,0.04761,0.10112,0.01378,0.02729,0.01766,0.16259,0.04364,0.02530,0.42413,0.06152,0.04117,0.00302,0.05111,0.02138,0.00262,0.02462,0.02052,0.18473,0.04794,0.02990,0.50333,0.06965,-56.37,5.090,-1,0.0000,-1.00,0.0000,0
218360,1790782365544,0.09429,0.00753,0.05334,0.05004,0.04694,0.03398,0.00972,0.23769,0.03984,0.04709,0.16343,0.21612,0.05858,0.00043,0.05293,0.02228,0.00535,0.02910,0.01145,0.27442,0.04332,0.05536,0.19006,0.25669,-55.75,2.852,-1,0.0000,-1.00,0.0000,0
218453,1790782365640,0.14483,0.01539,0.03445,0.08741,0.00764,0.10441,0.03346,0.13239,0.07478,0.05419,0.28547,0.02559,0.14320,0.00227,0.02859,0.04072,0.00464,0.09672,0.03955,0.15306,0.08153,0.06401,0.32288,0.02282,-56.15,3.426,-1,0.0000,-1.00,0.0000,0
218546,1790782365739,0.16908,0.02196,0.01486,0.07305,0.02294,0.21015,0.03778,0.06106,0.11610,0.02757,0.18138,0.06408,0.18688,0.00242,0.01180,0.05289,0.01402,0.21476,0.04449,0.07113,0.12863,0.03025,0.17476,0.06796,-56.29,2.522,-1,0.0000,-1.00,0.0000,0
218639,1790782365819,0.08162,0.00922,0.01731,0.07733,0.02105,0.28843,0.00809,0.12007,0.04582,0.03483,0.26302,0.03322,0.06918,0.00235,0.01314,0.04325,0.01712,0.33244,0.00861,0.14189,0.04633,0.03834,0.24926,0.03810,-56.51,3.461,-1,0.0000,-1.00,0.0000,0
218731,1790782365919,0.09506,0.03799,0.04512,0.12016,0.02850,0.12592,0.03011,0.09847,0.10759,0.14107,0.12849,0.04150,0.09135,0.02463,0.02156,0.11868,0.02551,0.13278,0.03111,0.11381,0.10539,0.16398,0.12764,0.04356,-57.15,1.693,-1,0.0000,-1.00,0.0000,0
218824,1790782366021,0.11101,0.01357,0.02249,0.08468,0.03281,0.35170,0.01861,0.11371,0.06998,0.02759,0.12570,0.02816,0.10409,0.00597,0.02171,0.08736,0.03348,0.40078,0.02112,0.13195,0.06654,0.02642,0.07116,0.02942,-57.27,4.220,-1,0.0000,-1.00,0.0000,0
218917,1790782366120,0.15636,0.02127,0.03126,0.05826,0.01838,0.14210,0.21980,0.05976,0.07610,0.05170,0.10374,0.06128,0.17277,0.01064,0.02584,0.05054,0.01686,0.13685,0.26042,0.06733,0.08116,0.05860,0.09718,0.02180,-57.52,2.638,-1,0.0000,-1.00,0.0000,0
219010,1790782366200,0.04552,0.02716,0.17517,0.04709,0.02206,0.19607,0.07094,0.11049,0.12417,0.05517,0.09503,0.03112,0.03605,0.00477,0.19763,0.04280,0.02234,0.22779,0.08398,0.09329,0.14010,0.06188,0.06871,0.02064,-57.89,2.353,-1,0.0000,-1.00,0.0000,0
219103,1790782366298,0.05333,0.03158,0.06979,0.19749,0.02488,0.13012,0.05995,0.07249,0.16693,0.04288,0.11293,0.03762,0.04905,0.00722,0.07437,0.21556,0.02365,0.14620,0.07040,0.07212,0.15729,0.04669,0.10634,0.03112,-57.95,2.370,-1,0.0000,-1.00,0.0000,0
219196,1790782366400,0.09917,0.04683,0.01969,0.10206,0.01634,0.15982,0.07065,0.08425,0.22279,0.04803,0.10115,0.02923,0.09673,0.00981,0.01273,0.10504,0.01585,0.17233,0.08188,0.09926,0.24578,0.05475,0.08704,0.01879,-58.11,2.673,-1,0.0000,-1.00,0.0000,0
219289,1790782366478,0.14211,0.04488,0.02288,0.12997,0.02132,0.09961,0.06599,0.07216,0.19261,0.06590,0.10041,0.04216,0.15061,0.01634,0.01249,0.13540,0.01851,0.08950,0.07577,0.08405,0.20395,0.07529,0.10257,0.03550,-57.98,2.311,-1,0.0000,-1.00,0.0000,0
219382,1790782366580,0.06116,0.09291,0.03179,0.09482,0.02608,0.11633,0.06271,0.05981,0.29406,0.05563,0.06722,0.03749,0.05944,0.04555,0.02582,0.10266,0.02481,0.12761,0.06277,0.06988,0.33180,0.06194,0.05525,0.03248,-57.87,3.529,-1,0.0000,-1.00,0.0000,0
219475,1790782366659,0.04530,0.09159,0.03699,0.16998,0.01892,0.08108,0.04183,0.03661,0.25303,0.04772,0.14345,0.03350,0.04469,0.05821,0.03362,0.17307,0.01615,0.08830,0.03635,0.03944,0.26888,0.05398,0.15438,0.03293,-57.83,3.036,-1,0.0000,-1.00,0.0000,0
219567,1790782366759,0.04437,0.08417,0.02564,0.12843,0.01827,0.07002,0.04830,0.07477,0.17695,0.06201,0.22445,0.04262,0.03716,0.06290,0.01653,0.10358,0.01377,0.07653,0.04541,0.08631,0.19149,0.07158,0.25377,0.04097,-56.97,2.693,-1,0.0000,-1.00,0.0000,0
219660,1790782366840,0.05283,0.06837,0.02338,0.17091,0.04211,0.05644,0.04112,0.04848,0.16994,0.07240,0.14286,0.11116,0.04916,0.05122,0.01182,0.17313,0.02555,0.05788,0.03793,0.05694,0.16930,0.08168,0.15971,0.12568,-55.47,2.051,-1,0.0000,-1.00,0.0000,0
219753,1790782366943,0.07086,0.07607,0.06702,0.03825,0.03392,0.07679,0.02907,0.02517,0.11304,0.29545,0.07802,0.09635,0.08005,0.06608,0.01083,0.03029,0.01886,0.07614,0.02173,0.02801,0.12926,0.35045,0.07839,0.10989,-55.42,3.545,-1,0.0000,-1.00,0.0000,0
219846,1790782367043,0.02220,0.10476,0.05473,0.08379,0.02809,0.04435,0.06180,0.05932,0.15594,0.18300,0.12880,0.07322,0.01731,0.09134,0.02283,0.07176,0.01923,0.04971,0.05510,0.06740,0.17245,0.21564,0.14448,0.07274,-56.78,2.196,-1,0.0000,-1.00,0.0000,0
219939,1790782367120,0.08329,0.13588,0.03920,0.05789,0.01792,0.05060,0.06143,0.11704,0.23430,0.06979,0.06523,0.06743,0.07218,0.11036,0.03068,0.05569,0.00748,0.04632,0.05165,0.13424,0.26971,0.08214,0.06898,0.07056,-57.41,2.812,-1,0.0000,-1.00,0.0000,0
220032,1790782367219,0.13219,0.07786,0.04332,0.03518,0.03529,0.11214,0.08593,0.03857,0.17108,0.15484,0.07467,0.03893,0.14758,0.05572,0.01657,0.02855,0.03658,0.10511,0.09009,0.04476,0.19933,0.17828,0.06864,0.02879,-56.44,2.053,-1,0.0000,-1.00,0.0000,0
220125,1790782367319,0.35858,0.03351,0.03564,0.03053,0.01761,0.15402,0.05234,0.03187,0.08503,0.14201,0.03154,0.02731,0.42408,0.02256,0.00966,0.03304,0.01748,0.10048,0.05825,0.03628,0.09533,0.16670,0.01787,0.01827,-55.77,4.303,-1,0.0000,-1.00,0.0000,0
220218,1790782367422,0.15674,0.06156,0.05099,0.05776,0.02062,0.11670,0.03359,0.04373,0.09053,0.17119,0.13959,0.05700,0.17986,0.05423,0.02076,0.04026,0.00988,0.10700,0.02950,0.04829,0.10014,0.20353,0.14605,0.06050,-56.63,2.054,-1,0.0000,-1.00,0.0000,0
220310,1790782367500,0.05578,0.05682,0.04504,0.05904,0.02338,0.16079,0.04805,0.04192,0.15645,0.18302,0.11869,0.05102,0.05731,0.03298,0.01106,0.04971,0.01701,0.18220,0.05104,0.04804,0.17708,0.21645,0.10610,0.05101,-57.77,2.196,-1,0.0000,-1.00,0.0000,0
220403,1790782367601,0.03111,0.08813,0.06075,0.06400,0.02046,0.09011,0.03849,0.03266,0.32625,0.10779,0.05833,0.08194,0.03095,0.03073,0.04741,0.06686,0.00581,0.10257,0.03785,0.03191,0.37767,0.12800,0.04956,0.09068,-57.52,3.915,-1,0.0000,-1.00,0.0000,0
220496,1790782367699,0.11719,0.06758,0.07144,0.04505,0.01907,0.07311,0.05079,0.02567,0.16319,0.27942,0.04605,0.04142,0.13480,0.04468,0.01972,0.04548,0.01373,0.06227,0.05200,0.02685,0.18627,0.33235,0.04284,0.03901,-56.72,3.353,-1,0.0000,-1.00,0.0000,0
220589,1790782367780,0.20519,0.04171,0.06027,0.02898,0.01036,0.12289,0.03653,0.02306,0.13033,0.28402,0.03833,0.01833,0.23837,0.02239,0.00513,0.02954,0.00961,0.09999,0.03928,0.02667,0.15030,0.33842,0.02610,0.01418,-55.62,3.408,-1,0.0000,-1.00,0.0000,0
220682,1790782367879,0.16419,0.05909,0.03705,0.04802,0.04712,0.09724,0.05243,0.11125,0.13484,0.13610,0.05798,0.05470,0.17082,0.04062,0.01387,0.04701,0.04561,0.08266,0.05457,0.13076,0.15225,0.15403,0.05308,0.05473,-55.42,1.970,-1,0.0000,-1.00,0.0000,0
220775,1790782367970,0.07440,0.11707,0.02483,0.10325,0.02936,0.11373,0.05303,0.13675,0.16766,0.04256,0.08876,0.04860,0.05721,0.10908,0.02067,0.10754,0.02610,0.12493,0.04166,0.16002,0.17958,0.04582,0.08159,0.04580,-56.52,2.012,-1,0.0000,-1.00,0.0000,0
220868,1790782368060,0.05453,0.13576,0.02361,0.06163,0.02325,0.08297,0.04072,0.04040,0.28468,0.10225,0.09089,0.05931,0.05593,0.09724,0.00459,0.05573,0.01493,0.08833,0.02951,0.04749,0.33007,0.11956,0.09139,0.06522,-57.05,3.416,-1,0.0000,-1.00,0.0000,0
220961,1790782368140,0.04636,0.07951,0.02807,0.13273,0.02324,0.04793,0.01404,0.06441,0.20759,0.09881,0.19990,0.05742,0.03800,0.05309,0.01073,0.11352,0.01445,0.04990,0.00630,0.07506,0.22623,0.11553,0.22964,0.06755,-56.92,2.491,-1,0.0000,-1.00,0.0000,0
221053,1790782368240,0.04010,0.06296,0.03814,0.15113,0.03402,0.03711,0.03317,0.12819,0.15275,0.05148,0.19426,0.07669,0.01893,0.04504,0.03389,0.13654,0.02376,0.04071,0.03082,0.14689,0.15338,0.05956,0.22470,0.08579,-56.70,2.331,-1,0.0000,-1.00,0.0000,0
221146,1790782368339,0.05712,0.06506,0.03268,0.12260,0.04084,0.07850,0.03713,0.08249,0.21156,0.05744,0.12571,0.08886,0.05066,0.03249,0.02661,0.12034,0.02948,0.08402,0.03805,0.09357,0.22934,0.06329,0.13397,0.09816,-56.95,2.539,-1,0.0000,-1.00,0.0000,0
221239,1790782368420,0.07536,0.04649,0.03382,0.19440,0.05180,0.07632,0.04331,0.03343,0.26279,0.06001,0.07925,0.04301,0.07993,0.00545,0.02799,0.21709,0.05379,0.07561,0.04942,0.03591,0.26988,0.06322,0.07997,0.04174,-57.94,3.154,-1,0.0000,-1.00,0.0000,0
221332,1790782368522,0.05602,0.08638,0.02408,0.21919,0.05270,0.07524,0.02846,0.03779,0.28792,0.03846,0.05289,0.04089,0.05743,0.04663,0.02184,0.25318,0.05426,0.07892,0.02486,0.04095,0.29480,0.03533,0.04772,0.04406,-58.04,3.455,-1,0.0000,-1.00,0.0000,0
221425,1790782368621,0.08049,0.03350,0.03598,0.31301,0.01555,0.13614,0.02632,0.03255,0.20660,0.02158,0.06615,0.03212,0.08893,0.00550,0.03838,0.36507,0.01194,0.14550,0.02396,0.03789,0.17478,0.02390,0.05042,0.03374,-57.14,3.756,-1,0.0000,-1.00,0.0000,0
221518,1790782368720,0.03114,0.13768,0.01192,0.28657,0.01508,0.14531,0.04699,0.02121,0.17913,0.02626,0.07209,0.02662,0.03107,0.13714,0.00843,0.33286,0.01288,0.16796,0.02901,0.02385,0.14808,0.02948,0.05308,0.02615,-56.78,3.439,-1,0.0000,-1.00,0.0000,0
221611,1790782368799,0.03205,0.26238,0.02398,0.10366,0.16305,0.11094,0.06409,0.01253,0.12817,0.04428,0.03107,0.02381,0.03613,0.28907,0.02566,0.12178,0.19048,0.12577,0.01949,0.00993,0.12924,0.01548,0.01229,0.02467,-57.07,3.149,-1,0.0000,-1.00,0.0000,0
221704,1790782368900,0.06504,0.25275,0.00954,0.01883,0.00788,0.20895,0.09030,0.00788,0.23052,0.02869,0.05861,0.02100,0.07612,0.24894,0.00488,0.01788,0.00677,0.23529,0.05885,0.00847,0.27267,0.03304,0.02359,0.01350,-57.92,3.033,-1,0.0000,-1.00,0.0000,0
221797,1790782369000,0.08520,0.13825,0.01662,0.06375,0.01099,0.17961,0.07026,0.01197,0.30353,0.03854,0.05701,0.02428,0.09956,0.09645,0.01115,0.07053,0.00996,0.19548,0.06507,0.01213,0.34972,0.04421,0.02956,0.01619,-57.55,3.642,-1,0.0000,-1.00,0.0000,0
221889,1790782369080,0.06110,0.07404,0.05818,0.03937,0.03281,0.20142,0.05354,0.01350,0.11406,0.25986,0.07434,0.01778,0.07014,0.06371,0.00940,0.03846,0.03718,0.22745,0.05100,0.01484,0.12884,0.30421,0.04399,0.01078,-56.14,3.118,-1,0.0000,-1.00,0.0000,0
221982,1790782369180,0.03113,0.03799,0.09801,0.04005,0.01392,0.11971,0.02922,0.02072,0.07658,0.44478,0.06764,0.02023,0.03287,0.02880,0.01230,0.03731,0.01303,0.13693,0.02930,0.02238,0.08436,0.53037,0.05391,0.01843,-55.56,5.337,-1,0.0000,-1.00,0.0000,0
222075,1790782369261,0.05415,0.06281,0.05006,0.05718,0.02470,0.05792,0.06271,0.04359,0.19692,0.23130,0.12032,0.03835,0.05463,0.03028,0.00595,0.04224,0.02320,0.05857,0.06914,0.05105,0.22759,0.27256,0.13256,0.03224,-56.18,2.776,-1,0.0000,-1.00,0.0000,0
222168,1790782369361,0.03273,0.07047,0.04518,0.08644,0.02392,0.03695,0.04264,0.02751,0.25295,0.14449,0.20067,0.03605,0.03294,0.02698,0.02068,0.05740,0.02186,0.03775,0.04481,0.02980,0.29171,0.16880,0.23296,0.03431,-57.22,3.035,-1,0.0000,-1.00,0.0000,0
222261,1790782369443,0.06964,0.05970,0.06750,0.09580,0.03674,0.12768,0.03664,0.03226,0.12606,0.16838,0.13720,0.04239,0.07652,0.04595,0.04225,0.08764,0.03485,0.13829,0.03479,0.03028,0.13368,0.19485,0.13699,0.04390,-56.70,2.021,-1,0.0000,-1.00,0.0000,0
222354,1790782369541,0.16483,0.05043,0.05093,0.07196,0.01988,0.13404,0.04829,0.06109,0.11367,0.19586,0.05235,0.03667,0.18206,0.03800,0.01516,0.07869,0.01708,0.12452,0.05003,0.07050,0.12056,0.23134,0.03805,0.03402,-56.10,2.350,-1,0.0000,-1.00,0.0000,0
222447,1790782369641,0.13543,0.08159,0.03370,0.04627,0.05100,0.09934,0.07083,0.06606,0.15078,0.15163,0.04170,0.07166,0.14607,0.06505,0.00621,0.04908,0.04699,0.09007,0.07197,0.07792,0.17094,0.17237,0.03212,0.07119,-56.54,1.820,-1,0.0000,-1.00,0.0000,0
222540,1790782369720,0.05559,0.05778,0.02217,0.13659,0.02710,0.10028,0.04580,0.12135,0.14728,0.07196,0.14437,0.06972,0.03761,0.04073,0.01018,0.13381,0.01789,0.11271,0.04681,0.14339,0.14995,0.08268,0.15064,0.07360,-56.83,1.767,-1,0.0000,-1.00,0.0000,0
222632,1790782369841,0.04579,0.08022,0.01967,0.10178,0.02040,0.10273,0.07777,0.08033,0.29379,0.06393,0.07185,0.04174,0.03373,0.03305,0.00909,0.10947,0.01793,0.11640,0.08663,0.09445,0.33033,0.07305,0.06302,0.03284,-57.00,3.525,-1,0.0000,-1.00,0.0000,0
222725,1790782369919,0.05639,0.05662,0.01536,0.13822,0.02737,0.09114,0.05388,0.15108,0.19143,0.03264,0.13726,0.04862,0.02501,0.03488,0.01158,0.13711,0.02351,0.10425,0.05765,0.17874,0.20220,0.03445,0.14380,0.04683,-57.31,2.297,-1,0.0000,-1.00,0.0000,0
222818,1790782370020,0.05300,0.04421,0.02783,0.16414,0.01113,0.11607,0.01759,0.16239,0.23664,0.03150,0.10807,0.02743,0.02512,0.00454,0.02616,0.17628,0.00762,0.13410,0.02018,0.18940,0.24860,0.03624,0.10290,0.02886,-57.76,2.840,-1,0.0000,-1.00,0.0000,0
222911,1790782370100,0.05678,0.05969,0.04166,0.12118,0.03061,0.10721,0.04749,0.16333,0.17948,0.04415,0.08937,0.05904,0.03409,0.03426,0.04043,0.12876,0.02534,0.12170,0.05012,0.18770,0.18953,0.04788,0.08296,0.05724,-58.63,2.154,-1,0.0000,-1.00,0.0000,0
223004,1790782370200,0.06507,0.08486,0.02288,0.06763,0.01340,0.14817,0.02858,0.13014,0.27118,0.04845,0.09561,0.02403,0.04705,0.04040,0.01635,0.06494,0.01137,0.16822,0.02583,0.15310,0.31204,0.05582,0.08121,0.02367,-59.31,3.254,-1,0.0000,-1.00,0.0000,0
223097,1790782370299,0.04863,0.09261,0.02130,0.09527,0.01453,0.13540,0.11092,0.09421,0.21514,0.03767,0.08455,0.04976,0.03654,0.06380,0.01698,0.10017,0.01032,0.15500,0.12015,0.10964,0.23793,0.04309,0.07058,0.03580,-58.47,2.582,-1,0.0000,-1.00,0.0000,0
223190,1790782370382,0.08889,0.04523,0.02547,0.24004,0.03832,0.07643,0.06011,0.12444,0.16003,0.02649,0.07893,0.03562,0.07774,0.02702,0.02560,0.27192,0.03871,0.07750,0.06556,0.14514,0.13708,0.02483,0.07921,0.02968,-57.55,2.880,-1,0.0000,-1.00,0.0000,0
223283,1790782370480,0.11043,0.07923,0.01523,0.16151,0.09898,0.10686,0.04642,0.09929,0.13934,0.02593,0.08193,0.03485,0.10937,0.06912,0.01606,0.17841,0.10788,0.11046,0.04192,0.11579,0.13024,0.01104,0.07627,0.03345,-57.48,1.938,-1,0.0000,-1.00,0.0000,0
223375,1790782370560,0.07007,0.07855,0.03841,0.07740,0.02148,0.21816,0.07822,0.05977,0.15924,0.08755,0.08349,0.02766,0.06988,0.06145,0.02609,0.08267,0.02186,0.24826,0.08154,0.06645,0.17442,0.10057,0.05083,0.01598,-57.62,2.618,-1,0.0000,-1.00,0.0000,0
223468,1790782370660,0.04057,0.08547,0.03024,0.12498,0.03379,0.16932,0.07119,0.07228,0.21883,0.05331,0.06547,0.03454,0.03465,0.05601,0.02497,0.14190,0.03564,0.19602,0.07420,0.08166,0.23408,0.05681,0.03960,0.02446,-58.24,2.626,-1,0.0000,-1.00,0.0000,0
223561,1790782370739,0.03518,0.13363,0.03101,0.11927,0.01628,0.10094,0.06876,0.07011,0.20022,0.08131,0.08261,0.06067,0.02784,0.11952,0.01807,0.12783,0.00809,0.11543,0.05767,0.08146,0.21406,0.09633,0.07610,0.05759,-57.79,2.403,-1,0.0000,-1.00,0.0000,0
223654,1790782370840,0.06208,0.15503,0.08425,0.08050,0.01065,0.14634,0.06058,0.03955,0.20943,0.03555,0.08256,0.03349,0.06491,0.13945,0.09274,0.08323,0.00587,0.16249,0.02704,0.04691,0.23445,0.04143,0.06672,0.03477,-57.33,2.513,-1,0.0000,-1.00,0.0000,0
223747,1790782370943,0.04592,0.17097,0.05433,0.05531,0.01676,0.13459,0.06428,0.06087,0.18084,0.10969,0.07031,0.03613,0.04206,0.16409,0.03952,0.05563,0.01207,0.15410,0.04425,0.06536,0.20567,0.12904,0.05370,0.03452,-57.88,2.170,-1,0.0000,-1.00,0.0000,0
223840,1790782371021,0.03007,0.11989,0.05082,0.11073,0.02032,0.15553,0.05115,0.04789,0.18468,0.03665,0.13231,0.05996,0.02668,0.10418,0.05251,0.10837,0.01147,0.18130,0.04043,0.04717,0.19917,0.04228,0.12260,0.06384,-58.05,2.216,-1,0.0000,-1.00,0.0000,0
223933,1790782371142,0.05372,0.16827,0.03358,0.11338,0.02301,0.06521,0.04736,0.03180,0.33404,0.02413,0.06632,0.03919,0.05820,0.12711,0.03528,0.12272,0.01950,0.06660,0.03155,0.03111,0.37593,0.02505,0.06626,0.04071,-58.22,4.008,-1,0.0000,-1.00,0.0000,0
224026,1790782371220,0.07430,0.16487,0.03915,0.08725,0.01645,0.08430,0.06026,0.03407,0.26375,0.08109,0.04506,0.04946,0.08200,0.13877,0.02799,0.09717,0.00971,0.08475,0.04448,0.03549,0.29655,0.09546,0.03719,0.05045,-57.19,3.165,-1,0.0000,-1.00,0.0000,0
224119,1790782371319,0.04074,0.07910,0.09115,0.10047,0.01640,0.11891,0.05400,0.02450,0.15655,0.23124,0.05320,0.03374,0.04299,0.06244,0.05481,0.11301,0.01335,0.13396,0.04348,0.02734,0.16518,0.27443,0.03719,0.03181,-56.85,2.775,-1,0.0000,-1.00,0.0000,0
224211,1790782371400,0.09447,0.08584,0.06785,0.07350,0.09260,0.09376,0.05247,0.10833,0.14475,0.11363,0.04469,0.02813,0.08758,0.07180,0.05835,0.08130,0.10270,0.09806,0.03830,0.12858,0.15732,0.11580,0.03411,0.02611,-56.83,1.737,-1,0.0000,-1.00,0.0000,0
224304,1790782371500,0.09722,0.08135,0.04426,0.15146,0.02604,0.07232,0.04900,0.22493,0.13772,0.03772,0.05931,0.01868,0.06361,0.07146,0.04511,0.17038,0.02656,0.07576,0.03833,0.26680,0.13124,0.03993,0.05605,0.01478,-56.27,2.699,-1,0.0000,-1.00,0.0000,0
224397,1790782371600,0.03646,0.20448,0.02039,0.15274,0.02214,0.06088,0.08708,0.08922,0.19062,0.04182,0.06712,0.02706,0.02148,0.20806,0.01531,0.16981,0.02180,0.06947,0.06309,0.10388,0.19454,0.04600,0.06665,0.01992,-57.17,2.454,-1,0.0000,-1.00,0.0000,0
224490,1790782371678,0.07897,0.12757,0.11717,0.15287,0.01749,0.05626,0.05592,0.07859,0.23126,0.02315,0.03109,0.02968,0.08000,0.10679,0.13552,0.17782,0.01582,0.05156,0.04400,0.06913,0.24185,0.02460,0.02703,0.02589,-58.13,2.775,-1,0.0000,-1.00,0.0000,0
224583,1790782371778,0.02533,0.11942,0.03912,0.28926,0.01131,0.06477,0.04467,0.03621,0.28780,0.02211,0.04094,0.01906,0.02340,0.08808,0.04203,0.33975,0.01044,0.07297,0.03606,0.03506,0.27751,0.02443,0.03459,0.01569,-58.46,3.471,-1,0.0000,-1.00,0.0000,0
224676,1790782371862,0.03280,0.09996,0.03386,0.14303,0.03207,0.07262,0.05720,0.06031,0.29910,0.03877,0.08228,0.04800,0.02619,0.05491,0.03242,0.15506,0.02928,0.08183,0.05735,0.06614,0.32718,0.04113,0.08237,0.04614,-59.06,3.589,-1,0.0000,-1.00,0.0000,0
224769,1790782371983,0.04255,0.09307,0.01814,0.12493,0.01143,0.09355,0.02978,0.04590,0.45075,0.01312,0.05724,0.01954,0.03807,0.01272,0.01902,0.14021,0.01035,0.10455,0.03317,0.05122,0.51231,0.01367,0.04786,0.01684,-58.78,5.409,-1,0.0000,-1.00,0.0000,0
224862,1790782372041,0.03033,0.10521,0.04013,0.12083,0.00933,0.07964,0.03262,0.08181,0.35304,0.06340,0.04788,0.03580,0.01627,0.04952,0.03318,0.13703,0.00383,0.09220,0.02927,0.09145,0.39586,0.07521,0.03910,0.03709,-57.66,4.236,-1,0.0000,-1.00,0.0000,0
224954,1790782372139,0.07243,0.06325,0.05437,0.05862,0.03684,0.06484,0.02067,0.03380,0.16033,0.18100,0.10658,0.14726,0.07965,0.03957,0.02246,0.04744,0.00781,0.06392,0.01693,0.03605,0.18271,0.21533,0.11504,0.17310,-56.85,2.172,-1,0.0000,-1.00,0.0000,0
225047,1790782372239,0.05540,0.06303,0.02329,0.08481,0.02797,0.04585,0.03233,0.03541,0.18841,0.09237,0.22169,0.12945,0.05809,0.03294,0.00605,0.05067,0.00403,0.04342,0.03221,0.04123,0.21535,0.11024,0.25703,0.14873,-55.49,2.660,-1,0.0000,-1.00,0.0000,0
225140,1790782372319,0.03527,0.02687,0.02825,0.07305,0.05474,0.01783,0.01637,0.13943,0.10264,0.02604,0.21318,0.26634,0.01077,0.00930,0.02778,0.03765,0.00313,0.01923,0.01753,0.16179,0.11552,0.03058,0.25162,0.31509,-54.42,3.196,-1,0.0000,-1.00,0.0000,0
225233,1790782372442,0.06972,0.02751,0.02475,0.05953,0.04842,0.01230,0.01355,0.30004,0.13144,0.03323,0.04341,0.23611,0.01312,0.00418,0.02185,0.06150,0.00254,0.01213,0.01541,0.35518,0.14522,0.03939,0.04961,0.27986,-55.14,3.600,-1,0.0000,-1.00,0.0000,0
225326,1790782372522,0.08445,0.03466,0.09886,0.08882,0.01539,0.00941,0.02904,0.39573,0.12411,0.02447,0.04338,0.05167,0.01163,0.01584,0.11294,0.09648,0.00741,0.00897,0.03165,0.45179,0.12959,0.02785,0.05020,0.05564,-56.26,4.749,-1,0.0000,-1.00,0.0000,0
225419,1790782372622,0.09907,0.03558,0.12132,0.05498,0.01826,0.01541,0.02632,0.44172,0.06894,0.01269,0.04970,0.05600,0.01767,0.03013,0.14274,0.05466,0.00958,0.01497,0.02557,0.50099,0.07177,0.01330,0.05659,0.06204,-55.42,5.301,-1,0.0000,-1.00,0.0000,0
225512,1790782372700,0.07745,0.04430,0.13962,0.03632,0.02966,0.03369,0.04171,0.38124,0.06102,0.02524,0.05181,0.07794,0.00860,0.03994,0.16196,0.03273,0.01867,0.03866,0.04206,0.42472,0.06627,0.02690,0.05442,0.08506,-55.19,4.575,-1,0.0000,-1.00,0.0000,0
225605,1790782372800,0.10239,0.03397,0.06666,0.08182,0.03024,0.01977,0.03158,0.40853,0.11415,0.02842,0.03610,0.04637,0.01792,0.02781,0.07412,0.09026,0.02649,0.02013,0.03233,0.47482,0.11868,0.02900,0.03926,0.04915,-55.39,4.902,-1,0.0000,-1.00,0.0000,0
225697,1790782372900,0.06503,0.04290,0.06976,0.09502,0.02241,0.05332,0.03191,0.20994,0.25535,0.03976,0.05154,0.06305,0.02510,0.00777,0.07472,0.10393,0.01471,0.05892,0.03669,0.23674,0.28531,0.04478,0.05008,0.06125,-56.19,3.064,-1,0.0000,-1.00,0.0000,0
225790,1790782372982,0.05391,0.04625,0.05225,0.16361,0.02302,0.02996,0.03779,0.23574,0.16991,0.06010,0.08394,0.04353,0.01021,0.02234,0.04907,0.17744,0.01886,0.03387,0.04085,0.27275,0.16842,0.06827,0.09387,0.04406,-57.16,2.829,-1,0.0000,-1.00,0.0000,0
225883,1790782373080,0.07889,0.01697,0.09408,0.06784,0.03404,0.06596,0.07643,0.18040,0.06952,0.16748,0.10265,0.04574,0.05437,0.00652,0.07408,0.05959,0.03347,0.06826,0.09015,0.20162,0.07060,0.19492,0.10947,0.03694,-56.21,2.165,-1,0.0000,-1.00,0.0000,0
225976,1790782373159,0.08294,0.03082,0.12326,0.06258,0.03499,0.04893,0.07091,0.18063,0.09443,0.09365,0.10506,0.07180,0.06040,0.01678,0.12655,0.05186,0.02792,0.04666,0.07754,0.19545,0.10287,0.10668,0.11664,0.07066,-55.96,2.168,-1,0.0000,-1.00,0.0000,0
226069,1790782373260,0.07271,0.01251,0.13107,0.05575,0.03647,0.03380,0.05050,0.35124,0.05215,0.03902,0.04208,0.12268,0.00948,0.00490,0.14844,0.05832,0.01689,0.03862,0.05930,0.39168,0.05089,0.04345,0.04277,0.13525,-55.81,4.215,-1,0.0000,-1.00,0.0000,0
226162,1790782373340,0.05964,0.02128,0.13221,0.08444,0.02717,0.02927,0.06839,0.25905,0.07293,0.07973,0.09711,0.06877,0.01497,0.01154,0.14024,0.07938,0.01931,0.03210,0.07849,0.28377,0.07166,0.09171,0.11000,0.06684,-56.55,3.109,-1,0.0000,-1.00,0.0000,0
226255,1790782373443,0.05270,0.02377,0.19846,0.05037,0.02520,0.02625,0.05171,0.22677,0.12537,0.04620,0.08968,0.08351,0.01297,0.01082,0.22737,0.04019,0.01375,0.02888,0.05982,0.22665,0.14226,0.05263,0.10173,0.08292,-57.28,2.721,-1,0.0000,-1.00,0.0000,0
226348,1790782373542,0.06367,0.01895,0.21605,0.10241,0.02010,0.01979,0.03891,0.26356,0.08043,0.01648,0.09228,0.06738,0.02292,0.00842,0.25533,0.10154,0.00985,0.01917,0.04495,0.26519,0.07608,0.01795,0.10677,0.07182,-57.28,3.163,-1,0.0000,-1.00,0.0000,0
226440,1790782373620,0.06825,0.02778,0.12137,0.20133,0.03042,0.03667,0.02845,0.21125,0.13579,0.02994,0.05064,0.05811,0.03644,0.01074,0.13925,0.23065,0.02391,0.03672,0.03196,0.22552,0.11699,0.03114,0.05340,0.06330,-58.08,2.535,-1,0.0000,-1.00,0.0000,0
226533,1790782373742,0.03777,0.04160,0.10963,0.15768,0.02449,0.05443,0.03392,0.10236,0.23183,0.04878,0.11622,0.04128,0.02565,0.00140,0.12041,0.16370,0.02112,0.06013,0.04024,0.09891,0.24435,0.05525,0.12734,0.04149,-58.15,2.782,-1,0.0000,-1.00,0.0000,0
226626,1790782373820,0.05778,0.03610,0.20692,0.08499,0.02064,0.05708,0.03569,0.18540,0.17789,0.04523,0.06546,0.02682,0.03438,0.00466,0.23782,0.08870,0.01997,0.06158,0.04099,0.17586,0.19472,0.05109,0.06623,0.02401,-58.35,2.483,-1,0.0000,-1.00,0.0000,0
226719,1790782373919,0.04600,0.03122,0.11664,0.12662,0.02339,0.03976,0.04540,0.14200,0.10869,0.03737,0.22426,0.05865,0.02573,0.01602,0.13151,0.10013,0.01604,0.04254,0.04950,0.14580,0.11039,0.04160,0.26028,0.06046,-58.00,2.691,-1,0.0000,-1.00,0.0000,0
226812,1790782374002,0.05820,0.03369,0.04155,0.15145,0.00745,0.03703,0.01755,0.22183,0.18003,0.03501,0.18911,0.02710,0.01882,0.00500,0.04162,0.13815,0.00369,0.04063,0.01994,0.25765,0.18833,0.04122,0.21855,0.02640,-57.11,2.662,-1,0.0000,-1.00,0.0000,0
226905,1790782374101,0.05003,0.03965,0.02976,0.15075,0.01381,0.03698,0.03301,0.17202,0.19794,0.04500,0.17350,0.05755,0.02007,0.00606,0.02511,0.14101,0.00439,0.04033,0.03835,0.20114,0.20908,0.05319,0.19990,0.06136,-56.35,2.375,-1,0.0000,-1.00,0.0000,0
226998,1790782374199,0.05280,0.05928,0.02223,0.10977,0.02146,0.07342,0.06020,0.06344,0.27570,0.05634,0.12864,0.07673,0.04714,0.01122,0.01366,0.10407,0.01017,0.07869,0.06991,0.07331,0.30973,0.06549,0.13854,0.07808,-56.28,3.308,-1,0.0000,-1.00,0.0000,0
227091,1790782374280,0.03645,0.08134,0.03220,0.09158,0.01465,0.04012,0.02799,0.04173,0.40665,0.09378,0.09525,0.03828,0.03441,0.00436,0.01669,0.08873,0.00975,0.04125,0.03267,0.04669,0.46968,0.11044,0.10595,0.03939,-56.75,4.880,-1,0.0000,-1.00,0.0000,0
227184,1790782374380,0.09093,0.05626,0.04424,0.08708,0.01002,0.08406,0.04008,0.04711,0.29333,0.08499,0.12298,0.03893,0.09382,0.00605,0.03300,0.07836,0.00460,0.08213,0.04683,0.04990,0.33594,0.10093,0.13108,0.03736,-56.77,3.520,-1,0.0000,-1.00,0.0000,0
227276,1790782374479,0.08036,0.08159,0.02501,0.06983,0.01227,0.04814,0.04089,0.04184,0.41740,0.06422,0.07622,0.04223,0.08692,0.00125,0.01498,0.06716,0.00658,0.04045,0.04866,0.04726,0.48683,0.07564,0.08331,0.04096,-56.51,5.009,-1,0.0000,-1.00,0.0000,0
227369,1790782374560,0.10272,0.07349,0.02950,0.10392,0.01118,0.05523,0.06180,0.04948,0.37336,0.04200,0.06395,0.03339,0.11301,0.00374,0.02570,0.11106,0.00831,0.04394,0.07330,0.05419,0.42535,0.04868,0.06791,0.02480,-56.87,4.480,-1,0.0000,-1.00,0.0000,0
227462,1790782374641,0.10471,0.06197,0.03403,0.10829,0.01571,0.08519,0.04079,0.05392,0.31679,0.06363,0.08372,0.03124,0.11365,0.00366,0.02596,0.11302,0.01295,0.07989,0.04801,0.05960,0.35613,0.07474,0.08448,0.02792,-57.04,3.802,-1,0.0000,-1.00,0.0000,0
227555,1790782374739,0.04818,0.07177,0.02522,0.10968,0.01205,0.08900,0.02105,0.02393,0.37134,0.09712,0.09120,0.03946,0.05233,0.00226,0.00737,0.11354,0.00604,0.09627,0.02478,0.02721,0.42240,0.11522,0.09020,0.04237,-56.80,4.456,-1,0.0000,-1.00,0.0000,0
227648,1790782374840,0.05528,0.05376,0.02616,0.07948,0.02659,0.15809,0.04254,0.04388,0.27339,0.11249,0.08225,0.04608,0.05603,0.00273,0.00552,0.08271,0.02290,0.17832,0.05040,0.05151,0.31119,0.13026,0.06320,0.04523,-57.24,3.281,-1,0.0000,-1.00,0.0000,0
227741,1790782374919,0.06445,0.04965,0.01803,0.15399,0.03372,0.06360,0.04253,0.06683,0.27050,0.06491,0.12633,0.04546,0.05793,0.00511,0.00743,0.15705,0.03157,0.06473,0.04992,0.07863,0.29299,0.07152,0.13854,0.04458,-57.57,3.246,-1,0.0000,-1.00,0.0000,0
227834,1790782375043,0.13581,0.05510,0.01781,0.13340,0.01568,0.06867,0.03800,0.08271,0.28740,0.04043,0.08773,0.03727,0.14422,0.00330,0.01220,0.14111,0.01184,0.05370,0.04351,0.09806,0.31640,0.04609,0.09448,0.03510,-57.77,3.449,-1,0.0000,-1.00,0.0000,0
227927,1790782375119,0.13253,0.04221,0.06145,0.09337,0.01532,0.07050,0.00885,0.22381,0.21726,0.02640,0.05538,0.05294,0.10817,0.00295,0.06760,0.10120,0.00615,0.06303,0.00936,0.25543,0.24026,0.03042,0.05386,0.06158,-57.57,2.686,-1,0.0000,-1.00,0.0000,0
228019,1790782375219,0.08228,0.04568,0.03061,0.16598,0.01773,0.05566,0.01513,0.17301,0.22957,0.06136,0.08727,0.03571,0.05838,0.00730,0.02263,0.18032,0.01339,0.05514,0.01667,0.20283,0.23934,0.07087,0.09363,0.03949,-57.21,2.755,-1,0.0000,-1.00,0.0000,0
228112,1790782375300,0.08341,0.02856,0.05926,0.18958,0.01415,0.15180,0.02074,0.07714,0.15961,0.09642,0.09368,0.02565,0.08258,0.00528,0.04857,0.21142,0.01174,0.16552,0.02240,0.08421,0.14934,0.11321,0.07944,0.02629,-57.77,2.275,-1,0.0000,-1.00,0.0000,0
228205,1790782375400,0.08373,0.03646,0.03307,0.20619,0.03157,0.09655,0.02290,0.10555,0.22237,0.05668,0.07966,0.02527,0.07433,0.00191,0.02745,0.23211,0.03287,0.10095,0.02656,0.12154,0.22038,0.06145,0.07544,0.02501,-57.62,2.668,-1,0.0000,-1.00,0.0000,0
228298,1790782375501,0.05256,0.04731,0.04623,0.12899,0.01281,0.23016,0.02537,0.04527,0.24186,0.06024,0.08665,0.02255,0.05277,0.00572,0.04152,0.14441,0.01109,0.26532,0.02787,0.04741,0.26117,0.06999,0.05123,0.02150,-57.28,2.902,-1,0.0000,-1.00,0.0000,0
228391,1790782375581,0.06164,0.03563,0.03885,0.18871,0.01285,0.19536,0.05631,0.06926,0.18783,0.05314,0.06743,0.03297,0.05855,0.00689,0.03433,0.21885,0.01017,0.22248,0.06611,0.07619,0.18168,0.06166,0.03670,0.02640,-57.01,2.344,-1,0.0000,-1.00,0.0000,0
228484,1790782375681,0.04696,0.03849,0.02536,0.16096,0.01530,0.19643,0.05264,0.06280,0.20685,0.07107,0.06803,0.05510,0.04036,0.00582,0.01381,0.18565,0.00768,0.22737,0.06193,0.07252,0.21105,0.08364,0.03644,0.05375,-57.12,2.482,-1,0.0000,-1.00,0.0000,0
228577,1790782375760,0.04204,0.06350,0.01713,0.18584,0.00703,0.09788,0.09248,0.03296,0.29909,0.06485,0.06658,0.03061,0.04323,0.01335,0.00529,0.21118,0.00437,0.10985,0.10817,0.03845,0.31646,0.07690,0.05800,0.01476,-57.33,3.589,-1,0.0000,-1.00,0.0000,0
228670,1790782375860,0.06061,0.04710,0.02997,0.17970,0.02153,0.05197,0.11784,0.05486,0.25593,0.07449,0.04827,0.05774,0.06032,0.00376,0.01888,0.20583,0.01760,0.05031,0.14038,0.06206,0.26574,0.08588,0.04786,0.04136,-57.30,3.071,-1,0.0000,-1.00,0.0000,0
228763,1790782375943,0.05658,0.03636,0.03011,0.30143,0.00994,0.07266,0.03670,0.06135,0.22876,0.03949,0.10663,0.01999,0.04976,0.00708,0.02705,0.33888,0.00884,0.07720,0.04257,0.06815,0.20693,0.04557,0.11247,0.01551,-57.76,3.617,-1,0.0000,-1.00,0.0000,0
228855,1790782376040,0.04917,0.06457,0.01901,0.24949,0.00848,0.07793,0.04814,0.04855,0.32700,0.02703,0.05887,0.02176,0.04596,0.01268,0.01663,0.28827,0.00708,0.08427,0.05304,0.05701,0.33468,0.03099,0.05383,0.01556,-58.36,3.924,-1,0.0000,-1.00,0.0000,0
228948,1790782376140,0.04451,0.03935,0.01477,0.26948,0.01084,0.11338,0.06474,0.06386,0.24255,0.01680,0.09348,0.02624,0.03836,0.00155,0.01408,0.30574,0.00972,0.12825,0.07547,0.07552,0.23003,0.01821,0.08659,0.01648,-58.15,3.234,-1,0.0000,-1.00,0.0000,0
229041,1790782376241,0.04242,0.05499,0.01824,0.21563,0.01796,0.10319,0.06646,0.04211,0.31654,0.01946,0.07289,0.03012,0.03727,0.00426,0.01780,0.24564,0.01737,0.11626,0.07647,0.04925,0.33003,0.02044,0.06429,0.02093,-58.00,3.798,-1,0.0000,-1.00,0.0000,0
229134,1790782376339,0.03980,0.04879,0.03987,0.13183,0.01988,0.08058,0.06661,0.06832,0.22380,0.11916,0.12140,0.03996,0.03219,0.01052,0.02016,0.13267,0.01737,0.09017,0.07743,0.07816,0.24187,0.13934,0.12758,0.03253,-58.04,2.686,-1,0.0000,-1.00,0.0000,0
229227,1790782376419,0.05615,0.04126,0.04543,0.26855,0.01200,0.05689,0.02406,0.10015,0.24905,0.03047,0.09151,0.02449,0.04531,0.00228,0.04746,0.30237,0.00967,0.05918,0.02814,0.11083,0.23791,0.03516,0.09792,0.02376,-57.69,3.223,-1,0.0000,-1.00,0.0000,0
229320,1790782376521,0.06252,0.03567,0.04555,0.33659,0.01004,0.04725,0.01424,0.06169,0.23572,0.06236,0.07507,0.01331,0.06052,0.00234,0.04004,0.38725,0.00901,0.04493,0.00933,0.07324,0.20529,0.07334,0.08104,0.01368,-57.60,4.039,-1,0.0000,-1.00,0.0000,0
229413,1790782376600,0.05135,0.03329,0.05305,0.12292,0.04196,0.03853,0.05172,0.05307,0.07484,0.05491,0.32642,0.09793,0.05076,0.02511,0.05163,0.07123,0.02794,0.03743,0.05700,0.05335,0.07555,0.06026,0.38371,0.10604,-57.10,3.917,-1,0.0000,-1.00,0.0000,0
229506,1790782376699,0.02885,0.03911,0.02745,0.09286,0.04378,0.03926,0.04214,0.10507,0.08068,0.07695,0.27624,0.14761,0.01094,0.03067,0.01530,0.04743,0.01919,0.04517,0.04434,0.12294,0.08692,0.08875,0.32205,0.16631,-56.91,3.315,-1,0.0000,-1.00,0.0000,0
229598,1790782376799,0.03976,0.03853,0.03000,0.12608,0.02905,0.02879,0.03081,0.03536,0.20001,0.08135,0.26212,0.09813,0.03820,0.00390,0.01712,0.08988,0.01254,0.02731,0.03615,0.03897,0.22185,0.09500,0.30867,0.11042,-56.73,3.145,-1,0.0000,-1.00,0.0000,0
229691,1790782376879,0.16393,0.04152,0.02045,0.06653,0.02671,0.03792,0.01924,0.09044,0.20977,0.06506,0.16023,0.09820,0.17523,0.00158,0.00942,0.04207,0.00956,0.01069,0.02230,0.10694,0.24301,0.07607,0.18988,0.11324,-56.79,2.517,-1,0.0000,-1.00,0.0000,0
229784,1790782376981,0.22013,0.03126,0.01530,0.06766,0.02305,0.04543,0.01469,0.16304,0.16849,0.04949,0.10763,0.09382,0.22297,0.00197,0.00678,0.05591,0.00601,0.01024,0.01706,0.19417,0.19064,0.05828,0.12693,0.10904,-56.65,2.642,-1,0.0000,-1.00,0.0000,0
229877,1790782377060,0.26616,0.02080,0.01728,0.06607,0.01994,0.05295,0.01278,0.21387,0.11521,0.05875,0.08804,0.06816,0.26758,0.00066,0.00708,0.05867,0.00829,0.01040,0.01511,0.25494,0.12642,0.06875,0.10343,0.07868,-56.60,3.194,-1,0.0000,-1.00,0.0000,0
229970,1790782377160,0.20616,0.01865,0.01769,0.08041,0.03519,0.04727,0.01628,0.17120,0.08792,0.05621,0.12385,0.13917,0.20661,0.00412,0.00823,0.06754,0.00983,0.01568,0.01834,0.20386,0.09196,0.06541,0.14529,0.16312,-56.82,2.474,-1,0.0000,-1.00,0.0000,0
230063,1790782377240,0.03944,0.01593,0.02969,0.12321,0.04324,0.01992,0.05573,0.06731,0.08585,0.05532,0.28027,0.18408,0.03154,0.00221,0.02284,0.08176,0.01049,0.01776,0.06468,0.07778,0.08666,0.06421,0.33231,0.20775,-56.92,3.363,-1,0.0000,-1.00,0.0000,0
230156,1790782377340,0.07730,0.01932,0.03377,0.10729,0.04013,0.02493,0.06427,0.15609,0.08464,0.05550,0.21272,0.12404,0.05594,0.00694,0.02790,0.07891,0.01808,0.02230,0.07563,0.18150,0.08529,0.06341,0.25046,0.13363,-57.81,2.553,-1,0.0000,-1.00,0.0000,0
230249,1790782377442,0.13854,0.02648,0.03526,0.12459,0.04765,0.05926,0.04944,0.11802,0.10428,0.05938,0.13498,0.10213,0.13912,0.01163,0.02942,0.11903,0.03251,0.04599,0.05693,0.13558,0.10135,0.06471,0.15262,0.11109,-58.25,1.662,-1,0.0000,-1.00,0.0000,0
230341,1790782377539,0.06635,0.02438,0.10886,0.24585,0.02358,0.03092,0.04344,0.15270,0.09578,0.03783,0.13077,0.03954,0.04677,0.01812,0.12227,0.26461,0.02076,0.02777,0.04846,0.15873,0.06231,0.04122,0.15119,0.03778,-57.41,2.950,-1,0.0000,-1.00,0.0000,0
230434,1790782377641,0.05527,0.01095,0.27309,0.12800,0.02073,0.01870,0.02883,0.21155,0.07827,0.02276,0.11627,0.03557,0.02773,0.00043,0.32252,0.12643,0.01763,0.01702,0.03446,0.18955,0.06872,0.02378,0.13594,0.03579,-56.48,3.277,-1,0.0000,-1.00,0.0000,0
230527,1790782377719,0.03907,0.01492,0.38827,0.13326,0.00877,0.00861,0.01681,0.19775,0.08207,0.01049,0.07531,0.02468,0.01824,0.00396,0.46296,0.14206,0.00544,0.00670,0.01935,0.14517,0.07018,0.01149,0.08891,0.02553,-56.74,4.659,-1,0.0000,-1.00,0.0000,0
230620,1790782377819,0.04101,0.00935,0.20768,0.32469,0.04697,0.01074,0.01136,0.16431,0.09469,0.01974,0.04748,0.02198,0.01914,0.00422,0.24619,0.37813,0.05145,0.00919,0.01277,0.14808,0.03850,0.01346,0.05508,0.02381,-56.97,3.896,-1,0.0000,-1.00,0.0000,0
230713,1790782377900,0.03601,0.00676,0.20682,0.31230,0.07872,0.01270,0.01698,0.14510,0.09829,0.03050,0.03418,0.02163,0.01686,0.00057,0.24412,0.36655,0.08998,0.01187,0.02024,0.12548,0.04511,0.01871,0.03860,0.02191,-56.30,3.748,-1,0.0000,-1.00,0.0000,0
230806,1790782378000,0.03119,0.00901,0.24231,0.35522,0.00613,0.00575,0.00739,0.17837,0.10090,0.00380,0.04565,0.01429,0.00605,0.00360,0.28958,0.41502,0.00429,0.00570,0.00789,0.15657,0.03848,0.00385,0.05357,0.01541,-55.53,4.263,-1,0.0000,-1.00,0.0000,0
230899,1790782378100,0.02889,0.00972,0.23724,0.35818,0.00596,0.00639,0.00847,0.15979,0.09062,0.00607,0.07676,0.01191,0.00766,0.00628,0.28302,0.41120,0.00464,0.00614,0.00828,0.13599,0.02707,0.00635,0.09076,0.01263,-55.51,4.298,-1,0.0000,-1.00,0.0000,0
230992,1790782378179,0.01373,0.00539,0.33496,0.29088,0.04694,0.00787,0.00843,0.12325,0.07391,0.01499,0.06332,0.01633,0.00261,0.00208,0.39981,0.33386,0.05270,0.00891,0.00827,0.06984,0.02207,0.00783,0.07411,0.01793,-56.43,4.020,-1,0.0000,-1.00,0.0000,0
231084,1790782378278,0.02126,0.01295,0.36318,0.15562,0.03476,0.03218,0.01515,0.16235,0.06517,0.01852,0.10153,0.01732,0.00434,0.00647,0.43228,0.16384,0.03829,0.03770,0.01687,0.10884,0.04561,0.01461,0.11418,0.01696,-56.61,4.358,-1,0.0000,-1.00,0.0000,0
231177,1790782378360,0.02165,0.01088,0.27741,0.34708,0.01261,0.00981,0.00532,0.13373,0.09688,0.00851,0.06126,0.01485,0.00717,0.00582,0.33082,0.40175,0.01155,0.01058,0.00523,0.09466,0.03637,0.00800,0.07131,0.01676,-56.27,4.165,-1,0.0000,-1.00,0.0000,0
231270,1790782378477,0.05344,0.01448,0.31659,0.20458,0.02354,0.01785,0.01667,0.14374,0.08774,0.01677,0.07543,0.02917,0.04444,0.00569,0.37623,0.22771,0.02202,0.01258,0.01884,0.09765,0.05999,0.01573,0.08789,0.03122,-56.00,3.799,-1,0.0000,-1.00,0.0000,0
231363,1790782378540,0.06621,0.03223,0.24061,0.06606,0.31898,0.01686,0.01023,0.08250,0.05852,0.06822,0.02052,0.01905,0.07115,0.02765,0.28696,0.07452,0.37798,0.00610,0.00678,0.04197,0.05535,0.00681,0.02338,0.02134,-56.11,3.828,-1,0.0000,-1.00,0.0000,0
231456,1790782378641,0.11240,0.01079,0.33123,0.01794,0.27008,0.02700,0.00964,0.08578,0.03513,0.05644,0.03393,0.00964,0.12951,0.00546,0.39612,0.01370,0.32173,0.00667,0.01030,0.02443,0.03938,0.00385,0.03933,0.00951,-56.24,3.975,-1,0.0000,-1.00,0.0000,0
231549,1790782378739,0.05388,0.03745,0.27062,0.06342,0.26062,0.01763,0.01246,0.07378,0.09167,0.05730,0.04661,0.01457,0.05898,0.02634,0.32281,0.06529,0.30919,0.00943,0.00907,0.02505,0.09690,0.00736,0.05398,0.01560,-57.08,3.247,-1,0.0000,-1.00,0.0000,0
231642,1790782378839,0.07159,0.03636,0.16623,0.21293,0.05346,0.06219,0.03706,0.08039,0.13793,0.02125,0.10348,0.01714,0.07291,0.01995,0.19654,0.23292,0.06128,0.06006,0.03289,0.06493,0.11910,0.01332,0.11209,0.01402,-57.84,2.555,-1,0.0000,-1.00,0.0000,0
231735,1790782378943,0.09647,0.05559,0.17577,0.16065,0.08385,0.04257,0.03147,0.10018,0.10966,0.05616,0.05981,0.02782,0.09920,0.04787,0.20095,0.17952,0.09492,0.03134,0.02677,0.08166,0.09552,0.04877,0.06545,0.02803,-57.70,2.109,-1,0.0000,-1.00,0.0000,0
231828,1790782379022,0.09014,0.03293,0.12851,0.26398,0.01297,0.02224,0.03520,0.11138,0.16905,0.01693,0.08890,0.02776,0.08747,0.01092,0.15038,0.29556,0.01051,0.00931,0.04002,0.10364,0.14397,0.01820,0.10468,0.02533,-57.95,3.168,-1,0.0000,-1.00,0.0000,0
231920,1790782379120,0.07721,0.05759,0.08646,0.14625,0.08184,0.02327,0.04960,0.08441,0.16018,0.03868,0.15125,0.04325,0.07544,0.03738,0.09789,0.13983,0.08984,0.01293,0.05202,0.08174,0.16397,0.02879,0.17866,0.04152,-57.91,1.922,-1,0.0000,-1.00,0.0000,0
232013,1790782379200,0.04759,0.04088,0.13780,0.19471,0.01653,0.02212,0.02744,0.08897,0.17915,0.02359,0.20155,0.01968,0.04242,0.01374,0.16015,0.18615,0.01636,0.01809,0.02911,0.07591,0.17776,0.02502,0.23792,0.01737,-57.58,2.419,-1,0.0000,-1.00,0.0000,0
232106,1790782379300,0.01697,0.03038,0.22567,0.35731,0.01341,0.01464,0.02288,0.08419,0.18615,0.01087,0.02618,0.01136,0.01088,0.00891,0.26826,0.42253,0.01438,0.01538,0.02565,0.04770,0.13864,0.01082,0.02832,0.00852,-56.57,4.288,-1,0.0000,-1.00,0.0000,0
232199,1790782379401,0.03058,0.04226,0.04401,0.33850,0.04169,0.05906,0.01729,0.02992,0.27468,0.03701,0.07102,0.01398,0.02976,0.00206,0.04580,0.39128,0.04732,0.06491,0.01885,0.02823,0.25157,0.03497,0.07223,0.01301,-56.18,4.062,-1,0.0000,-1.00,0.0000,0
232292,1790782379479,0.02578,0.01523,0.03561,0.11265,0.01271,0.34048,0.01306,0.02672,0.08408,0.03978,0.28096,0.01293,0.02535,0.00196,0.03370,0.08411,0.01199,0.40370,0.01452,0.02607,0.08407,0.04529,0.25662,0.01262,-56.64,4.086,-1,0.0000,-1.00,0.0000,0
232385,1790782379580,0.02300,0.01653,0.04498,0.10401,0.01140,0.32718,0.01592,0.02600,0.08113,0.07938,0.25840,0.01207,0.02246,0.00362,0.03549,0.07848,0.01145,0.38759,0.01675,0.02572,0.08166,0.09285,0.23279,0.01115,-57.21,3.926,-1,0.0000,-1.00,0.0000,0
232478,1790782379660,0.02396,0.02765,0.04362,0.08811,0.01326,0.19941,0.02478,0.05414,0.10257,0.05802,0.34631,0.01818,0.01662,0.01114,0.03897,0.03258,0.01271,0.23564,0.02677,0.05786,0.11636,0.06708,0.36825,0.01602,-57.16,4.156,-1,0.0000,-1.00,0.0000,0
232571,1790782379759,0.01195,0.01482,0.01620,0.15488,0.00371,0.13444,0.01943,0.03394,0.06750,0.02364,0.50866,0.01082,0.00663,0.00468,0.01389,0.07104,0.00275,0.15978,0.02223,0.03804,0.06670,0.02789,0.57783,0.00856,-55.93,6.104,-1,0.0000,-1.00,0.0000,0
232663,1790782379840,0.01968,0.01605,0.01017,0.16511,0.00667,0.06419,0.01778,0.04332,0.06114,0.01791,0.56635,0.01162,0.01357,0.00731,0.00817,0.06623,0.00601,0.07423,0.01964,0.05050,0.06013,0.02027,0.66390,0.01003,-56.13,6.796,-1,0.0000,-1.00,0.0000,0
232756,1790782379943,0.02507,0.03694,0.02550,0.21852,0.02311,0.05046,0.02152,0.04913,0.14971,0.05883,0.32633,0.01489,0.01976,0.01622,0.01757,0.18654,0.02522,0.05655,0.02201,0.05594,0.14241,0.06549,0.37981,0.01247,-57.35,3.916,-1,0.0000,-1.00,0.0000,0
232849,1790782380040,0.02614,0.04934,0.03770,0.17119,0.01307,0.05728,0.01663,0.09662,0.19544,0.11927,0.20655,0.01075,0.00905,0.01893,0.01739,0.15869,0.01375,0.06684,0.01618,0.11233,0.20273,0.14019,0.23425,0.00967,-57.60,2.479,-1,0.0000,-1.00,0.0000,0
232942,1790782380139,0.02794,0.03579,0.02242,0.14366,0.04611,0.06510,0.07097,0.03835,0.12577,0.07772,0.30306,0.04311,0.02476,0.01732,0.01000,0.10306,0.04716,0.07414,0.08161,0.04397,0.12898,0.08507,0.34844,0.03548,-58.08,3.637,-1,0.0000,-1.00,0.0000,0
233035,1790782380239,0.13740,0.02150,0.06818,0.16034,0.02614,0.11175,0.07346,0.05243,0.12554,0.04257,0.09687,0.08381,0.15464,0.00274,0.07216,0.17317,0.01478,0.10325,0.08556,0.05044,0.11610,0.04808,0.09561,0.08347,-57.88,1.924,-1,0.0000,-1.00,0.0000,0
233128,1790782380320,0.08257,0.03600,0.06865,0.12230,0.03285,0.05847,0.02934,0.07827,0.11979,0.07964,0.15799,0.13413,0.07780,0.02405,0.06368,0.11116,0.00869,0.05464,0.03013,0.08142,0.12150,0.09370,0.17847,0.15475,-58.16,1.896,-1,0.0000,-1.00,0.0000,0
233221,1790782380421,0.05707,0.03411,0.05290,0.13967,0.04276,0.08492,0.08941,0.09803,0.13597,0.08505,0.13541,0.04471,0.04687,0.01403,0.04494,0.13883,0.04472,0.09246,0.10436,0.10855,0.13540,0.09305,0.14392,0.03288,-59.02,1.676,-1,0.0000,-1.00,0.0000,0
233314,1790782380500,0.05721,0.06346,0.02818,0.17985,0.01011,0.04671,0.03322,0.11252,0.32739,0.04700,0.07687,0.01748,0.04104,0.00714,0.02297,0.19912,0.00934,0.04783,0.03516,0.13350,0.35282,0.05446,0.08263,0.01398,-58.53,3.929,-1,0.0000,-1.00,0.0000,0
233406,1790782380599,0.06990,0.04137,0.01942,0.15032,0.02573,0.07738,0.03784,0.09452,0.20465,0.03381,0.19368,0.05137,0.06152,0.00636,0.01604,0.13728,0.02028,0.08053,0.04198,0.11217,0.21801,0.03650,0.21611,0.05323,-58.17,2.456,-1,0.0000,-1.00,0.0000,0
233499,1790782380701,0.16025,0.05728,0.01556,0.15306,0.03175,0.04812,0.03561,0.04884,0.14599,0.04386,0.19888,0.06081,0.17893,0.04103,0.00918,0.13706,0.02430,0.02280,0.03372,0.05751,0.14776,0.04774,0.23379,0.06617,-58.14,2.387,-1,0.0000,-1.00,0.0000,0
233592,1790782380779,0.06611,0.07466,0.01820,0.18275,0.01761,0.04531,0.04421,0.06974,0.21486,0.03792,0.18221,0.04642,0.06243,0.04592,0.01327,0.17734,0.01176,0.04191,0.04284,0.08197,0.22230,0.04310,0.21002,0.04713,-57.89,2.578,-1,0.0000,-1.00,0.0000,0
233685,1790782380880,0.05866,0.09170,0.03742,0.16627,0.01371,0.06482,0.06501,0.05144,0.28230,0.03683,0.10057,0.03128,0.05950,0.04982,0.03655,0.17793,0.01167,0.06587,0.06803,0.05439,0.30298,0.04182,0.10745,0.02399,-57.89,3.388,-1,0.0000,-1.00,0.0000,0
233778,1790782380976,0.04428,0.11848,0.02073,0.16406,0.02202,0.06198,0.04821,0.06064,0.30756,0.05266,0.06751,0.03186,0.03916,0.07633,0.01292,0.18316,0.02050,0.06650,0.04264,0.07010,0.33110,0.06015,0.06771,0.02972,-57.46,3.691,-1,0.0000,-1.00,0.0000,0
233871,1790782381060,0.06531,0.03587,0.11875,0.10392,0.02319,0.05471,0.05703,0.07163,0.15891,0.10531,0.17562,0.02975,0.06435,0.00865,0.11806,0.08492,0.02214,0.05369,0.05889,0.07016,0.17316,0.12221,0.19979,0.02397,-56.01,2.107,-1,0.0000,-1.00,0.0000,0
233964,1790782381140,0.03293,0.03668,0.06357,0.16821,0.03141,0.03753,0.03695,0.09568,0.08259,0.05168,0.28369,0.07907,0.01918,0.02977,0.06469,0.13580,0.02015,0.04139,0.03837,0.10182,0.07204,0.05793,0.33173,0.08714,-54.74,3.404,-1,0.0000,-1.00,0.0000,0
234057,1790782381240,0.03524,0.06016,0.03112,0.12647,0.03835,0.04453,0.03851,0.06382,0.18183,0.05372,0.21301,0.11324,0.02807,0.03294,0.02532,0.10284,0.02012,0.04827,0.03962,0.07145,0.19749,0.06038,0.24566,0.12784,-54.78,2.556,-1,0.0000,-1.00,0.0000,0
234150,1790782381359,0.04176,0.10068,0.04057,0.07780,0.04212,0.06625,0.08186,0.06144,0.14038,0.13816,0.10968,0.09931,0.03611,0.09007,0.01694,0.07001,0.03003,0.07223,0.08023,0.07026,0.15418,0.15975,0.11710,0.10309,-56.25,1.685,-1,0.0000,-1.00,0.0000,0
234242,1790782381442,0.04532,0.16315,0.02300,0.12158,0.03147,0.05131,0.09805,0.10577,0.14638,0.04502,0.12284,0.04611,0.02862,0.16665,0.01804,0.11871,0.02975,0.05612,0.08445,0.12317,0.15187,0.04805,0.13607,0.03851,-57.24,1.958,-1,0.0000,-1.00,0.0000,0
234335,1790782381540,0.07547,0.03296,0.09928,0.07484,0.02280,0.09771,0.08519,0.11206,0.09006,0.19742,0.07586,0.03634,0.06534,0.02160,0.07279,0.07579,0.02108,0.10540,0.09310,0.12455,0.09231,0.23295,0.07000,0.02509,-56.51,2.369,-1,0.0000,-1.00,0.0000,0
234428,1790782381620,0.14137,0.05099,0.07451,0.04290,0.01433,0.12658,0.07428,0.04004,0.08185,0.27340,0.04912,0.03063,0.16035,0.04391,0.02472,0.04457,0.00981,0.12314,0.08031,0.04308,0.08923,0.32565,0.03445,0.02078,-56.27,3.281,-1,0.0000,-1.00,0.0000,0
234521,1790782381721,0.21663,0.05160,0.06909,0.03651,0.01476,0.09004,0.06165,0.04793,0.07307,0.26902,0.04126,0.02845,0.24844,0.04619,0.01942,0.03625,0.01343,0.05864,0.06366,0.05463,0.08037,0.31969,0.03782,0.02146,-55.65,3.228,-1,0.0000,-1.00,0.0000,0
234614,1790782381800,0.17160,0.05533,0.08490,0.03295,0.00917,0.07380,0.02469,0.01875,0.09180,0.37786,0.03791,0.02125,0.20161,0.04583,0.01217,0.03238,0.00674,0.04846,0.02034,0.02021,0.10322,0.45178,0.03582,0.02143,-55.77,4.534,-1,0.0000,-1.00,0.0000,0
234707,1790782381899,0.04995,0.09724,0.06069,0.05875,0.01666,0.08267,0.07834,0.05411,0.21882,0.14502,0.08259,0.05517,0.04901,0.06811,0.03869,0.05428,0.01039,0.08934,0.08037,0.05716,0.25143,0.17171,0.08125,0.04824,-56.49,2.626,-1,0.0000,-1.00,0.0000,0
234800,1790782382001,0.04090,0.08766,0.07935,0.06651,0.01431,0.07758,0.05160,0.04210,0.24125,0.19018,0.05641,0.05215,0.04020,0.05125,0.05017,0.06964,0.00679,0.08499,0.05166,0.04050,0.27527,0.22654,0.05074,0.05225,-56.00,2.895,-1,0.0000,-1.00,0.0000,0
234893,1790782382078,0.11073,0.06417,0.05947,0.03380,0.01919,0.11068,0.04297,0.04580,0.19757,0.20902,0.04793,0.05869,0.12747,0.03258,0.02208,0.03334,0.01203,0.10736,0.04503,0.05050,0.23012,0.24807,0.03614,0.05528,-55.63,2.508,-1,0.0000,-1.00,0.0000,0
234985,1790782382180,0.13403,0.06846,0.05169,0.02114,0.04530,0.13752,0.02790,0.05491,0.17391,0.19135,0.04978,0.04402,0.14615,0.04341,0.01824,0.01884,0.04477,0.13580,0.02398,0.06303,0.20465,0.22041,0.03273,0.04799,-56.03,2.296,-1,0.0000,-1.00,0.0000,0
235078,1790782382261,0.06568,0.10308,0.04987,0.07370,0.04139,0.10042,0.03656,0.18022,0.10980,0.08422,0.11061,0.04445,0.03574,0.10175,0.04117,0.06649,0.03993,0.11324,0.02260,0.20882,0.11767,0.09372,0.11009,0.04878,-56.98,2.163,-1,0.0000,-1.00,0.0000,0
235171,1790782382360,0.07615,0.14378,0.04755,0.08696,0.04470,0.07041,0.06075,0.13156,0.14185,0.08524,0.06837,0.04268,0.06068,0.14298,0.03850,0.09080,0.04517,0.07234,0.04445,0.15000,0.15198,0.09318,0.06758,0.04233,-57.15,1.725,-1,0.0000,-1.00,0.0000,0
235264,1790782382444,0.05835,0.06443,0.06137,0.08373,0.04308,0.04789,0.04709,0.12308,0.12773,0.12302,0.15529,0.06494,0.04211,0.05016,0.04518,0.06537,0.03797,0.04903,0.04519,0.13981,0.13694,0.14302,0.17635,0.06886,-56.35,1.863,-1,0.0000,-1.00,0.0000,0
235357,1790782382542,0.05398,0.10146,0.04105,0.09615,0.03140,0.02945,0.02735,0.15383,0.21270,0.10257,0.07971,0.07036,0.02990,0.07535,0.02554,0.09743,0.02183,0.02936,0.01769,0.17940,0.23484,0.11928,0.08969,0.07968,-56.22,2.552,-1,0.0000,-1.00,0.0000,0
235450,1790782382659,0.05906,0.09173,0.07500,0.08007,0.04312,0.03137,0.03925,0.13438,0.14228,0.10173,0.15223,0.04978,0.03854,0.08016,0.06730,0.06095,0.04081,0.02995,0.02456,0.15426,0.15841,0.11381,0.17647,0.05478,-56.95,1.827,-1,0.0000,-1.00,0.0000,0
235543,1790782382739,0.04776,0.06004,0.08568,0.11915,0.03720,0.06828,0.03727,0.07065,0.11409,0.12723,0.15522,0.07743,0.04313,0.04912,0.07351,0.10880,0.02704,0.07374,0.03387,0.07113,0.11514,0.14710,0.17137,0.08606,-57.19,1.863,-1,0.0000,-1.00,0.0000,0
235636,1790782382839,0.03954,0.11944,0.04726,0.10288,0.02119,0.04945,0.03580,0.05551,0.30479,0.08075,0.09574,0.04764,0.03569,0.07475,0.03804,0.10259,0.01517,0.05218,0.02808,0.05897,0.34488,0.09375,0.10437,0.05152,-57.50,3.658,-1,0.0000,-1.00,0.0000,0
235728,1790782382920,0.07611,0.05611,0.10003,0.16441,0.01823,0.04836,0.03317,0.05160,0.28897,0.05085,0.06616,0.04600,0.08321,0.00585,0.10820,0.18293,0.01218,0.04171,0.03384,0.04514,0.30968,0.05883,0.07100,0.04744,-57.16,3.468,-1,0.0000,-1.00,0.0000,0
235821,1790782383021,0.06928,0.04789,0.01895,0.34190,0.02944,0.07002,0.02138,0.03402,0.17128,0.04987,0.10097,0.04501,0.07539,0.03197,0.01185,0.38841,0.02534,0.06895,0.01928,0.03841,0.12820,0.05477,0.10731,0.05012,-56.72,4.103,-1,0.0000,-1.00,0.0000,0
235914,1790782383099,0.02091,0.21498,0.02992,0.19664,0.03462,0.07438,0.07452,0.02648,0.17053,0.04410,0.06754,0.04537,0.01726,0.22839,0.02665,0.22295,0.03244,0.08571,0.04402,0.02645,0.16014,0.04641,0.06394,0.04563,-57.36,2.580,-1,0.0000,-1.00,0.0000,0
236007,1790782383199,0.02003,0.23190,0.03182,0.03712,0.02332,0.22738,0.10357,0.03138,0.17131,0.02209,0.07261,0.02746,0.01788,0.23866,0.03383,0.03781,0.02408,0.26927,0.07678,0.03090,0.19778,0.02170,0.03363,0.01768,-57.85,2.783,-1,0.0000,-1.00,0.0000,0
236100,1790782383299,0.03933,0.15866,0.05081,0.04613,0.01607,0.24335,0.06684,0.01791,0.22976,0.03542,0.06951,0.02620,0.04392,0.13749,0.05305,0.04988,0.01490,0.28288,0.04761,0.01618,0.26542,0.03949,0.02721,0.02195,-57.18,2.920,-1,0.0000,-1.00,0.0000,0
236193,1790782383379,0.06716,0.04380,0.05877,0.09700,0.01318,0.24509,0.03128,0.02435,0.18466,0.14025,0.06554,0.02892,0.07641,0.01302,0.03750,0.11161,0.01035,0.27853,0.03410,0.02254,0.19903,0.16611,0.02332,0.02748,-56.05,2.941,-1,0.0000,-1.00,0.0000,0
236286,1790782383480,0.04492,0.04818,0.09613,0.02823,0.01059,0.08258,0.05479,0.02792,0.12471,0.43355,0.03113,0.01727,0.04885,0.02929,0.01248,0.03011,0.00698,0.09346,0.05914,0.03169,0.14346,0.51811,0.01877,0.00767,-55.37,5.203,-1,0.0000,-1.00,0.0000,0
236379,1790782383560,0.05518,0.04441,0.10242,0.04066,0.01317,0.05164,0.07066,0.02931,0.08882,0.44410,0.03369,0.02595,0.05981,0.03379,0.01773,0.04268,0.01267,0.05002,0.07775,0.03181,0.09796,0.52963,0.03045,0.01569,-56.30,5.329,-1,0.0000,-1.00,0.0000,0
236472,1790782383661,0.03729,0.11815,0.06143,0.05997,0.01840,0.05962,0.05589,0.03339,0.28659,0.20225,0.03045,0.03658,0.03762,0.07617,0.02615,0.06713,0.01536,0.06398,0.05106,0.03564,0.32996,0.23942,0.02380,0.03371,-56.96,3.439,-1,0.0000,-1.00,0.0000,0
236564,1790782383739,0.06793,0.07394,0.04171,0.08499,0.03788,0.07418,0.06780,0.03709,0.24587,0.13048,0.06057,0.07756,0.07429,0.03374,0.02016,0.09036,0.03008,0.07416,0.07407,0.04092,0.27670,0.15039,0.05788,0.07725,-56.00,2.950,-1,0.0000,-1.00,0.0000,0
236657,1790782383841,0.14470,0.08412,0.03834,0.05145,0.01473,0.08425,0.07057,0.02031,0.25262,0.17327,0.03613,0.02949,0.16877,0.04303,0.00526,0.05574,0.01322,0.06792,0.07603,0.02329,0.29144,0.20522,0.02983,0.02026,-55.28,3.031,-1,0.0000,-1.00,0.0000,0
236750,1790782383974,0.19652,0.07206,0.05386,0.03648,0.06205,0.12389,0.03958,0.02974,0.10226,0.21461,0.04532,0.02362,0.22840,0.06412,0.01629,0.03700,0.07009,0.10318,0.03437,0.03275,0.11508,0.24338,0.03385,0.02149,-55.74,2.575,-1,0.0000,-1.00,0.0000,0
236843,1790782384042,0.07678,0.08799,0.05623,0.09711,0.03632,0.16044,0.03124,0.08155,0.14899,0.08926,0.07561,0.05849,0.07365,0.07499,0.04737,0.10538,0.03050,0.17764,0.02243,0.08847,0.15763,0.10091,0.05538,0.06564,-57.25,1.925,-1,0.0000,-1.00,0.0000,0
236936,1790782384140,0.06722,0.12626,0.05105,0.12128,0.03184,0.11971,0.04104,0.07288,0.17204,0.09795,0.06883,0.02990,0.06269,0.11767,0.03915,0.13413,0.03171,0.13135,0.02538,0.08003,0.17955,0.11109,0.05644,0.03080,-57.75,2.064,-1,0.0000,-1.00,0.0000,0
237029,1790782384219,0.05632,0.09651,0.04222,0.10549,0.04486,0.10493,0.06780,0.11641,0.08095,0.09110,0.12747,0.06592,0.04095,0.10057,0.03035,0.10075,0.04049,0.11762,0.06091,0.13386,0.07606,0.10210,0.12942,0.06692,-56.94,1.530,-1,0.0000,-1.00,0.0000,0
237122,1790782384318,0.04349,0.05366,0.02702,0.12169,0.02073,0.09011,0.03286,0.10500,0.09781,0.06375,0.32142,0.02246,0.02772,0.04411,0.01804,0.07349,0.02070,0.10248,0.03063,0.12224,0.10263,0.07229,0.36483,0.02084,-56.78,3.857,-1,0.0000,-1.00,0.0000,0
237215,1790782384399,0.08114,0.08723,0.04601,0.09319,0.04037,0.11709,0.05160,0.07414,0.12536,0.11218,0.11715,0.05453,0.08066,0.07832,0.02982,0.08877,0.03612,0.12541,0.04562,0.08361,0.13216,0.12770,0.11552,0.05630,-57.69,1.504,-1,0.0000,-1.00,0.0000,0
237307,1790782384503,0.09532,0.05042,0.09153,0.10561,0.06499,0.11373,0.06035,0.05738,0.13125,0.08583,0.10947,0.03413,0.10420,0.03359,0.09191,0.10508,0.07235,0.11561,0.06566,0.05054,0.13531,0.08962,0.10826,0.02788,-58.05,1.575,-1,0.0000,-1.00,0.0000,0
237400,1790782384602,0.04341,0.14496,0.01989,0.13140,0.05036,0.08468,0.04469,0.05225,0.24454,0.06219,0.08418,0.03745,0.03988,0.12142,0.01102,0.14113,0.05261,0.09356,0.02948,0.06042,0.26451,0.06462,0.08233,0.03903,-57.61,2.934,-1,0.0000,-1.00,0.0000,0
237493,1790782384681,0.07815,0.06800,0.11100,0.14958,0.02399,0.11426,0.06695,0.10877,0.10473,0.06170,0.07587,0.03700,0.07620,0.06388,0.11925,0.16602,0.02295,0.12235,0.06746,0.10680,0.09258,0.06938,0.06666,0.02647,-56.53,1.795,-1,0.0000,-1.00,0.0000,0
237586,1790782384780,0.05163,0.09101,0.06609,0.26318,0.02032,0.05309,0.07818,0.04979,0.18242,0.02393,0.08223,0.03813,0.05296,0.07748,0.07417,0.29790,0.01837,0.05312,0.07832,0.04495,0.15927,0.02530,0.08800,0.03016,-56.21,3.158,-1,0.0000,-1.00,0.0000,0
237679,1790782384860,0.06412,0.17284,0.02450,0.13612,0.04391,0.13361,0.07618,0.02937,0.15433,0.04252,0.08024,0.04226,0.07067,0.17676,0.02059,0.14978,0.04479,0.14609,0.05624,0.03111,0.15304,0.04426,0.06718,0.03949,-56.24,2.074,-1,0.0000,-1.00,0.0000,0
237772,1790782384974,0.03652,0.09873,0.02803,0.04273,0.02220,0.31479,0.07867,0.04331,0.11973,0.08721,0.08339,0.04470,0.03393,0.09167,0.01357,0.04599,0.01783,0.37159,0.07571,0.04958,0.13435,0.10096,0.02625,0.03855,-56.64,3.777,-1,0.0000,-1.00,0.0000,0
237865,1790782385044,0.03336,0.16521,0.03139,0.07211,0.02556,0.16059,0.08891,0.03977,0.17550,0.04961,0.08699,0.07102,0.03065,0.15989,0.02638,0.07307,0.01664,0.18635,0.07352,0.04374,0.19529,0.05665,0.06729,0.07052,-56.79,2.106,-1,0.0000,-1.00,0.0000,0
237958,1790782385140,0.02321,0.19622,0.04158,0.05424,0.02359,0.09609,0.07319,0.02879,0.23794,0.07091,0.08835,0.06589,0.02230,0.18050,0.03356,0.04836,0.01465,0.11072,0.05192,0.02784,0.27552,0.08206,0.08391,0.06865,-56.42,2.855,-1,0.0000,-1.00,0.0000,0
238050,1790782385262,0.04510,0.10782,0.03411,0.08315,0.01324,0.12531,0.07989,0.01460,0.31648,0.07539,0.06708,0.03783,0.05137,0.05765,0.02337,0.08920,0.01019,0.13996,0.08429,0.01287,0.36154,0.08832,0.05263,0.02862,-56.89,3.798,-1,0.0000,-1.00,0.0000,0
238143,1790782385339,0.07110,0.08263,0.04696,0.05305,0.02831,0.13156,0.11634,0.02256,0.21783,0.07144,0.09489,0.06332,0.07984,0.04991,0.04024,0.04660,0.02382,0.14181,0.12569,0.02287,0.25177,0.08088,0.08559,0.05096,-57.40,2.614,-1,0.0000,-1.00,0.0000,0
238236,1790782385443,0.02973,0.10772,0.06790,0.09664,0.04879,0.09749,0.11916,0.04239,0.18787,0.07999,0.06260,0.05973,0.02762,0.08859,0.06429,0.10530,0.04910,0.11134,0.12292,0.04034,0.20424,0.08611,0.05294,0.04721,-58.13,2.254,-1,0.0000,-1.00,0.0000,0
238329,1790782385522,0.02176,0.23490,0.04603,0.06639,0.02580,0.05467,0.09889,0.02433,0.24013,0.05642,0.05957,0.07112,0.02160,0.22744,0.04242,0.06780,0.01691,0.06123,0.07335,0.02080,0.27429,0.06425,0.05925,0.07067,-57.68,2.882,-1,0.0000,-1.00,0.0000,0
238422,1790782385622,0.02217,0.09401,0.08205,0.05466,0.00776,0.13330,0.06591,0.01894,0.20663,0.22281,0.06211,0.02964,0.02309,0.06657,0.04558,0.05684,0.00485,0.15515,0.06578,0.01366,0.23633,0.26602,0.04367,0.02247,-56.13,2.674,-1,0.0000,-1.00,0.0000,0
238515,1790782385699,0.05987,0.10859,0.04456,0.04625,0.02423,0.21721,0.08699,0.02358,0.13101,0.15122,0.07734,0.02914,0.06515,0.10317,0.01847,0.04677,0.02553,0.24735,0.08379,0.02459,0.14771,0.17613,0.04363,0.01770,-55.82,2.606,-1,0.0000,-1.00,0.0000,0
238608,1790782385799,0.08465,0.06245,0.06865,0.06847,0.09992,0.08592,0.06521,0.13150,0.11855,0.13764,0.05043,0.02660,0.07100,0.05088,0.05413,0.07356,0.11608,0.08888,0.06806,0.14684,0.12746,0.14192,0.04281,0.01838,-56.57,1.652,-1,0.0000,-1.00,0.0000,0
238701,1790782385900,0.05527,0.08699,0.05728,0.17284,0.02729,0.05002,0.03877,0.14973,0.21253,0.06091,0.04954,0.03883,0.03280,0.06151,0.05514,0.19743,0.02482,0.05344,0.03414,0.16861,0.21552,0.06806,0.04876,0.03976,-57.59,2.550,-1,0.0000,-1.00,0.0000,0
238794,1790782385979,0.06469,0.06572,0.03995,0.25263,0.02358,0.04996,0.02829,0.05683,0.32187,0.03216,0.03825,0.02607,0.06526,0.01428,0.04114,0.29548,0.02312,0.04708,0.03107,0.05994,0.32710,0.03395,0.03650,0.02508,-56.87,3.862,-1,0.0000,-1.00,0.0000,0
238886,1790782386079,0.05782,0.09941,0.06470,0.15520,0.01358,0.04840,0.04375,0.05832,0.33498,0.04836,0.04670,0.02878,0.05804,0.04649,0.06647,0.17671,0.01089,0.04674,0.04320,0.05670,0.36636,0.05579,0.04669,0.02592,-56.56,4.020,-1,0.0000,-1.00,0.0000,0
238979,1790782386161,0.05909,0.11397,0.04104,0.13317,0.01610,0.11440,0.07329,0.07315,0.25384,0.04935,0.04179,0.03082,0.05454,0.08273,0.03803,0.15460,0.01478,0.12626,0.07141,0.08011,0.27352,0.05620,0.02504,0.02278,-57.99,3.046,-1,0.0000,-1.00,0.0000,0
239072,1790782386261,0.02871,0.14588,0.03411,0.11955,0.02090,0.17289,0.07158,0.05141,0.22451,0.03786,0.06014,0.03247,0.02314,0.12685,0.03266,0.13692,0.01964,0.20258,0.05897,0.05678,0.24187,0.04147,0.03190,0.02722,-58.09,2.694,-1,0.0000,-1.00,0.0000,0
239165,1790782386341,0.03909,0.14273,0.04525,0.11397,0.02118,0.15589,0.06629,0.05127,0.18322,0.04943,0.07841,0.05327,0.03635,0.13246,0.04301,0.12500,0.01469,0.17971,0.05317,0.05291,0.19452,0.05656,0.05833,0.05329,-57.41,2.199,-1,0.0000,-1.00,0.0000,0
239258,1790782386443,0.03186,0.08889,0.03928,0.08176,0.03152,0.04843,0.05395,0.09308,0.20493,0.11043,0.12009,0.09577,0.01658,0.06065,0.02149,0.07161,0.01667,0.05509,0.05094,0.10896,0.23136,0.12901,0.13298,0.10466,-56.06,2.459,-1,0.0000,-1.00,0.0000,0
239351,1790782386560,0.01933,0.05254,0.05012,0.11987,0.03008,0.04452,0.02509,0.02787,0.13534,0.07870,0.30737,0.10917,0.01590,0.03599,0.04174,0.07259,0.01101,0.05020,0.02293,0.02512,0.14752,0.09238,0.35836,0.12627,-55.06,3.688,-1,0.0000,-1.00,0.0000,0
239444,1790782386641,0.09274,0.03863,0.02542,0.11016,0.01529,0.02436,0.03980,0.11642,0.09225,0.09635,0.30686,0.04171,0.08519,0.02672,0.00773,0.05985,0.00387,0.01879,0.04239,0.13797,0.09867,0.11469,0.36397,0.04016,-55.08,3.682,-1,0.0000,-1.00,0.0000,0
239537,1790782386740,0.06024,0.05408,0.01693,0.09887,0.02722,0.02057,0.02489,0.14140,0.13586,0.05787,0.25852,0.10354,0.03933,0.03480,0.00690,0.05773,0.00901,0.01685,0.02293,0.16807,0.15135,0.06756,0.30643,0.11904,-55.21,3.102,-1,0.0000,-1.00,0.0000,0
239629,1790782386820,0.03168,0.06729,0.04243,0.14657,0.02302,0.03802,0.03691,0.12035,0.13317,0.04868,0.23913,0.07277,0.01093,0.05373,0.03972,0.12054,0.01139,0.04361,0.03357,0.13633,0.13568,0.05607,0.27789,0.08054,-55.58,2.870,-1,0.0000,-1.00,0.0000,0
239722,1790782386919,0.02623,0.03988,0.05147,0.14144,0.05076,0.13568,0.03085,0.10286,0.11886,0.03157,0.19983,0.07057,0.01090,0.02460,0.05596,0.12833,0.04541,0.16066,0.03057,0.11367,0.11698,0.02883,0.20760,0.07649,-55.51,2.398,-1,0.0000,-1.00,0.0000,0
239815,1790782387002,0.03671,0.02189,0.06648,0.10784,0.01541,0.11968,0.02685,0.13753,0.07118,0.03085,0.33980,0.02579,0.00984,0.01579,0.07286,0.05406,0.01349,0.14146,0.02904,0.15035,0.07457,0.03429,0.37911,0.02515,-55.40,4.078,-1,0.0000,-1.00,0.0000,0
239908,1790782387103,0.06754,0.03137,0.02732,0.11966,0.03956,0.13596,0.02364,0.16113,0.07848,0.02888,0.26660,0.01987,0.04500,0.02233,0.02760,0.08610,0.04387,0.15400,0.02390,0.18761,0.07696,0.02590,0.28892,0.01781,-55.72,3.199,-1,0.0000,-1.00,0.0000,0
240001,1790782387201,0.03400,0.03456,0.04633,0.09422,0.02023,0.08952,0.06068,0.13959,0.14836,0.04551,0.23541,0.05158,0.00852,0.00928,0.04529,0.06113,0.01475,0.10558,0.07020,0.15896,0.16566,0.05161,0.26114,0.04789,-56.41,2.825,-1,0.0000,-1.00,0.0000,0
240094,1790782387280,0.04812,0.05767,0.03476,0.10280,0.01948,0.03485,0.05184,0.15306,0.15953,0.06959,0.21681,0.05149,0.02010,0.03744,0.02565,0.07317,0.01349,0.03777,0.05400,0.17901,0.17665,0.08071,0.25230,0.04971,-56.97,2.602,-1,0.0000,-1.00,0.0000,0
240187,1790782387380,0.05988,0.04657,0.05371,0.09699,0.01793,0.03263,0.04734,0.21411,0.18909,0.05198,0.14447,0.04530,0.02269,0.01416,0.05251,0.08327,0.01279,0.03460,0.05259,0.24747,0.21007,0.05975,0.16625,0.04386,-55.77,2.569,-1,0.0000,-1.00,0.0000,0
240280,1790782387483,0.02723,0.04542,0.07226,0.10300,0.04394,0.05827,0.03298,0.12655,0.21174,0.09346,0.14563,0.03953,0.00503,0.00915,0.06472,0.09153,0.04467,0.06887,0.03733,0.13918,0.22839,0.11031,0.16084,0.03996,-54.87,2.541,-1,0.0000,-1.00,0.0000,0
240372,1790782387562,0.02024,0.00630,0.03908,0.16043,0.00978,0.10788,0.01944,0.08532,0.03954,0.04730,0.43993,0.02476,0.00535,0.00180,0.03586,0.09277,0.00673,0.12820,0.02273,0.09533,0.02899,0.05534,0.50173,0.02516,-54.62,5.279,-1,0.0000,-1.00,0.0000,0
240465,1790782387641,0.02966,0.03774,0.04635,0.13820,0.01356,0.02849,0.00839,0.15123,0.19599,0.11631,0.20844,0.02564,0.00366,0.00404,0.02835,0.11740,0.01116,0.03351,0.00894,0.17591,0.21157,0.13716,0.24311,0.02519,-54.88,2.501,-1,0.0000,-1.00,0.0000,0
240558,1790782387760,0.02653,0.07460,0.04447,0.08197,0.01783,0.02454,0.04338,0.11529,0.31258,0.07215,0.14736,0.03929,0.00585,0.01767,0.03670,0.06433,0.01394,0.02824,0.04847,0.13086,0.36180,0.08369,0.17097,0.03748,-56.64,3.751,-1,0.0000,-1.00,0.0000,0
240651,1790782387862,0.02024,0.03022,0.09261,0.25690,0.08608,0.02771,0.03865,0.09082,0.15537,0.05837,0.10260,0.04042,0.00606,0.01405,0.09757,0.28473,0.09489,0.03233,0.04270,0.09032,0.11326,0.06760,0.11653,0.03997,-57.59,3.083,-1,0.0000,-1.00,0.0000,0
240744,1790782387943,0.04910,0.02280,0.04083,0.40009,0.02478,0.02737,0.02300,0.09186,0.15448,0.06288,0.08154,0.02127,0.03836,0.00874,0.03499,0.46103,0.02543,0.02542,0.02567,0.10330,0.09371,0.07030,0.09266,0.02040,-57.29,4.801,-1,0.0000,-1.00,0.0000,0
240837,1790782388040,0.06297,0.04800,0.03038,0.16552,0.07498,0.03379,0.02848,0.13238,0.22335,0.07107,0.10607,0.02302,0.04476,0.01132,0.02289,0.17438,0.08560,0.03162,0.03110,0.15486,0.23306,0.06819,0.12083,0.02141,-57.89,2.680,-1,0.0000,-1.00,0.0000,0
240930,1790782388120,0.06271,0.05745,0.03117,0.12414,0.02880,0.02877,0.03199,0.17500,0.26159,0.03784,0.13344,0.02710,0.03108,0.01537,0.02952,0.11816,0.02953,0.02831,0.03439,0.20472,0.29002,0.03949,0.15429,0.02511,-58.15,3.139,-1,0.0000,-1.00,0.0000,0
241023,1790782388219,0.07536,0.03536,0.07032,0.10279,0.03556,0.03890,0.03349,0.21306,0.13528,0.06522,0.15830,0.03637,0.04234,0.01372,0.07010,0.08707,0.03542,0.03821,0.03690,0.24191,0.14457,0.07140,0.18211,0.03627,-57.75,2.557,-1,0.0000,-1.00,0.0000,0
241116,1790782388299,0.03757,0.03524,0.07503,0.20703,0.01346,0.02621,0.05591,0.09823,0.18281,0.03992,0.18778,0.04081,0.02135,0.01034,0.08078,0.20454,0.00898,0.02717,0.06490,0.10174,0.17850,0.04605,0.21962,0.03603,-57.03,2.484,-1,0.0000,-1.00,0.0000,0
241208,1790782388399,0.09452,0.03664,0.02081,0.11698,0.03241,0.03496,0.03797,0.17672,0.20582,0.07093,0.11545,0.05678,0.06826,0.00305,0.00898,0.11386,0.02711,0.02836,0.04490,0.20997,0.22314,0.08053,0.13271,0.05914,-56.57,2.470,-1,0.0000,-1.00,0.0000,0
241301,1790782388501,0.07729,0.05114,0.02861,0.09392,0.03393,0.06678,0.04230,0.08181,0.24435,0.06832,0.15035,0.06120,0.07388,0.00635,0.01915,0.07940,0.02805,0.06537,0.04918,0.09448,0.27705,0.07631,0.16720,0.06358,-56.89,2.932,-1,0.0000,-1.00,0.0000,0
241394,1790782388580,0.09373,0.05996,0.02847,0.08075,0.01502,0.07485,0.03057,0.04970,0.36198,0.06136,0.09813,0.04548,0.08641,0.00371,0.01984,0.07631,0.00851,0.07264,0.03560,0.05591,0.41847,0.07197,0.10319,0.04744,-57.54,4.344,-1,0.0000,-1.00,0.0000,0
241487,1790782388679,0.08716,0.06438,0.02162,0.06732,0.01153,0.06867,0.01708,0.01919,0.47169,0.05296,0.08868,0.02971,0.06166,0.00620,0.01362,0.06235,0.00750,0.07006,0.01876,0.02078,0.55284,0.06198,0.09238,0.03188,-57.09,5.660,-1,0.0000,-1.00,0.0000,0
241580,1790782388759,0.08335,0.07776,0.02976,0.08346,0.01707,0.04994,0.03632,0.03073,0.41973,0.05939,0.06191,0.05058,0.08852,0.00169,0.02193,0.08696,0.01012,0.04229,0.04250,0.03316,0.48560,0.06925,0.06580,0.05218,-56.97,5.037,-1,0.0000,-1.00,0.0000,0
241673,1790782388861,0.09602,0.05429,0.01964,0.06503,0.01858,0.10051,0.08443,0.06584,0.26531,0.05588,0.10897,0.06551,0.09982,0.00423,0.01067,0.05600,0.01048,0.10080,0.10021,0.07689,0.30680,0.06488,0.11059,0.05863,-57.78,3.184,-1,0.0000,-1.00,0.0000,0
241766,1790782388943,0.04901,0.07794,0.03297,0.04900,0.01133,0.06394,0.04231,0.02843,0.45772,0.06839,0.08153,0.03743,0.03625,0.00298,0.02348,0.04208,0.00665,0.06943,0.05002,0.02950,0.53993,0.08082,0.08393,0.03494,-57.72,5.493,-1,0.0000,-1.00,0.0000,0
241859,1790782389061,0.05605,0.06964,0.02753,0.05129,0.01710,0.04946,0.03408,0.03851,0.45499,0.06389,0.06983,0.06763,0.03043,0.00585,0.01805,0.04697,0.00605,0.05323,0.03967,0.04256,0.53588,0.07535,0.07312,0.07284,-56.83,5.460,-1,0.0000,-1.00,0.0000,0
241951,1790782389160,0.10117,0.04824,0.02079,0.11340,0.04530,0.03962,0.04117,0.05454,0.30816,0.06447,0.13155,0.03159,0.09436,0.00325,0.01138,0.10576,0.04858,0.02886,0.04867,0.06311,0.34763,0.06827,0.15191,0.02820,-57.06,3.698,-1,0.0000,-1.00,0.0000,0
242044,1790782389239,0.11052,0.04808,0.03039,0.11286,0.04938,0.06320,0.04679,0.03787,0.26996,0.05634,0.13839,0.03623,0.11846,0.00359,0.02500,0.10441,0.05273,0.05225,0.05510,0.04067,0.30226,0.05756,0.15547,0.03249,-57.02,3.239,-1,0.0000,-1.00,0.0000,0
242137,1790782389340,0.11958,0.04482,0.01452,0.12052,0.03255,0.06304,0.07520,0.08925,0.25233,0.03428,0.11497,0.03895,0.11996,0.00088,0.01057,0.11914,0.03326,0.05175,0.08942,0.10535,0.27874,0.03448,0.12750,0.02894,-56.90,3.028,-1,0.0000,-1.00,0.0000,0
242230,1790782389418,0.12897,0.04638,0.04401,0.07437,0.02825,0.04084,0.04070,0.18282,0.21629,0.03413,0.12508,0.03817,0.11285,0.00661,0.04563,0.06046,0.02637,0.02684,0.04716,0.21030,0.24700,0.03585,0.14455,0.03638,-57.85,2.595,-1,0.0000,-1.00,0.0000,0
242323,1790782389521,0.15359,0.03461,0.01394,0.08208,0.02887,0.04851,0.02485,0.31028,0.13213,0.04129,0.08972,0.04013,0.11014,0.01367,0.00792,0.07846,0.02613,0.03629,0.02699,0.37029,0.14273,0.04433,0.10031,0.04274,-58.37,3.723,-1,0.0000,-1.00,0.0000,0
242416,1790782389600,0.08000,0.04829,0.03131,0.07736,0.02586,0.06678,0.12293,0.10765,0.20603,0.07860,0.10412,0.05107,0.07106,0.01170,0.01981,0.07056,0.02438,0.06611,0.14498,0.12506,0.23288,0.08935,0.11166,0.03245,-58.37,2.472,-1,0.0000,-1.00,0.0000,0
242509,1790782389700,0.09903,0.03042,0.03389,0.08888,0.01886,0.22362,0.02402,0.09656,0.16033,0.06944,0.12235,0.03259,0.09669,0.00180,0.02475,0.08722,0.01597,0.24879,0.02843,0.11079,0.17482,0.08004,0.09729,0.03342,-58.07,2.683,-1,0.0000,-1.00,0.0000,0
242602,1790782389799,0.11833,0.01927,0.02000,0.12608,0.03089,0.21884,0.00988,0.10590,0.10533,0.07798,0.14442,0.02310,0.11689,0.00306,0.00667,0.12616,0.03197,0.23905,0.01123,0.12557,0.10105,0.08724,0.12566,0.02545,-58.38,2.626,-1,0.0000,-1.00,0.0000,0
242694,1790782389879,0.08125,0.01781,0.03834,0.09122,0.03403,0.20770,0.08571,0.10375,0.08666,0.05044,0.15750,0.04560,0.07411,0.00395,0.03530,0.08109,0.03395,0.23418,0.10192,0.11732,0.08776,0.05370,0.14230,0.03443,-58.48,2.492,-1,0.0000,-1.00,0.0000,0
242787,1790782389981,0.08953,0.02313,0.03882,0.09538,0.02409,0.27939,0.02003,0.10051,0.12004,0.03900,0.14615,0.02392,0.08487,0.00287,0.03814,0.09207,0.02409,0.31795,0.02325,0.11306,0.12530,0.04224,0.11210,0.02406,-57.66,3.353,-1,0.0000,-1.00,0.0000,0
242880,1790782390060,0.03858,0.04355,0.03969,0.09569,0.01898,0.16280,0.11664,0.06335,0.22155,0.04780,0.10406,0.04730,0.03277,0.00456,0.03661,0.09736,0.01718,0.18858,0.13886,0.06865,0.24484,0.05519,0.08730,0.02809,-57.25,2.659,-1,0.0000,-1.00,0.0000,0
242973,1790782390160,0.03646,0.05148,0.01734,0.08655,0.01639,0.22582,0.06353,0.06243,0.26951,0.04010,0.09282,0.03758,0.02794,0.00266,0.01179,0.09207,0.01369,0.26504,0.07558,0.07248,0.30468,0.04534,0.05868,0.03004,-57.06,3.234,-1,0.0000,-1.00,0.0000,0
243066,1790782390239,0.05567,0.03599,0.02170,0.20966,0.03441,0.16799,0.04231,0.08111,0.19858,0.03704,0.08027,0.03526,0.04834,0.00537,0.01857,0.23970,0.03484,0.19171,0.04964,0.09351,0.19043,0.03748,0.05817,0.03225,-57.61,2.516,-1,0.0000,-1.00,0.0000,0
243159,1790782390359,0.06447,0.05733,0.06444,0.15871,0.01696,0.10445,0.02973,0.03966,0.31943,0.02836,0.08606,0.03039,0.06844,0.00180,0.07105,0.17412,0.01448,0.11159,0.03503,0.03367,0.34824,0.03111,0.08100,0.02947,-58.35,3.833,-1,0.0000,-1.00,0.0000,0
243252,1790782390480,0.09960,0.05341,0.01713,0.10336,0.01324,0.15707,0.05812,0.07187,0.25926,0.02758,0.10215,0.03721,0.10284,0.00659,0.01434,0.10619,0.00942,0.16811,0.06834,0.08327,0.28960,0.03118,0.08908,0.03104,-58.16,3.111,-1,0.0000,-1.00,0.0000,0
243345,1790782390540,0.05690,0.04115,0.03619,0.10958,0.02142,0.22426,0.06693,0.05894,0.16356,0.04837,0.13846,0.03423,0.05405,0.01613,0.03269,0.10855,0.02056,0.25800,0.07700,0.06414,0.17447,0.05389,0.11477,0.02576,-58.33,2.691,-1,0.0000,-1.00,0.0000,0
243438,1790782390640,0.08000,0.04259,0.03285,0.12568,0.01231,0.17682,0.04605,0.07258,0.21006,0.03385,0.13715,0.03005,0.07980,0.00608,0.03170,0.12573,0.00963,0.19614,0.05362,0.08104,0.22678,0.03865,0.12545,0.02538,-58.31,2.521,-1,0.0000,-1.00,0.0000,0
243530,1790782390720,0.06199,0.02630,0.09364,0.19489,0.01928,0.09350,0.10848,0.05779,0.15987,0.03804,0.10079,0.04542,0.06456,0.00193,0.10384,0.21350,0.01707,0.09956,0.12924,0.04902,0.14924,0.04219,0.10104,0.02880,-57.96,2.339,-1,0.0000,-1.00,0.0000,0
243623,1790782390821,0.06240,0.02865,0.12328,0.15442,0.02947,0.16572,0.05965,0.05044,0.15698,0.05046,0.08912,0.02943,0.06730,0.00464,0.13695,0.17114,0.03109,0.18523,0.07056,0.03329,0.15418,0.05430,0.07007,0.02128,-58.26,1.989,-1,0.0000,-1.00,0.0000,0
243716,1790782390900,0.04198,0.07208,0.02589,0.09480,0.03787,0.08633,0.06647,0.07039,0.14461,0.08296,0.13960,0.13701,0.03405,0.05533,0.01193,0.08424,0.01553,0.09670,0.06867,0.08197,0.15657,0.09633,0.14811,0.15056,-57.05,1.735,-1,0.0000,-1.00,0.0000,0
243809,1790782391000,0.03845,0.04131,0.04532,0.09870,0.02558,0.07544,0.05131,0.15056,0.10195,0.03694,0.21628,0.11815,0.01139,0.02876,0.04570,0.07036,0.00478,0.08814,0.05571,0.17142,0.10814,0.04339,0.24168,0.13053,-56.20,2.595,-1,0.0000,-1.00,0.0000,0
243902,1790782391100,0.05320,0.01964,0.03263,0.13769,0.01985,0.07196,0.04144,0.11552,0.09748,0.06818,0.25870,0.08372,0.03713,0.00457,0.02314,0.10663,0.00580,0.07886,0.04830,0.13428,0.09566,0.08054,0.29435,0.09074,-56.93,3.104,-1,0.0000,-1.00,0.0000,0
243995,1790782391179,0.11747,0.02965,0.06361,0.07979,0.03571,0.04725,0.04718,0.12320,0.12968,0.03631,0.15393,0.13622,0.11410,0.00709,0.06809,0.06038,0.01258,0.03400,0.05479,0.13446,0.14342,0.04101,0.17770,0.15237,-56.76,1.847,-1,0.0000,-1.00,0.0000,0
244088,1790782391279,0.20186,0.04101,0.03385,0.04610,0.02771,0.05187,0.02063,0.15118,0.18648,0.03440,0.09699,0.10793,0.20725,0.00615,0.03268,0.03306,0.00749,0.02207,0.02350,0.17467,0.21689,0.03973,0.11185,0.12467,-56.36,2.422,-1,0.0000,-1.00,0.0000,0
244181,1790782391359,0.20244,0.03660,0.02167,0.11928,0.02325,0.06017,0.02015,0.13040,0.18733,0.02980,0.08772,0.08119,0.21226,0.00424,0.01912,0.12341,0.00581,0.03369,0.02303,0.15273,0.20000,0.03456,0.09843,0.09272,-56.25,2.429,-1,0.0000,-1.00,0.0000,0
244273,1790782391480,0.21268,0.02070,0.04842,0.06428,0.02083,0.06301,0.02213,0.28570,0.09397,0.02930,0.07174,0.06725,0.18900,0.00501,0.05133,0.06148,0.00999,0.03804,0.02552,0.33215,0.09984,0.03370,0.07842,0.07552,-55.77,3.428,-1,0.0000,-1.00,0.0000,0
244366,1790782391544,0.21702,0.01353,0.01197,0.06838,0.02656,0.05592,0.02274,0.32353,0.05254,0.03532,0.09386,0.07862,0.18342,0.00650,0.00613,0.06085,0.01417,0.03064,0.02591,0.38650,0.04899,0.04143,0.10640,0.08907,-55.85,3.882,-1,0.0000,-1.00,0.0000,0
244459,1790782391659,0.10148,0.02290,0.08440,0.07920,0.05209,0.02989,0.03900,0.22296,0.11451,0.03220,0.08342,0.13795,0.07126,0.00631,0.09390,0.07594,0.03168,0.02168,0.04430,0.24972,0.11800,0.03646,0.09566,0.15510,-57.04,2.675,-1,0.0000,-1.00,0.0000,0
244552,1790782391759,0.09733,0.02549,0.05532,0.17280,0.04181,0.04210,0.04693,0.12921,0.13146,0.05323,0.11892,0.08540,0.08780,0.00697,0.05432,0.18010,0.03192,0.03304,0.05349,0.14541,0.11890,0.06036,0.13595,0.09172,-57.91,2.074,-1,0.0000,-1.00,0.0000,0
244645,1790782391841,0.15189,0.02445,0.03174,0.09923,0.04173,0.03596,0.02209,0.37385,0.06940,0.02368,0.06044,0.06556,0.09351,0.01797,0.03379,0.10550,0.03533,0.02455,0.02291,0.44126,0.06224,0.02136,0.06755,0.07401,-55.34,4.486,-1,0.0000,-1.00,0.0000,0
244738,1790782391943,0.15029,0.00690,0.02577,0.04383,0.01276,0.00469,0.00622,0.68693,0.03327,0.00675,0.01338,0.00920,0.01747,0.00294,0.02978,0.04943,0.01331,0.00222,0.00687,0.81720,0.02994,0.00558,0.01560,0.00967,-53.55,8.243,-1,0.0000,-1.00,0.0000,0
244831,1790782392021,0.16902,0.00907,0.00727,0.02493,0.00886,0.00874,0.00854,0.71224,0.02156,0.00686,0.01374,0.00915,0.03389,0.00712,0.00743,0.02676,0.00881,0.00385,0.00882,0.85197,0.02053,0.00648,0.01570,0.00865,-53.23,8.547,-1,0.0000,-1.00,0.0000,0
244924,1790782392120,0.07919,0.06761,0.04733,0.05197,0.00497,0.00816,0.01618,0.29113,0.38203,0.00929,0.02870,0.01344,0.00983,0.01051,0.05463,0.05577,0.00326,0.00801,0.01730,0.33801,0.44671,0.01048,0.03280,0.01268,-52.88,4.584,-1,0.0000,-1.00,0.0000,0
245016,1790782392199,0.01779,0.14509,0.02197,0.03283,0.00294,0.00235,0.00731,0.07467,0.67168,0.00332,0.01635,0.00370,0.00433,0.01596,0.02565,0.03553,0.00287,0.00196,0.00560,0.08438,0.79780,0.00341,0.01920,0.00333,-52.97,8.060,-1,0.0000,-1.00,0.0000,0
245109,1790782392299,0.07180,0.09075,0.02502,0.03665,0.00606,0.01172,0.03533,0.26744,0.40023,0.01288,0.02494,0.01718,0.02357,0.01521,0.02707,0.03836,0.00467,0.00942,0.03932,0.31509,0.47180,0.01468,0.02801,0.01279,-53.36,4.803,-1,0.0000,-1.00,0.0000,0
245202,1790782392401,0.17400,0.01004,0.01194,0.01652,0.00200,0.01092,0.01321,0.69660,0.04956,0.00151,0.00570,0.00799,0.04331,0.00126,0.01399,0.01862,0.00111,0.00449,0.01558,0.83192,0.05569,0.00160,0.00594,0.00648,-52.68,8.359,-1,0.0000,-1.00,0.0000,0
245295,1790782392479,0.15357,0.00967,0.01166,0.01983,0.00496,0.00680,0.02824,0.68751,0.04670,0.00516,0.01033,0.01558,0.02118,0.00135,0.01288,0.02146,0.00355,0.00395,0.03342,0.82139,0.05168,0.00550,0.01159,0.01204,-52.97,8.250,-1,0.0000,-1.00,0.0000,0
245388,1790782392581,0.11764,0.02067,0.03473,0.02695,0.00659,0.01091,0.10630,0.49806,0.08719,0.02755,0.03198,0.03143,0.02300,0.00615,0.03522,0.02504,0.00539,0.00852,0.12615,0.58981,0.09918,0.03227,0.03664,0.01265,-53.38,5.977,-1,0.0000,-1.00,0.0000,0
245481,1790782392659,0.13370,0.00620,0.01611,0.04468,0.00499,0.01027,0.02976,0.60752,0.02455,0.02246,0.08921,0.01055,0.01644,0.00288,0.01415,0.03270,0.00485,0.00905,0.03503,0.72521,0.02294,0.02595,0.10510,0.00570,-53.00,7.290,-1,0.0000,-1.00,0.0000,0
245574,1790782392760,0.14217,0.00889,0.01450,0.03287,0.01242,0.01497,0.00990,0.60880,0.03998,0.01219,0.08012,0.02318,0.02671,0.00200,0.01485,0.02086,0.00990,0.01265,0.01147,0.72655,0.04369,0.01272,0.09350,0.02512,-52.86,7.306,-1,0.0000,-1.00,0.0000,0
245667,1790782392840,0.15082,0.00255,0.01021,0.01721,0.00556,0.00613,0.02459,0.70508,0.01224,0.00532,0.04192,0.01835,0.01353,0.00084,0.01110,0.01085,0.00347,0.00467,0.02930,0.84265,0.01249,0.00572,0.04931,0.01607,-52.49,8.461,-1,0.0000,-1.00,0.0000,0
245759,1790782392979,0.14554,0.00474,0.01114,0.01854,0.01167,0.01373,0.08023,0.61379,0.02237,0.00789,0.03470,0.03568,0.02920,0.00129,0.01181,0.01439,0.00937,0.01066,0.09588,0.73312,0.02378,0.00776,0.03947,0.02327,-52.76,7.365,-1,0.0000,-1.00,0.0000,0
245852,1790782393060,0.14844,0.00384,0.01591,0.01423,0.00518,0.00867,0.08362,0.64377,0.01754,0.00511,0.02103,0.03266,0.02553,0.00104,0.01794,0.01227,0.00238,0.00533,0.09999,0.76783,0.01858,0.00565,0.02414,0.01932,-52.84,7.725,-1,0.0000,-1.00,0.0000,0
245945,1790782393139,0.12817,0.01264,0.01232,0.07014,0.00514,0.00776,0.02345,0.57841,0.06308,0.01901,0.06326,0.01661,0.01816,0.00290,0.01037,0.06925,0.00337,0.00594,0.02752,0.69102,0.06178,0.02219,0.07463,0.01289,-53.01,6.941,-1,0.0000,-1.00,0.0000,0
246038,1790782393240,0.02325,0.09453,0.03175,0.06359,0.00672,0.01228,0.01401,0.06267,0.47916,0.02601,0.16816,0.01787,0.00874,0.00639,0.03204,0.03676,0.00442,0.01299,0.01552,0.06874,0.56686,0.03029,0.19892,0.01834,-53.47,5.750,-1,0.0000,-1.00,0.0000,0
246131,1790782393320,0.03000,0.03106,0.04753,0.12239,0.00696,0.01332,0.02712,0.08704,0.14859,0.13517,0.32448,0.02635,0.01625,0.00470,0.02496,0.07008,0.00332,0.01274,0.03157,0.09934,0.16405,0.16140,0.38627,0.02531,-53.65,3.894,-1,0.0000,-1.00,0.0000,0
246224,1790782393419,0.01896,0.00949,0.02754,0.25047,0.00928,0.01797,0.02243,0.04931,0.07468,0.09380,0.39576,0.03031,0.01033,0.00286,0.01092,0.20688,0.00487,0.01957,0.02631,0.05693,0.04847,0.11142,0.47034,0.03110,-54.72,4.749,-1,0.0000,-1.00,0.0000,0
246317,1790782393500,0.02138,0.00828,0.04295,0.19419,0.01355,0.00974,0.00583,0.05475,0.06185,0.08378,0.45264,0.05105,0.01360,0.00041,0.03174,0.12552,0.00439,0.00897,0.00691,0.05931,0.04923,0.09952,0.54060,0.05980,-54.81,5.432,-1,0.0000,-1.00,0.0000,0
246410,1790782393600,0.01934,0.01247,0.03561,0.19622,0.01902,0.02361,0.01017,0.04685,0.07297,0.08014,0.44180,0.04181,0.01299,0.00277,0.02413,0.13121,0.01278,0.02624,0.01157,0.05141,0.06142,0.09349,0.52418,0.04781,-54.96,5.302,-1,0.0000,-1.00,0.0000,0
246503,1790782393699,0.01269,0.00671,0.03857,0.21739,0.00816,0.01134,0.01484,0.02320,0.04528,0.03795,0.55893,0.02494,0.01114,0.00233,0.03738,0.12817,0.00453,0.01138,0.01723,0.02049,0.02884,0.04457,0.66747,0.02647,-54.84,6.707,-1,0.0000,-1.00,0.0000,0
246595,1790782393779,0.01503,0.00787,0.02526,0.23628,0.00704,0.01149,0.00586,0.01634,0.04493,0.04326,0.56016,0.02647,0.01491,0.00468,0.02009,0.15049,0.00239,0.01081,0.00609,0.01560,0.02400,0.05136,0.66906,0.03051,-54.16,6.722,-1,0.0000,-1.00,0.0000,0
246688,1790782393881,0.03501,0.01489,0.02922,0.22516,0.01241,0.02066,0.02739,0.02504,0.09512,0.11238,0.35915,0.04357,0.03579,0.00303,0.00854,0.18517,0.00578,0.01766,0.03200,0.02852,0.07727,0.13351,0.42684,0.04587,-55.02,4.310,-1,0.0000,-1.00,0.0000,0
246781,1790782393975,0.08819,0.02769,0.04866,0.11024,0.02361,0.04111,0.02075,0.21211,0.12308,0.09746,0.15344,0.05364,0.05670,0.00777,0.03580,0.09714,0.01647,0.03802,0.02333,0.24707,0.12823,0.11352,0.17633,0.05964,-55.36,2.545,-1,0.0000,-1.00,0.0000,0
246874,1790782394060,0.07797,0.02622,0.10566,0.18997,0.03187,0.02749,0.02427,0.14847,0.10749,0.05614,0.15295,0.05150,0.06531,0.01423,0.11435,0.19208,0.02767,0.02000,0.02626,0.15524,0.09072,0.06178,0.17931,0.05305,-55.89,2.280,-1,0.0000,-1.00,0.0000,0
246967,1790782394160,0.03771,0.02148,0.09138,0.15254,0.04078,0.02163,0.05131,0.10362,0.10098,0.05959,0.26311,0.05586,0.02371,0.00793,0.09684,0.12112,0.03810,0.02122,0.05991,0.10497,0.09699,0.06385,0.31106,0.05431,-56.96,3.157,-1,0.0000,-1.00,0.0000,0
247060,1790782394259,0.04900,0.03302,0.02816,0.15266,0.04323,0.04529,0.04289,0.10634,0.17949,0.05176,0.20279,0.06538,0.03320,0.00351,0.02291,0.13662,0.03826,0.04768,0.05069,0.12288,0.18779,0.05463,0.23354,0.06829,-57.22,2.434,-1,0.0000,-1.00,0.0000,0
247153,1790782394360,0.05200,0.04243,0.02843,0.17989,0.01110,0.07274,0.03803,0.06630,0.21866,0.06653,0.19325,0.03066,0.04615,0.00662,0.01857,0.17271,0.00771,0.07801,0.04318,0.07684,0.22777,0.07818,0.21609,0.02818,-57.48,2.624,-1,0.0000,-1.00,0.0000,0
247246,1790782394444,0.03183,0.04022,0.02227,0.13759,0.02266,0.13096,0.09181,0.07019,0.18015,0.03804,0.18401,0.05028,0.02178,0.01040,0.01840,0.12715,0.01936,0.15260,0.10586,0.08254,0.19066,0.04174,0.19023,0.03926,-56.28,2.208,-1,0.0000,-1.00,0.0000,0
247338,1790782394543,0.03466,0.04143,0.06676,0.11603,0.03701,0.11735,0.09206,0.05859,0.12028,0.05104,0.19292,0.07187,0.03033,0.02495,0.06909,0.09851,0.03110,0.13491,0.10537,0.05651,0.12459,0.05499,0.20442,0.06523,-55.42,2.315,-1,0.0000,-1.00,0.0000,0
247431,1790782394619,0.06324,0.01937,0.23383,0.07052,0.03699,0.05153,0.02931,0.16401,0.06524,0.06573,0.11052,0.08972,0.04723,0.01038,0.26511,0.06043,0.02117,0.05552,0.03307,0.14397,0.06469,0.07605,0.12142,0.10095,-55.21,2.806,-1,0.0000,-1.00,0.0000,0
247524,1790782394719,0.04151,0.07215,0.07632,0.16519,0.02560,0.05856,0.02133,0.07130,0.34478,0.03684,0.05400,0.03241,0.03594,0.01193,0.08360,0.18762,0.02306,0.06384,0.02246,0.06960,0.37594,0.03958,0.05205,0.03438,-54.44,4.137,-1,0.0000,-1.00,0.0000,0
247617,1790782394799,0.03396,0.06260,0.05173,0.15010,0.01785,0.04447,0.02170,0.09067,0.28968,0.09446,0.09800,0.04478,0.02113,0.01244,0.04000,0.15851,0.01176,0.04910,0.02347,0.10078,0.31562,0.11092,0.10769,0.04858,-55.45,3.476,-1,0.0000,-1.00,0.0000,0
247710,1790782394900,0.04596,0.04971,0.06887,0.17952,0.02761,0.06823,0.03881,0.14857,0.16153,0.06081,0.09502,0.05536,0.02249,0.02888,0.06892,0.19557,0.02154,0.07730,0.04078,0.16436,0.15478,0.06859,0.09853,0.05825,-56.87,2.154,-1,0.0000,-1.00,0.0000,0
247803,1790782394999,0.02964,0.06517,0.04905,0.19944,0.01352,0.03220,0.02055,0.11868,0.34286,0.02301,0.08532,0.02057,0.01044,0.00536,0.05374,0.22014,0.01244,0.03651,0.02357,0.13156,0.36690,0.02539,0.09499,0.01896,-55.21,4.114,-1,0.0000,-1.00,0.0000,0
247896,1790782395080,0.07653,0.01363,0.07043,0.13337,0.01525,0.03825,0.01743,0.29900,0.11641,0.02717,0.16654,0.02600,0.01377,0.00345,0.07843,0.12195,0.01246,0.04353,0.02012,0.34281,0.11531,0.03008,0.19093,0.02716,-54.81,3.588,-1,0.0000,-1.00,0.0000,0
247989,1790782395180,0.09396,0.03672,0.05816,0.09151,0.03201,0.03837,0.01749,0.35215,0.17864,0.02291,0.04443,0.03366,0.03151,0.00553,0.06547,0.10066,0.03114,0.03973,0.01986,0.40898,0.19410,0.02128,0.04536,0.03640,-55.57,4.226,-1,0.0000,-1.00,0.0000,0
248082,1790782395260,0.09284,0.02168,0.10903,0.05322,0.02346,0.15588,0.02220,0.23830,0.07797,0.04732,0.10922,0.04888,0.05930,0.00928,0.12009,0.04470,0.01747,0.17503,0.02477,0.26173,0.08457,0.05324,0.09618,0.05366,-55.36,2.860,-1,0.0000,-1.00,0.0000,0
248174,1790782395361,0.04250,0.01679,0.08637,0.06525,0.05660,0.07836,0.02876,0.14015,0.07446,0.09595,0.09745,0.21737,0.02083,0.00491,0.08120,0.05856,0.01750,0.08977,0.03349,0.15183,0.07671,0.11241,0.09897,0.25382,-55.43,2.608,-1,0.0000,-1.00,0.0000,0
248267,1790782395475,0.04403,0.05231,0.04686,0.09337,0.03332,0.12880,0.03139,0.11178,0.10399,0.09042,0.15252,0.11122,0.02728,0.04251,0.03488,0.08150,0.01478,0.14892,0.02903,0.12717,0.10657,0.10729,0.15324,0.12682,-56.22,1.830,-1,0.0000,-1.00,0.0000,0
248360,1790782395560,0.09822,0.10527,0.03432,0.09079,0.01883,0.12156,0.03793,0.13575,0.12668,0.05610,0.10262,0.07193,0.08866,0.09958,0.02804,0.08946,0.00668,0.12830,0.02493,0.15788,0.13398,0.06598,0.09752,0.07899,-56.51,1.629,-1,0.0000,-1.00,0.0000,0
248453,1790782395660,0.13833,0.13604,0.02687,0.05448,0.02274,0.10823,0.04068,0.07341,0.20971,0.08243,0.05653,0.05055,0.14884,0.11539,0.01322,0.05582,0.01546,0.10098,0.02587,0.08534,0.24021,0.09571,0.04771,0.05544,-56.87,2.516,-1,0.0000,-1.00,0.0000,0
248546,1790782395739,0.15594,0.10678,0.01886,0.04859,0.01263,0.09725,0.05156,0.03363,0.29986,0.05504,0.07547,0.04439,0.17871,0.05902,0.00969,0.04351,0.00572,0.08195,0.05008,0.03837,0.35040,0.06510,0.07419,0.04326,-56.72,3.598,-1,0.0000,-1.00,0.0000,0
248639,1790782395840,0.19924,0.10129,0.01718,0.04173,0.02323,0.10320,0.05154,0.06193,0.21798,0.04331,0.05379,0.08556,0.22392,0.07168,0.01066,0.04035,0.00923,0.07941,0.04741,0.07224,0.25320,0.05007,0.04871,0.09312,-56.11,2.616,-1,0.0000,-1.00,0.0000,0
248732,1790782395920,0.16073,0.05379,0.01938,0.05236,0.01872,0.11898,0.03711,0.16771,0.16392,0.04288,0.09033,0.07410,0.15215,0.02840,0.01329,0.04570,0.00634,0.11241,0.03864,0.19852,0.18735,0.05012,0.08595,0.08113,-56.50,2.013,-1,0.0000,-1.00,0.0000,0
248825,1790782396021,0.03481,0.10272,0.02556,0.09599,0.01781,0.10636,0.03023,0.12521,0.22704,0.06126,0.10056,0.07246,0.01260,0.07296,0.01624,0.09605,0.00498,0.12494,0.02176,0.14681,0.25283,0.07259,0.09573,0.08251,-57.00,2.724,-1,0.0000,-1.00,0.0000,0
248917,1790782396100,0.04171,0.06787,0.01332,0.04988,0.06345,0.06066,0.02502,0.16358,0.11934,0.04086,0.05386,0.30043,0.01136,0.05497,0.00644,0.04974,0.00542,0.07044,0.01900,0.19481,0.13298,0.04804,0.05058,0.35622,-57.38,3.605,-1,0.0000,-1.00,0.0000,0
249010,1790782396201,0.05035,0.14434,0.01217,0.04978,0.01975,0.04691,0.05871,0.20000,0.23081,0.03429,0.07429,0.07860,0.01306,0.11986,0.00671,0.04411,0.00682,0.05362,0.04646,0.23844,0.26782,0.03974,0.07838,0.08497,-57.73,2.770,-1,0.0000,-1.00,0.0000,0
249103,1790782396299,0.03851,0.11838,0.02308,0.06947,0.02485,0.10913,0.05789,0.08746,0.27837,0.06721,0.05005,0.07561,0.02585,0.07873,0.01223,0.07629,0.01393,0.12564,0.05376,0.10237,0.31842,0.07777,0.03506,0.07994,-56.66,3.340,-1,0.0000,-1.00,0.0000,0
249196,1790782396379,0.14535,0.06052,0.05519,0.03975,0.03512,0.10185,0.03750,0.06006,0.22994,0.16398,0.03970,0.03105,0.16076,0.01954,0.02861,0.04175,0.03627,0.09018,0.03975,0.06760,0.26725,0.18930,0.02969,0.02932,-56.01,2.759,-1,0.0000,-1.00,0.0000,0
249289,1790782396479,0.16530,0.10040,0.04218,0.02726,0.01700,0.10307,0.06154,0.06036,0.18300,0.14557,0.07312,0.02119,0.18552,0.07787,0.01637,0.01871,0.01786,0.08673,0.05728,0.07010,0.21407,0.17239,0.07043,0.01268,-56.01,2.196,-1,0.0000,-1.00,0.0000,0
249382,1790782396560,0.16785,0.06182,0.03730,0.05946,0.02361,0.10203,0.07835,0.03358,0.14282,0.15080,0.05057,0.09182,0.19342,0.04261,0.00925,0.06253,0.00982,0.08391,0.08495,0.03888,0.15874,0.17874,0.04396,0.09319,-56.15,2.014,-1,0.0000,-1.00,0.0000,0
249475,1790782396659,0.17840,0.06590,0.03792,0.06964,0.02548,0.13686,0.05161,0.04584,0.16114,0.12984,0.05302,0.04434,0.20340,0.04380,0.01533,0.07571,0.02208,0.12367,0.05278,0.05227,0.17740,0.15189,0.03902,0.04267,-56.58,2.141,-1,0.0000,-1.00,0.0000,0
249568,1790782396759,0.06653,0.10019,0.02123,0.14603,0.03915,0.05350,0.04759,0.10174,0.15510,0.06514,0.11949,0.08429,0.05547,0.08960,0.01105,0.14868,0.02843,0.05311,0.03926,0.11972,0.15621,0.07258,0.13265,0.09322,-57.14,1.861,-1,0.0000,-1.00,0.0000,0
249660,1790782396859,0.06873,0.23084,0.02013,0.05376,0.01379,0.03590,0.05326,0.04942,0.34929,0.04602,0.04380,0.03505,0.07103,0.19581,0.01348,0.05521,0.00766,0.03044,0.02443,0.05712,0.40758,0.05363,0.04645,0.03716,-57.76,4.191,-1,0.0000,-1.00,0.0000,0
249753,1790782396975,0.06312,0.27724,0.02138,0.08184,0.01301,0.05790,0.07490,0.04221,0.19108,0.06153,0.06128,0.05453,0.06575,0.29017,0.01115,0.08572,0.00384,0.05634,0.03074,0.04985,0.21196,0.07296,0.06226,0.05925,-58.16,3.327,-1,0.0000,-1.00,0.0000,0
249846,1790782397041,0.05269,0.22016,0.01040,0.12110,0.01539,0.11590,0.05375,0.03057,0.18878,0.04599,0.07582,0.06944,0.05500,0.22510,0.00164,0.13213,0.00272,0.12797,0.01979,0.03630,0.20001,0.05457,0.06549,0.07928,-58.08,2.642,-1,0.0000,-1.00,0.0000,0
249939,1790782397140,0.03761,0.19738,0.00891,0.07763,0.02270,0.07039,0.04112,0.02410,0.35611,0.03705,0.03670,0.09031,0.03942,0.15536,0.00212,0.08731,0.00647,0.07653,0.01847,0.02846,0.40935,0.04316,0.02880,0.10455,-57.89,4.273,-1,0.0000,-1.00,0.0000,0
250032,1790782397220,0.03409,0.08270,0.12105,0.08440,0.04599,0.03953,0.06076,0.08361,0.21961,0.04274,0.08574,0.09978,0.02531,0.05121,0.13621,0.08243,0.03387,0.04235,0.06266,0.07319,0.24670,0.04460,0.09435,0.10714,-57.20,2.635,-1,0.0000,-1.00,0.0000,0
250125,1790782397319,0.05841,0.13517,0.01388,0.08331,0.03875,0.02686,0.02594,0.20437,0.22039,0.06347,0.06080,0.06864,0.02154,0.11302,0.00275,0.08648,0.03047,0.02791,0.00861,0.24440,0.24690,0.07005,0.06732,0.08055,-56.32,2.645,-1,0.0000,-1.00,0.0000,0
250218,1790782397399,0.10350,0.10834,0.02468,0.06536,0.02162,0.11607,0.02793,0.09195,0.21455,0.10613,0.07148,0.04839,0.10233,0.08149,0.00495,0.06601,0.01495,0.11894,0.01732,0.10920,0.24399,0.12421,0.06207,0.05455,-56.57,2.575,-1,0.0000,-1.00,0.0000,0
250311,1790782397499,0.04920,0.13916,0.02641,0.06866,0.03942,0.04090,0.04435,0.06237,0.33331,0.06048,0.07939,0.05635,0.04009,0.09495,0.01861,0.06502,0.03519,0.04107,0.03426,0.07110,0.38626,0.06572,0.08699,0.06073,-57.20,4.000,-1,0.0000,-1.00,0.0000,0
250403,1790782397600,0.03869,0.18217,0.02183,0.05150,0.02097,0.08239,0.05251,0.04866,0.28770,0.06266,0.09913,0.05180,0.02211,0.16472,0.01182,0.04187,0.01400,0.09434,0.03016,0.05607,0.33643,0.07231,0.10008,0.05609,-56.57,3.452,-1,0.0000,-1.00,0.0000,0
250496,1790782397679,0.05832,0.07466,0.04265,0.06613,0.02153,0.07899,0.02122,0.05339,0.26284,0.14378,0.13420,0.04229,0.05733,0.03005,0.01760,0.05064,0.01662,0.08328,0.01947,0.06048,0.30491,0.16899,0.14429,0.04633,-55.94,3.154,-1,0.0000,-1.00,0.0000,0
250589,1790782397780,0.06293,0.12232,0.03454,0.06835,0.01691,0.09320,0.02346,0.08255,0.23174,0.16284,0.06483,0.03634,0.05456,0.09710,0.00318,0.07046,0.01227,0.10087,0.00876,0.09839,0.26371,0.19269,0.05768,0.04034,-56.14,2.781,-1,0.0000,-1.00,0.0000,0
250682,1790782397861,0.09962,0.14655,0.01361,0.08667,0.01788,0.04458,0.04346,0.09451,0.30635,0.06206,0.03794,0.04676,0.09214,0.11149,0.00201,0.09622,0.01149,0.03515,0.02997,0.11285,0.34793,0.07216,0.03850,0.05009,-56.13,3.676,-1,0.0000,-1.00,0.0000,0
250775,1790782397975,0.02584,0.12661,0.01657,0.22969,0.02278,0.06209,0.06057,0.03963,0.24868,0.05783,0.06921,0.04049,0.02271,0.10294,0.00688,0.26153,0.01990,0.06990,0.05217,0.04613,0.24601,0.06547,0.06908,0.03728,-56.63,2.984,-1,0.0000,-1.00,0.0000,0
250868,1790782398064,0.13006,0.11829,0.03593,0.06350,0.01638,0.08503,0.05780,0.08992,0.18908,0.09014,0.07490,0.04895,0.13512,0.09924,0.02204,0.06124,0.00991,0.07510,0.04842,0.10454,0.21442,0.10604,0.07486,0.04906,-57.10,2.269,-1,0.0000,-1.00,0.0000,0
250961,1790782398160,0.12008,0.10427,0.05417,0.13491,0.01217,0.07200,0.06949,0.06775,0.24795,0.03618,0.05038,0.03066,0.12967,0.07201,0.05671,0.15206,0.00994,0.06057,0.06722,0.07170,0.26696,0.04138,0.04836,0.02342,-57.04,2.975,-1,0.0000,-1.00,0.0000,0
251054,1790782398259,0.15845,0.10000,0.02361,0.14065,0.02910,0.07723,0.05092,0.04170,0.21482,0.06648,0.05234,0.04469,0.17885,0.07672,0.01297,0.15883,0.01364,0.06951,0.04581,0.04739,0.22557,0.07729,0.04894,0.04447,-57.40,2.578,-1,0.0000,-1.00,0.0000,0
251147,1790782398339,0.06067,0.10456,0.05475,0.14009,0.02529,0.04360,0.04540,0.11404,0.26551,0.03298,0.07136,0.04173,0.04595,0.06968,0.05863,0.15261,0.02188,0.04314,0.03806,0.12756,0.28790,0.03518,0.07696,0.04245,-57.06,3.186,-1,0.0000,-1.00,0.0000,0
251239,1790782398443,0.04251,0.14944,0.02937,0.08663,0.03544,0.04693,0.06048,0.17050,0.23214,0.03941,0.04504,0.06212,0.01069,0.12943,0.02619,0.09523,0.02958,0.05411,0.04681,0.19911,0.25528,0.04537,0.04324,0.06497,-57.27,2.786,-1,0.0000,-1.00,0.0000,0
251332,1790782398520,0.04553,0.16613,0.05076,0.16263,0.01071,0.03681,0.06879,0.15297,0.16376,0.03262,0.07058,0.03871,0.01782,0.17078,0.05322,0.17970,0.00574,0.04058,0.04816,0.17316,0.16020,0.03835,0.07653,0.03577,-57.52,1.994,-1,0.0000,-1.00,0.0000,0
251425,1790782398619,0.06301,0.14826,0.01830,0.14718,0.01259,0.05881,0.04373,0.14860,0.22384,0.02934,0.05718,0.04917,0.03438,0.13736,0.01505,0.16527,0.00437,0.06365,0.02460,0.17564,0.23503,0.03471,0.05590,0.05405,-57.06,2.686,-1,0.0000,-1.00,0.0000,0
251518,1790782398699,0.04876,0.12344,0.04755,0.05436,0.03896,0.04928,0.02835,0.15545,0.25165,0.03530,0.06926,0.09763,0.02345,0.09022,0.04946,0.05083,0.02412,0.05440,0.01608,0.17647,0.29103,0.03795,0.07221,0.11379,-57.35,3.020,-1,0.0000,-1.00,0.0000,0
251611,1790782398799,0.04538,0.17095,0.01859,0.07428,0.02215,0.07568,0.03612,0.08239,0.30837,0.04985,0.04651,0.06973,0.03741,0.13496,0.01069,0.08123,0.01106,0.08327,0.01652,0.09660,0.35252,0.05841,0.03922,0.07810,-57.71,3.700,-1,0.0000,-1.00,0.0000,0
251704,1790782398899,0.06758,0.19437,0.01198,0.08780,0.03057,0.05146,0.04450,0.07133,0.23472,0.03855,0.04856,0.11858,0.06091,0.18558,0.00556,0.09563,0.00924,0.04971,0.01653,0.08436,0.26230,0.04436,0.04833,0.13748,-57.62,2.817,-1,0.0000,-1.00,0.0000,0
251797,1790782398979,0.05112,0.09344,0.05767,0.06419,0.05387,0.09314,0.04802,0.05305,0.18066,0.06015,0.16337,0.08131,0.05088,0.07080,0.05656,0.04210,0.04695,0.10152,0.04351,0.05236,0.20766,0.06323,0.17563,0.08881,-56.32,2.168,-1,0.0000,-1.00,0.0000,0
251890,1790782399080,0.03069,0.10573,0.04658,0.05394,0.01722,0.13678,0.05278,0.03856,0.13946,0.16923,0.13301,0.07602,0.01940,0.10393,0.01578,0.03933,0.00426,0.16005,0.04265,0.04308,0.15931,0.20193,0.12765,0.08263,-55.73,2.031,-1,0.0000,-1.00,0.0000,0
251982,1790782399160,0.04448,0.12866,0.03440,0.02960,0.02425,0.09124,0.04746,0.08300,0.22093,0.14517,0.06780,0.08302,0.03156,0.10491,0.00716,0.02341,0.01075,0.10307,0.03607,0.09803,0.26008,0.17181,0.06081,0.09233,-56.82,2.651,-1,0.0000,-1.00,0.0000,0
252075,1790782399279,0.14868,0.12250,0.04001,0.06859,0.01674,0.11230,0.04607,0.02231,0.17001,0.12871,0.06630,0.05779,0.16020,0.12251,0.01766,0.07048,0.00754,0.10281,0.03092,0.02324,0.18974,0.15273,0.05906,0.06312,-57.24,2.040,-1,0.0000,-1.00,0.0000,0
252168,1790782399359,0.13513,0.12756,0.02640,0.06405,0.01266,0.09135,0.03241,0.03096,0.28451,0.09317,0.05477,0.04703,0.15447,0.08842,0.00962,0.06685,0.00466,0.07901,0.02125,0.03525,0.32731,0.11106,0.04996,0.05214,-56.58,3.414,-1,0.0000,-1.00,0.0000,0
252261,1790782399473,0.08698,0.10847,0.02601,0.03642,0.01916,0.07301,0.02458,0.10674,0.31270,0.09033,0.06110,0.05450,0.07740,0.05868,0.01013,0.03196,0.01069,0.07215,0.01712,0.12659,0.36835,0.10612,0.05891,0.06191,-56.14,3.752,-1,0.0000,-1.00,0.0000,0
252354,1790782399560,0.07337,0.13651,0.01997,0.06748,0.02590,0.10100,0.03443,0.08784,0.28824,0.03346,0.07411,0.05768,0.06575,0.09976,0.01665,0.06750,0.01818,0.10799,0.02148,0.10195,0.33175,0.03674,0.06739,0.06486,-56.70,3.459,-1,0.0000,-1.00,0.0000,0
252447,1790782399641,0.06517,0.14890,0.01974,0.02537,0.04566,0.06039,0.03930,0.11612,0.16024,0.03512,0.07255,0.21145,0.05098,0.14103,0.01546,0.01561,0.00521,0.06226,0.01845,0.13676,0.18862,0.04134,0.07459,0.24971,-57.15,2.537,-1,0.0000,-1.00,0.0000,0
252540,1790782399739,0.07562,0.11952,0.02674,0.05383,0.02735,0.10758,0.06484,0.06808,0.20601,0.03489,0.10333,0.11220,0.07510,0.09605,0.02407,0.04443,0.00837,0.11402,0.05721,0.07825,0.23796,0.04023,0.10121,0.12310,-57.23,2.472,-1,0.0000,-1.00,0.0000,0
252633,1790782399820,0.06522,0.13903,0.02282,0.03632,0.02022,0.07855,0.05923,0.11270,0.28951,0.04560,0.05417,0.07663,0.05202,0.09915,0.01682,0.03395,0.00804,0.08381,0.05122,0.13181,0.34017,0.05305,0.04829,0.08167,-56.92,3.474,-1,0.0000,-1.00,0.0000,0
252725,1790782399920,0.05439,0.11184,0.05974,0.02269,0.04461,0.10202,0.03708,0.05247,0.33510,0.10658,0.04121,0.03227,0.05327,0.05607,0.04801,0.02179,0.04697,0.11168,0.03014,0.05653,0.39669,0.11891,0.02724,0.03269,-56.04,4.021,-1,0.0000,-1.00,0.0000,0
252818,1790782400002,0.11370,0.12393,0.03291,0.01899,0.01157,0.14969,0.03047,0.03927,0.30986,0.10927,0.04148,0.01884,0.12746,0.07564,0.01389,0.01896,0.01024,0.15410,0.02152,0.04430,0.36753,0.12890,0.01916,0.01830,-55.58,3.718,-1,0.0000,-1.00,0.0000,0
252911,1790782400100,0.13129,0.09582,0.04670,0.03170,0.01589,0.11458,0.04217,0.02827,0.22531,0.20671,0.03512,0.02645,0.15081,0.06262,0.00742,0.03386,0.01423,0.10740,0.03768,0.03283,0.26327,0.24487,0.02079,0.02423,-55.62,2.704,-1,0.0000,-1.00,0.0000,0
253004,1790782400201,0.18790,0.09050,0.05073,0.03175,0.01843,0.08024,0.04128,0.05186,0.15394,0.22865,0.03620,0.02850,0.21269,0.07372,0.00687,0.03156,0.01667,0.05399,0.03449,0.06114,0.17689,0.27199,0.03267,0.02732,-56.05,2.744,-1,0.0000,-1.00,0.0000,0
253097,1790782400280,0.07074,0.21587,0.02797,0.06739,0.01392,0.08305,0.05355,0.02436,0.26072,0.09167,0.05377,0.03699,0.07887,0.20012,0.01209,0.07128,0.00885,0.08387,0.02450,0.02679,0.29827,0.10809,0.04780,0.03947,-57.21,3.129,-1,0.0000,-1.00,0.0000,0
253190,1790782400379,0.06384,0.13608,0.02232,0.07175,0.02901,0.11362,0.05294,0.07779,0.26373,0.06749,0.06395,0.03749,0.05831,0.10355,0.01179,0.07568,0.02737,0.12476,0.04291,0.09088,0.30100,0.07545,0.05190,0.03641,-58.05,3.165,-1,0.0000,-1.00,0.0000,0
253283,1790782400470,0.04005,0.16876,0.03051,0.06801,0.01044,0.05887,0.04882,0.06982,0.35795,0.05553,0.06030,0.03093,0.03228,0.11993,0.02363,0.06969,0.00652,0.06415,0.03446,0.07925,0.41509,0.06524,0.05954,0.03023,-57.92,4.295,-1,0.0000,-1.00,0.0000,0
253376,1790782400579,0.06182,0.17070,0.04733,0.09486,0.01808,0.07389,0.04803,0.06383,0.21309,0.09253,0.07135,0.04447,0.05860,0.15955,0.03522,0.09974,0.01212,0.07693,0.02592,0.06950,0.23557,0.10847,0.07024,0.04815,-58.07,2.557,-1,0.0000,-1.00,0.0000,0
253469,1790782400660,0.03107,0.13235,0.01850,0.10671,0.02049,0.07586,0.04453,0.02163,0.33856,0.07829,0.07401,0.05801,0.03197,0.08291,0.00405,0.11360,0.01222,0.08456,0.03692,0.02512,0.38316,0.09139,0.07192,0.06219,-58.12,4.063,-1,0.0000,-1.00,0.0000,0
253561,1790782400760,0.04287,0.14044,0.04726,0.08785,0.02910,0.05806,0.05191,0.10078,0.12580,0.08090,0.12839,0.10663,0.02892,0.14153,0.03775,0.07728,0.01089,0.06384,0.03414,0.11327,0.13497,0.09522,0.14118,0.12100,-57.98,1.685,-1,0.0000,-1.00,0.0000,0
253654,1790782400861,0.05480,0.10451,0.08523,0.06629,0.02208,0.04645,0.05601,0.13896,0.16352,0.04420,0.12663,0.09132,0.03243,0.08962,0.09181,0.05129,0.00617,0.04922,0.03355,0.16411,0.18550,0.05202,0.14198,0.10231,-57.49,1.962,-1,0.0000,-1.00,0.0000,0
253747,1790782400943,0.08007,0.12124,0.03125,0.13355,0.01925,0.03310,0.03766,0.05548,0.22365,0.03729,0.15180,0.07566,0.08360,0.09706,0.02881,0.12488,0.00570,0.02343,0.02437,0.06229,0.24323,0.04355,0.17724,0.08583,-57.29,2.684,-1,0.0000,-1.00,0.0000,0
253840,1790782401042,0.05219,0.13604,0.03169,0.09343,0.01784,0.05889,0.04971,0.04657,0.27864,0.04699,0.12584,0.06217,0.04840,0.10438,0.02713,0.08446,0.00815,0.06097,0.03887,0.05043,0.31714,0.05469,0.13870,0.06670,-57.09,3.344,-1,0.0000,-1.00,0.0000,0
253933,1790782401124,0.04591,0.08626,0.04089,0.10524,0.02694,0.06122,0.04035,0.04137,0.28940,0.10088,0.08020,0.08132,0.03576,0.04936,0.02559,0.10968,0.01403,0.06672,0.03857,0.04450,0.32503,0.11810,0.08287,0.08980,-57.24,3.473,-1,0.0000,-1.00,0.0000,0
254026,1790782401220,0.03231,0.11131,0.03346,0.09844,0.08402,0.03749,0.04604,0.06375,0.21572,0.13766,0.06583,0.07395,0.02491,0.08699,0.01071,0.10388,0.08493,0.03999,0.03783,0.07436,0.23780,0.14821,0.07096,0.07943,-56.78,2.589,-1,0.0000,-1.00,0.0000,0
254119,1790782401301,0.07394,0.10596,0.01671,0.13211,0.08407,0.08024,0.03396,0.05010,0.17427,0.08041,0.10643,0.06181,0.07399,0.09466,0.00344,0.13622,0.08692,0.08148,0.02192,0.05934,0.17730,0.08363,0.11138,0.06971,-55.88,2.091,-1,0.0000,-1.00,0.0000,0
254212,1790782401401,0.06559,0.09723,0.04251,0.09571,0.04619,0.04196,0.03044,0.04137,0.28488,0.04710,0.14445,0.06258,0.04002,0.08431,0.04029,0.08203,0.04142,0.04234,0.01977,0.04158,0.31962,0.05369,0.16470,0.07023,-56.39,3.419,-1,0.0000,-1.00,0.0000,0
254304,1790782401500,0.05094,0.13306,0.01908,0.08721,0.01980,0.05150,0.03130,0.02102,0.39584,0.05071,0.10041,0.03912,0.02895,0.09732,0.01118,0.08284,0.01532,0.05597,0.01762,0.02356,0.45669,0.05893,0.10923,0.04240,-57.66,4.750,-1,0.0000,-1.00,0.0000,0
254397,1790782401579,0.04645,0.15671,0.02816,0.07493,0.02226,0.06787,0.05492,0.03251,0.31131,0.05464,0.08403,0.06619,0.04136,0.12407,0.02126,0.07270,0.01257,0.07313,0.04103,0.03492,0.35861,0.06298,0.08619,0.07118,-58.18,3.736,-1,0.0000,-1.00,0.0000,0
254490,1790782401679,0.03215,0.06654,0.06148,0.09982,0.06589,0.08894,0.04123,0.05858,0.18569,0.07097,0.10034,0.12838,0.02311,0.04336,0.05877,0.09978,0.05006,0.10199,0.04081,0.05854,0.20271,0.07511,0.10001,0.14574,-56.64,2.228,-1,0.0000,-1.00,0.0000,0
254583,1790782401759,0.05610,0.11683,0.03522,0.19900,0.03815,0.06404,0.03640,0.03701,0.18537,0.05022,0.10928,0.07238,0.05439,0.10969,0.03143,0.21508,0.02938,0.06596,0.02188,0.03811,0.17948,0.05435,0.11786,0.08239,-55.69,2.388,-1,0.0000,-1.00,0.0000,0
254676,1790782401883,0.05263,0.09624,0.01895,0.17443,0.03230,0.03170,0.02452,0.03327,0.26985,0.07120,0.10661,0.08830,0.05236,0.06152,0.00651,0.18477,0.01830,0.02770,0.01710,0.03866,0.28672,0.08169,0.12225,0.10241,-55.97,3.238,-1,0.0000,-1.00,0.0000,0
254769,1790782401983,0.03568,0.13725,0.01707,0.08228,0.01784,0.03006,0.02037,0.03192,0.48097,0.02513,0.06137,0.06006,0.03115,0.05814,0.01479,0.08519,0.00762,0.02984,0.01286,0.03535,0.55943,0.02860,0.06762,0.06942,-56.20,5.772,-1,0.0000,-1.00,0.0000,0
254862,1790782402060,0.04639,0.13901,0.16400,0.07127,0.02094,0.05435,0.03793,0.05320,0.30226,0.02809,0.04705,0.03552,0.04731,0.10090,0.19054,0.07641,0.01765,0.05574,0.02545,0.02597,0.34703,0.03016,0.04533,0.03751,-55.75,3.627,-1,0.0000,-1.00,0.0000,0
254955,1790782402160,0.04766,0.14041,0.07600,0.04204,0.01694,0.35424,0.05058,0.03176,0.06551,0.02096,0.12323,0.03068,0.05244,0.15466,0.08664,0.03737,0.01419,0.41406,0.02988,0.02095,0.07109,0.02230,0.06558,0.03083,-55.09,4.251,-1,0.0000,-1.00,0.0000,0
255047,1790782402239,0.05446,0.08610,0.02941,0.10519,0.01525,0.32108,0.08671,0.02255,0.09418,0.01700,0.12052,0.04754,0.06076,0.08559,0.03159,0.11208,0.01004,0.37304,0.08693,0.02076,0.09064,0.01838,0.07045,0.03973,-55.15,3.853,-1,0.0000,-1.00,0.0000,0
255140,1790782402339,0.11209,0.04528,0.03790,0.09854,0.00810,0.09248,0.08525,0.29847,0.10803,0.01705,0.04607,0.05074,0.07313,0.03464,0.04149,0.11092,0.00334,0.09631,0.09528,0.34941,0.10746,0.01977,0.03611,0.03213,-54.71,3.582,-1,0.0000,-1.00,0.0000,0
255233,1790782402419,0.14122,0.04243,0.01702,0.08692,0.00936,0.03532,0.03223,0.45456,0.10297,0.02076,0.03043,0.02676,0.05508,0.03672,0.01559,0.09817,0.00580,0.03161,0.02929,0.54364,0.10338,0.02426,0.03020,0.02626,-55.20,5.455,-1,0.0000,-1.00,0.0000,0
255326,1790782402522,0.13179,0.09513,0.09756,0.04187,0.04413,0.05501,0.05993,0.12806,0.18056,0.04072,0.08324,0.04201,0.12229,0.08201,0.10880,0.03206,0.04450,0.04226,0.05548,0.13195,0.20911,0.04085,0.09136,0.03933,-55.69,2.167,-1,0.0000,-1.00,0.0000,0
255419,1790782402602,0.20501,0.06471,0.03914,0.06192,0.03867,0.06781,0.04750,0.08919,0.26388,0.02738,0.06115,0.03364,0.22614,0.01726,0.04198,0.06110,0.04046,0.03643,0.05349,0.09855,0.30408,0.02479,0.06605,0.02968,-54.57,3.167,-1,0.0000,-1.00,0.0000,0
255512,1790782402700,0.21447,0.04606,0.00709,0.06291,0.01619,0.04911,0.01926,0.28981,0.19258,0.02084,0.05568,0.02600,0.18932,0.01192,0.00411,0.06299,0.01424,0.02132,0.02071,0.34645,0.21827,0.02214,0.06249,0.02604,-54.18,3.478,-1,0.0000,-1.00,0.0000,0
255605,1790782402799,0.27887,0.03490,0.00728,0.07299,0.02085,0.05388,0.01244,0.30340,0.13814,0.02059,0.03853,0.01812,0.26206,0.01231,0.00464,0.07882,0.02052,0.01327,0.01247,0.36262,0.14990,0.02060,0.04354,0.01924,-54.34,3.641,-1,0.0000,-1.00,0.0000,0
255698,1790782402881,0.22048,0.03478,0.00596,0.06154,0.02053,0.03342,0.02618,0.40873,0.09466,0.02120,0.05187,0.02067,0.16650,0.02231,0.00289,0.06173,0.01997,0.00781,0.02687,0.48926,0.10119,0.02144,0.06060,0.01944,-54.88,4.905,-1,0.0000,-1.00,0.0000,0
255791,1790782402981,0.19405,0.02866,0.00994,0.06498,0.02053,0.02977,0.02005,0.37590,0.12212,0.01476,0.08241,0.03684,0.14431,0.00827,0.00899,0.05857,0.01698,0.00707,0.02237,0.44865,0.13428,0.01475,0.09734,0.03844,-54.64,4.511,-1,0.0000,-1.00,0.0000,0
255883,1790782403063,0.12741,0.02115,0.00532,0.08248,0.00875,0.02416,0.02430,0.31786,0.08755,0.01516,0.26278,0.02309,0.07737,0.00631,0.00301,0.03695,0.00617,0.01361,0.02778,0.38035,0.09759,0.01694,0.31217,0.02174,-54.16,3.814,-1,0.0000,-1.00,0.0000,0
255976,1790782403181,0.19996,0.01291,0.00643,0.07705,0.01617,0.04935,0.01686,0.34459,0.05995,0.01640,0.17711,0.02323,0.15785,0.00325,0.00439,0.05134,0.01462,0.02784,0.01923,0.41236,0.06165,0.01675,0.20670,0.02402,-54.75,4.135,-1,0.0000,-1.00,0.0000,0
256069,1790782403259,0.11545,0.01950,0.01302,0.17429,0.02770,0.03799,0.07270,0.26099,0.07853,0.02195,0.09548,0.08240,0.08136,0.01213,0.01109,0.18731,0.01787,0.02939,0.08471,0.31052,0.05697,0.02276,0.10858,0.07731,-55.73,3.132,-1,0.0000,-1.00,0.0000,0
256162,1790782403360,0.08693,0.01270,0.01309,0.21277,0.01608,0.05624,0.04136,0.09121,0.07182,0.01826,0.31537,0.06418,0.08273,0.00531,0.01158,0.18204,0.00588,0.05099,0.04738,0.10812,0.04997,0.02072,0.36778,0.06750,-55.92,3.784,-1,0.0000,-1.00,0.0000,0
256255,1790782403481,0.10686,0.04115,0.01362,0.18842,0.03875,0.03846,0.04348,0.04768,0.13568,0.03822,0.21603,0.09165,0.11824,0.02463,0.00819,0.17543,0.02495,0.02458,0.04638,0.05635,0.12764,0.04102,0.25398,0.09862,-55.88,2.592,-1,0.0000,-1.00,0.0000,0
256348,1790782403542,0.14221,0.03712,0.06831,0.12180,0.01590,0.07165,0.05506,0.06692,0.14209,0.03634,0.18922,0.05340,0.15580,0.01609,0.07356,0.10316,0.00877,0.05497,0.06137,0.06701,0.14981,0.04181,0.21583,0.05182,-56.74,2.271,-1,0.0000,-1.00,0.0000,0
256441,1790782403640,0.10268,0.04366,0.01243,0.20844,0.02898,0.03462,0.03633,0.08187,0.18483,0.03245,0.18723,0.04649,0.10605,0.01652,0.00818,0.20609,0.02569,0.02046,0.04025,0.09648,0.18056,0.03385,0.22029,0.04559,-57.14,2.501,-1,0.0000,-1.00,0.0000,0
256534,1790782403720,0.05776,0.05031,0.03521,0.28561,0.02562,0.02276,0.05820,0.05170,0.15892,0.04034,0.15102,0.06255,0.05567,0.03625,0.03326,0.30707,0.01637,0.01798,0.05798,0.05992,0.12956,0.04509,0.17739,0.06345,-56.64,3.427,-1,0.0000,-1.00,0.0000,0
256626,1790782403819,0.06323,0.03993,0.00888,0.33644,0.02123,0.01750,0.02210,0.03185,0.24305,0.02299,0.15821,0.03459,0.06898,0.00470,0.00569,0.36584,0.01833,0.00729,0.02513,0.03745,0.21762,0.02501,0.18813,0.03583,-56.68,4.037,-1,0.0000,-1.00,0.0000,0
256719,1790782403900,0.05658,0.03903,0.02604,0.30146,0.02209,0.01366,0.03118,0.09003,0.20771,0.04621,0.10403,0.06197,0.04658,0.01158,0.02068,0.33679,0.01317,0.00714,0.03461,0.10424,0.18180,0.05308,0.12324,0.06710,-56.97,3.617,-1,0.0000,-1.00,0.0000,0
256812,1790782404001,0.04480,0.03997,0.01201,0.19007,0.01349,0.00808,0.02893,0.07605,0.22323,0.02285,0.31813,0.02240,0.03244,0.00433,0.00938,0.15233,0.01174,0.00366,0.03329,0.08978,0.23710,0.02524,0.38047,0.02024,-56.64,3.818,-1,0.0000,-1.00,0.0000,0
256905,1790782404101,0.03395,0.05386,0.01751,0.25479,0.02858,0.00844,0.03570,0.07383,0.28697,0.04462,0.14317,0.01860,0.02358,0.00704,0.01161,0.27150,0.03144,0.00544,0.04128,0.08626,0.29004,0.04723,0.17048,0.01410,-56.69,3.444,-1,0.0000,-1.00,0.0000,0
256998,1790782404179,0.04889,0.05001,0.00837,0.24329,0.01589,0.01531,0.01801,0.11581,0.26181,0.03100,0.16927,0.02234,0.03120,0.00763,0.00323,0.25179,0.01453,0.01216,0.02007,0.13812,0.26380,0.03427,0.20042,0.02278,-57.18,3.142,-1,0.0000,-1.00,0.0000,0
257091,1790782404279,0.04899,0.06167,0.00939,0.27724,0.01361,0.01206,0.01693,0.07405,0.34842,0.02052,0.09102,0.02611,0.04102,0.00383,0.00678,0.31084,0.01042,0.00679,0.01909,0.08782,0.35586,0.02252,0.10772,0.02729,-56.03,4.181,-1,0.0000,-1.00,0.0000,0
257184,1790782404360,0.10026,0.05155,0.04115,0.08190,0.03463,0.02293,0.05266,0.13275,0.20189,0.03275,0.09522,0.15230,0.08984,0.01679,0.04183,0.07590,0.00758,0.00967,0.05773,0.15282,0.22686,0.03774,0.11218,0.17105,-55.52,2.423,-1,0.0000,-1.00,0.0000,0
257277,1790782404486,0.08858,0.06487,0.01785,0.13792,0.01868,0.02930,0.01621,0.10435,0.28360,0.07314,0.12257,0.04294,0.08016,0.01711,0.00452,0.13690,0.01281,0.01921,0.01603,0.12414,0.31268,0.08510,0.14306,0.04828,-55.98,3.403,-1,0.0000,-1.00,0.0000,0
257369,1790782404560,0.07942,0.04520,0.03433,0.15832,0.02595,0.06041,0.01174,0.09833,0.20966,0.05488,0.13686,0.08490,0.07171,0.01181,0.02854,0.15950,0.01111,0.05844,0.01153,0.11235,0.21960,0.06355,0.15241,0.09945,-56.12,2.516,-1,0.0000,-1.00,0.0000,0
257462,1790782404660,0.03958,0.11806,0.01401,0.30169,0.02295,0.04612,0.03734,0.04353,0.16605,0.04321,0.10633,0.06114,0.03565,0.11708,0.00700,0.33813,0.01382,0.04819,0.02153,0.05078,0.13161,0.04936,0.11785,0.06899,-56.36,3.620,-1,0.0000,-1.00,0.0000,0
257555,1790782404760,0.03804,0.05950,0.01621,0.40087,0.02421,0.02395,0.02452,0.05889,0.16728,0.04234,0.08874,0.05544,0.03217,0.04976,0.00990,0.46013,0.01664,0.02232,0.01833,0.06978,0.10863,0.04803,0.10191,0.06238,-57.23,4.810,-1,0.0000,-1.00,0.0000,0
257648,1790782404840,0.11739,0.04403,0.01346,0.22177,0.02949,0.03228,0.02292,0.06470,0.18786,0.05539,0.16396,0.04674,0.12538,0.01737,0.00366,0.22733,0.02516,0.01383,0.02369,0.07712,0.17850,0.06293,0.19372,0.05131,-57.24,2.661,-1,0.0000,-1.00,0.0000,0
257741,1790782404943,0.14611,0.03366,0.02136,0.15612,0.01843,0.03139,0.01883,0.10914,0.14330,0.09855,0.16174,0.06136,0.14923,0.01215,0.00251,0.14896,0.00830,0.00803,0.02008,0.13036,0.14218,0.11645,0.19221,0.06954,-55.59,1.941,-1,0.0000,-1.00,0.0000,0
257834,1790782405024,0.19713,0.03066,0.01495,0.13298,0.01985,0.04116,0.02562,0.14539,0.15473,0.03516,0.13247,0.06990,0.20191,0.00502,0.00989,0.12824,0.00831,0.00929,0.02892,0.17304,0.15998,0.04048,0.15689,0.07802,-55.94,2.366,-1,0.0000,-1.00,0.0000,0
257927,1790782405119,0.05367,0.05149,0.01611,0.24094,0.03347,0.01673,0.03261,0.04558,0.24769,0.04133,0.13377,0.08662,0.05400,0.01325,0.01003,0.25729,0.02098,0.00935,0.03634,0.05274,0.24440,0.04675,0.15843,0.09644,-58.01,2.972,-1,0.0000,-1.00,0.0000,0
258020,1790782405200,0.07855,0.03258,0.03198,0.18863,0.03967,0.03146,0.02555,0.06790,0.15774,0.06215,0.22071,0.06310,0.07794,0.00946,0.02474,0.17447,0.03365,0.02225,0.02811,0.07707,0.15376,0.06847,0.26005,0.07003,-57.64,2.649,-1,0.0000,-1.00,0.0000,0
258113,1790782405300,0.20433,0.02224,0.02090,0.16588,0.01489,0.07753,0.02323,0.06887,0.12042,0.04127,0.22017,0.02028,0.22917,0.00396,0.01579,0.14834,0.01412,0.04747,0.02559,0.08086,0.11488,0.04665,0.25440,0.01876,-56.28,2.642,-1,0.0000,-1.00,0.0000,0
258205,1790782405401,0.19387,0.03799,0.02625,0.14003,0.01486,0.05583,0.02948,0.09695,0.19448,0.01707,0.17059,0.02259,0.21068,0.00437,0.02795,0.12825,0.01386,0.02514,0.03421,0.11088,0.20761,0.01771,0.19942,0.01993,-55.88,2.334,-1,0.0000,-1.00,0.0000,0
258298,1790782405481,0.18686,0.08020,0.02481,0.05769,0.02186,0.07082,0.02302,0.10849,0.19078,0.05465,0.14194,0.03888,0.19864,0.05235,0.01742,0.03721,0.01735,0.04576,0.01685,0.12689,0.22122,0.06204,0.16101,0.04324,-55.28,2.289,-1,0.0000,-1.00,0.0000,0
258391,1790782405579,0.10614,0.15824,0.01256,0.11417,0.01279,0.04144,0.03530,0.05351,0.28751,0.03661,0.11036,0.03137,0.11495,0.12570,0.00670,0.11164,0.00860,0.02687,0.01734,0.06283,0.32238,0.04216,0.12691,0.03393,-55.00,3.450,-1,0.0000,-1.00,0.0000,0
258484,1790782405679,0.14064,0.13438,0.01357,0.22214,0.01401,0.03448,0.05870,0.04900,0.22827,0.02970,0.04813,0.02697,0.15726,0.11682,0.00966,0.25518,0.01148,0.01090,0.04715,0.05682,0.22294,0.03331,0.05551,0.02297,-55.15,2.739,-1,0.0000,-1.00,0.0000,0
258577,1790782405779,0.23914,0.01585,0.00513,0.08895,0.00726,0.03162,0.03280,0.43545,0.09769,0.00603,0.02775,0.01233,0.18251,0.00052,0.00499,0.10007,0.00711,0.00191,0.03920,0.52078,0.09721,0.00582,0.03288,0.00700,-54.51,5.225,-1,0.0000,-1.00,0.0000,0
258670,1790782405861,0.24620,0.03303,0.01421,0.06610,0.01140,0.04695,0.10540,0.24677,0.11546,0.01041,0.05173,0.05232,0.23676,0.01502,0.01480,0.06729,0.00608,0.00932,0.12332,0.29276,0.12500,0.01128,0.06014,0.03824,-54.23,2.961,-1,0.0000,-1.00,0.0000,0
258763,1790782405981,0.33483,0.01950,0.04019,0.13209,0.03324,0.07571,0.04139,0.10998,0.09339,0.01746,0.04273,0.05949,0.37595,0.00765,0.04502,0.14876,0.02751,0.01619,0.04629,0.12465,0.08204,0.01583,0.04799,0.06211,-55.39,4.018,-1,0.0000,-1.00,0.0000,0
258856,1790782406060,0.10559,0.04159,0.03088,0.20813,0.02178,0.02108,0.04465,0.20449,0.21227,0.02156,0.05768,0.03032,0.07922,0.00886,0.03253,0.23607,0.02092,0.00956,0.05174,0.23858,0.20669,0.02255,0.06722,0.02607,-56.78,2.547,-1,0.0000,-1.00,0.0000,0
258948,1790782406140,0.12520,0.03311,0.04076,0.15157,0.04722,0.03155,0.03103,0.12869,0.17044,0.03847,0.13986,0.06209,0.12447,0.00504,0.04143,0.14891,0.04393,0.01313,0.03618,0.14599,0.17471,0.03739,0.16499,0.06383,-56.16,2.045,-1,0.0000,-1.00,0.0000,0
259041,1790782406242,0.09832,0.03140,0.03936,0.06419,0.04912,0.01807,0.02283,0.24836,0.14646,0.02275,0.08966,0.16948,0.06255,0.00504,0.04253,0.05599,0.01984,0.00946,0.02636,0.28917,0.16439,0.02333,0.10555,0.19579,-55.20,2.980,-1,0.0000,-1.00,0.0000,0
259134,1790782406319,0.09625,0.02496,0.09635,0.06723,0.04076,0.01453,0.02798,0.32321,0.13160,0.03364,0.04680,0.09669,0.04386,0.00303,0.10820,0.06979,0.02754,0.00881,0.03241,0.36635,0.14217,0.03654,0.05433,0.10697,-55.27,3.879,-1,0.0000,-1.00,0.0000,0
259227,1790782406420,0.13340,0.01988,0.15562,0.10422,0.02338,0.03015,0.01795,0.25660,0.09587,0.02386,0.07889,0.06018,0.10602,0.00524,0.18137,0.10673,0.01453,0.01511,0.02047,0.27151,0.09371,0.02572,0.09153,0.06805,-55.96,3.079,-1,0.0000,-1.00,0.0000,0
259320,1790782406500,0.10426,0.01500,0.23734,0.12170,0.02365,0.04687,0.02603,0.15828,0.08623,0.02481,0.07151,0.08432,0.09929,0.00353,0.27889,0.13027,0.00988,0.03648,0.03049,0.13438,0.07750,0.02776,0.07846,0.09308,-55.57,2.848,-1,0.0000,-1.00,0.0000,0
259413,1790782406600,0.07011,0.01878,0.10296,0.12180,0.05464,0.02953,0.02107,0.18605,0.06615,0.01907,0.25355,0.05628,0.04457,0.01022,0.12090,0.08676,0.05302,0.02655,0.02323,0.19897,0.06196,0.01244,0.29855,0.06284,-54.44,3.043,-1,0.0000,-1.00,0.0000,0
259506,1790782406699,0.04114,0.01805,0.19952,0.08717,0.01682,0.01835,0.02974,0.18364,0.06757,0.02412,0.27674,0.03712,0.01478,0.00713,0.23382,0.03949,0.01205,0.01968,0.03375,0.17415,0.07314,0.02652,0.32770,0.03779,-54.62,3.321,-1,0.0000,-1.00,0.0000,0
259599,1790782406780,0.07741,0.01239,0.21506,0.06836,0.01536,0.01557,0.02858,0.26610,0.04799,0.02674,0.19481,0.03162,0.03914,0.00515,0.25181,0.03608,0.01183,0.01126,0.03313,0.26903,0.05035,0.02970,0.23119,0.03132,-55.48,3.193,-1,0.0000,-1.00,0.0000,0
259691,1790782406881,0.04386,0.01556,0.21593,0.08709,0.02000,0.01722,0.03550,0.19215,0.05730,0.03237,0.21889,0.06412,0.01679,0.00712,0.25145,0.05304,0.01035,0.01731,0.04113,0.18039,0.05814,0.03674,0.25885,0.06868,-55.61,2.627,-1,0.0000,-1.00,0.0000,0
259784,1790782406981,0.03901,0.01574,0.28422,0.08955,0.01994,0.04141,0.01322,0.13898,0.06175,0.02305,0.22736,0.04576,0.02663,0.00663,0.33562,0.05504,0.01359,0.04434,0.01438,0.10015,0.06308,0.02493,0.26364,0.05198,-55.45,3.411,-1,0.0000,-1.00,0.0000,0
259877,1790782407081,0.06256,0.01153,0.23779,0.15972,0.02003,0.02626,0.03190,0.20376,0.07578,0.01438,0.09479,0.06149,0.03764,0.00249,0.28194,0.16982,0.01075,0.02413,0.03773,0.18826,0.05714,0.01510,0.10879,0.06620,-55.22,2.854,-1,0.0000,-1.00,0.0000,0
259970,1790782407160,0.06483,0.01514,0.21161,0.08566,0.02550,0.02052,0.02235,0.29845,0.05087,0.02677,0.10536,0.07295,0.01652,0.00915,0.24776,0.07845,0.01421,0.02131,0.02497,0.30849,0.04538,0.02928,0.12203,0.08246,-54.87,3.581,-1,0.0000,-1.00,0.0000,0
260063,1790782407259,0.05657,0.01088,0.13117,0.16378,0.03707,0.01205,0.01305,0.24392,0.06677,0.01665,0.16918,0.07889,0.01599,0.00338,0.15421,0.15650,0.02629,0.01127,0.01491,0.26176,0.04874,0.01498,0.20048,0.09148,-54.66,2.927,-1,0.0000,-1.00,0.0000,0
260156,1790782407360,0.04438,0.08613,0.04622,0.13738,0.01095,0.02046,0.01122,0.10294,0.45271,0.01028,0.05612,0.02123,0.03082,0.00164,0.05327,0.15200,0.00860,0.01840,0.01313,0.11279,0.51232,0.01061,0.06359,0.02284,-54.57,5.433,-1,0.0000,-1.00,0.0000,0
260249,1790782407443,0.03267,0.07269,0.02791,0.23339,0.01143,0.01932,0.00611,0.05324,0.40464,0.00941,0.10772,0.02147,0.02618,0.00263,0.03146,0.25478,0.00886,0.01796,0.00680,0.05756,0.43388,0.00998,0.12551,0.02438,-54.15,4.856,-1,0.0000,-1.00,0.0000,0
260342,1790782407540,0.01607,0.10535,0.00698,0.20142,0.00568,0.00877,0.00886,0.03907,0.56306,0.00311,0.03102,0.01059,0.00981,0.00217,0.00782,0.23432,0.00470,0.00857,0.01019,0.04526,0.62823,0.00279,0.03547,0.01067,-54.11,6.757,-1,0.0000,-1.00,0.0000,0
260434,1790782407618,0.02278,0.09288,0.01263,0.20633,0.01094,0.01099,0.00498,0.04787,0.50063,0.01532,0.05824,0.01638,0.01638,0.00157,0.01187,0.23379,0.00944,0.00993,0.00561,0.05506,0.55353,0.01649,0.06782,0.01852,-54.45,6.008,-1,0.0000,-1.00,0.0000,0
260527,1790782407720,0.02101,0.03278,0.06348,0.11931,0.04304,0.07637,0.00925,0.06655,0.17974,0.19880,0.17682,0.01284,0.01056,0.00069,0.03076,0.10448,0.04882,0.08955,0.01085,0.07374,0.19465,0.22853,0.19413,0.01324,-54.78,2.386,-1,0.0000,-1.00,0.0000,0
260620,1790782407799,0.01249,0.02151,0.02966,0.15990,0.00903,0.16638,0.00873,0.02673,0.12289,0.01330,0.41550,0.01387,0.00869,0.00173,0.03270,0.10067,0.00792,0.19764,0.01001,0.02565,0.12730,0.01436,0.45869,0.01464,-54.33,4.986,-1,0.0000,-1.00,0.0000,0
260713,1790782407899,0.01046,0.01732,0.02054,0.17208,0.00611,0.17721,0.00526,0.02066,0.09977,0.03640,0.42294,0.01125,0.00843,0.00158,0.01616,0.11401,0.00486,0.21074,0.00582,0.02172,0.09695,0.04265,0.46501,0.01209,-54.47,5.075,-1,0.0000,-1.00,0.0000,0
260806,1790782408002,0.02072,0.01881,0.02340,0.12848,0.01156,0.22470,0.00871,0.02337,0.10134,0.01979,0.40595,0.01319,0.02012,0.00114,0.02378,0.06794,0.01110,0.26525,0.00978,0.02372,0.10796,0.02151,0.43384,0.01386,-55.02,4.871,-1,0.0000,-1.00,0.0000,0
260899,1790782408079,0.01413,0.00652,0.02003,0.13503,0.01971,0.19844,0.00568,0.01720,0.03971,0.07190,0.46105,0.01061,0.01315,0.00088,0.00766,0.06153,0.02112,0.23541,0.00663,0.01909,0.03494,0.08240,0.50578,0.01140,-54.75,5.533,-1,0.0000,-1.00,0.0000,0
260992,1790782408180,0.02246,0.04754,0.03664,0.18429,0.02094,0.05319,0.00668,0.03059,0.26308,0.14341,0.17832,0.01286,0.02007,0.00158,0.01071,0.18083,0.02204,0.06005,0.00769,0.03453,0.27939,0.16747,0.20176,0.01388,-54.70,3.157,-1,0.0000,-1.00,0.0000,0
261085,1790782408280,0.02644,0.05253,0.02361,0.22353,0.01439,0.04352,0.01605,0.04697,0.29728,0.03880,0.18742,0.02946,0.02122,0.00118,0.01950,0.22520,0.01098,0.04794,0.01862,0.05279,0.31157,0.04431,0.21507,0.03161,-55.73,3.567,-1,0.0000,-1.00,0.0000,0
261178,1790782408380,0.04438,0.03510,0.03720,0.15466,0.03657,0.06406,0.03164,0.06879,0.18719,0.05059,0.24631,0.04352,0.03777,0.00303,0.03374,0.12954,0.03490,0.06927,0.03614,0.07691,0.19768,0.05463,0.28140,0.04499,-57.22,2.956,-1,0.0000,-1.00,0.0000,0
261270,1790782408477,0.04180,0.02389,0.07695,0.21192,0.02011,0.05886,0.03268,0.10846,0.13580,0.04369,0.20743,0.03841,0.02739,0.00468,0.08231,0.20722,0.01644,0.06510,0.03738,0.11449,0.12083,0.04991,0.23564,0.03861,-56.87,2.543,-1,0.0000,-1.00,0.0000,0
261363,1790782408564,0.03410,0.05058,0.02017,0.17018,0.01960,0.02748,0.02293,0.09876,0.26740,0.03064,0.23074,0.02742,0.01806,0.00299,0.01760,0.15026,0.01803,0.02934,0.02673,0.11500,0.29062,0.03314,0.27067,0.02755,-56.89,3.209,-1,0.0000,-1.00,0.0000,0
261456,1790782408661,0.05153,0.03446,0.11456,0.13449,0.02725,0.01953,0.07465,0.15668,0.18394,0.05000,0.10538,0.04755,0.02919,0.00298,0.12636,0.13682,0.02479,0.01761,0.08733,0.16421,0.19328,0.05500,0.12278,0.03967,-57.21,2.207,-1,0.0000,-1.00,0.0000,0
261549,1790782408740,0.05258,0.03877,0.07673,0.13852,0.04452,0.02650,0.05747,0.14725,0.19520,0.05864,0.12564,0.03817,0.03112,0.00551,0.07982,0.13714,0.04693,0.02559,0.06758,0.16080,0.20654,0.06114,0.14547,0.03234,-56.47,2.342,-1,0.0000,-1.00,0.0000,0
261642,1790782408840,0.04869,0.02413,0.13668,0.14349,0.03794,0.02980,0.10183,0.17137,0.08812,0.05538,0.10067,0.06190,0.02186,0.01416,0.15200,0.14925,0.03516,0.03137,0.11202,0.18241,0.07600,0.05938,0.11441,0.05197,-55.45,2.056,-1,0.0000,-1.00,0.0000,0
261735,1790782408919,0.06285,0.02608,0.22707,0.08704,0.01438,0.04466,0.03162,0.26025,0.12177,0.02004,0.06779,0.03646,0.02107,0.00845,0.26771,0.09013,0.00992,0.04934,0.03446,0.26052,0.12804,0.02204,0.07145,0.03686,-54.70,3.123,-1,0.0000,-1.00,0.0000,0
261828,1790782409021,0.09928,0.05679,0.03172,0.20792,0.01418,0.08401,0.01475,0.08051,0.32362,0.01977,0.05173,0.01573,0.09912,0.00266,0.03384,0.24004,0.01349,0.08144,0.01714,0.08977,0.34018,0.02101,0.04584,0.01545,-54.58,3.883,-1,0.0000,-1.00,0.0000,0
261921,1790782409100,0.12778,0.05410,0.02246,0.18511,0.01271,0.06048,0.04965,0.08428,0.26644,0.04234,0.06492,0.02972,0.13377,0.00971,0.01726,0.20819,0.01044,0.04595,0.05757,0.09756,0.27799,0.04867,0.06869,0.02421,-55.54,3.197,-1,0.0000,-1.00,0.0000,0
262013,1790782409201,0.18455,0.03669,0.02233,0.12746,0.02507,0.07235,0.10622,0.07999,0.16878,0.03264,0.08982,0.05410,0.20288,0.00913,0.01978,0.13330,0.02012,0.04846,0.12531,0.09209,0.17576,0.03517,0.09802,0.03998,-56.68,2.215,-1,0.0000,-1.00,0.0000,0
262106,1790782409299,0.17121,0.02583,0.05806,0.15340,0.02330,0.04710,0.04735,0.24901,0.09376,0.02573,0.07433,0.03092,0.14853,0.01525,0.06434,0.16721,0.02269,0.02699,0.05371,0.28562,0.07920,0.02633,0.08372,0.02640,-55.80,2.988,-1,0.0000,-1.00,0.0000,0
262199,1790782409381,0.16621,0.02168,0.07906,0.07187,0.01917,0.02960,0.05407,0.39993,0.06531,0.00969,0.05871,0.02471,0.10741,0.01385,0.09306,0.07274,0.01912,0.01460,0.06204,0.46077,0.06324,0.00842,0.06745,0.01731,-54.94,4.799,-1,0.0000,-1.00,0.0000,0
262292,1790782409479,0.10176,0.02563,0.05145,0.14018,0.03704,0.06102,0.03863,0.18791,0.21096,0.03279,0.05056,0.06207,0.06194,0.00968,0.05490,0.15835,0.03239,0.06083,0.04437,0.21428,0.22024,0.03402,0.04852,0.06046,-54.67,2.532,-1,0.0000,-1.00,0.0000,0
262385,1790782409580,0.14582,0.01539,0.03848,0.03896,0.01977,0.11715,0.01567,0.38652,0.08442,0.02673,0.06884,0.04226,0.07937,0.00455,0.04032,0.03523,0.01428,0.12464,0.01613,0.45690,0.09417,0.02920,0.05778,0.04743,-54.54,4.638,-1,0.0000,-1.00,0.0000,0
262478,1790782409681,0.17942,0.01652,0.05086,0.05603,0.04851,0.08325,0.02707,0.18051,0.04054,0.03890,0.05761,0.22078,0.17191,0.01452,0.05197,0.05603,0.00682,0.06567,0.02907,0.20648,0.03747,0.04525,0.05601,0.25879,-54.80,2.649,-1,0.0000,-1.00,0.0000,0
262571,1790782409759,0.10729,0.04252,0.03983,0.07636,0.04737,0.13171,0.05606,0.07583,0.09997,0.07651,0.08306,0.16351,0.11173,0.03023,0.03035,0.07709,0.02032,0.13567,0.06118,0.08485,0.10450,0.08765,0.07263,0.18380,-55.83,1.962,-1,0.0000,-1.00,0.0000,0
262664,1790782409860,0.16766,0.11184,0.02188,0.03783,0.02542,0.11132,0.06504,0.10731,0.11360,0.04589,0.08099,0.11122,0.16971,0.11452,0.01555,0.03002,0.00622,0.09974,0.05523,0.12550,0.13011,0.05381,0.07727,0.12232,-56.62,2.012,-1,0.0000,-1.00,0.0000,0
262757,1790782409978,0.21888,0.10706,0.01720,0.07643,0.03191,0.12451,0.03060,0.05507,0.15059,0.05616,0.03757,0.09402,0.24949,0.09603,0.00780,0.08658,0.01660,0.09974,0.01762,0.06444,0.16266,0.06462,0.02525,0.10916,-56.54,2.627,-1,0.0000,-1.00,0.0000,0
262849,1790782410039,0.08567,0.09596,0.02053,0.04662,0.03497,0.14842,0.03831,0.04888,0.24877,0.05880,0.05923,0.11384,0.09012,0.05913,0.01127,0.04808,0.01620,0.15998,0.03409,0.05642,0.28856,0.06724,0.03925,0.12965,-56.83,2.985,-1,0.0000,-1.00,0.0000,0
262942,1790782410141,0.18470,0.11902,0.01763,0.08215,0.01401,0.15910,0.03112,0.04600,0.20768,0.04729,0.04542,0.04588,0.21078,0.09695,0.01015,0.09350,0.00660,0.14886,0.01807,0.05311,0.23032,0.05536,0.02491,0.05139,-56.60,2.492,-1,0.0000,-1.00,0.0000,0
263035,1790782410219,0.05743,0.09689,0.02123,0.06746,0.01893,0.07708,0.02927,0.15286,0.32515,0.06347,0.04517,0.04506,0.03165,0.04386,0.01080,0.07348,0.01316,0.08609,0.02638,0.18102,0.37463,0.07385,0.03706,0.04801,-56.66,3.902,-1,0.0000,-1.00,0.0000,0
263128,1790782410320,0.10871,0.11017,0.01252,0.05418,0.03079,0.10031,0.02953,0.07902,0.30029,0.02597,0.07548,0.07302,0.11419,0.06274,0.00957,0.05086,0.02020,0.09827,0.02287,0.09286,0.34947,0.02738,0.07096,0.08063,-56.72,3.603,-1,0.0000,-1.00,0.0000,0
263221,1790782410400,0.13030,0.08161,0.01253,0.08356,0.02518,0.09360,0.02378,0.07841,0.20518,0.04247,0.14673,0.07666,0.13772,0.05177,0.00540,0.06861,0.01268,0.08485,0.01823,0.09288,0.23214,0.04849,0.15899,0.08824,-56.67,2.462,-1,0.0000,-1.00,0.0000,0
263314,1790782410500,0.06294,0.13082,0.01395,0.07949,0.03013,0.05795,0.05248,0.09563,0.17977,0.03100,0.14199,0.12385,0.05308,0.11662,0.00960,0.06385,0.00778,0.05938,0.03976,0.11269,0.20243,0.03592,0.15836,0.14052,-57.20,2.157,-1,0.0000,-1.00,0.0000,0
263407,1790782410601,0.08074,0.10998,0.05505,0.04387,0.01671,0.06531,0.05072,0.11108,0.28183,0.09559,0.05519,0.03393,0.07203,0.06652,0.04376,0.04197,0.01382,0.06398,0.04735,0.12466,0.32920,0.11199,0.05345,0.03128,-56.74,3.382,-1,0.0000,-1.00,0.0000,0
263500,1790782410679,0.05230,0.08404,0.04798,0.04204,0.04893,0.11869,0.02473,0.08590,0.35596,0.05118,0.05721,0.03104,0.04408,0.01868,0.04640,0.04215,0.04916,0.13660,0.02592,0.09373,0.41376,0.05599,0.04147,0.03205,-55.85,4.272,-1,0.0000,-1.00,0.0000,0
263592,1790782410801,0.04113,0.07421,0.01822,0.21500,0.03995,0.08187,0.02402,0.06842,0.33176,0.03747,0.03302,0.03492,0.03209,0.02190,0.01398,0.25338,0.04050,0.09174,0.02341,0.08024,0.34455,0.03962,0.02139,0.03720,-55.17,3.981,-1,0.0000,-1.00,0.0000,0
263685,1790782410879,0.02487,0.12763,0.00956,0.13582,0.00974,0.03752,0.01342,0.01795,0.54924,0.03287,0.02712,0.01426,0.02599,0.02906,0.00399,0.15787,0.00867,0.03997,0.01032,0.02072,0.62683,0.03767,0.02457,0.01435,-54.70,6.591,-1,0.0000,-1.00,0.0000,0
263778,1790782410980,0.03511,0.09066,0.01054,0.22346,0.00654,0.04926,0.02397,0.05237,0.44239,0.02956,0.01813,0.01802,0.03019,0.01398,0.00579,0.26553,0.00464,0.05304,0.02579,0.06175,0.47744,0.03450,0.01121,0.01611,-54.97,5.309,-1,0.0000,-1.00,0.0000,0
263871,1790782411059,0.14834,0.07709,0.03773,0.07277,0.01221,0.09677,0.06431,0.05104,0.31497,0.06021,0.03076,0.03380,0.16280,0.02481,0.03103,0.08341,0.00367,0.08943,0.07168,0.05547,0.36078,0.07152,0.01913,0.02629,-55.80,3.780,-1,0.0000,-1.00,0.0000,0
263964,1790782411160,0.06543,0.14261,0.01783,0.08751,0.02004,0.11646,0.03273,0.04724,0.33186,0.06419,0.03344,0.04065,0.06310,0.10040,0.00671,0.10191,0.01512,0.12704,0.01931,0.05528,0.37745,0.07392,0.01489,0.04488,-57.10,3.982,-1,0.0000,-1.00,0.0000,0
264057,1790782411259,0.03648,0.19854,0.02140,0.14902,0.02960,0.07888,0.04430,0.04184,0.23799,0.07209,0.03254,0.05733,0.03436,0.18866,0.00941,0.17428,0.02259,0.08770,0.01568,0.04827,0.25061,0.08190,0.02161,0.06494,-57.52,2.856,-1,0.0000,-1.00,0.0000,0
264150,1790782411340,0.04754,0.17625,0.01083,0.14800,0.02925,0.10472,0.03694,0.03110,0.29340,0.02923,0.05053,0.04223,0.04916,0.14918,0.00670,0.16988,0.02559,0.11573,0.01469,0.03593,0.31615,0.03169,0.03760,0.04769,-57.02,3.521,-1,0.0000,-1.00,0.0000,0
264243,1790782411446,0.03919,0.22830,0.01083,0.07284,0.01410,0.07455,0.04203,0.03067,0.37194,0.03965,0.03372,0.04218,0.04035,0.18844,0.00385,0.08246,0.00748,0.08133,0.01289,0.03611,0.42932,0.04602,0.02429,0.04745,-56.92,4.463,-1,0.0000,-1.00,0.0000,0
264335,1790782411520,0.06642,0.10542,0.09493,0.10397,0.05170,0.06668,0.05384,0.06134,0.20915,0.05540,0.05921,0.07192,0.06550,0.08109,0.10240,0.11315,0.04607,0.06692,0.03058,0.07106,0.22818,0.05725,0.05768,0.08012,-56.58,2.510,-1,0.0000,-1.00,0.0000,0
264428,1790782411621,0.04147,0.14919,0.05616,0.09448,0.01984,0.06503,0.04377,0.13791,0.17913,0.05732,0.08475,0.07093,0.01905,0.14003,0.05395,0.09600,0.00790,0.07415,0.02469,0.15456,0.19538,0.06735,0.08685,0.08009,-56.56,2.150,-1,0.0000,-1.00,0.0000,0
264521,1790782411700,0.07646,0.08351,0.03526,0.07508,0.01843,0.16175,0.01758,0.05219,0.29185,0.07763,0.07260,0.03765,0.08001,0.03389,0.02433,0.07972,0.01354,0.17809,0.01352,0.05854,0.33382,0.09042,0.05169,0.04243,-57.28,3.502,-1,0.0000,-1.00,0.0000,0
264614,1790782411800,0.03360,0.13942,0.02524,0.10136,0.02359,0.08225,0.05093,0.04959,0.31167,0.07446,0.07209,0.03580,0.02897,0.09726,0.01340,0.10798,0.02140,0.09281,0.04156,0.05695,0.35205,0.08498,0.06798,0.03466,-57.53,3.740,-1,0.0000,-1.00,0.0000,0
264707,1790782411900,0.05235,0.11919,0.02289,0.09062,0.02052,0.04045,0.09029,0.09402,0.26600,0.04767,0.09640,0.05960,0.03992,0.08419,0.01665,0.08728,0.01402,0.04056,0.09142,0.10943,0.30143,0.05434,0.10747,0.05329,-57.22,3.192,-1,0.0000,-1.00,0.0000,0
264800,1790782411979,0.06188,0.05460,0.04442,0.06947,0.03397,0.11472,0.05118,0.04711,0.21366,0.12741,0.13786,0.04372,0.06389,0.01702,0.02407,0.05539,0.03259,0.12480,0.05788,0.05175,0.24415,0.14709,0.14045,0.04092,-56.25,2.564,-1,0.0000,-1.00,0.0000,0
264893,1790782412100,0.05506,0.05766,0.04677,0.04602,0.01589,0.09690,0.01603,0.04954,0.26614,0.22528,0.08559,0.03910,0.04749,0.01671,0.00291,0.03901,0.01086,0.10669,0.01586,0.05882,0.31092,0.26805,0.08141,0.04128,-56.21,3.194,-1,0.0000,-1.00,0.0000,0
264986,1790782412183,0.06644,0.12027,0.01454,0.06714,0.01192,0.12878,0.02262,0.03984,0.38197,0.04717,0.07132,0.02798,0.07063,0.05623,0.00641,0.06902,0.00831,0.14031,0.01587,0.04655,0.44332,0.05556,0.05765,0.03014,-56.64,4.584,-1,0.0000,-1.00,0.0000,0
265079,1790782412280,0.03402,0.09478,0.02360,0.17268,0.04741,0.06259,0.03154,0.02508,0.39696,0.03994,0.03008,0.04133,0.03555,0.02881,0.01910,0.20244,0.04825,0.06794,0.03208,0.02627,0.42752,0.04629,0.02257,0.04317,-56.94,4.764,-1,0.0000,-1.00,0.0000,0
265171,1790782412359,0.08729,0.10566,0.01702,0.10593,0.03448,0.06310,0.07203,0.09893,0.25112,0.05621,0.06484,0.04338,0.07999,0.07280,0.00838,0.11388,0.03383,0.05975,0.07154,0.11722,0.27833,0.06064,0.06584,0.03779,-57.42,3.013,-1,0.0000,-1.00,0.0000,0
265264,1790782412470,0.18115,0.08521,0.01926,0.09060,0.04012,0.11351,0.05736,0.04610,0.23643,0.03783,0.05420,0.03823,0.20593,0.05100,0.01570,0.09943,0.04111,0.09545,0.05862,0.05213,0.26359,0.03718,0.04603,0.03384,-56.83,2.837,-1,0.0000,-1.00,0.0000,0
265357,1790782412560,0.13710,0.11870,0.01814,0.12397,0.03304,0.07162,0.03651,0.04480,0.26822,0.05904,0.03578,0.05309,0.15490,0.08480,0.00814,0.14221,0.02823,0.05511,0.02693,0.05207,0.28975,0.06860,0.03195,0.05733,-56.81,3.219,-1,0.0000,-1.00,0.0000,0
265450,1790782412640,0.06828,0.10472,0.04112,0.17842,0.03439,0.05648,0.03330,0.06149,0.27677,0.03208,0.06987,0.04307,0.06569,0.07256,0.04230,0.19934,0.03221,0.05466,0.02552,0.06530,0.28897,0.03521,0.07288,0.04537,-57.30,3.321,-1,0.0000,-1.00,0.0000,0
265543,1790782412739,0.05669,0.08612,0.10054,0.11954,0.03057,0.02566,0.03166,0.21024,0.14625,0.03667,0.07499,0.08106,0.02331,0.07357,0.11225,0.12655,0.01598,0.02863,0.02335,0.22966,0.14943,0.04149,0.08419,0.09159,-57.49,2.523,-1,0.0000,-1.00,0.0000,0
265636,1790782412820,0.08806,0.14726,0.06063,0.10316,0.02660,0.05109,0.05059,0.20410,0.10909,0.03401,0.07917,0.04625,0.06119,0.15511,0.06506,0.10673,0.02238,0.04909,0.02957,0.23197,0.10762,0.03826,0.08513,0.04789,-57.23,2.449,-1,0.0000,-1.00,0.0000,0
265729,1790782412921,0.07101,0.12384,0.02052,0.14047,0.01980,0.05056,0.04663,0.12039,0.24333,0.06772,0.07477,0.02097,0.05685,0.09662,0.00926,0.15250,0.02019,0.04931,0.03672,0.14242,0.26114,0.07734,0.07982,0.01784,-57.20,2.920,-1,0.0000,-1.00,0.0000,0
265822,1790782413004,0.10256,0.07867,0.03413,0.13018,0.02755,0.04918,0.02402,0.17137,0.25194,0.04053,0.04113,0.04874,0.08381,0.04028,0.03210,0.14788,0.02232,0.04232,0.02080,0.19898,0.27235,0.04435,0.04089,0.05392,-57.38,3.023,-1,0.0000,-1.00,0.0000,0
265914,1790782413099,0.08897,0.13633,0.01863,0.09154,0.02744,0.07778,0.03493,0.08911,0.25054,0.03502,0.08048,0.06923,0.08611,0.10752,0.01469,0.09356,0.01725,0.07613,0.01987,0.10453,0.28166,0.03855,0.08134,0.07880,-57.67,3.006,-1,0.0000,-1.00,0.0000,0
266007,1790782413199,0.09077,0.14784,0.02142,0.12273,0.01227,0.06446,0.03771,0.04504,0.19777,0.04043,0.16142,0.05815,0.09805,0.13795,0.01612,0.11098,0.00214,0.05780,0.01733,0.05128,0.21486,0.04814,0.18196,0.06339,-57.79,2.373,-1,0.0000,-1.00,0.0000,0
266100,1790782413279,0.10769,0.07472,0.04541,0.08750,0.01175,0.12289,0.01991,0.04569,0.18257,0.15216,0.11558,0.03415,0.11891,0.04940,0.01852,0.08225,0.00652,0.12368,0.01406,0.05108,0.20245,0.18103,0.11397,0.03813,-56.57,2.191,-1,0.0000,-1.00,0.0000,0
266193,1790782413403,0.04605,0.05204,0.03906,0.07088,0.01799,0.16265,0.02363,0.04686,0.15243,0.18103,0.16459,0.04278,0.04459,0.02824,0.00428,0.05315,0.01236,0.18606,0.02264,0.05538,0.17212,0.21447,0.16033,0.04639,-55.89,2.172,-1,0.0000,-1.00,0.0000,0
266286,1790782413479,0.04417,0.10109,0.02731,0.04081,0.01513,0.14968,0.03960,0.06085,0.22988,0.11483,0.12654,0.05011,0.03870,0.06753,0.00574,0.02559,0.00756,0.17168,0.03406,0.07178,0.27038,0.13609,0.11759,0.05329,-55.96,2.759,-1,0.0000,-1.00,0.0000,0
266379,1790782413580,0.07333,0.09206,0.01742,0.05239,0.01569,0.12576,0.04164,0.04851,0.33516,0.05661,0.08422,0.05721,0.07662,0.03260,0.00769,0.04810,0.00692,0.13550,0.04331,0.05673,0.39201,0.06650,0.07405,0.05997,-55.50,4.022,-1,0.0000,-1.00,0.0000,0
266472,1790782413660,0.16080,0.09330,0.02004,0.04060,0.01046,0.12703,0.02468,0.02373,0.31889,0.07452,0.06702,0.03895,0.18665,0.03807,0.00647,0.03726,0.00413,0.11521,0.02160,0.02757,0.37472,0.08847,0.05746,0.04239,-55.73,3.827,-1,0.0000,-1.00,0.0000,0
266565,1790782413760,0.09799,0.09389,0.02581,0.05712,0.01698,0.07649,0.01547,0.07829,0.34244,0.08405,0.06066,0.05080,0.09678,0.03586,0.01131,0.05689,0.00872,0.07247,0.01135,0.09166,0.39904,0.09898,0.05832,0.05862,-56.62,4.109,-1,0.0000,-1.00,0.0000,0
266657,1790782413861,0.22031,0.06407,0.01716,0.05076,0.01549,0.07360,0.01758,0.12714,0.23795,0.06042,0.06028,0.05525,0.23352,0.02267,0.00643,0.04815,0.00609,0.04190,0.01657,0.15107,0.27550,0.07127,0.06393,0.06292,-56.78,2.855,-1,0.0000,-1.00,0.0000,0
266750,1790782413943,0.05730,0.09659,0.01562,0.07259,0.02699,0.07194,0.01904,0.07903,0.28354,0.05842,0.12225,0.09668,0.04173,0.06045,0.00515,0.06100,0.01005,0.07793,0.01083,0.09367,0.32725,0.06842,0.13104,0.11247,-56.86,3.403,-1,0.0000,-1.00,0.0000,0
266843,1790782414041,0.09505,0.04259,0.02243,0.03268,0.04986,0.08666,0.01655,0.14359,0.17169,0.04784,0.07034,0.22073,0.07631,0.01516,0.01575,0.02594,0.00792,0.08871,0.01545,0.17030,0.20024,0.05610,0.06669,0.26143,-57.39,2.649,-1,0.0000,-1.00,0.0000,0
266936,1790782414114,0.13907,0.11651,0.01219,0.04361,0.02283,0.08939,0.02487,0.07831,0.29321,0.03419,0.07426,0.07156,0.14919,0.07340,0.00686,0.03766,0.01150,0.07753,0.01525,0.09247,0.34349,0.03907,0.07361,0.07995,-57.93,3.519,-1,0.0000,-1.00,0.0000,0
267029,1790782414224,0.10904,0.06965,0.05191,0.05239,0.03209,0.08449,0.05973,0.10879,0.20493,0.14458,0.05021,0.03219,0.10566,0.03720,0.02916,0.05401,0.03333,0.08030,0.06420,0.12458,0.23485,0.16663,0.04425,0.02584,-56.54,2.459,-1,0.0000,-1.00,0.0000,0
267122,1790782414299,0.23788,0.09346,0.02939,0.03180,0.02029,0.08401,0.07395,0.07963,0.18399,0.08921,0.03234,0.04405,0.26735,0.06960,0.01464,0.03229,0.01692,0.04766,0.07482,0.09252,0.21381,0.10379,0.02931,0.03730,-55.46,2.855,-1,0.0000,-1.00,0.0000,0
267215,1790782414400,0.22400,0.10422,0.03653,0.01619,0.02229,0.14736,0.05036,0.05472,0.12056,0.15720,0.04809,0.01848,0.25569,0.09693,0.00719,0.01292,0.02394,0.12588,0.04113,0.06414,0.14097,0.18455,0.03267,0.01398,-55.83,2.688,-1,0.0000,-1.00,0.0000,0
267308,1790782414498,0.32608,0.11973,0.04090,0.02062,0.01254,0.10495,0.03947,0.02430,0.08385,0.16281,0.02851,0.03623,0.38498,0.12467,0.01062,0.01987,0.00730,0.04943,0.02235,0.02724,0.09654,0.19364,0.02437,0.03899,-55.89,3.913,-1,0.0000,-1.00,0.0000,0
267401,1790782414580,0.09339,0.18910,0.04053,0.05120,0.03031,0.07404,0.05525,0.03571,0.12023,0.17757,0.09119,0.04148,0.10356,0.19995,0.00736,0.04237,0.02751,0.06819,0.02656,0.04133,0.13514,0.20784,0.09575,0.04444,-56.15,2.269,-1,0.0000,-1.00,0.0000,0
267493,1790782414698,0.06323,0.18129,0.04086,0.07142,0.02229,0.05539,0.06075,0.04073,0.20286,0.15285,0.07166,0.03665,0.06660,0.17207,0.01315,0.07066,0.01897,0.05372,0.03869,0.04620,0.22781,0.18065,0.07521,0.03625,-56.68,2.434,-1,0.0000,-1.00,0.0000,0
267586,1790782414778,0.05600,0.13836,0.02683,0.06836,0.01156,0.04172,0.03386,0.03359,0.37333,0.11910,0.07210,0.02520,0.05720,0.08176,0.00420,0.06630,0.00882,0.03865,0.02417,0.03961,0.43420,0.14096,0.07874,0.02540,-56.77,4.480,-1,0.0000,-1.00,0.0000,0
267679,1790782414877,0.05658,0.12764,0.02217,0.07117,0.01786,0.16922,0.04759,0.04568,0.19969,0.05825,0.14070,0.04345,0.05274,0.11303,0.01318,0.05942,0.01252,0.19231,0.03454,0.05219,0.22734,0.06749,0.13048,0.04476,-57.24,2.396,-1,0.0000,-1.00,0.0000,0
267772,1790782414958,0.02819,0.12959,0.02652,0.05530,0.02041,0.11236,0.03509,0.04651,0.30767,0.06594,0.10778,0.06464,0.02329,0.08426,0.01652,0.04577,0.01014,0.13002,0.02493,0.05286,0.35959,0.07701,0.10337,0.07225,-57.65,3.692,-1,0.0000,-1.00,0.0000,0
267865,1790782415061,0.04923,0.11319,0.01923,0.08660,0.02004,0.13148,0.03152,0.07029,0.26802,0.04989,0.08449,0.07602,0.04378,0.07548,0.01147,0.08955,0.00705,0.14887,0.02262,0.08213,0.30340,0.05838,0.07173,0.08553,-57.03,3.216,-1,0.0000,-1.00,0.0000,0
267958,1790782415155,0.07482,0.15358,0.13343,0.05282,0.02028,0.07263,0.07757,0.06408,0.11651,0.04500,0.10790,0.08138,0.07460,0.15829,0.14944,0.04050,0.00634,0.07223,0.03462,0.07411,0.13157,0.05266,0.11498,0.09065,-56.21,1.843,-1,0.0000,-1.00,0.0000,0
268051,1790782415238,0.04500,0.23932,0.04615,0.05575,0.02649,0.05250,0.07044,0.06721,0.18104,0.03439,0.06285,0.11887,0.04046,0.24591,0.04730,0.05402,0.00503,0.05488,0.03565,0.07115,0.20609,0.04034,0.06443,0.13473,-56.42,2.872,-1,0.0000,-1.00,0.0000,0
268144,1790782415340,0.08069,0.19877,0.04083,0.08494,0.01521,0.06811,0.06127,0.03969,0.22927,0.05836,0.07139,0.05148,0.08689,0.18891,0.03535,0.08735,0.00741,0.06439,0.03596,0.04055,0.25741,0.06846,0.07278,0.05455,-56.83,2.751,-1,0.0000,-1.00,0.0000,0
268236,1790782415420,0.04678,0.13307,0.04883,0.10073,0.02006,0.04700,0.04669,0.04583,0.34116,0.04400,0.07826,0.04759,0.04745,0.08258,0.04852,0.10398,0.01367,0.04760,0.03958,0.04530,0.38779,0.05040,0.08434,0.04879,-56.78,4.094,-1,0.0000,-1.00,0.0000,0
268329,1790782415520,0.04806,0.15520,0.02932,0.14285,0.01690,0.04686,0.03809,0.04051,0.30612,0.05795,0.06567,0.05249,0.04605,0.12220,0.02167,0.15742,0.00861,0.04702,0.02123,0.04443,0.33540,0.06793,0.06936,0.05868,-56.95,3.673,-1,0.0000,-1.00,0.0000,0
268422,1790782415600,0.04386,0.13681,0.01368,0.13509,0.01654,0.06900,0.03582,0.03585,0.33611,0.03136,0.08417,0.06170,0.04440,0.08979,0.00918,0.14478,0.00615,0.07388,0.02513,0.04113,0.37404,0.03636,0.08621,0.06895,-57.38,4.033,-1,0.0000,-1.00,0.0000,0
268515,1790782415698,0.02811,0.18319,0.02041,0.09833,0.01211,0.05572,0.02943,0.00895,0.42096,0.01897,0.07682,0.04700,0.03235,0.12352,0.02010,0.10194,0.00378,0.06036,0.01078,0.00674,0.48420,0.02198,0.08008,0.05418,-57.12,5.051,-1,0.0000,-1.00,0.0000,0
268608,1790782415800,0.05694,0.15466,0.10291,0.03554,0.01435,0.10083,0.02587,0.03885,0.28665,0.04356,0.08795,0.05188,0.06384,0.11825,0.11315,0.02597,0.00463,0.10877,0.00754,0.02414,0.33833,0.05128,0.08382,0.06027,-57.23,3.440,-1,0.0000,-1.00,0.0000,0
268701,1790782415879,0.03209,0.14732,0.02925,0.09704,0.01501,0.12405,0.04177,0.03615,0.23921,0.08765,0.09580,0.05467,0.03044,0.12359,0.01446,0.09913,0.00600,0.14261,0.02555,0.04045,0.26698,0.10384,0.08652,0.06044,-57.91,2.871,-1,0.0000,-1.00,0.0000,0
268794,1790782416006,0.03958,0.09145,0.03069,0.10112,0.02289,0.09671,0.03539,0.02714,0.19960,0.07759,0.23165,0.04618,0.04171,0.06496,0.01901,0.07037,0.01761,0.10761,0.02944,0.02884,0.22510,0.08961,0.25624,0.04950,-57.15,2.780,-1,0.0000,-1.00,0.0000,0
268887,1790782416078,0.05375,0.13192,0.08570,0.12238,0.02007,0.08065,0.04278,0.03906,0.21084,0.06584,0.09465,0.05236,0.05627,0.11547,0.08738,0.12752,0.01273,0.08549,0.02837,0.02948,0.22648,0.07725,0.09646,0.05712,-56.28,2.530,-1,0.0000,-1.00,0.0000,0
268979,1790782416180,0.03717,0.21463,0.01642,0.10553,0.01292,0.03815,0.05463,0.03675,0.29518,0.02461,0.11557,0.04844,0.03628,0.19120,0.01403,0.10051,0.00508,0.03852,0.02745,0.04136,0.33376,0.02848,0.13085,0.05248,-56.44,3.542,-1,0.0000,-1.00,0.0000,0
269072,1790782416257,0.03701,0.20252,0.01189,0.14128,0.01843,0.04152,0.05194,0.04882,0.28595,0.02585,0.07695,0.05784,0.03353,0.18074,0.00848,0.15270,0.00947,0.04310,0.02606,0.05716,0.31237,0.02910,0.08367,0.06362,-56.70,3.431,-1,0.0000,-1.00,0.0000,0
269165,1790782416359,0.05260,0.18459,0.06048,0.10058,0.01199,0.06369,0.04035,0.04467,0.29493,0.03748,0.06291,0.04572,0.05502,0.15542,0.06369,0.10815,0.00422,0.06541,0.01754,0.04090,0.33173,0.04430,0.06241,0.05121,-57.01,3.539,-1,0.0000,-1.00,0.0000,0
269258,1790782416462,0.06155,0.18143,0.04741,0.05746,0.02711,0.06950,0.04661,0.06198,0.26634,0.04331,0.07540,0.06192,0.06089,0.15625,0.04726,0.05374,0.01875,0.07121,0.02488,0.06489,0.30848,0.04817,0.07623,0.06926,-57.02,3.196,-1,0.0000,-1.00,0.0000,0
269351,1790782416539,0.03932,0.06815,0.01092,0.08715,0.02920,0.09785,0.02130,0.05868,0.24262,0.02752,0.20431,0.11300,0.03344,0.02662,0.00667,0.06025,0.00894,0.11062,0.02024,0.06899,0.27763,0.03234,0.22288,0.13139,-56.56,2.911,-1,0.0000,-1.00,0.0000,0
269444,1790782416639,0.06103,0.06579,0.05298,0.08048,0.01947,0.09468,0.02262,0.03537,0.21921,0.03239,0.22721,0.08876,0.06648,0.02879,0.05590,0.04640,0.00304,0.10028,0.01911,0.03358,0.25347,0.03821,0.25238,0.10237,-56.29,2.727,-1,0.0000,-1.00,0.0000,0
269537,1790782416719,0.25188,0.10474,0.01418,0.08109,0.01094,0.08314,0.02664,0.03552,0.23892,0.03080,0.08318,0.03896,0.29353,0.07208,0.00985,0.07904,0.00454,0.04144,0.01755,0.04070,0.27061,0.03600,0.09146,0.04320,-56.24,3.023,-1,0.0000,-1.00,0.0000,0
269630,1790782416820,0.18682,0.09314,0.01512,0.15487,0.01705,0.06412,0.02980,0.09046,0.16835,0.04702,0.08213,0.05112,0.20175,0.07912,0.00726,0.16753,0.00861,0.03730,0.01993,0.10704,0.16835,0.05479,0.09102,0.05730,-56.26,2.242,-1,0.0000,-1.00,0.0000,0
269722,1790782416900,0.22606,0.06353,0.02414,0.07979,0.01239,0.07487,0.01749,0.12234,0.25401,0.03293,0.07096,0.02149,0.24248,0.01912,0.02151,0.08039,0.01042,0.04165,0.01714,0.14235,0.28842,0.03739,0.07677,0.02236,-55.35,3.048,-1,0.0000,-1.00,0.0000,0
269815,1790782417000,0.17857,0.05000,0.02240,0.07368,0.00988,0.02802,0.03510,0.28712,0.23123,0.02060,0.04471,0.01870,0.14606,0.00863,0.02230,0.07785,0.00899,0.00462,0.04035,0.33961,0.26164,0.02290,0.05266,0.01441,-54.73,3.445,-1,0.0000,-1.00,0.0000,0
269908,1790782417100,0.21972,0.04094,0.00701,0.07008,0.01883,0.04057,0.06122,0.24405,0.16816,0.02360,0.06248,0.04334,0.20490,0.01235,0.00338,0.06945,0.01505,0.00799,0.07080,0.29188,0.18772,0.02530,0.07329,0.03790,-54.62,2.929,-1,0.0000,-1.00,0.0000,0
270001,1790782417200,0.15837,0.02092,0.00466,0.04273,0.01258,0.01560,0.02779,0.56647,0.08247,0.01173,0.02080,0.03588,0.05533,0.00730,0.00310,0.04656,0.00780,0.00773,0.03186,0.67815,0.08959,0.01250,0.02339,0.03668,-54.64,6.798,-1,0.0000,-1.00,0.0000,0
270094,1790782417299,0.16144,0.02278,0.00794,0.11873,0.01745,0.01907,0.01527,0.42821,0.12281,0.02624,0.02804,0.03203,0.09188,0.00346,0.00383,0.13579,0.01399,0.00464,0.01761,0.51233,0.12023,0.02867,0.03268,0.03488,-54.87,5.138,-1,0.0000,-1.00,0.0000,0
270187,1790782417380,0.13981,0.02106,0.00954,0.09408,0.01480,0.02126,0.00790,0.32143,0.10006,0.03709,0.21397,0.01901,0.09101,0.00421,0.00315,0.06219,0.01355,0.00743,0.00863,0.38453,0.10756,0.04175,0.25492,0.02107,-54.81,3.857,-1,0.0000,-1.00,0.0000,0
270280,1790782417483,0.12599,0.02837,0.01721,0.06270,0.01172,0.02438,0.02405,0.30885,0.12982,0.05912,0.17421,0.03358,0.08083,0.00512,0.00684,0.03427,0.00786,0.01318,0.02780,0.36872,0.14851,0.06953,0.20613,0.03121,-54.95,3.706,-1,0.0000,-1.00,0.0000,0
270373,1790782417562,0.12345,0.02160,0.00693,0.09301,0.02244,0.13827,0.04488,0.16171,0.11178,0.02288,0.14970,0.10335,0.10963,0.00254,0.00304,0.08155,0.00443,0.14395,0.05327,0.19317,0.11776,0.02655,0.15083,0.11328,-55.31,1.941,-1,0.0000,-1.00,0.0000,0
270466,1790782417661,0.05417,0.01325,0.01312,0.14979,0.02733,0.02370,0.05195,0.11691,0.07372,0.04275,0.37003,0.06328,0.04396,0.00242,0.00605,0.09237,0.02146,0.01968,0.06177,0.13889,0.06820,0.04879,0.43948,0.05693,-55.90,4.440,-1,0.0000,-1.00,0.0000,0
270558,1790782417760,0.06147,0.02627,0.01336,0.11693,0.02477,0.04591,0.12876,0.13338,0.12951,0.03940,0.18998,0.09028,0.04222,0.00452,0.00720,0.09681,0.01425,0.04664,0.15319,0.15858,0.13599,0.04438,0.21839,0.07781,-56.35,2.280,-1,0.0000,-1.00,0.0000,0
270651,1790782417840,0.12109,0.02980,0.01268,0.14515,0.03813,0.08795,0.09624,0.10547,0.13160,0.04322,0.12596,0.06270,0.11868,0.01185,0.00630,0.14723,0.03524,0.08186,0.11297,0.12513,0.12844,0.04487,0.13470,0.05273,-56.39,1.742,-1,0.0000,-1.00,0.0000,0
270744,1790782417942,0.09362,0.02926,0.01616,0.22710,0.02664,0.04483,0.03464,0.06412,0.14625,0.04041,0.22064,0.05632,0.09629,0.01006,0.01046,0.22107,0.02008,0.03463,0.03892,0.07535,0.13089,0.04497,0.25752,0.05977,-57.01,2.725,-1,0.0000,-1.00,0.0000,0
270837,1790782418021,0.18924,0.02947,0.01834,0.22343,0.02515,0.04583,0.02944,0.04339,0.14690,0.04352,0.15560,0.04966,0.21694,0.00951,0.01241,0.23123,0.01966,0.01191,0.03339,0.04953,0.13019,0.04825,0.18409,0.05289,-56.96,2.681,-1,0.0000,-1.00,0.0000,0
270930,1790782418121,0.07932,0.03236,0.01235,0.20679,0.04874,0.02841,0.03785,0.14207,0.17621,0.03494,0.15234,0.04862,0.06161,0.00540,0.00828,0.21245,0.04859,0.02183,0.04424,0.16863,0.16836,0.03290,0.17821,0.04949,-56.71,2.481,-1,0.0000,-1.00,0.0000,0
271023,1790782418199,0.06031,0.04449,0.01060,0.23811,0.02684,0.02053,0.01661,0.07459,0.24804,0.03357,0.20350,0.02282,0.05611,0.00374,0.00580,0.23751,0.02776,0.01348,0.01898,0.08841,0.25007,0.03477,0.24117,0.02220,-56.84,2.976,-1,0.0000,-1.00,0.0000,0
271116,1790782418301,0.04918,0.04694,0.01612,0.23515,0.02584,0.01683,0.03894,0.10120,0.23790,0.02861,0.17198,0.03131,0.03599,0.00923,0.01352,0.24143,0.02540,0.01303,0.04483,0.11858,0.23720,0.02924,0.20349,0.02806,-56.56,2.855,-1,0.0000,-1.00,0.0000,0
271209,1790782418400,0.03075,0.04020,0.01354,0.38773,0.02165,0.02313,0.02444,0.01949,0.23251,0.03290,0.15374,0.01993,0.03243,0.00996,0.00912,0.42891,0.02225,0.02128,0.02659,0.02227,0.19276,0.03583,0.18000,0.01861,-56.68,4.653,-1,0.0000,-1.00,0.0000,0
271301,1790782418499,0.05295,0.05461,0.05069,0.22953,0.03700,0.01940,0.01977,0.09449,0.27879,0.02520,0.10110,0.03647,0.04318,0.00910,0.05619,0.25159,0.03653,0.01468,0.02171,0.10226,0.28418,0.02295,0.11823,0.03939,-56.87,3.345,-1,0.0000,-1.00,0.0000,0
271394,1790782418601,0.04579,0.05493,0.01228,0.15802,0.07363,0.02428,0.04251,0.11166,0.28040,0.04759,0.11722,0.03168,0.02790,0.00631,0.00666,0.16243,0.08266,0.02356,0.04969,0.13248,0.30379,0.04064,0.13579,0.02811,-57.07,3.365,-1,0.0000,-1.00,0.0000,0
271487,1790782418679,0.12443,0.03889,0.02391,0.09261,0.04009,0.03565,0.05273,0.11727,0.20198,0.04625,0.13602,0.09018,0.12195,0.00174,0.01881,0.07939,0.02908,0.01854,0.06269,0.13694,0.22628,0.04965,0.15931,0.09564,-56.00,2.424,-1,0.0000,-1.00,0.0000,0
271580,1790782418779,0.15195,0.03911,0.02056,0.10418,0.02142,0.03431,0.02092,0.11252,0.19384,0.08587,0.16629,0.04903,0.15553,0.00419,0.00473,0.08583,0.01264,0.01261,0.02424,0.13389,0.21525,0.10039,0.19675,0.05395,-55.19,2.326,-1,0.0000,-1.00,0.0000,0
271673,1790782418860,0.10600,0.03161,0.01168,0.18000,0.01697,0.04784,0.01398,0.09110,0.13797,0.04403,0.27741,0.04143,0.10553,0.01108,0.00385,0.15131,0.00874,0.03873,0.01456,0.10839,0.13517,0.05117,0.32473,0.04675,-55.62,3.329,-1,0.0000,-1.00,0.0000,0
271766,1790782418980,0.03208,0.07886,0.01545,0.16564,0.01067,0.03870,0.03268,0.03524,0.21012,0.06156,0.28352,0.03549,0.03019,0.04984,0.00407,0.13272,0.00550,0.04039,0.02911,0.04159,0.22526,0.07288,0.33171,0.03675,-56.06,3.402,-1,0.0000,-1.00,0.0000,0
271859,1790782419061,0.04198,0.09689,0.02105,0.16068,0.01917,0.02708,0.02744,0.04530,0.27112,0.05323,0.19904,0.03702,0.03981,0.05744,0.01316,0.14622,0.01498,0.02456,0.02026,0.05291,0.29588,0.06081,0.23363,0.04034,-56.38,3.253,-1,0.0000,-1.00,0.0000,0
271952,1790782419138,0.10157,0.05561,0.02466,0.16943,0.01587,0.03191,0.03009,0.03719,0.18662,0.08297,0.23968,0.02440,0.11203,0.02938,0.01034,0.14671,0.01441,0.01603,0.03023,0.04251,0.19418,0.09691,0.28402,0.02325,-56.20,2.876,-1,0.0000,-1.00,0.0000,0
272044,1790782419240,0.17274,0.02520,0.01510,0.23384,0.01421,0.03912,0.01468,0.06050,0.12375,0.03078,0.23860,0.03148,0.19262,0.00998,0.01119,0.22386,0.01016,0.00869,0.01479,0.07110,0.10390,0.03487,0.28418,0.03467,-55.70,2.863,-1,0.0000,-1.00,0.0000,0
272137,1790782419319,0.11949,0.02762,0.01182,0.29242,0.01513,0.03100,0.01016,0.05783,0.15523,0.01870,0.23327,0.02732,0.12796,0.00971,0.01020,0.29545,0.01204,0.01178,0.01025,0.06728,0.12744,0.02002,0.27718,0.03070,-55.74,3.509,-1,0.0000,-1.00,0.0000,0
272230,1790782419420,0.07966,0.04136,0.01026,0.26632,0.03135,0.02865,0.02323,0.03901,0.20602,0.02173,0.15262,0.09980,0.08608,0.01215,0.00771,0.28354,0.01485,0.01726,0.02530,0.04534,0.19066,0.02309,0.17945,0.11457,-56.57,3.196,-1,0.0000,-1.00,0.0000,0
272323,1790782419503,0.06530,0.04582,0.01370,0.20576,0.03025,0.01944,0.02048,0.03807,0.22389,0.05266,0.21922,0.06540,0.06933,0.00938,0.00475,0.19487,0.02136,0.00978,0.02239,0.04497,0.22964,0.05886,0.26074,0.07393,-56.73,2.687,-1,0.0000,-1.00,0.0000,0
272416,1790782419600,0.19069,0.02739,0.01511,0.16968,0.02774,0.06037,0.02753,0.04742,0.09833,0.05222,0.22680,0.05671,0.21728,0.01547,0.00644,0.15060,0.02091,0.02926,0.02889,0.05657,0.08756,0.05884,0.26596,0.06222,-56.12,2.722,-1,0.0000,-1.00,0.0000,0
272509,1790782419699,0.21017,0.02505,0.01386,0.16967,0.01560,0.08476,0.01657,0.09086,0.12126,0.04776,0.15773,0.04671,0.23153,0.00788,0.00553,0.16802,0.00852,0.05566,0.01794,0.10814,0.11167,0.05585,0.17797,0.05128,-55.69,2.522,-1,0.0000,-1.00,0.0000,0
272602,1790782419800,0.05827,0.03649,0.02442,0.22349,0.03621,0.03459,0.03837,0.04651,0.17306,0.06310,0.16688,0.09862,0.05817,0.01299,0.01476,0.22933,0.02163,0.02991,0.04250,0.05371,0.16008,0.07315,0.19403,0.10975,-56.01,2.682,-1,0.0000,-1.00,0.0000,0
272695,1790782419899,0.11471,0.10515,0.01933,0.13527,0.03512,0.05453,0.05903,0.03564,0.16626,0.02542,0.14063,0.10891,0.12843,0.09285,0.01783,0.13026,0.01803,0.04011,0.05219,0.03930,0.17340,0.02689,0.16055,0.12016,-56.86,1.995,-1,0.0000,-1.00,0.0000,0
272788,1790782419979,0.24221,0.05699,0.01571,0.14336,0.02580,0.06117,0.02105,0.03103,0.16346,0.01603,0.14249,0.08071,0.28147,0.03659,0.01548,0.13862,0.01238,0.01750,0.01633,0.03574,0.16831,0.01683,0.16726,0.09348,-56.77,2.907,-1,0.0000,-1.00,0.0000,0
272880,1790782420079,0.19161,0.04950,0.01572,0.11727,0.03841,0.04671,0.02858,0.06579,0.21673,0.03202,0.08350,0.11417,0.21388,0.01289,0.01202,0.12123,0.01991,0.01376,0.03040,0.07773,0.23566,0.03442,0.09732,0.13077,-56.14,2.601,-1,0.0000,-1.00,0.0000,0
272973,1790782420157,0.09052,0.05343,0.00870,0.27574,0.01625,0.02788,0.02097,0.07485,0.26944,0.02944,0.08726,0.04552,0.08894,0.01417,0.00375,0.31030,0.00954,0.01577,0.02232,0.08894,0.26105,0.03367,0.10143,0.05012,-56.01,3.309,-1,0.0000,-1.00,0.0000,0
273066,1790782420260,0.28724,0.03209,0.00661,0.21539,0.03541,0.06130,0.02217,0.03814,0.17090,0.02013,0.05697,0.05365,0.33529,0.00748,0.00434,0.24483,0.03067,0.00698,0.02508,0.04484,0.15624,0.01804,0.06688,0.05932,-56.18,3.447,-1,0.0000,-1.00,0.0000,0
273159,1790782420359,0.10472,0.03652,0.02594,0.25944,0.03056,0.02353,0.03744,0.03275,0.17243,0.03646,0.11609,0.12412,0.11530,0.01715,0.02275,0.28352,0.00845,0.00563,0.04102,0.03516,0.15040,0.04202,0.13799,0.14060,-56.53,3.113,-1,0.0000,-1.00,0.0000,0
273252,1790782420443,0.19069,0.04640,0.02737,0.12735,0.04057,0.04360,0.02658,0.13251,0.13845,0.03182,0.13285,0.06182,0.19734,0.02749,0.02661,0.12155,0.03482,0.01312,0.02277,0.15713,0.14179,0.03122,0.15659,0.06955,-56.35,2.288,-1,0.0000,-1.00,0.0000,0
273345,1790782420540,0.03781,0.04472,0.07691,0.04824,0.06045,0.02469,0.04960,0.08749,0.21632,0.03165,0.09075,0.23138,0.02723,0.00375,0.08532,0.03720,0.01958,0.02425,0.05543,0.09119,0.25141,0.03446,0.10393,0.26626,-56.09,2.777,-1,0.0000,-1.00,0.0000,0
273438,1790782420621,0.07319,0.02538,0.16626,0.07338,0.04066,0.02244,0.02415,0.15520,0.11070,0.03235,0.14777,0.12852,0.05832,0.00637,0.19215,0.05343,0.01927,0.01532,0.02734,0.14821,0.12130,0.03569,0.17402,0.14858,-55.71,1.995,-1,0.0000,-1.00,0.0000,0
273531,1790782420719,0.16332,0.01793,0.11371,0.04650,0.03075,0.02969,0.01767,0.30751,0.08613,0.01866,0.09128,0.07685,0.12785,0.00240,0.13256,0.03444,0.01940,0.01024,0.02069,0.34220,0.09624,0.01865,0.10735,0.08798,-55.36,3.690,-1,0.0000,-1.00,0.0000,0
273623,1790782420799,0.15290,0.01867,0.08453,0.07795,0.03141,0.04411,0.01167,0.23026,0.09625,0.01403,0.14112,0.09710,0.13116,0.00309,0.09855,0.06093,0.01509,0.02685,0.01318,0.25656,0.10326,0.01382,0.16377,0.11374,-55.39,2.763,-1,0.0000,-1.00,0.0000,0
273716,1790782420901,0.09312,0.01768,0.12850,0.07596,0.02505,0.03393,0.02617,0.27591,0.09076,0.01401,0.13578,0.08313,0.05191,0.00198,0.15110,0.05995,0.01148,0.03037,0.03058,0.30104,0.09687,0.01451,0.15668,0.09355,-55.01,3.311,-1,0.0000,-1.00,0.0000,0
273809,1790782420999,0.06497,0.02691,0.07336,0.07618,0.01821,0.01874,0.01767,0.28144,0.12820,0.01923,0.23145,0.04364,0.01416,0.00325,0.08381,0.03708,0.01223,0.01964,0.01988,0.32127,0.14627,0.02062,0.27343,0.04836,-54.96,3.377,-1,0.0000,-1.00,0.0000,0
273902,1790782421100,0.07571,0.01727,0.12568,0.07852,0.01957,0.01719,0.01851,0.36200,0.07294,0.01673,0.13434,0.06154,0.01140,0.00589,0.14696,0.06290,0.00984,0.01834,0.02095,0.40469,0.07465,0.01837,0.15733,0.06869,-55.24,4.344,-1,0.0000,-1.00,0.0000,0
273995,1790782421199,0.06308,0.01586,0.15956,0.11771,0.01360,0.02045,0.04252,0.28045,0.06911,0.01571,0.15136,0.05059,0.01600,0.00708,0.18771,0.10593,0.00622,0.02133,0.04954,0.29884,0.06182,0.01759,0.17713,0.05080,-55.27,3.365,-1,0.0000,-1.00,0.0000,0
274088,1790782421280,0.08074,0.01079,0.10719,0.09678,0.01740,0.02434,0.01441,0.35755,0.05618,0.01399,0.15156,0.06907,0.02288,0.00276,0.12537,0.08094,0.00632,0.02463,0.01476,0.40553,0.05127,0.01551,0.17673,0.07331,-55.12,4.291,-1,0.0000,-1.00,0.0000,0
274181,1790782421382,0.08081,0.02216,0.11053,0.08242,0.03000,0.02198,0.02853,0.31766,0.08309,0.01465,0.13285,0.07532,0.02638,0.00975,0.12946,0.06803,0.01931,0.02111,0.03182,0.35540,0.08474,0.01506,0.15501,0.08394,-54.95,3.812,-1,0.0000,-1.00,0.0000,0
274274,1790782421458,0.07508,0.02134,0.13288,0.11862,0.04392,0.02912,0.02761,0.24898,0.10496,0.01639,0.11727,0.06384,0.03691,0.00517,0.15684,0.11537,0.03870,0.02758,0.03169,0.26761,0.10290,0.01197,0.13504,0.07021,-55.18,2.988,-1,0.0000,-1.00,0.0000,0
274366,1790782421561,0.07475,0.01176,0.16817,0.06940,0.02190,0.02801,0.02352,0.35634,0.06682,0.01546,0.08900,0.07488,0.01659,0.00196,0.19825,0.06321,0.01057,0.03028,0.02707,0.38840,0.06753,0.01643,0.10064,0.07907,-55.47,4.276,-1,0.0000,-1.00,0.0000,0
274459,1790782421658,0.07756,0.01620,0.14771,0.10112,0.03135,0.02453,0.03747,0.30390,0.07582,0.01512,0.08725,0.08198,0.03072,0.00538,0.17421,0.10135,0.02044,0.02330,0.04340,0.33004,0.07075,0.01406,0.09993,0.08641,-55.61,3.647,-1,0.0000,-1.00,0.0000,0
274552,1790782421739,0.08360,0.02559,0.05190,0.13522,0.02327,0.03365,0.11292,0.20139,0.13994,0.04558,0.08722,0.05972,0.05192,0.00534,0.05211,0.14249,0.01894,0.03003,0.13355,0.23168,0.13943,0.05086,0.09856,0.04508,-56.31,2.417,-1,0.0000,-1.00,0.0000,0
274645,1790782421845,0.04193,0.02368,0.04056,0.23055,0.03186,0.02996,0.09599,0.13296,0.14065,0.03402,0.15290,0.04494,0.01954,0.00494,0.04178,0.24119,0.03193,0.03203,0.11274,0.15233,0.12072,0.03443,0.17687,0.03150,-56.45,2.767,-1,0.0000,-1.00,0.0000,0
274738,1790782421920,0.04852,0.01811,0.11620,0.17405,0.01678,0.04951,0.04765,0.16421,0.11034,0.02962,0.18020,0.04481,0.02614,0.00270,0.13267,0.16788,0.01216,0.05415,0.05560,0.17142,0.09893,0.03308,0.20519,0.04009,-56.63,2.162,-1,0.0000,-1.00,0.0000,0
274831,1790782422020,0.03670,0.01716,0.14721,0.15970,0.01466,0.07747,0.03598,0.12505,0.08101,0.03320,0.23690,0.03496,0.02054,0.00715,0.16884,0.13862,0.00962,0.09002,0.04154,0.11653,0.06932,0.03814,0.26602,0.03366,-56.97,2.843,-1,0.0000,-1.00,0.0000,0
274924,1790782422100,0.03265,0.02391,0.12823,0.13769,0.03107,0.08715,0.05295,0.12940,0.11033,0.03315,0.17837,0.05511,0.01335,0.00986,0.14683,0.12662,0.02688,0.10177,0.06149,0.12595,0.10710,0.03439,0.19355,0.05220,-56.85,2.140,-1,0.0000,-1.00,0.0000,0
275017,1790782422198,0.03436,0.02994,0.11466,0.19427,0.02522,0.01922,0.13217,0.08909,0.14316,0.04051,0.11766,0.05976,0.02414,0.01090,0.12861,0.20555,0.02216,0.01824,0.15621,0.08126,0.13065,0.04428,0.13736,0.04064,-56.95,2.331,-1,0.0000,-1.00,0.0000,0
275110,1790782422320,0.07806,0.02170,0.09369,0.13051,0.02533,0.03774,0.04124,0.20358,0.12819,0.03392,0.13766,0.06838,0.04685,0.00254,0.10484,0.12510,0.01596,0.03593,0.04708,0.22499,0.12880,0.03748,0.15782,0.07261,-57.36,2.443,-1,0.0000,-1.00,0.0000,0
275202,1790782422399,0.09155,0.02261,0.03725,0.17283,0.02951,0.04050,0.05131,0.17096,0.13818,0.03185,0.15125,0.06220,0.06580,0.00584,0.03787,0.17266,0.02028,0.03816,0.06032,0.19734,0.13134,0.03415,0.17367,0.06257,-57.50,2.074,-1,0.0000,-1.00,0.0000,0
275295,1790782422501,0.04923,0.02682,0.04917,0.17338,0.05104,0.02451,0.04624,0.15756,0.14960,0.03615,0.17836,0.05793,0.02291,0.00378,0.05211,0.16638,0.04914,0.02520,0.05356,0.17956,0.14552,0.03433,0.20872,0.05880,-57.02,2.140,-1,0.0000,-1.00,0.0000,0
275388,1790782422580,0.06565,0.02055,0.10927,0.13581,0.03527,0.01665,0.02386,0.27162,0.11308,0.02827,0.10128,0.07869,0.01749,0.00482,0.12518,0.13932,0.02466,0.01649,0.02764,0.30064,0.10785,0.02902,0.11809,0.08881,-57.40,3.259,-1,0.0000,-1.00,0.0000,0
275481,1790782422680,0.06928,0.02763,0.03822,0.14921,0.03076,0.02815,0.02210,0.23823,0.13404,0.02688,0.14889,0.08662,0.02884,0.00695,0.04008,0.14454,0.01701,0.02844,0.02510,0.27751,0.13195,0.02883,0.17276,0.09798,-57.69,2.859,-1,0.0000,-1.00,0.0000,0
275574,1790782422760,0.07356,0.03572,0.08770,0.09723,0.02162,0.03313,0.01710,0.19148,0.11430,0.03058,0.25682,0.04077,0.04650,0.01788,0.09848,0.05670,0.01688,0.03048,0.01676,0.21010,0.12572,0.03330,0.30169,0.04552,-57.68,3.082,-1,0.0000,-1.00,0.0000,0
275667,1790782422861,0.05750,0.03156,0.07156,0.11694,0.06863,0.01821,0.05963,0.10587,0.14568,0.06180,0.20500,0.05762,0.04598,0.00708,0.07386,0.09192,0.07122,0.01271,0.06789,0.11437,0.15634,0.05993,0.24312,0.05559,-58.06,2.460,-1,0.0000,-1.00,0.0000,0
275760,1790782422978,0.07241,0.03915,0.04102,0.15325,0.02161,0.02837,0.04728,0.11426,0.17553,0.04321,0.22302,0.04089,0.06080,0.01076,0.03961,0.13151,0.01832,0.02195,0.05451,0.12907,0.18426,0.04814,0.26288,0.03819,-57.49,2.676,-1,0.0000,-1.00,0.0000,0
275853,1790782423043,0.09841,0.02256,0.01978,0.19594,0.02389,0.02326,0.05179,0.22185,0.11642,0.03173,0.16682,0.02754,0.06578,0.00708,0.01712,0.19574,0.02445,0.01484,0.06005,0.26303,0.10066,0.03321,0.19695,0.02110,-57.03,2.662,-1,0.0000,-1.00,0.0000,0
275945,1790782423140,0.04167,0.03105,0.05967,0.20434,0.04869,0.02901,0.05366,0.13682,0.12786,0.04746,0.16336,0.05641,0.01948,0.01645,0.06062,0.20726,0.04727,0.03089,0.05935,0.15361,0.10471,0.05491,0.18962,0.05583,-56.45,2.452,-1,0.0000,-1.00,0.0000,0
276038,1790782423219,0.03631,0.01774,0.28007,0.11083,0.05974,0.05997,0.01994,0.14287,0.07765,0.01764,0.07852,0.09872,0.02265,0.00775,0.33299,0.11680,0.04901,0.06737,0.02236,0.10518,0.06815,0.01317,0.08073,0.11386,-55.47,3.361,-1,0.0000,-1.00,0.0000,0
276131,1790782423320,0.04368,0.03463,0.09743,0.20177,0.02875,0.16277,0.01404,0.07527,0.19555,0.03341,0.07923,0.03346,0.03859,0.00428,0.10985,0.23035,0.02627,0.18825,0.01597,0.06842,0.18865,0.03482,0.05762,0.03693,-54.43,2.421,-1,0.0000,-1.00,0.0000,0
276224,1790782423400,0.05505,0.05657,0.04679,0.14019,0.03487,0.09195,0.02781,0.11460,0.28555,0.03361,0.08458,0.02844,0.04063,0.00592,0.04951,0.15190,0.03627,0.10212,0.03187,0.12779,0.31204,0.03308,0.08110,0.02777,-55.11,3.427,-1,0.0000,-1.00,0.0000,0
276317,1790782423500,0.08654,0.03088,0.14643,0.11833,0.03396,0.03652,0.04447,0.09626,0.15129,0.03227,0.18374,0.03931,0.08731,0.00577,0.16870,0.09918,0.03345,0.02645,0.05214,0.08190,0.15958,0.03408,0.21492,0.03651,-56.67,2.205,-1,0.0000,-1.00,0.0000,0
276410,1790782423620,0.09258,0.03195,0.09887,0.16587,0.03054,0.04196,0.03546,0.20651,0.16316,0.02596,0.06831,0.03883,0.06628,0.00684,0.11336,0.18398,0.02898,0.03714,0.03992,0.22620,0.15862,0.02577,0.07448,0.03843,-55.15,2.478,-1,0.0000,-1.00,0.0000,0
276503,1790782423700,0.11531,0.02142,0.15631,0.05163,0.01447,0.03455,0.02176,0.39597,0.07951,0.01667,0.07163,0.02078,0.05133,0.00860,0.18386,0.04607,0.01336,0.03122,0.02433,0.43805,0.08609,0.01737,0.07965,0.02008,-54.75,4.752,-1,0.0000,-1.00,0.0000,0
276596,1790782423801,0.08562,0.05317,0.06796,0.12591,0.02519,0.05545,0.04551,0.25633,0.16756,0.01620,0.07910,0.02201,0.04478,0.02918,0.07864,0.13434,0.02687,0.05757,0.04869,0.29161,0.17415,0.01408,0.08337,0.01673,-55.43,3.076,-1,0.0000,-1.00,0.0000,0
276688,1790782423880,0.12215,0.01431,0.13361,0.05995,0.03587,0.12501,0.01563,0.29471,0.06998,0.02591,0.07549,0.02738,0.08173,0.00360,0.15540,0.05916,0.03718,0.13359,0.01802,0.32232,0.07212,0.02368,0.06397,0.02923,-55.65,3.536,-1,0.0000,-1.00,0.0000,0
276781,1790782423980,0.09845,0.00711,0.07167,0.04229,0.04103,0.05333,0.01474,0.36876,0.03741,0.04712,0.08964,0.12845,0.03367,0.00111,0.07539,0.03166,0.01888,0.05778,0.01668,0.42768,0.03833,0.05293,0.09596,0.14994,-55.64,4.425,-1,0.0000,-1.00,0.0000,0
276874,1790782424058,0.06348,0.02658,0.05589,0.04833,0.05088,0.10942,0.02456,0.16759,0.08263,0.08316,0.10178,0.18570,0.03770,0.01374,0.04791,0.03860,0.01782,0.12364,0.02452,0.19350,0.09136,0.09611,0.09744,0.21766,-55.85,2.228,-1,0.0000,-1.00,0.0000,0
276967,1790782424161,0.08637,0.06046,0.06493,0.07084,0.02764,0.10728,0.05143,0.20426,0.08836,0.06628,0.07060,0.10155,0.05743,0.05432,0.06249,0.07271,0.01100,0.11716,0.05086,0.23236,0.09146,0.07724,0.06137,0.11160,-56.62,2.451,-1,0.0000,-1.00,0.0000,0
277060,1790782424260,0.18337,0.07337,0.04713,0.04636,0.02028,0.14156,0.02889,0.16375,0.13517,0.04170,0.05599,0.06244,0.17617,0.06419,0.04696,0.04754,0.01033,0.13470,0.02189,0.18690,0.15250,0.04796,0.04039,0.07048,-56.74,2.200,-1,0.0000,-1.00,0.0000,0
277153,1790782424340,0.08260,0.11292,0.03497,0.05104,0.02029,0.07139,0.03215,0.06375,0.31263,0.08419,0.06838,0.06568,0.08471,0.06300,0.02220,0.04763,0.00958,0.06890,0.02604,0.07199,0.36472,0.09943,0.06827,0.07354,-56.29,3.752,-1,0.0000,-1.00,0.0000,0
277246,1790782424444,0.26614,0.10868,0.02746,0.04142,0.01517,0.12202,0.03136,0.04728,0.21235,0.04086,0.03717,0.05008,0.30845,0.08159,0.02340,0.04416,0.00678,0.08537,0.02067,0.05274,0.24536,0.04795,0.02762,0.05591,-56.23,3.194,-1,0.0000,-1.00,0.0000,0
277339,1790782424520,0.15263,0.13237,0.01679,0.05337,0.01299,0.05885,0.02305,0.09740,0.35586,0.01977,0.04622,0.03069,0.15387,0.08335,0.01572,0.05455,0.00883,0.04002,0.01109,0.11359,0.41539,0.02215,0.04745,0.03399,-56.84,4.270,-1,0.0000,-1.00,0.0000,0
277432,1790782424620,0.09710,0.13368,0.01876,0.07446,0.02287,0.02729,0.03204,0.13890,0.30499,0.04176,0.02925,0.07889,0.08386,0.09100,0.01293,0.08291,0.00946,0.01608,0.02036,0.16388,0.34902,0.04816,0.03186,0.09049,-57.05,3.660,-1,0.0000,-1.00,0.0000,0
277524,1790782424699,0.08169,0.08482,0.01983,0.05815,0.05910,0.03227,0.03458,0.10688,0.15710,0.03952,0.05147,0.27460,0.07200,0.06767,0.01463,0.05842,0.00657,0.02451,0.02800,0.12519,0.17667,0.04605,0.05681,0.32348,-57.32,3.295,-1,0.0000,-1.00,0.0000,0
277617,1790782424800,0.06438,0.11665,0.02368,0.04725,0.03370,0.04744,0.04183,0.17608,0.19813,0.03657,0.08505,0.12925,0.03477,0.09560,0.02007,0.03838,0.01091,0.04996,0.03117,0.20701,0.22954,0.04191,0.09200,0.14869,-57.90,2.378,-1,0.0000,-1.00,0.0000,0
277710,1790782424921,0.05126,0.12916,0.02654,0.02900,0.02391,0.04411,0.04725,0.12995,0.33957,0.04291,0.03693,0.09941,0.03141,0.07520,0.02187,0.02782,0.00668,0.04663,0.04171,0.15137,0.40137,0.05010,0.03500,0.11085,-57.15,4.075,-1,0.0000,-1.00,0.0000,0
277803,1790782425000,0.07550,0.07991,0.06876,0.03514,0.03722,0.05505,0.09210,0.06829,0.28099,0.13351,0.03045,0.04306,0.07482,0.03074,0.05218,0.03689,0.03824,0.05114,0.09821,0.07754,0.32938,0.15239,0.02635,0.03212,-56.00,3.372,-1,0.0000,-1.00,0.0000,0
277896,1790782425100,0.16784,0.09230,0.01759,0.02259,0.01130,0.11942,0.03335,0.05208,0.36313,0.04648,0.04048,0.03344,0.18832,0.02583,0.01031,0.02161,0.00693,0.10576,0.03391,0.06129,0.43083,0.05432,0.02753,0.03335,-55.44,4.358,-1,0.0000,-1.00,0.0000,0
277989,1790782425179,0.22353,0.07671,0.02576,0.03122,0.02429,0.12187,0.02301,0.04407,0.26355,0.10401,0.02983,0.03214,0.25763,0.03066,0.00694,0.03415,0.01986,0.09741,0.02140,0.05153,0.30900,0.12072,0.01643,0.03427,-55.62,3.163,-1,0.0000,-1.00,0.0000,0
278082,1790782425281,0.30756,0.07050,0.03297,0.03041,0.01617,0.13909,0.04756,0.02688,0.12966,0.13379,0.03073,0.03470,0.36280,0.05547,0.00824,0.03286,0.01310,0.09474,0.04599,0.03057,0.14885,0.15771,0.01804,0.03163,-55.93,3.691,-1,0.0000,-1.00,0.0000,0
278175,1790782425359,0.08562,0.10378,0.05511,0.12692,0.01674,0.09743,0.05679,0.06746,0.13361,0.15946,0.04759,0.04949,0.08770,0.09830,0.02856,0.14468,0.01022,0.09936,0.04856,0.07517,0.13142,0.18904,0.03733,0.04967,-56.13,1.913,-1,0.0000,-1.00,0.0000,0
278267,1790782425476,0.08085,0.11536,0.03035,0.09147,0.01272,0.06739,0.05131,0.05420,0.32573,0.06631,0.05436,0.04996,0.08534,0.06530,0.02080,0.09920,0.00549,0.06383,0.04854,0.06082,0.37050,0.07850,0.05248,0.04921,-56.62,3.909,-1,0.0000,-1.00,0.0000,0
278360,1790782425560,0.05740,0.22268,0.01749,0.09074,0.01656,0.06043,0.06942,0.05585,0.25298,0.06063,0.03466,0.06116,0.05575,0.21083,0.00677,0.10291,0.00693,0.06136,0.04123,0.06575,0.28244,0.07156,0.02936,0.06511,-57.21,3.036,-1,0.0000,-1.00,0.0000,0
278453,1790782425639,0.06406,0.17970,0.01618,0.09490,0.01610,0.06964,0.03705,0.04638,0.31724,0.06755,0.03799,0.05322,0.06672,0.14498,0.00364,0.10744,0.00759,0.07022,0.01565,0.05485,0.35883,0.07944,0.03160,0.05904,-57.51,3.807,-1,0.0000,-1.00,0.0000,0
278546,1790782425739,0.02314,0.15916,0.01151,0.12348,0.01837,0.04700,0.02710,0.02186,0.45124,0.02732,0.04035,0.04948,0.02225,0.08976,0.00759,0.14043,0.01026,0.05248,0.01467,0.02468,0.51225,0.03131,0.03795,0.05638,-57.48,5.415,-1,0.0000,-1.00,0.0000,0
278639,1790782425821,0.02352,0.09863,0.04655,0.18160,0.02820,0.05132,0.02896,0.06723,0.33023,0.03046,0.05408,0.05923,0.01361,0.04842,0.04935,0.20706,0.02070,0.05880,0.02511,0.07078,0.35464,0.03240,0.05314,0.06600,-56.77,3.963,-1,0.0000,-1.00,0.0000,0
278732,1790782425921,0.06239,0.06254,0.01141,0.20204,0.02325,0.03400,0.04211,0.14159,0.22724,0.02712,0.09356,0.07274,0.04136,0.02965,0.00764,0.22122,0.01029,0.03457,0.04426,0.16847,0.22844,0.03046,0.10525,0.07839,-56.27,2.727,-1,0.0000,-1.00,0.0000,0
278825,1790782426003,0.08903,0.06815,0.01603,0.06807,0.02686,0.14457,0.01941,0.14650,0.21227,0.06987,0.09179,0.04746,0.07175,0.03409,0.00345,0.06601,0.02156,0.15901,0.01646,0.17489,0.24126,0.07944,0.07847,0.05360,-56.71,2.547,-1,0.0000,-1.00,0.0000,0
278918,1790782426100,0.08346,0.09226,0.01081,0.17597,0.03587,0.07482,0.02425,0.05334,0.28625,0.03108,0.08937,0.04253,0.08761,0.05012,0.00685,0.19250,0.03283,0.07308,0.01913,0.06256,0.30483,0.03074,0.09260,0.04717,-56.64,3.435,-1,0.0000,-1.00,0.0000,0
279010,1790782426219,0.02569,0.18000,0.01243,0.10725,0.03227,0.02567,0.04651,0.06005,0.33230,0.03687,0.07857,0.06238,0.01782,0.14121,0.00700,0.11095,0.02420,0.02817,0.02765,0.07066,0.37570,0.03986,0.08856,0.06823,-56.38,3.988,-1,0.0000,-1.00,0.0000,0
279103,1790782426302,0.03917,0.15263,0.03110,0.11875,0.01830,0.05898,0.04950,0.02999,0.21508,0.12677,0.11788,0.04186,0.03764,0.13886,0.00767,0.11677,0.01323,0.06321,0.03178,0.03441,0.23457,0.14928,0.12872,0.04386,-56.43,2.581,-1,0.0000,-1.00,0.0000,0
279196,1790782426399,0.05753,0.09307,0.03803,0.11207,0.02628,0.08534,0.02311,0.04790,0.21745,0.16223,0.07996,0.05704,0.05170,0.07066,0.00775,0.11890,0.01846,0.09200,0.01333,0.05621,0.23693,0.19078,0.07758,0.06571,-56.12,2.609,-1,0.0000,-1.00,0.0000,0
279289,1790782426478,0.04848,0.08176,0.02096,0.09540,0.02295,0.14116,0.02091,0.07074,0.26428,0.07566,0.10250,0.05520,0.04064,0.04008,0.00773,0.09630,0.01509,0.16108,0.01702,0.08331,0.29758,0.08767,0.09088,0.06260,-56.34,3.171,-1,0.0000,-1.00,0.0000,0
279382,1790782426581,0.04911,0.07171,0.01028,0.37958,0.03280,0.04531,0.03671,0.04571,0.21436,0.04355,0.04668,0.02420,0.04229,0.05915,0.00250,0.44555,0.03482,0.04590,0.03227,0.05427,0.16427,0.04955,0.04683,0.02260,-56.75,4.555,-1,0.0000,-1.00,0.0000,0
279475,1790782426659,0.04750,0.14126,0.01108,0.15644,0.02356,0.08238,0.09330,0.07955,0.22132,0.04006,0.05969,0.04386,0.03818,0.12415,0.00409,0.17686,0.02124,0.09115,0.08718,0.09451,0.22758,0.04634,0.05345,0.03527,-56.83,2.656,-1,0.0000,-1.00,0.0000,0
279568,1790782426760,0.07792,0.07760,0.02916,0.14135,0.01984,0.10013,0.10356,0.04641,0.24504,0.03826,0.07168,0.04906,0.08260,0.04093,0.02650,0.15641,0.01652,0.10360,0.11206,0.05428,0.26261,0.04257,0.06535,0.03657,-56.70,2.940,-1,0.0000,-1.00,0.0000,0
279661,1790782426861,0.14974,0.07319,0.02345,0.23164,0.01285,0.06271,0.02269,0.05701,0.26388,0.04146,0.02978,0.03161,0.16395,0.03835,0.01859,0.27216,0.00865,0.04265,0.01943,0.06477,0.26223,0.04796,0.02723,0.03403,-56.67,3.167,-1,0.0000,-1.00,0.0000,0
279754,1790782426944,0.05719,0.10536,0.03515,0.17216,0.03006,0.06377,0.04925,0.10431,0.21367,0.03499,0.09163,0.04247,0.03812,0.09032,0.03435,0.18729,0.02607,0.07032,0.04111,0.11817,0.21646,0.03919,0.09585,0.04274,-57.01,2.564,-1,0.0000,-1.00,0.0000,0
279846,1790782427044,0.06161,0.10543,0.07381,0.15771,0.01715,0.02790,0.04195,0.12039,0.24838,0.03104,0.06923,0.04541,0.04401,0.07846,0.08148,0.17352,0.01048,0.02533,0.03413,0.12868,0.26321,0.03512,0.07793,0.04764,-57.38,2.981,-1,0.0000,-1.00,0.0000,0
279939,1790782427118,0.06567,0.15602,0.04078,0.15636,0.02178,0.04906,0.05442,0.09877,0.22474,0.03513,0.05228,0.04499,0.05683,0.14075,0.04095,0.17681,0.01687,0.04752,0.03731,0.11024,0.23303,0.03996,0.05323,0.04651,-57.70,2.697,-1,0.0000,-1.00,0.0000,0
280032,1790782427220,0.07144,0.11293,0.03550,0.10391,0.01455,0.04709,0.04787,0.14152,0.27737,0.03298,0.07680,0.03805,0.05071,0.07736,0.03510,0.10808,0.01025,0.04637,0.04195,0.16269,0.31093,0.03748,0.08284,0.03624,-57.69,3.328,-1,0.0000,-1.00,0.0000,0
280125,1790782427301,0.07053,0.09935,0.01947,0.17658,0.03016,0.03381,0.04390,0.12899,0.24660,0.02849,0.05441,0.06771,0.05485,0.06832,0.01739,0.19985,0.02115,0.03013,0.03906,0.15112,0.25587,0.02994,0.05922,0.07309,-57.33,2.959,-1,0.0000,-1.00,0.0000,0
280218,1790782427401,0.11526,0.08576,0.01425,0.08995,0.03214,0.08004,0.03093,0.14509,0.25869,0.03695,0.05552,0.05542,0.10389,0.04514,0.00933,0.09756,0.02615,0.07558,0.02751,0.17260,0.29064,0.03909,0.05155,0.06095,-56.80,3.104,-1,0.0000,-1.00,0.0000,0
280311,1790782427520,0.04476,0.10348,0.02434,0.10787,0.04544,0.04863,0.02036,0.06498,0.39739,0.03727,0.04244,0.06303,0.03897,0.03444,0.02181,0.12116,0.04015,0.05054,0.01715,0.07396,0.45176,0.03710,0.04084,0.07212,-57.03,4.769,-1,0.0000,-1.00,0.0000,0
280404,1790782427600,0.05156,0.08898,0.02157,0.15990,0.02389,0.08110,0.03063,0.04295,0.30033,0.06015,0.07926,0.05968,0.04960,0.04480,0.01202,0.17621,0.01554,0.08734,0.02782,0.04908,0.32416,0.06977,0.07765,0.06600,-57.21,3.604,-1,0.0000,-1.00,0.0000,0
280497,1790782427700,0.07902,0.06408,0.04920,0.07765,0.01371,0.15140,0.03189,0.01847,0.12871,0.22104,0.13659,0.02824,0.09057,0.04885,0.00686,0.06703,0.01084,0.16346,0.02853,0.02077,0.14087,0.26278,0.13126,0.02818,-56.28,2.652,-1,0.0000,-1.00,0.0000,0
280589,1790782427780,0.15018,0.09255,0.03123,0.05827,0.01088,0.13498,0.04486,0.01979,0.16150,0.12620,0.13101,0.03855,0.17314,0.07666,0.00764,0.04372,0.00504,0.12777,0.03856,0.02220,0.18485,0.15021,0.13165,0.03855,-56.02,1.938,-1,0.0000,-1.00,0.0000,0
280682,1790782427880,0.17281,0.12062,0.01678,0.04072,0.01343,0.14649,0.03823,0.03225,0.26404,0.04979,0.06011,0.04473,0.19666,0.08647,0.00854,0.03988,0.00660,0.13654,0.02867,0.03695,0.30848,0.05835,0.04496,0.04791,-56.83,3.169,-1,0.0000,-1.00,0.0000,0
280775,1790782427958,0.09241,0.14084,0.02568,0.04506,0.01263,0.12871,0.03227,0.01625,0.28151,0.09499,0.09564,0.03402,0.10428,0.10631,0.00851,0.03653,0.00776,0.13356,0.01759,0.01778,0.33008,0.11228,0.08812,0.03721,-56.94,3.378,-1,0.0000,-1.00,0.0000,0
280868,1790782428060,0.16673,0.11162,0.01832,0.07276,0.01411,0.12318,0.02700,0.02886,0.23633,0.06805,0.09797,0.03506,0.18904,0.08441,0.00612,0.06828,0.00838,0.11094,0.01558,0.03341,0.26964,0.07988,0.09540,0.03892,-56.69,2.836,-1,0.0000,-1.00,0.0000,0
280961,1790782428159,0.13655,0.11057,0.01485,0.08746,0.01175,0.09296,0.02834,0.07910,0.26578,0.05039,0.09087,0.03139,0.14181,0.07699,0.00613,0.08649,0.00756,0.08327,0.01865,0.09360,0.30132,0.05888,0.09237,0.03293,-56.54,3.189,-1,0.0000,-1.00,0.0000,0
281054,1790782428240,0.06608,0.10896,0.02271,0.09940,0.02113,0.08082,0.02001,0.08157,0.25411,0.09424,0.09325,0.05772,0.06051,0.07414,0.00529,0.10030,0.01191,0.08501,0.00909,0.09688,0.28461,0.11056,0.09489,0.06682,-56.51,3.049,-1,0.0000,-1.00,0.0000,0
281147,1790782428341,0.03367,0.10588,0.00939,0.08889,0.04883,0.04615,0.03254,0.09630,0.21101,0.01834,0.08020,0.22879,0.01839,0.08026,0.00709,0.08950,0.00477,0.05208,0.02309,0.11399,0.23510,0.02103,0.08578,0.26893,-56.62,2.746,-1,0.0000,-1.00,0.0000,0
281240,1790782428420,0.03830,0.15904,0.02405,0.08212,0.01400,0.10077,0.05491,0.09794,0.20302,0.05160,0.12314,0.05110,0.02328,0.14524,0.01680,0.07372,0.00609,0.11613,0.03694,0.11409,0.22866,0.06062,0.12453,0.05391,-56.86,2.436,-1,0.0000,-1.00,0.0000,0
281332,1790782428521,0.06741,0.12252,0.04736,0.07847,0.02946,0.08407,0.06552,0.11495,0.13420,0.07773,0.09677,0.08154,0.05436,0.11898,0.03896,0.07457,0.01817,0.08996,0.05321,0.13172,0.14583,0.08974,0.09812,0.08638,-56.88,1.610,-1,0.0000,-1.00,0.0000,0
281425,1790782428600,0.12255,0.11675,0.05667,0.03774,0.04554,0.11131,0.06877,0.06132,0.21197,0.07787,0.04666,0.04287,0.13429,0.09106,0.05113,0.03845,0.04391,0.10975,0.06435,0.06334,0.24636,0.08460,0.03415,0.03861,-56.16,2.544,-1,0.0000,-1.00,0.0000,0
281518,1790782428720,0.11996,0.10018,0.04781,0.04441,0.02892,0.10406,0.03626,0.04064,0.17944,0.16864,0.06957,0.06010,0.13573,0.07925,0.01775,0.04064,0.01892,0.10051,0.02774,0.04518,0.20580,0.19948,0.06344,0.06557,-55.60,2.153,-1,0.0000,-1.00,0.0000,0
281611,1790782428820,0.14985,0.12735,0.05403,0.04229,0.02147,0.09294,0.03826,0.01164,0.15602,0.23146,0.04994,0.02474,0.17635,0.11801,0.01058,0.04182,0.02073,0.07641,0.02229,0.01201,0.17865,0.27324,0.04470,0.02523,-55.43,2.778,-1,0.0000,-1.00,0.0000,0
281704,1790782428899,0.18948,0.07060,0.04017,0.07241,0.02383,0.10991,0.03062,0.02081,0.18061,0.16892,0.04981,0.04284,0.22147,0.04570,0.00862,0.07854,0.01547,0.09178,0.02739,0.02346,0.20085,0.19934,0.04149,0.04590,-56.14,2.274,-1,0.0000,-1.00,0.0000,0
281797,1790782429000,0.03964,0.16895,0.03023,0.12338,0.01749,0.07844,0.05464,0.05475,0.19644,0.08058,0.11780,0.03765,0.03683,0.16062,0.01762,0.12326,0.01366,0.08669,0.03363,0.06210,0.21095,0.09385,0.12397,0.03681,-56.86,2.357,-1,0.0000,-1.00,0.0000,0
281890,1790782429080,0.04340,0.25527,0.02293,0.08672,0.01518,0.05811,0.05203,0.04819,0.24494,0.07440,0.05119,0.04763,0.04087,0.25139,0.01009,0.09417,0.00735,0.06153,0.01210,0.05616,0.27483,0.08770,0.04914,0.05468,-57.40,3.063,-1,0.0000,-1.00,0.0000,0
281983,1790782429179,0.02075,0.26258,0.04745,0.06510,0.01570,0.07723,0.05717,0.03976,0.21734,0.07870,0.08408,0.03415,0.01710,0.26542,0.03861,0.06153,0.01135,0.08915,0.01547,0.04041,0.24823,0.09205,0.08307,0.03760,-58.27,3.151,-1,0.0000,-1.00,0.0000,0
282076,1790782429263,0.02610,0.28684,0.02333,0.09403,0.01800,0.03339,0.06253,0.06417,0.18777,0.09104,0.04682,0.06596,0.01622,0.30315,0.00658,0.10299,0.00647,0.03680,0.01447,0.07595,0.20458,0.10781,0.04881,0.07617,-58.44,3.442,-1,0.0000,-1.00,0.0000,0
282168,1790782429360,0.04704,0.19163,0.02438,0.05708,0.02227,0.05040,0.04728,0.07619,0.21285,0.08675,0.12683,0.05728,0.03791,0.18136,0.00908,0.04042,0.01212,0.05465,0.02070,0.08950,0.24703,0.10155,0.14114,0.06454,-57.63,2.554,-1,0.0000,-1.00,0.0000,0
282261,1790782429472,0.04507,0.13686,0.02474,0.06815,0.03579,0.04472,0.04092,0.10528,0.19554,0.06574,0.13294,0.10425,0.03040,0.11959,0.01479,0.05195,0.01928,0.04755,0.02533,0.12322,0.22401,0.07495,0.14987,0.11907,-57.39,2.346,-1,0.0000,-1.00,0.0000,0
282354,1790782429539,0.04557,0.11364,0.02898,0.09443,0.01829,0.04457,0.04273,0.08935,0.22281,0.08134,0.16655,0.05175,0.03473,0.08621,0.01577,0.07548,0.00930,0.04834,0.03412,0.10394,0.25201,0.09563,0.18998,0.05450,-57.44,2.674,-1,0.0000,-1.00,0.0000,0
282447,1790782429641,0.07508,0.11241,0.02522,0.13068,0.02044,0.04331,0.05334,0.06324,0.18998,0.06086,0.16562,0.05981,0.07619,0.09423,0.01624,0.11869,0.01218,0.03679,0.04524,0.07256,0.20411,0.07051,0.19116,0.06209,-57.08,2.280,-1,0.0000,-1.00,0.0000,0
282540,1790782429720,0.05983,0.10078,0.06507,0.11335,0.02701,0.06901,0.06173,0.05366,0.16229,0.04644,0.14733,0.09351,0.06159,0.08640,0.06730,0.10360,0.01239,0.07049,0.05684,0.05095,0.17330,0.05381,0.16256,0.10078,-57.45,1.948,-1,0.0000,-1.00,0.0000,0
282633,1790782429820,0.02522,0.15826,0.02517,0.08135,0.02285,0.07699,0.05138,0.04481,0.28956,0.07126,0.09020,0.06294,0.02011,0.12398,0.01378,0.07951,0.01388,0.08827,0.03699,0.05097,0.33120,0.08263,0.09059,0.06809,-57.52,3.475,-1,0.0000,-1.00,0.0000,0
282726,1790782429899,0.02065,0.14806,0.04142,0.10343,0.02368,0.03878,0.04153,0.05490,0.25804,0.06842,0.15044,0.05066,0.01363,0.12029,0.03380,0.08991,0.01755,0.04376,0.02591,0.05908,0.28999,0.07988,0.17159,0.05460,-56.64,3.096,-1,0.0000,-1.00,0.0000,0
282819,1790782430022,0.03678,0.14922,0.05402,0.08319,0.02668,0.03135,0.04236,0.07093,0.20698,0.04041,0.19423,0.06385,0.02832,0.13304,0.05566,0.05480,0.01777,0.03195,0.02439,0.07396,0.23633,0.04571,0.22640,0.07167,-56.01,2.484,-1,0.0000,-1.00,0.0000,0
282911,1790782430120,0.06185,0.11011,0.07427,0.12734,0.04183,0.05854,0.04143,0.04989,0.18144,0.09282,0.09378,0.06670,0.05529,0.10378,0.06825,0.13263,0.03542,0.05918,0.02907,0.04626,0.19068,0.10464,0.10064,0.07416,-56.62,2.177,-1,0.0000,-1.00,0.0000,0
283004,1790782430198,0.02041,0.13473,0.02722,0.13288,0.03016,0.10678,0.04477,0.03669,0.19238,0.05593,0.13923,0.07882,0.01654,0.12089,0.02006,0.13105,0.01858,0.12467,0.02968,0.03999,0.20454,0.06333,0.14211,0.08856,-57.86,2.309,-1,0.0000,-1.00,0.0000,0
283097,1790782430299,0.03059,0.12981,0.03123,0.10535,0.02989,0.07146,0.04685,0.08708,0.17266,0.07023,0.17011,0.05473,0.01727,0.11832,0.02138,0.08909,0.02338,0.08302,0.03269,0.10011,0.18778,0.08096,0.18738,0.05864,-57.84,2.072,-1,0.0000,-1.00,0.0000,0
283190,1790782430381,0.04925,0.07669,0.01430,0.18679,0.03326,0.05054,0.07317,0.06029,0.18666,0.04950,0.15575,0.06378,0.04372,0.05620,0.00645,0.18888,0.02740,0.05220,0.07654,0.07097,0.18622,0.05389,0.17628,0.06126,-56.88,2.242,-1,0.0000,-1.00,0.0000,0
283283,1790782430482,0.06294,0.14989,0.04809,0.10011,0.03568,0.06268,0.04571,0.05089,0.21586,0.03359,0.10161,0.09296,0.06127,0.13624,0.05049,0.09830,0.02176,0.06297,0.02776,0.05097,0.23916,0.03593,0.10927,0.10589,-56.10,2.590,-1,0.0000,-1.00,0.0000,0
283376,1790782430560,0.06116,0.18301,0.02175,0.11489,0.04208,0.02119,0.04691,0.08500,0.20083,0.04692,0.07133,0.10492,0.05251,0.17754,0.01593,0.12131,0.02631,0.01498,0.02075,0.09896,0.21646,0.05114,0.08250,0.12161,-55.93,2.410,-1,0.0000,-1.00,0.0000,0
283469,1790782430660,0.04147,0.14350,0.05109,0.08253,0.01657,0.01576,0.02326,0.09729,0.44585,0.01764,0.04243,0.02261,0.02884,0.06956,0.05761,0.08935,0.01460,0.01361,0.01408,0.10516,0.51652,0.01824,0.04815,0.02430,-56.22,5.350,-1,0.0000,-1.00,0.0000,0
283562,1790782430760,0.04332,0.10937,0.20463,0.07022,0.02934,0.04827,0.04186,0.10072,0.23256,0.02325,0.05092,0.04553,0.03709,0.07885,0.24067,0.07403,0.02565,0.05048,0.03340,0.07411,0.26399,0.02278,0.05101,0.04794,-56.43,2.791,-1,0.0000,-1.00,0.0000,0
283654,1790782430840,0.02869,0.06837,0.10671,0.05444,0.01874,0.27679,0.09473,0.06736,0.14376,0.01611,0.08848,0.03581,0.02555,0.05031,0.12447,0.05705,0.01847,0.32660,0.10351,0.05607,0.15948,0.01712,0.04128,0.02010,-55.63,3.322,-1,0.0000,-1.00,0.0000,0
283747,1790782430943,0.02340,0.04867,0.02715,0.16751,0.02423,0.31206,0.07608,0.06458,0.10841,0.01750,0.09929,0.03112,0.01379,0.04029,0.02916,0.19172,0.02490,0.37119,0.08287,0.07192,0.09095,0.01698,0.04539,0.02086,-55.20,3.745,-1,0.0000,-1.00,0.0000,0
283840,1790782431020,0.09053,0.03355,0.01018,0.12705,0.01804,0.14112,0.12928,0.22285,0.08953,0.02228,0.04764,0.06797,0.05568,0.02486,0.00735,0.14713,0.01136,0.15806,0.14998,0.26557,0.07811,0.02444,0.02575,0.05171,-55.11,2.674,-1,0.0000,-1.00,0.0000,0
283933,1790782431121,0.14835,0.02953,0.01442,0.03287,0.01364,0.04873,0.03491,0.53550,0.05832,0.01118,0.03621,0.03635,0.04849,0.02594,0.01481,0.03270,0.00922,0.04877,0.03669,0.63872,0.06251,0.01245,0.03372,0.03598,-55.44,6.426,-1,0.0000,-1.00,0.0000,0
284026,1790782431200,0.06650,0.09853,0.01685,0.06052,0.03440,0.06916,0.02720,0.10653,0.37423,0.03493,0.07184,0.03930,0.05340,0.03296,0.01315,0.05830,0.03290,0.07229,0.02589,0.12521,0.43667,0.03553,0.07176,0.04196,-55.58,4.491,-1,0.0000,-1.00,0.0000,0
284119,1790782431318,0.13112,0.07273,0.01345,0.04177,0.02507,0.03723,0.02789,0.21191,0.32738,0.04275,0.04286,0.02585,0.10365,0.01438,0.00690,0.04086,0.02395,0.02521,0.03057,0.25255,0.38418,0.04648,0.04636,0.02491,-55.35,3.929,-1,0.0000,-1.00,0.0000,0
284212,1790782431420,0.13774,0.04939,0.01127,0.08701,0.02265,0.02417,0.03381,0.28768,0.22968,0.02808,0.05590,0.03263,0.09836,0.00827,0.00760,0.09137,0.02069,0.00996,0.03875,0.34333,0.25685,0.02979,0.06501,0.03004,-55.55,3.452,-1,0.0000,-1.00,0.0000,0
284305,1790782431497,0.14872,0.06286,0.00958,0.05846,0.01609,0.02599,0.02818,0.26429,0.29681,0.01448,0.04235,0.03219,0.11576,0.00718,0.00855,0.06031,0.01291,0.00820,0.03234,0.31499,0.34369,0.01479,0.04912,0.03215,-55.59,3.562,-1,0.0000,-1.00,0.0000,0
284398,1790782431601,0.18221,0.03862,0.01353,0.11262,0.04223,0.03750,0.02435,0.22040,0.16101,0.03244,0.09976,0.03532,0.16634,0.01242,0.01021,0.11171,0.04325,0.01196,0.02652,0.26227,0.17078,0.03029,0.11717,0.03707,-55.72,2.645,-1,0.0000,-1.00,0.0000,0
284490,1790782431679,0.23017,0.02443,0.01051,0.06974,0.02922,0.04404,0.01899,0.16787,0.10427,0.02256,0.23686,0.04134,0.23610,0.00626,0.00822,0.02758,0.02510,0.00701,0.02151,0.19952,0.11947,0.02206,0.28242,0.04475,-55.16,2.842,-1,0.0000,-1.00,0.0000,0
284583,1790782431780,0.23504,0.03106,0.01209,0.07774,0.01541,0.07744,0.01913,0.12097,0.11590,0.04035,0.22857,0.02629,0.25301,0.01167,0.00542,0.04054,0.01309,0.04264,0.02060,0.14387,0.13084,0.04575,0.26543,0.02712,-55.29,2.820,-1,0.0000,-1.00,0.0000,0
284676,1790782431859,0.23847,0.02174,0.01232,0.09038,0.02066,0.08703,0.02187,0.18034,0.09190,0.02451,0.17047,0.04031,0.24015,0.01010,0.00957,0.07003,0.01614,0.05668,0.02421,0.21419,0.09624,0.02617,0.19303,0.04350,-56.23,2.862,-1,0.0000,-1.00,0.0000,0
284769,1790782431983,0.11242,0.02102,0.00917,0.13605,0.02279,0.06397,0.03031,0.14745,0.09415,0.03098,0.26574,0.06596,0.10107,0.00684,0.00399,0.10228,0.00922,0.06065,0.03496,0.17589,0.09254,0.03529,0.30640,0.07088,-55.91,3.189,-1,0.0000,-1.00,0.0000,0
284862,1790782432060,0.08440,0.03026,0.02245,0.10779,0.05381,0.04727,0.04162,0.10436,0.12282,0.06774,0.23921,0.07828,0.07413,0.01272,0.01266,0.07399,0.04774,0.04195,0.04735,0.12253,0.13240,0.07180,0.27831,0.08441,-55.87,2.871,-1,0.0000,-1.00,0.0000,0
284955,1790782432139,0.08583,0.02562,0.01754,0.15067,0.04339,0.02257,0.05705,0.14208,0.12372,0.04705,0.21897,0.06551,0.06543,0.01023,0.01135,0.12908,0.03898,0.01407,0.06493,0.16940,0.12253,0.04878,0.25959,0.06563,-56.38,2.628,-1,0.0000,-1.00,0.0000,0
285048,1790782432239,0.13211,0.02549,0.06583,0.13863,0.03115,0.03429,0.03850,0.13739,0.11369,0.07376,0.15601,0.05315,0.12795,0.00866,0.06237,0.12967,0.02642,0.01573,0.04359,0.15308,0.11041,0.08326,0.18382,0.05504,-56.46,1.872,-1,0.0000,-1.00,0.0000,0
285141,1790782432318,0.12405,0.02982,0.01157,0.15629,0.03228,0.03203,0.03570,0.08353,0.14969,0.03953,0.23822,0.06730,0.12711,0.00717,0.00542,0.13120,0.02430,0.01318,0.04098,0.09938,0.15335,0.04255,0.28283,0.07252,-56.36,2.859,-1,0.0000,-1.00,0.0000,0
285233,1790782432419,0.11301,0.02099,0.01231,0.26455,0.06157,0.02700,0.02123,0.09372,0.10189,0.04755,0.18717,0.04903,0.11337,0.01176,0.00574,0.27303,0.06029,0.01262,0.02311,0.11116,0.06756,0.04542,0.22177,0.05417,-56.40,3.175,-1,0.0000,-1.00,0.0000,0
285326,1790782432500,0.07904,0.02941,0.02127,0.19706,0.05480,0.01286,0.02051,0.13546,0.13989,0.06950,0.20829,0.03190,0.06284,0.00935,0.01121,0.18685,0.05681,0.00510,0.02205,0.16076,0.13058,0.07201,0.24857,0.03385,-57.02,2.500,-1,0.0000,-1.00,0.0000,0
285419,1790782432626,0.06575,0.04450,0.03148,0.11321,0.04212,0.01748,0.02836,0.11516,0.22518,0.08146,0.16558,0.06972,0.05136,0.00474,0.01972,0.09675,0.03526,0.01076,0.03075,0.13636,0.25046,0.09081,0.19628,0.07676,-57.63,2.702,-1,0.0000,-1.00,0.0000,0
285512,1790782432719,0.10688,0.04511,0.01936,0.13350,0.02352,0.02105,0.01860,0.13318,0.22102,0.07196,0.16849,0.03733,0.09517,0.00778,0.00689,0.12019,0.02013,0.00635,0.02059,0.15836,0.24101,0.08224,0.20064,0.04065,-57.48,2.652,-1,0.0000,-1.00,0.0000,0
285605,1790782432800,0.05669,0.02353,0.02243,0.16375,0.03284,0.01463,0.01189,0.15311,0.10484,0.06743,0.30809,0.04076,0.03203,0.00837,0.01181,0.12347,0.03016,0.01118,0.01259,0.18112,0.09997,0.07601,0.36695,0.04635,-57.20,3.697,-1,0.0000,-1.00,0.0000,0
285698,1790782432900,0.05516,0.04709,0.02776,0.13389,0.03053,0.03038,0.02483,0.06793,0.20362,0.06857,0.24032,0.06995,0.05057,0.01216,0.01780,0.10438,0.02102,0.02638,0.02687,0.07834,0.22329,0.07799,0.28273,0.07849,-56.91,2.884,-1,0.0000,-1.00,0.0000,0
285791,1790782432980,0.03747,0.02522,0.04635,0.09392,0.05337,0.01870,0.02090,0.11868,0.08955,0.10427,0.19503,0.19656,0.01763,0.01190,0.03147,0.06696,0.01788,0.01918,0.02269,0.13596,0.09403,0.12139,0.22989,0.23103,-56.09,2.359,-1,0.0000,-1.00,0.0000,0
285884,1790782433079,0.13025,0.02952,0.02497,0.17106,0.03380,0.02973,0.01822,0.09634,0.11371,0.05684,0.15812,0.13745,0.13380,0.01495,0.01676,0.16776,0.00859,0.00910,0.01863,0.11234,0.10300,0.06640,0.18767,0.16100,-55.01,2.053,-1,0.0000,-1.00,0.0000,0
285976,1790782433160,0.06873,0.02909,0.01591,0.12003,0.01809,0.03261,0.00922,0.06651,0.09452,0.05803,0.43298,0.05430,0.06657,0.01434,0.00555,0.04199,0.00910,0.02587,0.00816,0.07865,0.10450,0.06815,0.51368,0.06345,-54.88,5.196,-1,0.0000,-1.00,0.0000,0
286069,1790782433260,0.07818,0.03806,0.01795,0.13748,0.03077,0.04636,0.02920,0.11801,0.08377,0.05716,0.28882,0.07424,0.06599,0.02955,0.00873,0.09780,0.02038,0.04247,0.02913,0.13967,0.08099,0.06445,0.33765,0.08319,-55.97,3.466,-1,0.0000,-1.00,0.0000,0
286162,1790782433359,0.06086,0.12688,0.03019,0.13905,0.02896,0.04755,0.05822,0.04596,0.09945,0.05883,0.23341,0.07064,0.06168,0.13407,0.02297,0.11293,0.01962,0.04475,0.04319,0.05052,0.09678,0.06660,0.27081,0.07609,-57.00,2.801,-1,0.0000,-1.00,0.0000,0
286255,1790782433443,0.05984,0.05556,0.03874,0.17601,0.03361,0.03263,0.02699,0.06875,0.19381,0.07355,0.15667,0.08384,0.05605,0.02789,0.02978,0.17478,0.02141,0.02799,0.02681,0.07647,0.19758,0.08389,0.18219,0.09515,-57.08,2.326,-1,0.0000,-1.00,0.0000,0
286348,1790782433542,0.14401,0.05593,0.03315,0.10428,0.02830,0.04020,0.01585,0.07709,0.25510,0.06999,0.10682,0.06927,0.15500,0.01054,0.02381,0.10026,0.01812,0.01744,0.01690,0.08766,0.28579,0.08028,0.12454,0.07966,-56.49,3.061,-1,0.0000,-1.00,0.0000,0
286441,1790782433620,0.16737,0.05011,0.01999,0.10483,0.03490,0.03376,0.01622,0.11549,0.24020,0.04489,0.11828,0.05397,0.17329,0.00722,0.01439,0.09782,0.02796,0.00784,0.01800,0.13553,0.26842,0.04824,0.14017,0.06111,-56.44,2.882,-1,0.0000,-1.00,0.0000,0
286534,1790782433719,0.22730,0.03513,0.02111,0.10400,0.02220,0.05108,0.03746,0.09549,0.15794,0.03978,0.13488,0.07363,0.25032,0.00823,0.01626,0.09305,0.01035,0.01204,0.04326,0.11119,0.17080,0.04561,0.15924,0.07965,-57.00,2.728,-1,0.0000,-1.00,0.0000,0
286627,1790782433799,0.12739,0.04109,0.01566,0.22181,0.03227,0.03201,0.02394,0.05681,0.19932,0.04905,0.11854,0.08213,0.13993,0.01146,0.00791,0.23804,0.02034,0.01061,0.02617,0.06674,0.19165,0.05474,0.13993,0.09249,-57.72,2.662,-1,0.0000,-1.00,0.0000,0
286720,1790782433922,0.07472,0.03342,0.02520,0.16170,0.04544,0.01928,0.03772,0.09318,0.17187,0.04143,0.22994,0.06609,0.06822,0.00482,0.02182,0.13951,0.04048,0.00958,0.04406,0.10751,0.17766,0.04225,0.27363,0.07046,-56.75,2.759,-1,0.0000,-1.00,0.0000,0
286812,1790782434021,0.27581,0.02438,0.06524,0.08511,0.00949,0.05954,0.01537,0.15445,0.11776,0.02080,0.15448,0.01756,0.29669,0.00384,0.07353,0.06579,0.00790,0.01253,0.01766,0.17049,0.12799,0.02343,0.18262,0.01754,-55.76,3.310,-1,0.0000,-1.00,0.0000,0
286905,1790782434099,0.31475,0.02344,0.01339,0.09447,0.02041,0.09629,0.01996,0.10040,0.09256,0.03713,0.15086,0.03635,0.35345,0.00932,0.00787,0.07914,0.01667,0.04531,0.02180,0.11901,0.09523,0.04119,0.17178,0.03924,-56.23,3.777,-1,0.0000,-1.00,0.0000,0
286998,1790782434201,0.14991,0.11960,0.01813,0.09982,0.02065,0.05563,0.02991,0.03988,0.26283,0.04105,0.12687,0.03573,0.16840,0.08672,0.01261,0.09078,0.01699,0.03327,0.01864,0.04529,0.29679,0.04597,0.14542,0.03912,-55.99,3.154,-1,0.0000,-1.00,0.0000,0
287091,1790782434280,0.06615,0.11916,0.03149,0.13936,0.04057,0.01285,0.04469,0.10325,0.26137,0.08905,0.05789,0.03418,0.05504,0.08679,0.01814,0.15343,0.04134,0.00498,0.03425,0.12221,0.28244,0.09884,0.06837,0.03416,-56.00,3.136,-1,0.0000,-1.00,0.0000,0
287184,1790782434380,0.23888,0.04760,0.01629,0.08805,0.01500,0.04390,0.01978,0.24506,0.15336,0.03242,0.07840,0.02126,0.22859,0.02410,0.01228,0.08717,0.01368,0.00729,0.01893,0.29121,0.16612,0.03649,0.09250,0.02164,-56.14,2.941,-1,0.0000,-1.00,0.0000,0
287277,1790782434480,0.32383,0.02890,0.00741,0.08429,0.02030,0.06057,0.02782,0.22022,0.12536,0.02438,0.06132,0.01561,0.33393,0.01019,0.00395,0.08668,0.02184,0.00638,0.03131,0.26310,0.13303,0.02488,0.07222,0.01250,-55.78,3.886,-1,0.0000,-1.00,0.0000,0
287370,1790782434560,0.35027,0.02107,0.04320,0.03636,0.01720,0.06753,0.06936,0.19849,0.09458,0.01665,0.04790,0.03738,0.37408,0.00443,0.04840,0.03246,0.01496,0.00676,0.08223,0.22825,0.10690,0.01698,0.05606,0.02849,-56.21,4.203,-1,0.0000,-1.00,0.0000,0
287463,1790782434660,0.06699,0.05979,0.01138,0.13130,0.04237,0.02730,0.05962,0.08284,0.23558,0.02939,0.18151,0.07193,0.06313,0.02087,0.00810,0.11501,0.03690,0.02019,0.06730,0.09765,0.25948,0.02790,0.21349,0.06997,-56.69,2.827,-1,0.0000,-1.00,0.0000,0
287555,1790782434739,0.06725,0.05211,0.02124,0.16093,0.03206,0.02361,0.02705,0.17477,0.19629,0.03627,0.15916,0.04927,0.03973,0.02194,0.01793,0.15582,0.02781,0.02042,0.02784,0.20608,0.20431,0.03794,0.18667,0.05351,-56.42,2.355,-1,0.0000,-1.00,0.0000,0
287648,1790782434841,0.07284,0.04232,0.03561,0.09886,0.03912,0.02325,0.02303,0.16082,0.23018,0.03892,0.09048,0.14457,0.04521,0.00492,0.03395,0.09772,0.01354,0.01890,0.02584,0.18676,0.25644,0.04395,0.10466,0.16811,-55.87,2.762,-1,0.0000,-1.00,0.0000,0
287741,1790782434920,0.08112,0.02933,0.13848,0.08866,0.04838,0.02273,0.02622,0.13805,0.15525,0.02690,0.06904,0.17584,0.07071,0.00186,0.16018,0.09035,0.01743,0.01322,0.03105,0.13366,0.16790,0.02899,0.08011,0.20455,-55.51,2.110,-1,0.0000,-1.00,0.0000,0
287834,1790782435022,0.09444,0.02418,0.17609,0.03780,0.01993,0.02120,0.02881,0.34032,0.11617,0.01741,0.05859,0.06504,0.03985,0.00264,0.20725,0.03206,0.00965,0.01750,0.03089,0.36982,0.13285,0.01895,0.06674,0.07181,-55.58,4.084,-1,0.0000,-1.00,0.0000,0
287927,1790782435120,0.06451,0.01551,0.20414,0.07263,0.03485,0.01706,0.02690,0.25166,0.08373,0.01826,0.08213,0.12863,0.02473,0.00365,0.24058,0.06814,0.01206,0.01589,0.03088,0.25448,0.08600,0.02031,0.09526,0.14801,-55.62,3.020,-1,0.0000,-1.00,0.0000,0
288020,1790782435220,0.07570,0.02574,0.20926,0.07996,0.01473,0.01503,0.02196,0.28988,0.11943,0.01516,0.07152,0.06163,0.02525,0.01191,0.24727,0.07936,0.00350,0.01346,0.02390,0.29837,0.12732,0.01753,0.08303,0.06911,-55.20,3.479,-1,0.0000,-1.00,0.0000,0
288113,1790782435320,0.04327,0.02669,0.09104,0.10125,0.01468,0.01762,0.02535,0.16217,0.06588,0.02194,0.38522,0.04488,0.01742,0.01760,0.10412,0.03052,0.00782,0.01782,0.02685,0.17371,0.07256,0.02508,0.45805,0.04845,-54.91,4.623,-1,0.0000,-1.00,0.0000,0
288206,1790782435400,0.06851,0.02427,0.10384,0.09485,0.02804,0.01642,0.01777,0.24445,0.08818,0.02356,0.21198,0.07813,0.02512,0.01523,0.11944,0.06390,0.01548,0.01516,0.01827,0.26923,0.09299,0.02517,0.25099,0.08902,-55.39,2.933,-1,0.0000,-1.00,0.0000,0
288298,1790782435500,0.06307,0.03016,0.16297,0.06318,0.03423,0.02982,0.02068,0.25731,0.09941,0.02367,0.14655,0.06895,0.02195,0.01418,0.19066,0.04213,0.02550,0.03138,0.02197,0.27052,0.11076,0.02331,0.16938,0.07827,-56.09,3.088,-1,0.0000,-1.00,0.0000,0
288391,1790782435581,0.06303,0.01849,0.16651,0.07637,0.03766,0.01896,0.04173,0.20891,0.08636,0.02924,0.21314,0.03959,0.03280,0.00327,0.19405,0.04152,0.03752,0.01622,0.04569,0.21552,0.09525,0.02761,0.25218,0.03838,-56.42,2.558,-1,0.0000,-1.00,0.0000,0
288484,1790782435679,0.05118,0.01958,0.06930,0.12274,0.03146,0.06145,0.02760,0.11247,0.07833,0.03321,0.33569,0.05700,0.03532,0.00849,0.07612,0.06996,0.02470,0.06704,0.02431,0.12675,0.07999,0.03490,0.38895,0.06348,-56.57,4.028,-1,0.0000,-1.00,0.0000,0
288577,1790782435759,0.06376,0.03588,0.06318,0.18586,0.02410,0.05159,0.03630,0.09067,0.08067,0.03765,0.27484,0.05551,0.05750,0.03012,0.06740,0.15940,0.01716,0.05041,0.03753,0.09529,0.06490,0.04187,0.31933,0.05908,-56.73,3.298,-1,0.0000,-1.00,0.0000,0
288670,1790782435861,0.05829,0.01957,0.02822,0.15268,0.02651,0.04898,0.03991,0.09710,0.09086,0.03078,0.36706,0.04003,0.04787,0.00570,0.02745,0.09769,0.02409,0.04921,0.04670,0.11090,0.08951,0.03211,0.43007,0.03871,-56.95,4.405,-1,0.0000,-1.00,0.0000,0
288763,1790782435981,0.05980,0.03214,0.03104,0.16999,0.02882,0.04518,0.01929,0.07680,0.15179,0.03075,0.31731,0.03709,0.05462,0.00756,0.03091,0.13004,0.02609,0.04378,0.02161,0.08590,0.15610,0.03168,0.37154,0.04016,-57.03,3.808,-1,0.0000,-1.00,0.0000,0
288856,1790782436042,0.02826,0.01945,0.02890,0.26813,0.03723,0.13757,0.03365,0.04652,0.12352,0.03247,0.22109,0.02322,0.02278,0.00593,0.02851,0.27506,0.04063,0.16033,0.03915,0.05009,0.09348,0.03086,0.23313,0.02006,-56.73,3.218,-1,0.0000,-1.00,0.0000,0
288949,1790782436141,0.04899,0.02283,0.01999,0.13254,0.01899,0.25528,0.01809,0.07187,0.11447,0.02081,0.26808,0.00807,0.04178,0.00519,0.01965,0.10683,0.02164,0.29760,0.02061,0.08226,0.11495,0.02168,0.26222,0.00558,-56.77,3.217,-1,0.0000,-1.00,0.0000,0
289041,1790782436220,0.04557,0.03672,0.01990,0.20842,0.01096,0.05692,0.03953,0.14733,0.15343,0.03743,0.21380,0.02998,0.01750,0.01818,0.01526,0.20149,0.00773,0.06474,0.04376,0.17351,0.14391,0.04332,0.24335,0.02724,-56.78,2.566,-1,0.0000,-1.00,0.0000,0
289134,1790782436319,0.05188,0.02845,0.01358,0.18277,0.01010,0.08663,0.06106,0.09278,0.13670,0.03727,0.26825,0.03053,0.04042,0.00803,0.00750,0.15911,0.00608,0.09737,0.07158,0.10968,0.13147,0.04424,0.30212,0.02240,-56.41,3.219,-1,0.0000,-1.00,0.0000,0
289227,1790782436420,0.02582,0.01927,0.02953,0.17817,0.02305,0.05482,0.03748,0.05877,0.10832,0.01913,0.35885,0.08679,0.01893,0.00249,0.03120,0.13068,0.00889,0.06193,0.04275,0.06590,0.10389,0.02116,0.41772,0.09447,-56.75,4.306,-1,0.0000,-1.00,0.0000,0
289320,1790782436522,0.04071,0.02146,0.03288,0.26193,0.01445,0.02836,0.01283,0.08511,0.13216,0.02396,0.30123,0.04492,0.02818,0.00560,0.03399,0.24341,0.00721,0.02840,0.01426,0.09524,0.11011,0.02728,0.35532,0.05099,-56.53,3.615,-1,0.0000,-1.00,0.0000,0
289413,1790782436620,0.01929,0.03204,0.01792,0.19815,0.01918,0.03397,0.01502,0.05008,0.13881,0.02005,0.41348,0.04200,0.00943,0.01334,0.01721,0.14074,0.01359,0.03884,0.01483,0.05711,0.13827,0.02149,0.48775,0.04739,-56.56,4.962,-1,0.0000,-1.00,0.0000,0
289506,1790782436699,0.01931,0.02972,0.01485,0.17899,0.01370,0.02371,0.01762,0.02986,0.10532,0.01533,0.51706,0.03453,0.01601,0.01471,0.01450,0.09265,0.00890,0.02523,0.01754,0.03356,0.10783,0.01660,0.61456,0.03790,-56.90,6.205,-1,0.0000,-1.00,0.0000,0
289599,1790782436799,0.02059,0.03862,0.01730,0.16464,0.01280,0.03267,0.01996,0.05125,0.17931,0.01502,0.40333,0.04451,0.01214,0.00871,0.01738,0.10293,0.00550,0.03686,0.02185,0.05830,0.19445,0.01690,0.47598,0.04900,-56.90,4.840,-1,0.0000,-1.00,0.0000,0
289692,1790782436881,0.05237,0.02874,0.03787,0.19218,0.04958,0.03968,0.02142,0.10205,0.13759,0.03232,0.21410,0.09210,0.03980,0.00912,0.03921,0.18098,0.03847,0.03965,0.02386,0.11451,0.12899,0.03110,0.24869,0.10563,-57.08,2.569,-1,0.0000,-1.00,0.0000,0
289785,1790782436981,0.03711,0.04755,0.03197,0.21750,0.02764,0.02247,0.01149,0.10850,0.26108,0.01637,0.13294,0.08539,0.01958,0.00447,0.03494,0.22995,0.01335,0.02305,0.01288,0.12308,0.26725,0.01697,0.15472,0.09976,-56.97,3.133,-1,0.0000,-1.00,0.0000,0
289877,1790782437060,0.02988,0.03908,0.08185,0.12798,0.03133,0.02714,0.07367,0.08599,0.19307,0.03666,0.20538,0.06799,0.01886,0.00512,0.09033,0.10571,0.02428,0.02930,0.08695,0.08544,0.21039,0.03911,0.24029,0.06423,-57.43,2.465,-1,0.0000,-1.00,0.0000,0
289970,1790782437160,0.03596,0.04122,0.12699,0.10090,0.02747,0.02017,0.01411,0.09075,0.18689,0.03313,0.26530,0.05710,0.02721,0.00730,0.14508,0.05862,0.01996,0.01878,0.01538,0.08006,0.21232,0.03574,0.31417,0.06537,-57.59,3.184,-1,0.0000,-1.00,0.0000,0
290063,1790782437259,0.03642,0.03725,0.07233,0.14385,0.04163,0.02179,0.02720,0.07751,0.17183,0.05470,0.27212,0.04337,0.02799,0.00809,0.07528,0.10853,0.04075,0.02056,0.02998,0.07897,0.18438,0.05746,0.32199,0.04602,-58.00,3.265,-1,0.0000,-1.00,0.0000,0
290156,1790782437340,0.05250,0.03455,0.14012,0.19478,0.02598,0.02976,0.04236,0.10785,0.17385,0.01821,0.13452,0.04553,0.04371,0.00807,0.16444,0.20250,0.02223,0.02700,0.04895,0.09683,0.16817,0.01741,0.15583,0.04485,-58.01,2.337,-1,0.0000,-1.00,0.0000,0
290249,1790782437443,0.06379,0.05689,0.05572,0.15384,0.02173,0.03374,0.05606,0.10585,0.28053,0.02530,0.12042,0.02612,0.05370,0.00798,0.06135,0.15691,0.02242,0.02979,0.06559,0.11467,0.30363,0.02728,0.13838,0.01830,-56.84,3.366,-1,0.0000,-1.00,0.0000,0
290342,1790782437520,0.07079,0.02151,0.13989,0.12698,0.01720,0.02828,0.03660,0.30019,0.11265,0.04240,0.06866,0.03486,0.01948,0.00440,0.15807,0.13705,0.01333,0.03066,0.04168,0.32966,0.10781,0.04817,0.07619,0.03351,-55.82,3.602,-1,0.0000,-1.00,0.0000,0
290435,1790782437620,0.06189,0.04329,0.14996,0.12029,0.02711,0.03210,0.01482,0.22288,0.23413,0.02162,0.04362,0.02829,0.02811,0.00157,0.17559,0.13506,0.02644,0.03290,0.01739,0.23230,0.25376,0.02066,0.04575,0.03045,-54.14,2.810,-1,0.0000,-1.00,0.0000,0
290528,1790782437719,0.04054,0.09922,0.00850,0.12748,0.02041,0.02994,0.00985,0.07850,0.51104,0.02274,0.02354,0.02825,0.03014,0.00333,0.00549,0.14833,0.01818,0.02990,0.01114,0.09297,0.58295,0.02365,0.02228,0.03164,-54.38,6.133,-1,0.0000,-1.00,0.0000,0
290620,1790782437819,0.05329,0.05983,0.04502,0.15452,0.02655,0.02467,0.01839,0.13775,0.33026,0.03016,0.06344,0.05611,0.02494,0.00806,0.04751,0.17105,0.01929,0.02462,0.02044,0.15563,0.36167,0.03247,0.07113,0.06319,-56.58,3.963,-1,0.0000,-1.00,0.0000,0
290713,1790782437918,0.06748,0.05295,0.02635,0.12436,0.02090,0.02372,0.03218,0.22599,0.23563,0.02731,0.11270,0.05044,0.02818,0.01231,0.02564,0.12316,0.01404,0.02328,0.03612,0.26571,0.25792,0.02994,0.13042,0.05328,-57.00,2.828,-1,0.0000,-1.00,0.0000,0
290806,1790782438003,0.11139,0.01883,0.08514,0.12520,0.01526,0.02171,0.02464,0.22203,0.12229,0.01683,0.19266,0.04402,0.07578,0.00615,0.09832,0.10471,0.00829,0.01157,0.02666,0.24819,0.12561,0.01870,0.22856,0.04746,-56.06,2.664,-1,0.0000,-1.00,0.0000,0
290899,1790782438100,0.09889,0.01658,0.13713,0.08742,0.02432,0.02621,0.02483,0.31991,0.07134,0.01678,0.14968,0.02692,0.04884,0.00579,0.16115,0.07005,0.02387,0.02172,0.02860,0.35138,0.07100,0.01597,0.17505,0.02658,-55.25,3.839,-1,0.0000,-1.00,0.0000,0
290992,1790782438179,0.10018,0.01684,0.15934,0.04645,0.03915,0.05889,0.04144,0.32213,0.04805,0.03157,0.09768,0.03827,0.05048,0.01013,0.18492,0.03491,0.03782,0.06237,0.04608,0.35091,0.05065,0.03033,0.10467,0.03672,-55.14,3.866,-1,0.0000,-1.00,0.0000,0
291085,1790782438279,0.10529,0.01407,0.09785,0.04335,0.01707,0.09502,0.01970,0.39079,0.07475,0.01940,0.07358,0.04912,0.03592,0.00249,0.11302,0.03866,0.00969,0.10673,0.02311,0.44585,0.08188,0.02135,0.06700,0.05428,-55.08,4.689,-1,0.0000,-1.00,0.0000,0
291178,1790782438360,0.08887,0.02513,0.06472,0.06334,0.04165,0.10370,0.02853,0.15439,0.08053,0.09586,0.09833,0.15495,0.07182,0.01325,0.05531,0.05686,0.01431,0.11002,0.03073,0.17487,0.08502,0.11223,0.09601,0.17958,-55.43,1.859,-1,0.0000,-1.00,0.0000,0
291271,1790782438478,0.07206,0.06946,0.04603,0.05350,0.02820,0.15923,0.02504,0.14725,0.19099,0.05406,0.07817,0.07601,0.05305,0.03993,0.04295,0.05263,0.01620,0.18068,0.02208,0.16793,0.21842,0.06157,0.05785,0.08671,-56.25,2.292,-1,0.0000,-1.00,0.0000,0
291363,1790782438561,0.08989,0.07360,0.03979,0.06691,0.02597,0.20696,0.02945,0.10493,0.14721,0.06551,0.07774,0.07204,0.08403,0.05600,0.03271,0.07080,0.01496,0.23133,0.02402,0.11941,0.16235,0.07553,0.04729,0.08156,-56.47,2.484,-1,0.0000,-1.00,0.0000,0
291456,1790782438642,0.11852,0.11729,0.02257,0.05174,0.02644,0.14230,0.03274,0.09519,0.21913,0.07083,0.05505,0.04821,0.11730,0.09330,0.01105,0.05471,0.02107,0.14726,0.02073,0.11187,0.25173,0.08069,0.03677,0.05352,-56.43,2.630,-1,0.0000,-1.00,0.0000,0
291549,1790782438739,0.14033,0.11091,0.02487,0.03497,0.01780,0.13271,0.03029,0.04434,0.28113,0.08229,0.06574,0.03462,0.15857,0.06737,0.01078,0.03130,0.01411,0.12758,0.02294,0.05099,0.33054,0.09593,0.05348,0.03641,-56.37,3.374,-1,0.0000,-1.00,0.0000,0
291642,1790782438820,0.12612,0.11328,0.02268,0.04426,0.01033,0.11061,0.03807,0.09421,0.27800,0.05766,0.07959,0.02520,0.13020,0.07121,0.01378,0.03833,0.00781,0.10673,0.03055,0.11110,0.32551,0.06754,0.07421,0.02304,-56.21,3.336,-1,0.0000,-1.00,0.0000,0
291735,1790782438919,0.14311,0.12661,0.01644,0.05956,0.01975,0.08868,0.02420,0.15437,0.20198,0.06270,0.07447,0.02813,0.13353,0.10796,0.00549,0.05681,0.01738,0.07979,0.00755,0.18393,0.23076,0.07169,0.07341,0.03170,-56.50,2.424,-1,0.0000,-1.00,0.0000,0
291828,1790782439021,0.11987,0.14881,0.02436,0.02092,0.01626,0.08893,0.03880,0.10513,0.28510,0.06066,0.03578,0.05537,0.11642,0.11419,0.01506,0.01985,0.00727,0.08349,0.02376,0.12307,0.33768,0.07124,0.02633,0.06164,-57.25,3.421,-1,0.0000,-1.00,0.0000,0
291921,1790782439122,0.03758,0.09820,0.01445,0.10174,0.02328,0.03957,0.04984,0.06574,0.14064,0.04619,0.30056,0.08221,0.02883,0.08712,0.00674,0.05215,0.01003,0.04170,0.04224,0.07765,0.15818,0.05335,0.35187,0.09014,-57.37,3.607,-1,0.0000,-1.00,0.0000,0
292014,1790782439219,0.08064,0.13771,0.02931,0.06821,0.01390,0.11132,0.03627,0.09066,0.24328,0.06132,0.08242,0.04495,0.07596,0.10985,0.02082,0.06681,0.00684,0.11833,0.02129,0.10489,0.27827,0.07212,0.07531,0.04951,-57.04,2.919,-1,0.0000,-1.00,0.0000,0
292107,1790782439299,0.03729,0.09476,0.08282,0.05085,0.02944,0.06375,0.06509,0.05018,0.31987,0.12657,0.05124,0.02816,0.03530,0.03958,0.07040,0.05149,0.03130,0.06939,0.06899,0.04733,0.37308,0.14545,0.04764,0.02006,-56.23,3.838,-1,0.0000,-1.00,0.0000,0
292199,1790782439401,0.04095,0.11431,0.02330,0.09112,0.01722,0.04551,0.06946,0.07004,0.43590,0.04154,0.02213,0.02853,0.03309,0.03759,0.01860,0.10592,0.01405,0.05074,0.07546,0.08055,0.50132,0.04700,0.01645,0.01923,-55.57,5.231,-1,0.0000,-1.00,0.0000,0
292292,1790782439480,0.04241,0.09058,0.01949,0.25111,0.00785,0.04890,0.02600,0.03792,0.34394,0.08484,0.02917,0.01780,0.04237,0.03847,0.00343,0.29593,0.00619,0.05020,0.02352,0.04475,0.35342,0.10047,0.02501,0.01624,-54.87,4.127,-1,0.0000,-1.00,0.0000,0
292385,1790782439581,0.02542,0.10267,0.01861,0.20295,0.01080,0.05572,0.01915,0.02117,0.42950,0.08023,0.02095,0.01282,0.02558,0.03046,0.00362,0.24066,0.00968,0.06258,0.01691,0.02465,0.46693,0.09422,0.01270,0.01201,-55.10,5.154,-1,0.0000,-1.00,0.0000,0
292478,1790782439662,0.11625,0.07125,0.03799,0.17136,0.01708,0.09843,0.03639,0.09107,0.18877,0.08872,0.04638,0.03631,0.11757,0.04941,0.02496,0.19803,0.01317,0.09463,0.03381,0.10417,0.18691,0.10373,0.03681,0.03680,-56.03,2.265,-1,0.0000,-1.00,0.0000,0
292571,1790782439759,0.17802,0.10914,0.03047,0.06992,0.01975,0.08060,0.02834,0.04914,0.20909,0.12967,0.04739,0.04848,0.20187,0.08405,0.00610,0.07486,0.01005,0.05933,0.01730,0.05767,0.23570,0.15338,0.04502,0.05466,-56.71,2.509,-1,0.0000,-1.00,0.0000,0
292664,1790782439859,0.03159,0.23791,0.01883,0.11502,0.02117,0.05016,0.05728,0.04792,0.31088,0.04931,0.03132,0.02861,0.02649,0.21725,0.01122,0.13254,0.01958,0.05485,0.02557,0.05519,0.34424,0.05721,0.02665,0.02921,-57.23,3.731,-1,0.0000,-1.00,0.0000,0
292757,1790782439942,0.02749,0.28358,0.00912,0.07667,0.01698,0.05638,0.06239,0.03990,0.30483,0.04319,0.04418,0.03529,0.02302,0.27145,0.00088,0.08386,0.01278,0.06300,0.02094,0.04764,0.34718,0.05068,0.04045,0.03813,-57.33,3.658,-1,0.0000,-1.00,0.0000,0
292850,1790782440041,0.02969,0.18208,0.02527,0.08707,0.02487,0.09148,0.03785,0.04798,0.29627,0.05641,0.05239,0.06864,0.02462,0.15186,0.01739,0.09600,0.01410,0.10473,0.01525,0.05404,0.33574,0.06502,0.04201,0.07922,-58.15,3.555,-1,0.0000,-1.00,0.0000,0
292942,1790782440120,0.03108,0.26056,0.00985,0.13798,0.01032,0.06600,0.05401,0.04616,0.27084,0.04448,0.04451,0.02423,0.02633,0.25408,0.00151,0.15766,0.00717,0.07387,0.01429,0.05506,0.29327,0.05187,0.03869,0.02620,-57.98,3.250,-1,0.0000,-1.00,0.0000,0
293035,1790782440240,0.03548,0.18400,0.05076,0.10529,0.01396,0.07999,0.08141,0.07843,0.19537,0.04333,0.06543,0.06655,0.02594,0.17863,0.05059,0.11418,0.00338,0.09070,0.06214,0.08395,0.21109,0.05163,0.06041,0.06737,-57.20,2.344,-1,0.0000,-1.00,0.0000,0
293128,1790782440319,0.04066,0.15187,0.02797,0.03875,0.03723,0.08317,0.05971,0.13904,0.19963,0.05204,0.08770,0.08222,0.01431,0.13797,0.02221,0.02941,0.02681,0.09682,0.04420,0.16220,0.23338,0.05704,0.08589,0.08976,-57.14,2.396,-1,0.0000,-1.00,0.0000,0
293221,1790782440419,0.07135,0.11805,0.03042,0.07194,0.02619,0.14587,0.04407,0.07414,0.23264,0.08295,0.06476,0.03763,0.06858,0.08923,0.01768,0.07715,0.02382,0.16119,0.03512,0.08533,0.26347,0.09467,0.04565,0.03813,-57.38,2.792,-1,0.0000,-1.00,0.0000,0
293314,1790782440521,0.04734,0.15788,0.00761,0.13001,0.01638,0.11821,0.04410,0.06318,0.29038,0.02940,0.05767,0.03784,0.04169,0.12715,0.00256,0.14733,0.01192,0.13337,0.02757,0.07527,0.31856,0.03304,0.04266,0.03888,-57.57,3.485,-1,0.0000,-1.00,0.0000,0
293407,1790782440600,0.02967,0.23365,0.04280,0.04789,0.03716,0.04503,0.06699,0.06066,0.18273,0.05365,0.12916,0.07060,0.02363,0.23769,0.03969,0.02864,0.02924,0.04927,0.03315,0.06482,0.21328,0.05849,0.14500,0.07710,-56.80,2.804,-1,0.0000,-1.00,0.0000,0
293500,1790782440699,0.07772,0.14099,0.04046,0.05362,0.02573,0.08980,0.07914,0.08354,0.14813,0.10376,0.09109,0.06603,0.07283,0.13707,0.02441,0.04628,0.01780,0.09316,0.06434,0.09857,0.16774,0.12138,0.09068,0.06573,-56.41,1.778,-1,0.0000,-1.00,0.0000,0
293593,1790782440780,0.05352,0.08308,0.03686,0.05692,0.01754,0.18277,0.02537,0.06162,0.21961,0.15624,0.07939,0.02709,0.04830,0.05160,0.00748,0.05758,0.01523,0.20962,0.01938,0.07313,0.25088,0.18505,0.05357,0.02817,-56.53,2.635,-1,0.0000,-1.00,0.0000,0
293685,1790782440880,0.03942,0.12573,0.04628,0.06819,0.01570,0.10296,0.02771,0.04690,0.28844,0.16224,0.03956,0.03688,0.03677,0.08516,0.01733,0.07687,0.01069,0.11609,0.01632,0.05276,0.33038,0.19229,0.02438,0.04096,-56.66,3.461,-1,0.0000,-1.00,0.0000,0
293778,1790782440978,0.03800,0.19187,0.02931,0.13398,0.04459,0.08603,0.03958,0.03542,0.22234,0.11061,0.04236,0.02590,0.03809,0.18497,0.00959,0.15424,0.04795,0.09554,0.01076,0.04054,0.23011,0.12877,0.03182,0.02763,-57.09,2.668,-1,0.0000,-1.00,0.0000,0
293871,1790782441060,0.06484,0.17283,0.02853,0.07313,0.01449,0.05083,0.09536,0.07573,0.23416,0.09471,0.06118,0.03423,0.05748,0.15711,0.01217,0.07504,0.01250,0.04951,0.08312,0.08833,0.26570,0.11101,0.06349,0.02453,-57.14,2.810,-1,0.0000,-1.00,0.0000,0
293964,1790782441161,0.21104,0.11980,0.03387,0.11212,0.00580,0.09087,0.05139,0.08494,0.17666,0.04533,0.05127,0.01692,0.23239,0.10798,0.02999,0.12463,0.00450,0.06282,0.04017,0.09583,0.18697,0.05343,0.04898,0.01232,-57.47,2.533,-1,0.0000,-1.00,0.0000,0
294057,1790782441240,0.16520,0.14652,0.03029,0.11292,0.01990,0.06520,0.04812,0.06164,0.19029,0.04724,0.05850,0.05419,0.18420,0.13520,0.02555,0.12305,0.01216,0.04161,0.03032,0.06933,0.20362,0.05419,0.06185,0.05892,-57.82,2.283,-1,0.0000,-1.00,0.0000,0
294150,1790782441340,0.09371,0.14858,0.10807,0.07228,0.01539,0.04929,0.03887,0.15349,0.20368,0.04676,0.04000,0.02987,0.08050,0.13275,0.11886,0.07880,0.01215,0.04310,0.02026,0.16036,0.22843,0.05362,0.03939,0.03178,-57.62,2.444,-1,0.0000,-1.00,0.0000,0
294243,1790782441421,0.08094,0.15199,0.03042,0.12992,0.02136,0.02383,0.04829,0.19528,0.19336,0.04259,0.03258,0.04944,0.05162,0.14206,0.02686,0.14869,0.01416,0.01917,0.02949,0.22888,0.20207,0.04838,0.03524,0.05340,-57.74,2.343,-1,0.0000,-1.00,0.0000,0
294336,1790782441541,0.09701,0.14690,0.04303,0.08904,0.01633,0.07471,0.05320,0.10643,0.23142,0.04900,0.05405,0.03889,0.09226,0.12487,0.04037,0.09665,0.01181,0.07123,0.03759,0.12093,0.25802,0.05648,0.05064,0.03915,-58.09,2.777,-1,0.0000,-1.00,0.0000,0
294429,1790782441620,0.09547,0.15331,0.02733,0.06237,0.01308,0.06237,0.03400,0.17042,0.25466,0.03458,0.04291,0.04950,0.07414,0.12655,0.02471,0.06690,0.00452,0.06004,0.01550,0.19946,0.29189,0.04054,0.03951,0.05624,-57.87,3.056,-1,0.0000,-1.00,0.0000,0
294521,1790782441718,0.05916,0.17095,0.02737,0.09187,0.01999,0.03890,0.05757,0.17553,0.19549,0.05998,0.04077,0.06243,0.02993,0.16241,0.01896,0.10199,0.01057,0.04067,0.03679,0.20656,0.21402,0.06977,0.04079,0.06752,-57.16,2.346,-1,0.0000,-1.00,0.0000,0
294614,1790782441819,0.13452,0.13630,0.01371,0.09750,0.00948,0.05807,0.02927,0.05672,0.37318,0.03023,0.03497,0.02605,0.14808,0.07900,0.00946,0.11011,0.00554,0.04063,0.01941,0.06609,0.42533,0.03512,0.03385,0.02736,-57.30,4.478,-1,0.0000,-1.00,0.0000,0
294707,1790782441899,0.18389,0.17397,0.01199,0.08867,0.01146,0.07677,0.03408,0.06236,0.24121,0.04172,0.02726,0.04663,0.20571,0.15516,0.00457,0.10178,0.00305,0.05121,0.01008,0.07382,0.26884,0.04938,0.02251,0.05388,-57.22,2.894,-1,0.0000,-1.00,0.0000,0
294800,1790782442001,0.17215,0.10113,0.04423,0.08068,0.01305,0.13560,0.05003,0.03845,0.18218,0.06740,0.07505,0.04003,0.19793,0.08119,0.03727,0.08371,0.00726,0.12369,0.04040,0.04213,0.20171,0.07933,0.06541,0.03996,-56.87,2.186,-1,0.0000,-1.00,0.0000,0
294893,1790782442079,0.09923,0.12583,0.02919,0.03095,0.01810,0.15215,0.03227,0.04631,0.19931,0.10070,0.10964,0.05633,0.10873,0.10415,0.01138,0.01735,0.00910,0.16075,0.01790,0.05335,0.23522,0.11902,0.09951,0.06354,-56.84,2.392,-1,0.0000,-1.00,0.0000,0
294986,1790782442180,0.25403,0.10986,0.01358,0.04319,0.01142,0.13041,0.03261,0.02389,0.21139,0.05423,0.07470,0.04071,0.29427,0.08749,0.00358,0.03785,0.00486,0.09793,0.02173,0.02792,0.24579,0.06401,0.07009,0.04447,-56.50,3.048,-1,0.0000,-1.00,0.0000,0
295079,1790782442259,0.10744,0.10147,0.01180,0.04308,0.00903,0.16067,0.02874,0.02474,0.36348,0.02961,0.08533,0.03460,0.12315,0.03673,0.00725,0.03796,0.00366,0.16811,0.02716,0.02821,0.42802,0.03476,0.06892,0.03607,-55.90,4.362,-1,0.0000,-1.00,0.0000,0
295172,1790782442360,0.29731,0.06204,0.01528,0.04343,0.01098,0.13385,0.02014,0.02899,0.23534,0.05244,0.06422,0.03599,0.34983,0.02004,0.00605,0.04036,0.00544,0.09104,0.02003,0.03366,0.27391,0.06184,0.05890,0.03890,-56.23,3.568,-1,0.0000,-1.00,0.0000,0
295264,1790782442475,0.16266,0.10058,0.01313,0.05632,0.00989,0.07451,0.02956,0.12841,0.28521,0.03917,0.06601,0.03458,0.16257,0.05777,0.00661,0.05405,0.00473,0.05705,0.02396,0.15255,0.33103,0.04599,0.06778,0.03590,-57.13,3.422,-1,0.0000,-1.00,0.0000,0
295357,1790782442542,0.28171,0.07898,0.01742,0.05202,0.00741,0.11469,0.02598,0.08023,0.17598,0.06147,0.07514,0.02899,0.31874,0.05470,0.00638,0.04740,0.00279,0.07424,0.02028,0.09487,0.20147,0.07310,0.07532,0.03071,-57.56,3.380,-1,0.0000,-1.00,0.0000,0
295450,1790782442642,0.13271,0.10428,0.01454,0.05701,0.02800,0.08148,0.03932,0.17536,0.14328,0.02365,0.06668,0.13368,0.11510,0.09576,0.01192,0.05542,0.00289,0.07482,0.02780,0.20810,0.16069,0.02777,0.06507,0.15466,-57.45,2.104,-1,0.0000,-1.00,0.0000,0
295543,1790782442720,0.16570,0.15667,0.00915,0.03016,0.01506,0.08555,0.04232,0.09350,0.25404,0.03620,0.04997,0.06169,0.17644,0.12850,0.00247,0.02692,0.00438,0.06753,0.02524,0.11154,0.29877,0.04281,0.04649,0.06892,-57.20,3.049,-1,0.0000,-1.00,0.0000,0
295636,1790782442839,0.08651,0.12130,0.02147,0.04841,0.01575,0.10290,0.04065,0.10781,0.28231,0.04829,0.06883,0.05578,0.07763,0.08097,0.01452,0.04589,0.00687,0.10792,0.03212,0.12685,0.32918,0.05650,0.06108,0.06047,-57.58,3.388,-1,0.0000,-1.00,0.0000,0
295729,1790782442919,0.10847,0.09121,0.03930,0.07228,0.01338,0.08363,0.06493,0.06144,0.21883,0.16264,0.04535,0.03855,0.11603,0.06061,0.00872,0.07886,0.00954,0.07720,0.06579,0.07189,0.24603,0.19353,0.03904,0.03275,-56.31,2.626,-1,0.0000,-1.00,0.0000,0
295822,1790782443021,0.17503,0.13249,0.02976,0.03754,0.00843,0.09529,0.04640,0.02792,0.31328,0.08871,0.02359,0.02157,0.20340,0.08627,0.01484,0.04228,0.00649,0.07386,0.03849,0.03051,0.36700,0.10501,0.01363,0.01821,-55.04,3.759,-1,0.0000,-1.00,0.0000,0
295915,1790782443119,0.14269,0.12959,0.05996,0.03706,0.01074,0.07789,0.07106,0.02543,0.10176,0.27394,0.03650,0.03336,0.16518,0.13261,0.00706,0.03812,0.00725,0.06059,0.05870,0.02923,0.11438,0.32681,0.03173,0.02834,-55.20,3.287,-1,0.0000,-1.00,0.0000,0
296007,1790782443199,0.16307,0.06701,0.04707,0.04886,0.02115,0.08936,0.05345,0.03678,0.16817,0.20650,0.03581,0.06275,0.18710,0.04242,0.00785,0.05280,0.01265,0.06999,0.05537,0.04278,0.19105,0.24492,0.02904,0.06403,-55.89,2.478,-1,0.0000,-1.00,0.0000,0
296100,1790782443300,0.06212,0.10441,0.04387,0.06746,0.01850,0.07644,0.05704,0.07300,0.22499,0.09481,0.09773,0.07963,0.05829,0.07406,0.03025,0.06077,0.00536,0.08004,0.05366,0.08147,0.25752,0.11257,0.10124,0.08478,-56.95,2.700,-1,0.0000,-1.00,0.0000,0
296193,1790782443379,0.09434,0.14860,0.03341,0.09052,0.01461,0.07631,0.03201,0.08098,0.18221,0.15064,0.04962,0.04674,0.09399,0.13870,0.00452,0.09954,0.00683,0.07281,0.01086,0.09614,0.19855,0.17919,0.04502,0.05385,-57.79,2.186,-1,0.0000,-1.00,0.0000,0
296286,1790782443480,0.02903,0.15154,0.03110,0.11599,0.01244,0.07337,0.02866,0.03451,0.28624,0.12869,0.05904,0.04939,0.02640,0.11906,0.00684,0.12821,0.00359,0.08268,0.01061,0.04013,0.31757,0.15349,0.05436,0.05708,-57.79,3.435,-1,0.0000,-1.00,0.0000,0
296379,1790782443560,0.03627,0.10855,0.04574,0.13334,0.02077,0.11832,0.03822,0.03647,0.23656,0.11170,0.07881,0.03524,0.03636,0.08012,0.02848,0.14635,0.01777,0.13457,0.02991,0.03805,0.25193,0.13283,0.06776,0.03586,-58.06,2.839,-1,0.0000,-1.00,0.0000,0
296472,1790782443661,0.02284,0.17359,0.04890,0.13613,0.01926,0.06478,0.04391,0.03873,0.28685,0.05252,0.04983,0.06265,0.01998,0.14603,0.04636,0.15418,0.00913,0.07366,0.02362,0.03727,0.31261,0.06167,0.04510,0.07038,-57.97,3.442,-1,0.0000,-1.00,0.0000,0
296565,1790782443759,0.05603,0.06930,0.07380,0.09538,0.02146,0.09422,0.04977,0.07489,0.24056,0.07735,0.10995,0.03728,0.04996,0.02964,0.07067,0.09221,0.01854,0.10300,0.04280,0.08669,0.26939,0.08959,0.11133,0.03619,-57.22,2.887,-1,0.0000,-1.00,0.0000,0
296658,1790782443839,0.02521,0.17354,0.07407,0.08312,0.02270,0.06464,0.05893,0.09566,0.18211,0.06200,0.06827,0.08976,0.01041,0.16808,0.07431,0.08634,0.00734,0.07539,0.03729,0.09989,0.20109,0.07284,0.06686,0.10016,-56.89,2.185,-1,0.0000,-1.00,0.0000,0
296751,1790782443943,0.08407,0.09028,0.04096,0.09977,0.02131,0.05974,0.07252,0.07888,0.19195,0.05686,0.11152,0.09215,0.07630,0.07348,0.03578,0.09528,0.00648,0.05646,0.07234,0.08742,0.21086,0.06709,0.12243,0.09608,-57.26,2.303,-1,0.0000,-1.00,0.0000,0
296843,1790782444021,0.05608,0.13582,0.03947,0.11077,0.02704,0.09332,0.03486,0.07175,0.13020,0.10598,0.12584,0.06888,0.05072,0.13731,0.02257,0.10684,0.01676,0.10176,0.01448,0.08158,0.13380,0.12469,0.13062,0.07888,-57.52,1.630,-1,0.0000,-1.00,0.0000,0
296936,1790782444139,0.05016,0.15103,0.02010,0.24255,0.01828,0.06271,0.03801,0.04306,0.19432,0.05339,0.08093,0.04547,0.05031,0.14572,0.01172,0.27397,0.01175,0.06517,0.01653,0.04940,0.17781,0.06236,0.08406,0.05121,-57.74,2.911,-1,0.0000,-1.00,0.0000,0
297029,1790782444219,0.07371,0.08324,0.03135,0.18061,0.03748,0.07769,0.04466,0.04207,0.21712,0.07121,0.07908,0.06179,0.08022,0.05657,0.02136,0.20069,0.03137,0.07793,0.04230,0.04618,0.21774,0.08175,0.07931,0.06460,-57.67,2.605,-1,0.0000,-1.00,0.0000,0
297122,1790782444319,0.03978,0.15465,0.01167,0.22533,0.01102,0.09921,0.04501,0.02616,0.20699,0.04429,0.09142,0.04447,0.04080,0.14733,0.00355,0.25264,0.00369,0.11079,0.02473,0.03065,0.19764,0.05263,0.08758,0.04798,-57.08,2.704,-1,0.0000,-1.00,0.0000,0
297215,1790782444420,0.03925,0.14864,0.01587,0.19623,0.02090,0.05236,0.02605,0.02376,0.27815,0.05958,0.09885,0.04034,0.04129,0.12123,0.00547,0.21379,0.01583,0.05456,0.00719,0.02738,0.29081,0.06836,0.10763,0.04647,-56.89,3.338,-1,0.0000,-1.00,0.0000,0
297308,1790782444500,0.03669,0.20363,0.01927,0.12541,0.01136,0.08664,0.04590,0.01713,0.22762,0.06923,0.12583,0.03132,0.03935,0.19562,0.00691,0.12415,0.00681,0.09601,0.01621,0.01915,0.24812,0.08160,0.13174,0.03431,-57.25,2.731,-1,0.0000,-1.00,0.0000,0
297401,1790782444601,0.03007,0.19703,0.02972,0.13071,0.01892,0.10584,0.04177,0.02970,0.23246,0.03424,0.08730,0.06223,0.02866,0.18777,0.02780,0.14065,0.00838,0.12114,0.01161,0.03129,0.25066,0.03937,0.08060,0.07206,-57.34,2.790,-1,0.0000,-1.00,0.0000,0
297494,1790782444679,0.04043,0.06954,0.14437,0.10617,0.02758,0.05984,0.05135,0.07967,0.16237,0.05203,0.15721,0.04946,0.03587,0.04838,0.16154,0.09241,0.02328,0.06465,0.05194,0.06344,0.17624,0.05773,0.17555,0.04897,-57.05,1.948,-1,0.0000,-1.00,0.0000,0
297586,1790782444780,0.07948,0.07523,0.09064,0.07127,0.02239,0.07202,0.03833,0.04855,0.26495,0.07007,0.08631,0.08076,0.07130,0.04668,0.09232,0.06774,0.00924,0.07216,0.03400,0.04255,0.30404,0.08213,0.08912,0.08873,-56.48,3.179,-1,0.0000,-1.00,0.0000,0
297679,1790782444860,0.10699,0.11346,0.04033,0.15954,0.02702,0.05346,0.03387,0.01938,0.27006,0.05625,0.06608,0.05357,0.11943,0.08347,0.03576,0.17706,0.02043,0.04038,0.01974,0.02043,0.28850,0.06335,0.07117,0.06027,-56.33,3.241,-1,0.0000,-1.00,0.0000,0
297772,1790782444959,0.06603,0.23664,0.06352,0.07659,0.03232,0.04482,0.05640,0.02676,0.22310,0.05772,0.06392,0.05216,0.06467,0.24428,0.06341,0.07820,0.02704,0.04094,0.01916,0.01950,0.25152,0.06411,0.06847,0.05870,-56.85,2.840,-1,0.0000,-1.00,0.0000,0
297865,1790782445059,0.09118,0.18895,0.05534,0.09196,0.01971,0.05066,0.05738,0.05043,0.23048,0.05511,0.07105,0.03774,0.09396,0.18092,0.05376,0.09497,0.01594,0.04208,0.03290,0.04976,0.25692,0.06330,0.07680,0.03870,-56.96,2.766,-1,0.0000,-1.00,0.0000,0
297958,1790782445139,0.04581,0.13734,0.01487,0.12966,0.02368,0.05822,0.05151,0.06199,0.13511,0.04355,0.25340,0.04486,0.04031,0.13714,0.00793,0.09760,0.01915,0.06177,0.03453,0.07270,0.14108,0.04985,0.29139,0.04653,-56.70,3.041,-1,0.0000,-1.00,0.0000,0
298051,1790782445239,0.03547,0.20956,0.01496,0.07822,0.02318,0.04503,0.06161,0.06116,0.15765,0.03526,0.22099,0.05692,0.02826,0.21543,0.01007,0.04313,0.01537,0.04844,0.03059,0.07181,0.17992,0.03963,0.25520,0.06214,-56.51,2.652,-1,0.0000,-1.00,0.0000,0
298144,1790782445320,0.08493,0.10018,0.09694,0.05767,0.03441,0.04489,0.03610,0.05790,0.13626,0.04799,0.16796,0.13477,0.09352,0.08887,0.10518,0.03059,0.01050,0.03525,0.02564,0.04852,0.15721,0.05542,0.19426,0.15503,-56.54,2.015,-1,0.0000,-1.00,0.0000,0
298237,1790782445443,0.36907,0.10033,0.00659,0.09046,0.01436,0.08964,0.03464,0.03857,0.16152,0.02176,0.03847,0.03459,0.43294,0.08614,0.00301,0.10011,0.00978,0.02175,0.02443,0.04562,0.17315,0.02468,0.04179,0.03661,-56.50,4.429,-1,0.0000,-1.00,0.0000,0
298329,1790782445522,0.14611,0.10655,0.03753,0.11623,0.02218,0.04488,0.03458,0.06413,0.24705,0.04562,0.08001,0.05512,0.16050,0.07375,0.03470,0.12113,0.01439,0.02196,0.02324,0.07353,0.27202,0.05181,0.09152,0.06144,-56.02,2.965,-1,0.0000,-1.00,0.0000,0
298422,1790782445622,0.11993,0.07431,0.01565,0.14424,0.01266,0.03273,0.02646,0.09047,0.34443,0.03671,0.07737,0.02503,0.12250,0.01341,0.01036,0.15505,0.01035,0.01494,0.02845,0.10695,0.38153,0.04237,0.08975,0.02435,-55.31,4.133,-1,0.0000,-1.00,0.0000,0
298515,1790782445722,0.16602,0.05801,0.02064,0.15842,0.01877,0.03301,0.01661,0.11738,0.23389,0.07909,0.06107,0.03709,0.17127,0.02085,0.00646,0.17558,0.01321,0.00669,0.01564,0.13950,0.24545,0.09215,0.07186,0.04134,-55.50,2.807,-1,0.0000,-1.00,0.0000,0
298608,1790782445799,0.23669,0.03684,0.01278,0.15994,0.01701,0.04566,0.03061,0.17815,0.15041,0.04075,0.05845,0.03272,0.24021,0.01687,0.00599,0.17804,0.01391,0.00709,0.03302,0.21260,0.14395,0.04705,0.06863,0.03266,-55.75,2.840,-1,0.0000,-1.00,0.0000,0
298701,1790782445901,0.12679,0.04633,0.01663,0.13447,0.02616,0.01854,0.01866,0.23148,0.23500,0.07780,0.03404,0.03411,0.09703,0.00573,0.00238,0.15317,0.02407,0.00298,0.02123,0.27689,0.25114,0.08853,0.04019,0.03666,-55.25,2.820,-1,0.0000,-1.00,0.0000,0
298794,1790782445979,0.21442,0.02155,0.02152,0.10665,0.03948,0.03864,0.01980,0.17448,0.09892,0.09792,0.12876,0.03788,0.21742,0.00615,0.00401,0.09740,0.03763,0.00512,0.02251,0.20827,0.09922,0.10987,0.15327,0.03914,-55.52,2.573,-1,0.0000,-1.00,0.0000,0
298887,1790782446081,0.07225,0.03785,0.01710,0.10379,0.02981,0.01645,0.03812,0.13927,0.17638,0.01496,0.31566,0.03836,0.05418,0.00541,0.01806,0.04974,0.02835,0.00897,0.04449,0.16342,0.20148,0.01230,0.37645,0.03715,-56.34,3.788,-1,0.0000,-1.00,0.0000,0
298980,1790782446160,0.10510,0.03543,0.01088,0.07511,0.02619,0.11808,0.10935,0.15104,0.11277,0.03227,0.16214,0.06166,0.09022,0.01795,0.00622,0.05634,0.02174,0.12361,0.12744,0.17978,0.12395,0.03435,0.16977,0.04862,-56.27,1.946,-1,0.0000,-1.00,0.0000,0
299073,1790782446259,0.08132,0.02019,0.01231,0.11993,0.02977,0.06572,0.04077,0.10293,0.09275,0.01904,0.33626,0.07902,0.07451,0.00477,0.01097,0.06634,0.01900,0.06397,0.04791,0.12115,0.09799,0.01905,0.39024,0.08410,-55.83,4.035,-1,0.0000,-1.00,0.0000,0
299165,1790782446360,0.06794,0.02927,0.02113,0.13949,0.01454,0.03678,0.02244,0.07755,0.14971,0.02448,0.36180,0.05488,0.06334,0.00317,0.01971,0.08244,0.00542,0.03152,0.02620,0.08907,0.16304,0.02826,0.42728,0.06057,-56.31,4.342,-1,0.0000,-1.00,0.0000,0
299258,1790782446444,0.11669,0.04377,0.01400,0.07721,0.02791,0.04975,0.04286,0.12958,0.19315,0.02953,0.21943,0.05613,0.10935,0.00822,0.01062,0.04189,0.02204,0.03794,0.04916,0.15373,0.22310,0.03104,0.25541,0.05751,-56.33,2.633,-1,0.0000,-1.00,0.0000,0
299351,1790782446541,0.13334,0.03855,0.03240,0.16155,0.03282,0.03858,0.04192,0.05480,0.19557,0.02922,0.19257,0.04868,0.14796,0.00557,0.03304,0.14849,0.02968,0.01689,0.04865,0.05959,0.20490,0.02913,0.22740,0.04868,-56.25,2.347,-1,0.0000,-1.00,0.0000,0
299444,1790782446639,0.10739,0.03270,0.00778,0.17839,0.02170,0.02911,0.02306,0.08025,0.16966,0.02123,0.27635,0.05237,0.10980,0.00472,0.00485,0.14863,0.01461,0.01312,0.02670,0.09520,0.17383,0.02254,0.32853,0.05746,-57.10,3.316,-1,0.0000,-1.00,0.0000,0
299537,1790782446739,0.07662,0.04078,0.00763,0.21310,0.01753,0.02563,0.03795,0.06175,0.19805,0.02037,0.28208,0.01851,0.07728,0.00924,0.00502,0.18894,0.01831,0.01539,0.04332,0.07332,0.19986,0.02077,0.33495,0.01359,-57.72,3.385,-1,0.0000,-1.00,0.0000,0
299630,1790782446819,0.08923,0.04230,0.00843,0.24086,0.02142,0.02303,0.04434,0.03434,0.22510,0.02510,0.21418,0.03168,0.09887,0.00657,0.00493,0.23805,0.02016,0.00799,0.05142,0.04058,0.22253,0.02608,0.25505,0.02776,-57.77,2.890,-1,0.0000,-1.00,0.0000,0
299723,1790782446919,0.06033,0.05036,0.07842,0.18529,0.02494,0.02796,0.03216,0.03869,0.24855,0.04278,0.16056,0.04995,0.06668,0.00856,0.08457,0.18468,0.01952,0.02029,0.03684,0.02959,0.26122,0.04739,0.18837,0.05229,-57.55,2.983,-1,0.0000,-1.00,0.0000,0
299816,1790782447022,0.03810,0.06839,0.09339,0.17186,0.02862,0.01387,0.02759,0.05931,0.33607,0.02187,0.12043,0.02049,0.03573,0.00911,0.10788,0.17773,0.02981,0.01036,0.03085,0.05009,0.36746,0.02029,0.14225,0.01843,-57.35,4.033,-1,0.0000,-1.00,0.0000,0
299908,1790782447101,0.04278,0.05214,0.01441,0.28546,0.03368,0.02108,0.05551,0.05621,0.30239,0.02044,0.07153,0.04437,0.03812,0.00421,0.01292,0.32575,0.03233,0.01771,0.06416,0.06631,0.29389,0.02195,0.08219,0.04045,-57.77,3.629,-1,0.0000,-1.00,0.0000,0
300001,1790782447200,0.02691,0.05157,0.14027,0.28297,0.02462,0.00640,0.02402,0.06231,0.23687,0.01601,0.10645,0.02159,0.02389,0.01787,0.16527,0.31389,0.02536,0.00293,0.02498,0.04217,0.22160,0.01416,0.12698,0.02092,-57.69,3.396,-1,0.0000,-1.00,0.0000,0
300094,1790782447280,0.02990,0.03491,0.25387,0.14668,0.02629,0.01766,0.03650,0.09381,0.17260,0.04712,0.10893,0.03174,0.02509,0.00674,0.29402,0.15051,0.02563,0.01619,0.04240,0.05412,0.17698,0.05138,0.12731,0.02963,-56.22,3.046,-1,0.0000,-1.00,0.0000,0
300187,1790782447380,0.12621,0.05036,0.01208,0.12891,0.03311,0.03694,0.03716,0.08453,0.20686,0.04521,0.13600,0.10264,0.13126,0.01604,0.00440,0.12287,0.01691,0.01824,0.04103,0.10072,0.22351,0.05082,0.15935,0.11485,-55.45,2.482,-1,0.0000,-1.00,0.0000,0
300280,1790782447481,0.17602,0.02111,0.06199,0.08003,0.02020,0.05901,0.02439,0.20598,0.12768,0.04477,0.11748,0.06136,0.16126,0.00072,0.06406,0.06951,0.01073,0.03874,0.02798,0.23521,0.13921,0.05151,0.13309,0.06798,-55.40,2.472,-1,0.0000,-1.00,0.0000,0
300373,1790782447561,0.10980,0.05596,0.01964,0.13611,0.02237,0.06621,0.01912,0.08492,0.20397,0.06226,0.13173,0.08791,0.11086,0.02477,0.00897,0.13406,0.00663,0.05735,0.01791,0.10007,0.21767,0.07345,0.14647,0.10178,-55.71,2.448,-1,0.0000,-1.00,0.0000,0
300466,1790782447661,0.01981,0.13498,0.07738,0.11935,0.01445,0.02522,0.04126,0.03732,0.24113,0.08568,0.17551,0.02790,0.01774,0.10855,0.07277,0.10237,0.01179,0.02670,0.02792,0.03029,0.26832,0.10065,0.20501,0.02789,-56.74,2.894,-1,0.0000,-1.00,0.0000,0
300559,1790782447742,0.02452,0.10313,0.03241,0.19334,0.02362,0.01762,0.03355,0.03236,0.24102,0.05616,0.17819,0.06407,0.02244,0.07379,0.02605,0.19000,0.01403,0.01666,0.02417,0.03501,0.25113,0.06452,0.21021,0.07199,-57.17,2.892,-1,0.0000,-1.00,0.0000,0
300651,1790782447841,0.09310,0.06128,0.08207,0.09938,0.02427,0.02804,0.06577,0.05198,0.14885,0.07742,0.21250,0.05533,0.09845,0.04478,0.08063,0.06916,0.01869,0.01409,0.06993,0.04631,0.16435,0.08936,0.25183,0.05244,-57.10,2.550,-1,0.0000,-1.00,0.0000,0
300744,1790782447942,0.12380,0.04350,0.02127,0.16620,0.03096,0.05046,0.04831,0.07080,0.18127,0.04463,0.16737,0.05144,0.13201,0.01538,0.01594,0.16073,0.02701,0.03430,0.05415,0.08236,0.18534,0.04812,0.19375,0.05090,-57.07,2.175,-1,0.0000,-1.00,0.0000,0
300837,1790782448040,0.17425,0.04616,0.02019,0.20267,0.01325,0.07195,0.04266,0.02718,0.22679,0.02538,0.10224,0.04727,0.20167,0.01085,0.01842,0.22038,0.00645,0.04623,0.04572,0.03217,0.22806,0.02914,0.11335,0.04757,-56.76,2.721,-1,0.0000,-1.00,0.0000,0
300930,1790782448119,0.04004,0.04635,0.19961,0.09873,0.01951,0.01194,0.02532,0.10381,0.19817,0.03256,0.17571,0.04825,0.03236,0.01150,0.23194,0.07687,0.01300,0.00789,0.02769,0.07878,0.22213,0.03652,0.20898,0.05233,-57.14,2.395,-1,0.0000,-1.00,0.0000,0
301023,1790782448219,0.12596,0.04192,0.02832,0.14186,0.02129,0.04081,0.03229,0.04519,0.14674,0.07204,0.26420,0.03939,0.14092,0.02032,0.01752,0.10805,0.01766,0.02096,0.03466,0.05067,0.15440,0.08281,0.31241,0.03960,-56.95,3.170,-1,0.0000,-1.00,0.0000,0
301116,1790782448318,0.12948,0.02464,0.05030,0.10823,0.03662,0.10853,0.04543,0.10320,0.06859,0.05005,0.24410,0.03082,0.13215,0.01620,0.04990,0.07578,0.03849,0.10385,0.04894,0.11605,0.06717,0.05234,0.27191,0.02723,-55.97,2.929,-1,0.0000,-1.00,0.0000,0
301209,1790782448399,0.09214,0.03927,0.03157,0.10677,0.04456,0.06994,0.02351,0.09049,0.11608,0.04385,0.27226,0.06956,0.08999,0.02207,0.02890,0.06586,0.03780,0.06597,0.02349,0.10301,0.12603,0.04505,0.31316,0.07869,-55.94,3.267,-1,0.0000,-1.00,0.0000,0
301302,1790782448499,0.13292,0.07058,0.02841,0.06042,0.05039,0.04539,0.01959,0.11738,0.21644,0.04997,0.13565,0.07285,0.13189,0.03513,0.02386,0.04129,0.04370,0.02824,0.01592,0.13651,0.25103,0.05135,0.15695,0.08414,-56.46,2.597,-1,0.0000,-1.00,0.0000,0
301395,1790782448580,0.09429,0.09976,0.01492,0.09893,0.04297,0.04982,0.04608,0.05716,0.17110,0.03059,0.23663,0.05775,0.09958,0.08140,0.01216,0.06390,0.03925,0.03996,0.03751,0.06764,0.19235,0.02888,0.27562,0.06176,-57.12,2.840,-1,0.0000,-1.00,0.0000,0
301487,1790782448679,0.10064,0.05699,0.01242,0.13940,0.04392,0.04405,0.03076,0.05835,0.24851,0.03597,0.10878,0.12023,0.10694,0.01485,0.00733,0.14244,0.02538,0.03158,0.03353,0.06884,0.26953,0.03807,0.12408,0.13741,-57.15,2.982,-1,0.0000,-1.00,0.0000,0
301580,1790782448758,0.10761,0.05045,0.01439,0.14345,0.03271,0.03243,0.02981,0.08484,0.21828,0.01724,0.12498,0.14380,0.10950,0.01422,0.01339,0.14287,0.00637,0.01715,0.03232,0.09959,0.23323,0.01940,0.14636,0.16560,-56.46,2.619,-1,0.0000,-1.00,0.0000,0
301673,1790782448859,0.31777,0.03941,0.00745,0.09408,0.02269,0.06894,0.01884,0.05814,0.19348,0.02487,0.07734,0.07697,0.36708,0.00499,0.00341,0.09474,0.00976,0.00984,0.02155,0.06904,0.21305,0.02787,0.09072,0.08796,-56.08,3.813,-1,0.0000,-1.00,0.0000,0
301766,1790782448983,0.29159,0.03803,0.02978,0.10552,0.02900,0.06374,0.03222,0.04238,0.20365,0.02094,0.05470,0.08843,0.34055,0.00167,0.03131,0.11380,0.01525,0.00887,0.03820,0.04465,0.22147,0.02207,0.06379,0.09839,-56.06,3.499,-1,0.0000,-1.00,0.0000,0
301859,1790782449040,0.10789,0.04799,0.03351,0.15802,0.02825,0.02479,0.02729,0.03052,0.26190,0.03588,0.18578,0.05817,0.11407,0.01015,0.03242,0.14552,0.02073,0.00758,0.03008,0.03076,0.28487,0.03899,0.22110,0.06374,-56.31,3.143,-1,0.0000,-1.00,0.0000,0
301952,1790782449140,0.09857,0.04013,0.02829,0.11200,0.02543,0.02599,0.02807,0.14081,0.16497,0.02142,0.26270,0.05161,0.08582,0.01183,0.02949,0.07235,0.01944,0.01413,0.03129,0.16288,0.18288,0.02226,0.31198,0.05564,-56.09,3.152,-1,0.0000,-1.00,0.0000,0
302045,1790782449239,0.08933,0.02774,0.04169,0.06912,0.03786,0.01934,0.00833,0.28203,0.14700,0.03384,0.08859,0.15512,0.04157,0.00077,0.04226,0.06238,0.00875,0.01506,0.00915,0.33024,0.16378,0.03882,0.10317,0.18406,-55.62,3.384,-1,0.0000,-1.00,0.0000,0
302138,1790782449340,0.09993,0.01985,0.12921,0.08278,0.03038,0.02179,0.02631,0.25818,0.09820,0.03088,0.11243,0.09006,0.06422,0.00334,0.14809,0.07302,0.01588,0.01372,0.03077,0.28010,0.10311,0.03394,0.13200,0.10181,-55.75,3.098,-1,0.0000,-1.00,0.0000,0
302230,1790782449419,0.10379,0.01972,0.15630,0.07935,0.02266,0.02669,0.02785,0.24880,0.05882,0.02596,0.16364,0.06641,0.07240,0.01190,0.18161,0.05691,0.01259,0.01762,0.03098,0.26215,0.05920,0.02861,0.19258,0.07344,-55.63,2.986,-1,0.0000,-1.00,0.0000,0
302323,1790782449522,0.08667,0.01743,0.11555,0.10701,0.02366,0.02979,0.02787,0.20711,0.09018,0.02809,0.17636,0.09028,0.05928,0.00331,0.13209,0.08727,0.00816,0.02395,0.03193,0.22279,0.09068,0.03211,0.20657,0.10185,-55.35,2.485,-1,0.0000,-1.00,0.0000,0
302416,1790782449620,0.04704,0.01967,0.10545,0.10336,0.01581,0.02053,0.02134,0.16700,0.08306,0.02253,0.34093,0.05330,0.02146,0.00555,0.12129,0.04366,0.00725,0.02035,0.02448,0.17606,0.09087,0.02556,0.40448,0.05901,-55.18,4.091,-1,0.0000,-1.00,0.0000,0
302509,1790782449698,0.05849,0.01337,0.12018,0.09997,0.04095,0.01870,0.02951,0.15382,0.07326,0.03153,0.25799,0.10223,0.03843,0.00144,0.13754,0.05909,0.02608,0.01487,0.03492,0.15721,0.07605,0.03263,0.30619,0.11557,-55.34,3.096,-1,0.0000,-1.00,0.0000,0
302602,1790782449800,0.05399,0.01198,0.15579,0.08129,0.02751,0.01502,0.02245,0.21391,0.05812,0.02851,0.23850,0.09293,0.02009,0.00305,0.18037,0.04131,0.01179,0.01415,0.02629,0.22056,0.06146,0.03182,0.28297,0.10615,-56.26,2.862,-1,0.0000,-1.00,0.0000,0
302695,1790782449880,0.04825,0.01705,0.13186,0.08760,0.02717,0.01833,0.03789,0.19398,0.06222,0.02837,0.22781,0.11947,0.01749,0.00789,0.15149,0.05158,0.00591,0.01849,0.04384,0.20241,0.06432,0.03282,0.26930,0.13446,-56.35,2.734,-1,0.0000,-1.00,0.0000,0
302788,1790782449981,0.06809,0.01766,0.14505,0.07627,0.03943,0.01325,0.02930,0.26472,0.05792,0.05233,0.16598,0.07000,0.02408,0.01049,0.16263,0.05240,0.03192,0.01110,0.03303,0.28496,0.05902,0.05638,0.19668,0.07733,-56.27,3.177,-1,0.0000,-1.00,0.0000,0
302881,1790782450061,0.06138,0.01912,0.11132,0.16723,0.01993,0.01618,0.04858,0.22222,0.10294,0.02710,0.15412,0.04987,0.02577,0.00492,0.12749,0.16436,0.01374,0.01482,0.05724,0.24100,0.09077,0.02975,0.18174,0.04840,-56.26,2.667,-1,0.0000,-1.00,0.0000,0
302973,1790782450161,0.08096,0.01566,0.07476,0.13491,0.01672,0.00983,0.06055,0.34494,0.07622,0.02004,0.11028,0.05512,0.01784,0.00656,0.08518,0.13580,0.00924,0.00874,0.07116,0.39653,0.06441,0.02218,0.13041,0.05194,-56.11,4.139,-1,0.0000,-1.00,0.0000,0
303066,1790782450259,0.07513,0.00886,0.09784,0.18517,0.01358,0.01175,0.04415,0.35140,0.06556,0.01797,0.10408,0.02451,0.01101,0.00281,0.11346,0.19763,0.01251,0.01189,0.05234,0.39857,0.03938,0.01905,0.12235,0.01899,-55.66,4.217,-1,0.0000,-1.00,0.0000,0
303159,1790782450340,0.07719,0.00991,0.04907,0.16056,0.01241,0.01121,0.04274,0.36992,0.06346,0.01551,0.14762,0.04040,0.00675,0.00305,0.05540,0.15780,0.00727,0.01209,0.05061,0.43227,0.04476,0.01714,0.17449,0.03837,-56.12,4.439,-1,0.0000,-1.00,0.0000,0
303252,1790782450443,0.05071,0.01282,0.05271,0.23451,0.01791,0.01516,0.06842,0.18453,0.08346,0.03408,0.19115,0.05454,0.01906,0.00491,0.05540,0.23619,0.01074,0.01534,0.08074,0.21039,0.05276,0.03913,0.22601,0.04934,-57.49,2.814,-1,0.0000,-1.00,0.0000,0
303345,1790782450541,0.05436,0.01398,0.01958,0.23350,0.02298,0.02369,0.03825,0.14857,0.08702,0.04076,0.27664,0.04067,0.03105,0.00453,0.01456,0.21495,0.01977,0.02223,0.04493,0.17514,0.06166,0.04492,0.32708,0.03919,-57.61,3.320,-1,0.0000,-1.00,0.0000,0
303438,1790782450644,0.03413,0.01868,0.02084,0.32363,0.01891,0.01113,0.05954,0.08131,0.12518,0.02883,0.23126,0.04657,0.02068,0.00738,0.01864,0.33326,0.01312,0.01046,0.06988,0.09373,0.08393,0.03194,0.27504,0.04194,-58.42,3.884,-1,0.0000,-1.00,0.0000,0
303531,1790782450721,0.02883,0.01821,0.05501,0.42129,0.01390,0.01465,0.02689,0.06405,0.14547,0.02895,0.15296,0.02978,0.02142,0.00594,0.05935,0.46910,0.00803,0.01608,0.03104,0.06499,0.08131,0.03310,0.18010,0.02954,-59.26,5.055,-1,0.0000,-1.00,0.0000,0
303624,1790782450820,0.04547,0.02621,0.02284,0.35801,0.02168,0.01160,0.01979,0.10683,0.17294,0.02022,0.16862,0.02579,0.03000,0.00567,0.02322,0.38935,0.01798,0.01071,0.02250,0.12350,0.12981,0.02089,0.19992,0.02645,-58.89,4.296,-1,0.0000,-1.00,0.0000,0
303717,1790782450920,0.03301,0.02308,0.01492,0.32851,0.01700,0.01334,0.01613,0.07800,0.14988,0.02813,0.27411,0.02388,0.02145,0.00498,0.01180,0.32898,0.01542,0.01174,0.01814,0.09133,0.11437,0.03065,0.32613,0.02501,-58.17,3.942,-1,0.0000,-1.00,0.0000,0
303809,1790782451000,0.01934,0.02053,0.01217,0.31354,0.01705,0.01233,0.02110,0.03606,0.11407,0.02471,0.37358,0.03553,0.01494,0.00879,0.00923,0.28743,0.01291,0.01181,0.02344,0.04148,0.07970,0.02705,0.44529,0.03793,-58.32,4.483,-1,0.0000,-1.00,0.0000,0
303902,1790782451101,0.02690,0.02071,0.01443,0.30434,0.00930,0.00721,0.01311,0.07892,0.11752,0.01021,0.38285,0.01449,0.01405,0.00766,0.01519,0.27396,0.00826,0.00585,0.01407,0.09169,0.08651,0.01060,0.45759,0.01458,-58.86,4.594,-1,0.0000,-1.00,0.0000,0
303995,1790782451179,0.03092,0.02739,0.01131,0.42462,0.01434,0.00651,0.00852,0.07041,0.22324,0.01448,0.15222,0.01605,0.01393,0.00529,0.01066,0.47284,0.01376,0.00504,0.00913,0.08229,0.17376,0.01462,0.18139,0.01731,-59.14,5.095,-1,0.0000,-1.00,0.0000,0
304088,1790782451279,0.04973,0.02771,0.00837,0.27475,0.03207,0.00671,0.03229,0.17714,0.15271,0.02094,0.17984,0.03773,0.01776,0.00821,0.00626,0.28668,0.03093,0.00453,0.03706,0.21102,0.12609,0.01902,0.21460,0.03786,-58.85,3.297,-1,0.0000,-1.00,0.0000,0
304181,1790782451359,0.02977,0.01874,0.00665,0.46715,0.02335,0.00642,0.04906,0.10219,0.16003,0.01305,0.09541,0.02816,0.01160,0.00558,0.00578,0.53731,0.02355,0.00540,0.05754,0.12144,0.08512,0.01109,0.11325,0.02234,-58.75,5.606,-1,0.0000,-1.00,0.0000,0
304274,1790782451478,0.03362,0.02344,0.00750,0.44392,0.02018,0.01183,0.02458,0.08317,0.18038,0.00930,0.11470,0.04740,0.02082,0.00508,0.00733,0.50507,0.01403,0.01005,0.02844,0.09820,0.11601,0.00836,0.13545,0.05116,-59.01,5.327,-1,0.0000,-1.00,0.0000,0
304367,1790782451562,0.04416,0.02073,0.01043,0.46146,0.01402,0.01455,0.01866,0.11766,0.15805,0.00929,0.09119,0.03980,0.02502,0.00855,0.01061,0.53177,0.00816,0.01247,0.02065,0.13890,0.08396,0.00951,0.10679,0.04360,-58.84,5.537,-1,0.0000,-1.00,0.0000,0
304460,1790782451642,0.02682,0.02073,0.00551,0.49179,0.01588,0.02389,0.00956,0.07309,0.15299,0.01056,0.12280,0.04637,0.01537,0.01057,0.00440,0.56112,0.00846,0.02558,0.00906,0.08701,0.07199,0.01107,0.14208,0.05329,-58.89,5.902,-1,0.0000,-1.00,0.0000,0
304552,1790782451760,0.02424,0.01895,0.00262,0.53020,0.00983,0.01080,0.01742,0.07480,0.16193,0.00796,0.10938,0.03188,0.01134,0.00821,0.00144,0.60974,0.00497,0.01070,0.01924,0.08935,0.07315,0.00855,0.12894,0.03438,-57.84,6.362,-1,0.0000,-1.00,0.0000,0
304645,1790782451842,0.03707,0.01432,0.00394,0.43914,0.00861,0.02612,0.00774,0.05273,0.11535,0.00777,0.27755,0.00967,0.03125,0.00862,0.00306,0.46139,0.00480,0.02862,0.00745,0.06269,0.04675,0.00836,0.32689,0.01011,-57.55,5.270,-1,0.0000,-1.00,0.0000,0
304738,1790782451943,0.04068,0.01506,0.00601,0.53376,0.01144,0.01580,0.01015,0.07258,0.12992,0.00681,0.15210,0.00569,0.03154,0.01094,0.00589,0.60412,0.00825,0.01714,0.00899,0.08680,0.03583,0.00662,0.17885,0.00503,-57.80,6.405,-1,0.0000,-1.00,0.0000,0
304831,1790782452021,0.05610,0.03540,0.00650,0.42277,0.01149,0.03028,0.01156,0.11469,0.12061,0.00993,0.16909,0.01158,0.04019,0.03216,0.00585,0.46753,0.01131,0.02832,0.00737,0.13637,0.05173,0.00976,0.19700,0.01241,-57.97,5.073,-1,0.0000,-1.00,0.0000,0
304924,1790782452120,0.08110,0.02597,0.01165,0.34892,0.01241,0.04263,0.01095,0.15132,0.13934,0.01514,0.12030,0.04026,0.06140,0.01339,0.01058,0.39104,0.00567,0.03891,0.00919,0.18049,0.08944,0.01702,0.13644,0.04642,-57.91,4.187,-1,0.0000,-1.00,0.0000,0
305017,1790782452218,0.08096,0.01177,0.00661,0.45832,0.00748,0.01640,0.00598,0.10218,0.13364,0.00761,0.16232,0.00672,0.07190,0.00348,0.00633,0.51092,0.00545,0.00756,0.00623,0.12142,0.05884,0.00804,0.19300,0.00682,-57.46,5.500,-1,0.0000,-1.00,0.0000,0
305110,1790782452299,0.08006,0.01043,0.00753,0.50725,0.01132,0.01812,0.00620,0.06780,0.12138,0.01069,0.15281,0.00641,0.07996,0.00627,0.00696,0.57174,0.01228,0.00586,0.00618,0.07986,0.03211,0.01038,0.18194,0.00645,-57.30,6.087,-1,0.0000,-1.00,0.0000,0
305203,1790782452401,0.12488,0.00939,0.02069,0.44491,0.01726,0.02791,0.00706,0.09248,0.10537,0.01945,0.12716,0.00345,0.12808,0.00645,0.02084,0.50327,0.01879,0.00940,0.00708,0.10678,0.02615,0.01993,0.15050,0.00273,-56.93,5.339,-1,0.0000,-1.00,0.0000,0
305295,1790782452482,0.10604,0.01269,0.01145,0.51262,0.01245,0.02242,0.00719,0.10509,0.11923,0.02159,0.06193,0.00731,0.10300,0.01045,0.00904,0.59986,0.01142,0.00857,0.00652,0.12417,0.02395,0.02360,0.07250,0.00691,-57.20,6.151,-1,0.0000,-1.00,0.0000,0
305388,1790782452580,0.17086,0.02410,0.01926,0.11962,0.03976,0.03855,0.02430,0.20782,0.08133,0.04846,0.18880,0.03714,0.15571,0.01346,0.01313,0.09909,0.03983,0.01532,0.02561,0.24726,0.07781,0.05017,0.22319,0.03942,-57.92,2.494,-1,0.0000,-1.00,0.0000,0
305481,1790782452660,0.09061,0.02834,0.05111,0.15040,0.04549,0.03300,0.05038,0.11912,0.15761,0.06427,0.16910,0.04057,0.07114,0.01184,0.04780,0.14107,0.04638,0.02597,0.05175,0.13953,0.16089,0.06782,0.19747,0.03835,-56.57,2.029,-1,0.0000,-1.00,0.0000,0
305574,1790782452759,0.04153,0.03124,0.00828,0.53688,0.01265,0.01885,0.01418,0.05250,0.15916,0.03424,0.07071,0.01978,0.03732,0.02433,0.00222,0.62711,0.01093,0.01519,0.01217,0.06247,0.06639,0.03886,0.08172,0.02129,-55.41,6.443,-1,0.0000,-1.00,0.0000,0
305667,1790782452860,0.02896,0.04471,0.01532,0.40830,0.03043,0.02809,0.03515,0.04234,0.16270,0.06899,0.09514,0.03986,0.02393,0.03414,0.00309,0.46778,0.02838,0.02892,0.03530,0.05017,0.10222,0.07705,0.10827,0.04076,-56.32,4.900,-1,0.0000,-1.00,0.0000,0
305760,1790782452944,0.07595,0.04891,0.02442,0.17877,0.08919,0.11120,0.02043,0.04899,0.10224,0.11009,0.13301,0.05680,0.07994,0.04173,0.00681,0.18723,0.09408,0.11740,0.01602,0.05754,0.08539,0.11326,0.13610,0.06448,-56.94,2.145,-1,0.0000,-1.00,0.0000,0
305853,1790782453061,0.04483,0.03864,0.00543,0.51133,0.02081,0.06428,0.01242,0.02312,0.13458,0.02190,0.09550,0.02715,0.04811,0.03780,0.00202,0.59269,0.01820,0.06806,0.00724,0.02746,0.04375,0.02265,0.10094,0.03110,-57.12,6.136,-1,0.0000,-1.00,0.0000,0
305946,1790782453141,0.02805,0.05640,0.02415,0.48195,0.01404,0.03349,0.03481,0.03863,0.14660,0.04513,0.05674,0.04003,0.02538,0.05534,0.01854,0.56539,0.00863,0.03509,0.03074,0.04262,0.06351,0.05244,0.06103,0.04128,-57.95,5.783,-1,0.0000,-1.00,0.0000,0
306039,1790782453240,0.08793,0.04733,0.07278,0.14398,0.01855,0.16206,0.02933,0.02774,0.09051,0.18313,0.08331,0.05337,0.10050,0.04151,0.04409,0.15959,0.01060,0.17426,0.02691,0.02450,0.07669,0.21746,0.06528,0.05861,-57.58,2.198,-1,0.0000,-1.00,0.0000,0
306131,1790782453320,0.13315,0.02753,0.02968,0.14980,0.01770,0.17753,0.05794,0.05579,0.09828,0.11177,0.08200,0.05884,0.14601,0.01686,0.00940,0.16724,0.00983,0.18377,0.06608,0.06499,0.08460,0.13198,0.06182,0.05741,-57.70,2.130,-1,0.0000,-1.00,0.0000,0
306224,1790782453420,0.10483,0.04833,0.01963,0.13581,0.03795,0.24058,0.02862,0.04623,0.10906,0.07831,0.11309,0.03755,0.11293,0.03972,0.00623,0.14649,0.03337,0.27011,0.02642,0.05416,0.10165,0.08721,0.08196,0.03975,-58.74,2.887,-1,0.0000,-1.00,0.0000,0
306317,1790782453525,0.03894,0.03912,0.02349,0.31560,0.02749,0.04322,0.02613,0.03838,0.15186,0.08742,0.14133,0.06703,0.03768,0.02478,0.00805,0.34635,0.01772,0.04468,0.02640,0.04439,0.11316,0.10139,0.16049,0.07492,-58.40,3.787,-1,0.0000,-1.00,0.0000,0
306410,1790782453600,0.04779,0.03140,0.03087,0.25370,0.03130,0.09555,0.02752,0.03869,0.13999,0.13657,0.13362,0.03300,0.04830,0.01527,0.00573,0.27638,0.03084,0.10492,0.02995,0.04522,0.11279,0.15769,0.13931,0.03361,-57.35,3.044,-1,0.0000,-1.00,0.0000,0
306503,1790782453699,0.05511,0.03635,0.03951,0.19676,0.01342,0.16078,0.05356,0.04584,0.10994,0.14926,0.08814,0.05134,0.05562,0.02622,0.01208,0.22197,0.00620,0.18163,0.05897,0.05253,0.08747,0.17787,0.06961,0.04983,-56.62,2.361,-1,0.0000,-1.00,0.0000,0
306596,1790782453779,0.08977,0.03554,0.04927,0.08812,0.04937,0.16741,0.04290,0.02459,0.09491,0.22635,0.06959,0.06218,0.10200,0.02383,0.00708,0.09615,0.04622,0.18038,0.04668,0.02806,0.09466,0.26206,0.04762,0.06525,-56.24,2.716,-1,0.0000,-1.00,0.0000,0
306689,1790782453879,0.04740,0.02977,0.02434,0.17770,0.09472,0.04688,0.02537,0.08353,0.07705,0.11237,0.20646,0.07443,0.03719,0.02389,0.00609,0.16598,0.09218,0.05344,0.02566,0.09888,0.05942,0.11637,0.23679,0.08410,-56.36,2.477,-1,0.0000,-1.00,0.0000,0
306782,1790782453978,0.04598,0.04261,0.04223,0.19897,0.03496,0.02879,0.02411,0.08976,0.06616,0.06169,0.29715,0.06759,0.03498,0.04226,0.03688,0.16899,0.02470,0.02951,0.02051,0.10024,0.04558,0.06922,0.35021,0.07692,-57.42,3.566,-1,0.0000,-1.00,0.0000,0
306874,1790782454062,0.04918,0.05711,0.13442,0.13339,0.03812,0.04200,0.04736,0.08314,0.07109,0.04823,0.23236,0.06361,0.04350,0.05574,0.15085,0.10627,0.03205,0.04170,0.03762,0.07780,0.06400,0.05154,0.27016,0.06876,-57.62,2.788,-1,0.0000,-1.00,0.0000,0
306967,1790782454160,0.03511,0.02668,0.02969,0.26918,0.04238,0.06175,0.03115,0.07140,0.08314,0.05908,0.25059,0.03984,0.02160,0.02709,0.02321,0.26576,0.04258,0.06971,0.03195,0.08096,0.04690,0.06240,0.28645,0.04140,-56.48,3.230,-1,0.0000,-1.00,0.0000,0
307060,1790782454240,0.02381,0.05282,0.17143,0.18739,0.03861,0.03366,0.02676,0.05562,0.05079,0.07031,0.23504,0.05377,0.02148,0.05921,0.19006,0.17012,0.03429,0.03607,0.02030,0.02900,0.02714,0.07745,0.27448,0.06040,-56.97,2.820,-1,0.0000,-1.00,0.0000,0
307153,1790782454359,0.02362,0.08568,0.04684,0.29363,0.02343,0.05266,0.02816,0.04250,0.07796,0.05040,0.20014,0.07499,0.01962,0.09666,0.04458,0.30663,0.01069,0.05937,0.01453,0.04214,0.03262,0.05827,0.22805,0.08684,-58.33,3.524,-1,0.0000,-1.00,0.0000,0
307246,1790782454443,0.01916,0.08329,0.04227,0.26096,0.04848,0.04547,0.04369,0.02980,0.08480,0.04557,0.23147,0.06505,0.01663,0.09064,0.04155,0.25972,0.04396,0.05119,0.03382,0.02804,0.05012,0.04589,0.26721,0.07124,-58.86,3.131,-1,0.0000,-1.00,0.0000,0
307339,1790782454539,0.00935,0.07002,0.05350,0.56642,0.01615,0.02125,0.01959,0.02159,0.12521,0.02056,0.06482,0.01154,0.00843,0.08028,0.05985,0.66426,0.01645,0.02424,0.00756,0.01401,0.01822,0.02150,0.07286,0.01233,-57.95,6.797,-1,0.0000,-1.00,0.0000,0
307432,1790782454622,0.00942,0.04780,0.07184,0.34621,0.18990,0.04050,0.01218,0.02654,0.11142,0.05151,0.08579,0.00687,0.00811,0.04664,0.08272,0.39633,0.22573,0.04735,0.00535,0.01541,0.05494,0.01698,0.09341,0.00704,-57.59,4.155,-1,0.0000,-1.00,0.0000,0
307525,1790782454719,0.02542,0.02799,0.00348,0.20408,0.42598,0.03952,0.02038,0.00444,0.06888,0.09354,0.06407,0.02222,0.02910,0.02667,0.00179,0.23095,0.50590,0.04159,0.01913,0.00497,0.03653,0.01201,0.06852,0.02283,-57.88,5.112,-1,0.0000,-1.00,0.0000,0
307617,1790782454826,0.04008,0.01175,0.01857,0.05224,0.08040,0.55697,0.02362,0.00757,0.02094,0.02692,0.13971,0.02124,0.04700,0.01127,0.01949,0.05527,0.09231,0.65806,0.02606,0.00520,0.01413,0.01396,0.03695,0.02028,-56.82,6.684,-1,0.0000,-1.00,0.0000,0
307710,1790782454900,0.01871,0.00697,0.00349,0.04051,0.02768,0.68018,0.02539,0.00461,0.01442,0.01042,0.15572,0.01189,0.02141,0.00666,0.00295,0.04342,0.03148,0.81077,0.02910,0.00494,0.00868,0.00624,0.02587,0.00848,-56.24,8.162,-1,0.0000,-1.00,0.0000,0
307803,1790782455001,0.09839,0.01238,0.02926,0.02663,0.02246,0.44539,0.06406,0.02598,0.02939,0.11317,0.10163,0.03127,0.11159,0.00943,0.00868,0.02825,0.01278,0.52122,0.07489,0.02941,0.02961,0.13307,0.01845,0.02262,-56.44,5.345,-1,0.0000,-1.00,0.0000,0
307896,1790782455080,0.04491,0.01160,0.08119,0.03196,0.00743,0.24840,0.02368,0.01422,0.04091,0.39968,0.07483,0.02120,0.05051,0.00543,0.00255,0.03182,0.00493,0.28763,0.02722,0.01661,0.04271,0.47793,0.03265,0.02001,-56.28,4.796,-1,0.0000,-1.00,0.0000,0
307989,1790782455181,0.09584,0.02517,0.05181,0.04029,0.03608,0.31371,0.02047,0.02684,0.05141,0.22084,0.09615,0.02138,0.10830,0.02011,0.01116,0.03936,0.03896,0.35443,0.02055,0.02995,0.05380,0.25690,0.04495,0.02155,-57.57,3.764,-1,0.0000,-1.00,0.0000,0
308082,1790782455260,0.05421,0.03949,0.02537,0.08106,0.01905,0.36644,0.03224,0.04095,0.09155,0.08512,0.11929,0.04523,0.05548,0.02894,0.01063,0.08570,0.01125,0.43017,0.03205,0.04780,0.09270,0.09977,0.05766,0.04784,-57.96,4.397,-1,0.0000,-1.00,0.0000,0
308175,1790782455361,0.03372,0.03775,0.05916,0.02352,0.00858,0.25203,0.02612,0.07506,0.09010,0.27499,0.08837,0.03060,0.02280,0.02457,0.00572,0.01888,0.00405,0.29747,0.02642,0.08881,0.10422,0.32870,0.04692,0.03143,-56.22,3.300,-1,0.0000,-1.00,0.0000,0
308268,1790782455477,0.10182,0.01626,0.06440,0.04125,0.01002,0.22320,0.01956,0.06816,0.04210,0.31074,0.06802,0.03449,0.10589,0.01118,0.00352,0.04295,0.00463,0.24646,0.02088,0.08132,0.04185,0.37150,0.03265,0.03718,-55.70,3.729,-1,0.0000,-1.00,0.0000,0
308360,1790782455542,0.09138,0.01466,0.07590,0.03446,0.03488,0.13342,0.02348,0.04851,0.04576,0.35898,0.06520,0.07337,0.09733,0.00888,0.00659,0.03133,0.02540,0.14057,0.02620,0.05699,0.04821,0.42552,0.05026,0.08271,-56.14,4.308,-1,0.0000,-1.00,0.0000,0
308453,1790782455660,0.04797,0.02121,0.02056,0.21247,0.08206,0.04465,0.03443,0.07166,0.11767,0.10447,0.10362,0.13922,0.03904,0.00808,0.00245,0.23178,0.06682,0.04576,0.03965,0.08538,0.09506,0.11193,0.11510,0.15896,-56.40,2.550,-1,0.0000,-1.00,0.0000,0
308546,1790782455740,0.03034,0.01493,0.01229,0.50132,0.01800,0.04931,0.01236,0.04766,0.12253,0.05408,0.09685,0.04032,0.02478,0.01201,0.00224,0.57986,0.01165,0.05500,0.01241,0.05668,0.03140,0.06297,0.10514,0.04586,-56.10,6.016,-1,0.0000,-1.00,0.0000,0
308639,1790782455841,0.02844,0.02945,0.13845,0.13631,0.03928,0.12884,0.03239,0.05650,0.06980,0.06462,0.23459,0.04135,0.02418,0.02351,0.15204,0.11348,0.03816,0.14958,0.02347,0.04824,0.06114,0.06986,0.25144,0.04489,-56.64,2.815,-1,0.0000,-1.00,0.0000,0
308732,1790782455919,0.04378,0.01509,0.04022,0.27344,0.04165,0.10012,0.01144,0.05503,0.07853,0.09514,0.16600,0.07955,0.03980,0.01169,0.02668,0.29266,0.03068,0.11286,0.01140,0.06065,0.03548,0.10852,0.17653,0.09307,-58.26,3.281,-1,0.0000,-1.00,0.0000,0
308825,1790782456021,0.05376,0.03280,0.11774,0.09579,0.02924,0.15063,0.01997,0.07982,0.07569,0.08104,0.18162,0.08190,0.04963,0.02593,0.12248,0.07834,0.01650,0.17065,0.01879,0.07137,0.07516,0.09383,0.18379,0.09353,-60.45,2.179,-1,0.0000,-1.00,0.0000,0
308918,1790782456121,0.04976,0.05096,0.02142,0.26267,0.09573,0.02831,0.03058,0.05143,0.09047,0.05869,0.17067,0.08930,0.04667,0.05170,0.01543,0.27517,0.09453,0.02467,0.02624,0.05872,0.05385,0.05159,0.19962,0.10180,-61.93,3.152,-1,0.0000,-1.00,0.0000,0
309011,1790782456199,0.03022,0.07411,0.04694,0.29617,0.02939,0.05723,0.04085,0.05720,0.11520,0.04625,0.15151,0.05492,0.02569,0.07418,0.04619,0.32139,0.02379,0.06348,0.03406,0.05957,0.07433,0.05070,0.16896,0.05766,-60.48,3.554,-1,0.0000,-1.00,0.0000,0
309104,1790782456301,0.01686,0.03537,0.01273,0.56111,0.00829,0.01674,0.03030,0.04023,0.18399,0.01482,0.06038,0.01917,0.00992,0.02561,0.01200,0.65871,0.00658,0.01809,0.03050,0.04656,0.08989,0.01645,0.06876,0.01693,-56.73,6.733,-1,0.0000,-1.00,0.0000,0
309196,1790782456381,0.02165,0.05601,0.01189,0.51278,0.02668,0.01663,0.01661,0.02497,0.18610,0.01578,0.08628,0.02463,0.02001,0.04701,0.01121,0.59457,0.02652,0.01596,0.01037,0.02791,0.10344,0.01533,0.10022,0.02745,-55.37,6.153,-1,0.0000,-1.00,0.0000,0
309289,1790782456478,0.03978,0.06678,0.08750,0.08257,0.10592,0.26586,0.03703,0.03685,0.07925,0.03779,0.11999,0.04068,0.04295,0.06444,0.10052,0.08262,0.11851,0.31005,0.03160,0.02423,0.07858,0.02179,0.08232,0.04239,-55.82,3.190,-1,0.0000,-1.00,0.0000,0
309382,1790782456562,0.03859,0.09732,0.02332,0.09279,0.02885,0.23900,0.11585,0.03158,0.10287,0.09647,0.07898,0.05438,0.03897,0.09638,0.00593,0.10338,0.02636,0.27865,0.11971,0.03666,0.10209,0.11104,0.03940,0.04143,-57.13,2.868,-1,0.0000,-1.00,0.0000,0
309475,1790782456660,0.05046,0.08300,0.09408,0.06704,0.05666,0.14759,0.07886,0.04083,0.09514,0.12173,0.11485,0.04976,0.05158,0.07944,0.08612,0.05960,0.05870,0.16662,0.06281,0.04779,0.10218,0.13423,0.10459,0.04634,-58.14,1.771,-1,0.0000,-1.00,0.0000,0
309568,1790782456759,0.04836,0.06249,0.03615,0.06287,0.02204,0.36692,0.03156,0.03675,0.06237,0.09389,0.14649,0.03010,0.04930,0.06303,0.02181,0.05743,0.02024,0.42988,0.02498,0.04006,0.06335,0.10848,0.09031,0.03112,-57.25,4.403,-1,0.0000,-1.00,0.0000,0
309661,1790782456841,0.03214,0.04420,0.01094,0.05157,0.04348,0.40113,0.10895,0.02891,0.04426,0.03704,0.14422,0.05316,0.03034,0.04580,0.00602,0.04621,0.04362,0.47527,0.12147,0.03344,0.04388,0.03574,0.07859,0.03962,-57.04,4.814,-1,0.0000,-1.00,0.0000,0
309754,1790782456974,0.02066,0.04809,0.02209,0.04712,0.22075,0.27756,0.05054,0.02245,0.07331,0.07468,0.11033,0.03242,0.01970,0.04237,0.01890,0.04318,0.25886,0.32867,0.05216,0.02316,0.07928,0.03817,0.06705,0.02850,-57.73,3.331,-1,0.0000,-1.00,0.0000,0
309847,1790782457045,0.02973,0.07901,0.01090,0.07281,0.26923,0.05203,0.10029,0.02447,0.07207,0.08840,0.13272,0.06834,0.03049,0.07991,0.00419,0.05793,0.31057,0.05630,0.10416,0.02866,0.07445,0.04477,0.14787,0.06069,-58.46,3.231,-1,0.0000,-1.00,0.0000,0
309939,1790782457141,0.02678,0.08326,0.11021,0.09563,0.12940,0.07877,0.06726,0.03453,0.05498,0.07797,0.18969,0.05152,0.02776,0.08962,0.11918,0.07303,0.14476,0.08926,0.05874,0.02183,0.05119,0.06493,0.20960,0.05009,-58.96,2.276,-1,0.0000,-1.00,0.0000,0
310032,1790782457221,0.01339,0.01420,0.05653,0.05769,0.03429,0.27734,0.05396,0.02392,0.04796,0.21527,0.13832,0.06713,0.01128,0.00756,0.01769,0.04924,0.02767,0.33008,0.06310,0.02521,0.04771,0.25246,0.10031,0.06770,-57.36,3.328,-1,0.0000,-1.00,0.0000,0
310125,1790782457321,0.03568,0.01508,0.09239,0.04134,0.03468,0.12726,0.03990,0.01373,0.05464,0.45802,0.07052,0.01676,0.03871,0.00753,0.00334,0.03859,0.03633,0.14787,0.04632,0.01580,0.05782,0.54161,0.05518,0.01090,-56.22,5.496,-1,0.0000,-1.00,0.0000,0
310218,1790782457419,0.06346,0.04353,0.01926,0.13069,0.03735,0.20027,0.05472,0.05899,0.18487,0.08858,0.07772,0.04055,0.06215,0.01404,0.00316,0.14744,0.02845,0.23679,0.06279,0.07006,0.19229,0.10050,0.04619,0.03615,-56.53,2.403,-1,0.0000,-1.00,0.0000,0
310311,1790782457500,0.03565,0.01530,0.01715,0.36346,0.02328,0.15277,0.05984,0.10008,0.09200,0.04212,0.06971,0.02863,0.02002,0.01322,0.01148,0.42599,0.02393,0.17908,0.06875,0.11798,0.02578,0.04573,0.04803,0.01998,-56.79,4.362,-1,0.0000,-1.00,0.0000,0
310404,1790782457600,0.02682,0.00736,0.01358,0.56155,0.01763,0.06307,0.01997,0.06691,0.12641,0.02753,0.04761,0.02156,0.01721,0.00512,0.01019,0.66439,0.01702,0.07217,0.02144,0.07963,0.01870,0.03068,0.04274,0.02072,-57.06,6.739,-1,0.0000,-1.00,0.0000,0
310497,1790782457679,0.02773,0.01725,0.22152,0.25740,0.01993,0.08106,0.03384,0.12557,0.07227,0.04525,0.06748,0.03071,0.01254,0.01542,0.25531,0.29612,0.01792,0.09464,0.03403,0.10331,0.02747,0.05109,0.06210,0.03005,-57.97,3.089,-1,0.0000,-1.00,0.0000,0
310590,1790782457782,0.02383,0.04901,0.07124,0.26398,0.04367,0.10801,0.07035,0.04537,0.11901,0.06649,0.10796,0.03106,0.02057,0.04207,0.07145,0.29559,0.04793,0.12535,0.07586,0.04029,0.08401,0.07017,0.10452,0.02218,-59.80,3.168,-1,0.0000,-1.00,0.0000,0
310682,1790782457861,0.03068,0.05827,0.01720,0.33709,0.04447,0.03589,0.03751,0.04338,0.15179,0.04495,0.18337,0.01541,0.02692,0.04805,0.01188,0.36184,0.05102,0.03766,0.03542,0.04963,0.10985,0.04405,0.21225,0.01144,-61.69,4.045,-1,0.0000,-1.00,0.0000,0
310775,1790782457974,0.02337,0.08247,0.01526,0.21680,0.02200,0.08211,0.04227,0.02315,0.21279,0.04879,0.20115,0.02982,0.02280,0.05677,0.00749,0.21569,0.02083,0.09387,0.03940,0.02625,0.21208,0.05447,0.22242,0.02792,-63.13,2.602,-1,0.0000,-1.00,0.0000,0
310868,1790782458060,0.01967,0.06613,0.13096,0.14593,0.02497,0.03678,0.07512,0.07620,0.15776,0.08192,0.14473,0.03982,0.00937,0.04812,0.13833,0.14213,0.02347,0.04222,0.07635,0.06800,0.16063,0.09374,0.16505,0.03258,-59.27,1.893,-1,0.0000,-1.00,0.0000,0
310961,1790782458161,0.03567,0.04282,0.06537,0.14471,0.06245,0.11082,0.02497,0.04471,0.20864,0.08544,0.10288,0.07151,0.03363,0.00864,0.06028,0.15392,0.05893,0.12612,0.02778,0.04205,0.21915,0.09104,0.09827,0.08018,-56.33,2.504,-1,0.0000,-1.00,0.0000,0
311054,1790782458260,0.06680,0.04163,0.02075,0.08263,0.02419,0.19418,0.04154,0.01794,0.16936,0.07550,0.19510,0.07039,0.07607,0.01205,0.00748,0.06121,0.01413,0.21759,0.04739,0.02001,0.19080,0.08766,0.19064,0.07495,-55.76,2.341,-1,0.0000,-1.00,0.0000,0
311147,1790782458341,0.06002,0.02107,0.02474,0.04704,0.03161,0.09510,0.06829,0.25530,0.08940,0.03310,0.11796,0.15637,0.01323,0.00605,0.02195,0.03272,0.00426,0.11133,0.08049,0.30170,0.10063,0.03881,0.11927,0.16955,-55.57,3.064,-1,0.0000,-1.00,0.0000,0
311240,1790782458443,0.08885,0.01847,0.06548,0.05013,0.01511,0.03302,0.03280,0.43580,0.07220,0.02545,0.08908,0.07362,0.00661,0.00657,0.07250,0.04041,0.00227,0.03826,0.03800,0.50782,0.07850,0.03004,0.09916,0.07987,-55.63,5.230,-1,0.0000,-1.00,0.0000,0
311333,1790782458521,0.07833,0.01220,0.05029,0.08447,0.01840,0.04578,0.05624,0.39296,0.06952,0.01538,0.08749,0.08895,0.00560,0.00137,0.05673,0.08256,0.00372,0.05415,0.06607,0.46066,0.06682,0.01780,0.09410,0.09042,-55.86,4.715,-1,0.0000,-1.00,0.0000,0
311426,1790782458620,0.09982,0.02114,0.09346,0.02716,0.01217,0.03142,0.01405,0.50692,0.09664,0.01765,0.03350,0.04607,0.00344,0.00340,0.10796,0.02604,0.00428,0.03697,0.01616,0.58600,0.11063,0.02030,0.03281,0.05200,-56.55,6.083,-1,0.0000,-1.00,0.0000,0
311518,1790782458720,0.06257,0.05797,0.10988,0.01926,0.00855,0.01597,0.03140,0.29538,0.30168,0.02083,0.04854,0.02797,0.00283,0.00526,0.12692,0.01228,0.00503,0.01858,0.03659,0.32877,0.35906,0.02396,0.05448,0.02626,-56.34,3.620,-1,0.0000,-1.00,0.0000,0
311611,1790782458801,0.10403,0.02375,0.07939,0.02199,0.00905,0.01176,0.03601,0.53290,0.08547,0.02720,0.02604,0.04242,0.00323,0.00896,0.08877,0.02069,0.00273,0.01346,0.04137,0.62094,0.09831,0.03205,0.02854,0.04095,-56.29,6.395,-1,0.0000,-1.00,0.0000,0
311704,1790782458901,0.09108,0.03213,0.07135,0.07886,0.00623,0.01982,0.05967,0.43823,0.10160,0.02192,0.04924,0.02986,0.00796,0.01765,0.08039,0.08368,0.00277,0.02240,0.06675,0.51041,0.10516,0.02572,0.05457,0.02255,-58.09,5.259,-1,0.0000,-1.00,0.0000,0
311797,1790782458980,0.07419,0.04677,0.05510,0.06990,0.03614,0.02956,0.06536,0.28497,0.15534,0.06820,0.06908,0.04540,0.02100,0.02376,0.05121,0.06858,0.03535,0.03126,0.07216,0.33277,0.17253,0.07471,0.07658,0.04010,-57.93,3.420,-1,0.0000,-1.00,0.0000,0
311890,1790782459079,0.09472,0.02651,0.04918,0.07695,0.01176,0.16558,0.07867,0.16505,0.11556,0.06223,0.11497,0.03882,0.07578,0.00717,0.04446,0.07210,0.00847,0.18339,0.09033,0.19146,0.12406,0.07300,0.10141,0.02836,-56.44,1.987,-1,0.0000,-1.00,0.0000,0
311983,1790782459159,0.07829,0.03803,0.06713,0.05934,0.01205,0.08632,0.10594,0.22723,0.13616,0.05085,0.08641,0.05224,0.04254,0.01536,0.06863,0.05432,0.00689,0.09500,0.12390,0.25866,0.15239,0.05956,0.08471,0.03804,-55.14,2.727,-1,0.0000,-1.00,0.0000,0
312076,1790782459261,0.12475,0.01620,0.02546,0.02311,0.00598,0.02033,0.03559,0.61710,0.05701,0.00928,0.03548,0.02972,0.00401,0.00666,0.02837,0.02019,0.00170,0.02360,0.04133,0.73381,0.06431,0.01078,0.03784,0.02741,-54.26,7.405,-1,0.0000,-1.00,0.0000,0
312169,1790782459362,0.09798,0.02338,0.08391,0.05362,0.00884,0.02635,0.05633,0.48813,0.07489,0.01309,0.04570,0.02779,0.00529,0.01237,0.09768,0.05461,0.00636,0.03072,0.06505,0.56553,0.07892,0.01442,0.04866,0.02040,-55.69,5.858,-1,0.0000,-1.00,0.0000,0
312261,1790782459461,0.07703,0.04273,0.04057,0.06359,0.03332,0.02672,0.06625,0.34379,0.18525,0.03027,0.06605,0.02442,0.01003,0.01181,0.04287,0.06169,0.03713,0.03003,0.07644,0.40405,0.20969,0.02896,0.07319,0.01410,-57.04,4.126,-1,0.0000,-1.00,0.0000,0
312354,1790782459560,0.10243,0.01366,0.06286,0.06073,0.00415,0.01324,0.07963,0.48363,0.06213,0.00891,0.08321,0.02543,0.01121,0.00372,0.07331,0.05354,0.00274,0.01365,0.09468,0.56497,0.06379,0.01017,0.09700,0.01123,-56.86,5.804,-1,0.0000,-1.00,0.0000,0
312447,1790782459641,0.14959,0.01778,0.03931,0.04965,0.01271,0.02731,0.08840,0.42838,0.07145,0.01738,0.04727,0.05076,0.07715,0.00836,0.04319,0.04895,0.00727,0.01743,0.10427,0.50474,0.07556,0.01974,0.05319,0.04016,-57.14,5.141,-1,0.0000,-1.00,0.0000,0
312540,1790782459740,0.20009,0.04806,0.05360,0.03392,0.00584,0.03318,0.10857,0.38531,0.06354,0.02460,0.01351,0.02979,0.15053,0.04399,0.05855,0.03783,0.00470,0.00991,0.12137,0.45008,0.06859,0.02860,0.01423,0.01163,-57.55,4.624,-1,0.0000,-1.00,0.0000,0
312633,1790782459821,0.16154,0.09138,0.02204,0.10902,0.00619,0.04659,0.03418,0.12910,0.31548,0.03899,0.02975,0.01575,0.16208,0.04095,0.01735,0.12449,0.00497,0.02369,0.03284,0.15126,0.35334,0.04573,0.03095,0.01236,-58.00,3.786,-1,0.0000,-1.00,0.0000,0
312726,1790782459919,0.10648,0.09204,0.01783,0.05633,0.00743,0.03009,0.03917,0.10806,0.44344,0.02715,0.05189,0.02006,0.10252,0.00717,0.01512,0.05579,0.00588,0.01577,0.04552,0.12649,0.52018,0.03148,0.05905,0.01502,-57.60,5.321,-1,0.0000,-1.00,0.0000,0
312819,1790782460021,0.21568,0.05992,0.03063,0.03070,0.06994,0.05947,0.05406,0.08934,0.26193,0.03451,0.07049,0.02333,0.23635,0.01276,0.03168,0.02100,0.08075,0.02441,0.06204,0.10097,0.30969,0.02534,0.07963,0.01537,-58.09,3.143,-1,0.0000,-1.00,0.0000,0
312912,1790782460100,0.26383,0.02588,0.02080,0.03544,0.06039,0.09141,0.02481,0.17270,0.09665,0.05867,0.08768,0.06174,0.27563,0.00899,0.01330,0.02379,0.05879,0.05489,0.02795,0.20430,0.11110,0.05864,0.09418,0.06844,-58.21,3.166,-1,0.0000,-1.00,0.0000,0
313004,1790782460199,0.15842,0.08630,0.02157,0.03011,0.03091,0.04927,0.03032,0.22468,0.13468,0.02327,0.09975,0.11072,0.12621,0.08301,0.02077,0.01372,0.01151,0.03402,0.01987,0.26511,0.15864,0.02562,0.11279,0.12873,-56.98,2.696,-1,0.0000,-1.00,0.0000,0
313097,1790782460280,0.09796,0.22182,0.02353,0.02517,0.01693,0.02882,0.05010,0.14741,0.21339,0.04199,0.06763,0.06527,0.06163,0.23715,0.01843,0.01497,0.00529,0.02231,0.01299,0.17301,0.25272,0.04926,0.07661,0.07564,-56.43,2.662,-1,0.0000,-1.00,0.0000,0
313190,1790782460381,0.04024,0.25300,0.02583,0.04755,0.01661,0.02950,0.04552,0.02133,0.32754,0.09820,0.04692,0.04775,0.04044,0.23021,0.00797,0.04691,0.00891,0.02733,0.00891,0.02398,0.38317,0.11591,0.05081,0.05545,-56.65,3.930,-1,0.0000,-1.00,0.0000,0
313283,1790782460473,0.12854,0.10848,0.01916,0.05274,0.01318,0.04893,0.01208,0.03258,0.44311,0.06604,0.04246,0.03269,0.14653,0.02686,0.00760,0.05427,0.00838,0.02958,0.00885,0.03784,0.52020,0.07747,0.04501,0.03742,-56.62,5.317,-1,0.0000,-1.00,0.0000,0
313376,1790782460560,0.14038,0.09653,0.01307,0.05262,0.01320,0.04979,0.00892,0.06128,0.42341,0.05996,0.05431,0.02652,0.15372,0.01711,0.00181,0.05129,0.00979,0.02920,0.00729,0.07309,0.49718,0.06990,0.05929,0.03034,-56.73,5.081,-1,0.0000,-1.00,0.0000,0
313469,1790782460660,0.12553,0.09855,0.01669,0.04842,0.01576,0.04296,0.01202,0.05879,0.44212,0.04484,0.02821,0.06610,0.13683,0.01535,0.00949,0.05228,0.00364,0.02439,0.01134,0.06858,0.51940,0.05300,0.02897,0.07672,-56.55,5.305,-1,0.0000,-1.00,0.0000,0
313562,1790782460760,0.13101,0.09390,0.02455,0.05234,0.01388,0.04944,0.00982,0.04909,0.44662,0.04610,0.04232,0.04094,0.14249,0.01218,0.01870,0.05388,0.00728,0.03100,0.00935,0.05512,0.52423,0.05404,0.04456,0.04717,-56.21,5.359,-1,0.0000,-1.00,0.0000,0
313655,1790782460860,0.08526,0.11048,0.01611,0.04321,0.01378,0.02956,0.00884,0.02252,0.52578,0.04711,0.04529,0.05206,0.09724,0.00913,0.00828,0.04165,0.00451,0.01615,0.00878,0.02534,0.62175,0.05556,0.05107,0.06054,-56.03,6.309,-1,0.0000,-1.00,0.0000,0
313748,1790782460943,0.11083,0.10452,0.01931,0.03364,0.00701,0.02995,0.00666,0.02527,0.53243,0.07481,0.02881,0.02678,0.12236,0.00476,0.00545,0.03392,0.00232,0.01163,0.00703,0.02920,0.63122,0.08922,0.03221,0.03069,-56.49,6.389,-1,0.0000,-1.00,0.0000,0
313840,1790782461043,0.07623,0.09560,0.01381,0.03734,0.02512,0.02152,0.00438,0.03162,0.48802,0.05843,0.02755,0.12040,0.08405,0.00015,0.00273,0.03856,0.00172,0.00912,0.00522,0.03735,0.57712,0.06967,0.03121,0.14311,-57.05,5.856,-1,0.0000,-1.00,0.0000,0
313933,1790782461121,0.08560,0.09260,0.01212,0.04963,0.01110,0.02422,0.00423,0.10699,0.46970,0.05531,0.04476,0.04374,0.07662,0.00196,0.00149,0.04938,0.00309,0.01384,0.00464,0.12794,0.55292,0.06576,0.05089,0.05148,-57.21,5.636,-1,0.0000,-1.00,0.0000,0
314026,1790782461221,0.20411,0.09989,0.00486,0.02353,0.00699,0.04423,0.00577,0.04186,0.49807,0.01895,0.03146,0.02028,0.23474,0.00226,0.00143,0.02097,0.00382,0.00646,0.00646,0.04988,0.59240,0.02220,0.03642,0.02296,-57.09,5.977,-1,0.0000,-1.00,0.0000,0
314119,1790782461321,0.13348,0.11487,0.00519,0.02097,0.00587,0.03257,0.00517,0.01986,0.60040,0.00972,0.03430,0.01760,0.15000,0.00109,0.00403,0.01735,0.00309,0.00929,0.00598,0.02300,0.71598,0.01104,0.03926,0.01991,-57.31,7.205,-1,0.0000,-1.00,0.0000,0
314212,1790782461401,0.10795,0.11699,0.00507,0.02475,0.01199,0.02634,0.00745,0.02364,0.59427,0.01529,0.01913,0.04712,0.12392,0.00008,0.00253,0.02539,0.00354,0.00700,0.00882,0.02792,0.70675,0.01791,0.02154,0.05461,-56.91,7.131,-1,0.0000,-1.00,0.0000,0
314305,1790782461499,0.29620,0.07750,0.01099,0.02649,0.00781,0.07059,0.00767,0.01651,0.40302,0.03979,0.02338,0.02004,0.34541,0.00394,0.00391,0.02682,0.00492,0.01612,0.00815,0.01928,0.47760,0.04670,0.02481,0.02234,-56.13,4.836,-1,0.0000,-1.00,0.0000,0
314398,1790782461580,0.22709,0.09117,0.01248,0.02158,0.00664,0.05135,0.00532,0.02028,0.46088,0.05626,0.01965,0.02731,0.26736,0.00061,0.00166,0.02152,0.00171,0.00853,0.00626,0.02397,0.54797,0.06707,0.02186,0.03148,-56.41,5.531,-1,0.0000,-1.00,0.0000,0
314491,1790782461679,0.23390,0.07319,0.02303,0.02896,0.00775,0.04766,0.00844,0.06251,0.37230,0.09151,0.01954,0.03123,0.26569,0.00047,0.00593,0.03023,0.00227,0.00444,0.01002,0.07372,0.44004,0.10927,0.02253,0.03540,-57.14,4.468,-1,0.0000,-1.00,0.0000,0
314583,1790782461760,0.26527,0.07254,0.02108,0.05087,0.00611,0.06098,0.01423,0.02231,0.37125,0.07750,0.02487,0.01298,0.31284,0.00092,0.00704,0.05548,0.00489,0.01107,0.01686,0.02533,0.43385,0.09190,0.02760,0.01222,-57.45,4.455,-1,0.0000,-1.00,0.0000,0
314676,1790782461861,0.11646,0.11036,0.01737,0.02172,0.01125,0.03497,0.00717,0.01289,0.53589,0.06742,0.01915,0.04535,0.13667,0.00584,0.00489,0.02206,0.00296,0.01484,0.00744,0.01448,0.63759,0.08035,0.02000,0.05287,-57.77,6.431,-1,0.0000,-1.00,0.0000,0
314769,1790782461984,0.21261,0.07001,0.02912,0.05746,0.01559,0.07355,0.00921,0.03465,0.31964,0.06856,0.04430,0.06530,0.24731,0.01035,0.01871,0.05986,0.00353,0.03910,0.00899,0.03780,0.37099,0.08160,0.04533,0.07641,-58.61,3.836,-1,0.0000,-1.00,0.0000,0
314862,1790782462061,0.37065,0.05555,0.00959,0.04123,0.01737,0.08454,0.00650,0.01552,0.27836,0.03776,0.01948,0.06344,0.44050,0.00223,0.00276,0.04533,0.00603,0.01397,0.00710,0.01830,0.32456,0.04405,0.02057,0.07461,-59.28,4.448,-1,0.0000,-1.00,0.0000,0
314955,1790782462159,0.10695,0.14572,0.00788,0.03570,0.00940,0.03596,0.01341,0.03557,0.52815,0.02944,0.02190,0.02991,0.11980,0.05066,0.00263,0.03834,0.00439,0.01934,0.00600,0.04213,0.62525,0.03440,0.02241,0.03465,-60.24,6.338,-1,0.0000,-1.00,0.0000,0
315048,1790782462240,0.09773,0.10373,0.01043,0.06447,0.01144,0.03771,0.01002,0.04945,0.49739,0.05028,0.03050,0.03683,0.10539,0.00894,0.00076,0.07096,0.00536,0.02430,0.01024,0.05910,0.58192,0.05919,0.03173,0.04211,-62.24,5.969,-1,0.0000,-1.00,0.0000,0
315141,1790782462342,0.13890,0.09766,0.01265,0.10598,0.01550,0.04716,0.01621,0.03284,0.41494,0.05273,0.04115,0.02428,0.15847,0.02362,0.00291,0.11821,0.01338,0.02509,0.01466,0.03885,0.47253,0.06176,0.04433,0.02618,-63.20,4.979,-1,0.0000,-1.00,0.0000,0
315234,1790782462419,0.27304,0.06597,0.01649,0.09557,0.01260,0.08230,0.01210,0.02368,0.29751,0.05691,0.04985,0.01397,0.31995,0.01433,0.00672,0.10406,0.01224,0.03519,0.01166,0.02704,0.33586,0.06577,0.05276,0.01442,-62.59,3.570,-1,0.0000,-1.00,0.0000,0
315326,1790782462522,0.20299,0.08452,0.00711,0.08639,0.00716,0.06006,0.00879,0.04619,0.42996,0.01968,0.04022,0.00692,0.23153,0.00370,0.00414,0.09498,0.00731,0.02607,0.00944,0.05488,0.49636,0.02213,0.04303,0.00642,-63.44,5.159,-1,0.0000,-1.00,0.0000,0
315419,1790782462621,0.10610,0.07047,0.01027,0.12986,0.02533,0.03254,0.01395,0.07725,0.36431,0.00937,0.07510,0.08546,0.10908,0.00340,0.01050,0.13844,0.01067,0.01736,0.01578,0.09074,0.40909,0.00911,0.08655,0.09928,-64.37,4.372,-1,0.0000,-1.00,0.0000,0
315512,1790782462698,0.11239,0.08655,0.01072,0.11998,0.01162,0.08895,0.02947,0.06392,0.28967,0.03834,0.10685,0.04155,0.11964,0.03968,0.00393,0.12164,0.00513,0.08286,0.02745,0.07581,0.32298,0.04492,0.11160,0.04434,-62.82,3.476,-1,0.0000,-1.00,0.0000,0
315605,1790782462800,0.08416,0.07183,0.04762,0.08856,0.03868,0.04935,0.05160,0.02141,0.10088,0.07512,0.22544,0.14536,0.09524,0.06538,0.03974,0.05414,0.01355,0.04025,0.04411,0.02254,0.11014,0.08733,0.26215,0.16543,-59.45,2.705,-1,0.0000,-1.00,0.0000,0
315698,1790782462880,0.06107,0.03288,0.05405,0.07303,0.04843,0.02351,0.02434,0.03438,0.07078,0.18572,0.17780,0.21399,0.06469,0.02601,0.02088,0.04592,0.00705,0.01652,0.02394,0.03713,0.07546,0.22139,0.20977,0.25123,-57.92,2.568,-1,0.0000,-1.00,0.0000,0
315791,1790782462986,0.03570,0.06314,0.06505,0.07393,0.03672,0.01640,0.04457,0.04302,0.08375,0.14891,0.23010,0.15872,0.03475,0.05712,0.04289,0.03443,0.00806,0.01276,0.04203,0.04309,0.09353,0.17683,0.27319,0.18133,-57.03,2.761,-1,0.0000,-1.00,0.0000,0
315884,1790782463061,0.05752,0.02687,0.05489,0.08032,0.05749,0.01922,0.05848,0.04095,0.04279,0.11361,0.18156,0.26631,0.06073,0.02416,0.03908,0.05355,0.00819,0.01099,0.06528,0.04132,0.04053,0.13463,0.21537,0.30616,-56.79,3.196,-1,0.0000,-1.00,0.0000,0
315977,1790782463160,0.19188,0.02340,0.02184,0.06030,0.05612,0.04194,0.03066,0.05406,0.02665,0.07583,0.14213,0.27519,0.21738,0.02323,0.00828,0.03878,0.00314,0.00716,0.03205,0.06322,0.02425,0.09024,0.16889,0.32339,-57.46,3.302,-1,0.0000,-1.00,0.0000,0
316070,1790782463280,0.26651,0.01057,0.01834,0.04145,0.05062,0.05985,0.04342,0.03272,0.01145,0.06227,0.15083,0.25199,0.31423,0.01051,0.00731,0.01421,0.00323,0.00942,0.04994,0.03776,0.01088,0.07399,0.17886,0.28967,-57.32,3.198,-1,0.0000,-1.00,0.0000,0
316162,1790782463360,0.33856,0.02251,0.02486,0.03583,0.03938,0.07687,0.02723,0.03891,0.03891,0.09002,0.10795,0.15899,0.39678,0.01844,0.00881,0.01782,0.01056,0.01345,0.02898,0.04487,0.04305,0.10580,0.12668,0.18476,-57.56,4.063,-1,0.0000,-1.00,0.0000,0
316255,1790782463480,0.10052,0.02013,0.02745,0.06137,0.06254,0.04008,0.03674,0.03941,0.06420,0.08507,0.19728,0.26521,0.11366,0.00996,0.01324,0.02768,0.01400,0.02550,0.04205,0.04460,0.07144,0.09916,0.23134,0.30739,-58.36,3.183,-1,0.0000,-1.00,0.0000,0
316348,1790782463540,0.07881,0.14010,0.03370,0.03452,0.04691,0.07602,0.05619,0.02835,0.11017,0.10625,0.11196,0.17702,0.08763,0.14295,0.01569,0.01772,0.01420,0.07519,0.03827,0.03158,0.12849,0.12450,0.11925,0.20452,-58.35,2.124,-1,0.0000,-1.00,0.0000,0
316441,1790782463641,0.08333,0.21263,0.01803,0.03262,0.04246,0.10643,0.06567,0.03419,0.10861,0.05591,0.07588,0.16424,0.09228,0.23019,0.00864,0.02536,0.01321,0.10923,0.03261,0.03970,0.12407,0.06542,0.06927,0.19004,-58.18,2.552,-1,0.0000,-1.00,0.0000,0
316534,1790782463721,0.14842,0.21422,0.02101,0.03011,0.02148,0.12550,0.06685,0.02740,0.13583,0.04149,0.08256,0.08514,0.16808,0.22869,0.01554,0.02107,0.00679,0.11706,0.03241,0.03211,0.15834,0.04860,0.07572,0.09559,-58.41,2.571,-1,0.0000,-1.00,0.0000,0
316627,1790782463820,0.13750,0.15912,0.01936,0.03155,0.02995,0.12907,0.04668,0.03095,0.16638,0.08384,0.04874,0.11687,0.15702,0.15289,0.00363,0.03108,0.00913,0.12353,0.02559,0.03640,0.19314,0.09871,0.03392,0.13496,-58.70,1.997,-1,0.0000,-1.00,0.0000,0
316720,1790782463921,0.09514,0.14427,0.02285,0.07212,0.02444,0.16254,0.05035,0.03645,0.15102,0.04147,0.11110,0.08825,0.10597,0.13963,0.01791,0.06686,0.00960,0.17375,0.03227,0.04051,0.16770,0.04779,0.09869,0.09934,-59.44,1.950,-1,0.0000,-1.00,0.0000,0
316813,1790782463998,0.09204,0.13554,0.02066,0.07063,0.02067,0.11076,0.07973,0.06156,0.18728,0.04851,0.09111,0.08151,0.09611,0.12064,0.01349,0.06746,0.00821,0.11366,0.07122,0.07149,0.21070,0.05684,0.08664,0.08355,-60.44,2.247,-1,0.0000,-1.00,0.0000,0
316905,1790782464103,0.06905,0.13287,0.02538,0.06394,0.02561,0.10765,0.08739,0.05319,0.18295,0.04725,0.12238,0.08233,0.04314,0.14561,0.01968,0.05228,0.01411,0.12044,0.07585,0.05984,0.20854,0.05414,0.12276,0.08362,-60.67,2.195,-1,0.0000,-1.00,0.0000,0
316998,1790782464179,0.08449,0.09768,0.07496,0.06231,0.01569,0.05260,0.07504,0.21970,0.14858,0.02200,0.07542,0.07152,0.04174,0.09477,0.08471,0.05890,0.00461,0.05475,0.07113,0.24645,0.16603,0.02578,0.07951,0.07160,-60.42,2.636,-1,0.0000,-1.00,0.0000,0
317091,1790782464279,0.07058,0.07470,0.07031,0.05052,0.02518,0.08843,0.04813,0.20464,0.17671,0.03239,0.06188,0.09650,0.03748,0.05099,0.07692,0.04970,0.00912,0.09853,0.04757,0.22996,0.20189,0.03700,0.05462,0.10621,-60.67,2.456,-1,0.0000,-1.00,0.0000,0
317184,1790782464360,0.07397,0.04287,0.04416,0.06797,0.01609,0.14684,0.07939,0.14881,0.15660,0.02439,0.14136,0.05755,0.02972,0.04179,0.04742,0.05455,0.00902,0.17006,0.08684,0.16891,0.17656,0.02770,0.13567,0.05174,-61.13,1.879,-1,0.0000,-1.00,0.0000,0
317277,1790782464480,0.07719,0.04620,0.03571,0.08468,0.01615,0.10129,0.15415,0.26070,0.05167,0.00680,0.09413,0.07132,0.03176,0.04664,0.04154,0.08363,0.00927,0.11507,0.17462,0.30499,0.04533,0.00632,0.08998,0.05084,-61.11,3.128,-1,0.0000,-1.00,0.0000,0
317370,1790782464580,0.06790,0.08621,0.03180,0.07940,0.01272,0.11855,0.07949,0.08019,0.31196,0.01666,0.06104,0.05408,0.03207,0.06417,0.03436,0.08598,0.00563,0.13569,0.08252,0.08928,0.35676,0.01885,0.04624,0.04844,-60.56,3.744,-1,0.0000,-1.00,0.0000,0
317463,1790782464660,0.09846,0.04422,0.02600,0.10187,0.00960,0.09024,0.05385,0.21363,0.25562,0.01064,0.05327,0.04259,0.01727,0.04839,0.02871,0.11358,0.00233,0.10603,0.05494,0.25029,0.28376,0.01231,0.04281,0.03958,-60.27,3.067,-1,0.0000,-1.00,0.0000,0
317556,1790782464760,0.09255,0.06113,0.01948,0.03873,0.01015,0.09762,0.06801,0.36743,0.12513,0.02083,0.06245,0.03648,0.01903,0.05026,0.01865,0.03603,0.00631,0.11320,0.07153,0.43657,0.14279,0.02370,0.05239,0.02953,-60.37,4.409,-1,0.0000,-1.00,0.0000,0
317648,1790782464840,0.06757,0.07135,0.02079,0.07037,0.00882,0.09716,0.10402,0.21336,0.20217,0.01252,0.08072,0.05114,0.01121,0.06015,0.02205,0.06963,0.00285,0.11420,0.11272,0.25129,0.22845,0.01444,0.07408,0.03893,-61.13,2.560,-1,0.0000,-1.00,0.0000,0
317741,1790782464944,0.06495,0.09146,0.02387,0.09467,0.01413,0.11079,0.04146,0.29861,0.12176,0.02772,0.06001,0.05057,0.00600,0.08684,0.02214,0.10435,0.00623,0.13156,0.03246,0.35342,0.12463,0.03257,0.04583,0.05396,-61.95,3.583,-1,0.0000,-1.00,0.0000,0
317834,1790782465020,0.06973,0.05760,0.02570,0.12023,0.00859,0.16903,0.01962,0.30668,0.11904,0.01599,0.06608,0.02172,0.01191,0.04610,0.02720,0.13625,0.00539,0.20051,0.01438,0.36208,0.11558,0.01813,0.03943,0.02304,-61.79,3.680,-1,0.0000,-1.00,0.0000,0
317927,1790782465120,0.04559,0.09292,0.04423,0.10089,0.01597,0.14125,0.06926,0.16874,0.19015,0.01585,0.06808,0.04707,0.01513,0.07198,0.04957,0.11128,0.01008,0.16682,0.06872,0.19236,0.20545,0.01733,0.04851,0.04278,-62.06,2.282,-1,0.0000,-1.00,0.0000,0
318020,1790782465220,0.05029,0.09032,0.01375,0.08200,0.00948,0.05493,0.14367,0.17608,0.20754,0.01095,0.10553,0.05546,0.01927,0.06192,0.01403,0.07562,0.00452,0.06200,0.15988,0.20820,0.23355,0.01237,0.11416,0.03448,-61.64,2.490,-1,0.0000,-1.00,0.0000,0
318113,1790782465300,0.04845,0.07396,0.03409,0.07410,0.00886,0.10368,0.08554,0.16530,0.19098,0.01342,0.16163,0.03999,0.02028,0.04542,0.03785,0.05512,0.00479,0.12021,0.09349,0.19056,0.21791,0.01513,0.16984,0.02939,-61.73,2.292,-1,0.0000,-1.00,0.0000,0
318206,1790782465400,0.09080,0.04193,0.03126,0.06088,0.01351,0.07208,0.06980,0.36160,0.10541,0.01087,0.08766,0.05422,0.02428,0.02737,0.03513,0.05533,0.00638,0.08155,0.07821,0.42632,0.11534,0.01176,0.08888,0.04946,-62.10,4.339,-1,0.0000,-1.00,0.0000,0
318299,1790782465481,0.08170,0.03806,0.02465,0.10081,0.00940,0.09560,0.05896,0.34179,0.09790,0.01339,0.10264,0.03510,0.01759,0.02647,0.02654,0.10080,0.00480,0.11177,0.06540,0.40429,0.09731,0.01511,0.10083,0.02910,-62.02,4.102,-1,0.0000,-1.00,0.0000,0
318392,1790782465580,0.06057,0.04769,0.02131,0.17942,0.00989,0.09574,0.08874,0.27067,0.12771,0.01376,0.05146,0.03305,0.00875,0.03522,0.02257,0.20721,0.00788,0.11298,0.09863,0.32057,0.11195,0.01493,0.03926,0.02005,-62.36,3.248,-1,0.0000,-1.00,0.0000,0
318484,1790782465661,0.03287,0.06515,0.01452,0.27840,0.00972,0.07408,0.04601,0.11490,0.21593,0.01533,0.09784,0.03525,0.01253,0.03911,0.01395,0.31375,0.00512,0.08628,0.04682,0.13547,0.19654,0.01736,0.10013,0.03296,-61.93,3.341,-1,0.0000,-1.00,0.0000,0
318577,1790782465762,0.04526,0.06211,0.00795,0.26204,0.01230,0.04814,0.03211,0.11337,0.11488,0.00976,0.25641,0.03565,0.02760,0.05718,0.00748,0.25513,0.00734,0.05222,0.02714,0.13436,0.08701,0.01032,0.29689,0.03734,-62.56,3.145,-1,0.0000,-1.00,0.0000,0
318670,1790782465880,0.03505,0.10146,0.02378,0.35116,0.01298,0.03770,0.03513,0.08063,0.18018,0.01553,0.09413,0.03227,0.02345,0.09450,0.02515,0.40001,0.00874,0.04052,0.02145,0.09353,0.13661,0.01688,0.10476,0.03441,-63.09,4.214,-1,0.0000,-1.00,0.0000,0
318763,1790782465977,0.02893,0.04682,0.03026,0.38657,0.00775,0.05077,0.04539,0.11886,0.13076,0.01448,0.11146,0.02796,0.00772,0.04231,0.03299,0.43906,0.00445,0.05931,0.04600,0.13589,0.06958,0.01652,0.12179,0.02438,-62.06,4.639,-1,0.0000,-1.00,0.0000,0
318856,1790782466060,0.05322,0.04160,0.09376,0.24850,0.04343,0.07417,0.05527,0.11497,0.14756,0.03138,0.06470,0.03144,0.02986,0.03491,0.10610,0.28565,0.04640,0.08296,0.04667,0.12936,0.11706,0.03152,0.06108,0.02842,-61.61,2.982,-1,0.0000,-1.00,0.0000,0
318949,1790782466141,0.08761,0.06044,0.02088,0.14412,0.04646,0.06432,0.09271,0.11405,0.10664,0.03422,0.17709,0.05146,0.07837,0.05257,0.01874,0.13305,0.04710,0.06184,0.10067,0.13295,0.10140,0.03167,0.19994,0.04171,-60.14,2.125,-1,0.0000,-1.00,0.0000,0
319042,1790782466240,0.13018,0.01285,0.01223,0.02835,0.04420,0.03089,0.42990,0.11532,0.02582,0.01152,0.05916,0.09958,0.12862,0.01010,0.01383,0.02037,0.04937,0.01152,0.51053,0.13803,0.02674,0.00417,0.06861,0.01811,-57.30,5.159,-1,0.0000,-1.00,0.0000,0
319135,1790782466319,0.14584,0.00711,0.00089,0.04020,0.02105,0.04191,0.51825,0.05114,0.01945,0.00546,0.04424,0.10449,0.16263,0.00543,0.00071,0.03836,0.02475,0.01799,0.61991,0.06113,0.01556,0.00177,0.04944,0.00231,-57.30,6.219,-1,0.0000,-1.00,0.0000,0
319227,1790782466420,0.26236,0.02582,0.01482,0.09787,0.04999,0.07978,0.12113,0.11114,0.07378,0.01200,0.11599,0.03533,0.28834,0.01730,0.01715,0.09123,0.05708,0.03843,0.14171,0.12977,0.07032,0.00306,0.13137,0.01424,-59.26,3.148,-1,0.0000,-1.00,0.0000,0
319320,1790782466522,0.20826,0.02507,0.01410,0.10884,0.04030,0.05447,0.26180,0.06022,0.06052,0.01189,0.08436,0.07018,0.23581,0.02021,0.01577,0.11113,0.04331,0.01903,0.30969,0.06903,0.05047,0.00567,0.09731,0.02257,-59.09,3.142,-1,0.0000,-1.00,0.0000,0
319413,1790782466600,0.15205,0.01489,0.01188,0.17945,0.03463,0.04407,0.27267,0.04556,0.06805,0.02101,0.08992,0.06581,0.17146,0.00955,0.01076,0.19442,0.03836,0.01907,0.32437,0.05293,0.04300,0.01757,0.10397,0.01455,-58.70,3.272,-1,0.0000,-1.00,0.0000,0
319506,1790782466699,0.11332,0.01794,0.01050,0.33076,0.02282,0.06506,0.08195,0.05200,0.10692,0.03687,0.11630,0.04554,0.12361,0.01076,0.00454,0.37081,0.02030,0.05346,0.09607,0.06141,0.05421,0.04055,0.12876,0.03553,-59.20,3.969,-1,0.0000,-1.00,0.0000,0
319599,1790782466780,0.08696,0.02800,0.02234,0.24460,0.04790,0.06241,0.07379,0.04913,0.10854,0.07855,0.16097,0.03682,0.09291,0.01801,0.01000,0.25707,0.05198,0.05636,0.08480,0.05693,0.07835,0.08456,0.18170,0.02731,-59.59,2.935,-1,0.0000,-1.00,0.0000,0
319692,1790782466879,0.02055,0.02909,0.00989,0.32929,0.02601,0.02035,0.11743,0.02198,0.10271,0.04041,0.20255,0.07974,0.01918,0.02446,0.00292,0.34727,0.01756,0.02058,0.13584,0.02577,0.05412,0.04505,0.23863,0.06862,-57.72,3.952,-1,0.0000,-1.00,0.0000,0
319785,1790782466975,0.02688,0.01822,0.02485,0.30276,0.02166,0.01814,0.05730,0.06956,0.09833,0.10802,0.16091,0.09336,0.01462,0.01244,0.00437,0.32530,0.00637,0.01884,0.06589,0.08279,0.05334,0.12817,0.18907,0.09880,-56.92,3.633,-1,0.0000,-1.00,0.0000,0
319878,1790782467060,0.04301,0.02966,0.03899,0.25908,0.01846,0.05605,0.04533,0.03462,0.09116,0.08019,0.22387,0.07958,0.04404,0.02432,0.02780,0.25963,0.00322,0.06034,0.04879,0.03668,0.05777,0.09545,0.25629,0.08569,-57.12,3.109,-1,0.0000,-1.00,0.0000,0
319970,1790782467182,0.08959,0.02410,0.03738,0.07635,0.04274,0.13025,0.03086,0.01812,0.05177,0.08611,0.20206,0.21065,0.10381,0.01851,0.02442,0.04882,0.00245,0.13549,0.03230,0.01789,0.05229,0.10276,0.21526,0.24601,-57.30,2.528,-1,0.0000,-1.00,0.0000,0
320063,1790782467259,0.11200,0.01805,0.03971,0.11880,0.04176,0.11255,0.03634,0.04076,0.04816,0.09433,0.18606,0.15149,0.12585,0.01457,0.02544,0.10247,0.01571,0.10991,0.04066,0.04380,0.03558,0.11172,0.20116,0.17312,-57.88,2.233,-1,0.0000,-1.00,0.0000,0
320156,1790782467359,0.08206,0.00918,0.02900,0.10502,0.08359,0.07922,0.01888,0.06602,0.03782,0.07235,0.21249,0.20439,0.08554,0.00509,0.01964,0.07843,0.05288,0.07796,0.02161,0.07521,0.02977,0.07622,0.23915,0.23850,-58.00,2.550,-1,0.0000,-1.00,0.0000,0
320249,1790782467443,0.05774,0.01260,0.01753,0.07966,0.11563,0.07737,0.02324,0.04345,0.04267,0.06416,0.16843,0.29752,0.05919,0.00728,0.00828,0.05882,0.06401,0.08588,0.02640,0.05042,0.03947,0.06419,0.18479,0.35127,-57.72,3.570,-1,0.0000,-1.00,0.0000,0
320342,1790782467541,0.10788,0.01429,0.02614,0.10233,0.05959,0.07574,0.07412,0.06953,0.04326,0.11047,0.20774,0.10891,0.11301,0.00985,0.00651,0.07645,0.03626,0.08103,0.08686,0.08203,0.03668,0.12518,0.23286,0.11328,-57.28,2.493,-1,0.0000,-1.00,0.0000,0
320435,1790782467620,0.08033,0.01339,0.03673,0.12735,0.05301,0.06306,0.02468,0.04996,0.05742,0.11161,0.23590,0.14655,0.08486,0.00653,0.01844,0.09887,0.02976,0.05874,0.02699,0.05751,0.04804,0.12900,0.27101,0.17025,-58.00,2.831,-1,0.0000,-1.00,0.0000,0
320528,1790782467720,0.03299,0.02163,0.03520,0.14907,0.09205,0.07410,0.05216,0.03721,0.05785,0.10520,0.21478,0.12774,0.03149,0.01750,0.02024,0.13085,0.08227,0.08255,0.05903,0.04058,0.04247,0.11066,0.24099,0.14137,-59.19,2.577,-1,0.0000,-1.00,0.0000,0
320621,1790782467819,0.08441,0.03903,0.05961,0.11296,0.07516,0.08579,0.10097,0.04346,0.04583,0.08538,0.17106,0.09634,0.09298,0.04009,0.05360,0.09803,0.07163,0.08437,0.11274,0.04175,0.03366,0.08992,0.18825,0.09297,-58.72,2.053,-1,0.0000,-1.00,0.0000,0
320714,1790782467901,0.08121,0.02019,0.09194,0.14115,0.05533,0.05604,0.06049,0.02422,0.05754,0.10994,0.19732,0.10463,0.09357,0.01541,0.08578,0.12417,0.04390,0.04860,0.06132,0.02013,0.04433,0.12304,0.22680,0.11297,-58.36,2.368,-1,0.0000,-1.00,0.0000,0
320806,1790782468000,0.05419,0.04958,0.03271,0.17328,0.05109,0.05399,0.07975,0.02893,0.06378,0.10809,0.13450,0.17012,0.05848,0.05125,0.01447,0.17777,0.02414,0.05310,0.08464,0.03256,0.04118,0.12473,0.15063,0.18706,-58.38,2.079,-1,0.0000,-1.00,0.0000,0
320899,1790782468080,0.06612,0.05939,0.04393,0.11542,0.05057,0.04546,0.10247,0.01778,0.11185,0.06044,0.15767,0.16889,0.07019,0.05438,0.03925,0.10245,0.02476,0.04056,0.10893,0.01660,0.11371,0.06752,0.18088,0.18078,-57.93,2.027,-1,0.0000,-1.00,0.0000,0
320992,1790782468180,0.05839,0.06574,0.03689,0.13601,0.05397,0.03558,0.07728,0.03542,0.12752,0.07865,0.11125,0.18329,0.06194,0.05389,0.02648,0.13774,0.02422,0.03036,0.07859,0.04052,0.12550,0.08944,0.12729,0.20404,-57.69,2.199,-1,0.0000,-1.00,0.0000,0
321085,1790782468259,0.03169,0.08638,0.03786,0.09890,0.07969,0.04730,0.10105,0.04008,0.13352,0.05479,0.11692,0.17183,0.02982,0.07543,0.03467,0.09272,0.05884,0.05077,0.10613,0.04115,0.14161,0.05398,0.13003,0.18485,-57.60,2.062,-1,0.0000,-1.00,0.0000,0
321178,1790782468361,0.04977,0.04344,0.05832,0.13461,0.05637,0.04249,0.08829,0.05705,0.09051,0.12492,0.14413,0.11010,0.04774,0.03561,0.04199,0.12868,0.04528,0.04144,0.09873,0.06003,0.08294,0.14071,0.16449,0.11236,-58.30,1.730,-1,0.0000,-1.00,0.0000,0
321271,1790782468484,0.04992,0.03149,0.05731,0.16080,0.06263,0.03632,0.07136,0.03657,0.12909,0.11359,0.15786,0.09308,0.04894,0.01680,0.04376,0.15650,0.05608,0.03382,0.07991,0.03741,0.12299,0.12564,0.18245,0.09569,-58.86,1.930,-1,0.0000,-1.00,0.0000,0
321364,1790782468560,0.03243,0.06011,0.05802,0.11930,0.06355,0.03581,0.05800,0.04626,0.08458,0.08949,0.16280,0.18964,0.02883,0.05718,0.04957,0.10574,0.03341,0.03720,0.05762,0.04615,0.08032,0.10068,0.18769,0.21562,-58.80,2.276,-1,0.0000,-1.00,0.0000,0
321457,1790782468659,0.04714,0.07976,0.03245,0.10592,0.05529,0.02709,0.05198,0.04155,0.16631,0.10142,0.15557,0.13553,0.04472,0.06218,0.01620,0.09089,0.03602,0.02360,0.04996,0.04658,0.18126,0.11438,0.18173,0.15249,-58.83,1.996,-1,0.0000,-1.00,0.0000,0
321549,1790782468740,0.05820,0.07748,0.03734,0.15234,0.05130,0.03944,0.06463,0.04634,0.11127,0.13042,0.12488,0.10635,0.05708,0.07652,0.01525,0.15433,0.03804,0.03692,0.06227,0.05251,0.10273,0.14873,0.14231,0.11330,-58.23,1.828,-1,0.0000,-1.00,0.0000,0
321642,1790782468840,0.07805,0.06646,0.04739,0.14187,0.04103,0.04324,0.04395,0.04482,0.07788,0.10063,0.19956,0.11511,0.07959,0.07055,0.03379,0.12401,0.02333,0.03604,0.03830,0.04738,0.06874,0.11595,0.23198,0.13033,-57.85,2.395,-1,0.0000,-1.00,0.0000,0
321735,1790782468919,0.04997,0.05500,0.03053,0.12835,0.05923,0.03206,0.05805,0.08447,0.09595,0.09852,0.15060,0.15727,0.03773,0.05045,0.01459,0.11924,0.03596,0.03093,0.05956,0.09833,0.09133,0.11092,0.17432,0.17664,-57.92,1.887,-1,0.0000,-1.00,0.0000,0
321828,1790782469021,0.07041,0.05043,0.04662,0.09627,0.05288,0.03606,0.08523,0.05753,0.10275,0.11383,0.14688,0.14111,0.07171,0.04013,0.03013,0.08160,0.03368,0.02899,0.09417,0.06296,0.10680,0.12985,0.17025,0.14972,-57.97,1.763,-1,0.0000,-1.00,0.0000,0
321921,1790782469120,0.11414,0.04640,0.02703,0.12214,0.03272,0.04946,0.07639,0.05893,0.09090,0.07952,0.17831,0.12406,0.12310,0.03841,0.01398,0.10537,0.01304,0.03486,0.08392,0.06784,0.08784,0.09289,0.20674,0.13202,-57.78,2.140,-1,0.0000,-1.00,0.0000,0
322014,1790782469200,0.07848,0.03512,0.02948,0.16860,0.02304,0.03829,0.04111,0.09039,0.10234,0.07230,0.26921,0.05165,0.07313,0.02359,0.01865,0.13931,0.01709,0.03138,0.04458,0.10461,0.09411,0.08415,0.31635,0.05305,-57.76,3.230,-1,0.0000,-1.00,0.0000,0
322107,1790782469299,0.04827,0.02011,0.04256,0.17379,0.04057,0.02636,0.04203,0.05298,0.07902,0.09334,0.26627,0.11470,0.04215,0.01481,0.02964,0.14597,0.02133,0.02503,0.04471,0.06032,0.06567,0.10769,0.31410,0.12858,-58.05,3.195,-1,0.0000,-1.00,0.0000,0
322200,1790782469379,0.06561,0.03184,0.04743,0.15672,0.02327,0.02244,0.04894,0.07051,0.10323,0.16927,0.18480,0.07595,0.06051,0.02179,0.01699,0.14448,0.01205,0.01489,0.05433,0.08112,0.09453,0.20096,0.21848,0.07988,-58.02,2.218,-1,0.0000,-1.00,0.0000,0
322292,1790782469480,0.04204,0.04240,0.03803,0.12503,0.03052,0.02332,0.06302,0.06006,0.16103,0.14959,0.15488,0.11006,0.03649,0.01718,0.01040,0.11384,0.01325,0.02071,0.07196,0.07005,0.16963,0.17738,0.18148,0.11762,-57.72,1.932,-1,0.0000,-1.00,0.0000,0
322385,1790782469561,0.05054,0.04487,0.04147,0.11843,0.03508,0.02292,0.04054,0.08067,0.12968,0.10855,0.18810,0.13915,0.04221,0.02683,0.02408,0.09823,0.00431,0.02544,0.04260,0.09255,0.13591,0.12922,0.22034,0.15829,-57.92,2.257,-1,0.0000,-1.00,0.0000,0
322478,1790782469680,0.04089,0.03945,0.02961,0.15786,0.02567,0.03190,0.04550,0.06229,0.15856,0.09371,0.22864,0.08592,0.03390,0.01575,0.01358,0.13622,0.00902,0.03485,0.05116,0.07219,0.16298,0.11049,0.26705,0.09281,-57.70,2.744,-1,0.0000,-1.00,0.0000,0
322571,1790782469780,0.04470,0.03693,0.02561,0.14656,0.03307,0.02740,0.03415,0.05686,0.15077,0.09124,0.21512,0.13758,0.04041,0.01341,0.00931,0.12550,0.00845,0.02482,0.03826,0.06629,0.15559,0.10785,0.25284,0.15727,-57.12,2.581,-1,0.0000,-1.00,0.0000,0
322664,1790782469859,0.03003,0.03501,0.02135,0.15112,0.02694,0.01566,0.07841,0.02753,0.16892,0.07083,0.24577,0.12843,0.02182,0.01470,0.00893,0.12327,0.00534,0.01444,0.09104,0.03122,0.17775,0.08402,0.29162,0.13585,-57.33,2.949,-1,0.0000,-1.00,0.0000,0
322757,1790782469979,0.04266,0.02000,0.02288,0.12121,0.04180,0.01786,0.02718,0.07813,0.07383,0.08916,0.27393,0.19136,0.03281,0.00960,0.00646,0.08076,0.00584,0.01489,0.03067,0.09234,0.07246,0.10568,0.32529,0.22321,-58.07,3.287,-1,0.0000,-1.00,0.0000,0
322850,1790782470042,0.07311,0.03032,0.02526,0.07450,0.05005,0.02373,0.03827,0.07206,0.13221,0.06679,0.18313,0.23056,0.06440,0.01342,0.01468,0.04638,0.00690,0.01567,0.04319,0.08343,0.14923,0.07866,0.21633,0.26771,-58.47,2.767,-1,0.0000,-1.00,0.0000,0
322943,1790782470139,0.09083,0.03189,0.04062,0.08901,0.02433,0.03236,0.06009,0.14544,0.13425,0.05002,0.20399,0.09717,0.07566,0.00868,0.03711,0.05913,0.00882,0.02378,0.06981,0.16738,0.14899,0.05833,0.23972,0.10259,-58.53,2.448,-1,0.0000,-1.00,0.0000,0
323036,1790782470220,0.06383,0.03327,0.05674,0.10571,0.03519,0.02114,0.05223,0.10221,0.14769,0.07701,0.17347,0.13152,0.05269,0.00963,0.05017,0.08604,0.01330,0.01489,0.06033,0.11286,0.15965,0.08990,0.20491,0.14563,-58.00,2.082,-1,0.0000,-1.00,0.0000,0
323128,1790782470321,0.04501,0.04182,0.06549,0.12816,0.02127,0.01602,0.13100,0.08465,0.14620,0.08648,0.14084,0.09306,0.03468,0.02152,0.05830,0.12059,0.00938,0.01232,0.15254,0.09004,0.15127,0.10176,0.16632,0.08127,-57.35,1.754,-1,0.0000,-1.00,0.0000,0
323221,1790782470419,0.11928,0.03311,0.07803,0.07438,0.02891,0.03268,0.08302,0.11967,0.12375,0.05826,0.16499,0.08391,0.11638,0.01367,0.08026,0.05057,0.01852,0.01609,0.09677,0.12749,0.13760,0.06679,0.19451,0.08136,-57.65,1.980,-1,0.0000,-1.00,0.0000,0
323314,1790782470501,0.06399,0.03940,0.04893,0.11223,0.02217,0.02777,0.09240,0.09056,0.14618,0.13755,0.15450,0.06433,0.05586,0.01652,0.02641,0.09865,0.01545,0.02220,0.10575,0.10496,0.15486,0.16250,0.18072,0.05611,-58.02,1.854,-1,0.0000,-1.00,0.0000,0
323407,1790782470600,0.04054,0.04186,0.03734,0.09292,0.02735,0.02369,0.12209,0.07816,0.13216,0.09781,0.21549,0.09058,0.02695,0.02514,0.02209,0.06106,0.01680,0.02305,0.14112,0.08947,0.14589,0.11424,0.25364,0.08056,-57.48,2.586,-1,0.0000,-1.00,0.0000,0
323500,1790782470680,0.09857,0.03676,0.03535,0.11197,0.03016,0.04084,0.05810,0.11329,0.11802,0.06105,0.19796,0.09793,0.09231,0.01969,0.02826,0.08835,0.01546,0.03064,0.06572,0.13015,0.12288,0.07111,0.23113,0.10431,-57.07,2.376,-1,0.0000,-1.00,0.0000,0
323593,1790782470782,0.07982,0.03025,0.02756,0.09533,0.04233,0.03838,0.04891,0.06276,0.11466,0.06849,0.22350,0.16803,0.07904,0.01369,0.01718,0.06233,0.01297,0.03032,0.05479,0.07289,0.12465,0.07989,0.26179,0.19048,-57.18,2.682,-1,0.0000,-1.00,0.0000,0
323686,1790782470860,0.05030,0.03243,0.02494,0.09457,0.05314,0.02149,0.05568,0.08366,0.15693,0.07827,0.13119,0.21741,0.04067,0.00484,0.01187,0.08285,0.01458,0.01768,0.06477,0.09887,0.17162,0.09089,0.15369,0.24766,-56.47,2.609,-1,0.0000,-1.00,0.0000,0
323779,1790782470980,0.06810,0.03426,0.03299,0.11556,0.05325,0.02835,0.02938,0.08968,0.14617,0.08313,0.12732,0.19181,0.06165,0.01063,0.02046,0.10917,0.01746,0.02394,0.03310,0.10340,0.15350,0.09615,0.14781,0.22271,-54.70,2.302,-1,0.0000,-1.00,0.0000,0
323871,1790782471079,0.06856,0.03838,0.01907,0.10824,0.04928,0.03417,0.07189,0.06055,0.13282,0.06031,0.20503,0.15170,0.06815,0.01766,0.00955,0.08208,0.02626,0.02743,0.08264,0.07065,0.14288,0.06706,0.24024,0.16538,-54.55,2.460,-1,0.0000,-1.00,0.0000,0
323964,1790782471160,0.06922,0.02727,0.02020,0.14745,0.05127,0.03022,0.05983,0.07614,0.13137,0.05566,0.14115,0.19022,0.06532,0.00724,0.01162,0.14407,0.01901,0.02326,0.07025,0.08893,0.12833,0.06345,0.16452,0.21400,-55.10,2.283,-1,0.0000,-1.00,0.0000,0
324057,1790782471261,0.05930,0.04292,0.03034,0.13701,0.06906,0.03612,0.05552,0.06865,0.10404,0.08913,0.11652,0.19138,0.05541,0.03213,0.01674,0.13776,0.03965,0.03230,0.06016,0.07894,0.09736,0.09894,0.13322,0.21739,-55.23,2.297,-1,0.0000,-1.00,0.0000,0
324150,1790782471339,0.03793,0.04771,0.02901,0.18144,0.06115,0.02062,0.08045,0.06310,0.15024,0.06351,0.10687,0.15796,0.03268,0.02905,0.02124,0.19274,0.03959,0.01823,0.09033,0.07171,0.14181,0.06825,0.12445,0.16993,-55.10,2.177,-1,0.0000,-1.00,0.0000,0
324243,1790782471444,0.07683,0.04338,0.04682,0.12566,0.06149,0.03086,0.04857,0.03768,0.14816,0.15507,0.11776,0.10772,0.08362,0.02182,0.02106,0.12340,0.05015,0.02040,0.05225,0.04260,0.15213,0.17681,0.13706,0.11871,-54.90,1.861,-1,0.0000,-1.00,0.0000,0
324336,1790782471521,0.05320,0.03678,0.04583,0.10407,0.16367,0.04992,0.04806,0.02698,0.12119,0.13393,0.14743,0.06893,0.05763,0.01989,0.03014,0.09159,0.18185,0.04839,0.05365,0.02636,0.12647,0.12502,0.16706,0.07196,-55.87,1.964,-1,0.0000,-1.00,0.0000,0
324429,1790782471620,0.09046,0.02871,0.02084,0.20286,0.06927,0.02175,0.05113,0.10438,0.10395,0.05838,0.16380,0.08447,0.08212,0.01977,0.01321,0.20500,0.05385,0.02112,0.05735,0.12245,0.08391,0.05928,0.19209,0.08984,-56.79,2.434,-1,0.0000,-1.00,0.0000,0
324522,1790782471720,0.19009,0.03211,0.03050,0.08366,0.04724,0.05650,0.06091,0.11990,0.12511,0.06778,0.09950,0.08669,0.19705,0.01496,0.02192,0.07774,0.03876,0.02864,0.07002,0.13933,0.13425,0.07378,0.11354,0.09000,-56.19,2.281,-1,0.0000,-1.00,0.0000,0
324614,1790782471800,0.15040,0.05760,0.02396,0.08173,0.02943,0.06867,0.04687,0.08023,0.23925,0.07762,0.05848,0.08575,0.16159,0.01557,0.01094,0.08602,0.01698,0.05025,0.05308,0.09397,0.26963,0.08964,0.06012,0.09222,-55.28,2.871,-1,0.0000,-1.00,0.0000,0
324707,1790782471899,0.10062,0.05003,0.03964,0.04751,0.03743,0.03871,0.07238,0.07602,0.18919,0.11949,0.15547,0.07352,0.10434,0.01587,0.02029,0.02101,0.03088,0.02570,0.08355,0.08710,0.22233,0.13725,0.18119,0.07049,-55.93,2.270,-1,0.0000,-1.00,0.0000,0
324800,1790782471978,0.11763,0.02320,0.02338,0.08192,0.04332,0.05605,0.04813,0.11523,0.10066,0.06836,0.14016,0.18194,0.11378,0.00680,0.01220,0.06662,0.01090,0.04461,0.05633,0.13566,0.10735,0.07981,0.15911,0.20684,-57.14,2.183,-1,0.0000,-1.00,0.0000,0
324893,1790782472082,0.05195,0.04359,0.03896,0.06365,0.03270,0.12955,0.02969,0.08192,0.17046,0.13800,0.13653,0.08300,0.04335,0.01369,0.01472,0.04960,0.02075,0.14663,0.03277,0.09533,0.19442,0.16124,0.13453,0.09296,-56.91,2.046,-1,0.0000,-1.00,0.0000,0
324986,1790782472159,0.04963,0.02649,0.01449,0.11762,0.02746,0.16156,0.01770,0.09427,0.10256,0.03832,0.28901,0.06088,0.03692,0.01111,0.00892,0.07961,0.01919,0.18627,0.01901,0.11119,0.10664,0.04258,0.30938,0.06918,-57.16,3.468,-1,0.0000,-1.00,0.0000,0
325079,1790782472282,0.03687,0.02257,0.01675,0.13999,0.03282,0.09398,0.01561,0.06356,0.08464,0.02796,0.33535,0.12989,0.02962,0.01057,0.01379,0.09228,0.00913,0.10673,0.01661,0.07343,0.08313,0.03169,0.38067,0.15235,-57.42,4.024,-1,0.0000,-1.00,0.0000,0
325172,1790782472379,0.02810,0.02121,0.01299,0.15628,0.02553,0.14792,0.04295,0.07246,0.08200,0.03153,0.27819,0.10083,0.01841,0.01097,0.00843,0.12800,0.00890,0.17359,0.04929,0.08516,0.07288,0.03602,0.29892,0.10942,-57.42,3.338,-1,0.0000,-1.00,0.0000,0
325265,1790782472472,0.01683,0.02440,0.01784,0.12244,0.02116,0.07713,0.14325,0.02855,0.05722,0.05693,0.34090,0.09335,0.01367,0.01841,0.00819,0.06927,0.00978,0.08971,0.16785,0.03273,0.05461,0.06650,0.39069,0.07858,-58.16,4.091,-1,0.0000,-1.00,0.0000,0
325358,1790782472565,0.02273,0.01475,0.01232,0.17651,0.01382,0.07140,0.03451,0.04841,0.05306,0.02820,0.46202,0.06229,0.01553,0.00964,0.00819,0.10499,0.00329,0.08247,0.03899,0.05683,0.04276,0.03314,0.53727,0.06691,-58.40,5.544,-1,0.0000,-1.00,0.0000,0
325450,1790782472639,0.03663,0.02333,0.02216,0.12921,0.07395,0.05493,0.04165,0.02774,0.06317,0.09195,0.37061,0.06467,0.03602,0.01731,0.00759,0.06911,0.07478,0.05897,0.04647,0.03174,0.06168,0.09567,0.43238,0.06827,-58.04,4.447,-1,0.0000,-1.00,0.0000,0
325543,1790782472740,0.01987,0.03126,0.03227,0.23357,0.04749,0.04625,0.04904,0.04439,0.11852,0.09572,0.22486,0.05675,0.01356,0.01866,0.01772,0.22854,0.04543,0.05289,0.05491,0.04983,0.09671,0.10569,0.25894,0.05712,-58.17,2.803,-1,0.0000,-1.00,0.0000,0
325636,1790782472821,0.02128,0.03040,0.02268,0.29560,0.03865,0.04596,0.01110,0.03204,0.14341,0.08764,0.20521,0.06603,0.01582,0.01681,0.00758,0.30750,0.03102,0.05193,0.00996,0.03689,0.11088,0.09886,0.23559,0.07714,-57.59,3.547,-1,0.0000,-1.00,0.0000,0
325729,1790782472919,0.01918,0.02134,0.02528,0.24194,0.02949,0.03813,0.03112,0.06387,0.09333,0.09452,0.26349,0.07831,0.00814,0.01240,0.00855,0.22905,0.01810,0.04407,0.03484,0.07483,0.06642,0.10967,0.30699,0.08693,-56.93,3.162,-1,0.0000,-1.00,0.0000,0
325822,1790782473022,0.02169,0.01483,0.03184,0.20727,0.01483,0.09272,0.02728,0.05645,0.09336,0.10552,0.28330,0.05091,0.01274,0.00324,0.01336,0.18533,0.00693,0.10857,0.03196,0.06508,0.07513,0.12506,0.31794,0.05467,-56.98,3.400,-1,0.0000,-1.00,0.0000,0
325915,1790782473100,0.01268,0.02243,0.03495,0.12186,0.01944,0.03976,0.09377,0.02355,0.09080,0.13221,0.30839,0.10016,0.01002,0.00827,0.01060,0.07455,0.00385,0.04566,0.11072,0.02612,0.09390,0.15778,0.36047,0.09807,-57.24,3.701,-1,0.0000,-1.00,0.0000,0
326008,1790782473200,0.01023,0.02033,0.03879,0.14217,0.03656,0.03439,0.07058,0.04479,0.08526,0.13261,0.26001,0.12427,0.00595,0.00954,0.01571,0.11016,0.01849,0.04003,0.08251,0.05073,0.08032,0.15524,0.30361,0.12771,-56.88,3.120,-1,0.0000,-1.00,0.0000,0
326101,1790782473279,0.01486,0.03897,0.03339,0.14105,0.03578,0.01200,0.06085,0.03778,0.18581,0.10964,0.19639,0.13347,0.00864,0.00825,0.01441,0.12286,0.01396,0.01267,0.07128,0.04242,0.19775,0.12915,0.23281,0.14580,-56.82,2.357,-1,0.0000,-1.00,0.0000,0
326193,1790782473379,0.01750,0.03282,0.03368,0.15863,0.03291,0.01765,0.04470,0.04877,0.13053,0.09687,0.25973,0.12620,0.00926,0.01433,0.01769,0.12914,0.01145,0.01932,0.05072,0.05493,0.13023,0.11438,0.30739,0.14117,-57.27,3.117,-1,0.0000,-1.00,0.0000,0
326286,1790782473472,0.02679,0.03307,0.04757,0.14132,0.01926,0.02044,0.04386,0.02373,0.12209,0.17199,0.28922,0.06066,0.02580,0.01572,0.01656,0.10140,0.01057,0.01938,0.04844,0.02615,0.12620,0.20399,0.34271,0.06308,-57.43,3.471,-1,0.0000,-1.00,0.0000,0
326379,1790782473579,0.03924,0.02583,0.05236,0.12974,0.02252,0.01169,0.05362,0.09788,0.07946,0.13007,0.28836,0.06921,0.02248,0.01808,0.03235,0.08733,0.01293,0.00956,0.06066,0.11087,0.07790,0.15330,0.34363,0.07091,-57.28,3.460,-1,0.0000,-1.00,0.0000,0
326472,1790782473680,0.04100,0.02189,0.01626,0.18779,0.06444,0.01581,0.02293,0.09008,0.09605,0.05966,0.09008,0.29400,0.02802,0.01145,0.00562,0.20414,0.00838,0.01339,0.02491,0.10712,0.07450,0.06995,0.10528,0.34722,-57.13,3.528,-1,0.0000,-1.00,0.0000,0
326565,1790782473760,0.07647,0.03350,0.02277,0.24257,0.04637,0.01411,0.02387,0.04893,0.14182,0.05352,0.14312,0.15296,0.08051,0.01655,0.01493,0.25713,0.00915,0.01201,0.02493,0.05606,0.11896,0.06232,0.16911,0.17834,-57.22,2.911,-1,0.0000,-1.00,0.0000,0
326658,1790782473860,0.07458,0.03132,0.02240,0.29866,0.03710,0.01628,0.02640,0.04292,0.13358,0.04138,0.15676,0.11862,0.07965,0.01863,0.01734,0.32111,0.00885,0.01224,0.02795,0.04799,0.09634,0.04788,0.18542,0.13659,-56.97,3.584,-1,0.0000,-1.00,0.0000,0
326751,1790782473943,0.05307,0.03230,0.02089,0.21903,0.04285,0.02071,0.03035,0.05346,0.11921,0.08217,0.14629,0.17966,0.05110,0.01935,0.00591,0.22827,0.00994,0.01469,0.03242,0.06300,0.09759,0.09649,0.17238,0.20885,-57.28,2.628,-1,0.0000,-1.00,0.0000,0
326844,1790782474044,0.03093,0.02023,0.02705,0.26616,0.04745,0.01882,0.02775,0.05879,0.09115,0.07838,0.11330,0.22001,0.02365,0.01414,0.01397,0.29271,0.00579,0.01786,0.03045,0.06767,0.05094,0.09303,0.13221,0.25758,-58.03,3.194,-1,0.0000,-1.00,0.0000,0
326936,1790782474120,0.03812,0.03833,0.05214,0.12013,0.03342,0.02028,0.03486,0.06771,0.07751,0.10440,0.29853,0.11458,0.03224,0.03099,0.03814,0.07373,0.01455,0.01791,0.03563,0.07357,0.07771,0.12275,0.35416,0.12862,-58.32,3.582,-1,0.0000,-1.00,0.0000,0
327029,1790782474219,0.02393,0.04603,0.03904,0.21038,0.04564,0.01858,0.08386,0.03190,0.10453,0.12262,0.13171,0.14177,0.02068,0.04024,0.01836,0.22152,0.02461,0.01817,0.09156,0.03554,0.07999,0.14340,0.15422,0.15173,-57.82,2.525,-1,0.0000,-1.00,0.0000,0
327122,1790782474319,0.01783,0.03958,0.01761,0.27097,0.02351,0.00876,0.13516,0.05404,0.10694,0.05670,0.14015,0.12876,0.00652,0.03580,0.00778,0.29176,0.00367,0.00920,0.15486,0.06321,0.07031,0.06721,0.16611,0.12358,-57.51,3.252,-1,0.0000,-1.00,0.0000,0
327215,1790782474399,0.02872,0.03641,0.01976,0.16670,0.03003,0.01455,0.21810,0.04582,0.11479,0.07445,0.10212,0.14855,0.02401,0.02480,0.00643,0.17599,0.01112,0.01267,0.25615,0.05389,0.10266,0.08701,0.11986,0.12541,-57.89,2.617,-1,0.0000,-1.00,0.0000,0
327308,1790782474501,0.03564,0.04518,0.02390,0.25349,0.01716,0.03241,0.07857,0.06703,0.14610,0.08166,0.15935,0.05952,0.02583,0.03131,0.00956,0.26723,0.00934,0.03425,0.08794,0.07843,0.12182,0.09626,0.18414,0.05388,-58.01,3.042,-1,0.0000,-1.00,0.0000,0
327401,1790782474579,0.01647,0.08819,0.01916,0.16415,0.02332,0.00960,0.23790,0.04248,0.08383,0.06906,0.11240,0.13343,0.00887,0.09477,0.00679,0.17037,0.00696,0.00975,0.26615,0.04968,0.06649,0.08156,0.13276,0.10585,-57.62,2.855,-1,0.0000,-1.00,0.0000,0
327494,1790782474679,0.02600,0.14376,0.02545,0.08015,0.03010,0.01513,0.23425,0.04642,0.07078,0.08098,0.09865,0.14834,0.01994,0.15907,0.01159,0.07316,0.01062,0.01417,0.24913,0.05334,0.06983,0.09540,0.11539,0.12836,-57.40,2.811,-1,0.0000,-1.00,0.0000,0
327587,1790782474760,0.02683,0.04116,0.02519,0.27164,0.02544,0.01405,0.10878,0.03619,0.12398,0.08342,0.15921,0.08410,0.02395,0.03120,0.01097,0.28815,0.01538,0.01209,0.12398,0.04136,0.09143,0.09691,0.18838,0.07620,-57.36,3.260,-1,0.0000,-1.00,0.0000,0
327679,1790782474882,0.02813,0.04599,0.01687,0.08677,0.02465,0.01584,0.35292,0.05580,0.11346,0.02878,0.09993,0.13085,0.01951,0.03275,0.01385,0.08082,0.01478,0.01512,0.41547,0.06503,0.11938,0.03211,0.11675,0.07443,-57.52,4.235,-1,0.0000,-1.00,0.0000,0
327772,1790782474979,0.02483,0.08215,0.02071,0.13847,0.03508,0.03809,0.10748,0.07191,0.12352,0.05488,0.14646,0.15641,0.01250,0.07494,0.01214,0.13283,0.00935,0.04316,0.11380,0.08389,0.12168,0.06391,0.16694,0.16486,-57.76,1.877,-1,0.0000,-1.00,0.0000,0
327865,1790782475063,0.02474,0.04963,0.02279,0.12500,0.01440,0.01756,0.23931,0.09261,0.17759,0.07308,0.08475,0.07854,0.00805,0.02246,0.01028,0.13041,0.00970,0.01944,0.28226,0.10896,0.18673,0.08586,0.09770,0.03815,-57.06,2.872,-1,0.0000,-1.00,0.0000,0
327958,1790782475160,0.03313,0.03968,0.03535,0.13931,0.02200,0.06471,0.13085,0.11506,0.11634,0.09649,0.12488,0.08219,0.01292,0.02576,0.01983,0.14021,0.01280,0.07498,0.15169,0.13393,0.11106,0.11364,0.13477,0.06841,-57.29,1.672,-1,0.0000,-1.00,0.0000,0
328051,1790782475241,0.04369,0.03511,0.03638,0.12165,0.02113,0.03332,0.19235,0.11857,0.06940,0.10156,0.12667,0.10017,0.02309,0.03177,0.01985,0.11706,0.01026,0.03535,0.22256,0.13977,0.05981,0.11980,0.14477,0.07591,-57.96,2.308,-1,0.0000,-1.00,0.0000,0
328144,1790782475339,0.01989,0.02938,0.02290,0.06571,0.02740,0.01836,0.35791,0.06020,0.06797,0.04883,0.13173,0.14971,0.00985,0.02144,0.01622,0.04823,0.01396,0.02005,0.42461,0.06892,0.07101,0.05662,0.15387,0.09521,-57.55,4.295,-1,0.0000,-1.00,0.0000,0
328237,1790782475420,0.04720,0.02846,0.04029,0.07300,0.03491,0.02432,0.23143,0.05252,0.10094,0.10078,0.13281,0.13334,0.04201,0.01550,0.02492,0.05674,0.02091,0.02081,0.27355,0.05868,0.10849,0.11783,0.15501,0.10554,-57.58,2.777,-1,0.0000,-1.00,0.0000,0
328330,1790782475522,0.01503,0.02877,0.02359,0.12475,0.03090,0.02148,0.26391,0.09303,0.06977,0.06155,0.11028,0.15694,0.00832,0.02279,0.01420,0.12423,0.01434,0.02409,0.31170,0.10866,0.05897,0.07091,0.12737,0.11441,-57.72,3.167,-1,0.0000,-1.00,0.0000,0
328423,1790782475622,0.01121,0.02768,0.01459,0.06522,0.02604,0.03507,0.40030,0.03435,0.05649,0.04016,0.10736,0.18152,0.00558,0.02194,0.00816,0.05426,0.00676,0.04091,0.47525,0.03960,0.05664,0.04707,0.12054,0.12329,-57.77,4.804,-1,0.0000,-1.00,0.0000,0
328515,1790782475699,0.03258,0.02696,0.04343,0.11111,0.02794,0.01492,0.15086,0.08128,0.11247,0.15732,0.10834,0.13280,0.01760,0.01267,0.01489,0.10797,0.00894,0.01439,0.17825,0.09444,0.11270,0.18739,0.12696,0.12379,-57.69,1.888,-1,0.0000,-1.00,0.0000,0
328608,1790782475800,0.00859,0.03565,0.03520,0.11484,0.03151,0.01281,0.15183,0.03206,0.09647,0.13709,0.20916,0.13478,0.00231,0.02417,0.00991,0.08851,0.01269,0.01489,0.17679,0.03680,0.09705,0.16276,0.24767,0.12645,-57.49,2.510,-1,0.0000,-1.00,0.0000,0
328701,1790782475880,0.01274,0.03199,0.03233,0.16532,0.02275,0.00826,0.05313,0.03976,0.11276,0.11090,0.32777,0.08227,0.00718,0.01628,0.01280,0.12057,0.01026,0.00848,0.06035,0.04518,0.11122,0.13085,0.39107,0.08575,-57.10,3.933,-1,0.0000,-1.00,0.0000,0
328794,1790782475983,0.01091,0.02759,0.08638,0.09369,0.01509,0.00547,0.09285,0.04111,0.09782,0.32846,0.14355,0.05708,0.00423,0.01321,0.02575,0.07839,0.00882,0.00571,0.10864,0.04416,0.10131,0.39219,0.17088,0.04671,-56.82,3.941,-1,0.0000,-1.00,0.0000,0
328887,1790782476079,0.01300,0.03808,0.05713,0.12351,0.02216,0.01688,0.03717,0.03863,0.12374,0.26230,0.20869,0.05871,0.00665,0.02019,0.00660,0.09920,0.01316,0.01995,0.04053,0.04498,0.12831,0.31200,0.24611,0.06231,-57.22,3.148,-1,0.0000,-1.00,0.0000,0
328980,1790782476181,0.01715,0.03845,0.05073,0.11509,0.02029,0.03638,0.03311,0.05016,0.11263,0.23833,0.25260,0.03508,0.00867,0.02261,0.00484,0.07956,0.01707,0.04218,0.03519,0.05914,0.11919,0.28220,0.29431,0.03505,-57.87,3.031,-1,0.0000,-1.00,0.0000,0
329073,1790782476281,0.01888,0.03964,0.05761,0.10732,0.02453,0.02443,0.06854,0.06698,0.08568,0.22703,0.22738,0.05199,0.00648,0.03098,0.01589,0.07568,0.02002,0.02798,0.07599,0.07710,0.08766,0.26807,0.26691,0.04724,-57.76,2.729,-1,0.0000,-1.00,0.0000,0
329166,1790782476360,0.03124,0.04405,0.04161,0.11802,0.03445,0.01615,0.11793,0.07704,0.12665,0.18079,0.13867,0.07341,0.01401,0.03222,0.00795,0.10918,0.02774,0.01792,0.13366,0.09200,0.12988,0.21136,0.16260,0.06147,-57.01,2.169,-1,0.0000,-1.00,0.0000,0
329258,1790782476483,0.01789,0.03364,0.04856,0.09252,0.03141,0.01330,0.10018,0.08678,0.08477,0.22561,0.14183,0.12353,0.00245,0.02328,0.00506,0.07778,0.01311,0.01545,0.11542,0.10298,0.08590,0.26798,0.16688,0.12370,-57.47,2.707,-1,0.0000,-1.00,0.0000,0
329351,1790782476541,0.01604,0.02862,0.02776,0.13035,0.03525,0.01880,0.14278,0.04727,0.09461,0.11252,0.20188,0.14413,0.00820,0.01617,0.00711,0.10905,0.01460,0.02090,0.16787,0.05523,0.09175,0.13193,0.23775,0.13943,-58.40,2.423,-1,0.0000,-1.00,0.0000,0
329444,1790782476640,0.02142,0.04095,0.02504,0.11661,0.04179,0.02088,0.10056,0.07374,0.09334,0.08622,0.24213,0.13732,0.00684,0.03189,0.01039,0.08314,0.02194,0.02367,0.11417,0.08630,0.09536,0.09896,0.28544,0.14191,-58.29,2.906,-1,0.0000,-1.00,0.0000,0
329537,1790782476720,0.01810,0.05848,0.02119,0.22517,0.04786,0.01147,0.05256,0.03991,0.10326,0.07382,0.24595,0.10222,0.01134,0.05510,0.00924,0.21184,0.03511,0.01149,0.05206,0.04599,0.08174,0.08150,0.29243,0.11217,-57.47,2.951,-1,0.0000,-1.00,0.0000,0
329630,1790782476819,0.01310,0.04079,0.02156,0.21763,0.05415,0.01929,0.07401,0.03805,0.12083,0.08091,0.22795,0.09173,0.00657,0.03008,0.00811,0.20748,0.04641,0.02195,0.08272,0.04398,0.10201,0.08939,0.26879,0.09251,-57.11,2.735,-1,0.0000,-1.00,0.0000,0
329723,1790782476921,0.01666,0.05432,0.02149,0.12279,0.06730,0.01493,0.06646,0.02398,0.11283,0.07348,0.30493,0.12083,0.01554,0.04131,0.01039,0.07528,0.05492,0.01481,0.07078,0.02734,0.11992,0.07752,0.36245,0.12975,-57.15,3.659,-1,0.0000,-1.00,0.0000,0
329816,1790782477001,0.01680,0.05594,0.02158,0.14190,0.05556,0.01080,0.04491,0.03787,0.12063,0.08192,0.35858,0.05350,0.00780,0.04587,0.00859,0.08530,0.05572,0.01140,0.04473,0.04367,0.12764,0.08712,0.42741,0.05476,-56.99,4.303,-1,0.0000,-1.00,0.0000,0
329909,1790782477100,0.01094,0.05762,0.02339,0.20740,0.04608,0.02432,0.04744,0.03276,0.12729,0.10490,0.23880,0.07906,0.00579,0.04822,0.00464,0.19289,0.03871,0.02799,0.04728,0.03833,0.11429,0.11802,0.28060,0.08324,-56.84,2.866,-1,0.0000,-1.00,0.0000,0
330001,1790782477180,0.01379,0.04967,0.04582,0.13385,0.05252,0.01416,0.03743,0.02306,0.10702,0.18177,0.25510,0.08582,0.00931,0.04082,0.01292,0.10038,0.04399,0.01512,0.03675,0.02507,0.10567,0.21175,0.30267,0.09554,-56.70,3.061,-1,0.0000,-1.00,0.0000,0
330094,1790782477279,0.20986,0.03711,0.02643,0.09425,0.07162,0.05072,0.04059,0.09649,0.07620,0.12377,0.09234,0.08062,0.22755,0.03115,0.00488,0.09169,0.06626,0.01775,0.04246,0.11466,0.07313,0.13517,0.10712,0.08819,-56.26,2.518,-1,0.0000,-1.00,0.0000,0
330187,1790782477379,0.27668,0.03038,0.01870,0.05834,0.05569,0.05316,0.01887,0.19228,0.06742,0.08671,0.07893,0.06285,0.28501,0.02344,0.00381,0.05143,0.05249,0.00720,0.01779,0.22981,0.07026,0.09383,0.09315,0.07178,-56.65,3.320,-1,0.0000,-1.00,0.0000,0
330280,1790782477482,0.14340,0.03563,0.02698,0.07780,0.07249,0.03124,0.01773,0.04975,0.12994,0.12229,0.18948,0.10327,0.15359,0.02068,0.00543,0.04849,0.06300,0.00699,0.01714,0.05854,0.14449,0.13565,0.22566,0.12035,-57.94,2.274,-1,0.0000,-1.00,0.0000,0
330373,1790782477580,0.04745,0.02475,0.02314,0.07855,0.09381,0.01392,0.02116,0.03764,0.06916,0.10369,0.08052,0.40620,0.04763,0.01663,0.00376,0.07528,0.01678,0.00724,0.02206,0.04436,0.06795,0.12092,0.09504,0.48235,-57.37,4.874,-1,0.0000,-1.00,0.0000,0
330466,1790782477660,0.08189,0.05411,0.02668,0.09650,0.07099,0.02383,0.02413,0.07158,0.07147,0.08890,0.12994,0.25998,0.08030,0.05244,0.01179,0.08526,0.02402,0.01264,0.01822,0.08374,0.06874,0.10177,0.15319,0.30790,-57.29,3.120,-1,0.0000,-1.00,0.0000,0
330559,1790782477763,0.06401,0.07794,0.04865,0.10040,0.06774,0.02393,0.03253,0.05781,0.09378,0.09243,0.18275,0.15804,0.06245,0.07618,0.03809,0.07754,0.04457,0.01629,0.02387,0.06172,0.09700,0.10192,0.21574,0.18464,-58.27,2.193,-1,0.0000,-1.00,0.0000,0
330652,1790782477839,0.28695,0.06643,0.03388,0.08230,0.02685,0.06155,0.04287,0.07286,0.07926,0.03440,0.11493,0.09772,0.32706,0.06365,0.03277,0.07166,0.01034,0.00891,0.03495,0.08461,0.08044,0.03949,0.13595,0.11016,-57.16,3.443,-1,0.0000,-1.00,0.0000,0
330745,1790782477944,0.39962,0.05183,0.01556,0.07141,0.02592,0.08158,0.04445,0.06741,0.05851,0.04045,0.07086,0.07240,0.46313,0.05091,0.00965,0.06897,0.01555,0.00594,0.04282,0.07920,0.05644,0.04539,0.08373,0.07826,-56.25,4.795,-1,0.0000,-1.00,0.0000,0
330837,1790782478022,0.40423,0.06969,0.00926,0.05581,0.02685,0.08106,0.03074,0.08643,0.07054,0.02201,0.11136,0.03201,0.46410,0.06835,0.00686,0.04063,0.02529,0.00532,0.02329,0.10220,0.07647,0.02136,0.13238,0.03374,-57.03,4.851,-1,0.0000,-1.00,0.0000,0
330930,1790782478120,0.09001,0.06774,0.01994,0.10494,0.03994,0.02600,0.02899,0.04540,0.17028,0.03622,0.21539,0.15514,0.09231,0.04878,0.01576,0.07509,0.01194,0.01285,0.02370,0.05264,0.18916,0.04103,0.25554,0.18120,-57.78,2.585,-1,0.0000,-1.00,0.0000,0
331023,1790782478220,0.03047,0.06497,0.02490,0.08344,0.02275,0.02857,0.07244,0.06833,0.23286,0.06587,0.23525,0.07014,0.02086,0.02431,0.01473,0.04529,0.01382,0.03010,0.08195,0.07898,0.27004,0.07619,0.27592,0.06780,-58.13,2.823,-1,0.0000,-1.00,0.0000,0
331116,1790782478300,0.05099,0.05629,0.02374,0.09702,0.01649,0.02951,0.05037,0.09844,0.12590,0.08525,0.31089,0.05510,0.03719,0.04028,0.00847,0.04351,0.00875,0.02798,0.05235,0.11629,0.14184,0.10081,0.36697,0.05556,-57.78,3.731,-1,0.0000,-1.00,0.0000,0
331209,1790782478401,0.03916,0.07446,0.01702,0.12938,0.02280,0.03937,0.04249,0.03998,0.22380,0.06403,0.20482,0.10269,0.03539,0.04256,0.00531,0.10795,0.00460,0.04016,0.04230,0.04703,0.24650,0.07608,0.23746,0.11466,-57.46,2.686,-1,0.0000,-1.00,0.0000,0
331302,1790782478480,0.07166,0.05599,0.01666,0.04804,0.05742,0.02815,0.03325,0.01265,0.24854,0.05826,0.12581,0.24357,0.07832,0.01409,0.00639,0.02839,0.01238,0.01820,0.03657,0.01437,0.29105,0.06848,0.14714,0.28461,-56.97,2.982,-1,0.0000,-1.00,0.0000,0
331395,1790782478580,0.08248,0.04175,0.01731,0.06398,0.07188,0.02458,0.02641,0.01834,0.17176,0.07092,0.10357,0.30701,0.09464,0.01133,0.00442,0.05248,0.01435,0.01069,0.02936,0.02115,0.19522,0.08231,0.12198,0.36205,-56.80,3.684,-1,0.0000,-1.00,0.0000,0
331488,1790782478680,0.08198,0.06485,0.01681,0.12345,0.04650,0.02751,0.03875,0.03611,0.13372,0.05774,0.18671,0.18587,0.08865,0.05130,0.00693,0.10418,0.01299,0.01539,0.03622,0.04194,0.13957,0.06661,0.22067,0.21553,-57.28,2.241,-1,0.0000,-1.00,0.0000,0
331580,1790782478779,0.01519,0.04823,0.02503,0.12695,0.04508,0.04305,0.03296,0.03445,0.14060,0.10464,0.19265,0.19116,0.01026,0.02897,0.00548,0.10830,0.01000,0.04956,0.03365,0.04029,0.14673,0.12367,0.22102,0.22208,-57.54,2.312,-1,0.0000,-1.00,0.0000,0
331673,1790782478881,0.03115,0.03854,0.02060,0.08241,0.01914,0.03091,0.23467,0.04397,0.14584,0.08195,0.15673,0.11408,0.02549,0.01562,0.00549,0.06278,0.00677,0.03199,0.27809,0.05160,0.16231,0.09685,0.18146,0.08156,-58.17,2.816,-1,0.0000,-1.00,0.0000,0
331766,1790782478982,0.01937,0.02781,0.02042,0.11892,0.02437,0.01699,0.30649,0.03546,0.08120,0.09496,0.10179,0.15222,0.01280,0.02080,0.00216,0.11901,0.00731,0.01782,0.36302,0.04217,0.07350,0.11253,0.11844,0.11043,-58.20,3.678,-1,0.0000,-1.00,0.0000,0
331859,1790782479059,0.02341,0.04774,0.03092,0.10788,0.03084,0.00994,0.16647,0.05552,0.11568,0.13813,0.10076,0.17272,0.01120,0.03772,0.00435,0.10574,0.00296,0.01020,0.19200,0.06566,0.11765,0.16492,0.11871,0.16890,-57.67,2.073,-1,0.0000,-1.00,0.0000,0
331952,1790782479142,0.01511,0.06334,0.02970,0.09983,0.02281,0.05297,0.13250,0.05380,0.17092,0.08281,0.15586,0.12035,0.00596,0.03864,0.01610,0.08505,0.00468,0.06229,0.15110,0.06128,0.18794,0.09830,0.17440,0.11426,-57.76,2.051,-1,0.0000,-1.00,0.0000,0
332045,1790782479241,0.01256,0.06638,0.02560,0.13047,0.03025,0.01744,0.15634,0.03975,0.19961,0.06049,0.10977,0.15135,0.00622,0.03733,0.01653,0.13104,0.00710,0.01992,0.17973,0.04455,0.21294,0.07134,0.12758,0.14572,-58.03,2.395,-1,0.0000,-1.00,0.0000,0
332138,1790782479320,0.01461,0.11612,0.03147,0.08996,0.01375,0.01495,0.05539,0.03467,0.42819,0.06645,0.07615,0.05828,0.01038,0.04098,0.02212,0.09032,0.00497,0.01586,0.05825,0.03716,0.49517,0.07864,0.08810,0.05805,-57.91,5.138,-1,0.0000,-1.00,0.0000,0
332231,1790782479420,0.03201,0.10461,0.01784,0.08837,0.01869,0.00922,0.06344,0.11365,0.27778,0.05803,0.13791,0.07844,0.01088,0.06304,0.00784,0.07348,0.00627,0.00889,0.06352,0.13462,0.31828,0.06829,0.16349,0.08139,-58.28,3.333,-1,0.0000,-1.00,0.0000,0
332324,1790782479521,0.03007,0.07464,0.02638,0.11949,0.02412,0.02522,0.03373,0.07954,0.19390,0.10306,0.20764,0.08220,0.00888,0.05567,0.00748,0.09503,0.00911,0.02989,0.02938,0.09383,0.21350,0.12169,0.24287,0.09267,-58.29,2.492,-1,0.0000,-1.00,0.0000,0
332416,1790782479599,0.03901,0.10494,0.02138,0.11749,0.01377,0.02035,0.04190,0.17353,0.15903,0.04297,0.21918,0.04646,0.00570,0.09264,0.01568,0.08963,0.00686,0.02325,0.03140,0.20526,0.17279,0.05013,0.25802,0.04864,-58.22,2.630,-1,0.0000,-1.00,0.0000,0
332509,1790782479699,0.02125,0.08451,0.02167,0.18756,0.02987,0.01544,0.05358,0.06367,0.24834,0.06278,0.13401,0.07733,0.00875,0.05233,0.01140,0.19356,0.01954,0.01676,0.05383,0.07404,0.25710,0.07346,0.15725,0.08198,-58.24,2.980,-1,0.0000,-1.00,0.0000,0
332602,1790782479779,0.01817,0.08456,0.06110,0.10946,0.01812,0.01309,0.04768,0.05059,0.19857,0.24805,0.09371,0.05690,0.01033,0.05846,0.01468,0.10944,0.00999,0.01364,0.04554,0.05771,0.21624,0.29524,0.10959,0.05916,-57.84,2.977,-1,0.0000,-1.00,0.0000,0
332695,1790782479880,0.01536,0.10523,0.05516,0.10020,0.01301,0.01226,0.03441,0.05030,0.22585,0.25790,0.09229,0.03804,0.00847,0.07632,0.00514,0.09865,0.00794,0.01301,0.02610,0.05926,0.25106,0.30745,0.10800,0.03859,-57.97,3.095,-1,0.0000,-1.00,0.0000,0
332788,1790782479981,0.00825,0.06974,0.06942,0.21059,0.00866,0.00725,0.02490,0.01481,0.16443,0.32273,0.08268,0.01654,0.00402,0.05625,0.00673,0.23301,0.00717,0.00789,0.01826,0.01684,0.15049,0.38564,0.09750,0.01619,-57.89,3.873,-1,0.0000,-1.00,0.0000,0
332881,1790782480080,0.00766,0.08511,0.08305,0.10418,0.00970,0.01012,0.03277,0.02603,0.13625,0.39968,0.07602,0.02944,0.00375,0.07395,0.00468,0.10722,0.00571,0.01138,0.02460,0.03027,0.14138,0.47841,0.08883,0.02983,-58.01,4.796,-1,0.0000,-1.00,0.0000,0
332974,1790782480179,0.01579,0.11195,0.06593,0.13977,0.01253,0.01354,0.03202,0.04794,0.14102,0.28359,0.10145,0.03449,0.00799,0.10648,0.01174,0.14397,0.00721,0.01493,0.01726,0.05511,0.13953,0.33929,0.11860,0.03790,-58.47,3.403,-1,0.0000,-1.00,0.0000,0
333067,1790782480259,0.01554,0.06512,0.07712,0.11973,0.01401,0.00759,0.02456,0.02220,0.16401,0.37928,0.07997,0.03088,0.01001,0.04755,0.00252,0.12480,0.00887,0.00848,0.02001,0.02610,0.17106,0.45344,0.09414,0.03304,-57.45,4.551,-1,0.0000,-1.00,0.0000,0
333159,1790782480359,0.01154,0.05395,0.07850,0.14226,0.01723,0.00722,0.04336,0.03215,0.12980,0.37922,0.04676,0.05801,0.00636,0.04009,0.00432,0.15964,0.00859,0.00739,0.04401,0.03766,0.12389,0.45269,0.05457,0.06078,-56.70,4.551,-1,0.0000,-1.00,0.0000,0
333252,1790782480442,0.06324,0.06738,0.06629,0.08442,0.02431,0.00623,0.03230,0.07820,0.15166,0.32010,0.05574,0.05014,0.06397,0.04822,0.00371,0.08812,0.00911,0.00536,0.02914,0.09296,0.16403,0.38198,0.06573,0.04767,-57.23,3.841,-1,0.0000,-1.00,0.0000,0
333345,1790782480541,0.06951,0.08160,0.05196,0.13995,0.02113,0.01643,0.03467,0.04842,0.11855,0.24637,0.09683,0.07459,0.07071,0.07654,0.00407,0.14491,0.00864,0.00567,0.02637,0.05721,0.11332,0.29350,0.11490,0.08415,-57.92,2.956,-1,0.0000,-1.00,0.0000,0
333438,1790782480622,0.06379,0.07630,0.06556,0.08966,0.01911,0.01243,0.02600,0.04063,0.13647,0.27677,0.15425,0.03902,0.06728,0.06180,0.01312,0.07111,0.00775,0.00819,0.01883,0.04616,0.14942,0.33010,0.18320,0.04302,-58.42,3.321,-1,0.0000,-1.00,0.0000,0
333531,1790782480719,0.09643,0.04987,0.07114,0.12604,0.01342,0.02391,0.01688,0.03868,0.08898,0.34194,0.09829,0.03442,0.10521,0.04498,0.00433,0.12799,0.00834,0.00780,0.01124,0.04556,0.08115,0.40816,0.11623,0.03901,-59.15,4.103,-1,0.0000,-1.00,0.0000,0
333624,1790782480822,0.10708,0.07389,0.05010,0.11351,0.01248,0.02873,0.02754,0.02912,0.19433,0.21325,0.11584,0.03412,0.12209,0.04666,0.00969,0.10890,0.00785,0.01023,0.02375,0.03297,0.21127,0.25397,0.13677,0.03586,-59.18,2.559,-1,0.0000,-1.00,0.0000,0
333717,1790782480900,0.23636,0.09240,0.03940,0.06854,0.01621,0.05712,0.03314,0.03894,0.17157,0.17442,0.04360,0.02829,0.27352,0.07369,0.00613,0.07233,0.01369,0.01423,0.02510,0.04544,0.19033,0.20719,0.04943,0.02893,-58.66,2.836,-1,0.0000,-1.00,0.0000,0
333810,1790782481000,0.08281,0.12615,0.04921,0.09155,0.01333,0.03517,0.05262,0.03151,0.15205,0.23347,0.09273,0.03941,0.08956,0.12089,0.00379,0.08863,0.00815,0.02439,0.03908,0.03701,0.16442,0.27834,0.10627,0.03947,-58.47,2.802,-1,0.0000,-1.00,0.0000,0
333902,1790782481079,0.09172,0.06833,0.03011,0.19166,0.04160,0.01988,0.04700,0.08772,0.15453,0.05103,0.08275,0.13367,0.09180,0.05348,0.02471,0.21021,0.02025,0.00563,0.04431,0.10161,0.14327,0.05735,0.09804,0.14934,-57.18,2.300,-1,0.0000,-1.00,0.0000,0
333995,1790782481200,0.32796,0.02943,0.00543,0.03518,0.06614,0.05535,0.01087,0.35075,0.04819,0.02099,0.01758,0.03214,0.31013,0.02618,0.00361,0.03816,0.07202,0.00484,0.00783,0.41957,0.04645,0.01459,0.02011,0.03650,-56.65,4.209,-1,0.0000,-1.00,0.0000,0
334088,1790782481279,0.36298,0.04404,0.00768,0.05808,0.02762,0.06564,0.01731,0.22225,0.08647,0.01140,0.04236,0.05416,0.38243,0.03458,0.00726,0.05970,0.01940,0.00421,0.01388,0.26488,0.09177,0.00981,0.04993,0.06215,-58.11,4.356,-1,0.0000,-1.00,0.0000,0
334181,1790782481379,0.06000,0.04233,0.00644,0.07288,0.10425,0.01478,0.04746,0.09142,0.09662,0.01784,0.02691,0.41905,0.05035,0.03097,0.00455,0.08124,0.02737,0.00773,0.05073,0.10864,0.09962,0.01600,0.03071,0.49207,-57.96,5.029,-1,0.0000,-1.00,0.0000,0
334274,1790782481480,0.08499,0.03312,0.01215,0.07216,0.07122,0.01639,0.02445,0.16828,0.08209,0.05061,0.06374,0.32080,0.06234,0.02300,0.00294,0.07161,0.01018,0.00728,0.02474,0.20106,0.08417,0.05862,0.07494,0.37913,-57.60,3.850,-1,0.0000,-1.00,0.0000,0
334367,1790782481560,0.11844,0.08548,0.02482,0.14460,0.04566,0.03015,0.06521,0.06512,0.15587,0.07308,0.10021,0.09138,0.12565,0.07230,0.01377,0.14990,0.03544,0.01122,0.06214,0.07696,0.15705,0.08054,0.11785,0.09718,-58.50,1.870,-1,0.0000,-1.00,0.0000,0
334460,1790782481660,0.27252,0.09435,0.02095,0.09961,0.03470,0.05805,0.04949,0.07176,0.07832,0.03185,0.08558,0.10283,0.31063,0.09857,0.01807,0.09934,0.01880,0.00798,0.03923,0.08293,0.07309,0.03549,0.10097,0.11490,-57.60,3.270,-1,0.0000,-1.00,0.0000,0
334553,1790782481739,0.49787,0.04470,0.00667,0.05956,0.02023,0.09532,0.01185,0.10918,0.05109,0.01328,0.05199,0.03826,0.57083,0.04409,0.00499,0.05917,0.01270,0.00372,0.00546,0.12983,0.04776,0.01512,0.06156,0.04476,-56.47,5.974,-1,0.0000,-1.00,0.0000,0
334645,1790782481839,0.56301,0.04462,0.00370,0.04426,0.01903,0.11096,0.01196,0.08406,0.06163,0.01415,0.01760,0.02501,0.65469,0.04138,0.00112,0.04898,0.01711,0.00318,0.00613,0.10050,0.06098,0.01673,0.02045,0.02875,-56.93,6.756,-1,0.0000,-1.00,0.0000,0
334738,1790782481920,0.21180,0.08185,0.00686,0.11800,0.03982,0.04051,0.02171,0.05483,0.10097,0.01785,0.13858,0.16721,0.24093,0.07842,0.00415,0.10862,0.00557,0.00362,0.01047,0.06488,0.09918,0.02056,0.16534,0.19828,-58.16,2.542,-1,0.0000,-1.00,0.0000,0
334831,1790782482019,0.14572,0.05832,0.02412,0.15350,0.02210,0.03670,0.01494,0.06822,0.10568,0.09590,0.22518,0.04961,0.15866,0.05015,0.00649,0.13093,0.01501,0.01252,0.00796,0.08046,0.09954,0.11307,0.26734,0.05786,-58.54,2.702,-1,0.0000,-1.00,0.0000,0
334924,1790782482121,0.08558,0.06994,0.01881,0.11328,0.01768,0.02275,0.01608,0.04489,0.17528,0.06759,0.30085,0.06727,0.09308,0.04471,0.00671,0.06462,0.00580,0.00881,0.01040,0.05246,0.19721,0.07984,0.35874,0.07761,-58.55,3.610,-1,0.0000,-1.00,0.0000,0
335017,1790782482200,0.04792,0.11890,0.01759,0.11906,0.01800,0.01597,0.03174,0.06092,0.20737,0.08223,0.21207,0.06822,0.03978,0.10010,0.00178,0.09273,0.00608,0.01125,0.01819,0.07264,0.23010,0.09733,0.25188,0.07813,-58.72,2.545,-1,0.0000,-1.00,0.0000,0
335110,1790782482299,0.04883,0.10596,0.00393,0.15757,0.00848,0.02365,0.03267,0.06225,0.24114,0.00820,0.28731,0.02000,0.03790,0.08053,0.00287,0.12138,0.00633,0.02082,0.02319,0.07402,0.26421,0.00925,0.34014,0.01937,-58.63,3.448,-1,0.0000,-1.00,0.0000,0
335203,1790782482379,0.05279,0.08873,0.00297,0.22059,0.00943,0.02408,0.02322,0.07611,0.24477,0.00897,0.23602,0.01231,0.04371,0.05804,0.00167,0.20905,0.00895,0.02026,0.01632,0.09086,0.25127,0.00957,0.27880,0.01152,-58.73,2.937,-1,0.0000,-1.00,0.0000,0
335296,1790782482499,0.05723,0.17488,0.01499,0.13712,0.01047,0.02861,0.03948,0.10953,0.24803,0.02746,0.11940,0.03280,0.04088,0.15813,0.01165,0.13697,0.00538,0.02618,0.01586,0.12903,0.27005,0.03184,0.13788,0.03615,-58.93,2.976,-1,0.0000,-1.00,0.0000,0
