t_audio_ms,t_wall_ms,displayed,passage,showPassage,best,second,rBest,rDisplayed,rSecond,confidence,nearby,challenge,challengeProgress,event,evidenceSeconds,songSeconds,passageSeconds,labelChanges,songMature,config
185,1790793224527,,,0,B Maior,B Menor,0.5827,0.0000,0.5151,0.2702,"B Menor;F# Menor;D Maior",,0.00,,0.00,0.08,0.08,0,0,"v2;w20;harm;aar;song60;far12;near45;tol0.8;floor0.25;drain0.5;bass0.25"
743,1790793225027,,,0,B Maior,Eb Menor,0.7300,0.0000,0.6180,0.4480,"Eb Menor;G# Menor;C# Menor",,0.00,,0.00,0.64,0.64,0,0,"v2;w20;harm;aar;song60;far12;near45;tol0.8;floor0.25;drain0.5;bass0.25"
1207,1790793225527,,,0,B Maior,G# Menor,0.7203,0.0000,0.6827,0.1503,"G# Menor;Eb Menor;C# Menor",,0.00,,0.00,1.10,1.10,0,0,"v2;w20;harm;aar;song60;far12;near45;tol0.8;floor0.25;drain0.5;bass0.25"
1671,1790793226028,,,0,G# Menor,B Maior,0.6885,0.0000,0.6707,0.0710,"B Maior;Eb Menor;C# Menor",,0.00,,0.00,1.56,1.56,0,0,"v2;w20;harm;aar;song60;far12;near45;tol0.8;floor0.25;drain0.5;bass0.25"
2229,1790793226528,B Maior,B Maior,0,B Maior,G# Menor,0.7605,0.7605,0.7536,0.0276,"G# Menor;C# Menor;Eb Menor",,0.00,,0.00,2.12,2.12,0,0,"v2;w20;harm;aar;song60;far12;near45;tol0.8;floor0.25;drain0.5;bass0.25"
2693,1790793227027,B Maior,B Maior,0,B Maior,G# Menor,0.7893,0.7893,0.7715,0.0712,"G# Menor;C# Menor;Eb Menor",,0.00,,0.00,2.60,2.60,0,0,"v2;w20;harm;aar;song60;far12;near45;tol0.8;floor0.25;drain0.5;bass0.25"
3250,1790793227528,B Maior,B Maior,0,B Maior,G# Menor,0.8187,0.8187,0.7720,0.1870,"G# Menor;C# Menor;E Maior",,0.00,,0.00,3.14,3.14,0,0,"v2;w20;harm;aar;song60;far12;near45;tol0.8;floor0.25;drain0.5;bass0.25"
3715,1790793228035,B Maior,B Maior,0,B Maior,G# Menor,0.8457,0.8457,0.7701,0.3024,"G# Menor;C# Menor;E Maior",,0.00,,0.00,3.60,3.60,0,0,"v2;w20;harm;aar;song60;far12;near45;tol0.8;floor0.25;drain0.5;bass0.25"
4179,1790793228528,B Maior,B Maior,0,B Maior,G# Menor,0.8462,0.8462,0.7581,0.3521,"G# Menor;C# Menor;E Maior",,0.00,,0.00,4.08,4.08,0,0,"v2;w20;harm;aar;song60;far12;near45;tol0.8;floor0.25;drain0.5;bass0.25"
4736,1790793229028,B Maior,B Maior,0,B Maior,G# Menor,0.8604,0.8604,0.7421,0.4731,"G# Menor;E Maior;C# Menor",,0.00,,0.00,4.62,4.62,0,0,"v2;w20;harm;aar;song60;far12;near45;tol0.8;floor0.25;drain0.5;bass0.25"
5201,1790793229529,B Maior,B Maior,0,B Maior,G# Menor,0.8575,0.8575,0.7152,0.5692,"G# Menor;E Maior;C# Menor",,0.00,,0.00,5.10,5.10,0,0,"v2;w20;harm;aar;song60;far12;near45;tol0.8;floor0.25;drain0.5;bass0.25"
5758,1790793230028,B Maior,B Maior,0,B Maior,E Maior,0.8443,0.8443,0.7229,0.4856,"E Maior;G# Menor;C# Menor",,0.00,,0.00,5.64,5.64,0,0,"v2;w20;harm;aar;song60;far12;near45;tol0.8;floor0.25;drain0.5;bass0.25"
6222,1790793230529,B Maior,B Maior,0,B Maior,E Maior,0.8404,0.8404,0.7549,0.3423,"E Maior;G# Menor;C# Menor",,0.00,,0.00,6.10,6.10,0,0,"v2;w20;harm;aar;song60;far12;near45;tol0.8;floor0.25;drain0.5;bass0.25"
6687,1790793231028,B Maior,B Maior,0,B Maior,E Maior,0.8493,0.8493,0.7213,0.5120,"E Maior;G# Menor;C# Menor",,0.00,,0.00,6.58,6.58,0,0,"v2;w20;harm;aar;song60;far12;near45;tol0.8;floor0.25;drain0.5;bass0.25"
7244,1790793231528,B Maior,B Maior,0,B Maior,G# Menor,0.8433,0.8433,0.6839,0.6375,"G# Menor;E Maior;C# Menor",,0.00,,0.00,7.14,7.14,0,0,"v2;w20;harm;aar;song60;far12;near45;tol0.8;floor0.25;drain0.5;bass0.25"
7709,1790793232028,B Maior,B Maior,0,B Maior,G# Menor,0.8474,0.8474,0.7072,0.5607,"G# Menor;C# Menor;E Maior",,0.00,,0.00,7.60,7.60,0,0,"v2;w20;harm;aar;song60;far12;near45;tol0.8;floor0.25;drain0.5;bass0.25"
8173,1790793232528,B Maior,B Maior,0,B Maior,G# Menor,0.8754,0.8754,0.7397,0.5428,"G# Menor;C# Menor;E Maior",,0.00,,0.00,8.06,8.06,0,0,"v2;w20;harm;aar;song60;far12;near45;tol0.8;floor0.25;drain0.5;bass0.25"
8730,1790793233029,B Maior,B Maior,0,B Maior,G# Menor,0.8660,0.8660,0.7360,0.5201,"G# Menor;C# Menor;E Maior",,0.00,,0.00,8.62,8.62,0,0,"v2;w20;harm;aar;song60;far12;near45;tol0.8;floor0.25;drain0.5;bass0.25"
9195,1790793233528,B Maior,B Maior,0,B Maior,G# Menor,0.8856,0.8856,0.7506,0.5398,"G# Menor;C# Menor;E Maior",,0.00,,0.00,9.10,9.10,0,0,"v2;w20;harm;aar;song60;far12;near45;tol0.8;floor0.25;drain0.5;bass0.25"
9752,1790793234029,B Maior,B Maior,0,B Maior,G# Menor,0.8808,0.8808,0.7456,0.5410,"G# Menor;C# Menor;E Maior",,0.00,,0.00,9.64,9.64,0,0,"v2;w20;harm;aar;song60;far12;near45;tol0.8;floor0.25;drain0.5;bass0.25"
10216,1790793234529,B Maior,B Maior,0,B Maior,G# Menor,0.8789,0.8789,0.7412,0.5508,"G# Menor;C# Menor;E Maior",,0.00,,0.00,10.12,10.12,0,0,"v2;w20;harm;aar;song60;far12;near45;tol0.8;floor0.25;drain0.5;bass0.25"
10681,1790793235029,B Maior,B Maior,0,B Maior,G# Menor,0.8762,0.8762,0.7354,0.5632,"G# Menor;E Maior;C# Menor",,0.00,,0.00,10.58,10.58,0,0,"v2;w20;harm;aar;song60;far12;near45;tol0.8;floor0.25;drain0.5;bass0.25"
11238,1790793235529,B Maior,B Maior,0,B Maior,G# Menor,0.8694,0.8694,0.7218,0.5907,"G# Menor;E Maior;C# Menor",,0.00,,0.00,11.12,11.12,0,0,"v2;w20;harm;aar;song60;far12;near45;tol0.8;floor0.25;drain0.5;bass0.25"
11702,1790793236029,B Maior,B Maior,0,B Maior,G# Menor,0.8704,0.8704,0.7115,0.6357,"G# Menor;E Maior;C# Menor",,0.00,,0.00,11.60,11.60,0,0,"v2;w20;harm;aar;song60;far12;near45;tol0.8;floor0.25;drain0.5;bass0.25"
12260,1790793236529,B Maior,B Maior,0,B Maior,G# Menor,0.8672,0.8672,0.7107,0.6256,"G# Menor;E Maior;C# Menor",,0.00,,0.00,12.14,12.14,0,0,"v2;w20;harm;aar;song60;far12;near45;tol0.8;floor0.25;drain0.5;bass0.25"
12724,1790793237029,B Maior,B Maior,0,B Maior,E Maior,0.8652,0.8652,0.7246,0.5621,"E Maior;G# Menor;C# Menor",,0.00,,0.00,12.62,12.62,0,0,"v2;w20;harm;aar;song60;far12;near45;tol0.8;floor0.25;drain0.5;bass0.25"
13188,1790793237529,B Maior,B Maior,0,B Maior,E Maior,0.8687,0.8687,0.7364,0.5294,"E Maior;G# Menor;C# Menor",,0.00,,0.00,13.08,13.08,0,0,"v2;w20;harm;aar;song60;far12;near45;tol0.8;floor0.25;drain0.5;bass0.25"
13746,1790793238028,B Maior,B Maior,0,B Maior,E Maior,0.8699,0.8699,0.7365,0.5338,"E Maior;G# Menor;C# Menor",,0.00,,0.00,13.64,13.64,0,0,"v2;w20;harm;aar;song60;far12;near45;tol0.8;floor0.25;drain0.5;bass0.25"
14210,1790793238529,B Maior,B Maior,0,B Maior,E Maior,0.8769,0.8769,0.7349,0.5682,"E Maior;G# Menor;C# Menor",,0.00,,0.00,14.10,14.10,0,0,"v2;w20;harm;aar;song60;far12;near45;tol0.8;floor0.25;drain0.5;bass0.25"
14675,1790793239029,B Maior,B Maior,0,B Maior,E Maior,0.8853,0.8853,0.7353,0.5998,"E Maior;G# Menor;C# Menor",,0.00,,0.00,14.56,14.56,0,0,"v2;w20;harm;aar;song60;far12;near45;tol0.8;floor0.25;drain0.5;bass0.25"
15232,1790793239528,B Maior,B Maior,0,B Maior,E Maior,0.8984,0.8984,0.7337,0.6587,"E Maior;G# Menor;C# Menor",,0.00,,0.00,15.12,15.12,0,0,"v2;w20;harm;aar;song60;far12;near45;tol0.8;floor0.25;drain0.5;bass0.25"
15696,1790793240029,B Maior,B Maior,0,B Maior,E Maior,0.9016,0.9016,0.7291,0.6900,"E Maior;G# Menor;C# Menor",,0.00,,0.00,15.60,15.60,0,0,"v2;w20;harm;aar;song60;far12;near45;tol0.8;floor0.25;drain0.5;bass0.25"
16253,1790793240530,B Maior,B Maior,0,B Maior,E Maior,0.9015,0.9015,0.7189,0.7306,"E Maior;G# Menor;C# Menor",,0.00,,0.00,16.14,16.14,0,0,"v2;w20;harm;aar;song60;far12;near45;tol0.8;floor0.25;drain0.5;bass0.25"
16718,1790793241030,B Maior,B Maior,0,B Maior,E Maior,0.9160,0.9160,0.7209,0.7801,"E Maior;G# Menor;C# Menor",,0.00,,0.00,16.62,16.62,0,0,"v2;w20;harm;aar;song60;far12;near45;tol0.8;floor0.25;drain0.5;bass0.25"
17182,1790793241529,B Maior,B Maior,0,B Maior,E Maior,0.9164,0.9164,0.7280,0.7537,"E Maior;G# Menor;C# Menor",,0.00,,0.00,17.08,17.08,0,0,"v2;w20;harm;aar;song60;far12;near45;tol0.8;floor0.25;drain0.5;bass0.25"
17740,1790793242030,B Maior,B Maior,0,B Maior,E Maior,0.9207,0.9207,0.7274,0.7731,"E Maior;G# Menor;C# Menor",,0.00,,0.00,17.62,17.62,0,0,"v2;w20;harm;aar;song60;far12;near45;tol0.8;floor0.25;drain0.5;bass0.25"
18204,1790793242529,B Maior,B Maior,0,B Maior,E Maior,0.9322,0.9322,0.7275,0.8189,"E Maior;G# Menor;C# Menor",,0.00,,0.00,18.10,18.10,0,0,"v2;w20;harm;aar;song60;far12;near45;tol0.8;floor0.25;drain0.5;bass0.25"
18761,1790793243029,B Maior,B Maior,0,B Maior,E Maior,0.9346,0.9346,0.7224,0.8485,"E Maior;G# Menor;C# Menor",,0.00,,0.00,18.64,18.64,0,0,"v2;w20;harm;aar;song60;far12;near45;tol0.8;floor0.25;drain0.5;bass0.25"
19226,1790793243529,B Maior,B Maior,0,B Maior,E Maior,0.9363,0.9363,0.7162,0.8804,"E Maior;G# Menor;C# Menor",,0.00,,0.00,19.12,19.12,0,0,"v2;w20;harm;aar;song60;far12;near45;tol0.8;floor0.25;drain0.5;bass0.25"
19690,1790793244030,B Maior,B Maior,0,B Maior,E Maior,0.9342,0.9342,0.7140,0.8812,"E Maior;G# Menor;C# Menor",,0.00,,0.00,19.58,19.58,0,0,"v2;w20;harm;aar;song60;far12;near45;tol0.8;floor0.25;drain0.5;bass0.25"
20247,1790793244530,B Maior,B Maior,0,B Maior,E Maior,0.9280,0.9280,0.7075,0.8819,"E Maior;G# Menor;C# Menor",,0.00,,0.00,20.14,20.14,0,0,"v2;w20;harm;aar;song60;far12;near45;tol0.8;floor0.25;drain0.5;bass0.25"
20712,1790793245030,B Maior,B Maior,0,B Maior,E Maior,0.9180,0.9180,0.7152,0.8113,"E Maior;G# Menor;C# Menor",,0.00,,0.00,20.60,20.60,0,0,"v2;w20;harm;aar;song60;far12;near45;tol0.8;floor0.25;drain0.5;bass0.25"
21176,1790793245529,B Maior,B Maior,0,B Maior,E Maior,0.9177,0.9177,0.7204,0.7894,"E Maior;G# Menor;C# Menor",,0.00,,0.00,21.06,21.06,0,0,"v2;w20;harm;aar;song60;far12;near45;tol0.8;floor0.25;drain0.5;bass0.25"
21733,1790793246029,B Maior,B Maior,0,B Maior,E Maior,0.9262,0.9262,0.7167,0.8377,"E Maior;G# Menor;C# Menor",,0.00,,0.00,21.64,21.64,0,0,"v2;w20;harm;aar;song60;far12;near45;tol0.8;floor0.25;drain0.5;bass0.25"
22198,1790793246530,B Maior,B Maior,0,B Maior,G# Menor,0.9291,0.9291,0.7199,0.8368,"G# Menor;E Maior;C# Menor",,0.00,,0.00,22.10,22.10,0,0,"v2;w20;harm;aar;song60;far12;near45;tol0.8;floor0.25;drain0.5;bass0.25"
22755,1790793247029,B Maior,B Maior,0,B Maior,G# Menor,0.9299,0.9299,0.7248,0.8201,"G# Menor;E Maior;C# Menor",,0.00,,0.00,22.64,22.64,0,0,"v2;w20;harm;aar;song60;far12;near45;tol0.8;floor0.25;drain0.5;bass0.25"
23219,1790793247530,B Maior,B Maior,0,B Maior,G# Menor,0.9309,0.9309,0.7364,0.7783,"G# Menor;E Maior;C# Menor",,0.00,,0.00,23.12,23.12,0,0,"v2;w20;harm;aar;song60;far12;near45;tol0.8;floor0.25;drain0.5;bass0.25"
23684,1790793248029,B Maior,B Maior,0,B Maior,G# Menor,0.9334,0.9334,0.7390,0.7774,"G# Menor;E Maior;C# Menor",,0.00,,0.00,23.58,23.58,0,0,"v2;w20;harm;aar;song60;far12;near45;tol0.8;floor0.25;drain0.5;bass0.25"
24241,1790793248530,B Maior,B Maior,0,B Maior,G# Menor,0.9366,0.9366,0.7393,0.7892,"G# Menor;E Maior;C# Menor",,0.00,,0.00,24.14,24.14,0,0,"v2;w20;harm;aar;song60;far12;near45;tol0.8;floor0.25;drain0.5;bass0.25"
24706,1790793249030,B Maior,B Maior,0,B Maior,G# Menor,0.9374,0.9374,0.7349,0.8100,"G# Menor;E Maior;C# Menor",,0.00,,0.00,24.60,24.60,0,0,"v2;w20;harm;aar;song60;far12;near45;tol0.8;floor0.25;drain0.5;bass0.25"
25170,1790793249529,B Maior,B Maior,0,B Maior,G# Menor,0.9350,0.9350,0.7401,0.7798,"G# Menor;E Maior;C# Menor",,0.00,,0.00,25.06,25.06,0,0,"v2;w20;harm;aar;song60;far12;near45;tol0.8;floor0.25;drain0.5;bass0.25"
25727,1790793250030,B Maior,B Maior,0,B Maior,G# Menor,0.9250,0.9250,0.7344,0.7624,"G# Menor;E Maior;C# Menor",,0.00,,0.00,25.62,25.62,0,0,"v2;w20;harm;aar;song60;far12;near45;tol0.8;floor0.25;drain0.5;bass0.25"
26192,1790793250528,B Maior,B Maior,0,B Maior,G# Menor,0.9186,0.9186,0.7281,0.7623,"G# Menor;E Maior;C# Menor",,0.00,,0.00,26.08,26.08,0,0,"v2;w20;harm;aar;song60;far12;near45;tol0.8;floor0.25;drain0.5;bass0.25"
26656,1790793251030,B Maior,B Maior,0,B Maior,G# Menor,0.9142,0.9142,0.7204,0.7756,"G# Menor;E Maior;C# Menor",,0.00,,0.00,26.54,26.54,0,0,"v2;w20;harm;aar;song60;far12;near45;tol0.8;floor0.25;drain0.5;bass0.25"
27213,1790793251529,B Maior,B Maior,0,B Maior,G# Menor,0.9115,0.9115,0.7314,0.7204,"G# Menor;E Maior;C# Menor",,0.00,,0.00,27.10,27.10,0,0,"v2;w20;harm;aar;song60;far12;near45;tol0.8;floor0.25;drain0.5;bass0.25"
27678,1790793252028,B Maior,B Maior,0,B Maior,G# Menor,0.9104,0.9104,0.7381,0.6892,"G# Menor;E Maior;C# Menor",,0.00,,0.00,27.56,27.56,0,0,"v2;w20;harm;aar;song60;far12;near45;tol0.8;floor0.25;drain0.5;bass0.25"
28142,1790793252530,B Maior,B Maior,0,B Maior,G# Menor,0.9090,0.9090,0.7422,0.6672,"G# Menor;E Maior;C# Menor",,0.00,,0.00,28.04,28.04,0,0,"v2;w20;harm;aar;song60;far12;near45;tol0.8;floor0.25;drain0.5;bass0.25"
28699,1790793253029,B Maior,B Maior,0,B Maior,G# Menor,0.9090,0.9090,0.7388,0.6806,"G# Menor;E Maior;C# Menor",,0.00,,0.00,28.60,28.60,0,0,"v2;w20;harm;aar;song60;far12;near45;tol0.8;floor0.25;drain0.5;bass0.25"
29257,1790793253529,B Maior,B Maior,0,B Maior,G# Menor,0.9101,0.9101,0.7328,0.7094,"G# Menor;E Maior;C# Menor",,0.00,,0.00,29.14,29.14,0,0,"v2;w20;harm;aar;song60;far12;near45;tol0.8;floor0.25;drain0.5;bass0.25"
29721,1790793254029,B Maior,B Maior,0,B Maior,E Maior,0.9124,0.9124,0.7265,0.7434,"E Maior;G# Menor;C# Menor",,0.00,,0.00,29.62,29.62,0,0,"v2;w20;harm;aar;song60;far12;near45;tol0.8;floor0.25;drain0.5;bass0.25"
30185,1790793254529,B Maior,B Maior,0,B Maior,E Maior,0.9163,0.9163,0.7218,0.7778,"E Maior;G# Menor;C# Menor",,0.00,,0.00,30.08,30.08,0,1,"v2;w20;harm;aar;song60;far12;near45;tol0.8;floor0.25;drain0.5;bass0.25"
30743,1790793255030,B Maior,B Maior,0,B Maior,E Maior,0.9159,0.9159,0.7205,0.7820,"E Maior;G# Menor;C# Menor",,0.00,,0.00,30.64,30.64,0,1,"v2;w20;harm;aar;song60;far12;near45;tol0.8;floor0.25;drain0.5;bass0.25"
31207,1790793255530,B Maior,B Maior,0,B Maior,E Maior,0.9175,0.9175,0.7172,0.8012,"E Maior;G# Menor;C# Menor",,0.00,,0.00,31.10,31.10,0,1,"v2;w20;harm;aar;song60;far12;near45;tol0.8;floor0.25;drain0.5;bass0.25"
31764,1790793256029,B Maior,B Maior,0,B Maior,E Maior,0.9208,0.9208,0.7130,0.8309,"E Maior;G# Menor;C# Menor",,0.00,,0.00,31.64,31.64,0,1,"v2;w20;harm;aar;song60;far12;near45;tol0.8;floor0.25;drain0.5;bass0.25"
32229,1790793256530,B Maior,B Maior,0,B Maior,E Maior,0.9237,0.9237,0.7173,0.8257,"E Maior;G# Menor;C# Menor",,0.00,,0.00,32.12,32.12,0,1,"v2;w20;harm;aar;song60;far12;near45;tol0.8;floor0.25;drain0.5;bass0.25"
32693,1790793257031,B Maior,B Maior,0,B Maior,E Maior,0.9256,0.9256,0.7218,0.8150,"E Maior;G# Menor;C# Menor",,0.00,,0.00,32.58,32.58,0,1,"v2;w20;harm;aar;song60;far12;near45;tol0.8;floor0.25;drain0.5;bass0.25"
33158,1790793257530,B Maior,B Maior,0,B Maior,E Maior,0.9268,0.9268,0.7327,0.7765,"E Maior;G# Menor;C# Menor",,0.00,,0.00,33.04,33.04,0,1,"v2;w20;harm;aar;song60;far12;near45;tol0.8;floor0.25;drain0.5;bass0.25"
33715,1790793258037,B Maior,B Maior,0,B Maior,E Maior,0.9249,0.9249,0.7433,0.7265,"E Maior;G# Menor;C# Menor",,0.00,,0.00,33.60,33.60,0,1,"v2;w20;harm;aar;song60;far12;near45;tol0.8;floor0.25;drain0.5;bass0.25"
34179,1790793258530,B Maior,B Maior,0,B Maior,E Maior,0.9258,0.9258,0.7388,0.7482,"E Maior;G# Menor;C# Menor",,0.00,,0.00,34.06,34.06,0,1,"v2;w20;harm;aar;song60;far12;near45;tol0.8;floor0.25;drain0.5;bass0.25"
34737,1790793259031,B Maior,B Maior,0,B Maior,E Maior,0.9258,0.9258,0.7380,0.7512,"E Maior;G# Menor;C# Menor",,0.00,,0.00,34.64,34.64,0,1,"v2;w20;harm;aar;song60;far12;near45;tol0.8;floor0.25;drain0.5;bass0.25"
35201,1790793259530,B Maior,B Maior,0,B Maior,G# Menor,0.9273,0.9273,0.7405,0.7472,"G# Menor;E Maior;C# Menor",,0.00,,0.00,35.10,35.10,0,1,"v2;w20;harm;aar;song60;far12;near45;tol0.8;floor0.25;drain0.5;bass0.25"
35665,1790793260029,B Maior,B Maior,0,B Maior,G# Menor,0.9277,0.9277,0.7480,0.7186,"G# Menor;E Maior;C# Menor",,0.00,,0.00,35.54,35.54,0,1,"v2;w20;harm;aar;song60;far12;near45;tol0.8;floor0.25;drain0.5;bass0.25"
36223,1790793260530,B Maior,B Maior,0,B Maior,G# Menor,0.9286,0.9286,0.7512,0.7096,"G# Menor;E Maior;C# Menor",,0.00,,0.00,36.12,36.12,0,1,"v2;w20;harm;aar;song60;far12;near45;tol0.8;floor0.25;drain0.5;bass0.25"
36687,1790793261030,B Maior,B Maior,0,B Maior,G# Menor,0.9289,0.9289,0.7483,0.7223,"G# Menor;E Maior;C# Menor",,0.00,,0.00,36.58,36.58,0,1,"v2;w20;harm;aar;song60;far12;near45;tol0.8;floor0.25;drain0.5;bass0.25"
37244,1790793261529,B Maior,B Maior,0,B Maior,G# Menor,0.9383,0.9383,0.7545,0.7352,"G# Menor;E Maior;C# Menor",,0.00,,0.00,37.14,37.14,0,1,"v2;w20;harm;aar;song60;far12;near45;tol0.8;floor0.25;drain0.5;bass0.25"
37709,1790793262030,B Maior,B Maior,0,B Maior,G# Menor,0.9450,0.9450,0.7611,0.7357,"G# Menor;E Maior;C# Menor",,0.00,,0.00,37.60,37.60,0,1,"v2;w20;harm;aar;song60;far12;near45;tol0.8;floor0.25;drain0.5;bass0.25"
38266,1790793262531,B Maior,B Maior,0,B Maior,G# Menor,0.9501,0.9501,0.7680,0.7284,"G# Menor;E Maior;C# Menor",,0.00,,0.00,38.14,38.14,0,1,"v2;w20;harm;aar;song60;far12;near45;tol0.8;floor0.25;drain0.5;bass0.25"
38730,1790793263029,B Maior,B Maior,0,B Maior,G# Menor,0.9486,0.9486,0.7678,0.7231,"G# Menor;E Maior;C# Menor",,0.00,,0.00,38.62,38.62,0,1,"v2;w20;harm;aar;song60;far12;near45;tol0.8;floor0.25;drain0.5;bass0.25"
39195,1790793263528,B Maior,B Maior,0,B Maior,G# Menor,0.9532,0.9532,0.7601,0.7726,"G# Menor;E Maior;C# Menor",,0.00,,0.00,39.08,39.08,0,1,"v2;w20;harm;aar;song60;far12;near45;tol0.8;floor0.25;drain0.5;bass0.25"
39659,1790793264029,B Maior,B Maior,0,B Maior,G# Menor,0.9577,0.9577,0.7581,0.7985,"G# Menor;E Maior;C# Menor",,0.00,,0.00,39.56,39.56,0,1,"v2;w20;harm;aar;song60;far12;near45;tol0.8;floor0.25;drain0.5;bass0.25"
40216,1790793264530,B Maior,B Maior,0,B Maior,G# Menor,0.9590,0.9590,0.7596,0.7976,"G# Menor;C# Menor;E Maior",,0.00,,0.00,40.10,40.10,0,1,"v2;w20;harm;aar;song60;far12;near45;tol0.8;floor0.25;drain0.5;bass0.25"
40681,1790793265029,B Maior,B Maior,0,B Maior,G# Menor,0.9588,0.9588,0.7634,0.7814,"G# Menor;C# Menor;E Maior",,0.00,,0.00,40.56,40.56,0,1,"v2;w20;harm;aar;song60;far12;near45;tol0.8;floor0.25;drain0.5;bass0.25"
41238,1790793265530,B Maior,B Maior,0,B Maior,G# Menor,0.9607,0.9607,0.7617,0.7961,"G# Menor;C# Menor;E Maior",,0.00,,0.00,41.14,41.14,0,1,"v2;w20;harm;aar;song60;far12;near45;tol0.8;floor0.25;drain0.5;bass0.25"
41703,1790793266029,B Maior,B Maior,0,B Maior,G# Menor,0.9594,0.9594,0.7653,0.7764,"G# Menor;C# Menor;E Maior",,0.00,,0.00,41.60,41.60,0,1,"v2;w20;harm;aar;song60;far12;near45;tol0.8;floor0.25;drain0.5;bass0.25"
42167,1790793266529,B Maior,B Maior,0,B Maior,G# Menor,0.9610,0.9610,0.7680,0.7719,"G# Menor;C# Menor;E Maior",,0.00,,0.00,42.06,42.06,0,1,"v2;w20;harm;aar;song60;far12;near45;tol0.8;floor0.25;drain0.5;bass0.25"
42724,1790793267029,B Maior,B Maior,0,B Maior,G# Menor,0.9656,0.9656,0.7641,0.8060,"G# Menor;C# Menor;E Maior",,0.00,,0.00,42.62,42.62,0,1,"v2;w20;harm;aar;song60;far12;near45;tol0.8;floor0.25;drain0.5;bass0.25"
43189,1790793267530,B Maior,B Maior,0,B Maior,G# Menor,0.9665,0.9665,0.7651,0.8057,"G# Menor;C# Menor;E Maior",,0.00,,0.00,43.08,43.08,0,1,"v2;w20;harm;aar;song60;far12;near45;tol0.8;floor0.25;drain0.5;bass0.25"
43746,1790793268030,B Maior,B Maior,0,B Maior,G# Menor,0.9648,0.9648,0.7681,0.7869,"G# Menor;C# Menor;E Maior",,0.00,,0.00,43.64,43.64,0,1,"v2;w20;harm;aar;song60;far12;near45;tol0.8;floor0.25;drain0.5;bass0.25"
44210,1790793268530,B Maior,B Maior,0,B Maior,G# Menor,0.9673,0.9673,0.7648,0.8098,"G# Menor;C# Menor;E Maior",,0.00,,0.00,44.10,44.10,0,1,"v2;w20;harm;aar;song60;far12;near45;tol0.8;floor0.25;drain0.5;bass0.25"
44675,1790793269030,B Maior,B Maior,0,B Maior,G# Menor,0.9672,0.9672,0.7688,0.7938,"G# Menor;C# Menor;E Maior",,0.00,,0.00,44.56,44.56,0,1,"v2;w20;harm;aar;song60;far12;near45;tol0.8;floor0.25;drain0.5;bass0.25"
45232,1790793269530,B Maior,B Maior,0,B Maior,G# Menor,0.9645,0.9645,0.7748,0.7591,"G# Menor;C# Menor;E Maior",,0.00,,0.00,45.12,45.12,0,1,"v2;w20;harm;aar;song60;far12;near45;tol0.8;floor0.25;drain0.5;bass0.25"
45696,1790793270029,B Maior,B Maior,0,B Maior,G# Menor,0.9619,0.9619,0.7779,0.7361,"G# Menor;C# Menor;E Maior",,0.00,,0.00,45.58,45.58,0,1,"v2;w20;harm;aar;song60;far12;near45;tol0.8;floor0.25;drain0.5;bass0.25"
46161,1790793270530,B Maior,B Maior,0,B Maior,G# Menor,0.9586,0.9586,0.7837,0.6996,"G# Menor;C# Menor;E Maior",,0.00,,0.00,46.06,46.06,0,1,"v2;w20;harm;aar;song60;far12;near45;tol0.8;floor0.25;drain0.5;bass0.25"
46718,1790793271029,B Maior,B Maior,0,B Maior,G# Menor,0.9528,0.9528,0.7878,0.6600,"G# Menor;C# Menor;E Maior",,0.00,,0.00,46.60,46.60,0,1,"v2;w20;harm;aar;song60;far12;near45;tol0.8;floor0.25;drain0.5;bass0.25"
47182,1790793271530,B Maior,B Maior,0,B Maior,G# Menor,0.9484,0.9484,0.7911,0.6288,"G# Menor;C# Menor;E Maior",,0.00,,0.00,47.06,47.06,0,1,"v2;w20;harm;aar;song60;far12;near45;tol0.8;floor0.25;drain0.5;bass0.25"
47740,1790793272030,B Maior,B Maior,0,B Maior,G# Menor,0.9468,0.9468,0.7902,0.6265,"G# Menor;C# Menor;E Maior",,0.00,,0.00,47.64,47.64,0,1,"v2;w20;harm;aar;song60;far12;near45;tol0.8;floor0.25;drain0.5;bass0.25"
48204,1790793272530,B Maior,B Maior,0,B Maior,G# Menor,0.9447,0.9447,0.7925,0.6090,"G# Menor;C# Menor;E Maior",,0.00,,0.00,48.10,48.10,0,1,"v2;w20;harm;aar;song60;far12;near45;tol0.8;floor0.25;drain0.5;bass0.25"
48669,1790793273029,B Maior,B Maior,0,B Maior,G# Menor,0.9459,0.9459,0.7939,0.6080,"G# Menor;C# Menor;E Maior",,0.00,,0.00,48.56,48.56,0,1,"v2;w20;harm;aar;song60;far12;near45;tol0.8;floor0.25;drain0.5;bass0.25"
49226,1790793273531,B Maior,B Maior,0,B Maior,G# Menor,0.9479,0.9479,0.7924,0.6221,"G# Menor;C# Menor;E Maior",,0.00,,0.00,49.12,49.12,0,1,"v2;w20;harm;aar;song60;far12;near45;tol0.8;floor0.25;drain0.5;bass0.25"
49690,1790793274030,B Maior,B Maior,0,B Maior,G# Menor,0.9525,0.9525,0.7971,0.6214,"G# Menor;C# Menor;E Maior",,0.00,,0.00,49.58,49.58,0,1,"v2;w20;harm;aar;song60;far12;near45;tol0.8;floor0.25;drain0.5;bass0.25"
50247,1790793274530,B Maior,B Maior,0,B Maior,G# Menor,0.9509,0.9509,0.7958,0.6204,"G# Menor;C# Menor;E Maior",,0.00,,0.00,50.14,50.14,0,1,"v2;w20;harm;aar;song60;far12;near45;tol0.8;floor0.25;drain0.5;bass0.25"
50712,1790793275030,B Maior,B Maior,0,B Maior,G# Menor,0.9518,0.9518,0.7939,0.6317,"G# Menor;C# Menor;E Maior",,0.00,,0.00,50.60,50.60,0,1,"v2;w20;harm;aar;song60;far12;near45;tol0.8;floor0.25;drain0.5;bass0.25"
51176,1790793275529,B Maior,B Maior,0,B Maior,G# Menor,0.9567,0.9567,0.7934,0.6530,"G# Menor;C# Menor;E Maior",,0.00,,0.00,51.08,51.08,0,1,"v2;w20;harm;aar;song60;far12;near45;tol0.8;floor0.25;drain0.5;bass0.25"
51734,1790793276030,B Maior,B Maior,0,B Maior,G# Menor,0.9560,0.9560,0.7955,0.6421,"G# Menor;C# Menor;E Maior",,0.00,,0.00,51.62,51.62,0,1,"v2;w20;harm;aar;song60;far12;near45;tol0.8;floor0.25;drain0.5;bass0.25"
52198,1790793276530,B Maior,B Maior,0,B Maior,G# Menor,0.9557,0.9557,0.7941,0.6464,"G# Menor;C# Menor;E Maior",,0.00,,0.00,52.08,52.08,0,1,"v2;w20;harm;aar;song60;far12;near45;tol0.8;floor0.25;drain0.5;bass0.25"
52662,1790793277030,B Maior,B Maior,0,B Maior,G# Menor,0.9572,0.9572,0.7946,0.6502,"G# Menor;C# Menor;E Maior",,0.00,,0.00,52.56,52.56,0,1,"v2;w20;harm;aar;song60;far12;near45;tol0.8;floor0.25;drain0.5;bass0.25"
53220,1790793277537,B Maior,B Maior,0,B Maior,G# Menor,0.9568,0.9568,0.7974,0.6376,"G# Menor;C# Menor;E Maior",,0.00,,0.00,53.10,53.10,0,1,"v2;w20;harm;aar;song60;far12;near45;tol0.8;floor0.25;drain0.5;bass0.25"
53684,1790793278030,B Maior,B Maior,0,B Maior,G# Menor,0.9547,0.9547,0.8011,0.6144,"G# Menor;C# Menor;E Maior",,0.00,,0.00,53.58,53.58,0,1,"v2;w20;harm;aar;song60;far12;near45;tol0.8;floor0.25;drain0.5;bass0.25"
54241,1790793278530,B Maior,B Maior,0,B Maior,G# Menor,0.9510,0.9510,0.8131,0.5517,"G# Menor;C# Menor;E Maior",,0.00,,0.00,54.14,54.14,0,1,"v2;w20;harm;aar;song60;far12;near45;tol0.8;floor0.25;drain0.5;bass0.25"
54706,1790793279029,B Maior,B Maior,0,B Maior,G# Menor,0.9485,0.9485,0.8136,0.5397,"G# Menor;C# Menor;E Maior",,0.00,,0.00,54.60,54.60,0,1,"v2;w20;harm;aar;song60;far12;near45;tol0.8;floor0.25;drain0.5;bass0.25"
55170,1790793279530,B Maior,B Maior,0,B Maior,G# Menor,0.9460,0.9460,0.8113,0.5390,"G# Menor;C# Menor;E Maior",,0.00,,0.00,55.06,55.06,0,1,"v2;w20;harm;aar;song60;far12;near45;tol0.8;floor0.25;drain0.5;bass0.25"
55727,1790793280030,B Maior,B Maior,0,B Maior,G# Menor,0.9480,0.9480,0.8067,0.5648,"G# Menor;C# Menor;E Maior",,0.00,,0.00,55.62,55.62,0,1,"v2;w20;harm;aar;song60;far12;near45;tol0.8;floor0.25;drain0.5;bass0.25"
56192,1790793280529,B Maior,B Maior,0,B Maior,G# Menor,0.9485,0.9485,0.8055,0.5720,"G# Menor;C# Menor;E Maior",,0.00,,0.00,56.08,56.08,0,1,"v2;w20;harm;aar;song60;far12;near45;tol0.8;floor0.25;drain0.5;bass0.25"
56749,1790793281030,B Maior,B Maior,0,B Maior,G# Menor,0.9465,0.9465,0.8044,0.5685,"G# Menor;C# Menor;E Maior",,0.00,,0.00,56.64,56.64,0,1,"v2;w20;harm;aar;song60;far12;near45;tol0.8;floor0.25;drain0.5;bass0.25"
57213,1790793281531,B Maior,B Maior,0,B Maior,G# Menor,0.9460,0.9460,0.8044,0.5668,"G# Menor;C# Menor;E Maior",,0.00,,0.00,57.10,57.10,0,1,"v2;w20;harm;aar;song60;far12;near45;tol0.8;floor0.25;drain0.5;bass0.25"
57678,1790793282029,B Maior,B Maior,0,B Maior,G# Menor,0.9459,0.9459,0.8044,0.5659,"G# Menor;C# Menor;E Maior",,0.00,,0.00,57.58,57.58,0,1,"v2;w20;harm;aar;song60;far12;near45;tol0.8;floor0.25;drain0.5;bass0.25"
58235,1790793282531,B Maior,B Maior,0,B Maior,G# Menor,0.9439,0.9439,0.8039,0.5603,"G# Menor;C# Menor;E Maior",,0.00,,0.00,58.12,58.12,0,1,"v2;w20;harm;aar;song60;far12;near45;tol0.8;floor0.25;drain0.5;bass0.25"
58700,1790793283028,B Maior,B Maior,0,B Maior,G# Menor,0.9425,0.9425,0.8045,0.5522,"G# Menor;C# Menor;E Maior",,0.00,,0.00,58.58,58.58,0,1,"v2;w20;harm;aar;song60;far12;near45;tol0.8;floor0.25;drain0.5;bass0.25"
59164,1790793283529,B Maior,B Maior,0,B Maior,G# Menor,0.9405,0.9405,0.8034,0.5487,"G# Menor;C# Menor;E Maior",,0.00,,0.00,59.06,59.06,0,1,"v2;w20;harm;aar;song60;far12;near45;tol0.8;floor0.25;drain0.5;bass0.25"
59721,1790793284030,B Maior,B Maior,0,B Maior,G# Menor,0.9380,0.9380,0.8019,0.5445,"G# Menor;C# Menor;E Maior",,0.00,,0.00,59.60,59.60,0,1,"v2;w20;harm;aar;song60;far12;near45;tol0.8;floor0.25;drain0.5;bass0.25"
60186,1790793284529,B Maior,B Maior,0,B Maior,G# Menor,0.9387,0.9387,0.8049,0.5353,"G# Menor;C# Menor;E Maior",,0.00,,0.00,60.08,60.08,0,1,"v2;w20;harm;aar;song60;far12;near45;tol0.8;floor0.25;drain0.5;bass0.25"
60743,1790793285030,B Maior,B Maior,0,B Maior,G# Menor,0.9371,0.9371,0.8096,0.5103,"G# Menor;C# Menor;E Maior",,0.00,,0.00,60.64,60.64,0,1,"v2;w20;harm;aar;song60;far12;near45;tol0.8;floor0.25;drain0.5;bass0.25"
61207,1790793285530,B Maior,B Maior,0,B Maior,G# Menor,0.9339,0.9339,0.8132,0.4827,"G# Menor;C# Menor;E Maior",,0.00,,0.00,61.10,61.10,0,1,"v2;w20;harm;aar;song60;far12;near45;tol0.8;floor0.25;drain0.5;bass0.25"
61672,1790793286029,B Maior,B Maior,0,B Maior,G# Menor,0.9315,0.9315,0.8152,0.4653,"G# Menor;C# Menor;E Maior",,0.00,,0.00,61.56,61.56,0,1,"v2;w20;harm;aar;song60;far12;near45;tol0.8;floor0.25;drain0.5;bass0.25"
62229,1790793286534,B Maior,B Maior,0,B Maior,G# Menor,0.9362,0.9362,0.8129,0.4929,"G# Menor;C# Menor;E Maior",,0.00,,0.00,62.12,62.12,0,1,"v2;w20;harm;aar;song60;far12;near45;tol0.8;floor0.25;drain0.5;bass0.25"
62693,1790793287029,B Maior,B Maior,0,B Maior,G# Menor,0.9436,0.9436,0.8121,0.5258,"G# Menor;C# Menor;E Maior",,0.00,,0.00,62.60,62.60,0,1,"v2;w20;harm;aar;song60;far12;near45;tol0.8;floor0.25;drain0.5;bass0.25"
63158,1790793287531,B Maior,B Maior,0,B Maior,G# Menor,0.9454,0.9454,0.8115,0.5357,"G# Menor;C# Menor;E Maior",,0.00,,0.00,63.06,63.06,0,1,"v2;w20;harm;aar;song60;far12;near45;tol0.8;floor0.25;drain0.5;bass0.25"
63715,1790793288031,B Maior,B Maior,0,B Maior,G# Menor,0.9479,0.9479,0.8081,0.5595,"G# Menor;C# Menor;E Maior",,0.00,,0.00,63.60,63.60,0,1,"v2;w20;harm;aar;song60;far12;near45;tol0.8;floor0.25;drain0.5;bass0.25"
64179,1790793288531,B Maior,B Maior,0,B Maior,G# Menor,0.9515,0.9515,0.8025,0.5961,"G# Menor;C# Menor;E Maior",,0.00,,0.00,64.08,64.08,0,1,"v2;w20;harm;aar;song60;far12;near45;tol0.8;floor0.25;drain0.5;bass0.25"
64737,1790793289030,B Maior,B Maior,0,B Maior,G# Menor,0.9507,0.9507,0.7999,0.6032,"G# Menor;C# Menor;E Maior",,0.00,,0.00,64.62,64.62,0,1,"v2;w20;harm;aar;song60;far12;near45;tol0.8;floor0.25;drain0.5;bass0.25"
65201,1790793289528,B Maior,B Maior,0,B Maior,G# Menor,0.9500,0.9500,0.8041,0.5833,"G# Menor;C# Menor;E Maior",,0.00,,0.00,65.10,65.10,0,1,"v2;w20;harm;aar;song60;far12;near45;tol0.8;floor0.25;drain0.5;bass0.25"
65666,1790793290030,B Maior,B Maior,0,B Maior,G# Menor,0.9482,0.9482,0.8086,0.5585,"G# Menor;C# Menor;E Maior",,0.00,,0.00,65.56,65.56,0,1,"v2;w20;harm;aar;song60;far12;near45;tol0.8;floor0.25;drain0.5;bass0.25"
66223,1790793290531,B Maior,B Maior,0,B Maior,G# Menor,0.9460,0.9460,0.8138,0.5290,"G# Menor;C# Menor;E Maior",,0.00,,0.00,66.10,66.10,0,1,"v2;w20;harm;aar;song60;far12;near45;tol0.8;floor0.25;drain0.5;bass0.25"
66687,1790793291031,B Maior,B Maior,0,B Maior,G# Menor,0.9497,0.9497,0.8103,0.5576,"G# Menor;C# Menor;E Maior",,0.00,,0.00,66.58,66.58,0,1,"v2;w20;harm;aar;song60;far12;near45;tol0.8;floor0.25;drain0.5;bass0.25"
67244,1790793291531,B Maior,B Maior,0,B Maior,G# Menor,0.9509,0.9509,0.8068,0.5764,"G# Menor;C# Menor;E Maior",,0.00,,0.00,67.14,67.14,0,1,"v2;w20;harm;aar;song60;far12;near45;tol0.8;floor0.25;drain0.5;bass0.25"
67709,1790793292028,B Maior,B Maior,0,B Maior,G# Menor,0.9486,0.9486,0.8108,0.5513,"G# Menor;C# Menor;E Maior",,0.00,,0.00,67.60,67.60,0,1,"v2;w20;harm;aar;song60;far12;near45;tol0.8;floor0.25;drain0.5;bass0.25"
68173,1790793292530,B Maior,B Maior,0,B Maior,G# Menor,0.9532,0.9532,0.8040,0.5968,"G# Menor;C# Menor;E Maior",,0.00,,0.00,68.06,68.06,0,1,"v2;w20;harm;aar;song60;far12;near45;tol0.8;floor0.25;drain0.5;bass0.25"
68731,1790793293029,B Maior,B Maior,0,B Maior,G# Menor,0.9563,0.9563,0.7971,0.6369,"G# Menor;C# Menor;E Maior",,0.00,,0.00,68.62,68.62,0,1,"v2;w20;harm;aar;song60;far12;near45;tol0.8;floor0.25;drain0.5;bass0.25"
69195,1790793293530,B Maior,B Maior,0,B Maior,G# Menor,0.9567,0.9567,0.7917,0.6600,"G# Menor;C# Menor;E Maior",,0.00,,0.00,69.11,69.11,0,1,"v2;w20;harm;aar;song60;far12;near45;tol0.8;floor0.25;drain0.5;bass0.25"
69752,1790793294029,B Maior,B Maior,0,B Maior,G# Menor,0.9575,0.9575,0.7840,0.6943,"G# Menor;C# Menor;E Maior",,0.00,,0.00,69.64,69.64,0,1,"v2;w20;harm;aar;song60;far12;near45;tol0.8;floor0.25;drain0.5;bass0.25"
70217,1790793294530,B Maior,B Maior,0,B Maior,G# Menor,0.9572,0.9572,0.7802,0.7079,"G# Menor;C# Menor;E Maior",,0.00,,0.00,70.10,70.10,0,1,"v2;w20;harm;aar;song60;far12;near45;tol0.8;floor0.25;drain0.5;bass0.25"
70681,1790793295029,B Maior,B Maior,0,B Maior,G# Menor,0.9563,0.9563,0.7865,0.6789,"G# Menor;C# Menor;E Maior",,0.00,,0.00,70.58,70.58,0,1,"v2;w20;harm;aar;song60;far12;near45;tol0.8;floor0.25;drain0.5;bass0.25"
71238,1790793295529,B Maior,B Maior,0,B Maior,G# Menor,0.9567,0.9567,0.7888,0.6715,"G# Menor;C# Menor;E Maior",,0.00,,0.00,71.12,71.12,0,1,"v2;w20;harm;aar;song60;far12;near45;tol0.8;floor0.25;drain0.5;bass0.25"
71703,1790793296028,B Maior,B Maior,0,B Maior,G# Menor,0.9552,0.9552,0.7904,0.6590,"G# Menor;C# Menor;E Maior",,0.00,,0.00,71.60,71.60,0,1,"v2;w20;harm;aar;song60;far12;near45;tol0.8;floor0.25;drain0.5;bass0.25"
72167,1790793296529,B Maior,B Maior,0,B Maior,G# Menor,0.9547,0.9547,0.7900,0.6589,"G# Menor;C# Menor;E Maior",,0.00,,0.00,72.06,72.06,0,1,"v2;w20;harm;aar;song60;far12;near45;tol0.8;floor0.25;drain0.5;bass0.25"
72724,1790793297031,B Maior,B Maior,0,B Maior,G# Menor,0.9550,0.9550,0.7862,0.6750,"G# Menor;C# Menor;E Maior",,0.00,,0.00,72.60,72.60,0,1,"v2;w20;harm;aar;song60;far12;near45;tol0.8;floor0.25;drain0.5;bass0.25"
73189,1790793297530,B Maior,B Maior,0,B Maior,G# Menor,0.9546,0.9546,0.7815,0.6921,"G# Menor;C# Menor;E Maior",,0.00,,0.00,73.08,73.08,0,1,"v2;w20;harm;aar;song60;far12;near45;tol0.8;floor0.25;drain0.5;bass0.25"
73653,1790793298030,B Maior,B Maior,0,B Maior,G# Menor,0.9545,0.9545,0.7818,0.6909,"G# Menor;C# Menor;E Maior",,0.00,,0.00,73.54,73.54,0,1,"v2;w20;harm;aar;song60;far12;near45;tol0.8;floor0.25;drain0.5;bass0.25"
74210,1790793298530,B Maior,B Maior,0,B Maior,G# Menor,0.9573,0.9573,0.7835,0.6954,"G# Menor;C# Menor;E Maior",,0.00,,0.00,74.12,74.12,0,1,"v2;w20;harm;aar;song60;far12;near45;tol0.8;floor0.25;drain0.5;bass0.25"
74675,1790793299030,B Maior,B Maior,0,B Maior,G# Menor,0.9600,0.9600,0.7851,0.6997,"G# Menor;C# Menor;E Maior",,0.00,,0.00,74.56,74.56,0,1,"v2;w20;harm;aar;song60;far12;near45;tol0.8;floor0.25;drain0.5;bass0.25"
75232,1790793299530,B Maior,B Maior,0,B Maior,G# Menor,0.9599,0.9599,0.7872,0.6909,"G# Menor;C# Menor;E Maior",,0.00,,0.00,75.12,75.12,0,1,"v2;w20;harm;aar;song60;far12;near45;tol0.8;floor0.25;drain0.5;bass0.25"
75697,1790793300027,B Maior,B Maior,0,B Maior,G# Menor,0.9596,0.9596,0.7881,0.6858,"G# Menor;C# Menor;E Maior",,0.00,,0.00,75.60,75.60,0,1,"v2;w20;harm;aar;song60;far12;near45;tol0.8;floor0.25;drain0.5;bass0.25"
76254,1790793300529,B Maior,B Maior,0,B Maior,G# Menor,0.9576,0.9576,0.7902,0.6698,"G# Menor;C# Menor;E Maior",,0.00,,0.00,76.14,76.14,0,1,"v2;w20;harm;aar;song60;far12;near45;tol0.8;floor0.25;drain0.5;bass0.25"
76718,1790793301030,B Maior,B Maior,0,B Maior,G# Menor,0.9619,0.9619,0.7869,0.6998,"G# Menor;C# Menor;E Maior",,0.00,,0.00,76.62,76.62,0,1,"v2;w20;harm;aar;song60;far12;near45;tol0.8;floor0.25;drain0.5;bass0.25"
77183,1790793301530,B Maior,B Maior,0,B Maior,G# Menor,0.9618,0.9618,0.7877,0.6965,"G# Menor;C# Menor;E Maior",,0.00,,0.00,77.08,77.08,0,1,"v2;w20;harm;aar;song60;far12;near45;tol0.8;floor0.25;drain0.5;bass0.25"
77740,1790793302031,B Maior,B Maior,0,B Maior,G# Menor,0.9592,0.9592,0.7893,0.6794,"G# Menor;C# Menor;E Maior",,0.00,,0.00,77.62,77.62,0,1,"v2;w20;harm;aar;song60;far12;near45;tol0.8;floor0.25;drain0.5;bass0.25"
78204,1790793302531,B Maior,B Maior,0,B Maior,G# Menor,0.9588,0.9588,0.7926,0.6648,"G# Menor;C# Menor;E Maior",,0.00,,0.00,78.10,78.10,0,1,"v2;w20;harm;aar;song60;far12;near45;tol0.8;floor0.25;drain0.5;bass0.25"
78669,1790793303030,B Maior,B Maior,0,B Maior,G# Menor,0.9563,0.9563,0.8010,0.6211,"G# Menor;C# Menor;E Maior",,0.00,,0.00,78.56,78.56,0,1,"v2;w20;harm;aar;song60;far12;near45;tol0.8;floor0.25;drain0.5;bass0.25"
79226,1790793303531,B Maior,B Maior,0,B Maior,G# Menor,0.9565,0.9565,0.8008,0.6231,"G# Menor;C# Menor;E Maior",,0.00,,0.00,79.10,79.10,0,1,"v2;w20;harm;aar;song60;far12;near45;tol0.8;floor0.25;drain0.5;bass0.25"
79690,1790793304030,B Maior,B Maior,0,B Maior,G# Menor,0.9579,0.9579,0.8011,0.6269,"G# Menor;C# Menor;E Maior",,0.00,,0.00,79.58,79.58,0,1,"v2;w20;harm;aar;song60;far12;near45;tol0.8;floor0.25;drain0.5;bass0.25"
80248,1790793304531,B Maior,B Maior,0,B Maior,G# Menor,0.9567,0.9567,0.8028,0.6157,"G# Menor;C# Menor;E Maior",,0.00,,0.00,80.14,80.14,0,1,"v2;w20;harm;aar;song60;far12;near45;tol0.8;floor0.25;drain0.5;bass0.25"
80712,1790793305031,B Maior,B Maior,0,B Maior,G# Menor,0.9559,0.9559,0.8015,0.6175,"G# Menor;C# Menor;E Maior",,0.00,,0.00,80.62,80.62,0,1,"v2;w20;harm;aar;song60;far12;near45;tol0.8;floor0.25;drain0.5;bass0.25"
81176,1790793305528,B Maior,B Maior,0,B Maior,G# Menor,0.9588,0.9588,0.7928,0.6641,"G# Menor;C# Menor;E Maior",,0.00,,0.00,81.06,81.06,0,1,"v2;w20;harm;aar;song60;far12;near45;tol0.8;floor0.25;drain0.5;bass0.25"
81734,1790793306030,B Maior,B Maior,0,B Maior,G# Menor,0.9574,0.9574,0.7887,0.6745,"G# Menor;C# Menor;E Maior",,0.00,,0.00,81.62,81.62,0,1,"v2;w20;harm;aar;song60;far12;near45;tol0.8;floor0.25;drain0.5;bass0.25"
82198,1790793306530,B Maior,B Maior,0,B Maior,G# Menor,0.9560,0.9560,0.7865,0.6780,"G# Menor;C# Menor;E Maior",,0.00,,0.00,82.10,82.10,0,1,"v2;w20;harm;aar;song60;far12;near45;tol0.8;floor0.25;drain0.5;bass0.25"
82755,1790793307030,B Maior,B Maior,0,B Maior,G# Menor,0.9550,0.9550,0.7847,0.6816,"G# Menor;E Maior;C# Menor",,0.00,,0.00,82.64,82.64,0,1,"v2;w20;harm;aar;song60;far12;near45;tol0.8;floor0.25;drain0.5;bass0.25"
83220,1790793307531,B Maior,B Maior,0,B Maior,G# Menor,0.9555,0.9555,0.7846,0.6835,"G# Menor;C# Menor;E Maior",,0.00,,0.00,83.12,83.12,0,1,"v2;w20;harm;aar;song60;far12;near45;tol0.8;floor0.25;drain0.5;bass0.25"
83684,1790793308030,B Maior,B Maior,0,B Maior,G# Menor,0.9555,0.9555,0.7887,0.6671,"G# Menor;C# Menor;E Maior",,0.00,,0.00,83.58,83.58,0,1,"v2;w20;harm;aar;song60;far12;near45;tol0.8;floor0.25;drain0.5;bass0.25"
84241,1790793308529,B Maior,B Maior,0,B Maior,G# Menor,0.9553,0.9553,0.7889,0.6656,"G# Menor;C# Menor;E Maior",,0.00,,0.00,84.12,84.12,0,1,"v2;w20;harm;aar;song60;far12;near45;tol0.8;floor0.25;drain0.5;bass0.25"
84706,1790793309030,B Maior,B Maior,0,B Maior,G# Menor,0.9555,0.9555,0.7877,0.6713,"G# Menor;C# Menor;E Maior",,0.00,,0.00,84.60,84.60,0,1,"v2;w20;harm;aar;song60;far12;near45;tol0.8;floor0.25;drain0.5;bass0.25"
85170,1790793309530,B Maior,B Maior,0,B Maior,G# Menor,0.9549,0.9549,0.7898,0.6602,"G# Menor;C# Menor;E Maior",,0.00,,0.00,85.06,85.06,0,1,"v2;w20;harm;aar;song60;far12;near45;tol0.8;floor0.25;drain0.5;bass0.25"
85728,1790793310030,B Maior,B Maior,0,B Maior,G# Menor,0.9558,0.9558,0.7863,0.6777,"G# Menor;C# Menor;E Maior",,0.00,,0.00,85.62,85.62,0,1,"v2;w20;harm;aar;song60;far12;near45;tol0.8;floor0.25;drain0.5;bass0.25"
86192,1790793310530,B Maior,B Maior,0,B Maior,G# Menor,0.9562,0.9562,0.7853,0.6837,"G# Menor;C# Menor;E Maior",,0.00,,0.00,86.08,86.08,0,1,"v2;w20;harm;aar;song60;far12;near45;tol0.8;floor0.25;drain0.5;bass0.25"
86749,1790793311031,B Maior,B Maior,0,B Maior,G# Menor,0.9554,0.9554,0.7905,0.6595,"G# Menor;C# Menor;E Maior",,0.00,,0.00,86.64,86.64,0,1,"v2;w20;harm;aar;song60;far12;near45;tol0.8;floor0.25;drain0.5;bass0.25"
87214,1790793311531,B Maior,B Maior,0,B Maior,G# Menor,0.9543,0.9543,0.7968,0.6298,"G# Menor;C# Menor;E Maior",,0.00,,0.00,87.12,87.12,0,1,"v2;w20;harm;aar;song60;far12;near45;tol0.8;floor0.25;drain0.5;bass0.25"
87678,1790793312031,B Maior,B Maior,0,B Maior,G# Menor,0.9541,0.9541,0.8013,0.6111,"G# Menor;C# Menor;E Maior",,0.00,,0.00,87.56,87.56,0,1,"v2;w20;harm;aar;song60;far12;near45;tol0.8;floor0.25;drain0.5;bass0.25"
88235,1790793312531,B Maior,B Maior,0,B Maior,G# Menor,0.9562,0.9562,0.8022,0.6160,"G# Menor;C# Menor;E Maior",,0.00,,0.00,88.14,88.14,0,1,"v2;w20;harm;aar;song60;far12;near45;tol0.8;floor0.25;drain0.5;bass0.25"
88700,1790793313030,B Maior,B Maior,0,B Maior,G# Menor,0.9593,0.9593,0.8013,0.6320,"G# Menor;C# Menor;E Maior",,0.00,,0.00,88.60,88.60,0,1,"v2;w20;harm;aar;song60;far12;near45;tol0.8;floor0.25;drain0.5;bass0.25"
89257,1790793313530,B Maior,B Maior,0,B Maior,G# Menor,0.9623,0.9623,0.8020,0.6413,"G# Menor;C# Menor;E Maior",,0.00,,0.00,89.14,89.14,0,1,"v2;w20;harm;aar;song60;far12;near45;tol0.8;floor0.25;drain0.5;bass0.25"
89721,1790793314030,B Maior,B Maior,0,B Maior,G# Menor,0.9657,0.9657,0.7970,0.6746,"G# Menor;C# Menor;E Maior",,0.00,,0.00,89.62,89.62,0,1,"v2;w20;harm;aar;song60;far12;near45;tol0.8;floor0.25;drain0.5;bass0.25"
90186,1790793314530,B Maior,B Maior,0,B Maior,G# Menor,0.9639,0.9639,0.7965,0.6699,"G# Menor;C# Menor;E Maior",,0.00,,0.00,90.08,90.08,0,1,"v2;w20;harm;aar;song60;far12;near45;tol0.8;floor0.25;drain0.5;bass0.25"
90743,1790793315031,B Maior,B Maior,0,B Maior,G# Menor,0.9614,0.9614,0.8004,0.6440,"G# Menor;C# Menor;E Maior",,0.00,,0.00,90.62,90.62,0,1,"v2;w20;harm;aar;song60;far12;near45;tol0.8;floor0.25;drain0.5;bass0.25"
91207,1790793315531,B Maior,B Maior,0,B Maior,G# Menor,0.9596,0.9596,0.8055,0.6163,"G# Menor;C# Menor;E Maior",,0.00,,0.00,91.10,91.10,0,1,"v2;w20;harm;aar;song60;far12;near45;tol0.8;floor0.25;drain0.5;bass0.25"
91672,1790793316030,B Maior,B Maior,0,B Maior,G# Menor,0.9577,0.9577,0.8099,0.5910,"G# Menor;C# Menor;E Maior",,0.00,,0.00,91.56,91.56,0,1,"v2;w20;harm;aar;song60;far12;near45;tol0.8;floor0.25;drain0.5;bass0.25"
92229,1790793316531,B Maior,B Maior,0,B Maior,G# Menor,0.9605,0.9605,0.8016,0.6357,"G# Menor;C# Menor;E Maior",,0.00,,0.00,92.12,92.12,0,1,"v2;w20;harm;aar;song60;far12;near45;tol0.8;floor0.25;drain0.5;bass0.25"
92694,1790793317031,B Maior,B Maior,0,B Maior,G# Menor,0.9611,0.9611,0.8003,0.6434,"G# Menor;C# Menor;E Maior",,0.00,,0.00,92.58,92.58,0,1,"v2;w20;harm;aar;song60;far12;near45;tol0.8;floor0.25;drain0.5;bass0.25"
93251,1790793317531,B Maior,B Maior,0,B Maior,G# Menor,0.9598,0.9598,0.8036,0.6245,"G# Menor;C# Menor;E Maior",,0.00,,0.00,93.14,93.14,0,1,"v2;w20;harm;aar;song60;far12;near45;tol0.8;floor0.25;drain0.5;bass0.25"
93715,1790793318031,B Maior,B Maior,0,B Maior,G# Menor,0.9622,0.9622,0.7980,0.6569,"G# Menor;C# Menor;E Maior",,0.00,,0.00,93.62,93.62,0,1,"v2;w20;harm;aar;song60;far12;near45;tol0.8;floor0.25;drain0.5;bass0.25"
94180,1790793318530,B Maior,B Maior,0,B Maior,G# Menor,0.9631,0.9631,0.7948,0.6734,"G# Menor;C# Menor;E Maior",,0.00,,0.00,94.06,94.06,0,1,"v2;w20;harm;aar;song60;far12;near45;tol0.8;floor0.25;drain0.5;bass0.25"
94644,1790793319031,B Maior,B Maior,0,B Maior,G# Menor,0.9642,0.9642,0.7884,0.7032,"G# Menor;C# Menor;E Maior",,0.00,,0.00,94.54,94.54,0,1,"v2;w20;harm;aar;song60;far12;near45;tol0.8;floor0.25;drain0.5;bass0.25"
95201,1790793319530,B Maior,B Maior,0,B Maior,G# Menor,0.9637,0.9637,0.7841,0.7183,"G# Menor;C# Menor;E Maior",,0.00,,0.00,95.10,95.10,0,1,"v2;w20;harm;aar;song60;far12;near45;tol0.8;floor0.25;drain0.5;bass0.25"
95759,1790793320031,B Maior,B Maior,0,B Maior,G# Menor,0.9624,0.9624,0.7821,0.7214,"G# Menor;C# Menor;E Maior",,0.00,,0.00,95.64,95.64,0,1,"v2;w20;harm;aar;song60;far12;near45;tol0.8;floor0.25;drain0.5;bass0.25"
96223,1790793320530,B Maior,B Maior,0,B Maior,G# Menor,0.9614,0.9614,0.7839,0.7101,"G# Menor;C# Menor;E Maior",,0.00,,0.00,96.12,96.12,0,1,"v2;w20;harm;aar;song60;far12;near45;tol0.8;floor0.25;drain0.5;bass0.25"
96687,1790793321029,B Maior,B Maior,0,B Maior,G# Menor,0.9606,0.9606,0.7856,0.7000,"G# Menor;C# Menor;E Maior",,0.00,,0.00,96.58,96.58,0,1,"v2;w20;harm;aar;song60;far12;near45;tol0.8;floor0.25;drain0.5;bass0.25"
97245,1790793321531,B Maior,B Maior,0,B Maior,G# Menor,0.9597,0.9597,0.7864,0.6930,"G# Menor;C# Menor;E Maior",,0.00,,0.00,97.14,97.14,0,1,"v2;w20;harm;aar;song60;far12;near45;tol0.8;floor0.25;drain0.5;bass0.25"
97709,1790793322031,B Maior,B Maior,0,B Maior,G# Menor,0.9600,0.9600,0.7827,0.7090,"G# Menor;C# Menor;E Maior",,0.00,,0.00,97.60,97.60,0,1,"v2;w20;harm;aar;song60;far12;near45;tol0.8;floor0.25;drain0.5;bass0.25"
98173,1790793322530,B Maior,B Maior,0,B Maior,G# Menor,0.9611,0.9611,0.7825,0.7141,"G# Menor;C# Menor;E Maior",,0.00,,0.00,98.06,98.06,0,1,"v2;w20;harm;aar;song60;far12;near45;tol0.8;floor0.25;drain0.5;bass0.25"
98731,1790793323031,B Maior,B Maior,0,B Maior,G# Menor,0.9604,0.9604,0.7819,0.7139,"G# Menor;C# Menor;E Maior",,0.00,,0.00,98.62,98.62,0,1,"v2;w20;harm;aar;song60;far12;near45;tol0.8;floor0.25;drain0.5;bass0.25"
99195,1790793323531,B Maior,B Maior,0,B Maior,G# Menor,0.9603,0.9603,0.7825,0.7113,"G# Menor;C# Menor;E Maior",,0.00,,0.00,99.08,99.08,0,1,"v2;w20;harm;aar;song60;far12;near45;tol0.8;floor0.25;drain0.5;bass0.25"
99660,1790793324030,B Maior,B Maior,0,B Maior,G# Menor,0.9597,0.9597,0.7852,0.6977,"G# Menor;C# Menor;E Maior",,0.00,,0.00,99.54,99.54,0,1,"v2;w20;harm;aar;song60;far12;near45;tol0.8;floor0.25;drain0.5;bass0.25"
100217,1790793324531,B Maior,B Maior,0,B Maior,G# Menor,0.9606,0.9606,0.7846,0.7040,"G# Menor;C# Menor;E Maior",,0.00,,0.00,100.12,100.12,0,1,"v2;w20;harm;aar;song60;far12;near45;tol0.8;floor0.25;drain0.5;bass0.25"
100681,1790793325030,B Maior,B Maior,0,B Maior,G# Menor,0.9635,0.9635,0.7823,0.7248,"G# Menor;C# Menor;E Maior",,0.00,,0.00,100.56,100.56,0,1,"v2;w20;harm;aar;song60;far12;near45;tol0.8;floor0.25;drain0.5;bass0.25"
101146,1790793325531,B Maior,B Maior,0,B Maior,G# Menor,0.9644,0.9644,0.7861,0.7131,"G# Menor;C# Menor;E Maior",,0.00,,0.00,101.04,101.04,0,1,"v2;w20;harm;aar;song60;far12;near45;tol0.8;floor0.25;drain0.5;bass0.25"
101703,1790793326029,B Maior,B Maior,0,B Maior,G# Menor,0.9647,0.9647,0.7870,0.7106,"G# Menor;C# Menor;E Maior",,0.00,,0.00,101.60,101.60,0,1,"v2;w20;harm;aar;song60;far12;near45;tol0.8;floor0.25;drain0.5;bass0.25"
102260,1790793326528,B Maior,B Maior,0,B Maior,G# Menor,0.9640,0.9640,0.7871,0.7076,"G# Menor;C# Menor;E Maior",,0.00,,0.00,102.14,102.14,0,1,"v2;w20;harm;aar;song60;far12;near45;tol0.8;floor0.25;drain0.5;bass0.25"
102725,1790793327030,B Maior,B Maior,0,B Maior,G# Menor,0.9631,0.9631,0.7861,0.7079,"G# Menor;C# Menor;E Maior",,0.00,,0.00,102.62,102.62,0,1,"v2;w20;harm;aar;song60;far12;near45;tol0.8;floor0.25;drain0.5;bass0.25"
103189,1790793327530,B Maior,B Maior,0,B Maior,G# Menor,0.9624,0.9624,0.7880,0.6976,"G# Menor;C# Menor;E Maior",,0.00,,0.00,103.08,103.08,0,1,"v2;w20;harm;aar;song60;far12;near45;tol0.8;floor0.25;drain0.5;bass0.25"
103746,1790793328027,B Maior,B Maior,0,B Maior,G# Menor,0.9616,0.9616,0.7925,0.6765,"G# Menor;C# Menor;E Maior",,0.00,,0.00,103.64,103.64,0,1,"v2;w20;harm;aar;song60;far12;near45;tol0.8;floor0.25;drain0.5;bass0.25"
104211,1790793328530,B Maior,B Maior,0,B Maior,G# Menor,0.9607,0.9607,0.7952,0.6619,"G# Menor;C# Menor;E Maior",,0.00,,0.00,104.10,104.10,0,1,"v2;w20;harm;aar;song60;far12;near45;tol0.8;floor0.25;drain0.5;bass0.25"
104675,1790793329030,B Maior,B Maior,0,B Maior,G# Menor,0.9605,0.9605,0.7938,0.6666,"G# Menor;C# Menor;E Maior",,0.00,,0.00,104.56,104.56,0,1,"v2;w20;harm;aar;song60;far12;near45;tol0.8;floor0.25;drain0.5;bass0.25"
105232,1790793329531,B Maior,B Maior,0,B Maior,G# Menor,0.9605,0.9605,0.7943,0.6649,"G# Menor;C# Menor;E Maior",,0.00,,0.00,105.12,105.12,0,1,"v2;w20;harm;aar;song60;far12;near45;tol0.8;floor0.25;drain0.5;bass0.25"
105697,1790793330029,B Maior,B Maior,0,B Maior,G# Menor,0.9616,0.9616,0.7937,0.6713,"G# Menor;C# Menor;E Maior",,0.00,,0.00,105.58,105.58,0,1,"v2;w20;harm;aar;song60;far12;near45;tol0.8;floor0.25;drain0.5;bass0.25"
106161,1790793330529,B Maior,B Maior,0,B Maior,G# Menor,0.9604,0.9604,0.7913,0.6765,"G# Menor;C# Menor;E Maior",,0.00,,0.00,106.06,106.06,0,1,"v2;w20;harm;aar;song60;far12;near45;tol0.8;floor0.25;drain0.5;bass0.25"
106718,1790793331028,B Maior,B Maior,0,B Maior,G# Menor,0.9595,0.9595,0.7912,0.6733,"G# Menor;C# Menor;E Maior",,0.00,,0.00,106.62,106.62,0,1,"v2;w20;harm;aar;song60;far12;near45;tol0.8;floor0.25;drain0.5;bass0.25"
107183,1790793331529,B Maior,B Maior,0,B Maior,G# Menor,0.9590,0.9590,0.7915,0.6700,"G# Menor;C# Menor;E Maior",,0.00,,0.00,107.06,107.06,0,1,"v2;w20;harm;aar;song60;far12;near45;tol0.8;floor0.25;drain0.5;bass0.25"
107740,1790793332030,B Maior,B Maior,0,B Maior,G# Menor,0.9593,0.9593,0.7925,0.6673,"G# Menor;C# Menor;E Maior",,0.00,,0.00,107.64,107.64,0,1,"v2;w20;harm;aar;song60;far12;near45;tol0.8;floor0.25;drain0.5;bass0.25"
108204,1790793332530,B Maior,B Maior,0,B Maior,G# Menor,0.9574,0.9574,0.7926,0.6593,"G# Menor;C# Menor;E Maior",,0.00,,0.00,108.10,108.10,0,1,"v2;w20;harm;aar;song60;far12;near45;tol0.8;floor0.25;drain0.5;bass0.25"
108669,1790793333031,B Maior,B Maior,0,B Maior,G# Menor,0.9552,0.9552,0.7935,0.6467,"G# Menor;C# Menor;E Maior",,0.00,,0.00,108.56,108.56,0,1,"v2;w20;harm;aar;song60;far12;near45;tol0.8;floor0.25;drain0.5;bass0.25"
109226,1790793333529,B Maior,B Maior,0,B Maior,G# Menor,0.9545,0.9545,0.7887,0.6630,"G# Menor;E Maior;C# Menor",,0.00,,0.00,109.12,109.12,0,1,"v2;w20;harm;aar;song60;far12;near45;tol0.8;floor0.25;drain0.5;bass0.25"
109691,1790793334030,B Maior,B Maior,0,B Maior,G# Menor,0.9526,0.9526,0.7856,0.6678,"G# Menor;E Maior;C# Menor",,0.00,,0.00,109.58,109.58,0,1,"v2;w20;harm;aar;song60;far12;near45;tol0.8;floor0.25;drain0.5;bass0.25"
110248,1790793334527,B Maior,B Maior,0,B Maior,G# Menor,0.9518,0.9518,0.7799,0.6878,"G# Menor;E Maior;C# Menor",,0.00,,0.00,110.14,110.14,0,1,"v2;w20;harm;aar;song60;far12;near45;tol0.8;floor0.25;drain0.5;bass0.25"
110712,1790793335030,B Maior,B Maior,0,B Maior,G# Menor,0.9515,0.9515,0.7739,0.7105,"G# Menor;E Maior;C# Menor",,0.00,,0.00,110.60,110.60,0,1,"v2;w20;harm;aar;song60;far12;near45;tol0.8;floor0.25;drain0.5;bass0.25"
111177,1790793335528,B Maior,B Maior,0,B Maior,G# Menor,0.9505,0.9505,0.7709,0.7182,"G# Menor;E Maior;C# Menor",,0.00,,0.00,111.06,111.06,0,1,"v2;w20;harm;aar;song60;far12;near45;tol0.8;floor0.25;drain0.5;bass0.25"
111734,1790793336031,B Maior,B Maior,0,B Maior,G# Menor,0.9491,0.9491,0.7684,0.7229,"G# Menor;E Maior;C# Menor",,0.00,,0.00,111.62,111.62,0,1,"v2;w20;harm;aar;song60;far12;near45;tol0.8;floor0.25;drain0.5;bass0.25"
112198,1790793336530,B Maior,B Maior,0,B Maior,G# Menor,0.9494,0.9494,0.7662,0.7330,"G# Menor;E Maior;C# Menor",,0.00,,0.00,112.08,112.08,0,1,"v2;w20;harm;aar;song60;far12;near45;tol0.8;floor0.25;drain0.5;bass0.25"
112663,1790793337030,B Maior,B Maior,0,B Maior,G# Menor,0.9511,0.9511,0.7625,0.7545,"G# Menor;E Maior;C# Menor",,0.00,,0.00,112.56,112.56,0,1,"v2;w20;harm;aar;song60;far12;near45;tol0.8;floor0.25;drain0.5;bass0.25"
113220,1790793337529,B Maior,B Maior,0,B Maior,G# Menor,0.9499,0.9499,0.7606,0.7572,"G# Menor;E Maior;C# Menor",,0.00,,0.00,113.12,113.12,0,1,"v2;w20;harm;aar;song60;far12;near45;tol0.8;floor0.25;drain0.5;bass0.25"
113684,1790793338031,B Maior,B Maior,0,B Maior,G# Menor,0.9497,0.9497,0.7564,0.7732,"G# Menor;E Maior;C# Menor",,0.00,,0.00,113.56,113.56,0,1,"v2;w20;harm;aar;song60;far12;near45;tol0.8;floor0.25;drain0.5;bass0.25"
114242,1790793338531,B Maior,B Maior,0,B Maior,G# Menor,0.9524,0.9524,0.7561,0.7851,"G# Menor;E Maior;C# Menor",,0.00,,0.00,114.14,114.14,0,1,"v2;w20;harm;aar;song60;far12;near45;tol0.8;floor0.25;drain0.5;bass0.25"
114706,1790793339030,B Maior,B Maior,0,B Maior,G# Menor,0.9521,0.9521,0.7536,0.7937,"G# Menor;E Maior;C# Menor",,0.00,,0.00,114.60,114.60,0,1,"v2;w20;harm;aar;song60;far12;near45;tol0.8;floor0.25;drain0.5;bass0.25"
115170,1790793339530,B Maior,B Maior,0,B Maior,G# Menor,0.9528,0.9528,0.7515,0.8050,"G# Menor;E Maior;C# Menor",,0.00,,0.00,115.08,115.08,0,1,"v2;w20;harm;aar;song60;far12;near45;tol0.8;floor0.25;drain0.5;bass0.25"
115728,1790793340030,B Maior,B Maior,0,B Maior,G# Menor,0.9530,0.9530,0.7502,0.8110,"G# Menor;E Maior;C# Menor",,0.00,,0.00,115.62,115.62,0,1,"v2;w20;harm;aar;song60;far12;near45;tol0.8;floor0.25;drain0.5;bass0.25"
116192,1790793340531,B Maior,B Maior,0,B Maior,G# Menor,0.9529,0.9529,0.7487,0.8171,"G# Menor;E Maior;C# Menor",,0.00,,0.00,116.08,116.08,0,1,"v2;w20;harm;aar;song60;far12;near45;tol0.8;floor0.25;drain0.5;bass0.25"
116749,1790793341030,B Maior,B Maior,0,B Maior,G# Menor,0.9535,0.9535,0.7459,0.8304,"G# Menor;E Maior;C# Menor",,0.00,,0.00,116.64,116.64,0,1,"v2;w20;harm;aar;song60;far12;near45;tol0.8;floor0.25;drain0.5;bass0.25"
117214,1790793341528,B Maior,B Maior,0,B Maior,G# Menor,0.9564,0.9564,0.7487,0.8309,"G# Menor;E Maior;C# Menor",,0.00,,0.00,117.10,117.10,0,1,"v2;w20;harm;aar;song60;far12;near45;tol0.8;floor0.25;drain0.5;bass0.25"
117678,1790793342030,B Maior,B Maior,0,B Maior,G# Menor,0.9575,0.9575,0.7485,0.8362,"G# Menor;E Maior;C# Menor",,0.00,,0.00,117.58,117.58,0,1,"v2;w20;harm;aar;song60;far12;near45;tol0.8;floor0.25;drain0.5;bass0.25"
118236,1790793342530,B Maior,B Maior,0,B Maior,G# Menor,0.9581,0.9581,0.7492,0.8356,"G# Menor;E Maior;C# Menor",,0.00,,0.00,118.12,118.12,0,1,"v2;w20;harm;aar;song60;far12;near45;tol0.8;floor0.25;drain0.5;bass0.25"
118700,1790793343029,B Maior,B Maior,0,B Maior,G# Menor,0.9585,0.9585,0.7496,0.8357,"G# Menor;E Maior;C# Menor",,0.00,,0.00,118.58,118.58,0,1,"v2;w20;harm;aar;song60;far12;near45;tol0.8;floor0.25;drain0.5;bass0.25"
119164,1790793343530,B Maior,B Maior,0,B Maior,G# Menor,0.9593,0.9593,0.7505,0.8350,"G# Menor;E Maior;C# Menor",,0.00,,0.00,119.06,119.06,0,1,"v2;w20;harm;aar;song60;far12;near45;tol0.8;floor0.25;drain0.5;bass0.25"
119722,1790793344031,B Maior,B Maior,0,B Maior,G# Menor,0.9583,0.9583,0.7532,0.8201,"G# Menor;E Maior;C# Menor",,0.00,,0.00,119.62,119.62,0,1,"v2;w20;harm;aar;song60;far12;near45;tol0.8;floor0.25;drain0.5;bass0.25"
120186,1790793344529,B Maior,B Maior,0,B Maior,G# Menor,0.9575,0.9575,0.7551,0.8096,"G# Menor;E Maior;C# Menor",,0.00,,0.00,120.06,120.06,0,1,"v2;w20;harm;aar;song60;far12;near45;tol0.8;floor0.25;drain0.5;bass0.25"
120743,1790793345029,B Maior,B Maior,0,B Maior,G# Menor,0.9580,0.9580,0.7589,0.7966,"G# Menor;E Maior;C# Menor",,0.00,,0.00,120.64,120.64,0,1,"v2;w20;harm;aar;song60;far12;near45;tol0.8;floor0.25;drain0.5;bass0.25"
121208,1790793345529,B Maior,B Maior,0,B Maior,G# Menor,0.9602,0.9602,0.7628,0.7895,"G# Menor;E Maior;C# Menor",,0.00,,0.00,121.10,121.10,0,1,"v2;w20;harm;aar;song60;far12;near45;tol0.8;floor0.25;drain0.5;bass0.25"
121672,1790793346028,B Maior,B Maior,0,B Maior,G# Menor,0.9603,0.9603,0.7638,0.7863,"G# Menor;E Maior;C# Menor",,0.00,,0.00,121.58,121.58,0,1,"v2;w20;harm;aar;song60;far12;near45;tol0.8;floor0.25;drain0.5;bass0.25"
122229,1790793346529,B Maior,B Maior,0,B Maior,G# Menor,0.9596,0.9596,0.7649,0.7789,"G# Menor;E Maior;C# Menor",,0.00,,0.00,122.12,122.12,0,1,"v2;w20;harm;aar;song60;far12;near45;tol0.8;floor0.25;drain0.5;bass0.25"
122694,1790793347031,B Maior,B Maior,0,B Maior,G# Menor,0.9592,0.9592,0.7665,0.7706,"G# Menor;E Maior;C# Menor",,0.00,,0.00,122.58,122.58,0,1,"v2;w20;harm;aar;song60;far12;near45;tol0.8;floor0.25;drain0.5;bass0.25"
123251,1790793347529,B Maior,B Maior,0,B Maior,G# Menor,0.9622,0.9622,0.7666,0.7823,"G# Menor;E Maior;C# Menor",,0.00,,0.00,123.14,123.14,0,1,"v2;w20;harm;aar;song60;far12;near45;tol0.8;floor0.25;drain0.5;bass0.25"
123715,1790793348030,B Maior,B Maior,0,B Maior,G# Menor,0.9629,0.9629,0.7642,0.7947,"G# Menor;E Maior;C# Menor",,0.00,,0.00,123.60,123.60,0,1,"v2;w20;harm;aar;song60;far12;near45;tol0.8;floor0.25;drain0.5;bass0.25"
124180,1790793348531,B Maior,B Maior,0,B Maior,G# Menor,0.9636,0.9636,0.7637,0.7994,"G# Menor;E Maior;C# Menor",,0.00,,0.00,124.08,124.08,0,1,"v2;w20;harm;aar;song60;far12;near45;tol0.8;floor0.25;drain0.5;bass0.25"
124737,1790793349031,B Maior,B Maior,0,B Maior,G# Menor,0.9643,0.9643,0.7586,0.8228,"G# Menor;E Maior;C# Menor",,0.00,,0.00,124.62,124.62,0,1,"v2;w20;harm;aar;song60;far12;near45;tol0.8;floor0.25;drain0.5;bass0.25"
125201,1790793349528,B Maior,B Maior,0,B Maior,G# Menor,0.9632,0.9632,0.7546,0.8346,"G# Menor;E Maior;C# Menor",,0.00,,0.00,125.08,125.08,0,1,"v2;w20;harm;aar;song60;far12;near45;tol0.8;floor0.25;drain0.5;bass0.25"
125666,1790793350032,B Maior,B Maior,0,B Maior,G# Menor,0.9656,0.9656,0.7559,0.8387,"G# Menor;E Maior;C# Menor",,0.00,,0.00,125.56,125.56,0,1,"v2;w20;harm;aar;song60;far12;near45;tol0.8;floor0.25;drain0.5;bass0.25"
126223,1790793350531,B Maior,B Maior,0,B Maior,G# Menor,0.9646,0.9646,0.7551,0.8379,"G# Menor;E Maior;C# Menor",,0.00,,0.00,126.12,126.12,0,1,"v2;w20;harm;aar;song60;far12;near45;tol0.8;floor0.25;drain0.5;bass0.25"
126688,1790793351029,B Maior,B Maior,0,B Maior,G# Menor,0.9637,0.9637,0.7543,0.8375,"G# Menor;E Maior;C# Menor",,0.00,,0.00,126.58,126.58,0,1,"v2;w20;harm;aar;song60;far12;near45;tol0.8;floor0.25;drain0.5;bass0.25"
127245,1790793351533,B Maior,B Maior,0,B Maior,G# Menor,0.9626,0.9626,0.7565,0.8246,"G# Menor;E Maior;C# Menor",,0.00,,0.00,127.14,127.14,0,1,"v2;w20;harm;aar;song60;far12;near45;tol0.8;floor0.25;drain0.5;bass0.25"
127709,1790793352029,B Maior,B Maior,0,B Maior,G# Menor,0.9615,0.9615,0.7552,0.8252,"G# Menor;E Maior;C# Menor",,0.00,,0.00,127.60,127.60,0,1,"v2;w20;harm;aar;song60;far12;near45;tol0.8;floor0.25;drain0.5;bass0.25"
128174,1790793352528,B Maior,B Maior,0,B Maior,G# Menor,0.9616,0.9616,0.7574,0.8170,"G# Menor;E Maior;C# Menor",,0.00,,0.00,128.08,128.08,0,1,"v2;w20;harm;aar;song60;far12;near45;tol0.8;floor0.25;drain0.5;bass0.25"
128731,1790793353030,B Maior,B Maior,0,B Maior,G# Menor,0.9622,0.9622,0.7596,0.8102,"G# Menor;E Maior;C# Menor",,0.00,,0.00,128.62,128.62,0,1,"v2;w20;harm;aar;song60;far12;near45;tol0.8;floor0.25;drain0.5;bass0.25"
129195,1790793353530,B Maior,B Maior,0,B Maior,G# Menor,0.9629,0.9629,0.7576,0.8211,"G# Menor;E Maior;C# Menor",,0.00,,0.00,129.10,129.10,0,1,"v2;w20;harm;aar;song60;far12;near45;tol0.8;floor0.25;drain0.5;bass0.25"
129753,1790793354029,B Maior,B Maior,0,B Maior,G# Menor,0.9633,0.9633,0.7540,0.8372,"G# Menor;E Maior;C# Menor",,0.00,,0.00,129.64,129.64,0,1,"v2;w20;harm;aar;song60;far12;near45;tol0.8;floor0.25;drain0.5;bass0.25"
130217,1790793354529,B Maior,B Maior,0,B Maior,G# Menor,0.9623,0.9623,0.7543,0.8322,"G# Menor;E Maior;C# Menor",,0.00,,0.00,130.10,130.10,0,1,"v2;w20;harm;aar;song60;far12;near45;tol0.8;floor0.25;drain0.5;bass0.25"
130681,1790793355031,B Maior,B Maior,0,B Maior,G# Menor,0.9619,0.9619,0.7536,0.8331,"G# Menor;E Maior;C# Menor",,0.00,,0.00,130.58,130.58,0,1,"v2;w20;harm;aar;song60;far12;near45;tol0.8;floor0.25;drain0.5;bass0.25"
131239,1790793355531,B Maior,B Maior,0,B Maior,G# Menor,0.9619,0.9619,0.7527,0.8366,"G# Menor;E Maior;C# Menor",,0.00,,0.00,131.12,131.12,0,1,"v2;w20;harm;aar;song60;far12;near45;tol0.8;floor0.25;drain0.5;bass0.25"
131703,1790793356030,B Maior,B Maior,0,B Maior,G# Menor,0.9611,0.9611,0.7537,0.8298,"G# Menor;E Maior;C# Menor",,0.00,,0.00,131.58,131.58,0,1,"v2;w20;harm;aar;song60;far12;near45;tol0.8;floor0.25;drain0.5;bass0.25"
132167,1790793356530,B Maior,B Maior,0,B Maior,G# Menor,0.9622,0.9622,0.7576,0.8185,"G# Menor;E Maior;C# Menor",,0.00,,0.00,132.06,132.06,0,1,"v2;w20;harm;aar;song60;far12;near45;tol0.8;floor0.25;drain0.5;bass0.25"
132725,1790793357032,B Maior,B Maior,0,B Maior,G# Menor,0.9624,0.9624,0.7608,0.8067,"G# Menor;E Maior;C# Menor",,0.00,,0.00,132.62,132.62,0,1,"v2;w20;harm;aar;song60;far12;near45;tol0.8;floor0.25;drain0.5;bass0.25"
133189,1790793357528,B Maior,B Maior,0,B Maior,G# Menor,0.9633,0.9633,0.7642,0.7963,"G# Menor;E Maior;C# Menor",,0.00,,0.00,133.08,133.08,0,1,"v2;w20;harm;aar;song60;far12;near45;tol0.8;floor0.25;drain0.5;bass0.25"
133746,1790793358031,B Maior,B Maior,0,B Maior,G# Menor,0.9629,0.9629,0.7668,0.7844,"G# Menor;E Maior;C# Menor",,0.00,,0.00,133.64,133.64,0,1,"v2;w20;harm;aar;song60;far12;near45;tol0.8;floor0.25;drain0.5;bass0.25"
134211,1790793358531,B Maior,B Maior,0,B Maior,G# Menor,0.9626,0.9626,0.7722,0.7615,"G# Menor;C# Menor;E Maior",,0.00,,0.00,134.10,134.10,0,1,"v2;w20;harm;aar;song60;far12;near45;tol0.8;floor0.25;drain0.5;bass0.25"
134675,1790793359030,B Maior,B Maior,0,B Maior,G# Menor,0.9627,0.9627,0.7750,0.7510,"G# Menor;C# Menor;E Maior",,0.00,,0.00,134.58,134.58,0,1,"v2;w20;harm;aar;song60;far12;near45;tol0.8;floor0.25;drain0.5;bass0.25"
135233,1790793359531,B Maior,B Maior,0,B Maior,G# Menor,0.9628,0.9628,0.7781,0.7387,"G# Menor;C# Menor;E Maior",,0.00,,0.00,135.12,135.12,0,1,"v2;w20;harm;aar;song60;far12;near45;tol0.8;floor0.25;drain0.5;bass0.25"
135697,1790793360028,B Maior,B Maior,0,B Maior,G# Menor,0.9637,0.9637,0.7775,0.7446,"G# Menor;C# Menor;E Maior",,0.00,,0.00,135.60,135.60,0,1,"v2;w20;harm;aar;song60;far12;near45;tol0.8;floor0.25;drain0.5;bass0.25"
136161,1790793360530,B Maior,B Maior,0,B Maior,G# Menor,0.9652,0.9652,0.7770,0.7528,"G# Menor;C# Menor;E Maior",,0.00,,0.00,136.06,136.06,0,1,"v2;w20;harm;aar;song60;far12;near45;tol0.8;floor0.25;drain0.5;bass0.25"
136719,1790793361028,B Maior,B Maior,0,B Maior,G# Menor,0.9668,0.9668,0.7774,0.7575,"G# Menor;C# Menor;E Maior",,0.00,,0.00,136.60,136.60,0,1,"v2;w20;harm;aar;song60;far12;near45;tol0.8;floor0.25;drain0.5;bass0.25"
137183,1790793361535,B Maior,B Maior,0,B Maior,G# Menor,0.9685,0.9685,0.7775,0.7642,"G# Menor;C# Menor;E Maior",,0.00,,0.00,137.08,137.08,0,1,"v2;w20;harm;aar;song60;far12;near45;tol0.8;floor0.25;drain0.5;bass0.25"
137740,1790793362030,B Maior,B Maior,0,B Maior,G# Menor,0.9690,0.9690,0.7771,0.7675,"G# Menor;C# Menor;E Maior",,0.00,,0.00,137.62,137.62,0,1,"v2;w20;harm;aar;song60;far12;near45;tol0.8;floor0.25;drain0.5;bass0.25"
138205,1790793362528,B Maior,B Maior,0,B Maior,G# Menor,0.9689,0.9689,0.7743,0.7782,"G# Menor;C# Menor;E Maior",,0.00,,0.00,138.10,138.10,0,1,"v2;w20;harm;aar;song60;far12;near45;tol0.8;floor0.25;drain0.5;bass0.25"
138669,1790793363031,B Maior,B Maior,0,B Maior,G# Menor,0.9692,0.9692,0.7718,0.7899,"G# Menor;C# Menor;E Maior",,0.00,,0.00,138.56,138.56,0,1,"v2;w20;harm;aar;song60;far12;near45;tol0.8;floor0.25;drain0.5;bass0.25"
139226,1790793363531,B Maior,B Maior,0,B Maior,G# Menor,0.9705,0.9705,0.7684,0.8082,"G# Menor;C# Menor;E Maior",,0.00,,0.00,139.12,139.12,0,1,"v2;w20;harm;aar;song60;far12;near45;tol0.8;floor0.25;drain0.5;bass0.25"
139691,1790793364029,B Maior,B Maior,0,B Maior,G# Menor,0.9710,0.9710,0.7724,0.7945,"G# Menor;C# Menor;E Maior",,0.00,,0.00,139.58,139.58,0,1,"v2;w20;harm;aar;song60;far12;near45;tol0.8;floor0.25;drain0.5;bass0.25"
140248,1790793364530,B Maior,B Maior,0,B Maior,G# Menor,0.9715,0.9715,0.7736,0.7916,"G# Menor;C# Menor;E Maior",,0.00,,0.00,140.14,140.14,0,1,"v2;w20;harm;aar;song60;far12;near45;tol0.8;floor0.25;drain0.5;bass0.25"
140712,1790793365028,B Maior,B Maior,0,B Maior,G# Menor,0.9726,0.9726,0.7765,0.7845,"G# Menor;C# Menor;E Maior",,0.00,,0.00,140.62,140.62,0,1,"v2;w20;harm;aar;song60;far12;near45;tol0.8;floor0.25;drain0.5;bass0.25"
141177,1790793365531,B Maior,B Maior,0,B Maior,G# Menor,0.9731,0.9731,0.7780,0.7804,"G# Menor;C# Menor;E Maior",,0.00,,0.00,141.08,141.08,0,1,"v2;w20;harm;aar;song60;far12;near45;tol0.8;floor0.25;drain0.5;bass0.25"
141734,1790793366030,B Maior,B Maior,0,B Maior,G# Menor,0.9732,0.9732,0.7769,0.7853,"G# Menor;C# Menor;E Maior",,0.00,,0.00,141.62,141.62,0,1,"v2;w20;harm;aar;song60;far12;near45;tol0.8;floor0.25;drain0.5;bass0.25"
142199,1790793366530,B Maior,B Maior,0,B Maior,G# Menor,0.9735,0.9735,0.7752,0.7932,"G# Menor;C# Menor;E Maior",,0.00,,0.00,142.10,142.10,0,1,"v2;w20;harm;aar;song60;far12;near45;tol0.8;floor0.25;drain0.5;bass0.25"
142756,1790793367029,B Maior,B Maior,0,B Maior,G# Menor,0.9729,0.9729,0.7783,0.7787,"G# Menor;C# Menor;E Maior",,0.00,,0.00,142.64,142.64,0,1,"v2;w20;harm;aar;song60;far12;near45;tol0.8;floor0.25;drain0.5;bass0.25"
143220,1790793367529,B Maior,B Maior,0,B Maior,G# Menor,0.9733,0.9733,0.7799,0.7735,"G# Menor;C# Menor;E Maior",,0.00,,0.00,143.10,143.10,0,1,"v2;w20;harm;aar;song60;far12;near45;tol0.8;floor0.25;drain0.5;bass0.25"
143685,1790793368029,B Maior,B Maior,0,B Maior,G# Menor,0.9739,0.9739,0.7779,0.7837,"G# Menor;C# Menor;E Maior",,0.00,,0.00,143.58,143.58,0,1,"v2;w20;harm;aar;song60;far12;near45;tol0.8;floor0.25;drain0.5;bass0.25"
144242,1790793368531,B Maior,B Maior,0,B Maior,G# Menor,0.9738,0.9738,0.7807,0.7726,"G# Menor;C# Menor;E Maior",,0.00,,0.00,144.12,144.12,0,1,"v2;w20;harm;aar;song60;far12;near45;tol0.8;floor0.25;drain0.5;bass0.25"
144706,1790793369031,B Maior,B Maior,0,B Maior,G# Menor,0.9733,0.9733,0.7839,0.7576,"G# Menor;C# Menor;E Maior",,0.00,,0.00,144.60,144.60,0,1,"v2;w20;harm;aar;song60;far12;near45;tol0.8;floor0.25;drain0.5;bass0.25"
145171,1790793369530,B Maior,B Maior,0,B Maior,G# Menor,0.9728,0.9728,0.7848,0.7521,"G# Menor;C# Menor;E Maior",,0.00,,0.00,145.06,145.06,0,1,"v2;w20;harm;aar;song60;far12;near45;tol0.8;floor0.25;drain0.5;bass0.25"
145728,1790793370031,B Maior,B Maior,0,B Maior,G# Menor,0.9719,0.9719,0.7885,0.7338,"G# Menor;C# Menor;E Maior",,0.00,,0.00,145.62,145.62,0,1,"v2;w20;harm;aar;song60;far12;near45;tol0.8;floor0.25;drain0.5;bass0.25"
146192,1790793370531,B Maior,B Maior,0,B Maior,G# Menor,0.9707,0.9707,0.7924,0.7133,"G# Menor;C# Menor;E Maior",,0.00,,0.00,146.08,146.08,0,1,"v2;w20;harm;aar;song60;far12;near45;tol0.8;floor0.25;drain0.5;bass0.25"
146750,1790793371031,B Maior,B Maior,0,B Maior,G# Menor,0.9701,0.9701,0.7928,0.7092,"G# Menor;C# Menor;E Maior",,0.00,,0.00,146.64,146.64,0,1,"v2;w20;harm;aar;song60;far12;near45;tol0.8;floor0.25;drain0.5;bass0.25"
147214,1790793371531,B Maior,B Maior,0,B Maior,G# Menor,0.9695,0.9695,0.7948,0.6987,"G# Menor;C# Menor;E Maior",,0.00,,0.00,147.12,147.12,0,1,"v2;w20;harm;aar;song60;far12;near45;tol0.8;floor0.25;drain0.5;bass0.25"
147678,1790793372031,B Maior,B Maior,0,B Maior,G# Menor,0.9696,0.9696,0.7958,0.6951,"G# Menor;C# Menor;E Maior",,0.00,,0.00,147.58,147.58,0,1,"v2;w20;harm;aar;song60;far12;near45;tol0.8;floor0.25;drain0.5;bass0.25"
148236,1790793372531,B Maior,B Maior,0,B Maior,G# Menor,0.9710,0.9710,0.7956,0.7016,"G# Menor;C# Menor;E Maior",,0.00,,0.00,148.12,148.12,0,1,"v2;w20;harm;aar;song60;far12;near45;tol0.8;floor0.25;drain0.5;bass0.25"
148700,1790793373031,B Maior,B Maior,0,B Maior,G# Menor,0.9732,0.9732,0.7960,0.7088,"G# Menor;C# Menor;E Maior",,0.00,,0.00,148.60,148.60,0,1,"v2;w20;harm;aar;song60;far12;near45;tol0.8;floor0.25;drain0.5;bass0.25"
149257,1790793373531,B Maior,B Maior,0,B Maior,G# Menor,0.9728,0.9728,0.7962,0.7063,"G# Menor;C# Menor;E Maior",,0.00,,0.00,149.14,149.14,0,1,"v2;w20;harm;aar;song60;far12;near45;tol0.8;floor0.25;drain0.5;bass0.25"
149722,1790793374031,B Maior,B Maior,0,B Maior,G# Menor,0.9730,0.9730,0.7959,0.7084,"G# Menor;C# Menor;E Maior",,0.00,,0.00,149.62,149.62,0,1,"v2;w20;harm;aar;song60;far12;near45;tol0.8;floor0.25;drain0.5;bass0.25"
150186,1790793374531,B Maior,B Maior,0,B Maior,G# Menor,0.9737,0.9737,0.7946,0.7166,"G# Menor;C# Menor;E Maior",,0.00,,0.00,150.08,150.08,0,1,"v2;w20;harm;aar;song60;far12;near45;tol0.8;floor0.25;drain0.5;bass0.25"
150743,1790793375031,B Maior,B Maior,0,B Maior,G# Menor,0.9738,0.9738,0.7953,0.7141,"G# Menor;C# Menor;E Maior",,0.00,,0.00,150.62,150.62,0,1,"v2;w20;harm;aar;song60;far12;near45;tol0.8;floor0.25;drain0.5;bass0.25"
151208,1790793375531,B Maior,B Maior,0,B Maior,G# Menor,0.9736,0.9736,0.7951,0.7138,"G# Menor;C# Menor;E Maior",,0.00,,0.00,151.10,151.10,0,1,"v2;w20;harm;aar;song60;far12;near45;tol0.8;floor0.25;drain0.5;bass0.25"
151672,1790793376031,B Maior,B Maior,0,B Maior,G# Menor,0.9735,0.9735,0.7954,0.7123,"G# Menor;C# Menor;E Maior",,0.00,,0.00,151.56,151.56,0,1,"v2;w20;harm;aar;song60;far12;near45;tol0.8;floor0.25;drain0.5;bass0.25"
152230,1790793376532,B Maior,B Maior,0,B Maior,G# Menor,0.9730,0.9730,0.7977,0.7012,"G# Menor;C# Menor;E Maior",,0.00,,0.00,152.14,152.14,0,1,"v2;w20;harm;aar;song60;far12;near45;tol0.8;floor0.25;drain0.5;bass0.25"
152694,1790793377031,B Maior,B Maior,0,B Maior,G# Menor,0.9721,0.9721,0.7977,0.6980,"G# Menor;C# Menor;E Maior",,0.00,,0.00,152.58,152.58,0,1,"v2;w20;harm;aar;song60;far12;near45;tol0.8;floor0.25;drain0.5;bass0.25"
153251,1790793377531,B Maior,B Maior,0,B Maior,G# Menor,0.9706,0.9706,0.8004,0.6808,"G# Menor;C# Menor;E Maior",,0.00,,0.00,153.14,153.14,0,1,"v2;w20;harm;aar;song60;far12;near45;tol0.8;floor0.25;drain0.5;bass0.25"
153716,1790793378032,B Maior,B Maior,0,B Maior,G# Menor,0.9695,0.9695,0.8006,0.6757,"G# Menor;C# Menor;E Maior",,0.00,,0.00,153.62,153.62,0,1,"v2;w20;harm;aar;song60;far12;near45;tol0.8;floor0.25;drain0.5;bass0.25"
154180,1790793378531,B Maior,B Maior,0,B Maior,G# Menor,0.9691,0.9691,0.7991,0.6801,"G# Menor;C# Menor;E Maior",,0.00,,0.00,154.08,154.08,0,1,"v2;w20;harm;aar;song60;far12;near45;tol0.8;floor0.25;drain0.5;bass0.25"
154737,1790793379029,B Maior,B Maior,0,B Maior,G# Menor,0.9693,0.9693,0.7975,0.6871,"G# Menor;C# Menor;E Maior",,0.00,,0.00,154.62,154.62,0,1,"v2;w20;harm;aar;song60;far12;near45;tol0.8;floor0.25;drain0.5;bass0.25"
155202,1790793379531,B Maior,B Maior,0,B Maior,G# Menor,0.9692,0.9692,0.7998,0.6774,"G# Menor;C# Menor;E Maior",,0.00,,0.00,155.10,155.10,0,1,"v2;w20;harm;aar;song60;far12;near45;tol0.8;floor0.25;drain0.5;bass0.25"
155666,1790793380031,B Maior,B Maior,0,B Maior,G# Menor,0.9687,0.9687,0.8014,0.6691,"G# Menor;C# Menor;E Maior",,0.00,,0.00,155.56,155.56,0,1,"v2;w20;harm;aar;song60;far12;near45;tol0.8;floor0.25;drain0.5;bass0.25"
156223,1790793380531,B Maior,B Maior,0,B Maior,G# Menor,0.9692,0.9692,0.7994,0.6790,"G# Menor;C# Menor;E Maior",,0.00,,0.00,156.12,156.12,0,1,"v2;w20;harm;aar;song60;far12;near45;tol0.8;floor0.25;drain0.5;bass0.25"
156688,1790793381031,B Maior,B Maior,0,B Maior,G# Menor,0.9698,0.9698,0.7977,0.6886,"G# Menor;C# Menor;E Maior",,0.00,,0.00,156.58,156.58,0,1,"v2;w20;harm;aar;song60;far12;near45;tol0.8;floor0.25;drain0.5;bass0.25"
157245,1790793381532,B Maior,B Maior,0,B Maior,G# Menor,0.9705,0.9705,0.7948,0.7031,"G# Menor;C# Menor;E Maior",,0.00,,0.00,157.12,157.12,0,1,"v2;w20;harm;aar;song60;far12;near45;tol0.8;floor0.25;drain0.5;bass0.25"
157709,1790793382031,B Maior,B Maior,0,B Maior,G# Menor,0.9710,0.9710,0.7911,0.7197,"G# Menor;C# Menor;E Maior",,0.00,,0.00,157.60,157.60,0,1,"v2;w20;harm;aar;song60;far12;near45;tol0.8;floor0.25;drain0.5;bass0.25"
158174,1790793382531,B Maior,B Maior,0,B Maior,G# Menor,0.9704,0.9704,0.7888,0.7266,"G# Menor;C# Menor;E Maior",,0.00,,0.00,158.06,158.06,0,1,"v2;w20;harm;aar;song60;far12;near45;tol0.8;floor0.25;drain0.5;bass0.25"
158731,1790793383031,B Maior,B Maior,0,B Maior,G# Menor,0.9698,0.9698,0.7861,0.7350,"G# Menor;C# Menor;E Maior",,0.00,,0.00,158.64,158.64,0,1,"v2;w20;harm;aar;song60;far12;near45;tol0.8;floor0.25;drain0.5;bass0.25"
159196,1790793383531,B Maior,B Maior,0,B Maior,G# Menor,0.9705,0.9705,0.7837,0.7469,"G# Menor;C# Menor;E Maior",,0.00,,0.00,159.08,159.08,0,1,"v2;w20;harm;aar;song60;far12;near45;tol0.8;floor0.25;drain0.5;bass0.25"
159753,1790793384032,B Maior,B Maior,0,B Maior,G# Menor,0.9701,0.9701,0.7864,0.7347,"G# Menor;C# Menor;E Maior",,0.00,,0.00,159.64,159.64,0,1,"v2;w20;harm;aar;song60;far12;near45;tol0.8;floor0.25;drain0.5;bass0.25"
160217,1790793384529,B Maior,B Maior,0,B Maior,G# Menor,0.9694,0.9694,0.7879,0.7259,"G# Menor;C# Menor;E Maior",,0.00,,0.00,160.12,160.12,0,1,"v2;w20;harm;aar;song60;far12;near45;tol0.8;floor0.25;drain0.5;bass0.25"
160682,1790793385031,B Maior,B Maior,0,B Maior,G# Menor,0.9686,0.9686,0.7874,0.7249,"G# Menor;C# Menor;E Maior",,0.00,,0.00,160.58,160.58,0,1,"v2;w20;harm;aar;song60;far12;near45;tol0.8;floor0.25;drain0.5;bass0.25"
161146,1790793385532,B Maior,B Maior,0,B Maior,G# Menor,0.9691,0.9691,0.7877,0.7257,"G# Menor;C# Menor;E Maior",,0.00,,0.00,161.02,161.02,0,1,"v2;w20;harm;aar;song60;far12;near45;tol0.8;floor0.25;drain0.5;bass0.25"
161703,1790793386031,B Maior,B Maior,0,B Maior,G# Menor,0.9719,0.9719,0.7833,0.7544,"G# Menor;C# Menor;E Maior",,0.00,,0.00,161.60,161.60,0,1,"v2;w20;harm;aar;song60;far12;near45;tol0.8;floor0.25;drain0.5;bass0.25"
162261,1790793386530,B Maior,B Maior,0,B Maior,G# Menor,0.9726,0.9726,0.7814,0.7649,"G# Menor;C# Menor;E Maior",,0.00,,0.00,162.14,162.14,0,1,"v2;w20;harm;aar;song60;far12;near45;tol0.8;floor0.25;drain0.5;bass0.25"
162725,1790793387032,B Maior,B Maior,0,B Maior,G# Menor,0.9715,0.9715,0.7809,0.7626,"G# Menor;C# Menor;E Maior",,0.00,,0.00,162.62,162.62,0,1,"v2;w20;harm;aar;song60;far12;near45;tol0.8;floor0.25;drain0.5;bass0.25"
163189,1790793387531,B Maior,B Maior,0,B Maior,G# Menor,0.9707,0.9707,0.7774,0.7729,"G# Menor;C# Menor;E Maior",,0.00,,0.00,163.08,163.08,0,1,"v2;w20;harm;aar;song60;far12;near45;tol0.8;floor0.25;drain0.5;bass0.25"
163747,1790793388030,B Maior,B Maior,0,B Maior,G# Menor,0.9701,0.9701,0.7727,0.7896,"G# Menor;C# Menor;E Maior",,0.00,,0.00,163.62,163.62,0,1,"v2;w20;harm;aar;song60;far12;near45;tol0.8;floor0.25;drain0.5;bass0.25"
164211,1790793388531,B Maior,B Maior,0,B Maior,G# Menor,0.9693,0.9693,0.7713,0.7918,"G# Menor;C# Menor;E Maior",,0.00,,0.00,164.10,164.10,0,1,"v2;w20;harm;aar;song60;far12;near45;tol0.8;floor0.25;drain0.5;bass0.25"
164675,1790793389031,B Maior,B Maior,0,B Maior,G# Menor,0.9684,0.9684,0.7752,0.7730,"G# Menor;C# Menor;E Maior",,0.00,,0.00,164.56,164.56,0,1,"v2;w20;harm;aar;song60;far12;near45;tol0.8;floor0.25;drain0.5;bass0.25"
165233,1790793389530,B Maior,B Maior,0,B Maior,G# Menor,0.9671,0.9671,0.7797,0.7497,"G# Menor;C# Menor;E Maior",,0.00,,0.00,165.14,165.14,0,1,"v2;w20;harm;aar;song60;far12;near45;tol0.8;floor0.25;drain0.5;bass0.25"
165697,1790793390031,B Maior,B Maior,0,B Maior,G# Menor,0.9677,0.9677,0.7811,0.7462,"G# Menor;C# Menor;E Maior",,0.00,,0.00,165.58,165.58,0,1,"v2;w20;harm;aar;song60;far12;near45;tol0.8;floor0.25;drain0.5;bass0.25"
166254,1790793390531,B Maior,B Maior,0,B Maior,G# Menor,0.9671,0.9671,0.7815,0.7425,"G# Menor;C# Menor;E Maior",,0.00,,0.00,166.14,166.14,0,1,"v2;w20;harm;aar;song60;far12;near45;tol0.8;floor0.25;drain0.5;bass0.25"
166719,1790793391031,B Maior,B Maior,0,B Maior,G# Menor,0.9653,0.9653,0.7865,0.7152,"G# Menor;C# Menor;E Maior",,0.00,,0.00,166.62,166.62,0,1,"v2;w20;harm;aar;song60;far12;near45;tol0.8;floor0.25;drain0.5;bass0.25"
167183,1790793391530,B Maior,B Maior,0,B Maior,G# Menor,0.9658,0.9658,0.7833,0.7300,"G# Menor;C# Menor;E Maior",,0.00,,0.00,167.08,167.08,0,1,"v2;w20;harm;aar;song60;far12;near45;tol0.8;floor0.25;drain0.5;bass0.25"
167648,1790793392031,B Maior,B Maior,0,B Maior,G# Menor,0.9671,0.9671,0.7792,0.7514,"G# Menor;C# Menor;E Maior",,0.00,,0.00,167.54,167.54,0,1,"v2;w20;harm;aar;song60;far12;near45;tol0.8;floor0.25;drain0.5;bass0.25"
168205,1790793392530,B Maior,B Maior,0,B Maior,G# Menor,0.9667,0.9667,0.7740,0.7707,"G# Menor;C# Menor;E Maior",,0.00,,0.00,168.10,168.10,0,1,"v2;w20;harm;aar;song60;far12;near45;tol0.8;floor0.25;drain0.5;bass0.25"
168762,1790793393033,B Maior,B Maior,0,B Maior,G# Menor,0.9654,0.9654,0.7724,0.7720,"G# Menor;C# Menor;E Maior",,0.00,,0.00,168.64,168.64,0,1,"v2;w20;harm;aar;song60;far12;near45;tol0.8;floor0.25;drain0.5;bass0.25"
169227,1790793393532,B Maior,B Maior,0,B Maior,G# Menor,0.9639,0.9639,0.7719,0.7682,"G# Menor;C# Menor;E Maior",,0.00,,0.00,169.12,169.12,0,1,"v2;w20;harm;aar;song60;far12;near45;tol0.8;floor0.25;drain0.5;bass0.25"
169691,1790793394031,B Maior,B Maior,0,B Maior,G# Menor,0.9630,0.9630,0.7739,0.7562,"G# Menor;C# Menor;E Maior",,0.00,,0.00,169.58,169.58,0,1,"v2;w20;harm;aar;song60;far12;near45;tol0.8;floor0.25;drain0.5;bass0.25"
170248,1790793394531,B Maior,B Maior,0,B Maior,G# Menor,0.9615,0.9615,0.7797,0.7273,"G# Menor;C# Menor;E Maior",,0.00,,0.00,170.14,170.14,0,1,"v2;w20;harm;aar;song60;far12;near45;tol0.8;floor0.25;drain0.5;bass0.25"
170713,1790793395031,B Maior,B Maior,0,B Maior,G# Menor,0.9625,0.9625,0.7791,0.7336,"G# Menor;C# Menor;E Maior",,0.00,,0.00,170.60,170.60,0,1,"v2;w20;harm;aar;song60;far12;near45;tol0.8;floor0.25;drain0.5;bass0.25"
171177,1790793395531,B Maior,B Maior,0,B Maior,G# Menor,0.9624,0.9624,0.7819,0.7221,"G# Menor;C# Menor;E Maior",,0.00,,0.00,171.06,171.06,0,1,"v2;w20;harm;aar;song60;far12;near45;tol0.8;floor0.25;drain0.5;bass0.25"
171734,1790793396031,B Maior,B Maior,0,B Maior,G# Menor,0.9633,0.9633,0.7800,0.7330,"G# Menor;C# Menor;E Maior",,0.00,,0.00,171.64,171.64,0,1,"v2;w20;harm;aar;song60;far12;near45;tol0.8;floor0.25;drain0.5;bass0.25"
172199,1790793396531,B Maior,B Maior,0,B Maior,G# Menor,0.9629,0.9629,0.7774,0.7421,"G# Menor;C# Menor;E Maior",,0.00,,0.00,172.08,172.08,0,1,"v2;w20;harm;aar;song60;far12;near45;tol0.8;floor0.25;drain0.5;bass0.25"
172663,1790793397031,B Maior,B Maior,0,B Maior,G# Menor,0.9629,0.9629,0.7759,0.7483,"G# Menor;C# Menor;E Maior",,0.00,,0.00,172.54,172.54,0,1,"v2;w20;harm;aar;song60;far12;near45;tol0.8;floor0.25;drain0.5;bass0.25"
173220,1790793397531,B Maior,B Maior,0,B Maior,G# Menor,0.9651,0.9651,0.7749,0.7607,"G# Menor;C# Menor;E Maior",,0.00,,0.00,173.12,173.12,0,1,"v2;w20;harm;aar;song60;far12;near45;tol0.8;floor0.25;drain0.5;bass0.25"
173685,1790793398031,B Maior,B Maior,0,B Maior,G# Menor,0.9677,0.9677,0.7758,0.7676,"G# Menor;C# Menor;E Maior",,0.00,,0.00,173.58,173.58,0,1,"v2;w20;harm;aar;song60;far12;near45;tol0.8;floor0.25;drain0.5;bass0.25"
174149,1790793398530,B Maior,B Maior,0,B Maior,G# Menor,0.9683,0.9683,0.7789,0.7576,"G# Menor;C# Menor;E Maior",,0.00,,0.00,174.04,174.04,0,1,"v2;w20;harm;aar;song60;far12;near45;tol0.8;floor0.25;drain0.5;bass0.25"
174706,1790793399031,B Maior,B Maior,0,B Maior,G# Menor,0.9684,0.9684,0.7812,0.7485,"G# Menor;C# Menor;E Maior",,0.00,,0.00,174.60,174.60,0,1,"v2;w20;harm;aar;song60;far12;near45;tol0.8;floor0.25;drain0.5;bass0.25"
175264,1790793399532,B Maior,B Maior,0,B Maior,G# Menor,0.9667,0.9667,0.7831,0.7344,"G# Menor;C# Menor;E Maior",,0.00,,0.00,175.14,175.14,0,1,"v2;w20;harm;aar;song60;far12;near45;tol0.8;floor0.25;drain0.5;bass0.25"
175728,1790793400032,B Maior,B Maior,0,B Maior,G# Menor,0.9681,0.9681,0.7825,0.7422,"G# Menor;C# Menor;E Maior",,0.00,,0.00,175.62,175.62,0,1,"v2;w20;harm;aar;song60;far12;near45;tol0.8;floor0.25;drain0.5;bass0.25"
176193,1790793400531,B Maior,B Maior,0,B Maior,G# Menor,0.9677,0.9677,0.7836,0.7364,"G# Menor;C# Menor;E Maior",,0.00,,0.00,176.08,176.08,0,1,"v2;w20;harm;aar;song60;far12;near45;tol0.8;floor0.25;drain0.5;bass0.25"
176657,1790793401031,B Maior,B Maior,0,B Maior,G# Menor,0.9654,0.9654,0.7825,0.7313,"G# Menor;C# Menor;E Maior",,0.00,,0.00,176.56,176.56,0,1,"v2;w20;harm;aar;song60;far12;near45;tol0.8;floor0.25;drain0.5;bass0.25"
177214,1790793401533,B Maior,B Maior,0,B Maior,G# Menor,0.9640,0.9640,0.7857,0.7133,"G# Menor;C# Menor;E Maior",,0.00,,0.00,177.10,177.10,0,1,"v2;w20;harm;aar;song60;far12;near45;tol0.8;floor0.25;drain0.5;bass0.25"
177679,1790793402031,B Maior,B Maior,0,B Maior,G# Menor,0.9642,0.9642,0.7906,0.6944,"G# Menor;C# Menor;E Maior",,0.00,,0.00,177.56,177.56,0,1,"v2;w20;harm;aar;song60;far12;near45;tol0.8;floor0.25;drain0.5;bass0.25"
178236,1790793402531,B Maior,B Maior,0,B Maior,G# Menor,0.9645,0.9645,0.7941,0.6815,"G# Menor;C# Menor;E Maior",,0.00,,0.00,178.14,178.14,0,1,"v2;w20;harm;aar;song60;far12;near45;tol0.8;floor0.25;drain0.5;bass0.25"
178700,1790793403031,B Maior,B Maior,0,B Maior,G# Menor,0.9631,0.9631,0.7972,0.6637,"G# Menor;C# Menor;E Maior",,0.00,,0.00,178.58,178.58,0,1,"v2;w20;harm;aar;song60;far12;near45;tol0.8;floor0.25;drain0.5;bass0.25"
179165,1790793403531,B Maior,B Maior,0,B Maior,G# Menor,0.9619,0.9619,0.7997,0.6486,"G# Menor;C# Menor;E Maior",,0.00,,0.00,179.06,179.06,0,1,"v2;w20;harm;aar;song60;far12;near45;tol0.8;floor0.25;drain0.5;bass0.25"
179722,1790793404031,B Maior,B Maior,0,B Maior,G# Menor,0.9601,0.9601,0.8031,0.6279,"G# Menor;C# Menor;E Maior",,0.00,,0.00,179.62,179.62,0,1,"v2;w20;harm;aar;song60;far12;near45;tol0.8;floor0.25;drain0.5;bass0.25"
180186,1790793404531,B Maior,B Maior,0,B Maior,G# Menor,0.9623,0.9623,0.7997,0.6504,"G# Menor;C# Menor;E Maior",,0.00,,0.00,180.08,180.08,0,1,"v2;w20;harm;aar;song60;far12;near45;tol0.8;floor0.25;drain0.5;bass0.25"
180744,1790793405032,B Maior,B Maior,0,B Maior,G# Menor,0.9613,0.9613,0.7978,0.6539,"G# Menor;C# Menor;E Maior",,0.00,,0.00,180.64,180.64,0,1,"v2;w20;harm;aar;song60;far12;near45;tol0.8;floor0.25;drain0.5;bass0.25"
181208,1790793405531,B Maior,B Maior,0,B Maior,G# Menor,0.9592,0.9592,0.7986,0.6424,"G# Menor;C# Menor;E Maior",,0.00,,0.00,181.10,181.10,0,1,"v2;w20;harm;aar;song60;far12;near45;tol0.8;floor0.25;drain0.5;bass0.25"
181672,1790793406031,B Maior,B Maior,0,B Maior,G# Menor,0.9602,0.9602,0.7967,0.6542,"G# Menor;C# Menor;E Maior",,0.00,,0.00,181.58,181.58,0,1,"v2;w20;harm;aar;song60;far12;near45;tol0.8;floor0.25;drain0.5;bass0.25"
182230,1790793406532,B Maior,B Maior,0,B Maior,G# Menor,0.9616,0.9616,0.7938,0.6711,"G# Menor;C# Menor;E Maior",,0.00,,0.00,182.12,182.12,0,1,"v2;w20;harm;aar;song60;far12;near45;tol0.8;floor0.25;drain0.5;bass0.25"
182694,1790793407031,B Maior,B Maior,0,B Maior,G# Menor,0.9631,0.9631,0.7946,0.6738,"G# Menor;C# Menor;E Maior",,0.00,,0.00,182.58,182.58,0,1,"v2;w20;harm;aar;song60;far12;near45;tol0.8;floor0.25;drain0.5;bass0.25"
183251,1790793407530,B Maior,B Maior,0,B Maior,G# Menor,0.9645,0.9645,0.7954,0.6762,"G# Menor;C# Menor;E Maior",,0.00,,0.00,183.14,183.14,0,1,"v2;w20;harm;aar;song60;far12;near45;tol0.8;floor0.25;drain0.5;bass0.25"
183716,1790793408031,B Maior,B Maior,0,B Maior,G# Menor,0.9650,0.9650,0.7957,0.6772,"G# Menor;C# Menor;E Maior",,0.00,,0.00,183.60,183.60,0,1,"v2;w20;harm;aar;song60;far12;near45;tol0.8;floor0.25;drain0.5;bass0.25"
184180,1790793408530,B Maior,B Maior,0,B Maior,G# Menor,0.9646,0.9646,0.7947,0.6795,"G# Menor;C# Menor;E Maior",,0.00,,0.00,184.06,184.06,0,1,"v2;w20;harm;aar;song60;far12;near45;tol0.8;floor0.25;drain0.5;bass0.25"
184737,1790793409032,B Maior,B Maior,0,B Maior,G# Menor,0.9647,0.9647,0.7935,0.6845,"G# Menor;C# Menor;E Maior",,0.00,,0.00,184.64,184.64,0,1,"v2;w20;harm;aar;song60;far12;near45;tol0.8;floor0.25;drain0.5;bass0.25"
185202,1790793409531,B Maior,B Maior,0,B Maior,G# Menor,0.9645,0.9645,0.7945,0.6802,"G# Menor;C# Menor;E Maior",,0.00,,0.00,185.08,185.08,0,1,"v2;w20;harm;aar;song60;far12;near45;tol0.8;floor0.25;drain0.5;bass0.25"
185666,1790793410030,B Maior,B Maior,0,B Maior,G# Menor,0.9635,0.9635,0.7974,0.6647,"G# Menor;C# Menor;E Maior",,0.00,,0.00,185.56,185.56,0,1,"v2;w20;harm;aar;song60;far12;near45;tol0.8;floor0.25;drain0.5;bass0.25"
186224,1790793410531,B Maior,B Maior,0,B Maior,G# Menor,0.9611,0.9611,0.8034,0.6308,"G# Menor;C# Menor;E Maior",,0.00,,0.00,186.12,186.12,0,1,"v2;w20;harm;aar;song60;far12;near45;tol0.8;floor0.25;drain0.5;bass0.25"
186688,1790793411031,B Maior,B Maior,0,B Maior,G# Menor,0.9592,0.9592,0.8076,0.6064,"G# Menor;C# Menor;E Maior",,0.00,,0.00,186.58,186.58,0,1,"v2;w20;harm;aar;song60;far12;near45;tol0.8;floor0.25;drain0.5;bass0.25"
187245,1790793411531,B Maior,B Maior,0,B Maior,G# Menor,0.9599,0.9599,0.8091,0.6033,"G# Menor;C# Menor;E Maior",,0.00,,0.00,187.14,187.14,0,1,"v2;w20;harm;aar;song60;far12;near45;tol0.8;floor0.25;drain0.5;bass0.25"
187710,1790793412031,B Maior,B Maior,0,B Maior,G# Menor,0.9609,0.9609,0.8089,0.6080,"G# Menor;C# Menor;E Maior",,0.00,,0.00,187.60,187.60,0,1,"v2;w20;harm;aar;song60;far12;near45;tol0.8;floor0.25;drain0.5;bass0.25"
188174,1790793412531,B Maior,B Maior,0,B Maior,G# Menor,0.9616,0.9616,0.8094,0.6087,"G# Menor;C# Menor;E Maior",,0.00,,0.00,188.08,188.08,0,1,"v2;w20;harm;aar;song60;far12;near45;tol0.8;floor0.25;drain0.5;bass0.25"
188731,1790793413031,B Maior,B Maior,0,B Maior,G# Menor,0.9630,0.9630,0.8075,0.6217,"G# Menor;C# Menor;E Maior",,0.00,,0.00,188.62,188.62,0,1,"v2;w20;harm;aar;song60;far12;near45;tol0.8;floor0.25;drain0.5;bass0.25"
189196,1790793413531,B Maior,B Maior,0,B Maior,G# Menor,0.9629,0.9629,0.8081,0.6195,"G# Menor;C# Menor;E Maior",,0.00,,0.00,189.08,189.08,0,1,"v2;w20;harm;aar;song60;far12;near45;tol0.8;floor0.25;drain0.5;bass0.25"
189753,1790793414031,B Maior,B Maior,0,B Maior,G# Menor,0.9611,0.9611,0.8074,0.6150,"G# Menor;C# Menor;E Maior",,0.00,,0.00,189.64,189.64,0,1,"v2;w20;harm;aar;song60;far12;near45;tol0.8;floor0.25;drain0.5;bass0.25"
190217,1790793414531,B Maior,B Maior,0,B Maior,G# Menor,0.9597,0.9597,0.8120,0.5908,"G# Menor;C# Menor;E Maior",,0.00,,0.00,190.10,190.10,0,1,"v2;w20;harm;aar;song60;far12;near45;tol0.8;floor0.25;drain0.5;bass0.25"
190682,1790793415030,B Maior,B Maior,0,B Maior,G# Menor,0.9595,0.9595,0.8171,0.5696,"G# Menor;C# Menor;E Maior",,0.00,,0.00,190.58,190.58,0,1,"v2;w20;harm;aar;song60;far12;near45;tol0.8;floor0.25;drain0.5;bass0.25"
191239,1790793415531,B Maior,B Maior,0,B Maior,G# Menor,0.9607,0.9607,0.8159,0.5790,"G# Menor;C# Menor;E Maior",,0.00,,0.00,191.14,191.14,0,1,"v2;w20;harm;aar;song60;far12;near45;tol0.8;floor0.25;drain0.5;bass0.25"
191703,1790793416031,B Maior,B Maior,0,B Maior,G# Menor,0.9621,0.9621,0.8113,0.6034,"G# Menor;C# Menor;E Maior",,0.00,,0.00,191.58,191.58,0,1,"v2;w20;harm;aar;song60;far12;near45;tol0.8;floor0.25;drain0.5;bass0.25"
192168,1790793416530,B Maior,B Maior,0,B Maior,G# Menor,0.9622,0.9622,0.8112,0.6044,"G# Menor;C# Menor;E Maior",,0.00,,0.00,192.06,192.06,0,1,"v2;w20;harm;aar;song60;far12;near45;tol0.8;floor0.25;drain0.5;bass0.25"
192725,1790793417030,B Maior,B Maior,0,B Maior,G# Menor,0.9625,0.9625,0.8110,0.6061,"G# Menor;C# Menor;E Maior",,0.00,,0.00,192.62,192.62,0,1,"v2;w20;harm;aar;song60;far12;near45;tol0.8;floor0.25;drain0.5;bass0.25"
193190,1790793417530,B Maior,B Maior,0,B Maior,G# Menor,0.9642,0.9642,0.8080,0.6245,"G# Menor;C# Menor;E Maior",,0.00,,0.00,193.10,193.10,0,1,"v2;w20;harm;aar;song60;far12;near45;tol0.8;floor0.25;drain0.5;bass0.25"
193747,1790793418031,B Maior,B Maior,0,B Maior,G# Menor,0.9641,0.9641,0.8036,0.6421,"G# Menor;C# Menor;E Maior",,0.00,,0.00,193.64,193.64,0,1,"v2;w20;harm;aar;song60;far12;near45;tol0.8;floor0.25;drain0.5;bass0.25"
194211,1790793418529,B Maior,B Maior,0,B Maior,G# Menor,0.9640,0.9640,0.7993,0.6588,"G# Menor;C# Menor;E Maior",,0.00,,0.00,194.10,194.10,0,1,"v2;w20;harm;aar;song60;far12;near45;tol0.8;floor0.25;drain0.5;bass0.25"
194676,1790793419031,B Maior,B Maior,0,B Maior,G# Menor,0.9640,0.9640,0.7958,0.6728,"G# Menor;C# Menor;E Maior",,0.00,,0.00,194.58,194.58,0,1,"v2;w20;harm;aar;song60;far12;near45;tol0.8;floor0.25;drain0.5;bass0.25"
195233,1790793419531,B Maior,B Maior,0,B Maior,G# Menor,0.9630,0.9630,0.7948,0.6728,"G# Menor;C# Menor;E Maior",,0.00,,0.00,195.12,195.12,0,1,"v2;w20;harm;aar;song60;far12;near45;tol0.8;floor0.25;drain0.5;bass0.25"
195697,1790793420029,B Maior,B Maior,0,B Maior,G# Menor,0.9635,0.9635,0.7920,0.6859,"G# Menor;C# Menor;E Maior",,0.00,,0.00,195.58,195.58,0,1,"v2;w20;harm;aar;song60;far12;near45;tol0.8;floor0.25;drain0.5;bass0.25"
196255,1790793420532,B Maior,B Maior,0,B Maior,G# Menor,0.9631,0.9631,0.7945,0.6743,"G# Menor;C# Menor;E Maior",,0.00,,0.00,196.14,196.14,0,1,"v2;w20;harm;aar;song60;far12;near45;tol0.8;floor0.25;drain0.5;bass0.25"
196719,1790793421031,B Maior,B Maior,0,B Maior,G# Menor,0.9633,0.9633,0.7924,0.6837,"G# Menor;C# Menor;E Maior",,0.00,,0.00,196.60,196.60,0,1,"v2;w20;harm;aar;song60;far12;near45;tol0.8;floor0.25;drain0.5;bass0.25"
197183,1790793421531,B Maior,B Maior,0,B Maior,G# Menor,0.9630,0.9630,0.7946,0.6738,"G# Menor;C# Menor;E Maior",,0.00,,0.00,197.08,197.08,0,1,"v2;w20;harm;aar;song60;far12;near45;tol0.8;floor0.25;drain0.5;bass0.25"
197741,1790793422032,B Maior,B Maior,0,B Maior,G# Menor,0.9631,0.9631,0.7911,0.6882,"G# Menor;C# Menor;E Maior",,0.00,,0.00,197.64,197.64,0,1,"v2;w20;harm;aar;song60;far12;near45;tol0.8;floor0.25;drain0.5;bass0.25"
198205,1790793422531,B Maior,B Maior,0,B Maior,G# Menor,0.9625,0.9625,0.7923,0.6806,"G# Menor;C# Menor;E Maior",,0.00,,0.00,198.08,198.08,0,1,"v2;w20;harm;aar;song60;far12;near45;tol0.8;floor0.25;drain0.5;bass0.25"
198669,1790793423031,B Maior,B Maior,0,B Maior,G# Menor,0.9616,0.9616,0.7959,0.6627,"G# Menor;C# Menor;E Maior",,0.00,,0.00,198.56,198.56,0,1,"v2;w20;harm;aar;song60;far12;near45;tol0.8;floor0.25;drain0.5;bass0.25"
199227,1790793423532,B Maior,B Maior,0,B Maior,G# Menor,0.9615,0.9615,0.7967,0.6591,"G# Menor;C# Menor;E Maior",,0.00,,0.00,199.12,199.12,0,1,"v2;w20;harm;aar;song60;far12;near45;tol0.8;floor0.25;drain0.5;bass0.25"
199691,1790793424031,B Maior,B Maior,0,B Maior,G# Menor,0.9628,0.9628,0.7948,0.6718,"G# Menor;C# Menor;E Maior",,0.00,,0.00,199.60,199.60,0,1,"v2;w20;harm;aar;song60;far12;near45;tol0.8;floor0.25;drain0.5;bass0.25"
200248,1790793424531,B Maior,B Maior,0,B Maior,G# Menor,0.9641,0.9641,0.7949,0.6768,"G# Menor;C# Menor;E Maior",,0.00,,0.00,200.14,200.14,0,1,"v2;w20;harm;aar;song60;far12;near45;tol0.8;floor0.25;drain0.5;bass0.25"
200713,1790793425031,B Maior,B Maior,0,B Maior,G# Menor,0.9647,0.9647,0.7936,0.6845,"G# Menor;C# Menor;E Maior",,0.00,,0.00,200.60,200.60,0,1,"v2;w20;harm;aar;song60;far12;near45;tol0.8;floor0.25;drain0.5;bass0.25"
201177,1790793425531,B Maior,B Maior,0,B Maior,G# Menor,0.9647,0.9647,0.7917,0.6921,"G# Menor;C# Menor;E Maior",,0.00,,0.00,201.08,201.08,0,1,"v2;w20;harm;aar;song60;far12;near45;tol0.8;floor0.25;drain0.5;bass0.25"
201734,1790793426031,B Maior,B Maior,0,B Maior,G# Menor,0.9644,0.9644,0.7884,0.7042,"G# Menor;C# Menor;E Maior",,0.00,,0.00,201.62,201.62,0,1,"v2;w20;harm;aar;song60;far12;near45;tol0.8;floor0.25;drain0.5;bass0.25"
202199,1790793426531,B Maior,B Maior,0,B Maior,G# Menor,0.9640,0.9640,0.7865,0.7100,"G# Menor;C# Menor;E Maior",,0.00,,0.00,202.10,202.10,0,1,"v2;w20;harm;aar;song60;far12;near45;tol0.8;floor0.25;drain0.5;bass0.25"
202756,1790793427031,B Maior,B Maior,0,B Maior,G# Menor,0.9634,0.9634,0.7909,0.6901,"G# Menor;C# Menor;E Maior",,0.00,,0.00,202.64,202.64,0,1,"v2;w20;harm;aar;song60;far12;near45;tol0.8;floor0.25;drain0.5;bass0.25"
203221,1790793427532,B Maior,B Maior,0,B Maior,G# Menor,0.9628,0.9628,0.7943,0.6738,"G# Menor;C# Menor;E Maior",,0.00,,0.00,203.10,203.10,0,1,"v2;w20;harm;aar;song60;far12;near45;tol0.8;floor0.25;drain0.5;bass0.25"
203685,1790793428031,B Maior,B Maior,0,B Maior,G# Menor,0.9618,0.9618,0.7969,0.6598,"G# Menor;C# Menor;E Maior",,0.00,,0.00,203.58,203.58,0,1,"v2;w20;harm;aar;song60;far12;near45;tol0.8;floor0.25;drain0.5;bass0.25"
204242,1790793428529,B Maior,B Maior,0,B Maior,G# Menor,0.9602,0.9602,0.7999,0.6411,"G# Menor;C# Menor;E Maior",,0.00,,0.00,204.13,204.13,0,1,"v2;w20;harm;aar;song60;far12;near45;tol0.8;floor0.25;drain0.5;bass0.25"
204707,1790793429029,B Maior,B Maior,0,B Maior,G# Menor,0.9597,0.9597,0.8018,0.6317,"G# Menor;C# Menor;E Maior",,0.00,,0.00,204.58,204.58,0,1,"v2;w20;harm;aar;song60;far12;near45;tol0.8;floor0.25;drain0.5;bass0.25"
205171,1790793429531,B Maior,B Maior,0,B Maior,G# Menor,0.9589,0.9589,0.8010,0.6318,"G# Menor;C# Menor;E Maior",,0.00,,0.00,205.06,205.06,0,1,"v2;w20;harm;aar;song60;far12;near45;tol0.8;floor0.25;drain0.5;bass0.25"
205728,1790793430032,B Maior,B Maior,0,B Maior,G# Menor,0.9587,0.9587,0.7970,0.6466,"G# Menor;C# Menor;E Maior",,0.00,,0.00,205.62,205.62,0,1,"v2;w20;harm;aar;song60;far12;near45;tol0.8;floor0.25;drain0.5;bass0.25"
206193,1790793430531,B Maior,B Maior,0,B Maior,G# Menor,0.9581,0.9581,0.7940,0.6565,"G# Menor;C# Menor;E Maior",,0.00,,0.00,206.10,206.10,0,1,"v2;w20;harm;aar;song60;far12;near45;tol0.8;floor0.25;drain0.5;bass0.25"
206750,1790793431031,B Maior,B Maior,0,B Maior,G# Menor,0.9566,0.9566,0.7982,0.6337,"G# Menor;C# Menor;E Maior",,0.00,,0.00,206.64,206.64,0,1,"v2;w20;harm;aar;song60;far12;near45;tol0.8;floor0.25;drain0.5;bass0.25"
207214,1790793431531,B Maior,B Maior,0,B Maior,G# Menor,0.9564,0.9564,0.7960,0.6416,"G# Menor;C# Menor;E Maior",,0.00,,0.00,207.10,207.10,0,1,"v2;w20;harm;aar;song60;far12;near45;tol0.8;floor0.25;drain0.5;bass0.25"
207679,1790793432030,B Maior,B Maior,0,B Maior,G# Menor,0.9546,0.9546,0.7982,0.6256,"G# Menor;C# Menor;E Maior",,0.00,,0.00,207.58,207.58,0,1,"v2;w20;harm;aar;song60;far12;near45;tol0.8;floor0.25;drain0.5;bass0.25"
208236,1790793432529,B Maior,B Maior,0,B Maior,G# Menor,0.9532,0.9532,0.7975,0.6229,"G# Menor;C# Menor;E Maior",,0.00,,0.00,208.12,208.12,0,1,"v2;w20;harm;aar;song60;far12;near45;tol0.8;floor0.25;drain0.5;bass0.25"
208700,1790793433031,B Maior,B Maior,0,B Maior,G# Menor,0.9519,0.9519,0.7950,0.6274,"G# Menor;C# Menor;E Maior",,0.00,,0.00,208.60,208.60,0,1,"v2;w20;harm;aar;song60;far12;near45;tol0.8;floor0.25;drain0.5;bass0.25"
209165,1790793433531,B Maior,B Maior,0,B Maior,G# Menor,0.9501,0.9501,0.7932,0.6279,"G# Menor;C# Menor;E Maior",,0.00,,0.00,209.06,209.06,0,1,"v2;w20;harm;aar;song60;far12;near45;tol0.8;floor0.25;drain0.5;bass0.25"
209722,1790793434032,B Maior,B Maior,0,B Maior,G# Menor,0.9482,0.9482,0.7909,0.6293,"G# Menor;E Maior;C# Menor",,0.00,,0.00,209.60,209.60,0,1,"v2;w20;harm;aar;song60;far12;near45;tol0.8;floor0.25;drain0.5;bass0.25"
210187,1790793434530,B Maior,B Maior,0,B Maior,G# Menor,0.9484,0.9484,0.7885,0.6397,"G# Menor;E Maior;C# Menor",,0.00,,0.00,210.08,210.08,0,1,"v2;w20;harm;aar;song60;far12;near45;tol0.8;floor0.25;drain0.5;bass0.25"
210651,1790793435032,B Maior,B Maior,0,B Maior,G# Menor,0.9481,0.9481,0.7897,0.6336,"G# Menor;E Maior;C# Menor",,0.00,,0.00,210.54,210.54,0,1,"v2;w20;harm;aar;song60;far12;near45;tol0.8;floor0.25;drain0.5;bass0.25"
211208,1790793435532,B Maior,B Maior,0,B Maior,G# Menor,0.9478,0.9478,0.7856,0.6489,"G# Menor;E Maior;C# Menor",,0.00,,0.00,211.10,211.10,0,1,"v2;w20;harm;aar;song60;far12;near45;tol0.8;floor0.25;drain0.5;bass0.25"
211673,1790793436032,B Maior,B Maior,0,B Maior,G# Menor,0.9480,0.9480,0.7813,0.6667,"G# Menor;E Maior;C# Menor",,0.00,,0.00,211.56,211.56,0,1,"v2;w20;harm;aar;song60;far12;near45;tol0.8;floor0.25;drain0.5;bass0.25"
212230,1790793436532,B Maior,B Maior,0,B Maior,G# Menor,0.9476,0.9476,0.7791,0.6738,"G# Menor;E Maior;C# Menor",,0.00,,0.00,212.12,212.12,0,1,"v2;w20;harm;aar;song60;far12;near45;tol0.8;floor0.25;drain0.5;bass0.25"
212694,1790793437031,B Maior,B Maior,0,B Maior,G# Menor,0.9471,0.9471,0.7830,0.6563,"G# Menor;E Maior;C# Menor",,0.00,,0.00,212.60,212.60,0,1,"v2;w20;harm;aar;song60;far12;near45;tol0.8;floor0.25;drain0.5;bass0.25"
213252,1790793437529,B Maior,B Maior,0,B Maior,G# Menor,0.9467,0.9467,0.7884,0.6334,"G# Menor;E Maior;C# Menor",,0.00,,0.00,213.14,213.14,0,1,"v2;w20;harm;aar;song60;far12;near45;tol0.8;floor0.25;drain0.5;bass0.25"
213716,1790793438032,B Maior,B Maior,0,B Maior,G# Menor,0.9472,0.9472,0.7897,0.6300,"G# Menor;E Maior;C# Menor",,0.00,,0.00,213.62,213.62,0,1,"v2;w20;harm;aar;song60;far12;near45;tol0.8;floor0.25;drain0.5;bass0.25"
214180,1790793438531,B Maior,B Maior,0,B Maior,G# Menor,0.9469,0.9469,0.7912,0.6228,"G# Menor;E Maior;C# Menor",,0.00,,0.00,214.08,214.08,0,1,"v2;w20;harm;aar;song60;far12;near45;tol0.8;floor0.25;drain0.5;bass0.25"
214738,1790793439032,B Maior,B Maior,0,B Maior,G# Menor,0.9446,0.9446,0.7968,0.5916,"G# Menor;E Maior;C# Menor",,0.00,,0.00,214.62,214.62,0,1,"v2;w20;harm;aar;song60;far12;near45;tol0.8;floor0.25;drain0.5;bass0.25"
215202,1790793439532,B Maior,B Maior,0,B Maior,G# Menor,0.9453,0.9453,0.7939,0.6058,"G# Menor;E Maior;C# Menor",,0.00,,0.00,215.10,215.10,0,1,"v2;w20;harm;aar;song60;far12;near45;tol0.8;floor0.25;drain0.5;bass0.25"
215759,1790793440031,B Maior,B Maior,0,B Maior,G# Menor,0.9467,0.9467,0.7903,0.6255,"G# Menor;E Maior;C# Menor",,0.00,,0.00,215.64,215.64,0,1,"v2;w20;harm;aar;song60;far12;near45;tol0.8;floor0.25;drain0.5;bass0.25"
216224,1790793440533,B Maior,B Maior,0,B Maior,G# Menor,0.9457,0.9457,0.7883,0.6296,"G# Menor;E Maior;C# Menor",,0.00,,0.00,216.10,216.10,0,1,"v2;w20;harm;aar;song60;far12;near45;tol0.8;floor0.25;drain0.5;bass0.25"
216688,1790793441031,B Maior,B Maior,0,B Maior,G# Menor,0.9453,0.9453,0.7848,0.6420,"G# Menor;E Maior;C# Menor",,0.00,,0.00,216.58,216.58,0,1,"v2;w20;harm;aar;song60;far12;near45;tol0.8;floor0.25;drain0.5;bass0.25"
217245,1790793441533,B Maior,B Maior,0,B Maior,G# Menor,0.9434,0.9434,0.7829,0.6420,"G# Menor;E Maior;C# Menor",,0.00,,0.00,217.14,217.14,0,1,"v2;w20;harm;aar;song60;far12;near45;tol0.8;floor0.25;drain0.5;bass0.25"
217710,1790793442032,B Maior,B Maior,0,B Maior,G# Menor,0.9425,0.9425,0.7842,0.6331,"G# Menor;E Maior;C# Menor",,0.00,,0.00,217.60,217.60,0,1,"v2;w20;harm;aar;song60;far12;near45;tol0.8;floor0.25;drain0.5;bass0.25"
218174,1790793442531,B Maior,B Maior,0,B Maior,G# Menor,0.9414,0.9414,0.7860,0.6218,"G# Menor;E Maior;C# Menor",,0.00,,0.00,218.06,218.06,0,1,"v2;w20;harm;aar;song60;far12;near45;tol0.8;floor0.25;drain0.5;bass0.25"
218731,1790793443031,B Maior,B Maior,0,B Maior,G# Menor,0.9423,0.9423,0.7849,0.6295,"G# Menor;E Maior;C# Menor",,0.00,,0.00,218.62,218.62,0,1,"v2;w20;harm;aar;song60;far12;near45;tol0.8;floor0.25;drain0.5;bass0.25"
219196,1790793443531,B Maior,B Maior,0,B Maior,G# Menor,0.9436,0.9436,0.7882,0.6215,"G# Menor;E Maior;C# Menor",,0.00,,0.00,219.10,219.10,0,1,"v2;w20;harm;aar;song60;far12;near45;tol0.8;floor0.25;drain0.5;bass0.25"
219753,1790793444032,B Maior,B Maior,0,B Maior,G# Menor,0.9449,0.9449,0.7842,0.6426,"G# Menor;E Maior;C# Menor",,0.00,,0.00,219.64,219.64,0,1,"v2;w20;harm;aar;song60;far12;near45;tol0.8;floor0.25;drain0.5;bass0.25"
220218,1790793444538,B Maior,B Maior,0,B Maior,G# Menor,0.9449,0.9449,0.7830,0.6476,"G# Menor;E Maior;C# Menor",,0.00,,0.00,220.12,220.12,0,1,"v2;w20;harm;aar;song60;far12;near45;tol0.8;floor0.25;drain0.5;bass0.25"
220682,1790793445028,B Maior,B Maior,0,B Maior,G# Menor,0.9445,0.9445,0.7813,0.6529,"G# Menor;E Maior;C# Menor",,0.00,,0.00,220.58,220.58,0,1,"v2;w20;harm;aar;song60;far12;near45;tol0.8;floor0.25;drain0.5;bass0.25"
221239,1790793445529,B Maior,B Maior,0,B Maior,G# Menor,0.9458,0.9458,0.7824,0.6537,"G# Menor;E Maior;C# Menor",,0.00,,0.00,221.12,221.12,0,1,"v2;w20;harm;aar;song60;far12;near45;tol0.8;floor0.25;drain0.5;bass0.25"
221704,1790793446031,B Maior,B Maior,0,B Maior,G# Menor,0.9479,0.9479,0.7830,0.6596,"G# Menor;E Maior;C# Menor",,0.00,,0.00,221.60,221.60,0,1,"v2;w20;harm;aar;song60;far12;near45;tol0.8;floor0.25;drain0.5;bass0.25"
222168,1790793446531,B Maior,B Maior,0,B Maior,G# Menor,0.9489,0.9489,0.7846,0.6572,"G# Menor;E Maior;C# Menor",,0.00,,0.00,222.06,222.06,0,1,"v2;w20;harm;aar;song60;far12;near45;tol0.8;floor0.25;drain0.5;bass0.25"
222725,1790793447031,B Maior,B Maior,0,B Maior,G# Menor,0.9493,0.9493,0.7869,0.6500,"G# Menor;E Maior;C# Menor",,0.00,,0.00,222.62,222.62,0,1,"v2;w20;harm;aar;song60;far12;near45;tol0.8;floor0.25;drain0.5;bass0.25"
223190,1790793447531,B Maior,B Maior,0,B Maior,G# Menor,0.9482,0.9482,0.7871,0.6443,"G# Menor;E Maior;C# Menor",,0.00,,0.00,223.08,223.08,0,1,"v2;w20;harm;aar;song60;far12;near45;tol0.8;floor0.25;drain0.5;bass0.25"
223747,1790793448030,B Maior,B Maior,0,B Maior,G# Menor,0.9496,0.9496,0.7859,0.6548,"G# Menor;E Maior;C# Menor",,0.00,,0.00,223.64,223.64,0,1,"v2;w20;harm;aar;song60;far12;near45;tol0.8;floor0.25;drain0.5;bass0.25"
224211,1790793448532,B Maior,B Maior,0,B Maior,G# Menor,0.9500,0.9500,0.7860,0.6558,"G# Menor;E Maior;C# Menor",,0.00,,0.00,224.10,224.10,0,1,"v2;w20;harm;aar;song60;far12;near45;tol0.8;floor0.25;drain0.5;bass0.25"
224676,1790793449031,B Maior,B Maior,0,B Maior,G# Menor,0.9480,0.9480,0.7845,0.6537,"G# Menor;E Maior;C# Menor",,0.00,,0.00,224.56,224.56,0,1,"v2;w20;harm;aar;song60;far12;near45;tol0.8;floor0.25;drain0.5;bass0.25"
225140,1790793449532,B Maior,B Maior,0,B Maior,G# Menor,0.9464,0.9464,0.7868,0.6386,"G# Menor;E Maior;C# Menor",,0.00,,0.00,225.02,225.02,0,1,"v2;w20;harm;aar;song60;far12;near45;tol0.8;floor0.25;drain0.5;bass0.25"
225697,1790793450032,B Maior,B Maior,0,B Maior,G# Menor,0.9472,0.9472,0.7929,0.6169,"G# Menor;E Maior;C# Menor",,0.00,,0.00,225.60,225.60,0,1,"v2;w20;harm;aar;song60;far12;near45;tol0.8;floor0.25;drain0.5;bass0.25"
226255,1790793450531,B Maior,B Maior,0,B Maior,G# Menor,0.9480,0.9480,0.7961,0.6076,"G# Menor;E Maior;C# Menor",,0.00,,0.00,226.14,226.14,0,1,"v2;w20;harm;aar;song60;far12;near45;tol0.8;floor0.25;drain0.5;bass0.25"
226719,1790793451032,B Maior,B Maior,0,B Maior,G# Menor,0.9466,0.9466,0.7984,0.5926,"G# Menor;E Maior;C# Menor",,0.00,,0.00,226.62,226.62,0,1,"v2;w20;harm;aar;song60;far12;near45;tol0.8;floor0.25;drain0.5;bass0.25"
227184,1790793451531,B Maior,B Maior,0,B Maior,G# Menor,0.9452,0.9452,0.8002,0.5803,"G# Menor;E Maior;C# Menor",,0.00,,0.00,227.08,227.08,0,1,"v2;w20;harm;aar;song60;far12;near45;tol0.8;floor0.25;drain0.5;bass0.25"
227741,1790793452031,B Maior,B Maior,0,B Maior,G# Menor,0.9431,0.9431,0.8037,0.5576,"G# Menor;E Maior;C# Menor",,0.00,,0.00,227.62,227.62,0,1,"v2;w20;harm;aar;song60;far12;near45;tol0.8;floor0.25;drain0.5;bass0.25"
228205,1790793452531,B Maior,B Maior,0,B Maior,G# Menor,0.9453,0.9453,0.8014,0.5757,"G# Menor;E Maior;C# Menor",,0.00,,0.00,228.10,228.10,0,1,"v2;w20;harm;aar;song60;far12;near45;tol0.8;floor0.25;drain0.5;bass0.25"
228763,1790793453032,B Maior,B Maior,0,B Maior,G# Menor,0.9448,0.9448,0.7987,0.5840,"G# Menor;E Maior;C# Menor",,0.00,,0.00,228.64,228.64,0,1,"v2;w20;harm;aar;song60;far12;near45;tol0.8;floor0.25;drain0.5;bass0.25"
229227,1790793453532,B Maior,B Maior,0,B Maior,G# Menor,0.9432,0.9432,0.7988,0.5775,"G# Menor;E Maior;C# Menor",,0.00,,0.00,229.12,229.12,0,1,"v2;w20;harm;aar;song60;far12;near45;tol0.8;floor0.25;drain0.5;bass0.25"
229691,1790793454031,B Maior,B Maior,0,B Maior,G# Menor,0.9435,0.9435,0.7975,0.5840,"G# Menor;E Maior;C# Menor",,0.00,,0.00,229.58,229.58,0,1,"v2;w20;harm;aar;song60;far12;near45;tol0.8;floor0.25;drain0.5;bass0.25"
230249,1790793454531,B Maior,B Maior,0,B Maior,G# Menor,0.9446,0.9446,0.7946,0.5999,"G# Menor;E Maior;C# Menor",,0.00,,0.00,230.14,230.14,0,1,"v2;w20;harm;aar;song60;far12;near45;tol0.8;floor0.25;drain0.5;bass0.25"
230713,1790793455032,B Maior,B Maior,0,B Maior,G# Menor,0.9460,0.9460,0.7960,0.5998,"G# Menor;E Maior;C# Menor",,0.00,,0.00,230.60,230.60,0,1,"v2;w20;harm;aar;song60;far12;near45;tol0.8;floor0.25;drain0.5;bass0.25"
231177,1790793455529,B Maior,B Maior,0,B Maior,G# Menor,0.9480,0.9480,0.7936,0.6174,"G# Menor;E Maior;C# Menor",,0.00,,0.00,231.06,231.06,0,1,"v2;w20;harm;aar;song60;far12;near45;tol0.8;floor0.25;drain0.5;bass0.25"
231735,1790793456032,B Maior,B Maior,0,B Maior,G# Menor,0.9482,0.9482,0.7928,0.6215,"G# Menor;E Maior;C# Menor",,0.00,,0.00,231.64,231.64,0,1,"v2;w20;harm;aar;song60;far12;near45;tol0.8;floor0.25;drain0.5;bass0.25"
232199,1790793456532,B Maior,B Maior,0,B Maior,G# Menor,0.9486,0.9486,0.7931,0.6221,"G# Menor;E Maior;C# Menor",,0.00,,0.00,232.10,232.10,0,1,"v2;w20;harm;aar;song60;far12;near45;tol0.8;floor0.25;drain0.5;bass0.25"
232756,1790793457031,B Maior,B Maior,0,B Maior,G# Menor,0.9497,0.9497,0.7953,0.6176,"G# Menor;E Maior;C# Menor",,0.00,,0.00,232.64,232.64,0,1,"v2;w20;harm;aar;song60;far12;near45;tol0.8;floor0.25;drain0.5;bass0.25"
233221,1790793457531,B Maior,B Maior,0,B Maior,G# Menor,0.9506,0.9506,0.7954,0.6207,"G# Menor;E Maior;C# Menor",,0.00,,0.00,233.12,233.12,0,1,"v2;w20;harm;aar;song60;far12;near45;tol0.8;floor0.25;drain0.5;bass0.25"
233685,1790793458031,B Maior,B Maior,0,B Maior,G# Menor,0.9502,0.9502,0.7954,0.6190,"G# Menor;E Maior;C# Menor",,0.00,,0.00,233.58,233.58,0,1,"v2;w20;harm;aar;song60;far12;near45;tol0.8;floor0.25;drain0.5;bass0.25"
234242,1790793458532,B Maior,B Maior,0,B Maior,G# Menor,0.9484,0.9484,0.7987,0.5990,"G# Menor;C# Menor;E Maior",,0.00,,0.00,234.14,234.14,0,1,"v2;w20;harm;aar;song60;far12;near45;tol0.8;floor0.25;drain0.5;bass0.25"
234707,1790793459032,B Maior,B Maior,0,B Maior,G# Menor,0.9470,0.9470,0.8011,0.5835,"G# Menor;C# Menor;E Maior",,0.00,,0.00,234.60,234.60,0,1,"v2;w20;harm;aar;song60;far12;near45;tol0.8;floor0.25;drain0.5;bass0.25"
235264,1790793459532,B Maior,B Maior,0,B Maior,G# Menor,0.9474,0.9474,0.8026,0.5791,"G# Menor;C# Menor;E Maior",,0.00,,0.00,235.14,235.14,0,1,"v2;w20;harm;aar;song60;far12;near45;tol0.8;floor0.25;drain0.5;bass0.25"
235728,1790793460031,B Maior,B Maior,0,B Maior,G# Menor,0.9479,0.9479,0.8024,0.5819,"G# Menor;C# Menor;E Maior",,0.00,,0.00,235.62,235.62,0,1,"v2;w20;harm;aar;song60;far12;near45;tol0.8;floor0.25;drain0.5;bass0.25"
236193,1790793460531,B Maior,B Maior,0,B Maior,G# Menor,0.9485,0.9485,0.8015,0.5880,"G# Menor;C# Menor;E Maior",,0.00,,0.00,236.08,236.08,0,1,"v2;w20;harm;aar;song60;far12;near45;tol0.8;floor0.25;drain0.5;bass0.25"
236657,1790793461031,B Maior,B Maior,0,B Maior,G# Menor,0.9498,0.9498,0.7965,0.6134,"G# Menor;C# Menor;E Maior",,0.00,,0.00,236.54,236.54,0,1,"v2;w20;harm;aar;song60;far12;near45;tol0.8;floor0.25;drain0.5;bass0.25"
237215,1790793461532,B Maior,B Maior,0,B Maior,G# Menor,0.9501,0.9501,0.7942,0.6236,"G# Menor;C# Menor;E Maior",,0.00,,0.00,237.10,237.10,0,1,"v2;w20;harm;aar;song60;far12;near45;tol0.8;floor0.25;drain0.5;bass0.25"
237679,1790793462031,B Maior,B Maior,0,B Maior,G# Menor,0.9482,0.9482,0.7941,0.6162,"G# Menor;C# Menor;E Maior",,0.00,,0.00,237.56,237.56,0,1,"v2;w20;harm;aar;song60;far12;near45;tol0.8;floor0.25;drain0.5;bass0.25"
238236,1790793462531,B Maior,B Maior,0,B Maior,G# Menor,0.9479,0.9479,0.7994,0.5941,"G# Menor;C# Menor;E Maior",,0.00,,0.00,238.14,238.14,0,1,"v2;w20;harm;aar;song60;far12;near45;tol0.8;floor0.25;drain0.5;bass0.25"
238701,1790793463031,B Maior,B Maior,0,B Maior,G# Menor,0.9489,0.9489,0.8049,0.5761,"G# Menor;C# Menor;E Maior",,0.00,,0.00,238.60,238.60,0,1,"v2;w20;harm;aar;song60;far12;near45;tol0.8;floor0.25;drain0.5;bass0.25"
239258,1790793463532,B Maior,B Maior,0,B Maior,G# Menor,0.9501,0.9501,0.8019,0.5931,"G# Menor;C# Menor;E Maior",,0.00,,0.00,239.14,239.14,0,1,"v2;w20;harm;aar;song60;far12;near45;tol0.8;floor0.25;drain0.5;bass0.25"
239722,1790793464031,B Maior,B Maior,0,B Maior,G# Menor,0.9509,0.9509,0.7972,0.6148,"G# Menor;C# Menor;E Maior",,0.00,,0.00,239.62,239.62,0,1,"v2;w20;harm;aar;song60;far12;near45;tol0.8;floor0.25;drain0.5;bass0.25"
240187,1790793464531,B Maior,B Maior,0,B Maior,G# Menor,0.9511,0.9511,0.7962,0.6195,"G# Menor;C# Menor;E Maior",,0.00,,0.00,238.98,238.98,0,1,"v2;w20;harm;aar;song60;far12;near45;tol0.8;floor0.25;drain0.5;bass0.25"
240744,1790793465032,B Maior,B Maior,0,B Maior,G# Menor,0.9518,0.9518,0.7958,0.6239,"G# Menor;C# Menor;E Maior",,0.00,,0.00,239.54,239.54,0,1,"v2;w20;harm;aar;song60;far12;near45;tol0.8;floor0.25;drain0.5;bass0.25"
241208,1790793465531,B Maior,B Maior,0,B Maior,G# Menor,0.9531,0.9531,0.7930,0.6403,"G# Menor;C# Menor;E Maior",,0.00,,0.00,238.98,238.98,0,1,"v2;w20;harm;aar;song60;far12;near45;tol0.8;floor0.25;drain0.5;bass0.25"
241766,1790793466029,B Maior,B Maior,0,B Maior,G# Menor,0.9533,0.9533,0.7896,0.6546,"G# Menor;C# Menor;E Maior",,0.00,,0.00,239.52,239.52,0,1,"v2;w20;harm;aar;song60;far12;near45;tol0.8;floor0.25;drain0.5;bass0.25"
242230,1790793466531,B Maior,B Maior,0,B Maior,G# Menor,0.9529,0.9529,0.7876,0.6613,"G# Menor;C# Menor;E Maior",,0.00,,0.00,238.98,238.98,0,1,"v2;w20;harm;aar;song60;far12;near45;tol0.8;floor0.25;drain0.5;bass0.25"
242694,1790793467032,B Maior,B Maior,0,B Maior,G# Menor,0.9527,0.9527,0.7840,0.6749,"G# Menor;C# Menor;E Maior",,0.00,,0.00,239.44,239.44,0,1,"v2;w20;harm;aar;song60;far12;near45;tol0.8;floor0.25;drain0.5;bass0.25"
243159,1790793467532,B Maior,B Maior,0,B Maior,G# Menor,0.9511,0.9511,0.7851,0.6640,"G# Menor;C# Menor;E Maior",,0.00,,0.00,238.86,238.86,0,1,"v2;w20;harm;aar;song60;far12;near45;tol0.8;floor0.25;drain0.5;bass0.25"
243716,1790793468032,B Maior,B Maior,0,B Maior,G# Menor,0.9498,0.9498,0.7839,0.6638,"G# Menor;C# Menor;E Maior",,0.00,,0.00,239.40,239.40,0,1,"v2;w20;harm;aar;song60;far12;near45;tol0.8;floor0.25;drain0.5;bass0.25"
244181,1790793468530,B Maior,B Maior,0,B Maior,G# Menor,0.9499,0.9499,0.7790,0.6835,"G# Menor;C# Menor;E Maior",,0.00,,0.00,239.86,239.86,0,1,"v2;w20;harm;aar;song60;far12;near45;tol0.8;floor0.25;drain0.5;bass0.25"
244738,1790793469032,B Maior,B Maior,0,B Maior,G# Menor,0.9503,0.9503,0.7745,0.7032,"G# Menor;C# Menor;E Maior",,0.00,,0.00,239.44,239.44,0,1,"v2;w20;harm;aar;song60;far12;near45;tol0.8;floor0.25;drain0.5;bass0.25"
245202,1790793469531,B Maior,B Maior,0,B Maior,G# Menor,0.9508,0.9508,0.7741,0.7068,"G# Menor;C# Menor;E Maior",,0.00,,0.00,239.90,239.90,0,1,"v2;w20;harm;aar;song60;far12;near45;tol0.8;floor0.25;drain0.5;bass0.25"
245667,1790793470031,B Maior,B Maior,0,B Maior,G# Menor,0.9515,0.9515,0.7719,0.7186,"G# Menor;C# Menor;E Maior",,0.00,,0.00,239.32,239.32,0,1,"v2;w20;harm;aar;song60;far12;near45;tol0.8;floor0.25;drain0.5;bass0.25"
246224,1790793470532,B Maior,B Maior,0,B Maior,G# Menor,0.9513,0.9513,0.7729,0.7136,"G# Menor;C# Menor;E Maior",,0.00,,0.00,239.90,239.90,0,1,"v2;w20;harm;aar;song60;far12;near45;tol0.8;floor0.25;drain0.5;bass0.25"
246688,1790793471031,B Maior,B Maior,0,B Maior,G# Menor,0.9503,0.9503,0.7741,0.7049,"G# Menor;C# Menor;E Maior",,0.00,,0.00,239.26,239.26,0,1,"v2;w20;harm;aar;song60;far12;near45;tol0.8;floor0.25;drain0.5;bass0.25"
247246,1790793471532,B Maior,B Maior,0,B Maior,G# Menor,0.9500,0.9500,0.7723,0.7106,"G# Menor;E Maior;C# Menor",,0.00,,0.00,239.82,239.82,0,1,"v2;w20;harm;aar;song60;far12;near45;tol0.8;floor0.25;drain0.5;bass0.25"
247710,1790793472032,B Maior,B Maior,0,B Maior,G# Menor,0.9499,0.9499,0.7703,0.7184,"G# Menor;E Maior;C# Menor",,0.00,,0.00,239.26,239.26,0,1,"v2;w20;harm;aar;song60;far12;near45;tol0.8;floor0.25;drain0.5;bass0.25"
248174,1790793472531,B Maior,B Maior,0,B Maior,G# Menor,0.9500,0.9500,0.7707,0.7170,"G# Menor;E Maior;C# Menor",,0.00,,0.00,239.72,239.72,0,1,"v2;w20;harm;aar;song60;far12;near45;tol0.8;floor0.25;drain0.5;bass0.25"
248732,1790793473031,B Maior,B Maior,0,B Maior,G# Menor,0.9501,0.9501,0.7723,0.7112,"G# Menor;E Maior;C# Menor",,0.00,,0.00,239.26,239.26,0,1,"v2;w20;harm;aar;song60;far12;near45;tol0.8;floor0.25;drain0.5;bass0.25"
249196,1790793473532,B Maior,B Maior,0,B Maior,G# Menor,0.9500,0.9500,0.7722,0.7112,"G# Menor;C# Menor;E Maior",,0.00,,0.00,239.72,239.72,0,1,"v2;w20;harm;aar;song60;far12;near45;tol0.8;floor0.25;drain0.5;bass0.25"
249660,1790793474031,B Maior,B Maior,0,B Maior,G# Menor,0.9499,0.9499,0.7666,0.7332,"G# Menor;C# Menor;E Maior",,0.00,,0.00,239.16,239.16,0,1,"v2;w20;harm;aar;song60;far12;near45;tol0.8;floor0.25;drain0.5;bass0.25"
250218,1790793474532,B Maior,B Maior,0,B Maior,G# Menor,0.9493,0.9493,0.7662,0.7325,"G# Menor;E Maior;C# Menor",,0.00,,0.00,239.70,239.70,0,1,"v2;w20;harm;aar;song60;far12;near45;tol0.8;floor0.25;drain0.5;bass0.25"
250682,1790793475031,B Maior,B Maior,0,B Maior,G# Menor,0.9486,0.9486,0.7693,0.7171,"G# Menor;C# Menor;Gb Maior",,0.00,,0.00,239.14,239.14,0,1,"v2;w20;harm;aar;song60;far12;near45;tol0.8;floor0.25;drain0.5;bass0.25"
251239,1790793475532,B Maior,B Maior,0,B Maior,G# Menor,0.9479,0.9479,0.7726,0.7013,"G# Menor;C# Menor;E Maior",,0.00,,0.00,239.72,239.72,0,1,"v2;w20;harm;aar;song60;far12;near45;tol0.8;floor0.25;drain0.5;bass0.25"
251704,1790793476031,B Maior,B Maior,0,B Maior,G# Menor,0.9472,0.9472,0.7728,0.6976,"G# Menor;E Maior;C# Menor",,0.00,,0.00,239.08,239.08,0,1,"v2;w20;harm;aar;song60;far12;near45;tol0.8;floor0.25;drain0.5;bass0.25"
252168,1790793476531,B Maior,B Maior,0,B Maior,G# Menor,0.9471,0.9471,0.7736,0.6937,"G# Menor;E Maior;C# Menor",,0.00,,0.00,239.54,239.54,0,1,"v2;w20;harm;aar;song60;far12;near45;tol0.8;floor0.25;drain0.5;bass0.25"
252725,1790793477032,B Maior,B Maior,0,B Maior,G# Menor,0.9473,0.9473,0.7754,0.6877,"G# Menor;E Maior;C# Menor",,0.00,,0.00,239.08,239.08,0,1,"v2;w20;harm;aar;song60;far12;near45;tol0.8;floor0.25;drain0.5;bass0.25"
253190,1790793477531,B Maior,B Maior,0,B Maior,G# Menor,0.9465,0.9465,0.7738,0.6907,"G# Menor;E Maior;C# Menor",,0.00,,0.00,239.54,239.54,0,1,"v2;w20;harm;aar;song60;far12;near45;tol0.8;floor0.25;drain0.5;bass0.25"
253747,1790793478030,B Maior,B Maior,0,B Maior,G# Menor,0.9459,0.9459,0.7720,0.6959,"G# Menor;E Maior;C# Menor",,0.00,,0.00,239.08,239.08,0,1,"v2;w20;harm;aar;song60;far12;near45;tol0.8;floor0.25;drain0.5;bass0.25"
254212,1790793478529,B Maior,B Maior,0,B Maior,G# Menor,0.9458,0.9458,0.7714,0.6977,"G# Menor;E Maior;C# Menor",,0.00,,0.00,239.54,239.54,0,1,"v2;w20;harm;aar;song60;far12;near45;tol0.8;floor0.25;drain0.5;bass0.25"
254676,1790793479032,B Maior,B Maior,0,B Maior,G# Menor,0.9456,0.9456,0.7700,0.7023,"G# Menor;E Maior;C# Menor",,0.00,,0.00,238.98,238.98,0,1,"v2;w20;harm;aar;song60;far12;near45;tol0.8;floor0.25;drain0.5;bass0.25"
255233,1790793479532,B Maior,B Maior,0,B Maior,G# Menor,0.9455,0.9455,0.7660,0.7181,"G# Menor;E Maior;C# Menor",,0.00,,0.00,239.52,239.52,0,1,"v2;w20;harm;aar;song60;far12;near45;tol0.8;floor0.25;drain0.5;bass0.25"
255698,1790793480031,B Maior,B Maior,0,B Maior,G# Menor,0.9439,0.9439,0.7655,0.7138,"G# Menor;E Maior;C# Menor",,0.00,,0.00,238.96,238.96,0,1,"v2;w20;harm;aar;song60;far12;near45;tol0.8;floor0.25;drain0.5;bass0.25"
256162,1790793480532,B Maior,B Maior,0,B Maior,G# Menor,0.9427,0.9427,0.7632,0.7178,"G# Menor;E Maior;C# Menor",,0.00,,0.00,239.44,239.44,0,1,"v2;w20;harm;aar;song60;far12;near45;tol0.8;floor0.25;drain0.5;bass0.25"
256719,1790793481032,B Maior,B Maior,0,B Maior,G# Menor,0.9410,0.9410,0.7642,0.7070,"G# Menor;E Maior;C# Menor",,0.00,,0.00,238.86,238.86,0,1,"v2;w20;harm;aar;song60;far12;near45;tol0.8;floor0.25;drain0.5;bass0.25"
257184,1790793481532,B Maior,B Maior,0,B Maior,G# Menor,0.9401,0.9401,0.7633,0.7071,"G# Menor;E Maior;C# Menor",,0.00,,0.00,239.32,239.32,0,1,"v2;w20;harm;aar;song60;far12;near45;tol0.8;floor0.25;drain0.5;bass0.25"
257741,1790793482032,B Maior,B Maior,0,B Maior,G# Menor,0.9392,0.9392,0.7611,0.7124,"G# Menor;E Maior;C# Menor",,0.00,,0.00,239.90,239.90,0,1,"v2;w20;harm;aar;song60;far12;near45;tol0.8;floor0.25;drain0.5;bass0.25"
258205,1790793482532,B Maior,B Maior,0,B Maior,G# Menor,0.9388,0.9388,0.7562,0.7303,"G# Menor;E Maior;C# Menor",,0.00,,0.00,239.26,239.26,0,1,"v2;w20;harm;aar;song60;far12;near45;tol0.8;floor0.25;drain0.5;bass0.25"
258670,1790793483031,B Maior,B Maior,0,B Maior,G# Menor,0.9379,0.9379,0.7516,0.7453,"G# Menor;E Maior;C# Menor",,0.00,,0.00,239.72,239.72,0,1,"v2;w20;harm;aar;song60;far12;near45;tol0.8;floor0.25;drain0.5;bass0.25"
259227,1790793483532,B Maior,B Maior,0,B Maior,G# Menor,0.9363,0.9363,0.7457,0.7627,"G# Menor;E Maior;C# Menor",,0.00,,0.00,239.26,239.26,0,1,"v2;w20;harm;aar;song60;far12;near45;tol0.8;floor0.25;drain0.5;bass0.25"
