t_audio_ms,t_wall_ms,c0,c1,c2,c3,c4,c5,c6,c7,c8,c9,c10,c11,r0,r1,r2,r3,r4,r5,r6,r7,r8,r9,r10,r11,level_db,tonal,bass_pc,bass_prob,bass_hz,bass_prob_raw,bass_pitched
3065,1790787799746,0.07613,0.08623,0.00414,0.23020,0.00540,0.02024,0.00831,0.01570,0.47200,0.00353,0.07435,0.00377,0.08769,0.00137,0.00435,0.25845,0.00583,0.00700,0.00964,0.01799,0.51433,0.00307,0.08770,0.00257,-69.96,5.664,-1,0.0000,0.00,0.0000,0
3343,1790787800081,0.15034,0.05507,0.00632,0.21657,0.00678,0.04158,0.01012,0.02201,0.30779,0.01252,0.16722,0.00368,0.17492,0.00157,0.00490,0.22037,0.00769,0.01515,0.01103,0.02619,0.32512,0.01348,0.19737,0.00222,-67.96,3.694,-1,0.0000,-1.00,0.0000,0
3436,1790787800155,0.16640,0.02323,0.02525,0.12167,0.02678,0.03483,0.00449,0.05415,0.11299,0.00557,0.41989,0.00474,0.18779,0.00334,0.02963,0.04622,0.03116,0.00451,0.00425,0.05948,0.12357,0.00316,0.50223,0.00464,-66.64,5.039,-1,0.0000,-1.00,0.0000,0
3529,1790787800261,0.10205,0.01478,0.00484,0.31667,0.01475,0.02066,0.00259,0.07266,0.12765,0.01215,0.30845,0.00275,0.10433,0.00070,0.00314,0.30634,0.01714,0.00407,0.00280,0.08661,0.08999,0.01341,0.36879,0.00269,-66.23,3.800,-1,0.0000,-1.00,0.0000,0
3622,1790787800338,0.07930,0.03298,0.12792,0.12812,0.01937,0.01678,0.00718,0.09588,0.17383,0.01325,0.29386,0.01154,0.07817,0.00152,0.15094,0.08390,0.02080,0.00461,0.00828,0.08497,0.19166,0.01176,0.35120,0.01218,-65.47,3.526,-1,0.0000,-1.00,0.0000,0
3715,1790787800439,0.03285,0.03134,0.05874,0.25291,0.00725,0.00861,0.00558,0.02187,0.20733,0.00864,0.35877,0.00610,0.03350,0.00028,0.06856,0.21797,0.00750,0.00367,0.00651,0.01274,0.20488,0.00921,0.42917,0.00602,-64.36,4.305,-1,0.0000,-1.00,0.0000,0
3808,1790787800533,0.04021,0.09504,0.01148,0.18513,0.00329,0.01038,0.00343,0.01302,0.50834,0.00538,0.12120,0.00310,0.04555,0.00073,0.01261,0.19318,0.00330,0.00346,0.00384,0.01323,0.57080,0.00581,0.14454,0.00295,-63.30,6.100,-1,0.0000,-1.00,0.0000,0
3900,1790787800635,0.04154,0.07917,0.00119,0.19118,0.01425,0.01098,0.00803,0.02078,0.42201,0.00293,0.19395,0.01399,0.04502,0.00205,0.00106,0.18317,0.01414,0.00423,0.00922,0.02469,0.46822,0.00184,0.23156,0.01480,-63.02,5.064,-1,0.0000,-1.00,0.0000,0
3993,1790787800738,0.03833,0.05620,0.00775,0.22522,0.00550,0.00950,0.00641,0.01010,0.31967,0.02552,0.28814,0.00767,0.04142,0.00158,0.00341,0.20155,0.00506,0.00317,0.00737,0.01142,0.34305,0.02961,0.34463,0.00773,-63.41,3.836,-1,0.0000,-1.00,0.0000,0
4086,1790787800819,0.04168,0.03939,0.00485,0.22240,0.00364,0.01685,0.00436,0.01539,0.22316,0.02169,0.39861,0.00797,0.04620,0.00109,0.00075,0.17223,0.00267,0.01104,0.00500,0.01829,0.23318,0.02555,0.47545,0.00856,-62.85,4.783,-1,0.0000,-1.00,0.0000,0
4179,1790787800915,0.03057,0.03516,0.01098,0.23569,0.00285,0.02288,0.00335,0.02915,0.20466,0.00778,0.40328,0.01365,0.03036,0.00089,0.01132,0.18746,0.00036,0.02139,0.00380,0.03272,0.20807,0.00925,0.47898,0.01539,-62.51,4.839,-1,0.0000,-1.00,0.0000,0
4272,1790787800995,0.09308,0.02271,0.02309,0.17270,0.00658,0.02220,0.00246,0.05586,0.12404,0.00328,0.46545,0.00855,0.09926,0.00182,0.02690,0.09664,0.00595,0.00693,0.00258,0.06160,0.12836,0.00386,0.55635,0.00974,-61.92,5.585,-1,0.0000,-1.00,0.0000,0
4365,1790787801098,0.08889,0.02197,0.00165,0.26462,0.01930,0.02541,0.00515,0.07682,0.15070,0.00997,0.32488,0.01063,0.08879,0.00007,0.00043,0.24041,0.02095,0.01284,0.00616,0.09197,0.13292,0.00779,0.38674,0.01093,-62.10,3.899,-1,0.0000,-1.00,0.0000,0
4458,1790787801175,0.10252,0.00929,0.00653,0.16362,0.00747,0.02173,0.00264,0.07865,0.05585,0.00318,0.54418,0.00434,0.10476,0.00050,0.00739,0.06701,0.00807,0.00530,0.00306,0.09277,0.05363,0.00221,0.65100,0.00429,-60.73,6.530,-1,0.0000,-1.00,0.0000,0
4551,1790787801279,0.06815,0.01260,0.00445,0.15886,0.00834,0.02087,0.00127,0.06553,0.07298,0.00084,0.58324,0.00289,0.06611,0.00039,0.00514,0.05228,0.00936,0.01190,0.00111,0.07784,0.07528,0.00095,0.69650,0.00315,-60.34,6.999,-1,0.0000,-1.00,0.0000,0
4643,1790787801379,0.03271,0.07012,0.00412,0.20440,0.00567,0.01867,0.00317,0.05124,0.37004,0.00899,0.22104,0.00983,0.02714,0.00371,0.00299,0.19308,0.00457,0.01700,0.00306,0.06081,0.40513,0.00986,0.26149,0.01117,-61.46,4.441,-1,0.0000,-1.00,0.0000,0
4736,1790787801458,0.03865,0.09658,0.00354,0.12165,0.01403,0.01396,0.00293,0.04900,0.50460,0.00812,0.13538,0.01155,0.03479,0.00035,0.00287,0.11400,0.01420,0.00983,0.00344,0.05814,0.58203,0.00691,0.16027,0.01316,-59.73,6.055,-1,0.0000,-1.00,0.0000,0
4829,1790787801558,0.04595,0.06058,0.00516,0.16942,0.00893,0.01346,0.00238,0.01918,0.32493,0.01347,0.33124,0.00529,0.05045,0.00055,0.00336,0.12457,0.00956,0.00613,0.00274,0.02232,0.36463,0.01426,0.39569,0.00574,-59.51,3.975,-1,0.0000,-1.00,0.0000,0
4922,1790787801639,0.03208,0.04780,0.01021,0.23967,0.00714,0.04393,0.00454,0.03606,0.26929,0.01540,0.26975,0.02412,0.03055,0.00215,0.00870,0.22493,0.00310,0.04659,0.00441,0.04208,0.27809,0.01784,0.31399,0.02757,-60.62,3.237,-1,0.0000,-1.00,0.0000,0
5015,1790787801739,0.07000,0.06894,0.00827,0.13520,0.00576,0.03577,0.01001,0.04678,0.33822,0.01547,0.25347,0.01209,0.07298,0.00631,0.00641,0.10292,0.00437,0.02847,0.01054,0.05499,0.38487,0.01768,0.29807,0.01240,-60.31,4.059,-1,0.0000,-1.00,0.0000,0
5108,1790787801840,0.06284,0.03100,0.00626,0.14234,0.00788,0.01756,0.00264,0.07950,0.14272,0.00816,0.49102,0.00807,0.05656,0.00538,0.00586,0.05431,0.00759,0.00983,0.00166,0.09454,0.16024,0.00828,0.58641,0.00935,-58.84,5.892,-1,0.0000,-1.00,0.0000,0
5201,1790787801938,0.24060,0.01785,0.03370,0.07939,0.00772,0.06065,0.01311,0.11850,0.09616,0.00824,0.31551,0.00857,0.25966,0.00105,0.03873,0.02102,0.00773,0.02122,0.01382,0.13599,0.11106,0.00834,0.37385,0.00753,-58.52,3.786,-1,0.0000,-1.00,0.0000,0
5294,1790787802038,0.20824,0.02207,0.01427,0.14034,0.00447,0.04629,0.01336,0.10947,0.10019,0.01062,0.32498,0.00570,0.21916,0.01077,0.01470,0.09144,0.00446,0.01202,0.01159,0.13054,0.10166,0.01211,0.38702,0.00454,-58.66,3.900,-1,0.0000,-1.00,0.0000,0
5387,1790787802118,0.07830,0.02236,0.01209,0.23284,0.01488,0.01929,0.00642,0.10982,0.11168,0.01988,0.36696,0.00549,0.06782,0.00816,0.01009,0.19221,0.01671,0.00967,0.00448,0.13118,0.09400,0.02222,0.43778,0.00569,-58.13,4.403,-1,0.0000,-1.00,0.0000,0
5479,1790787802219,0.04002,0.01886,0.00475,0.28194,0.00506,0.01553,0.00945,0.06675,0.12155,0.00740,0.42035,0.00833,0.03061,0.00520,0.00411,0.23848,0.00439,0.01272,0.00985,0.07961,0.09837,0.00800,0.50116,0.00749,-57.90,5.044,-1,0.0000,-1.00,0.0000,0
5572,1790787802301,0.16523,0.03436,0.05428,0.15040,0.02157,0.03556,0.01119,0.08433,0.13910,0.02492,0.21233,0.06671,0.18056,0.01324,0.05953,0.13005,0.01047,0.00682,0.01078,0.08925,0.14089,0.02779,0.25308,0.07754,-57.82,2.548,-1,0.0000,-1.00,0.0000,0
5665,1790787802398,0.09712,0.03293,0.00784,0.24096,0.03120,0.02901,0.02212,0.06936,0.13855,0.01914,0.26994,0.04182,0.10076,0.01564,0.00573,0.22519,0.02850,0.01479,0.02340,0.08197,0.12015,0.01851,0.32053,0.04484,-57.58,3.239,-1,0.0000,-1.00,0.0000,0
5758,1790787802501,0.11387,0.04420,0.02619,0.17213,0.02242,0.03625,0.02171,0.05723,0.19733,0.01322,0.25899,0.03646,0.12548,0.01186,0.02895,0.14546,0.01943,0.01856,0.02358,0.06292,0.20736,0.01225,0.30666,0.03751,-57.01,3.108,-1,0.0000,-1.00,0.0000,0
5851,1790787802578,0.07100,0.02726,0.01309,0.29032,0.01848,0.03470,0.04354,0.05105,0.15156,0.03337,0.22123,0.04441,0.07323,0.00836,0.00823,0.29638,0.01357,0.02707,0.05031,0.05974,0.12258,0.03757,0.25972,0.04324,-57.22,3.484,-1,0.0000,-1.00,0.0000,0
5944,1790787802678,0.06590,0.02715,0.01153,0.32219,0.01840,0.03966,0.06846,0.07096,0.14676,0.01881,0.14063,0.06954,0.06206,0.01186,0.00962,0.35404,0.00862,0.03522,0.07859,0.08421,0.10535,0.02116,0.16153,0.06775,-57.14,3.866,-1,0.0000,-1.00,0.0000,0
6037,1790787802758,0.17437,0.02903,0.00541,0.11858,0.01039,0.05246,0.04174,0.17024,0.14489,0.02012,0.19717,0.03560,0.16758,0.00515,0.00194,0.09642,0.00592,0.02964,0.04897,0.20362,0.15449,0.02294,0.23039,0.03295,-56.46,2.366,-1,0.0000,-1.00,0.0000,0
6130,1790787802858,0.11681,0.03399,0.02215,0.07589,0.03338,0.06689,0.07775,0.14309,0.15296,0.03339,0.15476,0.08894,0.10616,0.00682,0.01930,0.05650,0.02237,0.05910,0.08894,0.17050,0.17109,0.03657,0.17372,0.08894,-56.17,1.857,-1,0.0000,-1.00,0.0000,0
6222,1790787802937,0.09317,0.01493,0.02950,0.10132,0.02223,0.04186,0.07233,0.09884,0.05978,0.02500,0.36236,0.07868,0.08819,0.00627,0.02985,0.03662,0.01130,0.03268,0.08542,0.11252,0.06438,0.02772,0.42772,0.07735,-56.32,4.348,-1,0.0000,-1.00,0.0000,0
6315,1790787803060,0.10080,0.00924,0.01747,0.09861,0.02366,0.10355,0.11901,0.11132,0.03511,0.02869,0.27532,0.07723,0.09480,0.00503,0.01466,0.05690,0.01555,0.10529,0.14100,0.13109,0.03044,0.03164,0.30902,0.06459,-56.14,3.304,-1,0.0000,-1.00,0.0000,0
6408,1790787803139,0.18886,0.01998,0.02215,0.14091,0.02644,0.06023,0.05650,0.05081,0.07000,0.04038,0.27730,0.04644,0.21409,0.01187,0.01786,0.10414,0.02314,0.02972,0.06346,0.05923,0.06323,0.04380,0.32638,0.04307,-56.51,3.328,-1,0.0000,-1.00,0.0000,0
6501,1790787803238,0.30846,0.01877,0.00700,0.08600,0.04291,0.06718,0.04199,0.05989,0.06701,0.01832,0.26250,0.01998,0.35559,0.00819,0.00594,0.04109,0.04853,0.01005,0.04857,0.07070,0.07213,0.01236,0.31255,0.01431,-57.16,3.701,-1,0.0000,-1.00,0.0000,0
6594,1790787803341,0.50154,0.00834,0.00397,0.05540,0.01319,0.12232,0.02653,0.07858,0.03418,0.00946,0.12892,0.01758,0.58509,0.00333,0.00303,0.03697,0.01324,0.03072,0.03104,0.09365,0.03362,0.00871,0.14838,0.01222,-56.53,6.019,-1,0.0000,-1.00,0.0000,0
6687,1790787803419,0.44296,0.00812,0.00941,0.05508,0.01283,0.09251,0.01820,0.11545,0.02674,0.01103,0.17164,0.03601,0.50370,0.00440,0.00894,0.02567,0.00765,0.01100,0.02094,0.13657,0.02691,0.01174,0.20348,0.03900,-55.88,5.316,-1,0.0000,-1.00,0.0000,0
6780,1790787803517,0.37691,0.00578,0.00667,0.09610,0.01117,0.09171,0.01949,0.08699,0.02711,0.01449,0.23974,0.02383,0.43103,0.00281,0.00489,0.05916,0.00860,0.02444,0.02215,0.10392,0.02075,0.01566,0.28242,0.02416,-55.33,4.523,-1,0.0000,-1.00,0.0000,0
6873,1790787803599,0.14738,0.00805,0.00516,0.13885,0.02959,0.04985,0.06166,0.14637,0.03454,0.01732,0.32387,0.03737,0.14195,0.00501,0.00321,0.09069,0.02929,0.03174,0.07286,0.17477,0.02335,0.01500,0.38178,0.03034,-55.29,3.886,-1,0.0000,-1.00,0.0000,0
6965,1790787803698,0.16678,0.01405,0.00492,0.11607,0.04105,0.04658,0.06691,0.13812,0.07622,0.01691,0.26415,0.04823,0.16675,0.00220,0.00347,0.07723,0.04081,0.02281,0.07974,0.16482,0.07597,0.01223,0.31200,0.04199,-55.86,3.170,-1,0.0000,-1.00,0.0000,0
7058,1790787803778,0.28903,0.01016,0.01268,0.06908,0.04966,0.06785,0.05952,0.16342,0.04603,0.02958,0.13863,0.06436,0.30759,0.00327,0.01001,0.05064,0.04695,0.02033,0.06935,0.19516,0.04512,0.02614,0.16208,0.06337,-56.35,3.468,-1,0.0000,-1.00,0.0000,0
7151,1790787803878,0.37232,0.00541,0.00675,0.05926,0.02528,0.09925,0.04952,0.22272,0.02873,0.01662,0.06437,0.04977,0.39312,0.00211,0.00495,0.05733,0.02077,0.04099,0.05838,0.26642,0.02306,0.01580,0.06900,0.04807,-56.61,4.468,-1,0.0000,-1.00,0.0000,0
7244,1790787803980,0.40218,0.01387,0.00729,0.05574,0.02408,0.09794,0.08214,0.14127,0.03468,0.01271,0.07586,0.05224,0.44849,0.01036,0.00649,0.04989,0.02021,0.02845,0.09578,0.16858,0.03155,0.01133,0.08526,0.04361,-56.27,4.826,-1,0.0000,-1.00,0.0000,0
7337,1790787804057,0.39426,0.01058,0.00199,0.04382,0.04457,0.09193,0.09341,0.09995,0.03033,0.01193,0.11262,0.06460,0.44853,0.00672,0.00122,0.02659,0.04241,0.02124,0.11059,0.11952,0.03108,0.00588,0.13074,0.05548,-56.33,4.731,-1,0.0000,-1.00,0.0000,0
7430,1790787804159,0.45942,0.00905,0.00545,0.05233,0.01186,0.10177,0.02733,0.10476,0.04026,0.00806,0.15374,0.02598,0.52492,0.00308,0.00497,0.02690,0.00895,0.01822,0.03145,0.12522,0.04291,0.00788,0.18060,0.02489,-56.22,5.513,-1,0.0000,-1.00,0.0000,0
7523,1790787804238,0.54273,0.00642,0.00608,0.04646,0.00662,0.12821,0.03005,0.06556,0.02330,0.00514,0.11682,0.02262,0.63533,0.00330,0.00622,0.02900,0.00402,0.02768,0.03497,0.07770,0.02216,0.00536,0.13449,0.01976,-55.75,6.513,-1,0.0000,-1.00,0.0000,0
7616,1790787804361,0.58454,0.00524,0.00468,0.02719,0.00978,0.11863,0.01625,0.10737,0.02095,0.00647,0.08557,0.01333,0.67499,0.00179,0.00444,0.01258,0.00929,0.00834,0.01862,0.12827,0.02261,0.00591,0.10088,0.01228,-55.91,7.014,-1,0.0000,-1.00,0.0000,0
7709,1790787804438,0.49088,0.00860,0.00423,0.03875,0.00659,0.11090,0.02620,0.10463,0.03793,0.01271,0.13960,0.01897,0.56413,0.00185,0.00224,0.01409,0.00475,0.02105,0.03102,0.12494,0.04266,0.01429,0.16310,0.01588,-56.66,5.891,-1,0.0000,-1.00,0.0000,0
7801,1790787804538,0.37120,0.02300,0.00590,0.06127,0.01193,0.08653,0.03354,0.11919,0.09012,0.01819,0.14829,0.03083,0.41659,0.00768,0.00309,0.03902,0.00849,0.02110,0.03862,0.14225,0.10025,0.02011,0.17350,0.02929,-57.65,4.454,-1,0.0000,-1.00,0.0000,0
7894,1790787804639,0.45084,0.01110,0.00460,0.03154,0.00966,0.10329,0.05057,0.20750,0.04434,0.01274,0.04220,0.03162,0.49073,0.00419,0.00274,0.02880,0.00641,0.02648,0.05968,0.24819,0.04741,0.01401,0.04531,0.02606,-58.19,5.410,-1,0.0000,-1.00,0.0000,0
7987,1790787804717,0.50183,0.01116,0.00616,0.02982,0.01281,0.11000,0.03623,0.14131,0.05459,0.01277,0.05928,0.02405,0.56774,0.00137,0.00479,0.02241,0.01131,0.01926,0.04257,0.16894,0.06097,0.01306,0.06721,0.02038,-58.07,6.022,-1,0.0000,-1.00,0.0000,0
8080,1790787804820,0.26414,0.01429,0.00538,0.07084,0.01292,0.06657,0.04620,0.29229,0.07154,0.01253,0.10485,0.03846,0.25020,0.00256,0.00380,0.06117,0.00909,0.03017,0.05463,0.34969,0.07345,0.01335,0.11966,0.03223,-57.03,3.507,-1,0.0000,-1.00,0.0000,0
8173,1790787804897,0.11325,0.02631,0.01918,0.15707,0.01215,0.06125,0.01881,0.20496,0.13078,0.00760,0.22139,0.02724,0.08786,0.00588,0.02153,0.13782,0.00893,0.05598,0.02138,0.24132,0.12939,0.00734,0.25418,0.02840,-57.06,2.657,-1,0.0000,-1.00,0.0000,0
8266,1790787805001,0.13629,0.00939,0.02236,0.12688,0.01410,0.11056,0.04294,0.14443,0.05484,0.00890,0.28155,0.04775,0.12997,0.00174,0.02497,0.08935,0.00757,0.10672,0.05109,0.16812,0.04795,0.00921,0.31621,0.04709,-57.31,3.379,-1,0.0000,-1.00,0.0000,0
8359,1790787805078,0.20204,0.01080,0.02379,0.11158,0.01030,0.05987,0.02633,0.15502,0.03974,0.00936,0.32712,0.02405,0.20629,0.00577,0.02657,0.05723,0.00733,0.03134,0.03040,0.18049,0.03628,0.00976,0.38575,0.02279,-57.56,3.925,-1,0.0000,-1.00,0.0000,0
8452,1790787805178,0.22809,0.01249,0.03505,0.10291,0.01015,0.07256,0.02576,0.10700,0.05473,0.01441,0.31034,0.02651,0.24939,0.00397,0.03885,0.05107,0.00704,0.03750,0.02995,0.12064,0.05545,0.01587,0.36442,0.02583,-57.13,3.724,-1,0.0000,-1.00,0.0000,0
8544,1790787805281,0.15304,0.02254,0.05164,0.10103,0.00998,0.05842,0.03597,0.13265,0.10089,0.01191,0.28640,0.03553,0.15419,0.00519,0.05925,0.05458,0.00518,0.03943,0.04207,0.14721,0.11007,0.01324,0.33536,0.03424,-56.84,3.437,-1,0.0000,-1.00,0.0000,0
8637,1790787805359,0.16565,0.03102,0.03594,0.06996,0.00817,0.06032,0.04692,0.16459,0.15329,0.01307,0.22620,0.02486,0.16097,0.00201,0.04020,0.03168,0.00608,0.04037,0.05580,0.18928,0.17740,0.01446,0.26304,0.01873,-57.08,2.714,-1,0.0000,-1.00,0.0000,0
8730,1790787805460,0.20075,0.02057,0.02196,0.06232,0.01081,0.05449,0.05174,0.22993,0.09510,0.01113,0.19054,0.05066,0.18561,0.00450,0.02379,0.03054,0.00322,0.02859,0.06106,0.27084,0.10789,0.01270,0.22265,0.04860,-56.76,2.759,-1,0.0000,-1.00,0.0000,0
8823,1790787805537,0.16845,0.00975,0.02318,0.08245,0.00808,0.05449,0.03785,0.34428,0.04385,0.01409,0.17882,0.03473,0.12131,0.00377,0.02455,0.05794,0.00328,0.04124,0.04461,0.40767,0.04106,0.01624,0.20609,0.03226,-57.11,4.131,-1,0.0000,-1.00,0.0000,0
8916,1790787805661,0.31312,0.00779,0.03646,0.05568,0.01056,0.08901,0.03618,0.20720,0.02739,0.01819,0.15683,0.04159,0.32750,0.00405,0.03954,0.03110,0.00444,0.04173,0.04242,0.24056,0.02666,0.02092,0.17965,0.04143,-57.41,3.757,-1,0.0000,-1.00,0.0000,0
9009,1790787805738,0.09772,0.05424,0.03185,0.09375,0.00549,0.06287,0.01541,0.05846,0.27168,0.00852,0.27753,0.02249,0.10395,0.00303,0.03621,0.04856,0.00193,0.05472,0.01787,0.06287,0.31591,0.00982,0.32170,0.02340,-57.00,3.330,-1,0.0000,-1.00,0.0000,0
9102,1790787805838,0.02993,0.03290,0.01503,0.23303,0.00510,0.04528,0.00574,0.04469,0.19312,0.00304,0.37658,0.01555,0.02590,0.00111,0.01739,0.19170,0.00268,0.04912,0.00661,0.05015,0.19340,0.00312,0.44149,0.01732,-57.24,4.519,-1,0.0000,-1.00,0.0000,0
9195,1790787805938,0.03601,0.01836,0.00734,0.16462,0.00532,0.04613,0.00910,0.04705,0.09618,0.00290,0.55064,0.01634,0.03266,0.00185,0.00822,0.06838,0.00297,0.04880,0.01054,0.05475,0.10166,0.00292,0.65013,0.01713,-58.18,6.608,-1,0.0000,-1.00,0.0000,0
9287,1790787806018,0.05212,0.03285,0.01137,0.12185,0.00293,0.02601,0.00881,0.09512,0.16698,0.00509,0.46758,0.00929,0.04057,0.00114,0.01249,0.03585,0.00176,0.02312,0.01033,0.11150,0.19297,0.00575,0.55569,0.00883,-57.87,5.611,-1,0.0000,-1.00,0.0000,0
9380,1790787806119,0.03805,0.05209,0.00614,0.09833,0.00190,0.03050,0.00650,0.06099,0.26064,0.00345,0.43703,0.00438,0.03135,0.00111,0.00659,0.01521,0.00149,0.03038,0.00757,0.07178,0.30929,0.00384,0.51765,0.00375,-57.21,5.244,-1,0.0000,-1.00,0.0000,0
9473,1790787806198,0.04256,0.04209,0.00863,0.12001,0.00273,0.05451,0.01181,0.03460,0.21250,0.00553,0.45606,0.00898,0.04311,0.00146,0.00909,0.03770,0.00168,0.05677,0.01382,0.03970,0.24710,0.00634,0.53521,0.00802,-57.14,5.473,-1,0.0000,-1.00,0.0000,0
9566,1790787806298,0.15446,0.01587,0.00630,0.10911,0.00924,0.05233,0.01787,0.19942,0.08577,0.00710,0.30209,0.04043,0.13749,0.00148,0.00595,0.06037,0.00230,0.03545,0.02112,0.23777,0.09077,0.00809,0.35494,0.04426,-57.61,3.625,-1,0.0000,-1.00,0.0000,0
9659,1790787806379,0.14790,0.01474,0.02600,0.10087,0.01227,0.07340,0.02780,0.17412,0.07445,0.00736,0.29681,0.04427,0.13701,0.00205,0.02962,0.05276,0.00548,0.06079,0.03283,0.20284,0.07875,0.00774,0.34359,0.04654,-58.20,3.562,-1,0.0000,-1.00,0.0000,0
9752,1790787806504,0.07261,0.00567,0.02793,0.13883,0.00656,0.06402,0.00868,0.11502,0.02927,0.00705,0.49850,0.02587,0.06094,0.00182,0.03188,0.05048,0.00211,0.06463,0.01004,0.13151,0.02506,0.00803,0.58451,0.02901,-58.32,5.982,-1,0.0000,-1.00,0.0000,0
9845,1790787806579,0.04577,0.06382,0.04057,0.18665,0.01645,0.04635,0.01910,0.06560,0.14790,0.00874,0.28367,0.07538,0.04038,0.04829,0.04658,0.15815,0.00203,0.04783,0.01326,0.06942,0.14572,0.01022,0.33042,0.08769,-57.08,3.404,-1,0.0000,-1.00,0.0000,0
9938,1790787806658,0.02711,0.29631,0.00220,0.03498,0.04971,0.03090,0.05432,0.02024,0.18702,0.00413,0.04653,0.24654,0.02775,0.31190,0.00169,0.03211,0.00108,0.03158,0.00326,0.02391,0.21771,0.00475,0.04949,0.29476,-56.33,3.556,-1,0.0000,-1.00,0.0000,0
10031,1790787806758,0.03559,0.39165,0.00868,0.03040,0.01195,0.02799,0.06934,0.03051,0.28708,0.00850,0.04098,0.05733,0.03573,0.40218,0.00841,0.02774,0.00083,0.02646,0.00336,0.03489,0.33849,0.01002,0.04385,0.06803,-56.92,4.700,-1,0.0000,-1.00,0.0000,0
10123,1790787806837,0.02811,0.35830,0.00670,0.04070,0.02020,0.02330,0.06978,0.03363,0.27281,0.00899,0.04073,0.09675,0.02593,0.36611,0.00593,0.04001,0.00132,0.02313,0.01103,0.03912,0.31891,0.01056,0.04422,0.11374,-57.05,4.300,-1,0.0000,-1.00,0.0000,0
10216,1790787806958,0.03640,0.22458,0.00528,0.02221,0.05522,0.03030,0.04700,0.04035,0.22860,0.00794,0.02390,0.27823,0.03380,0.21596,0.00446,0.02210,0.00058,0.02961,0.01286,0.04811,0.26952,0.00941,0.02277,0.33084,-56.90,3.339,-1,0.0000,-1.00,0.0000,0
10309,1790787807038,0.04515,0.16004,0.00755,0.01570,0.08003,0.02929,0.03256,0.04710,0.13361,0.00915,0.03654,0.40327,0.04312,0.16047,0.00687,0.01118,0.00017,0.02675,0.00685,0.05544,0.15788,0.01093,0.03849,0.48185,-57.09,4.839,-1,0.0000,-1.00,0.0000,0
10402,1790787807138,0.05872,0.26715,0.00829,0.03101,0.03731,0.07047,0.05084,0.04601,0.15905,0.01560,0.07452,0.18102,0.05961,0.28327,0.00630,0.02231,0.00190,0.07263,0.00477,0.05388,0.18616,0.01832,0.07489,0.21596,-57.90,3.206,-1,0.0000,-1.00,0.0000,0
10495,1790787807238,0.10129,0.44389,0.00389,0.01805,0.01635,0.05604,0.08732,0.03458,0.12851,0.00958,0.02711,0.07339,0.11347,0.50203,0.00248,0.01695,0.00240,0.04466,0.00511,0.04094,0.15062,0.01101,0.02363,0.08671,-58.80,5.327,-1,0.0000,-1.00,0.0000,0
10588,1790787807317,0.05889,0.44057,0.00489,0.01955,0.00840,0.06178,0.09277,0.02650,0.20164,0.01368,0.03501,0.03633,0.06406,0.48103,0.00268,0.01751,0.00206,0.06132,0.01580,0.03122,0.23809,0.01603,0.02979,0.04041,-58.77,5.287,-1,0.0000,-1.00,0.0000,0
10681,1790787807419,0.09180,0.39211,0.01006,0.02218,0.01147,0.04717,0.08070,0.03088,0.21851,0.01975,0.02373,0.05164,0.10285,0.41881,0.00743,0.02237,0.00181,0.03630,0.01312,0.03608,0.25739,0.02331,0.02124,0.05928,-57.88,4.705,-1,0.0000,-1.00,0.0000,0
10774,1790787807507,0.04389,0.29405,0.02363,0.02448,0.01162,0.04086,0.09792,0.02640,0.33983,0.01550,0.02174,0.06008,0.04641,0.27263,0.02471,0.02574,0.00196,0.03976,0.05880,0.03122,0.40210,0.01818,0.01816,0.06033,-57.30,4.078,-1,0.0000,-1.00,0.0000,0
10866,1790787807597,0.01898,0.38104,0.00208,0.02626,0.00512,0.02004,0.07435,0.00855,0.41869,0.00819,0.01083,0.02587,0.02074,0.35829,0.00057,0.02968,0.00070,0.01991,0.01807,0.01013,0.49580,0.00968,0.00903,0.02741,-57.37,5.024,-1,0.0000,-1.00,0.0000,0
10959,1790787807677,0.01024,0.36186,0.00335,0.02726,0.00961,0.02140,0.06027,0.01797,0.42103,0.00892,0.01564,0.04245,0.00797,0.33488,0.00196,0.02990,0.00153,0.02419,0.00577,0.02121,0.49857,0.01039,0.01394,0.04970,-58.08,5.052,-1,0.0000,-1.00,0.0000,0
11052,1790787807777,0.02097,0.23915,0.00559,0.03725,0.04276,0.08541,0.06148,0.01543,0.21956,0.01560,0.04331,0.21349,0.02134,0.23615,0.00306,0.03820,0.00158,0.09811,0.02685,0.01788,0.25550,0.01839,0.03245,0.25048,-58.80,2.870,-1,0.0000,-1.00,0.0000,0
11145,1790787807879,0.03360,0.27933,0.00412,0.03440,0.04193,0.06001,0.09452,0.01740,0.17241,0.01482,0.03035,0.21711,0.03618,0.29518,0.00144,0.03655,0.00082,0.06473,0.05474,0.02056,0.19934,0.01760,0.02354,0.24930,-58.27,3.352,-1,0.0000,-1.00,0.0000,0
11238,1790787807958,0.01211,0.27272,0.00505,0.04262,0.01356,0.03015,0.06054,0.00733,0.43275,0.02038,0.03128,0.07152,0.01280,0.22577,0.00122,0.04495,0.00035,0.03359,0.02778,0.00853,0.50963,0.02435,0.03083,0.08019,-58.17,5.193,-1,0.0000,-1.00,0.0000,0
11331,1790787808057,0.01688,0.33509,0.00408,0.02491,0.00668,0.03920,0.07412,0.00714,0.43841,0.00615,0.01285,0.03450,0.01854,0.29856,0.00346,0.02850,0.00090,0.04336,0.02925,0.00824,0.51966,0.00719,0.00680,0.03554,-57.50,5.261,-1,0.0000,-1.00,0.0000,0
11424,1790787808140,0.03038,0.54097,0.00450,0.02314,0.00626,0.01736,0.10461,0.00685,0.21201,0.01926,0.00521,0.02945,0.03481,0.59891,0.00085,0.02703,0.00076,0.01390,0.00662,0.00804,0.24868,0.02293,0.00349,0.03398,-57.63,6.492,-1,0.0000,-1.00,0.0000,0
11517,1790787808264,0.03888,0.54980,0.00915,0.05517,0.00533,0.02281,0.11616,0.01246,0.11346,0.03286,0.02121,0.02271,0.04392,0.63441,0.00321,0.06181,0.00140,0.01881,0.01343,0.01429,0.12370,0.03910,0.02168,0.02425,-58.27,6.598,-1,0.0000,-1.00,0.0000,0
11609,1790787808338,0.30238,0.07178,0.00512,0.07680,0.03192,0.06453,0.02249,0.03716,0.02985,0.01199,0.33518,0.01079,0.35333,0.07993,0.00471,0.01269,0.03615,0.00728,0.01110,0.04359,0.03326,0.00720,0.40019,0.01057,-56.93,4.022,-1,0.0000,-1.00,0.0000,0
11702,1790787808438,0.49370,0.01723,0.00037,0.05735,0.02879,0.09915,0.00624,0.04007,0.02009,0.00656,0.22873,0.00172,0.58212,0.01644,0.00023,0.01452,0.03427,0.00341,0.00420,0.04799,0.02119,0.00106,0.27340,0.00115,-55.80,5.924,-1,0.0000,-1.00,0.0000,0
11795,1790787808537,0.65372,0.00741,0.00037,0.03302,0.00395,0.12989,0.00290,0.05776,0.02003,0.00140,0.08790,0.00166,0.76960,0.00488,0.00029,0.01881,0.00445,0.00308,0.00250,0.06915,0.02028,0.00079,0.10472,0.00147,-55.35,7.845,-1,0.0000,-1.00,0.0000,0
11888,1790787808618,0.56116,0.01555,0.00018,0.04975,0.00165,0.11123,0.01092,0.06768,0.02731,0.00090,0.15072,0.00295,0.65633,0.01309,0.00007,0.02394,0.00169,0.00317,0.01049,0.08109,0.02798,0.00074,0.17997,0.00145,-55.22,6.734,-1,0.0000,-1.00,0.0000,0
11981,1790787808718,0.32565,0.01636,0.00023,0.10315,0.00538,0.06275,0.01668,0.06978,0.02715,0.00159,0.36750,0.00378,0.37364,0.01458,0.00014,0.03635,0.00622,0.00112,0.01710,0.08359,0.02533,0.00067,0.44014,0.00114,-55.58,4.410,-1,0.0000,-1.00,0.0000,0
12074,1790787808797,0.28378,0.02925,0.00047,0.11145,0.02252,0.05210,0.02119,0.15551,0.07863,0.00517,0.23414,0.00579,0.30311,0.01944,0.00037,0.07802,0.02646,0.00235,0.02153,0.18627,0.07874,0.00095,0.28009,0.00267,-56.60,3.405,-1,0.0000,-1.00,0.0000,0
12167,1790787808900,0.26747,0.02884,0.00057,0.09395,0.03344,0.04830,0.00801,0.15024,0.11406,0.00760,0.24485,0.00266,0.28482,0.00961,0.00044,0.05447,0.03975,0.00142,0.00769,0.17995,0.12587,0.00123,0.29311,0.00166,-57.53,3.210,-1,0.0000,-1.00,0.0000,0
12260,1790787809003,0.23284,0.03090,0.00104,0.13146,0.02897,0.04107,0.00567,0.17424,0.09697,0.00820,0.24586,0.00278,0.23776,0.01789,0.00065,0.09920,0.03416,0.00212,0.00320,0.20870,0.09653,0.00306,0.29418,0.00256,-58.39,2.950,-1,0.0000,-1.00,0.0000,0
12353,1790787809079,0.27930,0.02807,0.00111,0.09183,0.02617,0.04677,0.00745,0.28696,0.11163,0.00763,0.10971,0.00336,0.26653,0.01043,0.00073,0.08409,0.03083,0.00321,0.00686,0.34370,0.11708,0.00305,0.13083,0.00266,-58.61,3.444,-1,0.0000,-1.00,0.0000,0
12445,1790787809178,0.45852,0.01717,0.00176,0.08749,0.01255,0.09001,0.01387,0.13871,0.07454,0.00505,0.09491,0.00542,0.51653,0.00612,0.00147,0.08250,0.01436,0.00546,0.01541,0.16591,0.07293,0.00324,0.11264,0.00343,-57.58,5.502,-1,0.0000,-1.00,0.0000,0
12538,1790787809258,0.32413,0.03239,0.00115,0.06190,0.05200,0.06049,0.02628,0.12536,0.13418,0.01384,0.15874,0.00953,0.35863,0.00838,0.00050,0.03652,0.06115,0.00146,0.02983,0.15011,0.15354,0.00446,0.18992,0.00551,-56.96,3.890,-1,0.0000,-1.00,0.0000,0
12631,1790787809358,0.55583,0.01896,0.00102,0.03599,0.01438,0.10840,0.00263,0.05556,0.09216,0.00356,0.11018,0.00134,0.65282,0.00153,0.00105,0.01697,0.01702,0.00047,0.00285,0.06636,0.10706,0.00089,0.13192,0.00104,-55.99,6.670,-1,0.0000,-1.00,0.0000,0
12724,1790787809458,0.72641,0.00618,0.00003,0.01915,0.00553,0.14351,0.00153,0.03033,0.02859,0.00124,0.03661,0.00089,0.86320,0.00117,0.00000,0.01428,0.00648,0.00084,0.00160,0.03634,0.03143,0.00020,0.04371,0.00075,-54.46,8.717,-1,0.0000,-1.00,0.0000,0
12817,1790787809557,0.72974,0.00491,0.00019,0.02059,0.00753,0.14388,0.00481,0.03424,0.02111,0.00160,0.02908,0.00232,0.86627,0.00157,0.00018,0.01779,0.00869,0.00067,0.00546,0.04099,0.02177,0.00020,0.03471,0.00170,-54.55,8.757,-1,0.0000,-1.00,0.0000,0
12910,1790787809638,0.55683,0.00862,0.01039,0.04641,0.00742,0.12307,0.00716,0.07668,0.04131,0.00344,0.11167,0.00701,0.64934,0.00169,0.01193,0.02982,0.00752,0.01874,0.00761,0.09015,0.04359,0.00263,0.13010,0.00689,-55.85,6.682,-1,0.0000,-1.00,0.0000,0
13003,1790787809737,0.36737,0.02370,0.04810,0.04181,0.00663,0.14541,0.00478,0.12790,0.11711,0.00699,0.09152,0.01868,0.41202,0.00184,0.05612,0.03199,0.00372,0.09255,0.00536,0.14213,0.13398,0.00764,0.09132,0.02132,-56.49,4.408,-1,0.0000,-1.00,0.0000,0
13096,1790787809837,0.44325,0.03187,0.01564,0.02836,0.01596,0.09854,0.00543,0.13470,0.15132,0.00700,0.06108,0.00684,0.49976,0.00304,0.01777,0.02021,0.01772,0.01900,0.00557,0.15822,0.17731,0.00488,0.06942,0.00709,-56.85,5.319,-1,0.0000,-1.00,0.0000,0
13188,1790787809919,0.45920,0.01870,0.00360,0.05245,0.00640,0.09731,0.09682,0.05737,0.08593,0.01035,0.09049,0.02138,0.53668,0.00367,0.00214,0.04175,0.00713,0.01021,0.11528,0.06833,0.09468,0.01099,0.10641,0.00273,-56.95,5.510,-1,0.0000,-1.00,0.0000,0
13281,1790787810017,0.43534,0.03001,0.00987,0.08917,0.00385,0.11781,0.02503,0.06576,0.16295,0.00993,0.04330,0.00698,0.50631,0.00118,0.00963,0.09816,0.00412,0.04079,0.02967,0.07698,0.17579,0.01108,0.04380,0.00249,-56.42,5.224,-1,0.0000,-1.00,0.0000,0
13374,1790787810098,0.50690,0.00958,0.01079,0.12190,0.00607,0.13006,0.00450,0.09210,0.05570,0.01389,0.02432,0.02418,0.58582,0.00383,0.00969,0.14186,0.00169,0.03971,0.00428,0.10879,0.03863,0.01631,0.02126,0.02812,-55.54,6.083,-1,0.0000,-1.00,0.0000,0
13467,1790787810198,0.56825,0.01013,0.00587,0.08355,0.00485,0.17660,0.00235,0.04898,0.03133,0.01453,0.03447,0.01909,0.66938,0.00846,0.00364,0.09502,0.00132,0.07892,0.00114,0.05797,0.01870,0.01714,0.02566,0.02265,-55.92,6.819,-1,0.0000,-1.00,0.0000,0
13560,1790787810277,0.27515,0.02021,0.01332,0.08710,0.02556,0.22680,0.01060,0.06153,0.05550,0.03382,0.07073,0.11968,0.31540,0.01480,0.00802,0.09579,0.00258,0.20924,0.00977,0.07214,0.04751,0.04002,0.04327,0.14146,-57.09,3.302,-1,0.0000,-1.00,0.0000,0
13653,1790787810381,0.08044,0.02609,0.00845,0.13897,0.03226,0.16061,0.00809,0.17702,0.10545,0.03372,0.06901,0.15988,0.05442,0.01239,0.00216,0.15727,0.00093,0.18170,0.00724,0.21168,0.09518,0.04022,0.04668,0.19014,-57.28,2.124,-1,0.0000,-1.00,0.0000,0
13746,1790787810502,0.10597,0.01444,0.00519,0.23509,0.01803,0.10218,0.00371,0.31447,0.05615,0.01229,0.04489,0.08758,0.05255,0.01479,0.00333,0.27543,0.00086,0.11206,0.00147,0.37620,0.01267,0.01456,0.03157,0.10450,-57.41,3.774,-1,0.0000,-1.00,0.0000,0
13839,1790787810556,0.07177,0.02249,0.00153,0.35102,0.01226,0.08831,0.00625,0.26103,0.08410,0.00373,0.03856,0.05895,0.02399,0.02334,0.00098,0.41542,0.00080,0.10106,0.00279,0.31266,0.01841,0.00431,0.02618,0.07008,-57.70,4.212,-1,0.0000,-1.00,0.0000,0
13931,1790787810657,0.06748,0.03516,0.00410,0.33840,0.03496,0.09782,0.01003,0.11008,0.07355,0.00999,0.04554,0.17289,0.05484,0.04034,0.00258,0.39885,0.00099,0.10634,0.00400,0.13141,0.00905,0.01178,0.03348,0.20633,-58.07,4.061,-1,0.0000,-1.00,0.0000,0
14024,1790787810758,0.17308,0.02608,0.00737,0.10677,0.04665,0.16285,0.00888,0.13678,0.03167,0.02773,0.03906,0.23308,0.17503,0.02864,0.00227,0.12496,0.00074,0.16044,0.00496,0.16344,0.01318,0.03308,0.01500,0.27826,-57.57,2.797,-1,0.0000,-1.00,0.0000,0
14117,1790787810859,0.37749,0.01841,0.00951,0.02463,0.01518,0.13651,0.00496,0.26217,0.01287,0.03717,0.03047,0.07064,0.39015,0.02001,0.00261,0.02566,0.00143,0.08628,0.00198,0.31362,0.01031,0.04427,0.01941,0.08426,-56.29,4.530,-1,0.0000,-1.00,0.0000,0
14210,1790787810939,0.35783,0.01361,0.00510,0.06351,0.01496,0.12297,0.00384,0.27931,0.02451,0.02121,0.01978,0.07337,0.36247,0.01341,0.00109,0.07436,0.00058,0.07549,0.00189,0.33450,0.01462,0.02532,0.00874,0.08752,-56.01,4.294,-1,0.0000,-1.00,0.0000,0
14303,1790787811038,0.48855,0.00787,0.00363,0.10504,0.01707,0.13855,0.00221,0.09412,0.03015,0.01533,0.01405,0.08343,0.56311,0.00722,0.00073,0.12467,0.00070,0.05439,0.00122,0.11263,0.01141,0.01823,0.00605,0.09964,-56.34,5.863,-1,0.0000,-1.00,0.0000,0
14396,1790787811138,0.42540,0.00892,0.01153,0.11587,0.01309,0.14552,0.00371,0.10652,0.03175,0.05709,0.01555,0.06506,0.48444,0.00858,0.00026,0.13822,0.00034,0.07834,0.00274,0.12758,0.01064,0.06834,0.00310,0.07741,-56.85,5.105,-1,0.0000,-1.00,0.0000,0
14489,1790787811217,0.36478,0.01934,0.00940,0.11238,0.01064,0.21072,0.00487,0.10529,0.03342,0.04417,0.03281,0.05217,0.41211,0.02049,0.00078,0.13358,0.00043,0.17080,0.00178,0.12601,0.01355,0.05286,0.00545,0.06216,-57.44,4.377,-1,0.0000,-1.00,0.0000,0
14582,1790787811318,0.18039,0.02711,0.01558,0.04790,0.01475,0.29933,0.00646,0.18457,0.02035,0.07503,0.05833,0.07020,0.17235,0.02986,0.00088,0.05630,0.00104,0.32452,0.00182,0.22099,0.01323,0.08970,0.00556,0.08375,-57.63,3.592,-1,0.0000,-1.00,0.0000,0
14675,1790787811399,0.36693,0.01986,0.00595,0.10215,0.01785,0.15510,0.00420,0.15616,0.03174,0.02609,0.02721,0.08676,0.40260,0.02100,0.00096,0.12010,0.00082,0.10603,0.00086,0.18694,0.01422,0.03110,0.01158,0.10378,-57.87,4.403,-1,0.0000,-1.00,0.0000,0
14767,1790787811503,0.21336,0.02487,0.00752,0.31073,0.02104,0.13773,0.00716,0.02457,0.08284,0.03125,0.03611,0.10281,0.24986,0.02463,0.00162,0.36829,0.00094,0.11550,0.00370,0.02912,0.02625,0.03727,0.02037,0.12246,-58.94,3.729,-1,0.0000,-1.00,0.0000,0
14860,1790787811577,0.02796,0.01687,0.01208,0.19926,0.02104,0.34939,0.00481,0.05554,0.06510,0.05476,0.09140,0.10179,0.02037,0.01393,0.00152,0.23334,0.00115,0.41461,0.00301,0.06625,0.03175,0.06539,0.02732,0.12137,-59.26,4.193,-1,0.0000,-1.00,0.0000,0
14953,1790787811681,0.08020,0.02426,0.00811,0.07467,0.02058,0.30936,0.00660,0.19057,0.05037,0.03817,0.09613,0.10097,0.05085,0.02028,0.00068,0.08081,0.00083,0.36061,0.00389,0.22821,0.04433,0.04559,0.04370,0.12022,-59.60,3.712,-1,0.0000,-1.00,0.0000,0
15046,1790787811779,0.13579,0.04762,0.01863,0.14662,0.02681,0.11201,0.01185,0.10842,0.06668,0.08151,0.11334,0.13072,0.13707,0.04723,0.00302,0.15297,0.00127,0.10704,0.00483,0.12932,0.04958,0.09742,0.11459,0.15567,-61.21,1.759,-1,0.0000,-1.00,0.0000,0
15139,1790787811860,0.04602,0.01261,0.01256,0.08577,0.01108,0.52595,0.00446,0.03234,0.02497,0.04919,0.14166,0.05338,0.04760,0.01285,0.00340,0.09352,0.00068,0.62080,0.00280,0.03807,0.01138,0.05881,0.04668,0.06339,-60.24,6.311,-1,0.0000,-1.00,0.0000,0
15232,1790787811960,0.05153,0.01070,0.00810,0.18921,0.01196,0.40658,0.00574,0.03799,0.04770,0.04001,0.13136,0.05912,0.05274,0.00991,0.00022,0.21426,0.00048,0.47672,0.00491,0.04548,0.01468,0.04784,0.06289,0.06986,-59.36,4.879,10,0.9524,58.12,0.9524,1
15325,1790787812059,0.23191,0.01668,0.00562,0.17465,0.01039,0.26849,0.00538,0.06729,0.03675,0.02243,0.11127,0.04914,0.26188,0.01894,0.00144,0.19344,0.00088,0.26980,0.00269,0.08035,0.00569,0.02670,0.07984,0.05834,-59.83,3.222,-1,0.0000,-1.00,0.0000,0
15418,1790787812159,0.19859,0.02583,0.00733,0.15750,0.01487,0.26712,0.00905,0.05464,0.07440,0.02501,0.09504,0.07064,0.22468,0.02063,0.00290,0.17697,0.00131,0.27553,0.00671,0.06494,0.05407,0.02971,0.05926,0.08331,-60.82,3.205,-1,0.0000,-1.00,0.0000,0
15510,1790787812240,0.29311,0.02434,0.00767,0.08821,0.01655,0.25586,0.00585,0.03074,0.03491,0.03709,0.12966,0.07602,0.34393,0.02419,0.00045,0.08426,0.00184,0.23842,0.00221,0.03674,0.02512,0.04408,0.10810,0.09065,-61.72,3.517,-1,0.0000,-1.00,0.0000,0
15603,1790787812340,0.35169,0.01819,0.02317,0.12846,0.01282,0.13865,0.00645,0.04260,0.03510,0.10375,0.08296,0.05617,0.41142,0.01888,0.00320,0.13754,0.00218,0.08457,0.00399,0.05041,0.01479,0.12389,0.08264,0.06649,-61.65,4.220,-1,0.0000,-1.00,0.0000,0
15696,1790787812441,0.38466,0.00945,0.01272,0.14002,0.00951,0.14967,0.00493,0.05388,0.03380,0.05255,0.10394,0.04485,0.44821,0.00914,0.00280,0.14665,0.00092,0.09049,0.00410,0.06401,0.01143,0.06279,0.10661,0.05286,-61.45,4.616,-1,0.0000,-1.00,0.0000,0
15789,1790787812520,0.13354,0.01467,0.02376,0.21856,0.02084,0.13424,0.00919,0.01800,0.07871,0.10650,0.13873,0.10326,0.15587,0.00808,0.00320,0.23404,0.00081,0.12995,0.00941,0.02093,0.04787,0.12750,0.14047,0.12186,-62.70,2.623,-1,0.0000,-1.00,0.0000,0
15882,1790787812620,0.10672,0.07307,0.05585,0.09658,0.01366,0.14783,0.01476,0.04539,0.07721,0.27033,0.03835,0.06025,0.11718,0.07367,0.00280,0.11266,0.00218,0.15391,0.00305,0.05386,0.07018,0.32349,0.01544,0.07159,-61.31,3.244,-1,0.0000,-1.00,0.0000,0
15975,1790787812700,0.05926,0.08053,0.00885,0.28795,0.00457,0.05509,0.01196,0.06418,0.28587,0.03153,0.10292,0.00728,0.05586,0.04128,0.00327,0.32275,0.00398,0.05494,0.00602,0.07638,0.27857,0.03699,0.11244,0.00752,-57.78,3.455,-1,0.0000,-1.00,0.0000,0
16068,1790787812800,0.06269,0.06169,0.00132,0.37965,0.00242,0.01460,0.00085,0.02777,0.37425,0.00293,0.07098,0.00087,0.06850,0.00228,0.00099,0.43820,0.00271,0.00391,0.00047,0.03317,0.36158,0.00297,0.08428,0.00095,-57.14,4.556,-1,0.0000,-1.00,0.0000,0
16161,1790787812881,0.14727,0.09431,0.00116,0.16840,0.00337,0.03234,0.00061,0.01336,0.50127,0.00257,0.03384,0.00151,0.17320,0.00168,0.00092,0.19392,0.00370,0.00442,0.00040,0.01583,0.56217,0.00237,0.03967,0.00173,-57.40,6.015,-1,0.0000,-1.00,0.0000,0
16253,1790787812983,0.25059,0.08094,0.00202,0.11147,0.00191,0.05062,0.00204,0.01604,0.42021,0.00199,0.06131,0.00087,0.29640,0.00192,0.00204,0.11908,0.00215,0.00189,0.00171,0.01917,0.47989,0.00197,0.07308,0.00070,-57.24,5.043,-1,0.0000,-1.00,0.0000,0
16346,1790787813080,0.25278,0.04642,0.00178,0.17397,0.00442,0.05500,0.00162,0.02084,0.25215,0.00806,0.18039,0.00257,0.29795,0.00225,0.00041,0.16588,0.00475,0.00684,0.00147,0.02492,0.26925,0.00871,0.21479,0.00279,-57.46,3.033,-1,0.0000,-1.00,0.0000,0
16439,1790787813160,0.16068,0.04776,0.00456,0.18058,0.00378,0.04989,0.00254,0.06305,0.26300,0.00349,0.21471,0.00596,0.17774,0.00129,0.00476,0.16634,0.00322,0.02455,0.00279,0.07461,0.28216,0.00355,0.25240,0.00659,-57.24,3.156,-1,0.0000,-1.00,0.0000,0
16532,1790787813260,0.17032,0.05371,0.00168,0.22195,0.00566,0.03236,0.00304,0.12401,0.29957,0.00430,0.08045,0.00296,0.17468,0.00290,0.00124,0.24700,0.00621,0.00415,0.00307,0.14835,0.30999,0.00392,0.09558,0.00293,-58.08,3.595,-1,0.0000,-1.00,0.0000,0
16625,1790787813362,0.10897,0.03423,0.00247,0.42917,0.00523,0.02003,0.00107,0.07575,0.24130,0.00435,0.07563,0.00179,0.11267,0.00321,0.00216,0.49635,0.00586,0.00167,0.00065,0.09034,0.19074,0.00406,0.09029,0.00201,-59.21,5.150,-1,0.0000,-1.00,0.0000,0
16718,1790787813460,0.07448,0.03436,0.00124,0.40765,0.00300,0.01229,0.00055,0.10194,0.24382,0.00419,0.11489,0.00160,0.06504,0.00139,0.00061,0.46124,0.00318,0.00188,0.00039,0.12203,0.20071,0.00439,0.13729,0.00184,-59.02,4.892,-1,0.0000,-1.00,0.0000,0
16811,1790787813541,0.04426,0.24029,0.00838,0.07500,0.03481,0.02778,0.06844,0.04492,0.23551,0.00997,0.05206,0.15859,0.04267,0.23507,0.00789,0.07848,0.00543,0.02483,0.03540,0.05226,0.26664,0.01087,0.05746,0.18301,-57.17,2.884,-1,0.0000,-1.00,0.0000,0
16904,1790787813641,0.04008,0.31374,0.00163,0.05350,0.02365,0.01671,0.13247,0.00139,0.26714,0.00159,0.01454,0.13357,0.04775,0.31488,0.00159,0.06107,0.00039,0.01056,0.09630,0.00136,0.30800,0.00182,0.01533,0.14096,-56.15,3.765,-1,0.0000,-1.00,0.0000,0
16997,1790787813741,0.03769,0.30810,0.00180,0.04710,0.00487,0.01128,0.06437,0.00368,0.47491,0.00094,0.01830,0.02697,0.04441,0.25843,0.00195,0.05227,0.00045,0.00471,0.02590,0.00402,0.55868,0.00105,0.02099,0.02714,-56.49,5.699,-1,0.0000,17.29,0.9599,1
17089,1790787813821,0.02567,0.31569,0.00231,0.02898,0.01526,0.01016,0.07163,0.00168,0.42020,0.00112,0.02686,0.08043,0.03046,0.27959,0.00252,0.02859,0.00038,0.00614,0.03041,0.00151,0.49783,0.00127,0.03096,0.09034,-56.25,5.042,-1,0.0000,-1.00,0.0000,0
17182,1790787813920,0.02085,0.31071,0.00171,0.03001,0.04247,0.01199,0.14256,0.00420,0.16306,0.00131,0.04108,0.23005,0.02398,0.33468,0.00175,0.02658,0.00035,0.00961,0.10447,0.00470,0.19012,0.00149,0.04731,0.25495,-55.80,3.729,-1,0.0000,-1.00,0.0000,0
17275,1790787814001,0.01433,0.37597,0.00080,0.03821,0.03354,0.01349,0.17451,0.00214,0.13369,0.00077,0.02375,0.18879,0.01670,0.42034,0.00079,0.04064,0.00029,0.01285,0.12578,0.00241,0.15214,0.00086,0.02591,0.20128,-56.58,4.512,-1,0.0000,-1.00,0.0000,0
17368,1790787814101,0.03052,0.28924,0.00739,0.04035,0.00917,0.05304,0.16294,0.00236,0.31607,0.00223,0.02110,0.06561,0.03626,0.27336,0.00836,0.04555,0.00094,0.05636,0.14101,0.00120,0.36970,0.00248,0.01411,0.05066,-58.03,3.793,-1,0.0000,-1.00,0.0000,0
17461,1790787814181,0.04183,0.26754,0.00468,0.04740,0.00360,0.03290,0.10073,0.00273,0.44437,0.00207,0.02403,0.02813,0.04968,0.21707,0.00514,0.05225,0.00069,0.02957,0.07767,0.00225,0.52210,0.00234,0.02293,0.01831,-58.77,5.332,-1,0.0000,-1.00,0.0000,0
17554,1790787814280,0.05170,0.28671,0.00759,0.06038,0.00515,0.02613,0.06438,0.00350,0.42301,0.00239,0.04281,0.02625,0.06114,0.24585,0.00857,0.06294,0.00105,0.01919,0.02837,0.00253,0.49439,0.00266,0.04749,0.02583,-59.47,5.076,-1,0.0000,-1.00,0.0000,0
17647,1790787814383,0.02491,0.29821,0.01564,0.06236,0.00899,0.02531,0.15665,0.00414,0.28309,0.00783,0.05359,0.05929,0.02845,0.29300,0.01694,0.06296,0.00165,0.02469,0.12640,0.00483,0.32672,0.00906,0.05932,0.04598,-58.55,3.578,-1,0.0000,-1.00,0.0000,0
17740,1790787814461,0.00941,0.37893,0.00137,0.04484,0.01861,0.01430,0.16819,0.00189,0.22148,0.00486,0.02439,0.11173,0.01084,0.40335,0.00051,0.04852,0.00054,0.01499,0.12157,0.00216,0.25577,0.00572,0.02625,0.10978,-57.52,4.547,-1,0.0000,-1.00,0.0000,0
17832,1790787814581,0.01028,0.30310,0.00314,0.07754,0.01162,0.01055,0.10803,0.00151,0.38753,0.00227,0.01755,0.06688,0.01199,0.27465,0.00326,0.08914,0.00097,0.01026,0.07462,0.00155,0.44669,0.00253,0.01900,0.06535,-56.97,4.650,-1,0.0000,-1.00,0.0000,0
17925,1790787814660,0.01591,0.47254,0.00179,0.04404,0.00370,0.01067,0.12478,0.00113,0.28395,0.00110,0.01561,0.02478,0.01892,0.50070,0.00191,0.04941,0.00054,0.00903,0.05025,0.00099,0.33044,0.00121,0.01691,0.01969,-56.66,5.670,-1,0.0000,-1.00,0.0000,0
18018,1790787814760,0.04026,0.37908,0.00320,0.05654,0.00351,0.05419,0.10852,0.00297,0.27401,0.00320,0.05114,0.02337,0.04774,0.39141,0.00310,0.05779,0.00068,0.05551,0.05242,0.00297,0.31688,0.00370,0.05028,0.01752,-57.97,4.549,-1,0.0000,-1.00,0.0000,0
18111,1790787814840,0.02450,0.32600,0.00446,0.07321,0.01349,0.04023,0.19663,0.00350,0.16528,0.00148,0.05702,0.09419,0.02875,0.35447,0.00500,0.07585,0.00032,0.04251,0.16534,0.00321,0.18301,0.00171,0.05990,0.07993,-59.62,3.912,-1,0.0000,-1.00,0.0000,0
18204,1790787814941,0.05709,0.28883,0.00738,0.05035,0.02102,0.11025,0.12670,0.00322,0.15430,0.00510,0.05698,0.11877,0.06814,0.31146,0.00766,0.05145,0.00055,0.11860,0.09007,0.00234,0.17469,0.00601,0.04477,0.12426,-59.12,3.466,-1,0.0000,-1.00,0.0000,0
18297,1790787815041,0.01131,0.58232,0.00227,0.04475,0.00558,0.02625,0.15395,0.00167,0.11106,0.00094,0.02677,0.03313,0.01326,0.67328,0.00253,0.04839,0.00083,0.02882,0.05100,0.00150,0.12348,0.00096,0.02637,0.02958,-58.36,6.988,-1,0.0000,-1.00,0.0000,0
18390,1790787815121,0.01152,0.32632,0.00075,0.02318,0.00186,0.02054,0.05160,0.00137,0.51463,0.00127,0.03854,0.00843,0.01350,0.26953,0.00062,0.01948,0.00055,0.02193,0.00840,0.00151,0.61279,0.00141,0.04183,0.00844,-58.49,6.176,-1,0.0000,-1.00,0.0000,0
18483,1790787815220,0.03482,0.29792,0.00458,0.04745,0.00260,0.02057,0.05062,0.00345,0.47965,0.00154,0.04355,0.01326,0.04111,0.24490,0.00513,0.04716,0.00044,0.01650,0.01210,0.00312,0.56537,0.00178,0.04892,0.01349,-59.54,5.756,-1,0.0000,-1.00,0.0000,0
18575,1790787815300,0.01101,0.45934,0.00578,0.04541,0.00542,0.08461,0.10272,0.00257,0.20548,0.00160,0.04736,0.02870,0.01281,0.50347,0.00656,0.04704,0.00059,0.09884,0.02328,0.00177,0.23688,0.00181,0.03716,0.02978,-59.56,5.512,-1,0.0000,-1.00,0.0000,0
18668,1790787815400,0.00952,0.45566,0.00098,0.02008,0.00734,0.03095,0.09541,0.00231,0.32199,0.00127,0.02473,0.02975,0.01096,0.47028,0.00098,0.01956,0.00256,0.03492,0.02110,0.00257,0.38193,0.00102,0.02272,0.03141,-59.12,5.468,-1,0.0000,-1.00,0.0000,0
18761,1790787815480,0.01636,0.29789,0.00086,0.01388,0.00600,0.07117,0.04945,0.00274,0.48039,0.00244,0.03179,0.02705,0.01768,0.24460,0.00049,0.01229,0.00118,0.08178,0.01076,0.00318,0.57318,0.00269,0.02188,0.03027,-59.53,5.765,-1,0.0000,-1.00,0.0000,0
18854,1790787815580,0.05469,0.23716,0.00068,0.01261,0.00197,0.06814,0.04068,0.00255,0.54046,0.00221,0.02664,0.01220,0.06498,0.15625,0.00030,0.01149,0.00018,0.06877,0.01777,0.00300,0.64532,0.00261,0.01829,0.01105,-59.29,6.485,-1,0.0000,-1.00,0.0000,0
18947,1790787815679,0.01478,0.46492,0.00153,0.01812,0.00122,0.01318,0.10472,0.00326,0.33052,0.00127,0.03668,0.00981,0.01709,0.47911,0.00154,0.01349,0.00035,0.01240,0.03050,0.00360,0.39337,0.00145,0.04149,0.00561,-59.43,5.579,-1,0.0000,-1.00,0.0000,0
19040,1790787815757,0.03022,0.39519,0.00208,0.02101,0.00145,0.03063,0.08001,0.00395,0.37598,0.00216,0.05012,0.00721,0.03536,0.38479,0.00201,0.01444,0.00079,0.02970,0.01959,0.00433,0.44765,0.00243,0.05417,0.00476,-59.55,4.742,-1,0.0000,-1.00,0.0000,0
19133,1790787815878,0.01247,0.45748,0.00125,0.01638,0.00104,0.03159,0.08184,0.00079,0.35805,0.00099,0.03480,0.00333,0.01481,0.46362,0.00129,0.01273,0.00070,0.03492,0.00615,0.00069,0.42650,0.00104,0.03477,0.00277,-58.20,5.490,-1,0.0000,-1.00,0.0000,0
19226,1790787815957,0.01480,0.39747,0.00106,0.01234,0.00092,0.05341,0.07616,0.00179,0.40821,0.00117,0.02791,0.00476,0.01734,0.37972,0.00101,0.01054,0.00060,0.06056,0.01599,0.00194,0.48703,0.00129,0.02144,0.00253,-58.26,4.899,-1,0.0000,-1.00,0.0000,0
19319,1790787816058,0.04175,0.30935,0.00127,0.05310,0.00288,0.04046,0.05788,0.00315,0.43661,0.00262,0.03697,0.01395,0.04919,0.26931,0.00093,0.05637,0.00074,0.03876,0.01594,0.00362,0.51198,0.00300,0.03662,0.01355,-60.39,5.239,-1,0.0000,-1.00,0.0000,0
19411,1790787816137,0.06874,0.32587,0.00331,0.04075,0.00231,0.05936,0.08122,0.00251,0.35890,0.00352,0.04127,0.01224,0.08147,0.30724,0.00318,0.04119,0.00129,0.05498,0.03639,0.00241,0.42189,0.00396,0.03855,0.00745,-61.09,4.307,-1,0.0000,-1.00,0.0000,0
19504,1790787816237,0.04176,0.20368,0.00290,0.04287,0.00485,0.02593,0.12233,0.00235,0.49482,0.00406,0.03172,0.02274,0.04834,0.12950,0.00271,0.04468,0.00515,0.02148,0.12084,0.00235,0.58406,0.00384,0.03375,0.00329,-59.62,5.938,-1,0.0000,-1.00,0.0000,0
19597,1790787816339,0.02557,0.32801,0.00087,0.04147,0.00097,0.15180,0.08386,0.00205,0.31539,0.00234,0.03947,0.00820,0.02994,0.32021,0.00051,0.04723,0.00067,0.17596,0.03701,0.00235,0.36855,0.00267,0.01241,0.00249,-58.17,3.936,-1,0.0000,-1.00,0.0000,0
19690,1790787816418,0.02251,0.42979,0.00085,0.03972,0.00055,0.07209,0.07878,0.00131,0.31812,0.00294,0.03066,0.00268,0.02667,0.44117,0.00033,0.04350,0.00030,0.08110,0.00694,0.00150,0.37257,0.00346,0.02066,0.00182,-58.18,5.158,-1,0.0000,-1.00,0.0000,0
19783,1790787816517,0.02161,0.52367,0.00245,0.03677,0.00095,0.10158,0.13006,0.00112,0.08910,0.00302,0.08299,0.00668,0.02517,0.60803,0.00226,0.02893,0.00091,0.11676,0.03531,0.00089,0.10101,0.00345,0.07630,0.00097,-58.90,6.284,-1,0.0000,-1.00,0.0000,0
19876,1790787816598,0.04537,0.32040,0.00407,0.06481,0.00110,0.11468,0.11199,0.00273,0.21931,0.00840,0.09420,0.01295,0.05383,0.33420,0.00292,0.06026,0.00091,0.12674,0.06793,0.00269,0.25082,0.00990,0.08775,0.00205,-58.94,3.845,-1,0.0000,-1.00,0.0000,0
19969,1790787816698,0.02516,0.15471,0.00427,0.04190,0.00104,0.07721,0.07602,0.00229,0.55852,0.00796,0.03536,0.01556,0.02966,0.05453,0.00325,0.04522,0.00071,0.08663,0.08017,0.00221,0.66028,0.00940,0.02520,0.00275,-58.23,6.702,-1,0.0000,-1.00,0.0000,0
20062,1790787816778,0.03271,0.21727,0.00171,0.06822,0.00087,0.02030,0.05575,0.00347,0.55587,0.00454,0.03000,0.00929,0.03832,0.13135,0.00098,0.07528,0.00044,0.01673,0.04076,0.00397,0.65112,0.00537,0.03263,0.00306,-58.07,6.670,-1,0.0000,-1.00,0.0000,0
20154,1790787816878,0.04339,0.17501,0.00839,0.06097,0.00136,0.03371,0.02472,0.00599,0.55071,0.03935,0.05111,0.00530,0.05047,0.08147,0.00074,0.06211,0.00087,0.03042,0.01347,0.00702,0.64756,0.04697,0.05521,0.00368,-57.67,6.608,-1,0.0000,-1.00,0.0000,0
20247,1790787816978,0.05316,0.14582,0.00833,0.05815,0.00239,0.03342,0.01879,0.00691,0.58359,0.03096,0.05284,0.00564,0.06195,0.03865,0.00270,0.05823,0.00199,0.02790,0.01483,0.00777,0.68770,0.03674,0.05778,0.00378,-56.60,7.003,-1,0.0000,-1.00,0.0000,0
20340,1790787817060,0.29768,0.06559,0.00249,0.06495,0.02554,0.06145,0.01396,0.05381,0.13720,0.01210,0.25910,0.00613,0.34356,0.04706,0.00125,0.01649,0.02944,0.00553,0.00740,0.06423,0.16108,0.00872,0.30937,0.00588,-56.66,3.572,-1,0.0000,-1.00,0.0000,0
20433,1790787817178,0.40498,0.03242,0.00114,0.05757,0.01491,0.07989,0.00562,0.04786,0.12155,0.00494,0.22728,0.00183,0.47390,0.01060,0.00088,0.01507,0.01762,0.00178,0.00463,0.05717,0.14265,0.00244,0.27198,0.00127,-55.99,4.860,-1,0.0000,-1.00,0.0000,0
20526,1790787817258,0.54592,0.02804,0.00168,0.03530,0.00462,0.10737,0.00319,0.07044,0.11999,0.00263,0.07850,0.00234,0.63742,0.00609,0.00159,0.02374,0.00506,0.00231,0.00260,0.08410,0.13907,0.00214,0.09360,0.00229,-55.28,6.551,-1,0.0000,-1.00,0.0000,0
20619,1790787817358,0.43176,0.03856,0.00091,0.04896,0.00224,0.08478,0.00712,0.03449,0.18533,0.00118,0.16223,0.00244,0.50919,0.00297,0.00090,0.02016,0.00241,0.00065,0.00792,0.04117,0.21807,0.00094,0.19426,0.00135,-55.06,5.181,-1,0.0000,-1.00,0.0000,0
20712,1790787817438,0.21795,0.03192,0.00041,0.11274,0.00493,0.04206,0.01370,0.04652,0.16063,0.00185,0.36164,0.00565,0.25008,0.00207,0.00025,0.04922,0.00520,0.00082,0.01601,0.05569,0.18271,0.00118,0.43317,0.00359,-55.21,4.340,-1,0.0000,-1.00,0.0000,0
20805,1790787817540,0.20620,0.04328,0.00109,0.10590,0.01305,0.03820,0.01892,0.09494,0.20288,0.00550,0.26206,0.00798,0.22369,0.00706,0.00057,0.06470,0.01458,0.00142,0.02127,0.11365,0.23027,0.00370,0.31373,0.00535,-55.63,3.145,-1,0.0000,-1.00,0.0000,0
20897,1790787817638,0.09741,0.03760,0.00111,0.12335,0.01720,0.01741,0.01047,0.09773,0.17046,0.00523,0.41765,0.00437,0.09354,0.00648,0.00087,0.04869,0.02001,0.00232,0.01126,0.11694,0.19460,0.00230,0.49998,0.00301,-56.17,5.012,-1,0.0000,-1.00,0.0000,0
20990,1790787817718,0.16275,0.03768,0.00096,0.12805,0.02840,0.02784,0.00711,0.13976,0.19786,0.00814,0.25472,0.00673,0.16091,0.00273,0.00050,0.09298,0.03275,0.00146,0.00795,0.16739,0.21863,0.00328,0.30493,0.00649,-57.33,3.057,-1,0.0000,-1.00,0.0000,0
21083,1790787817819,0.33468,0.03919,0.00156,0.08781,0.01314,0.06498,0.00532,0.06361,0.20753,0.00627,0.17059,0.00530,0.38532,0.00082,0.00096,0.06477,0.01455,0.00164,0.00606,0.07619,0.23583,0.00463,0.20408,0.00515,-57.44,4.016,-1,0.0000,-1.00,0.0000,0
21176,1790787817898,0.14162,0.06145,0.00104,0.12290,0.00415,0.02710,0.01661,0.04263,0.32066,0.00325,0.25125,0.00733,0.15960,0.00091,0.00063,0.08762,0.00400,0.00084,0.01972,0.05096,0.36686,0.00310,0.30089,0.00487,-56.39,3.848,-1,0.0000,-1.00,0.0000,0
21269,1790787818008,0.32920,0.03558,0.00110,0.08256,0.00356,0.06389,0.01964,0.04204,0.18151,0.00370,0.23000,0.00722,0.38450,0.00126,0.00058,0.04431,0.00347,0.00033,0.02328,0.05026,0.20871,0.00374,0.27553,0.00403,-56.12,3.950,-1,0.0000,-1.00,0.0000,0
21362,1790787818079,0.28954,0.04970,0.00176,0.06523,0.00154,0.05607,0.01181,0.04920,0.25131,0.00171,0.21708,0.00504,0.33504,0.00119,0.00175,0.02663,0.00119,0.00076,0.01391,0.05861,0.29585,0.00181,0.25997,0.00328,-56.37,3.475,-1,0.0000,-1.00,0.0000,0
21455,1790787818177,0.25519,0.03387,0.00060,0.10043,0.00367,0.04920,0.00203,0.04738,0.17591,0.00213,0.32604,0.00355,0.29453,0.00048,0.00035,0.04292,0.00364,0.00057,0.00231,0.05673,0.20227,0.00183,0.39056,0.00379,-55.69,3.913,-1,0.0000,-1.00,0.0000,0
21548,1790787818278,0.34317,0.04736,0.00088,0.06310,0.00986,0.06806,0.00322,0.01313,0.24169,0.00392,0.20129,0.00431,0.40804,0.00049,0.00055,0.02782,0.01092,0.00069,0.00372,0.01567,0.28408,0.00253,0.24106,0.00443,-55.45,4.118,-1,0.0000,-1.00,0.0000,0
21640,1790787818361,0.32292,0.06128,0.00077,0.04745,0.00807,0.06279,0.00257,0.03959,0.31037,0.00318,0.13769,0.00330,0.37755,0.00066,0.00053,0.02417,0.00900,0.00040,0.00293,0.04735,0.36710,0.00203,0.16491,0.00337,-55.65,3.875,-1,0.0000,-1.00,0.0000,0
21733,1790787818478,0.19771,0.08230,0.00091,0.05588,0.00962,0.03921,0.00205,0.00990,0.41806,0.00317,0.17906,0.00215,0.23457,0.00027,0.00077,0.02444,0.01107,0.00051,0.00230,0.01180,0.49609,0.00160,0.21446,0.00212,-54.81,5.017,-1,0.0000,-1.00,0.0000,0
21826,1790787818558,0.39258,0.05671,0.00219,0.03930,0.00728,0.07773,0.00314,0.00674,0.28492,0.00898,0.11242,0.00801,0.46882,0.00107,0.00075,0.02040,0.00681,0.00035,0.00353,0.00795,0.33736,0.00941,0.13464,0.00890,-54.30,4.711,-1,0.0000,-1.00,0.0000,0
21919,1790787818659,0.25457,0.02945,0.00761,0.09289,0.00680,0.05234,0.00247,0.00445,0.14694,0.02965,0.35634,0.01648,0.30330,0.00215,0.00224,0.02676,0.00432,0.00259,0.00227,0.00515,0.17076,0.03467,0.42647,0.01930,-55.52,4.276,-1,0.0000,-1.00,0.0000,0
22012,1790787818737,0.20059,0.04366,0.00603,0.15310,0.01167,0.04854,0.00666,0.01655,0.23933,0.01175,0.23096,0.03115,0.23664,0.00063,0.00471,0.12903,0.00687,0.01129,0.00767,0.01909,0.26120,0.01272,0.27450,0.03565,-56.83,2.872,-1,0.0000,-1.00,0.0000,0
22105,1790787818838,0.05823,0.06573,0.03402,0.18249,0.00345,0.03813,0.00575,0.02769,0.34591,0.00805,0.22278,0.00777,0.06483,0.00334,0.03895,0.16704,0.00259,0.03284,0.00620,0.02549,0.38137,0.00913,0.26043,0.00778,-57.30,4.151,-1,0.0000,-1.00,0.0000,0
22198,1790787818937,0.03595,0.02842,0.03586,0.15647,0.00677,0.06412,0.00543,0.01851,0.14464,0.00783,0.46830,0.02769,0.04030,0.00280,0.04118,0.07896,0.00177,0.06884,0.00595,0.01402,0.15766,0.00903,0.54749,0.03200,-57.84,5.620,-1,0.0000,-1.00,0.0000,0
22291,1790787819018,0.01907,0.02043,0.03641,0.16034,0.00359,0.06756,0.00341,0.01157,0.10707,0.00730,0.54977,0.01348,0.02086,0.00252,0.04193,0.06457,0.00107,0.07700,0.00359,0.00555,0.11550,0.00854,0.64349,0.01538,-56.93,6.597,-1,0.0000,-1.00,0.0000,0
22384,1790787819119,0.01867,0.01027,0.10638,0.13266,0.00534,0.03774,0.00152,0.03125,0.05316,0.00466,0.57533,0.02304,0.01988,0.00066,0.12640,0.02391,0.00099,0.04128,0.00169,0.01238,0.05895,0.00539,0.68120,0.02727,-55.14,6.904,-1,0.0000,-1.00,0.0000,0
22476,1790787819197,0.00267,0.00985,0.02682,0.15171,0.00052,0.00971,0.00131,0.00759,0.04720,0.00134,0.73840,0.00286,0.00265,0.00086,0.03182,0.00683,0.00000,0.01111,0.00140,0.00279,0.05521,0.00161,0.88258,0.00315,-54.51,8.861,-1,0.0000,-1.00,0.0000,0
22569,1790787819298,0.00625,0.02656,0.02326,0.13290,0.00403,0.02002,0.00152,0.01431,0.13426,0.00114,0.61655,0.01919,0.00517,0.00047,0.02761,0.01369,0.00033,0.02296,0.00173,0.01168,0.15816,0.00130,0.73423,0.02265,-56.10,7.399,-1,0.0000,-1.00,0.0000,0
22662,1790787819378,0.00688,0.01506,0.01975,0.13689,0.02233,0.02854,0.00226,0.01030,0.07431,0.00218,0.57306,0.10844,0.00672,0.00155,0.02318,0.02920,0.00104,0.03292,0.00240,0.00775,0.08320,0.00246,0.68013,0.12946,-58.38,6.877,-1,0.0000,-1.00,0.0000,0
22755,1790787819478,0.01271,0.01441,0.02771,0.16417,0.02409,0.04539,0.00273,0.01381,0.08494,0.00710,0.48398,0.11897,0.01314,0.00042,0.03153,0.08379,0.00072,0.05178,0.00313,0.01036,0.08510,0.00843,0.56966,0.14194,-59.39,5.808,-1,0.0000,-1.00,0.0000,0
22848,1790787819579,0.01608,0.00634,0.03973,0.14028,0.01856,0.05264,0.00390,0.02431,0.02718,0.02376,0.55826,0.08896,0.01514,0.00266,0.04200,0.03785,0.00125,0.06010,0.00415,0.02080,0.02497,0.02831,0.65702,0.10575,-58.90,6.699,-1,0.0000,-1.00,0.0000,0
22941,1790787819659,0.00590,0.00282,0.01912,0.18287,0.01159,0.04235,0.00302,0.01102,0.02585,0.02683,0.61396,0.05467,0.00509,0.00020,0.01658,0.07523,0.00104,0.04974,0.00350,0.01000,0.01604,0.03197,0.72581,0.06481,-58.28,7.368,-1,0.0000,-1.00,0.0000,0
23034,1790787819778,0.01495,0.00692,0.02068,0.18947,0.04399,0.10979,0.00551,0.01848,0.05669,0.01002,0.30269,0.22081,0.01434,0.00116,0.02241,0.16019,0.00042,0.12880,0.00625,0.01783,0.03615,0.01195,0.33716,0.26335,-58.99,3.632,-1,0.0000,-1.00,0.0000,0
23127,1790787819858,0.00869,0.00942,0.02185,0.16062,0.01153,0.07941,0.00384,0.01765,0.05335,0.00737,0.57045,0.05583,0.00720,0.00100,0.02446,0.06064,0.00072,0.09373,0.00441,0.01630,0.05190,0.00869,0.66495,0.06601,-58.93,6.845,-1,0.0000,-1.00,0.0000,0
23219,1790787819959,0.01722,0.02455,0.01758,0.12092,0.01139,0.12329,0.00265,0.06265,0.12016,0.00166,0.44450,0.05344,0.00659,0.00264,0.02071,0.04506,0.00104,0.14643,0.00260,0.07102,0.13505,0.00178,0.50358,0.06348,-58.95,5.334,-1,0.0000,-1.00,0.0000,0
23312,1790787820040,0.01574,0.01187,0.01726,0.15468,0.01011,0.08058,0.00233,0.06762,0.07077,0.00258,0.51684,0.04962,0.00316,0.00044,0.02009,0.06634,0.00044,0.09592,0.00271,0.07704,0.07164,0.00301,0.60028,0.05892,-58.88,6.202,-1,0.0000,-1.00,0.0000,0
23405,1790787820139,0.00701,0.00595,0.01715,0.16471,0.00172,0.02980,0.00193,0.02814,0.03398,0.00611,0.69767,0.00583,0.00234,0.00048,0.01913,0.03302,0.00076,0.03524,0.00209,0.03005,0.03417,0.00717,0.82899,0.00656,-57.97,8.372,-1,0.0000,-1.00,0.0000,0
23498,1790787820237,0.01023,0.01023,0.01464,0.15363,0.00236,0.03432,0.00214,0.04807,0.05626,0.00173,0.65777,0.00862,0.00146,0.00011,0.01716,0.02945,0.00089,0.04084,0.00254,0.05419,0.06157,0.00189,0.78007,0.00983,-57.95,7.893,-1,0.0000,-1.00,0.0000,0
23591,1790787820318,0.00920,0.00302,0.03036,0.15097,0.00509,0.02649,0.00221,0.02958,0.01306,0.00112,0.70405,0.02486,0.00541,0.00110,0.03612,0.01487,0.00028,0.03067,0.00243,0.02829,0.01270,0.00129,0.83754,0.02931,-58.93,8.449,-1,0.0000,-1.00,0.0000,0
23684,1790787820418,0.05119,0.00363,0.07447,0.18195,0.00493,0.04225,0.00314,0.25320,0.04105,0.00155,0.32176,0.02087,0.00404,0.00087,0.08889,0.14354,0.00109,0.04982,0.00346,0.28591,0.02069,0.00169,0.37567,0.02433,-60.00,3.861,-1,0.0000,-1.00,0.0000,0
23777,1790787820503,0.20448,0.00533,0.02168,0.10960,0.03165,0.04284,0.00747,0.16797,0.02789,0.02426,0.33408,0.02275,0.20596,0.00184,0.02148,0.05238,0.03286,0.01050,0.00859,0.19701,0.02293,0.02266,0.39822,0.02556,-57.22,4.009,-1,0.0000,-1.00,0.0000,0
23870,1790787820598,0.42742,0.00398,0.00281,0.06936,0.03217,0.08695,0.00362,0.03103,0.01687,0.01609,0.30662,0.00309,0.50472,0.00128,0.00104,0.01044,0.03797,0.00414,0.00401,0.03705,0.01815,0.01175,0.36658,0.00288,-55.68,5.129,-1,0.0000,-1.00,0.0000,0
23962,1790787820678,0.57588,0.00789,0.00653,0.03094,0.02070,0.11715,0.00294,0.03204,0.03652,0.03188,0.13370,0.00383,0.68242,0.00105,0.00119,0.00552,0.02402,0.00509,0.00332,0.03815,0.04267,0.03344,0.15919,0.00394,-56.18,6.911,-1,0.0000,-1.00,0.0000,0
24055,1790787820777,0.57424,0.00768,0.00380,0.03954,0.00486,0.11614,0.00471,0.02553,0.03497,0.01685,0.16741,0.00428,0.68204,0.00120,0.00075,0.00777,0.00501,0.00396,0.00540,0.03044,0.04036,0.01920,0.19981,0.00406,-55.98,6.891,-1,0.0000,-1.00,0.0000,0
24148,1790787820878,0.36583,0.00452,0.00142,0.08354,0.00588,0.07475,0.01014,0.04046,0.01225,0.00380,0.38607,0.01135,0.42870,0.00292,0.00098,0.00857,0.00481,0.00459,0.01157,0.04828,0.01297,0.00359,0.46169,0.01131,-55.18,4.633,-1,0.0000,-1.00,0.0000,0
24241,1790787821007,0.31459,0.01101,0.00346,0.07019,0.03493,0.06516,0.02008,0.03702,0.02842,0.01050,0.29104,0.11359,0.36825,0.00704,0.00227,0.01517,0.01576,0.00507,0.02267,0.04391,0.03105,0.00946,0.34773,0.13162,-54.16,3.775,-1,0.0000,-1.00,0.0000,0
24334,1790787821079,0.52571,0.00179,0.00060,0.04638,0.04083,0.10461,0.00402,0.02858,0.01004,0.00880,0.21256,0.01608,0.62312,0.00000,0.00041,0.00516,0.04530,0.00182,0.00481,0.03416,0.01100,0.00157,0.25434,0.01831,-54.76,6.308,-1,0.0000,-1.00,0.0000,0
24427,1790787821160,0.42022,0.23943,0.00130,0.01574,0.05198,0.08693,0.04920,0.06007,0.01462,0.01215,0.03597,0.01240,0.48929,0.28384,0.00101,0.01060,0.05944,0.00717,0.00269,0.07178,0.01541,0.00279,0.04167,0.01432,-55.49,5.043,-1,0.0000,261.86,0.9557,1
24520,1790787821257,0.14663,0.59477,0.00138,0.00682,0.00868,0.03597,0.11862,0.03449,0.01721,0.00313,0.02505,0.00725,0.16755,0.70870,0.00124,0.00261,0.00875,0.00988,0.00165,0.04108,0.02005,0.00207,0.02806,0.00836,-54.43,7.137,-1,0.0000,275.10,0.9545,1
24613,1790787821338,0.09372,0.64200,0.00126,0.00355,0.00538,0.03587,0.12952,0.02826,0.02884,0.00376,0.01860,0.00924,0.10562,0.76245,0.00079,0.00070,0.00440,0.02204,0.00405,0.03371,0.03442,0.00363,0.01792,0.01027,-54.23,7.704,-1,0.0000,275.30,0.9707,1
24706,1790787821437,0.12278,0.49855,0.00278,0.00447,0.00995,0.04515,0.09458,0.01116,0.15240,0.00372,0.01624,0.03820,0.14453,0.56133,0.00257,0.00250,0.00293,0.02545,0.00205,0.01286,0.18212,0.00388,0.01442,0.04536,-54.21,5.983,-1,0.0000,274.63,0.9716,1
24798,1790787821538,0.14394,0.31172,0.00074,0.00510,0.04546,0.03434,0.05705,0.01168,0.14526,0.00165,0.01776,0.22529,0.16972,0.33910,0.00053,0.00219,0.00099,0.00752,0.00114,0.01389,0.17359,0.00182,0.01979,0.26972,-54.67,3.741,-1,0.0000,275.94,0.9542,1
24891,1790787821617,0.11725,0.40642,0.00122,0.00365,0.02008,0.03329,0.07192,0.00418,0.23849,0.00137,0.01307,0.08907,0.13951,0.43045,0.00125,0.00174,0.00293,0.01223,0.00083,0.00478,0.28541,0.00107,0.01324,0.10656,-54.62,4.877,-1,0.0000,-1.00,0.0000,0
24984,1790787821718,0.15992,0.47248,0.00355,0.00609,0.03834,0.06404,0.09115,0.01092,0.09032,0.01094,0.02986,0.02239,0.18916,0.54476,0.00326,0.00174,0.04068,0.03924,0.00122,0.01244,0.10788,0.00504,0.02800,0.02658,-55.25,5.670,-1,0.0000,277.11,0.9555,1
25077,1790787821798,0.63931,0.03912,0.00190,0.00634,0.03308,0.14445,0.00755,0.02927,0.03983,0.01346,0.01990,0.02579,0.75911,0.03757,0.00040,0.00376,0.03357,0.02260,0.00160,0.03499,0.04698,0.00947,0.01936,0.03058,-57.09,7.672,-1,0.0000,-1.00,0.0000,0
25170,1790787821897,0.41007,0.13324,0.00967,0.01358,0.03161,0.11411,0.02712,0.01766,0.08458,0.02496,0.05696,0.07644,0.48743,0.13973,0.00645,0.00432,0.01991,0.04011,0.00469,0.01999,0.10049,0.02596,0.06030,0.09063,-57.45,4.921,-1,0.0000,-1.00,0.0000,0
25263,1790787821978,0.43511,0.01603,0.00326,0.02935,0.02486,0.08930,0.00410,0.17755,0.03405,0.01211,0.14228,0.03201,0.47926,0.01119,0.00190,0.00185,0.02230,0.01200,0.00269,0.21237,0.04042,0.01010,0.16810,0.03782,-55.71,5.221,-1,0.0000,-1.00,0.0000,0
25356,1790787822079,0.49764,0.01970,0.00119,0.00889,0.06725,0.09575,0.00388,0.21098,0.03262,0.01800,0.04136,0.00274,0.54618,0.01590,0.00029,0.00108,0.07999,0.00646,0.00149,0.25275,0.03887,0.00572,0.04828,0.00299,-54.46,5.972,-1,0.0000,-1.00,0.0000,0
25449,1790787822181,0.39405,0.02503,0.00653,0.01890,0.10330,0.07708,0.01446,0.17875,0.04077,0.03431,0.08011,0.02670,0.42984,0.02046,0.00431,0.00390,0.11795,0.00715,0.01312,0.21349,0.04809,0.01773,0.09458,0.02940,-56.28,4.729,-1,0.0000,-1.00,0.0000,0
25541,1790787822277,0.19594,0.04422,0.01901,0.05384,0.02866,0.05115,0.10278,0.09971,0.09126,0.04672,0.19662,0.07009,0.20950,0.03412,0.01255,0.01858,0.02227,0.01976,0.11639,0.11699,0.10567,0.05157,0.23169,0.06091,-58.45,2.359,-1,0.0000,-1.00,0.0000,0
25634,1790787822376,0.22832,0.04556,0.00483,0.04887,0.01063,0.05878,0.21725,0.06135,0.18651,0.01784,0.05486,0.06521,0.25830,0.01301,0.00184,0.04628,0.00740,0.01923,0.25763,0.07325,0.21431,0.01991,0.06193,0.02693,-58.51,2.740,-1,0.0000,-1.00,0.0000,0
25727,1790787822458,0.37373,0.06833,0.00614,0.03318,0.01526,0.08123,0.03247,0.04675,0.27653,0.01407,0.03011,0.02222,0.43649,0.01787,0.00458,0.03303,0.01439,0.01080,0.03532,0.05515,0.32480,0.01400,0.03393,0.01962,-58.23,4.485,-1,0.0000,-1.00,0.0000,0
25820,1790787822558,0.59423,0.02875,0.00198,0.02391,0.00581,0.12439,0.02774,0.01650,0.13085,0.00387,0.03015,0.01183,0.70817,0.00423,0.00166,0.02183,0.00537,0.00872,0.03240,0.01944,0.15246,0.00357,0.03439,0.00775,-56.48,7.131,-1,0.0000,-1.00,0.0000,0
25913,1790787822638,0.52378,0.01819,0.00121,0.03229,0.00353,0.10591,0.11900,0.02526,0.08428,0.00283,0.05445,0.02928,0.62141,0.00303,0.00089,0.02590,0.00282,0.00375,0.14197,0.03011,0.09585,0.00283,0.06451,0.00694,-55.50,6.285,-1,0.0000,-1.00,0.0000,0
26006,1790787822737,0.39500,0.04413,0.00244,0.05783,0.00465,0.08038,0.15992,0.02220,0.11668,0.00375,0.07917,0.03386,0.46783,0.02744,0.00223,0.05063,0.00484,0.00358,0.18618,0.02616,0.12977,0.00353,0.09415,0.00366,-55.73,4.740,-1,0.0000,-1.00,0.0000,0
26099,1790787822837,0.51618,0.02239,0.00175,0.08262,0.00337,0.10258,0.06398,0.03226,0.11687,0.00205,0.03767,0.01828,0.61084,0.00270,0.00172,0.09012,0.00269,0.00183,0.07612,0.03832,0.12217,0.00193,0.04478,0.00679,-55.92,6.194,-1,0.0000,-1.00,0.0000,0
26192,1790787822917,0.56021,0.02664,0.00127,0.08057,0.00350,0.11222,0.01986,0.01880,0.13500,0.00263,0.03172,0.00759,0.66678,0.00341,0.00103,0.08910,0.00329,0.00229,0.02309,0.02235,0.14409,0.00250,0.03756,0.00451,-55.46,6.723,-1,0.0000,-1.00,0.0000,0
26284,1790787823017,0.64212,0.01406,0.00048,0.06680,0.00283,0.12779,0.01711,0.01775,0.07470,0.00171,0.03071,0.00396,0.76518,0.00199,0.00029,0.07281,0.00324,0.00144,0.02010,0.02122,0.07507,0.00141,0.03651,0.00076,-55.36,7.705,-1,0.0000,-1.00,0.0000,0
26377,1790787823097,0.62681,0.01600,0.00140,0.05150,0.00317,0.12412,0.03025,0.02623,0.07757,0.00203,0.03051,0.01041,0.74489,0.00290,0.00130,0.05451,0.00273,0.00106,0.03567,0.03117,0.08212,0.00192,0.03634,0.00540,-55.69,7.522,-1,0.0000,-1.00,0.0000,0
26470,1790787823198,0.18479,0.06352,0.00241,0.11153,0.01198,0.03710,0.05894,0.01331,0.29737,0.00811,0.14820,0.06273,0.21814,0.00950,0.00105,0.09848,0.00215,0.00121,0.06875,0.01574,0.33680,0.00929,0.17734,0.06154,-56.27,3.568,-1,0.0000,-1.00,0.0000,0
26563,1790787823280,0.09100,0.05471,0.01142,0.08796,0.04379,0.01812,0.07906,0.04702,0.25214,0.04468,0.03924,0.23086,0.09800,0.00945,0.00312,0.09617,0.00128,0.00229,0.09266,0.05593,0.28303,0.05331,0.04656,0.25820,-57.05,3.026,-1,0.0000,-1.00,0.0000,0
26656,1790787823378,0.24182,0.02900,0.00271,0.11775,0.00623,0.04916,0.03414,0.03978,0.11548,0.00802,0.33804,0.01786,0.28037,0.00972,0.00152,0.06092,0.00476,0.00333,0.03898,0.04738,0.12627,0.00870,0.40440,0.01367,-56.96,4.057,-1,0.0000,-1.00,0.0000,0
26749,1790787823505,0.25733,0.06914,0.00639,0.08687,0.00447,0.05136,0.04580,0.04585,0.30810,0.02785,0.07316,0.02370,0.29748,0.01307,0.00110,0.08681,0.00178,0.00256,0.05224,0.05476,0.35194,0.03305,0.08715,0.01804,-56.59,3.697,-1,0.0000,-1.00,0.0000,0
26842,1790787823579,0.25545,0.04407,0.01311,0.12410,0.00376,0.04969,0.02070,0.05816,0.21636,0.05199,0.14815,0.01446,0.29230,0.00587,0.00343,0.11357,0.00197,0.00160,0.02304,0.06960,0.23674,0.06191,0.17720,0.01276,-57.63,3.065,-1,0.0000,-1.00,0.0000,0
26935,1790787823678,0.07961,0.09225,0.00194,0.15840,0.00233,0.01493,0.00961,0.04536,0.47406,0.00340,0.11400,0.00412,0.08465,0.00432,0.00160,0.16277,0.00222,0.00110,0.01048,0.05421,0.53577,0.00363,0.13638,0.00286,-58.18,5.689,-1,0.0000,-1.00,0.0000,0
27028,1790787823757,0.11611,0.10457,0.00284,0.08492,0.00169,0.02428,0.01788,0.00962,0.51843,0.01152,0.10378,0.00436,0.13687,0.00518,0.00074,0.07718,0.00179,0.00196,0.02040,0.01138,0.60591,0.01345,0.12396,0.00118,-57.71,6.221,-1,0.0000,-1.00,0.0000,0
27120,1790787823858,0.12878,0.10347,0.00114,0.07422,0.00162,0.02651,0.03211,0.01660,0.51739,0.00271,0.08497,0.01048,0.15040,0.00378,0.00076,0.06883,0.00092,0.00196,0.03772,0.01975,0.60631,0.00306,0.10143,0.00508,-57.77,6.209,-1,0.0000,-1.00,0.0000,0
27213,1790787823938,0.20742,0.07130,0.00326,0.14051,0.00536,0.04415,0.04576,0.01302,0.35872,0.00512,0.07840,0.02698,0.24552,0.00612,0.00277,0.14991,0.00211,0.00423,0.05345,0.01521,0.40009,0.00574,0.09311,0.02173,-57.91,4.305,-1,0.0000,-1.00,0.0000,0
27306,1790787824039,0.12915,0.15701,0.00402,0.12202,0.02224,0.10456,0.04764,0.04319,0.13017,0.01645,0.11619,0.10734,0.14452,0.16205,0.00099,0.12242,0.00203,0.09675,0.02496,0.05156,0.13171,0.01931,0.12004,0.12366,-57.66,1.884,-1,0.0000,-1.00,0.0000,0
27399,1790787824138,0.11907,0.23183,0.01151,0.06279,0.01571,0.11040,0.05094,0.02463,0.14176,0.04654,0.11183,0.07298,0.13693,0.24619,0.00280,0.05282,0.00174,0.10537,0.01223,0.02896,0.15940,0.05542,0.11311,0.08503,-57.13,2.782,-1,0.0000,-1.00,0.0000,0
27492,1790787824217,0.09517,0.21225,0.01651,0.05655,0.01147,0.10589,0.04030,0.02170,0.18271,0.07940,0.12588,0.05216,0.10892,0.21257,0.00099,0.04200,0.00155,0.10533,0.00614,0.02581,0.21060,0.09483,0.12995,0.06129,-57.31,2.547,-1,0.0000,-1.00,0.0000,0
27585,1790787824318,0.02302,0.24574,0.00607,0.12036,0.02642,0.12697,0.05178,0.03597,0.09696,0.02600,0.12127,0.11944,0.01906,0.27618,0.00124,0.12125,0.00356,0.14837,0.00711,0.04303,0.09215,0.03044,0.11590,0.14171,-58.26,2.949,-1,0.0000,-1.00,0.0000,0
27678,1790787824398,0.01582,0.28889,0.00636,0.15223,0.01399,0.06362,0.05401,0.02030,0.21570,0.02213,0.08762,0.05932,0.01419,0.30143,0.00247,0.16448,0.00287,0.07342,0.00494,0.02385,0.22581,0.02599,0.09044,0.07010,-58.15,3.467,-1,0.0000,-1.00,0.0000,0
27771,1790787824505,0.07784,0.10338,0.05489,0.06246,0.02772,0.05321,0.02269,0.22956,0.09723,0.07616,0.08740,0.10746,0.04049,0.10311,0.04800,0.05627,0.00795,0.05573,0.00669,0.26561,0.10535,0.08968,0.09368,0.12743,-57.07,2.755,-1,0.0000,-1.00,0.0000,0
27863,1790787824579,0.08124,0.11591,0.08843,0.04767,0.01517,0.06754,0.03302,0.31570,0.08901,0.01820,0.05347,0.07463,0.02635,0.11962,0.10167,0.04739,0.00108,0.07570,0.01583,0.35814,0.09723,0.02163,0.04906,0.08629,-56.49,3.788,-1,0.0000,-1.00,0.0000,0
27956,1790787824679,0.11879,0.08872,0.02885,0.16475,0.01780,0.07327,0.02463,0.07626,0.25965,0.01690,0.04709,0.08330,0.11712,0.06036,0.03064,0.18877,0.00223,0.06457,0.01755,0.08530,0.27370,0.01981,0.04362,0.09634,-57.13,3.116,-1,0.0000,-1.00,0.0000,0
28049,1790787824778,0.12999,0.17345,0.01604,0.03591,0.02205,0.08592,0.04181,0.08421,0.25811,0.02204,0.05602,0.07446,0.13583,0.14842,0.01423,0.03270,0.00954,0.07603,0.02067,0.09809,0.30214,0.02518,0.05205,0.08512,-58.23,3.097,-1,0.0000,-1.00,0.0000,0
28142,1790787824878,0.15802,0.21898,0.00811,0.06693,0.01859,0.12652,0.08150,0.03525,0.15197,0.02451,0.05456,0.05506,0.17247,0.23778,0.00431,0.07187,0.01069,0.11790,0.05052,0.04139,0.16785,0.02725,0.04201,0.05596,-57.45,2.628,-1,0.0000,-1.00,0.0000,0
28235,1790787825003,0.07775,0.15280,0.00830,0.03616,0.00957,0.04664,0.02261,0.03222,0.47631,0.02030,0.08067,0.03667,0.08607,0.07096,0.00525,0.02569,0.00333,0.03882,0.01302,0.03757,0.56562,0.02368,0.08897,0.04101,-55.77,5.716,-1,0.0000,-1.00,0.0000,0
28328,1790787825057,0.05669,0.12868,0.00516,0.03711,0.00755,0.03118,0.01323,0.01231,0.53872,0.02235,0.11858,0.02844,0.06459,0.02743,0.00096,0.01726,0.00271,0.02456,0.01040,0.01458,0.64197,0.02636,0.13722,0.03196,-55.30,6.465,-1,0.0000,-1.00,0.0000,0
28421,1790787825159,0.05622,0.11888,0.00856,0.05939,0.00633,0.05825,0.01224,0.00836,0.43237,0.01901,0.19586,0.02451,0.06548,0.04095,0.00581,0.02687,0.00202,0.05682,0.00654,0.00887,0.51270,0.02244,0.22342,0.02808,-55.59,5.188,-1,0.0000,-1.00,0.0000,0
28514,1790787825237,0.09085,0.09218,0.02224,0.03637,0.01355,0.05019,0.01051,0.18082,0.29703,0.07680,0.07508,0.05438,0.06624,0.04101,0.00853,0.02759,0.00349,0.04701,0.00444,0.21500,0.35034,0.09143,0.08064,0.06428,-55.55,3.564,-1,0.0000,-1.00,0.0000,0
28606,1790787825339,0.12645,0.02489,0.01832,0.01838,0.00976,0.00707,0.00322,0.58618,0.07990,0.04878,0.03462,0.04244,0.01270,0.01144,0.01043,0.01404,0.00169,0.00595,0.00159,0.70032,0.09295,0.05811,0.04030,0.05048,-55.16,7.034,-1,0.0000,-1.00,0.0000,0
28699,1790787825438,0.07218,0.01508,0.12779,0.00501,0.01653,0.10158,0.00537,0.37110,0.04485,0.12327,0.03833,0.07890,0.00321,0.00748,0.12389,0.00166,0.00126,0.12108,0.00495,0.42011,0.05341,0.14746,0.02192,0.09356,-55.10,4.453,-1,0.0000,-1.00,0.0000,0
28792,1790787825519,0.04055,0.00932,0.11159,0.00529,0.37173,0.03642,0.00597,0.20080,0.02514,0.10089,0.01901,0.07329,0.00472,0.00649,0.12656,0.00350,0.42824,0.04270,0.00587,0.21551,0.02938,0.03605,0.01431,0.08665,-56.20,4.461,-1,0.0000,-1.00,0.0000,0
28885,1790787825618,0.05377,0.02060,0.15439,0.02502,0.10150,0.10403,0.05108,0.22464,0.04122,0.05001,0.03569,0.13805,0.01658,0.01760,0.17645,0.02627,0.09110,0.12137,0.05771,0.23420,0.04294,0.04312,0.01870,0.15398,-57.42,2.696,-1,0.0000,-1.00,0.0000,0
28978,1790787825697,0.05787,0.03227,0.06502,0.08416,0.03603,0.11142,0.07914,0.15376,0.09729,0.01780,0.14261,0.12262,0.03996,0.01839,0.07441,0.07190,0.01846,0.12558,0.09119,0.16949,0.10232,0.01767,0.14599,0.12464,-57.57,1.845,-1,0.0000,-1.00,0.0000,0
29071,1790787825798,0.01756,0.03761,0.01771,0.21787,0.00829,0.04436,0.01323,0.06313,0.20913,0.00714,0.33847,0.02550,0.00687,0.00258,0.01968,0.18269,0.00449,0.05179,0.01508,0.07200,0.21430,0.00773,0.39530,0.02747,-57.36,4.062,-1,0.0000,-1.00,0.0000,0
29164,1790787825877,0.05676,0.01791,0.02787,0.18735,0.03401,0.05879,0.01767,0.06053,0.08608,0.01707,0.39185,0.04411,0.05522,0.00627,0.03056,0.13375,0.03113,0.05950,0.01993,0.06647,0.07663,0.01429,0.45773,0.04852,-57.60,4.702,-1,0.0000,-1.00,0.0000,0
29257,1790787826004,0.18821,0.01531,0.02469,0.12203,0.01740,0.09931,0.01036,0.03797,0.04811,0.01777,0.39565,0.02319,0.21735,0.00926,0.02596,0.05523,0.01547,0.07619,0.01058,0.04035,0.04666,0.01827,0.45898,0.02569,-57.77,4.748,-1,0.0000,-1.00,0.0000,0
29350,1790787826100,0.15930,0.03032,0.01576,0.09173,0.00974,0.09490,0.01448,0.03492,0.12050,0.03423,0.36347,0.03064,0.18359,0.00880,0.01091,0.02661,0.00512,0.07732,0.01560,0.03968,0.13890,0.04023,0.42019,0.03305,-57.49,4.362,-1,0.0000,-1.00,0.0000,0
29442,1790787826177,0.17473,0.11428,0.02344,0.06972,0.04133,0.06964,0.09571,0.03507,0.12753,0.02328,0.16431,0.06097,0.20198,0.10847,0.02395,0.04633,0.03572,0.04638,0.09318,0.03727,0.14359,0.02085,0.18768,0.05459,-57.49,2.097,-1,0.0000,-1.00,0.0000,0
29535,1790787826278,0.11103,0.08495,0.02538,0.05501,0.09618,0.08166,0.01870,0.04905,0.17325,0.02358,0.14749,0.13373,0.12249,0.06201,0.02806,0.03377,0.08388,0.07357,0.01011,0.05321,0.20067,0.01186,0.16214,0.15824,-57.57,2.079,-1,0.0000,-1.00,0.0000,0
29628,1790787826361,0.06942,0.08720,0.01771,0.13207,0.05187,0.06542,0.05305,0.02961,0.08411,0.03282,0.29647,0.08024,0.07626,0.08869,0.01519,0.09032,0.04493,0.06328,0.04593,0.03252,0.08287,0.03042,0.34270,0.08689,-57.64,3.558,-1,0.0000,-1.00,0.0000,0
29721,1790787826458,0.11880,0.02340,0.01774,0.23956,0.03944,0.11621,0.02488,0.03084,0.07140,0.02550,0.24118,0.05105,0.13513,0.02081,0.01657,0.23423,0.03491,0.11370,0.02560,0.03376,0.03912,0.02363,0.26645,0.05610,-58.26,2.894,-1,0.0000,-1.00,0.0000,0
29814,1790787826539,0.13037,0.02643,0.03849,0.14629,0.03368,0.11807,0.03464,0.04314,0.07535,0.03118,0.29201,0.03034,0.14740,0.01887,0.04001,0.11033,0.03475,0.11226,0.03619,0.04535,0.06807,0.03081,0.32765,0.02832,-58.87,3.504,-1,0.0000,-1.00,0.0000,0
29907,1790787826639,0.03642,0.03727,0.04838,0.14277,0.01718,0.15243,0.03022,0.04536,0.07754,0.01670,0.34505,0.05068,0.03510,0.03012,0.05428,0.09601,0.00975,0.17569,0.03024,0.04359,0.07333,0.01862,0.37863,0.05464,-58.47,4.141,-1,0.0000,-1.00,0.0000,0
30000,1790787826738,0.04343,0.02880,0.02686,0.16277,0.02256,0.13999,0.02517,0.06518,0.06938,0.04291,0.35138,0.02158,0.03781,0.02267,0.02289,0.11787,0.02299,0.16024,0.02567,0.07356,0.05976,0.04686,0.38927,0.02041,-58.61,4.217,-1,0.0000,-1.00,0.0000,0
30093,1790787826818,0.03889,0.01989,0.02372,0.16215,0.01428,0.24059,0.03107,0.07318,0.06866,0.05525,0.22802,0.04429,0.03052,0.01347,0.01562,0.15122,0.00809,0.28223,0.03428,0.08488,0.05229,0.06460,0.21727,0.04553,-59.07,2.887,-1,0.0000,-1.00,0.0000,0
30185,1790787826919,0.06710,0.01230,0.01817,0.20128,0.01389,0.10329,0.02580,0.09647,0.07742,0.02770,0.32785,0.02872,0.05691,0.00406,0.01561,0.16772,0.01100,0.11249,0.02974,0.11287,0.05946,0.03107,0.37055,0.02852,-58.88,3.934,-1,0.0000,-1.00,0.0000,0
30278,1790787827002,0.04582,0.01427,0.01614,0.15205,0.01384,0.09069,0.02719,0.07858,0.06810,0.04285,0.42607,0.02440,0.03555,0.00535,0.00958,0.08498,0.01201,0.10162,0.03135,0.09242,0.06451,0.04921,0.49038,0.02303,-58.59,5.113,-1,0.0000,-1.00,0.0000,0
30371,1790787827099,0.03668,0.00950,0.01312,0.19030,0.00487,0.04950,0.01537,0.03800,0.04338,0.03170,0.55365,0.01393,0.03459,0.00635,0.00833,0.09857,0.00335,0.05246,0.01716,0.04388,0.03244,0.03731,0.65300,0.01255,-58.13,6.644,-1,0.0000,-1.00,0.0000,0
30464,1790787827178,0.02099,0.01119,0.02164,0.22916,0.00489,0.02263,0.01390,0.04705,0.06570,0.05694,0.48688,0.01902,0.01574,0.00458,0.01250,0.15988,0.00231,0.02400,0.01575,0.05390,0.04702,0.06777,0.57864,0.01790,-58.46,5.843,-1,0.0000,-1.00,0.0000,0
30557,1790787827277,0.02776,0.00839,0.02270,0.24299,0.00535,0.02667,0.01886,0.06065,0.05915,0.03112,0.47918,0.01719,0.02052,0.00301,0.01994,0.17843,0.00337,0.02789,0.02200,0.06872,0.03550,0.03662,0.56865,0.01535,-59.31,5.750,-1,0.0000,-1.00,0.0000,0
30650,1790787827400,0.07622,0.01268,0.01768,0.24369,0.00688,0.05381,0.01831,0.04181,0.05535,0.02182,0.43432,0.01744,0.08266,0.00953,0.01619,0.19072,0.00502,0.04809,0.02005,0.04689,0.02852,0.02515,0.51089,0.01629,-58.94,5.212,-1,0.0000,-1.00,0.0000,0
30743,1790787827502,0.04475,0.10469,0.01632,0.18732,0.00798,0.03202,0.15870,0.01266,0.14865,0.01365,0.22155,0.05171,0.05126,0.09693,0.01647,0.17294,0.00399,0.02821,0.17095,0.01190,0.14383,0.01556,0.25988,0.02807,-57.63,2.659,-1,0.0000,-1.00,0.0000,0
30836,1790787827579,0.06028,0.22627,0.00623,0.06759,0.00640,0.04166,0.22044,0.00514,0.24134,0.00658,0.05759,0.06049,0.07120,0.21663,0.00598,0.06872,0.00201,0.03580,0.22119,0.00497,0.27556,0.00748,0.06191,0.02855,-57.19,2.896,-1,0.0000,-1.00,0.0000,0
30928,1790787827658,0.06562,0.20677,0.00726,0.08400,0.00489,0.05408,0.09298,0.00404,0.39772,0.01292,0.03375,0.03597,0.07789,0.15700,0.00565,0.09457,0.00046,0.04936,0.08027,0.00374,0.45782,0.01539,0.03066,0.02719,-57.28,4.773,-1,0.0000,-1.00,0.0000,0
31021,1790787827757,0.03011,0.15720,0.00509,0.08668,0.00426,0.04941,0.10955,0.00400,0.36722,0.00708,0.14333,0.03607,0.03523,0.10401,0.00444,0.07187,0.00088,0.05222,0.11049,0.00407,0.42575,0.00834,0.16139,0.02132,-56.91,4.407,-1,0.0000,-1.00,0.0000,0
31114,1790787827839,0.01052,0.12233,0.00246,0.09582,0.00674,0.02711,0.16318,0.00464,0.34590,0.00285,0.15608,0.06240,0.01159,0.06752,0.00228,0.07893,0.00041,0.03018,0.18212,0.00512,0.39882,0.00334,0.18104,0.03866,-56.53,4.151,-1,0.0000,-1.00,0.0000,0
31207,1790787827938,0.01355,0.11754,0.01056,0.09076,0.00579,0.03369,0.16760,0.00551,0.40615,0.00642,0.08484,0.05760,0.01536,0.04790,0.01116,0.09006,0.00078,0.03732,0.19133,0.00439,0.46880,0.00754,0.09426,0.03109,-56.64,4.874,-1,0.0000,-1.00,0.0000,0
31300,1790787828038,0.02289,0.10253,0.00711,0.10358,0.00537,0.04828,0.15818,0.02790,0.40288,0.00890,0.06655,0.04582,0.02089,0.03159,0.00651,0.11042,0.00273,0.05371,0.18280,0.03262,0.46082,0.01015,0.06909,0.01867,-57.14,4.835,-1,0.0000,-1.00,0.0000,0
31393,1790787828117,0.07082,0.10215,0.01831,0.09943,0.02190,0.06195,0.08942,0.06120,0.29066,0.04868,0.09672,0.03876,0.06991,0.05812,0.01116,0.09854,0.02079,0.06037,0.09562,0.07112,0.32855,0.05441,0.10393,0.02749,-57.56,3.488,-1,0.0000,-1.00,0.0000,0
31486,1790787828215,0.05703,0.06793,0.02430,0.14074,0.02043,0.17126,0.06714,0.02362,0.15974,0.07877,0.14649,0.04255,0.06218,0.05007,0.01096,0.14143,0.01714,0.19288,0.07036,0.02629,0.16274,0.09162,0.13729,0.03704,-57.93,2.055,-1,0.0000,-1.00,0.0000,0
31579,1790787828299,0.09829,0.07252,0.02065,0.08744,0.06044,0.07459,0.10797,0.04799,0.18229,0.04553,0.11151,0.09078,0.10562,0.04817,0.01607,0.08101,0.05464,0.06937,0.11983,0.05432,0.20236,0.04373,0.11986,0.08502,-58.06,2.187,-1,0.0000,-1.00,0.0000,0
31672,1790787828399,0.07222,0.06376,0.02108,0.07304,0.02955,0.06365,0.14963,0.07880,0.24205,0.06219,0.08244,0.06160,0.06895,0.02168,0.01158,0.07040,0.02778,0.06260,0.17466,0.09246,0.27607,0.06901,0.08638,0.03844,-57.64,2.905,-1,0.0000,-1.00,0.0000,0
31764,1790787828477,0.11116,0.07626,0.01322,0.03180,0.01874,0.03831,0.03779,0.39232,0.17665,0.03816,0.03878,0.02681,0.03996,0.05086,0.00742,0.03043,0.01631,0.03912,0.03476,0.46907,0.20563,0.04249,0.03872,0.02523,-57.00,4.708,-1,0.0000,-1.00,0.0000,0
31857,1790787828580,0.14989,0.07973,0.01183,0.04225,0.00755,0.04301,0.04727,0.27747,0.23344,0.04020,0.03389,0.03345,0.11392,0.04181,0.00474,0.04372,0.00292,0.02905,0.04836,0.33154,0.27101,0.04763,0.03485,0.03046,-57.18,3.330,-1,0.0000,-1.00,0.0000,0
31950,1790787828701,0.16877,0.04006,0.00715,0.02985,0.00988,0.03794,0.03842,0.43976,0.12837,0.01767,0.03312,0.04903,0.09793,0.01866,0.00442,0.02893,0.00172,0.02618,0.04228,0.52611,0.14801,0.02090,0.03449,0.05036,-56.83,5.277,-1,0.0000,-1.00,0.0000,0
32043,1790787828777,0.10380,0.09470,0.00942,0.03571,0.01808,0.04389,0.05956,0.36862,0.11015,0.02297,0.04076,0.09235,0.03705,0.08867,0.00590,0.03489,0.00184,0.04524,0.05378,0.44052,0.12507,0.02716,0.03987,0.10000,-56.73,4.423,-1,0.0000,-1.00,0.0000,0
32136,1790787828878,0.05896,0.10160,0.00668,0.06589,0.00402,0.02478,0.02419,0.17132,0.25792,0.02033,0.24454,0.01977,0.02836,0.06304,0.00320,0.02181,0.00077,0.02407,0.01643,0.20471,0.30468,0.02424,0.28825,0.02044,-56.32,3.095,-1,0.0000,-1.00,0.0000,0
32229,1790787828958,0.00932,0.14142,0.00267,0.12754,0.00246,0.03293,0.03104,0.01329,0.24176,0.00460,0.38375,0.00920,0.00771,0.11490,0.00216,0.06317,0.00123,0.03803,0.01442,0.01550,0.27716,0.00527,0.45229,0.00817,-56.35,4.605,-1,0.0000,-1.00,0.0000,0
32322,1790787829058,0.01995,0.23572,0.00714,0.06939,0.00681,0.02898,0.09104,0.01204,0.41040,0.01193,0.07367,0.03293,0.02110,0.18783,0.00580,0.06689,0.00208,0.03163,0.07185,0.01327,0.47849,0.01389,0.08200,0.02516,-57.93,4.925,-1,0.0000,-1.00,0.0000,0
32415,1790787829139,0.02638,0.16120,0.01861,0.03183,0.00673,0.01563,0.04675,0.03608,0.49716,0.06130,0.07982,0.01851,0.02271,0.07649,0.00794,0.01973,0.00528,0.01423,0.04085,0.04165,0.59181,0.07240,0.09282,0.01408,-57.38,5.966,-1,0.0000,-1.00,0.0000,0
32507,1790787829237,0.04075,0.07368,0.02367,0.14143,0.01092,0.02077,0.15837,0.07168,0.19892,0.04491,0.16059,0.05433,0.03110,0.04822,0.01797,0.13205,0.00737,0.01872,0.17881,0.08372,0.21208,0.05243,0.18872,0.02880,-56.62,2.387,-1,0.0000,-1.00,0.0000,0
32600,1790787829338,0.00848,0.04911,0.01034,0.26263,0.00291,0.01597,0.08229,0.02739,0.22882,0.00321,0.28310,0.02575,0.00391,0.01450,0.01167,0.24817,0.00110,0.01840,0.09573,0.03051,0.22497,0.00365,0.33557,0.01183,-56.81,3.397,-1,0.0000,-1.00,0.0000,0
32693,1790787829417,0.04503,0.02975,0.03093,0.24779,0.01580,0.02180,0.02609,0.02903,0.14118,0.00393,0.35275,0.05591,0.04826,0.01075,0.03639,0.21377,0.00680,0.01656,0.02913,0.02757,0.12678,0.00337,0.41940,0.06122,-56.91,4.233,-1,0.0000,-1.00,0.0000,0
32786,1790787829518,0.39130,0.01079,0.00449,0.09262,0.08245,0.07611,0.04382,0.09128,0.04371,0.01504,0.12291,0.02549,0.44737,0.00647,0.00480,0.08190,0.09417,0.00309,0.05120,0.10845,0.03260,0.00289,0.14666,0.02040,-56.33,4.696,-1,0.0000,-1.00,0.0000,0
32879,1790787829600,0.33737,0.01812,0.00430,0.08564,0.10860,0.06561,0.08268,0.11960,0.03748,0.02473,0.09134,0.02453,0.37574,0.01624,0.00431,0.08108,0.12806,0.00413,0.09570,0.14261,0.02883,0.00425,0.10863,0.01042,-56.58,4.048,-1,0.0000,-1.00,0.0000,0
32972,1790787829698,0.07633,0.20992,0.00952,0.09150,0.02475,0.02359,0.10986,0.05561,0.28552,0.01355,0.06351,0.03635,0.07861,0.18745,0.00916,0.09505,0.02473,0.01268,0.09448,0.06481,0.32327,0.01133,0.07359,0.02483,-56.82,3.426,-1,0.0000,-1.00,0.0000,0
33065,1790787829777,0.04978,0.36483,0.00142,0.08894,0.01418,0.02682,0.09358,0.02952,0.24639,0.00429,0.04953,0.03074,0.05272,0.38238,0.00112,0.09566,0.01113,0.02168,0.03632,0.03515,0.27627,0.00293,0.05505,0.02959,-56.68,4.378,-1,0.0000,-1.00,0.0000,0
33158,1790787829878,0.09053,0.22568,0.01066,0.16880,0.01721,0.02960,0.06426,0.02419,0.25935,0.02338,0.05928,0.02706,0.10064,0.21865,0.00780,0.18879,0.01542,0.01561,0.03366,0.02744,0.27320,0.02511,0.06793,0.02575,-57.63,3.112,-1,0.0000,-1.00,0.0000,0
33250,1790787829998,0.11349,0.14462,0.01876,0.08709,0.01812,0.03639,0.04994,0.08870,0.27031,0.05244,0.09335,0.02679,0.11579,0.11234,0.01069,0.08300,0.01691,0.02065,0.03757,0.10417,0.30744,0.05948,0.10776,0.02420,-58.40,3.244,-1,0.0000,-1.00,0.0000,0
33343,1790787830077,0.08998,0.05059,0.02741,0.18501,0.02705,0.04304,0.14628,0.05958,0.16421,0.02762,0.10876,0.07046,0.09518,0.02939,0.02714,0.19714,0.02243,0.03271,0.16945,0.06601,0.15753,0.02880,0.12384,0.05039,-58.53,2.220,-1,0.0000,-1.00,0.0000,0
33436,1790787830177,0.07861,0.02558,0.08787,0.11674,0.01725,0.13069,0.15313,0.10181,0.08378,0.02916,0.10541,0.06996,0.07276,0.01671,0.09880,0.12043,0.01116,0.14218,0.18018,0.10241,0.07651,0.03273,0.09812,0.04801,-57.38,1.838,-1,0.0000,-1.00,0.0000,0
33529,1790787830258,0.05417,0.02880,0.02926,0.10731,0.00829,0.14403,0.08772,0.09278,0.08142,0.01541,0.31730,0.03349,0.04411,0.01756,0.03159,0.05965,0.00597,0.16384,0.10163,0.10491,0.08553,0.01750,0.34773,0.01999,-56.84,3.808,-1,0.0000,-1.00,0.0000,0
33622,1790787830358,0.04398,0.05344,0.02228,0.11398,0.01735,0.05882,0.10951,0.13191,0.11866,0.03307,0.21642,0.08057,0.02142,0.03993,0.01910,0.08777,0.00648,0.06624,0.12299,0.15458,0.12479,0.03834,0.24619,0.07216,-57.78,2.597,-1,0.0000,-1.00,0.0000,0
33715,1790787830440,0.04845,0.03045,0.04111,0.11852,0.01922,0.18130,0.03291,0.14335,0.09799,0.06028,0.16900,0.05741,0.02616,0.01754,0.03537,0.11021,0.01096,0.21206,0.03595,0.16476,0.09556,0.07006,0.16046,0.06090,-58.61,2.176,-1,0.0000,-1.00,0.0000,0
33808,1790787830539,0.04768,0.02841,0.06022,0.11851,0.01474,0.18586,0.02841,0.16445,0.11239,0.01950,0.17903,0.04080,0.02196,0.01159,0.06790,0.10806,0.00930,0.21852,0.03162,0.18371,0.11325,0.02152,0.17121,0.04137,-58.42,2.230,-1,0.0000,-1.00,0.0000,0
33901,1790787830641,0.04592,0.05209,0.02576,0.14476,0.01042,0.06703,0.03728,0.17421,0.24216,0.03436,0.13223,0.03378,0.01535,0.01059,0.02294,0.14510,0.00600,0.07757,0.04257,0.20420,0.26140,0.03998,0.14307,0.03124,-58.30,2.906,-1,0.0000,-1.00,0.0000,0
33994,1790787830718,0.02953,0.07783,0.01854,0.11864,0.01214,0.03310,0.05055,0.10681,0.38575,0.03649,0.08175,0.04887,0.00908,0.00799,0.01375,0.12423,0.00525,0.03786,0.05899,0.12526,0.43759,0.04268,0.09045,0.04686,-57.90,4.629,-1,0.0000,-1.00,0.0000,0
34086,1790787830819,0.02857,0.10745,0.01979,0.08986,0.00747,0.02817,0.03014,0.04575,0.53181,0.04704,0.04940,0.01456,0.02409,0.00625,0.01280,0.09708,0.00690,0.02898,0.03487,0.05228,0.61794,0.05505,0.05345,0.01032,-57.00,6.382,-1,0.0000,-1.00,0.0000,0
34179,1790787830897,0.03416,0.05773,0.04318,0.28131,0.00710,0.06764,0.02937,0.06358,0.32172,0.02113,0.05163,0.02146,0.02740,0.00591,0.04691,0.32778,0.00474,0.07561,0.03402,0.06688,0.32052,0.02437,0.04688,0.01897,-56.23,3.861,-1,0.0000,-1.00,0.0000,0
34272,1790787831007,0.22327,0.02289,0.01247,0.22825,0.02929,0.04981,0.01384,0.05766,0.06132,0.01320,0.27587,0.01213,0.25451,0.02106,0.01309,0.20833,0.03273,0.00923,0.01240,0.06650,0.03214,0.00936,0.32873,0.01192,-56.15,3.310,-1,0.0000,-1.00,0.0000,0
34365,1790787831078,0.44473,0.01005,0.00265,0.10722,0.02474,0.09477,0.01950,0.10807,0.03172,0.00829,0.14050,0.00774,0.50732,0.00827,0.00233,0.09561,0.02866,0.01299,0.02173,0.12903,0.01904,0.00427,0.16578,0.00497,-56.16,5.337,-1,0.0000,-1.00,0.0000,0
34458,1790787831177,0.46757,0.00864,0.00517,0.13673,0.00826,0.09220,0.02543,0.10721,0.04299,0.00799,0.07900,0.01881,0.53498,0.00585,0.00456,0.14524,0.00652,0.00448,0.02931,0.12756,0.02271,0.00829,0.09378,0.01673,-55.88,5.611,-1,0.0000,-1.00,0.0000,0
34551,1790787831298,0.39623,0.01850,0.00613,0.15751,0.00328,0.08002,0.00956,0.05053,0.10566,0.00560,0.16034,0.00664,0.46305,0.00300,0.00613,0.15081,0.00278,0.00409,0.01079,0.05941,0.09671,0.00616,0.19131,0.00577,-55.49,4.755,-1,0.0000,-1.00,0.0000,0
34644,1790787831378,0.35175,0.02516,0.00278,0.16955,0.00408,0.07122,0.02489,0.03124,0.09087,0.00385,0.21446,0.01014,0.41410,0.01454,0.00256,0.15234,0.00353,0.00324,0.02663,0.03725,0.07868,0.00392,0.25634,0.00688,-55.05,4.221,-1,0.0000,-1.00,0.0000,0
34737,1790787831478,0.26346,0.02816,0.00227,0.14424,0.01032,0.05276,0.01456,0.03788,0.11143,0.00429,0.32314,0.00749,0.30673,0.01107,0.00214,0.09618,0.01118,0.00241,0.01519,0.04502,0.11445,0.00293,0.38672,0.00596,-55.35,3.878,-1,0.0000,-1.00,0.0000,0
34829,1790787831559,0.09585,0.06340,0.00317,0.14735,0.02205,0.01887,0.01153,0.07219,0.26728,0.01336,0.27567,0.00929,0.09775,0.01688,0.00160,0.11121,0.02462,0.00324,0.01046,0.08618,0.29822,0.01112,0.32968,0.00904,-56.05,3.308,-1,0.0000,-1.00,0.0000,0
34922,1790787831657,0.08864,0.05200,0.00313,0.14921,0.02298,0.01666,0.01078,0.06458,0.22139,0.00685,0.35672,0.00706,0.09092,0.01343,0.00315,0.09413,0.02623,0.00197,0.00995,0.07706,0.24662,0.00301,0.42704,0.00648,-56.71,4.281,-1,0.0000,-1.00,0.0000,0
35015,1790787831738,0.27968,0.04218,0.00180,0.07654,0.02853,0.05455,0.00821,0.09422,0.18765,0.01066,0.20818,0.00779,0.31234,0.00812,0.00091,0.04239,0.03267,0.00345,0.00817,0.11278,0.21645,0.00629,0.24877,0.00766,-57.80,3.356,-1,0.0000,-1.00,0.0000,0
35108,1790787831839,0.27159,0.04293,0.00230,0.10669,0.02670,0.05295,0.01886,0.09393,0.20729,0.01009,0.15527,0.01140,0.30317,0.00583,0.00155,0.09109,0.03014,0.00335,0.02138,0.11231,0.23033,0.00611,0.18538,0.00937,-57.74,3.259,-1,0.0000,-1.00,0.0000,0
35201,1790787831940,0.30616,0.04382,0.00179,0.11029,0.00591,0.06085,0.01994,0.05800,0.20875,0.00548,0.16832,0.01069,0.35309,0.00660,0.00105,0.09229,0.00544,0.00291,0.02256,0.06932,0.23183,0.00549,0.20111,0.00831,-56.63,3.674,-1,0.0000,-1.00,0.0000,0
35294,1790787832017,0.41044,0.04203,0.00397,0.07737,0.00489,0.08115,0.01172,0.03888,0.18238,0.00435,0.13418,0.00864,0.48265,0.00943,0.00389,0.06090,0.00427,0.00156,0.01182,0.04617,0.20647,0.00436,0.16047,0.00801,-56.04,4.925,-1,0.0000,-1.00,0.0000,0
35387,1790787832119,0.41701,0.02702,0.00192,0.12394,0.00596,0.08356,0.00813,0.02503,0.10152,0.00309,0.19891,0.00391,0.49371,0.01235,0.00183,0.10135,0.00650,0.00226,0.00729,0.02963,0.10155,0.00241,0.23789,0.00324,-55.16,5.004,-1,0.0000,-1.00,0.0000,0
35480,1790787832198,0.43450,0.02502,0.00323,0.15116,0.00740,0.08670,0.00547,0.01726,0.11412,0.00227,0.14707,0.00580,0.51658,0.00872,0.00362,0.14625,0.00767,0.00148,0.00482,0.01997,0.10769,0.00127,0.17594,0.00600,-55.28,5.214,-1,0.0000,-1.00,0.0000,0
35572,1790787832298,0.24329,0.03289,0.00321,0.16263,0.01199,0.04794,0.00762,0.02915,0.17974,0.00806,0.26317,0.01031,0.28459,0.00192,0.00241,0.13240,0.01224,0.00103,0.00829,0.03492,0.18913,0.00724,0.31514,0.01071,-55.33,3.158,-1,0.0000,-1.00,0.0000,0
35665,1790787832380,0.20939,0.04714,0.00426,0.14935,0.00817,0.04147,0.00624,0.01894,0.24782,0.00515,0.25609,0.00598,0.24644,0.00227,0.00421,0.11816,0.00862,0.00084,0.00623,0.02265,0.27350,0.00449,0.30669,0.00589,-55.21,3.073,-1,0.0000,-1.00,0.0000,0
35758,1790787832509,0.17674,0.07511,0.00415,0.08368,0.00750,0.03491,0.00978,0.01384,0.35986,0.01876,0.20759,0.00809,0.20852,0.00652,0.00080,0.05098,0.00748,0.00050,0.01042,0.01642,0.42109,0.02100,0.24864,0.00762,-55.39,4.318,-1,0.0000,-1.00,0.0000,0
35851,1790787832598,0.26790,0.03682,0.01044,0.07738,0.02124,0.05881,0.00626,0.00756,0.17520,0.04931,0.21939,0.06970,0.31883,0.00453,0.00115,0.04090,0.00913,0.00728,0.00655,0.00888,0.20182,0.05728,0.26143,0.08221,-54.26,3.215,-1,0.0000,-1.00,0.0000,0
35944,1790787832677,0.17891,0.02118,0.00964,0.12349,0.00783,0.06168,0.00286,0.02514,0.10327,0.01011,0.43611,0.01977,0.20934,0.00265,0.00935,0.04565,0.00489,0.03242,0.00291,0.02828,0.11469,0.01114,0.51614,0.02254,-54.64,5.233,-1,0.0000,-1.00,0.0000,0
36037,1790787832777,0.07896,0.02463,0.03714,0.19722,0.01123,0.03481,0.00359,0.04187,0.13748,0.03424,0.35993,0.03889,0.08563,0.00328,0.03654,0.15180,0.00436,0.02474,0.00365,0.04293,0.13464,0.04017,0.42637,0.04588,-56.59,4.319,-1,0.0000,-1.00,0.0000,0
36130,1790787832858,0.05733,0.02302,0.07114,0.17199,0.00969,0.11323,0.00597,0.02642,0.10652,0.02246,0.35502,0.03721,0.06556,0.00730,0.07998,0.12658,0.00300,0.12268,0.00570,0.01580,0.10231,0.02656,0.40108,0.04346,-57.27,4.260,-1,0.0000,-1.00,0.0000,0
36223,1790787832958,0.02435,0.00833,0.02964,0.15455,0.01177,0.02573,0.00492,0.03839,0.02938,0.00671,0.62860,0.03763,0.02137,0.00448,0.03414,0.03692,0.00535,0.02660,0.00501,0.03923,0.02788,0.00698,0.74794,0.04409,-56.67,7.543,-1,0.0000,-1.00,0.0000,0
36316,1790787833038,0.00966,0.01513,0.02345,0.14537,0.00421,0.04600,0.00345,0.00945,0.07299,0.00293,0.65262,0.01473,0.00974,0.00231,0.02744,0.02126,0.00167,0.05322,0.00368,0.00589,0.08314,0.00328,0.77145,0.01692,-56.04,7.831,-1,0.0000,-1.00,0.0000,0
36408,1790787833139,0.01056,0.02400,0.02309,0.15128,0.00373,0.04573,0.00245,0.01819,0.11912,0.00829,0.58115,0.01241,0.00838,0.00320,0.02575,0.04532,0.00161,0.05313,0.00230,0.01670,0.13374,0.00963,0.68582,0.01442,-55.88,6.974,-1,0.0000,-1.00,0.0000,0
36501,1790787833238,0.00867,0.01669,0.02266,0.13756,0.00784,0.03359,0.00214,0.02589,0.07897,0.00873,0.62259,0.03466,0.00527,0.00198,0.02511,0.01848,0.00126,0.03920,0.00218,0.02604,0.09087,0.01031,0.73824,0.04106,-55.95,7.471,-1,0.0000,-1.00,0.0000,0
36594,1790787833318,0.00858,0.01115,0.02823,0.15532,0.00373,0.02460,0.00426,0.01935,0.04870,0.00652,0.67688,0.01269,0.00698,0.00283,0.03234,0.02643,0.00163,0.02810,0.00454,0.01677,0.05311,0.00749,0.80549,0.01428,-56.17,8.123,-1,0.0000,-1.00,0.0000,0
36687,1790787833419,0.01026,0.01273,0.05931,0.14323,0.01949,0.05440,0.00720,0.03396,0.06983,0.01611,0.47976,0.09373,0.00689,0.00104,0.06730,0.06017,0.00140,0.06384,0.00833,0.02745,0.07174,0.01902,0.56221,0.11060,-56.74,5.757,-1,0.0000,-1.00,0.0000,0
36780,1790787833511,0.00884,0.01132,0.03986,0.16343,0.00603,0.02684,0.00715,0.02853,0.05074,0.01425,0.62254,0.02047,0.00538,0.00367,0.04444,0.04918,0.00268,0.03109,0.00784,0.02538,0.05081,0.01678,0.73978,0.02297,-56.88,7.470,-1,0.0000,-1.00,0.0000,0
36873,1790787833598,0.01012,0.02264,0.01646,0.18785,0.00646,0.02385,0.00318,0.02588,0.13053,0.00441,0.54105,0.02756,0.00673,0.00000,0.01873,0.09764,0.00134,0.02725,0.00380,0.02731,0.13706,0.00502,0.64290,0.03222,-56.93,6.493,-1,0.0000,-1.00,0.0000,0
36966,1790787833677,0.01268,0.01077,0.02223,0.21662,0.00401,0.02629,0.00218,0.02147,0.06834,0.00860,0.59417,0.01265,0.01106,0.00141,0.02463,0.11958,0.00189,0.02931,0.00233,0.02085,0.05801,0.01010,0.70615,0.01470,-57.24,7.130,-1,0.0000,-1.00,0.0000,0
37059,1790787833798,0.00943,0.00541,0.01442,0.20696,0.01290,0.06100,0.00610,0.02026,0.03954,0.01006,0.55414,0.05980,0.00707,0.00177,0.01495,0.11917,0.00152,0.07169,0.00695,0.02132,0.02375,0.01175,0.64978,0.07028,-57.50,6.650,-1,0.0000,-1.00,0.0000,0
37151,1790787833901,0.00707,0.00193,0.00891,0.19360,0.00808,0.02953,0.00439,0.02938,0.02137,0.00584,0.65052,0.03938,0.00181,0.00034,0.00931,0.07883,0.00052,0.03503,0.00492,0.03362,0.00995,0.00691,0.77254,0.04621,-57.91,7.806,-1,0.0000,-1.00,0.0000,0
37244,1790787833978,0.01080,0.00544,0.01745,0.18608,0.01009,0.03336,0.00166,0.04489,0.03662,0.00479,0.60143,0.04740,0.00306,0.00103,0.01980,0.08166,0.00091,0.03937,0.00178,0.04986,0.02769,0.00556,0.71285,0.05644,-57.63,7.217,-1,0.0000,-1.00,0.0000,0
37337,1790787834080,0.00947,0.00905,0.02053,0.16973,0.01145,0.03225,0.00229,0.04837,0.05478,0.00272,0.58576,0.05360,0.00074,0.00042,0.02400,0.06575,0.00108,0.03849,0.00235,0.05351,0.05260,0.00305,0.69425,0.06376,-57.31,7.029,-1,0.0000,-1.00,0.0000,0
37430,1790787834158,0.01399,0.00918,0.02140,0.22917,0.00232,0.04146,0.00359,0.05441,0.06549,0.00243,0.54790,0.00867,0.00483,0.00119,0.02510,0.14637,0.00087,0.04872,0.00406,0.06022,0.04945,0.00273,0.64686,0.00959,-57.57,6.575,-1,0.0000,-1.00,0.0000,0
37523,1790787834256,0.00746,0.00713,0.03035,0.29969,0.00168,0.03313,0.00396,0.02898,0.07253,0.00233,0.50673,0.00601,0.00345,0.00076,0.03585,0.24026,0.00074,0.03905,0.00450,0.02772,0.03928,0.00265,0.59945,0.00631,-58.07,6.081,-1,0.0000,-1.00,0.0000,0
37616,1790787834333,0.02980,0.02132,0.03876,0.22610,0.00631,0.06843,0.01821,0.08447,0.08952,0.01703,0.37514,0.02492,0.01669,0.01216,0.04250,0.18490,0.00241,0.07868,0.01940,0.09279,0.07061,0.01993,0.43391,0.02602,-57.58,4.502,-1,0.0000,-1.00,0.0000,0
37709,1790787834435,0.03411,0.22745,0.00782,0.02099,0.07428,0.04306,0.04616,0.01068,0.10099,0.01997,0.04541,0.36908,0.03840,0.24934,0.00469,0.01609,0.00158,0.04399,0.00589,0.01187,0.11782,0.02362,0.04569,0.44104,-56.43,4.429,-1,0.0000,-1.00,0.0000,0
37802,1790787834538,0.02600,0.39091,0.00472,0.01030,0.04319,0.02715,0.07149,0.00623,0.16593,0.01307,0.02489,0.21612,0.02977,0.42928,0.00257,0.00747,0.00043,0.02664,0.00056,0.00696,0.19735,0.01558,0.02454,0.25885,-56.38,4.691,-1,0.0000,-1.00,0.0000,0
37894,1790787834617,0.02662,0.44829,0.01130,0.02897,0.01239,0.01439,0.08651,0.01665,0.20058,0.04123,0.05316,0.05990,0.02637,0.49217,0.00378,0.02256,0.00086,0.01202,0.00609,0.01920,0.23587,0.04923,0.06132,0.07052,-56.69,5.379,-1,0.0000,-1.00,0.0000,0
37987,1790787834719,0.00539,0.33889,0.00497,0.03341,0.05957,0.01311,0.07022,0.00627,0.11870,0.01298,0.03811,0.29838,0.00495,0.37928,0.00290,0.03156,0.00086,0.01473,0.00896,0.00693,0.13596,0.01540,0.04274,0.35573,-55.54,4.067,-1,0.0000,-1.00,0.0000,0
38080,1790787834792,0.00395,0.18746,0.00477,0.01599,0.10815,0.01401,0.03849,0.00420,0.03440,0.00506,0.04021,0.54332,0.00383,0.21685,0.00453,0.01024,0.00059,0.01608,0.00274,0.00452,0.03919,0.00595,0.04499,0.65049,-54.65,6.520,-1,0.0000,-1.00,0.0000,0
38173,1790787834894,0.27859,0.15684,0.00393,0.01859,0.04805,0.08483,0.03283,0.00791,0.05098,0.00597,0.07347,0.23801,0.33215,0.17607,0.00334,0.00622,0.00123,0.03581,0.00443,0.00881,0.05985,0.00691,0.08094,0.28422,-54.60,3.343,-1,0.0000,-1.00,0.0000,0
38266,1790787834974,0.57453,0.06213,0.00151,0.00824,0.02354,0.13356,0.01183,0.00476,0.03587,0.00449,0.02466,0.11489,0.68732,0.06613,0.00078,0.00495,0.00095,0.02378,0.00106,0.00554,0.04199,0.00519,0.02484,0.13746,-54.71,6.894,-1,0.0000,-1.00,0.0000,0
38359,1790787835100,0.00600,0.73382,0.00114,0.00520,0.00650,0.01245,0.14459,0.00153,0.03888,0.00388,0.01374,0.03227,0.00680,0.87024,0.00045,0.00350,0.00015,0.01357,0.00073,0.00174,0.04590,0.00462,0.01378,0.03852,-54.74,8.806,-1,0.0000,272.51,0.9508,1
38452,1790787835198,0.01061,0.73311,0.00715,0.00234,0.00771,0.00605,0.14452,0.00234,0.04039,0.00346,0.00374,0.03858,0.01246,0.86893,0.00775,0.00211,0.00010,0.00478,0.00091,0.00127,0.04798,0.00412,0.00353,0.04605,-54.23,8.797,-1,0.0000,280.33,0.9738,1
38545,1790787835280,0.02173,0.62571,0.00380,0.00097,0.01939,0.00981,0.12116,0.00097,0.09406,0.00249,0.00231,0.09760,0.02594,0.72744,0.00396,0.00088,0.00008,0.00661,0.00087,0.00048,0.11253,0.00297,0.00145,0.11678,-53.13,7.509,-1,0.0000,278.19,0.9825,1
38638,1790787835380,0.01343,0.35020,0.00508,0.00220,0.00582,0.12605,0.05567,0.00096,0.38213,0.00460,0.02601,0.02785,0.01594,0.32894,0.00501,0.00226,0.00039,0.14787,0.00087,0.00079,0.45744,0.00543,0.00185,0.03320,-53.31,4.586,-1,0.0000,279.09,0.9717,1
38730,1790787835457,0.01434,0.38876,0.00203,0.00205,0.01958,0.17127,0.06796,0.00528,0.25074,0.00821,0.03745,0.03234,0.01597,0.40632,0.00110,0.00151,0.01582,0.20205,0.00088,0.00611,0.30014,0.00671,0.00482,0.03857,-55.32,4.665,-1,0.0000,276.73,0.9557,1
38823,1790787835556,0.20098,0.27728,0.01133,0.00656,0.07892,0.08348,0.05404,0.10624,0.10679,0.03374,0.02372,0.01691,0.21600,0.30709,0.00912,0.00447,0.09072,0.05721,0.00361,0.12576,0.12708,0.02244,0.01709,0.01941,-57.28,3.327,-1,0.0000,-1.00,0.0000,0
38916,1790787835638,0.02074,0.32952,0.18561,0.00714,0.02808,0.09677,0.07078,0.07666,0.07945,0.03229,0.03560,0.03734,0.01538,0.37635,0.21551,0.00456,0.02464,0.11350,0.01021,0.04913,0.09331,0.03480,0.02015,0.04246,-57.80,3.954,-1,0.0000,-1.00,0.0000,0
39009,1790787835738,0.06904,0.26221,0.04259,0.01156,0.02500,0.13156,0.06762,0.04063,0.18814,0.07334,0.05002,0.03831,0.07443,0.26980,0.03447,0.00758,0.02193,0.14288,0.02754,0.04185,0.22393,0.08353,0.03161,0.04044,-58.27,3.146,-1,0.0000,-1.00,0.0000,0
39102,1790787835837,0.07066,0.18969,0.02602,0.02316,0.03701,0.05680,0.12995,0.06783,0.13130,0.07723,0.02894,0.16141,0.06908,0.19700,0.01325,0.02302,0.01059,0.05437,0.11666,0.07865,0.15277,0.09044,0.02390,0.17028,-56.56,2.276,-1,0.0000,-1.00,0.0000,0
39195,1790787835917,0.03646,0.11501,0.02480,0.05224,0.05976,0.02243,0.18595,0.02245,0.07289,0.09897,0.01159,0.29744,0.04047,0.12304,0.00634,0.06080,0.00363,0.02437,0.19842,0.02564,0.07529,0.11787,0.00906,0.31505,-55.33,3.569,-1,0.0000,-1.00,0.0000,0
39288,1790787836018,0.26208,0.04142,0.00845,0.01664,0.07470,0.04596,0.03676,0.31852,0.03160,0.03050,0.06148,0.07190,0.24003,0.04235,0.00560,0.00582,0.06929,0.01230,0.03551,0.38070,0.03672,0.02282,0.07122,0.07765,-55.45,3.822,-1,0.0000,-1.00,0.0000,0
39381,1790787836098,0.23269,0.03601,0.00843,0.00829,0.10765,0.03833,0.02773,0.41172,0.00874,0.05578,0.02580,0.03882,0.18108,0.04123,0.00159,0.00420,0.12075,0.01003,0.02506,0.49303,0.00965,0.04290,0.02892,0.04155,-55.66,4.941,-1,0.0000,-1.00,0.0000,0
39473,1790787836198,0.32192,0.05605,0.00615,0.03426,0.07436,0.06530,0.03935,0.20227,0.02605,0.02751,0.11211,0.03465,0.33864,0.06223,0.00407,0.01487,0.08222,0.01142,0.03451,0.24188,0.02827,0.01667,0.13207,0.03315,-57.39,3.863,-1,0.0000,-1.00,0.0000,0
39566,1790787836279,0.32511,0.02919,0.00268,0.08977,0.05944,0.06698,0.02369,0.17058,0.05444,0.01748,0.14349,0.01714,0.35018,0.02495,0.00174,0.07390,0.06829,0.01084,0.02336,0.20413,0.05058,0.00741,0.16978,0.01483,-58.49,3.901,-1,0.0000,-1.00,0.0000,0
39659,1790787836397,0.54986,0.01123,0.00595,0.06979,0.03103,0.11196,0.01504,0.04012,0.04336,0.01736,0.08896,0.01534,0.64926,0.00598,0.00435,0.06271,0.03422,0.00545,0.01683,0.04721,0.03952,0.01402,0.10552,0.01493,-57.55,6.598,-1,0.0000,-1.00,0.0000,0
39752,1790787836505,0.55780,0.02850,0.00341,0.05342,0.01538,0.11191,0.02284,0.03809,0.04224,0.00967,0.08953,0.02721,0.65941,0.02580,0.00229,0.04288,0.01283,0.00338,0.02224,0.04521,0.04211,0.00904,0.10661,0.02819,-56.73,6.694,-1,0.0000,-1.00,0.0000,0
39845,1790787836580,0.48050,0.03654,0.00445,0.06914,0.00818,0.09505,0.03738,0.05136,0.07084,0.00923,0.10815,0.02916,0.56379,0.02927,0.00325,0.05724,0.00443,0.00213,0.03849,0.06140,0.07321,0.01052,0.12917,0.02711,-56.55,5.766,-1,0.0000,-1.00,0.0000,0
39938,1790787836678,0.48599,0.02828,0.00519,0.09483,0.01225,0.09708,0.02415,0.08077,0.08423,0.00417,0.07256,0.01049,0.56321,0.01770,0.00571,0.09658,0.01315,0.00468,0.02463,0.09646,0.08162,0.00254,0.08602,0.00769,-56.71,5.832,-1,0.0000,-1.00,0.0000,0
40031,1790787836758,0.41262,0.03573,0.00089,0.10658,0.01753,0.07999,0.00832,0.10302,0.12391,0.00606,0.09980,0.00556,0.46987,0.01755,0.00041,0.10410,0.01994,0.00270,0.00649,0.12336,0.12783,0.00331,0.11905,0.00537,-57.46,4.951,-1,0.0000,-1.00,0.0000,0
40124,1790787836858,0.24635,0.06381,0.00221,0.14276,0.05148,0.04923,0.01471,0.09782,0.14786,0.01123,0.12019,0.05236,0.27135,0.04762,0.00192,0.14271,0.04957,0.00519,0.00819,0.11683,0.14888,0.00363,0.14299,0.06112,-58.02,2.956,-1,0.0000,-1.00,0.0000,0
40216,1790787836937,0.27855,0.03191,0.00320,0.11000,0.02954,0.04874,0.01103,0.22513,0.10300,0.00821,0.06539,0.08531,0.28038,0.01836,0.00248,0.11639,0.01551,0.00282,0.00954,0.26930,0.10026,0.00685,0.07779,0.10032,-57.99,3.343,-1,0.0000,-1.00,0.0000,0
40309,1790787837038,0.44614,0.02021,0.00186,0.11367,0.04878,0.08815,0.02468,0.07431,0.06141,0.01290,0.08647,0.02142,0.51679,0.01444,0.00129,0.11578,0.05442,0.00317,0.02670,0.08880,0.05053,0.00477,0.10298,0.02032,-57.81,5.354,-1,0.0000,-1.00,0.0000,0
40402,1790787837137,0.56258,0.00759,0.00123,0.05737,0.03435,0.11135,0.00737,0.04076,0.01133,0.01155,0.15096,0.00356,0.66442,0.00778,0.00033,0.03295,0.04061,0.00171,0.00729,0.04878,0.00705,0.00579,0.18054,0.00274,-57.31,6.751,-1,0.0000,-1.00,0.0000,0
40495,1790787837218,0.54402,0.00728,0.00147,0.07312,0.01674,0.10678,0.00531,0.05596,0.02561,0.00438,0.15522,0.00412,0.63821,0.00506,0.00148,0.05080,0.01929,0.00143,0.00536,0.06676,0.02059,0.00145,0.18571,0.00387,-56.82,6.528,-1,0.0000,-1.00,0.0000,0
40588,1790787837318,0.66106,0.00726,0.00074,0.04465,0.00247,0.13037,0.00337,0.02854,0.02216,0.00163,0.09569,0.00206,0.78522,0.00476,0.00060,0.03080,0.00259,0.00055,0.00309,0.03408,0.02045,0.00145,0.11455,0.00186,-55.42,7.933,-1,0.0000,-1.00,0.0000,0
40681,1790787837398,0.62586,0.00814,0.00061,0.04253,0.00365,0.12429,0.00353,0.02675,0.03662,0.00177,0.12310,0.00315,0.74319,0.00232,0.00045,0.02178,0.00377,0.00160,0.00377,0.03196,0.03952,0.00142,0.14719,0.00302,-55.06,7.510,-1,0.0000,-1.00,0.0000,0
40774,1790787837506,0.52715,0.01058,0.00133,0.06242,0.00433,0.10338,0.00404,0.05218,0.05452,0.00343,0.17392,0.00272,0.61843,0.00196,0.00096,0.03353,0.00473,0.00128,0.00445,0.06233,0.05868,0.00318,0.20814,0.00233,-55.78,6.326,-1,0.0000,-1.00,0.0000,0
40867,1790787837578,0.30976,0.03940,0.00737,0.07136,0.01045,0.05852,0.00315,0.08280,0.19261,0.03373,0.18557,0.00528,0.35147,0.00318,0.00126,0.04145,0.01140,0.00044,0.00314,0.09896,0.22258,0.03815,0.22226,0.00571,-56.56,3.717,-1,0.0000,-1.00,0.0000,0
40959,1790787837698,0.40837,0.02395,0.00243,0.02774,0.01377,0.07154,0.00676,0.25326,0.10817,0.00972,0.06841,0.00587,0.42921,0.00368,0.00121,0.01702,0.01539,0.00064,0.00737,0.30323,0.12624,0.00860,0.08185,0.00557,-57.50,4.900,-1,0.0000,-1.00,0.0000,0
41052,1790787837798,0.54386,0.02431,0.00380,0.02145,0.01636,0.10421,0.00900,0.11408,0.10618,0.01834,0.03108,0.00732,0.62462,0.00462,0.00092,0.01836,0.01826,0.00105,0.00987,0.13652,0.12359,0.01836,0.03704,0.00681,-57.82,6.526,-1,0.0000,-1.00,0.0000,0
41145,1790787837877,0.42570,0.01494,0.01048,0.12582,0.01486,0.09061,0.01484,0.10712,0.07289,0.01224,0.09118,0.01933,0.48490,0.00569,0.01018,0.12959,0.01384,0.01245,0.01590,0.12709,0.06158,0.01199,0.10678,0.02001,-57.51,5.108,-1,0.0000,-1.00,0.0000,0
41238,1790787838007,0.43738,0.05226,0.00514,0.12827,0.00753,0.14329,0.01217,0.10080,0.04225,0.00742,0.03701,0.02647,0.50031,0.05839,0.00450,0.14776,0.00285,0.07251,0.00295,0.11996,0.02133,0.00832,0.02997,0.03114,-56.77,5.249,-1,0.0000,-1.00,0.0000,0
41331,1790787838058,0.28634,0.09315,0.01978,0.07658,0.01423,0.15486,0.02020,0.04764,0.05578,0.09107,0.08967,0.05070,0.33184,0.10132,0.00226,0.07518,0.00488,0.12006,0.00392,0.05683,0.05194,0.10816,0.08364,0.05998,-56.41,3.436,-1,0.0000,-1.00,0.0000,0
41424,1790787838159,0.04577,0.12920,0.02287,0.09771,0.01485,0.10259,0.02344,0.11084,0.17476,0.10503,0.11348,0.05947,0.02819,0.11746,0.00259,0.09474,0.00367,0.11753,0.00480,0.13230,0.19059,0.12515,0.11267,0.07031,-57.16,2.097,-1,0.0000,-1.00,0.0000,0
41517,1790787838237,0.13213,0.10945,0.00466,0.12730,0.02600,0.14063,0.01997,0.09863,0.13271,0.01592,0.06898,0.12363,0.13496,0.10520,0.00188,0.14172,0.00191,0.14175,0.00306,0.11782,0.13092,0.01869,0.05456,0.14754,-57.89,1.688,-1,0.0000,-1.00,0.0000,0
41610,1790787838338,0.12811,0.13651,0.00674,0.22568,0.01663,0.11174,0.04420,0.05221,0.12892,0.02481,0.05803,0.06641,0.14127,0.14322,0.00236,0.26080,0.00513,0.10588,0.02457,0.06209,0.10266,0.02883,0.04855,0.07462,-56.74,2.708,-1,0.0000,-1.00,0.0000,0
41703,1790787838438,0.02020,0.31362,0.00920,0.11642,0.00837,0.04335,0.26389,0.01032,0.03707,0.03773,0.06818,0.07164,0.02153,0.37221,0.00217,0.12518,0.00254,0.04767,0.24242,0.01194,0.01960,0.04470,0.07225,0.03778,-56.93,3.763,-1,0.0000,-1.00,0.0000,0
41795,1790787838518,0.12928,0.16332,0.01158,0.07826,0.01771,0.04471,0.23470,0.05615,0.04478,0.01403,0.08755,0.11793,0.14212,0.18797,0.01065,0.07397,0.00282,0.02539,0.24397,0.06517,0.03899,0.01625,0.09987,0.09282,-58.66,2.816,-1,0.0000,-1.00,0.0000,0
41888,1790787838618,0.15520,0.22032,0.00589,0.05778,0.01417,0.05854,0.08468,0.08674,0.18166,0.00952,0.05893,0.06658,0.16561,0.22312,0.00490,0.05671,0.00342,0.03732,0.05691,0.10328,0.20625,0.01090,0.06322,0.06836,-58.40,2.644,-1,0.0000,-1.00,0.0000,0
41981,1790787838698,0.08720,0.13671,0.01569,0.08708,0.01435,0.07121,0.05470,0.10809,0.26098,0.04352,0.05610,0.06436,0.07875,0.10593,0.00858,0.09376,0.00365,0.06972,0.04455,0.12782,0.29402,0.05153,0.05341,0.06829,-58.05,3.132,-1,0.0000,-1.00,0.0000,0
42074,1790787838798,0.17591,0.16150,0.01635,0.06291,0.01681,0.08218,0.04936,0.02643,0.25577,0.02463,0.04995,0.07820,0.20472,0.13553,0.01385,0.06579,0.00280,0.05789,0.03156,0.02963,0.29343,0.02896,0.04838,0.08745,-58.03,3.069,-1,0.0000,-1.00,0.0000,0
42167,1790787838898,0.23715,0.11761,0.00787,0.06862,0.00899,0.08939,0.03188,0.01986,0.30683,0.01830,0.05621,0.03728,0.27964,0.07083,0.00519,0.07090,0.00287,0.05168,0.02386,0.02307,0.35361,0.02136,0.05710,0.03990,-57.47,3.682,-1,0.0000,-1.00,0.0000,0
42260,1790787839004,0.32489,0.12808,0.00846,0.04598,0.00800,0.09901,0.02585,0.03080,0.25860,0.01178,0.02487,0.03369,0.38242,0.09404,0.00740,0.05090,0.00149,0.04344,0.01233,0.03544,0.29977,0.01382,0.02119,0.03777,-57.06,3.899,-1,0.0000,-1.00,0.0000,0
42353,1790787839098,0.20308,0.18285,0.00578,0.02052,0.01161,0.12814,0.05449,0.25382,0.04086,0.01176,0.03932,0.04777,0.18322,0.21017,0.00427,0.01986,0.00349,0.11723,0.02363,0.30329,0.04502,0.01340,0.02387,0.05256,-57.38,3.046,-1,0.0000,-1.00,0.0000,0
42446,1790787839179,0.14904,0.02612,0.04100,0.04008,0.01186,0.05572,0.00997,0.53173,0.04623,0.01036,0.02283,0.05507,0.05397,0.02208,0.04672,0.04481,0.00139,0.05606,0.00683,0.62861,0.04651,0.01214,0.01624,0.06464,-56.79,6.381,-1,0.0000,-1.00,0.0000,0
42538,1790787839278,0.13005,0.00903,0.11128,0.01399,0.01178,0.10507,0.00540,0.46181,0.01869,0.05383,0.02488,0.05418,0.05087,0.00699,0.12061,0.01541,0.00144,0.11582,0.00509,0.52945,0.01934,0.06422,0.00685,0.06391,-55.19,5.542,-1,0.0000,-1.00,0.0000,0
42631,1790787839357,0.06698,0.00388,0.10702,0.00929,0.01080,0.34424,0.00562,0.30631,0.01188,0.01109,0.07057,0.05234,0.01246,0.00224,0.12562,0.01049,0.00074,0.41004,0.00620,0.34222,0.01215,0.01314,0.00327,0.06144,-55.15,4.131,-1,0.0000,-1.00,0.0000,0
42724,1790787839458,0.09598,0.03249,0.03384,0.01315,0.11065,0.07950,0.04400,0.42535,0.02644,0.03761,0.03237,0.06861,0.01832,0.03324,0.03627,0.01167,0.11856,0.09177,0.04613,0.50248,0.02937,0.02157,0.02060,0.07002,-56.85,5.104,-1,0.0000,-1.00,0.0000,0
42817,1790787839538,0.12451,0.03199,0.03845,0.02374,0.05226,0.15893,0.05856,0.27704,0.04094,0.05423,0.05151,0.08786,0.09243,0.02951,0.03499,0.02297,0.04579,0.17211,0.06432,0.32503,0.04450,0.05590,0.02760,0.08486,-58.25,3.324,-1,0.0000,-1.00,0.0000,0
42910,1790787839638,0.05700,0.04281,0.03836,0.15008,0.01666,0.10135,0.02145,0.16449,0.14541,0.02372,0.21944,0.01923,0.02963,0.02315,0.04096,0.13225,0.01623,0.11557,0.02112,0.18898,0.14802,0.02520,0.24003,0.01885,-57.84,2.633,-1,0.0000,-1.00,0.0000,0
43003,1790787839737,0.08152,0.02660,0.03475,0.24320,0.01139,0.05890,0.00663,0.07019,0.15666,0.01036,0.28066,0.01914,0.08248,0.00362,0.03955,0.22687,0.00938,0.05422,0.00699,0.07650,0.14274,0.01056,0.32555,0.02154,-57.03,3.368,-1,0.0000,-1.00,0.0000,0
43096,1790787839818,0.08506,0.01261,0.02173,0.21339,0.00482,0.17895,0.00699,0.05283,0.07553,0.03783,0.30088,0.00938,0.09004,0.00474,0.01718,0.19195,0.00384,0.19658,0.00740,0.05993,0.05233,0.04469,0.32155,0.00977,-56.76,3.611,-1,0.0000,-1.00,0.0000,0
43189,1790787839917,0.09052,0.01576,0.03164,0.12636,0.01624,0.17011,0.03113,0.04067,0.04531,0.08783,0.32744,0.01699,0.09947,0.01130,0.01771,0.08087,0.01680,0.18411,0.03489,0.04540,0.03826,0.10191,0.35585,0.01344,-56.82,3.929,-1,0.0000,-1.00,0.0000,0
43281,1790787840002,0.05742,0.04716,0.05814,0.11297,0.01629,0.05531,0.05670,0.10018,0.13072,0.02750,0.30435,0.03325,0.04810,0.02803,0.06369,0.06530,0.01419,0.05674,0.06239,0.10741,0.14369,0.03013,0.35344,0.02689,-57.08,3.652,-1,0.0000,-1.00,0.0000,0
43374,1790787840098,0.03292,0.04363,0.02384,0.14250,0.04671,0.03903,0.02877,0.06439,0.18703,0.03280,0.26140,0.09697,0.02435,0.01246,0.02212,0.11030,0.03411,0.04194,0.02997,0.07481,0.20224,0.03254,0.30491,0.11025,-57.80,3.137,-1,0.0000,-1.00,0.0000,0
43467,1790787840197,0.06235,0.03869,0.05382,0.12554,0.04493,0.04058,0.03339,0.04856,0.20408,0.05599,0.19595,0.09611,0.06440,0.00215,0.05247,0.10529,0.03242,0.03586,0.03603,0.05134,0.22367,0.06066,0.22769,0.10802,-57.70,2.449,-1,0.0000,-1.00,0.0000,0
43560,1790787840297,0.02372,0.01489,0.02162,0.34003,0.00682,0.05619,0.02114,0.03909,0.12129,0.02369,0.30873,0.02280,0.01871,0.00305,0.02042,0.33660,0.00364,0.06362,0.02251,0.04502,0.07860,0.02766,0.35732,0.02285,-56.92,4.080,-1,0.0000,-1.00,0.0000,0
43653,1790787840397,0.02493,0.01235,0.01358,0.49709,0.00587,0.07001,0.01032,0.02079,0.11683,0.01752,0.19744,0.01326,0.02502,0.00912,0.01229,0.55184,0.00430,0.07893,0.01049,0.02254,0.03060,0.02014,0.22094,0.01381,-57.02,5.965,-1,0.0000,-1.00,0.0000,0
43746,1790787840506,0.03310,0.00744,0.03573,0.43953,0.01515,0.07924,0.01006,0.06055,0.10545,0.02887,0.17199,0.01290,0.02600,0.00350,0.03656,0.48933,0.01547,0.08979,0.00981,0.06686,0.02935,0.03153,0.18829,0.01351,-56.85,5.274,-1,0.0000,-1.00,0.0000,0
43839,1790787840579,0.02703,0.02162,0.00883,0.35717,0.00309,0.08566,0.00499,0.09160,0.14544,0.01683,0.23069,0.00705,0.01057,0.00652,0.00664,0.37713,0.00222,0.10054,0.00467,0.10845,0.09939,0.01985,0.25649,0.00752,-56.88,4.286,-1,0.0000,-1.00,0.0000,0
43932,1790787840658,0.02235,0.01538,0.01565,0.26774,0.00779,0.08473,0.01048,0.09206,0.07252,0.01467,0.38996,0.00666,0.00541,0.01042,0.01559,0.23213,0.00811,0.10051,0.01041,0.10730,0.04088,0.01597,0.44734,0.00592,-56.95,4.680,3,0.9504,38.74,0.9504,1
44025,1790787840758,0.01748,0.01365,0.00885,0.28874,0.00515,0.07010,0.00741,0.02822,0.08574,0.01885,0.44473,0.01108,0.01432,0.00572,0.00628,0.24353,0.00384,0.08116,0.00775,0.03256,0.05446,0.02183,0.51680,0.01174,-57.42,5.337,-1,0.0000,-1.00,0.0000,0
44117,1790787840838,0.01573,0.02018,0.00953,0.24370,0.00464,0.04085,0.01149,0.04165,0.12190,0.00720,0.47285,0.01028,0.00930,0.00236,0.00985,0.18154,0.00363,0.04710,0.01307,0.04819,0.11008,0.00790,0.55725,0.00973,-57.62,5.674,-1,0.0000,-1.00,0.0000,0
44210,1790787840940,0.01246,0.01949,0.00681,0.19953,0.00963,0.03342,0.00671,0.02653,0.11127,0.01539,0.55232,0.00645,0.00880,0.00122,0.00491,0.10940,0.01031,0.03829,0.00774,0.03087,0.11164,0.01639,0.65421,0.00619,-57.14,6.628,-1,0.0000,-1.00,0.0000,0
44303,1790787841036,0.00959,0.02469,0.00564,0.17609,0.00248,0.02327,0.00627,0.02768,0.13321,0.00821,0.57922,0.00365,0.00506,0.00087,0.00490,0.07447,0.00238,0.02688,0.00713,0.03241,0.14486,0.00936,0.68871,0.00296,-57.74,6.951,-1,0.0000,-1.00,0.0000,0
44396,1790787841118,0.01138,0.02403,0.01626,0.18483,0.00320,0.04064,0.01137,0.02572,0.12965,0.01786,0.52771,0.00733,0.00829,0.00186,0.01533,0.09798,0.00262,0.04708,0.01324,0.02780,0.13588,0.02094,0.62299,0.00599,-57.87,6.333,-1,0.0000,-1.00,0.0000,0
44489,1790787841217,0.01951,0.01354,0.01570,0.36862,0.00208,0.04410,0.00694,0.04226,0.11676,0.01444,0.35289,0.00314,0.01372,0.00286,0.01547,0.35984,0.00205,0.05012,0.00775,0.04758,0.06858,0.01690,0.41291,0.00223,-58.11,4.423,-1,0.0000,-1.00,0.0000,0
44582,1790787841297,0.02433,0.01799,0.02344,0.23128,0.00425,0.03513,0.01061,0.04264,0.05970,0.01227,0.52839,0.00996,0.01973,0.01368,0.02530,0.15311,0.00312,0.03818,0.01000,0.04608,0.04119,0.01409,0.62557,0.00996,-58.61,6.341,-1,0.0000,-1.00,0.0000,0
44675,1790787841398,0.00898,0.22138,0.01017,0.07692,0.01165,0.01159,0.07165,0.01515,0.29526,0.01088,0.20924,0.05712,0.00645,0.19833,0.00970,0.04296,0.00230,0.01262,0.04641,0.01635,0.34527,0.01258,0.24822,0.05881,-58.21,3.543,-1,0.0000,-1.00,0.0000,0
44768,1790787841500,0.01011,0.20554,0.01118,0.06388,0.00966,0.00797,0.03425,0.01292,0.35504,0.04077,0.20454,0.04414,0.00919,0.16306,0.00376,0.02826,0.00143,0.00772,0.00871,0.01473,0.41983,0.04857,0.24356,0.05116,-58.09,4.261,-1,0.0000,-1.00,0.0000,0
44860,1790787841598,0.01380,0.21371,0.02924,0.08255,0.00384,0.01023,0.05045,0.01229,0.30711,0.10444,0.15703,0.01532,0.01391,0.18569,0.01028,0.06199,0.00190,0.00950,0.02364,0.01268,0.35562,0.12484,0.18627,0.01367,-58.39,3.685,-1,0.0000,-1.00,0.0000,0
44953,1790787841698,0.00985,0.17508,0.01372,0.11211,0.01152,0.01723,0.06988,0.01048,0.36219,0.02572,0.14009,0.05213,0.00973,0.12775,0.01047,0.10180,0.00372,0.01872,0.05840,0.01048,0.41381,0.03008,0.16416,0.05088,-58.53,4.346,-1,0.0000,-1.00,0.0000,0
45046,1790787841778,0.01877,0.21528,0.00500,0.08015,0.02229,0.03973,0.09476,0.00679,0.26974,0.00807,0.12521,0.11421,0.02101,0.19655,0.00418,0.06801,0.00251,0.04344,0.07439,0.00750,0.30973,0.00917,0.14142,0.12210,-57.85,3.237,-1,0.0000,-1.00,0.0000,0
45139,1790787841875,0.02735,0.31976,0.07073,0.08014,0.02724,0.02551,0.11772,0.02594,0.21272,0.01203,0.03629,0.04457,0.03002,0.33609,0.08288,0.08838,0.02501,0.02461,0.07444,0.01465,0.23737,0.00945,0.03860,0.03850,-57.38,3.837,-1,0.0000,-1.00,0.0000,0
45232,1790787841957,0.08299,0.14407,0.01830,0.12230,0.12038,0.07014,0.03366,0.02011,0.21963,0.03245,0.05814,0.07784,0.09541,0.12579,0.01907,0.13541,0.12334,0.06814,0.01536,0.02035,0.23632,0.01443,0.05615,0.09022,-57.24,2.636,-1,0.0000,-1.00,0.0000,0
45325,1790787842058,0.36675,0.09224,0.02453,0.04621,0.08459,0.16024,0.02279,0.01234,0.06560,0.04129,0.03667,0.04675,0.43742,0.09696,0.02310,0.05083,0.08993,0.10595,0.00802,0.01027,0.06841,0.03176,0.02293,0.05443,-57.63,4.401,-1,0.0000,-1.00,0.0000,0
45418,1790787842139,0.09074,0.17974,0.02916,0.11264,0.11536,0.03114,0.10802,0.01280,0.13903,0.03132,0.09609,0.05396,0.10675,0.18692,0.03257,0.11279,0.12903,0.01615,0.09177,0.00949,0.14423,0.01195,0.11194,0.04643,-58.57,2.157,-1,0.0000,-1.00,0.0000,0
45511,1790787842237,0.02411,0.13265,0.03055,0.09702,0.03337,0.06627,0.04011,0.01770,0.38592,0.03206,0.10275,0.03749,0.02531,0.07118,0.03026,0.09477,0.03234,0.07439,0.03200,0.01717,0.44363,0.03200,0.10838,0.03858,-58.48,4.631,-1,0.0000,-1.00,0.0000,0
45603,1790787842338,0.10129,0.06817,0.03573,0.08527,0.02010,0.03990,0.02079,0.18445,0.25596,0.05901,0.05598,0.07335,0.06395,0.03918,0.02908,0.09026,0.00734,0.03514,0.01714,0.21525,0.28881,0.06926,0.06011,0.08449,-57.07,3.072,-1,0.0000,-1.00,0.0000,0
45696,1790787842417,0.07874,0.08627,0.04914,0.05694,0.07228,0.02967,0.03287,0.32562,0.12289,0.05171,0.02506,0.06882,0.01891,0.07669,0.04938,0.06352,0.07120,0.03181,0.02402,0.38054,0.13460,0.04790,0.02373,0.07770,-56.25,3.907,-1,0.0000,-1.00,0.0000,0
45789,1790787842517,0.06997,0.06362,0.04182,0.05837,0.03752,0.09437,0.04470,0.25451,0.09338,0.04443,0.07214,0.12517,0.02496,0.05630,0.04023,0.05705,0.01689,0.10813,0.04241,0.29699,0.10058,0.04989,0.06500,0.14157,-57.53,3.054,-1,0.0000,-1.00,0.0000,0
45882,1790787842598,0.06837,0.05986,0.03171,0.06845,0.04612,0.10268,0.06465,0.21166,0.08213,0.04412,0.10102,0.11923,0.03277,0.05468,0.02865,0.06263,0.02894,0.11715,0.06663,0.24794,0.08599,0.04713,0.09782,0.12966,-59.69,2.540,-1,0.0000,-1.00,0.0000,0
45975,1790787842699,0.05794,0.12009,0.03383,0.03264,0.02529,0.07830,0.06382,0.15519,0.21549,0.03938,0.09964,0.07838,0.03546,0.09346,0.03174,0.01885,0.01429,0.08680,0.05794,0.17966,0.25448,0.04435,0.10219,0.08078,-58.04,2.586,-1,0.0000,-1.00,0.0000,0
46068,1790787842799,0.01364,0.10835,0.00467,0.09178,0.00432,0.01854,0.02523,0.02144,0.35999,0.01021,0.32389,0.01794,0.01047,0.04672,0.00324,0.03382,0.00177,0.02014,0.02097,0.02505,0.42465,0.01188,0.38411,0.01718,-54.99,4.320,-1,0.0000,-1.00,0.0000,0
46161,1790787842897,0.01247,0.14150,0.00747,0.15766,0.00251,0.03028,0.14139,0.01084,0.34837,0.01275,0.10392,0.03083,0.01229,0.09375,0.00599,0.16556,0.00164,0.03385,0.15083,0.01180,0.38461,0.01495,0.11781,0.00691,-54.86,4.180,-1,0.0000,-1.00,0.0000,0
46254,1790787843010,0.01800,0.14585,0.00993,0.11708,0.00495,0.12106,0.05575,0.01960,0.37774,0.01390,0.10031,0.01583,0.01558,0.09252,0.00877,0.12204,0.00428,0.14198,0.04846,0.02175,0.42843,0.01581,0.09205,0.00834,-57.45,4.533,-1,0.0000,-1.00,0.0000,0
46347,1790787843079,0.03086,0.17987,0.02124,0.06798,0.01103,0.04810,0.07078,0.05176,0.33435,0.06280,0.08469,0.03654,0.02509,0.13862,0.01078,0.06341,0.00679,0.05266,0.05726,0.05995,0.38793,0.07404,0.09103,0.03243,-58.36,4.012,-1,0.0000,-1.00,0.0000,0
46439,1790787843178,0.20967,0.05087,0.01117,0.12864,0.00828,0.06674,0.11723,0.06563,0.15735,0.03099,0.11220,0.04124,0.23403,0.03071,0.00623,0.12882,0.00528,0.03374,0.13434,0.07745,0.16300,0.03609,0.12776,0.02255,-56.27,2.516,-1,0.0000,-1.00,0.0000,0
46532,1790787843257,0.58279,0.01619,0.00180,0.06021,0.00313,0.12093,0.03709,0.08530,0.05915,0.00391,0.01955,0.00995,0.67821,0.00802,0.00135,0.06791,0.00308,0.01045,0.04276,0.10203,0.05742,0.00407,0.02135,0.00334,-55.24,6.994,-1,0.0000,-1.00,0.0000,0
46625,1790787843358,0.56623,0.02282,0.00227,0.05399,0.02860,0.11323,0.01519,0.07706,0.08953,0.00684,0.01489,0.00934,0.66025,0.00849,0.00238,0.06135,0.03269,0.00479,0.01642,0.09196,0.09512,0.00171,0.01689,0.00794,-55.49,6.795,-1,0.0000,-1.00,0.0000,0
46718,1790787843437,0.35552,0.09250,0.00436,0.06154,0.05316,0.06839,0.05914,0.08081,0.16144,0.01643,0.03411,0.01260,0.40261,0.07943,0.00379,0.06572,0.06288,0.00214,0.05512,0.09608,0.18041,0.00722,0.04044,0.00416,-55.84,4.266,-1,0.0000,-1.00,0.0000,0
46811,1790787843539,0.44971,0.03322,0.00474,0.08203,0.01348,0.08634,0.08599,0.09053,0.08500,0.00451,0.03800,0.02645,0.51247,0.02825,0.00511,0.08933,0.01370,0.00186,0.09744,0.10746,0.08399,0.00284,0.04517,0.01238,-55.77,5.397,-1,0.0000,-1.00,0.0000,0
46904,1790787843638,0.07049,0.21637,0.00588,0.04288,0.01086,0.02851,0.08475,0.03176,0.44405,0.00225,0.01891,0.04330,0.07656,0.15629,0.00672,0.04763,0.00551,0.01899,0.07056,0.03672,0.52257,0.00166,0.01889,0.03789,-55.23,5.329,-1,0.0000,-1.00,0.0000,0
46997,1790787843717,0.05081,0.29563,0.00596,0.03914,0.03662,0.03018,0.07497,0.01729,0.39729,0.01711,0.02264,0.01235,0.05691,0.26154,0.00475,0.04250,0.04243,0.02488,0.03771,0.02004,0.46762,0.01210,0.02220,0.00732,-56.42,4.767,-1,0.0000,-1.00,0.0000,0
47090,1790787843817,0.09443,0.16813,0.01170,0.16719,0.08676,0.04876,0.06246,0.04709,0.18681,0.03594,0.06442,0.02632,0.10233,0.16441,0.00939,0.18653,0.09937,0.03814,0.04225,0.05456,0.18686,0.02337,0.06963,0.02316,-58.75,2.242,-1,0.0000,-1.00,0.0000,0
47182,1790787843897,0.22922,0.14802,0.01117,0.06743,0.03414,0.07922,0.05951,0.04679,0.17147,0.03198,0.08762,0.03344,0.26383,0.13905,0.00715,0.06166,0.03468,0.04262,0.04374,0.05465,0.19324,0.03144,0.09653,0.03140,-59.01,2.751,-1,0.0000,-1.00,0.0000,0
47275,1790787844018,0.19671,0.05809,0.04634,0.13751,0.02602,0.12636,0.05132,0.05877,0.12317,0.03292,0.06805,0.07474,0.22363,0.04637,0.04830,0.15282,0.01547,0.10708,0.05224,0.06091,0.11723,0.03644,0.06031,0.07921,-58.36,2.360,-1,0.0000,-1.00,0.0000,0
47368,1790787844098,0.05628,0.01590,0.06664,0.08757,0.01325,0.22296,0.01490,0.12824,0.05044,0.05922,0.23491,0.04969,0.03956,0.00941,0.06596,0.05932,0.00471,0.25932,0.01599,0.14059,0.04866,0.07005,0.23007,0.05638,-57.82,2.819,-1,0.0000,-1.00,0.0000,0
47461,1790787844198,0.03908,0.01472,0.04970,0.07611,0.00731,0.29116,0.02627,0.12332,0.05738,0.01599,0.26858,0.03040,0.01963,0.00562,0.05586,0.04096,0.00271,0.34499,0.02987,0.13718,0.06062,0.01863,0.25343,0.03050,-57.47,3.494,-1,0.0000,-1.00,0.0000,0
47554,1790787844297,0.02631,0.01651,0.08419,0.10868,0.00781,0.17520,0.00974,0.11477,0.04347,0.09872,0.28680,0.02778,0.00731,0.01222,0.07756,0.07030,0.00312,0.20849,0.00922,0.12218,0.03815,0.11767,0.30232,0.03146,-57.03,3.442,-1,0.0000,-1.00,0.0000,0
47647,1790787844378,0.02448,0.01588,0.08237,0.13167,0.00902,0.21170,0.02185,0.11387,0.05771,0.06883,0.24943,0.01318,0.00538,0.00973,0.08268,0.10846,0.00853,0.25270,0.02417,0.12014,0.04765,0.08079,0.24878,0.01101,-56.86,2.993,-1,0.0000,-1.00,0.0000,0
47740,1790787844477,0.04164,0.02449,0.02049,0.08595,0.00638,0.07511,0.26772,0.01954,0.11842,0.01286,0.25566,0.07173,0.04545,0.00368,0.02160,0.04544,0.00318,0.08099,0.32006,0.01913,0.13276,0.01491,0.29029,0.02250,-56.81,3.213,-1,0.0000,-1.00,0.0000,0
47833,1790787844558,0.03545,0.05494,0.01118,0.07733,0.00527,0.04372,0.24645,0.01499,0.27936,0.01701,0.14664,0.06765,0.03929,0.00182,0.00943,0.05959,0.00177,0.04467,0.29495,0.01609,0.32292,0.02003,0.16685,0.02259,-57.49,3.352,-1,0.0000,-1.00,0.0000,0
47925,1790787844658,0.03408,0.08775,0.01412,0.08177,0.00665,0.04210,0.07371,0.02310,0.44061,0.03647,0.12820,0.03143,0.03516,0.00373,0.00840,0.06924,0.00394,0.04348,0.08758,0.02602,0.51419,0.04296,0.14500,0.02030,-57.22,5.287,-1,0.0000,-1.00,0.0000,0
48018,1790787844738,0.00951,0.06158,0.01091,0.08864,0.00601,0.04268,0.16161,0.01744,0.31356,0.01481,0.22855,0.04470,0.00711,0.00197,0.00970,0.05388,0.00414,0.04978,0.19326,0.01898,0.36495,0.01700,0.26398,0.01525,-56.43,3.763,-1,0.0000,-1.00,0.0000,0
48111,1790787844838,0.03687,0.04819,0.01561,0.11277,0.01182,0.06851,0.19228,0.03186,0.22966,0.01890,0.17058,0.06297,0.03708,0.00702,0.01453,0.09754,0.00818,0.07474,0.22849,0.03581,0.25585,0.02103,0.18958,0.03016,-56.57,2.756,-1,0.0000,-1.00,0.0000,0
48204,1790787844936,0.14494,0.07306,0.00647,0.12184,0.01028,0.08479,0.10076,0.04462,0.22685,0.01299,0.10974,0.06367,0.16320,0.03851,0.00473,0.12265,0.00163,0.06924,0.11300,0.05263,0.24750,0.01525,0.11777,0.05389,-57.08,2.722,-1,0.0000,-1.00,0.0000,0
48297,1790787845019,0.16023,0.07431,0.01196,0.07963,0.01530,0.07451,0.10150,0.01754,0.21810,0.04865,0.11166,0.08661,0.18794,0.04002,0.00285,0.07094,0.00203,0.05222,0.11366,0.02048,0.24727,0.05789,0.12344,0.08125,-57.31,2.617,-1,0.0000,-1.00,0.0000,0
48390,1790787845118,0.12032,0.05203,0.01328,0.12190,0.03128,0.10592,0.02650,0.05308,0.18697,0.02767,0.11007,0.15098,0.13193,0.02283,0.00942,0.12387,0.00269,0.10076,0.02723,0.06173,0.19933,0.03276,0.11192,0.17551,-57.39,2.244,-1,0.0000,-1.00,0.0000,0
48483,1790787845197,0.10423,0.06275,0.00983,0.13259,0.02040,0.14054,0.03080,0.09387,0.21046,0.01781,0.08682,0.08989,0.10285,0.03086,0.00772,0.14407,0.00429,0.14801,0.03056,0.11117,0.22362,0.02049,0.07469,0.10165,-57.42,2.526,-1,0.0000,-1.00,0.0000,0
48576,1790787845318,0.10558,0.07038,0.00624,0.13207,0.02299,0.07381,0.03727,0.05634,0.24806,0.01688,0.13260,0.09779,0.11323,0.03052,0.00370,0.12935,0.00575,0.06608,0.03855,0.06682,0.27159,0.01909,0.14579,0.10953,-57.05,2.977,-1,0.0000,-1.00,0.0000,0
48669,1790787845397,0.43435,0.03933,0.00309,0.07971,0.01605,0.11098,0.04930,0.01703,0.07072,0.00573,0.09390,0.07981,0.51650,0.03326,0.00244,0.07441,0.00233,0.03059,0.05248,0.01992,0.06999,0.00641,0.10645,0.08523,-57.16,5.212,-1,0.0000,-1.00,0.0000,0
48761,1790787845511,0.12715,0.40068,0.00366,0.05598,0.01233,0.04414,0.15154,0.01906,0.03524,0.01279,0.06598,0.07145,0.14778,0.47390,0.00139,0.05233,0.00125,0.02360,0.08764,0.02256,0.03185,0.01508,0.07438,0.06824,-56.45,4.808,-1,0.0000,-1.00,0.0000,0
48854,1790787845600,0.03574,0.56997,0.00479,0.02752,0.01103,0.02356,0.15283,0.02033,0.05176,0.00334,0.04015,0.05898,0.03813,0.67169,0.00500,0.02425,0.00118,0.02067,0.04998,0.02337,0.05721,0.00377,0.04401,0.06076,-55.55,6.840,-1,0.0000,-1.00,0.0000,0
48947,1790787845677,0.02560,0.62819,0.00149,0.02362,0.01017,0.03656,0.13959,0.02100,0.03004,0.00355,0.03809,0.04209,0.02515,0.74701,0.00105,0.02078,0.00295,0.03883,0.01917,0.02495,0.03188,0.00367,0.03795,0.04662,-55.04,7.538,-1,0.0000,-1.00,0.0000,0
49040,1790787845778,0.03050,0.68631,0.00324,0.02709,0.00516,0.02203,0.15102,0.00715,0.03055,0.00330,0.01442,0.01923,0.03499,0.81628,0.00318,0.02980,0.00237,0.01946,0.01904,0.00804,0.03066,0.00353,0.01342,0.01923,-54.98,8.236,-1,0.0000,-1.00,0.0000,0
49133,1790787845858,0.08313,0.50091,0.00885,0.06200,0.00579,0.04744,0.10707,0.00569,0.05946,0.00895,0.08687,0.02383,0.09859,0.58830,0.00852,0.05513,0.00174,0.03730,0.01167,0.00513,0.06023,0.01047,0.09670,0.02622,-55.99,6.011,-1,0.0000,-1.00,0.0000,0
49226,1790787845957,0.29948,0.30817,0.00674,0.03788,0.00572,0.07479,0.06487,0.02573,0.06559,0.00515,0.09282,0.01306,0.35333,0.35463,0.00701,0.02411,0.00411,0.01957,0.00743,0.02944,0.07381,0.00536,0.10734,0.01385,-56.41,3.698,-1,0.0000,-1.00,0.0000,0
49319,1790787846040,0.35169,0.24773,0.02244,0.04418,0.01137,0.08990,0.05372,0.05305,0.06554,0.00621,0.03363,0.02055,0.40981,0.28308,0.02573,0.04604,0.00793,0.02762,0.00821,0.05850,0.06941,0.00587,0.03482,0.02300,-57.14,4.220,-1,0.0000,-1.00,0.0000,0
49412,1790787846136,0.16500,0.18413,0.03776,0.05100,0.01930,0.07297,0.09600,0.02992,0.23706,0.01130,0.05300,0.04257,0.19198,0.16644,0.04320,0.05046,0.01620,0.04937,0.08051,0.02882,0.27406,0.01033,0.05371,0.03493,-57.50,2.845,-1,0.0000,-1.00,0.0000,0
49504,1790787846238,0.27248,0.14548,0.07230,0.03096,0.01410,0.06147,0.04394,0.13119,0.12776,0.00984,0.05721,0.03325,0.29863,0.14491,0.08469,0.02408,0.00993,0.01446,0.02210,0.14223,0.14831,0.00983,0.06569,0.03514,-56.93,3.270,-1,0.0000,-1.00,0.0000,0
49597,1790787846317,0.34113,0.10983,0.01298,0.04071,0.01822,0.09528,0.07897,0.04217,0.16043,0.00756,0.06145,0.03126,0.39931,0.09494,0.01440,0.03556,0.01739,0.03501,0.07581,0.04768,0.18496,0.00584,0.06669,0.02242,-57.11,4.094,-1,0.0000,-1.00,0.0000,0
49690,1790787846418,0.12666,0.09288,0.03708,0.04010,0.05693,0.08099,0.12323,0.08629,0.14765,0.01861,0.12612,0.06345,0.13404,0.07705,0.04229,0.02088,0.05810,0.07095,0.13239,0.09501,0.17278,0.01078,0.13706,0.04867,-57.89,1.772,-1,0.0000,-1.00,0.0000,0
49783,1790787846511,0.06013,0.28571,0.04613,0.02720,0.03788,0.07417,0.10965,0.07079,0.07131,0.00875,0.07632,0.13197,0.05522,0.32677,0.05371,0.01753,0.01634,0.07792,0.05865,0.08214,0.08134,0.00788,0.07600,0.14650,-55.88,3.429,-1,0.0000,-1.00,0.0000,0
49876,1790787846618,0.03748,0.25405,0.01304,0.01372,0.05500,0.02407,0.05088,0.01256,0.24295,0.00389,0.01805,0.27431,0.04274,0.24721,0.01475,0.01295,0.00126,0.02038,0.01196,0.01213,0.28855,0.00441,0.01759,0.32608,-54.36,3.292,-1,0.0000,-1.00,0.0000,0
49969,1790787846697,0.02823,0.18076,0.00881,0.02408,0.01667,0.04684,0.02722,0.02082,0.49149,0.00693,0.06955,0.07861,0.02896,0.10042,0.00898,0.01432,0.00172,0.05041,0.01133,0.02454,0.58608,0.00796,0.07334,0.09194,-55.06,5.898,-1,0.0000,-1.00,0.0000,0
50062,1790787846797,0.06254,0.17742,0.00115,0.00907,0.00873,0.03406,0.01953,0.00755,0.61252,0.00364,0.02764,0.03613,0.07285,0.06764,0.00061,0.00534,0.00227,0.02637,0.01000,0.00893,0.73288,0.00391,0.02789,0.04131,-55.23,7.350,-1,0.0000,-1.00,0.0000,0
50155,1790787846897,0.06131,0.20363,0.00445,0.01345,0.01057,0.03741,0.03771,0.03255,0.49010,0.01481,0.04219,0.05182,0.06581,0.12787,0.00186,0.00735,0.00113,0.03178,0.01984,0.03863,0.58580,0.01752,0.04425,0.05816,-54.93,5.881,-1,0.0000,-1.00,0.0000,0
50247,1790787846978,0.03352,0.27395,0.02433,0.01210,0.01534,0.03669,0.07015,0.03514,0.37062,0.03125,0.02762,0.06929,0.03331,0.24059,0.02187,0.00941,0.00348,0.03736,0.03637,0.03777,0.44223,0.03676,0.02569,0.07518,-56.41,4.447,-1,0.0000,-1.00,0.0000,0
50340,1790787847079,0.04392,0.35271,0.03386,0.02342,0.01337,0.02919,0.09883,0.04996,0.24263,0.03996,0.03156,0.04060,0.04191,0.36589,0.03135,0.02162,0.00803,0.02680,0.04549,0.05405,0.28622,0.04651,0.03250,0.03963,-58.12,4.232,-1,0.0000,-1.00,0.0000,0
50433,1790787847157,0.13798,0.18128,0.00626,0.06031,0.01475,0.08025,0.13407,0.06716,0.13939,0.02072,0.07352,0.08430,0.14747,0.18839,0.00268,0.05743,0.00249,0.06693,0.12330,0.07994,0.15564,0.02434,0.07483,0.07657,-57.48,2.175,-1,0.0000,-1.00,0.0000,0
50526,1790787847258,0.15991,0.13980,0.01506,0.05884,0.01353,0.10639,0.09670,0.10393,0.14436,0.01278,0.08652,0.06217,0.16627,0.13773,0.01521,0.05367,0.00499,0.09469,0.08821,0.12188,0.16233,0.01432,0.08490,0.05580,-57.14,1.919,-1,0.0000,-1.00,0.0000,0
50619,1790787847338,0.05565,0.47682,0.00834,0.02240,0.00833,0.03830,0.14765,0.10810,0.05698,0.00726,0.03455,0.03562,0.04132,0.55863,0.00840,0.02011,0.00413,0.03770,0.06613,0.12790,0.06414,0.00803,0.03393,0.02957,-55.63,5.722,-1,0.0000,-1.00,0.0000,0
50712,1790787847438,0.06730,0.59324,0.00304,0.03080,0.00602,0.03612,0.14166,0.02755,0.02954,0.00331,0.03056,0.03084,0.07409,0.70523,0.00290,0.03077,0.00108,0.02860,0.02994,0.03243,0.02930,0.00375,0.03095,0.03095,-54.70,7.119,1,0.9647,138.58,0.9647,1
50805,1790787847541,0.05236,0.62041,0.00161,0.02174,0.00402,0.03467,0.14607,0.03663,0.03622,0.00437,0.02587,0.01605,0.05391,0.73579,0.00097,0.02112,0.00216,0.03085,0.02916,0.04369,0.03921,0.00481,0.02488,0.01345,-54.50,7.445,1,0.9609,138.62,0.9609,1
50898,1790787847618,0.06374,0.55780,0.00611,0.02293,0.00480,0.03300,0.14069,0.08571,0.02663,0.00290,0.03399,0.02171,0.05534,0.66380,0.00672,0.02053,0.00200,0.02862,0.03699,0.10137,0.02784,0.00307,0.03505,0.01868,-54.90,6.694,-1,0.0000,277.05,0.9536,1
50991,1790787847717,0.09866,0.42323,0.00603,0.05636,0.00909,0.03193,0.14241,0.09044,0.04649,0.00936,0.05012,0.03587,0.09694,0.49831,0.00521,0.05638,0.00520,0.01904,0.07186,0.10733,0.04454,0.01018,0.05628,0.02873,-55.73,5.079,-1,0.0000,-1.00,0.0000,0
51083,1790787847797,0.07630,0.12562,0.11465,0.22912,0.00335,0.02214,0.05591,0.11285,0.05748,0.11342,0.07117,0.01797,0.07209,0.14702,0.11051,0.25812,0.00179,0.01230,0.03785,0.11332,0.01771,0.13555,0.08284,0.01091,-54.77,2.749,-1,0.0000,-1.00,0.0000,0
51176,1790787847920,0.05697,0.04755,0.02677,0.41753,0.00296,0.01758,0.02482,0.13093,0.10996,0.01332,0.14127,0.01034,0.03829,0.04921,0.02898,0.46728,0.00188,0.01348,0.01994,0.15119,0.03913,0.01558,0.16661,0.00843,-54.29,5.010,-1,0.0000,-1.00,0.0000,0
51269,1790787848008,0.08096,0.04038,0.02070,0.28977,0.00723,0.02944,0.01751,0.29095,0.07931,0.00792,0.12011,0.01572,0.03188,0.04215,0.02313,0.31982,0.00603,0.02895,0.01263,0.34404,0.03147,0.00846,0.13818,0.01326,-55.80,3.491,-1,0.0000,-1.00,0.0000,0
51362,1790787848099,0.18125,0.06919,0.02843,0.15624,0.02459,0.05567,0.03529,0.20822,0.05523,0.04007,0.11094,0.03489,0.16868,0.07616,0.02539,0.16219,0.02152,0.03399,0.02704,0.24462,0.03403,0.04375,0.12619,0.03644,-57.65,2.499,-1,0.0000,-1.00,0.0000,0
51455,1790787848198,0.17468,0.05997,0.03629,0.12558,0.04072,0.04435,0.06357,0.21208,0.06187,0.05821,0.07201,0.05066,0.15959,0.06280,0.03120,0.13421,0.03922,0.02150,0.06268,0.24899,0.04753,0.06198,0.08202,0.04828,-57.98,2.545,-1,0.0000,-1.00,0.0000,0
51548,1790787848277,0.18100,0.03154,0.04282,0.11825,0.02123,0.06322,0.04174,0.27039,0.07707,0.04525,0.07646,0.03103,0.15426,0.02442,0.04134,0.12531,0.01984,0.04518,0.04510,0.31587,0.06751,0.05028,0.08266,0.02824,-58.22,3.245,-1,0.0000,-1.00,0.0000,0
51641,1790787848378,0.03734,0.08075,0.02329,0.30459,0.02913,0.04725,0.13090,0.07388,0.12685,0.01787,0.08626,0.04190,0.02886,0.08024,0.02487,0.34648,0.03063,0.05090,0.13969,0.08485,0.08331,0.01535,0.09327,0.02157,-57.70,3.655,-1,0.0000,-1.00,0.0000,0
51734,1790787848457,0.03169,0.03031,0.01309,0.38625,0.00502,0.01454,0.07226,0.03910,0.16764,0.03046,0.18901,0.02062,0.02833,0.01364,0.00862,0.41839,0.00442,0.01181,0.08388,0.04514,0.11794,0.03562,0.22414,0.00808,-57.05,4.635,-1,0.0000,-1.00,0.0000,0
51826,1790787848559,0.02725,0.02356,0.01886,0.42719,0.00719,0.00957,0.03321,0.04864,0.15245,0.01421,0.22237,0.01551,0.02170,0.01024,0.01947,0.45934,0.00642,0.00716,0.03776,0.05442,0.09161,0.01576,0.26503,0.01110,-56.90,5.126,-1,0.0000,-1.00,0.0000,0
51919,1790787848638,0.02814,0.01226,0.01518,0.43123,0.00444,0.01633,0.05947,0.04277,0.10514,0.01679,0.24929,0.01896,0.02437,0.00775,0.01431,0.45809,0.00360,0.01474,0.06962,0.04851,0.03503,0.01955,0.29578,0.00865,-56.86,5.175,-1,0.0000,-1.00,0.0000,0
52012,1790787848738,0.05253,0.01149,0.05820,0.28232,0.00824,0.01727,0.08647,0.07761,0.08211,0.07266,0.22961,0.02148,0.04659,0.00547,0.05279,0.28420,0.00880,0.01146,0.10253,0.08253,0.04188,0.08550,0.27285,0.00542,-57.60,3.388,-1,0.0000,-1.00,0.0000,0
52105,1790787848837,0.08053,0.02961,0.05119,0.21013,0.01261,0.03476,0.10707,0.06780,0.13828,0.02220,0.21206,0.03376,0.08170,0.01059,0.05653,0.20241,0.01186,0.02545,0.12160,0.07462,0.12557,0.02425,0.24906,0.01635,-57.91,2.545,-1,0.0000,-1.00,0.0000,0
52198,1790787848917,0.07338,0.05847,0.01714,0.15899,0.00768,0.03505,0.12451,0.06378,0.23133,0.03408,0.15728,0.03829,0.07387,0.02119,0.01266,0.15423,0.00593,0.02735,0.14500,0.07392,0.24655,0.03973,0.18304,0.01654,-57.82,2.776,-1,0.0000,-1.00,0.0000,0
52291,1790787849018,0.10584,0.03151,0.03009,0.20873,0.02323,0.03277,0.04921,0.03919,0.16537,0.03985,0.23777,0.03644,0.11830,0.00611,0.02743,0.19424,0.02139,0.01582,0.05626,0.04302,0.15965,0.04350,0.28177,0.03251,-58.30,2.853,-1,0.0000,-1.00,0.0000,0
52384,1790787849098,0.08466,0.04872,0.01039,0.21603,0.00528,0.03408,0.02948,0.06971,0.23448,0.01866,0.23759,0.01092,0.08517,0.01068,0.00822,0.20336,0.00503,0.02395,0.03299,0.08211,0.24065,0.02136,0.27994,0.00654,-57.95,2.851,-1,0.0000,-1.00,0.0000,0
52477,1790787849224,0.04951,0.03155,0.01346,0.21237,0.01352,0.02243,0.05930,0.11619,0.14950,0.02099,0.26318,0.04801,0.03217,0.00987,0.01144,0.19276,0.00751,0.02050,0.06909,0.13696,0.14092,0.02366,0.31128,0.04383,-57.46,3.158,-1,0.0000,-1.00,0.0000,0
52569,1790787849297,0.04764,0.02581,0.00853,0.37312,0.01387,0.01163,0.05378,0.05151,0.17237,0.02196,0.15355,0.06621,0.04488,0.00631,0.00513,0.41082,0.00327,0.00514,0.06319,0.06070,0.12505,0.02571,0.18298,0.06680,-57.19,4.477,-1,0.0000,-1.00,0.0000,0
52662,1790787849400,0.06781,0.03916,0.00438,0.30410,0.00877,0.01934,0.04528,0.06624,0.23851,0.01728,0.14557,0.04355,0.06562,0.00354,0.00122,0.33021,0.00233,0.01016,0.05356,0.07913,0.22027,0.02031,0.17241,0.04124,-56.80,3.649,-1,0.0000,-1.00,0.0000,0
52755,1790787849508,0.04593,0.07024,0.01039,0.18401,0.00713,0.01473,0.04836,0.06331,0.35114,0.03787,0.13229,0.03461,0.04006,0.00822,0.00353,0.18944,0.00252,0.00971,0.05592,0.07557,0.38310,0.04497,0.15659,0.03039,-57.46,4.214,-1,0.0000,-1.00,0.0000,0
52848,1790787849578,0.09430,0.05709,0.00645,0.19611,0.00824,0.03047,0.04385,0.06296,0.28393,0.01575,0.16697,0.03388,0.09820,0.00867,0.00414,0.19599,0.00383,0.01705,0.05083,0.07462,0.30136,0.01811,0.19669,0.03052,-58.59,3.407,-1,0.0000,-1.00,0.0000,0
52941,1790787849680,0.10544,0.04899,0.00435,0.21573,0.00455,0.02951,0.04223,0.09562,0.25990,0.00658,0.16641,0.02068,0.10311,0.00618,0.00375,0.21955,0.00246,0.01491,0.04896,0.11426,0.26790,0.00739,0.19644,0.01507,-57.46,3.119,-1,0.0000,-1.00,0.0000,0
53034,1790787849757,0.06772,0.10235,0.00132,0.15306,0.00153,0.01455,0.01075,0.04058,0.53704,0.00201,0.06266,0.00643,0.07172,0.00170,0.00113,0.16865,0.00061,0.00343,0.01246,0.04848,0.61007,0.00229,0.07440,0.00506,-56.65,6.444,-1,0.0000,-1.00,0.0000,0
53127,1790787849857,0.11642,0.09204,0.00558,0.09051,0.00282,0.02385,0.01967,0.09021,0.47310,0.00601,0.06750,0.01229,0.11818,0.00155,0.00531,0.09262,0.00135,0.00515,0.02275,0.10755,0.54852,0.00693,0.07987,0.01022,-57.48,5.677,-1,0.0000,-1.00,0.0000,0
53220,1790787849939,0.08656,0.07564,0.00132,0.14916,0.00374,0.02677,0.03611,0.11526,0.37773,0.00395,0.10881,0.01494,0.07635,0.00697,0.00075,0.15355,0.00258,0.01694,0.04189,0.13796,0.42217,0.00422,0.12703,0.00960,-58.25,4.533,-1,0.0000,-1.00,0.0000,0
53313,1790787850039,0.08808,0.04217,0.00562,0.29734,0.00531,0.02395,0.08261,0.07396,0.24845,0.00397,0.09849,0.03005,0.08760,0.00534,0.00591,0.33334,0.00309,0.01134,0.09783,0.08754,0.23162,0.00415,0.11577,0.01649,-58.27,3.568,-1,0.0000,-1.00,0.0000,0
53405,1790787850139,0.13881,0.01777,0.07828,0.06216,0.01949,0.18396,0.04585,0.23472,0.06733,0.02310,0.07196,0.05657,0.11311,0.00885,0.08872,0.06518,0.01200,0.19801,0.05308,0.26375,0.06746,0.02560,0.04697,0.05726,-57.54,2.817,-1,0.0000,-1.00,0.0000,0
53498,1790787850218,0.10064,0.02009,0.06065,0.15748,0.00484,0.09674,0.02188,0.23457,0.09966,0.01166,0.17115,0.02065,0.06775,0.00638,0.06997,0.15208,0.00180,0.10259,0.02495,0.26721,0.08927,0.01361,0.18474,0.01966,-57.19,2.815,-1,0.0000,-1.00,0.0000,0
53591,1790787850318,0.06680,0.04208,0.03218,0.23214,0.00410,0.04406,0.00624,0.20500,0.25209,0.02580,0.07377,0.01574,0.03263,0.00085,0.03248,0.26245,0.00146,0.04633,0.00730,0.23920,0.25003,0.03062,0.07921,0.01741,-57.13,3.025,-1,0.0000,-1.00,0.0000,0
53684,1790787850418,0.05498,0.03964,0.03301,0.25626,0.00313,0.08171,0.00830,0.16331,0.24400,0.04365,0.05777,0.01426,0.02813,0.00129,0.02921,0.29696,0.00074,0.09233,0.00959,0.18999,0.23350,0.05216,0.05091,0.01518,-56.47,3.075,-1,0.0000,-1.00,0.0000,0
53777,1790787850517,0.08148,0.02997,0.04268,0.15803,0.00520,0.22716,0.01625,0.10597,0.16184,0.02910,0.11757,0.02477,0.07427,0.00433,0.04427,0.17155,0.00112,0.25746,0.01861,0.11820,0.15991,0.03465,0.08983,0.02581,-56.82,2.726,-1,0.0000,-1.00,0.0000,0
53870,1790787850597,0.05919,0.04620,0.02158,0.17418,0.00543,0.16249,0.01549,0.08390,0.23887,0.01159,0.15528,0.02580,0.05189,0.00566,0.02314,0.17907,0.00103,0.18445,0.01737,0.09602,0.25072,0.01368,0.14950,0.02747,-57.80,2.866,-1,0.0000,-1.00,0.0000,0
53963,1790787850698,0.06987,0.03779,0.04025,0.11042,0.01220,0.06292,0.03251,0.19102,0.17098,0.05058,0.16601,0.05544,0.03977,0.00842,0.03633,0.09553,0.00291,0.06751,0.03726,0.22171,0.18594,0.06003,0.18554,0.05905,-57.56,2.292,-1,0.0000,-1.00,0.0000,0
54056,1790787850798,0.03826,0.04332,0.01579,0.20791,0.00640,0.05510,0.00666,0.09126,0.24184,0.03678,0.23628,0.02042,0.02462,0.00219,0.01025,0.19541,0.00306,0.06121,0.00754,0.10732,0.25080,0.04371,0.27098,0.02292,-57.71,2.902,-1,0.0000,-1.00,0.0000,0
54148,1790787850877,0.05166,0.03492,0.02785,0.21013,0.00908,0.10579,0.01085,0.07239,0.20723,0.03633,0.20270,0.03106,0.04568,0.00080,0.02490,0.20826,0.00400,0.11771,0.01284,0.08180,0.20702,0.04274,0.21955,0.03468,-58.14,2.522,-1,0.0000,-1.00,0.0000,0
54241,1790787850977,0.03862,0.04584,0.03699,0.21428,0.00585,0.06878,0.01443,0.07078,0.25340,0.02128,0.21049,0.01925,0.03106,0.00297,0.03939,0.20976,0.00310,0.07626,0.01670,0.07701,0.26205,0.02488,0.23710,0.01971,-57.94,3.041,-1,0.0000,-1.00,0.0000,0
54334,1790787851058,0.04146,0.00896,0.03887,0.45635,0.00242,0.04597,0.01678,0.07115,0.12658,0.02065,0.15999,0.01080,0.03441,0.00074,0.04171,0.51071,0.00111,0.04827,0.01996,0.07699,0.05043,0.02453,0.18214,0.00899,-57.44,5.476,-1,0.0000,-1.00,0.0000,0
54427,1790787851157,0.03687,0.02936,0.03295,0.35494,0.00331,0.06318,0.00427,0.05994,0.20985,0.02393,0.16965,0.01174,0.03128,0.00057,0.03385,0.38774,0.00138,0.06951,0.00501,0.06512,0.17458,0.02841,0.18950,0.01307,-57.32,4.259,-1,0.0000,-1.00,0.0000,0
54520,1790787851239,0.02459,0.05767,0.01347,0.26636,0.00743,0.05331,0.00587,0.03402,0.33153,0.00445,0.16669,0.03461,0.02197,0.00143,0.01512,0.28190,0.00095,0.05953,0.00675,0.03777,0.34137,0.00515,0.18794,0.04013,-57.72,3.978,-1,0.0000,-1.00,0.0000,0
54613,1790787851338,0.02030,0.07009,0.01742,0.15483,0.01053,0.09551,0.01341,0.02669,0.36970,0.01774,0.15876,0.04503,0.01835,0.00245,0.01674,0.15217,0.00254,0.11081,0.01558,0.02866,0.41272,0.02086,0.16826,0.05086,-57.51,4.436,-1,0.0000,-1.00,0.0000,0
54706,1790787851438,0.14312,0.07860,0.01397,0.07195,0.00406,0.04770,0.01234,0.12902,0.39073,0.02494,0.06370,0.01987,0.14126,0.00421,0.01084,0.07224,0.00066,0.02918,0.01392,0.15249,0.45387,0.02975,0.07054,0.02105,-57.46,4.689,-1,0.0000,-1.00,0.0000,0
54799,1790787851517,0.14122,0.04517,0.02031,0.15875,0.00486,0.03153,0.01317,0.11466,0.25687,0.05878,0.13202,0.02267,0.13986,0.00190,0.01041,0.15925,0.00105,0.01005,0.01541,0.13532,0.27622,0.07022,0.15620,0.02411,-57.11,3.082,-1,0.0000,-1.00,0.0000,0
54891,1790787851619,0.01893,0.07267,0.03843,0.08969,0.00197,0.03213,0.01333,0.03911,0.35060,0.02578,0.30945,0.00790,0.01497,0.00519,0.03995,0.03536,0.00107,0.03553,0.01494,0.03895,0.41305,0.03073,0.36376,0.00650,-56.47,4.207,-1,0.0000,-1.00,0.0000,0
54984,1790787851718,0.02767,0.05228,0.02605,0.14483,0.00211,0.03613,0.00336,0.02872,0.27299,0.00430,0.39735,0.00420,0.02754,0.00097,0.03026,0.08064,0.00169,0.03783,0.00383,0.02841,0.31112,0.00482,0.46862,0.00426,-56.71,4.768,-1,0.0000,-1.00,0.0000,0
55077,1790787851819,0.04690,0.03330,0.12171,0.17701,0.01158,0.03717,0.02511,0.11029,0.17969,0.01303,0.20508,0.03912,0.03384,0.00371,0.14296,0.16488,0.00539,0.03783,0.01672,0.11645,0.18262,0.01454,0.23823,0.04281,-55.71,2.461,-1,0.0000,-1.00,0.0000,0
55170,1790787851897,0.03723,0.02492,0.01064,0.31066,0.00140,0.01880,0.00983,0.09422,0.10399,0.00302,0.37957,0.00571,0.02275,0.01628,0.01206,0.28280,0.00067,0.01802,0.00855,0.11051,0.06854,0.00349,0.45125,0.00509,-54.55,4.555,-1,0.0000,-1.00,0.0000,0
55263,1790787852009,0.02070,0.01047,0.00675,0.33318,0.00372,0.00702,0.01081,0.05461,0.07510,0.00305,0.47095,0.00363,0.01213,0.00601,0.00752,0.28759,0.00406,0.00600,0.01176,0.06395,0.03297,0.00285,0.56313,0.00202,-54.36,5.651,-1,0.0000,-1.00,0.0000,0
55356,1790787852099,0.03230,0.01084,0.01121,0.32416,0.00257,0.00689,0.01177,0.09214,0.07673,0.00528,0.41841,0.00771,0.01753,0.00613,0.01225,0.28922,0.00180,0.00478,0.01278,0.10808,0.03460,0.00597,0.50040,0.00645,-55.17,5.021,-1,0.0000,-1.00,0.0000,0
55449,1790787852179,0.01964,0.01233,0.00471,0.38961,0.00750,0.00719,0.00673,0.06256,0.07402,0.00411,0.40143,0.01016,0.00844,0.01231,0.00484,0.37177,0.00680,0.00695,0.00562,0.07400,0.01454,0.00404,0.47964,0.01106,-55.29,4.817,-1,0.0000,-1.00,0.0000,0
55542,1790787852277,0.02272,0.02142,0.00382,0.30345,0.01077,0.00958,0.02418,0.07002,0.06420,0.00435,0.44049,0.02500,0.01074,0.02061,0.00386,0.25933,0.00794,0.00935,0.02489,0.08314,0.02552,0.00364,0.52596,0.02503,-54.74,5.286,-1,0.0000,-1.00,0.0000,0
55635,1790787852357,0.00923,0.00756,0.04914,0.28984,0.00314,0.00560,0.02314,0.03264,0.04639,0.06388,0.45825,0.01119,0.00665,0.00762,0.04381,0.23866,0.00250,0.00539,0.02621,0.03042,0.00828,0.07605,0.54803,0.00639,-55.05,5.499,-1,0.0000,-1.00,0.0000,0
55727,1790787852458,0.01411,0.01618,0.02131,0.39583,0.00938,0.00539,0.04045,0.04823,0.10620,0.02117,0.30465,0.01711,0.00562,0.01062,0.02086,0.40214,0.00899,0.00535,0.04636,0.05365,0.04753,0.02358,0.36398,0.01131,-55.50,4.750,-1,0.0000,-1.00,0.0000,0
55820,1790787852541,0.04309,0.03428,0.01944,0.19356,0.00905,0.02575,0.07434,0.10735,0.14654,0.03641,0.27149,0.03870,0.02579,0.01364,0.01484,0.16846,0.00501,0.02574,0.08548,0.12658,0.14220,0.04264,0.32020,0.02943,-56.92,3.258,-1,0.0000,-1.00,0.0000,0
55913,1790787852638,0.09365,0.01611,0.01421,0.22518,0.00756,0.03241,0.05648,0.15163,0.08746,0.01848,0.27548,0.02136,0.07731,0.00660,0.01289,0.20531,0.00659,0.02363,0.06598,0.17952,0.06410,0.02084,0.32540,0.01184,-56.58,3.306,-1,0.0000,-1.00,0.0000,0
56006,1790787852738,0.07597,0.00935,0.00278,0.36629,0.00567,0.00522,0.02812,0.30720,0.09777,0.00544,0.08421,0.01197,0.01815,0.00445,0.00224,0.41901,0.00524,0.00266,0.03281,0.36766,0.03409,0.00548,0.10038,0.00783,-54.05,4.395,-1,0.0000,-1.00,0.0000,0
56099,1790787852818,0.06620,0.00566,0.00701,0.30205,0.00229,0.00314,0.00939,0.31178,0.07137,0.00267,0.21551,0.00293,0.00557,0.00205,0.00786,0.31084,0.00247,0.00267,0.01085,0.37203,0.02390,0.00271,0.25770,0.00136,-53.88,3.741,-1,0.0000,-1.00,0.0000,0
56192,1790787852918,0.04124,0.00779,0.01288,0.32985,0.00280,0.00368,0.01175,0.16834,0.08038,0.00941,0.32681,0.00508,0.00995,0.00278,0.01325,0.31770,0.00268,0.00244,0.01353,0.19908,0.03307,0.01100,0.39111,0.00340,-55.14,3.958,-1,0.0000,-1.00,0.0000,0
56285,1790787853018,0.08373,0.07541,0.09551,0.18045,0.00790,0.01633,0.05973,0.09664,0.12122,0.01640,0.22917,0.01751,0.08173,0.06793,0.11084,0.16192,0.00759,0.00336,0.05811,0.09382,0.11315,0.01814,0.27394,0.00946,-56.21,2.750,-1,0.0000,-1.00,0.0000,0
56378,1790787853117,0.16675,0.02127,0.00835,0.20061,0.00683,0.02995,0.05630,0.13555,0.06680,0.00878,0.28168,0.01713,0.16793,0.01650,0.00811,0.17358,0.00638,0.00286,0.06418,0.16081,0.04535,0.00954,0.33696,0.00781,-57.23,3.380,-1,0.0000,-1.00,0.0000,0
56470,1790787853198,0.10087,0.02699,0.01791,0.17524,0.02682,0.02329,0.05714,0.06789,0.08031,0.00966,0.29038,0.12349,0.10466,0.01965,0.01938,0.14128,0.00534,0.00716,0.06457,0.07751,0.06823,0.01052,0.34653,0.13517,-57.29,3.485,-1,0.0000,-1.00,0.0000,0
56563,1790787853297,0.29883,0.01205,0.01073,0.14162,0.00815,0.06034,0.03671,0.10484,0.06309,0.01181,0.22646,0.02536,0.33351,0.00407,0.01021,0.11614,0.00543,0.00619,0.04289,0.12389,0.05230,0.01335,0.27013,0.02188,-56.98,3.586,-1,0.0000,-1.00,0.0000,0
56656,1790787853398,0.45225,0.01276,0.00451,0.13071,0.00576,0.09658,0.03211,0.08482,0.05767,0.00322,0.10693,0.01268,0.52192,0.00678,0.00484,0.13171,0.00533,0.01227,0.03705,0.10076,0.04292,0.00287,0.12570,0.00786,-56.90,5.427,-1,0.0000,-1.00,0.0000,0
56749,1790787853506,0.35673,0.03009,0.00802,0.15988,0.00776,0.08311,0.03646,0.06197,0.09791,0.00841,0.13538,0.01428,0.41312,0.01910,0.00791,0.16012,0.00742,0.01775,0.03981,0.07277,0.08558,0.00860,0.15870,0.00912,-56.85,4.281,-1,0.0000,-1.00,0.0000,0
56842,1790787853577,0.37620,0.01201,0.00386,0.23757,0.00386,0.08606,0.06088,0.02212,0.08958,0.00314,0.08645,0.01826,0.44513,0.00413,0.00401,0.26472,0.00314,0.01488,0.07213,0.02571,0.05486,0.00314,0.10064,0.00752,-56.35,4.514,-1,0.0000,-1.00,0.0000,0
56935,1790787853658,0.35595,0.02538,0.00398,0.13519,0.00184,0.07963,0.15696,0.03284,0.12580,0.00320,0.04443,0.03481,0.41906,0.00655,0.00406,0.15192,0.00132,0.01234,0.18678,0.03854,0.12063,0.00357,0.05079,0.00444,-56.55,4.271,-1,0.0000,-1.00,0.0000,0
57028,1790787853758,0.38982,0.03257,0.00305,0.15918,0.00422,0.08445,0.04589,0.01844,0.17914,0.00486,0.06297,0.01541,0.46274,0.00349,0.00262,0.17615,0.00353,0.00946,0.05414,0.02174,0.17967,0.00518,0.07358,0.00770,-57.26,4.678,-1,0.0000,-1.00,0.0000,0
57121,1790787853839,0.16079,0.03291,0.00442,0.20608,0.00385,0.04435,0.05286,0.01813,0.17809,0.00472,0.27198,0.02183,0.18852,0.00433,0.00424,0.18295,0.00188,0.01576,0.06248,0.02089,0.17713,0.00528,0.32277,0.01377,-56.84,3.264,-1,0.0000,-1.00,0.0000,0
57213,1790787853938,0.10363,0.01725,0.00405,0.16343,0.00258,0.02784,0.16177,0.01364,0.09839,0.00270,0.36564,0.03907,0.12111,0.00160,0.00426,0.10934,0.00141,0.00936,0.19352,0.01550,0.09622,0.00296,0.43627,0.00845,-56.58,4.388,-1,0.0000,-1.00,0.0000,0
57306,1790787854037,0.10413,0.04746,0.00545,0.14302,0.00317,0.03613,0.13917,0.03219,0.23943,0.00747,0.20484,0.03753,0.11714,0.00501,0.00482,0.12350,0.00140,0.02007,0.16571,0.03767,0.26241,0.00868,0.24147,0.01212,-56.75,2.873,-1,0.0000,-1.00,0.0000,0
57399,1790787854118,0.04289,0.02196,0.00442,0.19360,0.00187,0.05784,0.09550,0.04151,0.12382,0.00337,0.39156,0.02167,0.04177,0.00247,0.00454,0.14136,0.00158,0.06102,0.11388,0.04890,0.12027,0.00380,0.45709,0.00332,-56.63,4.699,-1,0.0000,-1.00,0.0000,0
57492,1790787854217,0.12034,0.03678,0.00840,0.23133,0.00313,0.03749,0.03548,0.02488,0.20512,0.00853,0.27760,0.01090,0.13860,0.00369,0.00814,0.21194,0.00281,0.01745,0.04179,0.02820,0.20372,0.00972,0.32917,0.00477,-57.61,3.331,-1,0.0000,-1.00,0.0000,0
57585,1790787854317,0.08531,0.05666,0.00667,0.16507,0.00270,0.03170,0.03075,0.03431,0.23951,0.00692,0.32735,0.01303,0.09430,0.01574,0.00641,0.12079,0.00146,0.01929,0.03365,0.03992,0.26305,0.00800,0.38842,0.00895,-58.24,3.928,-1,0.0000,-1.00,0.0000,0
57678,1790787854417,0.04350,0.04309,0.01346,0.19289,0.00523,0.02552,0.05990,0.03538,0.20423,0.02064,0.33176,0.02441,0.04412,0.00916,0.01133,0.15318,0.00320,0.02184,0.06972,0.04038,0.21423,0.02421,0.39320,0.01543,-57.18,3.981,-1,0.0000,-1.00,0.0000,0
57771,1790787854505,0.02400,0.07133,0.02149,0.13174,0.00108,0.03254,0.02209,0.01349,0.36131,0.00425,0.31073,0.00596,0.02652,0.00300,0.02477,0.08537,0.00090,0.03374,0.02588,0.01125,0.41601,0.00492,0.36564,0.00201,-56.66,4.336,-1,0.0000,-1.00,0.0000,0
57864,1790787854598,0.01997,0.03970,0.01507,0.14760,0.00133,0.03747,0.03051,0.00938,0.19495,0.00452,0.49058,0.00893,0.02240,0.00370,0.01702,0.06192,0.00088,0.04045,0.03583,0.00786,0.22132,0.00524,0.57981,0.00357,-56.85,5.887,-1,0.0000,-1.00,0.0000,0
57957,1790787854697,0.03692,0.01973,0.00617,0.25669,0.00167,0.04775,0.01883,0.00685,0.12111,0.00350,0.47237,0.00840,0.04287,0.00263,0.00659,0.19729,0.00087,0.04872,0.02205,0.00690,0.10601,0.00402,0.55636,0.00570,-57.42,5.668,-1,0.0000,-1.00,0.0000,0
58049,1790787854777,0.02493,0.05282,0.00349,0.19295,0.00178,0.03358,0.01388,0.00530,0.28074,0.00429,0.37934,0.00691,0.02852,0.00242,0.00319,0.14246,0.00108,0.03462,0.01612,0.00575,0.30812,0.00495,0.44768,0.00509,-57.69,4.552,-1,0.0000,-1.00,0.0000,0
58142,1790787854877,0.01895,0.06016,0.00677,0.23278,0.00243,0.02561,0.01188,0.01056,0.32612,0.00183,0.29711,0.00579,0.02041,0.00295,0.00776,0.20941,0.00207,0.02665,0.01366,0.01112,0.34926,0.00179,0.35072,0.00423,-57.71,3.913,-1,0.0000,-1.00,0.0000,0
58235,1790787854958,0.03683,0.05969,0.00639,0.17054,0.00192,0.02918,0.01448,0.02384,0.29853,0.01762,0.33473,0.00625,0.03857,0.00557,0.00352,0.12591,0.00145,0.02732,0.01609,0.02803,0.33270,0.02087,0.39567,0.00430,-57.37,4.017,-1,0.0000,-1.00,0.0000,0
58328,1790787855058,0.07198,0.05357,0.01127,0.16260,0.00353,0.02660,0.00947,0.08470,0.27113,0.02490,0.27049,0.00975,0.06643,0.00495,0.00768,0.13131,0.00232,0.01871,0.01036,0.09996,0.29885,0.02938,0.32041,0.00963,-57.30,3.254,-1,0.0000,-1.00,0.0000,0
58421,1790787855139,0.12449,0.04588,0.00607,0.15166,0.00261,0.03821,0.01434,0.10893,0.24524,0.01185,0.24428,0.00643,0.12347,0.00161,0.00454,0.12454,0.00227,0.02131,0.01687,0.12962,0.26917,0.01375,0.28848,0.00436,-57.51,2.943,-1,0.0000,-1.00,0.0000,0
58514,1790787855238,0.05317,0.06237,0.00488,0.15200,0.00177,0.02263,0.03235,0.06948,0.32945,0.00853,0.25257,0.01079,0.04752,0.00131,0.00387,0.12283,0.00109,0.01771,0.03851,0.08249,0.37041,0.01001,0.29913,0.00513,-57.28,3.953,-1,0.0000,-1.00,0.0000,0
58607,1790787855338,0.15304,0.05428,0.02839,0.14194,0.00755,0.04931,0.05515,0.11205,0.20420,0.02188,0.14417,0.02804,0.15791,0.02192,0.02901,0.13692,0.00481,0.02778,0.06173,0.12851,0.21754,0.02527,0.16725,0.02136,-56.90,2.450,-1,0.0000,-1.00,0.0000,0
58700,1790787855419,0.33980,0.05141,0.00793,0.10501,0.00794,0.12979,0.00917,0.03034,0.19822,0.01235,0.09866,0.00938,0.40040,0.01865,0.00686,0.10539,0.00761,0.07614,0.00722,0.03507,0.21663,0.01330,0.10312,0.00962,-57.13,4.078,-1,0.0000,-1.00,0.0000,0
58792,1790787855543,0.13085,0.03451,0.02143,0.13990,0.00689,0.11895,0.00645,0.03646,0.12863,0.03736,0.32066,0.01793,0.14801,0.01551,0.01693,0.09591,0.00417,0.11322,0.00433,0.04065,0.13492,0.04413,0.36178,0.02044,-57.53,3.848,-1,0.0000,-1.00,0.0000,0
58885,1790787855617,0.04659,0.06440,0.01703,0.11513,0.00850,0.08634,0.00635,0.04750,0.29347,0.02872,0.25967,0.02628,0.04449,0.01119,0.01375,0.08000,0.00415,0.09464,0.00539,0.05420,0.33579,0.03359,0.29239,0.03043,-57.82,3.522,-1,0.0000,-1.00,0.0000,0
58978,1790787855719,0.04837,0.05709,0.01530,0.18161,0.01585,0.09803,0.01471,0.04408,0.22764,0.04147,0.20381,0.05204,0.04728,0.02167,0.00875,0.17345,0.00687,0.10837,0.01322,0.05119,0.23838,0.04833,0.22273,0.05973,-58.19,2.732,-1,0.0000,-1.00,0.0000,0
59071,1790787855798,0.03053,0.06256,0.00478,0.24070,0.00681,0.06641,0.00668,0.03308,0.29848,0.01476,0.20770,0.02752,0.02889,0.01363,0.00229,0.24198,0.00186,0.07385,0.00530,0.03919,0.30968,0.01732,0.23424,0.03178,-58.05,3.582,-1,0.0000,-1.00,0.0000,0
59164,1790787855899,0.07980,0.08746,0.00308,0.14375,0.00924,0.08714,0.01095,0.02732,0.34548,0.00757,0.16156,0.03664,0.08921,0.02814,0.00199,0.13728,0.00266,0.08673,0.00754,0.03234,0.38669,0.00860,0.17640,0.04241,-57.77,4.146,-1,0.0000,-1.00,0.0000,0
59257,1790787856000,0.05561,0.04595,0.01995,0.19211,0.01184,0.02806,0.04026,0.04020,0.23731,0.03301,0.25165,0.04405,0.05660,0.00655,0.01628,0.17130,0.00557,0.02240,0.04694,0.04494,0.25039,0.03845,0.29710,0.04348,-56.46,3.020,-1,0.0000,-1.00,0.0000,0
59350,1790787856078,0.02795,0.02663,0.00241,0.15402,0.00128,0.02088,0.00243,0.03897,0.11986,0.00624,0.59568,0.00366,0.02039,0.00906,0.00143,0.04388,0.00070,0.02097,0.00107,0.04645,0.13492,0.00734,0.70961,0.00417,-56.11,7.148,-1,0.0000,-1.00,0.0000,0
59443,1790787856179,0.03234,0.03622,0.00756,0.17413,0.00266,0.04038,0.00437,0.01547,0.14803,0.02631,0.51014,0.00238,0.03271,0.01429,0.00291,0.08912,0.00273,0.04190,0.00240,0.01796,0.15967,0.03103,0.60296,0.00233,-55.95,6.122,-1,0.0000,-1.00,0.0000,0
59535,1790787856257,0.01186,0.04638,0.00358,0.15902,0.00658,0.04007,0.00508,0.00497,0.21601,0.00384,0.47194,0.03068,0.01310,0.00746,0.00340,0.08023,0.00078,0.04541,0.00445,0.00544,0.24292,0.00445,0.55649,0.03588,-55.08,5.663,-1,0.0000,-1.00,0.0000,0
59628,1790787856358,0.03488,0.05669,0.00466,0.10394,0.00366,0.05352,0.00703,0.06938,0.22900,0.00980,0.41406,0.01338,0.02500,0.01509,0.00332,0.02851,0.00142,0.05917,0.00543,0.08248,0.26875,0.01146,0.48441,0.01496,-55.42,4.969,-1,0.0000,-1.00,0.0000,0
59721,1790787856438,0.03423,0.03143,0.09642,0.12582,0.01483,0.11853,0.02079,0.03947,0.07404,0.01079,0.40601,0.02765,0.03608,0.02243,0.11344,0.05962,0.01201,0.13487,0.02047,0.02481,0.07690,0.01055,0.45975,0.02907,-55.86,4.872,-1,0.0000,-1.00,0.0000,0
59814,1790787856537,0.01447,0.03718,0.20826,0.04683,0.00241,0.31017,0.00819,0.04687,0.11704,0.00636,0.19552,0.00670,0.01595,0.01770,0.24809,0.02416,0.00152,0.36851,0.00631,0.00698,0.13546,0.00732,0.16123,0.00678,-55.66,3.722,-1,0.0000,-1.00,0.0000,0
59907,1790787856640,0.06495,0.02979,0.12838,0.10482,0.03854,0.15284,0.06714,0.05832,0.11493,0.02780,0.14058,0.07191,0.07061,0.01228,0.14850,0.09885,0.03233,0.16915,0.07798,0.04048,0.11812,0.02690,0.13491,0.06990,-56.37,1.834,-1,0.0000,-1.00,0.0000,0
60000,1790787856718,0.35831,0.02168,0.02198,0.12353,0.04153,0.13159,0.05224,0.07440,0.08583,0.01170,0.04956,0.02763,0.41157,0.01262,0.02487,0.13923,0.04556,0.07609,0.06009,0.08422,0.07282,0.00742,0.04430,0.02120,-57.02,4.300,-1,0.0000,-1.00,0.0000,0
60093,1790787856838,0.46243,0.01405,0.01936,0.09998,0.01824,0.13403,0.01904,0.08108,0.03374,0.00882,0.09116,0.01807,0.53613,0.01293,0.02183,0.10029,0.01848,0.05432,0.01980,0.09327,0.02055,0.00690,0.09846,0.01704,-56.53,5.549,-1,0.0000,-1.00,0.0000,0
60186,1790787856917,0.61868,0.01563,0.00702,0.02811,0.01732,0.14287,0.00806,0.05360,0.03454,0.00702,0.06081,0.00635,0.72882,0.01132,0.00746,0.02034,0.01816,0.02806,0.00711,0.06305,0.03736,0.00481,0.06730,0.00620,-55.20,7.424,-1,0.0000,-1.00,0.0000,0
60279,1790787857018,0.71304,0.00871,0.00491,0.02592,0.00447,0.15560,0.00457,0.02803,0.01130,0.00413,0.03126,0.00804,0.84781,0.00880,0.00505,0.02435,0.00358,0.01838,0.00351,0.03282,0.00872,0.00424,0.03382,0.00893,-54.21,8.557,-1,0.0000,-1.00,0.0000,0
60371,1790787857097,0.72204,0.00138,0.00242,0.04621,0.00167,0.16454,0.00162,0.02471,0.01235,0.00130,0.01790,0.00385,0.85940,0.00077,0.00263,0.05217,0.00107,0.02688,0.00173,0.02916,0.00445,0.00135,0.01612,0.00428,-53.66,8.664,-1,0.0000,-1.00,0.0000,0
60464,1790787857197,0.65440,0.00436,0.00401,0.05263,0.00415,0.18752,0.00406,0.02956,0.01593,0.00301,0.03011,0.01025,0.77741,0.00377,0.00418,0.05869,0.00273,0.07058,0.00412,0.03459,0.00734,0.00318,0.02209,0.01133,-54.81,7.853,-1,0.0000,-1.00,0.0000,0
60557,1790787857296,0.63581,0.01131,0.00198,0.04857,0.00615,0.17066,0.00359,0.03704,0.03553,0.00212,0.02399,0.02325,0.75310,0.00726,0.00194,0.05467,0.00195,0.05520,0.00270,0.04416,0.03173,0.00216,0.01780,0.02733,-56.61,7.630,-1,0.0000,-1.00,0.0000,0
60650,1790787857378,0.66813,0.00869,0.00268,0.02836,0.00357,0.16563,0.00222,0.05174,0.02883,0.00138,0.02975,0.00902,0.78840,0.00469,0.00296,0.02858,0.00221,0.04217,0.00159,0.06155,0.02889,0.00122,0.02729,0.01047,-55.93,8.018,-1,0.0000,-1.00,0.0000,0
60743,1790787857479,0.69082,0.00980,0.00113,0.03827,0.00226,0.15617,0.00301,0.05872,0.01622,0.00088,0.01793,0.00478,0.81386,0.00957,0.00121,0.04261,0.00164,0.02580,0.00171,0.07012,0.01099,0.00073,0.01637,0.00539,-55.65,8.290,-1,0.0000,-1.00,0.0000,0
60836,1790787857561,0.55893,0.01729,0.00340,0.07308,0.02027,0.13616,0.00508,0.04995,0.02127,0.00371,0.03979,0.07107,0.65793,0.01885,0.00325,0.07963,0.00142,0.03880,0.00232,0.05924,0.00970,0.00416,0.03999,0.08470,-56.49,6.707,-1,0.0000,-1.00,0.0000,0
60929,1790787857658,0.22402,0.01418,0.00843,0.12103,0.02418,0.09011,0.01040,0.07851,0.03759,0.01198,0.26270,0.11688,0.25000,0.01140,0.00732,0.08492,0.00159,0.05842,0.00983,0.09299,0.02820,0.01404,0.30319,0.13810,-57.45,3.152,-1,0.0000,-1.00,0.0000,0
61022,1790787857737,0.23862,0.03735,0.01559,0.14240,0.01602,0.07700,0.01220,0.07085,0.06599,0.03925,0.21465,0.07009,0.26942,0.03385,0.00945,0.12116,0.00284,0.03885,0.00765,0.08328,0.05499,0.04653,0.24950,0.08247,-57.92,2.863,-1,0.0000,-1.00,0.0000,0
61114,1790787857838,0.14593,0.03994,0.01325,0.17925,0.00607,0.05825,0.01138,0.08463,0.10546,0.02246,0.31330,0.02008,0.15413,0.02939,0.01065,0.14190,0.00280,0.03924,0.00763,0.09948,0.09823,0.02636,0.36763,0.02255,-58.66,3.760,-1,0.0000,-1.00,0.0000,0
61207,1790787857937,0.15713,0.04117,0.02229,0.18410,0.01087,0.04457,0.01043,0.14756,0.19997,0.01634,0.13936,0.02620,0.15471,0.00950,0.02312,0.18839,0.00739,0.02273,0.01057,0.17227,0.20226,0.01811,0.16248,0.02845,-57.35,2.400,-1,0.0000,-1.00,0.0000,0
61300,1790787858018,0.27293,0.02990,0.00870,0.20565,0.00912,0.06783,0.00637,0.06188,0.14803,0.01243,0.16865,0.00852,0.31252,0.00892,0.00782,0.20713,0.00877,0.01968,0.00587,0.07259,0.13632,0.01316,0.19818,0.00905,-57.60,3.275,-1,0.0000,-1.00,0.0000,0
61393,1790787858142,0.08512,0.02121,0.00906,0.23312,0.01384,0.03704,0.00424,0.03951,0.11757,0.01856,0.40989,0.01084,0.09281,0.00494,0.00701,0.18298,0.01421,0.02598,0.00400,0.04605,0.10461,0.01942,0.48600,0.01198,-59.25,4.919,-1,0.0000,-1.00,0.0000,0
61486,1790787858217,0.07452,0.03680,0.00363,0.21662,0.01335,0.04279,0.00624,0.04033,0.15163,0.00676,0.38669,0.02064,0.07847,0.01635,0.00319,0.16911,0.01131,0.03571,0.00423,0.04769,0.14817,0.00585,0.45627,0.02363,-58.33,4.640,-1,0.0000,-1.00,0.0000,0
61579,1790787858319,0.03365,0.04306,0.00659,0.24053,0.00764,0.02494,0.00512,0.03466,0.22866,0.01024,0.35425,0.01066,0.03231,0.00535,0.00572,0.20498,0.00682,0.02348,0.00508,0.04040,0.23329,0.01099,0.41982,0.01176,-57.84,4.251,-1,0.0000,-1.00,0.0000,0
61672,1790787858398,0.22775,0.03286,0.00880,0.17721,0.01005,0.05711,0.00423,0.09979,0.17534,0.00621,0.18156,0.01908,0.24974,0.00444,0.00935,0.16996,0.00771,0.01892,0.00401,0.11790,0.17626,0.00606,0.21380,0.02187,-56.34,2.733,-1,0.0000,-1.00,0.0000,0
61765,1790787858501,0.55519,0.01626,0.00375,0.05891,0.00555,0.12228,0.00186,0.05436,0.08755,0.00226,0.08335,0.00867,0.65250,0.00071,0.00413,0.05148,0.00446,0.01738,0.00207,0.06433,0.09470,0.00183,0.09643,0.00998,-55.21,6.662,-1,0.0000,-1.00,0.0000,0
61857,1790787858598,0.03631,0.57881,0.00371,0.04980,0.00459,0.02333,0.11327,0.04426,0.05760,0.00491,0.06776,0.01565,0.03324,0.68162,0.00335,0.04442,0.00183,0.02136,0.00052,0.05244,0.06021,0.00552,0.07696,0.01852,-54.70,6.946,-1,0.0000,-1.00,0.0000,0
61950,1790787858679,0.01344,0.59850,0.10531,0.03133,0.00361,0.00722,0.13840,0.02106,0.02420,0.00153,0.04716,0.00824,0.01104,0.71278,0.12591,0.02659,0.00240,0.00647,0.00083,0.02399,0.02371,0.00138,0.05522,0.00968,-54.50,7.182,-1,0.0000,-1.00,0.0000,0
62043,1790787858777,0.04397,0.43068,0.10954,0.03809,0.05024,0.01380,0.11758,0.03256,0.03424,0.01454,0.08367,0.03109,0.04997,0.50895,0.12993,0.02603,0.05437,0.00663,0.03956,0.01370,0.03584,0.00667,0.09894,0.02941,-55.85,5.168,-1,0.0000,-1.00,0.0000,0
62136,1790787858857,0.03331,0.21980,0.01875,0.06881,0.01791,0.02893,0.26032,0.01744,0.13867,0.00413,0.09510,0.09682,0.03653,0.23293,0.02184,0.06094,0.00891,0.02742,0.26575,0.01657,0.15408,0.00318,0.10851,0.06334,-57.31,3.124,-1,0.0000,-1.00,0.0000,0
62229,1790787858958,0.06794,0.19795,0.01043,0.08263,0.03992,0.02470,0.15891,0.02579,0.24531,0.03629,0.06299,0.04714,0.07487,0.18297,0.00555,0.08462,0.04271,0.01476,0.15414,0.02980,0.27716,0.03501,0.07255,0.02584,-57.59,2.944,-1,0.0000,-1.00,0.0000,0
62322,1790787859040,0.03364,0.14477,0.00539,0.08917,0.01303,0.03484,0.08787,0.01591,0.37151,0.01261,0.11517,0.07608,0.03667,0.08839,0.00350,0.08085,0.00099,0.03448,0.08777,0.01837,0.42913,0.01491,0.13117,0.07377,-56.85,4.458,-1,0.0000,-1.00,0.0000,0
62415,1790787859138,0.07523,0.10587,0.00255,0.09342,0.01145,0.02326,0.23259,0.01317,0.21961,0.00529,0.14361,0.07395,0.08708,0.07779,0.00205,0.07824,0.00651,0.01061,0.26327,0.01537,0.24764,0.00505,0.16997,0.03642,-55.35,2.791,-1,0.0000,-1.00,0.0000,0
62508,1790787859237,0.32586,0.07470,0.00677,0.05689,0.02338,0.07149,0.13849,0.07621,0.04613,0.00675,0.11070,0.06264,0.37263,0.08034,0.00713,0.04234,0.01903,0.01179,0.15002,0.08990,0.04628,0.00492,0.13031,0.04532,-55.43,3.910,-1,0.0000,-1.00,0.0000,0
62600,1790787859321,0.13042,0.09014,0.07352,0.10740,0.02282,0.04466,0.17149,0.05899,0.14858,0.00711,0.07125,0.07362,0.14488,0.07810,0.08695,0.11275,0.01699,0.02513,0.18994,0.05351,0.15508,0.00576,0.08039,0.05051,-56.84,2.058,-1,0.0000,-1.00,0.0000,0
62693,1790787859444,0.13079,0.09808,0.01697,0.12825,0.01507,0.05707,0.09405,0.10857,0.22256,0.01039,0.08510,0.03310,0.13165,0.06997,0.01841,0.13513,0.01387,0.04249,0.09882,0.12645,0.23989,0.00970,0.09355,0.02008,-57.34,2.671,-1,0.0000,-1.00,0.0000,0
62786,1790787859518,0.04948,0.38192,0.03039,0.07957,0.03125,0.02233,0.08213,0.02828,0.11445,0.00548,0.03807,0.13664,0.05396,0.43391,0.03528,0.08693,0.00548,0.01606,0.01240,0.02689,0.11965,0.00574,0.04244,0.16127,-55.16,4.583,-1,0.0000,-1.00,0.0000,0
62879,1790787859618,0.01768,0.24141,0.00598,0.01965,0.06276,0.00958,0.04902,0.00596,0.24114,0.00150,0.02993,0.31538,0.01992,0.23281,0.00683,0.01674,0.00076,0.00755,0.01259,0.00579,0.28555,0.00173,0.03436,0.37537,-53.91,3.785,-1,0.0000,-1.00,0.0000,0
62972,1790787859697,0.01724,0.16432,0.00660,0.04992,0.03941,0.01118,0.10260,0.00272,0.24688,0.01777,0.13018,0.21119,0.01828,0.14129,0.00372,0.02927,0.00078,0.00977,0.09492,0.00252,0.29001,0.02113,0.15405,0.23424,-54.68,2.963,-1,0.0000,-1.00,0.0000,0
63065,1790787859798,0.01800,0.21637,0.04461,0.02319,0.03463,0.01456,0.09218,0.00491,0.20168,0.12089,0.05201,0.17695,0.02052,0.21200,0.02481,0.01596,0.00198,0.01338,0.06414,0.00526,0.23845,0.14451,0.05967,0.19932,-55.33,2.596,-1,0.0000,-1.00,0.0000,0
63158,1790787859900,0.00796,0.24525,0.00280,0.03050,0.06903,0.00723,0.05086,0.00256,0.18824,0.00938,0.04008,0.34612,0.00898,0.25023,0.00116,0.02729,0.00095,0.00688,0.01133,0.00284,0.22014,0.01106,0.04666,0.41248,-55.65,4.153,-1,0.0000,-1.00,0.0000,0
63251,1790787859983,0.00837,0.35594,0.02156,0.04503,0.05400,0.00641,0.07532,0.00730,0.11882,0.01229,0.02995,0.26500,0.00920,0.40012,0.02300,0.04708,0.00219,0.00586,0.01093,0.00418,0.13305,0.01430,0.03473,0.31537,-56.60,4.271,-1,0.0000,-1.00,0.0000,0
63344,1790787860078,0.10999,0.23450,0.05262,0.10913,0.03512,0.03567,0.05430,0.01863,0.12141,0.02300,0.11030,0.09532,0.12955,0.25651,0.05834,0.10524,0.02002,0.01706,0.01422,0.01076,0.12441,0.02379,0.12879,0.11133,-56.82,2.814,-1,0.0000,-1.00,0.0000,0
63436,1790787860157,0.46939,0.09549,0.01612,0.04052,0.01275,0.10169,0.03247,0.02002,0.07874,0.02480,0.06493,0.04307,0.55672,0.09860,0.01365,0.03358,0.00581,0.01149,0.01936,0.02129,0.08766,0.02860,0.07553,0.04771,-56.63,5.633,-1,0.0000,-1.00,0.0000,0
63529,1790787860258,0.10421,0.14767,0.02097,0.07848,0.03791,0.05221,0.09229,0.02194,0.10563,0.07877,0.07806,0.18186,0.11989,0.15488,0.00663,0.07702,0.00536,0.03880,0.07979,0.02507,0.11130,0.09332,0.08584,0.20210,-57.21,2.182,-1,0.0000,-1.00,0.0000,0
63622,1790787860338,0.07562,0.35037,0.03252,0.04329,0.01731,0.04759,0.08962,0.02928,0.14677,0.02431,0.07332,0.07000,0.08497,0.38638,0.03340,0.03603,0.00532,0.04018,0.03079,0.02846,0.16873,0.02808,0.07990,0.07777,-56.86,4.204,-1,0.0000,-1.00,0.0000,0
63715,1790787860439,0.02157,0.69738,0.00597,0.00802,0.00636,0.01309,0.15093,0.00575,0.03876,0.00554,0.02711,0.01952,0.02471,0.82657,0.00599,0.00359,0.00365,0.01079,0.01700,0.00571,0.04573,0.00591,0.03035,0.02001,-55.78,8.369,-1,0.0000,-1.00,0.0000,0
63808,1790787860541,0.01185,0.61066,0.00236,0.02235,0.00324,0.00968,0.21168,0.00408,0.05965,0.00395,0.03097,0.02955,0.01317,0.71842,0.00193,0.01978,0.00118,0.00902,0.11107,0.00466,0.06756,0.00450,0.03532,0.01339,-54.97,7.328,-1,0.0000,-1.00,0.0000,0
63901,1790787860618,0.00314,0.71764,0.00076,0.01616,0.00280,0.00765,0.15799,0.00209,0.05480,0.00179,0.01958,0.01559,0.00333,0.84748,0.00051,0.01505,0.00050,0.00850,0.02131,0.00240,0.06268,0.00204,0.02178,0.01442,-54.45,8.612,1,0.9605,69.54,0.9605,1
63994,1790787860737,0.01150,0.71867,0.00117,0.01052,0.00373,0.00547,0.14521,0.00101,0.07641,0.00099,0.00886,0.01645,0.01352,0.84347,0.00120,0.01065,0.00083,0.00388,0.00679,0.00097,0.08945,0.00102,0.00985,0.01837,-54.39,8.624,1,0.9731,69.28,0.9731,1
64087,1790787860819,0.01193,0.68055,0.00141,0.00847,0.00308,0.00800,0.16321,0.00140,0.08117,0.00085,0.01980,0.02013,0.01398,0.79644,0.00151,0.00571,0.00039,0.00681,0.03768,0.00138,0.09613,0.00095,0.02238,0.01665,-54.35,8.167,1,0.9589,139.01,0.9589,1
64179,1790787860918,0.04831,0.59412,0.00214,0.03174,0.00243,0.01357,0.17186,0.00303,0.07588,0.00073,0.03515,0.02106,0.05714,0.69517,0.00241,0.02988,0.00059,0.00493,0.06812,0.00315,0.08499,0.00075,0.04114,0.01173,-54.53,7.129,1,0.9742,69.51,0.9742,1
64272,1790787861010,0.44930,0.19262,0.00189,0.02368,0.00255,0.09351,0.10570,0.01123,0.07357,0.00131,0.02300,0.02162,0.53581,0.21424,0.00200,0.02314,0.00124,0.00583,0.08419,0.01306,0.08357,0.00132,0.02640,0.00919,-55.44,5.392,-1,0.0000,-1.00,0.0000,0
64365,1790787861099,0.39803,0.22177,0.00203,0.03096,0.00349,0.08815,0.06782,0.01323,0.11180,0.00175,0.04386,0.01709,0.47388,0.24024,0.00207,0.02714,0.00145,0.01169,0.03364,0.01544,0.12858,0.00182,0.05024,0.01381,-55.77,4.776,-1,0.0000,-1.00,0.0000,0
64458,1790787861198,0.48826,0.05953,0.00124,0.03639,0.00537,0.12425,0.02807,0.02614,0.09560,0.00192,0.10801,0.02522,0.57895,0.04939,0.00108,0.01929,0.00139,0.03411,0.02384,0.03110,0.11069,0.00206,0.12266,0.02542,-56.12,5.859,-1,0.0000,-1.00,0.0000,0
64551,1790787861277,0.05575,0.53480,0.00115,0.03450,0.00301,0.03032,0.12485,0.00396,0.12876,0.00173,0.06561,0.01555,0.06590,0.61128,0.00101,0.02666,0.00099,0.02330,0.02842,0.00455,0.14900,0.00188,0.07400,0.01300,-56.32,6.418,-1,0.0000,-1.00,0.0000,0
64644,1790787861378,0.03227,0.45107,0.00374,0.07529,0.01024,0.02003,0.21283,0.01764,0.07024,0.00699,0.03413,0.06554,0.03459,0.52706,0.00293,0.08278,0.00262,0.01714,0.15053,0.02055,0.06775,0.00786,0.03750,0.04869,-55.40,5.413,-1,0.0000,-1.00,0.0000,0
64737,1790787861459,0.08649,0.14103,0.03873,0.06945,0.01168,0.01619,0.20017,0.16543,0.12942,0.00442,0.05081,0.08617,0.06613,0.14106,0.04543,0.07140,0.00185,0.00629,0.21186,0.18924,0.14092,0.00493,0.05963,0.06125,-56.04,2.402,-1,0.0000,-1.00,0.0000,0
64830,1790787861557,0.04053,0.36442,0.00735,0.07235,0.00616,0.01358,0.12606,0.01914,0.27826,0.00396,0.04417,0.02401,0.04420,0.37358,0.00805,0.07649,0.00468,0.00751,0.07627,0.02206,0.31826,0.00382,0.05144,0.01366,-56.75,4.373,-1,0.0000,-1.00,0.0000,0
64922,1790787861637,0.03564,0.32236,0.08451,0.05019,0.00456,0.01617,0.08169,0.02551,0.23662,0.00554,0.11712,0.02009,0.04059,0.33151,0.09999,0.03277,0.00197,0.01135,0.03214,0.01077,0.27683,0.00644,0.13809,0.01755,-55.47,3.868,-1,0.0000,-1.00,0.0000,0
65015,1790787861737,0.01679,0.06863,0.04023,0.54275,0.01274,0.02264,0.04237,0.01944,0.13544,0.00245,0.05865,0.03786,0.01733,0.07517,0.04792,0.63734,0.00768,0.02369,0.03587,0.01380,0.03595,0.00142,0.06558,0.03826,-55.08,6.513,-1,0.0000,-1.00,0.0000,0
65108,1790787861839,0.02368,0.11659,0.01166,0.20919,0.19135,0.02791,0.08074,0.00327,0.11830,0.08683,0.05926,0.07121,0.02771,0.12095,0.00180,0.23768,0.21523,0.02796,0.07276,0.00356,0.09464,0.06138,0.06546,0.07087,-55.03,2.510,-1,0.0000,-1.00,0.0000,0
65201,1790787861938,0.06328,0.20240,0.03830,0.10701,0.03565,0.09083,0.12167,0.02169,0.16597,0.06953,0.04110,0.04258,0.07178,0.20800,0.03079,0.12220,0.03606,0.09525,0.10455,0.01989,0.17465,0.07617,0.03036,0.03030,-55.27,2.429,-1,0.0000,-1.00,0.0000,0
65294,1790787862039,0.10542,0.14889,0.01197,0.13773,0.06170,0.07056,0.08413,0.08308,0.17687,0.01893,0.07131,0.02942,0.10708,0.14231,0.01259,0.15058,0.06980,0.06333,0.07259,0.09705,0.18209,0.00884,0.07289,0.02086,-54.96,2.122,-1,0.0000,-1.00,0.0000,0
65387,1790787862117,0.05155,0.04349,0.00226,0.42101,0.00809,0.01334,0.02257,0.14064,0.12147,0.00474,0.16555,0.00530,0.02844,0.04156,0.00194,0.46555,0.00918,0.01034,0.01881,0.16813,0.05326,0.00386,0.19632,0.00262,-54.16,5.052,-1,0.0000,-1.00,0.0000,0
65480,1790787862218,0.01220,0.03599,0.00047,0.59593,0.00240,0.01986,0.01008,0.04051,0.12921,0.00123,0.14402,0.00810,0.00501,0.03919,0.00032,0.68076,0.00112,0.02280,0.00431,0.04847,0.01987,0.00125,0.16805,0.00885,-54.76,7.151,-1,0.0000,-1.00,0.0000,0
65573,1790787862298,0.03080,0.07247,0.02064,0.26345,0.00428,0.02641,0.02410,0.13006,0.12647,0.00644,0.27728,0.01758,0.00757,0.06718,0.02327,0.25100,0.00180,0.03015,0.01556,0.15124,0.10178,0.00736,0.32628,0.01682,-56.04,3.327,-1,0.0000,-1.00,0.0000,0
65666,1790787862398,0.02020,0.01897,0.02699,0.53458,0.00350,0.01864,0.00432,0.05024,0.17191,0.00833,0.12626,0.01606,0.01332,0.00607,0.03038,0.61134,0.00054,0.01970,0.00397,0.05417,0.08480,0.00988,0.14738,0.01845,-56.58,6.415,-1,0.0000,-1.00,0.0000,0
65758,1790787862509,0.01689,0.01033,0.01635,0.56083,0.00477,0.01226,0.00367,0.04570,0.13245,0.00780,0.17436,0.01458,0.00990,0.00590,0.01783,0.63109,0.00238,0.01273,0.00322,0.05122,0.03360,0.00888,0.20639,0.01684,-56.71,6.730,-1,0.0000,-1.00,0.0000,0
65851,1790787862578,0.06299,0.08195,0.08745,0.30795,0.01219,0.03381,0.02171,0.06149,0.13300,0.01234,0.13840,0.04671,0.06487,0.07986,0.10201,0.33720,0.00391,0.02766,0.01018,0.05346,0.09252,0.01401,0.16036,0.05395,-57.46,3.695,-1,0.0000,-1.00,0.0000,0
65944,1790787862678,0.03816,0.03818,0.10572,0.19439,0.03313,0.03530,0.01758,0.07435,0.17409,0.02357,0.11967,0.14585,0.03217,0.01253,0.12127,0.20591,0.00559,0.03599,0.01529,0.06834,0.16761,0.02732,0.13626,0.17173,-57.66,2.333,-1,0.0000,-1.00,0.0000,0
66037,1790787862758,0.02309,0.03962,0.08838,0.19379,0.01327,0.03297,0.00796,0.08001,0.20296,0.01968,0.25394,0.04433,0.01240,0.00618,0.10142,0.17335,0.00560,0.03712,0.00748,0.07659,0.20869,0.02261,0.29693,0.05163,-57.75,3.047,-1,0.0000,-1.00,0.0000,0
66130,1790787862859,0.02127,0.01774,0.05253,0.47147,0.00859,0.03348,0.01023,0.05513,0.16117,0.01518,0.12632,0.02689,0.01358,0.00479,0.05946,0.53640,0.00427,0.03742,0.00909,0.05649,0.08659,0.01755,0.14395,0.03042,-57.71,5.658,-1,0.0000,-1.00,0.0000,0
66223,1790787862938,0.01218,0.02254,0.07189,0.20256,0.00964,0.06336,0.02957,0.03820,0.10621,0.02796,0.37276,0.04313,0.00855,0.00805,0.07960,0.15709,0.00263,0.07423,0.03383,0.03000,0.09613,0.03298,0.43194,0.04497,-57.43,4.473,-1,0.0000,-1.00,0.0000,0
66316,1790787863038,0.01977,0.02472,0.05796,0.12434,0.02065,0.08212,0.00854,0.07743,0.08385,0.02825,0.40616,0.06621,0.00765,0.01205,0.06310,0.05632,0.00919,0.09702,0.00785,0.08027,0.08931,0.03203,0.46744,0.07777,-57.16,4.874,-1,0.0000,-1.00,0.0000,0
66409,1790787863137,0.00792,0.03080,0.03148,0.16333,0.00720,0.10897,0.00665,0.03365,0.15530,0.01953,0.40841,0.02677,0.00302,0.00413,0.03314,0.10381,0.00247,0.13009,0.00715,0.03376,0.16535,0.02307,0.46358,0.03043,-57.16,4.901,-1,0.0000,-1.00,0.0000,0
66501,1790787863238,0.01068,0.03131,0.03450,0.23300,0.00969,0.10284,0.00388,0.02805,0.17331,0.02203,0.32100,0.02971,0.00751,0.00464,0.03622,0.20772,0.00470,0.12174,0.00372,0.02643,0.16613,0.02584,0.36050,0.03486,-57.62,3.852,-1,0.0000,-1.00,0.0000,0
66594,1790787863338,0.00552,0.01489,0.04810,0.16246,0.00645,0.14917,0.01844,0.02655,0.08093,0.02901,0.43185,0.02661,0.00230,0.00251,0.05084,0.09910,0.00226,0.17829,0.02160,0.02173,0.07733,0.03431,0.48212,0.02761,-57.36,5.182,-1,0.0000,-1.00,0.0000,0
66687,1790787863418,0.01231,0.01803,0.03157,0.13539,0.01012,0.13607,0.13158,0.05256,0.09017,0.01599,0.30198,0.06423,0.00385,0.00400,0.03415,0.09688,0.00308,0.16228,0.15687,0.05621,0.08884,0.01855,0.32967,0.04563,-57.47,3.624,-1,0.0000,-1.00,0.0000,0
66780,1790787863517,0.01510,0.05649,0.03420,0.08664,0.01787,0.11355,0.02297,0.05794,0.27898,0.04598,0.19959,0.07070,0.00478,0.00457,0.03028,0.06171,0.00566,0.13511,0.02653,0.06351,0.32205,0.05397,0.21237,0.07945,-57.91,3.348,-1,0.0000,-1.00,0.0000,0
66873,1790787863597,0.07184,0.05511,0.03052,0.05962,0.01711,0.10768,0.01654,0.06745,0.26870,0.04653,0.18642,0.07247,0.07106,0.00345,0.02568,0.03168,0.00390,0.11508,0.01913,0.07574,0.31569,0.05498,0.20056,0.08304,-58.30,3.224,-1,0.0000,-1.00,0.0000,0
66966,1790787863699,0.09455,0.03429,0.02541,0.13289,0.00848,0.09695,0.02077,0.06298,0.17144,0.03085,0.29407,0.02732,0.09921,0.00406,0.02327,0.09317,0.00461,0.09650,0.02390,0.07104,0.18678,0.03623,0.33324,0.02800,-58.41,3.529,-1,0.0000,-1.00,0.0000,0
67059,1790787863797,0.05929,0.03646,0.03572,0.12975,0.02010,0.05893,0.01520,0.08439,0.18079,0.03634,0.29843,0.04461,0.04899,0.00754,0.03472,0.08697,0.01415,0.06090,0.01672,0.09423,0.19939,0.04074,0.34552,0.05014,-58.00,3.581,-1,0.0000,-1.00,0.0000,0
67152,1790787863878,0.07785,0.01742,0.03966,0.16010,0.01345,0.04963,0.01733,0.06009,0.06990,0.03149,0.40833,0.05475,0.08059,0.00807,0.04019,0.09655,0.00387,0.04350,0.01916,0.06403,0.06461,0.03697,0.48066,0.06180,-57.51,4.900,-1,0.0000,-1.00,0.0000,0
67244,1790787863979,0.08053,0.00891,0.03269,0.17404,0.01394,0.03831,0.01610,0.05831,0.05368,0.02110,0.45000,0.05240,0.08421,0.00210,0.03430,0.10280,0.00505,0.02921,0.01883,0.06311,0.04361,0.02460,0.53342,0.05876,-57.03,5.400,-1,0.0000,-1.00,0.0000,0
67337,1790787864060,0.02990,0.01735,0.02379,0.23103,0.01202,0.03952,0.00738,0.04254,0.10446,0.00642,0.44457,0.04104,0.02676,0.00293,0.02713,0.17288,0.00499,0.04205,0.00826,0.04560,0.09066,0.00693,0.52436,0.04745,-57.05,5.335,-1,0.0000,-1.00,0.0000,0
67430,1790787864158,0.03357,0.00842,0.02101,0.26687,0.00750,0.02834,0.00472,0.02454,0.07192,0.00683,0.49697,0.02931,0.03530,0.00105,0.02360,0.20278,0.00221,0.02698,0.00545,0.02473,0.04576,0.00796,0.59014,0.03404,-56.88,5.964,-1,0.0000,-1.00,0.0000,0
67523,1790787864237,0.02302,0.00834,0.02803,0.16826,0.00725,0.03722,0.00406,0.03043,0.04202,0.00340,0.61657,0.03140,0.02155,0.00237,0.03281,0.05674,0.00140,0.04033,0.00439,0.02996,0.03898,0.00391,0.73080,0.03676,-56.59,7.399,-1,0.0000,-1.00,0.0000,0
67616,1790787864339,0.02512,0.01798,0.03229,0.14253,0.00907,0.03226,0.00274,0.01786,0.08816,0.00364,0.59518,0.03317,0.02729,0.00193,0.03789,0.03071,0.00310,0.03324,0.00286,0.01393,0.09921,0.00409,0.70658,0.03917,-56.73,7.142,-1,0.0000,-1.00,0.0000,0
67709,1790787864438,0.01857,0.02749,0.04207,0.13664,0.00836,0.02298,0.00226,0.02746,0.13811,0.00672,0.53253,0.03683,0.01762,0.00167,0.04886,0.03818,0.00136,0.02404,0.00237,0.02322,0.15787,0.00783,0.63333,0.04366,-56.45,6.390,-1,0.0000,-1.00,0.0000,0
67802,1790787864538,0.04182,0.03182,0.06227,0.13424,0.01005,0.03206,0.00235,0.04311,0.16605,0.00835,0.42208,0.04582,0.04278,0.00111,0.07269,0.06177,0.00127,0.02993,0.00259,0.03725,0.18672,0.00975,0.49982,0.05432,-56.80,5.065,-1,0.0000,-1.00,0.0000,0
67895,1790787864639,0.02998,0.02122,0.06916,0.16827,0.01784,0.07357,0.00336,0.04215,0.11712,0.00704,0.36697,0.08332,0.02912,0.00224,0.08126,0.11770,0.00172,0.08239,0.00354,0.03443,0.11700,0.00810,0.42338,0.09911,-57.51,4.404,-1,0.0000,-1.00,0.0000,0
67988,1790787864718,0.01076,0.00832,0.05340,0.24637,0.00817,0.06469,0.00341,0.03365,0.06713,0.00697,0.46315,0.03400,0.00735,0.00145,0.06237,0.18818,0.00187,0.07605,0.00380,0.02796,0.04301,0.00810,0.53988,0.03998,-57.56,5.558,-1,0.0000,-1.00,0.0000,0
68080,1790787864820,0.02972,0.01587,0.06718,0.19242,0.00861,0.03971,0.00407,0.07102,0.09199,0.01478,0.43449,0.03014,0.02177,0.00228,0.07708,0.12906,0.00333,0.04326,0.00443,0.06982,0.08443,0.01726,0.51205,0.03524,-57.54,5.214,-1,0.0000,-1.00,0.0000,0
68173,1790787864898,0.02675,0.00793,0.11641,0.11071,0.01809,0.22509,0.00458,0.12338,0.04048,0.10612,0.14593,0.07455,0.00724,0.00420,0.11439,0.10853,0.00415,0.26828,0.00464,0.12518,0.02671,0.12661,0.12167,0.08840,-57.19,2.701,-1,0.0000,-1.00,0.0000,0
68266,1790787865007,0.03921,0.00430,0.11744,0.04269,0.01915,0.28407,0.00137,0.19782,0.02544,0.03689,0.13789,0.09374,0.00520,0.00036,0.13198,0.03173,0.00072,0.33937,0.00141,0.21103,0.02419,0.04406,0.09795,0.11201,-56.97,3.409,-1,0.0000,-1.00,0.0000,0
68359,1790787865098,0.03845,0.01128,0.07482,0.08303,0.01720,0.12761,0.07653,0.16137,0.06549,0.07184,0.18862,0.08375,0.01017,0.00077,0.07276,0.06062,0.00426,0.15096,0.09154,0.17893,0.06645,0.08524,0.19609,0.08221,-57.29,2.263,-1,0.0000,-1.00,0.0000,0
68452,1790787865178,0.02331,0.03329,0.03051,0.08988,0.00830,0.14826,0.18019,0.04230,0.17808,0.09328,0.10467,0.06792,0.01848,0.00113,0.01448,0.08968,0.00230,0.17398,0.21569,0.04782,0.19556,0.11137,0.09093,0.03859,-57.37,2.162,-1,0.0000,-1.00,0.0000,0
68545,1790787865278,0.01544,0.05607,0.03751,0.07525,0.00444,0.21357,0.03612,0.04616,0.29335,0.11459,0.08620,0.02129,0.00825,0.00064,0.01781,0.07968,0.00197,0.25427,0.04310,0.05183,0.33571,0.13692,0.05289,0.01693,-57.00,3.520,-1,0.0000,-1.00,0.0000,0
68638,1790787865358,0.03660,0.04098,0.03121,0.03118,0.00764,0.31967,0.03276,0.06579,0.20470,0.03911,0.15717,0.03318,0.02939,0.00113,0.02822,0.01485,0.00275,0.37730,0.03904,0.07323,0.24234,0.04632,0.11353,0.03191,-57.04,3.836,-1,0.0000,-1.00,0.0000,0
68731,1790787865459,0.06031,0.02102,0.03139,0.05718,0.01001,0.17902,0.09859,0.08245,0.10551,0.06105,0.23247,0.06100,0.05364,0.00114,0.02320,0.02130,0.00212,0.20393,0.11788,0.09422,0.12220,0.07273,0.23812,0.04950,-56.88,2.790,-1,0.0000,-1.00,0.0000,0
68823,1790787865538,0.05286,0.01403,0.08652,0.06919,0.00897,0.07707,0.13293,0.06924,0.07434,0.19219,0.16153,0.06114,0.04918,0.00104,0.05811,0.04778,0.00247,0.08260,0.15907,0.07144,0.07961,0.22980,0.17718,0.04173,-56.52,2.306,-1,0.0000,-1.00,0.0000,0
68916,1790787865638,0.06523,0.02849,0.06200,0.09897,0.00404,0.04079,0.13864,0.12543,0.15689,0.09046,0.14751,0.04155,0.05008,0.00060,0.05284,0.08508,0.00149,0.03894,0.16599,0.13983,0.17103,0.10819,0.16903,0.01689,-56.51,1.883,-1,0.0000,-1.00,0.0000,0
69009,1790787865737,0.07836,0.17677,0.02615,0.15431,0.01009,0.15500,0.06824,0.10020,0.09145,0.02889,0.06008,0.05046,0.07097,0.19750,0.02454,0.17737,0.00185,0.17165,0.04261,0.11520,0.07441,0.03426,0.03796,0.05168,-57.22,2.121,-1,0.0000,-1.00,0.0000,0
69102,1790787865838,0.20827,0.00962,0.02142,0.11662,0.02069,0.13959,0.01012,0.25049,0.04768,0.01363,0.06026,0.10161,0.19092,0.00533,0.02247,0.13051,0.00109,0.12941,0.01099,0.29577,0.03125,0.01612,0.04655,0.11957,-57.60,3.006,-1,0.0000,-1.00,0.0000,0
69195,1790787865938,0.19885,0.03512,0.00880,0.09779,0.03423,0.11738,0.00896,0.08368,0.16527,0.00820,0.08612,0.15562,0.21738,0.00799,0.00876,0.10055,0.00438,0.09755,0.00841,0.09928,0.17810,0.00896,0.08385,0.18480,-57.19,2.386,-1,0.0000,-1.00,0.0000,0
69288,1790787866018,0.08976,0.04181,0.02203,0.11172,0.03718,0.10186,0.01176,0.14092,0.17167,0.04542,0.05424,0.17164,0.07457,0.01436,0.01577,0.12520,0.00423,0.10727,0.01125,0.16573,0.18088,0.05358,0.04372,0.20343,-57.15,2.060,-1,0.0000,-1.00,0.0000,0
69381,1790787866117,0.06297,0.05631,0.01025,0.14816,0.02460,0.06335,0.01347,0.22147,0.21527,0.01733,0.05451,0.11232,0.02333,0.02306,0.00829,0.16740,0.00300,0.07159,0.01157,0.26372,0.22476,0.02017,0.05112,0.13200,-57.33,2.658,-1,0.0000,-1.00,0.0000,0
69474,1790787866197,0.07139,0.06924,0.06899,0.13332,0.03876,0.04323,0.02193,0.12568,0.04898,0.06779,0.12336,0.18732,0.05748,0.07698,0.06666,0.13204,0.00230,0.04040,0.00914,0.13926,0.03252,0.08078,0.13980,0.22265,-55.55,2.248,-1,0.0000,-1.00,0.0000,0
69566,1790787866298,0.04044,0.02555,0.09425,0.21384,0.03242,0.02741,0.00671,0.11042,0.08094,0.04179,0.22745,0.09878,0.02629,0.01966,0.10334,0.20330,0.01551,0.02767,0.00414,0.11182,0.05524,0.04844,0.26705,0.11754,-54.50,2.729,-1,0.0000,-1.00,0.0000,0
69659,1790787866398,0.04780,0.03704,0.06097,0.08267,0.06091,0.08105,0.02642,0.05428,0.16013,0.21766,0.06790,0.10318,0.04521,0.00990,0.02313,0.08640,0.04939,0.08839,0.02809,0.06206,0.17393,0.25183,0.06384,0.11783,-55.97,2.612,-1,0.0000,-1.00,0.0000,0
69752,1790787866478,0.09764,0.01852,0.06678,0.12086,0.04437,0.07863,0.01510,0.18570,0.06889,0.08039,0.12218,0.10094,0.07436,0.01093,0.06201,0.11893,0.02969,0.07947,0.01286,0.21329,0.05854,0.09087,0.13064,0.11841,-57.40,2.228,-1,0.0000,-1.00,0.0000,0
69845,1790787866577,0.08596,0.06249,0.13137,0.05520,0.03278,0.15780,0.01621,0.11681,0.04167,0.18531,0.07033,0.04407,0.07879,0.06829,0.11453,0.05625,0.02907,0.17347,0.00589,0.11726,0.03878,0.21629,0.04989,0.05150,-56.30,2.224,-1,0.0000,-1.00,0.0000,0
69938,1790787866658,0.17696,0.03700,0.03815,0.06995,0.01054,0.23596,0.02626,0.07588,0.09657,0.12741,0.06792,0.03740,0.19438,0.02456,0.01554,0.07737,0.00249,0.24648,0.02595,0.08848,0.10038,0.15218,0.03253,0.03967,-55.29,2.831,-1,0.0000,-1.00,0.0000,0
70031,1790787866758,0.14250,0.02333,0.02727,0.07590,0.03042,0.35236,0.00791,0.02209,0.05620,0.12357,0.10805,0.03042,0.16561,0.01777,0.00448,0.08058,0.02945,0.38938,0.00562,0.02591,0.05136,0.14223,0.05227,0.03533,-55.18,4.228,-1,0.0000,-1.00,0.0000,0
70124,1790787866840,0.06902,0.01845,0.05370,0.04063,0.00729,0.36872,0.01618,0.01186,0.02520,0.25482,0.10604,0.02809,0.08004,0.01772,0.00391,0.04023,0.00269,0.42595,0.01587,0.01344,0.02213,0.30490,0.04262,0.03051,-56.00,4.425,-1,0.0000,-1.00,0.0000,0
70217,1790787866938,0.09875,0.03115,0.03685,0.06120,0.01034,0.33897,0.00974,0.04346,0.06879,0.16653,0.08699,0.04722,0.10819,0.02365,0.00465,0.06780,0.00109,0.38508,0.00699,0.05115,0.06899,0.19933,0.02789,0.05519,-56.82,4.068,-1,0.0000,-1.00,0.0000,0
70310,1790787867060,0.12924,0.11151,0.07744,0.09885,0.06605,0.13577,0.04561,0.06808,0.06004,0.06387,0.08627,0.05728,0.14201,0.12341,0.08023,0.10325,0.06662,0.13466,0.03019,0.06567,0.05147,0.06333,0.07667,0.06248,-56.49,1.629,-1,0.0000,-1.00,0.0000,0
70402,1790787867137,0.06283,0.10570,0.11147,0.09235,0.04357,0.18531,0.03346,0.04112,0.10360,0.12498,0.07142,0.02418,0.06967,0.10607,0.10571,0.10188,0.04721,0.20823,0.01907,0.02832,0.10381,0.14053,0.04430,0.02520,-56.74,2.224,-1,0.0000,-1.00,0.0000,0
70495,1790787867238,0.05832,0.03273,0.04204,0.09485,0.02768,0.35438,0.01872,0.01490,0.03948,0.17729,0.11271,0.02691,0.06658,0.03389,0.00934,0.10305,0.02737,0.41143,0.01506,0.01665,0.02688,0.20701,0.05349,0.02926,-57.44,4.253,-1,0.0000,-1.00,0.0000,0
70588,1790787867319,0.06335,0.11297,0.10171,0.12083,0.03223,0.19194,0.04701,0.05561,0.05865,0.05202,0.09360,0.07006,0.06512,0.12667,0.11033,0.13109,0.02268,0.21723,0.02062,0.05537,0.04386,0.05826,0.06910,0.07968,-56.74,2.303,-1,0.0000,-1.00,0.0000,0
70681,1790787867418,0.05905,0.07797,0.19098,0.04142,0.11090,0.19484,0.02390,0.06427,0.05701,0.06284,0.08387,0.03295,0.06416,0.08142,0.21881,0.03840,0.12527,0.22104,0.01250,0.03363,0.06060,0.05057,0.05667,0.03694,-56.00,2.338,-1,0.0000,-1.00,0.0000,0
70774,1790787867507,0.12250,0.01874,0.03982,0.04040,0.02309,0.42326,0.01545,0.01737,0.06719,0.07540,0.13650,0.02029,0.14275,0.00789,0.03070,0.03481,0.02303,0.47914,0.01147,0.02021,0.07361,0.08578,0.06858,0.02203,-55.78,5.079,-1,0.0000,-1.00,0.0000,0
70867,1790787867598,0.10122,0.02012,0.02292,0.04430,0.01452,0.50147,0.00711,0.00644,0.04015,0.09248,0.13240,0.01687,0.12003,0.01643,0.00596,0.04431,0.01361,0.57709,0.00526,0.00654,0.03892,0.10852,0.04424,0.01910,-55.18,6.018,-1,0.0000,-1.00,0.0000,0
70960,1790787867698,0.05693,0.01588,0.02043,0.09546,0.15676,0.31665,0.02960,0.01168,0.04182,0.12466,0.10720,0.02293,0.06545,0.01323,0.00209,0.10332,0.18368,0.36645,0.03284,0.01358,0.02963,0.11296,0.05581,0.02097,-54.38,3.800,-1,0.0000,-1.00,0.0000,0
71053,1790787867777,0.04306,0.01078,0.00616,0.27414,0.09872,0.18502,0.00805,0.02838,0.06577,0.03900,0.18658,0.05434,0.04495,0.00879,0.00227,0.29252,0.10569,0.21279,0.00790,0.03355,0.02082,0.02578,0.18138,0.06355,-54.30,3.290,-1,0.0000,-1.00,0.0000,0
71145,1790787867878,0.03453,0.04140,0.28471,0.06133,0.01544,0.11993,0.01228,0.08157,0.08286,0.12056,0.10808,0.03731,0.03408,0.03235,0.31290,0.05320,0.00999,0.13694,0.00830,0.03572,0.08869,0.14253,0.10236,0.04295,-55.38,3.417,-1,0.0000,-1.00,0.0000,0
71238,1790787867957,0.14516,0.04610,0.01915,0.11424,0.03813,0.17587,0.01107,0.02356,0.16348,0.05977,0.17753,0.02593,0.16837,0.02046,0.01031,0.10168,0.03983,0.17736,0.00760,0.02780,0.17573,0.06373,0.17757,0.02956,-56.73,2.130,-1,0.0000,-1.00,0.0000,0
71331,1790787868059,0.06257,0.18484,0.35982,0.03185,0.03981,0.05959,0.03944,0.08174,0.02554,0.02181,0.07949,0.01350,0.07235,0.21627,0.42773,0.02154,0.04457,0.05716,0.00437,0.01317,0.02633,0.01729,0.08391,0.01531,-55.93,4.318,-1,0.0000,-1.00,0.0000,0
71424,1790787868138,0.02069,0.02409,0.02942,0.67434,0.00495,0.02468,0.00621,0.01221,0.14406,0.00590,0.04849,0.00496,0.02323,0.02598,0.03405,0.79748,0.00484,0.02497,0.00229,0.00788,0.01452,0.00611,0.05315,0.00550,-54.77,8.092,-1,0.0000,-1.00,0.0000,0
71517,1790787868238,0.02328,0.04387,0.00284,0.55726,0.00354,0.01019,0.00930,0.04613,0.11188,0.00366,0.18524,0.00282,0.01703,0.05054,0.00266,0.62408,0.00361,0.00884,0.00113,0.05474,0.01028,0.00373,0.22021,0.00315,-53.14,6.687,-1,0.0000,-1.00,0.0000,0
71610,1790787868359,0.08779,0.00580,0.00227,0.19130,0.00397,0.00640,0.00147,0.41546,0.03627,0.00361,0.24135,0.00432,0.00657,0.00510,0.00200,0.17215,0.00376,0.00636,0.00069,0.49748,0.00933,0.00359,0.28793,0.00503,-52.42,4.985,-1,0.0000,-1.00,0.0000,0
71703,1790787868438,0.09869,0.00162,0.02249,0.08169,0.04322,0.02566,0.22884,0.29855,0.02284,0.00719,0.09337,0.07585,0.04832,0.00112,0.02541,0.07654,0.04453,0.02117,0.27397,0.35271,0.00424,0.00773,0.10768,0.03658,-53.18,3.583,-1,0.0000,-1.00,0.0000,0
71796,1790787868538,0.07547,0.00300,0.00777,0.17439,0.02804,0.03370,0.00084,0.36987,0.03854,0.00893,0.21525,0.04419,0.04177,0.00069,0.00840,0.15910,0.03084,0.03210,0.00087,0.44153,0.01465,0.00458,0.25156,0.01392,-53.76,4.438,-1,0.0000,-1.00,0.0000,0
71888,1790787868619,0.08256,0.00730,0.01042,0.13346,0.01537,0.03744,0.09272,0.39165,0.03439,0.02612,0.13317,0.03538,0.00610,0.00622,0.00636,0.13000,0.01434,0.04366,0.10986,0.46803,0.01298,0.03092,0.15091,0.02062,-54.56,4.700,-1,0.0000,-1.00,0.0000,0
71981,1790787868717,0.02899,0.11650,0.02820,0.09548,0.01903,0.18936,0.08386,0.07649,0.10138,0.03542,0.16618,0.05912,0.01759,0.11880,0.02584,0.08371,0.01178,0.22342,0.07693,0.08654,0.10488,0.04010,0.15484,0.05559,-56.17,2.272,-1,0.0000,-1.00,0.0000,0
72074,1790787868798,0.07194,0.11226,0.01554,0.10534,0.02212,0.10892,0.04963,0.15080,0.03929,0.01869,0.25622,0.04925,0.05088,0.12801,0.01482,0.07009,0.01615,0.12042,0.03410,0.17776,0.03319,0.01919,0.28314,0.05225,-57.79,3.075,-1,0.0000,-1.00,0.0000,0
72167,1790787868898,0.04568,0.09213,0.37538,0.06422,0.01007,0.06876,0.11041,0.04368,0.03211,0.03086,0.09469,0.03199,0.04577,0.10502,0.44269,0.05734,0.00568,0.07332,0.02434,0.05172,0.02711,0.03586,0.09893,0.03223,-58.10,4.505,-1,0.0000,-1.00,0.0000,0
72260,1790787869003,0.01913,0.05404,0.35636,0.20821,0.01155,0.03397,0.05426,0.07065,0.05642,0.04167,0.04933,0.04441,0.01807,0.06079,0.41724,0.23923,0.00449,0.03713,0.01742,0.03749,0.01999,0.04923,0.05175,0.04719,-56.24,4.276,-1,0.0000,-1.00,0.0000,0
72353,1790787869078,0.06522,0.07242,0.09795,0.35626,0.00839,0.02298,0.02059,0.15257,0.07761,0.00950,0.09791,0.01862,0.04633,0.08424,0.11534,0.40435,0.00593,0.01835,0.00751,0.16041,0.01284,0.01021,0.11368,0.02083,-55.05,4.275,-1,0.0000,-1.00,0.0000,0
72446,1790787869177,0.09194,0.01954,0.02236,0.14161,0.00375,0.01463,0.02530,0.37871,0.03186,0.00992,0.25352,0.00686,0.02117,0.02017,0.02459,0.10999,0.00390,0.01333,0.02632,0.44891,0.01637,0.01112,0.30114,0.00300,-54.88,4.544,-1,0.0000,-1.00,0.0000,0
72539,1790787869258,0.02192,0.01062,0.01516,0.18621,0.00309,0.00930,0.04602,0.08511,0.03793,0.00414,0.56814,0.01236,0.00673,0.00721,0.01728,0.08855,0.00288,0.00981,0.05372,0.09856,0.02783,0.00445,0.67882,0.00416,-54.93,6.818,-1,0.0000,-1.00,0.0000,0
72632,1790787869358,0.05777,0.00707,0.00454,0.20825,0.00298,0.00509,0.02341,0.25398,0.04111,0.00255,0.38147,0.01177,0.00908,0.00496,0.00491,0.15909,0.00183,0.00430,0.02702,0.30340,0.01772,0.00270,0.45624,0.00874,-55.74,4.578,-1,0.0000,-1.00,0.0000,0
72724,1790787869439,0.02558,0.01155,0.03298,0.11713,0.08867,0.00356,0.03774,0.10052,0.05220,0.04268,0.19091,0.29648,0.00651,0.00666,0.03085,0.09512,0.03755,0.00298,0.04390,0.11434,0.04369,0.04369,0.22816,0.34654,-56.21,3.558,-1,0.0000,-1.00,0.0000,0
72817,1790787869539,0.02073,0.01374,0.05282,0.17199,0.01652,0.00310,0.09265,0.09828,0.05202,0.03573,0.40224,0.04019,0.00363,0.00850,0.05537,0.11066,0.01454,0.00300,0.10933,0.10678,0.04039,0.03993,0.48139,0.02648,-56.09,4.827,-1,0.0000,-1.00,0.0000,0
72910,1790787869658,0.01239,0.00464,0.03727,0.18567,0.02219,0.00342,0.10173,0.04926,0.03481,0.10446,0.33249,0.11167,0.00394,0.00294,0.02003,0.14363,0.00483,0.00332,0.12131,0.05506,0.01324,0.12421,0.39774,0.10976,-56.37,3.990,-1,0.0000,-1.00,0.0000,0
73003,1790787869738,0.02769,0.00760,0.02121,0.22482,0.00951,0.00860,0.06379,0.09155,0.06243,0.05348,0.37736,0.05195,0.01258,0.00201,0.01281,0.18005,0.00230,0.00782,0.07554,0.10766,0.03912,0.06362,0.45062,0.04587,-57.38,4.528,-1,0.0000,-1.00,0.0000,0
73096,1790787869838,0.07391,0.02257,0.03311,0.17722,0.01564,0.03821,0.06246,0.10088,0.09918,0.04437,0.30277,0.02970,0.06930,0.00905,0.02966,0.14176,0.01346,0.03384,0.07305,0.11500,0.09074,0.05050,0.35608,0.01757,-58.43,3.633,-1,0.0000,-1.00,0.0000,0
73189,1790787869917,0.06757,0.01251,0.01850,0.18796,0.02172,0.01832,0.02901,0.10779,0.07172,0.03441,0.37750,0.05297,0.05568,0.00330,0.01458,0.13597,0.01473,0.01092,0.03282,0.12756,0.05899,0.03831,0.45017,0.05697,-57.99,4.530,-1,0.0000,-1.00,0.0000,0
73282,1790787870017,0.04683,0.01901,0.01699,0.21516,0.01577,0.00832,0.04231,0.09063,0.08186,0.03353,0.38298,0.04661,0.03583,0.01006,0.01278,0.16695,0.00992,0.00287,0.04822,0.10655,0.06499,0.03821,0.45834,0.04529,-57.51,4.596,-1,0.0000,-1.00,0.0000,0
73375,1790787870098,0.06242,0.02554,0.01458,0.20583,0.01996,0.01359,0.14241,0.05683,0.13321,0.01692,0.25011,0.05861,0.06181,0.00657,0.01386,0.18738,0.01664,0.00404,0.16917,0.06551,0.12124,0.01820,0.29889,0.03669,-57.50,3.001,-1,0.0000,-1.00,0.0000,0
73467,1790787870199,0.24119,0.02534,0.01206,0.22201,0.00836,0.04896,0.05695,0.06211,0.15335,0.01104,0.12548,0.03315,0.27392,0.00377,0.01196,0.23638,0.00473,0.00437,0.06594,0.07361,0.13661,0.01256,0.14949,0.02665,-56.68,2.894,-1,0.0000,-1.00,0.0000,0
73560,1790787870297,0.04157,0.06174,0.01139,0.27769,0.00765,0.01315,0.04711,0.05073,0.14350,0.04076,0.28401,0.02071,0.03792,0.05033,0.00420,0.26560,0.00603,0.00827,0.04647,0.05996,0.11929,0.04765,0.33868,0.01560,-56.29,3.408,-1,0.0000,-1.00,0.0000,0
73653,1790787870380,0.14986,0.04774,0.02341,0.12116,0.02337,0.03046,0.03645,0.08471,0.17038,0.01361,0.26985,0.02899,0.16232,0.02055,0.02510,0.08125,0.02305,0.00432,0.03960,0.09653,0.18489,0.01490,0.32249,0.02500,-56.34,3.238,-1,0.0000,-1.00,0.0000,0
73746,1790787870504,0.04769,0.08111,0.05066,0.15110,0.00952,0.03666,0.05224,0.05245,0.12215,0.01721,0.35761,0.02162,0.04578,0.07252,0.05673,0.09749,0.00769,0.03517,0.04333,0.05650,0.12610,0.02004,0.42153,0.01715,-55.90,4.291,-1,0.0000,-1.00,0.0000,0
73839,1790787870560,0.11383,0.16081,0.00832,0.10168,0.01306,0.03443,0.10332,0.04883,0.19169,0.01962,0.16177,0.04263,0.12502,0.15046,0.00567,0.08407,0.00909,0.01660,0.09398,0.05738,0.21303,0.02171,0.19055,0.03245,-55.85,2.300,-1,0.0000,-1.00,0.0000,0
73932,1790787870658,0.12040,0.12240,0.01515,0.16313,0.05522,0.02888,0.08834,0.03035,0.09395,0.03166,0.22174,0.02879,0.13722,0.12997,0.01308,0.14308,0.06240,0.00741,0.07827,0.03559,0.08421,0.02556,0.26423,0.01898,-56.53,2.661,-1,0.0000,-1.00,0.0000,0
74025,1790787870738,0.10339,0.06890,0.07701,0.14247,0.07160,0.03037,0.09112,0.04147,0.13680,0.04120,0.16197,0.03370,0.11723,0.05536,0.08563,0.13276,0.08162,0.01315,0.09736,0.03356,0.13724,0.03354,0.19147,0.02108,-56.87,1.944,-1,0.0000,-1.00,0.0000,0
74118,1790787870837,0.11479,0.02197,0.10624,0.09927,0.13283,0.02592,0.04716,0.06668,0.09215,0.03556,0.21043,0.04701,0.12586,0.00827,0.12436,0.06921,0.15006,0.00620,0.05487,0.05524,0.09476,0.01480,0.25092,0.04545,-56.49,2.525,-1,0.0000,-1.00,0.0000,0
74210,1790787870963,0.06659,0.10555,0.19249,0.12951,0.01229,0.01654,0.07426,0.05943,0.06765,0.02293,0.22254,0.03023,0.07416,0.11461,0.22558,0.10253,0.00979,0.00544,0.06523,0.02752,0.06073,0.02554,0.26557,0.02329,-55.28,2.670,-1,0.0000,-1.00,0.0000,0
74303,1790787871038,0.02954,0.00878,0.54099,0.07016,0.00463,0.00684,0.04598,0.12515,0.04238,0.01951,0.08742,0.01861,0.03144,0.00348,0.64363,0.06338,0.00345,0.00196,0.05441,0.02237,0.03770,0.02320,0.10437,0.01060,-54.72,6.492,-1,0.0000,-1.00,0.0000,0
74396,1790787871138,0.01813,0.04620,0.48421,0.04307,0.00346,0.00490,0.07502,0.11788,0.06319,0.02631,0.10059,0.01704,0.01615,0.04157,0.57408,0.02782,0.00331,0.00266,0.08162,0.02747,0.07020,0.03087,0.12001,0.00424,-55.79,5.811,-1,0.0000,-1.00,0.0000,0
74489,1790787871218,0.02959,0.12855,0.06108,0.09887,0.00545,0.01125,0.06905,0.05858,0.27364,0.02488,0.21445,0.02462,0.02544,0.09171,0.06741,0.06787,0.00346,0.00843,0.06445,0.05694,0.31443,0.02912,0.25529,0.01545,-56.49,3.284,-1,0.0000,-1.00,0.0000,0
74582,1790787871317,0.01716,0.22975,0.09359,0.07148,0.00788,0.00885,0.08140,0.06875,0.23515,0.03477,0.11962,0.03159,0.00818,0.22170,0.10404,0.05758,0.00402,0.00899,0.05288,0.06246,0.27035,0.04086,0.14156,0.02737,-56.66,2.822,-1,0.0000,-1.00,0.0000,0
74675,1790787871399,0.02800,0.13940,0.05547,0.20181,0.04779,0.02265,0.03755,0.09031,0.17100,0.02318,0.06784,0.11499,0.01424,0.13573,0.06205,0.22666,0.03064,0.02434,0.01809,0.09591,0.15939,0.02228,0.07647,0.13420,-56.29,2.422,-1,0.0000,-1.00,0.0000,0
74768,1790787871501,0.01274,0.07734,0.03379,0.29803,0.08657,0.00557,0.02371,0.05801,0.12715,0.01971,0.09581,0.16156,0.00299,0.07569,0.03831,0.33459,0.06588,0.00609,0.01341,0.06192,0.08564,0.01096,0.11360,0.19093,-55.29,3.576,-1,0.0000,-1.00,0.0000,0
74861,1790787871600,0.08720,0.05692,0.03375,0.13824,0.10500,0.06947,0.00964,0.03976,0.20207,0.02470,0.10211,0.13113,0.09684,0.02594,0.03822,0.14391,0.09498,0.06405,0.00640,0.04007,0.21319,0.01118,0.10965,0.15557,-54.38,2.425,-1,0.0000,-1.00,0.0000,0
74954,1790787871677,0.15106,0.02336,0.00606,0.09211,0.13345,0.03809,0.00264,0.00987,0.11281,0.02311,0.03445,0.37299,0.17893,0.00534,0.00458,0.10258,0.07142,0.01017,0.00210,0.01092,0.11484,0.01353,0.03927,0.44632,-53.91,4.476,-1,0.0000,-1.00,0.0000,0
75046,1790787871779,0.01746,0.01674,0.00672,0.08638,0.12498,0.03079,0.04309,0.05610,0.05734,0.01509,0.05470,0.49061,0.00781,0.01007,0.00584,0.09191,0.03488,0.03563,0.04964,0.06606,0.05049,0.01117,0.05848,0.57802,-54.58,5.887,-1,0.0000,-1.00,0.0000,0
75139,1790787871859,0.11320,0.03112,0.01307,0.11430,0.04933,0.10689,0.09494,0.10332,0.09064,0.02433,0.09603,0.16283,0.11152,0.02041,0.01079,0.11838,0.02314,0.10757,0.10972,0.12166,0.08515,0.02457,0.09374,0.17336,-56.46,1.954,-1,0.0000,-1.00,0.0000,0
75232,1790787871958,0.08718,0.06049,0.01454,0.14245,0.04225,0.05329,0.04210,0.08820,0.13682,0.03029,0.16344,0.13895,0.08521,0.04532,0.01099,0.13371,0.01951,0.04696,0.04141,0.10356,0.13737,0.03249,0.18653,0.15694,-57.94,1.961,-1,0.0000,-1.00,0.0000,0
75325,1790787872039,0.06367,0.06739,0.01319,0.10297,0.03826,0.07433,0.05776,0.05494,0.24925,0.02315,0.14645,0.10864,0.06357,0.02524,0.01120,0.09161,0.02256,0.07646,0.06420,0.06361,0.28051,0.02327,0.16032,0.11745,-57.79,2.991,-1,0.0000,-1.00,0.0000,0
75418,1790787872144,0.03578,0.05167,0.00779,0.16462,0.03873,0.06852,0.07098,0.07378,0.20738,0.02017,0.12334,0.13723,0.02533,0.01960,0.00521,0.17099,0.01700,0.07708,0.08117,0.08737,0.21460,0.02080,0.13252,0.14835,-57.82,2.489,-1,0.0000,-1.00,0.0000,0
75511,1790787872260,0.04021,0.03967,0.02067,0.17476,0.03008,0.05124,0.04137,0.12966,0.15209,0.05114,0.17707,0.09204,0.01791,0.01807,0.01325,0.16962,0.01599,0.05784,0.04599,0.15274,0.14861,0.05810,0.20071,0.10118,-57.45,2.125,-1,0.0000,-1.00,0.0000,0
75604,1790787872338,0.02113,0.05921,0.02557,0.14345,0.01537,0.03220,0.03584,0.06873,0.25634,0.05472,0.23645,0.05101,0.00913,0.01527,0.01790,0.11717,0.00787,0.03677,0.03991,0.07880,0.28372,0.06421,0.27603,0.05321,-56.63,3.076,-1,0.0000,-1.00,0.0000,0
75697,1790787872439,0.16340,0.03724,0.02202,0.18195,0.01817,0.04604,0.06635,0.05938,0.11537,0.02011,0.18968,0.08029,0.18254,0.02407,0.02182,0.17371,0.00564,0.01898,0.07474,0.06682,0.10371,0.02307,0.22352,0.08139,-56.30,2.276,-1,0.0000,-1.00,0.0000,0
75789,1790787872518,0.09909,0.02609,0.02260,0.26469,0.04328,0.03016,0.04353,0.04919,0.13226,0.01636,0.10451,0.16827,0.10796,0.01136,0.02374,0.29291,0.01384,0.01473,0.04865,0.05549,0.10041,0.01685,0.12230,0.19175,-56.35,3.176,-1,0.0000,-1.00,0.0000,0
75882,1790787872619,0.09880,0.04716,0.02459,0.21312,0.02660,0.03686,0.06000,0.07096,0.21277,0.02861,0.07607,0.10447,0.10291,0.01533,0.02305,0.23824,0.00986,0.02376,0.06829,0.08102,0.20772,0.03233,0.08644,0.11106,-55.93,2.557,-1,0.0000,-1.00,0.0000,0
75975,1790787872698,0.11206,0.04514,0.02777,0.12244,0.02844,0.03514,0.04666,0.04568,0.14207,0.04549,0.26612,0.08298,0.12204,0.02597,0.02305,0.08421,0.01629,0.01798,0.04772,0.05320,0.15326,0.05157,0.31531,0.08940,-55.01,3.193,-1,0.0000,-1.00,0.0000,0
76068,1790787872798,0.23929,0.01380,0.02020,0.12986,0.03645,0.05179,0.02962,0.02522,0.05427,0.02807,0.27463,0.09681,0.28130,0.00722,0.01839,0.09062,0.02183,0.00645,0.03328,0.02736,0.04704,0.02933,0.32779,0.10940,-54.21,3.296,-1,0.0000,-1.00,0.0000,0
76161,1790787872900,0.18689,0.01838,0.01302,0.11585,0.06426,0.03863,0.01267,0.04280,0.09421,0.03527,0.13915,0.23886,0.21388,0.00402,0.00804,0.10592,0.02082,0.00389,0.01439,0.04970,0.09189,0.03813,0.16596,0.28337,-54.00,2.866,-1,0.0000,-1.00,0.0000,0
76254,1790787872977,0.41506,0.00605,0.00750,0.09818,0.01484,0.08245,0.00655,0.06533,0.02430,0.01237,0.25361,0.01375,0.48209,0.00374,0.00663,0.05753,0.01480,0.00323,0.00710,0.07697,0.01771,0.01189,0.30325,0.01506,-54.08,4.981,-1,0.0000,-1.00,0.0000,0
76347,1790787873080,0.45118,0.00473,0.00801,0.10869,0.00828,0.09023,0.00793,0.02853,0.03286,0.00727,0.24115,0.01114,0.53409,0.00073,0.00817,0.07304,0.00763,0.00224,0.00900,0.03291,0.02490,0.00720,0.28851,0.01156,-53.55,5.414,-1,0.0000,-1.00,0.0000,0
76440,1790787873158,0.41518,0.00689,0.00799,0.07434,0.01541,0.08139,0.00780,0.08588,0.02532,0.02416,0.24969,0.00594,0.47726,0.00342,0.00452,0.02988,0.01740,0.00292,0.00867,0.10201,0.02442,0.02550,0.29861,0.00540,-53.52,4.982,-1,0.0000,-1.00,0.0000,0
76532,1790787873258,0.34842,0.00753,0.00450,0.13312,0.01691,0.07249,0.00766,0.07991,0.03549,0.01346,0.27179,0.00873,0.39858,0.00437,0.00292,0.09526,0.01848,0.00788,0.00831,0.09517,0.02364,0.01247,0.32411,0.00881,-54.23,4.181,-1,0.0000,-1.00,0.0000,0
76625,1790787873338,0.18530,0.00812,0.00629,0.19619,0.01560,0.03992,0.01586,0.04843,0.05032,0.01106,0.41612,0.00678,0.21067,0.00316,0.00559,0.13647,0.01779,0.00607,0.01798,0.05731,0.03313,0.00984,0.49741,0.00457,-54.92,4.993,-1,0.0000,-1.00,0.0000,0
76718,1790787873458,0.11517,0.00798,0.00954,0.27076,0.01404,0.02947,0.01839,0.09635,0.06715,0.02608,0.32485,0.02021,0.11573,0.00335,0.00574,0.24776,0.01294,0.01237,0.02132,0.11437,0.03135,0.02868,0.38680,0.01959,-54.81,3.898,-1,0.0000,-1.00,0.0000,0
76811,1790787873558,0.26363,0.00807,0.00497,0.19125,0.01506,0.05555,0.02961,0.08350,0.04690,0.01078,0.27449,0.01620,0.29580,0.00565,0.00401,0.16428,0.01560,0.00793,0.03436,0.09925,0.02363,0.00982,0.32734,0.01234,-54.62,3.294,-1,0.0000,-1.00,0.0000,0
76904,1790787873640,0.30950,0.01123,0.00191,0.15160,0.00921,0.06227,0.02534,0.03307,0.05535,0.00890,0.31994,0.01168,0.36302,0.00447,0.00055,0.10576,0.00942,0.00264,0.02948,0.03952,0.04536,0.00880,0.38284,0.00815,-54.60,3.839,-1,0.0000,-1.00,0.0000,0
76997,1790787873737,0.29263,0.01404,0.00362,0.17915,0.01457,0.05770,0.01484,0.03932,0.06950,0.01437,0.29310,0.00716,0.34129,0.00618,0.00147,0.14510,0.01641,0.00148,0.01656,0.04682,0.05401,0.01447,0.35091,0.00530,-54.85,3.517,-1,0.0000,-1.00,0.0000,0
77090,1790787873817,0.30047,0.01298,0.00350,0.14619,0.01496,0.05885,0.01477,0.07366,0.07975,0.00937,0.27571,0.00978,0.34241,0.00112,0.00259,0.10978,0.01627,0.00264,0.01718,0.08806,0.07368,0.00812,0.32984,0.00831,-55.43,3.606,-1,0.0000,-1.00,0.0000,0
77183,1790787873917,0.27438,0.01269,0.00337,0.11026,0.01932,0.05351,0.03789,0.05722,0.06820,0.01003,0.32797,0.02516,0.31499,0.00142,0.00240,0.05427,0.01895,0.00167,0.04512,0.06809,0.07097,0.00826,0.39266,0.02121,-54.47,3.936,-1,0.0000,-1.00,0.0000,0
77276,1790787874009,0.38084,0.00866,0.00305,0.10018,0.01159,0.07310,0.02738,0.08363,0.05072,0.00673,0.23994,0.01420,0.43662,0.00081,0.00252,0.06308,0.01179,0.00105,0.03248,0.09987,0.04827,0.00573,0.28730,0.01049,-54.35,4.570,-1,0.0000,-1.00,0.0000,0
77368,1790787874100,0.15351,0.09307,0.00284,0.10634,0.03312,0.03893,0.04078,0.05484,0.15373,0.00824,0.18716,0.12744,0.17099,0.07828,0.00187,0.08347,0.01072,0.01276,0.03335,0.06534,0.16766,0.00774,0.22174,0.14609,-55.29,2.246,-1,0.0000,-1.00,0.0000,0
77461,1790787874197,0.09439,0.14545,0.01797,0.11632,0.04925,0.02055,0.04374,0.03520,0.13020,0.01899,0.15290,0.17504,0.10480,0.14764,0.01774,0.10321,0.01827,0.00385,0.02106,0.04073,0.13555,0.01913,0.18245,0.20556,-55.22,2.100,-1,0.0000,-1.00,0.0000,0
77554,1790787874278,0.12316,0.09003,0.00626,0.25825,0.01919,0.02575,0.03694,0.04314,0.11312,0.01369,0.23278,0.03769,0.13750,0.09100,0.00484,0.25430,0.01507,0.00360,0.02617,0.05079,0.08514,0.01342,0.27821,0.03997,-55.38,3.099,-1,0.0000,-1.00,0.0000,0
77647,1790787874380,0.11986,0.04365,0.02885,0.23529,0.04554,0.03131,0.04305,0.05053,0.12169,0.01904,0.21650,0.04469,0.13262,0.03273,0.03184,0.23095,0.04572,0.01122,0.04510,0.05423,0.10004,0.01375,0.25720,0.04461,-55.93,2.823,-1,0.0000,-1.00,0.0000,0
77740,1790787874458,0.05345,0.06399,0.06373,0.17146,0.02077,0.03811,0.04974,0.07498,0.18518,0.03194,0.18156,0.06509,0.04894,0.03912,0.06923,0.16373,0.01146,0.03596,0.05175,0.07621,0.18943,0.03600,0.21042,0.06774,-55.99,2.222,-1,0.0000,-1.00,0.0000,0
77833,1790787874557,0.02498,0.05770,0.15863,0.18252,0.02783,0.04785,0.04464,0.06879,0.09383,0.03865,0.19493,0.05966,0.02042,0.05412,0.18171,0.17450,0.02088,0.05328,0.04114,0.04803,0.07783,0.04217,0.22301,0.06292,-55.93,2.339,-1,0.0000,-1.00,0.0000,0
77926,1790787874640,0.01788,0.03106,0.04971,0.32857,0.01397,0.01090,0.01276,0.07050,0.08291,0.01557,0.33486,0.03131,0.01195,0.02988,0.05629,0.31459,0.01067,0.01070,0.00936,0.07332,0.03699,0.01654,0.39912,0.03060,-55.41,4.018,-1,0.0000,-1.00,0.0000,0
78019,1790787874757,0.01492,0.00968,0.05362,0.26594,0.01305,0.01426,0.01206,0.06085,0.06883,0.06469,0.39663,0.02546,0.00526,0.00418,0.04923,0.22508,0.01008,0.01607,0.01330,0.06348,0.03760,0.07577,0.47208,0.02787,-55.18,4.760,-1,0.0000,-1.00,0.0000,0
78111,1790787874864,0.01112,0.01267,0.02895,0.23816,0.02163,0.01144,0.00793,0.05213,0.07370,0.01045,0.44906,0.08274,0.00335,0.00481,0.03248,0.17921,0.00684,0.01304,0.00855,0.05603,0.05279,0.01116,0.53550,0.09623,-55.20,5.389,-1,0.0000,-1.00,0.0000,0
78204,1790787874938,0.01349,0.00958,0.03234,0.24154,0.00547,0.01844,0.00274,0.05759,0.06039,0.01114,0.53425,0.01302,0.00547,0.00360,0.03626,0.16334,0.00388,0.02101,0.00238,0.06201,0.03998,0.01258,0.63599,0.01350,-55.46,6.411,-1,0.0000,-1.00,0.0000,0
78297,1790787875039,0.01737,0.00737,0.01481,0.25790,0.00799,0.01672,0.00222,0.06890,0.06030,0.01525,0.51142,0.01974,0.00501,0.00191,0.01432,0.18829,0.00498,0.01904,0.00228,0.07972,0.03493,0.01728,0.60904,0.02321,-54.91,6.137,-1,0.0000,-1.00,0.0000,0
78390,1790787875117,0.01356,0.00606,0.02113,0.35410,0.00677,0.00997,0.00481,0.05693,0.07973,0.01726,0.41458,0.01509,0.00355,0.00123,0.02132,0.32626,0.00475,0.01125,0.00542,0.06409,0.03042,0.02018,0.49454,0.01700,-54.31,4.975,-1,0.0000,-1.00,0.0000,0
78483,1790787875218,0.01093,0.00388,0.01516,0.26722,0.00638,0.01133,0.00245,0.04585,0.04750,0.00880,0.57349,0.00700,0.00271,0.00076,0.01631,0.18448,0.00610,0.01304,0.00279,0.05170,0.02034,0.00933,0.68460,0.00784,-54.43,6.882,-1,0.0000,-1.00,0.0000,0
78576,1790787875297,0.00637,0.00946,0.01054,0.22532,0.00536,0.01270,0.00510,0.02248,0.06128,0.00785,0.62385,0.00969,0.00221,0.00207,0.01091,0.12238,0.00431,0.01480,0.00546,0.02501,0.04907,0.00864,0.74459,0.01053,-54.36,7.486,-1,0.0000,-1.00,0.0000,0
78669,1790787875397,0.00737,0.01041,0.02074,0.22403,0.01032,0.00631,0.00891,0.03127,0.06717,0.01048,0.58266,0.02032,0.00229,0.00169,0.02262,0.13032,0.00794,0.00711,0.01034,0.03299,0.05439,0.01125,0.69676,0.02230,-55.23,6.992,-1,0.0000,-1.00,0.0000,0
78762,1790787875510,0.01323,0.05014,0.07590,0.13586,0.02826,0.02627,0.02094,0.04852,0.24861,0.05508,0.23613,0.06106,0.00741,0.00546,0.07848,0.10788,0.02030,0.03001,0.02401,0.04258,0.27557,0.06292,0.27699,0.06841,-56.24,2.983,-1,0.0000,-1.00,0.0000,0
78854,1790787875578,0.00807,0.05909,0.01953,0.12637,0.01529,0.01289,0.01207,0.02679,0.29919,0.01809,0.37175,0.03088,0.00431,0.00276,0.01950,0.06369,0.01167,0.01459,0.01382,0.02834,0.34560,0.01965,0.44255,0.03353,-55.87,4.461,-1,0.0000,-1.00,0.0000,0
78947,1790787875678,0.01068,0.04371,0.03983,0.19787,0.01663,0.01686,0.01189,0.03688,0.23725,0.02551,0.32801,0.03486,0.00560,0.00240,0.04215,0.15994,0.01206,0.01922,0.01377,0.03584,0.25258,0.02818,0.38923,0.03904,-55.58,3.936,-1,0.0000,-1.00,0.0000,0
79040,1790787875757,0.01154,0.06966,0.01569,0.14554,0.01116,0.01369,0.01159,0.04345,0.36778,0.01588,0.26577,0.02825,0.00354,0.00112,0.01527,0.11188,0.00719,0.01570,0.01367,0.04903,0.41834,0.01777,0.31535,0.03114,-56.18,4.413,-1,0.0000,-1.00,0.0000,0
79133,1790787875859,0.01998,0.05602,0.08480,0.18947,0.00696,0.01629,0.01730,0.07900,0.32802,0.04519,0.13928,0.01769,0.00451,0.00111,0.09107,0.19468,0.00494,0.01863,0.02051,0.07660,0.35445,0.05317,0.16320,0.01713,-56.71,3.936,-1,0.0000,-1.00,0.0000,0
79226,1790787875938,0.01023,0.03290,0.09073,0.15879,0.04002,0.01376,0.00727,0.05217,0.18625,0.17493,0.22373,0.00923,0.00253,0.00144,0.06813,0.13775,0.04605,0.01602,0.00834,0.04909,0.19159,0.20475,0.26490,0.00940,-56.73,2.685,-1,0.0000,-1.00,0.0000,0
79319,1790787876059,0.02950,0.04085,0.07983,0.20037,0.01768,0.02873,0.01765,0.14436,0.23355,0.11136,0.08316,0.01295,0.00392,0.00219,0.06995,0.22166,0.01894,0.03365,0.02072,0.15911,0.23591,0.12968,0.09298,0.01130,-56.96,2.803,-1,0.0000,-1.00,0.0000,0
79412,1790787876157,0.02208,0.03452,0.07946,0.11144,0.03096,0.04340,0.03752,0.07729,0.19337,0.24963,0.09181,0.02853,0.00915,0.00071,0.03718,0.11370,0.03216,0.05018,0.04482,0.08524,0.20916,0.29274,0.10006,0.02488,-57.68,2.996,-1,0.0000,-1.00,0.0000,0
79505,1790787876238,0.11978,0.03883,0.03759,0.08205,0.03624,0.06659,0.05106,0.08044,0.14640,0.08394,0.23053,0.02656,0.12609,0.01379,0.02641,0.04572,0.03954,0.05479,0.05845,0.09115,0.16512,0.09398,0.26536,0.01961,-58.41,2.766,-1,0.0000,-1.00,0.0000,0
79598,1790787876337,0.17099,0.04416,0.02769,0.07470,0.02647,0.04743,0.05307,0.10519,0.21155,0.07288,0.13505,0.03083,0.18056,0.00495,0.01691,0.05826,0.02664,0.02126,0.06261,0.12269,0.24194,0.08205,0.15760,0.02453,-58.34,2.539,-1,0.0000,-1.00,0.0000,0
79690,1790787876418,0.17418,0.04345,0.01947,0.06610,0.01411,0.11441,0.04487,0.07088,0.21543,0.06540,0.12891,0.04279,0.19026,0.00489,0.00813,0.05250,0.00863,0.09957,0.05279,0.08333,0.24773,0.07665,0.13472,0.04080,-57.63,2.585,-1,0.0000,-1.00,0.0000,0
79783,1790787876519,0.12610,0.04231,0.07232,0.05057,0.01897,0.14698,0.08527,0.04353,0.11307,0.07144,0.15850,0.07093,0.14320,0.02533,0.07001,0.02876,0.00948,0.14796,0.09715,0.03828,0.12953,0.08398,0.16059,0.06573,-57.00,1.902,-1,0.0000,-1.00,0.0000,0
79876,1790787876598,0.08158,0.03016,0.06595,0.04551,0.06441,0.12678,0.08950,0.06085,0.06156,0.05044,0.17615,0.14710,0.08440,0.02391,0.06879,0.01801,0.04626,0.13518,0.10251,0.05927,0.06981,0.05165,0.18427,0.15595,-56.30,2.114,-1,0.0000,-1.00,0.0000,0
79969,1790787876699,0.07121,0.01819,0.01788,0.06240,0.06201,0.08637,0.03514,0.15661,0.09428,0.00961,0.10404,0.28226,0.04672,0.00368,0.01949,0.05377,0.00874,0.09437,0.04138,0.18379,0.10231,0.00978,0.10596,0.33001,-55.23,3.387,-1,0.0000,-1.00,0.0000,0
80062,1790787876798,0.09294,0.04025,0.00806,0.12580,0.03475,0.09696,0.03739,0.08713,0.22512,0.01488,0.14929,0.08743,0.08651,0.00394,0.00696,0.11917,0.02261,0.09903,0.04402,0.10302,0.24582,0.01365,0.15925,0.09602,-55.32,2.701,-1,0.0000,-1.00,0.0000,0
80155,1790787876880,0.08618,0.08709,0.00465,0.09733,0.02265,0.05130,0.01073,0.02234,0.45061,0.01143,0.11658,0.03912,0.09791,0.00108,0.00358,0.09058,0.01834,0.04206,0.01264,0.02606,0.52198,0.01006,0.13135,0.04435,-55.10,5.407,-1,0.0000,-1.00,0.0000,0
80248,1790787876978,0.11995,0.06978,0.00802,0.16968,0.02697,0.04230,0.00914,0.02708,0.36943,0.01983,0.08982,0.04801,0.13752,0.00305,0.00573,0.18290,0.02131,0.02342,0.01035,0.03131,0.40640,0.01954,0.10299,0.05548,-54.71,4.433,-1,0.0000,-1.00,0.0000,0
80341,1790787877058,0.08477,0.08105,0.01277,0.10978,0.00943,0.03893,0.03890,0.01144,0.40066,0.02951,0.14850,0.03425,0.09904,0.00590,0.00849,0.09733,0.00494,0.02702,0.04531,0.01216,0.46079,0.03438,0.17258,0.03206,-54.26,4.808,-1,0.0000,-1.00,0.0000,0
80433,1790787877158,0.09086,0.08225,0.00999,0.06539,0.00437,0.04890,0.05587,0.01134,0.41634,0.02645,0.16867,0.01957,0.10625,0.00134,0.00582,0.03976,0.00321,0.03753,0.06649,0.01262,0.49099,0.03106,0.19467,0.01027,-53.29,4.996,-1,0.0000,-1.00,0.0000,0
80526,1790787877238,0.05503,0.10874,0.00440,0.04821,0.00869,0.04853,0.01735,0.02804,0.55029,0.00725,0.08749,0.03598,0.05942,0.00111,0.00365,0.03881,0.00268,0.04637,0.02056,0.03289,0.65168,0.00816,0.09564,0.03903,-53.49,6.603,-1,0.0000,-1.00,0.0000,0
80619,1790787877361,0.03732,0.00916,0.00976,0.03098,0.11511,0.02919,0.03283,0.06711,0.05007,0.00344,0.03302,0.58202,0.02889,0.00060,0.01091,0.03043,0.00122,0.02925,0.03922,0.07824,0.05392,0.00392,0.03377,0.68962,-53.64,6.984,-1,0.0000,-1.00,0.0000,0
80712,1790787877458,0.03081,0.01098,0.00694,0.05179,0.10128,0.02558,0.05318,0.10705,0.06296,0.00421,0.03413,0.51109,0.01176,0.00041,0.00739,0.05507,0.00246,0.02833,0.06364,0.12680,0.06439,0.00470,0.03528,0.59979,-53.94,6.133,-1,0.0000,-1.00,0.0000,0
80805,1790787877538,0.07909,0.01849,0.01872,0.07188,0.04299,0.03522,0.05902,0.30193,0.10357,0.00426,0.05519,0.20966,0.02652,0.00048,0.02161,0.07447,0.00501,0.03695,0.07048,0.35764,0.10934,0.00411,0.05880,0.23460,-54.80,3.623,-1,0.0000,-1.00,0.0000,0
80898,1790787877640,0.07599,0.00932,0.02839,0.04875,0.07735,0.02629,0.02485,0.23574,0.05338,0.00319,0.02937,0.38738,0.03635,0.00055,0.03332,0.05239,0.00178,0.02434,0.02961,0.27592,0.05355,0.00350,0.03037,0.45831,-54.29,4.649,-1,0.0000,-1.00,0.0000,0
80991,1790787877718,0.06343,0.01900,0.04320,0.03948,0.06313,0.02452,0.01465,0.23156,0.09811,0.01644,0.07884,0.30763,0.02288,0.00063,0.04799,0.02955,0.00325,0.02485,0.01742,0.26797,0.11170,0.01905,0.08954,0.36516,-54.64,3.692,-1,0.0000,-1.00,0.0000,0
81084,1790787877820,0.10961,0.04008,0.08489,0.04403,0.03692,0.04714,0.02285,0.12598,0.18893,0.03661,0.08942,0.17355,0.09985,0.00966,0.09318,0.03296,0.00401,0.03669,0.02541,0.13253,0.21985,0.04307,0.09987,0.20292,-55.28,2.267,-1,0.0000,-1.00,0.0000,0
81176,1790787877898,0.17243,0.02966,0.02593,0.09661,0.03357,0.04746,0.07076,0.05984,0.13406,0.02686,0.18072,0.12211,0.19371,0.00658,0.02524,0.07357,0.01421,0.01883,0.08348,0.06670,0.14605,0.02937,0.21282,0.12944,-55.09,2.169,-1,0.0000,-1.00,0.0000,0
81269,1790787878003,0.15714,0.01689,0.04494,0.08423,0.03621,0.02483,0.02629,0.25096,0.08732,0.00795,0.10357,0.15966,0.13073,0.00250,0.05222,0.07648,0.00654,0.00397,0.03096,0.29041,0.08947,0.00822,0.12332,0.18518,-54.80,3.012,-1,0.0000,-1.00,0.0000,0
81362,1790787878098,0.15525,0.00812,0.07080,0.03284,0.01463,0.01043,0.00813,0.57001,0.03829,0.00308,0.03269,0.05575,0.05393,0.00188,0.08428,0.03165,0.00465,0.00180,0.00937,0.66630,0.03960,0.00277,0.03881,0.06495,-54.35,6.840,-1,0.0000,-1.00,0.0000,0
81455,1790787878179,0.13389,0.00571,0.14742,0.01764,0.00622,0.00596,0.00358,0.60969,0.02759,0.00225,0.01290,0.02714,0.02277,0.00100,0.17616,0.01818,0.00121,0.00262,0.00409,0.69563,0.02946,0.00246,0.01494,0.03147,-54.25,7.316,-1,0.0000,-1.00,0.0000,0
81548,1790787878277,0.13032,0.01068,0.07964,0.06012,0.01296,0.00810,0.03948,0.49578,0.06064,0.00307,0.03374,0.06547,0.04177,0.00126,0.09477,0.06408,0.00183,0.00143,0.04705,0.57527,0.05996,0.00331,0.04014,0.06912,-54.01,5.949,-1,0.0000,-1.00,0.0000,0
81641,1790787878358,0.10618,0.00734,0.15704,0.04348,0.00906,0.00232,0.02169,0.53965,0.03458,0.00215,0.03519,0.04130,0.00642,0.00232,0.18774,0.04380,0.00203,0.00153,0.02554,0.60941,0.03271,0.00223,0.04187,0.04442,-54.31,6.476,-1,0.0000,-1.00,0.0000,0
81734,1790787878458,0.12725,0.00275,0.09040,0.05450,0.01268,0.00563,0.02233,0.56424,0.01782,0.00372,0.04267,0.05601,0.02268,0.00123,0.10755,0.05526,0.00293,0.00225,0.02651,0.65477,0.01040,0.00387,0.05069,0.06185,-55.48,6.771,-1,0.0000,-1.00,0.0000,0
81827,1790787878537,0.11638,0.00564,0.08028,0.10893,0.00616,0.06129,0.12495,0.32495,0.03540,0.02389,0.06013,0.05201,0.07380,0.00300,0.09061,0.11855,0.00247,0.05881,0.14735,0.37318,0.01891,0.02814,0.06039,0.02478,-55.67,3.899,-1,0.0000,-1.00,0.0000,0
81919,1790787878664,0.08241,0.01272,0.02516,0.18863,0.01393,0.23723,0.03770,0.15536,0.07656,0.05125,0.09761,0.02144,0.06247,0.00557,0.01845,0.21353,0.01301,0.27219,0.04401,0.18255,0.04928,0.05897,0.06301,0.01696,-56.11,2.847,-1,0.0000,-1.00,0.0000,0
82012,1790787878758,0.13824,0.03170,0.04232,0.18017,0.02102,0.05899,0.05875,0.19499,0.11846,0.03554,0.08552,0.03431,0.12101,0.01764,0.04300,0.19740,0.01967,0.04669,0.06690,0.22512,0.10260,0.03889,0.09322,0.02785,-56.49,2.340,-1,0.0000,-1.00,0.0000,0
82105,1790787878838,0.03302,0.01998,0.02590,0.06810,0.01649,0.03806,0.38253,0.04334,0.03861,0.04444,0.19895,0.09057,0.03009,0.01624,0.02105,0.03590,0.01613,0.03965,0.45508,0.04782,0.03884,0.05036,0.23053,0.01831,-54.83,4.590,-1,0.0000,-1.00,0.0000,0
82198,1790787878938,0.12526,0.02839,0.01522,0.04475,0.01341,0.19031,0.27269,0.03855,0.03620,0.02904,0.14623,0.05997,0.14140,0.02648,0.01191,0.02674,0.01446,0.20000,0.32150,0.04383,0.03808,0.03193,0.13557,0.00812,-54.47,3.272,-1,0.0000,-1.00,0.0000,0
82291,1790787879017,0.21602,0.01222,0.00936,0.09484,0.02151,0.36599,0.06282,0.02075,0.05372,0.02881,0.08838,0.02559,0.25410,0.00618,0.00520,0.10790,0.02260,0.38817,0.07397,0.02390,0.04267,0.03036,0.02895,0.01600,-54.74,4.392,-1,0.0000,-1.00,0.0000,0
82384,1790787879118,0.07477,0.01425,0.00311,0.24494,0.02999,0.05791,0.02981,0.09258,0.09182,0.00997,0.31415,0.03670,0.06770,0.00395,0.00248,0.22108,0.02859,0.05597,0.03493,0.11044,0.06620,0.00628,0.36533,0.03704,-55.42,3.770,-1,0.0000,-1.00,0.0000,0
82477,1790787879196,0.07019,0.00667,0.00900,0.24801,0.00977,0.04896,0.02392,0.13559,0.06290,0.00917,0.35411,0.02169,0.05225,0.00150,0.00891,0.21496,0.00767,0.04831,0.02836,0.16072,0.03276,0.00946,0.41474,0.02036,-56.25,4.249,-1,0.0000,-1.00,0.0000,0
82570,1790787879298,0.06100,0.00664,0.02202,0.23615,0.00783,0.05133,0.03962,0.14662,0.05551,0.01146,0.32871,0.03311,0.04534,0.00290,0.02383,0.20696,0.00421,0.05289,0.04690,0.17096,0.02549,0.01290,0.38339,0.02423,-56.05,3.945,-1,0.0000,-1.00,0.0000,0
82663,1790787879397,0.05874,0.00992,0.02163,0.23287,0.02532,0.03780,0.04513,0.09749,0.06624,0.05374,0.33334,0.01778,0.04779,0.00406,0.01426,0.20126,0.02821,0.03582,0.05327,0.11399,0.03947,0.05880,0.39232,0.01074,-56.17,4.000,-1,0.0000,-1.00,0.0000,0
82755,1790787879477,0.05410,0.02255,0.01912,0.22393,0.01033,0.03680,0.11901,0.11892,0.09265,0.05177,0.20616,0.04466,0.03701,0.01369,0.01090,0.22080,0.00727,0.03676,0.13989,0.14033,0.06724,0.06059,0.23974,0.02578,-56.45,2.687,-1,0.0000,-1.00,0.0000,0
82848,1790787879578,0.04351,0.06702,0.02376,0.17595,0.02220,0.07472,0.07313,0.07696,0.13930,0.03614,0.22901,0.03829,0.03467,0.05351,0.02065,0.15971,0.01986,0.08332,0.07702,0.08813,0.13520,0.03942,0.25790,0.03061,-56.71,2.748,-1,0.0000,-1.00,0.0000,0
82941,1790787879659,0.04703,0.04565,0.04042,0.17807,0.02244,0.07559,0.05882,0.08446,0.11890,0.04195,0.22454,0.06213,0.03783,0.03287,0.03904,0.16329,0.01465,0.08308,0.06396,0.09346,0.11010,0.04736,0.25259,0.06177,-57.32,2.695,-1,0.0000,-1.00,0.0000,0
83034,1790787879757,0.11792,0.04092,0.01675,0.19007,0.02249,0.04149,0.02709,0.13514,0.14263,0.05006,0.16391,0.05152,0.10965,0.02330,0.00844,0.18992,0.01566,0.02821,0.02784,0.16025,0.13151,0.05863,0.19081,0.05577,-57.94,2.281,-1,0.0000,-1.00,0.0000,0
83127,1790787879858,0.12396,0.07449,0.02643,0.20494,0.02214,0.08763,0.03226,0.07025,0.11090,0.05562,0.15451,0.03686,0.13361,0.07147,0.01898,0.21196,0.01894,0.07852,0.02449,0.08041,0.08973,0.06403,0.16958,0.03828,-58.04,2.459,-1,0.0000,-1.00,0.0000,0
83220,1790787879957,0.05053,0.12069,0.01848,0.24116,0.01188,0.06651,0.03704,0.09932,0.13804,0.06283,0.12347,0.03005,0.03848,0.12214,0.00753,0.26248,0.00780,0.07241,0.02009,0.11759,0.11337,0.07373,0.13359,0.03078,-57.10,2.894,-1,0.0000,-1.00,0.0000,0
83313,1790787880059,0.05223,0.13041,0.00673,0.22453,0.01126,0.04819,0.03873,0.14307,0.12258,0.01676,0.16478,0.04074,0.02982,0.13629,0.00423,0.23194,0.00478,0.05183,0.01939,0.17059,0.10072,0.01932,0.18717,0.04392,-57.27,2.694,-1,0.0000,-1.00,0.0000,0
83406,1790787880137,0.02105,0.13249,0.13395,0.26766,0.01533,0.04120,0.04174,0.11623,0.10109,0.02522,0.06873,0.03530,0.00445,0.14684,0.15488,0.30630,0.01095,0.04849,0.02091,0.10856,0.06009,0.02837,0.07275,0.03741,-57.15,3.212,-1,0.0000,-1.00,0.0000,0
83498,1790787880238,0.01339,0.04077,0.03593,0.51730,0.03125,0.02674,0.01077,0.04509,0.15655,0.01300,0.08585,0.02336,0.00711,0.03527,0.04123,0.60066,0.03216,0.03064,0.00543,0.04635,0.06851,0.00920,0.09680,0.02666,-56.38,6.208,-1,0.0000,-1.00,0.0000,0
83591,1790787880318,0.01088,0.05852,0.01872,0.53014,0.02751,0.01806,0.02172,0.03013,0.13620,0.01844,0.07192,0.05776,0.00675,0.06209,0.01883,0.61895,0.01981,0.02030,0.01371,0.03237,0.04050,0.01817,0.08216,0.06637,-57.13,6.362,-1,0.0000,-1.00,0.0000,0
83684,1790787880419,0.06522,0.07498,0.01338,0.15236,0.08015,0.27227,0.02494,0.04414,0.06376,0.04214,0.09293,0.07372,0.06780,0.08172,0.00913,0.17278,0.07907,0.31281,0.01368,0.05108,0.04215,0.03482,0.04934,0.08563,-57.82,3.267,-1,0.0000,-1.00,0.0000,0
83777,1790787880506,0.06611,0.06859,0.01683,0.17516,0.06928,0.18297,0.02900,0.09327,0.11526,0.03410,0.10815,0.04129,0.05809,0.06311,0.01460,0.19236,0.07424,0.20773,0.02224,0.10887,0.09805,0.02807,0.08841,0.04424,-57.09,2.196,-1,0.0000,-1.00,0.0000,0
83870,1790787880597,0.09761,0.05488,0.02755,0.11436,0.04712,0.19347,0.02554,0.07133,0.13306,0.02741,0.17403,0.03365,0.10069,0.03868,0.02844,0.10402,0.04937,0.21186,0.02294,0.07983,0.13882,0.02306,0.16652,0.03577,-55.76,2.322,-1,0.0000,-1.00,0.0000,0
83963,1790787880698,0.11012,0.03461,0.01071,0.11448,0.03163,0.30519,0.01841,0.02111,0.07628,0.03421,0.22692,0.01631,0.12717,0.02719,0.00602,0.09666,0.03450,0.34066,0.01667,0.02411,0.07204,0.03436,0.20438,0.01624,-55.35,3.662,-1,0.0000,-1.00,0.0000,0
84056,1790787880777,0.11363,0.06103,0.00744,0.14545,0.04587,0.17563,0.01951,0.05942,0.13890,0.02083,0.16928,0.04300,0.12211,0.04640,0.00518,0.14139,0.04531,0.18625,0.01418,0.07017,0.13556,0.01883,0.16592,0.04872,-55.73,2.108,-1,0.0000,-1.00,0.0000,0
84149,1790787880877,0.03694,0.05211,0.00279,0.37185,0.04476,0.06091,0.01847,0.05676,0.17028,0.01666,0.15040,0.01807,0.03052,0.03857,0.00129,0.41247,0.04991,0.06693,0.01449,0.06776,0.12200,0.01035,0.16695,0.01878,-55.17,4.462,-1,0.0000,-1.00,0.0000,0
84241,1790787880957,0.04070,0.04878,0.06615,0.30479,0.02437,0.07670,0.03207,0.06063,0.15102,0.01639,0.14729,0.03110,0.03703,0.03608,0.07626,0.33355,0.02306,0.08457,0.03127,0.05753,0.11477,0.01513,0.15972,0.03101,-55.19,3.657,-1,0.0000,-1.00,0.0000,0
84334,1790787881057,0.03178,0.12916,0.11592,0.22826,0.01954,0.03638,0.03185,0.08463,0.15639,0.01854,0.11216,0.03538,0.02328,0.12740,0.13509,0.24840,0.01551,0.03898,0.01291,0.07463,0.13805,0.01924,0.12666,0.03984,-56.05,2.739,-1,0.0000,-1.00,0.0000,0
84427,1790787881158,0.05337,0.02570,0.01585,0.39023,0.00662,0.02681,0.00518,0.18511,0.16573,0.01690,0.08567,0.02283,0.02057,0.00905,0.01508,0.44835,0.00259,0.02814,0.00442,0.21881,0.10970,0.01974,0.09707,0.02648,-55.92,4.683,-1,0.0000,-1.00,0.0000,0
84520,1790787881257,0.04570,0.04551,0.10002,0.36218,0.01194,0.04440,0.01726,0.07229,0.14896,0.01004,0.10748,0.03421,0.03625,0.04124,0.11772,0.41026,0.00658,0.04611,0.01251,0.06328,0.09716,0.01073,0.11964,0.03852,-55.75,4.346,-1,0.0000,-1.00,0.0000,0
84613,1790787881357,0.04469,0.18387,0.05035,0.23212,0.00811,0.02713,0.04238,0.08947,0.16869,0.01617,0.11337,0.02365,0.03515,0.19016,0.05668,0.25221,0.00473,0.02554,0.01308,0.09597,0.15213,0.01844,0.13079,0.02512,-55.52,2.785,-1,0.0000,-1.00,0.0000,0
84706,1790787881437,0.02859,0.15831,0.05974,0.19760,0.01883,0.02522,0.03815,0.04785,0.15901,0.01927,0.20801,0.03941,0.02668,0.15932,0.06755,0.18834,0.01398,0.02493,0.01411,0.04397,0.15320,0.02032,0.24430,0.04329,-55.48,2.496,-1,0.0000,-1.00,0.0000,0
84799,1790787881538,0.04723,0.05541,0.11657,0.26554,0.02964,0.02325,0.01489,0.06407,0.14154,0.01040,0.20865,0.02282,0.04681,0.04335,0.13840,0.26935,0.03043,0.01861,0.00925,0.04933,0.11620,0.00643,0.24633,0.02551,-55.68,3.186,-1,0.0000,-1.00,0.0000,0
84892,1790787881618,0.02769,0.02784,0.51636,0.05341,0.01592,0.00743,0.00971,0.12146,0.10244,0.01127,0.09995,0.00653,0.02850,0.01067,0.61674,0.04039,0.01790,0.00325,0.00948,0.02331,0.11475,0.00995,0.11912,0.00594,-55.39,6.196,-1,0.0000,-1.00,0.0000,0
84985,1790787881718,0.06327,0.01995,0.17619,0.33648,0.03229,0.01992,0.00564,0.05599,0.14150,0.01283,0.12710,0.00885,0.07072,0.00497,0.20952,0.37338,0.03681,0.00985,0.00495,0.02637,0.09553,0.00808,0.15034,0.00948,-55.47,4.038,-1,0.0000,-1.00,0.0000,0
85077,1790787881797,0.06491,0.03019,0.36124,0.10727,0.02916,0.01742,0.00718,0.08324,0.09351,0.01615,0.17369,0.01603,0.07528,0.01741,0.43025,0.08752,0.03141,0.00595,0.00515,0.01444,0.09469,0.01312,0.20694,0.01782,-55.76,4.335,-1,0.0000,-1.00,0.0000,0
85170,1790787881898,0.03760,0.03636,0.00867,0.40563,0.02663,0.01215,0.00695,0.03596,0.21731,0.01541,0.17830,0.01903,0.03681,0.00940,0.00781,0.44398,0.02751,0.00740,0.00645,0.04155,0.17238,0.01301,0.21218,0.02152,-56.01,4.868,-1,0.0000,-1.00,0.0000,0
85263,1790787882007,0.01430,0.04492,0.04853,0.37306,0.02725,0.01063,0.00543,0.03762,0.28500,0.01797,0.12669,0.00859,0.01076,0.00254,0.05509,0.41734,0.03092,0.01061,0.00583,0.03433,0.25872,0.01544,0.14970,0.00871,-55.64,4.477,-1,0.0000,-1.00,0.0000,0
85356,1790787882079,0.01513,0.09615,0.13453,0.29434,0.01887,0.00479,0.01969,0.06590,0.19964,0.01057,0.12473,0.01565,0.00874,0.08049,0.15944,0.32322,0.01919,0.00400,0.00764,0.04736,0.17514,0.00886,0.14867,0.01724,-55.52,3.532,-1,0.0000,-1.00,0.0000,0
85449,1790787882178,0.02414,0.03980,0.01158,0.38737,0.01808,0.00866,0.01258,0.04336,0.26539,0.03225,0.14292,0.01385,0.01829,0.00218,0.00695,0.43047,0.01895,0.00676,0.01455,0.05068,0.23257,0.03499,0.16992,0.01371,-55.98,4.648,-1,0.0000,-1.00,0.0000,0
85542,1790787882258,0.03341,0.04548,0.01709,0.23928,0.01493,0.02077,0.01278,0.07300,0.25048,0.05188,0.21086,0.03004,0.02278,0.00460,0.00857,0.23743,0.01132,0.02037,0.01440,0.08577,0.25293,0.06006,0.24862,0.03314,-55.82,3.006,-1,0.0000,-1.00,0.0000,0
85635,1790787882357,0.01090,0.04352,0.01413,0.31202,0.02192,0.02131,0.04554,0.03258,0.25291,0.03198,0.19450,0.01871,0.00570,0.00537,0.00988,0.32863,0.02390,0.02442,0.05342,0.03716,0.23592,0.03556,0.22821,0.01183,-55.31,3.744,-1,0.0000,-1.00,0.0000,0
85728,1790787882458,0.02573,0.02925,0.01903,0.24528,0.02279,0.04738,0.09070,0.04313,0.19267,0.06626,0.17224,0.04556,0.01611,0.00409,0.00788,0.25510,0.02073,0.05358,0.10787,0.05012,0.18030,0.07528,0.19576,0.03320,-55.15,2.943,-1,0.0000,-1.00,0.0000,0
85820,1790787882560,0.02096,0.02222,0.01057,0.20156,0.03082,0.01477,0.29828,0.03570,0.14118,0.03472,0.10987,0.07934,0.01525,0.00425,0.00459,0.21600,0.03209,0.01467,0.35656,0.04187,0.12083,0.04076,0.12875,0.02438,-55.50,3.579,-1,0.0000,-1.00,0.0000,0
85913,1790787882660,0.03216,0.02832,0.01058,0.19884,0.04071,0.02156,0.15246,0.03731,0.20809,0.03623,0.15413,0.07961,0.01962,0.00283,0.00539,0.20251,0.03702,0.02194,0.18190,0.04386,0.20847,0.03679,0.18034,0.05933,-56.12,2.497,-1,0.0000,-1.00,0.0000,0
86006,1790787882737,0.02617,0.04988,0.03804,0.11870,0.03727,0.01712,0.09621,0.12357,0.26520,0.08720,0.08960,0.05104,0.01993,0.00155,0.02641,0.12163,0.03941,0.01756,0.11427,0.14353,0.29366,0.09668,0.10388,0.02148,-57.36,3.182,-1,0.0000,-1.00,0.0000,0
86099,1790787882837,0.02504,0.05553,0.02816,0.19933,0.01646,0.03407,0.04129,0.04828,0.28155,0.02681,0.20147,0.04201,0.01962,0.00738,0.02767,0.19244,0.01163,0.03694,0.04801,0.05237,0.29843,0.03060,0.23409,0.04082,-57.49,3.379,-1,0.0000,-1.00,0.0000,0
86192,1790787882917,0.03877,0.03972,0.01903,0.35440,0.01436,0.01630,0.02591,0.06676,0.16863,0.02388,0.19470,0.03754,0.02828,0.02580,0.01750,0.37895,0.00937,0.01392,0.02579,0.07666,0.12694,0.02676,0.23054,0.03949,-57.35,4.253,-1,0.0000,-1.00,0.0000,0
86285,1790787883019,0.04041,0.02282,0.03831,0.29684,0.02033,0.01294,0.02453,0.04119,0.12932,0.02605,0.32566,0.02161,0.03972,0.00886,0.04031,0.27863,0.02042,0.00764,0.02764,0.04136,0.09865,0.02823,0.38870,0.01984,-57.86,3.908,-1,0.0000,-1.00,0.0000,0
86378,1790787883098,0.02583,0.03039,0.04534,0.24320,0.01180,0.01509,0.04728,0.02981,0.13395,0.02670,0.34632,0.04429,0.02576,0.01286,0.04819,0.20965,0.00575,0.01298,0.05411,0.02616,0.11883,0.03096,0.41240,0.04235,-57.43,4.156,-1,0.0000,-1.00,0.0000,0
86471,1790787883198,0.01733,0.05903,0.04588,0.14387,0.03453,0.02990,0.14329,0.02623,0.11994,0.03317,0.17586,0.17097,0.01631,0.04770,0.04738,0.13190,0.00717,0.03260,0.16208,0.02219,0.11757,0.03832,0.20425,0.17253,-56.68,2.110,-1,0.0000,-1.00,0.0000,0
86563,1790787883298,0.03408,0.13141,0.03847,0.18013,0.01952,0.09162,0.04424,0.02981,0.18510,0.02962,0.12410,0.09189,0.03530,0.12098,0.03917,0.19039,0.00270,0.10279,0.02902,0.02796,0.18405,0.03495,0.12833,0.10436,-57.01,2.221,-1,0.0000,-1.00,0.0000,0
86656,1790787883378,0.04195,0.08518,0.05162,0.19329,0.00842,0.13418,0.02485,0.02463,0.17286,0.02851,0.20400,0.03051,0.04661,0.06844,0.05522,0.18910,0.00348,0.15154,0.01612,0.01865,0.16964,0.03347,0.21440,0.03333,-57.89,2.448,-1,0.0000,-1.00,0.0000,0
86749,1790787883497,0.01303,0.06887,0.02609,0.12834,0.02737,0.11045,0.06978,0.03970,0.11856,0.01427,0.25017,0.13336,0.00749,0.05827,0.02804,0.09950,0.00398,0.13087,0.07206,0.04202,0.12234,0.01630,0.27382,0.14531,-58.05,3.002,-1,0.0000,-1.00,0.0000,0
86842,1790787883558,0.13540,0.06255,0.01503,0.07675,0.04350,0.12684,0.10056,0.02442,0.08843,0.01239,0.13776,0.17636,0.15627,0.05728,0.01562,0.06400,0.01452,0.12101,0.10914,0.02616,0.09318,0.01206,0.14108,0.18969,-56.72,2.116,-1,0.0000,-1.00,0.0000,0
86935,1790787883659,0.27399,0.03015,0.01741,0.03300,0.04403,0.13925,0.09387,0.09800,0.08933,0.01004,0.07056,0.10037,0.30588,0.01668,0.01914,0.02696,0.03325,0.10621,0.10917,0.11363,0.09849,0.00864,0.06349,0.09846,-56.25,3.288,-1,0.0000,-1.00,0.0000,0
87028,1790787883759,0.12667,0.18639,0.02339,0.04334,0.01958,0.12219,0.12228,0.07575,0.15396,0.01461,0.06012,0.05171,0.13480,0.18849,0.02517,0.04236,0.01548,0.11969,0.10916,0.08578,0.17608,0.01444,0.04831,0.04024,-57.70,2.237,-1,0.0000,-1.00,0.0000,0
87121,1790787883858,0.11548,0.27958,0.01810,0.04274,0.01291,0.13680,0.08486,0.09764,0.10731,0.01147,0.05406,0.03905,0.11192,0.31525,0.01926,0.04396,0.00738,0.14209,0.03918,0.11318,0.11987,0.01228,0.03662,0.03902,-59.09,3.355,-1,0.0000,-1.00,0.0000,0
87214,1790787883960,0.08078,0.14285,0.03921,0.05037,0.02515,0.25248,0.04528,0.08647,0.06944,0.03131,0.14248,0.03419,0.07774,0.15635,0.04034,0.03781,0.02272,0.28733,0.02326,0.09561,0.07520,0.03352,0.11377,0.03636,-58.28,3.030,-1,0.0000,-1.00,0.0000,0
87307,1790787884039,0.13780,0.10066,0.10068,0.03375,0.01384,0.11508,0.03814,0.06012,0.24723,0.02814,0.09542,0.02914,0.14812,0.06817,0.11436,0.02204,0.01057,0.10853,0.02310,0.05846,0.29183,0.03166,0.09282,0.03033,-56.19,2.967,-1,0.0000,-1.00,0.0000,0
87399,1790787884138,0.01853,0.13590,0.02856,0.03646,0.01038,0.35891,0.04069,0.01534,0.11152,0.04068,0.16747,0.03557,0.01953,0.13716,0.02474,0.02066,0.00470,0.42631,0.02157,0.01347,0.12954,0.04782,0.11616,0.03835,-55.29,4.307,-1,0.0000,-1.00,0.0000,0
87492,1790787884217,0.00486,0.11462,0.01118,0.03720,0.00735,0.30626,0.03948,0.00678,0.22654,0.03384,0.18342,0.02846,0.00443,0.08416,0.00546,0.01540,0.00316,0.36618,0.03063,0.00705,0.26831,0.04001,0.14720,0.02802,-55.31,3.675,-1,0.0000,-1.00,0.0000,0
87585,1790787884318,0.02390,0.08133,0.03922,0.08005,0.02447,0.17157,0.06544,0.02298,0.10731,0.15885,0.14291,0.08198,0.02356,0.07471,0.00975,0.06987,0.01235,0.20091,0.06360,0.02560,0.11473,0.18790,0.13141,0.08562,-55.67,2.059,-1,0.0000,-1.00,0.0000,0
87678,1790787884398,0.02989,0.07766,0.02317,0.13372,0.01302,0.16812,0.05876,0.03177,0.17214,0.03769,0.22339,0.03067,0.02933,0.05668,0.01923,0.11486,0.01070,0.19563,0.05904,0.03439,0.18350,0.04304,0.22889,0.02471,-56.67,2.681,-1,0.0000,-1.00,0.0000,0
87771,1790787884505,0.07105,0.06224,0.01838,0.16358,0.01540,0.08390,0.07278,0.01470,0.13689,0.02481,0.26518,0.07107,0.08146,0.04793,0.01631,0.13635,0.00434,0.08461,0.07607,0.01601,0.13699,0.02887,0.30097,0.07008,-56.64,3.182,-1,0.0000,-1.00,0.0000,0
87864,1790787884597,0.30160,0.07190,0.02803,0.13899,0.00608,0.09978,0.02899,0.01342,0.11390,0.01358,0.16515,0.01858,0.35751,0.06612,0.03050,0.12922,0.00373,0.04869,0.02163,0.01004,0.11079,0.01561,0.18823,0.01793,-56.22,3.619,-1,0.0000,-1.00,0.0000,0
87957,1790787884679,0.34822,0.06454,0.02019,0.11215,0.00783,0.14970,0.02573,0.02410,0.09460,0.02057,0.10659,0.02578,0.41229,0.05931,0.01946,0.11290,0.00401,0.09764,0.01908,0.02502,0.09092,0.02390,0.10836,0.02710,-56.55,4.179,-1,0.0000,-1.00,0.0000,0
88050,1790787884777,0.33561,0.08220,0.01614,0.11561,0.01107,0.10066,0.03126,0.01346,0.09192,0.02050,0.14705,0.03451,0.39953,0.08079,0.01470,0.10523,0.00591,0.04142,0.02144,0.01321,0.08929,0.02339,0.16799,0.03710,-56.35,4.027,-1,0.0000,-1.00,0.0000,0
88142,1790787884857,0.28327,0.05703,0.02249,0.17051,0.01110,0.07715,0.03161,0.04697,0.07132,0.05330,0.14482,0.03043,0.32872,0.05811,0.01457,0.17098,0.00709,0.02728,0.02570,0.05404,0.05156,0.06246,0.16812,0.03137,-55.41,3.399,-1,0.0000,-1.00,0.0000,0
88235,1790787884983,0.16106,0.02228,0.01065,0.16636,0.02922,0.02686,0.00949,0.29190,0.04406,0.02148,0.20673,0.00990,0.12400,0.02214,0.00896,0.15053,0.03293,0.00761,0.00698,0.34800,0.02295,0.01922,0.24621,0.01048,-55.49,3.503,-1,0.0000,-1.00,0.0000,0
88328,1790787885060,0.27254,0.00843,0.00505,0.17910,0.05803,0.05259,0.01100,0.23302,0.04251,0.01679,0.11342,0.00752,0.27141,0.00740,0.00471,0.18806,0.06740,0.01002,0.01172,0.27828,0.01365,0.00676,0.13391,0.00669,-55.73,3.271,-1,0.0000,-1.00,0.0000,0
88421,1790787885157,0.16604,0.01557,0.02224,0.20056,0.04916,0.06653,0.03247,0.13926,0.08578,0.01987,0.13220,0.07032,0.17390,0.00658,0.02313,0.21127,0.03059,0.05974,0.03760,0.16228,0.06091,0.01774,0.14657,0.06969,-56.16,2.407,-1,0.0000,-1.00,0.0000,0
88514,1790787885258,0.07089,0.04832,0.04027,0.25675,0.02252,0.11361,0.02441,0.08187,0.18722,0.01043,0.11439,0.02933,0.06729,0.02464,0.04660,0.28530,0.02097,0.12279,0.02418,0.08905,0.16778,0.00834,0.11272,0.03035,-57.43,3.081,-1,0.0000,-1.00,0.0000,0
88607,1790787885338,0.05172,0.04024,0.02956,0.29604,0.04913,0.02367,0.01495,0.08174,0.16886,0.01975,0.18459,0.03974,0.04067,0.02350,0.03264,0.31173,0.04867,0.02159,0.01316,0.09157,0.14054,0.01402,0.21690,0.04501,-57.33,3.552,-1,0.0000,-1.00,0.0000,0
88700,1790787885438,0.02940,0.03166,0.01647,0.23438,0.01579,0.10137,0.02014,0.06685,0.11687,0.01077,0.32705,0.02923,0.02005,0.01834,0.01768,0.20777,0.01279,0.11750,0.02049,0.07660,0.09886,0.01038,0.36860,0.03096,-57.41,3.925,-1,0.0000,-1.00,0.0000,0
88793,1790787885518,0.03289,0.02051,0.01364,0.31811,0.00797,0.07045,0.03559,0.11165,0.10239,0.02197,0.24054,0.02430,0.01332,0.01311,0.01133,0.32724,0.00535,0.08177,0.03999,0.13159,0.05781,0.02527,0.27201,0.02119,-57.31,3.817,-1,0.0000,-1.00,0.0000,0
88885,1790787885617,0.01958,0.05975,0.01270,0.14954,0.00721,0.06254,0.02013,0.04635,0.28524,0.01887,0.29355,0.02453,0.01284,0.00825,0.01088,0.11230,0.00368,0.07239,0.02232,0.05354,0.31953,0.02188,0.33740,0.02497,-56.21,3.523,-1,0.0000,-1.00,0.0000,0
88978,1790787885699,0.07906,0.01766,0.02235,0.11160,0.00777,0.07879,0.01141,0.29132,0.16806,0.01296,0.18775,0.01126,0.00856,0.00281,0.02396,0.09278,0.00671,0.09315,0.01311,0.34432,0.18298,0.01420,0.20650,0.01090,-54.67,3.496,-1,0.0000,-1.00,0.0000,0
89071,1790787885798,0.01784,0.04285,0.04971,0.11085,0.00693,0.17262,0.00527,0.06439,0.22083,0.02155,0.26310,0.02406,0.00211,0.00811,0.05453,0.07844,0.00278,0.20642,0.00471,0.06634,0.24895,0.02539,0.27433,0.02790,-54.44,3.157,-1,0.0000,-1.00,0.0000,0
89164,1790787885898,0.03331,0.03494,0.03788,0.08665,0.02060,0.19551,0.01739,0.13186,0.12087,0.04043,0.26470,0.01586,0.00998,0.01512,0.03663,0.05008,0.02160,0.23229,0.01760,0.15098,0.13490,0.04417,0.27112,0.01552,-55.03,3.176,-1,0.0000,-1.00,0.0000,0
89257,1790787886003,0.03885,0.03118,0.02423,0.12800,0.03412,0.15951,0.00921,0.14634,0.12569,0.04176,0.24205,0.01905,0.00838,0.01578,0.02055,0.10333,0.03659,0.18955,0.00790,0.17128,0.13013,0.04279,0.25246,0.02126,-55.74,2.905,-1,0.0000,-1.00,0.0000,0
89350,1790787886078,0.03689,0.03561,0.03052,0.16677,0.03420,0.09273,0.02144,0.15167,0.13667,0.10478,0.13139,0.05733,0.00926,0.01700,0.01275,0.17296,0.02714,0.11049,0.02232,0.17921,0.12947,0.12018,0.13553,0.06368,-56.38,2.001,-1,0.0000,-1.00,0.0000,0
89443,1790787886158,0.02682,0.03390,0.04208,0.20476,0.02465,0.07192,0.02022,0.12063,0.15756,0.09216,0.15837,0.04693,0.00457,0.01150,0.02928,0.21109,0.01909,0.08541,0.02164,0.13905,0.14695,0.10665,0.17283,0.05195,-56.28,2.457,-1,0.0000,-1.00,0.0000,0
89536,1790787886278,0.02249,0.03356,0.03177,0.24411,0.02315,0.14080,0.00802,0.09353,0.16697,0.03840,0.15074,0.04648,0.00613,0.01090,0.02961,0.26328,0.01704,0.16749,0.00745,0.10620,0.14787,0.04263,0.14742,0.05398,-56.15,2.929,-1,0.0000,-1.00,0.0000,0
89629,1790787886357,0.02952,0.02538,0.06273,0.28642,0.02524,0.07673,0.00793,0.06819,0.16252,0.03879,0.16219,0.05438,0.02162,0.00406,0.06664,0.30812,0.01767,0.08765,0.00853,0.06866,0.13365,0.04297,0.17697,0.06346,-56.13,3.437,-1,0.0000,-1.00,0.0000,0
89721,1790787886457,0.08267,0.03890,0.08684,0.16883,0.01110,0.04726,0.00690,0.05010,0.20910,0.04671,0.20966,0.04192,0.09139,0.00300,0.09310,0.15402,0.00355,0.03872,0.00768,0.04158,0.22002,0.05526,0.24355,0.04813,-56.54,2.516,-1,0.0000,-1.00,0.0000,0
89814,1790787886558,0.03046,0.04866,0.04271,0.22378,0.01890,0.03532,0.02819,0.13115,0.14263,0.03232,0.21219,0.05368,0.00704,0.03305,0.04393,0.21935,0.01096,0.04093,0.02708,0.14859,0.12742,0.03656,0.24614,0.05895,-56.36,2.685,-1,0.0000,-1.00,0.0000,0
89907,1790787886639,0.10900,0.04817,0.02399,0.22011,0.01281,0.05005,0.03828,0.10085,0.14931,0.02872,0.18051,0.03822,0.10746,0.03102,0.02220,0.22238,0.00778,0.03871,0.03939,0.11677,0.13468,0.03302,0.20862,0.03798,-56.00,2.641,-1,0.0000,-1.00,0.0000,0
90000,1790787886738,0.16901,0.02530,0.02766,0.14615,0.02186,0.03738,0.08990,0.09490,0.08853,0.07922,0.16789,0.05221,0.18050,0.01463,0.01494,0.13569,0.01556,0.01136,0.10456,0.11100,0.07918,0.09184,0.19891,0.04183,-55.88,2.028,-1,0.0000,-1.00,0.0000,0
90093,1790787886819,0.18498,0.00793,0.01342,0.20848,0.01238,0.03337,0.01477,0.27852,0.07435,0.00973,0.14213,0.01994,0.15603,0.00035,0.01419,0.21640,0.01078,0.00905,0.01752,0.33104,0.04619,0.00952,0.16851,0.02042,-55.83,3.342,-1,0.0000,-1.00,0.0000,0
90186,1790787886917,0.11431,0.00867,0.00435,0.34579,0.00987,0.01824,0.01643,0.19281,0.10064,0.01086,0.16126,0.01680,0.08960,0.00305,0.00295,0.37619,0.00853,0.00416,0.01908,0.23044,0.04593,0.01140,0.19240,0.01625,-55.82,4.149,-1,0.0000,-1.00,0.0000,0
90279,1790787887002,0.09928,0.01283,0.01261,0.29193,0.00920,0.01903,0.02288,0.24185,0.09080,0.04137,0.12822,0.02998,0.06190,0.00638,0.00546,0.31977,0.00486,0.01064,0.02615,0.28872,0.04536,0.04867,0.15153,0.03057,-56.14,3.503,-1,0.0000,-1.00,0.0000,0
90372,1790787887099,0.15342,0.01799,0.00343,0.14108,0.00641,0.02682,0.02086,0.37762,0.08334,0.00919,0.14663,0.01321,0.09421,0.00705,0.00214,0.13475,0.00542,0.01351,0.02360,0.45206,0.07315,0.00994,0.17302,0.01116,-56.44,4.531,-1,0.0000,-1.00,0.0000,0
90464,1790787887197,0.17197,0.02171,0.00640,0.20389,0.01823,0.03419,0.03823,0.20635,0.10577,0.01410,0.15958,0.01957,0.15310,0.01336,0.00506,0.20682,0.01893,0.01062,0.04299,0.24644,0.08574,0.01314,0.18910,0.01470,-56.10,2.476,-1,0.0000,-1.00,0.0000,0
90557,1790787887278,0.17437,0.01885,0.00451,0.12357,0.00891,0.02634,0.02014,0.35026,0.08102,0.00704,0.17573,0.00926,0.12597,0.00753,0.00410,0.10658,0.00938,0.00659,0.02258,0.41894,0.07595,0.00658,0.20925,0.00654,-56.07,4.203,-1,0.0000,-1.00,0.0000,0
90650,1790787887378,0.26350,0.01308,0.00602,0.12101,0.01154,0.05080,0.01567,0.24311,0.06167,0.00840,0.19682,0.00835,0.25820,0.00490,0.00571,0.09863,0.01251,0.00972,0.01771,0.29027,0.05435,0.00759,0.23392,0.00650,-56.00,3.162,-1,0.0000,-1.00,0.0000,0
90743,1790787887458,0.28030,0.00958,0.01363,0.14345,0.01682,0.05361,0.01294,0.10712,0.05591,0.05642,0.24207,0.00817,0.31056,0.00270,0.00366,0.11451,0.01856,0.00291,0.01497,0.12763,0.04429,0.06392,0.28948,0.00682,-54.77,3.364,-1,0.0000,-1.00,0.0000,0
90836,1790787887578,0.23690,0.01603,0.00606,0.09751,0.00589,0.04002,0.01108,0.23947,0.07168,0.02576,0.24305,0.00654,0.22714,0.00457,0.00135,0.05923,0.00601,0.00293,0.01237,0.28667,0.07398,0.02985,0.29065,0.00526,-54.19,2.917,-1,0.0000,-1.00,0.0000,0
90929,1790787887658,0.40685,0.01463,0.00378,0.07047,0.00658,0.07773,0.00895,0.12006,0.05758,0.01362,0.21027,0.00947,0.45903,0.00521,0.00153,0.03458,0.00601,0.00214,0.00960,0.14365,0.06215,0.01513,0.25153,0.00944,-54.86,4.882,-1,0.0000,-1.00,0.0000,0
91022,1790787887758,0.22374,0.01904,0.00664,0.08959,0.00891,0.03802,0.00617,0.21053,0.08064,0.02694,0.27817,0.01160,0.21809,0.00536,0.00188,0.04136,0.00817,0.00232,0.00633,0.25190,0.08842,0.03066,0.33285,0.01265,-55.16,3.338,-1,0.0000,-1.00,0.0000,0
91115,1790787887858,0.21809,0.01330,0.00235,0.11942,0.00897,0.03411,0.01393,0.28600,0.06011,0.00846,0.22528,0.00999,0.19339,0.00522,0.00116,0.08968,0.00898,0.00254,0.01565,0.34247,0.05424,0.00836,0.26944,0.00887,-55.52,3.432,-1,0.0000,-1.00,0.0000,0
91207,1790787887939,0.24323,0.01652,0.00273,0.15552,0.01223,0.04663,0.01170,0.08084,0.08911,0.00785,0.32272,0.01092,0.27244,0.00294,0.00190,0.10976,0.01261,0.00186,0.01339,0.09653,0.08501,0.00691,0.38633,0.01030,-55.90,3.873,-1,0.0000,-1.00,0.0000,0
91300,1790787888039,0.17379,0.02429,0.00410,0.12505,0.00918,0.03118,0.01562,0.17618,0.11677,0.01009,0.30287,0.01088,0.16649,0.00444,0.00287,0.07807,0.00911,0.00436,0.01774,0.21063,0.12445,0.01028,0.36205,0.00952,-56.05,3.634,-1,0.0000,-1.00,0.0000,0
91393,1790787888117,0.20078,0.01861,0.00256,0.09175,0.01864,0.03007,0.01026,0.34293,0.10221,0.01089,0.16371,0.00760,0.15883,0.00119,0.00128,0.07123,0.02100,0.00455,0.01206,0.41065,0.10825,0.00897,0.19526,0.00672,-56.12,4.115,-1,0.0000,-1.00,0.0000,0
91486,1790787888217,0.18066,0.01219,0.00333,0.11805,0.00759,0.03144,0.01034,0.18917,0.07023,0.01134,0.35854,0.00713,0.17160,0.00014,0.00161,0.05642,0.00789,0.00365,0.01236,0.22635,0.07297,0.01202,0.42890,0.00609,-55.36,4.303,-1,0.0000,-1.00,0.0000,0
91579,1790787888298,0.23220,0.01890,0.02322,0.12224,0.02236,0.04806,0.01657,0.08727,0.06396,0.02083,0.32813,0.01625,0.25740,0.01106,0.02381,0.06878,0.02360,0.00656,0.01702,0.10050,0.06300,0.02029,0.39188,0.01610,-55.62,3.938,-1,0.0000,-1.00,0.0000,0
91672,1790787888399,0.17953,0.04737,0.04361,0.13890,0.02020,0.04592,0.01152,0.11481,0.11287,0.02577,0.24342,0.01609,0.19023,0.03425,0.04695,0.10930,0.02069,0.01738,0.00692,0.12835,0.11358,0.02677,0.28822,0.01735,-56.81,2.921,-1,0.0000,-1.00,0.0000,0
91765,1790787888511,0.04677,0.31663,0.07301,0.13132,0.00936,0.02490,0.06744,0.10938,0.08978,0.01166,0.09565,0.02412,0.03339,0.36340,0.08494,0.13554,0.00584,0.02321,0.00877,0.11422,0.08071,0.01282,0.11001,0.02716,-56.48,3.800,-1,0.0000,-1.00,0.0000,0
91858,1790787888579,0.02622,0.14963,0.22477,0.23666,0.00657,0.01388,0.03417,0.06806,0.11481,0.01318,0.08474,0.02730,0.02572,0.16239,0.26626,0.26390,0.00173,0.01154,0.00875,0.02876,0.08526,0.01545,0.09926,0.03097,-56.07,2.840,-1,0.0000,-1.00,0.0000,0
91951,1790787888678,0.02085,0.05508,0.09957,0.47194,0.00663,0.01128,0.01715,0.06480,0.11967,0.00923,0.10067,0.02312,0.01434,0.05888,0.11722,0.54201,0.00283,0.01067,0.00888,0.05441,0.03594,0.01050,0.11852,0.02580,-56.17,5.663,-1,0.0000,-1.00,0.0000,0
92043,1790787888758,0.01563,0.02815,0.07280,0.53688,0.00783,0.01381,0.00842,0.03967,0.15513,0.01125,0.08508,0.02535,0.01261,0.02144,0.08464,0.62366,0.00358,0.01405,0.00572,0.03087,0.06197,0.01305,0.09916,0.02925,-56.14,6.443,-1,0.0000,-1.00,0.0000,0
92136,1790787888878,0.00956,0.02274,0.03260,0.60799,0.00494,0.00909,0.00577,0.03316,0.16939,0.00910,0.07742,0.01824,0.00502,0.01493,0.03696,0.71052,0.00174,0.00990,0.00389,0.03246,0.06212,0.01056,0.09081,0.02109,-56.32,7.296,-1,0.0000,-1.00,0.0000,0
92229,1790787888958,0.01224,0.01750,0.03919,0.56002,0.00668,0.01590,0.00491,0.03748,0.16276,0.01094,0.11071,0.02167,0.00751,0.00768,0.04447,0.64544,0.00292,0.01768,0.00436,0.03610,0.06708,0.01253,0.12915,0.02510,-56.61,6.720,-1,0.0000,-1.00,0.0000,0
92322,1790787889060,0.00837,0.01706,0.03232,0.57172,0.01039,0.03337,0.00568,0.03768,0.16042,0.01542,0.07329,0.03427,0.00247,0.00869,0.03519,0.66920,0.00451,0.03950,0.00508,0.03817,0.05926,0.01788,0.07999,0.04006,-56.04,6.861,-1,0.0000,-1.00,0.0000,0
92415,1790787889158,0.00934,0.01394,0.05508,0.60612,0.00797,0.01560,0.00463,0.04048,0.15966,0.01197,0.05224,0.02295,0.00406,0.00692,0.06326,0.71457,0.00421,0.01794,0.00416,0.03598,0.04936,0.01381,0.05904,0.02667,-54.74,7.273,-1,0.0000,-1.00,0.0000,0
92508,1790787889238,0.00978,0.01602,0.01640,0.59564,0.00836,0.00830,0.00895,0.03418,0.18635,0.01298,0.08743,0.01563,0.00423,0.00217,0.01683,0.69331,0.00662,0.00920,0.01017,0.03774,0.08585,0.01424,0.10294,0.01672,-54.18,7.148,-1,0.0000,-1.00,0.0000,0
92601,1790787889337,0.00778,0.02319,0.02161,0.41209,0.00949,0.00702,0.00499,0.02507,0.17944,0.01204,0.27856,0.01872,0.00426,0.00198,0.02331,0.42792,0.00713,0.00757,0.00548,0.02552,0.13018,0.01302,0.33228,0.02135,-54.23,4.945,-1,0.0000,-1.00,0.0000,0
92694,1790787889419,0.01284,0.02338,0.01752,0.25255,0.02250,0.01580,0.02303,0.02617,0.12977,0.00813,0.42835,0.03997,0.00978,0.00534,0.01979,0.20153,0.01852,0.01700,0.02626,0.02772,0.11554,0.00607,0.50989,0.04257,-54.40,5.140,-1,0.0000,-1.00,0.0000,0
92786,1790787889518,0.01556,0.01567,0.05847,0.36306,0.01726,0.01967,0.01138,0.03170,0.12890,0.01648,0.30330,0.01853,0.01388,0.00251,0.06681,0.36381,0.01683,0.02082,0.01311,0.02477,0.08234,0.01641,0.35930,0.01941,-54.53,4.357,-1,0.0000,-1.00,0.0000,0
92879,1790787889599,0.02012,0.05748,0.02674,0.25265,0.01584,0.01886,0.00563,0.05222,0.32578,0.02494,0.17262,0.02711,0.01162,0.00313,0.02642,0.26253,0.01278,0.02029,0.00613,0.05734,0.33733,0.02835,0.20282,0.03127,-53.81,3.909,-1,0.0000,-1.00,0.0000,0
92972,1790787889698,0.00538,0.10928,0.01459,0.13625,0.00490,0.00936,0.00337,0.01743,0.56923,0.02608,0.08370,0.02044,0.00281,0.00138,0.01134,0.14380,0.00117,0.01066,0.00373,0.01867,0.65357,0.03101,0.09818,0.02370,-54.68,6.831,-1,0.0000,-1.00,0.0000,0
93065,1790787889797,0.00712,0.09328,0.01473,0.17906,0.00548,0.01500,0.00409,0.01641,0.49954,0.01610,0.13081,0.01838,0.00398,0.00150,0.01392,0.18415,0.00237,0.01718,0.00435,0.01716,0.56206,0.01882,0.15334,0.02116,-56.90,5.994,-1,0.0000,-1.00,0.0000,0
93158,1790787889877,0.00820,0.10149,0.02191,0.11660,0.00466,0.01191,0.00378,0.03619,0.52563,0.01490,0.14112,0.01361,0.00212,0.00097,0.02281,0.10674,0.00252,0.01385,0.00434,0.03884,0.60866,0.01737,0.16634,0.01545,-55.68,6.308,-1,0.0000,-1.00,0.0000,0
93251,1790787889977,0.00702,0.11475,0.01569,0.15024,0.01568,0.01125,0.01178,0.02283,0.53128,0.01947,0.08931,0.01070,0.00407,0.01755,0.01483,0.15931,0.01676,0.01268,0.01047,0.02458,0.60502,0.02001,0.10451,0.01022,-55.68,6.375,-1,0.0000,-1.00,0.0000,0
93344,1790787890058,0.02153,0.05828,0.02166,0.22515,0.01598,0.05624,0.04337,0.04637,0.25381,0.07856,0.13076,0.04828,0.01501,0.01902,0.00764,0.24128,0.00878,0.06519,0.04782,0.05442,0.25630,0.09239,0.14376,0.04837,-56.23,3.046,-1,0.0000,-1.00,0.0000,0
93437,1790787890183,0.05777,0.10006,0.01654,0.13919,0.02576,0.05951,0.07375,0.03628,0.23830,0.04769,0.08935,0.11579,0.06095,0.06910,0.00874,0.14789,0.00630,0.05922,0.07468,0.04174,0.25622,0.05589,0.09533,0.12394,-55.98,2.860,-1,0.0000,-1.00,0.0000,0
93529,1790787890258,0.03777,0.11699,0.00811,0.13455,0.01910,0.09212,0.05196,0.03053,0.31830,0.02566,0.09748,0.06743,0.03816,0.07020,0.00392,0.14210,0.00876,0.10281,0.04834,0.03581,0.35304,0.02921,0.09642,0.07122,-56.72,3.820,-1,0.0000,-1.00,0.0000,0
93622,1790787890359,0.04381,0.09241,0.01067,0.12477,0.03045,0.08616,0.03026,0.02667,0.23397,0.03688,0.16984,0.11413,0.04633,0.05958,0.00441,0.11288,0.00971,0.09468,0.02445,0.03108,0.25797,0.04226,0.18473,0.13191,-57.10,2.808,-1,0.0000,-1.00,0.0000,0
93715,1790787890458,0.05185,0.09218,0.01403,0.09907,0.03486,0.07755,0.08009,0.03374,0.21310,0.01921,0.13497,0.14936,0.05471,0.06337,0.01262,0.08988,0.00949,0.08217,0.08327,0.03806,0.23752,0.02114,0.14543,0.16233,-56.50,2.557,-1,0.0000,-1.00,0.0000,0
93808,1790787890538,0.05370,0.06469,0.01423,0.09934,0.05353,0.03243,0.10463,0.07204,0.09022,0.05423,0.13925,0.22171,0.04742,0.05950,0.00479,0.08711,0.01594,0.02946,0.11357,0.08537,0.09084,0.06183,0.16101,0.24315,-55.68,2.661,-1,0.0000,-1.00,0.0000,0
93901,1790787890639,0.08626,0.02938,0.02458,0.09995,0.03506,0.01071,0.06228,0.34582,0.05591,0.00944,0.06329,0.17733,0.02227,0.02605,0.02731,0.10506,0.00260,0.00843,0.06940,0.40903,0.04617,0.01079,0.07417,0.19873,-55.38,4.150,-1,0.0000,-1.00,0.0000,0
93994,1790787890719,0.04293,0.08693,0.00488,0.18053,0.00717,0.00982,0.02675,0.16579,0.41052,0.00530,0.02908,0.03030,0.01136,0.01577,0.00469,0.20978,0.00254,0.00951,0.02893,0.19773,0.45031,0.00585,0.03296,0.03057,-55.32,4.926,-1,0.0000,-1.00,0.0000,0
94087,1790787890819,0.02596,0.05665,0.00511,0.44648,0.00705,0.01334,0.01178,0.07019,0.29673,0.01521,0.02553,0.02596,0.01454,0.01820,0.00262,0.52945,0.00258,0.01320,0.01048,0.08361,0.25059,0.01772,0.02798,0.02903,-56.63,5.358,-1,0.0000,-1.00,0.0000,0
94180,1790787890898,0.08641,0.05997,0.00947,0.23725,0.01076,0.04228,0.02820,0.12178,0.30709,0.02125,0.05169,0.02387,0.07072,0.01403,0.00664,0.27344,0.00849,0.03664,0.03098,0.14463,0.31376,0.02378,0.05467,0.02223,-57.18,3.685,-1,0.0000,-1.00,0.0000,0
94273,1790787890997,0.03281,0.06622,0.00573,0.28601,0.00730,0.02801,0.09426,0.03896,0.32496,0.01291,0.06289,0.03995,0.03021,0.01508,0.00393,0.32885,0.00357,0.02757,0.10995,0.04591,0.32419,0.01476,0.06989,0.02607,-55.99,3.900,-1,0.0000,-1.00,0.0000,0
94365,1790787891099,0.03086,0.05083,0.00469,0.43881,0.00521,0.03096,0.03751,0.01928,0.24687,0.01108,0.10707,0.01684,0.03249,0.02198,0.00312,0.50157,0.00384,0.03065,0.04045,0.02262,0.19631,0.01259,0.12222,0.01215,-56.11,5.266,-1,0.0000,-1.00,0.0000,0
94458,1790787891178,0.04965,0.04588,0.06533,0.30117,0.00468,0.03994,0.01650,0.09011,0.20332,0.01276,0.15237,0.01829,0.04102,0.01950,0.07533,0.32624,0.00189,0.03972,0.01579,0.09315,0.17896,0.01492,0.17470,0.01878,-56.03,3.614,-1,0.0000,-1.00,0.0000,0
94551,1790787891281,0.10544,0.03130,0.09495,0.09368,0.01048,0.06745,0.01132,0.35672,0.13740,0.02059,0.04491,0.02577,0.04587,0.00897,0.10916,0.10440,0.00689,0.07172,0.01164,0.40593,0.14394,0.02330,0.03959,0.02857,-55.58,4.281,-1,0.0000,-1.00,0.0000,0
94644,1790787891378,0.07381,0.03691,0.03699,0.14382,0.01713,0.12372,0.02303,0.08932,0.16966,0.03039,0.22695,0.02828,0.06454,0.01280,0.03765,0.12375,0.01474,0.13548,0.02413,0.10048,0.17864,0.03362,0.24508,0.02910,-55.21,2.723,-1,0.0000,-1.00,0.0000,0
94737,1790787891478,0.05558,0.01056,0.01467,0.04541,0.08828,0.03062,0.01277,0.20380,0.03307,0.00830,0.06663,0.43031,0.01884,0.00636,0.01576,0.03987,0.00413,0.03296,0.01404,0.24108,0.03172,0.00913,0.07331,0.51280,-53.82,5.164,-1,0.0000,-1.00,0.0000,0
94830,1790787891558,0.02784,0.01384,0.01114,0.02157,0.12637,0.00808,0.00568,0.10763,0.02673,0.00412,0.01045,0.63655,0.00775,0.01170,0.01238,0.02369,0.00039,0.00815,0.00448,0.12651,0.02731,0.00488,0.01090,0.76185,-53.36,7.639,-1,0.0000,-1.00,0.0000,0
94923,1790787891658,0.07960,0.11043,0.02121,0.07634,0.03152,0.01286,0.05463,0.30157,0.11325,0.01532,0.03635,0.14692,0.02439,0.10894,0.02193,0.08325,0.00460,0.01058,0.04387,0.35700,0.11906,0.01758,0.04146,0.16735,-54.65,3.619,-1,0.0000,-1.00,0.0000,0
95016,1790787891757,0.07316,0.06360,0.04410,0.11886,0.04279,0.01561,0.02747,0.13672,0.17192,0.01832,0.09821,0.18924,0.05628,0.04089,0.04877,0.11940,0.00728,0.00756,0.02481,0.15415,0.18233,0.02051,0.11617,0.22183,-56.06,2.271,-1,0.0000,-1.00,0.0000,0
95108,1790787891839,0.08165,0.05296,0.05189,0.09379,0.04833,0.02453,0.08195,0.11250,0.07510,0.02185,0.17924,0.17620,0.07337,0.04847,0.05766,0.07039,0.01954,0.01485,0.08859,0.12337,0.07556,0.02279,0.21183,0.19357,-56.55,2.151,-1,0.0000,-1.00,0.0000,0
95201,1790787891937,0.12214,0.02724,0.11898,0.13940,0.02432,0.02335,0.05331,0.18311,0.10509,0.00740,0.11690,0.07875,0.10850,0.01316,0.14132,0.13952,0.01287,0.00646,0.06117,0.19151,0.09827,0.00631,0.13879,0.08212,-55.92,2.197,-1,0.0000,-1.00,0.0000,0
95294,1790787892018,0.14064,0.01780,0.34824,0.10124,0.00959,0.03071,0.01903,0.17529,0.07228,0.00606,0.05347,0.02565,0.14280,0.00887,0.41608,0.10894,0.00622,0.00849,0.02105,0.12756,0.06501,0.00602,0.06238,0.02656,-56.08,4.179,-1,0.0000,-1.00,0.0000,0
95387,1790787892118,0.12819,0.00709,0.37251,0.08195,0.00490,0.02304,0.01330,0.25235,0.04000,0.00681,0.05340,0.01647,0.11014,0.00334,0.44484,0.08574,0.00255,0.00577,0.01515,0.21433,0.03093,0.00766,0.06284,0.01673,-56.60,4.470,-1,0.0000,-1.00,0.0000,0
95480,1790787892198,0.09934,0.01641,0.29324,0.11600,0.00649,0.02207,0.05033,0.21195,0.05513,0.00452,0.08846,0.03608,0.08276,0.01122,0.35036,0.11838,0.00155,0.01004,0.05808,0.18451,0.04259,0.00510,0.10400,0.03141,-55.93,3.519,-1,0.0000,-1.00,0.0000,0
95573,1790787892298,0.07640,0.01913,0.26140,0.10027,0.00730,0.01052,0.04804,0.22997,0.11085,0.00622,0.11035,0.01954,0.03780,0.01166,0.31198,0.09413,0.00627,0.00512,0.05516,0.21381,0.11415,0.00623,0.13121,0.01248,-56.09,3.137,-1,0.0000,-1.00,0.0000,0
95666,1790787892398,0.12157,0.01821,0.19110,0.10404,0.00882,0.01470,0.04367,0.33696,0.05312,0.00583,0.07450,0.02748,0.07450,0.01348,0.22782,0.10708,0.00598,0.00284,0.04959,0.35866,0.04239,0.00584,0.08871,0.02310,-56.33,4.044,-1,0.0000,-1.00,0.0000,0
95759,1790787892478,0.13951,0.01688,0.19109,0.16575,0.00954,0.02522,0.01484,0.24881,0.06707,0.00426,0.09715,0.01986,0.11447,0.01378,0.22825,0.17583,0.00731,0.00753,0.01505,0.25289,0.04551,0.00366,0.11491,0.02082,-56.09,2.986,-1,0.0000,-1.00,0.0000,0
95851,1790787892581,0.27820,0.02458,0.06925,0.19710,0.01184,0.09922,0.03370,0.10868,0.07126,0.00850,0.08431,0.01337,0.31074,0.02112,0.08144,0.21839,0.01243,0.05728,0.03619,0.11408,0.04202,0.00779,0.08966,0.00885,-56.85,3.338,-1,0.0000,-1.00,0.0000,0
95944,1790787892678,0.12709,0.02240,0.05648,0.22521,0.04699,0.07233,0.04678,0.08556,0.06796,0.02789,0.19571,0.02560,0.13418,0.01973,0.06310,0.22572,0.05226,0.06007,0.05164,0.09052,0.03668,0.02306,0.22260,0.02043,-56.55,2.702,-1,0.0000,-1.00,0.0000,0
96037,1790787892777,0.12508,0.01637,0.02218,0.12970,0.02080,0.08575,0.09039,0.06399,0.05702,0.03204,0.32875,0.02794,0.13496,0.00971,0.01985,0.08031,0.02246,0.07600,0.10628,0.07284,0.05240,0.03394,0.37885,0.01241,-55.13,3.945,-1,0.0000,-1.00,0.0000,0
96130,1790787892857,0.16131,0.02132,0.02989,0.09643,0.03028,0.15726,0.04134,0.08768,0.09517,0.01770,0.23880,0.02282,0.17330,0.00594,0.03290,0.06488,0.03276,0.15408,0.04836,0.09854,0.10117,0.01472,0.25560,0.01776,-54.69,2.866,-1,0.0000,-1.00,0.0000,0
96223,1790787892958,0.12909,0.02848,0.01550,0.30036,0.08752,0.03148,0.01998,0.05979,0.18292,0.02398,0.10235,0.01855,0.14106,0.00396,0.01686,0.33598,0.10137,0.00976,0.02316,0.06830,0.15258,0.00863,0.12071,0.01763,-54.91,3.604,-1,0.0000,-1.00,0.0000,0
96316,1790787893062,0.10287,0.02454,0.06522,0.33381,0.00600,0.03776,0.01859,0.05432,0.14079,0.01196,0.19502,0.00912,0.11332,0.00990,0.07554,0.35456,0.00582,0.02278,0.02028,0.05014,0.09842,0.01318,0.22917,0.00690,-55.09,4.006,-1,0.0000,-1.00,0.0000,0
96409,1790787893138,0.07617,0.02161,0.33703,0.14367,0.00763,0.02045,0.03171,0.09311,0.09258,0.00832,0.14737,0.02036,0.08485,0.00944,0.40205,0.13745,0.00572,0.00768,0.03610,0.03188,0.08345,0.00908,0.17506,0.01724,-55.24,4.044,-1,0.0000,-1.00,0.0000,0
96502,1790787893238,0.10629,0.03077,0.01384,0.34590,0.01233,0.03152,0.03186,0.03155,0.17402,0.01133,0.19292,0.01767,0.12077,0.01023,0.01417,0.36919,0.01204,0.01386,0.03583,0.03532,0.13436,0.01216,0.22842,0.01366,-55.32,4.151,-1,0.0000,-1.00,0.0000,0
96595,1790787893318,0.14986,0.02197,0.09956,0.24714,0.00916,0.03929,0.02344,0.05068,0.14769,0.00835,0.19032,0.01253,0.17219,0.00113,0.11767,0.25144,0.00910,0.01294,0.02745,0.03781,0.12712,0.00821,0.22549,0.00946,-55.39,2.966,-1,0.0000,-1.00,0.0000,0
96687,1790787893419,0.09513,0.02351,0.00337,0.50894,0.00914,0.02511,0.01697,0.02403,0.16889,0.00433,0.11352,0.00706,0.10841,0.01101,0.00337,0.58320,0.00998,0.00859,0.01811,0.02817,0.08654,0.00342,0.13432,0.00487,-55.35,6.107,-1,0.0000,-1.00,0.0000,0
96780,1790787893507,0.06379,0.07055,0.00595,0.44608,0.00983,0.02345,0.04367,0.03839,0.17642,0.00691,0.08942,0.02557,0.06727,0.06309,0.00577,0.51384,0.00727,0.01476,0.03982,0.04485,0.10953,0.00684,0.10422,0.02274,-55.81,5.353,-1,0.0000,-1.00,0.0000,0
96873,1790787893603,0.07350,0.06411,0.15324,0.25979,0.03038,0.03105,0.02970,0.10922,0.11326,0.02742,0.07147,0.03684,0.06906,0.06165,0.17817,0.29525,0.02831,0.02378,0.02337,0.09556,0.07694,0.02748,0.08092,0.03951,-56.98,3.118,-1,0.0000,-1.00,0.0000,0
96966,1790787893698,0.06394,0.04393,0.01048,0.32741,0.01127,0.05700,0.01855,0.08101,0.23931,0.01091,0.08617,0.05001,0.05717,0.01095,0.01006,0.37409,0.00239,0.05697,0.01932,0.09581,0.21259,0.01260,0.09196,0.05610,-57.04,3.929,-1,0.0000,-1.00,0.0000,0
97059,1790787893777,0.09828,0.07712,0.00914,0.30645,0.01222,0.04946,0.01750,0.04262,0.22032,0.01771,0.10032,0.04886,0.10752,0.05410,0.00688,0.34486,0.00346,0.03795,0.01018,0.04976,0.19559,0.02059,0.11268,0.05644,-56.67,3.677,-1,0.0000,-1.00,0.0000,0
97152,1790787893878,0.06107,0.20029,0.00406,0.24072,0.01011,0.04140,0.05800,0.09288,0.16410,0.00675,0.07270,0.04793,0.05125,0.21173,0.00333,0.27273,0.00181,0.03945,0.02752,0.11063,0.14256,0.00773,0.07929,0.05197,-56.32,2.889,-1,0.0000,-1.00,0.0000,0
97245,1790787893980,0.04877,0.19567,0.00371,0.26004,0.01303,0.05109,0.04414,0.11974,0.13262,0.00794,0.06403,0.05921,0.03010,0.21470,0.00264,0.29855,0.00195,0.05525,0.01033,0.14295,0.09973,0.00913,0.06577,0.06890,-56.46,3.120,-1,0.0000,-1.00,0.0000,0
97338,1790787894080,0.03860,0.21592,0.00512,0.35759,0.01208,0.04113,0.04989,0.05260,0.11656,0.01668,0.04982,0.04401,0.03383,0.24748,0.00235,0.41832,0.00444,0.04257,0.01063,0.06265,0.05674,0.01911,0.05126,0.05062,-57.43,4.291,-1,0.0000,-1.00,0.0000,0
97430,1790787894157,0.02839,0.13128,0.00787,0.25475,0.02713,0.04007,0.03138,0.06092,0.19317,0.02025,0.08600,0.11880,0.01973,0.12270,0.00479,0.28655,0.00481,0.04410,0.01328,0.07205,0.17458,0.02338,0.09431,0.13972,-56.96,3.057,-1,0.0000,-1.00,0.0000,0
97523,1790787894257,0.03200,0.10445,0.00645,0.21166,0.02531,0.04860,0.02119,0.03416,0.32878,0.01160,0.06547,0.11033,0.03068,0.05650,0.00516,0.24011,0.00472,0.05215,0.01419,0.03991,0.34636,0.01296,0.06811,0.12914,-56.92,3.945,-1,0.0000,-1.00,0.0000,0
97616,1790787894357,0.07702,0.12013,0.00636,0.22438,0.02061,0.05098,0.02494,0.03552,0.26901,0.01836,0.06151,0.09119,0.08373,0.09042,0.00340,0.25600,0.00342,0.04458,0.01196,0.04188,0.27159,0.02132,0.06487,0.10684,-57.05,3.228,-1,0.0000,-1.00,0.0000,0
97709,1790787894437,0.05371,0.12586,0.00903,0.26751,0.01123,0.04963,0.02902,0.03960,0.16030,0.02252,0.19083,0.04077,0.05517,0.12363,0.00563,0.27712,0.00413,0.04858,0.01027,0.04633,0.13715,0.02617,0.21903,0.04681,-55.51,3.210,-1,0.0000,-1.00,0.0000,0
97802,1790787894538,0.06580,0.06918,0.00718,0.17980,0.00907,0.06507,0.01647,0.10534,0.08440,0.03232,0.33061,0.03476,0.05384,0.06834,0.00103,0.13955,0.00285,0.06730,0.00610,0.12610,0.07347,0.03816,0.38281,0.04044,-54.92,3.967,-1,0.0000,-1.00,0.0000,0
97895,1790787894618,0.05811,0.10381,0.01036,0.21425,0.01525,0.05966,0.02280,0.04010,0.14101,0.03219,0.26268,0.03978,0.05998,0.09883,0.00510,0.19667,0.00895,0.05975,0.00699,0.04778,0.12986,0.03692,0.30291,0.04628,-54.73,3.152,-1,0.0000,-1.00,0.0000,0
97988,1790787894718,0.07989,0.09676,0.00921,0.29859,0.00828,0.04460,0.02775,0.02714,0.10822,0.02816,0.24174,0.02967,0.08871,0.10273,0.00446,0.30177,0.00335,0.03585,0.01226,0.03227,0.06977,0.03316,0.28255,0.03313,-55.02,3.583,-1,0.0000,-1.00,0.0000,0
98081,1790787894797,0.12048,0.08091,0.01125,0.28837,0.01836,0.06013,0.02366,0.02857,0.17962,0.04698,0.10887,0.03280,0.13764,0.06712,0.00290,0.32145,0.01469,0.04491,0.01504,0.03366,0.15151,0.05338,0.12155,0.03615,-56.18,3.460,-1,0.0000,-1.00,0.0000,0
98173,1790787894897,0.05103,0.08040,0.01899,0.26466,0.02232,0.03364,0.01548,0.04189,0.24157,0.04197,0.11413,0.07392,0.05161,0.05051,0.01316,0.29119,0.00953,0.03007,0.00853,0.04759,0.23173,0.04841,0.13079,0.08688,-56.54,3.176,-1,0.0000,-1.00,0.0000,0
98266,1790787895003,0.03578,0.09482,0.01068,0.28149,0.01850,0.03966,0.03167,0.03667,0.22044,0.02350,0.14023,0.06658,0.03419,0.07327,0.00748,0.30558,0.00722,0.04074,0.02209,0.04380,0.20348,0.02680,0.15995,0.07539,-56.33,3.378,-1,0.0000,-1.00,0.0000,0
98359,1790787895081,0.04110,0.08594,0.00867,0.36617,0.02093,0.04157,0.02475,0.05156,0.13589,0.02107,0.13214,0.07021,0.03703,0.08695,0.00573,0.40904,0.00888,0.04247,0.01239,0.06068,0.08173,0.02349,0.14992,0.08167,-56.74,4.394,-1,0.0000,-1.00,0.0000,0
98452,1790787895178,0.03888,0.11418,0.01726,0.30477,0.01589,0.03827,0.03868,0.06409,0.17102,0.03084,0.12743,0.03870,0.03190,0.10941,0.01378,0.33647,0.01081,0.03953,0.02462,0.07410,0.13822,0.03481,0.14486,0.04149,-56.81,3.657,-1,0.0000,-1.00,0.0000,0
98545,1790787895277,0.09665,0.05148,0.03573,0.26847,0.01210,0.05448,0.03401,0.06206,0.13094,0.05333,0.17167,0.02909,0.10223,0.04169,0.03049,0.28269,0.00868,0.04519,0.03052,0.07029,0.10085,0.06218,0.19674,0.02846,-56.20,3.222,-1,0.0000,-1.00,0.0000,0
98638,1790787895378,0.08216,0.05051,0.03222,0.14512,0.01983,0.03163,0.01760,0.12782,0.19772,0.03054,0.22913,0.03574,0.06910,0.01842,0.03195,0.12041,0.01593,0.02420,0.01672,0.14754,0.21291,0.03357,0.26976,0.03951,-56.59,2.750,-1,0.0000,-1.00,0.0000,0
98731,1790787895458,0.04236,0.02153,0.02743,0.30664,0.02163,0.02600,0.00726,0.07930,0.12845,0.02736,0.28819,0.02386,0.03290,0.00716,0.02718,0.29993,0.02054,0.02463,0.00728,0.08963,0.09445,0.02871,0.34044,0.02714,-57.28,3.680,-1,0.0000,-1.00,0.0000,0
98824,1790787895559,0.04548,0.02717,0.01668,0.22124,0.02121,0.02682,0.00844,0.06620,0.12714,0.03026,0.37032,0.03904,0.03946,0.00972,0.01345,0.17809,0.01657,0.02431,0.00819,0.07666,0.11704,0.03297,0.43891,0.04464,-57.18,4.444,-1,0.0000,-1.00,0.0000,0
98917,1790787895658,0.03891,0.03519,0.01575,0.24789,0.01954,0.02928,0.00959,0.05925,0.15353,0.01890,0.34465,0.02753,0.03302,0.01420,0.01506,0.21629,0.01720,0.02854,0.00806,0.06862,0.14109,0.01923,0.40731,0.03139,-56.59,4.136,-1,0.0000,-1.00,0.0000,0
99009,1790787895738,0.07344,0.02274,0.01963,0.31904,0.02265,0.02296,0.00955,0.09122,0.10983,0.01434,0.26530,0.02930,0.06646,0.01442,0.02091,0.31983,0.02051,0.01434,0.00856,0.10518,0.06817,0.01315,0.31505,0.03341,-56.45,3.828,-1,0.0000,-1.00,0.0000,0
99102,1790787895838,0.07328,0.02760,0.00988,0.33901,0.02479,0.03876,0.00555,0.07744,0.14842,0.01425,0.20071,0.04032,0.06942,0.01230,0.00925,0.35983,0.02029,0.03269,0.00420,0.09097,0.10651,0.01305,0.23402,0.04748,-56.08,4.068,-1,0.0000,-1.00,0.0000,0
99195,1790787895918,0.06698,0.02829,0.02625,0.26262,0.01812,0.02583,0.00585,0.08138,0.17116,0.02321,0.27680,0.01350,0.06171,0.00321,0.02667,0.24967,0.01863,0.01882,0.00520,0.09340,0.15559,0.02411,0.32794,0.01502,-55.92,3.322,-1,0.0000,-1.00,0.0000,0
99288,1790787896017,0.07912,0.02050,0.02406,0.21133,0.01719,0.01940,0.01235,0.09823,0.11715,0.01971,0.36880,0.01217,0.07261,0.00362,0.02483,0.16597,0.01836,0.00885,0.01408,0.11278,0.10727,0.02018,0.44015,0.01130,-57.07,4.426,-1,0.0000,-1.00,0.0000,0
99381,1790787896097,0.07524,0.02252,0.01518,0.27982,0.01231,0.01918,0.01020,0.11361,0.14947,0.02029,0.26964,0.01254,0.06332,0.00272,0.01383,0.27166,0.01218,0.01051,0.01163,0.13344,0.12516,0.02198,0.32101,0.01257,-57.12,3.358,-1,0.0000,-1.00,0.0000,0
99474,1790787896191,0.07171,0.02168,0.01494,0.38320,0.03078,0.02324,0.01265,0.05353,0.14587,0.02781,0.18542,0.02917,0.07370,0.00770,0.01246,0.41564,0.03049,0.01323,0.01363,0.06167,0.09221,0.02747,0.21955,0.03225,-55.61,4.598,-1,0.0000,-1.00,0.0000,0
99567,1790787896298,0.05299,0.02392,0.02205,0.20387,0.03301,0.03216,0.01245,0.03540,0.13551,0.02762,0.39478,0.02624,0.05469,0.00414,0.02120,0.15160,0.03397,0.02769,0.01374,0.03857,0.13232,0.02637,0.46755,0.02817,-55.35,4.737,-1,0.0000,-1.00,0.0000,0
99660,1790787896384,0.04333,0.03012,0.01305,0.18966,0.02224,0.02247,0.01290,0.02906,0.15487,0.02067,0.44538,0.01625,0.04402,0.00562,0.01158,0.12218,0.02335,0.01819,0.01435,0.03253,0.16102,0.02046,0.53007,0.01662,-55.47,5.345,-1,0.0000,-1.00,0.0000,0
99752,1790787896507,0.03469,0.03085,0.01186,0.19719,0.01595,0.02089,0.01372,0.04313,0.16558,0.01515,0.42696,0.02403,0.03174,0.00296,0.01117,0.13560,0.01403,0.01874,0.01522,0.05009,0.17153,0.01537,0.50788,0.02567,-55.40,5.124,-1,0.0000,-1.00,0.0000,0
99845,1790787896578,0.03344,0.03732,0.01664,0.20591,0.01991,0.01784,0.01579,0.08648,0.20038,0.02174,0.31285,0.03170,0.01945,0.00460,0.01544,0.17310,0.01703,0.01752,0.01800,0.10057,0.20579,0.02268,0.37140,0.03442,-55.91,3.754,-1,0.0000,-1.00,0.0000,0
99938,1790787896677,0.03766,0.03142,0.01906,0.19979,0.01688,0.01368,0.02182,0.04368,0.15994,0.02705,0.39484,0.03418,0.03432,0.00651,0.01692,0.14598,0.01309,0.00959,0.02460,0.04925,0.16271,0.02982,0.47121,0.03601,-56.17,4.738,-1,0.0000,-1.00,0.0000,0
100031,1790787896757,0.05503,0.04535,0.01776,0.14990,0.01214,0.02628,0.01248,0.06368,0.22364,0.02418,0.34280,0.02676,0.05141,0.00511,0.01588,0.09903,0.00873,0.02129,0.01379,0.07330,0.24834,0.02725,0.40653,0.02933,-56.50,4.114,-1,0.0000,-1.00,0.0000,0
100124,1790787896858,0.04113,0.02656,0.01737,0.15415,0.01219,0.02001,0.01102,0.04986,0.14088,0.02355,0.47459,0.02869,0.03733,0.00190,0.01553,0.07265,0.00781,0.01707,0.01262,0.05686,0.15441,0.02668,0.56529,0.03187,-56.05,5.695,-1,0.0000,-1.00,0.0000,0
100217,1790787896958,0.03772,0.02562,0.00865,0.21498,0.01040,0.06204,0.03527,0.06502,0.14793,0.02197,0.35034,0.02007,0.03027,0.00252,0.00552,0.17707,0.00934,0.06840,0.04152,0.07705,0.14215,0.02447,0.40623,0.01547,-55.56,4.204,-1,0.0000,-1.00,0.0000,0
100310,1790787897038,0.03982,0.07000,0.01730,0.20690,0.03339,0.05182,0.09726,0.04224,0.13660,0.03420,0.10226,0.16820,0.03816,0.06030,0.01277,0.22577,0.00416,0.05453,0.10445,0.04822,0.11892,0.04016,0.11172,0.18084,-56.00,2.483,-1,0.0000,-1.00,0.0000,0
100403,1790787897138,0.05668,0.15762,0.01968,0.02870,0.08194,0.02260,0.04336,0.01530,0.10474,0.04311,0.05012,0.37614,0.06476,0.16496,0.01371,0.02304,0.00960,0.01424,0.01925,0.01562,0.12088,0.04980,0.05724,0.44689,-55.75,4.514,-1,0.0000,-1.00,0.0000,0
100495,1790787897217,0.08655,0.38225,0.00557,0.04141,0.01828,0.03421,0.07552,0.01302,0.19038,0.01026,0.06030,0.08224,0.10078,0.41422,0.00435,0.03612,0.00270,0.02102,0.00838,0.01474,0.22096,0.01175,0.06808,0.09688,-55.23,4.587,-1,0.0000,-1.00,0.0000,0
100588,1790787897317,0.03093,0.42937,0.00710,0.03131,0.01875,0.08622,0.08381,0.01070,0.13831,0.00708,0.06625,0.09017,0.03497,0.48264,0.00687,0.02556,0.00122,0.09642,0.00475,0.01146,0.16066,0.00824,0.06027,0.10692,-55.21,5.152,-1,0.0000,-1.00,0.0000,0
100681,1790787897397,0.02264,0.31567,0.00363,0.03590,0.05675,0.06027,0.06571,0.00707,0.11026,0.00874,0.05830,0.25506,0.02510,0.35375,0.00258,0.03181,0.00775,0.06724,0.00861,0.00796,0.12581,0.00893,0.05652,0.30392,-55.70,3.788,-1,0.0000,-1.00,0.0000,0
100774,1790787897506,0.17167,0.15758,0.00613,0.06142,0.05181,0.08733,0.03962,0.04334,0.08677,0.01900,0.11172,0.16360,0.19268,0.17305,0.00375,0.04966,0.02373,0.06645,0.01317,0.05119,0.09405,0.01814,0.12070,0.19342,-55.65,2.060,-1,0.0000,-1.00,0.0000,0
100867,1790787897598,0.23679,0.13070,0.00490,0.04804,0.04801,0.07627,0.02758,0.18995,0.03703,0.01409,0.11096,0.07569,0.23877,0.14910,0.00408,0.03294,0.03965,0.04409,0.00349,0.22680,0.03784,0.00903,0.12421,0.09000,-55.75,2.841,-1,0.0000,-1.00,0.0000,0
100960,1790787897677,0.21505,0.07153,0.00379,0.05439,0.07880,0.06582,0.02243,0.24953,0.03162,0.01775,0.08794,0.10135,0.19853,0.08000,0.00310,0.04584,0.07078,0.03951,0.01102,0.29838,0.02880,0.00724,0.09753,0.11926,-55.96,2.994,-1,0.0000,-1.00,0.0000,0
101053,1790787897797,0.20308,0.04121,0.01303,0.04250,0.04741,0.17966,0.04610,0.09093,0.06640,0.00876,0.10422,0.15669,0.21819,0.03901,0.01438,0.03293,0.02146,0.17203,0.04750,0.10610,0.07303,0.00624,0.09078,0.17834,-55.60,2.437,-1,0.0000,-1.00,0.0000,0
101146,1790787897877,0.18565,0.06693,0.01610,0.07132,0.03919,0.08363,0.03064,0.07638,0.06062,0.03447,0.25772,0.07735,0.20597,0.06684,0.01227,0.02657,0.02974,0.05938,0.02341,0.08914,0.06737,0.03540,0.29703,0.08687,-55.89,3.093,-1,0.0000,-1.00,0.0000,0
101239,1790787897977,0.06682,0.08738,0.01228,0.07855,0.04066,0.03611,0.02883,0.04196,0.19941,0.02120,0.29901,0.08780,0.07036,0.05844,0.01082,0.02425,0.02876,0.02931,0.02295,0.04813,0.23414,0.01970,0.35247,0.10066,-56.08,3.588,-1,0.0000,-1.00,0.0000,0
101331,1790787898058,0.04290,0.06088,0.01225,0.11788,0.05191,0.05074,0.01678,0.04571,0.16130,0.01333,0.37691,0.04941,0.04088,0.03696,0.01349,0.05379,0.05097,0.05269,0.01278,0.05209,0.18252,0.00596,0.44119,0.05667,-55.82,4.523,-1,0.0000,-1.00,0.0000,0
101424,1790787898159,0.03522,0.04057,0.01240,0.14763,0.03125,0.06700,0.01881,0.04912,0.06258,0.01075,0.48970,0.03497,0.03150,0.03625,0.01347,0.06348,0.02983,0.07404,0.01535,0.05619,0.06234,0.00703,0.57210,0.03842,-55.63,5.876,-1,0.0000,-1.00,0.0000,0
101517,1790787898257,0.06880,0.06539,0.01322,0.09065,0.03303,0.08044,0.01445,0.04665,0.17057,0.02108,0.33506,0.06066,0.07181,0.03911,0.01182,0.03226,0.02554,0.08216,0.00953,0.05358,0.19794,0.02024,0.38519,0.07080,-55.46,4.021,-1,0.0000,-1.00,0.0000,0
101610,1790787898337,0.03527,0.09554,0.00951,0.05778,0.02480,0.05590,0.10810,0.02617,0.32682,0.02550,0.18819,0.04643,0.03630,0.03790,0.00626,0.02688,0.02348,0.05979,0.12201,0.03012,0.38628,0.02590,0.21365,0.03144,-55.53,3.922,-1,0.0000,-1.00,0.0000,0
101703,1790787898437,0.02957,0.07318,0.00781,0.09051,0.02253,0.03094,0.14215,0.00891,0.35401,0.00623,0.17730,0.05685,0.03364,0.00673,0.00818,0.06754,0.01999,0.03055,0.16899,0.00907,0.40837,0.00593,0.20639,0.03462,-55.68,4.248,-1,0.0000,-1.00,0.0000,0
101796,1790787898518,0.02263,0.06721,0.00702,0.18333,0.01191,0.01590,0.13293,0.02279,0.30412,0.00907,0.17695,0.04613,0.02185,0.01541,0.00663,0.17822,0.00945,0.01472,0.15619,0.02603,0.32908,0.00899,0.20911,0.02431,-55.17,3.649,-1,0.0000,-1.00,0.0000,0
101889,1790787898618,0.06520,0.06172,0.00466,0.17756,0.01180,0.03313,0.18250,0.02291,0.24220,0.00905,0.13403,0.05525,0.07281,0.02357,0.00380,0.18192,0.00942,0.02526,0.21387,0.02684,0.25415,0.00898,0.15559,0.02380,-55.08,2.906,-1,0.0000,-1.00,0.0000,0
101982,1790787898697,0.09606,0.04953,0.01655,0.16535,0.03195,0.02755,0.07535,0.04455,0.14248,0.02442,0.28041,0.04581,0.10511,0.03071,0.01522,0.13200,0.03071,0.01218,0.08420,0.05036,0.14446,0.02327,0.33358,0.03820,-55.62,3.365,-1,0.0000,-1.00,0.0000,0
102074,1790787898797,0.04270,0.04938,0.01156,0.23425,0.01406,0.02699,0.15698,0.05664,0.13430,0.01606,0.19661,0.06045,0.03781,0.03670,0.01042,0.23497,0.00957,0.02485,0.18023,0.06639,0.11435,0.01735,0.23065,0.03671,-55.61,2.811,-1,0.0000,-1.00,0.0000,0
102167,1790787898897,0.05713,0.06846,0.00939,0.17565,0.00889,0.02386,0.09916,0.03561,0.32879,0.00815,0.14389,0.04101,0.06033,0.01090,0.00950,0.17695,0.00548,0.01664,0.11643,0.04102,0.35879,0.00879,0.16912,0.02606,-55.40,3.946,-1,0.0000,-1.00,0.0000,0
102260,1790787899004,0.09086,0.08484,0.00876,0.11674,0.00686,0.02487,0.03676,0.02976,0.42896,0.01001,0.13244,0.02916,0.10212,0.00407,0.00821,0.10879,0.00299,0.00955,0.04324,0.03404,0.49227,0.01157,0.15680,0.02636,-56.07,5.148,-1,0.0000,-1.00,0.0000,0
102353,1790787899098,0.02954,0.07936,0.00479,0.15661,0.00584,0.01076,0.04812,0.01474,0.40916,0.00729,0.20913,0.02466,0.03206,0.00334,0.00413,0.13824,0.00338,0.00654,0.05698,0.01686,0.46285,0.00808,0.24930,0.01826,-56.72,4.910,-1,0.0000,-1.00,0.0000,0
102446,1790787899177,0.01627,0.04345,0.00389,0.18577,0.01018,0.00341,0.13827,0.04017,0.23273,0.00658,0.26219,0.05708,0.00980,0.00338,0.00328,0.16040,0.00512,0.00214,0.16501,0.04749,0.24701,0.00694,0.31375,0.03569,-56.55,3.146,-1,0.0000,-1.00,0.0000,0
102539,1790787899278,0.00853,0.06991,0.00414,0.17425,0.00538,0.00302,0.12908,0.02257,0.36305,0.00771,0.17273,0.03963,0.00471,0.00436,0.00324,0.16787,0.00306,0.00268,0.15361,0.02660,0.40175,0.00863,0.20644,0.01704,-56.32,4.357,-1,0.0000,-1.00,0.0000,0
102632,1790787899359,0.02633,0.08994,0.00521,0.11210,0.00440,0.00898,0.16023,0.01456,0.46446,0.00888,0.06156,0.04334,0.02842,0.00216,0.00424,0.11990,0.00254,0.00513,0.19142,0.01675,0.53277,0.01014,0.07275,0.01380,-56.45,5.574,-1,0.0000,-1.00,0.0000,0
102725,1790787899458,0.07915,0.09610,0.00496,0.10715,0.00716,0.01711,0.05975,0.01755,0.47984,0.00674,0.09590,0.02859,0.09084,0.00533,0.00453,0.10571,0.00455,0.00249,0.07048,0.02019,0.55401,0.00718,0.11441,0.02029,-56.59,5.758,-1,0.0000,-1.00,0.0000,0
102817,1790787899559,0.15034,0.04226,0.00481,0.15728,0.00550,0.02700,0.04901,0.19102,0.21946,0.00853,0.12246,0.02234,0.13449,0.00521,0.00386,0.15962,0.00300,0.00623,0.05766,0.22815,0.23132,0.00962,0.14550,0.01534,-56.57,2.633,-1,0.0000,-1.00,0.0000,0
102910,1790787899638,0.06327,0.04425,0.04236,0.24229,0.01110,0.07287,0.02496,0.06962,0.22468,0.04056,0.13460,0.02944,0.06041,0.01041,0.04137,0.26131,0.00725,0.07549,0.02766,0.07540,0.21724,0.04735,0.14632,0.02979,-56.30,2.907,-1,0.0000,-1.00,0.0000,0
103003,1790787899737,0.04891,0.02303,0.04196,0.23712,0.01510,0.11114,0.01200,0.14408,0.13501,0.06215,0.11238,0.05712,0.02589,0.00584,0.03571,0.26246,0.00495,0.12815,0.01322,0.16556,0.10974,0.07349,0.10926,0.06572,-56.20,2.845,-1,0.0000,-1.00,0.0000,0
103096,1790787899817,0.08469,0.02022,0.01132,0.12301,0.01002,0.04949,0.01195,0.37864,0.11049,0.02266,0.13539,0.04213,0.01185,0.00260,0.00829,0.11747,0.00254,0.05696,0.01377,0.45209,0.10910,0.02665,0.15094,0.04775,-55.99,4.544,-1,0.0000,-1.00,0.0000,0
103189,1790787899918,0.07072,0.02255,0.04856,0.09391,0.00542,0.05732,0.03445,0.31795,0.11894,0.09957,0.10472,0.02590,0.00990,0.00300,0.03461,0.09027,0.00194,0.06672,0.04069,0.37411,0.12462,0.11892,0.11225,0.02296,-56.18,3.815,-1,0.0000,-1.00,0.0000,0
103282,1790787900003,0.04931,0.03683,0.05778,0.10247,0.01113,0.08668,0.02084,0.24078,0.19284,0.08916,0.06272,0.04946,0.00400,0.00273,0.04815,0.11194,0.00259,0.10307,0.02443,0.27897,0.20885,0.10635,0.05472,0.05421,-57.06,2.889,-1,0.0000,-1.00,0.0000,0
103375,1790787900097,0.05012,0.03429,0.02736,0.10629,0.01032,0.19123,0.02438,0.22675,0.18217,0.02240,0.07953,0.04515,0.00706,0.00264,0.02756,0.11743,0.00277,0.22774,0.02859,0.26634,0.19497,0.02633,0.05014,0.04844,-56.59,2.721,-1,0.0000,-1.00,0.0000,0
103468,1790787900197,0.06678,0.01964,0.02849,0.12151,0.00445,0.17270,0.02704,0.32589,0.10635,0.01426,0.09049,0.02240,0.00345,0.00382,0.03080,0.13221,0.00126,0.20625,0.03161,0.38442,0.10123,0.01684,0.06754,0.02057,-55.97,3.911,-1,0.0000,-1.00,0.0000,0
103560,1790787900277,0.07907,0.02910,0.02902,0.10604,0.00956,0.05532,0.02025,0.37098,0.14075,0.07720,0.04738,0.03534,0.00728,0.00608,0.01659,0.11836,0.00396,0.06484,0.02306,0.44123,0.14519,0.09172,0.04392,0.03777,-56.07,4.452,-1,0.0000,-1.00,0.0000,0
103653,1790787900397,0.02971,0.07276,0.02596,0.14185,0.01348,0.01003,0.01791,0.10873,0.37888,0.09293,0.05284,0.05493,0.01013,0.00338,0.00918,0.15781,0.00392,0.01001,0.02077,0.12848,0.42271,0.11058,0.06133,0.06170,-56.60,4.547,-1,0.0000,-1.00,0.0000,0
103746,1790787900505,0.02739,0.04579,0.04481,0.32821,0.00974,0.02739,0.01657,0.07045,0.28311,0.04994,0.05630,0.04029,0.01785,0.00274,0.04190,0.38105,0.00291,0.02928,0.01905,0.07637,0.26352,0.05944,0.06165,0.04422,-57.35,3.938,-1,0.0000,-1.00,0.0000,0
103839,1790787900580,0.05141,0.04785,0.03011,0.30260,0.01378,0.05738,0.07727,0.05369,0.26548,0.02988,0.04049,0.03006,0.05113,0.00824,0.02949,0.35528,0.01299,0.05880,0.09094,0.05850,0.24768,0.03323,0.03686,0.01687,-56.75,3.631,-1,0.0000,-1.00,0.0000,0
103932,1790787900657,0.03238,0.05359,0.01143,0.28813,0.00501,0.02744,0.17512,0.02445,0.31912,0.01085,0.01396,0.03853,0.03339,0.00191,0.01131,0.34296,0.00507,0.02625,0.20924,0.02726,0.31432,0.01207,0.01153,0.00469,-55.83,3.829,-1,0.0000,-1.00,0.0000,0
104025,1790787900757,0.04380,0.04876,0.01575,0.30120,0.00774,0.01695,0.16576,0.02979,0.29562,0.01004,0.01857,0.04602,0.04654,0.00227,0.01673,0.35694,0.00623,0.01108,0.19816,0.03240,0.28347,0.01080,0.02005,0.01534,-56.15,3.614,-1,0.0000,-1.00,0.0000,0
104118,1790787900858,0.03021,0.03474,0.00633,0.39032,0.00432,0.02058,0.13367,0.02334,0.24727,0.01335,0.05414,0.04173,0.03122,0.00109,0.00447,0.45556,0.00169,0.01848,0.15986,0.02718,0.20598,0.01566,0.06121,0.01760,-55.77,4.684,-1,0.0000,-1.00,0.0000,0
104211,1790787900938,0.03949,0.04589,0.00464,0.32633,0.00455,0.01201,0.16980,0.02191,0.28916,0.00758,0.03539,0.04324,0.04226,0.00135,0.00388,0.38285,0.00317,0.00601,0.20314,0.02554,0.27059,0.00846,0.04121,0.01154,-55.33,3.916,-1,0.0000,-1.00,0.0000,0
104304,1790787901039,0.02334,0.02664,0.00469,0.41730,0.00262,0.01008,0.20359,0.00837,0.21700,0.00711,0.03477,0.04449,0.02553,0.00029,0.00401,0.49205,0.00215,0.00702,0.24379,0.00933,0.16248,0.00810,0.04027,0.00498,-55.56,5.008,-1,0.0000,-1.00,0.0000,0
104396,1790787901117,0.01391,0.02923,0.00326,0.34794,0.00448,0.00479,0.27765,0.01586,0.21115,0.00560,0.02389,0.06224,0.01299,0.00107,0.00269,0.41136,0.00365,0.00317,0.33242,0.01854,0.17131,0.00613,0.02800,0.00868,-55.68,4.175,-1,0.0000,-1.00,0.0000,0
104489,1790787901219,0.04453,0.02186,0.01687,0.35116,0.00352,0.03890,0.18571,0.01620,0.17632,0.07058,0.03458,0.03977,0.04964,0.00058,0.00352,0.41407,0.00168,0.03861,0.22238,0.01875,0.12919,0.08424,0.03378,0.00357,-55.95,4.214,-1,0.0000,-1.00,0.0000,0
104582,1790787901297,0.01929,0.04119,0.00797,0.23966,0.04390,0.08101,0.16095,0.01786,0.25601,0.02482,0.04791,0.05944,0.01902,0.00123,0.00375,0.27945,0.04605,0.09330,0.19261,0.02066,0.24274,0.02923,0.03891,0.03304,-56.50,3.072,-1,0.0000,-1.00,0.0000,0
104675,1790787901399,0.03062,0.03684,0.00525,0.22189,0.01666,0.14108,0.18428,0.01321,0.22365,0.01584,0.05207,0.05861,0.03367,0.00123,0.00310,0.25989,0.01471,0.16237,0.22053,0.01525,0.21646,0.01606,0.03021,0.02651,-57.41,2.684,-1,0.0000,-1.00,0.0000,0
104768,1790787901502,0.03807,0.01623,0.01508,0.34758,0.01369,0.05274,0.18900,0.01576,0.15074,0.06413,0.05064,0.04635,0.04140,0.00021,0.00337,0.40664,0.01359,0.05568,0.22637,0.01827,0.10002,0.07415,0.04964,0.01067,-57.46,4.171,-1,0.0000,-1.00,0.0000,0
104861,1790787901577,0.04221,0.03739,0.02175,0.30021,0.03846,0.08954,0.06959,0.03036,0.22756,0.07590,0.04716,0.01988,0.04335,0.00500,0.00978,0.35240,0.04460,0.09870,0.08239,0.03443,0.20281,0.08210,0.03694,0.00748,-57.28,3.603,-1,0.0000,-1.00,0.0000,0
104954,1790787901699,0.03576,0.05195,0.00625,0.32712,0.03432,0.04413,0.04561,0.02467,0.32245,0.03220,0.03801,0.03752,0.03787,0.00088,0.00120,0.38472,0.03454,0.04538,0.05436,0.02943,0.31011,0.03174,0.03655,0.03322,-57.63,3.925,-1,0.0000,-1.00,0.0000,0
105047,1790787901777,0.02483,0.08234,0.01284,0.23025,0.02523,0.02227,0.01473,0.03338,0.45493,0.03654,0.03917,0.02348,0.02217,0.00112,0.00771,0.26747,0.02535,0.02229,0.01731,0.03858,0.49209,0.03876,0.04251,0.02464,-58.01,5.459,-1,0.0000,-1.00,0.0000,0
105139,1790787901877,0.03443,0.02490,0.01795,0.44988,0.02662,0.02560,0.02921,0.02839,0.20898,0.06038,0.05218,0.04147,0.03483,0.00093,0.00809,0.52761,0.02342,0.02376,0.03482,0.03241,0.14582,0.06771,0.05781,0.04279,-57.96,5.399,-1,0.0000,-1.00,0.0000,0
105232,1790787901957,0.02409,0.05220,0.00696,0.36639,0.01285,0.02256,0.03563,0.01704,0.33803,0.02216,0.07661,0.02547,0.02188,0.00225,0.00324,0.42174,0.01064,0.02307,0.04223,0.01980,0.32015,0.02574,0.08723,0.02204,-57.28,4.397,-1,0.0000,-1.00,0.0000,0
105325,1790787902061,0.03631,0.04695,0.00631,0.42010,0.00833,0.01401,0.02035,0.03028,0.30566,0.02673,0.07013,0.01483,0.03646,0.00279,0.00150,0.48710,0.00741,0.00955,0.02373,0.03610,0.26970,0.03057,0.08214,0.01296,-57.37,5.041,-1,0.0000,-1.00,0.0000,0
105418,1790787902159,0.06300,0.05783,0.01134,0.32407,0.01021,0.01600,0.02111,0.03653,0.34899,0.03553,0.06276,0.01263,0.06689,0.00117,0.00546,0.37364,0.01019,0.00591,0.02437,0.04338,0.34364,0.04103,0.07403,0.01030,-57.85,4.188,-1,0.0000,-1.00,0.0000,0
105511,1790787902236,0.07153,0.07184,0.00807,0.24123,0.00768,0.01782,0.02017,0.04214,0.39426,0.02682,0.08353,0.01491,0.07557,0.00328,0.00356,0.26946,0.00658,0.00638,0.02348,0.04983,0.41900,0.03083,0.09882,0.01321,-56.83,4.731,-1,0.0000,-1.00,0.0000,0
105604,1790787902339,0.07397,0.03802,0.01157,0.22999,0.00967,0.01831,0.02032,0.05244,0.22403,0.04671,0.26368,0.01128,0.07603,0.00109,0.00311,0.21322,0.00987,0.00687,0.02400,0.06235,0.22596,0.05423,0.31459,0.00867,-56.44,3.164,-1,0.0000,-1.00,0.0000,0
105697,1790787902419,0.07244,0.07140,0.00806,0.20012,0.01453,0.01470,0.02900,0.05359,0.38666,0.02510,0.11192,0.01247,0.07424,0.00209,0.00431,0.21333,0.01580,0.00290,0.03434,0.06336,0.42103,0.02695,0.13353,0.00813,-57.23,4.640,-1,0.0000,-1.00,0.0000,0
105790,1790787902518,0.04331,0.04506,0.00309,0.37723,0.02510,0.01360,0.02648,0.04742,0.27869,0.01426,0.10901,0.01675,0.04068,0.00466,0.00128,0.42644,0.02731,0.00824,0.03080,0.05657,0.24884,0.01224,0.12898,0.01396,-57.61,4.527,-1,0.0000,-1.00,0.0000,0
105882,1790787902599,0.03776,0.04512,0.00559,0.42138,0.02083,0.00974,0.01291,0.03082,0.29714,0.01231,0.09874,0.00766,0.03837,0.00241,0.00471,0.48162,0.02378,0.00407,0.01499,0.03599,0.26057,0.01003,0.11750,0.00595,-56.74,5.057,-1,0.0000,-1.00,0.0000,0
105975,1790787902697,0.06584,0.06745,0.00484,0.31249,0.01945,0.01638,0.01356,0.02696,0.39157,0.01226,0.06153,0.00767,0.07223,0.00226,0.00376,0.36004,0.02204,0.00534,0.01522,0.03214,0.39782,0.01032,0.07266,0.00617,-56.63,4.699,-1,0.0000,-1.00,0.0000,0
106068,1790787902797,0.02899,0.06463,0.00355,0.34964,0.01281,0.00656,0.01813,0.02754,0.38328,0.00733,0.08711,0.01042,0.02907,0.00206,0.00305,0.39835,0.01379,0.00217,0.02114,0.03258,0.38029,0.00605,0.10395,0.00750,-57.16,4.599,-1,0.0000,-1.00,0.0000,0
106161,1790787902898,0.02800,0.05258,0.01560,0.39538,0.00741,0.00789,0.04606,0.01811,0.27131,0.00886,0.13091,0.01790,0.02991,0.01596,0.01685,0.44280,0.00668,0.00352,0.05203,0.01836,0.23731,0.00929,0.15617,0.01113,-57.47,4.745,-1,0.0000,-1.00,0.0000,0
106254,1790787903011,0.03527,0.03019,0.00876,0.33401,0.00789,0.12281,0.07876,0.01348,0.18290,0.02408,0.13186,0.03000,0.03920,0.00750,0.00496,0.37437,0.00597,0.13938,0.09262,0.01543,0.14465,0.02796,0.13037,0.01758,-57.45,4.008,-1,0.0000,-1.00,0.0000,0
106347,1790787903079,0.04657,0.05863,0.02048,0.30438,0.00923,0.03152,0.03362,0.03732,0.33112,0.01441,0.09040,0.02232,0.04812,0.00528,0.02140,0.34437,0.00722,0.02840,0.03828,0.04143,0.32850,0.01583,0.10269,0.01848,-56.79,3.973,-1,0.0000,-1.00,0.0000,0
106440,1790787903177,0.02272,0.05185,0.02915,0.32836,0.02610,0.00807,0.09426,0.02680,0.22531,0.01505,0.10165,0.07068,0.02211,0.02348,0.03204,0.36952,0.01866,0.00543,0.10830,0.02576,0.19647,0.01459,0.12072,0.06292,-56.41,3.940,-1,0.0000,-1.00,0.0000,0
106533,1790787903258,0.01403,0.03618,0.01565,0.44627,0.01626,0.01942,0.02637,0.03368,0.25632,0.01004,0.09105,0.03472,0.00984,0.00267,0.01685,0.51395,0.01253,0.02132,0.03107,0.03702,0.20519,0.00960,0.10488,0.03507,-56.08,5.355,-1,0.0000,-1.00,0.0000,0
106626,1790787903357,0.01279,0.04698,0.01864,0.46322,0.01594,0.00555,0.01414,0.01808,0.31056,0.00862,0.06755,0.01795,0.01162,0.00393,0.02090,0.53917,0.01547,0.00435,0.01614,0.01754,0.26524,0.00726,0.08007,0.01831,-56.54,5.559,-1,0.0000,-1.00,0.0000,0
106718,1790787903458,0.02676,0.07582,0.00621,0.31946,0.00794,0.00724,0.00882,0.01829,0.43506,0.01321,0.07074,0.01044,0.02789,0.00191,0.00459,0.36611,0.00743,0.00315,0.01013,0.02107,0.44869,0.01439,0.08414,0.01050,-57.17,5.221,-1,0.0000,-1.00,0.0000,0
106811,1790787903538,0.03662,0.06890,0.00733,0.34451,0.01342,0.00815,0.00701,0.03783,0.41001,0.01201,0.04175,0.01246,0.03506,0.00123,0.00643,0.40300,0.01347,0.00281,0.00809,0.04413,0.41124,0.01187,0.04947,0.01321,-57.45,4.920,-1,0.0000,-1.00,0.0000,0
106904,1790787903637,0.02320,0.05594,0.01027,0.44181,0.01462,0.01260,0.00699,0.02757,0.34539,0.01404,0.03630,0.01126,0.02190,0.00547,0.00956,0.52120,0.01518,0.01075,0.00729,0.03114,0.31054,0.01382,0.04137,0.01178,-58.18,5.302,-1,0.0000,-1.00,0.0000,0
106997,1790787903716,0.01770,0.08546,0.01163,0.23345,0.02097,0.01528,0.00904,0.03228,0.46510,0.01823,0.07675,0.01410,0.01311,0.00316,0.01047,0.26212,0.02219,0.01571,0.01020,0.03660,0.50528,0.01751,0.08885,0.01481,-58.15,5.581,-1,0.0000,-1.00,0.0000,0
107090,1790787903818,0.01592,0.10294,0.01471,0.20813,0.00887,0.01055,0.00841,0.01820,0.54546,0.01085,0.05020,0.00575,0.01533,0.00316,0.01541,0.23784,0.00964,0.00960,0.00939,0.01882,0.60634,0.01118,0.05825,0.00503,-58.12,6.545,-1,0.0000,-1.00,0.0000,0
107183,1790787903897,0.01937,0.05932,0.00533,0.37944,0.00304,0.01242,0.01224,0.02483,0.36551,0.01137,0.09743,0.00970,0.01734,0.00135,0.00375,0.43197,0.00191,0.01144,0.01440,0.02901,0.35234,0.01325,0.11448,0.00876,-57.09,4.553,-1,0.0000,-1.00,0.0000,0
107276,1790787903996,0.03049,0.08803,0.02544,0.29629,0.01593,0.02217,0.05047,0.04009,0.19554,0.03450,0.12659,0.07447,0.02789,0.07184,0.02241,0.32579,0.00322,0.02104,0.04623,0.04360,0.16972,0.04070,0.14751,0.08007,-56.17,3.556,-1,0.0000,-1.00,0.0000,0
107369,1790787904098,0.04212,0.20187,0.01548,0.13006,0.00798,0.01575,0.08763,0.05291,0.30309,0.01533,0.08874,0.03903,0.03850,0.17521,0.01502,0.13521,0.00301,0.01127,0.07027,0.06042,0.33637,0.01777,0.10410,0.03284,-55.80,3.637,-1,0.0000,-1.00,0.0000,0
107461,1790787904197,0.05155,0.24774,0.00970,0.12463,0.01117,0.02933,0.10585,0.02899,0.21333,0.01033,0.11618,0.05120,0.05525,0.25100,0.00934,0.12270,0.00425,0.02419,0.07707,0.03289,0.23130,0.01154,0.13442,0.04607,-55.34,2.973,-1,0.0000,-1.00,0.0000,0
107554,1790787904298,0.04669,0.21271,0.00982,0.10376,0.01131,0.01373,0.07422,0.05072,0.27923,0.01046,0.15977,0.02759,0.04413,0.19210,0.00962,0.08669,0.00859,0.00811,0.05085,0.05887,0.31739,0.01083,0.18984,0.02298,-55.76,3.351,-1,0.0000,-1.00,0.0000,0
107647,1790787904378,0.05012,0.12081,0.01328,0.19643,0.01469,0.02881,0.14973,0.01940,0.20675,0.01910,0.11879,0.06207,0.05591,0.10385,0.01172,0.20807,0.00910,0.02344,0.15882,0.02092,0.20640,0.02117,0.13769,0.04290,-56.08,2.481,-1,0.0000,-1.00,0.0000,0
107740,1790787904478,0.15210,0.06628,0.00719,0.21517,0.01574,0.03683,0.06302,0.02791,0.12582,0.01991,0.20242,0.06763,0.17578,0.05779,0.00410,0.21011,0.00531,0.00928,0.06405,0.03263,0.10911,0.02280,0.24070,0.06834,-55.55,2.582,-1,0.0000,-1.00,0.0000,0
107833,1790787904559,0.23475,0.07018,0.01314,0.19968,0.00492,0.06827,0.08573,0.02903,0.16280,0.02094,0.08745,0.02309,0.27472,0.05409,0.01089,0.21957,0.00400,0.02735,0.09092,0.03371,0.15139,0.02446,0.09937,0.00954,-55.29,2.817,-1,0.0000,-1.00,0.0000,0
107926,1790787904660,0.04835,0.34979,0.00804,0.15706,0.00383,0.04385,0.08821,0.03720,0.14393,0.02162,0.08298,0.01517,0.04928,0.39163,0.00458,0.17016,0.00208,0.04277,0.02806,0.04366,0.13872,0.02549,0.09095,0.01261,-55.57,4.197,-1,0.0000,-1.00,0.0000,0
108019,1790787904757,0.07635,0.26863,0.00880,0.15048,0.00813,0.10845,0.07302,0.02741,0.13957,0.02385,0.08502,0.03029,0.08518,0.29519,0.00502,0.16456,0.00369,0.11306,0.02897,0.03184,0.13462,0.02785,0.07947,0.03055,-56.34,3.224,-1,0.0000,-1.00,0.0000,0
108112,1790787904837,0.09936,0.28513,0.01667,0.15982,0.01135,0.07175,0.09476,0.02513,0.09517,0.01702,0.08944,0.03441,0.11368,0.32584,0.01622,0.17275,0.00729,0.06349,0.04874,0.02711,0.07979,0.01895,0.09458,0.03156,-56.28,3.422,-1,0.0000,-1.00,0.0000,0
108204,1790787904938,0.06152,0.24274,0.01604,0.05981,0.01917,0.11023,0.12759,0.05191,0.13710,0.01325,0.07000,0.09062,0.06184,0.26083,0.01629,0.05975,0.00542,0.11982,0.10118,0.05898,0.15243,0.01481,0.06013,0.08853,-55.58,2.913,-1,0.0000,-1.00,0.0000,0
108297,1790787905015,0.05286,0.33479,0.01020,0.07794,0.01665,0.02540,0.12874,0.02281,0.17057,0.01163,0.06428,0.08413,0.05778,0.36428,0.00956,0.07889,0.00287,0.01929,0.08205,0.02544,0.18869,0.01341,0.07320,0.08455,-55.67,4.017,-1,0.0000,-1.00,0.0000,0
108390,1790787905118,0.40621,0.13324,0.00268,0.05632,0.00934,0.09977,0.04500,0.01611,0.15285,0.00569,0.03105,0.04175,0.48295,0.12577,0.00196,0.06104,0.00242,0.02381,0.02898,0.01891,0.17105,0.00634,0.03248,0.04428,-55.88,4.874,-1,0.0000,-1.00,0.0000,0
108483,1790787905197,0.11689,0.21155,0.01140,0.03525,0.03281,0.06084,0.05363,0.03667,0.21313,0.01440,0.05939,0.15404,0.13129,0.20451,0.01038,0.02998,0.00366,0.04688,0.02372,0.04188,0.24944,0.01653,0.06187,0.17987,-56.20,2.558,-1,0.0000,-1.00,0.0000,0
108576,1790787905297,0.12856,0.15692,0.04094,0.05821,0.05165,0.04673,0.04309,0.05072,0.12480,0.01061,0.07775,0.21000,0.14384,0.16044,0.04703,0.05236,0.01262,0.02765,0.01977,0.05151,0.13917,0.01022,0.08769,0.24771,-56.55,2.520,-1,0.0000,-1.00,0.0000,0
108669,1790787905397,0.21844,0.18839,0.00388,0.05657,0.04444,0.05972,0.03902,0.05264,0.07185,0.01123,0.10343,0.15038,0.24934,0.21041,0.00257,0.04420,0.01475,0.02512,0.00504,0.06257,0.07733,0.01054,0.11896,0.17919,-56.60,2.621,-1,0.0000,-1.00,0.0000,0
108762,1790787905509,0.08657,0.18457,0.01207,0.04502,0.04507,0.06688,0.07294,0.05257,0.10126,0.01157,0.09606,0.22542,0.09183,0.19844,0.01179,0.03356,0.00238,0.06193,0.04806,0.06065,0.11463,0.01345,0.10283,0.26045,-56.85,2.705,-1,0.0000,-1.00,0.0000,0
108855,1790787905598,0.04207,0.24310,0.00811,0.04844,0.03813,0.08204,0.06249,0.06044,0.15669,0.02848,0.08452,0.14549,0.03506,0.25681,0.00343,0.04155,0.01207,0.09136,0.02387,0.07184,0.17951,0.03173,0.08316,0.16960,-56.72,2.917,-1,0.0000,-1.00,0.0000,0
108948,1790787905677,0.05345,0.20896,0.01483,0.04247,0.04945,0.06940,0.05359,0.01168,0.11271,0.00502,0.13698,0.24145,0.06144,0.22493,0.01668,0.02115,0.00248,0.07116,0.01962,0.01069,0.13086,0.00553,0.15003,0.28543,-55.30,2.897,-1,0.0000,-1.00,0.0000,0
109040,1790787905779,0.03118,0.16334,0.00516,0.01804,0.06561,0.04455,0.03309,0.00700,0.28379,0.00809,0.02674,0.31340,0.03559,0.12927,0.00444,0.01708,0.00473,0.04632,0.01401,0.00752,0.33665,0.00877,0.02286,0.37276,-55.63,3.761,-1,0.0000,-1.00,0.0000,0
109133,1790787905857,0.01600,0.21005,0.01997,0.03965,0.04789,0.03202,0.05103,0.00738,0.29080,0.00339,0.04091,0.24090,0.01750,0.18420,0.02316,0.03917,0.00090,0.03498,0.02070,0.00818,0.34068,0.00388,0.04209,0.28456,-56.16,3.490,-1,0.0000,-1.00,0.0000,0
109226,1790787905960,0.01650,0.21643,0.00588,0.06135,0.02079,0.04603,0.04122,0.00578,0.34665,0.02167,0.12245,0.09524,0.01764,0.17966,0.00201,0.04646,0.00283,0.05166,0.01378,0.00653,0.40613,0.02543,0.13648,0.11139,-55.83,4.160,-1,0.0000,-1.00,0.0000,0
109319,1790787906059,0.01401,0.16202,0.00244,0.07035,0.03722,0.08703,0.02437,0.01628,0.27904,0.00936,0.12039,0.17748,0.01177,0.13145,0.00080,0.05971,0.00258,0.10195,0.00315,0.01934,0.32248,0.01074,0.12405,0.21199,-56.43,3.348,-1,0.0000,-1.00,0.0000,0
109412,1790787906138,0.01591,0.17601,0.00529,0.08251,0.01378,0.08100,0.02937,0.01060,0.22574,0.01413,0.27893,0.06673,0.01666,0.15870,0.00301,0.03630,0.00080,0.09375,0.00372,0.01212,0.26330,0.01677,0.31564,0.07922,-57.00,3.347,-1,0.0000,-1.00,0.0000,0
109505,1790787906238,0.17851,0.11213,0.00909,0.03804,0.03562,0.08638,0.02342,0.02258,0.23959,0.00799,0.08694,0.15971,0.20889,0.07859,0.00913,0.02736,0.00523,0.06210,0.01242,0.02531,0.28131,0.00888,0.09186,0.18891,-57.20,2.875,-1,0.0000,-1.00,0.0000,0
109598,1790787906318,0.22043,0.06908,0.01058,0.05152,0.03369,0.10323,0.01237,0.02677,0.20865,0.01604,0.09516,0.15250,0.25812,0.03486,0.00904,0.04198,0.00445,0.07252,0.00791,0.03029,0.24169,0.01834,0.09964,0.18116,-57.17,2.645,-1,0.0000,-1.00,0.0000,0
109691,1790787906420,0.05721,0.14989,0.00353,0.05025,0.03210,0.17280,0.04316,0.03372,0.23640,0.01576,0.06206,0.14313,0.06016,0.12593,0.00070,0.05314,0.00551,0.19512,0.02666,0.04036,0.27273,0.01779,0.03568,0.16622,-57.32,2.837,-1,0.0000,-1.00,0.0000,0
109783,1790787906511,0.01968,0.39164,0.00231,0.04379,0.02930,0.06329,0.07758,0.00668,0.15212,0.00599,0.06159,0.14603,0.02201,0.43479,0.00137,0.04065,0.00068,0.07147,0.00675,0.00775,0.17418,0.00707,0.05963,0.17365,-55.68,4.700,-1,0.0000,-1.00,0.0000,0
109876,1790787906599,0.03511,0.39567,0.01568,0.06189,0.01387,0.08126,0.08256,0.01653,0.06873,0.01480,0.15365,0.06024,0.03887,0.45943,0.01535,0.04118,0.00265,0.08966,0.00777,0.01685,0.07403,0.01737,0.16634,0.07050,-55.39,4.748,-1,0.0000,-1.00,0.0000,0
109969,1790787906698,0.15153,0.29694,0.00328,0.08018,0.00896,0.11407,0.07145,0.10118,0.07627,0.01060,0.05782,0.02771,0.15698,0.34169,0.00160,0.08648,0.00486,0.10557,0.01787,0.12093,0.07425,0.01174,0.04836,0.02966,-56.55,3.563,-1,0.0000,-1.00,0.0000,0
110062,1790787906797,0.19460,0.15946,0.01966,0.12915,0.01901,0.10611,0.05758,0.07200,0.12898,0.01069,0.05429,0.04846,0.21692,0.16613,0.02151,0.14516,0.01269,0.08414,0.03606,0.08200,0.12578,0.01030,0.04837,0.05092,-56.69,2.335,-1,0.0000,-1.00,0.0000,0
110155,1790787906897,0.04540,0.12109,0.14970,0.12754,0.00652,0.07729,0.05036,0.06939,0.07543,0.01097,0.23404,0.03228,0.04454,0.13147,0.17682,0.10052,0.00146,0.08380,0.03428,0.04810,0.07040,0.01291,0.26382,0.03189,-55.18,2.808,-1,0.0000,-1.00,0.0000,0
110248,1790787906977,0.01818,0.08766,0.02136,0.30221,0.01604,0.06758,0.01942,0.04699,0.09205,0.00643,0.30752,0.01457,0.01069,0.09604,0.02418,0.29218,0.01592,0.07885,0.00423,0.05151,0.04978,0.00715,0.35285,0.01661,-55.11,3.690,-1,0.0000,-1.00,0.0000,0
110341,1790787907079,0.03446,0.13190,0.00373,0.09319,0.09333,0.08605,0.02427,0.10998,0.16841,0.02628,0.15647,0.07192,0.01525,0.12113,0.00196,0.07843,0.09494,0.10009,0.00507,0.13140,0.18625,0.01266,0.16765,0.08518,-55.56,2.021,-1,0.0000,-1.00,0.0000,0
110434,1790787907160,0.08217,0.04764,0.04651,0.12485,0.02099,0.22757,0.01473,0.06817,0.09691,0.03842,0.17291,0.05914,0.08418,0.03874,0.04704,0.11858,0.01150,0.25600,0.00997,0.07236,0.09251,0.04386,0.15644,0.06882,-55.12,2.731,-1,0.0000,-1.00,0.0000,0
110526,1790787907257,0.08605,0.07434,0.01243,0.20756,0.03374,0.15161,0.03370,0.05073,0.07853,0.03624,0.16651,0.06856,0.09106,0.07922,0.00723,0.21558,0.02511,0.16362,0.02467,0.05935,0.05120,0.03861,0.16709,0.07727,-55.92,2.491,-1,0.0000,-1.00,0.0000,0
110619,1790787907359,0.06644,0.07773,0.10530,0.31812,0.01400,0.07545,0.02999,0.08221,0.08071,0.03812,0.08466,0.02728,0.06453,0.08850,0.11750,0.36412,0.01102,0.07761,0.01840,0.07521,0.02430,0.04371,0.08606,0.02904,-55.43,3.817,-1,0.0000,-1.00,0.0000,0
110712,1790787907437,0.04455,0.02070,0.02120,0.45629,0.01745,0.02316,0.02037,0.03717,0.11337,0.02283,0.19738,0.02554,0.04568,0.01755,0.02059,0.50059,0.01572,0.01869,0.02081,0.04057,0.03660,0.02424,0.23280,0.02614,-55.21,5.475,-1,0.0000,-1.00,0.0000,0
110805,1790787907539,0.01636,0.00872,0.01176,0.49897,0.00619,0.00987,0.03955,0.03121,0.10790,0.00766,0.24335,0.01845,0.01264,0.00605,0.01246,0.54044,0.00485,0.00932,0.04602,0.03510,0.02216,0.00822,0.28975,0.01299,-55.67,5.988,-1,0.0000,-1.00,0.0000,0
110898,1790787907618,0.00402,0.00620,0.00251,0.61503,0.00386,0.00593,0.01394,0.00978,0.11830,0.00333,0.20659,0.01052,0.00275,0.00638,0.00232,0.68814,0.00277,0.00656,0.01544,0.01126,0.00533,0.00344,0.24624,0.00938,-55.00,7.380,-1,0.0000,-1.00,0.0000,0
110991,1790787907718,0.00596,0.00473,0.00236,0.61079,0.00495,0.00502,0.01039,0.00718,0.11931,0.00411,0.21013,0.01506,0.00549,0.00416,0.00196,0.68215,0.00281,0.00493,0.01163,0.00822,0.00774,0.00437,0.25081,0.01574,-55.42,7.329,-1,0.0000,-1.00,0.0000,0
111084,1790787907797,0.01107,0.02650,0.02029,0.47537,0.00527,0.01824,0.04620,0.02522,0.10920,0.02423,0.21876,0.01964,0.00801,0.02621,0.01867,0.51843,0.00362,0.02027,0.05017,0.02652,0.02794,0.02846,0.25811,0.01359,-56.12,5.704,-1,0.0000,-1.00,0.0000,0
111177,1790787907897,0.03201,0.13100,0.01112,0.23824,0.00766,0.01494,0.10369,0.01838,0.05688,0.00740,0.34089,0.03778,0.03400,0.15196,0.01172,0.20494,0.00391,0.01117,0.09412,0.01969,0.02752,0.00810,0.40626,0.02661,-56.55,4.091,-1,0.0000,-1.00,0.0000,0
111270,1790787908017,0.01534,0.04430,0.01730,0.28411,0.00644,0.00737,0.11958,0.02048,0.12493,0.04704,0.27345,0.03966,0.01379,0.03437,0.00968,0.27572,0.00366,0.00610,0.13647,0.02262,0.09494,0.05573,0.32645,0.02047,-57.11,3.409,-1,0.0000,-1.00,0.0000,0
111362,1790787908098,0.02357,0.03320,0.00823,0.28941,0.00728,0.01268,0.06596,0.02876,0.11335,0.02271,0.36364,0.03119,0.02176,0.02311,0.00464,0.26083,0.00428,0.01088,0.07445,0.03354,0.08412,0.02636,0.43358,0.02245,-56.64,4.364,-1,0.0000,-1.00,0.0000,0
111455,1790787908198,0.02805,0.02293,0.00831,0.31633,0.00494,0.01849,0.02234,0.02950,0.10679,0.00793,0.41672,0.01768,0.02566,0.01450,0.00818,0.28072,0.00268,0.01707,0.02389,0.03372,0.07232,0.00897,0.49595,0.01635,-56.46,5.001,-1,0.0000,-1.00,0.0000,0
111548,1790787908278,0.03939,0.01409,0.00836,0.24906,0.00431,0.01444,0.00777,0.03896,0.06097,0.01784,0.53273,0.01208,0.03816,0.00917,0.00588,0.17228,0.00253,0.00980,0.00741,0.04560,0.03887,0.02091,0.63640,0.01301,-56.83,6.393,-1,0.0000,-1.00,0.0000,0
111641,1790787908379,0.02459,0.03878,0.00813,0.23862,0.01522,0.12605,0.02591,0.03189,0.09628,0.02645,0.33438,0.03370,0.02204,0.03194,0.00390,0.21226,0.01120,0.14667,0.02469,0.03746,0.07329,0.02948,0.37159,0.03549,-56.93,4.013,-1,0.0000,-1.00,0.0000,0
111734,1790787908458,0.04849,0.03096,0.01425,0.21686,0.02966,0.01971,0.04902,0.07790,0.16682,0.02656,0.27824,0.04155,0.03988,0.00523,0.01186,0.19438,0.02792,0.01571,0.05734,0.09135,0.16133,0.02631,0.33028,0.03841,-56.43,3.339,-1,0.0000,-1.00,0.0000,0
111827,1790787908557,0.00902,0.03464,0.00587,0.32142,0.01532,0.01107,0.04543,0.02582,0.20236,0.01792,0.23920,0.07192,0.00485,0.00636,0.00291,0.32880,0.00338,0.01231,0.05317,0.03036,0.17727,0.02083,0.28418,0.07558,-56.81,3.857,-1,0.0000,-1.00,0.0000,0
111920,1790787908657,0.00918,0.03915,0.00414,0.42940,0.00390,0.00698,0.06564,0.02414,0.22266,0.00614,0.16877,0.01990,0.00554,0.01268,0.00362,0.47472,0.00297,0.00727,0.07609,0.02825,0.17266,0.00679,0.20079,0.00862,-56.88,5.153,-1,0.0000,-1.00,0.0000,0
112013,1790787908737,0.00885,0.02616,0.00550,0.50183,0.00355,0.00355,0.03613,0.02102,0.19777,0.01061,0.16639,0.01863,0.00577,0.00645,0.00413,0.56191,0.00147,0.00311,0.04197,0.02441,0.12558,0.01242,0.19876,0.01401,-56.04,6.022,-1,0.0000,-1.00,0.0000,0
112105,1790787908838,0.01837,0.02517,0.00764,0.49071,0.00979,0.00562,0.02543,0.06768,0.19114,0.01035,0.11693,0.03117,0.00618,0.00678,0.00691,0.56042,0.00546,0.00551,0.02900,0.07985,0.11794,0.01132,0.13902,0.03160,-57.03,5.888,-1,0.0000,-1.00,0.0000,0
112198,1790787908917,0.03639,0.02925,0.00639,0.32835,0.01570,0.01279,0.01389,0.08767,0.17346,0.01146,0.22545,0.05920,0.02304,0.00722,0.00514,0.34032,0.00528,0.01084,0.01514,0.10411,0.14038,0.01269,0.26799,0.06786,-58.14,3.940,-1,0.0000,-1.00,0.0000,0
112291,1790787909017,0.02743,0.03202,0.00498,0.38836,0.01207,0.00848,0.04095,0.05347,0.21071,0.01329,0.16685,0.04139,0.01983,0.00549,0.00306,0.42596,0.00652,0.00623,0.04786,0.06357,0.16804,0.01463,0.19869,0.04010,-57.61,4.660,-1,0.0000,-1.00,0.0000,0
112384,1790787909098,0.03143,0.05128,0.00639,0.23996,0.00837,0.00517,0.04273,0.10620,0.26563,0.00753,0.19354,0.04176,0.01211,0.00829,0.00595,0.24171,0.00204,0.00380,0.04895,0.12668,0.27037,0.00862,0.23116,0.04033,-57.62,3.188,-1,0.0000,-1.00,0.0000,0
112477,1790787909198,0.03012,0.04157,0.01127,0.20648,0.01388,0.00725,0.06391,0.06791,0.20689,0.01182,0.26590,0.07300,0.02027,0.00791,0.01078,0.18443,0.00222,0.00466,0.07443,0.07982,0.21135,0.01373,0.31768,0.07271,-58.34,3.191,-1,0.0000,-1.00,0.0000,0
112570,1790787909317,0.02190,0.05175,0.01543,0.30944,0.00922,0.01169,0.04134,0.07475,0.28857,0.01553,0.12052,0.03985,0.00854,0.00747,0.01493,0.34264,0.00347,0.01231,0.04805,0.08661,0.27785,0.01793,0.14198,0.03822,-58.16,3.713,-1,0.0000,-1.00,0.0000,0
112663,1790787909397,0.01762,0.02951,0.01062,0.44197,0.01092,0.00394,0.03164,0.04428,0.21660,0.01032,0.13846,0.04411,0.01106,0.00343,0.01043,0.49679,0.00408,0.00252,0.03709,0.05113,0.16106,0.01156,0.16541,0.04542,-56.77,5.304,-1,0.0000,-1.00,0.0000,0
112756,1790787909508,0.01323,0.01880,0.00825,0.42538,0.00708,0.00410,0.02421,0.04018,0.15419,0.00764,0.26855,0.02838,0.00663,0.00343,0.00819,0.44606,0.00286,0.00360,0.02832,0.04652,0.09633,0.00859,0.32108,0.02839,-56.88,5.105,-1,0.0000,-1.00,0.0000,0
112848,1790787909578,0.01067,0.02928,0.00394,0.45375,0.00600,0.00389,0.01673,0.02521,0.22624,0.00942,0.18863,0.02624,0.00685,0.00101,0.00255,0.49903,0.00171,0.00333,0.01972,0.02983,0.17216,0.01095,0.22536,0.02750,-57.73,5.445,-1,0.0000,-1.00,0.0000,0
112941,1790787909677,0.00747,0.02508,0.00592,0.46758,0.00533,0.00268,0.01965,0.02604,0.20199,0.00952,0.20613,0.02262,0.00282,0.00231,0.00490,0.51141,0.00186,0.00271,0.02309,0.03023,0.14065,0.01104,0.24646,0.02253,-57.71,5.611,-1,0.0000,-1.00,0.0000,0
113034,1790787909757,0.00760,0.03154,0.00535,0.42982,0.00566,0.00159,0.02160,0.02682,0.22541,0.01500,0.20133,0.02828,0.00284,0.00261,0.00289,0.46725,0.00106,0.00134,0.02531,0.03162,0.17747,0.01776,0.24097,0.02887,-57.36,5.158,-1,0.0000,-1.00,0.0000,0
113127,1790787909857,0.01041,0.03643,0.00381,0.45964,0.00408,0.00196,0.04972,0.03197,0.25875,0.00607,0.11245,0.02471,0.00473,0.00305,0.00316,0.52410,0.00134,0.00141,0.05890,0.03776,0.20607,0.00709,0.13446,0.01793,-57.09,5.516,-1,0.0000,-1.00,0.0000,0
113220,1790787909958,0.00969,0.02918,0.00224,0.57733,0.00357,0.00290,0.02329,0.01704,0.24662,0.00628,0.06696,0.01491,0.00750,0.00305,0.00126,0.67595,0.00181,0.00198,0.02725,0.02022,0.16148,0.00720,0.07984,0.01246,-57.60,6.928,-1,0.0000,-1.00,0.0000,0
113313,1790787910039,0.00796,0.01799,0.00465,0.60146,0.00403,0.00437,0.00851,0.02259,0.18318,0.00951,0.11800,0.01775,0.00425,0.00533,0.00335,0.69283,0.00097,0.00440,0.00911,0.02644,0.08212,0.01123,0.14052,0.01946,-57.99,7.217,-1,0.0000,-1.00,0.0000,0
113406,1790787910137,0.01709,0.01921,0.03004,0.42485,0.00994,0.13480,0.01882,0.02872,0.16544,0.02629,0.09356,0.03124,0.01380,0.00310,0.02996,0.49309,0.00505,0.15888,0.01671,0.03370,0.10049,0.03050,0.08061,0.03413,-57.15,5.098,-1,0.0000,-1.00,0.0000,0
113499,1790787910218,0.02121,0.01745,0.00847,0.54732,0.00559,0.01629,0.00717,0.08034,0.17929,0.01403,0.08195,0.02087,0.00645,0.00346,0.00690,0.63707,0.00205,0.01824,0.00772,0.09509,0.08855,0.01641,0.09458,0.02348,-56.58,6.568,-1,0.0000,-1.00,0.0000,0
113592,1790787910319,0.02004,0.02395,0.00712,0.49381,0.00321,0.00681,0.02041,0.02620,0.21226,0.00832,0.16298,0.01490,0.01748,0.00066,0.00660,0.55317,0.00128,0.00469,0.02425,0.03015,0.14468,0.00972,0.19435,0.01296,-57.09,5.926,-1,0.0000,-1.00,0.0000,0
113684,1790787910398,0.03226,0.04010,0.00708,0.42796,0.00348,0.01524,0.04184,0.02611,0.27494,0.01674,0.09388,0.02038,0.03277,0.00208,0.00456,0.49096,0.00132,0.01176,0.04973,0.03038,0.23211,0.01979,0.11016,0.01438,-57.41,5.136,-1,0.0000,-1.00,0.0000,0
113777,1790787910507,0.02710,0.03880,0.00613,0.45935,0.00399,0.00802,0.01863,0.01351,0.27500,0.01614,0.11760,0.01572,0.02906,0.00202,0.00358,0.52263,0.00190,0.00384,0.02173,0.01567,0.22592,0.01897,0.14015,0.01453,-56.94,5.512,-1,0.0000,-1.00,0.0000,0
113870,1790787910621,0.00895,0.06089,0.01256,0.33066,0.01124,0.00899,0.06400,0.01519,0.35463,0.04443,0.06605,0.02241,0.00735,0.00370,0.00493,0.38089,0.01102,0.00944,0.07596,0.01722,0.34942,0.05105,0.07727,0.01175,-56.54,4.256,-1,0.0000,-1.00,0.0000,0
113963,1790787910698,0.01249,0.05762,0.02112,0.27043,0.00760,0.01414,0.02016,0.01165,0.31992,0.07358,0.17148,0.01980,0.01206,0.00465,0.00804,0.28388,0.00531,0.01456,0.02312,0.01248,0.32707,0.08711,0.20259,0.01914,-56.08,3.839,-1,0.0000,-1.00,0.0000,0
114056,1790787910797,0.00517,0.06292,0.04160,0.16220,0.00887,0.03049,0.00750,0.01715,0.33543,0.03368,0.28009,0.01490,0.00353,0.00084,0.04209,0.12923,0.00739,0.03584,0.00757,0.01346,0.37611,0.03909,0.32851,0.01635,-56.27,4.025,-1,0.0000,-1.00,0.0000,0
114149,1790787910877,0.01221,0.02175,0.03407,0.36678,0.00469,0.03673,0.01633,0.02350,0.15080,0.03139,0.28599,0.01577,0.01036,0.00492,0.03345,0.37320,0.00260,0.04196,0.01859,0.02152,0.10662,0.03718,0.33437,0.01521,-56.28,4.401,-1,0.0000,-1.00,0.0000,0
114242,1790787910977,0.04874,0.05079,0.03159,0.30968,0.01622,0.02454,0.04030,0.04235,0.11868,0.01813,0.23253,0.06646,0.05017,0.04514,0.03373,0.31660,0.00529,0.01946,0.03934,0.04406,0.07930,0.02081,0.27477,0.07134,-55.25,3.716,-1,0.0000,-1.00,0.0000,0
114335,1790787911054,0.02711,0.09276,0.02952,0.25215,0.02559,0.01137,0.06210,0.02540,0.10971,0.01204,0.22539,0.12684,0.02659,0.09488,0.03261,0.24893,0.00249,0.00836,0.04983,0.02975,0.08211,0.01394,0.26842,0.14210,-54.85,3.026,-1,0.0000,-1.00,0.0000,0
114427,1790787911161,0.06681,0.09376,0.12898,0.18389,0.01623,0.01539,0.03206,0.05711,0.08058,0.03967,0.26125,0.02428,0.07140,0.10066,0.14569,0.15846,0.01448,0.00429,0.01846,0.03955,0.06511,0.04469,0.31219,0.02504,-55.00,3.135,-1,0.0000,-1.00,0.0000,0
114520,1790787911257,0.04531,0.01826,0.01775,0.33584,0.00589,0.01153,0.00814,0.03822,0.09103,0.01068,0.41118,0.00618,0.04550,0.01268,0.01894,0.30493,0.00587,0.00480,0.00707,0.04221,0.04855,0.01171,0.49174,0.00600,-55.54,4.934,-1,0.0000,-1.00,0.0000,0
114613,1790787911337,0.08213,0.02130,0.00979,0.38399,0.00795,0.01751,0.00816,0.08721,0.14483,0.00670,0.21636,0.01405,0.07812,0.00734,0.01028,0.40894,0.00653,0.00550,0.00832,0.10246,0.09184,0.00737,0.25817,0.01515,-55.30,4.608,-1,0.0000,-1.00,0.0000,0
114706,1790787911437,0.05498,0.01349,0.01022,0.36658,0.00379,0.01031,0.00856,0.05052,0.09823,0.00351,0.37211,0.00771,0.05425,0.00670,0.01153,0.35092,0.00306,0.00160,0.00892,0.05825,0.04813,0.00360,0.44556,0.00747,-54.84,4.465,-1,0.0000,-1.00,0.0000,0
114799,1790787911522,0.04604,0.02206,0.00828,0.47567,0.00195,0.00928,0.01158,0.05488,0.12358,0.00444,0.23627,0.00598,0.04245,0.01733,0.00892,0.51395,0.00130,0.00273,0.01044,0.06399,0.04619,0.00506,0.28256,0.00508,-55.04,5.708,-1,0.0000,-1.00,0.0000,0
114892,1790787911618,0.04556,0.01366,0.06098,0.22851,0.00475,0.01082,0.02835,0.07018,0.04984,0.04964,0.42683,0.01089,0.04033,0.01132,0.06145,0.17261,0.00435,0.00497,0.03173,0.07191,0.02550,0.05862,0.51046,0.00676,-55.02,5.122,-1,0.0000,-1.00,0.0000,0
114985,1790787911697,0.04734,0.01601,0.05001,0.18105,0.01435,0.01352,0.02794,0.10447,0.07127,0.11251,0.34414,0.01741,0.03355,0.00758,0.03376,0.13557,0.01437,0.00955,0.03089,0.11957,0.05850,0.13198,0.41047,0.01421,-55.90,4.130,-1,0.0000,-1.00,0.0000,0
115078,1790787911798,0.05228,0.01783,0.03274,0.23981,0.01893,0.02501,0.06185,0.11159,0.11763,0.05062,0.23555,0.03617,0.03723,0.00255,0.02787,0.23228,0.01698,0.02259,0.07361,0.12818,0.09491,0.05729,0.27777,0.02874,-56.09,2.878,-1,0.0000,-1.00,0.0000,0
115170,1790787911921,0.04353,0.02450,0.00812,0.26551,0.01029,0.06178,0.04948,0.16279,0.13832,0.02169,0.18459,0.02939,0.01369,0.00740,0.00488,0.27710,0.00762,0.07131,0.05782,0.19409,0.11081,0.02448,0.20705,0.02375,-55.20,3.186,-1,0.0000,-1.00,0.0000,0
115263,1790787912007,0.07192,0.01746,0.00252,0.28535,0.00663,0.00769,0.02526,0.31085,0.11749,0.00602,0.13718,0.01161,0.01237,0.00525,0.00177,0.30961,0.00626,0.00683,0.02905,0.37231,0.07909,0.00629,0.16302,0.00816,-55.21,3.730,-1,0.0000,-1.00,0.0000,0
115356,1790787912098,0.03079,0.01374,0.01623,0.47430,0.00446,0.00511,0.02666,0.09249,0.14313,0.00915,0.17292,0.01103,0.01557,0.00319,0.01742,0.52737,0.00394,0.00304,0.03108,0.10760,0.06696,0.01018,0.20660,0.00705,-55.80,5.692,-1,0.0000,-1.00,0.0000,0
115449,1790787912178,0.06507,0.02630,0.03126,0.28393,0.01404,0.01191,0.06157,0.11713,0.16315,0.00816,0.19179,0.02570,0.05127,0.00461,0.03605,0.29482,0.01358,0.00411,0.07272,0.13334,0.13705,0.00708,0.22899,0.01638,-56.53,3.407,-1,0.0000,-1.00,0.0000,0
115542,1790787912278,0.04715,0.03941,0.02084,0.22454,0.00823,0.00879,0.07562,0.13827,0.17112,0.01572,0.22386,0.02645,0.02481,0.01523,0.02151,0.21610,0.00705,0.00568,0.08749,0.16152,0.16221,0.01744,0.26711,0.01385,-57.24,2.695,-1,0.0000,-1.00,0.0000,0
115635,1790787912358,0.05745,0.04645,0.01360,0.19791,0.01002,0.01907,0.03786,0.07197,0.22791,0.02881,0.26860,0.02035,0.05184,0.00836,0.00980,0.17383,0.00884,0.01258,0.04222,0.08578,0.23863,0.03277,0.31935,0.01601,-57.00,3.223,-1,0.0000,-1.00,0.0000,0
115728,1790787912458,0.04997,0.03071,0.01021,0.32697,0.00756,0.01455,0.01964,0.04061,0.19410,0.02326,0.26514,0.01730,0.05016,0.00377,0.00690,0.32910,0.00577,0.00752,0.02161,0.04846,0.16717,0.02690,0.31620,0.01644,-56.40,3.924,-1,0.0000,-1.00,0.0000,0
115821,1790787912558,0.10055,0.04199,0.00610,0.30203,0.01602,0.02272,0.02312,0.02798,0.26320,0.01364,0.11704,0.06560,0.11370,0.00122,0.00417,0.33429,0.00467,0.00469,0.02700,0.03317,0.24871,0.01581,0.13932,0.07325,-56.33,3.624,-1,0.0000,-1.00,0.0000,0
115914,1790787912638,0.23036,0.02316,0.00132,0.40111,0.00322,0.04757,0.01788,0.02444,0.18952,0.00406,0.04711,0.01027,0.27025,0.00120,0.00069,0.46957,0.00225,0.00343,0.02118,0.02915,0.13392,0.00449,0.05577,0.00810,-55.44,4.813,-1,0.0000,-1.00,0.0000,0
116006,1790787912738,0.19384,0.02834,0.02615,0.36819,0.00586,0.04286,0.02765,0.02992,0.19857,0.00712,0.05987,0.01163,0.22518,0.00360,0.02984,0.42723,0.00531,0.00672,0.02660,0.03575,0.15317,0.00754,0.07040,0.00866,-55.53,4.418,-1,0.0000,-1.00,0.0000,0
116099,1790787912817,0.30731,0.01783,0.00232,0.36854,0.00530,0.06713,0.01992,0.01732,0.11510,0.00390,0.06258,0.01274,0.36416,0.01081,0.00201,0.42706,0.00416,0.00825,0.02152,0.02056,0.05326,0.00385,0.07335,0.01100,-56.52,4.422,-1,0.0000,-1.00,0.0000,0
116192,1790787912919,0.28930,0.02255,0.02501,0.33643,0.00615,0.06032,0.02587,0.02035,0.14908,0.00667,0.02817,0.03009,0.34278,0.00719,0.02844,0.39660,0.00136,0.00433,0.02878,0.01955,0.10001,0.00772,0.03290,0.03035,-56.59,4.037,-1,0.0000,-1.00,0.0000,0
116285,1790787913006,0.09671,0.03391,0.00341,0.36642,0.00584,0.02310,0.01497,0.01602,0.19582,0.00825,0.20988,0.02567,0.11223,0.00948,0.00219,0.38942,0.00156,0.00543,0.01606,0.01877,0.15745,0.00957,0.25041,0.02744,-56.17,4.397,-1,0.0000,-1.00,0.0000,0
116378,1790787913099,0.11770,0.02711,0.07426,0.22003,0.00827,0.02875,0.01751,0.03921,0.13967,0.01951,0.28526,0.02271,0.13501,0.00702,0.08456,0.19619,0.00528,0.00769,0.01941,0.03040,0.12847,0.02233,0.34029,0.02337,-56.59,3.423,-1,0.0000,-1.00,0.0000,0
116471,1790787913217,0.05080,0.03991,0.00874,0.34805,0.00542,0.01651,0.02978,0.02472,0.23972,0.03993,0.17454,0.02188,0.05503,0.00566,0.00109,0.37593,0.00265,0.00887,0.03455,0.02943,0.21272,0.04732,0.20739,0.01937,-57.73,4.177,-1,0.0000,-1.00,0.0000,0
116564,1790787913298,0.05937,0.03041,0.01784,0.24491,0.01266,0.02143,0.02220,0.02990,0.16760,0.03165,0.32242,0.03960,0.06473,0.00518,0.01412,0.21738,0.00680,0.01285,0.02557,0.03303,0.15768,0.03663,0.38379,0.04224,-57.56,3.869,-1,0.0000,-1.00,0.0000,0
116657,1790787913398,0.04209,0.02868,0.02271,0.36679,0.00878,0.01888,0.01996,0.03004,0.19856,0.01870,0.21018,0.03464,0.04420,0.00254,0.02289,0.39012,0.00321,0.01386,0.02341,0.03145,0.16053,0.02183,0.24909,0.03687,-56.88,4.401,-1,0.0000,-1.00,0.0000,0
116749,1790787913505,0.04260,0.04958,0.00804,0.37596,0.00636,0.01138,0.01708,0.04871,0.31614,0.01558,0.08542,0.02315,0.03971,0.00123,0.00604,0.43042,0.00278,0.00591,0.02023,0.05716,0.29349,0.01812,0.10119,0.02373,-56.19,4.511,-1,0.0000,-1.00,0.0000,0
116842,1790787913579,0.03847,0.03893,0.01385,0.35977,0.01590,0.10377,0.02891,0.03638,0.19530,0.05239,0.08875,0.02757,0.03764,0.01655,0.00470,0.41461,0.01373,0.11687,0.03137,0.04266,0.15183,0.06005,0.08317,0.02682,-56.52,4.317,-1,0.0000,-1.00,0.0000,0
116935,1790787913658,0.06624,0.03654,0.00596,0.35440,0.01535,0.04837,0.03596,0.10973,0.20450,0.02167,0.06657,0.03471,0.05340,0.01135,0.00246,0.41070,0.01175,0.04737,0.04079,0.13105,0.16362,0.02363,0.07038,0.03351,-57.21,4.253,-1,0.0000,-1.00,0.0000,0
117028,1790787913758,0.09809,0.03609,0.00689,0.35438,0.01542,0.02271,0.05696,0.04910,0.19868,0.02067,0.11290,0.02810,0.10613,0.01187,0.00388,0.39807,0.01424,0.00638,0.06572,0.05824,0.15902,0.02207,0.13402,0.02035,-57.04,4.253,-1,0.0000,-1.00,0.0000,0
117121,1790787913858,0.06308,0.04206,0.13164,0.25308,0.00541,0.01234,0.04112,0.08632,0.23594,0.01467,0.09379,0.02055,0.06110,0.00540,0.15438,0.28108,0.00349,0.00268,0.04798,0.07305,0.22695,0.01693,0.11186,0.01511,-56.71,3.037,-1,0.0000,-1.00,0.0000,0
117214,1790787913937,0.12855,0.02802,0.01510,0.35990,0.00615,0.02769,0.03919,0.09088,0.19591,0.00972,0.08113,0.01774,0.13216,0.00414,0.01598,0.41226,0.00485,0.00710,0.04605,0.10581,0.15303,0.01069,0.09581,0.01213,-56.65,4.319,-1,0.0000,-1.00,0.0000,0
117307,1790787914040,0.11657,0.02887,0.00634,0.42188,0.00642,0.02410,0.02338,0.06782,0.20755,0.01078,0.06424,0.02205,0.12351,0.00482,0.00517,0.49042,0.00343,0.00449,0.02672,0.08058,0.15148,0.01223,0.07609,0.02106,-57.28,5.063,-1,0.0000,-1.00,0.0000,0
117400,1790787914117,0.06996,0.02863,0.01454,0.39600,0.00581,0.01413,0.01756,0.09895,0.17745,0.05236,0.10810,0.01650,0.06053,0.00981,0.00513,0.44903,0.00358,0.00515,0.01910,0.11755,0.12361,0.06203,0.12851,0.01599,-57.22,4.752,-1,0.0000,-1.00,0.0000,0
117492,1790787914217,0.08081,0.03735,0.02169,0.31809,0.01531,0.02273,0.02804,0.06226,0.18479,0.05428,0.11786,0.05679,0.07991,0.01740,0.01334,0.35360,0.00604,0.01140,0.03015,0.07195,0.15133,0.06384,0.13897,0.06207,-57.19,3.817,-1,0.0000,-1.00,0.0000,0
117585,1790787914298,0.06071,0.12815,0.01547,0.24832,0.01454,0.03828,0.03414,0.05654,0.20264,0.03688,0.11546,0.04886,0.05971,0.11609,0.01004,0.27146,0.00652,0.03403,0.01789,0.06576,0.18900,0.04289,0.13161,0.05500,-57.75,2.980,-1,0.0000,-1.00,0.0000,0
117678,1790787914417,0.08622,0.09212,0.03196,0.17280,0.03766,0.03361,0.05977,0.08234,0.16019,0.06118,0.08600,0.09615,0.08473,0.07970,0.02472,0.18755,0.02448,0.02347,0.05582,0.09376,0.15476,0.06846,0.09840,0.10415,-57.16,2.074,-1,0.0000,-1.00,0.0000,0
117771,1790787914520,0.05924,0.19065,0.02647,0.12144,0.02221,0.04247,0.04472,0.04830,0.26016,0.01855,0.07122,0.09459,0.05993,0.17232,0.02750,0.13013,0.00488,0.03901,0.01894,0.05291,0.28593,0.02126,0.07760,0.10958,-56.53,3.122,-1,0.0000,-1.00,0.0000,0
117864,1790787914598,0.04163,0.26607,0.01971,0.10164,0.01691,0.04754,0.05381,0.03589,0.19929,0.06333,0.08448,0.06969,0.04166,0.27558,0.00870,0.10364,0.00409,0.04870,0.00968,0.04145,0.21811,0.07522,0.09157,0.08159,-56.78,3.193,-1,0.0000,-1.00,0.0000,0
117957,1790787914696,0.02474,0.18942,0.01576,0.15590,0.02356,0.02580,0.04517,0.04909,0.10209,0.02718,0.23596,0.10533,0.01838,0.20802,0.01254,0.13183,0.00372,0.02727,0.01288,0.05633,0.09607,0.03196,0.27733,0.12365,-57.12,2.832,-1,0.0000,-1.00,0.0000,0
118050,1790787914775,0.02473,0.11260,0.00720,0.22388,0.02420,0.06404,0.02587,0.06668,0.16742,0.01668,0.15482,0.11188,0.01423,0.10465,0.00475,0.23439,0.00293,0.07391,0.01024,0.07897,0.15401,0.01954,0.17086,0.13151,-57.52,2.687,-1,0.0000,-1.00,0.0000,0
118143,1790787914872,0.02877,0.04747,0.02581,0.25245,0.02467,0.06799,0.02769,0.04730,0.22336,0.03236,0.10708,0.11505,0.02345,0.01483,0.02337,0.28008,0.00328,0.07682,0.02665,0.05563,0.21212,0.03812,0.11308,0.13257,-57.58,3.029,-1,0.0000,-1.00,0.0000,0
118236,1790787914956,0.00807,0.20902,0.00440,0.16409,0.02081,0.08053,0.03526,0.01696,0.27842,0.01659,0.07211,0.09373,0.00581,0.19158,0.00141,0.18325,0.00272,0.09549,0.00425,0.02007,0.29714,0.01950,0.06747,0.11132,-56.98,3.341,-1,0.0000,-1.00,0.0000,0
118328,1790787915055,0.01699,0.21154,0.00752,0.18946,0.01502,0.03841,0.03579,0.02587,0.32186,0.02246,0.04722,0.06787,0.01453,0.18560,0.00373,0.21749,0.00214,0.04315,0.00597,0.03038,0.34239,0.02664,0.04803,0.07996,-56.85,3.862,-1,0.0000,-1.00,0.0000,0
118421,1790787915156,0.03574,0.08281,0.05479,0.18038,0.02155,0.02824,0.01798,0.03605,0.17105,0.02697,0.24499,0.09944,0.03629,0.06496,0.05934,0.15900,0.00250,0.02664,0.00766,0.03244,0.17344,0.03183,0.28827,0.11764,-56.57,2.940,-1,0.0000,-1.00,0.0000,0
118514,1790787915235,0.01362,0.06560,0.01409,0.20421,0.01118,0.05594,0.02388,0.02208,0.07896,0.01677,0.44520,0.04848,0.01114,0.06551,0.01299,0.14150,0.00223,0.06501,0.01388,0.02562,0.06656,0.01965,0.52056,0.05534,-56.14,5.342,-1,0.0000,-1.00,0.0000,0
118607,1790787915337,0.01505,0.06376,0.01088,0.11748,0.01062,0.12218,0.07899,0.01723,0.12294,0.04040,0.35890,0.04158,0.01426,0.04960,0.00368,0.06115,0.00622,0.14357,0.08482,0.01991,0.13519,0.04717,0.40159,0.03282,-56.10,4.307,-1,0.0000,-1.00,0.0000,0
118700,1790787915416,0.03384,0.06349,0.00606,0.16068,0.01249,0.04828,0.02546,0.01512,0.20256,0.01453,0.37608,0.04140,0.03729,0.03209,0.00404,0.10519,0.00601,0.05057,0.02411,0.01735,0.22187,0.01621,0.44061,0.04464,-56.67,4.513,-1,0.0000,-1.00,0.0000,0
118793,1790787915519,0.08661,0.06809,0.02110,0.21174,0.01112,0.05218,0.01506,0.07214,0.18094,0.07036,0.18633,0.02433,0.08451,0.04973,0.00885,0.21126,0.00786,0.04585,0.00752,0.08535,0.17483,0.08285,0.21419,0.02720,-56.55,2.541,-1,0.0000,-1.00,0.0000,0
118886,1790787915599,0.02647,0.08267,0.07307,0.13861,0.00689,0.21801,0.01943,0.03427,0.16885,0.01030,0.19961,0.02182,0.02692,0.06401,0.08524,0.12874,0.00335,0.25604,0.01059,0.02417,0.17681,0.01167,0.18842,0.02405,-55.94,2.616,-1,0.0000,-1.00,0.0000,0
118979,1790787915718,0.00879,0.05146,0.05764,0.08033,0.00960,0.35737,0.01768,0.01783,0.10997,0.01605,0.24347,0.02983,0.00879,0.03779,0.06545,0.05519,0.00482,0.42660,0.01369,0.00839,0.12082,0.01827,0.20717,0.03303,-56.02,4.288,-1,0.0000,-1.00,0.0000,0
119071,1790787915818,0.04525,0.06449,0.04015,0.09844,0.08310,0.20204,0.04102,0.07647,0.12208,0.04114,0.12401,0.06181,0.03770,0.05211,0.04173,0.09772,0.08642,0.23462,0.03882,0.08336,0.12691,0.03216,0.10208,0.06637,-56.39,2.424,-1,0.0000,-1.00,0.0000,0
119164,1790787915898,0.11305,0.06507,0.01697,0.12176,0.07540,0.16330,0.01914,0.12876,0.10998,0.02954,0.11632,0.04070,0.10547,0.05677,0.01645,0.12519,0.07972,0.17618,0.01141,0.15130,0.10697,0.01960,0.10445,0.04651,-57.08,1.960,-1,0.0000,-1.00,0.0000,0
119257,1790787916002,0.37177,0.03420,0.01636,0.07668,0.03824,0.14283,0.01522,0.03421,0.12357,0.02651,0.08618,0.03424,0.43793,0.01457,0.01481,0.07472,0.03830,0.08433,0.01535,0.03805,0.13325,0.02417,0.08654,0.03799,-56.68,4.461,-1,0.0000,-1.00,0.0000,0
119350,1790787916079,0.60629,0.01400,0.00412,0.07915,0.01659,0.15235,0.00856,0.00835,0.05671,0.00868,0.03350,0.01171,0.72421,0.00743,0.00330,0.08841,0.01743,0.03898,0.00866,0.00947,0.04910,0.00826,0.03242,0.01231,-55.35,7.275,-1,0.0000,-1.00,0.0000,0
119443,1790787916180,0.65076,0.00684,0.00434,0.07473,0.00482,0.15688,0.00389,0.01464,0.03114,0.01141,0.02554,0.01501,0.77616,0.00436,0.00258,0.08482,0.00235,0.03412,0.00378,0.01705,0.02049,0.01321,0.02384,0.01723,-55.39,7.809,-1,0.0000,-1.00,0.0000,0
119536,1790787916258,0.49663,0.03115,0.03055,0.04835,0.01012,0.12556,0.01478,0.07467,0.04261,0.01756,0.07825,0.02976,0.57853,0.02880,0.03265,0.04075,0.00551,0.03576,0.01151,0.08350,0.04298,0.01995,0.08668,0.03337,-56.43,5.960,-1,0.0000,-1.00,0.0000,0
119629,1790787916357,0.58419,0.04786,0.00754,0.05660,0.00816,0.13161,0.01272,0.03319,0.05388,0.00940,0.03042,0.02443,0.69248,0.04701,0.00693,0.06140,0.00422,0.02043,0.00593,0.03839,0.05216,0.01065,0.03240,0.02800,-56.99,7.010,-1,0.0000,-1.00,0.0000,0
119722,1790787916459,0.30965,0.06073,0.00858,0.13826,0.04520,0.08150,0.01397,0.04101,0.05342,0.00812,0.03039,0.20917,0.36162,0.06635,0.00853,0.15948,0.00461,0.02597,0.00354,0.04749,0.03240,0.00882,0.03126,0.24994,-57.11,3.716,-1,0.0000,-1.00,0.0000,0
119814,1790787916544,0.50664,0.04465,0.00383,0.18686,0.00949,0.11774,0.01246,0.01390,0.06095,0.00573,0.02754,0.01020,0.60374,0.04781,0.00335,0.21844,0.00306,0.02751,0.00545,0.01600,0.02973,0.00626,0.02755,0.01110,-57.05,6.080,-1,0.0000,-1.00,0.0000,0
119907,1790787916639,0.70321,0.02447,0.00190,0.03559,0.00491,0.15948,0.00606,0.01570,0.01417,0.00198,0.02298,0.00954,0.83896,0.02745,0.00196,0.03815,0.00369,0.02478,0.00181,0.01842,0.00942,0.00164,0.02263,0.01108,-56.67,8.439,-1,0.0000,-1.00,0.0000,0
120000,1790787916717,0.69613,0.01900,0.00320,0.05030,0.00538,0.14764,0.00620,0.01264,0.01961,0.00581,0.01877,0.01532,0.83123,0.02031,0.00257,0.05629,0.00294,0.01213,0.00340,0.01463,0.01234,0.00638,0.02009,0.01769,-56.09,8.354,-1,0.0000,-1.00,0.0000,0
120093,1790787916818,0.42024,0.04577,0.00534,0.10511,0.01825,0.09949,0.01237,0.01495,0.07153,0.00580,0.11966,0.08150,0.50020,0.04171,0.00514,0.09831,0.00277,0.02005,0.00655,0.01690,0.06622,0.00640,0.13941,0.09635,-56.47,5.043,-1,0.0000,-1.00,0.0000,0
120186,1790787916898,0.16388,0.07103,0.00686,0.18140,0.00787,0.05951,0.01772,0.00978,0.08607,0.00344,0.36417,0.02827,0.19427,0.06990,0.00750,0.13217,0.00237,0.03343,0.00724,0.01037,0.07691,0.00366,0.42974,0.03244,-57.42,4.370,-1,0.0000,-1.00,0.0000,0
120279,1790787917024,0.21655,0.05071,0.03539,0.15851,0.01798,0.06990,0.04744,0.03519,0.09269,0.02795,0.20989,0.03779,0.25259,0.04436,0.03618,0.14150,0.01188,0.03628,0.04480,0.03824,0.08275,0.03140,0.24430,0.03571,-57.53,2.599,-1,0.0000,-1.00,0.0000,0
120372,1790787917119,0.05553,0.04996,0.04986,0.17113,0.02906,0.11429,0.02093,0.08807,0.19059,0.04068,0.16728,0.02262,0.04718,0.02133,0.05123,0.17034,0.03018,0.12759,0.01853,0.09770,0.19438,0.04299,0.17515,0.02343,-56.73,2.287,-1,0.0000,-1.00,0.0000,0
120465,1790787917198,0.09812,0.05595,0.04821,0.32746,0.02632,0.03758,0.01575,0.06064,0.16101,0.02267,0.13394,0.01233,0.10524,0.04303,0.05353,0.36151,0.02902,0.02417,0.01034,0.06206,0.12126,0.02141,0.15571,0.01272,-56.50,3.930,-1,0.0000,-1.00,0.0000,0
120558,1790787917297,0.06646,0.06493,0.01889,0.39922,0.02314,0.02056,0.02040,0.08258,0.11827,0.03659,0.13288,0.01608,0.05929,0.06836,0.01490,0.44731,0.02417,0.01300,0.00966,0.09723,0.05304,0.03905,0.15665,0.01735,-57.03,4.791,-1,0.0000,-1.00,0.0000,0
120650,1790787917377,0.08405,0.08099,0.02923,0.25773,0.02762,0.04875,0.02274,0.07877,0.15453,0.07526,0.08965,0.05065,0.08143,0.07281,0.01800,0.28919,0.02154,0.04228,0.01198,0.09166,0.12784,0.08591,0.09904,0.05832,-57.14,3.093,-1,0.0000,-1.00,0.0000,0
120743,1790787917501,0.08479,0.07218,0.02023,0.14480,0.02792,0.02565,0.01112,0.08854,0.25169,0.03877,0.19605,0.03826,0.08064,0.03227,0.01600,0.12751,0.02463,0.01475,0.00693,0.10291,0.27630,0.04158,0.23199,0.04447,-56.38,3.020,-1,0.0000,-1.00,0.0000,0
120836,1790787917558,0.28193,0.02989,0.00944,0.19164,0.02032,0.06840,0.00514,0.03365,0.16048,0.01749,0.16546,0.01616,0.33031,0.00526,0.00794,0.19098,0.02075,0.01648,0.00499,0.03886,0.15427,0.01701,0.19499,0.01814,-55.49,3.383,-1,0.0000,-1.00,0.0000,0
120929,1790787917657,0.03474,0.28078,0.00583,0.18572,0.01959,0.02598,0.05745,0.03124,0.12752,0.01568,0.18821,0.02725,0.03436,0.31319,0.00392,0.17879,0.01713,0.02446,0.00675,0.03666,0.11731,0.01544,0.22067,0.03132,-55.16,3.369,-1,0.0000,-1.00,0.0000,0
121022,1790787917759,0.03130,0.40693,0.02718,0.07060,0.01127,0.03330,0.08155,0.03319,0.10172,0.02011,0.15914,0.02372,0.03088,0.46533,0.02811,0.04813,0.00812,0.03378,0.00547,0.03420,0.11234,0.02248,0.18399,0.02718,-54.87,4.883,-1,0.0000,-1.00,0.0000,0
121115,1790787917838,0.01320,0.53688,0.06053,0.05138,0.01140,0.03024,0.11054,0.03579,0.04234,0.00839,0.08354,0.01577,0.01014,0.63494,0.07093,0.04307,0.01018,0.03422,0.00659,0.02882,0.04220,0.00804,0.09331,0.01757,-54.79,6.443,-1,0.0000,-1.00,0.0000,0
121208,1790787917938,0.02218,0.23447,0.03329,0.06796,0.04686,0.02356,0.13201,0.02168,0.11363,0.03793,0.16910,0.09733,0.02270,0.25562,0.03234,0.04220,0.03725,0.02372,0.10750,0.01957,0.12779,0.03806,0.19792,0.09532,-55.70,2.814,-1,0.0000,-1.00,0.0000,0
121301,1790787918018,0.04288,0.15533,0.07637,0.08590,0.02811,0.04737,0.07329,0.03536,0.10742,0.02212,0.21874,0.10710,0.04910,0.16269,0.08669,0.05282,0.01097,0.04703,0.05556,0.02518,0.11825,0.02433,0.25278,0.11461,-56.38,2.625,-1,0.0000,-1.00,0.0000,0
121393,1790787918121,0.06705,0.14655,0.07114,0.08864,0.02501,0.03377,0.03997,0.03434,0.14350,0.06070,0.21032,0.07902,0.07697,0.14392,0.07130,0.05724,0.01238,0.02520,0.01932,0.02706,0.16056,0.07033,0.24702,0.08871,-56.41,2.524,-1,0.0000,-1.00,0.0000,0
121486,1790787918198,0.06127,0.08477,0.04519,0.07569,0.02132,0.04227,0.06257,0.02049,0.23498,0.04228,0.20452,0.10465,0.07072,0.04795,0.04421,0.04355,0.00343,0.03663,0.06512,0.01614,0.27276,0.05014,0.23780,0.11154,-56.65,2.820,-1,0.0000,-1.00,0.0000,0
121579,1790787918317,0.19269,0.06186,0.02486,0.05548,0.03222,0.06604,0.11161,0.02478,0.11651,0.01472,0.14265,0.15658,0.22604,0.04781,0.02652,0.03394,0.00629,0.03432,0.12426,0.02443,0.13274,0.01653,0.16413,0.16299,-56.08,2.312,-1,0.0000,-1.00,0.0000,0
121672,1790787918420,0.29597,0.02737,0.02145,0.04900,0.03677,0.08346,0.10010,0.14371,0.05500,0.01554,0.05837,0.11327,0.32140,0.02155,0.02286,0.04628,0.02170,0.03629,0.11567,0.16767,0.05673,0.01432,0.06274,0.11279,-56.07,3.552,-1,0.0000,-1.00,0.0000,0
121765,1790787918512,0.17805,0.08824,0.03609,0.04745,0.01718,0.15410,0.13306,0.04000,0.11639,0.01357,0.08224,0.09362,0.20646,0.07999,0.04019,0.04297,0.00424,0.14373,0.14260,0.04094,0.13094,0.01542,0.07005,0.08247,-57.32,2.137,-1,0.0000,-1.00,0.0000,0
121858,1790787918599,0.04734,0.17644,0.07228,0.04312,0.03139,0.12619,0.06013,0.07530,0.11696,0.02558,0.11121,0.11405,0.04248,0.18487,0.08099,0.03086,0.01201,0.14278,0.03540,0.07418,0.13397,0.02833,0.10495,0.12919,-57.12,2.117,-1,0.0000,-1.00,0.0000,0
121951,1790787918679,0.05869,0.27940,0.04318,0.04869,0.01755,0.11951,0.05852,0.02384,0.15415,0.01563,0.12364,0.05719,0.06575,0.30099,0.04834,0.03408,0.00799,0.13017,0.01045,0.01898,0.17796,0.01715,0.12235,0.06578,-55.69,3.353,-1,0.0000,-1.00,0.0000,0
122044,1790787918778,0.03804,0.07559,0.02331,0.02414,0.08602,0.06633,0.02934,0.01689,0.13300,0.01461,0.07051,0.42221,0.04281,0.05985,0.02462,0.01496,0.00381,0.07100,0.02327,0.01538,0.15640,0.01675,0.07041,0.50074,-55.13,5.066,-1,0.0000,-1.00,0.0000,0
122136,1790787918858,0.01761,0.10482,0.01962,0.01926,0.06413,0.06773,0.02506,0.01022,0.28816,0.02848,0.03878,0.31614,0.01934,0.05781,0.01684,0.01690,0.00247,0.07732,0.01856,0.00891,0.34193,0.03364,0.03114,0.37514,-55.68,3.794,-1,0.0000,-1.00,0.0000,0
122229,1790787918957,0.02670,0.11589,0.01501,0.02352,0.06139,0.05113,0.02086,0.01044,0.26028,0.03465,0.08568,0.29445,0.02285,0.08449,0.00990,0.01006,0.00394,0.05673,0.00825,0.01055,0.30989,0.04074,0.09141,0.35119,-56.37,3.533,-1,0.0000,-1.00,0.0000,0
122322,1790787919059,0.01000,0.13977,0.00741,0.04070,0.04145,0.08581,0.03029,0.01094,0.27169,0.02284,0.13624,0.20285,0.00581,0.10746,0.00353,0.02041,0.00200,0.10175,0.01500,0.01241,0.32148,0.02700,0.14307,0.24009,-56.61,3.260,-1,0.0000,-1.00,0.0000,0
122415,1790787919138,0.01065,0.11801,0.00889,0.05461,0.04635,0.08256,0.02229,0.00645,0.18793,0.00867,0.22672,0.22685,0.01112,0.09780,0.00867,0.01539,0.00194,0.09672,0.00723,0.00611,0.22211,0.01003,0.25250,0.27039,-56.94,2.722,-1,0.0000,-1.00,0.0000,0
122508,1790787919239,0.12719,0.16094,0.01738,0.02487,0.04772,0.12526,0.05291,0.01784,0.10191,0.02031,0.08301,0.22066,0.14877,0.16922,0.01624,0.01483,0.00587,0.12066,0.02968,0.01833,0.11917,0.02317,0.07555,0.25851,-56.20,2.648,-1,0.0000,-1.00,0.0000,0
122601,1790787919317,0.39210,0.03185,0.02398,0.03916,0.02039,0.12775,0.02022,0.02693,0.10723,0.01164,0.10185,0.09690,0.46435,0.01370,0.02603,0.02513,0.00224,0.06102,0.02098,0.02764,0.12337,0.01364,0.10994,0.11195,-54.51,4.705,-1,0.0000,-1.00,0.0000,0
122694,1790787919419,0.10069,0.05908,0.03070,0.03958,0.02896,0.25959,0.02217,0.02153,0.11492,0.02784,0.16473,0.13021,0.11731,0.04427,0.03035,0.01961,0.00458,0.28780,0.01779,0.01979,0.13381,0.03245,0.14033,0.15192,-54.71,3.115,-1,0.0000,-1.00,0.0000,0
122787,1790787919496,0.03344,0.28909,0.02187,0.04112,0.01315,0.14425,0.06169,0.00823,0.15909,0.01381,0.15654,0.05772,0.03870,0.30934,0.02303,0.01858,0.00248,0.16517,0.01100,0.00689,0.18695,0.01606,0.15483,0.06698,-55.34,3.469,-1,0.0000,-1.00,0.0000,0
122879,1790787919625,0.02523,0.50187,0.00860,0.02551,0.00962,0.08281,0.10008,0.00641,0.11451,0.00822,0.07474,0.04239,0.02891,0.57495,0.00841,0.01649,0.00168,0.09350,0.00595,0.00601,0.13394,0.00952,0.07102,0.04962,-55.16,6.022,-1,0.0000,-1.00,0.0000,0
122972,1790787919717,0.04081,0.28973,0.01904,0.05264,0.01332,0.13868,0.06835,0.02593,0.17315,0.01673,0.11504,0.04658,0.04346,0.30769,0.01906,0.04194,0.00571,0.15756,0.02078,0.02741,0.19914,0.01893,0.10662,0.05170,-55.67,3.477,-1,0.0000,-1.00,0.0000,0
123065,1790787919798,0.01273,0.41500,0.00860,0.02920,0.01132,0.11668,0.09293,0.00605,0.16929,0.01154,0.08558,0.04109,0.01412,0.45784,0.00774,0.02004,0.00462,0.13701,0.02060,0.00572,0.19888,0.01291,0.07538,0.04515,-55.68,4.980,-1,0.0000,-1.00,0.0000,0
123158,1790787919903,0.02645,0.55825,0.02362,0.02413,0.00587,0.05741,0.11607,0.00784,0.08387,0.00719,0.06563,0.02366,0.03084,0.64965,0.02667,0.01578,0.00182,0.06268,0.01030,0.00411,0.09737,0.00825,0.06622,0.02631,-55.85,6.699,-1,0.0000,-1.00,0.0000,0
123251,1790787919982,0.19491,0.30373,0.01190,0.02190,0.00673,0.15148,0.06696,0.00935,0.11719,0.01177,0.08870,0.01539,0.23178,0.33652,0.01166,0.01050,0.00495,0.13556,0.01352,0.00889,0.13833,0.01313,0.07941,0.01576,-55.88,3.645,-1,0.0000,-1.00,0.0000,0
123344,1790787920077,0.41445,0.12276,0.00337,0.02566,0.00403,0.18060,0.02450,0.00818,0.11763,0.00968,0.07924,0.00991,0.49474,0.11981,0.00184,0.01658,0.00270,0.11833,0.00561,0.00944,0.13763,0.01109,0.07148,0.01076,-55.58,4.973,-1,0.0000,-1.00,0.0000,0
123437,1790787920158,0.52174,0.05399,0.00706,0.01978,0.00370,0.13848,0.00906,0.01251,0.14565,0.00800,0.07300,0.00702,0.62243,0.03041,0.00667,0.00804,0.00296,0.04255,0.00467,0.01384,0.17293,0.00900,0.07904,0.00748,-55.22,6.261,-1,0.0000,-1.00,0.0000,0
123530,1790787920257,0.52063,0.05850,0.00890,0.02059,0.00542,0.14442,0.01616,0.00851,0.12542,0.00661,0.07029,0.01456,0.62212,0.04070,0.00923,0.00993,0.00343,0.04975,0.01097,0.00868,0.14832,0.00724,0.07436,0.01527,-54.77,6.248,-1,0.0000,-1.00,0.0000,0
123623,1790787920358,0.19771,0.29027,0.01334,0.02439,0.00662,0.06600,0.05848,0.01255,0.23227,0.00828,0.06797,0.02214,0.23448,0.29322,0.01413,0.01436,0.00314,0.03260,0.01195,0.01223,0.27541,0.00936,0.07498,0.02416,-54.95,3.483,-1,0.0000,-1.00,0.0000,0
123715,1790787920438,0.07323,0.42307,0.00976,0.02100,0.00389,0.07813,0.08160,0.00579,0.23985,0.00408,0.04784,0.01177,0.08680,0.45062,0.01081,0.01680,0.00218,0.07642,0.00845,0.00480,0.28407,0.00445,0.04217,0.01243,-55.71,5.077,-1,0.0000,-1.00,0.0000,0
123808,1790787920539,0.02926,0.41375,0.02142,0.02473,0.00789,0.14171,0.08697,0.01372,0.13978,0.02837,0.06657,0.02584,0.03186,0.46405,0.01908,0.02025,0.00380,0.16348,0.01222,0.01266,0.16347,0.03324,0.04736,0.02854,-56.38,4.965,-1,0.0000,-1.00,0.0000,0
123901,1790787920618,0.06331,0.21938,0.02347,0.09715,0.01272,0.11570,0.05309,0.05897,0.21473,0.02549,0.08563,0.03036,0.06274,0.21587,0.02239,0.10103,0.00885,0.12619,0.02082,0.06622,0.23709,0.02896,0.07759,0.03225,-55.89,2.633,-1,0.0000,-1.00,0.0000,0
123994,1790787920716,0.03333,0.19267,0.02651,0.06431,0.01155,0.16261,0.03433,0.02157,0.29975,0.01662,0.09022,0.04652,0.03623,0.16242,0.02795,0.06300,0.00316,0.18777,0.00894,0.02031,0.34668,0.01929,0.07088,0.05336,-55.79,3.597,-1,0.0000,-1.00,0.0000,0
124087,1790787920812,0.02412,0.10223,0.00993,0.31461,0.00398,0.11569,0.02405,0.01924,0.30010,0.01149,0.05909,0.01548,0.02469,0.06568,0.00923,0.36820,0.00172,0.13373,0.01580,0.02123,0.28660,0.01343,0.04429,0.01541,-56.19,3.775,-1,0.0000,-1.00,0.0000,0
124180,1790787920915,0.02917,0.07607,0.00629,0.30364,0.02584,0.14552,0.01657,0.01580,0.27610,0.01329,0.06990,0.02182,0.03120,0.03967,0.00541,0.35384,0.02625,0.16818,0.01199,0.01786,0.26069,0.01072,0.05041,0.02376,-56.76,3.644,-1,0.0000,-1.00,0.0000,0
124273,1790787921019,0.03115,0.09152,0.11124,0.05857,0.07143,0.18603,0.01934,0.02594,0.18857,0.11949,0.08356,0.01318,0.03498,0.06764,0.10813,0.05881,0.08284,0.21597,0.00968,0.00972,0.21414,0.12691,0.05731,0.01387,-56.81,2.263,-1,0.0000,-1.00,0.0000,0
124366,1790787921094,0.02495,0.12318,0.03905,0.07423,0.06480,0.24976,0.04255,0.01080,0.14786,0.07425,0.11664,0.03192,0.02859,0.11534,0.03195,0.07278,0.07117,0.29360,0.02812,0.00661,0.16275,0.07487,0.08156,0.03268,-55.95,2.997,-1,0.0000,-1.00,0.0000,0
124458,1790787921199,0.03472,0.02330,0.23122,0.02387,0.02931,0.30246,0.05898,0.03843,0.02775,0.08805,0.11047,0.03144,0.03999,0.02201,0.25726,0.01629,0.02975,0.35449,0.05323,0.00813,0.02982,0.09981,0.06210,0.02712,-55.18,3.629,-1,0.0000,-1.00,0.0000,0
124551,1790787921274,0.01273,0.01640,0.13815,0.36310,0.00890,0.09592,0.01770,0.04711,0.11111,0.03675,0.13779,0.01434,0.01024,0.00924,0.15712,0.40679,0.00800,0.11293,0.01938,0.02530,0.05250,0.04246,0.14272,0.01334,-55.19,4.357,-1,0.0000,-1.00,0.0000,0
124644,1790787921378,0.01234,0.04710,0.04002,0.44410,0.01902,0.07305,0.02126,0.03115,0.15384,0.01835,0.11353,0.02624,0.00815,0.04067,0.04422,0.50854,0.01719,0.08591,0.01624,0.02973,0.08328,0.01882,0.11901,0.02822,-56.03,5.329,-1,0.0000,-1.00,0.0000,0
124737,1790787921457,0.02896,0.02741,0.04765,0.27066,0.01475,0.07080,0.02842,0.07624,0.12703,0.02475,0.23728,0.04605,0.01839,0.01409,0.05136,0.27114,0.00804,0.08118,0.03127,0.08117,0.09759,0.02894,0.26823,0.04862,-56.20,3.248,-1,0.0000,-1.00,0.0000,0
124830,1790787921557,0.02456,0.02832,0.02895,0.34721,0.02256,0.02894,0.01300,0.07117,0.18009,0.02900,0.14511,0.08108,0.01363,0.00620,0.02813,0.38282,0.00833,0.03198,0.01435,0.07971,0.13990,0.03310,0.16754,0.09431,-56.28,4.166,-1,0.0000,-1.00,0.0000,0
124923,1790787921656,0.02482,0.02341,0.05619,0.33859,0.01425,0.03892,0.01984,0.07718,0.13458,0.03110,0.20419,0.03692,0.01417,0.01019,0.06031,0.35894,0.00924,0.04383,0.02171,0.08057,0.09010,0.03544,0.23597,0.03954,-56.69,4.063,-1,0.0000,-1.00,0.0000,0
125016,1790787921739,0.01670,0.02652,0.06366,0.38035,0.01526,0.05455,0.01557,0.05767,0.14592,0.03543,0.13189,0.05648,0.00898,0.01398,0.06799,0.42692,0.00549,0.06358,0.01588,0.05563,0.08977,0.04181,0.14543,0.06453,-56.91,4.564,-1,0.0000,-1.00,0.0000,0
125109,1790787921838,0.01513,0.01765,0.06743,0.43928,0.01641,0.06098,0.01729,0.05444,0.12216,0.03322,0.11203,0.04399,0.00802,0.01193,0.07330,0.50256,0.00993,0.07148,0.01830,0.05075,0.04675,0.03784,0.12007,0.04908,-57.38,5.271,-1,0.0000,-1.00,0.0000,0
125201,1790787921918,0.02374,0.02010,0.05585,0.38262,0.01428,0.03843,0.01991,0.09851,0.14621,0.03259,0.11012,0.05763,0.00734,0.00641,0.05934,0.43406,0.00430,0.04460,0.02239,0.10648,0.08915,0.03820,0.12311,0.06462,-57.36,4.591,-1,0.0000,-1.00,0.0000,0
125294,1790787922018,0.03194,0.03498,0.10989,0.28187,0.01700,0.04753,0.01978,0.10067,0.12046,0.03857,0.12817,0.06914,0.01918,0.02551,0.12264,0.30939,0.00468,0.05315,0.01865,0.09632,0.08274,0.04556,0.14304,0.07915,-56.65,3.382,-1,0.0000,-1.00,0.0000,0
125387,1790787922119,0.01852,0.04092,0.11946,0.29093,0.01953,0.04504,0.02543,0.09018,0.12308,0.03921,0.13792,0.04978,0.00497,0.03330,0.13432,0.31793,0.01242,0.05306,0.02354,0.08176,0.08446,0.04452,0.15474,0.05498,-56.61,3.491,-1,0.0000,-1.00,0.0000,0
125480,1790787922218,0.02172,0.02185,0.05693,0.38754,0.01400,0.02698,0.01991,0.09782,0.12891,0.06559,0.10551,0.05324,0.00460,0.01313,0.05284,0.44054,0.00496,0.03142,0.02125,0.10673,0.06713,0.07761,0.12020,0.05958,-56.15,4.651,-1,0.0000,-1.00,0.0000,0
125573,1790787922317,0.02258,0.02430,0.04107,0.17266,0.01640,0.09134,0.01201,0.08105,0.03888,0.02247,0.45048,0.02676,0.00955,0.02397,0.04441,0.10411,0.01367,0.10755,0.00964,0.08831,0.02595,0.02421,0.51846,0.03016,-54.82,5.406,-1,0.0000,-1.00,0.0000,0
125666,1790787922399,0.01363,0.00525,0.02994,0.38438,0.00826,0.01745,0.01393,0.05607,0.08067,0.01663,0.35283,0.02096,0.00397,0.00232,0.03205,0.37756,0.00555,0.02012,0.01596,0.06110,0.02131,0.01933,0.41879,0.02195,-54.66,4.613,-1,0.0000,-1.00,0.0000,0
125759,1790787922504,0.03291,0.01069,0.05089,0.32618,0.01220,0.02315,0.00933,0.16866,0.07910,0.02443,0.22552,0.03693,0.00224,0.00736,0.05538,0.33835,0.00628,0.02737,0.00963,0.19121,0.02749,0.02824,0.26480,0.04164,-55.92,3.914,-1,0.0000,-1.00,0.0000,0
125852,1790787922576,0.02602,0.03539,0.09054,0.16820,0.07823,0.01689,0.00949,0.13374,0.05387,0.02109,0.16976,0.19678,0.00349,0.03611,0.10526,0.16199,0.04716,0.01954,0.00422,0.13938,0.03206,0.01630,0.19954,0.23495,-55.57,2.361,-1,0.0000,-1.00,0.0000,0
125945,1790787922678,0.01598,0.00717,0.05626,0.20691,0.18878,0.01816,0.00282,0.08039,0.06862,0.05478,0.06776,0.23238,0.00245,0.00143,0.06112,0.23268,0.17106,0.02133,0.00309,0.08421,0.03610,0.03173,0.07696,0.27783,-55.20,2.789,-1,0.0000,-1.00,0.0000,0
126037,1790787922757,0.02278,0.00674,0.05656,0.34935,0.05460,0.05470,0.00763,0.09238,0.09226,0.07316,0.10634,0.08350,0.00711,0.00209,0.05218,0.39588,0.04560,0.06448,0.00870,0.10039,0.03207,0.07863,0.11464,0.09823,-55.91,4.192,-1,0.0000,-1.00,0.0000,0
126130,1790787922859,0.02713,0.00587,0.02127,0.35333,0.04607,0.02436,0.01096,0.12119,0.08669,0.06059,0.18157,0.06098,0.00403,0.00153,0.01271,0.38136,0.04112,0.02848,0.01244,0.14308,0.02828,0.06445,0.21191,0.07060,-56.06,4.240,-1,0.0000,-1.00,0.0000,0
126223,1790787922961,0.03230,0.05540,0.18419,0.24747,0.02969,0.02847,0.01452,0.13965,0.06028,0.04049,0.12416,0.04338,0.01394,0.06262,0.21207,0.26827,0.02548,0.03135,0.00464,0.12564,0.01897,0.04354,0.14255,0.05091,-55.95,2.970,-1,0.0000,-1.00,0.0000,0
126316,1790787923039,0.03324,0.00773,0.05928,0.38969,0.02758,0.02504,0.00893,0.12851,0.09989,0.04311,0.13733,0.03968,0.01154,0.00284,0.06173,0.43541,0.02402,0.02771,0.01014,0.14174,0.03334,0.04693,0.15906,0.04553,-56.12,4.676,-1,0.0000,-1.00,0.0000,0
126409,1790787923140,0.03988,0.04717,0.10506,0.16009,0.03645,0.05913,0.01700,0.18664,0.11541,0.07716,0.08267,0.07334,0.00690,0.03688,0.10852,0.17493,0.02645,0.06981,0.01306,0.20213,0.10319,0.08764,0.08522,0.08529,-56.03,2.240,-1,0.0000,-1.00,0.0000,0
126502,1790787923217,0.04527,0.01139,0.08842,0.05340,0.03663,0.29954,0.01908,0.07970,0.05845,0.17049,0.09590,0.04173,0.03809,0.00193,0.06680,0.05503,0.03448,0.35178,0.02248,0.08226,0.05913,0.19745,0.04518,0.04539,-55.84,3.594,-1,0.0000,-1.00,0.0000,0
126595,1790787923318,0.03518,0.01995,0.06674,0.31284,0.05101,0.05999,0.01223,0.14172,0.09550,0.02650,0.09878,0.07955,0.01095,0.01576,0.07513,0.35413,0.04266,0.06972,0.01105,0.15541,0.04308,0.02445,0.10454,0.09313,-56.41,3.754,-1,0.0000,-1.00,0.0000,0
126688,1790787923418,0.04837,0.00509,0.07801,0.31349,0.02270,0.03121,0.03306,0.24387,0.07790,0.01784,0.07826,0.05021,0.00355,0.00189,0.08969,0.35848,0.01681,0.03669,0.03922,0.27445,0.02124,0.01908,0.08650,0.05239,-56.07,3.762,-1,0.0000,-1.00,0.0000,0
126780,1790787923517,0.04078,0.02935,0.05659,0.14836,0.10551,0.02887,0.00914,0.19355,0.16856,0.02039,0.04949,0.14941,0.00551,0.00170,0.06655,0.16733,0.09136,0.03351,0.01062,0.21873,0.16880,0.00632,0.05265,0.17692,-55.17,2.323,-1,0.0000,-1.00,0.0000,0
126873,1790787923619,0.30028,0.00590,0.07914,0.03552,0.02507,0.32136,0.00643,0.04460,0.03374,0.01300,0.09275,0.04221,0.35282,0.00039,0.09249,0.03291,0.02030,0.31513,0.00746,0.03527,0.03371,0.01175,0.04867,0.04910,-55.90,3.856,-1,0.0000,-1.00,0.0000,0
126966,1790787923698,0.44933,0.00258,0.03132,0.07216,0.01843,0.23774,0.00440,0.03904,0.02349,0.01453,0.05916,0.04782,0.53048,0.00064,0.03450,0.07948,0.01092,0.17970,0.00514,0.03994,0.01239,0.01525,0.03526,0.05629,-56.01,5.392,-1,0.0000,-1.00,0.0000,0
127059,1790787923797,0.30344,0.00574,0.04340,0.06867,0.03179,0.28923,0.00445,0.03487,0.01987,0.01634,0.10979,0.07242,0.35727,0.00487,0.04895,0.06704,0.02109,0.27574,0.00437,0.03208,0.01053,0.01540,0.07689,0.08579,-55.43,3.641,-1,0.0000,-1.00,0.0000,0
127152,1790787923879,0.10312,0.01143,0.09726,0.09756,0.04444,0.10890,0.10571,0.08623,0.03212,0.01943,0.13049,0.16334,0.10751,0.00961,0.11268,0.09019,0.01935,0.10917,0.12476,0.08098,0.02061,0.01945,0.13471,0.17099,-55.77,1.960,-1,0.0000,-1.00,0.0000,0
127245,1790787923980,0.12674,0.03563,0.07978,0.09882,0.08462,0.14062,0.08690,0.09494,0.04734,0.03620,0.10181,0.06661,0.13286,0.03538,0.09023,0.10009,0.08235,0.14919,0.09712,0.09587,0.03688,0.02705,0.09242,0.06056,-56.15,1.687,-1,0.0000,-1.00,0.0000,0
127338,1790787924057,0.04060,0.05240,0.06935,0.09752,0.03201,0.10609,0.07582,0.06536,0.26205,0.03263,0.08009,0.08609,0.03595,0.00457,0.07618,0.10254,0.02141,0.11999,0.08911,0.06404,0.29367,0.03486,0.07218,0.08550,-56.88,3.145,-1,0.0000,-1.00,0.0000,0
127431,1790787924155,0.06822,0.06929,0.02147,0.12557,0.02669,0.05482,0.02134,0.06202,0.34157,0.02105,0.09789,0.09006,0.06735,0.00712,0.02116,0.12928,0.01110,0.05271,0.02245,0.07183,0.38366,0.02303,0.10685,0.10347,-57.36,4.099,-1,0.0000,-1.00,0.0000,0
127523,1790787924259,0.05671,0.05901,0.02723,0.16433,0.03146,0.04501,0.02781,0.08631,0.31529,0.01231,0.09828,0.07625,0.04905,0.00270,0.03052,0.17530,0.02095,0.04421,0.03154,0.09862,0.34304,0.01060,0.10900,0.08447,-57.85,3.783,-1,0.0000,-1.00,0.0000,0
127616,1790787924337,0.05284,0.05396,0.07779,0.18708,0.01428,0.01359,0.01145,0.11526,0.28200,0.01126,0.12636,0.05412,0.03972,0.00532,0.09072,0.19448,0.00480,0.00841,0.01267,0.12013,0.29935,0.01254,0.14974,0.06212,-57.79,3.384,-1,0.0000,-1.00,0.0000,0
127709,1790787924439,0.10180,0.02372,0.09529,0.14220,0.01379,0.02684,0.02035,0.30534,0.11874,0.03712,0.07796,0.03685,0.05360,0.00622,0.10570,0.15272,0.00869,0.02153,0.02316,0.34492,0.11200,0.04276,0.08914,0.03957,-57.07,3.664,-1,0.0000,-1.00,0.0000,0
127802,1790787924518,0.11323,0.01867,0.06223,0.09266,0.01095,0.02217,0.00872,0.49013,0.07091,0.03569,0.03483,0.03981,0.02187,0.01003,0.06622,0.10363,0.00407,0.02223,0.00846,0.57417,0.06428,0.04210,0.03733,0.04561,-56.81,5.882,-1,0.0000,-1.00,0.0000,0
127895,1790787924619,0.09539,0.05104,0.02753,0.10819,0.01464,0.02764,0.02795,0.32310,0.18251,0.03741,0.06595,0.03865,0.03851,0.02237,0.02441,0.11499,0.00905,0.02594,0.02905,0.38232,0.19568,0.04326,0.07388,0.04056,-57.35,3.877,-1,0.0000,-1.00,0.0000,0
127988,1790787924717,0.08975,0.15349,0.01523,0.08566,0.01448,0.03078,0.04233,0.33444,0.12046,0.02780,0.04531,0.04026,0.02894,0.15930,0.01198,0.09310,0.00868,0.03115,0.01912,0.39839,0.12589,0.03159,0.04812,0.04374,-57.64,4.013,-1,0.0000,-1.00,0.0000,0
128081,1790787924819,0.09596,0.07751,0.01633,0.12515,0.01259,0.03239,0.03117,0.35742,0.11229,0.03920,0.04590,0.05410,0.03094,0.07173,0.01036,0.14034,0.00324,0.03268,0.02313,0.42621,0.10663,0.04642,0.04852,0.05980,-56.47,4.289,-1,0.0000,-1.00,0.0000,0
128174,1790787924918,0.04628,0.15270,0.03201,0.05832,0.02024,0.12912,0.05580,0.10101,0.18814,0.03512,0.09612,0.08515,0.03265,0.14036,0.03023,0.05287,0.00556,0.14824,0.03904,0.11504,0.21495,0.04098,0.08579,0.09429,-55.72,2.258,-1,0.0000,-1.00,0.0000,0
128267,1790787924997,0.02375,0.30378,0.00943,0.05484,0.01482,0.16707,0.06671,0.04102,0.16896,0.00772,0.08035,0.06155,0.01907,0.32600,0.00961,0.05434,0.00373,0.19641,0.01518,0.04737,0.19169,0.00851,0.05734,0.07075,-55.82,3.645,-1,0.0000,-1.00,0.0000,0
128359,1790787925098,0.01682,0.42975,0.01512,0.02720,0.00973,0.08059,0.08442,0.03754,0.21231,0.01073,0.04029,0.03550,0.01207,0.46557,0.01571,0.02672,0.00362,0.09418,0.00855,0.04218,0.24910,0.01215,0.02961,0.04056,-55.62,5.157,-1,0.0000,-1.00,0.0000,0
128452,1790787925179,0.01058,0.36935,0.01066,0.05558,0.01192,0.06261,0.06566,0.02331,0.29023,0.01477,0.03180,0.05353,0.00802,0.37606,0.00934,0.06193,0.00183,0.07344,0.00412,0.02609,0.33548,0.01733,0.02354,0.06282,-55.62,4.432,-1,0.0000,-1.00,0.0000,0
128545,1790787925278,0.02584,0.30866,0.01239,0.06849,0.01826,0.14979,0.06445,0.02974,0.12795,0.03481,0.08600,0.07365,0.02415,0.34215,0.00675,0.06851,0.00450,0.17494,0.00933,0.03436,0.13974,0.04082,0.06837,0.08640,-55.37,3.704,-1,0.0000,-1.00,0.0000,0
128638,1790787925358,0.07084,0.18366,0.02505,0.16336,0.01993,0.08804,0.04803,0.03527,0.12473,0.01807,0.13060,0.09241,0.07748,0.19710,0.02583,0.16826,0.00266,0.09014,0.01848,0.03715,0.11610,0.02113,0.13862,0.10706,-55.64,2.204,-1,0.0000,-1.00,0.0000,0
128731,1790787925458,0.03030,0.07029,0.05514,0.05043,0.03093,0.07979,0.02088,0.01828,0.23953,0.22150,0.05941,0.12353,0.03214,0.02965,0.01379,0.04982,0.00847,0.08924,0.01911,0.01919,0.27714,0.26373,0.05349,0.14423,-56.26,2.874,-1,0.0000,-1.00,0.0000,0
128824,1790787925558,0.02918,0.08643,0.04141,0.08170,0.04232,0.26047,0.04568,0.02329,0.13687,0.09365,0.09931,0.05969,0.02755,0.07719,0.02886,0.08636,0.03803,0.30664,0.03807,0.02355,0.14688,0.10468,0.05820,0.06398,-56.34,3.126,-1,0.0000,-1.00,0.0000,0
128917,1790787925638,0.03372,0.08477,0.05988,0.15810,0.01619,0.18147,0.07174,0.02968,0.14545,0.06086,0.10698,0.05115,0.03562,0.07380,0.05769,0.17230,0.01006,0.21039,0.07133,0.02412,0.14013,0.07094,0.08649,0.04715,-56.46,2.178,-1,0.0000,-1.00,0.0000,0
129010,1790787925737,0.03423,0.11412,0.01830,0.08887,0.03394,0.09315,0.20477,0.02526,0.12903,0.05880,0.09504,0.10448,0.03478,0.11014,0.00892,0.08804,0.02441,0.10495,0.22353,0.02850,0.13716,0.06562,0.09308,0.08088,-55.85,2.457,-1,0.0000,-1.00,0.0000,0
129102,1790787925816,0.10046,0.11147,0.01796,0.07979,0.06190,0.17750,0.04376,0.06373,0.11384,0.08670,0.06969,0.07321,0.10436,0.11094,0.00321,0.08660,0.05798,0.19200,0.03044,0.07573,0.11924,0.09240,0.04544,0.08169,-55.83,2.130,-1,0.0000,-1.00,0.0000,0
129195,1790787925937,0.05143,0.14391,0.01496,0.08295,0.01878,0.20798,0.05633,0.02269,0.19177,0.05285,0.08290,0.07344,0.05646,0.13042,0.00561,0.08905,0.00670,0.23802,0.04164,0.02608,0.21199,0.06214,0.05215,0.07975,-56.66,2.496,-1,0.0000,-1.00,0.0000,0
129288,1790787926018,0.03208,0.12165,0.03053,0.05881,0.02370,0.29214,0.05438,0.05839,0.07317,0.12278,0.07764,0.05473,0.02431,0.13154,0.00808,0.06560,0.01694,0.34523,0.03908,0.06836,0.07467,0.14377,0.02459,0.05783,-57.17,3.506,-1,0.0000,-1.00,0.0000,0
129381,1790787926117,0.03666,0.13934,0.01703,0.12955,0.03283,0.12313,0.07779,0.11401,0.15458,0.05513,0.08009,0.03986,0.01628,0.13673,0.00858,0.14189,0.03247,0.14431,0.06611,0.13490,0.15710,0.05962,0.06735,0.03466,-56.82,1.855,-1,0.0000,-1.00,0.0000,0
129474,1790787926218,0.03318,0.11694,0.08408,0.12961,0.04917,0.11482,0.06393,0.10307,0.15542,0.05302,0.04634,0.05042,0.01836,0.10953,0.09008,0.14955,0.04910,0.13395,0.05483,0.10570,0.15659,0.05380,0.02897,0.04954,-56.99,1.865,-1,0.0000,-1.00,0.0000,0
129567,1790787926297,0.02378,0.12027,0.04421,0.13220,0.02550,0.22922,0.03927,0.02607,0.18498,0.06152,0.07249,0.04049,0.02384,0.10614,0.03922,0.15180,0.02186,0.27003,0.02597,0.02351,0.19156,0.06938,0.03333,0.04337,-57.54,2.751,-1,0.0000,-1.00,0.0000,0
129660,1790787926398,0.01817,0.14316,0.01903,0.13785,0.04659,0.09581,0.04284,0.03189,0.30151,0.03811,0.05928,0.06576,0.01519,0.10620,0.01522,0.15549,0.04147,0.11179,0.02985,0.03563,0.32964,0.03826,0.04887,0.07239,-57.36,3.618,-1,0.0000,-1.00,0.0000,0
129753,1790787926478,0.06068,0.07014,0.12851,0.06743,0.05801,0.15285,0.03591,0.08705,0.14438,0.04231,0.06863,0.08410,0.05739,0.05289,0.14594,0.07124,0.05081,0.17177,0.03239,0.07553,0.15888,0.04062,0.04818,0.09436,-56.85,1.834,-1,0.0000,-1.00,0.0000,0
129845,1790787926578,0.07219,0.14896,0.02426,0.09467,0.02637,0.09243,0.05329,0.15668,0.18868,0.04761,0.05407,0.04079,0.04992,0.13788,0.01867,0.10456,0.02335,0.10086,0.03653,0.18404,0.20533,0.05245,0.04479,0.04163,-56.76,2.264,-1,0.0000,-1.00,0.0000,0
129938,1790787926658,0.14623,0.08419,0.01941,0.10566,0.00664,0.16141,0.02862,0.20501,0.12433,0.03586,0.05422,0.02843,0.12710,0.07608,0.01481,0.12034,0.00196,0.16821,0.01921,0.24271,0.12512,0.04258,0.03162,0.03025,-56.39,2.460,-1,0.0000,-1.00,0.0000,0
130031,1790787926759,0.12207,0.11926,0.01298,0.09125,0.00709,0.24324,0.02658,0.08867,0.16801,0.04886,0.05710,0.01489,0.12536,0.10716,0.00416,0.10625,0.00537,0.26661,0.01060,0.10543,0.18026,0.05748,0.01557,0.01574,-56.12,2.919,-1,0.0000,-1.00,0.0000,0
130124,1790787926860,0.06240,0.13620,0.00823,0.16477,0.01768,0.18379,0.05131,0.03473,0.15865,0.03705,0.07319,0.07201,0.06644,0.13304,0.00127,0.18818,0.00545,0.20705,0.03511,0.04137,0.15279,0.04331,0.04665,0.07933,-55.64,2.205,-1,0.0000,-1.00,0.0000,0
130217,1790787926937,0.03700,0.10039,0.00527,0.33609,0.01414,0.11266,0.03101,0.05913,0.11824,0.01564,0.13129,0.03913,0.03037,0.10704,0.00292,0.37660,0.00827,0.12898,0.01594,0.07027,0.06702,0.01710,0.13175,0.04373,-55.66,4.033,-1,0.0000,-1.00,0.0000,0
130310,1790787927038,0.11071,0.15256,0.00415,0.14001,0.00890,0.14268,0.04219,0.11692,0.16628,0.00868,0.06699,0.03992,0.10470,0.14981,0.00299,0.15776,0.00200,0.15021,0.02085,0.13951,0.16796,0.01000,0.05050,0.04370,-56.45,1.995,-1,0.0000,-1.00,0.0000,0
130403,1790787927118,0.07888,0.21629,0.00404,0.27364,0.00551,0.07895,0.05595,0.06074,0.12329,0.00866,0.06659,0.02748,0.08019,0.24226,0.00282,0.31516,0.00082,0.07871,0.01894,0.07229,0.08526,0.01021,0.06419,0.02917,-56.20,3.284,-1,0.0000,-1.00,0.0000,0
130496,1790787927239,0.02624,0.10624,0.01494,0.47930,0.00575,0.08864,0.02304,0.01247,0.14798,0.00943,0.06186,0.02412,0.02905,0.11434,0.01572,0.56357,0.00135,0.10045,0.00494,0.01182,0.06559,0.01103,0.05421,0.02792,-56.31,5.752,-1,0.0000,-1.00,0.0000,0
130589,1790787927318,0.05241,0.03676,0.01205,0.27254,0.01207,0.08202,0.01007,0.04310,0.12991,0.00690,0.32889,0.01327,0.05289,0.02309,0.01326,0.25189,0.01157,0.08780,0.00650,0.05001,0.10573,0.00598,0.37668,0.01462,-55.66,3.947,-1,0.0000,-1.00,0.0000,0
130681,1790787927418,0.05823,0.04010,0.00234,0.17573,0.00483,0.09552,0.00741,0.20154,0.10615,0.00370,0.29312,0.01133,0.02158,0.02895,0.00205,0.14527,0.00319,0.11021,0.00314,0.24109,0.09839,0.00380,0.32938,0.01295,-55.30,3.517,-1,0.0000,-1.00,0.0000,0
130774,1790787927518,0.02692,0.02098,0.03341,0.15388,0.01099,0.05074,0.10970,0.09998,0.06034,0.02552,0.35824,0.04930,0.01514,0.01484,0.03426,0.10157,0.00733,0.05803,0.12423,0.11728,0.05217,0.02913,0.41775,0.02827,-56.14,4.299,-1,0.0000,-1.00,0.0000,0
130867,1790787927598,0.02082,0.06388,0.00947,0.17147,0.02229,0.01855,0.06928,0.06566,0.13108,0.02299,0.37080,0.03370,0.00832,0.05135,0.00674,0.11820,0.02157,0.02058,0.07283,0.07734,0.13363,0.02327,0.44023,0.02594,-56.57,4.450,-1,0.0000,-1.00,0.0000,0
130960,1790787927698,0.02510,0.04268,0.00697,0.18886,0.01252,0.02602,0.05713,0.07549,0.09287,0.02119,0.41961,0.03156,0.01275,0.03429,0.00352,0.12775,0.00994,0.02873,0.06166,0.08976,0.08502,0.02435,0.49710,0.02513,-56.91,5.035,-1,0.0000,-1.00,0.0000,0
131053,1790787927778,0.01640,0.09313,0.02427,0.08835,0.00933,0.13176,0.07923,0.04061,0.21153,0.06794,0.19998,0.03747,0.01016,0.06397,0.01306,0.06448,0.00544,0.15586,0.08045,0.04787,0.24023,0.08079,0.20872,0.02895,-56.90,2.538,-1,0.0000,-1.00,0.0000,0
131146,1790787927878,0.02996,0.09770,0.02661,0.14580,0.00551,0.08235,0.05295,0.03277,0.16662,0.05852,0.28155,0.01967,0.02882,0.08189,0.01812,0.11147,0.00379,0.09296,0.04722,0.03568,0.17745,0.06947,0.31893,0.01420,-57.43,3.379,-1,0.0000,-1.00,0.0000,0
131239,1790787927959,0.06198,0.22833,0.02536,0.09027,0.01164,0.05366,0.12917,0.03728,0.12434,0.02150,0.17111,0.04536,0.06641,0.24681,0.02555,0.06952,0.00734,0.05114,0.10585,0.03961,0.13511,0.02441,0.19489,0.03336,-57.97,2.740,-1,0.0000,-1.00,0.0000,0
131332,1790787928058,0.03586,0.15570,0.14887,0.12321,0.00770,0.02695,0.14443,0.09811,0.10493,0.01657,0.09883,0.03886,0.02316,0.16656,0.17463,0.12525,0.00483,0.02770,0.12306,0.09992,0.10090,0.01890,0.11293,0.02217,-57.25,1.868,-1,0.0000,-1.00,0.0000,0
131424,1790787928159,0.05084,0.08286,0.04600,0.30247,0.00785,0.02936,0.06324,0.14820,0.11223,0.02012,0.10443,0.03241,0.02759,0.08605,0.05050,0.33879,0.00402,0.02971,0.05872,0.16757,0.06731,0.02331,0.11924,0.02719,-56.87,3.630,-1,0.0000,-1.00,0.0000,0
131517,1790787928237,0.06958,0.11590,0.02472,0.14151,0.00687,0.02428,0.03922,0.26313,0.09390,0.01855,0.18069,0.02168,0.02166,0.12158,0.02537,0.12761,0.00394,0.02479,0.02185,0.31130,0.08722,0.02144,0.21160,0.02164,-55.41,3.158,-1,0.0000,-1.00,0.0000,0
131610,1790787928337,0.04161,0.05730,0.03849,0.13129,0.02529,0.02226,0.05872,0.13976,0.04446,0.02921,0.35270,0.05890,0.01814,0.06102,0.03992,0.07445,0.01859,0.02307,0.05781,0.16000,0.03852,0.03132,0.41804,0.05911,-54.78,4.232,-1,0.0000,-1.00,0.0000,0
131703,1790787928418,0.03528,0.02459,0.03526,0.12776,0.01143,0.02034,0.18210,0.13674,0.06197,0.02507,0.26345,0.07600,0.01123,0.01839,0.03640,0.09137,0.00408,0.02215,0.21456,0.15663,0.05589,0.02949,0.31128,0.04853,-54.79,3.161,-1,0.0000,-1.00,0.0000,0
131796,1790787928539,0.05768,0.01995,0.04702,0.19035,0.00805,0.01884,0.08731,0.21336,0.07222,0.06667,0.17828,0.04027,0.01985,0.01427,0.04067,0.18647,0.00407,0.01864,0.10179,0.24759,0.04956,0.07907,0.20993,0.02808,-54.95,2.560,-1,0.0000,-1.00,0.0000,0
131889,1790787928618,0.04973,0.01886,0.03336,0.26358,0.01263,0.00876,0.06406,0.23176,0.09361,0.04584,0.11546,0.06235,0.00615,0.01192,0.02922,0.28877,0.00339,0.00928,0.07335,0.27296,0.05493,0.05426,0.13651,0.05928,-55.66,3.163,-1,0.0000,-1.00,0.0000,0
131982,1790787928717,0.04774,0.02064,0.03524,0.29097,0.01505,0.01435,0.04896,0.21474,0.09455,0.03395,0.11935,0.06446,0.00747,0.01497,0.03436,0.32092,0.00492,0.01571,0.05570,0.25050,0.04967,0.03970,0.13990,0.06619,-55.89,3.492,-1,0.0000,-1.00,0.0000,0
132075,1790787928818,0.02464,0.02510,0.03357,0.36174,0.01955,0.01388,0.04315,0.07991,0.08928,0.02777,0.20911,0.07230,0.01165,0.02397,0.03394,0.38434,0.00805,0.01432,0.04581,0.09017,0.03079,0.03168,0.24772,0.07755,-56.06,4.341,-1,0.0000,-1.00,0.0000,0
132167,1790787928898,0.04998,0.02434,0.04088,0.30102,0.03233,0.03004,0.05605,0.11931,0.08957,0.04529,0.13272,0.07846,0.03309,0.02087,0.03911,0.33033,0.02258,0.02943,0.06302,0.13520,0.04185,0.04980,0.15320,0.08152,-56.29,3.612,-1,0.0000,-1.00,0.0000,0
132260,1790787929000,0.06704,0.02477,0.06831,0.23188,0.01529,0.04163,0.04850,0.22893,0.07438,0.02412,0.12039,0.05476,0.02870,0.02214,0.07641,0.25098,0.00742,0.04419,0.05372,0.25916,0.03937,0.02743,0.13550,0.05497,-56.62,2.783,-1,0.0000,-1.00,0.0000,0
132353,1790787929078,0.05326,0.02478,0.05593,0.32065,0.02667,0.02256,0.02823,0.09999,0.10303,0.03194,0.14971,0.08324,0.04177,0.01974,0.05996,0.34940,0.01339,0.01876,0.02991,0.10793,0.05419,0.03561,0.17567,0.09367,-56.34,3.848,-1,0.0000,-1.00,0.0000,0
132446,1790787929178,0.03317,0.02076,0.05561,0.23322,0.01538,0.00995,0.07161,0.09582,0.07262,0.06459,0.28494,0.04233,0.01889,0.01611,0.05173,0.21209,0.01162,0.00818,0.08261,0.10456,0.04489,0.07517,0.33981,0.03435,-55.84,3.419,-1,0.0000,-1.00,0.0000,0
132539,1790787929257,0.03248,0.01180,0.03764,0.21147,0.01381,0.01435,0.09738,0.10249,0.04674,0.02163,0.37141,0.03880,0.01674,0.00960,0.04042,0.16572,0.01182,0.01402,0.11479,0.11479,0.02315,0.02357,0.44226,0.02311,-55.00,4.457,-1,0.0000,-1.00,0.0000,0
132632,1790787929359,0.03804,0.01548,0.02400,0.27804,0.00755,0.01062,0.07428,0.15096,0.08287,0.02092,0.25611,0.04113,0.01058,0.00969,0.02387,0.27275,0.00270,0.01063,0.08709,0.17615,0.04510,0.02466,0.30477,0.03202,-54.95,3.337,-1,0.0000,-1.00,0.0000,0
132725,1790787929458,0.03604,0.01214,0.05698,0.38744,0.01392,0.00591,0.02672,0.15992,0.09797,0.03464,0.13172,0.03660,0.00755,0.00831,0.06040,0.43317,0.00918,0.00559,0.03026,0.17976,0.03150,0.03971,0.15672,0.03786,-55.74,4.649,-1,0.0000,-1.00,0.0000,0
132818,1790787929538,0.03747,0.01587,0.04859,0.21294,0.03727,0.01010,0.07089,0.18482,0.07652,0.01400,0.14057,0.15098,0.00762,0.00986,0.05538,0.22218,0.01292,0.01066,0.08289,0.21058,0.04751,0.01435,0.16632,0.15975,-55.35,2.555,-1,0.0000,-1.00,0.0000,0
132911,1790787929638,0.06980,0.01150,0.04167,0.11834,0.03138,0.00556,0.09917,0.31168,0.05463,0.01626,0.07679,0.16323,0.01142,0.00567,0.04621,0.12374,0.00345,0.00440,0.11770,0.36430,0.04093,0.01879,0.09114,0.17225,-55.50,3.740,-1,0.0000,-1.00,0.0000,0
133003,1790787929720,0.05530,0.02355,0.03582,0.20235,0.01008,0.02588,0.12118,0.22522,0.08828,0.03677,0.12248,0.05307,0.01621,0.01638,0.03439,0.21449,0.00514,0.02827,0.14196,0.26305,0.06327,0.04304,0.14116,0.03265,-56.33,2.703,-1,0.0000,-1.00,0.0000,0
133096,1790787929840,0.02716,0.01967,0.03032,0.33319,0.01060,0.01221,0.04322,0.12939,0.13575,0.01683,0.19048,0.05118,0.00290,0.00542,0.03243,0.35456,0.00241,0.01418,0.05060,0.14872,0.09238,0.01969,0.22543,0.05130,-56.43,3.998,-1,0.0000,-1.00,0.0000,0
133189,1790787929920,0.03427,0.01785,0.06974,0.35886,0.01113,0.00755,0.03511,0.14957,0.13883,0.02352,0.11740,0.03617,0.00860,0.00425,0.07819,0.40241,0.00617,0.00753,0.04123,0.16373,0.08643,0.02711,0.13918,0.03517,-56.30,4.306,-1,0.0000,-1.00,0.0000,0
133282,1790787930020,0.03684,0.03631,0.03548,0.35245,0.00590,0.01253,0.04964,0.14545,0.13792,0.01571,0.14965,0.02212,0.01106,0.02597,0.03894,0.38727,0.00390,0.01286,0.05403,0.16687,0.08849,0.01805,0.17676,0.01579,-56.39,4.229,-1,0.0000,-1.00,0.0000,0
133375,1790787930120,0.02459,0.03980,0.03374,0.20546,0.06257,0.01783,0.17572,0.08459,0.12390,0.03631,0.12247,0.07301,0.00930,0.02825,0.03430,0.21787,0.06567,0.01952,0.20455,0.09498,0.10483,0.03093,0.14288,0.04694,-56.23,2.466,-1,0.0000,-1.00,0.0000,0
133468,1790787930199,0.01938,0.06981,0.02106,0.20201,0.01806,0.00414,0.06069,0.08408,0.36983,0.02426,0.08993,0.03673,0.00404,0.00448,0.02009,0.22086,0.01574,0.00416,0.07184,0.09676,0.39936,0.02595,0.10694,0.02977,-55.74,4.438,-1,0.0000,-1.00,0.0000,0
133561,1790787930300,0.03562,0.03019,0.03611,0.27072,0.01516,0.01055,0.03572,0.15999,0.18032,0.01980,0.14482,0.06102,0.00492,0.00606,0.03874,0.29044,0.00530,0.01167,0.04160,0.18402,0.15834,0.02282,0.17122,0.06487,-56.34,3.249,-1,0.0000,-1.00,0.0000,0
133654,1790787930380,0.02138,0.03367,0.03370,0.26126,0.01805,0.01185,0.06438,0.07127,0.17780,0.02143,0.22305,0.06216,0.00895,0.00945,0.03568,0.26055,0.00981,0.01243,0.07510,0.07849,0.16140,0.02373,0.26481,0.05960,-57.54,3.135,-1,0.0000,-1.00,0.0000,0
133746,1790787930504,0.04140,0.03155,0.02013,0.23935,0.02108,0.01710,0.07126,0.12413,0.13859,0.03728,0.18811,0.07000,0.01937,0.01627,0.01548,0.24278,0.01190,0.01666,0.08216,0.14567,0.11665,0.04361,0.22209,0.06737,-56.66,2.872,-1,0.0000,-1.00,0.0000,0
133839,1790787930564,0.01119,0.01905,0.02132,0.15368,0.00783,0.16672,0.05761,0.04629,0.09547,0.02908,0.36324,0.02852,0.00276,0.00488,0.01884,0.10569,0.00532,0.19922,0.06806,0.05173,0.09340,0.03384,0.39575,0.02050,-55.48,4.359,-1,0.0000,-1.00,0.0000,0
133932,1790787930661,0.01004,0.01110,0.01423,0.16946,0.00685,0.27178,0.04997,0.04065,0.06629,0.00917,0.33183,0.01863,0.00294,0.00294,0.01512,0.13701,0.00610,0.32507,0.05913,0.04587,0.05227,0.00978,0.33317,0.01060,-56.03,3.982,-1,0.0000,-1.00,0.0000,0
134025,1790787930761,0.02014,0.02123,0.01192,0.26807,0.00919,0.04973,0.02933,0.05240,0.13387,0.01258,0.36359,0.02795,0.01180,0.00328,0.01152,0.23709,0.00573,0.05725,0.03445,0.06055,0.11341,0.01393,0.42432,0.02667,-56.72,4.363,-1,0.0000,-1.00,0.0000,0
134118,1790787930841,0.00972,0.01060,0.00881,0.08459,0.04471,0.00676,0.30791,0.02579,0.05448,0.01098,0.15636,0.27929,0.00584,0.00231,0.00801,0.06449,0.00171,0.00694,0.36849,0.02931,0.05245,0.01286,0.18598,0.26161,-55.29,3.695,-1,0.0000,-1.00,0.0000,0
134211,1790787930940,0.01309,0.00690,0.00560,0.05104,0.09705,0.00624,0.13275,0.02055,0.03439,0.00557,0.11987,0.50695,0.01102,0.00141,0.00545,0.03289,0.00211,0.00529,0.15879,0.02354,0.03462,0.00632,0.14259,0.57597,-54.57,6.083,-1,0.0000,-1.00,0.0000,0
134304,1790787931021,0.01193,0.01541,0.01390,0.10770,0.08454,0.05502,0.07825,0.02207,0.07372,0.02316,0.12295,0.39136,0.00950,0.00497,0.01162,0.10236,0.01199,0.06404,0.09272,0.02419,0.06804,0.02537,0.13462,0.45056,-55.68,4.696,-1,0.0000,-1.00,0.0000,0
134397,1790787931141,0.04993,0.02615,0.02730,0.17321,0.06089,0.07353,0.07871,0.07053,0.11631,0.05558,0.15822,0.10963,0.04391,0.01051,0.02144,0.17314,0.04912,0.08083,0.09223,0.08026,0.10505,0.05686,0.17357,0.11308,-56.45,2.079,-1,0.0000,-1.00,0.0000,0
134489,1790787931221,0.04371,0.02625,0.03017,0.14200,0.04561,0.07239,0.07529,0.08659,0.11423,0.05890,0.16489,0.13996,0.03271,0.00959,0.02314,0.13414,0.02488,0.08025,0.08829,0.09919,0.11028,0.06564,0.18167,0.15020,-57.01,1.979,-1,0.0000,-1.00,0.0000,0
134582,1790787931319,0.02770,0.02723,0.02121,0.25638,0.02457,0.02715,0.05105,0.06211,0.13866,0.02498,0.26284,0.07613,0.01990,0.00945,0.01991,0.24591,0.01328,0.02913,0.05930,0.07047,0.11693,0.02776,0.30917,0.07879,-58.03,3.154,-1,0.0000,-1.00,0.0000,0
134675,1790787931420,0.01717,0.03179,0.03378,0.18634,0.02179,0.02516,0.19461,0.03864,0.13283,0.03532,0.16711,0.11544,0.01267,0.01384,0.03236,0.18467,0.00774,0.02764,0.23045,0.03989,0.12236,0.04099,0.19476,0.09264,-57.05,2.335,-1,0.0000,-1.00,0.0000,0
134768,1790787931502,0.01894,0.02236,0.01992,0.20940,0.02063,0.05468,0.13286,0.02722,0.10694,0.04261,0.26245,0.08199,0.01751,0.00890,0.01420,0.19100,0.01158,0.06205,0.15743,0.02980,0.09027,0.04876,0.30218,0.06631,-56.15,3.149,-1,0.0000,-1.00,0.0000,0
134861,1790787931601,0.04698,0.06136,0.04144,0.23006,0.01097,0.02834,0.04888,0.04849,0.23814,0.01847,0.18939,0.03749,0.04633,0.02629,0.04551,0.23165,0.00633,0.02477,0.05336,0.04908,0.23943,0.02088,0.22202,0.03434,-56.28,2.858,-1,0.0000,-1.00,0.0000,0
134954,1790787931681,0.08332,0.11154,0.03084,0.15043,0.03145,0.03553,0.06257,0.03638,0.19113,0.03944,0.16182,0.06554,0.09246,0.09403,0.02855,0.14276,0.02439,0.02424,0.05634,0.03794,0.20072,0.04242,0.18909,0.06705,-56.76,2.294,-1,0.0000,-1.00,0.0000,0
135047,1790787931780,0.04465,0.03755,0.01642,0.23809,0.02013,0.02080,0.02766,0.04415,0.17389,0.03163,0.29783,0.04721,0.04376,0.01219,0.01268,0.21518,0.01417,0.01624,0.02998,0.05113,0.16548,0.03531,0.35365,0.05022,-55.51,3.574,-1,0.0000,-1.00,0.0000,0
135140,1790787931860,0.04305,0.09216,0.03280,0.11036,0.03045,0.01502,0.05163,0.04770,0.11492,0.03078,0.36749,0.06365,0.04133,0.08512,0.03290,0.04532,0.02314,0.00980,0.04499,0.05064,0.12872,0.03229,0.43840,0.06734,-54.17,4.410,-1,0.0000,-1.00,0.0000,0
135233,1790787931960,0.06301,0.07105,0.06610,0.16443,0.01798,0.01754,0.04588,0.12392,0.13378,0.04382,0.22692,0.02558,0.04809,0.05971,0.06947,0.14358,0.01716,0.01149,0.04314,0.13471,0.13183,0.04910,0.26962,0.02210,-54.02,2.723,-1,0.0000,-1.00,0.0000,0
135325,1790787932061,0.05853,0.03924,0.03025,0.17449,0.01205,0.01676,0.02353,0.04275,0.18566,0.02220,0.34252,0.05202,0.06019,0.00897,0.03108,0.12805,0.00282,0.00844,0.02641,0.04506,0.19708,0.02604,0.40875,0.05710,-53.74,4.110,-1,0.0000,-1.00,0.0000,0
135418,1790787932140,0.18071,0.02224,0.00878,0.19628,0.01216,0.03543,0.04238,0.08213,0.12563,0.01589,0.23518,0.04318,0.19702,0.00414,0.00700,0.17946,0.00628,0.00340,0.04996,0.09702,0.11496,0.01780,0.28113,0.04184,-53.71,2.822,-1,0.0000,-1.00,0.0000,0
135511,1790787932240,0.16225,0.02615,0.01009,0.18906,0.01077,0.03548,0.08216,0.08412,0.10008,0.02689,0.21936,0.05360,0.17466,0.01442,0.00586,0.17474,0.00393,0.00789,0.09559,0.09964,0.08528,0.03145,0.26128,0.04527,-54.25,2.632,-1,0.0000,-1.00,0.0000,0
135604,1790787932340,0.24320,0.02858,0.01650,0.17698,0.01455,0.05037,0.05769,0.09154,0.13843,0.02089,0.12788,0.03338,0.27037,0.00852,0.01528,0.18195,0.01217,0.00676,0.06744,0.10666,0.12980,0.02261,0.15189,0.02654,-54.53,2.918,-1,0.0000,-1.00,0.0000,0
135697,1790787932441,0.22382,0.03362,0.01015,0.16587,0.01099,0.04626,0.05020,0.06108,0.17405,0.01587,0.17804,0.03004,0.25394,0.00513,0.00872,0.15667,0.00834,0.00509,0.05889,0.07171,0.17750,0.01737,0.21232,0.02432,-54.66,2.686,-1,0.0000,-1.00,0.0000,0
135790,1790787932520,0.19715,0.02913,0.00579,0.19164,0.00625,0.04286,0.00976,0.03408,0.16458,0.01621,0.28778,0.01477,0.22823,0.00216,0.00325,0.16152,0.00442,0.00611,0.01106,0.04039,0.16518,0.01855,0.34362,0.01550,-54.66,3.453,-1,0.0000,-1.00,0.0000,0
135883,1790787932620,0.15076,0.04188,0.00889,0.17818,0.01054,0.03122,0.01834,0.06715,0.21402,0.01437,0.23625,0.02842,0.16499,0.00554,0.00750,0.15757,0.00670,0.00470,0.02087,0.07897,0.22518,0.01591,0.28215,0.02991,-54.13,2.835,-1,0.0000,-1.00,0.0000,0
135976,1790787932720,0.14440,0.02837,0.03568,0.11931,0.01260,0.03400,0.09417,0.05457,0.14401,0.03415,0.24853,0.05021,0.16015,0.00347,0.03490,0.08429,0.00739,0.00900,0.10742,0.06319,0.15571,0.03959,0.29601,0.03887,-53.85,2.982,-1,0.0000,-1.00,0.0000,0
136068,1790787932802,0.14987,0.01420,0.01624,0.16631,0.01844,0.03582,0.07676,0.03297,0.08426,0.04208,0.28961,0.07345,0.17213,0.00214,0.00979,0.13083,0.00825,0.00879,0.09155,0.03756,0.07503,0.04879,0.34528,0.06986,-54.40,3.475,-1,0.0000,-1.00,0.0000,0
136161,1790787932901,0.09636,0.01846,0.00852,0.25878,0.00983,0.02396,0.00935,0.02637,0.11480,0.02473,0.38227,0.02658,0.10946,0.00347,0.00457,0.21956,0.00589,0.00701,0.01051,0.03069,0.09403,0.02846,0.45667,0.02968,-54.24,4.587,-1,0.0000,-1.00,0.0000,0
136254,1790787932980,0.08002,0.02578,0.00823,0.23426,0.01068,0.01936,0.01174,0.01636,0.12553,0.03168,0.41259,0.02377,0.09228,0.00845,0.00261,0.18291,0.00698,0.00564,0.01235,0.01913,0.11415,0.03658,0.49326,0.02566,-54.08,4.951,-1,0.0000,-1.00,0.0000,0
136347,1790787933082,0.13459,0.01668,0.00613,0.27126,0.00821,0.03278,0.01284,0.03810,0.12329,0.01351,0.32392,0.01868,0.15236,0.00047,0.00437,0.24846,0.00593,0.00914,0.01516,0.04493,0.09848,0.01502,0.38632,0.01937,-54.74,3.887,-1,0.0000,-1.00,0.0000,0
136440,1790787933160,0.20802,0.01849,0.01142,0.16441,0.01011,0.04904,0.02544,0.02992,0.10463,0.02127,0.33315,0.02410,0.24212,0.00233,0.00893,0.11828,0.00757,0.01077,0.03003,0.03407,0.10193,0.02399,0.39706,0.02292,-54.38,3.998,-1,0.0000,-1.00,0.0000,0
136533,1790787933261,0.23406,0.01485,0.01403,0.15348,0.00856,0.05480,0.05034,0.04824,0.08571,0.01457,0.30059,0.02077,0.26986,0.00189,0.01364,0.11298,0.00774,0.01216,0.05966,0.05538,0.08021,0.01602,0.35777,0.01268,-54.54,3.607,-1,0.0000,-1.00,0.0000,0
136626,1790787933360,0.13216,0.03498,0.01827,0.27249,0.01109,0.04357,0.04620,0.03347,0.21182,0.01908,0.14108,0.03579,0.15117,0.00314,0.01763,0.29387,0.00695,0.02224,0.05474,0.03662,0.19556,0.02148,0.16463,0.03197,-55.22,3.270,-1,0.0000,-1.00,0.0000,0
136719,1790787933441,0.02156,0.03739,0.01258,0.34297,0.01794,0.02425,0.03016,0.03559,0.23627,0.01973,0.16164,0.05993,0.01758,0.00365,0.01072,0.37357,0.00867,0.02557,0.03527,0.04066,0.20898,0.02199,0.18861,0.06473,-55.13,4.116,-1,0.0000,-1.00,0.0000,0
136811,1790787933542,0.04719,0.01821,0.01799,0.40859,0.01111,0.01936,0.02485,0.05370,0.15761,0.03549,0.16717,0.03874,0.04314,0.00299,0.01332,0.45046,0.00508,0.01477,0.02788,0.06301,0.09955,0.04152,0.19738,0.04090,-55.52,4.903,-1,0.0000,-1.00,0.0000,0
136904,1790787933640,0.02479,0.02291,0.04314,0.24668,0.01473,0.02647,0.02333,0.06464,0.09309,0.01348,0.37311,0.05361,0.01714,0.01352,0.04874,0.20807,0.00608,0.02832,0.02528,0.06779,0.07030,0.01494,0.44146,0.05836,-54.97,4.477,-1,0.0000,-1.00,0.0000,0
136997,1790787933741,0.03668,0.00985,0.17913,0.22969,0.03246,0.01587,0.00794,0.07861,0.06965,0.04302,0.15106,0.14605,0.03312,0.00494,0.20454,0.23983,0.00454,0.01245,0.00853,0.05364,0.03560,0.05095,0.17854,0.17331,-54.55,2.756,-1,0.0000,-1.00,0.0000,0
137090,1790787933822,0.05982,0.01554,0.04912,0.22807,0.07722,0.02507,0.00789,0.06230,0.08742,0.03243,0.17925,0.17587,0.05742,0.01025,0.05134,0.23144,0.05105,0.01866,0.00742,0.06447,0.04969,0.03791,0.21108,0.20926,-54.95,2.737,-1,0.0000,-1.00,0.0000,0
137183,1790787933922,0.04968,0.00509,0.21536,0.21328,0.02608,0.02606,0.00806,0.07273,0.05657,0.05174,0.21179,0.06355,0.05146,0.00126,0.24639,0.20608,0.01653,0.02103,0.00941,0.03830,0.02682,0.05882,0.24961,0.07429,-55.31,2.584,-1,0.0000,-1.00,0.0000,0
137276,1790787934019,0.07980,0.00701,0.02421,0.30959,0.02662,0.03790,0.00930,0.04917,0.08081,0.03194,0.24139,0.10226,0.08480,0.00276,0.02175,0.31475,0.00826,0.02860,0.01047,0.05473,0.03443,0.03663,0.28358,0.11924,-55.59,3.715,-1,0.0000,-1.00,0.0000,0
137369,1790787934100,0.07775,0.00705,0.04108,0.20258,0.02478,0.02823,0.01057,0.05694,0.05028,0.03027,0.39254,0.07793,0.08128,0.00241,0.04249,0.15019,0.01165,0.01772,0.01206,0.05993,0.03048,0.03397,0.46685,0.09098,-55.28,4.711,-1,0.0000,-1.00,0.0000,0
137462,1790787934200,0.05490,0.00472,0.03091,0.23235,0.04013,0.01670,0.01421,0.05999,0.05289,0.02607,0.29397,0.17317,0.05254,0.00150,0.03114,0.20896,0.00760,0.00960,0.01669,0.06575,0.02196,0.02973,0.35034,0.20419,-55.37,3.528,-1,0.0000,-1.00,0.0000,0
137555,1790787934280,0.05699,0.00417,0.02067,0.28925,0.01814,0.03266,0.00436,0.05957,0.06015,0.04488,0.33745,0.07169,0.05470,0.00123,0.01430,0.26755,0.00490,0.02829,0.00498,0.06855,0.01903,0.05281,0.39874,0.08491,-55.14,4.049,-1,0.0000,-1.00,0.0000,0
137647,1790787934381,0.03591,0.00484,0.02601,0.37461,0.01236,0.02877,0.00728,0.03517,0.07200,0.04205,0.30820,0.05281,0.03577,0.00350,0.02128,0.37674,0.00258,0.02744,0.00803,0.03792,0.01159,0.04987,0.36386,0.06143,-54.95,4.495,-1,0.0000,-1.00,0.0000,0
137740,1790787934461,0.04454,0.00652,0.03315,0.27915,0.02102,0.06879,0.01377,0.03050,0.06306,0.03530,0.33414,0.07006,0.04691,0.00297,0.03170,0.25799,0.00908,0.07313,0.01358,0.03259,0.02442,0.04049,0.38588,0.08125,-54.71,4.010,-1,0.0000,-1.00,0.0000,0
137833,1790787934562,0.04074,0.00448,0.02126,0.19766,0.02115,0.04631,0.00504,0.09435,0.04301,0.03891,0.41717,0.06992,0.02686,0.00085,0.01657,0.13973,0.00896,0.05016,0.00582,0.10981,0.02378,0.04491,0.48992,0.08263,-54.45,5.006,-1,0.0000,-1.00,0.0000,0
137926,1790787934661,0.02307,0.00418,0.01094,0.26162,0.00725,0.01662,0.00784,0.04144,0.04846,0.02200,0.53597,0.02061,0.01811,0.00091,0.00802,0.18681,0.00416,0.01632,0.00922,0.04806,0.02090,0.02568,0.63898,0.02284,-54.44,6.432,-1,0.0000,-1.00,0.0000,0
138019,1790787934740,0.05664,0.00292,0.01977,0.24292,0.01011,0.03996,0.00726,0.09793,0.04185,0.06073,0.38075,0.03915,0.04494,0.00153,0.00938,0.20216,0.00314,0.03897,0.00840,0.11549,0.01007,0.07215,0.44850,0.04525,-54.31,4.569,-1,0.0000,-1.00,0.0000,0
138112,1790787934841,0.04874,0.00838,0.06134,0.21724,0.01570,0.03803,0.02033,0.13729,0.06100,0.13561,0.19519,0.06115,0.02708,0.00444,0.04141,0.21553,0.00514,0.04027,0.02348,0.15629,0.03000,0.16184,0.22590,0.06862,-54.33,2.607,-1,0.0000,-1.00,0.0000,0
138205,1790787934940,0.04580,0.00992,0.15548,0.12620,0.03838,0.03093,0.03900,0.14276,0.04850,0.10607,0.20623,0.05073,0.02728,0.00443,0.16251,0.10347,0.03573,0.03165,0.04550,0.13920,0.03760,0.12002,0.24084,0.05176,-54.69,2.475,-1,0.0000,-1.00,0.0000,0
138298,1790787935043,0.04160,0.05329,0.04854,0.13377,0.01828,0.02647,0.01849,0.08264,0.28552,0.07970,0.13723,0.07449,0.03194,0.00109,0.03942,0.12869,0.00494,0.02555,0.02193,0.09121,0.31661,0.09451,0.15937,0.08473,-55.19,3.426,-1,0.0000,-1.00,0.0000,0
138390,1790787935121,0.06519,0.03537,0.03652,0.19253,0.01503,0.02932,0.02148,0.14725,0.19816,0.04616,0.16339,0.04958,0.04424,0.00290,0.03306,0.19293,0.00686,0.02670,0.02419,0.17086,0.19920,0.05396,0.19049,0.05461,-55.39,2.378,-1,0.0000,-1.00,0.0000,0
138483,1790787935220,0.06054,0.03567,0.02387,0.16852,0.01997,0.02484,0.01056,0.17460,0.21008,0.03231,0.17612,0.06292,0.03021,0.00084,0.02129,0.16103,0.00935,0.02389,0.01235,0.20514,0.21975,0.03691,0.20630,0.07295,-55.89,2.521,-1,0.0000,-1.00,0.0000,0
138576,1790787935322,0.06727,0.04234,0.03655,0.10690,0.03196,0.04025,0.05421,0.08486,0.17364,0.05338,0.21466,0.09398,0.06170,0.01257,0.03184,0.07852,0.01843,0.03600,0.06246,0.09537,0.19249,0.06031,0.25008,0.10022,-55.35,2.576,-1,0.0000,-1.00,0.0000,0
138669,1790787935401,0.06186,0.05372,0.02842,0.14237,0.05737,0.05624,0.06260,0.06321,0.12067,0.03649,0.16180,0.15524,0.05978,0.04135,0.02675,0.13434,0.03449,0.05554,0.06675,0.07050,0.11797,0.03689,0.18287,0.17278,-54.49,1.942,-1,0.0000,-1.00,0.0000,0
138762,1790787935512,0.11002,0.08760,0.02313,0.16842,0.02428,0.06322,0.02724,0.06087,0.21274,0.05577,0.11600,0.05072,0.11784,0.06138,0.01516,0.17631,0.01782,0.05239,0.01982,0.07058,0.21989,0.06336,0.12861,0.05685,-54.41,2.553,-1,0.0000,-1.00,0.0000,0
138855,1790787935582,0.09834,0.07219,0.01676,0.15896,0.01632,0.08777,0.02715,0.07009,0.20255,0.05475,0.14648,0.04864,0.10148,0.04464,0.00742,0.15902,0.00874,0.08524,0.02368,0.08251,0.21118,0.06387,0.15862,0.05359,-54.51,2.431,-1,0.0000,-1.00,0.0000,0
138948,1790787935679,0.05272,0.06488,0.03103,0.15394,0.02722,0.09755,0.02937,0.06718,0.11682,0.04814,0.24012,0.07102,0.04781,0.05569,0.02628,0.13164,0.01653,0.10757,0.02398,0.07546,0.11328,0.05501,0.26639,0.08035,-54.42,2.881,-1,0.0000,-1.00,0.0000,0
139041,1790787935760,0.01950,0.06297,0.06096,0.10471,0.05236,0.06552,0.04039,0.07445,0.11127,0.04167,0.14796,0.21825,0.00798,0.05293,0.06357,0.09334,0.01238,0.07693,0.03780,0.07671,0.11451,0.04779,0.16205,0.25402,-54.29,2.619,-1,0.0000,-1.00,0.0000,0
139133,1790787935860,0.01593,0.04037,0.00942,0.07910,0.09306,0.05200,0.04851,0.04119,0.07498,0.03363,0.20446,0.30735,0.00950,0.03248,0.00488,0.04858,0.04054,0.06043,0.05168,0.04839,0.08017,0.03230,0.23301,0.35804,-54.75,3.688,-1,0.0000,-1.00,0.0000,0
139226,1790787935960,0.04278,0.08357,0.01429,0.09824,0.06322,0.07413,0.05243,0.03947,0.22361,0.04132,0.11380,0.15314,0.04219,0.05071,0.00893,0.09386,0.04100,0.08089,0.05249,0.04581,0.24933,0.04138,0.12033,0.17309,-55.01,2.683,-1,0.0000,-1.00,0.0000,0
139319,1790787936042,0.06981,0.12088,0.00625,0.04985,0.01603,0.06757,0.01006,0.03177,0.52003,0.01816,0.04850,0.04110,0.07668,0.02356,0.00353,0.05079,0.00987,0.06576,0.00726,0.03750,0.61289,0.01996,0.04508,0.04712,-53.92,6.240,-1,0.0000,-1.00,0.0000,0
139412,1790787936141,0.06600,0.09058,0.00970,0.07081,0.02497,0.11319,0.01900,0.03258,0.39994,0.02834,0.07191,0.07298,0.07156,0.01638,0.00541,0.07254,0.01325,0.12154,0.01952,0.03797,0.46485,0.03133,0.06207,0.08357,-54.02,4.799,-1,0.0000,-1.00,0.0000,0
139505,1790787936240,0.04109,0.05860,0.04239,0.13421,0.02931,0.09967,0.03839,0.06120,0.24167,0.04868,0.10356,0.10121,0.03523,0.01870,0.03972,0.14064,0.01261,0.11245,0.03893,0.06883,0.26170,0.05583,0.10180,0.11356,-54.28,2.900,-1,0.0000,-1.00,0.0000,0
139598,1790787936340,0.06464,0.09298,0.01304,0.13234,0.02247,0.06346,0.09155,0.04666,0.28409,0.03769,0.06524,0.08584,0.06691,0.04965,0.00708,0.14555,0.01045,0.06282,0.09978,0.05458,0.31156,0.04309,0.06572,0.08280,-53.66,3.409,-1,0.0000,-1.00,0.0000,0
139691,1790787936421,0.08248,0.08816,0.02008,0.05962,0.01924,0.06804,0.10106,0.08494,0.27946,0.04662,0.08017,0.07013,0.07316,0.04746,0.01340,0.05503,0.01078,0.06703,0.11168,0.09912,0.32387,0.05380,0.08278,0.06189,-53.93,3.353,-1,0.0000,-1.00,0.0000,0
139784,1790787936520,0.03571,0.03826,0.00718,0.06957,0.09448,0.03044,0.01663,0.08218,0.10844,0.01417,0.05363,0.44929,0.02272,0.02369,0.00551,0.07188,0.00708,0.03197,0.01523,0.09739,0.11562,0.01564,0.05792,0.53534,-53.89,5.392,-1,0.0000,-1.00,0.0000,0
139877,1790787936623,0.04857,0.03580,0.01016,0.15086,0.06257,0.04922,0.03067,0.11899,0.10415,0.02425,0.06157,0.30319,0.03004,0.02492,0.00658,0.16823,0.00415,0.05308,0.03181,0.14127,0.09144,0.02823,0.06326,0.35699,-54.19,3.638,-1,0.0000,-1.00,0.0000,0
139969,1790787936700,0.07780,0.04186,0.01882,0.09682,0.05482,0.03755,0.06796,0.18282,0.05991,0.01379,0.07375,0.27408,0.05107,0.04010,0.01942,0.09987,0.00361,0.03487,0.07348,0.21522,0.05199,0.01581,0.08146,0.31310,-54.52,3.289,-1,0.0000,-1.00,0.0000,0
140062,1790787936800,0.06103,0.08582,0.01031,0.07737,0.05015,0.02789,0.05013,0.21958,0.07923,0.00477,0.08409,0.24963,0.02176,0.08692,0.01132,0.07387,0.00254,0.02911,0.04282,0.26088,0.08029,0.00522,0.09499,0.29028,-54.82,2.996,-1,0.0000,-1.00,0.0000,0
140155,1790787936881,0.06100,0.07428,0.03537,0.08370,0.05198,0.02705,0.07020,0.10887,0.13023,0.02438,0.10865,0.22428,0.04865,0.06104,0.03705,0.07538,0.01183,0.02277,0.07188,0.12325,0.14110,0.02687,0.12567,0.25450,-55.67,2.691,-1,0.0000,-1.00,0.0000,0
140248,1790787936981,0.03714,0.07724,0.01304,0.08462,0.03836,0.03233,0.09472,0.07131,0.26192,0.02187,0.07355,0.19390,0.02798,0.03369,0.01059,0.08523,0.00411,0.03319,0.10681,0.08335,0.29694,0.02539,0.08155,0.21117,-56.07,3.143,-1,0.0000,-1.00,0.0000,0
140341,1790787937060,0.03645,0.05955,0.03150,0.05921,0.04816,0.03144,0.07510,0.09059,0.20930,0.04686,0.09121,0.22064,0.01999,0.02690,0.02689,0.05060,0.00863,0.03370,0.08465,0.10322,0.24045,0.05475,0.10261,0.24760,-55.14,2.648,-1,0.0000,-1.00,0.0000,0
140434,1790787937160,0.08127,0.02803,0.05165,0.07616,0.02077,0.04307,0.04973,0.34140,0.10942,0.04278,0.05584,0.09988,0.01850,0.01074,0.05186,0.07988,0.00346,0.04794,0.05746,0.39879,0.11523,0.05062,0.05741,0.10812,-54.00,4.097,-1,0.0000,-1.00,0.0000,0
140527,1790787937260,0.08417,0.01175,0.13894,0.10358,0.01657,0.01511,0.04551,0.41251,0.03696,0.01554,0.03643,0.08292,0.00895,0.01021,0.16285,0.11610,0.00223,0.01633,0.05250,0.46200,0.02109,0.01836,0.04042,0.08895,-54.07,4.950,-1,0.0000,-1.00,0.0000,0
140620,1790787937341,0.08575,0.01166,0.13233,0.08017,0.01967,0.02178,0.01065,0.42296,0.04092,0.01103,0.07320,0.08989,0.00823,0.00756,0.15604,0.07964,0.00266,0.02446,0.01127,0.47588,0.03324,0.01268,0.08286,0.10547,-54.39,5.076,-1,0.0000,-1.00,0.0000,0
140712,1790787937460,0.07823,0.03155,0.19669,0.07551,0.01287,0.02302,0.02225,0.36235,0.04047,0.01350,0.08687,0.05668,0.01832,0.03097,0.23259,0.07078,0.00307,0.02396,0.02052,0.38807,0.03447,0.01556,0.09935,0.06235,-54.78,4.348,-1,0.0000,-1.00,0.0000,0
140805,1790787937542,0.09954,0.02869,0.08835,0.09647,0.00948,0.00675,0.03161,0.47768,0.03679,0.01852,0.06490,0.04121,0.00998,0.03044,0.10158,0.10041,0.00303,0.00611,0.03167,0.55242,0.02418,0.02159,0.07656,0.04203,-55.23,5.732,-1,0.0000,-1.00,0.0000,0
140898,1790787937640,0.06308,0.01479,0.13872,0.13846,0.03459,0.00784,0.01810,0.30469,0.03768,0.00930,0.06014,0.17259,0.01002,0.01504,0.16407,0.15191,0.00132,0.00741,0.01871,0.33257,0.01503,0.01088,0.07059,0.20244,-54.90,3.656,-1,0.0000,-1.00,0.0000,0
140991,1790787937720,0.06765,0.01082,0.03601,0.11771,0.05706,0.09829,0.06717,0.11240,0.04219,0.03216,0.07398,0.28456,0.05574,0.00800,0.03562,0.12766,0.00387,0.10672,0.07875,0.12777,0.02506,0.03796,0.06749,0.32536,-54.86,3.415,-1,0.0000,-1.00,0.0000,0
141084,1790787937820,0.08728,0.03314,0.02501,0.12464,0.03224,0.11480,0.04729,0.16304,0.07553,0.05180,0.09547,0.14976,0.06628,0.02721,0.01786,0.13156,0.00507,0.12441,0.05127,0.19182,0.06442,0.06106,0.08973,0.16928,-55.30,1.957,-1,0.0000,-1.00,0.0000,0
141177,1790787937921,0.09156,0.07068,0.06019,0.10835,0.03360,0.08677,0.06488,0.12535,0.06935,0.04807,0.10158,0.13963,0.08208,0.07278,0.06106,0.10915,0.00958,0.08770,0.06332,0.13809,0.06136,0.05579,0.10433,0.15476,-54.94,1.676,-1,0.0000,-1.00,0.0000,0
141270,1790787938009,0.07045,0.02358,0.02326,0.11053,0.02772,0.05804,0.12850,0.21026,0.05541,0.03514,0.14807,0.10905,0.03525,0.01909,0.01996,0.09972,0.01321,0.06255,0.15019,0.24798,0.04625,0.03987,0.16503,0.10090,-54.77,2.523,-1,0.0000,-1.00,0.0000,0
141363,1790787938101,0.14693,0.04178,0.01914,0.14319,0.01952,0.17608,0.08804,0.08141,0.06696,0.02254,0.10190,0.09251,0.15773,0.04022,0.01780,0.15444,0.00531,0.17972,0.09747,0.09406,0.04962,0.02595,0.08647,0.09121,-54.93,2.113,-1,0.0000,-1.00,0.0000,0
141455,1790787938180,0.14768,0.03116,0.00733,0.10284,0.04287,0.14032,0.02373,0.12235,0.10003,0.01856,0.08902,0.17412,0.14762,0.01822,0.00480,0.10754,0.01098,0.13887,0.02462,0.14585,0.09854,0.02006,0.07914,0.20376,-54.95,2.089,-1,0.0000,-1.00,0.0000,0
141548,1790787938280,0.06665,0.01703,0.01084,0.14676,0.03689,0.04254,0.00900,0.18029,0.07857,0.02158,0.24501,0.14486,0.03753,0.00644,0.00825,0.11936,0.01020,0.04353,0.00933,0.21458,0.07044,0.02387,0.28495,0.17153,-55.01,2.940,-1,0.0000,-1.00,0.0000,0
141641,1790787938359,0.07360,0.02307,0.01435,0.20328,0.02180,0.03023,0.03566,0.21293,0.08453,0.02548,0.20891,0.06615,0.03741,0.01587,0.01162,0.19508,0.01196,0.02881,0.03948,0.25294,0.06262,0.02816,0.24462,0.07144,-54.93,2.555,-1,0.0000,-1.00,0.0000,0
141734,1790787938461,0.07423,0.01901,0.03738,0.10048,0.04912,0.01990,0.11370,0.18107,0.06780,0.05164,0.12301,0.16266,0.05051,0.01200,0.03356,0.09174,0.02609,0.01420,0.13386,0.21031,0.06305,0.05670,0.14458,0.16340,-55.02,2.173,-1,0.0000,-1.00,0.0000,0
141827,1790787938561,0.06864,0.03510,0.04430,0.10585,0.04203,0.01895,0.08120,0.14487,0.06030,0.11488,0.16355,0.12032,0.04879,0.03132,0.02678,0.08851,0.02516,0.01324,0.09106,0.16830,0.05471,0.13266,0.19335,0.12612,-55.39,1.963,-1,0.0000,-1.00,0.0000,0
141920,1790787938642,0.06622,0.05347,0.01639,0.12765,0.03679,0.02697,0.07629,0.14799,0.09227,0.04858,0.20116,0.10621,0.04095,0.04991,0.00895,0.10614,0.02156,0.02470,0.08152,0.17555,0.08952,0.05393,0.23615,0.11111,-55.75,2.414,-1,0.0000,-1.00,0.0000,0
142013,1790787938761,0.08438,0.04107,0.01507,0.12954,0.04461,0.03745,0.06439,0.09833,0.11094,0.04180,0.21238,0.12004,0.07934,0.02741,0.00923,0.10591,0.02808,0.02914,0.07163,0.11608,0.11193,0.04452,0.24871,0.12800,-56.28,2.549,-1,0.0000,-1.00,0.0000,0
142106,1790787938841,0.09159,0.07539,0.04348,0.09351,0.03432,0.03283,0.05085,0.11492,0.16898,0.04747,0.14394,0.10272,0.08407,0.05337,0.04145,0.07878,0.01783,0.02354,0.05035,0.12949,0.18647,0.05373,0.16781,0.11311,-55.75,2.028,-1,0.0000,-1.00,0.0000,0
142199,1790787938941,0.05589,0.14250,0.01073,0.17164,0.02150,0.03657,0.04933,0.07644,0.19469,0.01998,0.13780,0.08292,0.04914,0.13136,0.00840,0.17428,0.00736,0.03408,0.03307,0.08993,0.19874,0.02248,0.15836,0.09280,-55.50,2.336,-1,0.0000,-1.00,0.0000,0
142291,1790787939020,0.02438,0.20537,0.01208,0.12797,0.02640,0.04749,0.05875,0.07323,0.11941,0.02872,0.17371,0.10250,0.01214,0.22222,0.00797,0.11422,0.00833,0.05449,0.02635,0.08616,0.12039,0.03280,0.19734,0.11759,-55.78,2.464,-1,0.0000,-1.00,0.0000,0
142384,1790787939120,0.02624,0.16487,0.04582,0.19851,0.02642,0.02984,0.07461,0.06506,0.13745,0.03105,0.11897,0.08116,0.01728,0.17379,0.04810,0.21087,0.01454,0.03233,0.05495,0.06842,0.12290,0.03432,0.13614,0.08636,-55.44,2.382,-1,0.0000,-1.00,0.0000,0
142477,1790787939220,0.06879,0.15739,0.01875,0.14277,0.03069,0.04396,0.04743,0.09930,0.09519,0.03154,0.15079,0.11340,0.05945,0.17137,0.01538,0.13687,0.01073,0.04089,0.02286,0.11593,0.08685,0.03575,0.17257,0.13135,-54.90,1.889,-1,0.0000,-1.00,0.0000,0
142570,1790787939300,0.08613,0.06483,0.06451,0.17212,0.03367,0.02749,0.03033,0.11555,0.06541,0.01063,0.20098,0.12835,0.07871,0.06840,0.07519,0.15918,0.01075,0.01733,0.02278,0.12355,0.04682,0.01061,0.23739,0.14928,-54.31,2.412,-1,0.0000,-1.00,0.0000,0
142663,1790787939400,0.08826,0.07130,0.01176,0.34135,0.02138,0.03047,0.03207,0.11725,0.12584,0.01296,0.08351,0.06385,0.07903,0.07087,0.01147,0.39000,0.01154,0.02084,0.02437,0.13822,0.07348,0.01324,0.09593,0.07101,-54.34,4.096,-1,0.0000,-1.00,0.0000,0
142756,1790787939508,0.04386,0.11933,0.01834,0.24837,0.06236,0.03761,0.03738,0.10722,0.14399,0.02251,0.06225,0.09678,0.02781,0.12046,0.01818,0.28440,0.05206,0.04005,0.02091,0.12487,0.11368,0.01913,0.06666,0.11182,-54.55,2.980,-1,0.0000,-1.00,0.0000,0
142849,1790787939582,0.03430,0.07461,0.01134,0.10805,0.05036,0.16775,0.02489,0.07995,0.20363,0.02185,0.11469,0.10858,0.02197,0.04592,0.00978,0.10995,0.03538,0.19665,0.02024,0.09434,0.22220,0.01917,0.09844,0.12595,-54.94,2.444,-1,0.0000,-1.00,0.0000,0
142942,1790787939660,0.07288,0.04800,0.04689,0.07408,0.03860,0.04204,0.12998,0.10336,0.13485,0.02517,0.17684,0.10731,0.06422,0.02765,0.05126,0.04824,0.02660,0.03765,0.14870,0.11526,0.15202,0.02488,0.20443,0.09910,-55.23,2.122,-1,0.0000,-1.00,0.0000,0
143034,1790787939760,0.05886,0.11504,0.00998,0.12050,0.05248,0.11235,0.03242,0.07383,0.11458,0.02370,0.12096,0.16531,0.05320,0.11536,0.00728,0.12053,0.02421,0.12410,0.01559,0.08741,0.11340,0.02359,0.12033,0.19499,-54.74,1.984,-1,0.0000,-1.00,0.0000,0
143127,1790787939861,0.05431,0.11530,0.01460,0.15983,0.03041,0.09739,0.02224,0.03773,0.17097,0.04738,0.15794,0.09190,0.05703,0.10380,0.00678,0.15814,0.01491,0.10546,0.00607,0.04386,0.17331,0.05401,0.16835,0.10827,-54.19,2.052,-1,0.0000,-1.00,0.0000,0
143220,1790787939940,0.10017,0.09855,0.00832,0.26115,0.03714,0.08345,0.02372,0.08338,0.15082,0.03142,0.07146,0.05043,0.10081,0.09401,0.00380,0.29908,0.03299,0.08001,0.00958,0.09936,0.12143,0.03111,0.06976,0.05805,-54.17,3.134,-1,0.0000,-1.00,0.0000,0
143313,1790787940063,0.07088,0.09285,0.03136,0.26690,0.02841,0.06820,0.03460,0.08216,0.16097,0.02265,0.08360,0.05742,0.06672,0.08491,0.03304,0.30264,0.02138,0.06849,0.02463,0.09190,0.13288,0.02290,0.08659,0.06391,-54.74,3.203,-1,0.0000,-1.00,0.0000,0
143406,1790787940141,0.06271,0.11562,0.03242,0.13935,0.05421,0.06336,0.04382,0.09755,0.19539,0.03693,0.06341,0.09523,0.05286,0.09855,0.03178,0.15448,0.04363,0.06544,0.03297,0.11059,0.20350,0.03561,0.06301,0.10757,-54.92,2.345,-1,0.0000,-1.00,0.0000,0
143499,1790787940241,0.04683,0.09161,0.07052,0.28680,0.01941,0.04324,0.03718,0.05378,0.22596,0.01561,0.04219,0.06688,0.04653,0.06930,0.08112,0.33530,0.00858,0.04258,0.03081,0.04836,0.20419,0.01709,0.04211,0.07402,-54.10,3.442,-1,0.0000,-1.00,0.0000,0
143592,1790787940320,0.04780,0.03967,0.01050,0.29865,0.01676,0.03996,0.04454,0.08303,0.21073,0.02289,0.13158,0.05388,0.03712,0.01090,0.00751,0.32820,0.00912,0.04066,0.05020,0.09901,0.18745,0.02563,0.14961,0.05461,-53.72,3.584,-1,0.0000,-1.00,0.0000,0
143685,1790787940420,0.03693,0.07719,0.01012,0.22650,0.02791,0.02559,0.05033,0.03802,0.16242,0.02524,0.25688,0.06286,0.03540,0.06231,0.00694,0.21132,0.02040,0.02364,0.04796,0.04419,0.15272,0.02620,0.30311,0.06582,-54.70,3.083,-1,0.0000,-1.00,0.0000,0
143777,1790787940520,0.04654,0.12886,0.01724,0.10995,0.03401,0.03589,0.04270,0.07721,0.20865,0.03299,0.15526,0.11070,0.03807,0.10934,0.01344,0.09626,0.01578,0.03546,0.02949,0.08985,0.23093,0.03640,0.17901,0.12598,-55.23,2.504,-1,0.0000,-1.00,0.0000,0
143870,1790787940601,0.10053,0.04243,0.01530,0.23350,0.04528,0.03584,0.02187,0.08951,0.14818,0.04208,0.09924,0.12624,0.09995,0.02574,0.00933,0.25712,0.02517,0.02313,0.02077,0.10574,0.12658,0.04543,0.11432,0.14670,-54.67,2.802,-1,0.0000,-1.00,0.0000,0
143963,1790787940701,0.09166,0.03370,0.02859,0.27302,0.03814,0.02827,0.02914,0.09446,0.13483,0.06052,0.10919,0.07848,0.08865,0.02022,0.02099,0.30184,0.02835,0.01630,0.03090,0.10902,0.10172,0.06690,0.12760,0.08748,-54.42,3.276,-1,0.0000,-1.00,0.0000,0
144056,1790787940780,0.05039,0.06499,0.15052,0.04893,0.07669,0.02088,0.10305,0.13363,0.08170,0.04601,0.13147,0.09174,0.03629,0.05958,0.17237,0.02810,0.07467,0.01782,0.11167,0.12595,0.09232,0.04032,0.15400,0.08691,-54.11,1.806,-1,0.0000,-1.00,0.0000,0
144149,1790787940880,0.05282,0.05360,0.00853,0.25971,0.03099,0.01742,0.07419,0.08846,0.20576,0.02201,0.13141,0.05510,0.04223,0.02666,0.00607,0.28047,0.02733,0.01250,0.08361,0.10479,0.19095,0.02096,0.15499,0.04944,-54.43,3.117,-1,0.0000,-1.00,0.0000,0
144242,1790787940961,0.06095,0.04460,0.15118,0.11138,0.03861,0.03554,0.07621,0.07595,0.15026,0.03400,0.09748,0.12382,0.06191,0.02219,0.17381,0.11149,0.02029,0.03032,0.08678,0.05670,0.15764,0.03702,0.11080,0.13106,-55.07,1.814,-1,0.0000,-1.00,0.0000,0
144335,1790787941063,0.05749,0.05674,0.00970,0.30475,0.02895,0.02115,0.03383,0.09223,0.17393,0.01786,0.09199,0.11139,0.04726,0.04021,0.00774,0.34393,0.00951,0.01597,0.03244,0.10910,0.14014,0.01960,0.10706,0.12704,-54.94,3.657,-1,0.0000,-1.00,0.0000,0
144428,1790787941160,0.05614,0.06291,0.00732,0.27927,0.01673,0.01406,0.02752,0.09704,0.14431,0.01574,0.21666,0.06229,0.04451,0.05252,0.00527,0.28348,0.00617,0.00806,0.02256,0.11523,0.11673,0.01764,0.25802,0.06981,-54.70,3.351,-1,0.0000,-1.00,0.0000,0
144520,1790787941240,0.14687,0.04818,0.06981,0.11208,0.02061,0.03486,0.02481,0.12723,0.09404,0.02476,0.25339,0.04338,0.14829,0.03888,0.07837,0.07459,0.01522,0.01240,0.02202,0.13691,0.09790,0.02665,0.30116,0.04761,-54.88,3.041,-1,0.0000,-1.00,0.0000,0
144613,1790787941360,0.09189,0.08698,0.03265,0.07862,0.02702,0.02475,0.02498,0.15565,0.23483,0.03522,0.13185,0.07553,0.07426,0.05149,0.03136,0.06348,0.01530,0.01494,0.01963,0.18039,0.26880,0.03917,0.15502,0.08615,-54.58,2.818,-1,0.0000,-1.00,0.0000,0
144706,1790787941440,0.05363,0.04217,0.06675,0.08391,0.02366,0.07327,0.04725,0.16262,0.10576,0.08129,0.17463,0.08507,0.02774,0.02856,0.06099,0.06230,0.01021,0.08229,0.05096,0.18277,0.11395,0.09580,0.19293,0.09150,-53.74,2.096,-1,0.0000,-1.00,0.0000,0
144799,1790787941540,0.12106,0.03204,0.02418,0.19804,0.04031,0.01959,0.09510,0.05414,0.16401,0.09266,0.11644,0.04243,0.13074,0.00967,0.00792,0.21006,0.02961,0.01057,0.11203,0.06330,0.15385,0.10618,0.13742,0.02864,-53.58,2.377,-1,0.0000,-1.00,0.0000,0
144892,1790787941622,0.15338,0.04013,0.01291,0.15077,0.01555,0.04333,0.18108,0.06425,0.16828,0.02193,0.08715,0.06125,0.16893,0.01447,0.01054,0.16086,0.00795,0.02297,0.21410,0.07490,0.16959,0.02486,0.09987,0.03095,-53.56,2.173,-1,0.0000,-1.00,0.0000,0
144985,1790787941721,0.12570,0.02663,0.03473,0.09847,0.04722,0.11915,0.08073,0.12611,0.07892,0.04228,0.10086,0.11922,0.12067,0.01829,0.03252,0.09901,0.02412,0.12664,0.09293,0.14483,0.07493,0.04588,0.09575,0.12443,-53.95,1.513,-1,0.0000,-1.00,0.0000,0
145078,1790787941821,0.09664,0.03367,0.03250,0.09137,0.05420,0.05617,0.07110,0.15128,0.10639,0.07739,0.12995,0.09934,0.08663,0.02163,0.02238,0.08058,0.04637,0.05013,0.08091,0.17683,0.11151,0.08354,0.14578,0.09372,-54.59,1.815,-1,0.0000,-1.00,0.0000,0
145171,1790787941902,0.05801,0.05762,0.03056,0.15394,0.05224,0.04069,0.09792,0.07017,0.13352,0.06916,0.15038,0.08580,0.05370,0.04338,0.02187,0.15023,0.04648,0.03811,0.10873,0.07974,0.12945,0.07442,0.17264,0.08125,-54.76,1.847,-1,0.0000,-1.00,0.0000,0
145264,1790787942006,0.10364,0.04422,0.01501,0.16645,0.03179,0.07088,0.03607,0.10243,0.17384,0.04107,0.15678,0.05783,0.10104,0.01947,0.00924,0.16476,0.02632,0.06490,0.03916,0.12110,0.17553,0.04410,0.17500,0.05939,-54.79,2.086,-1,0.0000,-1.00,0.0000,0
145356,1790787942082,0.05131,0.04471,0.02968,0.08760,0.02975,0.03487,0.11456,0.11551,0.17974,0.05719,0.20011,0.05497,0.03307,0.01522,0.02289,0.05885,0.02700,0.03609,0.13425,0.13388,0.20290,0.06397,0.23263,0.03925,-54.76,2.401,-1,0.0000,-1.00,0.0000,0
145449,1790787942180,0.03542,0.07585,0.01886,0.11913,0.02667,0.03400,0.05133,0.05574,0.30634,0.03383,0.18089,0.06195,0.02975,0.02209,0.01533,0.10115,0.01947,0.03484,0.05685,0.06403,0.34702,0.03668,0.20984,0.06296,-54.89,3.676,-1,0.0000,-1.00,0.0000,0
145542,1790787942261,0.03927,0.08372,0.03906,0.11004,0.02740,0.08330,0.08121,0.07109,0.14734,0.06468,0.17039,0.08250,0.03149,0.06950,0.03209,0.09506,0.01646,0.09372,0.08353,0.07882,0.15771,0.07423,0.18559,0.08178,-55.46,2.045,-1,0.0000,-1.00,0.0000,0
145635,1790787942360,0.05245,0.10281,0.03604,0.06378,0.02488,0.13201,0.05793,0.03301,0.23471,0.03717,0.12470,0.10052,0.05650,0.06950,0.03468,0.05257,0.00815,0.14698,0.05525,0.03307,0.27081,0.04293,0.12028,0.10929,-56.36,2.816,-1,0.0000,-1.00,0.0000,0
145728,1790787942461,0.07041,0.06899,0.03716,0.09492,0.01890,0.13728,0.03490,0.08060,0.21278,0.03428,0.14449,0.06527,0.07153,0.03551,0.03671,0.08533,0.00898,0.15081,0.03478,0.08930,0.23791,0.03943,0.14324,0.06646,-56.52,2.553,-1,0.0000,-1.00,0.0000,0
145821,1790787942542,0.03342,0.10007,0.02801,0.08065,0.02722,0.15044,0.02978,0.02376,0.23817,0.03824,0.16670,0.08353,0.03529,0.06594,0.02502,0.06385,0.01367,0.17327,0.02261,0.02351,0.27273,0.04311,0.16539,0.09561,-55.43,2.858,-1,0.0000,-1.00,0.0000,0
145914,1790787942665,0.03075,0.13102,0.04063,0.06172,0.03433,0.14818,0.04382,0.03148,0.16063,0.04915,0.16501,0.10328,0.03084,0.12056,0.03761,0.04150,0.01759,0.17157,0.02861,0.03027,0.18380,0.05585,0.16371,0.11809,-54.80,1.980,-1,0.0000,-1.00,0.0000,0
146007,1790787942740,0.05163,0.04641,0.04464,0.09173,0.04497,0.05045,0.08311,0.14546,0.13455,0.02714,0.14382,0.13609,0.02811,0.02733,0.04803,0.07791,0.02517,0.05488,0.08842,0.17053,0.14578,0.02753,0.16145,0.14488,-55.13,1.746,-1,0.0000,-1.00,0.0000,0
146099,1790787942840,0.04734,0.09369,0.04369,0.09906,0.03440,0.11348,0.04814,0.09968,0.16097,0.03905,0.12973,0.09078,0.03435,0.07778,0.04389,0.09297,0.02097,0.12945,0.04066,0.11234,0.17445,0.04264,0.12978,0.10072,-55.36,1.932,-1,0.0000,-1.00,0.0000,0
146192,1790787942920,0.11116,0.10140,0.06044,0.08243,0.04703,0.10689,0.04316,0.03426,0.14256,0.05891,0.13467,0.07710,0.12640,0.09142,0.05997,0.07083,0.03936,0.10303,0.03359,0.02917,0.15677,0.06278,0.14094,0.08572,-55.80,1.711,-1,0.0000,-1.00,0.0000,0
146285,1790787943020,0.03922,0.09130,0.04755,0.07406,0.04349,0.12356,0.02385,0.02896,0.18668,0.04165,0.23683,0.06286,0.04107,0.06722,0.04857,0.03798,0.03772,0.13992,0.01381,0.02652,0.21615,0.04243,0.25604,0.07259,-55.82,2.842,-1,0.0000,-1.00,0.0000,0
146378,1790787943120,0.04690,0.11913,0.02888,0.07024,0.05442,0.08411,0.10572,0.04624,0.12183,0.04174,0.13326,0.14753,0.04584,0.11626,0.02601,0.05614,0.03375,0.09215,0.10287,0.05101,0.13486,0.04332,0.14141,0.15639,-55.48,1.770,-1,0.0000,-1.00,0.0000,0
146471,1790787943200,0.04509,0.09910,0.03631,0.03275,0.02406,0.14627,0.10079,0.02246,0.20607,0.10715,0.09741,0.08253,0.04884,0.07127,0.01858,0.02261,0.01342,0.16559,0.10664,0.02323,0.24244,0.12573,0.08390,0.07775,-55.09,2.473,-1,0.0000,-1.00,0.0000,0
146564,1790787943300,0.05345,0.08999,0.05661,0.04541,0.02953,0.13902,0.02816,0.02757,0.16079,0.14741,0.10534,0.11670,0.05880,0.07104,0.03314,0.03548,0.00844,0.15492,0.01966,0.02646,0.18563,0.17496,0.09551,0.13594,-54.53,1.930,-1,0.0000,-1.00,0.0000,0
146657,1790787943381,0.03531,0.11870,0.02457,0.04248,0.03519,0.21194,0.03483,0.02193,0.15154,0.06565,0.13071,0.12715,0.03767,0.10740,0.01428,0.02960,0.01119,0.24806,0.02045,0.02344,0.17571,0.07645,0.10744,0.14830,-54.41,2.543,-1,0.0000,-1.00,0.0000,0
146750,1790787943506,0.04041,0.10831,0.02447,0.06848,0.03972,0.15699,0.07955,0.03423,0.10136,0.06396,0.17947,0.10304,0.03986,0.10863,0.01507,0.04650,0.02602,0.18021,0.07379,0.03803,0.11182,0.07189,0.17933,0.10884,-54.60,2.154,-1,0.0000,-1.00,0.0000,0
146842,1790787943560,0.07646,0.10017,0.02770,0.05794,0.03358,0.10782,0.12124,0.02732,0.13542,0.03725,0.12977,0.14534,0.08725,0.08955,0.02478,0.04299,0.01095,0.11190,0.12752,0.02782,0.15375,0.04246,0.13331,0.14773,-53.79,1.744,-1,0.0000,-1.00,0.0000,0
146935,1790787943660,0.03518,0.19070,0.04967,0.04926,0.03198,0.07268,0.11794,0.02363,0.14151,0.03448,0.11505,0.13792,0.03857,0.19627,0.05170,0.03482,0.00958,0.07945,0.10242,0.01806,0.16265,0.03942,0.12211,0.14496,-52.78,2.288,-1,0.0000,-1.00,0.0000,0
147028,1790787943761,0.02443,0.23830,0.02166,0.13845,0.01604,0.06351,0.05914,0.02642,0.20703,0.02710,0.11773,0.06019,0.02328,0.24239,0.01974,0.14074,0.00582,0.07148,0.02281,0.02775,0.22017,0.03132,0.12690,0.06760,-53.67,2.860,-1,0.0000,-1.00,0.0000,0
147121,1790787943861,0.02211,0.12492,0.01894,0.12924,0.03568,0.07049,0.08109,0.01995,0.19445,0.03879,0.13774,0.12661,0.02210,0.10879,0.01390,0.12529,0.01564,0.08008,0.07549,0.02126,0.20721,0.04434,0.14917,0.13674,-54.99,2.333,-1,0.0000,-1.00,0.0000,0
147214,1790787943961,0.02782,0.08810,0.02079,0.18899,0.01927,0.05203,0.08709,0.01782,0.26893,0.03016,0.12956,0.06943,0.02982,0.04946,0.01815,0.19789,0.01032,0.05643,0.09455,0.01775,0.28301,0.03409,0.14406,0.06445,-54.50,3.227,-1,0.0000,-1.00,0.0000,0
147307,1790787944043,0.02796,0.05704,0.02893,0.13955,0.04999,0.03773,0.10958,0.02552,0.09447,0.05187,0.28943,0.08795,0.02861,0.04984,0.02406,0.10002,0.04382,0.03954,0.12133,0.02589,0.09336,0.05347,0.33896,0.08109,-54.26,3.473,-1,0.0000,-1.00,0.0000,0
147400,1790787944140,0.01649,0.04886,0.01632,0.30352,0.01987,0.02420,0.10975,0.04447,0.18839,0.01705,0.14417,0.06692,0.01443,0.02683,0.01599,0.33047,0.01367,0.02625,0.12619,0.05012,0.15999,0.01795,0.16755,0.05056,-54.51,3.642,-1,0.0000,-1.00,0.0000,0
147493,1790787944221,0.02962,0.03633,0.01213,0.28859,0.01913,0.04522,0.07889,0.04958,0.16358,0.02623,0.17726,0.07343,0.02372,0.01703,0.00866,0.30564,0.00906,0.04948,0.09116,0.05769,0.13542,0.02963,0.20260,0.06991,-54.94,3.463,-1,0.0000,-1.00,0.0000,0
147586,1790787944320,0.03339,0.04174,0.01092,0.24168,0.01572,0.04727,0.13203,0.08121,0.16859,0.02155,0.14328,0.06261,0.02093,0.02061,0.00837,0.25762,0.01010,0.05249,0.15412,0.09565,0.15094,0.02381,0.16128,0.04407,-55.27,2.900,-1,0.0000,-1.00,0.0000,0
147678,1790787944421,0.04262,0.03456,0.01133,0.24866,0.01434,0.03215,0.08028,0.15066,0.16051,0.01543,0.15716,0.05230,0.01760,0.01443,0.01024,0.26203,0.00818,0.03582,0.09334,0.17849,0.14039,0.01686,0.18121,0.04141,-55.14,2.984,-1,0.0000,-1.00,0.0000,0
147771,1790787944504,0.04842,0.04714,0.11711,0.12177,0.02252,0.02919,0.05635,0.15824,0.13409,0.02820,0.18776,0.04921,0.02570,0.02866,0.13433,0.10249,0.01772,0.02988,0.06179,0.16304,0.14035,0.03028,0.21905,0.04672,-54.84,2.253,-1,0.0000,-1.00,0.0000,0
147864,1790787944600,0.03774,0.03267,0.01233,0.37990,0.01162,0.01443,0.04764,0.14225,0.14075,0.02016,0.12701,0.03350,0.01165,0.02274,0.01019,0.42563,0.00803,0.01498,0.05257,0.16843,0.08369,0.02315,0.14922,0.02971,-54.71,4.559,-1,0.0000,-1.00,0.0000,0
147957,1790787944685,0.04381,0.03680,0.01261,0.34290,0.01463,0.01627,0.03230,0.10401,0.16680,0.01666,0.18529,0.02792,0.02822,0.01895,0.01160,0.36741,0.01226,0.01390,0.03480,0.12248,0.12688,0.01769,0.21927,0.02655,-55.02,4.115,3,0.9502,38.92,0.9502,1
148050,1790787944780,0.02933,0.04968,0.04825,0.28926,0.01091,0.01645,0.02566,0.07260,0.21191,0.01932,0.20003,0.02661,0.01997,0.02097,0.05353,0.29970,0.00779,0.01575,0.02643,0.07655,0.19450,0.02161,0.23656,0.02664,-55.65,3.471,-1,0.0000,-1.00,0.0000,0
148143,1790787944861,0.01821,0.04625,0.04085,0.20408,0.01501,0.03997,0.08668,0.04930,0.17864,0.03751,0.22009,0.06341,0.01154,0.02061,0.04031,0.19405,0.00682,0.04560,0.09901,0.05185,0.17559,0.04359,0.25468,0.05635,-55.08,2.641,-1,0.0000,-1.00,0.0000,0
148236,1790787944960,0.01700,0.03822,0.04218,0.23260,0.02033,0.08032,0.02743,0.08266,0.15296,0.09465,0.14749,0.06415,0.00345,0.01919,0.02848,0.24743,0.01058,0.09556,0.02874,0.09372,0.13424,0.11132,0.15779,0.06951,-54.16,2.791,-1,0.0000,-1.00,0.0000,0
148329,1790787945065,0.02494,0.02598,0.02475,0.35359,0.00876,0.03944,0.03155,0.05086,0.12835,0.01995,0.25972,0.03212,0.01929,0.01512,0.02507,0.36369,0.00437,0.04343,0.03458,0.05619,0.08161,0.02314,0.30260,0.03090,-54.48,4.243,-1,0.0000,-1.00,0.0000,0
148421,1790787945161,0.02499,0.02385,0.03577,0.31716,0.01365,0.03893,0.03402,0.09268,0.11087,0.03608,0.21163,0.06037,0.01080,0.01570,0.03445,0.33151,0.00388,0.04451,0.03765,0.10422,0.06713,0.04247,0.24476,0.06294,-54.68,3.806,-1,0.0000,-1.00,0.0000,0
148514,1790787945261,0.02505,0.02210,0.01914,0.30135,0.01268,0.09338,0.01608,0.07745,0.12660,0.03648,0.23611,0.03356,0.01207,0.00860,0.01454,0.30931,0.00789,0.10950,0.01698,0.09051,0.09017,0.04237,0.26121,0.03685,-54.38,3.616,-1,0.0000,-1.00,0.0000,0
148607,1790787945340,0.03652,0.02635,0.02551,0.24364,0.01499,0.07729,0.03212,0.07769,0.13422,0.03047,0.25262,0.04859,0.02608,0.00895,0.02364,0.23537,0.00783,0.08743,0.03598,0.08914,0.11417,0.03496,0.28536,0.05109,-54.90,3.031,-1,0.0000,-1.00,0.0000,0
148700,1790787945441,0.02369,0.03154,0.01809,0.26031,0.02260,0.03657,0.04062,0.08348,0.15977,0.03165,0.20136,0.09031,0.00793,0.01145,0.01444,0.26575,0.00722,0.04248,0.04627,0.09730,0.13876,0.03649,0.23285,0.09904,-55.57,3.124,-1,0.0000,-1.00,0.0000,0
148793,1790787945521,0.04552,0.14225,0.03337,0.16653,0.02338,0.03403,0.04848,0.06471,0.12537,0.03167,0.19855,0.08615,0.04044,0.14670,0.03280,0.15366,0.00868,0.03276,0.02889,0.07115,0.11977,0.03623,0.23141,0.09750,-55.75,2.383,-1,0.0000,-1.00,0.0000,0
148886,1790787945620,0.03949,0.09810,0.05504,0.15223,0.01990,0.04243,0.03751,0.08039,0.19652,0.05182,0.13736,0.08919,0.03034,0.07682,0.05380,0.15154,0.00383,0.04483,0.02972,0.08567,0.20543,0.06134,0.15571,0.10098,-55.74,2.358,-1,0.0000,-1.00,0.0000,0
148979,1790787945720,0.04525,0.07119,0.02343,0.26450,0.01326,0.03128,0.04846,0.05025,0.16392,0.04338,0.19725,0.04782,0.04299,0.05713,0.01791,0.27122,0.00637,0.02896,0.04674,0.05666,0.14211,0.05125,0.23061,0.04804,-55.55,3.174,-1,0.0000,-1.00,0.0000,0
149072,1790787945800,0.05038,0.08330,0.04583,0.23683,0.01277,0.03236,0.03964,0.05788,0.15422,0.06155,0.17789,0.04733,0.04821,0.07272,0.04051,0.24268,0.00536,0.02922,0.03308,0.06132,0.13669,0.07269,0.20737,0.05015,-54.63,2.842,-1,0.0000,-1.00,0.0000,0
149164,1790787945900,0.04455,0.03578,0.09601,0.21706,0.01815,0.01264,0.02399,0.06405,0.13746,0.06225,0.21549,0.07256,0.04176,0.01855,0.10048,0.20918,0.00545,0.00687,0.02381,0.05809,0.12324,0.07351,0.25685,0.08222,-54.33,2.605,-1,0.0000,-1.00,0.0000,0
149257,1790787946000,0.11759,0.02916,0.01753,0.28156,0.01552,0.03001,0.02573,0.05208,0.14167,0.01947,0.22183,0.04784,0.12918,0.01256,0.01665,0.28509,0.00835,0.01036,0.02835,0.05911,0.11295,0.02196,0.26376,0.05170,-54.59,3.379,-1,0.0000,-1.00,0.0000,0
149350,1790787946080,0.08233,0.03038,0.01711,0.18470,0.01215,0.02406,0.05651,0.11599,0.16046,0.02991,0.24732,0.03909,0.07163,0.00470,0.01370,0.16314,0.00789,0.01463,0.06678,0.13627,0.15992,0.03428,0.29345,0.03361,-54.51,2.968,-1,0.0000,-1.00,0.0000,0
149443,1790787946160,0.07932,0.03836,0.02534,0.19754,0.01415,0.03095,0.06277,0.12554,0.13261,0.04544,0.19268,0.05529,0.06585,0.02200,0.01983,0.19188,0.00658,0.02404,0.07006,0.14729,0.12086,0.05314,0.22611,0.05236,-54.27,2.371,-1,0.0000,-1.00,0.0000,0
149536,1790787946260,0.06075,0.02440,0.02136,0.18457,0.01633,0.01520,0.02683,0.05497,0.09630,0.03189,0.44196,0.02546,0.06040,0.01100,0.01853,0.11642,0.01468,0.00624,0.02966,0.06250,0.09199,0.03562,0.52834,0.02463,-53.99,5.304,-1,0.0000,-1.00,0.0000,0
149629,1790787946361,0.11076,0.04301,0.01114,0.18115,0.02124,0.03431,0.03742,0.06257,0.16275,0.02762,0.27519,0.03285,0.11755,0.01949,0.00751,0.15239,0.01917,0.01790,0.04098,0.07349,0.16464,0.02945,0.32619,0.03124,-54.60,3.302,-1,0.0000,-1.00,0.0000,0
149722,1790787946461,0.09297,0.03067,0.00573,0.25619,0.01310,0.02015,0.01913,0.11557,0.13664,0.01387,0.27631,0.01967,0.08390,0.01429,0.00403,0.24164,0.01187,0.00752,0.01992,0.13784,0.11583,0.01427,0.32959,0.01930,-55.12,3.316,-1,0.0000,-1.00,0.0000,0
149815,1790787946561,0.10795,0.02098,0.00903,0.23813,0.00709,0.01989,0.02451,0.09237,0.11324,0.02009,0.32404,0.02269,0.10673,0.00727,0.00620,0.20847,0.00409,0.00277,0.02753,0.10985,0.09436,0.02326,0.38773,0.02173,-54.78,3.888,-1,0.0000,-1.00,0.0000,0
149908,1790787946640,0.09006,0.02083,0.02452,0.12476,0.02038,0.02407,0.15511,0.06069,0.11304,0.03641,0.24447,0.08566,0.09306,0.00299,0.02117,0.09184,0.01135,0.01039,0.18527,0.06852,0.11724,0.04138,0.29087,0.06591,-54.82,2.934,-1,0.0000,-1.00,0.0000,0
150000,1790787946740,0.05046,0.01900,0.00526,0.17315,0.02216,0.01076,0.03609,0.10090,0.09767,0.01574,0.42163,0.04718,0.03662,0.00379,0.00323,0.10754,0.01696,0.00569,0.04250,0.12026,0.09571,0.01550,0.50408,0.04811,-54.88,5.060,-1,0.0000,-1.00,0.0000,0
150093,1790787946821,0.08446,0.02328,0.00828,0.23427,0.01107,0.02498,0.02057,0.03532,0.11394,0.03021,0.38586,0.02776,0.09290,0.00831,0.00304,0.18950,0.00757,0.01151,0.02301,0.04172,0.09896,0.03470,0.46008,0.02871,-54.57,4.630,-1,0.0000,-1.00,0.0000,0
150186,1790787946921,0.10273,0.01714,0.00720,0.22981,0.00959,0.05265,0.03125,0.08525,0.08940,0.01748,0.34352,0.01397,0.10299,0.00698,0.00485,0.19545,0.00951,0.04274,0.03582,0.10144,0.06837,0.01906,0.40315,0.00964,-53.93,4.122,-1,0.0000,-1.00,0.0000,0
150279,1790787947020,0.06214,0.01627,0.00876,0.21225,0.00638,0.01397,0.06977,0.06931,0.08677,0.02822,0.40069,0.02546,0.05815,0.00515,0.00398,0.15935,0.00484,0.00522,0.08259,0.08226,0.07239,0.03285,0.47909,0.01414,-54.03,4.808,-1,0.0000,-1.00,0.0000,0
150372,1790787947100,0.08084,0.02152,0.01741,0.19212,0.01731,0.03525,0.13693,0.09077,0.12537,0.06994,0.14744,0.06510,0.07534,0.00419,0.00471,0.19625,0.01176,0.02730,0.16318,0.10790,0.11132,0.08148,0.17125,0.04532,-54.52,2.305,-1,0.0000,-1.00,0.0000,0
150465,1790787947200,0.14305,0.01650,0.01088,0.12379,0.01777,0.03524,0.06038,0.12758,0.09057,0.02658,0.30906,0.03860,0.14139,0.00123,0.00732,0.07547,0.01495,0.01420,0.07210,0.15142,0.09357,0.02888,0.36751,0.03195,-54.30,3.709,-1,0.0000,-1.00,0.0000,0
150558,1790787947280,0.10004,0.01823,0.01844,0.16398,0.01286,0.02238,0.01923,0.16283,0.06489,0.01460,0.38618,0.01633,0.08195,0.01061,0.01907,0.10517,0.01236,0.01057,0.02094,0.19133,0.05668,0.01528,0.46064,0.01541,-54.21,4.634,-1,0.0000,-1.00,0.0000,0
150651,1790787947381,0.08462,0.02570,0.00947,0.19712,0.01006,0.01943,0.02489,0.14275,0.09878,0.01869,0.35457,0.01391,0.06698,0.01407,0.00729,0.15237,0.00981,0.01001,0.02690,0.16975,0.08816,0.02045,0.42287,0.01133,-54.87,4.255,-1,0.0000,-1.00,0.0000,0
150743,1790787947460,0.13585,0.02577,0.01236,0.15330,0.01994,0.03950,0.02315,0.05839,0.07267,0.02751,0.38123,0.05033,0.14998,0.01738,0.00871,0.09383,0.01291,0.01771,0.02430,0.06824,0.06810,0.03079,0.45330,0.05475,-55.56,4.575,-1,0.0000,-1.00,0.0000,0
150836,1790787947562,0.04538,0.01613,0.06471,0.13139,0.04666,0.02353,0.02947,0.13879,0.07689,0.02544,0.35195,0.04966,0.02293,0.00536,0.07328,0.07477,0.04538,0.02373,0.03424,0.15179,0.07731,0.02149,0.41701,0.05271,-55.30,4.223,-1,0.0000,-1.00,0.0000,0
150929,1790787947661,0.05999,0.00701,0.24663,0.15123,0.02720,0.01572,0.02465,0.18219,0.06187,0.02443,0.13990,0.05918,0.03801,0.00188,0.29050,0.14843,0.01975,0.01130,0.02916,0.16072,0.04471,0.02536,0.16539,0.06480,-55.47,2.960,-1,0.0000,-1.00,0.0000,0
151022,1790787947759,0.07108,0.00831,0.24233,0.19837,0.03079,0.03717,0.02359,0.12710,0.06375,0.03863,0.11493,0.04397,0.06509,0.00408,0.28228,0.21163,0.02752,0.03164,0.02730,0.09649,0.03443,0.04083,0.13144,0.04727,-55.61,2.908,-1,0.0000,-1.00,0.0000,0
151115,1790787947858,0.04676,0.00826,0.02210,0.32823,0.01782,0.04128,0.00887,0.08981,0.08910,0.02707,0.27054,0.05015,0.03526,0.00204,0.02036,0.33071,0.00974,0.04258,0.01022,0.10357,0.04084,0.03088,0.31574,0.05807,-55.32,3.939,-1,0.0000,-1.00,0.0000,0
151208,1790787947937,0.03622,0.01172,0.02638,0.34135,0.02956,0.03712,0.02167,0.04705,0.08571,0.02434,0.21606,0.12282,0.03334,0.00782,0.02609,0.35918,0.00722,0.03787,0.02439,0.05123,0.03139,0.02784,0.25138,0.14224,-55.44,4.096,-1,0.0000,-1.00,0.0000,0
151301,1790787948038,0.07676,0.01414,0.02056,0.28778,0.02377,0.05989,0.01493,0.09665,0.09532,0.02620,0.17933,0.10466,0.06967,0.00639,0.01854,0.30451,0.00427,0.05797,0.01662,0.11214,0.05365,0.03076,0.20339,0.12211,-55.67,3.453,-1,0.0000,-1.00,0.0000,0
151394,1790787948118,0.07889,0.00943,0.02064,0.33085,0.01187,0.05299,0.00975,0.11059,0.08462,0.02352,0.21633,0.05053,0.06901,0.00484,0.01925,0.34701,0.00264,0.04981,0.01069,0.12874,0.03260,0.02765,0.24934,0.05842,-55.93,3.970,-1,0.0000,-1.00,0.0000,0
151486,1790787948218,0.07845,0.00768,0.03567,0.28625,0.01580,0.07891,0.00799,0.12294,0.07601,0.03391,0.19637,0.06001,0.06613,0.00292,0.03489,0.29955,0.00502,0.08145,0.00879,0.14061,0.03170,0.03963,0.21915,0.07017,-56.07,3.435,-1,0.0000,-1.00,0.0000,0
151579,1790787948318,0.08744,0.00864,0.03258,0.15649,0.01584,0.08104,0.01775,0.15339,0.04654,0.03368,0.31150,0.05510,0.06912,0.00447,0.03117,0.11680,0.00669,0.08341,0.02039,0.17762,0.03194,0.03970,0.35672,0.06198,-55.97,3.738,-1,0.0000,-1.00,0.0000,0
151672,1790787948397,0.04936,0.02187,0.02506,0.17531,0.02413,0.09563,0.09832,0.06894,0.09089,0.03641,0.21477,0.09932,0.04408,0.01103,0.02177,0.16321,0.00993,0.10587,0.11562,0.07829,0.07655,0.04166,0.23635,0.09563,-55.68,2.577,-1,0.0000,-1.00,0.0000,0
151765,1790787948509,0.04464,0.01195,0.01127,0.34613,0.01395,0.07860,0.00636,0.12749,0.09890,0.02318,0.20868,0.02886,0.02365,0.00532,0.00839,0.36869,0.01014,0.08949,0.00656,0.15109,0.04542,0.02577,0.23231,0.03316,-55.08,4.154,-1,0.0000,-1.00,0.0000,0
151858,1790787948579,0.02874,0.00703,0.01784,0.34196,0.01526,0.14073,0.01132,0.09195,0.08203,0.04733,0.16240,0.05341,0.01288,0.00388,0.01038,0.37770,0.00610,0.16607,0.01266,0.10825,0.02341,0.05550,0.16167,0.06149,-55.13,4.104,-1,0.0000,-1.00,0.0000,0
151951,1790787948679,0.02792,0.02401,0.03823,0.24103,0.01910,0.06342,0.03749,0.09225,0.09315,0.05325,0.23904,0.07111,0.01204,0.01672,0.03343,0.23493,0.00749,0.07376,0.04161,0.10391,0.06488,0.06248,0.27180,0.07696,-55.82,2.892,-1,0.0000,-1.00,0.0000,0
152044,1790787948758,0.02229,0.03421,0.03144,0.22222,0.01264,0.02966,0.01759,0.06466,0.13896,0.03511,0.35790,0.03333,0.01398,0.01516,0.02965,0.18255,0.00804,0.03296,0.01792,0.07174,0.13031,0.04048,0.42231,0.03489,-55.82,4.295,-1,0.0000,-1.00,0.0000,0
152137,1790787948858,0.02320,0.06541,0.02146,0.14051,0.02697,0.01726,0.00992,0.05926,0.25006,0.02550,0.29793,0.06252,0.01452,0.02285,0.02034,0.09829,0.01771,0.01785,0.00735,0.06697,0.28010,0.02710,0.35346,0.07345,-56.13,3.575,-1,0.0000,-1.00,0.0000,0
152230,1790787948979,0.03680,0.04663,0.02177,0.15717,0.01843,0.03129,0.00768,0.03361,0.24331,0.02099,0.34345,0.03887,0.03593,0.00330,0.02162,0.10794,0.01318,0.03037,0.00829,0.03625,0.27014,0.02254,0.40551,0.04493,-56.04,4.121,-1,0.0000,-1.00,0.0000,0
152322,1790787949059,0.08043,0.06431,0.02207,0.10989,0.01343,0.05676,0.01235,0.05709,0.32613,0.03538,0.18366,0.03851,0.08352,0.00315,0.01831,0.09007,0.00750,0.05146,0.01415,0.06480,0.37282,0.04102,0.20987,0.04333,-55.41,3.914,-1,0.0000,-1.00,0.0000,0
152415,1790787949158,0.08657,0.07309,0.01997,0.08463,0.01960,0.03423,0.01407,0.04898,0.34550,0.02783,0.17600,0.06953,0.09238,0.00833,0.01756,0.06050,0.00756,0.02270,0.01515,0.05526,0.40175,0.03210,0.20639,0.08031,-55.85,4.146,-1,0.0000,-1.00,0.0000,0
152508,1790787949239,0.05909,0.04811,0.04319,0.07202,0.04318,0.04982,0.03987,0.08296,0.15501,0.04989,0.17466,0.18221,0.05268,0.02269,0.04027,0.04674,0.01016,0.04925,0.04328,0.09142,0.17633,0.05790,0.19952,0.20975,-56.05,2.187,-1,0.0000,-1.00,0.0000,0
152601,1790787949338,0.08334,0.06365,0.01753,0.07001,0.04095,0.05897,0.03378,0.10338,0.11867,0.04257,0.18542,0.18174,0.07629,0.04973,0.01117,0.04202,0.00721,0.05554,0.03062,0.12166,0.13387,0.04957,0.21117,0.21116,-55.07,2.225,-1,0.0000,-1.00,0.0000,0
152694,1790787949417,0.08572,0.06701,0.02861,0.09019,0.03349,0.10610,0.02209,0.07362,0.16309,0.06060,0.16027,0.10921,0.08650,0.04448,0.02047,0.07432,0.01498,0.10999,0.01757,0.08423,0.18068,0.06964,0.17024,0.12689,-54.72,1.957,-1,0.0000,-1.00,0.0000,0
152787,1790787949517,0.09517,0.04960,0.01734,0.11260,0.02315,0.09925,0.03057,0.08857,0.15512,0.04560,0.23894,0.04410,0.09332,0.02582,0.01066,0.08212,0.01826,0.10065,0.03101,0.10451,0.16959,0.05102,0.26635,0.04670,-55.72,2.867,-1,0.0000,-1.00,0.0000,0
152880,1790787949618,0.08561,0.06401,0.02136,0.14041,0.03421,0.07539,0.02833,0.08930,0.15579,0.04744,0.12964,0.12851,0.08148,0.04574,0.01468,0.14037,0.01115,0.07447,0.02479,0.10418,0.15843,0.05505,0.14057,0.14907,-56.13,1.870,-1,0.0000,-1.00,0.0000,0
152973,1790787949698,0.04229,0.09059,0.05903,0.16927,0.03343,0.03460,0.09412,0.06567,0.08940,0.08458,0.13259,0.10442,0.03710,0.09409,0.05139,0.17268,0.01895,0.03410,0.09413,0.06851,0.07289,0.09759,0.15212,0.10646,-54.16,2.031,-1,0.0000,-1.00,0.0000,0
153065,1790787949797,0.06103,0.08000,0.02304,0.07934,0.01967,0.05196,0.01804,0.15114,0.34671,0.03387,0.07446,0.06073,0.02243,0.03223,0.01994,0.07966,0.00975,0.05782,0.01523,0.17715,0.39960,0.03870,0.07776,0.06975,-53.39,4.161,-1,0.0000,-1.00,0.0000,0
153158,1790787949878,0.03023,0.10777,0.00656,0.16435,0.01555,0.04599,0.02037,0.03910,0.48159,0.00624,0.03109,0.05116,0.02696,0.02247,0.00666,0.19150,0.00726,0.04976,0.01980,0.04569,0.53910,0.00604,0.02738,0.05738,-54.43,5.779,-1,0.0000,-1.00,0.0000,0
153251,1790787949981,0.12084,0.04078,0.00613,0.21844,0.01075,0.04516,0.01574,0.20567,0.21695,0.01448,0.06596,0.03909,0.09450,0.00863,0.00406,0.24747,0.00408,0.03556,0.01699,0.24580,0.21090,0.01655,0.07199,0.04347,-55.71,2.621,-1,0.0000,-1.00,0.0000,0
153344,1790787950059,0.06477,0.04303,0.03874,0.14890,0.02778,0.04808,0.05790,0.13134,0.19014,0.04374,0.12225,0.08333,0.04785,0.01235,0.03667,0.15127,0.01612,0.04812,0.06693,0.15011,0.19784,0.04921,0.13695,0.08658,-55.28,2.282,-1,0.0000,-1.00,0.0000,0
153437,1790787950158,0.06648,0.04272,0.03073,0.13846,0.06216,0.02460,0.09459,0.09717,0.17135,0.04156,0.10985,0.12032,0.05737,0.01601,0.02892,0.14052,0.05017,0.01811,0.10840,0.11247,0.17746,0.03986,0.12803,0.12268,-54.76,2.056,-1,0.0000,-1.00,0.0000,0
153530,1790787950278,0.07889,0.05958,0.01361,0.34163,0.02418,0.03820,0.04730,0.08551,0.17582,0.02050,0.05796,0.05681,0.07467,0.04522,0.01212,0.39681,0.01735,0.03097,0.04759,0.10018,0.13202,0.02113,0.06331,0.05864,-55.05,4.100,-1,0.0000,-1.00,0.0000,0
153623,1790787950357,0.08329,0.04700,0.04985,0.28825,0.01945,0.05631,0.03877,0.08905,0.14626,0.02179,0.08703,0.07294,0.08081,0.03442,0.05479,0.32680,0.00607,0.05293,0.03963,0.09584,0.11047,0.02491,0.09379,0.07955,-55.20,3.459,-1,0.0000,-1.00,0.0000,0
153716,1790787950458,0.08345,0.05222,0.06642,0.18205,0.01603,0.03191,0.02557,0.21595,0.09586,0.01837,0.16706,0.04512,0.05183,0.04721,0.07548,0.17955,0.00940,0.02796,0.02128,0.24379,0.07868,0.02073,0.19463,0.04945,-54.88,2.591,-1,0.0000,-1.00,0.0000,0
153808,1790787950539,0.03641,0.11432,0.03784,0.19567,0.03408,0.04589,0.03342,0.05637,0.23100,0.03481,0.10045,0.07976,0.02978,0.09254,0.03781,0.21252,0.02273,0.04908,0.02150,0.06024,0.23383,0.03803,0.11063,0.09131,-54.82,2.772,-1,0.0000,-1.00,0.0000,0
153901,1790787950638,0.04117,0.04757,0.01991,0.12057,0.05151,0.03322,0.01393,0.15927,0.13283,0.00998,0.15824,0.21181,0.01069,0.03157,0.02186,0.10836,0.01184,0.03768,0.01044,0.18650,0.13726,0.01003,0.18214,0.25162,-54.69,2.542,-1,0.0000,-1.00,0.0000,0
153994,1790787950717,0.03398,0.02211,0.01171,0.05369,0.10506,0.01295,0.00475,0.11786,0.06134,0.00780,0.05519,0.51355,0.01321,0.01396,0.01234,0.05174,0.00402,0.01289,0.00293,0.13878,0.06325,0.00855,0.06357,0.61477,-54.74,6.163,-1,0.0000,-1.00,0.0000,0
154087,1790787950818,0.02591,0.08039,0.01643,0.11602,0.04555,0.02711,0.02797,0.09657,0.12242,0.03229,0.19865,0.21069,0.01000,0.07090,0.01224,0.09303,0.00558,0.03050,0.01934,0.11341,0.12824,0.03759,0.23199,0.24718,-55.29,2.528,-1,0.0000,-1.00,0.0000,0
154180,1790787950917,0.04834,0.09192,0.01928,0.17770,0.02423,0.03070,0.04591,0.07244,0.12447,0.04909,0.22305,0.09287,0.04002,0.08792,0.01170,0.16108,0.00841,0.02886,0.03653,0.08553,0.11685,0.05752,0.26154,0.10404,-55.23,2.677,-1,0.0000,-1.00,0.0000,0
154273,1790787950998,0.05055,0.05274,0.02189,0.10233,0.06968,0.03241,0.06871,0.06626,0.10387,0.03910,0.16456,0.22790,0.04592,0.04185,0.01822,0.08470,0.03234,0.02973,0.07404,0.07579,0.10767,0.04044,0.19129,0.25802,-55.44,2.735,-1,0.0000,-1.00,0.0000,0
154366,1790787951097,0.07380,0.02917,0.09470,0.16292,0.02794,0.05739,0.02430,0.10909,0.12196,0.02471,0.18923,0.08478,0.06594,0.01317,0.10815,0.15245,0.01445,0.05570,0.02630,0.10949,0.11580,0.02687,0.21571,0.09598,-56.02,2.271,-1,0.0000,-1.00,0.0000,0
154459,1790787951177,0.07509,0.03512,0.06440,0.17422,0.02920,0.07205,0.06171,0.11293,0.08338,0.01967,0.17203,0.10020,0.06575,0.02924,0.07303,0.17077,0.01387,0.07330,0.06815,0.12084,0.06606,0.02082,0.19160,0.10656,-55.90,2.091,-1,0.0000,-1.00,0.0000,0
154552,1790787951278,0.08826,0.02700,0.02350,0.13050,0.04747,0.03413,0.03907,0.16937,0.09506,0.01108,0.10354,0.23101,0.06597,0.01555,0.02567,0.13287,0.00373,0.02782,0.04373,0.19786,0.08757,0.01254,0.11855,0.26813,-55.30,2.772,-1,0.0000,-1.00,0.0000,0
154644,1790787951358,0.06318,0.01902,0.06852,0.16437,0.02857,0.03997,0.02189,0.21360,0.07561,0.02363,0.17073,0.11090,0.02797,0.01106,0.07682,0.15807,0.00871,0.04247,0.02391,0.24084,0.05919,0.02666,0.19616,0.12815,-55.00,2.563,-1,0.0000,-1.00,0.0000,0
154737,1790787951457,0.04264,0.02495,0.05235,0.08995,0.05758,0.01899,0.04027,0.16735,0.04647,0.01553,0.17352,0.27040,0.01367,0.02150,0.05929,0.06736,0.00650,0.02005,0.04399,0.18877,0.04233,0.01732,0.20394,0.31528,-54.73,3.245,-1,0.0000,-1.00,0.0000,0
154830,1790787951582,0.05275,0.02872,0.06451,0.04891,0.07203,0.00959,0.01672,0.22829,0.03271,0.01079,0.09468,0.34029,0.01187,0.02813,0.07498,0.03647,0.00605,0.00914,0.01446,0.25869,0.03197,0.01173,0.11164,0.40488,-54.96,4.084,-1,0.0000,-1.00,0.0000,0
154923,1790787951658,0.08301,0.09642,0.07758,0.08166,0.05163,0.01881,0.03581,0.14978,0.05109,0.01906,0.13460,0.20055,0.06682,0.10664,0.08895,0.06624,0.01508,0.00929,0.02177,0.16184,0.04768,0.02025,0.15945,0.23599,-55.04,2.407,-1,0.0000,-1.00,0.0000,0
155016,1790787951757,0.17996,0.07842,0.01554,0.10356,0.05351,0.07494,0.02988,0.06843,0.06941,0.02389,0.10574,0.19673,0.19991,0.08145,0.01365,0.10095,0.01816,0.05017,0.01965,0.07929,0.06312,0.02506,0.11675,0.23183,-55.34,2.361,-1,0.0000,-1.00,0.0000,0
155109,1790787951837,0.05281,0.03000,0.03160,0.10785,0.06117,0.02630,0.07933,0.06594,0.07188,0.08365,0.18011,0.20934,0.04703,0.02361,0.01906,0.08733,0.02700,0.02231,0.09023,0.07538,0.06882,0.09488,0.21139,0.23296,-55.33,2.512,-1,0.0000,-1.00,0.0000,0
155202,1790787951938,0.11698,0.09130,0.00960,0.11379,0.05430,0.03949,0.06801,0.07755,0.07876,0.03038,0.17810,0.14176,0.12196,0.09442,0.00562,0.09495,0.03374,0.02325,0.06278,0.09181,0.07555,0.02971,0.20879,0.15741,-54.56,2.137,-1,0.0000,-1.00,0.0000,0
155295,1790787952017,0.11368,0.08121,0.01067,0.19108,0.02177,0.04894,0.02686,0.11937,0.09162,0.03869,0.16040,0.09570,0.10821,0.08316,0.00376,0.19232,0.00402,0.03719,0.01564,0.14235,0.07166,0.04556,0.18482,0.11130,-54.64,2.293,-1,0.0000,-1.00,0.0000,0
155387,1790787952117,0.19494,0.02864,0.01264,0.13539,0.04152,0.05757,0.01487,0.10377,0.07337,0.02702,0.19858,0.11170,0.20964,0.02145,0.00966,0.11614,0.02379,0.02745,0.01351,0.12248,0.06490,0.02766,0.23251,0.13083,-54.80,2.383,-1,0.0000,-1.00,0.0000,0
155480,1790787952217,0.22735,0.02853,0.02304,0.15725,0.01689,0.05937,0.01669,0.04807,0.12405,0.02420,0.22744,0.04714,0.26216,0.01004,0.02224,0.13515,0.00980,0.01917,0.01801,0.05319,0.12185,0.02705,0.26873,0.05262,-54.60,2.729,-1,0.0000,-1.00,0.0000,0
155573,1790787952299,0.10427,0.02705,0.12084,0.15131,0.03277,0.03312,0.03632,0.06377,0.12262,0.02268,0.14088,0.14439,0.11528,0.00912,0.13967,0.14850,0.00660,0.01683,0.04171,0.04873,0.11748,0.02586,0.16547,0.16474,-54.75,1.816,-1,0.0000,-1.00,0.0000,0
155666,1790787952398,0.13815,0.02034,0.00818,0.19700,0.04545,0.03607,0.01636,0.09152,0.08833,0.01547,0.14548,0.19764,0.14406,0.01144,0.00643,0.20207,0.00822,0.01466,0.01734,0.10838,0.06566,0.01703,0.17142,0.23329,-54.65,2.372,-1,0.0000,-1.00,0.0000,0
155759,1790787952479,0.15778,0.02587,0.14646,0.07180,0.03860,0.03963,0.01702,0.15427,0.07883,0.02139,0.18095,0.06740,0.15909,0.01406,0.17163,0.04368,0.03093,0.01595,0.01761,0.15083,0.08580,0.01950,0.21366,0.07727,-54.35,2.171,-1,0.0000,-1.00,0.0000,0
155852,1790787952579,0.13386,0.02399,0.05075,0.24630,0.01340,0.05106,0.02287,0.06358,0.13220,0.02721,0.19804,0.03673,0.14740,0.00714,0.05466,0.24935,0.00814,0.03217,0.02576,0.06558,0.10898,0.03100,0.23092,0.03890,-54.47,2.956,-1,0.0000,-1.00,0.0000,0
155945,1790787952658,0.05529,0.09766,0.08966,0.08543,0.04188,0.02780,0.02970,0.06742,0.11508,0.02989,0.19776,0.16243,0.05397,0.09213,0.10081,0.05627,0.01228,0.02261,0.01733,0.06079,0.12673,0.03339,0.23248,0.19120,-54.69,2.373,-1,0.0000,-1.00,0.0000,0
156038,1790787952758,0.08951,0.05032,0.01655,0.11653,0.05676,0.04884,0.02307,0.04134,0.18635,0.02657,0.13519,0.20898,0.09807,0.02031,0.01428,0.10906,0.01932,0.03908,0.02352,0.04681,0.20168,0.02800,0.15424,0.24565,-54.50,2.508,-1,0.0000,-1.00,0.0000,0
156130,1790787952878,0.08162,0.04775,0.01726,0.16856,0.04071,0.05628,0.04698,0.03224,0.13576,0.05958,0.16953,0.14372,0.09082,0.03140,0.00719,0.16365,0.01669,0.04943,0.04998,0.03730,0.13023,0.06808,0.19334,0.16188,-54.52,2.034,-1,0.0000,-1.00,0.0000,0
156223,1790787952958,0.05234,0.06122,0.04114,0.14159,0.02588,0.05367,0.03708,0.07786,0.15929,0.08534,0.15338,0.11121,0.04537,0.04084,0.02927,0.13539,0.00603,0.05531,0.03633,0.08750,0.16402,0.10106,0.17282,0.12605,-54.58,1.911,-1,0.0000,-1.00,0.0000,0
156316,1790787953060,0.07804,0.04790,0.05306,0.08909,0.02505,0.05458,0.04794,0.10996,0.11506,0.06860,0.23112,0.07961,0.06969,0.03218,0.04780,0.05388,0.01320,0.05159,0.04923,0.12412,0.12719,0.07958,0.26671,0.08485,-54.42,2.773,-1,0.0000,-1.00,0.0000,0
156409,1790787953137,0.04200,0.13167,0.02317,0.07865,0.04794,0.04750,0.04471,0.06639,0.08260,0.05357,0.17315,0.20864,0.03480,0.14069,0.01539,0.05508,0.00889,0.05002,0.02568,0.07651,0.08805,0.06243,0.19756,0.24491,-54.39,2.504,-1,0.0000,-1.00,0.0000,0
156502,1790787953237,0.06691,0.07532,0.02907,0.16892,0.03631,0.03737,0.04376,0.03848,0.08342,0.02601,0.26081,0.13364,0.07199,0.07619,0.02918,0.14165,0.01323,0.03051,0.03730,0.04035,0.07187,0.02854,0.30646,0.15273,-54.37,3.130,-1,0.0000,-1.00,0.0000,0
156595,1790787953317,0.06536,0.05219,0.00827,0.25590,0.03117,0.04338,0.03835,0.04175,0.09882,0.02990,0.20472,0.13019,0.06852,0.04925,0.00312,0.25950,0.00785,0.03840,0.03619,0.04941,0.06697,0.03427,0.23769,0.14882,-54.41,3.071,-1,0.0000,-1.00,0.0000,0
156688,1790787953417,0.02666,0.14689,0.02490,0.13343,0.05862,0.04581,0.05819,0.03088,0.12651,0.09693,0.10116,0.15003,0.02466,0.15166,0.00821,0.13781,0.03617,0.05000,0.03966,0.03537,0.12416,0.10908,0.11130,0.17190,-54.31,1.800,-1,0.0000,-1.00,0.0000,0
156781,1790787953518,0.01654,0.21008,0.02199,0.14377,0.03824,0.04316,0.06195,0.02606,0.15246,0.08648,0.08998,0.10929,0.01361,0.22186,0.00664,0.15282,0.02106,0.04902,0.03025,0.02991,0.15238,0.09945,0.09810,0.12491,-54.52,2.521,-1,0.0000,-1.00,0.0000,0
156874,1790787953598,0.04763,0.08434,0.05080,0.08732,0.03819,0.13436,0.03168,0.02675,0.12714,0.10391,0.14988,0.11801,0.05027,0.07580,0.03682,0.07496,0.01863,0.15103,0.02293,0.02475,0.13698,0.12133,0.14966,0.13685,-54.84,1.799,-1,0.0000,-1.00,0.0000,0
156966,1790787953697,0.06618,0.09355,0.01630,0.10413,0.04867,0.09084,0.04658,0.02801,0.10137,0.07358,0.11812,0.21268,0.07233,0.09237,0.00242,0.10043,0.00927,0.09450,0.03750,0.03308,0.10156,0.08633,0.12281,0.24740,-53.90,2.552,-1,0.0000,-1.00,0.0000,0
157059,1790787953777,0.03182,0.11923,0.00926,0.18410,0.03584,0.07737,0.03888,0.02868,0.18368,0.03747,0.12175,0.13191,0.03116,0.10716,0.00270,0.19507,0.01261,0.08654,0.02529,0.03388,0.18143,0.04240,0.12874,0.15304,-53.45,2.209,-1,0.0000,-1.00,0.0000,0
157152,1790787953878,0.02795,0.08012,0.00922,0.23837,0.02407,0.05066,0.03382,0.05972,0.11817,0.01761,0.25518,0.08513,0.01947,0.07698,0.00721,0.22724,0.00960,0.05684,0.02508,0.07031,0.09639,0.01935,0.29450,0.09703,-53.85,3.062,-1,0.0000,-1.00,0.0000,0
157245,1790787953956,0.03148,0.07034,0.04524,0.19543,0.01905,0.05088,0.01775,0.07583,0.13361,0.01780,0.27667,0.06591,0.02169,0.05925,0.05028,0.17067,0.00755,0.05667,0.00952,0.08089,0.12627,0.01984,0.32029,0.07709,-53.82,3.320,-1,0.0000,-1.00,0.0000,0
157338,1790787954057,0.05733,0.04833,0.02901,0.17709,0.01933,0.03278,0.03119,0.04989,0.07890,0.02594,0.38128,0.06892,0.05791,0.04407,0.02891,0.12273,0.00792,0.02780,0.02863,0.05406,0.07022,0.02951,0.45135,0.07691,-53.41,4.575,-1,0.0000,-1.00,0.0000,0
157431,1790787954178,0.05250,0.06087,0.01381,0.32445,0.01658,0.02510,0.02579,0.05171,0.11153,0.01386,0.27560,0.02820,0.05084,0.05966,0.01365,0.32409,0.01391,0.02000,0.01906,0.05927,0.06859,0.01465,0.32627,0.03001,-53.31,3.893,-1,0.0000,-1.00,0.0000,0
157524,1790787954258,0.06224,0.04558,0.01736,0.15794,0.03486,0.03910,0.04968,0.07869,0.11982,0.04911,0.24276,0.10286,0.05648,0.03138,0.00988,0.13301,0.01887,0.03625,0.05331,0.09233,0.11720,0.05510,0.28369,0.11249,-54.07,2.913,-1,0.0000,-1.00,0.0000,0
157617,1790787954357,0.04158,0.07580,0.00814,0.13201,0.01630,0.07822,0.04207,0.02920,0.12562,0.01359,0.38789,0.04959,0.04282,0.06405,0.00689,0.06939,0.00923,0.08523,0.03772,0.03363,0.13674,0.01448,0.44789,0.05194,-54.66,4.655,-1,0.0000,-1.00,0.0000,0
157709,1790787954438,0.03832,0.06010,0.04224,0.17335,0.01794,0.02891,0.05403,0.04635,0.13222,0.07238,0.27183,0.06232,0.03624,0.04627,0.03376,0.14423,0.00888,0.02746,0.05557,0.04884,0.12985,0.08497,0.32028,0.06366,-54.64,3.262,-1,0.0000,-1.00,0.0000,0
157802,1790787954539,0.02909,0.02544,0.02564,0.27877,0.04902,0.02024,0.01529,0.07720,0.10396,0.04297,0.21222,0.12017,0.01768,0.01704,0.02173,0.28444,0.03086,0.02075,0.01485,0.08829,0.06819,0.04537,0.25017,0.14064,-54.14,3.345,-1,0.0000,-1.00,0.0000,0
157895,1790787954618,0.06489,0.02483,0.01709,0.22483,0.04864,0.02293,0.01383,0.07841,0.09519,0.02852,0.25543,0.12541,0.06013,0.01563,0.01485,0.20934,0.02916,0.01555,0.01330,0.09118,0.07257,0.02840,0.30298,0.14691,-54.43,3.065,-1,0.0000,-1.00,0.0000,0
157988,1790787954718,0.06773,0.03359,0.05230,0.18926,0.04663,0.01965,0.01963,0.05872,0.12853,0.04350,0.25275,0.08769,0.06960,0.01630,0.05374,0.16712,0.03589,0.00975,0.02030,0.05971,0.12083,0.04506,0.30092,0.10078,-55.06,3.033,-1,0.0000,-1.00,0.0000,0
158081,1790787954817,0.02884,0.04094,0.02295,0.34865,0.02148,0.01611,0.01883,0.04576,0.18833,0.02046,0.20352,0.04412,0.02458,0.01897,0.02327,0.37000,0.01602,0.01444,0.01880,0.05022,0.15232,0.02134,0.24100,0.04906,-55.23,4.184,-1,0.0000,-1.00,0.0000,0
158174,1790787954898,0.06442,0.02784,0.01727,0.30144,0.03415,0.02790,0.02130,0.04385,0.15915,0.02966,0.18307,0.08994,0.06734,0.00807,0.01445,0.31849,0.02050,0.02008,0.02392,0.04968,0.12756,0.03148,0.21538,0.10303,-55.26,3.617,-1,0.0000,-1.00,0.0000,0
158267,1790787955005,0.07787,0.04592,0.07098,0.15277,0.03604,0.03798,0.02176,0.09369,0.12684,0.03923,0.20977,0.08716,0.07386,0.03039,0.07665,0.13443,0.02327,0.03086,0.02005,0.09707,0.12533,0.04240,0.24524,0.10046,-54.98,2.517,-1,0.0000,-1.00,0.0000,0
158360,1790787955083,0.07260,0.05211,0.03731,0.17495,0.02852,0.02191,0.02435,0.13825,0.17581,0.01471,0.18047,0.07901,0.05527,0.02810,0.04186,0.16737,0.01639,0.01530,0.02311,0.15787,0.17749,0.01437,0.21321,0.08967,-55.59,2.166,-1,0.0000,-1.00,0.0000,0
158452,1790787955178,0.09155,0.02785,0.05514,0.21089,0.02342,0.03042,0.02381,0.14523,0.11186,0.04119,0.19004,0.04858,0.07719,0.01510,0.05686,0.20839,0.01748,0.02115,0.02431,0.16398,0.09216,0.04646,0.22352,0.05340,-55.72,2.531,-1,0.0000,-1.00,0.0000,0
158545,1790787955258,0.06860,0.04328,0.03473,0.12947,0.03629,0.03047,0.06150,0.11593,0.13953,0.04442,0.22363,0.07214,0.05536,0.02317,0.03221,0.10301,0.02903,0.02554,0.06826,0.13336,0.14677,0.04747,0.26290,0.07291,-54.76,2.684,-1,0.0000,-1.00,0.0000,0
158638,1790787955377,0.02923,0.04526,0.03856,0.08419,0.08218,0.01871,0.05676,0.05606,0.14413,0.05294,0.26045,0.13152,0.02275,0.02195,0.03637,0.03972,0.06973,0.01791,0.06367,0.05996,0.16479,0.04965,0.30853,0.14497,-53.97,3.125,-1,0.0000,-1.00,0.0000,0
158731,1790787955478,0.06476,0.02610,0.01936,0.11478,0.03321,0.04981,0.03066,0.14387,0.11284,0.03794,0.28228,0.08441,0.04421,0.00793,0.01486,0.07260,0.01817,0.05402,0.03517,0.16944,0.12059,0.04208,0.32753,0.09341,-54.30,3.387,-1,0.0000,-1.00,0.0000,0
158824,1790787955559,0.12086,0.02661,0.02156,0.13363,0.10509,0.05100,0.03527,0.09968,0.10670,0.08984,0.11168,0.09808,0.12543,0.01275,0.00863,0.13502,0.10515,0.03624,0.03965,0.11782,0.10109,0.08680,0.12664,0.10479,-55.00,1.604,-1,0.0000,-1.00,0.0000,0
158917,1790787955660,0.17088,0.03278,0.01786,0.17087,0.05530,0.03803,0.07379,0.08623,0.10846,0.05518,0.08583,0.10478,0.18463,0.02125,0.00894,0.18537,0.02781,0.02584,0.08421,0.10155,0.09096,0.06286,0.09773,0.10886,-55.25,2.051,-1,0.0000,-1.00,0.0000,0
159010,1790787955737,0.11080,0.03565,0.02038,0.20180,0.08330,0.04409,0.07633,0.06914,0.13012,0.05640,0.08525,0.08676,0.11542,0.02169,0.01427,0.22273,0.08256,0.02994,0.08534,0.08183,0.11176,0.05121,0.09621,0.08704,-55.20,2.422,-1,0.0000,-1.00,0.0000,0
159103,1790787955838,0.07228,0.03009,0.01791,0.17969,0.05338,0.05306,0.03086,0.09420,0.13273,0.03950,0.19791,0.09839,0.06477,0.01133,0.01361,0.17029,0.04195,0.05074,0.03473,0.11017,0.12472,0.03959,0.22708,0.11101,-55.04,2.375,-1,0.0000,-1.00,0.0000,0
159196,1790787955918,0.07821,0.03547,0.02215,0.21072,0.03435,0.04179,0.02671,0.04280,0.14711,0.04845,0.25701,0.05524,0.08418,0.01514,0.01613,0.19280,0.02803,0.03453,0.02901,0.04808,0.13805,0.05250,0.30111,0.06044,-54.81,3.084,-1,0.0000,-1.00,0.0000,0
159288,1790787956017,0.11488,0.06785,0.04433,0.20697,0.02765,0.05636,0.03507,0.03782,0.08806,0.01786,0.24447,0.05868,0.13019,0.06791,0.04967,0.19157,0.02023,0.04173,0.02578,0.03825,0.06754,0.01739,0.28466,0.06508,-54.66,2.934,-1,0.0000,-1.00,0.0000,0
159381,1790787956118,0.04161,0.06170,0.02416,0.21399,0.05359,0.03936,0.01691,0.05406,0.13985,0.02295,0.27325,0.05857,0.03713,0.04935,0.02527,0.19310,0.05003,0.04048,0.01034,0.05991,0.12830,0.01857,0.31939,0.06813,-55.72,3.279,-1,0.0000,-1.00,0.0000,0
159474,1790787956198,0.05218,0.06903,0.04164,0.09454,0.09449,0.05913,0.04999,0.04553,0.09702,0.07636,0.18673,0.13336,0.05189,0.06366,0.03504,0.07131,0.08341,0.06056,0.04728,0.04760,0.10211,0.07496,0.21174,0.15043,-55.57,2.241,-1,0.0000,-1.00,0.0000,0
159567,1790787956298,0.04971,0.04960,0.02192,0.21947,0.04745,0.07261,0.08408,0.03203,0.08853,0.05280,0.14182,0.13997,0.05328,0.04780,0.01476,0.23233,0.02641,0.07743,0.09128,0.03546,0.06000,0.05806,0.15459,0.14861,-54.46,2.634,-1,0.0000,-1.00,0.0000,0
159660,1790787956377,0.18298,0.03662,0.01568,0.06916,0.03430,0.32339,0.04832,0.01376,0.05466,0.04042,0.11851,0.06220,0.21783,0.03363,0.01027,0.06825,0.02862,0.34431,0.05123,0.01445,0.05173,0.04299,0.07374,0.06294,-53.84,3.881,-1,0.0000,-1.00,0.0000,0
159753,1790787956478,0.12226,0.05150,0.03535,0.07999,0.02459,0.24373,0.03270,0.02992,0.04951,0.10369,0.16276,0.06400,0.14194,0.05261,0.01835,0.06756,0.01576,0.26391,0.02875,0.03222,0.04593,0.12112,0.14270,0.06916,-53.97,2.925,-1,0.0000,-1.00,0.0000,0
159846,1790787956558,0.03858,0.05522,0.03254,0.04481,0.02163,0.12173,0.29718,0.02790,0.04320,0.05821,0.15648,0.10254,0.04058,0.05679,0.02573,0.02194,0.01510,0.13782,0.34468,0.02848,0.04726,0.06690,0.16017,0.05454,-54.47,3.566,-1,0.0000,-1.00,0.0000,0
159939,1790787956679,0.10347,0.05617,0.02736,0.07330,0.03288,0.09110,0.12085,0.04181,0.09683,0.05878,0.23516,0.06230,0.11484,0.04569,0.02000,0.03536,0.02993,0.08640,0.13575,0.04613,0.10901,0.06450,0.26465,0.04774,-55.09,2.822,-1,0.0000,-1.00,0.0000,0
160031,1790787956778,0.13348,0.05993,0.03711,0.10924,0.03556,0.09222,0.06772,0.05165,0.11290,0.04846,0.17821,0.07352,0.14901,0.04860,0.03405,0.09175,0.02795,0.08096,0.07151,0.05514,0.11709,0.05253,0.19749,0.07392,-55.45,2.139,-1,0.0000,-1.00,0.0000,0
160124,1790787956860,0.09630,0.04452,0.02297,0.14188,0.02096,0.13680,0.06547,0.05983,0.10167,0.03889,0.19683,0.07390,0.10191,0.03443,0.01851,0.12890,0.01038,0.14371,0.07162,0.06802,0.09539,0.04542,0.20735,0.07435,-55.13,2.362,-1,0.0000,-1.00,0.0000,0
160217,1790787956958,0.11461,0.02918,0.02764,0.12983,0.03823,0.18094,0.03296,0.04909,0.08123,0.05046,0.21286,0.05297,0.12707,0.02042,0.02250,0.11254,0.03479,0.19162,0.03544,0.05436,0.07502,0.05357,0.21707,0.05560,-55.93,2.554,-1,0.0000,-1.00,0.0000,0
160310,1790787957038,0.05875,0.06222,0.04996,0.06079,0.07079,0.10923,0.10074,0.06713,0.12438,0.06954,0.14515,0.08133,0.05626,0.04670,0.04603,0.04312,0.06834,0.12128,0.11146,0.07131,0.14049,0.06977,0.14988,0.07535,-55.32,1.742,-1,0.0000,-1.00,0.0000,0
160403,1790787957140,0.03573,0.02588,0.02763,0.08685,0.08659,0.09946,0.07820,0.01793,0.09886,0.05551,0.25208,0.13529,0.03980,0.00943,0.02288,0.04856,0.07529,0.11129,0.09183,0.01694,0.10883,0.05159,0.27999,0.14355,-53.69,3.025,-1,0.0000,-1.00,0.0000,0
160496,1790787957218,0.01895,0.05820,0.02351,0.05867,0.03216,0.22971,0.04486,0.02100,0.06596,0.07713,0.22886,0.14097,0.01848,0.05557,0.01012,0.02662,0.00689,0.27158,0.04274,0.02316,0.07376,0.09105,0.22040,0.15963,-53.58,2.757,-1,0.0000,-1.00,0.0000,0
160589,1790787957318,0.02213,0.10699,0.02748,0.02470,0.02897,0.36467,0.03859,0.02591,0.08505,0.04795,0.13620,0.09136,0.02123,0.10860,0.02204,0.01425,0.01390,0.43283,0.02471,0.02667,0.09886,0.05493,0.07740,0.10458,-54.29,4.376,-1,0.0000,-1.00,0.0000,0
160682,1790787957417,0.07827,0.07707,0.02698,0.05750,0.04447,0.18554,0.06819,0.02040,0.11738,0.09313,0.12436,0.10672,0.08842,0.06729,0.01139,0.04743,0.03003,0.20538,0.06836,0.02218,0.13125,0.10564,0.10830,0.11432,-55.10,2.226,-1,0.0000,-1.00,0.0000,0
160774,1790787957505,0.07905,0.03286,0.05087,0.05749,0.03229,0.09857,0.19791,0.05106,0.07617,0.05615,0.14387,0.12372,0.08571,0.02322,0.04834,0.03871,0.01832,0.10157,0.23254,0.05160,0.08359,0.06365,0.15225,0.10051,-55.16,2.375,-1,0.0000,-1.00,0.0000,0
160867,1790787957598,0.03287,0.04838,0.01364,0.10314,0.03234,0.11995,0.14209,0.03282,0.11562,0.03385,0.19423,0.13106,0.03116,0.03453,0.00885,0.08286,0.01404,0.13755,0.16334,0.03764,0.12212,0.03778,0.20547,0.12465,-54.57,2.331,-1,0.0000,-1.00,0.0000,0
160960,1790787957678,0.05133,0.04101,0.02603,0.08300,0.04899,0.07335,0.03342,0.08659,0.16544,0.04896,0.18263,0.15925,0.04133,0.01269,0.02026,0.05920,0.02234,0.07970,0.03723,0.10004,0.18561,0.05512,0.20304,0.18343,-54.62,2.192,-1,0.0000,-1.00,0.0000,0
161053,1790787957777,0.05863,0.08877,0.01749,0.07549,0.01838,0.05627,0.02932,0.10868,0.41374,0.02461,0.06256,0.04606,0.03629,0.01991,0.01559,0.07797,0.01226,0.06028,0.03118,0.12713,0.48030,0.02706,0.06301,0.04901,-55.03,4.965,-1,0.0000,-1.00,0.0000,0
161146,1790787957857,0.05657,0.05933,0.01651,0.21573,0.01879,0.03276,0.05056,0.11833,0.20153,0.03917,0.12354,0.06717,0.03738,0.03502,0.01079,0.23040,0.00867,0.03184,0.05365,0.13965,0.19567,0.04536,0.14172,0.06985,-55.08,2.589,-1,0.0000,-1.00,0.0000,0
161239,1790787958006,0.02507,0.04071,0.01697,0.14166,0.02502,0.02882,0.12700,0.07762,0.15163,0.05033,0.21067,0.10450,0.01155,0.01792,0.00882,0.12097,0.01100,0.03224,0.14863,0.09126,0.15771,0.05813,0.24604,0.09575,-54.61,2.528,-1,0.0000,-1.00,0.0000,0
161332,1790787958078,0.08614,0.03225,0.00981,0.10415,0.01970,0.02714,0.06468,0.25164,0.11364,0.03235,0.21109,0.04740,0.04361,0.01462,0.00467,0.07559,0.01528,0.02388,0.07450,0.30071,0.12118,0.03573,0.24820,0.04203,-54.75,3.020,-1,0.0000,-1.00,0.0000,0
161425,1790787958159,0.08073,0.03031,0.03705,0.15840,0.01128,0.03144,0.01297,0.30120,0.14240,0.01671,0.13131,0.04621,0.02675,0.00878,0.04054,0.15989,0.00307,0.03238,0.01360,0.35307,0.13890,0.01945,0.15092,0.05268,-55.31,3.614,-1,0.0000,-1.00,0.0000,0
161518,1790787958259,0.06834,0.02224,0.01361,0.14054,0.03023,0.02990,0.01464,0.26428,0.12303,0.01285,0.15163,0.12872,0.01960,0.00268,0.01350,0.13364,0.00631,0.03194,0.01676,0.31425,0.12092,0.01415,0.17535,0.15091,-55.34,3.171,-1,0.0000,-1.00,0.0000,0
161610,1790787958339,0.09027,0.02003,0.02773,0.12833,0.01630,0.01486,0.02660,0.42640,0.07717,0.01825,0.10594,0.04812,0.00795,0.01084,0.02922,0.12925,0.00926,0.01623,0.02960,0.50526,0.06664,0.02024,0.12372,0.05179,-55.34,5.117,-1,0.0000,-1.00,0.0000,0
161703,1790787958437,0.05057,0.02877,0.04386,0.19398,0.01818,0.01295,0.06155,0.20960,0.13903,0.02756,0.12872,0.08523,0.01215,0.00987,0.04618,0.20237,0.00436,0.01311,0.07180,0.24200,0.12647,0.03215,0.15164,0.08790,-55.27,2.515,-1,0.0000,-1.00,0.0000,0
161796,1790787958517,0.06807,0.00778,0.02352,0.23740,0.00769,0.00872,0.05794,0.30548,0.06470,0.01352,0.16470,0.04050,0.01065,0.00360,0.02506,0.24566,0.00243,0.00834,0.06871,0.36107,0.02883,0.01571,0.19570,0.03424,-55.50,3.666,-1,0.0000,-1.00,0.0000,0
161889,1790787958618,0.06019,0.02918,0.03026,0.22478,0.01876,0.01536,0.02411,0.21445,0.10803,0.01340,0.18029,0.08120,0.02249,0.01822,0.03324,0.22707,0.00418,0.01395,0.02527,0.25037,0.08443,0.01523,0.21327,0.09228,-55.30,2.697,-1,0.0000,-1.00,0.0000,0
161982,1790787958717,0.05495,0.01740,0.02085,0.18262,0.02397,0.01436,0.07124,0.21493,0.09065,0.01378,0.17836,0.11689,0.01561,0.00627,0.02188,0.17701,0.00425,0.01412,0.08395,0.25337,0.07354,0.01567,0.21092,0.12341,-54.96,2.579,-1,0.0000,-1.00,0.0000,0
162075,1790787958798,0.08023,0.01628,0.06402,0.05002,0.02011,0.03643,0.09551,0.32875,0.04979,0.05559,0.10570,0.09757,0.01777,0.01244,0.06372,0.03641,0.00543,0.04013,0.10953,0.38374,0.05245,0.06553,0.11870,0.09416,-55.02,3.945,-1,0.0000,-1.00,0.0000,0
162168,1790787958898,0.03047,0.03097,0.02023,0.12814,0.06291,0.03383,0.12346,0.13519,0.03786,0.04314,0.15143,0.20237,0.00556,0.03285,0.01529,0.11912,0.03300,0.03943,0.14110,0.15929,0.02175,0.04515,0.17364,0.21383,-54.66,2.428,-1,0.0000,-1.00,0.0000,0
162261,1790787959003,0.02893,0.03152,0.02322,0.19612,0.02731,0.04931,0.06809,0.10529,0.08675,0.04999,0.22892,0.10454,0.01030,0.02435,0.01637,0.18288,0.01070,0.05726,0.07676,0.12292,0.06769,0.05778,0.26295,0.11004,-54.90,2.747,-1,0.0000,-1.00,0.0000,0
162353,1790787959078,0.04433,0.02250,0.02201,0.08682,0.06710,0.04777,0.04292,0.12347,0.09872,0.09798,0.20907,0.13731,0.02398,0.00572,0.00506,0.05643,0.04976,0.05249,0.05025,0.14698,0.10710,0.10755,0.24011,0.15457,-55.61,2.509,-1,0.0000,-1.00,0.0000,0
162446,1790787959158,0.01685,0.03179,0.01724,0.15739,0.05265,0.06684,0.05329,0.05710,0.08925,0.04806,0.16922,0.24030,0.00782,0.02289,0.00953,0.15148,0.00850,0.07854,0.05932,0.06654,0.07669,0.05613,0.18719,0.27536,-55.31,2.884,-1,0.0000,-1.00,0.0000,0
162539,1790787959278,0.03279,0.03404,0.02929,0.12281,0.03456,0.10390,0.07744,0.12848,0.09155,0.05256,0.15174,0.14085,0.00787,0.02488,0.02305,0.11595,0.01111,0.12314,0.08523,0.15201,0.08671,0.06078,0.15741,0.15187,-55.01,1.821,-1,0.0000,-1.00,0.0000,0
162632,1790787959379,0.02426,0.03673,0.02162,0.19055,0.03087,0.05577,0.03580,0.05234,0.12134,0.03143,0.29006,0.10923,0.01738,0.02155,0.01893,0.16191,0.01257,0.06338,0.03863,0.05896,0.11330,0.03517,0.33500,0.12323,-55.09,3.481,-1,0.0000,-1.00,0.0000,0
162725,1790787959459,0.06090,0.12684,0.03254,0.11104,0.05076,0.03205,0.13670,0.04737,0.10566,0.05378,0.15990,0.08246,0.06282,0.13074,0.02797,0.09609,0.04666,0.02595,0.13788,0.05122,0.10717,0.05558,0.18646,0.07147,-55.02,1.919,-1,0.0000,-1.00,0.0000,0
162818,1790787959563,0.03900,0.04238,0.03105,0.18071,0.04107,0.05964,0.02851,0.06327,0.14415,0.05005,0.19652,0.12366,0.03453,0.02331,0.02616,0.17239,0.02135,0.06461,0.02954,0.07063,0.13855,0.05574,0.22267,0.14052,-55.17,2.358,-1,0.0000,-1.00,0.0000,0
162911,1790787959639,0.07458,0.04609,0.05170,0.11312,0.02637,0.05785,0.03936,0.08679,0.11577,0.03089,0.27129,0.08621,0.07521,0.03243,0.05516,0.07324,0.01394,0.05441,0.04073,0.09306,0.12421,0.03425,0.31428,0.08910,-54.82,3.255,-1,0.0000,-1.00,0.0000,0
163004,1790787959737,0.16802,0.03738,0.07327,0.08750,0.01872,0.04045,0.06707,0.06865,0.08225,0.03211,0.27441,0.05018,0.18791,0.02712,0.08069,0.04010,0.01345,0.01121,0.07499,0.06627,0.09060,0.03581,0.32658,0.04526,-54.38,3.293,-1,0.0000,-1.00,0.0000,0
163096,1790787959817,0.25117,0.03556,0.07330,0.08065,0.01780,0.05365,0.02364,0.12160,0.10608,0.05478,0.15010,0.03169,0.27503,0.01990,0.07532,0.06137,0.01476,0.00976,0.02438,0.13078,0.11454,0.06311,0.17792,0.03313,-54.33,3.014,-1,0.0000,-1.00,0.0000,0
163189,1790787959919,0.22993,0.02167,0.01416,0.18648,0.02035,0.05229,0.01699,0.06538,0.10119,0.02039,0.20884,0.06233,0.26045,0.00878,0.01253,0.17427,0.01030,0.01103,0.01851,0.07596,0.08670,0.02239,0.24806,0.07101,-54.23,2.759,-1,0.0000,-1.00,0.0000,0
163282,1790787960017,0.11628,0.02951,0.00943,0.21931,0.01140,0.02822,0.04044,0.07933,0.14106,0.01430,0.27455,0.03617,0.12105,0.00963,0.00818,0.19795,0.00695,0.00982,0.04644,0.09355,0.12979,0.01576,0.32703,0.03386,-54.75,3.295,-1,0.0000,-1.00,0.0000,0
163375,1790787960097,0.09555,0.02229,0.01521,0.24213,0.01942,0.03463,0.08163,0.07543,0.10250,0.02226,0.23104,0.05789,0.09682,0.01188,0.01346,0.23613,0.01326,0.02230,0.09522,0.08796,0.07602,0.02405,0.27242,0.05049,-55.16,2.906,-1,0.0000,-1.00,0.0000,0
163468,1790787960200,0.09495,0.03101,0.01434,0.16911,0.01468,0.02180,0.10766,0.07133,0.09678,0.01986,0.31901,0.03947,0.09708,0.01944,0.01297,0.12713,0.01314,0.00688,0.12515,0.08290,0.09070,0.02125,0.38088,0.02248,-54.25,3.828,-1,0.0000,-1.00,0.0000,0
163561,1790787960279,0.14188,0.04473,0.01083,0.21700,0.01525,0.02971,0.06185,0.07064,0.09926,0.02060,0.25912,0.02913,0.15327,0.03833,0.00864,0.19867,0.01400,0.00521,0.06637,0.08306,0.07956,0.02191,0.30945,0.02152,-54.29,3.109,-1,0.0000,-1.00,0.0000,0
163654,1790787960378,0.13560,0.03801,0.00850,0.21808,0.01518,0.03501,0.04322,0.05875,0.12439,0.01219,0.28412,0.02695,0.14853,0.02377,0.00782,0.19431,0.01360,0.01251,0.04618,0.06974,0.11053,0.01191,0.33796,0.02314,-55.01,3.409,-1,0.0000,-1.00,0.0000,0
163747,1790787960457,0.11175,0.02369,0.00906,0.25393,0.01221,0.03109,0.04228,0.03782,0.11213,0.03194,0.29898,0.03512,0.12526,0.01094,0.00360,0.23374,0.00823,0.01242,0.04849,0.04460,0.08802,0.03664,0.35578,0.03227,-54.87,3.588,-1,0.0000,-1.00,0.0000,0
163839,1790787960578,0.13880,0.01291,0.01720,0.16451,0.01920,0.08869,0.01647,0.06756,0.07141,0.02977,0.33163,0.04185,0.15114,0.00331,0.01405,0.12135,0.01368,0.07652,0.01816,0.07908,0.06136,0.03311,0.38221,0.04603,-54.74,3.980,-1,0.0000,-1.00,0.0000,0
163932,1790787960678,0.11141,0.03015,0.01629,0.21454,0.01831,0.03275,0.01640,0.10408,0.18259,0.05111,0.18813,0.03424,0.10909,0.00113,0.00792,0.21310,0.01389,0.01829,0.01942,0.12315,0.17654,0.05849,0.22180,0.03718,-54.50,2.575,-1,0.0000,-1.00,0.0000,0
164025,1790787960757,0.11340,0.02207,0.00645,0.19995,0.01317,0.02648,0.01775,0.06436,0.12926,0.01874,0.36808,0.02031,0.12118,0.00175,0.00372,0.15245,0.01186,0.00771,0.02073,0.07657,0.12457,0.02019,0.43952,0.01975,-54.38,4.417,-1,0.0000,-1.00,0.0000,0
164118,1790787960858,0.11699,0.02164,0.01860,0.18293,0.01854,0.03336,0.06380,0.07860,0.11526,0.08215,0.23332,0.03480,0.12159,0.00512,0.00340,0.16439,0.01691,0.01587,0.07544,0.09350,0.10529,0.09532,0.27642,0.02674,-53.46,2.800,-1,0.0000,-1.00,0.0000,0
164211,1790787960937,0.23651,0.02055,0.00919,0.16428,0.01688,0.06600,0.03005,0.11223,0.07688,0.01554,0.20584,0.04604,0.25657,0.01269,0.00773,0.14906,0.01060,0.02822,0.03350,0.13295,0.06258,0.01652,0.24105,0.04853,-53.82,2.838,-1,0.0000,-1.00,0.0000,0
164304,1790787961039,0.19483,0.01411,0.01080,0.10649,0.02286,0.04269,0.18712,0.11793,0.08179,0.02119,0.13866,0.06154,0.20526,0.00199,0.00847,0.09508,0.02142,0.01062,0.22381,0.13964,0.07777,0.02252,0.16404,0.02937,-55.50,2.338,-1,0.0000,-1.00,0.0000,0
164397,1790787961117,0.17608,0.03439,0.00686,0.12770,0.01573,0.03783,0.10840,0.07184,0.18809,0.01878,0.16215,0.05214,0.19409,0.00103,0.00422,0.11477,0.01156,0.00686,0.12969,0.08525,0.20262,0.02021,0.19293,0.03677,-55.19,2.257,-1,0.0000,-1.00,0.0000,0
164490,1790787961219,0.07800,0.02469,0.01999,0.29947,0.01910,0.02283,0.04200,0.04307,0.14571,0.05344,0.20997,0.04172,0.08378,0.00713,0.01184,0.30939,0.01492,0.01075,0.04878,0.04940,0.11326,0.06108,0.24947,0.04020,-55.16,3.594,-1,0.0000,-1.00,0.0000,0
164583,1790787961317,0.11957,0.01561,0.01583,0.25746,0.01659,0.03334,0.07387,0.07136,0.07729,0.01992,0.25257,0.04660,0.12689,0.01014,0.01472,0.24908,0.01221,0.01480,0.08644,0.08264,0.04323,0.02144,0.29970,0.03870,-55.24,3.089,-1,0.0000,-1.00,0.0000,0
164675,1790787961398,0.08031,0.03138,0.03540,0.17967,0.02385,0.02393,0.04630,0.08213,0.13362,0.05879,0.22839,0.07623,0.07786,0.01229,0.02887,0.16156,0.01255,0.01324,0.05304,0.09268,0.12768,0.06836,0.27104,0.08083,-55.28,2.741,-1,0.0000,-1.00,0.0000,0
164768,1790787961502,0.08392,0.02377,0.03525,0.18517,0.01857,0.02557,0.02888,0.14665,0.11159,0.01477,0.24187,0.08399,0.06725,0.00847,0.03887,0.16511,0.00360,0.01731,0.03292,0.16802,0.10098,0.01699,0.28639,0.09411,-55.44,2.902,-1,0.0000,-1.00,0.0000,0
164861,1790787961579,0.08409,0.01641,0.05584,0.24857,0.01180,0.02354,0.02229,0.17424,0.10153,0.04271,0.17314,0.04585,0.06093,0.00634,0.05694,0.25735,0.00424,0.01612,0.02541,0.19752,0.07064,0.05034,0.20426,0.04991,-55.49,2.983,-1,0.0000,-1.00,0.0000,0
164954,1790787961678,0.06937,0.01236,0.21149,0.14640,0.01740,0.02983,0.01856,0.14854,0.06966,0.01636,0.19963,0.06040,0.05749,0.00350,0.24982,0.12896,0.00729,0.02441,0.02154,0.12847,0.05790,0.01816,0.23437,0.06811,-55.30,2.538,-1,0.0000,-1.00,0.0000,0
165047,1790787961777,0.07400,0.00978,0.07469,0.28159,0.01627,0.02721,0.00912,0.11931,0.07657,0.02108,0.24075,0.04963,0.06547,0.00461,0.08479,0.28100,0.00845,0.01962,0.01001,0.12615,0.03587,0.02376,0.28458,0.05568,-54.92,3.379,-1,0.0000,-1.00,0.0000,0
165140,1790787961878,0.08746,0.01379,0.03862,0.24656,0.02165,0.02727,0.02465,0.11067,0.07282,0.04418,0.22126,0.09108,0.07959,0.00912,0.03599,0.24354,0.00539,0.01691,0.02767,0.12552,0.03898,0.05187,0.26177,0.10365,-54.70,2.959,-1,0.0000,-1.00,0.0000,0
165233,1790787961978,0.11169,0.00808,0.04204,0.20129,0.04735,0.03375,0.00742,0.10494,0.06069,0.02558,0.13662,0.22055,0.11035,0.00380,0.04448,0.20947,0.00467,0.01857,0.00813,0.11695,0.03119,0.02972,0.16002,0.26266,-54.63,2.647,-1,0.0000,-1.00,0.0000,0
165326,1790787962059,0.05685,0.00730,0.01938,0.42923,0.01773,0.01973,0.00605,0.04859,0.10139,0.01828,0.20191,0.07358,0.05698,0.00337,0.01902,0.46685,0.00402,0.01235,0.00656,0.05446,0.02885,0.02120,0.23948,0.08686,-55.05,5.151,-1,0.0000,-1.00,0.0000,0
165418,1790787962158,0.06462,0.01053,0.02891,0.37638,0.01468,0.02111,0.00646,0.06639,0.09740,0.01572,0.24441,0.05339,0.06343,0.00494,0.03111,0.39344,0.00529,0.01272,0.00676,0.07339,0.03871,0.01779,0.29034,0.06209,-55.09,4.517,-1,0.0000,-1.00,0.0000,0
165511,1790787962237,0.05416,0.00924,0.02912,0.35351,0.01463,0.02822,0.01884,0.07490,0.08239,0.01812,0.27240,0.04446,0.04837,0.00570,0.03084,0.35984,0.00782,0.02422,0.02144,0.08364,0.02711,0.02045,0.32159,0.04897,-54.54,4.242,-1,0.0000,-1.00,0.0000,0
165604,1790787962338,0.05108,0.01098,0.03014,0.15071,0.05378,0.03018,0.03320,0.08368,0.05195,0.03148,0.35990,0.11292,0.04227,0.00484,0.03018,0.09619,0.03915,0.02778,0.03882,0.09429,0.04318,0.02996,0.42574,0.12761,-54.00,4.319,-1,0.0000,-1.00,0.0000,0
165697,1790787962417,0.02953,0.00776,0.02425,0.18523,0.03689,0.01492,0.00695,0.09249,0.04492,0.02690,0.37354,0.15661,0.01426,0.00404,0.02293,0.13381,0.00732,0.01505,0.00753,0.10628,0.02719,0.03089,0.44461,0.18609,-54.12,4.483,-1,0.0000,-1.00,0.0000,0
165790,1790787962521,0.07467,0.01105,0.04574,0.25681,0.01740,0.03327,0.01267,0.15225,0.07220,0.07755,0.19148,0.05490,0.05475,0.00645,0.03672,0.26338,0.00836,0.02902,0.01390,0.17515,0.03430,0.09126,0.22369,0.06302,-54.95,3.082,-1,0.0000,-1.00,0.0000,0
165883,1790787962618,0.03602,0.01184,0.03371,0.29877,0.00811,0.03590,0.01890,0.14394,0.07116,0.05920,0.25643,0.02602,0.01028,0.00913,0.02650,0.29870,0.00444,0.04098,0.02084,0.16722,0.02605,0.07005,0.29914,0.02666,-55.01,3.585,-1,0.0000,-1.00,0.0000,0
165976,1790787962697,0.03950,0.01377,0.13561,0.12696,0.05166,0.04239,0.01498,0.12226,0.05873,0.08118,0.27475,0.03821,0.02200,0.00801,0.14530,0.08870,0.05330,0.04660,0.01626,0.11779,0.05279,0.08671,0.31998,0.04256,-54.78,3.297,-1,0.0000,-1.00,0.0000,0
166069,1790787962798,0.07532,0.00901,0.02044,0.21909,0.02398,0.03878,0.03742,0.27724,0.06063,0.03808,0.11821,0.08181,0.02501,0.00567,0.01587,0.23607,0.01102,0.04151,0.04365,0.32912,0.02585,0.04345,0.13342,0.08937,-55.29,3.327,-1,0.0000,-1.00,0.0000,0
166162,1790787962879,0.06803,0.04016,0.01292,0.23175,0.02078,0.02514,0.01342,0.16891,0.22735,0.03081,0.10534,0.05539,0.04174,0.00408,0.00864,0.25354,0.01212,0.02207,0.01528,0.20068,0.22216,0.03452,0.12185,0.06334,-56.03,2.781,-1,0.0000,-1.00,0.0000,0
166254,1790787962978,0.06139,0.04865,0.01689,0.15697,0.01792,0.06225,0.01691,0.12290,0.26560,0.01813,0.14675,0.06564,0.04219,0.00461,0.01615,0.15583,0.00673,0.06622,0.01934,0.14406,0.28711,0.02064,0.16272,0.07439,-56.58,3.187,-1,0.0000,-1.00,0.0000,0
166347,1790787963078,0.05660,0.09709,0.01805,0.07556,0.01685,0.03461,0.02565,0.08532,0.44512,0.02302,0.07249,0.04965,0.04745,0.01429,0.01653,0.07458,0.00949,0.03207,0.02790,0.09895,0.51857,0.02571,0.08050,0.05396,-56.24,5.341,-1,0.0000,-1.00,0.0000,0
166440,1790787963178,0.07839,0.04912,0.04649,0.10016,0.02746,0.10011,0.02954,0.09178,0.20898,0.07825,0.11030,0.07942,0.07490,0.01307,0.03773,0.09795,0.01558,0.10511,0.03280,0.10249,0.23099,0.09068,0.11132,0.08738,-55.36,2.508,-1,0.0000,-1.00,0.0000,0
166533,1790787963277,0.06551,0.04957,0.03318,0.09736,0.02857,0.13213,0.03488,0.11916,0.13909,0.07080,0.16396,0.06580,0.04972,0.03105,0.02367,0.08360,0.01862,0.14985,0.03564,0.13809,0.15008,0.08114,0.16676,0.07178,-55.32,1.968,-1,0.0000,-1.00,0.0000,0
166626,1790787963356,0.06379,0.08052,0.02586,0.07521,0.01757,0.12649,0.03734,0.11281,0.15105,0.07871,0.17682,0.05381,0.04984,0.06295,0.01267,0.05369,0.00953,0.14168,0.03197,0.13297,0.17035,0.09242,0.18378,0.05814,-55.88,2.122,-1,0.0000,-1.00,0.0000,0
166719,1790787963458,0.09585,0.05718,0.01869,0.09129,0.02625,0.11005,0.03253,0.08447,0.14314,0.06216,0.19822,0.08018,0.09503,0.03714,0.00817,0.06674,0.01363,0.11303,0.03122,0.10000,0.15828,0.07177,0.21510,0.08988,-55.59,2.379,-1,0.0000,-1.00,0.0000,0
166812,1790787963539,,,,,,,,,,,,,0.11124,0.09816,0.07504,0.11881,0.01766,0.06919,0.03147,0.08007,0.10135,0.07482,0.11284,0.10936,-54.67,1.414,-1,0.0000,-1.00,0.0000,0
166905,1790787963639,0.04429,0.07522,0.10196,0.12369,0.07040,0.03101,0.08847,0.07032,0.09191,0.06181,0.17837,0.06255,0.04066,0.07349,0.11034,0.10699,0.07315,0.02922,0.09144,0.06238,0.08879,0.05969,0.20793,0.05592,-54.19,2.140,-1,0.0000,-1.00,0.0000,0
166997,1790787963717,0.10968,0.04620,0.01208,0.15679,0.03440,0.07178,0.07658,0.05856,0.12040,0.03244,0.17450,0.10658,0.11781,0.03261,0.00752,0.14888,0.01926,0.06266,0.08530,0.06868,0.11475,0.03505,0.19668,0.11080,-54.53,2.094,-1,0.0000,-1.00,0.0000,0
167090,1790787963817,0.12101,0.07756,0.00734,0.09428,0.04096,0.07968,0.02681,0.02687,0.29027,0.02580,0.11356,0.09586,0.13862,0.02763,0.00369,0.08866,0.02736,0.06800,0.02656,0.03156,0.32999,0.02573,0.12259,0.10960,-54.02,3.483,-1,0.0000,-1.00,0.0000,0
167183,1790787963917,0.16799,0.07793,0.01068,0.09436,0.00746,0.07821,0.00757,0.05306,0.39151,0.03674,0.04874,0.02576,0.18881,0.00488,0.00420,0.10371,0.00321,0.05629,0.00804,0.06281,0.44856,0.04338,0.04724,0.02888,-53.66,4.698,-1,0.0000,-1.00,0.0000,0
167276,1790787964009,0.09426,0.06758,0.02686,0.12171,0.04211,0.10738,0.04529,0.07465,0.17132,0.04712,0.14492,0.05678,0.09610,0.04489,0.02247,0.11573,0.03875,0.10962,0.04537,0.08500,0.18208,0.04903,0.15192,0.05905,-53.93,2.056,-1,0.0000,-1.00,0.0000,0
167369,1790787964099,0.06698,0.09808,0.01581,0.08557,0.06939,0.04049,0.04181,0.04513,0.31324,0.03686,0.09523,0.09141,0.06979,0.04657,0.01264,0.08128,0.06304,0.03468,0.04087,0.05157,0.35913,0.03176,0.10723,0.10143,-53.87,3.759,-1,0.0000,-1.00,0.0000,0
167462,1790787964177,0.06131,0.11152,0.01030,0.14689,0.01659,0.07079,0.04629,0.04651,0.27827,0.03108,0.12026,0.06018,0.06263,0.07344,0.00523,0.15029,0.00720,0.07241,0.04091,0.05470,0.30358,0.03587,0.12974,0.06400,-53.53,3.339,-1,0.0000,-1.00,0.0000,0
167555,1790787964278,0.06407,0.05455,0.00927,0.13931,0.06938,0.07722,0.03042,0.05562,0.07185,0.01962,0.08331,0.32536,0.06383,0.05420,0.00672,0.15028,0.00686,0.07988,0.02571,0.06531,0.05631,0.02215,0.08399,0.38477,-53.35,3.904,-1,0.0000,-1.00,0.0000,0
167648,1790787964378,0.03335,0.01291,0.00380,0.08174,0.11237,0.02364,0.02399,0.05991,0.03889,0.01187,0.03218,0.56535,0.02580,0.00982,0.00178,0.09122,0.00129,0.02333,0.02678,0.07146,0.02852,0.01396,0.03393,0.67212,-54.12,6.784,-1,0.0000,-1.00,0.0000,0
167740,1790787964479,0.08634,0.06387,0.02097,0.17683,0.03387,0.05379,0.02551,0.13070,0.08853,0.05534,0.11137,0.15288,0.07288,0.06287,0.01218,0.18739,0.00498,0.05000,0.01810,0.15419,0.06893,0.06533,0.12354,0.17960,-54.68,2.122,-1,0.0000,-1.00,0.0000,0
167833,1790787964579,0.07862,0.02588,0.02583,0.12137,0.04597,0.09155,0.02412,0.17880,0.04995,0.02641,0.12147,0.21003,0.05272,0.02389,0.02490,0.12047,0.00614,0.09925,0.02416,0.20931,0.03589,0.03051,0.12587,0.24688,-54.61,2.520,-1,0.0000,-1.00,0.0000,0
167926,1790787964658,0.06336,0.01946,0.01911,0.07436,0.06969,0.05931,0.02160,0.15031,0.06627,0.01981,0.10430,0.33242,0.04046,0.01065,0.01841,0.06680,0.00547,0.06305,0.02361,0.17662,0.06616,0.02265,0.11248,0.39364,-55.22,3.989,-1,0.0000,-1.00,0.0000,0
168019,1790787964757,0.05121,0.07868,0.01736,0.11840,0.02011,0.05809,0.04474,0.10773,0.13271,0.02586,0.26776,0.07735,0.03636,0.06593,0.01495,0.08072,0.00732,0.06239,0.04054,0.12613,0.14302,0.02954,0.30847,0.08465,-55.52,3.213,-1,0.0000,-1.00,0.0000,0
168112,1790787964838,0.04233,0.06580,0.01643,0.11025,0.03462,0.07911,0.04053,0.07734,0.13362,0.03241,0.21427,0.15330,0.03249,0.05077,0.01223,0.08469,0.00638,0.08854,0.03848,0.09026,0.14329,0.03760,0.23920,0.17607,-55.55,2.571,-1,0.0000,-1.00,0.0000,0
168205,1790787964939,0.05562,0.02198,0.04600,0.07898,0.05292,0.03879,0.04983,0.13913,0.02810,0.07305,0.20322,0.21237,0.03487,0.02178,0.03837,0.04792,0.01515,0.03957,0.05540,0.15910,0.02417,0.08453,0.23566,0.24348,-54.87,2.548,-1,0.0000,-1.00,0.0000,0
168298,1790787965017,0.08894,0.01032,0.02849,0.09648,0.02509,0.01328,0.05364,0.33840,0.03175,0.01711,0.17889,0.11760,0.02681,0.00827,0.03026,0.07353,0.00459,0.01060,0.06258,0.39955,0.02347,0.01960,0.21225,0.12850,-53.97,4.061,-1,0.0000,-1.00,0.0000,0
168391,1790787965118,0.10216,0.00856,0.11178,0.07123,0.00964,0.02252,0.02622,0.40951,0.02719,0.01866,0.15957,0.03296,0.03001,0.00591,0.12966,0.04827,0.00490,0.02104,0.02999,0.46525,0.02282,0.02158,0.18703,0.03354,-54.58,4.914,-1,0.0000,-1.00,0.0000,0
168483,1790787965217,0.11280,0.00865,0.07658,0.08984,0.00545,0.01786,0.01501,0.47670,0.04152,0.00978,0.12738,0.01842,0.02538,0.00357,0.08955,0.07804,0.00283,0.01637,0.01697,0.55375,0.03429,0.01116,0.14939,0.01871,-54.71,5.720,-1,0.0000,-1.00,0.0000,0
168576,1790787965297,0.10119,0.00852,0.11327,0.10866,0.00684,0.01849,0.02443,0.47346,0.03220,0.00722,0.07603,0.02969,0.01406,0.00701,0.13408,0.11290,0.00223,0.01937,0.02788,0.54074,0.01616,0.00826,0.08726,0.03005,-54.55,5.682,-1,0.0000,-1.00,0.0000,0
168669,1790787965398,0.12306,0.00877,0.04379,0.07617,0.00893,0.00704,0.01910,0.57094,0.03952,0.01325,0.05446,0.03496,0.01376,0.00421,0.04945,0.07856,0.00326,0.00571,0.02192,0.67446,0.03177,0.01525,0.06412,0.03755,-54.49,6.851,-1,0.0000,-1.00,0.0000,0
168762,1790787965478,0.10592,0.01130,0.05917,0.10206,0.01255,0.01160,0.04496,0.44060,0.05062,0.01314,0.09228,0.05580,0.02765,0.00668,0.06793,0.10070,0.00462,0.00841,0.05255,0.51448,0.04052,0.01500,0.10891,0.05254,-54.35,5.287,-1,0.0000,-1.00,0.0000,0
168855,1790787965578,0.06694,0.02210,0.03555,0.12978,0.01056,0.19102,0.07070,0.12468,0.08282,0.06350,0.15968,0.04267,0.05138,0.01204,0.02774,0.12617,0.00575,0.21871,0.08213,0.14409,0.07423,0.07495,0.14797,0.03485,-54.78,2.292,-1,0.0000,-1.00,0.0000,0
168948,1790787965677,0.03895,0.03907,0.03226,0.24151,0.02145,0.08580,0.04948,0.05340,0.10530,0.07496,0.21885,0.03897,0.03438,0.03173,0.02158,0.24117,0.01853,0.09599,0.05300,0.05971,0.07837,0.08614,0.24321,0.03618,-55.03,2.898,-1,0.0000,-1.00,0.0000,0
169041,1790787965778,0.04257,0.01348,0.04499,0.15307,0.02788,0.07475,0.08296,0.11800,0.05628,0.06560,0.23220,0.08822,0.02416,0.00839,0.03889,0.13159,0.01629,0.08478,0.09774,0.13368,0.04096,0.07578,0.26143,0.08633,-54.45,2.786,-1,0.0000,-1.00,0.0000,0
169134,1790787965877,0.10712,0.04123,0.04350,0.07451,0.01473,0.06346,0.08147,0.27677,0.07345,0.05889,0.11951,0.04535,0.06413,0.03445,0.03854,0.06338,0.01045,0.06332,0.09080,0.32400,0.07544,0.06850,0.13064,0.03634,-54.36,3.321,-1,0.0000,-1.00,0.0000,0
169227,1790787965957,0.19825,0.02855,0.01860,0.11102,0.00895,0.13796,0.04798,0.11736,0.10111,0.05994,0.13125,0.03903,0.20999,0.01439,0.00814,0.10677,0.00239,0.12489,0.05464,0.13901,0.09999,0.07135,0.13251,0.03594,-55.12,2.379,-1,0.0000,-1.00,0.0000,0
169319,1790787966057,0.17552,0.01908,0.01138,0.14343,0.04242,0.08702,0.03696,0.15011,0.10151,0.03149,0.14792,0.05317,0.17454,0.00465,0.00732,0.13987,0.02965,0.07993,0.04334,0.17843,0.09390,0.03185,0.16139,0.05512,-55.47,2.106,-1,0.0000,-1.00,0.0000,0
169412,1790787966138,0.07832,0.01676,0.02966,0.12167,0.02425,0.03765,0.05634,0.15330,0.06631,0.07812,0.28815,0.04946,0.05813,0.00749,0.01770,0.07866,0.01990,0.03359,0.06602,0.18018,0.06350,0.09002,0.33862,0.04618,-55.54,3.458,-1,0.0000,-1.00,0.0000,0
169505,1790787966242,0.07189,0.01676,0.01178,0.21670,0.01301,0.03073,0.03092,0.09984,0.09722,0.03677,0.34890,0.02549,0.06258,0.00397,0.00578,0.17777,0.01026,0.02510,0.03587,0.11887,0.08125,0.04202,0.41308,0.02344,-55.58,4.187,-1,0.0000,-1.00,0.0000,0
169598,1790787966319,0.03886,0.01222,0.00652,0.21746,0.01105,0.01936,0.01122,0.07480,0.08450,0.02012,0.46384,0.04006,0.02978,0.00080,0.00321,0.15107,0.00447,0.01729,0.01326,0.08901,0.07130,0.02323,0.55237,0.04422,-55.74,5.566,-1,0.0000,-1.00,0.0000,0
169691,1790787966417,0.06295,0.01739,0.01363,0.22942,0.01750,0.03792,0.03435,0.09803,0.11104,0.02805,0.29338,0.05633,0.05248,0.00258,0.01003,0.20658,0.00918,0.03504,0.04031,0.11581,0.09210,0.03179,0.34459,0.05951,-55.82,3.521,-1,0.0000,-1.00,0.0000,0
169784,1790787966519,0.11835,0.03006,0.02373,0.13974,0.03546,0.08757,0.04723,0.09327,0.08033,0.04861,0.20715,0.08848,0.12035,0.02172,0.01766,0.12159,0.01945,0.08516,0.05229,0.10827,0.07215,0.05440,0.23133,0.09565,-55.58,2.486,-1,0.0000,-1.00,0.0000,0
169877,1790787966597,0.08457,0.03379,0.01910,0.16913,0.02561,0.03583,0.04770,0.04641,0.08632,0.05858,0.31567,0.07728,0.08962,0.02609,0.00953,0.12867,0.01436,0.02516,0.05188,0.05383,0.07793,0.06735,0.37325,0.08232,-54.99,3.788,-1,0.0000,-1.00,0.0000,0
169970,1790787966698,0.02384,0.11304,0.01688,0.26788,0.01153,0.02802,0.03410,0.04390,0.14097,0.05952,0.22530,0.03501,0.01794,0.11294,0.00631,0.26865,0.00622,0.03002,0.01822,0.05162,0.11555,0.07020,0.26401,0.03834,-54.87,3.215,-1,0.0000,-1.00,0.0000,0
170062,1790787966780,0.03453,0.16758,0.02876,0.15300,0.02119,0.04067,0.05283,0.05253,0.15646,0.07068,0.17133,0.05044,0.02961,0.16939,0.01816,0.14432,0.01458,0.04286,0.02972,0.05934,0.15846,0.08222,0.19679,0.05455,-55.43,2.056,-1,0.0000,-1.00,0.0000,0
170155,1790787966898,0.04666,0.15492,0.02546,0.13833,0.02586,0.11744,0.06040,0.04699,0.16862,0.04431,0.12012,0.05089,0.04545,0.15128,0.02068,0.14240,0.02049,0.13175,0.04182,0.05276,0.17328,0.04957,0.11781,0.05269,-55.26,2.023,-1,0.0000,-1.00,0.0000,0
170248,1790787966977,0.05381,0.14320,0.01516,0.11722,0.03023,0.04627,0.03929,0.05580,0.17528,0.05869,0.15792,0.10713,0.05128,0.13422,0.00464,0.10472,0.01158,0.04528,0.02041,0.06600,0.18909,0.06820,0.18025,0.12432,-54.62,2.103,-1,0.0000,-1.00,0.0000,0
170341,1790787967081,0.20343,0.09009,0.02029,0.18535,0.04052,0.06175,0.03498,0.04492,0.09504,0.04129,0.05613,0.12619,0.23369,0.09363,0.01527,0.20986,0.01933,0.02783,0.02336,0.05080,0.07228,0.04565,0.06174,0.14658,-54.46,2.441,-1,0.0000,-1.00,0.0000,0
170434,1790787967178,0.11042,0.09812,0.02727,0.15670,0.11127,0.03865,0.03401,0.08519,0.09316,0.02919,0.06231,0.15372,0.11274,0.10506,0.02719,0.17391,0.09760,0.02396,0.01992,0.09669,0.06511,0.02767,0.06992,0.18024,-54.37,1.880,-1,0.0000,-1.00,0.0000,0
170527,1790787967258,0.03439,0.11808,0.01828,0.33486,0.02544,0.03268,0.05547,0.03733,0.16869,0.04724,0.05900,0.06853,0.03207,0.11762,0.01108,0.38852,0.01568,0.03303,0.04316,0.04253,0.12399,0.05462,0.06415,0.07356,-54.98,4.018,-1,0.0000,-1.00,0.0000,0
170620,1790787967358,0.04818,0.15068,0.01125,0.14984,0.06470,0.14273,0.07565,0.02465,0.14771,0.04395,0.07359,0.06707,0.05296,0.15249,0.00547,0.16846,0.06195,0.16280,0.06042,0.02845,0.14360,0.04038,0.05590,0.06711,-55.65,1.808,-1,0.0000,-1.00,0.0000,0
170713,1790787967438,0.06044,0.11991,0.01886,0.11860,0.05428,0.08425,0.06262,0.05075,0.19402,0.06728,0.08282,0.08617,0.06364,0.10280,0.00834,0.12591,0.04726,0.08840,0.05465,0.05916,0.20687,0.07191,0.08172,0.08934,-55.16,2.328,-1,0.0000,-1.00,0.0000,0
170805,1790787967541,0.01972,0.19072,0.01022,0.14112,0.03544,0.05233,0.10496,0.04466,0.17250,0.03918,0.12205,0.06710,0.01394,0.19337,0.00413,0.14246,0.03015,0.05993,0.08743,0.05270,0.17846,0.04097,0.13437,0.06210,-54.31,2.289,-1,0.0000,-1.00,0.0000,0
170898,1790787967620,0.03361,0.37340,0.01157,0.04013,0.02185,0.13105,0.08681,0.03297,0.08076,0.03982,0.09157,0.05646,0.03164,0.43050,0.00493,0.03226,0.01349,0.15077,0.01868,0.03853,0.09038,0.04504,0.07983,0.06395,-54.51,4.481,-1,0.0000,-1.00,0.0000,0
170991,1790787967718,0.07064,0.23284,0.01910,0.05708,0.03648,0.12367,0.04830,0.02721,0.10989,0.08704,0.12137,0.06638,0.07785,0.25534,0.00322,0.04478,0.02826,0.13276,0.00722,0.03200,0.12228,0.09921,0.11912,0.07798,-55.27,2.794,-1,0.0000,-1.00,0.0000,0
171084,1790787967818,0.07919,0.14600,0.01569,0.16544,0.02197,0.05410,0.03559,0.05347,0.21059,0.06720,0.11092,0.03984,0.08297,0.13188,0.00352,0.17380,0.01751,0.04853,0.01650,0.06337,0.21789,0.07706,0.12328,0.04369,-54.95,2.527,-1,0.0000,-1.00,0.0000,0
171177,1790787967897,0.07066,0.08030,0.08477,0.08162,0.02628,0.06621,0.03410,0.06477,0.16527,0.12385,0.09386,0.10830,0.07263,0.06055,0.07243,0.07806,0.00710,0.06493,0.02886,0.06326,0.18256,0.14700,0.09959,0.12303,-54.99,1.983,-1,0.0000,-1.00,0.0000,0
171270,1790787968009,0.12410,0.08091,0.06329,0.04697,0.03757,0.05258,0.01678,0.06530,0.16928,0.07075,0.10606,0.16642,0.13540,0.05822,0.05926,0.03250,0.00584,0.03616,0.00845,0.06661,0.19640,0.08362,0.11992,0.19762,-55.31,2.031,-1,0.0000,-1.00,0.0000,0
171363,1790787968079,0.07905,0.06919,0.01468,0.14227,0.03895,0.02494,0.02356,0.08191,0.19937,0.05881,0.09525,0.17200,0.07542,0.04138,0.00388,0.14844,0.00661,0.01494,0.02003,0.09738,0.20947,0.06916,0.11117,0.20212,-54.48,2.392,-1,0.0000,-1.00,0.0000,0
171456,1790787968198,0.04397,0.07525,0.07444,0.11328,0.05144,0.03898,0.03111,0.10378,0.10597,0.03807,0.09532,0.22840,0.03015,0.07011,0.08048,0.11470,0.00818,0.04076,0.01882,0.11295,0.10424,0.04399,0.10614,0.26948,-54.04,2.741,-1,0.0000,-1.00,0.0000,0
171549,1790787968277,0.02468,0.08386,0.06497,0.12631,0.04378,0.01691,0.01916,0.06465,0.24471,0.02618,0.11376,0.17103,0.01662,0.04778,0.07204,0.12500,0.01237,0.01697,0.01348,0.06318,0.26802,0.02935,0.13294,0.20226,-54.77,2.937,-1,0.0000,-1.00,0.0000,0
171641,1790787968378,0.09622,0.04507,0.03992,0.13280,0.04009,0.05414,0.01401,0.05050,0.19105,0.03595,0.19066,0.10958,0.10614,0.01316,0.04019,0.11556,0.02282,0.04383,0.01399,0.05274,0.20602,0.03855,0.21977,0.12724,-55.12,2.293,-1,0.0000,-1.00,0.0000,0
171734,1790787968480,0.07343,0.01852,0.06181,0.21978,0.04242,0.02422,0.01017,0.05851,0.11166,0.02982,0.27424,0.07542,0.07673,0.00353,0.06830,0.19875,0.03337,0.01381,0.01148,0.05657,0.09439,0.02911,0.32587,0.08809,-54.80,3.291,-1,0.0000,-1.00,0.0000,0
171827,1790787968561,0.03821,0.02153,0.29500,0.07742,0.02603,0.01510,0.01110,0.12276,0.05926,0.03104,0.25405,0.04850,0.03037,0.01375,0.34690,0.03290,0.02025,0.01209,0.01050,0.07840,0.06449,0.03318,0.30202,0.05516,-54.62,3.540,-1,0.0000,-1.00,0.0000,0
171920,1790787968659,0.03942,0.04848,0.04709,0.26124,0.03994,0.03124,0.03087,0.04789,0.17779,0.03726,0.18701,0.05177,0.03778,0.02652,0.04896,0.26979,0.03681,0.02994,0.03173,0.04768,0.15925,0.03764,0.21815,0.05574,-54.19,3.135,-1,0.0000,-1.00,0.0000,0
172013,1790787968738,0.05297,0.02032,0.01046,0.45354,0.03061,0.02419,0.01231,0.03672,0.12999,0.02266,0.14411,0.06213,0.05493,0.01365,0.00803,0.50993,0.02240,0.01810,0.01204,0.04241,0.05467,0.02271,0.16909,0.07206,-54.39,5.442,-1,0.0000,-1.00,0.0000,0
172106,1790787968838,0.07383,0.02019,0.01820,0.35804,0.01917,0.02394,0.02014,0.04104,0.14050,0.02574,0.21984,0.03938,0.07935,0.00564,0.01626,0.37731,0.01452,0.01295,0.02302,0.04595,0.09355,0.02797,0.26085,0.04262,-54.83,4.297,-1,0.0000,-1.00,0.0000,0
172199,1790787968918,0.08785,0.01893,0.00914,0.31194,0.01369,0.02613,0.01608,0.05251,0.13388,0.01973,0.26660,0.04352,0.09305,0.00311,0.00653,0.31096,0.00680,0.01286,0.01866,0.06162,0.09877,0.02229,0.31690,0.04845,-54.86,3.743,-1,0.0000,-1.00,0.0000,0
172292,1790787969017,0.11431,0.04166,0.10091,0.13615,0.01497,0.02965,0.01651,0.10644,0.08879,0.01924,0.29222,0.03916,0.11627,0.03253,0.11670,0.09422,0.00904,0.01259,0.01334,0.10441,0.08772,0.02126,0.34765,0.04428,-54.85,3.507,-1,0.0000,-1.00,0.0000,0
172384,1790787969120,0.06913,0.02366,0.02224,0.18034,0.01695,0.01431,0.01975,0.10632,0.11442,0.03762,0.34355,0.05172,0.05790,0.00657,0.01797,0.13470,0.00883,0.00567,0.02051,0.12568,0.10995,0.04378,0.41053,0.05790,-55.11,4.123,-1,0.0000,-1.00,0.0000,0
172477,1790787969197,0.04854,0.03787,0.08625,0.09891,0.04273,0.02930,0.01841,0.10667,0.15481,0.04515,0.22989,0.10148,0.03763,0.01152,0.09336,0.06500,0.02809,0.02765,0.01957,0.10952,0.17079,0.05034,0.26998,0.11654,-54.53,2.759,-1,0.0000,-1.00,0.0000,0
172570,1790787969300,0.04579,0.04811,0.01403,0.20552,0.01638,0.01776,0.04942,0.04549,0.24643,0.03234,0.23862,0.04009,0.04441,0.00662,0.00951,0.19014,0.01050,0.01435,0.05777,0.05277,0.25742,0.03684,0.28308,0.03659,-54.08,2.957,-1,0.0000,-1.00,0.0000,0
172663,1790787969377,0.07596,0.02267,0.03202,0.17922,0.03067,0.04695,0.05142,0.11712,0.14403,0.04391,0.13982,0.11621,0.06030,0.00424,0.02830,0.18328,0.01153,0.04430,0.06072,0.13477,0.13582,0.05076,0.15876,0.12722,-54.68,2.151,-1,0.0000,-1.00,0.0000,0
172756,1790787969509,0.07733,0.02265,0.01683,0.14371,0.04226,0.03624,0.12353,0.17310,0.08432,0.06361,0.12527,0.09116,0.06333,0.01276,0.00634,0.14382,0.03294,0.03492,0.14540,0.20624,0.07252,0.06970,0.14318,0.06885,-54.81,2.077,-1,0.0000,-1.00,0.0000,0
172849,1790787969582,0.04558,0.01357,0.02195,0.13711,0.04345,0.03512,0.10742,0.13208,0.05568,0.04854,0.20248,0.15703,0.03147,0.00765,0.01560,0.11760,0.02127,0.03585,0.12720,0.15517,0.04341,0.05394,0.23551,0.15532,-54.65,2.430,-1,0.0000,-1.00,0.0000,0
172942,1790787969678,0.06794,0.01315,0.02050,0.15088,0.06835,0.02899,0.06070,0.13229,0.06928,0.08272,0.19937,0.10583,0.05027,0.00458,0.00726,0.13440,0.05959,0.02477,0.07182,0.15707,0.05637,0.08731,0.23399,0.11257,-54.54,2.392,-1,0.0000,-1.00,0.0000,0
173035,1790787969780,0.05922,0.02633,0.01909,0.11571,0.04604,0.03137,0.04393,0.16986,0.11730,0.06317,0.25360,0.05438,0.02988,0.00791,0.00959,0.07966,0.04425,0.03167,0.05087,0.20183,0.12466,0.06702,0.29759,0.05507,-54.72,3.043,-1,0.0000,-1.00,0.0000,0
173127,1790787969860,0.03873,0.02605,0.01824,0.14723,0.03378,0.02937,0.06896,0.07819,0.09659,0.06013,0.34044,0.06229,0.02813,0.01212,0.00865,0.09672,0.02883,0.02962,0.08003,0.09217,0.09633,0.06657,0.40206,0.05877,-54.69,4.085,-1,0.0000,-1.00,0.0000,0
173220,1790787969961,0.05010,0.02781,0.01838,0.23583,0.02816,0.02826,0.02519,0.04617,0.13270,0.04355,0.31243,0.05142,0.04867,0.01091,0.01257,0.20932,0.02263,0.02422,0.02802,0.05283,0.11751,0.04770,0.36956,0.05606,-54.90,3.749,-1,0.0000,-1.00,0.0000,0
173313,1790787970044,0.04918,0.03749,0.01274,0.24205,0.02458,0.03614,0.03276,0.05519,0.14377,0.02816,0.27680,0.06114,0.04588,0.01994,0.00922,0.22563,0.01632,0.03420,0.03530,0.06430,0.12755,0.03050,0.32489,0.06626,-55.21,3.322,-1,0.0000,-1.00,0.0000,0
173406,1790787970140,0.03889,0.05262,0.03377,0.08915,0.04459,0.05922,0.06480,0.06748,0.12780,0.03950,0.17857,0.20361,0.03506,0.03664,0.03137,0.06692,0.00872,0.06401,0.07039,0.07463,0.13956,0.04591,0.20127,0.22551,-54.97,2.443,-1,0.0000,-1.00,0.0000,0
173499,1790787970220,0.06020,0.09636,0.02377,0.11645,0.03591,0.06781,0.04298,0.03159,0.14673,0.07836,0.15037,0.14947,0.06452,0.08531,0.01021,0.10651,0.00889,0.06846,0.03459,0.03583,0.15470,0.09214,0.16661,0.17224,-54.87,1.804,-1,0.0000,-1.00,0.0000,0
173592,1790787970320,0.05923,0.07832,0.02013,0.16532,0.02021,0.06188,0.02294,0.03381,0.12607,0.05750,0.28318,0.07142,0.06335,0.06913,0.01076,0.13326,0.00752,0.06186,0.01374,0.03842,0.12464,0.06741,0.32705,0.08285,-55.30,3.398,-1,0.0000,-1.00,0.0000,0
173685,1790787970420,0.02790,0.08752,0.02581,0.11223,0.02447,0.08745,0.04023,0.04191,0.13356,0.05874,0.25909,0.10108,0.02414,0.07617,0.01723,0.07686,0.00661,0.10000,0.03304,0.04687,0.14475,0.06912,0.29063,0.11457,-55.70,3.109,-1,0.0000,-1.00,0.0000,0
173778,1790787970507,0.02279,0.08028,0.02496,0.15400,0.03002,0.08710,0.05259,0.03584,0.13453,0.07031,0.17064,0.13695,0.01932,0.07006,0.01342,0.14795,0.00537,0.10053,0.04912,0.04028,0.13187,0.08318,0.18454,0.15436,-55.24,2.048,-1,0.0000,-1.00,0.0000,0
173871,1790787970601,0.04128,0.06726,0.00826,0.13169,0.06946,0.02689,0.06234,0.03326,0.17177,0.02140,0.13971,0.22668,0.04267,0.04473,0.00603,0.12558,0.03118,0.02473,0.06583,0.03865,0.18093,0.01946,0.16250,0.25770,-54.88,2.720,-1,0.0000,-1.00,0.0000,0
173963,1790787970680,0.04612,0.09067,0.00925,0.09668,0.04525,0.05948,0.12540,0.03668,0.13408,0.02046,0.13812,0.19782,0.04681,0.08019,0.00667,0.08547,0.01251,0.06199,0.13436,0.04263,0.14349,0.02227,0.15322,0.21040,-54.77,2.374,-1,0.0000,-1.00,0.0000,0
174056,1790787970803,0.07957,0.12448,0.03060,0.05180,0.02841,0.12435,0.04641,0.04180,0.18310,0.04915,0.13801,0.10231,0.08726,0.10701,0.02543,0.03447,0.01126,0.13170,0.03333,0.04612,0.21257,0.05666,0.13926,0.11493,-55.50,2.197,-1,0.0000,-1.00,0.0000,0
174149,1790787970881,0.07289,0.07778,0.02462,0.07410,0.05071,0.08994,0.05001,0.04045,0.15771,0.03098,0.13228,0.19853,0.07854,0.05839,0.02275,0.06099,0.01554,0.09219,0.04835,0.04396,0.17688,0.03404,0.14023,0.22813,-56.26,2.382,-1,0.0000,-1.00,0.0000,0
174242,1790787970989,0.06553,0.04789,0.07785,0.05525,0.03852,0.14296,0.09096,0.02914,0.11546,0.04725,0.15152,0.13766,0.07341,0.03139,0.08273,0.03637,0.01721,0.15675,0.09548,0.02580,0.13114,0.05321,0.15048,0.14602,-54.89,1.818,-1,0.0000,-1.00,0.0000,0
174335,1790787971082,0.03790,0.15393,0.02366,0.06998,0.03320,0.08460,0.08375,0.02071,0.26575,0.08550,0.05887,0.08215,0.04186,0.12421,0.00896,0.07353,0.02345,0.09307,0.07572,0.02304,0.30386,0.09781,0.05209,0.08240,-54.40,3.189,-1,0.0000,-1.00,0.0000,0
174428,1790787971160,0.02988,0.20944,0.01810,0.03190,0.01450,0.19656,0.05070,0.01479,0.28113,0.02097,0.07680,0.05524,0.03274,0.18532,0.01691,0.02898,0.00516,0.22903,0.02290,0.01548,0.33111,0.02411,0.04662,0.06165,-54.35,3.374,-1,0.0000,-1.00,0.0000,0
174521,1790787971260,0.02636,0.23907,0.01030,0.03034,0.01784,0.09968,0.04428,0.01833,0.32916,0.03201,0.11191,0.04073,0.02820,0.20884,0.00522,0.01424,0.01231,0.11384,0.01166,0.02093,0.39159,0.03592,0.11153,0.04572,-54.29,3.950,-1,0.0000,-1.00,0.0000,0
174614,1790787971340,0.02232,0.15160,0.01678,0.03026,0.03429,0.09806,0.06660,0.02945,0.30540,0.02938,0.09864,0.11721,0.02015,0.10980,0.01372,0.01729,0.01544,0.11357,0.05730,0.03330,0.36243,0.03222,0.09568,0.12909,-54.84,3.665,-1,0.0000,-1.00,0.0000,0
174706,1790787971440,0.05197,0.11108,0.01737,0.04939,0.02579,0.08270,0.10489,0.01910,0.19123,0.02845,0.19469,0.12335,0.05829,0.08836,0.01425,0.01637,0.00585,0.08754,0.10816,0.02006,0.22568,0.03314,0.21593,0.12636,-54.92,2.336,-1,0.0000,-1.00,0.0000,0
174799,1790787971520,0.15954,0.14242,0.01235,0.03926,0.03326,0.11594,0.13523,0.02049,0.08737,0.03385,0.09297,0.12733,0.18658,0.15110,0.00728,0.02897,0.01480,0.10194,0.13209,0.02311,0.09868,0.03788,0.09119,0.12639,-54.80,1.914,-1,0.0000,-1.00,0.0000,0
174892,1790787971621,0.09951,0.13756,0.01008,0.09431,0.02808,0.09340,0.04513,0.03437,0.20057,0.02238,0.12409,0.11052,0.11000,0.12233,0.00702,0.08708,0.00838,0.09035,0.02982,0.03979,0.22271,0.02552,0.13078,0.12622,-54.36,2.407,-1,0.0000,-1.00,0.0000,0
174985,1790787971720,0.14855,0.11118,0.00960,0.08373,0.01277,0.07186,0.02701,0.03472,0.29686,0.01436,0.15601,0.03335,0.17007,0.06527,0.00841,0.06533,0.00814,0.05239,0.01938,0.03998,0.34276,0.01559,0.17656,0.03612,-54.41,3.562,-1,0.0000,-1.00,0.0000,0
175078,1790787971800,0.15007,0.06236,0.03270,0.11702,0.01221,0.05692,0.05015,0.05641,0.20136,0.03395,0.17953,0.04732,0.16696,0.03147,0.03133,0.09895,0.00550,0.03510,0.05386,0.06138,0.22166,0.03959,0.20816,0.04603,-54.92,2.416,-1,0.0000,-1.00,0.0000,0
175171,1790787971900,0.08824,0.03907,0.01511,0.18458,0.03167,0.02512,0.05349,0.15707,0.12323,0.03098,0.21023,0.04121,0.06886,0.02430,0.01194,0.17188,0.03048,0.01644,0.05911,0.18601,0.11355,0.03112,0.24865,0.03766,-54.82,2.523,-1,0.0000,-1.00,0.0000,0
175264,1790787972008,0.17972,0.02442,0.00818,0.19127,0.06192,0.04281,0.04858,0.11186,0.11351,0.02781,0.15042,0.03948,0.18901,0.00993,0.00580,0.19403,0.06617,0.01469,0.05624,0.13289,0.09754,0.02020,0.17733,0.03616,-54.94,2.295,-1,0.0000,-1.00,0.0000,0
175357,1790787972100,0.06564,0.01755,0.03294,0.14079,0.09524,0.03776,0.13574,0.05046,0.08035,0.03702,0.19011,0.11639,0.06800,0.00712,0.03385,0.12500,0.08761,0.03696,0.16124,0.05376,0.07013,0.02836,0.22047,0.10750,-54.89,2.281,-1,0.0000,-1.00,0.0000,0
175449,1790787972179,0.05046,0.03424,0.02245,0.16558,0.03825,0.10253,0.07869,0.08660,0.14906,0.03335,0.18690,0.05189,0.04070,0.01192,0.02036,0.15852,0.03712,0.11479,0.09193,0.09973,0.14682,0.03297,0.20120,0.04395,-54.51,2.243,-1,0.0000,-1.00,0.0000,0
175542,1790787972281,0.03428,0.03035,0.04258,0.13808,0.03603,0.04069,0.11725,0.05745,0.10950,0.03432,0.27248,0.08698,0.02877,0.01476,0.04394,0.10245,0.02709,0.04389,0.13748,0.06021,0.11089,0.03575,0.31780,0.07697,-54.99,3.270,-1,0.0000,-1.00,0.0000,0
175635,1790787972380,0.03491,0.02666,0.01810,0.16175,0.02492,0.05788,0.07997,0.05988,0.10769,0.02769,0.34381,0.05674,0.02817,0.01088,0.01589,0.11465,0.02005,0.06377,0.09335,0.06891,0.10626,0.02925,0.39933,0.04949,-55.38,4.126,-1,0.0000,-1.00,0.0000,0
175728,1790787972461,0.04710,0.02514,0.01837,0.21824,0.01947,0.05980,0.03398,0.09202,0.12760,0.03133,0.30454,0.02242,0.03313,0.00951,0.01518,0.19174,0.01910,0.06551,0.03873,0.10734,0.11419,0.03445,0.35192,0.01918,-54.94,3.654,-1,0.0000,-1.00,0.0000,0
175821,1790787972561,0.03015,0.02620,0.01849,0.15273,0.00882,0.03416,0.02035,0.08834,0.16719,0.01254,0.42287,0.01815,0.00695,0.00392,0.01945,0.08412,0.00709,0.03965,0.02348,0.10213,0.18366,0.01362,0.49884,0.01709,-54.19,5.074,-1,0.0000,-1.00,0.0000,0
175914,1790787972642,0.03616,0.02891,0.02898,0.15094,0.00774,0.08171,0.02250,0.12869,0.13675,0.01336,0.33492,0.02933,0.01400,0.00630,0.03167,0.10504,0.00332,0.09513,0.02571,0.14792,0.14298,0.01541,0.38246,0.03005,-54.17,4.019,-1,0.0000,-1.00,0.0000,0
176007,1790787972740,0.02100,0.02456,0.05905,0.12427,0.03814,0.10106,0.08866,0.06179,0.11060,0.04022,0.20210,0.12855,0.01292,0.00731,0.06196,0.10556,0.01928,0.11853,0.10478,0.06175,0.11160,0.04437,0.21867,0.13326,-54.81,2.425,-1,0.0000,-1.00,0.0000,0
176100,1790787972820,0.02467,0.03064,0.04010,0.16933,0.05279,0.10646,0.02672,0.10660,0.15765,0.04011,0.18232,0.06261,0.00365,0.00791,0.04047,0.16458,0.04958,0.12684,0.03045,0.11972,0.15627,0.03824,0.19332,0.06899,-54.48,2.188,-1,0.0000,-1.00,0.0000,0
176193,1790787972921,0.01705,0.02164,0.05288,0.12096,0.04417,0.08338,0.04633,0.06487,0.11214,0.02653,0.20549,0.20455,0.00615,0.00429,0.05731,0.10000,0.00648,0.09869,0.05439,0.06665,0.11455,0.03050,0.22667,0.23431,-54.52,2.466,-1,0.0000,-1.00,0.0000,0
176285,1790787973020,0.02590,0.02377,0.05917,0.09297,0.02561,0.13227,0.02153,0.12110,0.10081,0.06001,0.26887,0.06798,0.00451,0.00668,0.05722,0.05373,0.01550,0.15760,0.02447,0.13376,0.11000,0.06898,0.29093,0.07661,-54.79,3.226,-1,0.0000,-1.00,0.0000,0
176378,1790787973101,0.03307,0.03066,0.04651,0.16379,0.05433,0.05679,0.01787,0.14707,0.14399,0.04556,0.16843,0.09193,0.00652,0.00877,0.04664,0.15888,0.04404,0.06676,0.01968,0.16698,0.14104,0.04586,0.18858,0.10625,-55.03,2.021,-1,0.0000,-1.00,0.0000,0
176471,1790787973200,0.02045,0.03177,0.02063,0.22946,0.02319,0.04121,0.02190,0.04985,0.15823,0.05420,0.26273,0.08637,0.01315,0.00891,0.01217,0.21438,0.00824,0.04677,0.02448,0.05732,0.14710,0.06331,0.30554,0.09864,-55.29,3.153,-1,0.0000,-1.00,0.0000,0
176564,1790787973301,0.01854,0.03734,0.01980,0.20979,0.01673,0.03718,0.02513,0.03447,0.17686,0.02784,0.34963,0.04670,0.01471,0.00949,0.01742,0.16997,0.01006,0.04164,0.02823,0.03785,0.17781,0.03177,0.41068,0.05036,-54.81,4.196,-1,0.0000,-1.00,0.0000,0
176657,1790787973401,0.02595,0.04518,0.02802,0.16522,0.02027,0.05038,0.06061,0.04785,0.17874,0.06245,0.25218,0.06314,0.02034,0.01724,0.01916,0.14029,0.01199,0.05634,0.06851,0.05423,0.18608,0.07274,0.29100,0.06207,-54.61,3.026,-1,0.0000,-1.00,0.0000,0
176750,1790787973507,0.02705,0.03741,0.03023,0.15814,0.01741,0.05862,0.06443,0.04533,0.13604,0.05210,0.30407,0.06918,0.02400,0.01722,0.02415,0.11984,0.00758,0.06551,0.07364,0.04968,0.13925,0.06093,0.35137,0.06686,-54.26,3.649,-1,0.0000,-1.00,0.0000,0
176843,1790787973581,0.03667,0.06695,0.03978,0.17712,0.01344,0.02970,0.07392,0.06826,0.17293,0.04899,0.20838,0.06386,0.02976,0.04559,0.03620,0.16390,0.00418,0.02969,0.07954,0.07462,0.17472,0.05787,0.24380,0.06014,-54.31,2.501,-1,0.0000,-1.00,0.0000,0
176936,1790787973680,0.05893,0.02293,0.09738,0.16606,0.01691,0.02569,0.02767,0.08893,0.09036,0.10271,0.24868,0.05374,0.05161,0.01214,0.09263,0.14071,0.00853,0.02055,0.02612,0.09284,0.08037,0.12137,0.29391,0.05922,-54.40,2.984,-1,0.0000,-1.00,0.0000,0
177028,1790787973760,0.10066,0.01341,0.05014,0.23275,0.01267,0.02280,0.02067,0.07852,0.08030,0.05895,0.28546,0.04368,0.10396,0.00530,0.04630,0.21135,0.00577,0.00671,0.02355,0.08507,0.05432,0.06949,0.34072,0.04747,-53.77,3.426,-1,0.0000,-1.00,0.0000,0
177121,1790787973861,0.05328,0.01301,0.02766,0.27609,0.01588,0.01735,0.03552,0.06839,0.07755,0.06954,0.29446,0.05126,0.04862,0.00743,0.01696,0.26131,0.00854,0.01116,0.04077,0.07890,0.04113,0.08164,0.35062,0.05292,-54.24,3.534,-1,0.0000,-1.00,0.0000,0
177214,1790787973941,0.07903,0.02421,0.01192,0.23156,0.01102,0.02717,0.02464,0.07353,0.09759,0.02365,0.36974,0.02593,0.07753,0.01334,0.00896,0.19032,0.00810,0.01719,0.02661,0.08660,0.07904,0.02690,0.43963,0.02579,-55.00,4.437,-1,0.0000,-1.00,0.0000,0
177307,1790787974042,0.12503,0.04843,0.01774,0.15395,0.01954,0.03292,0.02784,0.11344,0.09322,0.04432,0.27050,0.05307,0.12334,0.04101,0.01120,0.12080,0.01187,0.01500,0.02500,0.13394,0.08775,0.05075,0.32115,0.05819,-54.89,3.246,-1,0.0000,-1.00,0.0000,0
177400,1790787974120,0.12409,0.01984,0.00853,0.15073,0.01211,0.02846,0.01952,0.10713,0.08004,0.01815,0.39692,0.03446,0.12366,0.00817,0.00619,0.08671,0.00708,0.00972,0.02177,0.12714,0.07872,0.02034,0.47368,0.03681,-54.75,4.763,-1,0.0000,-1.00,0.0000,0
177493,1790787974221,0.10676,0.02180,0.01301,0.17869,0.04057,0.02305,0.03936,0.08873,0.09945,0.02812,0.31360,0.04685,0.10777,0.00805,0.01041,0.13987,0.03938,0.00626,0.04557,0.10426,0.09119,0.02614,0.37453,0.04658,-53.97,3.763,-1,0.0000,-1.00,0.0000,0
177586,1790787974321,0.07766,0.01040,0.01168,0.30153,0.00937,0.02130,0.02052,0.07835,0.08563,0.02122,0.33408,0.02827,0.07470,0.00399,0.00917,0.28237,0.00558,0.01071,0.02380,0.09207,0.04663,0.02432,0.39818,0.02848,-54.32,4.009,-1,0.0000,-1.00,0.0000,0
177679,1790787974401,0.05162,0.01831,0.00917,0.29148,0.01589,0.02395,0.03827,0.07518,0.10302,0.03446,0.30284,0.03582,0.04411,0.00840,0.00327,0.27812,0.01206,0.02017,0.04412,0.08950,0.06831,0.03890,0.35888,0.03417,-55.55,3.634,-1,0.0000,-1.00,0.0000,0
177771,1790787974505,0.04946,0.01126,0.00913,0.20670,0.04476,0.01907,0.08112,0.07435,0.07346,0.02328,0.37628,0.03112,0.04223,0.00229,0.00738,0.15886,0.05011,0.01447,0.09602,0.08835,0.05653,0.01797,0.44801,0.01778,-55.68,4.515,-1,0.0000,-1.00,0.0000,0
177864,1790787974601,0.07034,0.02595,0.01048,0.20845,0.01335,0.01793,0.02487,0.10961,0.14210,0.02653,0.33039,0.01999,0.05854,0.00409,0.00674,0.17169,0.01236,0.00991,0.02893,0.13007,0.13624,0.02934,0.39392,0.01818,-55.97,3.965,-1,0.0000,-1.00,0.0000,0
177957,1790787974700,0.11367,0.02152,0.00890,0.12558,0.01209,0.02653,0.01282,0.15899,0.08938,0.02512,0.38237,0.02302,0.09863,0.00706,0.00493,0.06013,0.00956,0.01223,0.01396,0.18953,0.09446,0.02893,0.45575,0.02481,-56.03,4.588,-1,0.0000,-1.00,0.0000,0
178050,1790787974780,0.12044,0.02643,0.00882,0.12304,0.01996,0.03458,0.01161,0.15349,0.13029,0.02602,0.31609,0.02922,0.10776,0.00390,0.00508,0.07313,0.01750,0.02008,0.01314,0.18291,0.14162,0.02770,0.37478,0.03240,-55.51,3.793,-1,0.0000,-1.00,0.0000,0
178143,1790787974880,0.11674,0.01976,0.00707,0.17242,0.01483,0.02555,0.04426,0.09680,0.11720,0.02121,0.30778,0.05638,0.11648,0.00166,0.00367,0.13379,0.00640,0.00757,0.05265,0.11532,0.11381,0.02424,0.36729,0.05712,-55.45,3.693,-1,0.0000,-1.00,0.0000,0
178236,1790787975003,0.12180,0.01551,0.00576,0.16807,0.01458,0.04147,0.04009,0.13110,0.08491,0.01598,0.32311,0.03762,0.11520,0.00347,0.00350,0.12569,0.01046,0.02685,0.04735,0.15640,0.07676,0.01715,0.38184,0.03534,-55.13,3.877,-1,0.0000,-1.00,0.0000,0
178329,1790787975061,0.09154,0.02573,0.00438,0.19213,0.00943,0.01908,0.00808,0.08175,0.14124,0.01005,0.39222,0.02438,0.09040,0.00267,0.00309,0.13724,0.00587,0.00494,0.00915,0.09734,0.14203,0.01087,0.46900,0.02739,-55.31,4.707,-1,0.0000,-1.00,0.0000,0
178422,1790787975161,0.05941,0.02637,0.00568,0.31321,0.01338,0.02394,0.02095,0.07233,0.16039,0.01181,0.26376,0.02877,0.05416,0.00584,0.00438,0.31335,0.01008,0.01800,0.02385,0.08590,0.12996,0.01226,0.31248,0.02974,-55.36,3.758,-1,0.0000,-1.00,0.0000,0
178515,1790787975240,0.06029,0.03854,0.02469,0.21537,0.00973,0.02166,0.02751,0.05232,0.16334,0.05239,0.30509,0.02907,0.06056,0.01469,0.01738,0.18614,0.00594,0.01395,0.03005,0.05925,0.15882,0.06160,0.36281,0.02881,-54.66,3.661,-1,0.0000,-1.00,0.0000,0
178607,1790787975340,0.06046,0.02705,0.07506,0.13248,0.02074,0.02667,0.02442,0.08610,0.12793,0.07533,0.28618,0.05759,0.05295,0.00745,0.07253,0.09160,0.01225,0.02146,0.02038,0.09619,0.13513,0.08784,0.33866,0.06356,-54.60,3.434,-1,0.0000,-1.00,0.0000,0
178700,1790787975426,0.01825,0.24380,0.03024,0.18859,0.02370,0.03751,0.05580,0.04926,0.06453,0.04798,0.17624,0.06410,0.01121,0.28411,0.02538,0.18579,0.01360,0.04272,0.01054,0.05400,0.04049,0.05480,0.20271,0.07466,-54.28,2.926,-1,0.0000,-1.00,0.0000,0
178793,1790787975521,0.02079,0.14584,0.13776,0.15244,0.01414,0.03228,0.03524,0.09282,0.04910,0.03070,0.24179,0.04709,0.00903,0.16817,0.15797,0.12667,0.00611,0.03689,0.00889,0.07990,0.03348,0.03582,0.28241,0.05466,-54.08,2.901,-1,0.0000,-1.00,0.0000,0
178886,1790787975621,0.03676,0.03212,0.04035,0.43151,0.02038,0.02466,0.01697,0.07344,0.12392,0.02014,0.10549,0.07425,0.02828,0.02877,0.04386,0.49294,0.00737,0.02399,0.01463,0.07930,0.05076,0.02267,0.12165,0.08577,-54.48,5.178,-1,0.0000,-1.00,0.0000,0
178979,1790787975700,0.03668,0.03082,0.07204,0.27782,0.01608,0.09389,0.03288,0.07390,0.11377,0.02095,0.17315,0.05801,0.03005,0.02154,0.08162,0.29595,0.00690,0.10660,0.03512,0.07237,0.07765,0.02374,0.18635,0.06210,-55.00,3.334,-1,0.0000,-1.00,0.0000,0
179072,1790787975800,0.06090,0.01539,0.03600,0.18229,0.03137,0.05737,0.02819,0.11578,0.09193,0.02440,0.24532,0.11104,0.04685,0.00320,0.03763,0.16249,0.01250,0.05946,0.03264,0.13177,0.07689,0.02781,0.28217,0.12658,-55.10,2.944,-1,0.0000,-1.00,0.0000,0
179165,1790787975901,0.06637,0.01264,0.04263,0.28261,0.02576,0.05484,0.00926,0.08202,0.08605,0.03024,0.19373,0.11385,0.06177,0.00629,0.04407,0.29472,0.00421,0.05346,0.00985,0.08955,0.04468,0.03541,0.22154,0.13447,-55.16,3.391,-1,0.0000,-1.00,0.0000,0
179258,1790787976002,0.08352,0.01255,0.12072,0.23145,0.02917,0.07329,0.02543,0.08557,0.07847,0.04448,0.14561,0.06975,0.08372,0.00718,0.13485,0.24555,0.01949,0.07122,0.02806,0.07678,0.04535,0.04943,0.16036,0.07801,-55.04,2.777,-1,0.0000,-1.00,0.0000,0
179350,1790787976082,0.04516,0.01252,0.04217,0.36964,0.04094,0.04212,0.00658,0.07056,0.12326,0.03548,0.16871,0.04286,0.03906,0.00162,0.04363,0.40453,0.03903,0.04287,0.00756,0.07590,0.06750,0.03478,0.19366,0.04986,-54.86,4.436,-1,0.0000,-1.00,0.0000,0
179443,1790787976180,0.03449,0.01443,0.02711,0.13955,0.04118,0.17607,0.04796,0.03195,0.06637,0.03629,0.30912,0.07549,0.03487,0.00579,0.02518,0.10180,0.03370,0.20406,0.05632,0.03329,0.05931,0.03684,0.32995,0.07890,-54.83,3.709,-1,0.0000,-1.00,0.0000,0
179536,1790787976280,0.03734,0.01045,0.02215,0.06613,0.05756,0.30171,0.02390,0.04280,0.05471,0.02727,0.25122,0.10476,0.03565,0.00089,0.02183,0.03351,0.04512,0.35459,0.02827,0.04715,0.05892,0.02373,0.23073,0.11962,-54.96,3.620,-1,0.0000,-1.00,0.0000,0
179629,1790787976361,0.04442,0.01265,0.02571,0.19080,0.04910,0.08518,0.00782,0.05089,0.06799,0.03571,0.38309,0.04663,0.04210,0.00456,0.02422,0.14131,0.04809,0.09372,0.00847,0.05617,0.05346,0.03326,0.44045,0.05420,-55.08,4.597,-1,0.0000,-1.00,0.0000,0
179722,1790787976460,0.02308,0.01566,0.02021,0.27129,0.03406,0.16639,0.01354,0.04149,0.10722,0.03010,0.21533,0.06162,0.01676,0.00630,0.01793,0.28163,0.02676,0.19605,0.01497,0.04617,0.07166,0.03176,0.21915,0.07086,-55.39,3.256,-1,0.0000,-1.00,0.0000,0
179815,1790787976542,0.05559,0.01775,0.02664,0.17469,0.01880,0.24638,0.01148,0.04838,0.10756,0.03860,0.18939,0.06474,0.05432,0.00435,0.02303,0.17552,0.00758,0.28454,0.01289,0.05341,0.09396,0.04487,0.17052,0.07501,-55.76,2.957,-1,0.0000,-1.00,0.0000,0
179908,1790787976640,0.02537,0.02808,0.05867,0.11271,0.04030,0.05343,0.02447,0.06870,0.09043,0.15419,0.26770,0.07594,0.01546,0.01507,0.03491,0.07385,0.03129,0.06096,0.02633,0.07540,0.09371,0.17855,0.30869,0.08577,-55.23,3.212,-1,0.0000,-1.00,0.0000,0
180001,1790787976720,0.02709,0.04926,0.04420,0.15276,0.01412,0.02173,0.01291,0.04216,0.24891,0.20026,0.15899,0.02760,0.02268,0.00568,0.00578,0.14612,0.01093,0.02154,0.01435,0.04937,0.26907,0.23802,0.18624,0.03022,-55.56,2.987,-1,0.0000,-1.00,0.0000,0
180093,1790787976819,0.04417,0.05399,0.01965,0.17228,0.02201,0.02858,0.01735,0.04989,0.27140,0.06378,0.19249,0.06439,0.04143,0.00660,0.00885,0.16174,0.01184,0.02604,0.01949,0.05802,0.29308,0.07413,0.22549,0.07329,-56.23,3.257,-1,0.0000,-1.00,0.0000,0
180186,1790787976921,0.04592,0.08332,0.01886,0.08797,0.01628,0.02933,0.01715,0.06948,0.41872,0.05539,0.11050,0.04709,0.03830,0.00420,0.00973,0.08024,0.00909,0.02755,0.01971,0.08133,0.48543,0.06496,0.12694,0.05252,-55.79,5.025,-1,0.0000,-1.00,0.0000,0
180279,1790787977001,0.06343,0.07520,0.01821,0.12795,0.01745,0.02158,0.03594,0.06049,0.37503,0.04331,0.11030,0.05111,0.05712,0.01103,0.01194,0.12768,0.01037,0.01453,0.04087,0.07012,0.42407,0.04985,0.12929,0.05313,-55.59,4.500,-1,0.0000,-1.00,0.0000,0
180372,1790787977100,0.07485,0.04766,0.04066,0.07162,0.05626,0.06378,0.03370,0.05975,0.15312,0.08916,0.09099,0.21845,0.07661,0.02336,0.02820,0.06661,0.01693,0.06124,0.03576,0.06600,0.17027,0.10348,0.09688,0.25467,-54.45,2.621,-1,0.0000,-1.00,0.0000,0
180465,1790787977201,0.10785,0.08686,0.01999,0.06835,0.01818,0.13074,0.01954,0.04147,0.22026,0.06356,0.15765,0.06557,0.11847,0.05509,0.00912,0.04969,0.00672,0.13317,0.01249,0.04788,0.25407,0.07482,0.16250,0.07597,-53.81,2.643,-1,0.0000,-1.00,0.0000,0
180558,1790787977300,0.09149,0.05647,0.01980,0.07964,0.01921,0.11376,0.02057,0.04018,0.17175,0.05225,0.29201,0.04286,0.10055,0.02808,0.01185,0.03064,0.01359,0.11638,0.01909,0.04580,0.19972,0.05992,0.32682,0.04757,-53.62,3.504,-1,0.0000,-1.00,0.0000,0
180651,1790787977382,0.07901,0.08681,0.01283,0.07195,0.01272,0.13564,0.04790,0.02998,0.25301,0.03343,0.18958,0.04715,0.08782,0.04576,0.00767,0.04689,0.00593,0.14512,0.04821,0.03452,0.29387,0.03888,0.19839,0.04694,-53.39,3.036,-1,0.0000,-1.00,0.0000,0
180744,1790787977481,0.08000,0.08185,0.01497,0.09654,0.01562,0.11896,0.03511,0.03714,0.18928,0.03499,0.22454,0.07101,0.08799,0.05592,0.00975,0.06726,0.00321,0.12510,0.03086,0.04268,0.21347,0.04129,0.24425,0.07822,-53.69,2.694,-1,0.0000,-1.00,0.0000,0
180837,1790787977583,0.07975,0.01889,0.01974,0.07223,0.04659,0.08654,0.06534,0.10592,0.07701,0.01955,0.25635,0.15208,0.07116,0.00549,0.01990,0.02918,0.02273,0.08958,0.07712,0.12306,0.08650,0.01892,0.28941,0.16695,-53.98,3.076,-1,0.0000,-1.00,0.0000,0
180929,1790787977661,0.08561,0.04338,0.00940,0.11325,0.02958,0.06456,0.04311,0.14815,0.23868,0.01402,0.11157,0.09870,0.04522,0.02218,0.00848,0.11189,0.01386,0.06839,0.04726,0.17583,0.26382,0.01405,0.12013,0.10890,-54.60,2.864,-1,0.0000,-1.00,0.0000,0
181022,1790787977760,0.08965,0.06664,0.00925,0.27798,0.03131,0.03270,0.03650,0.06370,0.22143,0.03058,0.08371,0.05654,0.09263,0.03960,0.00471,0.31413,0.02267,0.02368,0.03589,0.07539,0.20306,0.03215,0.09560,0.06048,-54.84,3.336,-1,0.0000,-1.00,0.0000,0
181115,1790787977840,0.09506,0.06063,0.00959,0.20218,0.01778,0.03997,0.02865,0.12902,0.17596,0.02157,0.17080,0.04879,0.08352,0.03892,0.00670,0.20292,0.01076,0.03134,0.02661,0.15327,0.17015,0.02418,0.19844,0.05318,-54.49,2.426,-1,0.0000,-1.00,0.0000,0
181208,1790787977941,0.05867,0.08626,0.01192,0.13279,0.09202,0.04780,0.08957,0.05505,0.16846,0.04510,0.10845,0.10392,0.05749,0.06874,0.00699,0.13516,0.08926,0.04587,0.09369,0.06458,0.17461,0.03679,0.12085,0.10595,-54.17,2.021,-1,0.0000,-1.00,0.0000,0
181301,1790787978020,0.13247,0.08244,0.01964,0.13179,0.02780,0.04596,0.02921,0.05542,0.27219,0.02908,0.08960,0.08441,0.14518,0.04060,0.01719,0.13766,0.01432,0.02629,0.02695,0.06300,0.29886,0.03201,0.10215,0.09580,-54.50,3.266,-1,0.0000,-1.00,0.0000,0
181394,1790787978120,0.10857,0.08343,0.01609,0.18579,0.01771,0.06564,0.05018,0.04499,0.24260,0.01791,0.11873,0.04836,0.11936,0.05099,0.01549,0.19658,0.01175,0.05499,0.04974,0.05113,0.25172,0.01913,0.13137,0.04776,-54.85,2.911,-1,0.0000,-1.00,0.0000,0
181487,1790787978220,0.03775,0.08964,0.02390,0.14221,0.02144,0.10534,0.07416,0.03008,0.18833,0.03079,0.18193,0.07443,0.03935,0.06820,0.02175,0.13184,0.01111,0.11842,0.07514,0.03194,0.19953,0.03469,0.19452,0.07351,-54.29,2.260,-1,0.0000,-1.00,0.0000,0
181580,1790787978301,0.05937,0.10154,0.01403,0.16268,0.02450,0.09844,0.05553,0.05524,0.15355,0.03794,0.15018,0.08699,0.05834,0.09175,0.00809,0.16344,0.01060,0.10639,0.04835,0.06459,0.15096,0.04399,0.15886,0.09465,-53.72,1.952,-1,0.0000,-1.00,0.0000,0
181672,1790787978421,0.06935,0.07054,0.03599,0.05170,0.03566,0.05572,0.09249,0.17270,0.13841,0.03437,0.12181,0.12125,0.04346,0.05314,0.03552,0.03533,0.01700,0.05901,0.10022,0.19997,0.15833,0.03833,0.13426,0.12542,-54.34,2.072,-1,0.0000,-1.00,0.0000,0
181765,1790787978513,0.05878,0.05196,0.01729,0.06770,0.04984,0.02007,0.05232,0.18439,0.08407,0.01014,0.16832,0.23511,0.02684,0.04452,0.01849,0.04188,0.00586,0.01886,0.05387,0.21728,0.09216,0.01127,0.19794,0.27103,-54.98,2.821,-1,0.0000,-1.00,0.0000,0
181858,1790787978601,0.04813,0.09326,0.01594,0.11945,0.03846,0.03057,0.04108,0.10870,0.17020,0.01565,0.17034,0.14823,0.03049,0.07763,0.01586,0.10388,0.01209,0.03075,0.03336,0.12757,0.18335,0.01635,0.19801,0.17067,-54.98,2.044,-1,0.0000,-1.00,0.0000,0
181951,1790787978681,0.06177,0.09980,0.01945,0.11331,0.02397,0.03169,0.04471,0.04097,0.15343,0.03849,0.28007,0.09235,0.06590,0.08616,0.01449,0.07022,0.00848,0.02491,0.03619,0.04652,0.16992,0.04443,0.33066,0.10211,-55.45,3.361,-1,0.0000,-1.00,0.0000,0
182044,1790787978780,0.04929,0.15674,0.01513,0.09160,0.02110,0.05775,0.09140,0.04805,0.08525,0.03515,0.26701,0.08155,0.04757,0.16995,0.01013,0.04868,0.00889,0.05977,0.07583,0.05556,0.09249,0.04035,0.30809,0.08268,-55.06,3.204,-1,0.0000,-1.00,0.0000,0
182137,1790787978881,0.08777,0.03887,0.12930,0.09629,0.02805,0.04177,0.05374,0.11787,0.12231,0.02123,0.15005,0.11276,0.07541,0.02724,0.15024,0.08112,0.00891,0.03510,0.05324,0.11721,0.13047,0.02367,0.17284,0.12456,-54.72,1.801,-1,0.0000,-1.00,0.0000,0
182230,1790787978960,0.10763,0.01685,0.09982,0.18519,0.01752,0.02854,0.02557,0.25352,0.07203,0.01416,0.10555,0.07362,0.07332,0.01086,0.11640,0.19761,0.00462,0.01966,0.02848,0.28070,0.04706,0.01614,0.12258,0.08257,-54.79,3.042,-1,0.0000,-1.00,0.0000,0
182323,1790787979059,0.07489,0.00566,0.17617,0.04839,0.06534,0.02754,0.00984,0.18924,0.01930,0.00990,0.07977,0.29396,0.05288,0.00376,0.20909,0.03992,0.00888,0.02251,0.01046,0.18590,0.01522,0.01011,0.09112,0.35016,-54.86,3.527,-1,0.0000,-1.00,0.0000,0
182415,1790787979140,0.03321,0.01347,0.06175,0.13842,0.06820,0.01716,0.00713,0.10949,0.05043,0.00721,0.15293,0.34059,0.01654,0.00937,0.07233,0.13021,0.00108,0.01729,0.00669,0.11686,0.03461,0.00842,0.17982,0.40678,-54.86,4.087,-1,0.0000,-1.00,0.0000,0
182508,1790787979240,0.04385,0.01757,0.11902,0.11726,0.05563,0.03068,0.02102,0.16453,0.05301,0.02562,0.09400,0.25781,0.01884,0.01316,0.13677,0.11947,0.00631,0.03302,0.02258,0.17003,0.03983,0.02945,0.10609,0.30444,-54.94,3.094,-1,0.0000,-1.00,0.0000,0
182601,1790787979320,0.04842,0.01497,0.03735,0.21044,0.05323,0.02001,0.01017,0.14439,0.09031,0.00984,0.10782,0.25304,0.02526,0.00543,0.04257,0.22730,0.00409,0.01896,0.01048,0.16520,0.06312,0.01102,0.12543,0.30113,-54.89,3.037,-1,0.0000,-1.00,0.0000,0
182694,1790787979421,0.05091,0.01311,0.09390,0.14787,0.05213,0.01672,0.01425,0.16787,0.06331,0.01668,0.11684,0.24642,0.02488,0.00698,0.10873,0.15002,0.00453,0.01511,0.01480,0.18048,0.04612,0.01909,0.13700,0.29227,-54.90,2.957,-1,0.0000,-1.00,0.0000,0
182787,1790787979522,0.14966,0.11445,0.02607,0.07740,0.02378,0.08468,0.04231,0.18624,0.03505,0.02450,0.15448,0.08138,0.13610,0.13113,0.02580,0.05899,0.00973,0.07489,0.02470,0.21805,0.03030,0.02742,0.17026,0.09262,-55.55,2.235,-1,0.0000,-1.00,0.0000,0
182880,1790787979600,0.17551,0.07683,0.01343,0.08553,0.02695,0.06080,0.02972,0.11661,0.04674,0.01573,0.24641,0.10574,0.18357,0.08274,0.01268,0.04538,0.00802,0.03647,0.01913,0.13730,0.04701,0.01726,0.28803,0.12243,-55.44,2.957,-1,0.0000,-1.00,0.0000,0
182973,1790787979722,0.12546,0.04397,0.02540,0.06418,0.08501,0.04234,0.07608,0.07884,0.03741,0.04693,0.14708,0.22729,0.13244,0.04549,0.02129,0.04293,0.05111,0.02448,0.08214,0.09025,0.03632,0.04610,0.17138,0.25606,-55.03,2.727,-1,0.0000,-1.00,0.0000,0
183066,1790787979799,0.11050,0.05943,0.02187,0.09026,0.04211,0.08224,0.04904,0.12818,0.04265,0.07665,0.12110,0.17596,0.10227,0.06432,0.00841,0.08246,0.01047,0.07827,0.04591,0.15202,0.03476,0.08977,0.12959,0.20175,-55.02,2.112,-1,0.0000,-1.00,0.0000,0
183158,1790787979899,0.09133,0.04865,0.02039,0.07924,0.08153,0.02272,0.02080,0.14858,0.04407,0.05235,0.09773,0.29262,0.07466,0.05066,0.01312,0.07222,0.02877,0.01243,0.01488,0.17543,0.03849,0.05703,0.11464,0.34768,-54.90,3.511,-1,0.0000,-1.00,0.0000,0
183251,1790787979977,0.10210,0.00971,0.01009,0.13968,0.07460,0.01943,0.01283,0.11253,0.05006,0.01139,0.09169,0.36590,0.09599,0.00547,0.00950,0.14575,0.00304,0.00425,0.01429,0.13295,0.03109,0.01304,0.10903,0.43560,-54.83,4.391,-1,0.0000,-1.00,0.0000,0
183344,1790787980081,0.10644,0.00779,0.01160,0.21580,0.04265,0.02907,0.04093,0.10820,0.06740,0.02240,0.13673,0.21101,0.10217,0.00223,0.00869,0.22667,0.00289,0.01457,0.04855,0.12798,0.03582,0.02626,0.16095,0.24321,-54.55,2.590,-1,0.0000,-1.00,0.0000,0
183437,1790787980178,0.10872,0.00697,0.14640,0.09726,0.03880,0.02724,0.03170,0.16822,0.03879,0.02010,0.14840,0.16739,0.09703,0.00247,0.17085,0.08182,0.00821,0.01340,0.03750,0.16770,0.02966,0.02306,0.17516,0.19313,-54.83,2.019,-1,0.0000,-1.00,0.0000,0
183530,1790787980258,0.13394,0.00647,0.01580,0.26670,0.02131,0.04269,0.02242,0.13541,0.06274,0.02099,0.20185,0.06968,0.12874,0.00376,0.01429,0.27263,0.01001,0.02563,0.02612,0.15942,0.02086,0.02343,0.23678,0.07832,-55.19,3.200,-1,0.0000,-1.00,0.0000,0
183623,1790787980359,0.12808,0.01945,0.04280,0.12968,0.04448,0.03091,0.01143,0.15408,0.07110,0.02146,0.15048,0.19607,0.11699,0.01326,0.04641,0.12018,0.00723,0.01384,0.01107,0.17542,0.06104,0.02460,0.17756,0.23238,-54.79,2.353,-1,0.0000,-1.00,0.0000,0
183716,1790787980438,0.18900,0.05367,0.02682,0.09131,0.04734,0.04613,0.03183,0.08510,0.09748,0.01394,0.11280,0.20459,0.20736,0.04444,0.02918,0.08317,0.00927,0.01417,0.02917,0.09635,0.10025,0.01492,0.13235,0.23937,-54.60,2.455,-1,0.0000,-1.00,0.0000,0
183809,1790787980538,0.11489,0.07254,0.03091,0.12361,0.04092,0.04163,0.02730,0.09900,0.12046,0.04448,0.11593,0.16834,0.11516,0.06309,0.02685,0.12164,0.00983,0.02705,0.01997,0.11354,0.12023,0.05135,0.13355,0.19775,-54.51,2.020,-1,0.0000,-1.00,0.0000,0
183902,1790787980618,0.09372,0.20122,0.01801,0.06345,0.02908,0.05103,0.05031,0.06798,0.13618,0.04997,0.12404,0.11503,0.09655,0.21065,0.01003,0.04822,0.00825,0.04200,0.01852,0.07946,0.15362,0.05824,0.14030,0.13417,-53.83,2.415,-1,0.0000,-1.00,0.0000,0
183994,1790787980718,0.04893,0.16546,0.02685,0.15450,0.02704,0.03306,0.03855,0.04282,0.13502,0.05932,0.16477,0.10369,0.04918,0.17197,0.01841,0.14716,0.00825,0.02987,0.01210,0.04766,0.13261,0.06944,0.19151,0.12185,-53.37,1.986,-1,0.0000,-1.00,0.0000,0
184087,1790787980817,0.04724,0.19177,0.03274,0.07584,0.03265,0.02807,0.04704,0.09887,0.15661,0.06080,0.11163,0.11673,0.03281,0.19647,0.02526,0.06543,0.01208,0.02713,0.01742,0.11346,0.17469,0.07046,0.12838,0.13642,-53.96,2.301,-1,0.0000,-1.00,0.0000,0
184180,1790787980898,0.03248,0.16508,0.01030,0.11679,0.02592,0.04649,0.04118,0.09334,0.09736,0.02932,0.24927,0.09247,0.01687,0.17801,0.00568,0.08280,0.00956,0.05243,0.01353,0.11124,0.09987,0.03361,0.28829,0.10812,-53.78,2.991,-1,0.0000,-1.00,0.0000,0
184273,1790787981023,0.06161,0.07335,0.07182,0.10510,0.04623,0.04203,0.02585,0.06129,0.09716,0.07717,0.21018,0.12821,0.05998,0.06972,0.06873,0.07752,0.02559,0.03848,0.01652,0.06044,0.10105,0.08740,0.24421,0.15034,-53.41,2.522,-1,0.0000,-1.00,0.0000,0
184366,1790787981097,0.05399,0.04765,0.01446,0.23021,0.02397,0.02578,0.03919,0.03507,0.08170,0.01484,0.33196,0.10119,0.05691,0.04546,0.01404,0.19777,0.00617,0.01961,0.03792,0.03927,0.05869,0.01655,0.39388,0.11373,-54.14,3.984,-1,0.0000,-1.00,0.0000,0
184459,1790787981198,0.03095,0.06422,0.01214,0.27648,0.01215,0.01768,0.04247,0.03787,0.08361,0.01392,0.36146,0.04705,0.02854,0.06676,0.01142,0.24604,0.00486,0.01552,0.03765,0.04311,0.05137,0.01576,0.43004,0.04892,-54.52,4.338,-1,0.0000,-1.00,0.0000,0
184552,1790787981279,0.02737,0.11721,0.03062,0.13322,0.04619,0.05787,0.04292,0.04278,0.08902,0.11623,0.21116,0.08541,0.02282,0.12393,0.01049,0.11203,0.03589,0.06504,0.02686,0.04918,0.08446,0.13216,0.24012,0.09702,-53.77,2.534,-1,0.0000,-1.00,0.0000,0
184645,1790787981379,0.03426,0.07509,0.05295,0.05861,0.02208,0.08979,0.03334,0.04835,0.17264,0.07792,0.24037,0.09459,0.03063,0.04970,0.04513,0.01712,0.00497,0.10160,0.02679,0.05230,0.20347,0.09238,0.26788,0.10803,-54.13,2.884,-1,0.0000,-1.00,0.0000,0
184737,1790787981478,0.04772,0.05595,0.03168,0.04795,0.04777,0.22689,0.04705,0.03907,0.07814,0.13293,0.15831,0.08656,0.04811,0.04989,0.00777,0.03016,0.03851,0.26233,0.04648,0.04527,0.08699,0.15230,0.13769,0.09450,-54.84,2.723,-1,0.0000,-1.00,0.0000,0
184830,1790787981558,0.03690,0.10303,0.02896,0.08919,0.02500,0.11833,0.03527,0.03862,0.14217,0.12373,0.15017,0.10863,0.03390,0.09405,0.00551,0.07651,0.00508,0.13506,0.02360,0.04519,0.15519,0.14725,0.15316,0.12549,-54.18,1.802,-1,0.0000,-1.00,0.0000,0
184923,1790787981658,0.05031,0.07379,0.01246,0.07757,0.06320,0.08230,0.04159,0.02071,0.22062,0.05379,0.22906,0.07461,0.05553,0.03798,0.00418,0.04199,0.05949,0.08778,0.04230,0.02398,0.25444,0.05425,0.25706,0.08101,-54.22,2.749,-1,0.0000,-1.00,0.0000,0
185016,1790787981737,0.07472,0.05075,0.01125,0.18531,0.01035,0.04150,0.04526,0.04898,0.20013,0.02528,0.27554,0.03092,0.07744,0.02027,0.00773,0.15795,0.00687,0.03455,0.05021,0.05716,0.20840,0.02902,0.32332,0.02709,-54.48,3.307,-1,0.0000,-1.00,0.0000,0
185109,1790787981839,0.06436,0.02137,0.01895,0.19258,0.01259,0.04018,0.03067,0.03488,0.08516,0.02304,0.43039,0.04584,0.06944,0.01061,0.01732,0.12988,0.00555,0.03438,0.03426,0.03874,0.07564,0.02716,0.50889,0.04813,-54.45,5.165,-1,0.0000,-1.00,0.0000,0
185202,1790787981919,0.04847,0.02876,0.00257,0.27651,0.01744,0.04411,0.04073,0.02585,0.11833,0.01149,0.31000,0.07573,0.05170,0.01680,0.00053,0.25937,0.00470,0.04260,0.04548,0.03087,0.09038,0.01283,0.36301,0.08173,-54.38,3.720,-1,0.0000,-1.00,0.0000,0
185295,1790787982020,0.08816,0.04894,0.01121,0.24777,0.01919,0.03125,0.05030,0.04387,0.16144,0.01684,0.19953,0.08149,0.09763,0.03047,0.00968,0.25020,0.00624,0.01809,0.05423,0.05065,0.14385,0.01894,0.23550,0.08453,-54.48,2.973,-1,0.0000,-1.00,0.0000,0
185388,1790787982121,0.05107,0.08774,0.01534,0.14637,0.02528,0.04010,0.05444,0.01791,0.26983,0.02611,0.17221,0.09360,0.05743,0.04646,0.01250,0.13592,0.01026,0.03667,0.05602,0.01899,0.29599,0.02963,0.19907,0.10105,-54.73,3.238,-1,0.0000,-1.00,0.0000,0
185481,1790787982200,0.03169,0.08934,0.00670,0.13034,0.01865,0.02633,0.03420,0.03482,0.22856,0.01802,0.29943,0.08192,0.02992,0.05675,0.00390,0.08606,0.00419,0.02562,0.02973,0.04095,0.25674,0.02083,0.35371,0.09160,-54.77,3.593,-1,0.0000,-1.00,0.0000,0
185573,1790787982326,0.03322,0.05140,0.05420,0.18054,0.02296,0.04355,0.02697,0.06336,0.15527,0.09636,0.22627,0.04589,0.02559,0.03202,0.04275,0.16443,0.01763,0.04711,0.02597,0.06744,0.15346,0.11196,0.26179,0.04984,-54.28,2.715,-1,0.0000,-1.00,0.0000,0
185666,1790787982400,0.02925,0.02434,0.07941,0.21692,0.02990,0.01552,0.02292,0.06686,0.11456,0.03960,0.28383,0.07687,0.02198,0.01013,0.08648,0.19306,0.01857,0.01425,0.02546,0.06298,0.09900,0.04377,0.33727,0.08706,-53.51,3.406,-1,0.0000,-1.00,0.0000,0
185759,1790787982511,0.03485,0.01912,0.04798,0.13828,0.09166,0.01493,0.02069,0.07291,0.09768,0.04595,0.33089,0.08508,0.02640,0.00319,0.05010,0.08758,0.09057,0.01265,0.02415,0.07744,0.09948,0.03730,0.39398,0.09715,-54.11,3.971,-1,0.0000,-1.00,0.0000,0
185852,1790787982582,0.06247,0.01688,0.01813,0.32755,0.02696,0.01585,0.01167,0.04340,0.11505,0.02415,0.29008,0.04781,0.06498,0.00584,0.01684,0.32382,0.02146,0.00611,0.01282,0.04867,0.07367,0.02468,0.34637,0.05474,-54.79,3.931,-1,0.0000,-1.00,0.0000,0
185945,1790787982681,0.08838,0.02869,0.01106,0.27687,0.06742,0.02269,0.02046,0.05585,0.12992,0.01529,0.22320,0.06016,0.09288,0.01687,0.01004,0.27908,0.06732,0.00878,0.02117,0.06493,0.08910,0.01623,0.26570,0.06789,-54.52,3.322,-1,0.0000,-1.00,0.0000,0
186038,1790787982780,0.10410,0.02503,0.03293,0.27831,0.01789,0.03773,0.03167,0.07152,0.13714,0.05419,0.17624,0.03323,0.10872,0.00900,0.02709,0.29255,0.01495,0.02366,0.03568,0.08082,0.10591,0.06239,0.20649,0.03274,-54.19,3.340,-1,0.0000,-1.00,0.0000,0
186131,1790787982861,0.17765,0.02029,0.05034,0.27567,0.01504,0.04388,0.02902,0.05263,0.13531,0.02186,0.14957,0.02874,0.20209,0.00424,0.05562,0.29528,0.01248,0.01256,0.03393,0.05203,0.10360,0.02372,0.17673,0.02771,-54.32,3.308,-1,0.0000,-1.00,0.0000,0
186224,1790787982961,0.09824,0.01634,0.07081,0.23212,0.03271,0.02663,0.03691,0.07697,0.10279,0.02823,0.20749,0.07075,0.10202,0.00423,0.07908,0.22931,0.02400,0.01169,0.04100,0.07893,0.07771,0.02907,0.24631,0.07665,-55.19,2.785,-1,0.0000,-1.00,0.0000,0
186316,1790787983042,0.12011,0.02220,0.02285,0.17522,0.03572,0.02959,0.04734,0.10611,0.11613,0.02473,0.19887,0.10112,0.11960,0.00543,0.02232,0.16317,0.02097,0.01175,0.05565,0.12272,0.10681,0.02547,0.23597,0.11013,-54.95,2.386,-1,0.0000,-1.00,0.0000,0
186409,1790787983140,0.04791,0.04547,0.02244,0.14991,0.02105,0.06264,0.04180,0.14795,0.17136,0.03486,0.19293,0.06168,0.02123,0.02096,0.01907,0.13658,0.01238,0.07085,0.04593,0.17350,0.17809,0.03948,0.21713,0.06480,-54.75,2.315,-1,0.0000,-1.00,0.0000,0
186502,1790787983221,0.04980,0.03810,0.02004,0.23015,0.04911,0.02114,0.05791,0.05679,0.20451,0.04182,0.14284,0.08780,0.04579,0.00762,0.01566,0.24249,0.04048,0.01643,0.06788,0.06494,0.19698,0.04208,0.16790,0.09175,-54.68,2.762,-1,0.0000,-1.00,0.0000,0
186595,1790787983321,0.05089,0.02278,0.02164,0.19956,0.01933,0.02025,0.04142,0.08022,0.13165,0.04138,0.32930,0.04159,0.04220,0.00267,0.01670,0.16153,0.01520,0.01590,0.04866,0.09325,0.12572,0.04657,0.39143,0.04019,-54.86,3.952,-1,0.0000,-1.00,0.0000,0
186688,1790787983420,0.07839,0.02488,0.02959,0.18078,0.02813,0.03165,0.05108,0.10196,0.12905,0.02706,0.27049,0.04694,0.06871,0.00713,0.03000,0.15332,0.02486,0.02430,0.05859,0.11743,0.12424,0.02750,0.31929,0.04463,-55.38,3.246,-1,0.0000,-1.00,0.0000,0
186781,1790787983509,0.05616,0.01510,0.01093,0.26294,0.02656,0.04245,0.04326,0.18088,0.10742,0.01981,0.19438,0.04011,0.02409,0.00381,0.00934,0.27070,0.02431,0.04609,0.05104,0.21492,0.07502,0.01896,0.22378,0.03795,-54.94,3.155,-1,0.0000,-1.00,0.0000,0
186874,1790787983620,0.04004,0.03239,0.00903,0.21570,0.02335,0.03062,0.02024,0.12216,0.15356,0.02713,0.27925,0.04654,0.01880,0.01038,0.00495,0.19342,0.01779,0.03296,0.02206,0.14552,0.14504,0.02960,0.32808,0.05139,-54.49,3.351,-1,0.0000,-1.00,0.0000,0
186967,1790787983700,0.03956,0.04941,0.03453,0.13860,0.02295,0.03062,0.01960,0.08322,0.23583,0.05507,0.23326,0.05735,0.02815,0.00819,0.02884,0.11190,0.01473,0.03110,0.02159,0.09427,0.26024,0.06323,0.27333,0.06443,-55.12,2.830,-1,0.0000,-1.00,0.0000,0
187059,1790787983800,0.02578,0.03799,0.01852,0.20839,0.01983,0.02507,0.04838,0.03845,0.20136,0.05478,0.27050,0.05093,0.02201,0.00508,0.00966,0.18647,0.01363,0.02592,0.05634,0.04479,0.20400,0.06325,0.31899,0.04986,-55.70,3.246,-1,0.0000,-1.00,0.0000,0
187152,1790787983880,0.02371,0.03092,0.02104,0.19094,0.02210,0.04214,0.05654,0.06804,0.12949,0.06990,0.26510,0.08008,0.01260,0.01289,0.00901,0.16771,0.01002,0.04799,0.06519,0.07974,0.12191,0.08177,0.30814,0.08303,-55.32,3.181,-1,0.0000,-1.00,0.0000,0
187245,1790787984007,0.02772,0.05968,0.02198,0.10043,0.02614,0.04247,0.07112,0.09028,0.22049,0.04183,0.20915,0.08871,0.01239,0.02205,0.01687,0.07256,0.01341,0.04843,0.08064,0.10504,0.24954,0.04775,0.24101,0.09031,-54.77,2.646,-1,0.0000,-1.00,0.0000,0
187338,1790787984081,0.05840,0.10816,0.02608,0.07346,0.06240,0.08151,0.06268,0.02995,0.21800,0.06249,0.12989,0.08697,0.06139,0.08204,0.01862,0.06052,0.05636,0.08550,0.05704,0.03399,0.24922,0.06371,0.13869,0.09291,-54.26,2.616,-1,0.0000,-1.00,0.0000,0
187431,1790787984164,0.25832,0.06959,0.01794,0.08105,0.01075,0.09421,0.01987,0.02673,0.15094,0.06014,0.16951,0.04095,0.30403,0.05038,0.00733,0.05892,0.00390,0.05262,0.01373,0.03067,0.16904,0.07144,0.19268,0.04526,-53.97,3.100,-1,0.0000,-1.00,0.0000,0
187524,1790787984260,0.05051,0.41417,0.01905,0.07360,0.02354,0.07974,0.09125,0.01323,0.05216,0.02164,0.08857,0.07253,0.05749,0.48743,0.01800,0.07046,0.01149,0.08415,0.01272,0.01229,0.04781,0.02437,0.08944,0.08435,-54.52,4.970,-1,0.0000,-1.00,0.0000,0
187617,1790787984341,0.01370,0.25991,0.01968,0.07666,0.03028,0.02804,0.04961,0.02040,0.27469,0.02846,0.08471,0.11385,0.01222,0.24907,0.01720,0.07296,0.00963,0.03118,0.00994,0.02117,0.31464,0.03223,0.09532,0.13445,-55.37,3.296,-1,0.0000,-1.00,0.0000,0
187710,1790787984440,0.21336,0.09555,0.03559,0.06452,0.01779,0.06263,0.03953,0.08124,0.18625,0.05147,0.10011,0.05195,0.23757,0.07245,0.03077,0.05462,0.01028,0.02795,0.03300,0.09125,0.21209,0.05989,0.11442,0.05570,-54.75,2.560,-1,0.0000,-1.00,0.0000,0
187802,1790787984520,0.29411,0.05652,0.01975,0.04417,0.05386,0.07835,0.02485,0.19909,0.07640,0.02476,0.07444,0.05370,0.30646,0.05101,0.01986,0.03655,0.05266,0.03313,0.01967,0.23462,0.08430,0.01923,0.08263,0.05989,-54.49,3.529,-1,0.0000,-1.00,0.0000,0
187895,1790787984619,0.27500,0.05737,0.01221,0.04128,0.05561,0.07749,0.04043,0.18052,0.07596,0.02682,0.08194,0.07536,0.28703,0.05193,0.01018,0.03147,0.04873,0.03745,0.03815,0.21429,0.08478,0.02248,0.09076,0.08274,-55.06,3.300,-1,0.0000,-1.00,0.0000,0
187988,1790787984720,0.11172,0.06862,0.01643,0.05147,0.15715,0.03304,0.02791,0.15598,0.16767,0.04239,0.12401,0.04360,0.09747,0.04369,0.01665,0.03301,0.17892,0.02026,0.02479,0.18361,0.19436,0.01533,0.14458,0.04733,-55.31,2.012,-1,0.0000,-1.00,0.0000,0
188081,1790787984819,0.11243,0.11253,0.01422,0.05721,0.05078,0.06095,0.03785,0.07552,0.19820,0.03239,0.14640,0.10152,0.11720,0.08916,0.01079,0.03577,0.03693,0.05068,0.02767,0.08835,0.23040,0.03149,0.16537,0.11616,-55.52,2.378,-1,0.0000,-1.00,0.0000,0
188174,1790787984921,0.08170,0.07068,0.03686,0.04022,0.06029,0.12434,0.05410,0.05836,0.09744,0.05364,0.14259,0.17978,0.08553,0.06238,0.03259,0.01953,0.03126,0.13242,0.05246,0.06347,0.11256,0.05839,0.14460,0.20480,-55.18,2.157,-1,0.0000,-1.00,0.0000,0
188267,1790787984998,0.08897,0.16468,0.01248,0.05227,0.04355,0.12042,0.05791,0.04888,0.06808,0.02370,0.13314,0.18592,0.09537,0.18256,0.00969,0.03594,0.00933,0.12539,0.03317,0.05667,0.07446,0.02655,0.13467,0.21620,-54.68,2.231,-1,0.0000,-1.00,0.0000,0
188360,1790787985096,0.05896,0.14301,0.05194,0.07190,0.04993,0.07536,0.04272,0.02518,0.04448,0.02873,0.21686,0.19095,0.06394,0.16357,0.05595,0.03769,0.01487,0.07762,0.01029,0.02755,0.04556,0.03174,0.24446,0.22676,-55.09,2.602,-1,0.0000,-1.00,0.0000,0
188453,1790787985177,0.05834,0.22014,0.01892,0.06959,0.04850,0.03964,0.05483,0.02589,0.06459,0.02355,0.18801,0.18800,0.06411,0.25040,0.01759,0.04009,0.01409,0.03478,0.01606,0.02754,0.06920,0.02566,0.21839,0.22209,-55.52,2.642,-1,0.0000,-1.00,0.0000,0
188546,1790787985281,0.09686,0.17652,0.03304,0.06941,0.04139,0.04395,0.05892,0.02167,0.15567,0.03237,0.13710,0.13311,0.11263,0.17674,0.03264,0.05183,0.01873,0.03109,0.03556,0.01950,0.17625,0.03507,0.15811,0.15184,-55.41,2.118,-1,0.0000,-1.00,0.0000,0
188638,1790787985380,0.06926,0.04469,0.02092,0.09240,0.07837,0.07293,0.04432,0.03031,0.13588,0.04228,0.15678,0.21187,0.07793,0.02428,0.01682,0.07631,0.04577,0.07194,0.04829,0.03298,0.14768,0.04159,0.17359,0.24282,-54.88,2.542,-1,0.0000,-1.00,0.0000,0
188731,1790787985460,0.12200,0.07174,0.04430,0.07379,0.03238,0.10128,0.07947,0.03860,0.15022,0.02616,0.10631,0.15377,0.13861,0.05290,0.04709,0.06685,0.00555,0.09388,0.08348,0.03817,0.16674,0.03024,0.10877,0.16770,-54.46,1.845,-1,0.0000,-1.00,0.0000,0
188824,1790787985562,0.04742,0.06519,0.07264,0.24246,0.02049,0.03534,0.01922,0.07105,0.24309,0.03130,0.10071,0.05108,0.04307,0.03167,0.08004,0.26793,0.01321,0.03381,0.01595,0.07008,0.23770,0.03535,0.11397,0.05723,-54.86,2.917,-1,0.0000,-1.00,0.0000,0
188917,1790787985640,0.05306,0.09464,0.02723,0.10197,0.02105,0.02800,0.03934,0.04025,0.27556,0.04221,0.19953,0.07716,0.05403,0.05170,0.02291,0.07569,0.00832,0.02284,0.03623,0.04434,0.31512,0.04900,0.23455,0.08528,-55.26,3.307,-1,0.0000,-1.00,0.0000,0
189010,1790787985741,0.05672,0.06409,0.01937,0.13010,0.02390,0.03372,0.04758,0.07913,0.23477,0.03254,0.20120,0.07687,0.05034,0.02545,0.01590,0.10930,0.01254,0.03043,0.05144,0.09219,0.25928,0.03688,0.23505,0.08120,-55.91,2.817,-1,0.0000,-1.00,0.0000,0
189103,1790787985821,0.06276,0.03164,0.01156,0.13238,0.04773,0.01716,0.04951,0.18074,0.10429,0.02569,0.11556,0.22098,0.03258,0.01835,0.00798,0.13173,0.00689,0.01411,0.05568,0.21499,0.09865,0.02962,0.13567,0.25375,-55.51,2.652,-1,0.0000,-1.00,0.0000,0
189196,1790787985918,0.04391,0.04234,0.01020,0.13085,0.03845,0.01712,0.08854,0.16705,0.16055,0.01444,0.10705,0.17950,0.01292,0.01818,0.00903,0.13206,0.00745,0.01796,0.10232,0.19855,0.16595,0.01607,0.12472,0.19479,-55.01,2.154,-1,0.0000,-1.00,0.0000,0
189289,1790787986018,0.03070,0.07273,0.02351,0.13280,0.02056,0.04243,0.03354,0.04760,0.34412,0.02345,0.14921,0.07937,0.02645,0.01034,0.02288,0.12548,0.00716,0.04573,0.03789,0.05275,0.38747,0.02667,0.16972,0.08746,-54.97,4.129,-1,0.0000,-1.00,0.0000,0
189381,1790787986119,0.03691,0.05750,0.01902,0.20866,0.02420,0.03484,0.01624,0.04445,0.30828,0.02812,0.13246,0.08932,0.03397,0.00472,0.01629,0.21993,0.00849,0.03501,0.01806,0.05050,0.32503,0.03278,0.15178,0.10345,-55.12,3.699,-1,0.0000,-1.00,0.0000,0
189474,1790787986218,0.02845,0.05349,0.04178,0.10092,0.08087,0.02617,0.01345,0.04119,0.26552,0.03223,0.22189,0.09406,0.02558,0.00441,0.04535,0.06926,0.07480,0.02667,0.01524,0.04036,0.30442,0.02379,0.26059,0.10953,-55.63,3.186,-1,0.0000,-1.00,0.0000,0
189567,1790787986298,0.03538,0.03657,0.01954,0.12376,0.04258,0.02295,0.01189,0.07850,0.18664,0.01732,0.25996,0.16493,0.02215,0.00568,0.01978,0.08745,0.01244,0.02310,0.01312,0.09014,0.20630,0.01828,0.30691,0.19464,-55.23,3.119,-1,0.0000,-1.00,0.0000,0
189660,1790787986398,0.04056,0.04078,0.03646,0.11827,0.04789,0.01818,0.05832,0.08892,0.12418,0.03678,0.28412,0.10554,0.02885,0.02232,0.03630,0.07486,0.03487,0.01607,0.06515,0.09965,0.13388,0.03724,0.33726,0.11354,-55.31,3.409,-1,0.0000,-1.00,0.0000,0
189753,1790787986477,0.03041,0.02490,0.01970,0.24865,0.03798,0.02677,0.04972,0.07913,0.14677,0.04053,0.16737,0.12807,0.01798,0.00520,0.01462,0.25931,0.01723,0.02863,0.05737,0.09310,0.12426,0.04535,0.19487,0.14209,-55.19,2.984,-1,0.0000,-1.00,0.0000,0
189846,1790787986581,0.03431,0.04444,0.01359,0.24106,0.03022,0.01507,0.03080,0.12083,0.19632,0.03034,0.13709,0.10594,0.01280,0.01720,0.00956,0.25689,0.01246,0.01552,0.03349,0.14289,0.18432,0.03388,0.16119,0.11980,-55.00,2.893,-1,0.0000,-1.00,0.0000,0
189939,1790787986678,0.05823,0.03838,0.04351,0.13970,0.03793,0.05959,0.05041,0.18722,0.08291,0.02929,0.20624,0.06659,0.02771,0.03107,0.04639,0.12101,0.03144,0.06636,0.05424,0.21514,0.07523,0.02900,0.23397,0.06845,-54.65,2.475,-1,0.0000,-1.00,0.0000,0
190032,1790787986757,0.09167,0.05198,0.02833,0.19073,0.01108,0.10259,0.05209,0.10496,0.07701,0.01641,0.23514,0.03800,0.08610,0.05095,0.03030,0.17685,0.00631,0.10586,0.05112,0.12096,0.05722,0.01841,0.26077,0.03517,-54.37,2.822,-1,0.0000,-1.00,0.0000,0
190124,1790787986858,0.04053,0.04637,0.15770,0.16857,0.01962,0.08091,0.03120,0.15044,0.09333,0.02046,0.10181,0.08905,0.02006,0.04052,0.18424,0.18146,0.00350,0.09297,0.02931,0.14379,0.07586,0.02382,0.10357,0.10090,-54.82,2.023,-1,0.0000,-1.00,0.0000,0
190217,1790787986936,0.03501,0.02580,0.18885,0.13078,0.01238,0.10778,0.01779,0.20186,0.10275,0.00998,0.10911,0.05792,0.00279,0.01185,0.22399,0.13584,0.00182,0.12859,0.01892,0.19752,0.09618,0.01160,0.10525,0.06565,-55.27,2.422,-1,0.0000,-1.00,0.0000,0
190310,1790787987042,0.02662,0.02502,0.14113,0.20586,0.02168,0.04615,0.01999,0.13185,0.12842,0.00992,0.15343,0.08993,0.00714,0.00782,0.16696,0.21234,0.00550,0.05388,0.02241,0.12489,0.11179,0.01079,0.17317,0.10332,-56.08,2.470,-1,0.0000,-1.00,0.0000,0
190403,1790787987118,0.02547,0.02702,0.11524,0.19932,0.01328,0.07152,0.01122,0.12879,0.14750,0.01640,0.18791,0.05633,0.00490,0.00541,0.13431,0.19752,0.00301,0.08472,0.01238,0.12770,0.13759,0.01905,0.20837,0.06505,-56.24,2.392,-1,0.0000,-1.00,0.0000,0
190496,1790787987218,0.02948,0.02416,0.03953,0.36608,0.00700,0.03106,0.00855,0.13630,0.17439,0.01832,0.13969,0.02544,0.00462,0.00353,0.04311,0.40689,0.00271,0.03630,0.00946,0.15486,0.12824,0.02148,0.16019,0.02860,-55.57,4.393,-1,0.0000,-1.00,0.0000,0
190589,1790787987318,0.03528,0.02708,0.01018,0.42843,0.01185,0.01064,0.01477,0.15484,0.20603,0.01192,0.05625,0.03273,0.00580,0.00323,0.00959,0.50045,0.00708,0.01160,0.01674,0.18395,0.14736,0.01318,0.06511,0.03591,-55.11,5.141,-1,0.0000,-1.00,0.0000,0
190682,1790787987418,0.01986,0.06754,0.01113,0.28845,0.01060,0.01878,0.02566,0.06360,0.38307,0.02351,0.05965,0.02814,0.00859,0.00343,0.00795,0.33229,0.00712,0.02087,0.02986,0.07485,0.39274,0.02716,0.06734,0.02780,-55.04,4.597,-1,0.0000,-1.00,0.0000,0
190775,1790787987518,0.02705,0.08995,0.02163,0.11331,0.01030,0.01346,0.06644,0.03626,0.45556,0.01548,0.10938,0.04117,0.02516,0.00398,0.02238,0.11023,0.00576,0.01114,0.07641,0.04142,0.52363,0.01780,0.12886,0.03323,-54.78,5.467,-1,0.0000,-1.00,0.0000,0
190868,1790787987598,0.04593,0.10073,0.00566,0.13672,0.01241,0.01374,0.01716,0.03675,0.51915,0.00947,0.07800,0.02428,0.04648,0.00312,0.00465,0.14585,0.00294,0.01420,0.01990,0.04316,0.59315,0.01077,0.09064,0.02514,-54.58,6.230,-1,0.0000,-1.00,0.0000,0
190960,1790787987697,0.02848,0.08749,0.00891,0.18972,0.01003,0.01063,0.03306,0.03464,0.46483,0.01269,0.08800,0.03153,0.02563,0.00311,0.00787,0.20674,0.00566,0.00805,0.03891,0.04004,0.51596,0.01412,0.10385,0.03007,-54.61,5.578,-1,0.0000,-1.00,0.0000,0
191053,1790787987777,0.01107,0.11245,0.00910,0.14195,0.00711,0.00801,0.01334,0.03073,0.57236,0.02018,0.06099,0.01271,0.00626,0.00492,0.00633,0.15593,0.00596,0.00850,0.01495,0.03563,0.65484,0.02307,0.07140,0.01221,-54.28,6.868,-1,0.0000,-1.00,0.0000,0
191146,1790787987878,0.00916,0.11848,0.00694,0.14794,0.00551,0.00512,0.02015,0.01600,0.60545,0.00701,0.03672,0.02152,0.00743,0.00478,0.00675,0.16872,0.00240,0.00466,0.02314,0.01790,0.69202,0.00792,0.04308,0.02120,-54.42,7.265,-1,0.0000,-1.00,0.0000,0
191239,1790787988005,0.02979,0.11136,0.01871,0.14956,0.00648,0.00915,0.01470,0.03081,0.55529,0.01006,0.04457,0.01952,0.02817,0.00916,0.02018,0.16883,0.00375,0.00538,0.01579,0.03293,0.63190,0.01131,0.05234,0.02026,-54.35,6.663,-1,0.0000,-1.00,0.0000,0
191332,1790787988058,0.02346,0.09645,0.00342,0.26301,0.00691,0.00806,0.00996,0.01915,0.50556,0.01046,0.03742,0.01613,0.02363,0.00753,0.00179,0.30646,0.00486,0.00498,0.01040,0.02264,0.54497,0.01163,0.04385,0.01727,-54.41,6.067,-1,0.0000,-1.00,0.0000,0
191425,1790787988159,0.01588,0.08981,0.00260,0.29633,0.00622,0.01242,0.00912,0.00723,0.49243,0.00725,0.04458,0.01612,0.01555,0.00602,0.00155,0.34495,0.00401,0.01180,0.00973,0.00836,0.52167,0.00790,0.05107,0.01739,-54.55,5.909,-1,0.0000,-1.00,0.0000,0
191518,1790787988235,0.02087,0.09647,0.00353,0.25886,0.00649,0.00721,0.00632,0.01932,0.51999,0.00446,0.03974,0.01672,0.02094,0.00391,0.00334,0.30091,0.00415,0.00449,0.00680,0.02249,0.56342,0.00452,0.04673,0.01831,-54.54,6.240,-1,0.0000,-1.00,0.0000,0
191611,1790787988337,0.02708,0.07096,0.00632,0.37744,0.00765,0.01030,0.01692,0.01148,0.38276,0.01190,0.06003,0.01718,0.02903,0.01219,0.00497,0.43826,0.00578,0.00658,0.01772,0.01291,0.37175,0.01311,0.07063,0.01707,-54.97,4.593,-1,0.0000,-1.00,0.0000,0
191703,1790787988415,0.03514,0.09047,0.00568,0.23544,0.00822,0.01158,0.01221,0.02482,0.46661,0.01124,0.07408,0.02451,0.03598,0.00838,0.00430,0.26478,0.00453,0.00674,0.01289,0.02896,0.50655,0.01264,0.08743,0.02682,-54.78,5.599,-1,0.0000,-1.00,0.0000,0
191796,1790787988516,0.01570,0.07530,0.00301,0.40070,0.00796,0.00937,0.00983,0.02151,0.37949,0.00697,0.03816,0.03200,0.01377,0.01865,0.00200,0.47140,0.00225,0.00849,0.00801,0.02545,0.36108,0.00810,0.04404,0.03675,-54.45,4.808,-1,0.0000,-1.00,0.0000,0
191889,1790787988618,0.00743,0.08673,0.00395,0.39345,0.00446,0.00465,0.01505,0.01009,0.40694,0.00785,0.04133,0.01806,0.00659,0.02542,0.00293,0.46180,0.00156,0.00427,0.01285,0.01166,0.39605,0.00912,0.04868,0.01909,-54.60,4.883,-1,0.0000,-1.00,0.0000,0
191982,1790787988715,0.01003,0.07307,0.00642,0.39002,0.00780,0.00678,0.01697,0.00855,0.39067,0.01759,0.04574,0.02635,0.01022,0.01281,0.00361,0.45672,0.00381,0.00610,0.01780,0.00953,0.37732,0.02059,0.05360,0.02790,-54.52,4.688,-1,0.0000,-1.00,0.0000,0
192075,1790787988816,0.01939,0.09598,0.00609,0.22788,0.00994,0.00760,0.02619,0.01353,0.47931,0.01575,0.06549,0.03285,0.01994,0.01155,0.00376,0.25770,0.00526,0.00515,0.02909,0.01546,0.52324,0.01783,0.07745,0.03356,-54.52,5.752,-1,0.0000,-1.00,0.0000,0
192168,1790787988897,0.03767,0.05148,0.00191,0.42869,0.00962,0.00999,0.03426,0.01397,0.31535,0.00806,0.06015,0.02883,0.04031,0.00803,0.00057,0.49954,0.00624,0.00398,0.03946,0.01663,0.27859,0.00867,0.07129,0.02669,-54.27,5.144,-1,0.0000,-1.00,0.0000,0
192261,1790787989001,0.02587,0.03917,0.00489,0.50906,0.00646,0.00985,0.02799,0.01796,0.27359,0.01058,0.04672,0.02786,0.02575,0.00661,0.00344,0.59914,0.00233,0.00676,0.03223,0.02084,0.20906,0.01221,0.05465,0.02699,-53.92,6.109,-1,0.0000,-1.00,0.0000,0
192354,1790787989080,0.03249,0.04902,0.00410,0.46988,0.01300,0.01435,0.01806,0.01824,0.30177,0.00965,0.03997,0.02947,0.03470,0.00908,0.00273,0.55394,0.00936,0.01031,0.01983,0.02132,0.25045,0.01103,0.04585,0.03138,-54.48,5.639,-1,0.0000,-1.00,0.0000,0
192446,1790787989178,0.03082,0.06444,0.00387,0.33942,0.01229,0.00940,0.02739,0.02196,0.37567,0.00795,0.06414,0.04264,0.03183,0.00338,0.00296,0.39167,0.00586,0.00496,0.03215,0.02572,0.37243,0.00843,0.07587,0.04472,-55.10,4.508,-1,0.0000,-1.00,0.0000,0
192539,1790787989278,0.03318,0.03269,0.00867,0.38280,0.03983,0.01111,0.07078,0.02731,0.24007,0.02275,0.06203,0.06878,0.03167,0.00142,0.00635,0.44423,0.03470,0.00703,0.08438,0.03161,0.19960,0.02038,0.07294,0.06569,-55.06,4.594,-1,0.0000,-1.00,0.0000,0
192632,1790787989358,0.06151,0.04897,0.00479,0.38628,0.01244,0.01537,0.01702,0.02612,0.30250,0.01492,0.06856,0.04153,0.06759,0.00438,0.00243,0.44677,0.00581,0.00502,0.01952,0.03081,0.27390,0.01672,0.08116,0.04589,-54.56,4.635,-1,0.0000,-1.00,0.0000,0
192725,1790787989458,0.03765,0.06559,0.02168,0.26687,0.00953,0.03876,0.01307,0.03473,0.37117,0.02511,0.07871,0.03714,0.03765,0.00232,0.02013,0.30261,0.00319,0.03898,0.01512,0.03770,0.38476,0.02946,0.08658,0.04150,-54.02,4.454,-1,0.0000,-1.00,0.0000,0
192818,1790787989540,0.02843,0.03633,0.00380,0.45026,0.01300,0.00846,0.01296,0.05589,0.26049,0.01304,0.07539,0.04197,0.02127,0.00220,0.00166,0.52184,0.00628,0.00592,0.01509,0.06664,0.20848,0.01458,0.08916,0.04687,-53.69,5.403,-1,0.0000,-1.00,0.0000,0
192911,1790787989638,0.02757,0.04388,0.00719,0.34022,0.05730,0.01258,0.06161,0.04453,0.26120,0.02125,0.06382,0.05886,0.02295,0.00598,0.00583,0.39292,0.05759,0.01053,0.07260,0.05224,0.23509,0.01404,0.07438,0.05585,-54.36,4.083,-1,0.0000,-1.00,0.0000,0
193004,1790787989717,0.02732,0.05499,0.00831,0.29069,0.02113,0.01576,0.05136,0.04875,0.32309,0.01875,0.04739,0.09247,0.02144,0.00296,0.00571,0.33763,0.00583,0.01466,0.06047,0.05775,0.32010,0.02142,0.05388,0.09814,-54.64,3.877,-1,0.0000,-1.00,0.0000,0
193097,1790787989820,0.03948,0.06885,0.01134,0.26178,0.01949,0.01499,0.02538,0.03183,0.37402,0.02457,0.05616,0.07211,0.04037,0.00548,0.00805,0.30073,0.00744,0.00996,0.02933,0.03655,0.38854,0.02796,0.06532,0.08028,-53.91,4.488,-1,0.0000,-1.00,0.0000,0
193190,1790787989937,0.02935,0.02965,0.03091,0.38184,0.05728,0.01250,0.03751,0.05287,0.21265,0.03307,0.08524,0.03713,0.02386,0.00221,0.03160,0.43769,0.06156,0.01025,0.04451,0.05708,0.16804,0.02743,0.10011,0.03567,-54.08,4.582,-1,0.0000,-1.00,0.0000,0
193282,1790787990016,0.05781,0.04954,0.07915,0.13378,0.02246,0.01240,0.05632,0.19635,0.24305,0.01462,0.06967,0.06486,0.02622,0.00741,0.09180,0.14413,0.01395,0.00982,0.06594,0.21715,0.26209,0.01532,0.08153,0.06465,-54.58,2.917,-1,0.0000,-1.00,0.0000,0
193375,1790787990119,0.12101,0.05217,0.03863,0.12787,0.05733,0.04035,0.11582,0.05629,0.20406,0.03318,0.06650,0.08679,0.13043,0.02227,0.04023,0.13858,0.04641,0.02943,0.13436,0.05948,0.21704,0.03056,0.07385,0.07736,-54.52,2.449,-1,0.0000,-1.00,0.0000,0
193468,1790787990198,0.06016,0.04199,0.02233,0.15434,0.02156,0.05262,0.03214,0.07067,0.19821,0.02799,0.26034,0.05764,0.05608,0.00815,0.02064,0.12514,0.01359,0.05194,0.03674,0.08075,0.21270,0.03084,0.30165,0.06179,-54.18,3.124,-1,0.0000,-1.00,0.0000,0
193561,1790787990298,0.04479,0.04966,0.03290,0.14302,0.03132,0.04198,0.02944,0.05857,0.23149,0.11973,0.13523,0.08186,0.03749,0.01283,0.01165,0.14093,0.01936,0.04287,0.03247,0.06814,0.24894,0.14013,0.15354,0.09165,-54.30,2.778,-1,0.0000,-1.00,0.0000,0
193654,1790787990378,0.03323,0.05827,0.01962,0.13705,0.02318,0.02440,0.03215,0.02939,0.28866,0.07154,0.21286,0.06963,0.03124,0.00760,0.00701,0.11458,0.01237,0.02336,0.03674,0.03411,0.32317,0.08327,0.25043,0.07614,-54.85,3.464,-1,0.0000,-1.00,0.0000,0
193747,1790787990506,0.04163,0.06687,0.02716,0.15277,0.02178,0.01307,0.02235,0.11744,0.34103,0.04934,0.09124,0.05533,0.02343,0.00547,0.02138,0.16181,0.01409,0.01101,0.02541,0.13677,0.37656,0.05633,0.10714,0.06060,-54.97,4.092,-1,0.0000,-1.00,0.0000,0
193840,1790787990579,0.03086,0.06215,0.04451,0.14339,0.02906,0.01530,0.02304,0.05224,0.34066,0.05442,0.09235,0.11200,0.02417,0.00108,0.04077,0.15042,0.00922,0.01354,0.02541,0.05650,0.37837,0.06338,0.10797,0.12917,-54.79,4.088,-1,0.0000,-1.00,0.0000,0
193933,1790787990657,0.04453,0.06637,0.02059,0.23403,0.02468,0.01515,0.03123,0.03309,0.31766,0.03861,0.07890,0.09516,0.04612,0.01437,0.01582,0.26205,0.00805,0.00929,0.03457,0.03652,0.32868,0.04466,0.09270,0.10717,-54.53,3.812,-1,0.0000,-1.00,0.0000,0
194025,1790787990757,0.05630,0.06510,0.01361,0.19668,0.01875,0.02012,0.02205,0.03334,0.34224,0.03123,0.13853,0.06205,0.05991,0.00469,0.00923,0.20324,0.00872,0.01224,0.02549,0.03813,0.36980,0.03569,0.16357,0.06930,-54.98,4.107,-1,0.0000,-1.00,0.0000,0
194118,1790787990838,0.04895,0.04701,0.02089,0.26981,0.02046,0.03135,0.01728,0.04411,0.26823,0.07337,0.11441,0.04414,0.04985,0.00429,0.00820,0.29721,0.01508,0.02768,0.01972,0.05136,0.26248,0.08493,0.13160,0.04761,-55.75,3.238,-1,0.0000,-1.00,0.0000,0
194211,1790787990939,0.06316,0.05798,0.04817,0.19041,0.02147,0.02178,0.01528,0.07890,0.30661,0.06309,0.09507,0.03808,0.05882,0.00475,0.04342,0.20615,0.01734,0.01450,0.01676,0.08654,0.32652,0.07216,0.11104,0.04201,-55.24,3.679,-1,0.0000,-1.00,0.0000,0
194304,1790787991017,0.05670,0.05798,0.02079,0.15318,0.02495,0.06724,0.01990,0.04879,0.28317,0.02922,0.16949,0.06859,0.05762,0.00795,0.01855,0.14600,0.01458,0.06915,0.02227,0.05478,0.31036,0.03212,0.18938,0.07724,-54.81,3.398,-1,0.0000,-1.00,0.0000,0
194397,1790787991120,0.03715,0.04162,0.01554,0.12457,0.01223,0.09772,0.02695,0.02789,0.20933,0.02761,0.34077,0.03863,0.03835,0.00300,0.01232,0.07262,0.00672,0.10949,0.03156,0.03111,0.23643,0.03175,0.38662,0.04003,-53.86,4.089,-1,0.0000,-1.00,0.0000,0
194490,1790787991239,0.15966,0.05266,0.01832,0.10456,0.01470,0.11143,0.02211,0.03115,0.27150,0.02468,0.14468,0.04454,0.18455,0.00233,0.01641,0.09473,0.00805,0.09693,0.02603,0.03407,0.30654,0.02798,0.15415,0.04821,-53.63,3.258,-1,0.0000,-1.00,0.0000,0
194583,1790787991318,0.28287,0.02886,0.01289,0.10956,0.01170,0.12730,0.04101,0.03413,0.14934,0.02658,0.13482,0.04093,0.33220,0.00314,0.00938,0.10266,0.00640,0.08669,0.04830,0.03926,0.15860,0.03058,0.14436,0.03844,-54.13,3.394,-1,0.0000,-1.00,0.0000,0
194676,1790787991417,0.30446,0.02577,0.01544,0.09925,0.01801,0.12131,0.05927,0.04896,0.12151,0.03333,0.08539,0.06729,0.35478,0.00605,0.01092,0.10159,0.00858,0.07503,0.06982,0.05650,0.12546,0.03824,0.08744,0.06559,-54.34,3.654,-1,0.0000,-1.00,0.0000,0
194768,1790787991503,0.23720,0.03504,0.01125,0.10288,0.01843,0.06285,0.09325,0.03292,0.17690,0.02996,0.13196,0.06735,0.27663,0.00361,0.00677,0.09274,0.01034,0.02057,0.11085,0.03828,0.19358,0.03385,0.15404,0.05873,-54.62,2.846,-1,0.0000,-1.00,0.0000,0
194861,1790787991599,0.19447,0.03422,0.00841,0.16344,0.02362,0.05226,0.05175,0.02841,0.18365,0.02290,0.17215,0.06472,0.22647,0.00350,0.00524,0.15564,0.01534,0.01773,0.06132,0.03300,0.18920,0.02440,0.20276,0.06540,-53.42,2.334,-1,0.0000,-1.00,0.0000,0
194954,1790787991679,0.19701,0.02452,0.01792,0.10716,0.02177,0.06995,0.07157,0.06128,0.11668,0.04288,0.21558,0.05369,0.22194,0.00481,0.01188,0.07877,0.01627,0.04020,0.08462,0.07126,0.12396,0.04839,0.25035,0.04756,-52.79,2.587,-1,0.0000,-1.00,0.0000,0
195047,1790787991777,0.21597,0.02201,0.02209,0.10639,0.01440,0.10444,0.03154,0.06884,0.08651,0.07011,0.21432,0.04337,0.24402,0.00897,0.01013,0.07961,0.00834,0.07704,0.03574,0.08075,0.08778,0.08246,0.24153,0.04364,-53.58,2.592,-1,0.0000,-1.00,0.0000,0
195140,1790787991878,0.16890,0.02328,0.05203,0.08305,0.01953,0.07070,0.04243,0.06203,0.10784,0.09272,0.21153,0.06597,0.18922,0.00434,0.04065,0.05113,0.00947,0.04742,0.04985,0.06640,0.11883,0.10948,0.24406,0.06916,-54.01,2.538,-1,0.0000,-1.00,0.0000,0
195233,1790787991960,0.13667,0.03560,0.02155,0.14834,0.01513,0.06074,0.04797,0.05196,0.17383,0.07077,0.18386,0.05357,0.15149,0.00700,0.00931,0.13576,0.00748,0.04288,0.05610,0.06041,0.18138,0.08332,0.21180,0.05307,-54.21,2.206,-1,0.0000,-1.00,0.0000,0
195326,1790787992060,0.15931,0.02490,0.01789,0.14785,0.01018,0.07521,0.02870,0.03698,0.12954,0.06041,0.26853,0.04050,0.18235,0.00360,0.00724,0.11549,0.00383,0.05404,0.03345,0.04310,0.13232,0.07163,0.31106,0.04190,-54.09,3.222,-1,0.0000,-1.00,0.0000,0
195419,1790787992141,0.15672,0.02242,0.02300,0.16877,0.01223,0.13269,0.03772,0.04383,0.12615,0.04195,0.20891,0.02561,0.17737,0.00360,0.01800,0.15746,0.01028,0.12384,0.04347,0.04997,0.11995,0.04823,0.22578,0.02206,-53.55,2.507,-1,0.0000,-1.00,0.0000,0
195512,1790787992240,0.15168,0.02457,0.01536,0.19331,0.01896,0.12350,0.03325,0.03635,0.09581,0.03430,0.23598,0.03694,0.17358,0.01376,0.01086,0.18005,0.01521,0.11376,0.03691,0.04161,0.07911,0.03808,0.26021,0.03686,-53.97,2.832,-1,0.0000,-1.00,0.0000,0
195604,1790787992320,0.24722,0.02674,0.00943,0.12081,0.02046,0.10794,0.08189,0.03065,0.12299,0.02979,0.16040,0.04168,0.28781,0.00841,0.00494,0.10949,0.01840,0.07228,0.09622,0.03598,0.12567,0.03205,0.17787,0.03087,-54.40,2.967,-1,0.0000,-1.00,0.0000,0
195697,1790787992420,0.12859,0.03584,0.01444,0.15351,0.01669,0.10176,0.04061,0.06611,0.18714,0.04020,0.14694,0.06818,0.13875,0.00489,0.00798,0.15274,0.00577,0.09442,0.04765,0.07767,0.19396,0.04703,0.15736,0.07178,-54.26,2.246,-1,0.0000,-1.00,0.0000,0
195790,1790787992542,0.09123,0.05097,0.01286,0.14914,0.02240,0.09581,0.04249,0.02324,0.22248,0.02689,0.21115,0.05133,0.10389,0.01361,0.00963,0.13225,0.01652,0.09420,0.04754,0.02661,0.24019,0.02913,0.23434,0.05208,-54.69,2.670,-1,0.0000,-1.00,0.0000,0
195883,1790787992619,0.03677,0.03772,0.00712,0.16979,0.03144,0.08599,0.02824,0.03448,0.19730,0.01776,0.28634,0.06706,0.03603,0.00383,0.00519,0.13920,0.02303,0.09589,0.03287,0.04050,0.20870,0.01682,0.32409,0.07384,-55.06,3.436,-1,0.0000,-1.00,0.0000,0
195976,1790787992720,0.03964,0.04560,0.01510,0.13982,0.02711,0.04544,0.02601,0.06218,0.21629,0.03352,0.26369,0.08560,0.03357,0.00746,0.01066,0.10678,0.01340,0.04779,0.02968,0.07239,0.23800,0.03751,0.30649,0.09627,-54.69,3.164,-1,0.0000,-1.00,0.0000,0
196069,1790787992801,0.05412,0.03864,0.01970,0.10997,0.02058,0.09630,0.01841,0.12430,0.19804,0.04223,0.18706,0.09066,0.03584,0.00285,0.01373,0.09159,0.00397,0.10828,0.02135,0.14636,0.21914,0.04981,0.20267,0.10440,-54.58,2.376,-1,0.0000,-1.00,0.0000,0
196162,1790787992900,0.05860,0.03056,0.02249,0.07927,0.01601,0.18078,0.02107,0.09933,0.14805,0.03760,0.25571,0.05051,0.04728,0.00317,0.01833,0.04239,0.00815,0.20725,0.02448,0.11553,0.16895,0.04349,0.26532,0.05567,-55.02,3.069,-1,0.0000,-1.00,0.0000,0
196255,1790787992981,0.04305,0.02645,0.01388,0.09289,0.01521,0.20394,0.04130,0.04391,0.13305,0.01659,0.30009,0.06964,0.04190,0.00203,0.01284,0.04930,0.00366,0.23606,0.04908,0.05007,0.14966,0.01915,0.31278,0.07347,-54.88,3.601,-1,0.0000,-1.00,0.0000,0
196347,1790787993082,0.03899,0.03502,0.01653,0.07902,0.02240,0.18127,0.05819,0.04702,0.16713,0.02261,0.26018,0.07164,0.03635,0.00388,0.01493,0.04114,0.01258,0.20999,0.06894,0.05339,0.19211,0.02460,0.27013,0.07195,-54.98,3.122,-1,0.0000,-1.00,0.0000,0
196440,1790787993180,0.03397,0.01536,0.02666,0.10566,0.07530,0.10368,0.13792,0.06253,0.06724,0.07343,0.20913,0.08913,0.02809,0.00564,0.01746,0.08161,0.07537,0.11910,0.16396,0.07164,0.06439,0.07305,0.22698,0.07270,-55.21,2.510,-1,0.0000,-1.00,0.0000,0
196533,1790787993261,0.04477,0.01893,0.02096,0.09460,0.03679,0.06699,0.13644,0.08685,0.09055,0.04396,0.25682,0.10234,0.03194,0.00557,0.01571,0.05525,0.02626,0.07394,0.16238,0.10095,0.09755,0.04747,0.29307,0.08991,-54.99,3.082,-1,0.0000,-1.00,0.0000,0
196626,1790787993360,0.03968,0.03856,0.01615,0.11327,0.03500,0.08994,0.06029,0.04218,0.19160,0.01544,0.25650,0.10139,0.03811,0.00379,0.01649,0.07874,0.02043,0.10043,0.07117,0.04759,0.21398,0.01445,0.28744,0.10738,-55.03,3.078,-1,0.0000,-1.00,0.0000,0
196719,1790787993440,0.03766,0.03488,0.01098,0.08720,0.05154,0.15050,0.04827,0.06576,0.17376,0.02975,0.21756,0.09215,0.02831,0.00462,0.00773,0.05968,0.04192,0.17495,0.05668,0.07751,0.19637,0.02733,0.22601,0.09888,-55.28,2.611,-1,0.0000,-1.00,0.0000,0
196812,1790787993541,0.03418,0.02036,0.02513,0.07293,0.03185,0.28566,0.02351,0.06709,0.06824,0.04089,0.25214,0.07802,0.02570,0.00982,0.02120,0.04075,0.02034,0.33749,0.02468,0.07773,0.07369,0.04496,0.23522,0.08841,-55.02,3.428,-1,0.0000,-1.00,0.0000,0
196905,1790787993620,0.03870,0.01862,0.02362,0.09547,0.05636,0.15172,0.06510,0.07954,0.07624,0.03439,0.25412,0.10613,0.02834,0.00660,0.02192,0.06096,0.04534,0.17618,0.07670,0.09096,0.07927,0.03222,0.26957,0.11197,-54.66,3.049,-1,0.0000,-1.00,0.0000,0
196998,1790787993720,0.05280,0.02082,0.01770,0.09128,0.02046,0.20601,0.02512,0.09166,0.08637,0.04852,0.24760,0.09166,0.04184,0.00678,0.00984,0.05994,0.00386,0.23856,0.02859,0.10804,0.09161,0.05738,0.24939,0.10417,-54.61,2.971,-1,0.0000,-1.00,0.0000,0
197090,1790787993842,0.04267,0.02453,0.02094,0.09726,0.01920,0.18799,0.02616,0.09882,0.12649,0.05805,0.22500,0.07290,0.02735,0.00281,0.01158,0.07173,0.00687,0.21984,0.03019,0.11671,0.13734,0.06819,0.22602,0.08137,-54.83,2.700,-1,0.0000,-1.00,0.0000,0
197183,1790787993921,0.03803,0.01846,0.01326,0.09277,0.02619,0.18331,0.06396,0.07610,0.09658,0.03808,0.24818,0.10507,0.02746,0.00186,0.00720,0.06063,0.00930,0.21432,0.07610,0.08992,0.10366,0.04384,0.25489,0.11082,-55.31,2.978,-1,0.0000,-1.00,0.0000,0
197276,1790787994020,0.06136,0.02214,0.01619,0.08189,0.02734,0.16079,0.12458,0.08352,0.07021,0.05801,0.17649,0.11749,0.05392,0.01234,0.00604,0.06335,0.01062,0.18197,0.14683,0.09888,0.07157,0.06740,0.17540,0.11167,-55.22,2.118,-1,0.0000,-1.00,0.0000,0
197369,1790787994100,0.07237,0.02271,0.01185,0.12607,0.02519,0.08231,0.14310,0.06549,0.09542,0.03698,0.18702,0.13149,0.07138,0.00887,0.00563,0.10996,0.00562,0.08447,0.16971,0.07735,0.09254,0.04320,0.20734,0.12392,-55.28,2.244,-1,0.0000,-1.00,0.0000,0
197462,1790787994200,0.07732,0.01991,0.06890,0.11418,0.03577,0.04949,0.04940,0.06750,0.07064,0.02954,0.28459,0.13277,0.07927,0.01027,0.07608,0.07092,0.01357,0.04360,0.05716,0.06580,0.07058,0.03270,0.33236,0.14770,-54.70,3.415,-1,0.0000,-1.00,0.0000,0
197555,1790787994281,0.08268,0.09826,0.02337,0.07704,0.05107,0.06652,0.04908,0.05469,0.11920,0.04253,0.11620,0.21935,0.08680,0.09206,0.01832,0.06717,0.01069,0.06250,0.04056,0.06190,0.12952,0.04885,0.12684,0.25479,-54.47,2.632,-1,0.0000,-1.00,0.0000,0
197648,1790787994381,0.03814,0.17121,0.03027,0.10790,0.01271,0.06167,0.06384,0.08844,0.14651,0.03622,0.18660,0.05649,0.02521,0.17380,0.02780,0.08768,0.00335,0.06889,0.03834,0.10416,0.15817,0.04273,0.20993,0.05994,-54.82,2.239,-1,0.0000,-1.00,0.0000,0
197741,1790787994480,0.03591,0.28815,0.05725,0.07506,0.00842,0.07396,0.06480,0.07745,0.08025,0.03973,0.17364,0.02539,0.02689,0.32826,0.05934,0.05197,0.00448,0.08334,0.01220,0.08141,0.08585,0.04672,0.19153,0.02800,-54.55,3.458,-1,0.0000,-1.00,0.0000,0
197834,1790787994561,0.04243,0.15142,0.01313,0.07461,0.01565,0.11029,0.04284,0.04247,0.27716,0.03033,0.15614,0.04354,0.04111,0.11785,0.00890,0.05719,0.00951,0.12401,0.02797,0.04913,0.32076,0.03445,0.16251,0.04662,-54.32,3.326,-1,0.0000,-1.00,0.0000,0
197926,1790787994660,0.05145,0.19107,0.01777,0.07532,0.01738,0.13093,0.04612,0.04286,0.23738,0.03626,0.12659,0.02687,0.05199,0.17516,0.01328,0.06594,0.01525,0.14658,0.02054,0.04872,0.27137,0.04042,0.12263,0.02812,-54.78,2.849,-1,0.0000,-1.00,0.0000,0
198019,1790787994740,0.04855,0.18781,0.01632,0.06140,0.01553,0.16488,0.05500,0.02276,0.23700,0.02288,0.14034,0.02753,0.05361,0.17083,0.01444,0.04758,0.01339,0.18693,0.03168,0.02477,0.27351,0.02580,0.13111,0.02636,-55.75,2.844,-1,0.0000,-1.00,0.0000,0
198112,1790787994841,0.02190,0.18179,0.01082,0.05420,0.01688,0.09872,0.04471,0.02454,0.44287,0.03092,0.05481,0.01785,0.02078,0.11485,0.00629,0.05642,0.01714,0.11426,0.03080,0.02815,0.51948,0.03365,0.04302,0.01516,-55.12,5.314,-1,0.0000,-1.00,0.0000,0
198205,1790787994920,0.03289,0.13578,0.01482,0.12349,0.00987,0.09649,0.03154,0.02277,0.44027,0.01511,0.05621,0.02076,0.03422,0.06392,0.01448,0.13889,0.00789,0.10884,0.02512,0.02442,0.50002,0.01654,0.04577,0.01989,-54.89,5.283,-1,0.0000,-1.00,0.0000,0
198298,1790787995021,0.03527,0.17265,0.00741,0.16985,0.01119,0.08118,0.03572,0.01616,0.35665,0.02754,0.06467,0.02170,0.03853,0.12970,0.00269,0.19168,0.00892,0.08963,0.01709,0.01883,0.38936,0.03123,0.05973,0.02262,-55.47,4.280,-1,0.0000,-1.00,0.0000,0
198391,1790787995141,0.03326,0.23239,0.01537,0.14412,0.01352,0.08673,0.04683,0.01911,0.25000,0.02031,0.10147,0.03688,0.03586,0.22507,0.01391,0.15239,0.00789,0.09681,0.01150,0.02014,0.26935,0.02277,0.10239,0.04192,-55.31,3.000,-1,0.0000,-1.00,0.0000,0
198484,1790787995220,0.02636,0.23468,0.01475,0.07646,0.00906,0.19021,0.04349,0.01605,0.28431,0.01690,0.06911,0.01862,0.02814,0.21729,0.01383,0.08393,0.00679,0.22234,0.00904,0.01649,0.32353,0.01940,0.03873,0.02048,-54.74,3.412,-1,0.0000,-1.00,0.0000,0
198577,1790787995321,0.10650,0.13002,0.01233,0.09623,0.02373,0.11463,0.06693,0.03575,0.26173,0.03098,0.07738,0.04378,0.11662,0.10043,0.00822,0.10141,0.02041,0.11424,0.06029,0.04121,0.29351,0.03307,0.07008,0.04051,-54.58,3.141,-1,0.0000,-1.00,0.0000,0
198669,1790787995401,0.07334,0.22273,0.01249,0.11669,0.01547,0.12694,0.10454,0.02754,0.11672,0.03351,0.09890,0.05114,0.08141,0.24429,0.00737,0.12167,0.00943,0.13597,0.07655,0.03182,0.11574,0.03829,0.09155,0.04590,-55.47,2.673,-1,0.0000,-1.00,0.0000,0
198762,1790787995500,0.03766,0.22689,0.01355,0.09578,0.01162,0.22480,0.07645,0.03710,0.13376,0.03075,0.08155,0.03010,0.03635,0.24464,0.00925,0.10570,0.00848,0.26216,0.04242,0.04330,0.13928,0.03521,0.04574,0.02747,-55.36,2.723,-1,0.0000,-1.00,0.0000,0
198855,1790787995582,0.02707,0.26973,0.01206,0.12661,0.00490,0.17724,0.05601,0.04761,0.15119,0.02148,0.09618,0.00991,0.02138,0.29287,0.00951,0.13705,0.00389,0.20814,0.00905,0.05516,0.15400,0.02497,0.07398,0.00999,-55.02,3.237,-1,0.0000,-1.00,0.0000,0
198948,1790787995680,0.03152,0.27095,0.00790,0.11622,0.00963,0.16149,0.05964,0.03332,0.19066,0.01730,0.07964,0.02173,0.03004,0.28447,0.00555,0.12771,0.00697,0.18754,0.01493,0.03896,0.20275,0.01974,0.05825,0.02307,-54.78,3.251,-1,0.0000,-1.00,0.0000,0
199041,1790787995780,0.04048,0.16960,0.01174,0.14319,0.01374,0.11521,0.03891,0.02647,0.28119,0.02349,0.10495,0.03104,0.04229,0.14256,0.00886,0.15175,0.00955,0.12990,0.01787,0.03045,0.30684,0.02626,0.10000,0.03366,-54.78,3.374,-1,0.0000,-1.00,0.0000,0
199134,1790787995861,0.03111,0.18241,0.01190,0.13534,0.01071,0.15962,0.03520,0.01165,0.30317,0.01861,0.07625,0.02405,0.03468,0.15271,0.01013,0.15130,0.00759,0.18438,0.01184,0.01201,0.33328,0.02080,0.05481,0.02646,-55.15,3.638,-1,0.0000,-1.00,0.0000,0
199227,1790787995961,0.06040,0.20033,0.01470,0.03087,0.01396,0.14450,0.03783,0.02128,0.36736,0.01911,0.06133,0.02833,0.06785,0.15391,0.01349,0.02870,0.01057,0.15970,0.01481,0.02283,0.43450,0.02080,0.04183,0.03101,-55.11,4.408,-1,0.0000,-1.00,0.0000,0
199320,1790787996042,0.27483,0.07121,0.00854,0.05838,0.02442,0.10399,0.02336,0.08709,0.15829,0.01922,0.12666,0.04401,0.30865,0.04962,0.00642,0.04237,0.01932,0.06363,0.01816,0.10308,0.18127,0.01920,0.13915,0.04914,-55.44,3.298,-1,0.0000,-1.00,0.0000,0
199412,1790787996141,0.27079,0.05786,0.01279,0.08520,0.02921,0.07438,0.02667,0.13273,0.12688,0.02501,0.12537,0.03310,0.29313,0.04229,0.01048,0.07353,0.02807,0.03102,0.02345,0.15709,0.13741,0.02444,0.14408,0.03501,-55.81,3.249,-1,0.0000,-1.00,0.0000,0
199505,1790787996220,0.24401,0.04798,0.01239,0.04333,0.04507,0.06806,0.02387,0.16212,0.09863,0.03413,0.06276,0.15766,0.25402,0.03557,0.00742,0.03824,0.01737,0.03119,0.02083,0.19351,0.11059,0.03746,0.06901,0.18479,-55.78,2.928,-1,0.0000,-1.00,0.0000,0
199598,1790787996339,0.33000,0.04928,0.00461,0.04628,0.03344,0.07597,0.03563,0.08656,0.12148,0.01288,0.07148,0.13239,0.37473,0.03320,0.00286,0.03914,0.01028,0.01674,0.03593,0.10333,0.13781,0.01340,0.08233,0.15024,-55.56,3.960,-1,0.0000,-1.00,0.0000,0
199691,1790787996441,0.21066,0.05368,0.01257,0.09222,0.03044,0.06766,0.03974,0.04073,0.10682,0.02784,0.20690,0.11075,0.24379,0.04142,0.00889,0.06265,0.01178,0.03282,0.03823,0.04821,0.11549,0.03112,0.24141,0.12419,-55.38,2.528,-1,0.0000,-1.00,0.0000,0
199784,1790787996520,0.14366,0.08569,0.00601,0.10812,0.04230,0.06619,0.03358,0.12364,0.08925,0.01599,0.13917,0.14641,0.14290,0.08534,0.00406,0.09850,0.01682,0.05099,0.02319,0.14747,0.08742,0.01582,0.15665,0.17083,-54.91,1.757,-1,0.0000,-1.00,0.0000,0
199877,1790787996620,0.18825,0.11413,0.00913,0.11279,0.03948,0.08542,0.04439,0.09310,0.11407,0.02735,0.05107,0.12082,0.20365,0.11463,0.00518,0.12545,0.01980,0.06199,0.03047,0.11053,0.11159,0.02908,0.04891,0.13873,-54.93,2.259,-1,0.0000,-1.00,0.0000,0
199970,1790787996701,0.26327,0.03161,0.02988,0.14631,0.03724,0.11165,0.02679,0.04609,0.09761,0.04925,0.08095,0.07934,0.30487,0.02094,0.02514,0.15899,0.02624,0.07385,0.02474,0.05344,0.08544,0.05382,0.08236,0.09016,-55.32,3.159,-1,0.0000,-1.00,0.0000,0
200063,1790787996800,0.19118,0.02000,0.01490,0.10152,0.02661,0.09246,0.01807,0.25293,0.06689,0.03054,0.09548,0.08943,0.16927,0.01223,0.01105,0.10200,0.01140,0.07723,0.01917,0.30093,0.05993,0.03433,0.09910,0.10336,-54.76,3.035,-1,0.0000,-1.00,0.0000,0
200156,1790787996881,0.24377,0.02123,0.01702,0.07288,0.05297,0.08860,0.02682,0.14422,0.05251,0.01696,0.08358,0.17944,0.25818,0.01570,0.01722,0.06964,0.02192,0.05498,0.02735,0.17106,0.04912,0.01598,0.08926,0.20959,-54.24,2.925,-1,0.0000,-1.00,0.0000,0
200248,1790787996981,0.27550,0.02642,0.00970,0.06076,0.04388,0.09182,0.03289,0.13586,0.07050,0.01643,0.05344,0.18280,0.29816,0.01735,0.00813,0.06211,0.01057,0.05091,0.03598,0.16118,0.07216,0.01760,0.05395,0.21191,-54.89,3.306,-1,0.0000,-1.00,0.0000,0
200341,1790787997082,0.22521,0.04595,0.03794,0.09897,0.03693,0.06665,0.08848,0.05995,0.09795,0.02620,0.07724,0.13853,0.25537,0.03755,0.03984,0.10139,0.01520,0.02924,0.09834,0.06418,0.09727,0.02837,0.08675,0.14650,-55.40,2.703,-1,0.0000,-1.00,0.0000,0
200434,1790787997160,0.28944,0.03057,0.02117,0.12821,0.03265,0.10903,0.01740,0.07104,0.14859,0.04505,0.05149,0.05536,0.32926,0.00828,0.01572,0.14396,0.02672,0.06537,0.01911,0.08211,0.14950,0.04868,0.04874,0.06254,-55.40,3.473,-1,0.0000,-1.00,0.0000,0
200527,1790787997260,0.28537,0.03684,0.01472,0.11320,0.02323,0.11048,0.01914,0.10027,0.14081,0.03745,0.05863,0.05986,0.31845,0.01558,0.00931,0.12443,0.01438,0.06925,0.01964,0.11850,0.14406,0.04203,0.05652,0.06784,-55.05,3.424,-1,0.0000,-1.00,0.0000,0
200620,1790787997340,0.26003,0.05275,0.01080,0.06078,0.01896,0.10843,0.01234,0.06190,0.21838,0.02927,0.10721,0.05915,0.29687,0.01356,0.00634,0.05015,0.00914,0.07107,0.01210,0.07291,0.25173,0.03326,0.11437,0.06848,-54.10,3.120,-1,0.0000,-1.00,0.0000,0
200713,1790787997440,0.23994,0.04004,0.01278,0.08859,0.02225,0.09098,0.02421,0.10715,0.19228,0.03292,0.07995,0.06890,0.26246,0.00594,0.00795,0.08940,0.01143,0.05699,0.02746,0.12718,0.21268,0.03718,0.08450,0.07682,-53.75,2.879,-1,0.0000,-1.00,0.0000,0
200806,1790787997522,0.09262,0.06122,0.01973,0.11328,0.02117,0.05193,0.02067,0.10186,0.31800,0.03174,0.13358,0.03420,0.08657,0.00261,0.01681,0.10578,0.01804,0.04517,0.02304,0.11993,0.36007,0.03446,0.15111,0.03642,-54.27,3.816,-1,0.0000,-1.00,0.0000,0
200899,1790787997640,0.16783,0.06159,0.03951,0.08977,0.02189,0.05639,0.01888,0.10105,0.24527,0.06581,0.07003,0.06199,0.17820,0.01991,0.03214,0.09221,0.01213,0.03245,0.01784,0.11554,0.27537,0.07669,0.07748,0.07003,-54.91,2.943,-1,0.0000,-1.00,0.0000,0
200991,1790787997740,0.17337,0.04213,0.01934,0.08020,0.02818,0.10763,0.02596,0.07157,0.15927,0.08918,0.12909,0.07408,0.19084,0.01540,0.00263,0.06903,0.01711,0.09129,0.02806,0.08524,0.17697,0.10365,0.13658,0.08321,-55.16,2.080,-1,0.0000,-1.00,0.0000,0
201084,1790787997821,0.15687,0.03685,0.02127,0.14585,0.03727,0.07134,0.04287,0.06116,0.11961,0.07584,0.12337,0.10769,0.17412,0.02157,0.00826,0.14747,0.02080,0.05117,0.04710,0.07165,0.11396,0.08688,0.13769,0.11934,-55.43,1.882,-1,0.0000,-1.00,0.0000,0
201177,1790787997921,0.31264,0.04236,0.01503,0.09814,0.01994,0.08108,0.03587,0.04164,0.16477,0.03970,0.08392,0.06491,0.36504,0.01550,0.00897,0.09864,0.01004,0.02479,0.03972,0.04830,0.17788,0.04558,0.09564,0.06990,-55.82,3.752,-1,0.0000,-1.00,0.0000,0
201270,1790787998009,0.24394,0.05192,0.01084,0.04598,0.04944,0.06105,0.02567,0.04964,0.14866,0.03359,0.05410,0.22516,0.28072,0.02864,0.00522,0.04294,0.00674,0.01751,0.02508,0.05845,0.16934,0.03919,0.06135,0.26483,-54.94,2.927,-1,0.0000,-1.00,0.0000,0
201363,1790787998100,0.27807,0.09097,0.02187,0.06458,0.02008,0.10835,0.05848,0.02727,0.12529,0.07312,0.04597,0.08595,0.32667,0.08290,0.00907,0.06902,0.00587,0.06507,0.05364,0.03088,0.13645,0.08646,0.04219,0.09181,-53.76,3.337,-1,0.0000,-1.00,0.0000,0
201456,1790787998180,0.37872,0.08278,0.01740,0.05454,0.02343,0.09444,0.02373,0.03421,0.11218,0.03982,0.06230,0.07644,0.44611,0.07457,0.01181,0.05152,0.01045,0.02473,0.01349,0.03881,0.12420,0.04564,0.06975,0.08892,-54.37,4.545,-1,0.0000,-1.00,0.0000,0
201549,1790787998280,0.33094,0.08760,0.01234,0.07045,0.02453,0.08055,0.02550,0.04404,0.11208,0.04907,0.07803,0.08487,0.38591,0.08129,0.00350,0.06666,0.00981,0.02002,0.01444,0.05208,0.12102,0.05693,0.08953,0.09883,-55.25,3.971,-1,0.0000,-1.00,0.0000,0
201642,1790787998380,0.28853,0.11333,0.01709,0.04850,0.02462,0.07598,0.03061,0.09571,0.09040,0.06733,0.04690,0.10100,0.32318,0.11624,0.00468,0.04803,0.00605,0.02697,0.01364,0.11375,0.09864,0.07964,0.05086,0.11832,-54.20,3.462,-1,0.0000,-1.00,0.0000,0
201734,1790787998460,0.34430,0.13337,0.00951,0.05199,0.01294,0.11058,0.03976,0.07392,0.08167,0.04365,0.04653,0.05178,0.39456,0.14334,0.00118,0.05338,0.00403,0.05428,0.01923,0.08834,0.08727,0.05150,0.04499,0.05788,-53.74,4.132,-1,0.0000,-1.00,0.0000,0
201827,1790787998560,0.33303,0.14818,0.01355,0.05201,0.01833,0.10006,0.03860,0.07557,0.06324,0.05427,0.03177,0.07140,0.38110,0.16525,0.00354,0.05652,0.00560,0.04435,0.01349,0.08985,0.06446,0.06404,0.02927,0.08253,-54.00,3.996,-1,0.0000,-1.00,0.0000,0
201920,1790787998641,0.30107,0.09228,0.00974,0.09131,0.01127,0.09307,0.03205,0.12075,0.06188,0.03019,0.13403,0.02236,0.33208,0.09919,0.00482,0.07936,0.00893,0.04569,0.01874,0.14373,0.05828,0.03453,0.15155,0.02308,-54.30,3.613,-1,0.0000,-1.00,0.0000,0
202013,1790787998740,0.37363,0.13874,0.01096,0.05478,0.00882,0.09479,0.04557,0.05220,0.04963,0.04388,0.09153,0.03547,0.43646,0.15622,0.00283,0.04496,0.00328,0.02706,0.02364,0.06199,0.05051,0.05197,0.10431,0.03676,-54.84,4.484,-1,0.0000,-1.00,0.0000,0
202106,1790787998821,0.40562,0.12997,0.00898,0.01948,0.01832,0.09301,0.04094,0.05458,0.08211,0.03978,0.03883,0.06838,0.47313,0.13688,0.00151,0.01481,0.00657,0.01765,0.02192,0.06510,0.09512,0.04670,0.04303,0.07759,-54.80,4.867,-1,0.0000,-1.00,0.0000,0
202199,1790787998940,0.37421,0.14805,0.00638,0.02399,0.00959,0.10799,0.05044,0.05536,0.12550,0.02165,0.04143,0.03541,0.43602,0.14842,0.00265,0.02059,0.00438,0.04301,0.03101,0.06581,0.14618,0.02520,0.04112,0.03562,-54.01,4.491,-1,0.0000,-1.00,0.0000,0
202292,1790787999042,0.36202,0.10770,0.00948,0.04218,0.01274,0.09270,0.05291,0.06351,0.12551,0.02873,0.05828,0.04424,0.41878,0.10083,0.00479,0.03781,0.00629,0.02823,0.04342,0.07515,0.14290,0.03318,0.06424,0.04440,-53.51,4.344,-1,0.0000,-1.00,0.0000,0
202385,1790787999120,0.43623,0.09585,0.01292,0.06426,0.01273,0.09535,0.04079,0.02325,0.09208,0.04770,0.03449,0.04435,0.51721,0.09585,0.00438,0.06927,0.00589,0.01172,0.02988,0.02699,0.09660,0.05599,0.03900,0.04722,-53.35,5.235,-1,0.0000,-1.00,0.0000,0
202478,1790787999222,0.38746,0.07545,0.01755,0.05996,0.01022,0.08751,0.06205,0.05679,0.09692,0.06174,0.03994,0.04440,0.45104,0.06986,0.00653,0.06296,0.00408,0.01545,0.06050,0.06675,0.10365,0.07317,0.04480,0.04121,-53.87,4.650,-1,0.0000,-1.00,0.0000,0
202570,1790787999299,0.32310,0.03974,0.01870,0.04758,0.01326,0.08261,0.02278,0.16573,0.08831,0.03504,0.11623,0.04690,0.34834,0.02787,0.01428,0.03058,0.00561,0.02994,0.02174,0.19578,0.09963,0.04100,0.13334,0.05189,-54.84,3.877,-1,0.0000,-1.00,0.0000,0
202663,1790787999396,0.28289,0.04227,0.00875,0.12513,0.01560,0.07316,0.02130,0.03142,0.14171,0.02232,0.16939,0.06603,0.33188,0.02146,0.00534,0.11056,0.00391,0.02187,0.02122,0.03664,0.14788,0.02598,0.19864,0.07461,-54.70,3.395,-1,0.0000,-1.00,0.0000,0
202756,1790787999477,0.25653,0.08330,0.00780,0.13412,0.01024,0.05837,0.04486,0.12539,0.13009,0.03111,0.07783,0.04036,0.27745,0.07476,0.00213,0.14281,0.00421,0.01494,0.03893,0.14983,0.12757,0.03644,0.09030,0.04064,-53.54,3.078,-1,0.0000,-1.00,0.0000,0
202849,1790787999580,0.24704,0.06504,0.01318,0.07816,0.01734,0.06543,0.03340,0.10043,0.07077,0.05209,0.19346,0.06367,0.27244,0.06304,0.00368,0.04866,0.00676,0.02439,0.02752,0.11960,0.07513,0.06110,0.22697,0.07069,-53.25,2.964,-1,0.0000,-1.00,0.0000,0
202942,1790787999681,0.14959,0.03748,0.01456,0.12318,0.01790,0.07085,0.02765,0.06244,0.08380,0.04781,0.29709,0.06764,0.16466,0.02811,0.00635,0.07908,0.00647,0.05225,0.02756,0.07356,0.08474,0.05601,0.34562,0.07558,-53.94,3.565,-1,0.0000,-1.00,0.0000,0
203035,1790787999761,0.06672,0.06289,0.01601,0.07789,0.01358,0.10216,0.02135,0.01848,0.20355,0.05265,0.31086,0.05386,0.06471,0.03904,0.00683,0.02380,0.00418,0.10958,0.01772,0.02091,0.23917,0.06228,0.35076,0.06102,-53.79,3.730,-1,0.0000,-1.00,0.0000,0
203128,1790787999861,0.05586,0.08786,0.00799,0.07632,0.01648,0.09998,0.02887,0.01401,0.15896,0.01835,0.35653,0.07880,0.05708,0.07469,0.00529,0.01102,0.00181,0.10848,0.01978,0.01574,0.18829,0.02163,0.40570,0.09050,-53.40,4.278,-1,0.0000,-1.00,0.0000,0
203221,1790787999940,0.06866,0.07858,0.01407,0.06819,0.00874,0.13681,0.02673,0.03708,0.18749,0.02359,0.32074,0.02931,0.07378,0.05020,0.01143,0.01139,0.00438,0.14930,0.02202,0.04223,0.22240,0.02740,0.35473,0.03075,-53.71,3.849,-1,0.0000,-1.00,0.0000,0
203313,1790788000041,0.08855,0.07409,0.02491,0.06893,0.01036,0.14388,0.02657,0.03366,0.20713,0.01793,0.25760,0.04638,0.09783,0.04195,0.02568,0.02742,0.00233,0.15301,0.02352,0.03524,0.24275,0.02102,0.27834,0.05091,-54.45,3.091,-1,0.0000,-1.00,0.0000,0
203406,1790788000121,0.06763,0.07733,0.02875,0.07945,0.00960,0.16166,0.03520,0.06668,0.16947,0.02247,0.24267,0.03910,0.06629,0.05422,0.02923,0.04465,0.00340,0.18061,0.03142,0.07411,0.19413,0.02633,0.25497,0.04063,-54.71,2.912,-1,0.0000,-1.00,0.0000,0
203499,1790788000242,0.03300,0.06447,0.03544,0.07913,0.00801,0.24181,0.06933,0.05469,0.13434,0.01705,0.22215,0.04057,0.02825,0.04743,0.03853,0.05322,0.00290,0.28414,0.07316,0.05841,0.15043,0.01985,0.20986,0.03382,-54.50,2.902,-1,0.0000,-1.00,0.0000,0
203592,1790788000340,0.05615,0.06246,0.02410,0.09961,0.00834,0.13147,0.02529,0.09728,0.14590,0.03745,0.27870,0.03325,0.04447,0.04300,0.02009,0.05899,0.00295,0.14871,0.02178,0.11259,0.16313,0.04429,0.30447,0.03552,-54.68,3.344,-1,0.0000,-1.00,0.0000,0
203685,1790788000420,0.08800,0.04208,0.02679,0.07804,0.00963,0.15446,0.04598,0.13299,0.13122,0.01691,0.24565,0.02825,0.07506,0.02092,0.02833,0.04185,0.00685,0.17020,0.05095,0.15374,0.14883,0.01900,0.26061,0.02365,-54.57,2.948,-1,0.0000,-1.00,0.0000,0
203778,1790788000519,0.09292,0.02997,0.07307,0.05317,0.02630,0.12101,0.15018,0.05213,0.05971,0.05316,0.20420,0.08418,0.10186,0.02267,0.07565,0.02011,0.01837,0.12486,0.17468,0.04825,0.06757,0.06005,0.21993,0.06600,-54.35,2.450,-1,0.0000,-1.00,0.0000,0
203871,1790788000600,0.04976,0.06883,0.04327,0.06826,0.02962,0.19938,0.03481,0.05326,0.06937,0.02266,0.30192,0.05886,0.04883,0.06675,0.04734,0.01910,0.02235,0.22950,0.02847,0.05444,0.07933,0.02272,0.31628,0.06488,-54.54,3.623,-1,0.0000,-1.00,0.0000,0
203964,1790788000700,0.07068,0.09468,0.02741,0.08113,0.01815,0.16946,0.02825,0.03459,0.11439,0.02457,0.26938,0.06732,0.07755,0.08787,0.02726,0.04060,0.00640,0.18768,0.01643,0.03604,0.12901,0.02817,0.28557,0.07741,-54.75,3.233,-1,0.0000,-1.00,0.0000,0
204056,1790788000780,0.04567,0.08986,0.01995,0.09735,0.02286,0.16588,0.03511,0.04209,0.10254,0.02553,0.29958,0.05357,0.04566,0.08554,0.01832,0.05294,0.01570,0.18972,0.02511,0.04680,0.11169,0.02816,0.32136,0.05900,-54.43,3.595,-1,0.0000,-1.00,0.0000,0
204149,1790788000880,0.09435,0.09877,0.02631,0.06277,0.01917,0.17111,0.02683,0.05092,0.15058,0.05262,0.20364,0.04294,0.10173,0.08393,0.01955,0.03411,0.01338,0.18486,0.01551,0.05714,0.17364,0.06043,0.20736,0.04837,-54.44,2.444,-1,0.0000,-1.00,0.0000,0
204242,1790788001004,0.09009,0.08968,0.03053,0.06291,0.01921,0.13517,0.02716,0.03529,0.13867,0.09589,0.18999,0.08541,0.10012,0.07593,0.01394,0.03584,0.00341,0.14211,0.01749,0.03952,0.15906,0.11422,0.19948,0.09887,-54.82,2.280,-1,0.0000,-1.00,0.0000,0
204335,1790788001061,0.05476,0.08949,0.06757,0.11817,0.01746,0.07609,0.03484,0.05406,0.15347,0.11141,0.15763,0.06504,0.05492,0.07501,0.05475,0.10731,0.00652,0.08029,0.02687,0.05393,0.16256,0.13226,0.17296,0.07261,-54.37,1.892,-1,0.0000,-1.00,0.0000,0
204428,1790788001161,0.10863,0.13875,0.01243,0.11452,0.01603,0.05307,0.04134,0.02183,0.09227,0.05036,0.28804,0.06272,0.12536,0.14711,0.00313,0.07033,0.00517,0.03874,0.02037,0.02554,0.09659,0.05935,0.33746,0.07085,-54.26,3.456,-1,0.0000,-1.00,0.0000,0
204521,1790788001241,0.13729,0.11053,0.01246,0.07258,0.02530,0.05110,0.03781,0.08279,0.10203,0.02717,0.24183,0.09911,0.14473,0.10985,0.00877,0.03080,0.00766,0.03258,0.02339,0.09760,0.11612,0.03107,0.28332,0.11412,-54.89,2.902,-1,0.0000,-1.00,0.0000,0
204614,1790788001340,0.05122,0.18132,0.01419,0.09564,0.01893,0.02942,0.05623,0.07746,0.08782,0.03815,0.27231,0.07731,0.04326,0.19842,0.00815,0.05097,0.00542,0.02667,0.02788,0.09135,0.09509,0.04468,0.32101,0.08711,-54.59,3.268,-1,0.0000,-1.00,0.0000,0
204707,1790788001420,0.10526,0.16735,0.05267,0.08739,0.01680,0.05526,0.05588,0.08005,0.07310,0.05106,0.20257,0.05261,0.10946,0.18546,0.05132,0.05836,0.00862,0.04478,0.03019,0.08574,0.07602,0.05948,0.23385,0.05673,-54.08,2.431,-1,0.0000,-1.00,0.0000,0
204800,1790788001540,0.07193,0.15991,0.09204,0.10904,0.01342,0.03156,0.05077,0.09247,0.11852,0.03469,0.18976,0.03590,0.06443,0.16954,0.10238,0.08656,0.00839,0.02505,0.01890,0.09882,0.12485,0.03990,0.22241,0.03876,-54.37,2.277,-1,0.0000,-1.00,0.0000,0
204892,1790788001642,0.05741,0.34368,0.02281,0.05039,0.01395,0.03165,0.07637,0.05794,0.09228,0.02523,0.17895,0.04934,0.05575,0.39064,0.02156,0.01892,0.00550,0.02690,0.01343,0.06579,0.10682,0.02914,0.20910,0.05646,-54.91,4.124,-1,0.0000,-1.00,0.0000,0
204985,1790788001720,0.06395,0.28065,0.02188,0.07632,0.01237,0.02714,0.07394,0.03640,0.09818,0.03434,0.23381,0.04103,0.06851,0.31451,0.01828,0.03666,0.00590,0.01912,0.02576,0.04048,0.11030,0.04005,0.27637,0.04406,-55.07,3.368,-1,0.0000,-1.00,0.0000,0
205078,1790788001820,0.05273,0.27235,0.01087,0.07691,0.01337,0.02220,0.06260,0.04189,0.14278,0.01272,0.24774,0.04385,0.05355,0.29389,0.01020,0.03394,0.00608,0.01617,0.01675,0.04817,0.16414,0.01425,0.29365,0.04922,-54.68,3.268,-1,0.0000,-1.00,0.0000,0
205171,1790788001900,0.05659,0.26802,0.00776,0.07943,0.02552,0.02464,0.06914,0.02715,0.16942,0.01642,0.16219,0.09372,0.06150,0.28321,0.00572,0.05733,0.00935,0.01734,0.02628,0.03183,0.19141,0.01805,0.19091,0.10708,-54.78,3.216,-1,0.0000,-1.00,0.0000,0
205264,1790788002007,0.04690,0.28580,0.01002,0.07409,0.01617,0.01784,0.07424,0.04479,0.19955,0.01266,0.15650,0.06145,0.04574,0.29729,0.00923,0.05209,0.00588,0.01239,0.03002,0.05183,0.22879,0.01400,0.18506,0.06768,-54.86,3.430,-1,0.0000,-1.00,0.0000,0
205357,1790788002081,0.04175,0.34571,0.00654,0.07282,0.01258,0.01905,0.08479,0.09226,0.14067,0.01109,0.11954,0.05319,0.02795,0.38352,0.00532,0.05954,0.00343,0.01728,0.02533,0.10974,0.15663,0.01273,0.13981,0.05871,-54.96,4.149,-1,0.0000,-1.00,0.0000,0
205450,1790788002179,0.04166,0.35943,0.00604,0.05604,0.02256,0.02216,0.11288,0.04803,0.17915,0.02033,0.08586,0.04586,0.03112,0.39751,0.00313,0.04756,0.01817,0.02056,0.05646,0.05694,0.20523,0.02076,0.09880,0.04376,-54.78,4.313,-1,0.0000,-1.00,0.0000,0
205543,1790788002280,0.05141,0.24960,0.01777,0.07808,0.02198,0.03941,0.10326,0.06391,0.18884,0.01827,0.09676,0.07072,0.04693,0.25706,0.01744,0.07206,0.01236,0.03792,0.07185,0.07404,0.21199,0.01944,0.10843,0.07049,-54.71,2.995,-1,0.0000,-1.00,0.0000,0
205635,1790788002360,0.02159,0.25875,0.00949,0.12720,0.03005,0.03858,0.08551,0.05300,0.16187,0.02005,0.09345,0.10046,0.01004,0.28022,0.00711,0.13196,0.01396,0.04423,0.04632,0.06268,0.16756,0.02150,0.10321,0.11119,-54.56,3.105,-1,0.0000,-1.00,0.0000,0
205728,1790788002460,0.03001,0.20940,0.03216,0.08981,0.02779,0.07712,0.07443,0.05944,0.14297,0.03349,0.10984,0.11354,0.02295,0.22039,0.03088,0.08499,0.00762,0.08836,0.04550,0.06510,0.15446,0.03862,0.11409,0.12703,-54.01,2.513,-1,0.0000,-1.00,0.0000,0
205821,1790788002542,0.02430,0.23245,0.04139,0.19649,0.02303,0.03006,0.06153,0.04534,0.20455,0.01702,0.08111,0.04273,0.02016,0.23857,0.04620,0.21744,0.01848,0.03202,0.02643,0.04517,0.20159,0.01714,0.09084,0.04596,-54.19,2.789,-1,0.0000,-1.00,0.0000,0
205914,1790788002640,0.04941,0.19286,0.01449,0.10163,0.02817,0.05236,0.04882,0.05612,0.22342,0.02450,0.08975,0.11850,0.04634,0.18205,0.01179,0.10256,0.00649,0.05355,0.02241,0.06490,0.24738,0.02807,0.09692,0.13755,-54.36,2.681,-1,0.0000,-1.00,0.0000,0
206007,1790788002740,0.03424,0.10802,0.02311,0.06661,0.06158,0.03155,0.10138,0.07576,0.13282,0.04962,0.05819,0.25713,0.02365,0.10053,0.01655,0.06730,0.01652,0.03328,0.10141,0.08764,0.14581,0.05618,0.06313,0.28800,-54.48,3.086,-1,0.0000,-1.00,0.0000,0
206100,1790788002843,0.04987,0.10452,0.01413,0.05063,0.04811,0.09434,0.07893,0.03606,0.25158,0.05384,0.04150,0.17648,0.05110,0.06791,0.00474,0.05499,0.01522,0.10661,0.08111,0.04227,0.29056,0.06150,0.02860,0.19539,-54.15,3.019,-1,0.0000,-1.00,0.0000,0
206193,1790788002940,0.04759,0.13553,0.01192,0.05916,0.06642,0.07678,0.06361,0.05380,0.22205,0.03652,0.06628,0.16033,0.04446,0.11195,0.00726,0.05848,0.04209,0.08472,0.05364,0.06341,0.25448,0.03541,0.06262,0.18149,-54.09,2.665,-1,0.0000,-1.00,0.0000,0
206286,1790788003020,0.05680,0.13885,0.00795,0.07475,0.02267,0.05624,0.12879,0.07745,0.16030,0.02045,0.17930,0.07644,0.04981,0.13029,0.00520,0.04925,0.01373,0.05784,0.12850,0.09177,0.18228,0.02181,0.20338,0.06612,-54.66,2.152,-1,0.0000,-1.00,0.0000,0
206378,1790788003120,0.10651,0.10256,0.00624,0.08957,0.04275,0.04769,0.09335,0.09772,0.10066,0.01873,0.13792,0.15628,0.10456,0.10200,0.00369,0.07599,0.01770,0.03642,0.09164,0.11637,0.10539,0.01910,0.15804,0.16909,-54.71,1.875,-1,0.0000,-1.00,0.0000,0
206471,1790788003200,0.21064,0.08554,0.00835,0.06872,0.03016,0.06393,0.08089,0.10124,0.08771,0.02806,0.13395,0.10081,0.22832,0.08389,0.00394,0.05176,0.01535,0.03134,0.08030,0.12053,0.09483,0.03058,0.15429,0.10487,-54.30,2.528,-1,0.0000,-1.00,0.0000,0
206564,1790788003301,0.11891,0.12322,0.01186,0.08754,0.02823,0.04679,0.12649,0.05171,0.11828,0.02770,0.11067,0.14862,0.13035,0.12280,0.00777,0.07979,0.00349,0.03024,0.12703,0.06062,0.12591,0.03250,0.12661,0.15290,-53.87,1.783,-1,0.0000,-1.00,0.0000,0
206657,1790788003380,0.10426,0.20112,0.03950,0.06715,0.03331,0.04778,0.10002,0.03993,0.13619,0.03373,0.07741,0.11961,0.11597,0.21204,0.03989,0.06342,0.01453,0.03427,0.07714,0.04061,0.15061,0.03753,0.08596,0.12802,-53.81,2.413,-1,0.0000,-1.00,0.0000,0
206750,1790788003507,0.13434,0.17177,0.00494,0.12643,0.02735,0.05813,0.06322,0.07376,0.13683,0.01732,0.07346,0.11245,0.14161,0.18064,0.00204,0.13568,0.00763,0.04158,0.03994,0.08797,0.13673,0.01956,0.07977,0.12683,-54.54,2.061,-1,0.0000,-1.00,0.0000,0
206843,1790788003582,0.07278,0.15755,0.06921,0.06099,0.02843,0.07596,0.07698,0.14167,0.07880,0.02915,0.07359,0.13490,0.05565,0.17326,0.07616,0.05875,0.00429,0.07999,0.05783,0.15472,0.08271,0.03414,0.07232,0.15018,-54.97,1.891,-1,0.0000,-1.00,0.0000,0
206936,1790788003660,0.08696,0.23264,0.01362,0.05458,0.04808,0.03825,0.07658,0.12123,0.11420,0.01928,0.04930,0.14528,0.07590,0.25379,0.01271,0.05490,0.02473,0.03079,0.04145,0.14274,0.12595,0.01820,0.05297,0.16586,-54.54,2.792,-1,0.0000,-1.00,0.0000,0
207029,1790788003760,0.05989,0.14566,0.01626,0.15245,0.03547,0.02889,0.03069,0.08153,0.30671,0.01727,0.03296,0.09222,0.05295,0.10908,0.01571,0.17579,0.02118,0.02412,0.01479,0.09494,0.33014,0.01901,0.03471,0.10757,-54.32,3.680,-1,0.0000,-1.00,0.0000,0
207121,1790788003842,0.05904,0.10431,0.00962,0.15130,0.03223,0.02948,0.01795,0.06616,0.38622,0.02929,0.09327,0.02111,0.05526,0.03954,0.00592,0.16010,0.03415,0.02437,0.01367,0.07810,0.43105,0.02833,0.10693,0.02258,-54.22,4.635,-1,0.0000,-1.00,0.0000,0
207214,1790788003942,0.07490,0.07285,0.01180,0.35374,0.01180,0.02114,0.01830,0.07413,0.25127,0.03220,0.04094,0.03693,0.07297,0.04390,0.00672,0.41456,0.00600,0.01086,0.01323,0.08750,0.21888,0.03742,0.04690,0.04106,-54.47,4.245,-1,0.0000,-1.00,0.0000,0
207307,1790788004041,0.05999,0.03168,0.08866,0.23935,0.02784,0.02152,0.09242,0.07233,0.15711,0.02791,0.06240,0.11879,0.05579,0.01568,0.09998,0.27255,0.00967,0.01472,0.10427,0.07022,0.13422,0.03153,0.07185,0.11951,-54.66,2.872,-1,0.0000,-1.00,0.0000,0
207400,1790788004140,0.08314,0.09137,0.05311,0.10231,0.02648,0.04655,0.12125,0.04552,0.18694,0.05409,0.11429,0.07495,0.08975,0.06986,0.05154,0.09694,0.01907,0.03798,0.13092,0.04484,0.20479,0.06103,0.12941,0.06386,-54.76,2.243,-1,0.0000,-1.00,0.0000,0
207493,1790788004240,0.08438,0.12307,0.03097,0.06690,0.04431,0.07105,0.13825,0.04747,0.14821,0.05292,0.10630,0.08618,0.08897,0.11641,0.02599,0.05761,0.03696,0.06876,0.14258,0.05173,0.16618,0.05608,0.11374,0.07500,-54.70,1.779,-1,0.0000,-1.00,0.0000,0
207586,1790788004322,0.08886,0.15574,0.01066,0.10302,0.02434,0.04650,0.09719,0.05549,0.21563,0.02358,0.09339,0.08560,0.09305,0.13998,0.00766,0.10272,0.01232,0.03727,0.08871,0.06497,0.23801,0.02581,0.10451,0.08499,-54.39,2.588,-1,0.0000,-1.00,0.0000,0
207679,1790788004422,0.13372,0.14797,0.02529,0.10021,0.03216,0.05212,0.06044,0.03477,0.20237,0.03615,0.07851,0.09630,0.15185,0.13431,0.02236,0.10269,0.01746,0.03235,0.04580,0.03723,0.22193,0.04006,0.08767,0.10631,-54.53,2.428,-1,0.0000,-1.00,0.0000,0
207772,1790788004505,0.09076,0.12194,0.01679,0.15043,0.03648,0.02790,0.09021,0.06406,0.12214,0.02680,0.09776,0.15474,0.09409,0.12331,0.01414,0.15761,0.01024,0.01478,0.08364,0.07396,0.11505,0.03015,0.11420,0.16883,-54.56,1.857,-1,0.0000,-1.00,0.0000,0
207865,1790788004601,0.09678,0.16928,0.02009,0.07082,0.02765,0.02736,0.08543,0.05563,0.19179,0.04344,0.09061,0.12111,0.10229,0.16080,0.01404,0.06382,0.00714,0.01250,0.07049,0.06388,0.21716,0.05064,0.10610,0.13115,-54.65,2.302,-1,0.0000,-1.00,0.0000,0
207957,1790788004680,0.17387,0.07882,0.01744,0.11667,0.03463,0.04729,0.02719,0.06847,0.08858,0.03472,0.18037,0.13195,0.19382,0.07724,0.01308,0.09767,0.01108,0.01824,0.01727,0.07945,0.08678,0.03940,0.21251,0.15345,-54.69,2.164,-1,0.0000,-1.00,0.0000,0
208050,1790788004780,0.13597,0.07784,0.01349,0.14032,0.02616,0.03806,0.05178,0.04322,0.14099,0.02485,0.19940,0.10792,0.15353,0.06476,0.01056,0.12136,0.00777,0.01516,0.04921,0.04970,0.14485,0.02826,0.23592,0.11889,-54.55,2.393,-1,0.0000,-1.00,0.0000,0
208143,1790788004878,0.07926,0.04428,0.04392,0.10927,0.01661,0.05227,0.15557,0.07684,0.12443,0.03175,0.18545,0.08036,0.07803,0.02699,0.04539,0.08873,0.00783,0.04716,0.17864,0.08549,0.13150,0.03649,0.21287,0.06087,-55.01,2.225,-1,0.0000,-1.00,0.0000,0
208236,1790788004961,0.04873,0.05622,0.03211,0.17590,0.03861,0.02370,0.04775,0.08619,0.13596,0.02697,0.26084,0.06703,0.03795,0.04239,0.03316,0.14963,0.03226,0.02088,0.04881,0.09670,0.13236,0.02680,0.30840,0.07064,-54.76,3.130,-1,0.0000,-1.00,0.0000,0
208329,1790788005060,0.03526,0.04817,0.01772,0.27576,0.02204,0.01574,0.03255,0.02892,0.15702,0.05712,0.24747,0.06224,0.03600,0.03112,0.00818,0.27210,0.01297,0.01172,0.03283,0.03303,0.13421,0.06587,0.29420,0.06777,-55.03,3.309,-1,0.0000,-1.00,0.0000,0
208422,1790788005140,0.02521,0.06542,0.07672,0.22373,0.02003,0.01206,0.03651,0.05086,0.26419,0.05109,0.12578,0.04838,0.01949,0.02502,0.08033,0.23862,0.01368,0.01059,0.02837,0.05544,0.26926,0.05850,0.14862,0.05207,-55.65,3.170,-1,0.0000,-1.00,0.0000,0
208515,1790788005240,0.04604,0.08402,0.04371,0.20104,0.01794,0.02284,0.05215,0.05532,0.22083,0.02496,0.16641,0.06475,0.04386,0.05620,0.04673,0.20209,0.00813,0.01868,0.05133,0.05704,0.22435,0.02849,0.19570,0.06741,-54.77,2.650,-1,0.0000,-1.00,0.0000,0
208608,1790788005341,0.09899,0.03813,0.02777,0.14037,0.02618,0.04646,0.05931,0.14955,0.14103,0.03767,0.14250,0.09204,0.08407,0.01752,0.02480,0.13588,0.01209,0.03907,0.06759,0.17428,0.14205,0.04274,0.16300,0.09689,-53.99,1.795,-1,0.0000,-1.00,0.0000,0
208700,1790788005444,0.10285,0.05374,0.02240,0.12978,0.01990,0.02364,0.03406,0.19835,0.19179,0.01928,0.13484,0.06936,0.07531,0.02549,0.02252,0.12400,0.00878,0.01340,0.03576,0.23321,0.20484,0.02176,0.15891,0.07602,-54.21,2.380,-1,0.0000,-1.00,0.0000,0
208793,1790788005542,0.01998,0.14861,0.00880,0.20855,0.00900,0.01819,0.04890,0.04680,0.25322,0.01159,0.19138,0.03497,0.01341,0.12643,0.00795,0.20519,0.00393,0.01914,0.03353,0.05450,0.26274,0.01311,0.22552,0.03455,-55.11,3.039,-1,0.0000,-1.00,0.0000,0
208886,1790788005620,0.06626,0.06003,0.00931,0.16541,0.01825,0.04305,0.08262,0.05034,0.24437,0.03042,0.16914,0.06080,0.06575,0.02201,0.00436,0.15954,0.01115,0.03854,0.09463,0.05946,0.26119,0.03424,0.19502,0.05409,-55.69,2.932,-1,0.0000,-1.00,0.0000,0
208979,1790788005719,0.05435,0.04137,0.02131,0.26539,0.01731,0.02958,0.05535,0.04933,0.13265,0.05837,0.23360,0.04139,0.05285,0.02945,0.01220,0.26350,0.01328,0.02496,0.06048,0.05669,0.10671,0.06731,0.27496,0.03760,-55.21,3.185,-1,0.0000,-1.00,0.0000,0
209072,1790788005801,0.02907,0.05697,0.01476,0.31224,0.00850,0.01401,0.03665,0.04216,0.32002,0.01075,0.12833,0.02653,0.02460,0.00658,0.01535,0.34412,0.00556,0.01191,0.04253,0.04755,0.31524,0.01178,0.15141,0.02336,-53.85,3.840,-1,0.0000,-1.00,0.0000,0
209165,1790788005901,0.02521,0.08042,0.00854,0.30176,0.01102,0.00887,0.01245,0.01851,0.41307,0.02202,0.06950,0.02862,0.02613,0.01181,0.00527,0.34529,0.00693,0.00545,0.01258,0.02113,0.42651,0.02501,0.08220,0.03169,-54.15,4.957,-1,0.0000,-1.00,0.0000,0
209258,1790788005986,0.03701,0.04288,0.02190,0.37522,0.06778,0.01178,0.01040,0.03013,0.26480,0.08546,0.03880,0.01383,0.03783,0.00580,0.00903,0.44065,0.07843,0.00661,0.01092,0.03470,0.22994,0.08686,0.04518,0.01404,-54.82,4.503,-1,0.0000,-1.00,0.0000,0
209351,1790788006080,0.03330,0.04731,0.01139,0.38650,0.01341,0.00992,0.01200,0.02365,0.30483,0.01734,0.12566,0.01470,0.03333,0.00290,0.00979,0.43348,0.01305,0.00534,0.01369,0.02651,0.27802,0.01949,0.14951,0.01490,-54.22,4.638,-1,0.0000,-1.00,0.0000,0
209443,1790788006179,0.02199,0.03454,0.02370,0.27775,0.01782,0.01616,0.05642,0.04038,0.18969,0.04440,0.23679,0.04036,0.01748,0.00722,0.01841,0.27718,0.01436,0.01590,0.06613,0.04478,0.17235,0.05036,0.28058,0.03526,-54.54,3.333,-1,0.0000,-1.00,0.0000,0
209536,1790788006259,0.01797,0.03960,0.01120,0.24011,0.01098,0.03374,0.01801,0.04066,0.21450,0.02492,0.31953,0.02879,0.01214,0.00488,0.00778,0.21330,0.00712,0.03802,0.02044,0.04735,0.21474,0.02845,0.37534,0.03044,-54.80,3.834,-1,0.0000,-1.00,0.0000,0
209629,1790788006361,0.03491,0.06596,0.00972,0.21948,0.01128,0.03597,0.01886,0.04744,0.29773,0.01359,0.23003,0.01502,0.03110,0.01688,0.00853,0.20980,0.01075,0.03694,0.01926,0.05516,0.31357,0.01574,0.26831,0.01397,-54.67,3.573,-1,0.0000,-1.00,0.0000,0
209722,1790788006441,0.03089,0.03073,0.01032,0.19154,0.01433,0.02660,0.02474,0.01887,0.15569,0.04130,0.43239,0.02261,0.03127,0.00629,0.00301,0.12781,0.01291,0.02567,0.02828,0.02212,0.16093,0.04721,0.51301,0.02149,-53.80,5.189,-1,0.0000,-1.00,0.0000,0
209815,1790788006541,0.02425,0.01388,0.00651,0.17032,0.00668,0.03813,0.01115,0.01151,0.06226,0.01679,0.62314,0.01536,0.02647,0.00416,0.00395,0.05766,0.00485,0.04044,0.01251,0.01304,0.06292,0.01940,0.73865,0.01593,-53.90,7.478,-1,0.0000,-1.00,0.0000,0
209908,1790788006641,0.03765,0.02377,0.02574,0.16373,0.00925,0.06918,0.01386,0.02657,0.11315,0.02363,0.46663,0.02683,0.03947,0.00544,0.02541,0.08829,0.00533,0.07507,0.01553,0.02681,0.11792,0.02742,0.54425,0.02907,-55.10,5.600,-1,0.0000,-1.00,0.0000,0
210001,1790788006739,0.01815,0.02794,0.00538,0.15065,0.00518,0.05718,0.00996,0.01489,0.14423,0.01104,0.54036,0.01504,0.01855,0.00139,0.00392,0.05471,0.00308,0.06489,0.01151,0.01721,0.16187,0.01272,0.63462,0.01553,-55.22,6.484,-1,0.0000,-1.00,0.0000,0
210094,1790788006840,0.03730,0.03576,0.00735,0.16359,0.00611,0.03203,0.01320,0.04301,0.16987,0.01467,0.46054,0.01656,0.03466,0.00596,0.00547,0.08786,0.00396,0.03151,0.01446,0.05062,0.18613,0.01680,0.54559,0.01698,-55.13,5.527,-1,0.0000,-1.00,0.0000,0
210187,1790788006920,0.05472,0.03263,0.02115,0.24222,0.00978,0.04660,0.01704,0.05155,0.16539,0.02655,0.30294,0.02943,0.05406,0.00846,0.01925,0.22005,0.00546,0.04512,0.01868,0.05802,0.15456,0.03073,0.35405,0.03156,-55.43,3.635,-1,0.0000,-1.00,0.0000,0
210279,1790788007020,0.04652,0.02065,0.00622,0.22909,0.00461,0.02337,0.01150,0.08593,0.12362,0.00676,0.42727,0.01446,0.03540,0.00237,0.00592,0.17384,0.00253,0.02107,0.01322,0.10189,0.11356,0.00770,0.50780,0.01470,-55.13,5.127,-1,0.0000,-1.00,0.0000,0
210372,1790788007100,0.21557,0.01943,0.00570,0.16964,0.01064,0.05071,0.01749,0.06875,0.09774,0.00934,0.29309,0.04191,0.24186,0.00560,0.00471,0.13416,0.00356,0.01282,0.01950,0.08179,0.09033,0.01067,0.34865,0.04635,-54.22,3.517,-1,0.0000,-1.00,0.0000,0
210465,1790788007201,0.26672,0.01679,0.00507,0.14881,0.00490,0.06634,0.01404,0.06081,0.09475,0.01427,0.29394,0.01356,0.30500,0.00215,0.00280,0.10923,0.00329,0.01903,0.01626,0.07246,0.09180,0.01652,0.34844,0.01302,-53.99,3.527,-1,0.0000,-1.00,0.0000,0
210558,1790788007279,0.29142,0.01431,0.00741,0.14241,0.00686,0.07230,0.01022,0.05851,0.08372,0.02830,0.26683,0.01772,0.33517,0.00202,0.00234,0.10806,0.00454,0.02019,0.01167,0.06982,0.07890,0.03301,0.31572,0.01858,-53.86,3.497,-1,0.0000,-1.00,0.0000,0
210651,1790788007380,0.38612,0.01790,0.00573,0.15072,0.00888,0.09884,0.01544,0.04485,0.08109,0.01369,0.16043,0.01632,0.45198,0.00801,0.00391,0.14362,0.00742,0.02883,0.01687,0.05301,0.06869,0.01493,0.18652,0.01621,-54.08,4.633,-1,0.0000,-1.00,0.0000,0
210744,1790788007480,0.26479,0.03044,0.01468,0.13883,0.01026,0.06777,0.04550,0.04646,0.10480,0.02144,0.22475,0.03028,0.30707,0.01629,0.01277,0.11376,0.00722,0.02033,0.05129,0.05314,0.10298,0.02431,0.26527,0.02557,-54.37,3.178,-1,0.0000,-1.00,0.0000,0
210837,1790788007561,0.28164,0.01074,0.00735,0.17704,0.01105,0.07298,0.03552,0.06198,0.06343,0.01921,0.22596,0.03309,0.32247,0.00455,0.00453,0.15939,0.00702,0.02352,0.04106,0.07397,0.04440,0.02162,0.26609,0.03138,-54.09,3.380,-1,0.0000,-1.00,0.0000,0
210930,1790788007661,0.36082,0.01192,0.00750,0.22356,0.00879,0.07846,0.01639,0.04618,0.08896,0.01627,0.11764,0.02352,0.42136,0.00281,0.00535,0.24034,0.00569,0.01048,0.01901,0.05434,0.05895,0.01837,0.13888,0.02441,-54.43,4.330,-1,0.0000,-1.00,0.0000,0
211022,1790788007740,0.34665,0.01975,0.00570,0.14486,0.02046,0.07398,0.03962,0.05379,0.09929,0.01090,0.11176,0.07323,0.40332,0.00593,0.00457,0.14737,0.00906,0.00870,0.04609,0.06375,0.08966,0.01136,0.13219,0.07799,-54.93,4.160,-1,0.0000,-1.00,0.0000,0
211115,1790788007860,0.23343,0.08583,0.00630,0.13846,0.02690,0.03673,0.03287,0.07042,0.14661,0.01414,0.16021,0.04809,0.26354,0.07305,0.00445,0.12812,0.00681,0.00682,0.02491,0.08350,0.15028,0.01560,0.19062,0.05230,-55.02,2.801,-1,0.0000,-1.00,0.0000,0
211208,1790788007940,0.26674,0.04490,0.00415,0.16120,0.02978,0.03867,0.01978,0.05863,0.12048,0.00934,0.21171,0.03463,0.30518,0.03194,0.00307,0.14306,0.00918,0.00488,0.01737,0.06964,0.11576,0.00962,0.25271,0.03759,-54.71,3.201,-1,0.0000,-1.00,0.0000,0
211301,1790788008040,0.26056,0.02669,0.00529,0.20780,0.01014,0.05555,0.00964,0.04282,0.15886,0.01191,0.17702,0.03372,0.30219,0.00239,0.00368,0.20721,0.00457,0.00666,0.01107,0.05058,0.14927,0.01337,0.21079,0.03821,-54.80,3.127,-1,0.0000,-1.00,0.0000,0
211394,1790788008140,0.12233,0.02107,0.00493,0.22277,0.01726,0.05183,0.03451,0.07375,0.12371,0.01536,0.27111,0.04136,0.12979,0.00396,0.00276,0.20396,0.01259,0.03637,0.04057,0.08783,0.10780,0.01591,0.31764,0.04081,-55.21,3.253,-1,0.0000,-1.00,0.0000,0
211487,1790788008221,0.08367,0.02714,0.00916,0.22473,0.01918,0.08209,0.05535,0.06484,0.14158,0.01179,0.23388,0.04658,0.08505,0.00751,0.00865,0.21693,0.01444,0.08151,0.06411,0.07670,0.12617,0.01174,0.26409,0.04310,-55.21,2.807,-1,0.0000,-1.00,0.0000,0
211580,1790788008319,0.06786,0.01728,0.00625,0.35118,0.01531,0.03326,0.01968,0.06547,0.12212,0.01228,0.24333,0.04596,0.06524,0.00667,0.00490,0.36406,0.00830,0.02693,0.02201,0.07773,0.07415,0.01306,0.28623,0.05071,-55.46,4.214,-1,0.0000,-1.00,0.0000,0
211673,1790788008400,0.12568,0.03023,0.01362,0.25386,0.00857,0.06201,0.03283,0.05126,0.15872,0.02131,0.20914,0.03276,0.13893,0.00875,0.01139,0.25634,0.00401,0.04676,0.03761,0.05917,0.13920,0.02490,0.24133,0.03160,-54.80,3.046,-1,0.0000,-1.00,0.0000,0
211765,1790788008503,0.08231,0.05039,0.01300,0.13847,0.00864,0.02913,0.03210,0.06290,0.23534,0.03369,0.28573,0.02830,0.08399,0.00836,0.00777,0.09877,0.00507,0.01825,0.03680,0.07383,0.26241,0.03936,0.33876,0.02662,-54.32,3.429,-1,0.0000,-1.00,0.0000,0
211858,1790788008581,0.07304,0.04074,0.00472,0.31043,0.01054,0.01906,0.03315,0.04792,0.24102,0.01518,0.17637,0.02781,0.07564,0.00526,0.00234,0.33039,0.00736,0.00805,0.03865,0.05698,0.22331,0.01673,0.20974,0.02555,-54.36,3.725,-1,0.0000,-1.00,0.0000,0
211951,1790788008679,0.06216,0.02411,0.00571,0.38065,0.00926,0.02352,0.03572,0.07760,0.17624,0.01726,0.15772,0.03004,0.05605,0.00361,0.00295,0.41933,0.00531,0.01737,0.04206,0.09243,0.12805,0.01963,0.18554,0.02766,-54.25,4.568,-1,0.0000,-1.00,0.0000,0
212044,1790788008780,0.06233,0.03292,0.00929,0.35817,0.01393,0.03593,0.02862,0.07015,0.18842,0.02105,0.15303,0.02614,0.05825,0.01018,0.00660,0.39406,0.01174,0.03150,0.03209,0.08294,0.14765,0.02289,0.17712,0.02497,-53.42,4.298,-1,0.0000,-1.00,0.0000,0
212137,1790788008859,0.02475,0.05174,0.01389,0.33479,0.01336,0.01751,0.05400,0.02876,0.24167,0.02140,0.16795,0.03020,0.02222,0.01989,0.01199,0.36193,0.01095,0.01685,0.06076,0.03208,0.21782,0.02347,0.19790,0.02414,-53.48,4.017,-1,0.0000,-1.00,0.0000,0
212230,1790788008962,0.02413,0.03096,0.00990,0.27987,0.01335,0.01213,0.03055,0.01741,0.17994,0.02851,0.35042,0.02282,0.02509,0.00428,0.00556,0.25249,0.01200,0.00956,0.03570,0.01982,0.16556,0.03178,0.41799,0.02016,-53.97,4.205,-1,0.0000,-1.00,0.0000,0
212323,1790788009040,0.05036,0.04029,0.02329,0.23718,0.02085,0.06144,0.03502,0.08498,0.21759,0.01456,0.14912,0.06531,0.04088,0.00674,0.02486,0.25136,0.01106,0.06552,0.03984,0.09768,0.21076,0.01539,0.16569,0.07021,-54.11,2.846,-1,0.0000,-1.00,0.0000,0
212416,1790788009161,0.03066,0.02713,0.00553,0.29227,0.01145,0.05638,0.02859,0.05334,0.16119,0.01501,0.29630,0.02215,0.02374,0.00576,0.00343,0.28230,0.00975,0.06285,0.03301,0.06334,0.13711,0.01613,0.34258,0.02000,-54.57,3.556,-1,0.0000,-1.00,0.0000,0
212509,1790788009240,0.03705,0.03889,0.03057,0.24519,0.01774,0.04892,0.02076,0.04065,0.21478,0.04229,0.23903,0.02413,0.03577,0.00498,0.02723,0.23904,0.01646,0.05153,0.02368,0.04352,0.20997,0.04741,0.27620,0.02421,-54.20,2.942,-1,0.0000,-1.00,0.0000,0
212601,1790788009342,0.03429,0.06823,0.01151,0.21898,0.00992,0.03494,0.04589,0.06768,0.37152,0.02100,0.07791,0.03813,0.02529,0.00314,0.00900,0.24533,0.00495,0.03685,0.05394,0.07973,0.39654,0.02419,0.08605,0.03500,-54.20,4.458,-1,0.0000,-1.00,0.0000,0
212694,1790788009442,0.01730,0.04370,0.00887,0.34380,0.01704,0.02159,0.04985,0.02495,0.27065,0.02614,0.15038,0.02572,0.01453,0.00362,0.00508,0.37713,0.01667,0.02299,0.05887,0.02904,0.24954,0.02802,0.17563,0.01887,-53.86,4.126,-1,0.0000,-1.00,0.0000,0
212787,1790788009520,0.03538,0.04631,0.01591,0.19285,0.03191,0.01626,0.15294,0.04357,0.24178,0.04956,0.10772,0.06580,0.03237,0.00621,0.00840,0.20601,0.02967,0.01316,0.18203,0.05054,0.24862,0.05376,0.12647,0.04276,-54.08,2.901,-1,0.0000,-1.00,0.0000,0
212880,1790788009621,0.03403,0.06361,0.01437,0.21084,0.01979,0.00771,0.07003,0.04655,0.33191,0.03439,0.13689,0.02989,0.02809,0.00805,0.00982,0.22026,0.01984,0.00367,0.08232,0.05383,0.35404,0.03728,0.16330,0.01949,-54.83,3.983,-1,0.0000,-1.00,0.0000,0
212973,1790788009702,0.01534,0.04011,0.01790,0.22031,0.01966,0.01990,0.03074,0.02485,0.21978,0.05269,0.26136,0.07735,0.01282,0.00391,0.00911,0.20273,0.00660,0.02130,0.03599,0.02804,0.22272,0.06228,0.30894,0.08555,-55.10,3.136,-1,0.0000,-1.00,0.0000,0
213066,1790788009800,0.01109,0.04206,0.00793,0.25741,0.01541,0.00933,0.08945,0.01343,0.25125,0.01747,0.24134,0.04382,0.00974,0.00124,0.00583,0.25148,0.01226,0.00925,0.10662,0.01525,0.25121,0.01850,0.28736,0.03127,-55.13,3.089,-1,0.0000,-1.00,0.0000,0
213159,1790788009881,0.02013,0.03792,0.02192,0.22228,0.01062,0.05942,0.05200,0.01704,0.20532,0.04303,0.26674,0.04358,0.02061,0.00501,0.01623,0.20562,0.00482,0.06711,0.05972,0.01879,0.20520,0.05066,0.30632,0.03992,-54.83,3.201,-1,0.0000,-1.00,0.0000,0
213252,1790788009982,0.01950,0.03054,0.00298,0.26831,0.00889,0.03806,0.01034,0.01690,0.18653,0.00841,0.38253,0.02701,0.01941,0.00144,0.00173,0.23227,0.00471,0.04176,0.01209,0.01993,0.17737,0.00924,0.45008,0.02997,-54.64,4.590,-1,0.0000,-1.00,0.0000,0
213344,1790788010081,0.02756,0.02470,0.01797,0.26197,0.01095,0.03386,0.02615,0.03487,0.15395,0.03802,0.34528,0.02472,0.02515,0.00219,0.01283,0.23328,0.00842,0.03561,0.03041,0.03973,0.13823,0.04388,0.40667,0.02360,-54.66,4.143,-1,0.0000,-1.00,0.0000,0
213437,1790788010161,0.03664,0.03422,0.01412,0.21154,0.01623,0.03698,0.02871,0.09142,0.16691,0.03336,0.30363,0.02626,0.02291,0.00858,0.00951,0.18293,0.01397,0.04035,0.03271,0.10766,0.16356,0.03737,0.35583,0.02463,-55.01,3.644,-1,0.0000,-1.00,0.0000,0
213530,1790788010260,0.01761,0.02184,0.00802,0.34746,0.00577,0.02106,0.02536,0.03305,0.15139,0.01321,0.33804,0.01719,0.01415,0.00344,0.00663,0.33693,0.00410,0.02246,0.02935,0.03865,0.11461,0.01502,0.40060,0.01406,-55.07,4.170,-1,0.0000,-1.00,0.0000,0
213623,1790788010341,0.02580,0.02353,0.00920,0.24259,0.01039,0.03677,0.08110,0.06015,0.12388,0.02324,0.32189,0.04146,0.01681,0.00731,0.00568,0.21582,0.00636,0.04072,0.09557,0.07111,0.10532,0.02692,0.37763,0.03074,-54.98,3.863,-1,0.0000,-1.00,0.0000,0
213716,1790788010461,0.01893,0.02485,0.00337,0.24522,0.00752,0.03918,0.03189,0.04673,0.14831,0.01097,0.39541,0.02761,0.01165,0.00247,0.00159,0.20166,0.00391,0.04467,0.03773,0.05568,0.13774,0.01237,0.46494,0.02560,-54.97,4.745,-1,0.0000,-1.00,0.0000,0
213809,1790788010541,0.02736,0.02545,0.00871,0.27557,0.01571,0.02277,0.04697,0.05436,0.16176,0.02032,0.27748,0.06355,0.01951,0.00313,0.00585,0.26521,0.00592,0.02342,0.05503,0.06460,0.14125,0.02318,0.32784,0.06506,-55.36,3.330,-1,0.0000,-1.00,0.0000,0
213902,1790788010640,0.03301,0.02567,0.00755,0.27424,0.00958,0.06071,0.03267,0.04879,0.16446,0.01488,0.29669,0.03174,0.02815,0.00206,0.00562,0.26077,0.00546,0.06717,0.03853,0.05755,0.14481,0.01730,0.34218,0.03039,-55.19,3.560,-1,0.0000,-1.00,0.0000,0
213995,1790788010740,0.02402,0.02053,0.01082,0.29479,0.00338,0.03780,0.05148,0.02111,0.13706,0.00901,0.36937,0.02063,0.02408,0.00254,0.01088,0.26710,0.00124,0.04082,0.06058,0.02374,0.11128,0.01055,0.43450,0.01271,-55.08,4.432,-1,0.0000,-1.00,0.0000,0
214087,1790788010821,0.13928,0.02186,0.01271,0.19418,0.01256,0.06127,0.02505,0.05242,0.11440,0.01527,0.32006,0.03093,0.15452,0.00546,0.01191,0.15833,0.00880,0.04278,0.02750,0.06188,0.10553,0.01672,0.37503,0.03152,-55.12,3.841,-1,0.0000,-1.00,0.0000,0
214180,1790788010922,0.10175,0.03109,0.00846,0.24246,0.01173,0.03616,0.01722,0.10636,0.12638,0.01605,0.26611,0.03625,0.09688,0.01620,0.00656,0.22826,0.00612,0.02412,0.01726,0.12630,0.10618,0.01802,0.31408,0.04002,-54.57,3.193,-1,0.0000,-1.00,0.0000,0
214273,1790788010999,0.15664,0.01616,0.01799,0.15521,0.02735,0.07919,0.05939,0.14232,0.08075,0.02909,0.19579,0.04012,0.15428,0.00652,0.01552,0.14201,0.02597,0.06441,0.06987,0.16746,0.06791,0.03040,0.22184,0.03381,-54.24,2.350,-1,0.0000,-1.00,0.0000,0
214366,1790788011100,0.12382,0.03348,0.01369,0.24745,0.01336,0.07049,0.01359,0.05753,0.19880,0.02988,0.17423,0.02370,0.13514,0.00327,0.00974,0.25738,0.01106,0.05768,0.01537,0.06727,0.18719,0.03361,0.19734,0.02497,-53.76,2.969,-1,0.0000,-1.00,0.0000,0
214459,1790788011181,0.17581,0.02367,0.00861,0.18707,0.00768,0.08024,0.03704,0.08344,0.13236,0.01443,0.22388,0.02577,0.19239,0.00381,0.00709,0.17326,0.00507,0.05800,0.04349,0.09871,0.12425,0.01628,0.25677,0.02088,-53.76,2.687,-1,0.0000,-1.00,0.0000,0
214552,1790788011280,0.17419,0.02479,0.00762,0.20498,0.01208,0.05915,0.06695,0.11965,0.14145,0.01749,0.13973,0.03192,0.18049,0.00452,0.00537,0.21380,0.01001,0.03509,0.07933,0.14230,0.12711,0.01898,0.16047,0.02253,-53.99,2.460,-1,0.0000,-1.00,0.0000,0
214645,1790788011382,0.12967,0.02698,0.02093,0.17718,0.01140,0.05454,0.04200,0.09338,0.14250,0.02472,0.25050,0.02620,0.13534,0.00454,0.01959,0.15432,0.00965,0.03852,0.04930,0.10815,0.14016,0.02770,0.29252,0.02022,-54.31,3.006,-1,0.0000,-1.00,0.0000,0
214738,1790788011461,0.27158,0.01828,0.01125,0.16504,0.01225,0.10982,0.01286,0.09331,0.09900,0.01871,0.17005,0.01786,0.30410,0.00477,0.00947,0.16016,0.01111,0.07131,0.01446,0.10993,0.08688,0.02021,0.18962,0.01796,-54.52,3.259,-1,0.0000,-1.00,0.0000,0
214831,1790788011560,0.12281,0.01415,0.00565,0.20912,0.01047,0.05853,0.01038,0.05244,0.08028,0.01158,0.40086,0.02374,0.13483,0.00422,0.00414,0.15707,0.00736,0.04340,0.01143,0.06219,0.06422,0.01326,0.47172,0.02618,-54.54,4.810,-1,0.0000,-1.00,0.0000,0
214923,1790788011639,0.07999,0.01774,0.00555,0.23311,0.00798,0.03215,0.01487,0.04818,0.07830,0.01149,0.44802,0.02261,0.08457,0.00949,0.00411,0.17375,0.00482,0.02176,0.01594,0.05692,0.05938,0.01282,0.53252,0.02393,-55.01,5.376,-1,0.0000,-1.00,0.0000,0
215016,1790788011759,0.10403,0.01995,0.00501,0.19935,0.01118,0.04513,0.01569,0.12735,0.10635,0.01355,0.31262,0.03979,0.09348,0.00620,0.00297,0.16601,0.00463,0.03554,0.01757,0.15201,0.09453,0.01532,0.36755,0.04420,-55.09,3.751,-1,0.0000,-1.00,0.0000,0
215109,1790788011838,0.07906,0.03553,0.02146,0.23812,0.01444,0.04365,0.04067,0.09814,0.11266,0.02470,0.22931,0.06225,0.07220,0.02494,0.02001,0.23235,0.00424,0.03799,0.04378,0.11363,0.08894,0.02876,0.26723,0.06592,-54.79,2.857,-1,0.0000,-1.00,0.0000,0
215202,1790788011937,0.05231,0.00782,0.02145,0.24018,0.01426,0.01712,0.03132,0.03688,0.06138,0.02386,0.43680,0.05662,0.05452,0.00215,0.02023,0.18441,0.00507,0.00971,0.03662,0.04067,0.03699,0.02758,0.52146,0.06058,-54.47,5.242,-1,0.0000,-1.00,0.0000,0
215295,1790788012039,0.07900,0.01254,0.02396,0.26699,0.01782,0.02040,0.03133,0.04958,0.08866,0.03134,0.31387,0.06450,0.08363,0.00372,0.02156,0.24567,0.00747,0.00787,0.03677,0.05517,0.05754,0.03607,0.37454,0.07000,-54.39,3.766,-1,0.0000,-1.00,0.0000,0
215388,1790788012118,0.06387,0.01238,0.01229,0.37176,0.02508,0.02349,0.04237,0.04311,0.10182,0.02317,0.16657,0.11411,0.06666,0.00662,0.00941,0.40648,0.00489,0.01493,0.04946,0.04979,0.04143,0.02679,0.19663,0.12692,-54.95,4.461,-1,0.0000,-1.00,0.0000,0
215481,1790788012219,0.04336,0.02210,0.03002,0.21474,0.01812,0.03699,0.02262,0.09569,0.09505,0.04879,0.33222,0.04031,0.03043,0.01104,0.02490,0.17990,0.01317,0.03830,0.02483,0.10980,0.07823,0.05585,0.39049,0.04307,-55.11,3.987,-1,0.0000,-1.00,0.0000,0
215574,1790788012299,0.02914,0.01159,0.07352,0.11323,0.03619,0.07170,0.01582,0.05607,0.03970,0.30611,0.11866,0.12827,0.02222,0.00881,0.01592,0.11069,0.01357,0.08151,0.01721,0.06403,0.02563,0.36410,0.12602,0.15029,-54.60,3.673,-1,0.0000,-1.00,0.0000,0
215666,1790788012397,0.03552,0.01179,0.03137,0.23329,0.01471,0.07160,0.03718,0.09409,0.06210,0.14181,0.19461,0.07193,0.02024,0.00880,0.00399,0.23652,0.00222,0.08178,0.04281,0.11196,0.02752,0.16949,0.21697,0.07770,-54.23,2.799,-1,0.0000,-1.00,0.0000,0
215759,1790788012479,0.04090,0.01096,0.01780,0.18728,0.06593,0.01583,0.02986,0.15951,0.06422,0.03290,0.08250,0.29230,0.01166,0.00599,0.01392,0.20547,0.01093,0.01666,0.03459,0.18837,0.03607,0.03740,0.09555,0.34338,-54.22,3.508,-1,0.0000,-1.00,0.0000,0
215852,1790788012580,0.04339,0.01631,0.01154,0.19294,0.05820,0.02137,0.02870,0.18456,0.08265,0.01952,0.07355,0.26728,0.00852,0.00836,0.00946,0.21466,0.00750,0.02395,0.03273,0.21928,0.05641,0.02198,0.08338,0.31377,-54.61,3.207,-1,0.0000,-1.00,0.0000,0
215945,1790788012681,0.05351,0.01442,0.02874,0.14419,0.05165,0.05119,0.03178,0.22481,0.07378,0.05555,0.14471,0.12567,0.01104,0.00652,0.02244,0.14073,0.03360,0.05915,0.03669,0.26502,0.05987,0.06054,0.16167,0.14273,-54.75,2.698,-1,0.0000,-1.00,0.0000,0
216038,1790788012759,0.04345,0.00773,0.01965,0.21007,0.05793,0.02207,0.01044,0.12438,0.11340,0.02840,0.10627,0.25619,0.01044,0.00403,0.01714,0.22742,0.00902,0.02437,0.01171,0.14564,0.09070,0.03235,0.12251,0.30466,-54.99,3.074,-1,0.0000,-1.00,0.0000,0
216131,1790788012861,0.04391,0.01382,0.00721,0.14983,0.07138,0.01259,0.00555,0.16812,0.08186,0.01450,0.09095,0.34027,0.01356,0.00335,0.00539,0.15841,0.00507,0.01239,0.00599,0.20038,0.06662,0.01643,0.10653,0.40587,-55.15,4.083,-1,0.0000,-1.00,0.0000,0
216224,1790788012940,0.03433,0.00827,0.00907,0.15202,0.08301,0.00813,0.01676,0.15057,0.06260,0.01101,0.05340,0.41084,0.00570,0.00171,0.00836,0.16981,0.00257,0.00869,0.01974,0.17876,0.04135,0.01268,0.06227,0.48837,-55.04,4.930,-1,0.0000,-1.00,0.0000,0
216317,1790788013065,0.03606,0.00551,0.01175,0.13501,0.08883,0.00347,0.01170,0.18009,0.04784,0.00358,0.03664,0.43952,0.00153,0.00126,0.01334,0.15323,0.00270,0.00386,0.01377,0.21315,0.02695,0.00375,0.04313,0.52334,-55.06,5.274,-1,0.0000,-1.00,0.0000,0
216409,1790788013143,0.01651,0.01329,0.01178,0.23026,0.07206,0.00722,0.02747,0.07089,0.09178,0.02039,0.10347,0.33488,0.00308,0.00445,0.00958,0.25164,0.00809,0.00804,0.03203,0.08305,0.05999,0.02293,0.12239,0.39473,-54.95,4.019,-1,0.0000,-1.00,0.0000,0
216502,1790788013243,0.02388,0.01546,0.01775,0.24315,0.04835,0.01133,0.02469,0.08122,0.09956,0.02229,0.20335,0.20899,0.00915,0.00527,0.01633,0.24352,0.00941,0.01176,0.02854,0.09408,0.07094,0.02492,0.24133,0.24476,-55.17,2.918,-1,0.0000,-1.00,0.0000,0
216595,1790788013340,0.02684,0.01162,0.02089,0.22596,0.05768,0.01099,0.01435,0.07204,0.08060,0.01860,0.18248,0.27794,0.01577,0.00373,0.02076,0.22781,0.00372,0.01004,0.01595,0.08271,0.05141,0.02155,0.21666,0.32988,-54.69,3.335,-1,0.0000,-1.00,0.0000,0
216688,1790788013420,0.01679,0.02580,0.01255,0.14877,0.08761,0.01189,0.00850,0.02522,0.15185,0.01486,0.06909,0.42708,0.01399,0.00182,0.01166,0.16230,0.00392,0.01147,0.00982,0.02791,0.14978,0.01703,0.08052,0.50979,-54.00,5.125,-1,0.0000,-1.00,0.0000,0
216781,1790788013521,0.02551,0.02186,0.01433,0.31237,0.03902,0.01371,0.02301,0.05886,0.16616,0.01409,0.12709,0.18399,0.01604,0.00132,0.01399,0.34463,0.00412,0.01325,0.02711,0.06796,0.13078,0.01606,0.14966,0.21508,-54.04,3.748,-1,0.0000,-1.00,0.0000,0
216874,1790788013600,0.03403,0.04156,0.03806,0.23500,0.03134,0.02035,0.02787,0.05790,0.20181,0.07748,0.10030,0.13428,0.02634,0.01407,0.02748,0.25852,0.00692,0.01917,0.03061,0.06393,0.19057,0.09147,0.11638,0.15456,-54.12,2.820,-1,0.0000,-1.00,0.0000,0
216967,1790788013700,0.02582,0.05474,0.02064,0.18216,0.03166,0.01191,0.02068,0.04104,0.28792,0.02699,0.14752,0.14891,0.02182,0.00442,0.01846,0.18363,0.00348,0.00995,0.02340,0.04603,0.30859,0.03165,0.17479,0.17379,-53.63,3.455,-1,0.0000,-1.00,0.0000,0
217060,1790788013779,0.02516,0.06205,0.03217,0.16530,0.03756,0.01170,0.02290,0.03449,0.30647,0.02968,0.09943,0.17308,0.02276,0.00883,0.03170,0.17483,0.00490,0.00950,0.02553,0.03519,0.33257,0.03459,0.11726,0.20233,-53.63,3.678,-1,0.0000,-1.00,0.0000,0
217153,1790788013880,0.01769,0.02006,0.02255,0.24682,0.01568,0.00966,0.01464,0.04029,0.12013,0.01711,0.41861,0.05676,0.01013,0.00564,0.02319,0.19669,0.00595,0.00957,0.01642,0.04368,0.10496,0.01933,0.49969,0.06476,-54.42,5.023,-1,0.0000,-1.00,0.0000,0
217245,1790788014005,0.03345,0.03176,0.04429,0.25918,0.02139,0.01542,0.01731,0.05640,0.19427,0.03128,0.22480,0.07047,0.02644,0.00439,0.04602,0.25768,0.00973,0.01323,0.01967,0.05866,0.18170,0.03555,0.26674,0.08018,-54.58,3.110,-1,0.0000,-1.00,0.0000,0
217338,1790788014061,0.02982,0.01217,0.02316,0.20869,0.01433,0.01840,0.01202,0.02362,0.07217,0.04379,0.50245,0.03938,0.03073,0.00259,0.01767,0.13134,0.00834,0.01595,0.01351,0.02518,0.06044,0.05082,0.59889,0.04451,-54.26,6.029,-1,0.0000,-1.00,0.0000,0
217431,1790788014161,0.01080,0.01019,0.00595,0.23023,0.00601,0.02699,0.00617,0.02231,0.06918,0.01358,0.57371,0.02489,0.00779,0.00135,0.00393,0.14080,0.00157,0.03079,0.00712,0.02595,0.05480,0.01614,0.68134,0.02841,-52.98,6.885,-1,0.0000,-1.00,0.0000,0
217524,1790788014259,0.00646,0.00289,0.00267,0.21972,0.00400,0.01122,0.00241,0.01025,0.02567,0.00589,0.69101,0.01780,0.00523,0.00144,0.00183,0.09963,0.00067,0.01241,0.00260,0.01192,0.01099,0.00695,0.82553,0.02081,-52.82,8.292,-1,0.0000,-1.00,0.0000,0
217617,1790788014360,0.01009,0.01012,0.00733,0.38057,0.00458,0.01104,0.00758,0.02918,0.08810,0.01884,0.41720,0.01536,0.00560,0.00525,0.00439,0.35740,0.00211,0.01222,0.00802,0.03412,0.03472,0.02216,0.49748,0.01654,-54.29,5.006,-1,0.0000,-1.00,0.0000,0
217710,1790788014442,0.01317,0.00723,0.01291,0.25139,0.00772,0.04709,0.00569,0.03061,0.04734,0.01574,0.54154,0.01956,0.00943,0.00442,0.01192,0.17474,0.00495,0.05456,0.00595,0.03432,0.02208,0.01788,0.63808,0.02168,-54.36,6.499,-1,0.0000,-1.00,0.0000,0
217803,1790788014541,0.01478,0.01142,0.00749,0.22217,0.00806,0.12880,0.01404,0.01094,0.06791,0.00914,0.48651,0.01874,0.01534,0.00379,0.00700,0.15659,0.00576,0.15136,0.01608,0.01173,0.05019,0.00994,0.55295,0.01927,-54.12,5.838,-1,0.0000,-1.00,0.0000,0
217896,1790788014641,0.01210,0.01012,0.01437,0.22394,0.00717,0.06455,0.00600,0.01155,0.05713,0.01341,0.56605,0.01360,0.01230,0.00393,0.01425,0.13682,0.00561,0.07491,0.00634,0.01109,0.04133,0.01496,0.66341,0.01503,-54.84,6.793,-1,0.0000,-1.00,0.0000,0
217988,1790788014720,0.01123,0.01934,0.00963,0.20734,0.00609,0.06220,0.01194,0.01498,0.09876,0.01065,0.53288,0.01496,0.01015,0.00469,0.00918,0.12471,0.00426,0.07251,0.01317,0.01633,0.09362,0.01192,0.62414,0.01532,-55.69,6.395,-1,0.0000,-1.00,0.0000,0
218081,1790788014820,0.00741,0.00803,0.00613,0.24764,0.00546,0.03240,0.01784,0.01963,0.05079,0.00651,0.58173,0.01642,0.00445,0.00385,0.00593,0.16005,0.00326,0.03814,0.02061,0.02236,0.02912,0.00715,0.68950,0.01559,-56.05,6.981,-1,0.0000,-1.00,0.0000,0
218174,1790788014901,0.01140,0.01012,0.00776,0.24251,0.01127,0.08129,0.01255,0.03549,0.06916,0.01350,0.48272,0.02223,0.00598,0.00279,0.00640,0.17971,0.00858,0.09653,0.01447,0.04126,0.04706,0.01465,0.55928,0.02328,-55.74,5.793,-1,0.0000,-1.00,0.0000,0
218267,1790788014999,0.00676,0.01002,0.01446,0.25849,0.05760,0.01718,0.02547,0.02701,0.08619,0.04123,0.26179,0.19381,0.00199,0.00130,0.00848,0.24834,0.02417,0.02019,0.03015,0.03080,0.05404,0.04461,0.30969,0.22625,-55.44,3.142,-1,0.0000,-1.00,0.0000,0
218360,1790788015080,0.00902,0.01101,0.01668,0.29580,0.03096,0.03068,0.01313,0.02520,0.07216,0.01758,0.40635,0.07143,0.00451,0.00721,0.01662,0.25933,0.02070,0.03587,0.01430,0.02690,0.03506,0.01696,0.47979,0.08276,-55.32,4.876,-1,0.0000,-1.00,0.0000,0
218453,1790788015182,0.00831,0.00986,0.00983,0.26338,0.01856,0.03022,0.02306,0.01897,0.06817,0.01046,0.47810,0.06106,0.00572,0.00383,0.00963,0.20342,0.00862,0.03528,0.02688,0.02083,0.04136,0.01083,0.56589,0.06773,-55.65,5.737,-1,0.0000,-1.00,0.0000,0
218546,1790788015280,0.02212,0.01810,0.02784,0.31318,0.02213,0.01994,0.02336,0.07413,0.13276,0.02946,0.24614,0.07084,0.00991,0.00263,0.02679,0.31766,0.01072,0.02197,0.02728,0.08371,0.09611,0.03317,0.29058,0.07948,-55.88,3.758,-1,0.0000,-1.00,0.0000,0
218639,1790788015361,0.05066,0.01279,0.02906,0.11785,0.03054,0.04518,0.01772,0.23709,0.06023,0.02852,0.25752,0.11285,0.00585,0.00433,0.02838,0.08212,0.01066,0.05297,0.01985,0.27899,0.05546,0.03248,0.29806,0.13083,-55.29,3.090,-1,0.0000,-1.00,0.0000,0
218731,1790788015461,0.04782,0.02463,0.01649,0.13429,0.04670,0.03978,0.03032,0.16832,0.10746,0.03007,0.19351,0.16062,0.01784,0.00857,0.01337,0.11668,0.01917,0.04413,0.03463,0.19904,0.10563,0.03223,0.22313,0.18560,-55.15,2.322,-1,0.0000,-1.00,0.0000,0
218824,1790788015560,0.04550,0.01469,0.02259,0.17274,0.07308,0.07026,0.02544,0.19654,0.06873,0.08016,0.18843,0.04184,0.00787,0.00819,0.01112,0.16547,0.07876,0.08263,0.02887,0.23330,0.04955,0.08044,0.20941,0.04441,-55.27,2.358,-1,0.0000,-1.00,0.0000,0
218917,1790788015661,0.03311,0.01608,0.01979,0.19199,0.05985,0.02367,0.01237,0.14353,0.09029,0.06776,0.30172,0.03985,0.00676,0.00408,0.01008,0.15944,0.06282,0.02717,0.01401,0.16999,0.07658,0.06874,0.35615,0.04419,-55.76,3.621,-1,0.0000,-1.00,0.0000,0
219010,1790788015741,0.02309,0.01452,0.01363,0.23079,0.02752,0.04237,0.02525,0.10061,0.09921,0.02322,0.34940,0.05038,0.00335,0.00264,0.01144,0.19552,0.02218,0.05010,0.02973,0.11829,0.07884,0.02469,0.40874,0.05448,-55.75,4.193,-1,0.0000,-1.00,0.0000,0
219103,1790788015842,0.01517,0.01226,0.01063,0.16905,0.00766,0.19620,0.06040,0.05818,0.07180,0.01086,0.35996,0.02783,0.00476,0.00260,0.01036,0.12627,0.00520,0.23434,0.07186,0.06766,0.06097,0.01202,0.38487,0.01910,-55.09,4.320,-1,0.0000,-1.00,0.0000,0
219196,1790788015940,0.01296,0.00803,0.01137,0.19179,0.00658,0.21550,0.01052,0.03182,0.05105,0.02727,0.41458,0.01852,0.00783,0.00347,0.00730,0.14142,0.00395,0.25667,0.01185,0.03675,0.03313,0.03189,0.44588,0.01985,-55.09,4.975,-1,0.0000,-1.00,0.0000,0
219289,1790788016022,0.01877,0.01068,0.02234,0.26504,0.01361,0.03674,0.01985,0.06169,0.07131,0.08521,0.35595,0.03880,0.00809,0.00508,0.00683,0.23470,0.00780,0.04260,0.02272,0.07263,0.03892,0.10056,0.41807,0.04199,-55.38,4.271,-1,0.0000,-1.00,0.0000,0
219382,1790788016120,0.01282,0.01344,0.01404,0.24323,0.00936,0.05095,0.01828,0.03980,0.08038,0.03681,0.45708,0.02382,0.00596,0.00457,0.00832,0.18523,0.00635,0.05990,0.02099,0.04604,0.05960,0.04285,0.53581,0.02438,-54.65,5.485,-1,0.0000,-1.00,0.0000,0
219475,1790788016200,0.02593,0.01648,0.01193,0.22348,0.01306,0.03985,0.02090,0.07071,0.08324,0.02430,0.44141,0.02872,0.01506,0.00684,0.00880,0.16469,0.00990,0.04476,0.02302,0.08365,0.06655,0.02770,0.52004,0.02899,-54.51,5.297,-1,0.0000,-1.00,0.0000,0
219567,1790788016300,0.02846,0.00939,0.01316,0.24911,0.02680,0.01573,0.00633,0.10854,0.06913,0.01916,0.33181,0.12238,0.00810,0.00423,0.01135,0.22035,0.00333,0.01725,0.00675,0.12781,0.03915,0.02230,0.39417,0.14522,-54.84,3.982,-1,0.0000,-1.00,0.0000,0
219660,1790788016380,0.03385,0.00872,0.01364,0.26714,0.04281,0.01599,0.01249,0.11724,0.07651,0.01297,0.20202,0.19663,0.01323,0.00320,0.01345,0.27277,0.00494,0.01679,0.01433,0.13782,0.03760,0.01456,0.23874,0.23257,-54.87,3.206,-1,0.0000,-1.00,0.0000,0
219753,1790788016508,0.03624,0.01375,0.02220,0.21988,0.01929,0.02472,0.01793,0.15282,0.09356,0.03923,0.30865,0.05174,0.00747,0.00215,0.01762,0.19126,0.01163,0.02814,0.02064,0.18004,0.07360,0.04530,0.36425,0.05790,-55.19,3.704,-1,0.0000,-1.00,0.0000,0
219846,1790788016581,0.04898,0.01665,0.01154,0.22417,0.00878,0.01264,0.00981,0.21538,0.07426,0.03505,0.32330,0.01944,0.00791,0.00995,0.00575,0.19235,0.00634,0.01357,0.00978,0.25694,0.05085,0.04074,0.38470,0.02113,-54.55,3.880,-1,0.0000,-1.00,0.0000,0
219939,1790788016661,0.04342,0.04873,0.02609,0.13095,0.03180,0.01128,0.04405,0.16875,0.26206,0.06015,0.14373,0.02897,0.01217,0.00131,0.01829,0.12321,0.03326,0.01110,0.05174,0.19937,0.28958,0.06549,0.17002,0.02446,-54.72,3.145,-1,0.0000,-1.00,0.0000,0
220032,1790788016760,0.05827,0.02838,0.02370,0.21378,0.01092,0.01773,0.02359,0.14751,0.16278,0.04609,0.24230,0.02495,0.03547,0.00325,0.01769,0.19917,0.00803,0.01442,0.02756,0.17330,0.15516,0.05404,0.28748,0.02443,-54.92,2.908,-1,0.0000,-1.00,0.0000,0
220125,1790788016862,0.04625,0.01112,0.02302,0.18224,0.06419,0.12043,0.03849,0.06701,0.07316,0.05353,0.29089,0.02968,0.03953,0.00242,0.01768,0.15463,0.07160,0.13647,0.04426,0.07816,0.05701,0.04995,0.32150,0.02679,-54.52,3.491,-1,0.0000,-1.00,0.0000,0
220218,1790788016963,0.03040,0.00925,0.00759,0.16992,0.01014,0.21529,0.03325,0.05251,0.05973,0.01511,0.38167,0.01514,0.02485,0.00172,0.00591,0.12288,0.01023,0.25304,0.03950,0.06175,0.04721,0.01608,0.40716,0.00965,-54.72,4.580,-1,0.0000,-1.00,0.0000,0
220310,1790788017041,0.02802,0.02074,0.01005,0.14941,0.01737,0.23625,0.01080,0.07303,0.10590,0.02650,0.29561,0.02633,0.01647,0.00440,0.00633,0.11982,0.01471,0.28015,0.01206,0.08625,0.10314,0.02884,0.29867,0.02915,-55.36,3.547,-1,0.0000,-1.00,0.0000,0
220403,1790788017139,0.01428,0.02421,0.02168,0.18403,0.01341,0.06108,0.02154,0.03887,0.13329,0.06264,0.38866,0.03631,0.00821,0.00250,0.01143,0.13101,0.00834,0.07163,0.02471,0.04491,0.13374,0.07340,0.45151,0.03861,-55.87,4.664,-1,0.0000,-1.00,0.0000,0
220496,1790788017239,0.01614,0.01762,0.01503,0.15393,0.00788,0.21569,0.00746,0.04896,0.07720,0.02432,0.39020,0.02556,0.00801,0.00696,0.01238,0.10186,0.00364,0.25689,0.00756,0.05621,0.07231,0.02842,0.41663,0.02913,-55.51,4.682,-1,0.0000,-1.00,0.0000,0
220589,1790788017321,0.01648,0.01338,0.01293,0.16608,0.04744,0.10410,0.04772,0.04285,0.05461,0.02075,0.43898,0.03470,0.01003,0.00701,0.01256,0.09956,0.05079,0.12275,0.05579,0.04885,0.04570,0.01479,0.50167,0.03052,-54.91,5.268,-1,0.0000,-1.00,0.0000,0
220682,1790788017421,0.01971,0.00918,0.01296,0.23297,0.00952,0.11779,0.02200,0.06931,0.06895,0.01744,0.37826,0.04191,0.00759,0.00227,0.01148,0.19479,0.00247,0.13963,0.02583,0.08085,0.04401,0.02041,0.42557,0.04510,-54.92,4.539,-1,0.0000,-1.00,0.0000,0
220775,1790788017507,0.02848,0.01407,0.01716,0.15883,0.00919,0.10464,0.02551,0.07401,0.07751,0.02023,0.43323,0.03713,0.01717,0.00208,0.01588,0.09220,0.00335,0.12201,0.03012,0.08558,0.07460,0.02358,0.49492,0.03852,-54.87,5.199,-1,0.0000,-1.00,0.0000,0
220868,1790788017601,0.01253,0.01592,0.00677,0.13741,0.01023,0.08176,0.00931,0.05159,0.07895,0.01003,0.56061,0.02488,0.00298,0.00171,0.00599,0.03532,0.00677,0.09737,0.01078,0.06067,0.08760,0.01068,0.65244,0.02768,-54.70,6.727,-1,0.0000,-1.00,0.0000,0
220961,1790788017681,0.01613,0.01036,0.00807,0.17978,0.00381,0.07567,0.03074,0.06327,0.06007,0.00749,0.52376,0.02085,0.00461,0.00186,0.00793,0.09453,0.00104,0.08975,0.03647,0.07424,0.05323,0.00876,0.60980,0.01776,-53.81,6.285,-1,0.0000,-1.00,0.0000,0
221053,1790788017780,0.39052,0.10566,0.01282,0.07901,0.00596,0.08875,0.03435,0.04077,0.03320,0.00814,0.19089,0.00992,0.45879,0.12069,0.01364,0.04994,0.00543,0.01542,0.01723,0.04615,0.02988,0.00868,0.22568,0.00848,-52.98,4.686,-1,0.0000,-1.00,0.0000,0
221146,1790788017880,0.14748,0.16220,0.04205,0.06751,0.05302,0.04447,0.04344,0.05087,0.03955,0.05035,0.13493,0.16413,0.16611,0.18754,0.03941,0.04965,0.02521,0.02038,0.01416,0.05386,0.03755,0.05533,0.15764,0.19316,-53.49,1.970,-1,0.0000,-1.00,0.0000,0
221239,1790788017961,0.17998,0.09942,0.01862,0.09199,0.02519,0.12940,0.05297,0.15888,0.05541,0.05061,0.08549,0.05203,0.17658,0.11146,0.01105,0.09464,0.01945,0.12005,0.04138,0.18818,0.04764,0.05679,0.07864,0.05415,-53.50,2.160,-1,0.0000,-1.00,0.0000,0
221332,1790788018061,0.10015,0.05388,0.20303,0.11935,0.02621,0.07004,0.03644,0.10573,0.06117,0.07972,0.10289,0.04139,0.10370,0.05481,0.22521,0.12106,0.02286,0.06336,0.03263,0.08221,0.04918,0.09112,0.11073,0.04313,-53.39,2.436,-1,0.0000,-1.00,0.0000,0
221425,1790788018160,0.10597,0.03425,0.00898,0.30659,0.02046,0.04214,0.01582,0.18562,0.10264,0.01216,0.11362,0.05176,0.08341,0.03009,0.00837,0.34171,0.01277,0.03396,0.01299,0.22076,0.05525,0.01204,0.12941,0.05924,-54.56,3.679,-1,0.0000,-1.00,0.0000,0
221518,1790788018263,0.05790,0.02038,0.01875,0.27178,0.01036,0.03914,0.02210,0.14383,0.12676,0.01591,0.24412,0.02896,0.03596,0.00489,0.01894,0.26924,0.00654,0.03977,0.02551,0.16859,0.09852,0.01777,0.28463,0.02964,-55.31,3.261,-1,0.0000,-1.00,0.0000,0
221611,1790788018341,0.08050,0.02488,0.05908,0.09961,0.02064,0.09442,0.03999,0.15595,0.05320,0.08427,0.22281,0.06467,0.06109,0.01994,0.05120,0.07040,0.01100,0.10106,0.04224,0.17844,0.04979,0.09880,0.24694,0.06911,-54.48,2.674,-1,0.0000,-1.00,0.0000,0
221704,1790788018440,0.11794,0.03438,0.04113,0.20290,0.01573,0.06310,0.02674,0.08811,0.09080,0.07612,0.18934,0.05372,0.12143,0.02749,0.03148,0.20018,0.00709,0.05153,0.02562,0.10031,0.06911,0.08980,0.21666,0.05929,-53.85,2.435,-1,0.0000,-1.00,0.0000,0
221797,1790788018540,0.07594,0.05541,0.03045,0.25063,0.01906,0.03995,0.02447,0.12201,0.15965,0.06081,0.11791,0.04372,0.06275,0.03923,0.02256,0.27370,0.01327,0.03543,0.02082,0.14245,0.13704,0.07023,0.13426,0.04826,-54.15,3.008,-1,0.0000,-1.00,0.0000,0
221889,1790788018619,0.14522,0.01216,0.01010,0.24355,0.01019,0.04351,0.01502,0.16170,0.09028,0.01597,0.22637,0.02593,0.13593,0.00252,0.00857,0.23905,0.00671,0.02521,0.01750,0.19206,0.06079,0.01781,0.26625,0.02760,-54.35,2.923,-1,0.0000,-1.00,0.0000,0
221982,1790788018720,0.09550,0.01794,0.01076,0.26121,0.02486,0.04568,0.01413,0.18947,0.08381,0.02262,0.19715,0.03687,0.06925,0.01260,0.00837,0.26778,0.02154,0.04106,0.01434,0.22547,0.04734,0.02284,0.22809,0.04134,-54.66,3.135,-1,0.0000,-1.00,0.0000,0
222075,1790788018800,0.06924,0.05535,0.03133,0.21741,0.01884,0.03952,0.02694,0.11360,0.14212,0.04257,0.20066,0.04243,0.05673,0.04098,0.02795,0.21427,0.01337,0.03611,0.02235,0.13239,0.12782,0.04835,0.23328,0.04641,-53.74,2.609,-1,0.0000,-1.00,0.0000,0
222168,1790788018900,0.15733,0.06034,0.05946,0.16482,0.00844,0.05982,0.01515,0.08269,0.25340,0.01780,0.09782,0.02291,0.17158,0.01902,0.06723,0.17574,0.00525,0.03767,0.01438,0.08576,0.26879,0.02029,0.10974,0.02454,-52.72,3.041,-1,0.0000,-1.00,0.0000,0
222261,1790788019005,0.14013,0.07684,0.05087,0.11691,0.00894,0.06468,0.03076,0.08894,0.29449,0.01505,0.08700,0.02539,0.14641,0.02769,0.05759,0.12133,0.00555,0.04848,0.02108,0.10544,0.32882,0.01693,0.09464,0.02604,-53.62,3.534,-1,0.0000,-1.00,0.0000,0
222354,1790788019083,0.16290,0.04487,0.06069,0.21604,0.00731,0.06984,0.00550,0.07627,0.23324,0.01025,0.10069,0.01239,0.17925,0.00856,0.07052,0.23685,0.00592,0.04830,0.00490,0.07740,0.23253,0.01111,0.11108,0.01359,-54.19,2.799,-1,0.0000,-1.00,0.0000,0
222447,1790788019180,0.18469,0.02773,0.00920,0.29716,0.01574,0.06405,0.01424,0.08042,0.15355,0.02758,0.07771,0.04794,0.20238,0.01008,0.00478,0.33905,0.00806,0.03663,0.01503,0.09545,0.11677,0.03145,0.08586,0.05446,-54.08,3.566,-1,0.0000,-1.00,0.0000,0
222540,1790788019261,0.11735,0.05883,0.04849,0.16572,0.01571,0.06140,0.02399,0.09329,0.21503,0.05361,0.11843,0.02817,0.11994,0.02652,0.04586,0.17240,0.01286,0.04998,0.02349,0.10269,0.22341,0.06175,0.13199,0.02909,-54.27,2.580,-1,0.0000,-1.00,0.0000,0
222632,1790788019380,0.15787,0.04418,0.00576,0.20617,0.00847,0.10878,0.01460,0.06313,0.22427,0.02022,0.12576,0.02081,0.17432,0.00845,0.00233,0.22093,0.00586,0.09579,0.01581,0.07519,0.22493,0.02306,0.13170,0.02163,-53.63,2.691,-1,0.0000,-1.00,0.0000,0
222725,1790788019460,0.12448,0.02821,0.01246,0.23718,0.01071,0.09637,0.00978,0.10772,0.14778,0.03207,0.17400,0.01925,0.12386,0.00841,0.00762,0.24644,0.00865,0.09092,0.01001,0.12760,0.12808,0.03686,0.19047,0.02108,-53.85,2.846,-1,0.0000,-1.00,0.0000,0
222818,1790788019561,0.12211,0.05585,0.00505,0.17385,0.00769,0.06296,0.01085,0.15506,0.21231,0.01482,0.17003,0.00942,0.10850,0.02427,0.00282,0.17004,0.00729,0.05393,0.00819,0.18524,0.22069,0.01631,0.19304,0.00967,-54.81,2.548,-1,0.0000,-1.00,0.0000,0
222911,1790788019641,0.15239,0.02979,0.01320,0.21919,0.01063,0.09829,0.01934,0.08002,0.12792,0.02414,0.20739,0.01770,0.16400,0.01383,0.01044,0.21674,0.00918,0.08543,0.02043,0.09382,0.11031,0.02710,0.23157,0.01715,-54.81,2.630,-1,0.0000,-1.00,0.0000,0
223004,1790788019740,0.18518,0.04739,0.00958,0.14497,0.00965,0.12173,0.02672,0.10372,0.20913,0.01506,0.10360,0.02325,0.19900,0.01314,0.00820,0.15329,0.00741,0.10648,0.02942,0.12266,0.22020,0.01658,0.10303,0.02060,-54.00,2.510,-1,0.0000,-1.00,0.0000,0
223097,1790788019841,0.16245,0.06566,0.00650,0.15213,0.01139,0.11961,0.01532,0.04567,0.31284,0.01595,0.08417,0.00832,0.18396,0.01100,0.00440,0.16649,0.01230,0.10685,0.01611,0.05391,0.34141,0.01711,0.07967,0.00678,-54.10,3.754,-1,0.0000,-1.00,0.0000,0
223190,1790788019920,0.22469,0.05339,0.01423,0.08905,0.01195,0.15268,0.02550,0.04964,0.22463,0.01283,0.11838,0.02303,0.25801,0.01390,0.01440,0.08376,0.00994,0.13180,0.02780,0.05663,0.25255,0.01340,0.11572,0.02208,-54.43,2.696,-1,0.0000,-1.00,0.0000,0
223283,1790788020021,0.27910,0.04316,0.00343,0.11411,0.00753,0.09295,0.02205,0.08738,0.21506,0.00896,0.10948,0.01678,0.31315,0.00567,0.00221,0.11266,0.00603,0.04930,0.02530,0.10427,0.23536,0.00954,0.12141,0.01509,-54.05,3.349,-1,0.0000,-1.00,0.0000,0
223375,1790788020100,0.21286,0.03721,0.02965,0.11457,0.01183,0.09255,0.06075,0.07965,0.16782,0.02648,0.13882,0.02782,0.23730,0.00892,0.02964,0.10681,0.01036,0.06385,0.07102,0.08957,0.17988,0.02970,0.15368,0.01925,-53.85,2.554,-1,0.0000,-1.00,0.0000,0
223468,1790788020201,0.21108,0.02690,0.01590,0.11467,0.01734,0.11462,0.10829,0.08576,0.14134,0.01774,0.11289,0.03348,0.23289,0.00340,0.01554,0.11417,0.01790,0.09117,0.12903,0.09973,0.14672,0.01771,0.11719,0.01454,-54.46,2.533,-1,0.0000,-1.00,0.0000,0
223561,1790788020280,0.24885,0.04787,0.01073,0.15123,0.00715,0.10114,0.04506,0.09781,0.18008,0.02759,0.06551,0.01699,0.27434,0.02212,0.00648,0.16827,0.00643,0.06686,0.04961,0.11591,0.18205,0.03216,0.06524,0.01052,-55.28,2.986,-1,0.0000,-1.00,0.0000,0
223654,1790788020380,0.06119,0.05072,0.01128,0.27306,0.00978,0.05071,0.04111,0.06582,0.25185,0.02647,0.12837,0.02965,0.05791,0.01272,0.00745,0.29864,0.00649,0.04928,0.04638,0.07773,0.24241,0.03058,0.14405,0.02634,-55.14,3.277,-1,0.0000,-1.00,0.0000,0
223747,1790788020505,0.05860,0.04330,0.01062,0.18621,0.01400,0.02403,0.07218,0.10653,0.20819,0.02252,0.20870,0.04512,0.04470,0.00969,0.00774,0.17433,0.00935,0.01993,0.08398,0.12670,0.21491,0.02513,0.24612,0.03741,-55.10,2.504,-1,0.0000,-1.00,0.0000,0
223840,1790788020561,0.03058,0.03868,0.01933,0.14713,0.02038,0.05806,0.06820,0.03633,0.21953,0.04027,0.23742,0.08409,0.02188,0.00560,0.01384,0.12248,0.00726,0.06555,0.07991,0.04149,0.23857,0.04700,0.27149,0.08492,-54.62,2.849,-1,0.0000,-1.00,0.0000,0
223933,1790788020683,0.04563,0.03388,0.01485,0.05818,0.04075,0.07831,0.04786,0.12110,0.17939,0.02424,0.15257,0.20324,0.02131,0.00434,0.01212,0.03700,0.00273,0.08960,0.05551,0.14369,0.20750,0.02862,0.16505,0.23252,-54.27,2.439,-1,0.0000,-1.00,0.0000,0
224026,1790788020760,0.03250,0.03838,0.02088,0.07632,0.01107,0.12394,0.01873,0.13646,0.18239,0.01106,0.30804,0.04022,0.00854,0.00370,0.02258,0.02406,0.00461,0.14701,0.02127,0.15948,0.21378,0.01234,0.33996,0.04267,-54.63,3.696,-1,0.0000,-1.00,0.0000,0
224119,1790788020860,0.04110,0.02291,0.02448,0.07093,0.01823,0.17467,0.03076,0.13377,0.11564,0.01433,0.27776,0.07542,0.01491,0.00467,0.02610,0.02713,0.00533,0.20634,0.03590,0.15515,0.13299,0.01631,0.29192,0.08326,-54.64,3.333,-1,0.0000,-1.00,0.0000,0
224211,1790788020940,0.02273,0.01889,0.02754,0.08602,0.04052,0.10677,0.03010,0.05721,0.09178,0.01338,0.33658,0.16847,0.01471,0.00193,0.03021,0.02803,0.00992,0.12502,0.03506,0.06319,0.10442,0.01407,0.37852,0.19491,-55.10,4.039,-1,0.0000,-1.00,0.0000,0
224304,1790788021041,0.03353,0.02373,0.02921,0.06839,0.03172,0.19652,0.01242,0.09466,0.09443,0.00832,0.27994,0.12714,0.01894,0.00697,0.03335,0.02456,0.00833,0.23172,0.01320,0.10712,0.10828,0.00832,0.28950,0.14973,-55.28,3.359,-1,0.0000,-1.00,0.0000,0
224397,1790788021141,0.03785,0.03265,0.01874,0.05580,0.02427,0.24221,0.01749,0.10077,0.17021,0.01100,0.19218,0.09683,0.02051,0.00158,0.01998,0.03246,0.00685,0.28616,0.01960,0.11782,0.19685,0.01249,0.17355,0.11213,-55.00,2.906,-1,0.0000,-1.00,0.0000,0
224490,1790788021217,0.02581,0.02851,0.02407,0.06309,0.01142,0.29115,0.02818,0.05118,0.13797,0.01075,0.30236,0.02550,0.02005,0.00209,0.02662,0.01735,0.00860,0.34527,0.03336,0.05605,0.16181,0.01125,0.29385,0.02371,-55.19,3.628,-1,0.0000,-1.00,0.0000,0
224583,1790788021320,0.01947,0.01390,0.01711,0.05068,0.06483,0.23200,0.05380,0.04095,0.06373,0.01389,0.18277,0.24686,0.01420,0.00265,0.01804,0.02813,0.02154,0.27518,0.06356,0.04588,0.07079,0.01237,0.16446,0.28320,-54.77,2.962,-1,0.0000,-1.00,0.0000,0
224676,1790788021400,0.02847,0.01638,0.01472,0.03218,0.07494,0.16317,0.12276,0.02823,0.07220,0.02016,0.12645,0.30035,0.02795,0.00317,0.01374,0.01599,0.02421,0.18997,0.14646,0.03110,0.08305,0.01966,0.11385,0.33085,-54.83,3.604,-1,0.0000,-1.00,0.0000,0
224769,1790788021502,0.03391,0.01390,0.03681,0.07367,0.05371,0.12559,0.03648,0.10314,0.05695,0.02182,0.25072,0.19329,0.01724,0.00493,0.03969,0.03449,0.02012,0.14707,0.04255,0.11591,0.06131,0.02226,0.27127,0.22317,-54.80,3.009,-1,0.0000,-1.00,0.0000,0
224862,1790788021582,0.02183,0.01055,0.01603,0.04019,0.09073,0.07667,0.00900,0.05545,0.04092,0.01046,0.17905,0.44912,0.01361,0.00332,0.01682,0.00913,0.00240,0.08920,0.01011,0.06313,0.04722,0.01206,0.19686,0.53614,-53.99,5.389,-1,0.0000,-1.00,0.0000,0
224954,1790788021681,0.02176,0.00842,0.01910,0.03875,0.09564,0.06733,0.01550,0.05323,0.03865,0.00456,0.16426,0.47279,0.01475,0.00145,0.02192,0.01047,0.00313,0.07776,0.01828,0.05944,0.04423,0.00485,0.18141,0.56231,-53.85,5.673,-1,0.0000,-1.00,0.0000,0
225047,1790788021780,0.02432,0.01136,0.01217,0.05348,0.08303,0.07869,0.04224,0.02521,0.04965,0.01185,0.22580,0.38221,0.02360,0.00243,0.01213,0.01396,0.01066,0.08960,0.05000,0.02793,0.05642,0.01239,0.25279,0.44807,-54.67,4.587,-1,0.0000,-1.00,0.0000,0
225140,1790788021860,0.02520,0.01938,0.01507,0.10868,0.04090,0.06649,0.05339,0.04483,0.08942,0.02791,0.34151,0.16723,0.02001,0.00403,0.01188,0.05208,0.01177,0.07570,0.06318,0.05136,0.09682,0.03111,0.39420,0.18786,-55.38,4.098,-1,0.0000,-1.00,0.0000,0
225233,1790788022002,0.03384,0.00921,0.00935,0.08548,0.06327,0.08202,0.01973,0.09454,0.04355,0.01596,0.25563,0.28743,0.01837,0.00247,0.00775,0.04542,0.00844,0.09464,0.02301,0.11188,0.04318,0.01745,0.28754,0.33985,-54.51,3.449,-1,0.0000,-1.00,0.0000,0
225326,1790788022059,0.02281,0.01172,0.02612,0.05574,0.08183,0.04837,0.03255,0.06415,0.05197,0.02238,0.17866,0.40370,0.01299,0.00286,0.02613,0.02653,0.00367,0.05538,0.03841,0.07172,0.05701,0.02609,0.20310,0.47611,-53.86,4.844,-1,0.0000,-1.00,0.0000,0
225419,1790788022160,0.02588,0.01359,0.02636,0.05327,0.09569,0.03349,0.00975,0.04009,0.06807,0.01139,0.16179,0.46061,0.02250,0.00130,0.02911,0.02680,0.00570,0.03567,0.01143,0.04227,0.07625,0.01251,0.18679,0.54966,-54.43,5.527,-1,0.0000,-1.00,0.0000,0
225512,1790788022239,0.03259,0.02292,0.00992,0.06244,0.06469,0.07955,0.01137,0.05008,0.06338,0.02702,0.27745,0.29859,0.02738,0.01290,0.00574,0.01244,0.00702,0.08990,0.01106,0.05886,0.07348,0.03098,0.31463,0.35559,-55.08,3.583,-1,0.0000,-1.00,0.0000,0
225605,1790788022339,0.02657,0.04262,0.01567,0.23053,0.05181,0.05727,0.02882,0.02320,0.12905,0.04093,0.20506,0.14846,0.02567,0.03050,0.01016,0.23001,0.02794,0.06354,0.02849,0.02579,0.10904,0.04351,0.23312,0.17224,-54.54,2.766,-1,0.0000,-1.00,0.0000,0
225697,1790788022441,0.04689,0.01764,0.02271,0.24543,0.04351,0.06292,0.01451,0.02813,0.08286,0.04652,0.25972,0.12916,0.05016,0.01090,0.01681,0.23497,0.02205,0.06545,0.01522,0.03038,0.05163,0.05245,0.29823,0.15175,-54.19,3.117,-1,0.0000,-1.00,0.0000,0
225790,1790788022519,0.05925,0.03150,0.02462,0.10930,0.04169,0.06579,0.03309,0.09417,0.09183,0.03234,0.28431,0.13211,0.05115,0.01871,0.02242,0.06616,0.01981,0.06920,0.03594,0.10839,0.09601,0.03573,0.32695,0.14953,-54.17,3.412,-1,0.0000,-1.00,0.0000,0
225883,1790788022621,0.02400,0.04973,0.00982,0.09404,0.03152,0.11925,0.00962,0.03663,0.20856,0.01760,0.25823,0.14101,0.01809,0.01453,0.00777,0.05683,0.00453,0.13938,0.00857,0.04243,0.23864,0.02019,0.28179,0.16726,-54.20,3.099,-1,0.0000,-1.00,0.0000,0
225976,1790788022700,0.03398,0.02479,0.01091,0.08338,0.04630,0.11360,0.01459,0.02684,0.05287,0.02427,0.36196,0.20652,0.03503,0.01804,0.00758,0.01901,0.00693,0.12932,0.01391,0.03065,0.05958,0.02770,0.40808,0.24417,-54.42,4.344,-1,0.0000,-1.00,0.0000,0
226069,1790788022798,0.04185,0.02895,0.01833,0.09595,0.02335,0.07884,0.01957,0.01144,0.10969,0.03157,0.45012,0.09035,0.04788,0.00908,0.01476,0.01139,0.00734,0.08497,0.02101,0.01141,0.12918,0.03637,0.52251,0.10409,-53.96,5.401,-1,0.0000,-1.00,0.0000,0
226162,1790788022880,0.03888,0.04330,0.00983,0.15750,0.01009,0.03327,0.01067,0.01492,0.21818,0.02289,0.40100,0.03949,0.04330,0.00382,0.00643,0.09470,0.00318,0.03128,0.01203,0.01660,0.24245,0.02700,0.47429,0.04493,-54.09,4.812,-1,0.0000,-1.00,0.0000,0
226255,1790788022979,0.03412,0.05938,0.01322,0.13697,0.01428,0.04767,0.01576,0.03299,0.29185,0.01698,0.29342,0.04337,0.03119,0.00795,0.01208,0.09643,0.00730,0.05112,0.01731,0.03714,0.33052,0.01897,0.34145,0.04854,-55.08,3.521,-1,0.0000,-1.00,0.0000,0
226348,1790788023080,0.07177,0.02390,0.02084,0.08967,0.02217,0.04360,0.01982,0.14065,0.05473,0.01960,0.39825,0.09499,0.05262,0.01693,0.02050,0.01450,0.00472,0.04189,0.02010,0.16475,0.06271,0.02255,0.46889,0.10983,-55.28,4.779,-1,0.0000,-1.00,0.0000,0
226440,1790788023162,0.11037,0.02635,0.04260,0.04955,0.01646,0.10758,0.02317,0.31242,0.04189,0.01874,0.21168,0.03919,0.06014,0.02219,0.04701,0.01369,0.01138,0.11698,0.02145,0.36694,0.04730,0.02038,0.23045,0.04207,-54.71,3.749,-1,0.0000,-1.00,0.0000,0
226533,1790788023280,0.11832,0.04907,0.01350,0.05577,0.01218,0.05935,0.04518,0.21904,0.11329,0.01885,0.25821,0.03724,0.09021,0.03221,0.01196,0.00759,0.00756,0.05329,0.04775,0.26009,0.13408,0.02125,0.29884,0.03516,-54.88,3.099,-1,0.0000,-1.00,0.0000,0
226626,1790788023360,0.02130,0.11007,0.01349,0.10408,0.00937,0.02029,0.02794,0.04381,0.38470,0.03108,0.20399,0.02988,0.01463,0.04451,0.00898,0.07710,0.00513,0.02142,0.02465,0.05071,0.44567,0.03623,0.24019,0.03079,-55.58,4.616,-1,0.0000,-1.00,0.0000,0
226719,1790788023460,0.02084,0.08217,0.01358,0.15862,0.01223,0.03390,0.01371,0.01803,0.29792,0.02163,0.29784,0.02954,0.02123,0.03262,0.01145,0.12075,0.00808,0.03641,0.00992,0.01938,0.33304,0.02432,0.34966,0.03315,-55.55,3.575,-1,0.0000,-1.00,0.0000,0
226812,1790788023541,0.03132,0.05945,0.00952,0.23877,0.02546,0.04818,0.01198,0.02674,0.25918,0.02315,0.24124,0.02500,0.03161,0.01874,0.00689,0.23083,0.02502,0.05146,0.01062,0.03070,0.26480,0.02278,0.27886,0.02768,-55.78,3.110,-1,0.0000,-1.00,0.0000,0
226905,1790788023646,0.03220,0.04016,0.00874,0.19091,0.00842,0.09195,0.01612,0.03312,0.14387,0.02131,0.40268,0.01052,0.03094,0.01936,0.00571,0.13719,0.00820,0.10405,0.01548,0.03855,0.14510,0.02400,0.46188,0.00953,-55.28,4.832,-1,0.0000,-1.00,0.0000,0
226998,1790788023740,0.03548,0.03023,0.00419,0.17713,0.00983,0.05061,0.01252,0.01998,0.11140,0.01345,0.51228,0.02290,0.03782,0.01341,0.00209,0.09264,0.00682,0.05314,0.01222,0.02365,0.11512,0.01477,0.60330,0.02501,-54.40,6.147,-1,0.0000,-1.00,0.0000,0
227091,1790788023820,0.05322,0.04412,0.01414,0.17741,0.01509,0.06064,0.03837,0.01412,0.11561,0.01901,0.41763,0.03064,0.06086,0.03002,0.01292,0.11577,0.01238,0.06060,0.04002,0.01435,0.11558,0.02033,0.48840,0.02877,-54.82,5.012,-1,0.0000,-1.00,0.0000,0
227184,1790788023920,0.02936,0.04619,0.01238,0.13763,0.01121,0.10001,0.03229,0.01678,0.07806,0.02642,0.47448,0.03519,0.03141,0.03916,0.00880,0.05667,0.00629,0.11361,0.03093,0.01836,0.08230,0.03041,0.54602,0.03604,-54.90,5.694,-1,0.0000,-1.00,0.0000,0
227276,1790788024001,0.05125,0.04265,0.01326,0.12641,0.01359,0.10806,0.04829,0.07106,0.15520,0.04554,0.28186,0.04284,0.04474,0.01774,0.00539,0.08925,0.00824,0.12061,0.05435,0.08408,0.16827,0.05294,0.31383,0.04056,-54.70,3.382,-1,0.0000,-1.00,0.0000,0
227369,1790788024100,0.08431,0.09429,0.01050,0.11413,0.00769,0.07065,0.02435,0.03286,0.37516,0.02412,0.14174,0.02021,0.09364,0.02802,0.00705,0.10570,0.00500,0.06646,0.02299,0.03860,0.42858,0.02791,0.15666,0.01939,-54.60,4.502,-1,0.0000,-1.00,0.0000,0
227462,1790788024180,0.09197,0.03073,0.02470,0.16867,0.01358,0.04271,0.02140,0.02272,0.11007,0.12228,0.32383,0.02735,0.10484,0.01570,0.00091,0.12638,0.01066,0.03039,0.02253,0.02705,0.10652,0.14472,0.38200,0.02831,-54.39,3.886,-1,0.0000,-1.00,0.0000,0
227555,1790788024280,0.10161,0.02785,0.02977,0.10979,0.01159,0.05591,0.01807,0.01405,0.11313,0.03890,0.46468,0.01465,0.11925,0.00760,0.02687,0.02288,0.01120,0.04336,0.02008,0.01157,0.13102,0.04440,0.54820,0.01357,-53.93,5.576,-1,0.0000,-1.00,0.0000,0
227648,1790788024380,0.05651,0.01232,0.02281,0.13540,0.00239,0.07711,0.02543,0.01604,0.04311,0.01661,0.57992,0.01234,0.06457,0.00584,0.02343,0.02762,0.00108,0.07960,0.02924,0.01464,0.04618,0.01969,0.67911,0.00899,-54.17,6.959,-1,0.0000,-1.00,0.0000,0
227741,1790788024461,0.02552,0.02246,0.01264,0.15170,0.00597,0.04634,0.03655,0.04303,0.08104,0.02605,0.52328,0.02544,0.02046,0.01000,0.00905,0.05949,0.00270,0.05147,0.04049,0.05108,0.08530,0.03070,0.61681,0.02245,-54.33,6.279,-1,0.0000,-1.00,0.0000,0
227834,1790788024581,0.06624,0.03382,0.01192,0.13301,0.01660,0.09746,0.01947,0.01266,0.12016,0.05583,0.40602,0.02681,0.07642,0.01461,0.00158,0.06693,0.01432,0.10164,0.02044,0.01485,0.13071,0.06406,0.46636,0.02807,-54.07,4.872,-1,0.0000,-1.00,0.0000,0
227927,1790788024661,0.03811,0.07255,0.01242,0.09800,0.01147,0.09027,0.01567,0.02455,0.29364,0.04430,0.27583,0.02320,0.03959,0.01981,0.00470,0.05585,0.00881,0.10032,0.01485,0.02849,0.34074,0.05137,0.31062,0.02486,-54.63,3.524,-1,0.0000,-1.00,0.0000,0
228019,1790788024760,0.02836,0.05845,0.01560,0.09700,0.00969,0.11207,0.01118,0.02128,0.23263,0.03785,0.35308,0.02281,0.02919,0.01646,0.00982,0.03741,0.00658,0.12850,0.00995,0.02374,0.27063,0.04475,0.39760,0.02536,-55.30,4.237,-1,0.0000,-1.00,0.0000,0
228112,1790788024841,0.04537,0.08553,0.00933,0.09084,0.00834,0.10223,0.02073,0.02189,0.34826,0.03859,0.20709,0.02181,0.04926,0.02229,0.00222,0.06409,0.00548,0.11287,0.02042,0.02579,0.40453,0.04520,0.22577,0.02208,-55.27,4.179,-1,0.0000,-1.00,0.0000,0
228205,1790788024940,0.13713,0.04861,0.02536,0.11024,0.03800,0.07238,0.02160,0.04773,0.20319,0.04406,0.22971,0.02198,0.15303,0.01312,0.02153,0.07975,0.04107,0.05639,0.01930,0.05691,0.22764,0.04467,0.26406,0.02251,-54.87,2.756,-1,0.0000,-1.00,0.0000,0
228298,1790788025042,0.11338,0.04722,0.02323,0.07160,0.00734,0.09241,0.02307,0.09141,0.16820,0.07482,0.25516,0.03216,0.11454,0.01776,0.01014,0.02864,0.00211,0.08803,0.02412,0.10752,0.19584,0.08926,0.28829,0.03375,-55.02,3.062,-1,0.0000,-1.00,0.0000,0
228391,1790788025120,0.08988,0.03926,0.02042,0.09073,0.03143,0.10406,0.05482,0.02292,0.14710,0.04340,0.32971,0.02629,0.10285,0.01379,0.01516,0.03450,0.03389,0.10430,0.06295,0.02446,0.16775,0.04694,0.37439,0.01902,-54.09,3.956,-1,0.0000,-1.00,0.0000,0
228484,1790788025220,0.07507,0.02640,0.07309,0.08842,0.01448,0.07631,0.07810,0.04270,0.10787,0.04393,0.32984,0.04378,0.08288,0.00747,0.07756,0.03055,0.01050,0.07514,0.09210,0.03579,0.12320,0.05055,0.38033,0.03392,-54.16,3.958,-1,0.0000,-1.00,0.0000,0
228577,1790788025300,0.07602,0.05027,0.03419,0.09752,0.02571,0.05502,0.09157,0.05126,0.10832,0.04343,0.29070,0.07598,0.07943,0.03718,0.03126,0.04982,0.01559,0.05137,0.10235,0.05522,0.11992,0.04895,0.33815,0.07076,-55.10,3.488,-1,0.0000,-1.00,0.0000,0
228670,1790788025400,0.05009,0.04764,0.04942,0.14469,0.00876,0.06444,0.05076,0.03466,0.06896,0.06306,0.38450,0.03302,0.05269,0.04489,0.04440,0.08467,0.00470,0.06677,0.05192,0.03273,0.06573,0.07475,0.44749,0.02927,-54.45,4.614,-1,0.0000,-1.00,0.0000,0
228763,1790788025481,0.07451,0.11187,0.02019,0.12008,0.00918,0.08315,0.04057,0.03345,0.09520,0.08292,0.31265,0.01623,0.08133,0.11456,0.00475,0.07290,0.00816,0.08351,0.02590,0.03914,0.09926,0.09810,0.35808,0.01431,-54.21,3.752,-1,0.0000,-1.00,0.0000,0
228855,1790788025580,0.08017,0.09601,0.04473,0.11379,0.01481,0.07516,0.04118,0.03018,0.11229,0.07144,0.29090,0.02933,0.09012,0.09135,0.03709,0.07009,0.01200,0.07219,0.03123,0.02881,0.12066,0.08323,0.33426,0.02896,-54.95,3.491,-1,0.0000,-1.00,0.0000,0
228948,1790788025682,0.18118,0.05077,0.01605,0.08314,0.00831,0.15582,0.03194,0.02251,0.14293,0.04190,0.23845,0.02701,0.21170,0.02921,0.00947,0.04867,0.00482,0.14474,0.03249,0.02509,0.16162,0.04925,0.25702,0.02592,-55.79,2.861,-1,0.0000,-1.00,0.0000,0
229041,1790788025781,0.05951,0.07082,0.03068,0.09175,0.02466,0.07480,0.05436,0.03749,0.19503,0.04919,0.25542,0.05631,0.06288,0.04111,0.02580,0.05230,0.01841,0.07717,0.05698,0.03980,0.22332,0.05529,0.29075,0.05618,-55.36,3.065,-1,0.0000,-1.00,0.0000,0
229134,1790788025881,0.10768,0.11787,0.10542,0.08508,0.01392,0.04341,0.04037,0.03137,0.12771,0.03819,0.25824,0.03073,0.12617,0.11259,0.11760,0.04167,0.01040,0.02700,0.02592,0.01441,0.14448,0.04398,0.30408,0.03169,-54.44,3.099,-1,0.0000,-1.00,0.0000,0
229227,1790788025960,0.15093,0.08297,0.24331,0.07767,0.00852,0.04993,0.02011,0.05746,0.09312,0.02318,0.16613,0.02667,0.17810,0.07979,0.28621,0.05457,0.00420,0.02452,0.00827,0.01211,0.10076,0.02694,0.19420,0.03032,-53.85,2.920,-1,0.0000,-1.00,0.0000,0
229320,1790788026062,0.05822,0.20148,0.08178,0.11632,0.00729,0.04130,0.04436,0.02680,0.12071,0.02391,0.25615,0.02169,0.06659,0.21623,0.09246,0.07997,0.00382,0.03643,0.00978,0.01430,0.12878,0.02790,0.29971,0.02405,-53.80,3.074,-1,0.0000,-1.00,0.0000,0
229413,1790788026140,0.18144,0.08976,0.01440,0.20199,0.00902,0.07222,0.02363,0.01714,0.20364,0.02889,0.13547,0.02239,0.21468,0.06752,0.01061,0.21158,0.00627,0.04398,0.01493,0.01844,0.20194,0.03350,0.15360,0.02295,-54.36,2.444,-1,0.0000,-1.00,0.0000,0
229506,1790788026239,0.16876,0.09936,0.02901,0.12284,0.01953,0.07084,0.03749,0.01538,0.15298,0.07715,0.17189,0.03477,0.19969,0.08699,0.01706,0.10815,0.01632,0.04530,0.02767,0.01505,0.16175,0.08932,0.19698,0.03573,-54.63,2.063,-1,0.0000,-1.00,0.0000,0
229598,1790788026340,0.11655,0.12168,0.01156,0.12862,0.00960,0.05284,0.03258,0.02300,0.21108,0.02706,0.22867,0.03676,0.13449,0.09964,0.00756,0.10124,0.00340,0.03677,0.01924,0.02610,0.23286,0.03174,0.26671,0.04023,-54.38,2.744,-1,0.0000,-1.00,0.0000,0
229691,1790788026420,0.17013,0.08427,0.04930,0.13946,0.01391,0.06030,0.02446,0.03451,0.17459,0.05224,0.15297,0.04387,0.19752,0.06511,0.04682,0.13207,0.00689,0.03316,0.01640,0.03207,0.18244,0.06181,0.17672,0.04899,-53.52,2.095,-1,0.0000,-1.00,0.0000,0
229784,1790788026519,0.19686,0.07800,0.02989,0.21732,0.01054,0.05897,0.02183,0.01247,0.17780,0.10039,0.06654,0.02939,0.23379,0.06088,0.01221,0.24555,0.00628,0.02431,0.01409,0.01253,0.16437,0.11905,0.07492,0.03203,-53.29,2.608,-1,0.0000,-1.00,0.0000,0
229877,1790788026600,0.17329,0.09895,0.00961,0.23597,0.01402,0.05041,0.02880,0.02212,0.19720,0.04638,0.10318,0.02006,0.20180,0.08263,0.00089,0.25904,0.01275,0.02040,0.01813,0.02633,0.18440,0.05359,0.11959,0.02044,-54.32,2.832,-1,0.0000,-1.00,0.0000,0
229970,1790788026701,0.11126,0.11041,0.01134,0.17588,0.01547,0.05097,0.02728,0.01013,0.33930,0.02891,0.07952,0.03953,0.13119,0.05947,0.00694,0.19323,0.00997,0.03507,0.02090,0.01076,0.36736,0.03355,0.08834,0.04323,-53.61,4.072,-1,0.0000,-1.00,0.0000,0
230063,1790788026780,0.12003,0.15980,0.01395,0.12937,0.00732,0.06985,0.03364,0.01443,0.25490,0.04147,0.13481,0.02043,0.14025,0.13627,0.00704,0.12519,0.00444,0.05589,0.01330,0.01589,0.28061,0.04882,0.15046,0.02185,-53.23,3.059,-1,0.0000,-1.00,0.0000,0
230156,1790788026880,0.13007,0.10783,0.01063,0.18088,0.01353,0.04512,0.02075,0.02039,0.29859,0.03192,0.10170,0.03860,0.15115,0.06681,0.00539,0.19353,0.00766,0.02410,0.01162,0.02336,0.31909,0.03706,0.11708,0.04316,-53.31,3.583,-1,0.0000,-1.00,0.0000,0
230249,1790788026980,0.16475,0.18406,0.00424,0.17862,0.00582,0.05548,0.04283,0.00778,0.21908,0.01717,0.09771,0.02246,0.19569,0.17621,0.00106,0.19191,0.00233,0.02769,0.01638,0.00911,0.22433,0.02025,0.11159,0.02343,-53.26,2.629,-1,0.0000,-1.00,0.0000,0
230341,1790788027081,0.12334,0.16834,0.01055,0.09442,0.01836,0.05103,0.03863,0.03215,0.25505,0.04798,0.07843,0.08170,0.14021,0.14497,0.00130,0.09582,0.00329,0.03336,0.01756,0.03827,0.28626,0.05719,0.08736,0.09442,-53.77,3.061,-1,0.0000,-1.00,0.0000,0
230434,1790788027181,0.23087,0.12680,0.00647,0.07318,0.01567,0.06709,0.02817,0.01236,0.28019,0.01821,0.08063,0.06034,0.27385,0.08812,0.00362,0.06957,0.00499,0.02621,0.01628,0.01409,0.32194,0.02084,0.09142,0.06907,-53.27,3.362,-1,0.0000,-1.00,0.0000,0
230527,1790788027260,0.20773,0.14223,0.01885,0.04573,0.01315,0.06004,0.02518,0.02287,0.30440,0.02462,0.08674,0.04846,0.24397,0.09968,0.01691,0.03512,0.00446,0.02377,0.01041,0.02405,0.35778,0.02862,0.09923,0.05600,-53.73,3.653,-1,0.0000,-1.00,0.0000,0
230620,1790788027360,0.03554,0.16515,0.01400,0.13029,0.01033,0.03259,0.04863,0.02775,0.26051,0.02887,0.21768,0.02867,0.03638,0.14020,0.01014,0.10567,0.00677,0.03183,0.03042,0.03130,0.29100,0.03346,0.25452,0.02832,-53.87,3.126,-1,0.0000,-1.00,0.0000,0
230713,1790788027440,0.01900,0.16457,0.00600,0.20573,0.01056,0.01329,0.03704,0.02940,0.22343,0.02002,0.23591,0.03506,0.01584,0.15169,0.00262,0.19097,0.00489,0.01278,0.01431,0.03470,0.22980,0.02308,0.28014,0.03917,-53.98,2.831,-1,0.0000,-1.00,0.0000,0
230806,1790788027540,0.03325,0.07812,0.02496,0.09289,0.05648,0.02080,0.01604,0.07262,0.13847,0.06879,0.16018,0.23740,0.02329,0.06381,0.01396,0.07406,0.01160,0.02031,0.00656,0.08425,0.15093,0.08044,0.18790,0.28288,-54.32,2.849,-1,0.0000,-1.00,0.0000,0
230899,1790788027641,0.03851,0.07335,0.01200,0.04602,0.08185,0.02520,0.02264,0.07797,0.09967,0.01967,0.11464,0.38850,0.02426,0.06906,0.00995,0.02891,0.00625,0.02544,0.01325,0.09163,0.11369,0.02233,0.13232,0.46289,-53.80,4.662,-1,0.0000,-1.00,0.0000,0
230992,1790788027720,0.01642,0.08866,0.04746,0.09774,0.04639,0.08194,0.03205,0.04610,0.11219,0.02624,0.22612,0.17869,0.01063,0.08233,0.05107,0.06718,0.01399,0.09608,0.02157,0.04562,0.12055,0.02924,0.25190,0.20984,-54.33,2.713,-1,0.0000,-1.00,0.0000,0
231084,1790788027820,0.01803,0.12614,0.01999,0.09981,0.05475,0.05880,0.03410,0.04384,0.15092,0.03289,0.25314,0.10759,0.01189,0.11774,0.01774,0.06214,0.04074,0.06810,0.01752,0.04901,0.16852,0.03134,0.28982,0.12545,-54.79,3.038,-1,0.0000,-1.00,0.0000,0
231177,1790788027898,0.02751,0.14976,0.02237,0.08042,0.05006,0.03821,0.05157,0.04836,0.16638,0.02633,0.11668,0.22233,0.02209,0.14290,0.02088,0.07028,0.00837,0.04153,0.03347,0.05381,0.18543,0.02989,0.13158,0.25977,-55.20,2.668,-1,0.0000,-1.00,0.0000,0
231270,1790788028000,0.02507,0.09706,0.01835,0.08272,0.02134,0.09579,0.03141,0.08603,0.14393,0.01691,0.28493,0.09646,0.01104,0.08352,0.01811,0.03587,0.00347,0.11274,0.02109,0.09949,0.16535,0.01957,0.31906,0.11068,-55.33,3.419,-1,0.0000,-1.00,0.0000,0
231363,1790788028080,0.02706,0.10997,0.01540,0.10138,0.01148,0.20799,0.03747,0.06710,0.12463,0.01172,0.24830,0.03751,0.01790,0.10503,0.01587,0.07215,0.00595,0.24567,0.02375,0.07757,0.13489,0.01300,0.24882,0.03939,-55.32,2.980,-1,0.0000,-1.00,0.0000,0
231456,1790788028181,0.04304,0.15618,0.02425,0.08314,0.01132,0.07935,0.06872,0.11720,0.12509,0.08281,0.16290,0.04600,0.02394,0.16009,0.00957,0.06447,0.00453,0.09042,0.05046,0.13869,0.13711,0.09833,0.17728,0.04512,-55.75,1.955,-1,0.0000,-1.00,0.0000,0
231549,1790788028280,0.02904,0.10772,0.01087,0.10879,0.02265,0.05021,0.04687,0.04277,0.13726,0.03343,0.32305,0.08735,0.02484,0.09866,0.00538,0.05580,0.00759,0.05548,0.03660,0.05018,0.15341,0.03856,0.37609,0.09741,-55.35,3.877,-1,0.0000,-1.00,0.0000,0
231642,1790788028381,0.04703,0.06783,0.03053,0.10011,0.03838,0.06110,0.10279,0.09040,0.11544,0.03041,0.14618,0.16979,0.03658,0.05731,0.02975,0.08784,0.00995,0.06617,0.11125,0.10298,0.12091,0.03447,0.16204,0.18075,-54.99,2.037,-1,0.0000,-1.00,0.0000,0
231735,1790788028505,0.07460,0.08514,0.00892,0.11535,0.03331,0.04466,0.04455,0.17843,0.08443,0.03190,0.18016,0.11856,0.04682,0.08611,0.00362,0.09718,0.01278,0.04463,0.03628,0.21311,0.08190,0.03570,0.20702,0.13487,-54.58,2.162,-1,0.0000,-1.00,0.0000,0
231828,1790788028565,0.04467,0.12942,0.05240,0.11928,0.01912,0.03234,0.07748,0.09232,0.10550,0.02056,0.22863,0.07827,0.03318,0.13425,0.05818,0.08988,0.00692,0.03217,0.06623,0.09909,0.10860,0.02327,0.26758,0.08066,-54.39,2.744,-1,0.0000,-1.00,0.0000,0
231920,1790788028662,0.05577,0.09298,0.07499,0.10720,0.04413,0.02053,0.03850,0.06942,0.14276,0.10376,0.13754,0.11242,0.05199,0.08223,0.06628,0.09635,0.02735,0.01430,0.02983,0.07004,0.15196,0.11891,0.16197,0.12879,-54.54,1.713,-1,0.0000,-1.00,0.0000,0
232013,1790788028740,0.07158,0.06910,0.02684,0.10826,0.03006,0.04253,0.03601,0.07861,0.13634,0.07598,0.19967,0.12500,0.07166,0.05401,0.01445,0.08374,0.00832,0.03690,0.03245,0.09133,0.14677,0.08939,0.23194,0.13905,-54.53,2.396,-1,0.0000,-1.00,0.0000,0
232106,1790788028839,0.05939,0.07706,0.01856,0.09368,0.01941,0.02526,0.03684,0.12684,0.29471,0.02268,0.15364,0.07194,0.04195,0.02721,0.01717,0.07661,0.00811,0.02195,0.03874,0.14858,0.33794,0.02557,0.17974,0.07641,-54.31,3.537,-1,0.0000,-1.00,0.0000,0
232199,1790788028939,0.04472,0.09899,0.00848,0.09676,0.01161,0.03959,0.10211,0.11608,0.23250,0.01544,0.18375,0.04995,0.03252,0.06630,0.00678,0.07392,0.00737,0.04120,0.10921,0.13774,0.26394,0.01704,0.21201,0.03196,-54.62,2.790,-1,0.0000,-1.00,0.0000,0
232292,1790788029020,0.03124,0.13717,0.00415,0.11992,0.01019,0.01336,0.03103,0.07325,0.40809,0.01493,0.11480,0.04186,0.02009,0.07202,0.00155,0.11690,0.00317,0.01203,0.02288,0.08749,0.46582,0.01726,0.13517,0.04563,-54.98,4.897,-1,0.0000,-1.00,0.0000,0
232385,1790788029121,0.08143,0.08532,0.00783,0.16685,0.01605,0.02189,0.02429,0.08646,0.28819,0.01519,0.14571,0.06079,0.07665,0.04172,0.00595,0.16575,0.00576,0.01103,0.02065,0.10261,0.31221,0.01731,0.17241,0.06795,-55.39,3.458,-1,0.0000,-1.00,0.0000,0
232478,1790788029200,0.03559,0.11283,0.01413,0.12854,0.01908,0.02027,0.02469,0.03247,0.40039,0.02451,0.14826,0.03925,0.03535,0.04479,0.01166,0.11948,0.01421,0.01742,0.02052,0.03678,0.45608,0.02655,0.17419,0.04297,-55.45,4.805,-1,0.0000,-1.00,0.0000,0
232571,1790788029300,0.04302,0.04564,0.05163,0.15412,0.02828,0.02135,0.04467,0.10970,0.16242,0.04008,0.22217,0.07690,0.02712,0.02148,0.05287,0.13269,0.01747,0.02021,0.04363,0.12661,0.16754,0.04534,0.26221,0.08283,-54.19,2.666,-1,0.0000,-1.00,0.0000,0
232663,1790788029381,0.03146,0.12435,0.01374,0.15765,0.03288,0.01459,0.06591,0.06392,0.21160,0.01996,0.17680,0.08713,0.02276,0.10557,0.01248,0.14742,0.02113,0.01297,0.05805,0.07412,0.22400,0.02005,0.20928,0.09216,-53.64,2.539,-1,0.0000,-1.00,0.0000,0
232756,1790788029507,0.02044,0.17484,0.01830,0.12414,0.02428,0.01885,0.07527,0.03669,0.24642,0.03077,0.12835,0.10164,0.01751,0.15610,0.01492,0.11901,0.00759,0.01912,0.05924,0.04101,0.27168,0.03537,0.15001,0.10846,-53.72,2.957,-1,0.0000,-1.00,0.0000,0
232849,1790788029583,0.02276,0.14312,0.01058,0.30703,0.01575,0.02622,0.03212,0.03077,0.29004,0.02036,0.06559,0.03565,0.02029,0.11649,0.00828,0.35340,0.01101,0.02739,0.01539,0.03523,0.27748,0.02222,0.07317,0.03966,-54.22,3.684,-1,0.0000,-1.00,0.0000,0
232942,1790788029681,0.02487,0.12782,0.02246,0.16430,0.01701,0.02115,0.03219,0.03759,0.38967,0.05648,0.05803,0.04842,0.02125,0.06795,0.01389,0.18392,0.00985,0.02113,0.02486,0.04253,0.43046,0.06572,0.06535,0.05309,-55.10,4.676,-1,0.0000,-1.00,0.0000,0
233035,1790788029780,0.02948,0.12538,0.03113,0.08556,0.01459,0.06018,0.03376,0.12815,0.25018,0.07065,0.11658,0.05434,0.00620,0.09399,0.02074,0.07762,0.00556,0.07088,0.02182,0.14945,0.28439,0.08356,0.12565,0.06015,-54.82,3.002,-1,0.0000,-1.00,0.0000,0
233128,1790788029860,0.03768,0.05867,0.03185,0.06015,0.05676,0.03365,0.01826,0.17320,0.10929,0.09482,0.10022,0.22546,0.00504,0.04750,0.01619,0.04981,0.01525,0.03932,0.01231,0.20447,0.12086,0.11082,0.11230,0.26612,-54.21,2.705,-1,0.0000,-1.00,0.0000,0
233221,1790788029960,0.05244,0.09104,0.06064,0.10680,0.02342,0.07503,0.03974,0.10991,0.09837,0.15878,0.10595,0.07789,0.03759,0.09040,0.03528,0.10604,0.01065,0.08252,0.02925,0.12515,0.09645,0.18854,0.11059,0.08753,-54.47,1.905,-1,0.0000,-1.00,0.0000,0
233314,1790788030041,0.03804,0.12449,0.03722,0.07819,0.01300,0.04191,0.03500,0.15056,0.17654,0.13515,0.12370,0.04620,0.01014,0.11001,0.01271,0.06620,0.00539,0.04821,0.02013,0.17789,0.19841,0.16087,0.13866,0.05137,-54.48,2.118,-1,0.0000,-1.00,0.0000,0
233406,1790788030141,0.03541,0.11384,0.04407,0.12290,0.01346,0.03033,0.03738,0.10972,0.22076,0.06859,0.14669,0.05685,0.01716,0.08912,0.03662,0.11371,0.00369,0.03294,0.02712,0.12421,0.24178,0.08165,0.16924,0.06274,-54.43,2.649,-1,0.0000,-1.00,0.0000,0
233499,1790788030240,0.05109,0.13441,0.01678,0.11059,0.01257,0.04417,0.03571,0.21624,0.13699,0.03041,0.16289,0.04817,0.01037,0.13228,0.01305,0.09582,0.00427,0.05087,0.01657,0.25652,0.14515,0.03559,0.18509,0.05443,-54.56,2.595,-1,0.0000,-1.00,0.0000,0
233592,1790788030320,0.05369,0.09008,0.03899,0.06986,0.03577,0.05479,0.03092,0.23812,0.10144,0.02967,0.11651,0.14015,0.00944,0.08614,0.04008,0.05854,0.01037,0.06378,0.01947,0.27787,0.10995,0.03349,0.12697,0.16388,-54.61,2.857,-1,0.0000,-1.00,0.0000,0
233685,1790788030420,0.06033,0.08671,0.03193,0.11249,0.02242,0.04141,0.04491,0.23748,0.11829,0.02733,0.12475,0.09195,0.01714,0.08000,0.03202,0.10697,0.00650,0.04624,0.03795,0.27821,0.12054,0.03146,0.14032,0.10266,-55.04,2.850,-1,0.0000,-1.00,0.0000,0
233778,1790788030506,0.04504,0.08052,0.03397,0.09263,0.00982,0.12714,0.03067,0.12809,0.20707,0.08558,0.11663,0.04281,0.02435,0.05080,0.02048,0.08908,0.00265,0.14752,0.02668,0.14942,0.23046,0.10202,0.11051,0.04601,-55.54,2.485,-1,0.0000,-1.00,0.0000,0
233871,1790788030600,0.03734,0.11974,0.03363,0.08903,0.01421,0.11849,0.03474,0.09770,0.18748,0.09423,0.14227,0.03113,0.02224,0.10202,0.01832,0.07829,0.01046,0.13757,0.02129,0.11354,0.20913,0.11084,0.14321,0.03308,-55.53,2.250,-1,0.0000,-1.00,0.0000,0
233964,1790788030681,0.01949,0.09471,0.04421,0.11458,0.03599,0.14913,0.02381,0.06414,0.17824,0.04958,0.16302,0.06310,0.00957,0.07547,0.04230,0.10555,0.02796,0.17750,0.01342,0.06861,0.19265,0.05387,0.16014,0.07295,-55.30,2.139,-1,0.0000,-1.00,0.0000,0
234057,1790788030780,0.01633,0.08181,0.02455,0.29149,0.03923,0.05551,0.02019,0.02764,0.11552,0.02567,0.15477,0.14729,0.01478,0.08301,0.02377,0.31501,0.01243,0.06364,0.00774,0.02841,0.07579,0.02849,0.17283,0.17410,-54.66,3.498,-1,0.0000,-1.00,0.0000,0
234150,1790788030900,0.01765,0.12638,0.00787,0.36755,0.01178,0.04990,0.03053,0.03702,0.14337,0.03023,0.13756,0.04016,0.01245,0.13349,0.00244,0.40999,0.00497,0.05732,0.01012,0.04387,0.09052,0.03523,0.15347,0.04612,-54.52,4.411,-1,0.0000,-1.00,0.0000,0
234242,1790788030990,0.03481,0.04866,0.03228,0.32045,0.01847,0.04147,0.03066,0.10971,0.15558,0.06702,0.08509,0.05580,0.01649,0.03572,0.02315,0.36558,0.01002,0.04642,0.02929,0.12725,0.11395,0.07832,0.09276,0.06105,-54.56,3.845,-1,0.0000,-1.00,0.0000,0
234335,1790788031080,0.04866,0.05089,0.01340,0.35231,0.01081,0.03929,0.02350,0.07617,0.15525,0.02135,0.17455,0.03383,0.04037,0.03940,0.01120,0.38224,0.00537,0.03942,0.02035,0.08905,0.11025,0.02451,0.20133,0.03651,-54.14,4.228,-1,0.0000,-1.00,0.0000,0
234428,1790788031160,0.02895,0.04061,0.10711,0.33771,0.01807,0.03790,0.02319,0.05832,0.18156,0.03507,0.07197,0.05954,0.02556,0.02092,0.12025,0.38914,0.00842,0.04038,0.02364,0.04604,0.13995,0.04082,0.07824,0.06665,-54.06,4.052,-1,0.0000,-1.00,0.0000,0
234521,1790788031260,0.01857,0.07100,0.01924,0.30907,0.02600,0.01853,0.04651,0.04192,0.24590,0.02067,0.10555,0.07703,0.01292,0.04037,0.01873,0.34605,0.01473,0.01964,0.04773,0.04652,0.22605,0.02185,0.12258,0.08284,-53.47,3.709,-1,0.0000,-1.00,0.0000,0
234614,1790788031340,0.03114,0.08903,0.00670,0.32816,0.01843,0.01669,0.04915,0.06195,0.24009,0.01328,0.09872,0.04665,0.02279,0.06451,0.00507,0.37038,0.01282,0.01548,0.04611,0.07323,0.21272,0.01492,0.11522,0.04676,-53.38,3.938,-1,0.0000,-1.00,0.0000,0
234707,1790788031441,0.02961,0.06783,0.10112,0.22201,0.01670,0.02293,0.04309,0.06264,0.17169,0.03264,0.18574,0.04400,0.02424,0.05008,0.11385,0.22279,0.01113,0.02274,0.04165,0.05255,0.16156,0.03690,0.21806,0.04447,-53.91,2.664,-1,0.0000,-1.00,0.0000,0
234800,1790788031540,0.03248,0.09644,0.08848,0.27334,0.00832,0.01506,0.03956,0.08694,0.16129,0.02527,0.13940,0.03344,0.02201,0.08903,0.10014,0.29495,0.00319,0.01368,0.02975,0.08432,0.13480,0.02964,0.16432,0.03417,-53.81,3.280,-1,0.0000,-1.00,0.0000,0
234893,1790788031620,0.02509,0.08980,0.18573,0.19982,0.02388,0.04842,0.02854,0.10308,0.12315,0.02788,0.09296,0.05165,0.01408,0.08719,0.21639,0.21953,0.01697,0.05528,0.01690,0.08063,0.10299,0.03109,0.10043,0.05854,-54.03,2.398,-1,0.0000,-1.00,0.0000,0
234985,1790788031720,0.02252,0.09774,0.07263,0.35816,0.04194,0.00997,0.03141,0.03893,0.17812,0.03451,0.07898,0.03509,0.02126,0.09114,0.08051,0.41070,0.04279,0.00773,0.01945,0.03082,0.13202,0.03286,0.09311,0.03762,-54.47,4.298,-1,0.0000,-1.00,0.0000,0
235078,1790788031801,0.03022,0.06332,0.10050,0.26366,0.01972,0.01483,0.03646,0.07401,0.21812,0.02530,0.09282,0.06105,0.02314,0.03563,0.11482,0.29440,0.01037,0.01338,0.03658,0.06596,0.20299,0.02826,0.10857,0.06590,-54.26,3.164,-1,0.0000,-1.00,0.0000,0
235171,1790788031900,0.06072,0.06772,0.04351,0.16964,0.05079,0.03984,0.07098,0.15327,0.17485,0.02163,0.08411,0.06295,0.03825,0.04755,0.04824,0.18487,0.04880,0.04024,0.07563,0.17409,0.16946,0.01965,0.09280,0.06043,-53.65,2.098,-1,0.0000,-1.00,0.0000,0
235264,1790788032007,0.02899,0.11962,0.02188,0.22931,0.02983,0.01487,0.09967,0.04602,0.20333,0.02677,0.11638,0.06332,0.02438,0.10551,0.02030,0.24763,0.02458,0.01299,0.09851,0.05112,0.19196,0.02980,0.13687,0.05635,-53.99,2.752,-1,0.0000,-1.00,0.0000,0
235357,1790788032086,0.04010,0.10509,0.00968,0.23210,0.02843,0.01281,0.05211,0.03949,0.17686,0.01449,0.22507,0.06377,0.03865,0.09333,0.00865,0.22496,0.02062,0.00768,0.04347,0.04608,0.16572,0.01488,0.26816,0.06780,-54.62,2.785,-1,0.0000,-1.00,0.0000,0
235450,1790788032201,0.04610,0.10095,0.07737,0.14117,0.01972,0.01433,0.03866,0.08567,0.19146,0.02525,0.19825,0.06108,0.03794,0.08036,0.08702,0.12246,0.00974,0.01015,0.02852,0.08727,0.20478,0.02868,0.23554,0.06753,-54.51,2.379,-1,0.0000,-1.00,0.0000,0
235543,1790788032281,0.07201,0.09002,0.05006,0.10195,0.02401,0.02056,0.04913,0.09406,0.18491,0.04540,0.21638,0.05151,0.06494,0.06811,0.04949,0.07123,0.01832,0.01176,0.04536,0.10290,0.20531,0.05291,0.25695,0.05272,-54.88,2.597,-1,0.0000,-1.00,0.0000,0
235636,1790788032379,0.07733,0.09515,0.01649,0.12792,0.01583,0.01993,0.02661,0.09188,0.27533,0.02233,0.19047,0.04072,0.07127,0.05302,0.01486,0.10842,0.01009,0.00980,0.02138,0.10715,0.30842,0.02476,0.22629,0.04455,-54.40,3.304,-1,0.0000,-1.00,0.0000,0
235728,1790788032460,0.05595,0.09486,0.01098,0.16864,0.01817,0.02108,0.02443,0.03713,0.22057,0.03042,0.26142,0.05635,0.05921,0.06680,0.00630,0.14051,0.00916,0.01352,0.01603,0.04324,0.23644,0.03463,0.31056,0.06360,-54.43,3.137,-1,0.0000,-1.00,0.0000,0
235821,1790788032560,0.07325,0.09135,0.03837,0.18212,0.01579,0.02815,0.02280,0.07100,0.31682,0.02354,0.10425,0.03256,0.07367,0.04189,0.04081,0.19422,0.01217,0.01912,0.01810,0.07791,0.34086,0.02605,0.12113,0.03408,-55.10,3.802,-1,0.0000,-1.00,0.0000,0
235914,1790788032640,0.07232,0.07049,0.02277,0.19319,0.01434,0.02974,0.02065,0.04946,0.23781,0.02822,0.22197,0.03902,0.07602,0.03503,0.02093,0.17957,0.00867,0.02057,0.01779,0.05512,0.24936,0.03209,0.26190,0.04294,-54.34,2.854,-1,0.0000,-1.00,0.0000,0
236007,1790788032739,0.09291,0.07638,0.03079,0.14978,0.01787,0.03493,0.03391,0.05288,0.21909,0.05107,0.20075,0.03965,0.09973,0.04469,0.02528,0.13265,0.01323,0.02209,0.03160,0.05853,0.23623,0.05857,0.23616,0.04124,-53.80,2.629,-1,0.0000,-1.00,0.0000,0
236100,1790788032840,0.04393,0.11340,0.02146,0.17406,0.01365,0.01899,0.10880,0.05566,0.27883,0.03811,0.09824,0.03487,0.04053,0.07700,0.01711,0.18581,0.01269,0.01472,0.11510,0.06330,0.29701,0.04340,0.11480,0.01852,-54.14,3.346,-1,0.0000,-1.00,0.0000,0
236193,1790788032920,0.04145,0.10049,0.03681,0.20439,0.01801,0.01648,0.03825,0.07822,0.22930,0.03687,0.16992,0.02981,0.03268,0.07400,0.03597,0.20507,0.01576,0.01327,0.03116,0.08659,0.23410,0.04106,0.20097,0.02937,-54.17,2.752,-1,0.0000,-1.00,0.0000,0
236286,1790788033021,0.06938,0.11809,0.01698,0.16740,0.01458,0.01991,0.05940,0.03074,0.29046,0.01674,0.15423,0.04207,0.07649,0.07900,0.01671,0.16430,0.00960,0.00876,0.05552,0.03353,0.31527,0.01835,0.18307,0.03941,-53.85,3.485,-1,0.0000,-1.00,0.0000,0
236379,1790788033100,0.03746,0.04592,0.07985,0.12146,0.01652,0.02111,0.05125,0.04505,0.22168,0.09912,0.19751,0.06308,0.03589,0.00627,0.07241,0.09934,0.00694,0.01817,0.05439,0.04539,0.24593,0.11739,0.23306,0.06480,-54.30,2.660,-1,0.0000,-1.00,0.0000,0
236472,1790788033201,0.02309,0.03464,0.02207,0.10766,0.05258,0.01197,0.03683,0.08357,0.15855,0.03052,0.18405,0.25446,0.00842,0.00738,0.01936,0.08579,0.00424,0.01267,0.04267,0.09629,0.17298,0.03573,0.21802,0.29645,-54.54,3.054,-1,0.0000,-1.00,0.0000,0
236564,1790788033282,0.03558,0.05016,0.00940,0.20752,0.01910,0.01397,0.06897,0.09728,0.21454,0.01226,0.18448,0.08674,0.01984,0.01726,0.00852,0.20535,0.00539,0.01280,0.07830,0.11580,0.21616,0.01383,0.21851,0.08826,-54.15,2.575,-1,0.0000,-1.00,0.0000,0
236657,1790788033380,0.04527,0.05583,0.01216,0.24069,0.01771,0.01417,0.04011,0.08887,0.29154,0.03058,0.11056,0.05251,0.03319,0.00819,0.00772,0.26255,0.01053,0.01044,0.04630,0.10509,0.29728,0.03456,0.13041,0.05374,-54.17,3.498,-1,0.0000,-1.00,0.0000,0
236750,1790788033505,0.05086,0.03851,0.01897,0.25525,0.02169,0.02640,0.03565,0.08359,0.23237,0.02424,0.13474,0.07771,0.03312,0.01004,0.01730,0.27483,0.00905,0.02507,0.03876,0.09870,0.22380,0.02741,0.15649,0.08544,-54.58,3.063,-1,0.0000,-1.00,0.0000,0
236843,1790788033581,0.05111,0.04143,0.04143,0.12943,0.01924,0.02725,0.05055,0.07815,0.19273,0.06652,0.24430,0.05785,0.04327,0.00847,0.03430,0.09801,0.01163,0.02408,0.05889,0.08685,0.21151,0.07741,0.28795,0.05764,-54.13,2.932,-1,0.0000,-1.00,0.0000,0
236936,1790788033681,0.09086,0.08080,0.01205,0.14312,0.01427,0.03644,0.06340,0.02111,0.38083,0.02348,0.09360,0.04004,0.10009,0.01639,0.00926,0.15020,0.01027,0.02399,0.07272,0.02346,0.42655,0.02610,0.10740,0.03356,-53.27,4.570,-1,0.0000,-1.00,0.0000,0
237029,1790788033760,0.08311,0.04621,0.00693,0.32784,0.01056,0.04254,0.01757,0.02078,0.27699,0.01289,0.12739,0.02720,0.09462,0.00411,0.00552,0.36384,0.00698,0.03222,0.02019,0.02385,0.25978,0.01406,0.14625,0.02859,-52.42,3.934,-1,0.0000,-1.00,0.0000,0
237122,1790788033861,0.07122,0.05986,0.01169,0.34561,0.00759,0.01913,0.01072,0.02465,0.33234,0.02584,0.08026,0.01109,0.07981,0.00832,0.00815,0.39534,0.00690,0.00710,0.01120,0.02792,0.31985,0.02960,0.09476,0.01106,-51.98,4.147,-1,0.0000,-1.00,0.0000,0
237215,1790788033941,0.02771,0.04783,0.01072,0.29821,0.01644,0.01013,0.03227,0.04355,0.27651,0.02486,0.16691,0.04485,0.02304,0.00413,0.00736,0.31798,0.01048,0.00761,0.03734,0.05124,0.26829,0.02771,0.19849,0.04633,-52.66,3.579,-1,0.0000,-1.00,0.0000,0
237307,1790788034044,0.03506,0.04375,0.06780,0.11267,0.02017,0.01277,0.05622,0.04635,0.18956,0.05387,0.29895,0.06283,0.03278,0.01086,0.06890,0.06434,0.01181,0.00881,0.06521,0.04188,0.21431,0.06228,0.35647,0.06235,-53.62,3.587,-1,0.0000,-1.00,0.0000,0
237400,1790788034140,0.02139,0.05856,0.01517,0.21309,0.01497,0.02738,0.05186,0.02009,0.28289,0.03805,0.20859,0.04795,0.01805,0.01429,0.00948,0.20694,0.00888,0.02924,0.05931,0.02219,0.29794,0.04383,0.24415,0.04570,-54.26,3.395,-1,0.0000,-1.00,0.0000,0
237493,1790788034221,0.01728,0.05653,0.02017,0.13244,0.01397,0.03070,0.02960,0.01505,0.26290,0.06182,0.32094,0.03860,0.01696,0.00911,0.00981,0.08378,0.00889,0.03343,0.03339,0.01636,0.29828,0.07244,0.37794,0.03963,-54.39,3.851,-1,0.0000,-1.00,0.0000,0
237586,1790788034325,0.00967,0.02032,0.00891,0.14915,0.01125,0.01391,0.00904,0.00977,0.10076,0.03131,0.59917,0.03674,0.00927,0.00215,0.00344,0.03698,0.00519,0.01483,0.01038,0.01105,0.11340,0.03650,0.71500,0.04181,-54.18,7.190,-1,0.0000,-1.00,0.0000,0
237679,1790788034401,0.01881,0.01124,0.00883,0.19286,0.00843,0.01856,0.01602,0.03194,0.06551,0.02621,0.56889,0.03270,0.01445,0.00238,0.00448,0.09672,0.00307,0.01937,0.01872,0.03738,0.05932,0.03080,0.67783,0.03547,-54.17,6.827,-1,0.0000,-1.00,0.0000,0
237772,1790788034505,0.01521,0.00816,0.01031,0.21698,0.00776,0.02189,0.01392,0.02649,0.05967,0.01805,0.56952,0.03203,0.01222,0.00055,0.00816,0.12565,0.00229,0.02385,0.01627,0.03043,0.04659,0.02117,0.67770,0.03512,-53.97,6.834,-1,0.0000,-1.00,0.0000,0
237865,1790788034580,0.02512,0.01282,0.00773,0.26058,0.00746,0.04981,0.01300,0.07120,0.09824,0.02194,0.40754,0.02456,0.01334,0.00060,0.00418,0.21767,0.00372,0.05704,0.01540,0.08454,0.07448,0.02563,0.47702,0.02637,-54.53,4.890,-1,0.0000,-1.00,0.0000,0
237958,1790788034680,0.01282,0.00904,0.00364,0.21981,0.00614,0.03468,0.01240,0.01201,0.06027,0.01302,0.59286,0.02330,0.01246,0.00147,0.00136,0.12410,0.00222,0.03925,0.01446,0.01423,0.04762,0.01516,0.70261,0.02506,-55.25,7.114,-1,0.0000,-1.00,0.0000,0
238050,1790788034802,0.01445,0.01554,0.00684,0.27481,0.00533,0.04340,0.04007,0.01940,0.10768,0.02034,0.43127,0.02086,0.01309,0.00204,0.00349,0.22879,0.00335,0.04941,0.04720,0.02296,0.08367,0.02371,0.50696,0.01532,-54.91,5.175,-1,0.0000,-1.00,0.0000,0
238143,1790788034880,0.01960,0.01978,0.00998,0.19029,0.00939,0.01749,0.05448,0.07016,0.08836,0.03557,0.45280,0.03211,0.00468,0.01005,0.00375,0.12124,0.00617,0.02003,0.06329,0.08332,0.08184,0.04140,0.53859,0.02564,-54.64,5.434,-1,0.0000,-1.00,0.0000,0
238236,1790788035004,0.01641,0.02382,0.00899,0.18284,0.01894,0.03319,0.05571,0.05788,0.11781,0.02867,0.41536,0.04037,0.00609,0.00537,0.00455,0.12193,0.01569,0.03857,0.06564,0.06849,0.11689,0.03136,0.49005,0.03537,-54.49,4.984,-1,0.0000,-1.00,0.0000,0
238329,1790788035061,0.03776,0.02679,0.01958,0.19952,0.00749,0.01159,0.04269,0.05427,0.09324,0.00856,0.46049,0.03801,0.03372,0.01514,0.02149,0.12997,0.00196,0.00720,0.04815,0.06077,0.08591,0.00992,0.55035,0.03541,-54.60,5.526,-1,0.0000,-1.00,0.0000,0
238422,1790788035160,0.07947,0.01868,0.00522,0.19769,0.01088,0.04722,0.03122,0.10633,0.11027,0.01064,0.34592,0.03645,0.06978,0.00272,0.00392,0.15639,0.00583,0.04275,0.03687,0.12664,0.10092,0.01181,0.40602,0.03636,-55.12,4.151,-1,0.0000,-1.00,0.0000,0
238515,1790788035239,0.13773,0.01718,0.00983,0.22353,0.01645,0.04201,0.06621,0.13400,0.10502,0.01995,0.16197,0.06612,0.13296,0.00522,0.00732,0.23031,0.00708,0.02399,0.07825,0.15917,0.08018,0.02250,0.18932,0.06371,-54.64,2.682,-1,0.0000,-1.00,0.0000,0
238608,1790788035340,0.03946,0.03454,0.06923,0.13000,0.01972,0.03811,0.13507,0.07354,0.12208,0.05971,0.18706,0.09147,0.03253,0.01690,0.06902,0.11288,0.00796,0.03939,0.15849,0.07444,0.12356,0.07032,0.21633,0.07818,-53.81,2.245,-1,0.0000,-1.00,0.0000,0
238701,1790788035439,0.01860,0.01874,0.01328,0.17254,0.02739,0.01581,0.03694,0.05734,0.08005,0.03331,0.43760,0.08840,0.00914,0.00751,0.00851,0.10349,0.01302,0.01765,0.04274,0.06705,0.07541,0.03733,0.52085,0.09730,-53.86,5.251,-1,0.0000,-1.00,0.0000,0
238794,1790788035520,0.09780,0.02667,0.00903,0.26054,0.02032,0.02889,0.04636,0.08988,0.15656,0.02142,0.16570,0.07685,0.09514,0.00644,0.00606,0.27344,0.00823,0.01575,0.05428,0.10650,0.13339,0.02403,0.19542,0.08132,-54.10,3.126,-1,0.0000,-1.00,0.0000,0
238886,1790788035622,0.09815,0.01683,0.02130,0.30450,0.01022,0.02052,0.03231,0.11119,0.12757,0.00873,0.21536,0.03331,0.09212,0.00220,0.02368,0.31396,0.00584,0.00633,0.03828,0.12854,0.09062,0.00930,0.25680,0.03233,-53.75,3.654,-1,0.0000,-1.00,0.0000,0
238979,1790788035702,0.08617,0.03193,0.03456,0.23523,0.02001,0.03136,0.07370,0.05319,0.12037,0.01632,0.26231,0.03484,0.09210,0.01875,0.03785,0.22032,0.01903,0.01932,0.08460,0.05623,0.09838,0.01795,0.31048,0.02498,-54.25,3.148,-1,0.0000,-1.00,0.0000,0
239072,1790788035800,0.04163,0.02699,0.02051,0.28324,0.01422,0.02417,0.03352,0.06313,0.16728,0.01369,0.27807,0.03356,0.03247,0.00665,0.02174,0.27422,0.01060,0.02252,0.03884,0.07133,0.14608,0.01430,0.32873,0.03251,-54.76,3.399,-1,0.0000,-1.00,0.0000,0
239165,1790788035880,0.05610,0.03385,0.01089,0.29321,0.01094,0.03853,0.01881,0.05462,0.19934,0.00981,0.23901,0.03488,0.05467,0.00484,0.01094,0.29596,0.00568,0.03534,0.02157,0.06328,0.18019,0.01063,0.27939,0.03752,-54.25,3.519,-1,0.0000,-1.00,0.0000,0
239258,1790788036003,0.05276,0.08082,0.01096,0.16346,0.01111,0.02187,0.01262,0.05771,0.43407,0.01226,0.12352,0.01883,0.04833,0.00191,0.01059,0.16718,0.00942,0.01663,0.01474,0.06706,0.48696,0.01285,0.14471,0.01964,-54.08,5.209,-1,0.0000,-1.00,0.0000,0
239351,1790788036108,0.05145,0.07790,0.00600,0.14017,0.00629,0.05049,0.01934,0.04783,0.40361,0.00679,0.17173,0.01840,0.05047,0.00256,0.00571,0.12915,0.00405,0.05050,0.02246,0.05638,0.45791,0.00743,0.19577,0.01760,-53.87,4.843,-1,0.0000,-1.00,0.0000,0
239444,1790788036182,0.03148,0.06812,0.00759,0.14548,0.01155,0.04377,0.03308,0.05548,0.34387,0.02074,0.21643,0.02240,0.02470,0.00485,0.00455,0.12478,0.00989,0.04770,0.03855,0.06571,0.38726,0.02294,0.24988,0.01919,-54.51,4.126,-1,0.0000,-1.00,0.0000,0
239537,1790788036281,0.04783,0.03404,0.01001,0.12407,0.03315,0.02714,0.01382,0.12768,0.16950,0.01385,0.24722,0.15169,0.02533,0.00609,0.00886,0.09103,0.00405,0.02774,0.01528,0.15131,0.18505,0.01579,0.29073,0.17873,-54.94,2.967,-1,0.0000,-1.00,0.0000,0
239629,1790788036360,0.02128,0.01472,0.01367,0.16103,0.01575,0.03152,0.06527,0.04736,0.06511,0.04622,0.44311,0.07494,0.01404,0.00606,0.00556,0.08908,0.00410,0.03499,0.07683,0.05583,0.06036,0.05457,0.52402,0.07456,-54.67,5.317,-1,0.0000,-1.00,0.0000,0
239722,1790788036460,0.01762,0.03000,0.01498,0.20329,0.03928,0.05696,0.04257,0.04772,0.17428,0.06700,0.20099,0.10531,0.00864,0.00386,0.00298,0.19846,0.02407,0.06654,0.05025,0.05659,0.16948,0.07551,0.22764,0.11598,-54.77,2.439,-1,0.0000,-1.00,0.0000,0
239815,1790788036541,0.01188,0.03212,0.00554,0.25642,0.01506,0.03240,0.03604,0.02851,0.18590,0.01884,0.31853,0.05876,0.00754,0.00349,0.00239,0.23305,0.00576,0.03733,0.04242,0.03376,0.17655,0.02143,0.37428,0.06201,-54.80,3.822,-1,0.0000,-1.00,0.0000,0
239908,1790788036642,0.01543,0.02791,0.02263,0.23146,0.01301,0.04611,0.04946,0.05002,0.14983,0.04019,0.30660,0.04734,0.00798,0.00598,0.01783,0.20663,0.00667,0.05377,0.05803,0.05646,0.13853,0.04687,0.35672,0.04453,-54.54,3.679,-1,0.0000,-1.00,0.0000,0
240001,1790788036739,0.00972,0.04475,0.01897,0.15617,0.01020,0.01308,0.06725,0.03192,0.22760,0.01388,0.35905,0.04741,0.00469,0.00372,0.01959,0.10241,0.00410,0.01474,0.07985,0.03437,0.25241,0.01582,0.42731,0.04098,-53.84,4.309,-1,0.0000,-1.00,0.0000,0
240094,1790788036820,0.01677,0.05110,0.02171,0.16092,0.00792,0.02235,0.03509,0.02915,0.23440,0.01478,0.37628,0.02953,0.01401,0.00965,0.02266,0.10438,0.00405,0.02400,0.03989,0.03068,0.26017,0.01691,0.44612,0.02748,-53.85,4.515,-1,0.0000,-1.00,0.0000,0
240187,1790788036919,0.03039,0.02628,0.08063,0.16292,0.00811,0.01119,0.01340,0.06555,0.14249,0.02040,0.41590,0.02273,0.02517,0.00145,0.09197,0.09676,0.00499,0.00850,0.01577,0.06031,0.15156,0.02346,0.49666,0.02340,-54.91,4.991,-1,0.0000,-1.00,0.0000,0
240280,1790788037001,0.02061,0.01460,0.03194,0.19177,0.00563,0.01239,0.01791,0.07526,0.08683,0.03633,0.48653,0.02020,0.00798,0.00138,0.02975,0.11474,0.00276,0.01328,0.02115,0.08432,0.08130,0.04299,0.58035,0.02001,-55.36,5.838,-1,0.0000,-1.00,0.0000,0
240372,1790788037103,0.03095,0.03730,0.09333,0.19307,0.01810,0.02492,0.02047,0.06784,0.21869,0.02824,0.21449,0.05262,0.02261,0.00142,0.10541,0.18139,0.00982,0.02549,0.01896,0.06567,0.22561,0.03237,0.25196,0.05929,-54.45,2.624,-1,0.0000,-1.00,0.0000,0
240465,1790788037181,0.08725,0.02529,0.08831,0.27354,0.01469,0.02482,0.02363,0.04555,0.16991,0.03434,0.17839,0.03428,0.09749,0.00127,0.09798,0.28580,0.01054,0.01041,0.02761,0.03561,0.14648,0.03952,0.21169,0.03560,-53.02,3.282,-1,0.0000,-1.00,0.0000,0
240558,1790788037300,0.05424,0.01945,0.05526,0.23910,0.06280,0.02970,0.04468,0.05574,0.13041,0.05779,0.18471,0.06612,0.05375,0.00371,0.05311,0.24360,0.06160,0.02494,0.05235,0.05671,0.09888,0.06612,0.21639,0.06885,-52.09,2.869,-1,0.0000,-1.00,0.0000,0
240651,1790788037400,0.08854,0.03782,0.05180,0.25222,0.02716,0.02866,0.04796,0.05112,0.21940,0.02000,0.13824,0.03708,0.09581,0.00476,0.05780,0.26999,0.02588,0.01543,0.05653,0.04979,0.20664,0.02157,0.16259,0.03322,-51.84,3.027,-1,0.0000,-1.00,0.0000,0
240744,1790788037480,0.08715,0.02004,0.07639,0.18819,0.04261,0.02482,0.06160,0.10202,0.13279,0.02245,0.15510,0.08685,0.08269,0.00172,0.08655,0.18918,0.03330,0.01334,0.07322,0.10534,0.11676,0.02515,0.18320,0.08955,-52.84,2.258,-1,0.0000,-1.00,0.0000,0
240837,1790788037582,0.02932,0.03115,0.06143,0.17389,0.04255,0.02309,0.12392,0.04645,0.17253,0.02607,0.15986,0.10974,0.02693,0.00317,0.06853,0.17126,0.03076,0.02232,0.14689,0.04304,0.17231,0.02561,0.18713,0.10204,-54.29,2.087,-1,0.0000,-1.00,0.0000,0
240930,1790788037660,0.03164,0.01874,0.03961,0.23587,0.01345,0.03537,0.06928,0.04142,0.11022,0.02593,0.32965,0.04884,0.02970,0.00441,0.04155,0.20576,0.00773,0.03650,0.08214,0.04139,0.09100,0.02982,0.38776,0.04224,-53.70,3.956,-1,0.0000,-1.00,0.0000,0
241023,1790788037759,0.03113,0.02068,0.06830,0.22970,0.02429,0.03291,0.05326,0.03413,0.10373,0.02407,0.33693,0.04089,0.03097,0.00833,0.07696,0.19652,0.02149,0.03348,0.05824,0.02956,0.08534,0.02459,0.39708,0.03745,-53.66,4.043,-1,0.0000,-1.00,0.0000,0
241116,1790788037839,0.03478,0.06648,0.01230,0.24664,0.01408,0.02669,0.06488,0.05055,0.11330,0.01385,0.31029,0.04615,0.03013,0.06150,0.01178,0.22285,0.00848,0.02601,0.06555,0.05824,0.09159,0.01492,0.36664,0.04231,-54.60,3.723,-1,0.0000,-1.00,0.0000,0
241208,1790788037940,0.04679,0.05308,0.02129,0.21203,0.02093,0.04165,0.10195,0.04115,0.15425,0.04547,0.19970,0.06171,0.04678,0.03515,0.01529,0.20823,0.01492,0.04063,0.11463,0.04684,0.14354,0.05152,0.23123,0.05122,-55.00,2.544,-1,0.0000,-1.00,0.0000,0
241301,1790788038043,0.01973,0.05184,0.01490,0.19097,0.00714,0.06182,0.13218,0.01856,0.09409,0.01708,0.35583,0.03586,0.01968,0.04567,0.01400,0.14706,0.00591,0.07018,0.14933,0.01946,0.08347,0.01942,0.41245,0.01337,-55.05,4.270,-1,0.0000,-1.00,0.0000,0
241394,1790788038121,0.01254,0.03350,0.01441,0.22165,0.00915,0.02164,0.05291,0.01629,0.08027,0.02351,0.48508,0.02905,0.01156,0.02725,0.01190,0.15130,0.00627,0.02373,0.05800,0.01716,0.06604,0.02707,0.57654,0.02317,-54.98,5.821,-1,0.0000,-1.00,0.0000,0
241487,1790788038219,0.02075,0.03049,0.01463,0.23924,0.00603,0.01777,0.08829,0.02586,0.16745,0.01609,0.34307,0.03034,0.01927,0.00484,0.01387,0.20587,0.00394,0.01767,0.10483,0.02823,0.15984,0.01850,0.40758,0.01557,-55.01,4.117,-1,0.0000,-1.00,0.0000,0
241580,1790788038299,0.01421,0.03869,0.00827,0.17485,0.00617,0.02651,0.04527,0.01633,0.20431,0.01644,0.43559,0.01337,0.01340,0.00204,0.00626,0.10719,0.00633,0.02910,0.05384,0.01833,0.22357,0.01845,0.51617,0.00534,-55.23,5.227,-1,0.0000,-1.00,0.0000,0
241673,1790788038400,0.01723,0.07989,0.00942,0.16107,0.01413,0.03198,0.08669,0.00712,0.21968,0.02021,0.29940,0.05317,0.01740,0.05023,0.00679,0.12326,0.00799,0.03487,0.09392,0.00718,0.23874,0.02269,0.35185,0.04510,-54.48,3.593,-1,0.0000,-1.00,0.0000,0
241766,1790788038480,0.01190,0.04304,0.00762,0.21149,0.00879,0.02150,0.10660,0.01390,0.10172,0.01106,0.41850,0.04386,0.01121,0.03354,0.00667,0.15493,0.00487,0.02354,0.12109,0.01534,0.09101,0.01245,0.49680,0.02855,-53.81,5.022,-1,0.0000,-1.00,0.0000,0
241859,1790788038602,0.02284,0.03106,0.00702,0.25045,0.01337,0.02439,0.02297,0.01223,0.14725,0.01242,0.40669,0.04932,0.02442,0.01113,0.00562,0.20446,0.00541,0.02438,0.02495,0.01390,0.13566,0.01405,0.48247,0.05353,-54.29,4.880,-1,0.0000,-1.00,0.0000,0
241951,1790788038701,0.06243,0.03206,0.00615,0.23311,0.00846,0.03025,0.01315,0.02552,0.17058,0.01117,0.36933,0.03779,0.06893,0.00546,0.00478,0.19248,0.00174,0.02258,0.01468,0.02963,0.16624,0.01304,0.43807,0.04238,-54.51,4.432,-1,0.0000,-1.00,0.0000,0
242044,1790788038779,0.06573,0.02893,0.02444,0.23155,0.01324,0.06805,0.01079,0.06923,0.16162,0.02360,0.24912,0.05370,0.06386,0.00572,0.02381,0.22101,0.00321,0.06952,0.01146,0.07857,0.14984,0.02764,0.28473,0.06063,-54.29,2.989,-1,0.0000,-1.00,0.0000,0
242137,1790788038880,0.04750,0.01963,0.01963,0.17187,0.07090,0.04405,0.03911,0.11745,0.10701,0.03657,0.24095,0.08534,0.02942,0.00510,0.01657,0.15055,0.06647,0.04695,0.04554,0.13775,0.09395,0.03507,0.27941,0.09323,-54.50,2.891,-1,0.0000,-1.00,0.0000,0
242230,1790788038960,0.05424,0.02260,0.01253,0.17976,0.03488,0.01596,0.06377,0.17458,0.12099,0.03625,0.11750,0.16694,0.02355,0.00597,0.00655,0.18810,0.00379,0.01576,0.07523,0.20789,0.10768,0.04268,0.13767,0.18512,-54.58,2.157,-1,0.0000,-1.00,0.0000,0
242323,1790788039061,0.05572,0.02041,0.01454,0.17537,0.10143,0.04411,0.02333,0.12485,0.12254,0.03536,0.12594,0.15641,0.03725,0.00268,0.01219,0.18220,0.08056,0.05033,0.02660,0.14801,0.11071,0.02640,0.14093,0.18214,-54.39,2.104,-1,0.0000,-1.00,0.0000,0
242416,1790788039140,0.04568,0.04538,0.00651,0.18952,0.02095,0.02535,0.02267,0.10142,0.25007,0.01245,0.18535,0.09467,0.03084,0.00221,0.00498,0.18401,0.00367,0.02426,0.02672,0.12053,0.26317,0.01419,0.21729,0.10814,-54.15,3.001,-1,0.0000,-1.00,0.0000,0
242509,1790788039240,0.05615,0.03641,0.02297,0.19614,0.02668,0.02838,0.04713,0.11719,0.15839,0.02455,0.16497,0.12103,0.04030,0.01376,0.02189,0.19685,0.00534,0.02601,0.05375,0.13609,0.15068,0.02845,0.19252,0.13437,-54.36,2.354,-1,0.0000,-1.00,0.0000,0
242602,1790788039340,0.04361,0.04440,0.00785,0.12207,0.04272,0.05080,0.05145,0.08394,0.15271,0.01887,0.17105,0.21053,0.03273,0.02117,0.00506,0.10778,0.00348,0.05439,0.05746,0.09958,0.16162,0.02192,0.19417,0.24065,-54.85,2.526,-1,0.0000,-1.00,0.0000,0
242694,1790788039420,0.08898,0.03853,0.01986,0.15997,0.02627,0.03917,0.02946,0.12181,0.17117,0.02339,0.18353,0.09785,0.07864,0.01141,0.01851,0.14939,0.00792,0.03300,0.03285,0.14248,0.17532,0.02663,0.21338,0.11047,-55.24,2.202,-1,0.0000,-1.00,0.0000,0
242787,1790788039520,0.06125,0.03345,0.01073,0.10433,0.03854,0.01791,0.02319,0.11240,0.13979,0.01156,0.28816,0.15868,0.04462,0.01160,0.01042,0.05712,0.00797,0.01413,0.02544,0.13266,0.15618,0.01228,0.34248,0.18509,-55.60,3.458,-1,0.0000,-1.00,0.0000,0
242880,1790788039600,0.03474,0.03450,0.01296,0.15046,0.03749,0.01720,0.02775,0.05122,0.16319,0.03049,0.28545,0.15453,0.02992,0.00727,0.00855,0.11306,0.00952,0.01468,0.03181,0.05968,0.17256,0.03521,0.33913,0.17859,-55.40,3.425,-1,0.0000,-1.00,0.0000,0
242973,1790788039701,0.04123,0.02409,0.07416,0.09639,0.06336,0.03055,0.06227,0.08495,0.10968,0.04933,0.27994,0.08404,0.03212,0.00480,0.07944,0.05020,0.05866,0.03039,0.07247,0.08723,0.12142,0.04755,0.32941,0.08633,-54.72,3.359,-1,0.0000,-1.00,0.0000,0
243066,1790788039780,0.03184,0.03344,0.01751,0.18267,0.04502,0.01871,0.01214,0.09505,0.17467,0.04540,0.14062,0.20293,0.01591,0.00598,0.01045,0.18623,0.00626,0.01927,0.01337,0.11182,0.17237,0.05315,0.16467,0.24051,-54.28,2.435,-1,0.0000,-1.00,0.0000,0
243159,1790788039902,0.04986,0.03040,0.01357,0.12718,0.05754,0.01933,0.02014,0.11238,0.09272,0.02590,0.18728,0.26369,0.03377,0.01867,0.01039,0.10855,0.00717,0.01646,0.01969,0.13335,0.08959,0.02961,0.22114,0.31160,-54.24,3.164,-1,0.0000,-1.00,0.0000,0
243252,1790788040001,0.05527,0.05325,0.01901,0.10192,0.04956,0.02845,0.04020,0.08482,0.12843,0.04346,0.17114,0.22448,0.04658,0.03657,0.01274,0.08246,0.00767,0.02486,0.04092,0.09911,0.13742,0.05067,0.20013,0.26087,-55.04,2.694,-1,0.0000,-1.00,0.0000,0
243345,1790788040079,0.04176,0.02188,0.09209,0.06214,0.07816,0.05671,0.03435,0.06788,0.05805,0.14488,0.11993,0.22216,0.03682,0.01447,0.07758,0.04838,0.04171,0.06133,0.03829,0.06596,0.05997,0.16533,0.13155,0.25861,-55.12,2.666,-1,0.0000,-1.00,0.0000,0
243438,1790788040181,0.02204,0.01512,0.07087,0.04290,0.04856,0.05950,0.01919,0.04069,0.03449,0.32826,0.08035,0.23804,0.01665,0.01166,0.00700,0.03499,0.00244,0.06799,0.02044,0.04760,0.03420,0.39305,0.08280,0.28118,-54.25,3.939,-1,0.0000,-1.00,0.0000,0
243530,1790788040260,0.04012,0.01895,0.03911,0.10851,0.05174,0.03659,0.04256,0.15062,0.05844,0.10775,0.14271,0.20290,0.01268,0.01319,0.02178,0.09775,0.01569,0.04133,0.04806,0.17648,0.05008,0.12656,0.16281,0.23360,-54.25,2.435,-1,0.0000,-1.00,0.0000,0
243623,1790788040360,0.04783,0.00974,0.02826,0.14440,0.05348,0.01418,0.01557,0.21984,0.05122,0.03168,0.12507,0.25872,0.00613,0.00517,0.02646,0.14393,0.00332,0.01578,0.01764,0.25818,0.03278,0.03737,0.14674,0.30651,-54.51,3.105,-1,0.0000,-1.00,0.0000,0
243716,1790788040440,0.03137,0.01965,0.02861,0.22001,0.04356,0.02176,0.01447,0.12117,0.10962,0.05725,0.13345,0.19909,0.00937,0.00692,0.02089,0.23287,0.00553,0.02422,0.01596,0.14105,0.08519,0.06751,0.15510,0.23539,-54.89,2.640,-1,0.0000,-1.00,0.0000,0
243809,1790788040541,0.03417,0.01632,0.05884,0.11836,0.08065,0.04830,0.03512,0.11321,0.06605,0.10579,0.14848,0.17469,0.01593,0.00814,0.04761,0.10871,0.05673,0.05472,0.04047,0.12622,0.05760,0.11551,0.16706,0.20130,-55.10,2.096,-1,0.0000,-1.00,0.0000,0
243902,1790788040640,0.03404,0.00942,0.11541,0.10320,0.05340,0.02063,0.02815,0.14445,0.04468,0.03147,0.15254,0.26260,0.01162,0.00414,0.13093,0.08831,0.00290,0.02242,0.03291,0.14713,0.03603,0.03714,0.17833,0.30814,-55.10,3.151,-1,0.0000,-1.00,0.0000,0
243995,1790788040721,0.02967,0.01027,0.15855,0.15047,0.03533,0.02431,0.05839,0.15636,0.05243,0.03286,0.12886,0.16251,0.00558,0.00580,0.18241,0.15079,0.00643,0.02803,0.06881,0.15119,0.03280,0.03823,0.14885,0.18108,-55.66,1.950,-1,0.0000,-1.00,0.0000,0
244088,1790788040820,0.04158,0.01334,0.11744,0.13446,0.03669,0.01920,0.01897,0.21629,0.06346,0.05919,0.10105,0.17833,0.00341,0.00633,0.12676,0.13798,0.00244,0.02233,0.02135,0.23417,0.04869,0.07045,0.11665,0.20945,-55.59,2.596,-1,0.0000,-1.00,0.0000,0
244181,1790788040900,0.03406,0.01523,0.09107,0.15806,0.03603,0.02524,0.01055,0.17652,0.07897,0.04389,0.16145,0.16893,0.00267,0.00560,0.09880,0.15221,0.00350,0.02971,0.01153,0.19193,0.06431,0.05205,0.18757,0.20013,-55.29,2.118,-1,0.0000,-1.00,0.0000,0
244273,1790788041010,0.02903,0.01328,0.06606,0.17260,0.04609,0.02607,0.02449,0.12923,0.07766,0.05882,0.17240,0.18427,0.00547,0.00517,0.06567,0.16705,0.01247,0.03024,0.02801,0.14215,0.05994,0.06801,0.20058,0.21525,-54.22,2.211,-1,0.0000,-1.00,0.0000,0
244366,1790788041081,0.02175,0.02130,0.01801,0.19581,0.05143,0.01654,0.01403,0.09630,0.12298,0.02890,0.16129,0.25167,0.00286,0.00495,0.01482,0.19708,0.00245,0.01927,0.01577,0.11251,0.10829,0.03414,0.18944,0.29843,-53.17,3.020,-1,0.0000,-1.00,0.0000,0
244459,1790788041201,0.04249,0.02069,0.02821,0.31948,0.02135,0.03347,0.01585,0.08017,0.14644,0.05662,0.14933,0.08591,0.03112,0.00529,0.02054,0.34869,0.00573,0.03408,0.01790,0.09202,0.10619,0.06686,0.17217,0.09939,-53.40,3.834,-1,0.0000,-1.00,0.0000,0
244552,1790788041300,0.02240,0.06437,0.01317,0.24373,0.02280,0.01698,0.01286,0.03747,0.35493,0.02409,0.08648,0.10072,0.01851,0.00352,0.01022,0.27216,0.00401,0.01668,0.01471,0.04287,0.37134,0.02807,0.10031,0.11761,-53.32,4.259,-1,0.0000,-1.00,0.0000,0
244645,1790788041380,0.03613,0.03999,0.03767,0.23783,0.01675,0.04486,0.01910,0.07755,0.22874,0.03947,0.16244,0.05946,0.02619,0.00334,0.03602,0.24831,0.00668,0.04869,0.02170,0.08631,0.22486,0.04597,0.18499,0.06695,-53.44,2.854,-1,0.0000,-1.00,0.0000,0
244738,1790788041481,0.02430,0.06242,0.04391,0.13881,0.02123,0.07667,0.02350,0.04005,0.28071,0.04412,0.16904,0.07524,0.02127,0.01321,0.04247,0.12962,0.00858,0.08765,0.02554,0.03957,0.31066,0.05116,0.18517,0.08509,-53.91,3.369,-1,0.0000,-1.00,0.0000,0
244831,1790788041561,0.03459,0.04232,0.01218,0.23448,0.01602,0.04324,0.03535,0.09171,0.23313,0.02207,0.18462,0.05027,0.02000,0.00481,0.00961,0.23899,0.00888,0.04785,0.04120,0.10819,0.23154,0.02511,0.21174,0.05207,-54.79,2.814,-1,0.0000,-1.00,0.0000,0
244924,1790788041661,0.04325,0.04206,0.02872,0.23502,0.01857,0.02606,0.01977,0.06472,0.26663,0.02465,0.17268,0.05785,0.02755,0.00630,0.02892,0.24161,0.00927,0.02584,0.02095,0.07331,0.27159,0.02770,0.20179,0.06517,-55.26,3.200,-1,0.0000,-1.00,0.0000,0
245016,1790788041741,0.04628,0.03233,0.04890,0.25506,0.01546,0.02795,0.01534,0.13686,0.16152,0.06397,0.14469,0.05165,0.02490,0.01107,0.04368,0.27238,0.00694,0.02855,0.01618,0.15533,0.13954,0.07527,0.16771,0.05844,-54.86,3.061,-1,0.0000,-1.00,0.0000,0
245109,1790788041840,0.07348,0.03053,0.05444,0.09762,0.04804,0.03987,0.03495,0.15908,0.13800,0.09654,0.18119,0.04627,0.05197,0.00684,0.04412,0.07541,0.04816,0.03747,0.04043,0.18196,0.15005,0.10649,0.20968,0.04743,-54.78,2.174,-1,0.0000,-1.00,0.0000,0
245202,1790788041941,0.02977,0.08085,0.01670,0.12977,0.00832,0.01641,0.00661,0.03976,0.42009,0.03628,0.18345,0.03198,0.02575,0.00248,0.01150,0.11250,0.00267,0.01456,0.00730,0.04549,0.48107,0.04294,0.21693,0.03681,-54.76,5.041,-1,0.0000,-1.00,0.0000,0
245295,1790788042022,0.02399,0.07425,0.02351,0.13325,0.00769,0.01613,0.00805,0.02737,0.38551,0.06272,0.21686,0.02067,0.02275,0.00168,0.01344,0.10874,0.00467,0.01482,0.00920,0.03024,0.44031,0.07429,0.25691,0.02295,-55.17,4.626,-1,0.0000,-1.00,0.0000,0
245388,1790788042121,0.02227,0.04459,0.04601,0.12121,0.07548,0.02894,0.01581,0.07447,0.18827,0.08422,0.27230,0.02644,0.01050,0.01192,0.03846,0.08185,0.08474,0.03267,0.01658,0.08161,0.20936,0.08412,0.31981,0.02839,-54.74,3.268,-1,0.0000,-1.00,0.0000,0
245481,1790788042201,0.02578,0.01234,0.02279,0.20228,0.01233,0.02451,0.00921,0.06157,0.05803,0.04508,0.48026,0.04584,0.01693,0.00611,0.01674,0.12932,0.00427,0.02602,0.00980,0.07047,0.04376,0.05330,0.57031,0.05298,-54.22,5.763,-1,0.0000,-1.00,0.0000,0
245574,1790788042300,0.02497,0.01157,0.02914,0.16794,0.00866,0.12267,0.01599,0.02786,0.04930,0.03498,0.47459,0.03233,0.02362,0.00655,0.02673,0.09409,0.00339,0.14230,0.01762,0.02832,0.04035,0.04130,0.54046,0.03524,-54.03,5.695,-1,0.0000,-1.00,0.0000,0
245667,1790788042382,0.00875,0.01476,0.01744,0.12968,0.00732,0.38541,0.00315,0.02849,0.08636,0.02627,0.26866,0.02372,0.00428,0.00149,0.01478,0.10969,0.00326,0.46096,0.00342,0.03126,0.08174,0.03083,0.23054,0.02775,-54.10,4.625,-1,0.0000,-1.00,0.0000,0
245759,1790788042500,0.00713,0.00494,0.01363,0.18574,0.00684,0.34878,0.01243,0.01635,0.04601,0.02360,0.30958,0.02497,0.00509,0.00149,0.01084,0.16541,0.00284,0.41692,0.01460,0.01744,0.02234,0.02771,0.28831,0.02703,-54.48,4.185,-1,0.0000,-1.00,0.0000,0
245852,1790788042600,0.01285,0.00858,0.02318,0.18181,0.02564,0.10528,0.00835,0.05718,0.05341,0.04094,0.44625,0.03654,0.00234,0.00241,0.01892,0.11679,0.02242,0.12568,0.00953,0.06477,0.04081,0.04466,0.50979,0.04189,-54.49,5.355,-1,0.0000,-1.00,0.0000,0
245945,1790788042680,0.00823,0.00595,0.01272,0.15165,0.00645,0.38600,0.00746,0.03800,0.03575,0.02888,0.29708,0.02183,0.00106,0.00382,0.00849,0.12932,0.00286,0.46231,0.00818,0.04385,0.01720,0.03403,0.26433,0.02454,-54.44,4.632,-1,0.0000,-1.00,0.0000,0
246038,1790788042779,0.00900,0.00389,0.01686,0.12360,0.00696,0.51523,0.00908,0.03230,0.03672,0.01467,0.21185,0.01983,0.00366,0.00084,0.01688,0.12201,0.00404,0.61664,0.01062,0.03545,0.01981,0.01678,0.13161,0.02166,-54.51,6.183,-1,0.0000,-1.00,0.0000,0
246131,1790788042861,0.02562,0.01548,0.01461,0.25874,0.01324,0.17085,0.01254,0.05401,0.09950,0.04068,0.24413,0.05060,0.01818,0.00513,0.00801,0.25995,0.00422,0.20130,0.01401,0.06313,0.06770,0.04790,0.25262,0.05785,-54.64,3.105,-1,0.0000,-1.00,0.0000,0
246224,1790788042961,0.03061,0.02882,0.01756,0.15670,0.01718,0.13122,0.01311,0.10443,0.07609,0.04760,0.33480,0.04190,0.01250,0.02096,0.01015,0.11432,0.01106,0.15483,0.01140,0.12326,0.06846,0.05490,0.37048,0.04768,-54.57,4.018,-1,0.0000,-1.00,0.0000,0
246317,1790788043040,0.00952,0.01055,0.00906,0.17966,0.00469,0.26235,0.00627,0.03149,0.03754,0.01357,0.42271,0.01258,0.00396,0.00894,0.00774,0.12719,0.00279,0.31363,0.00548,0.03646,0.01977,0.01571,0.44434,0.01399,-54.27,5.073,-1,0.0000,-1.00,0.0000,0
246410,1790788043140,0.01358,0.01713,0.01675,0.13858,0.01020,0.32074,0.05761,0.03765,0.03841,0.02448,0.28513,0.03976,0.00790,0.01585,0.01446,0.11336,0.00536,0.38275,0.06589,0.04225,0.02355,0.02827,0.26577,0.03458,-54.04,3.849,-1,0.0000,-1.00,0.0000,0
246503,1790788043240,0.01712,0.01093,0.01378,0.20833,0.03131,0.15791,0.01019,0.05712,0.04166,0.03470,0.36904,0.04791,0.00731,0.00985,0.00932,0.16935,0.02654,0.18776,0.01025,0.06660,0.01635,0.03632,0.40497,0.05537,-54.46,4.428,-1,0.0000,-1.00,0.0000,0
246595,1790788043319,0.02184,0.00965,0.02163,0.21631,0.00927,0.14311,0.02112,0.09366,0.04799,0.08257,0.29476,0.03810,0.00431,0.00789,0.00640,0.19588,0.00298,0.17066,0.02374,0.11096,0.01857,0.09844,0.31936,0.04081,-55.11,3.537,-1,0.0000,-1.00,0.0000,0
246688,1790788043422,0.01129,0.01735,0.03342,0.15079,0.00810,0.18332,0.01617,0.03520,0.04628,0.06060,0.40104,0.03645,0.00596,0.01374,0.02572,0.09401,0.00171,0.21848,0.01492,0.03881,0.03681,0.07227,0.43723,0.04033,-54.82,4.813,-1,0.0000,-1.00,0.0000,0
246781,1790788043508,0.01322,0.03562,0.02495,0.17368,0.02082,0.10693,0.01370,0.04167,0.06430,0.08293,0.40979,0.01240,0.00637,0.03196,0.01108,0.11576,0.02240,0.12686,0.01005,0.04776,0.05410,0.09493,0.46587,0.01286,-54.28,4.917,-1,0.0000,-1.00,0.0000,0
246874,1790788043601,0.01900,0.07709,0.02067,0.16287,0.01940,0.07375,0.01486,0.04602,0.13639,0.04834,0.35799,0.02362,0.01224,0.06444,0.01399,0.11350,0.01780,0.08595,0.00430,0.05310,0.14092,0.05439,0.41191,0.02745,-54.68,4.296,-1,0.0000,-1.00,0.0000,0
246967,1790788043700,0.01959,0.07099,0.02313,0.17070,0.01016,0.05941,0.00948,0.07555,0.24297,0.03764,0.25291,0.02747,0.00628,0.03313,0.01901,0.14721,0.00584,0.06994,0.00479,0.08676,0.26195,0.04394,0.28919,0.03196,-55.28,3.035,-1,0.0000,-1.00,0.0000,0
247060,1790788043800,0.04619,0.05694,0.05095,0.10422,0.02327,0.04229,0.02727,0.13272,0.16224,0.06859,0.20101,0.08431,0.00751,0.05129,0.04509,0.07907,0.00875,0.04926,0.02201,0.15059,0.17870,0.08049,0.23109,0.09615,-55.57,2.412,-1,0.0000,-1.00,0.0000,0
247153,1790788043900,0.04763,0.03619,0.02091,0.17760,0.01157,0.03626,0.01267,0.20184,0.06760,0.03405,0.31915,0.03453,0.00980,0.03277,0.01718,0.13863,0.00596,0.04156,0.00868,0.23845,0.05344,0.03970,0.37418,0.03965,-56.16,3.830,-1,0.0000,-1.00,0.0000,0
247246,1790788044002,0.04536,0.08756,0.09279,0.10547,0.02143,0.03303,0.02859,0.13866,0.05147,0.05799,0.26164,0.07601,0.02461,0.09592,0.09773,0.06559,0.00822,0.03469,0.01524,0.14678,0.04867,0.06785,0.30663,0.08805,-56.04,3.140,-1,0.0000,-1.00,0.0000,0
247338,1790788044082,0.06043,0.02963,0.02214,0.14443,0.01389,0.02860,0.03358,0.25906,0.05223,0.04060,0.25046,0.06496,0.01154,0.02760,0.01699,0.11482,0.00258,0.03198,0.03476,0.30705,0.03982,0.04814,0.29377,0.07095,-55.44,3.109,-1,0.0000,-1.00,0.0000,0
247431,1790788044160,0.04615,0.01098,0.02461,0.17605,0.01135,0.06102,0.01619,0.21513,0.04319,0.04363,0.30217,0.04953,0.00490,0.00848,0.01922,0.14201,0.00252,0.07215,0.01746,0.25423,0.02357,0.05181,0.34777,0.05588,-55.35,3.626,-1,0.0000,-1.00,0.0000,0
247524,1790788044260,0.04281,0.03830,0.03148,0.16499,0.02392,0.03239,0.05200,0.12264,0.04638,0.05306,0.32410,0.06794,0.02256,0.04037,0.02562,0.12206,0.01465,0.03434,0.05430,0.14187,0.03100,0.06106,0.38154,0.07064,-55.60,3.889,-1,0.0000,-1.00,0.0000,0
247617,1790788044340,0.06340,0.02574,0.03198,0.20796,0.01346,0.02617,0.02247,0.27036,0.05067,0.02387,0.22297,0.04095,0.01274,0.02687,0.03293,0.19735,0.00715,0.02893,0.02159,0.31743,0.02159,0.02718,0.26144,0.04479,-55.53,3.244,-1,0.0000,-1.00,0.0000,0
247710,1790788044441,0.04296,0.01756,0.06757,0.14298,0.06957,0.02459,0.03734,0.21940,0.04472,0.05546,0.23510,0.04273,0.00214,0.01500,0.07073,0.11663,0.07486,0.02904,0.04177,0.24888,0.03047,0.05162,0.27594,0.04292,-55.64,2.821,-1,0.0000,-1.00,0.0000,0
247803,1790788044542,0.02619,0.04654,0.01903,0.15426,0.00831,0.01753,0.03525,0.11313,0.22636,0.03010,0.28911,0.03418,0.00377,0.00794,0.01578,0.11696,0.00343,0.02026,0.04057,0.13253,0.24802,0.03542,0.34241,0.03291,-55.48,3.469,-1,0.0000,-1.00,0.0000,0
247896,1790788044624,0.01602,0.05228,0.03666,0.11386,0.04608,0.02391,0.01469,0.05331,0.24312,0.03396,0.30029,0.06579,0.00801,0.00749,0.03745,0.06617,0.04023,0.02706,0.01612,0.05645,0.27820,0.03271,0.35446,0.07564,-55.34,3.604,-1,0.0000,-1.00,0.0000,0
247989,1790788044720,0.01789,0.05853,0.01992,0.25013,0.01166,0.03266,0.02587,0.06788,0.29473,0.02643,0.14741,0.04689,0.00601,0.01058,0.01775,0.26619,0.00397,0.03794,0.02890,0.07782,0.30039,0.03088,0.16911,0.05046,-55.20,3.537,-1,0.0000,-1.00,0.0000,0
248082,1790788044801,0.00881,0.02278,0.01436,0.30811,0.01456,0.01298,0.00893,0.03136,0.15554,0.04709,0.33228,0.04320,0.00331,0.00178,0.00632,0.29085,0.00759,0.01490,0.01015,0.03652,0.12872,0.05492,0.39520,0.04975,-54.57,3.987,-1,0.0000,-1.00,0.0000,0
248174,1790788044901,0.01581,0.01476,0.04667,0.19057,0.01901,0.05914,0.04701,0.04761,0.08902,0.08020,0.34551,0.04469,0.00790,0.00360,0.03743,0.14900,0.01435,0.06930,0.05561,0.04964,0.07713,0.09325,0.40026,0.04252,-54.64,4.146,-1,0.0000,-1.00,0.0000,0
248267,1790788045008,0.01202,0.01751,0.01111,0.17578,0.01212,0.09393,0.00679,0.05341,0.09153,0.02069,0.48116,0.02395,0.00186,0.00343,0.00872,0.10074,0.00913,0.11218,0.00746,0.06227,0.08951,0.02317,0.55431,0.02722,-54.71,5.774,-1,0.0000,-1.00,0.0000,0
248360,1790788045100,0.02157,0.02750,0.02530,0.19155,0.01462,0.09352,0.01655,0.08212,0.04618,0.03175,0.41924,0.03010,0.00676,0.02808,0.02320,0.13430,0.01084,0.11087,0.01427,0.09380,0.02867,0.03593,0.48037,0.03292,-54.45,5.031,-1,0.0000,-1.00,0.0000,0
248453,1790788045200,0.01819,0.00789,0.02451,0.18992,0.01259,0.05295,0.04561,0.05560,0.03411,0.02297,0.48922,0.04644,0.00944,0.00582,0.02416,0.11378,0.00614,0.06157,0.05299,0.06234,0.01832,0.02630,0.57399,0.04514,-54.37,5.871,-1,0.0000,-1.00,0.0000,0
248546,1790788045280,0.01096,0.00481,0.01634,0.15928,0.02430,0.16180,0.03847,0.02162,0.03847,0.02052,0.42359,0.07985,0.00857,0.00081,0.01483,0.09779,0.01185,0.19228,0.04588,0.02302,0.02497,0.02398,0.46945,0.08658,-54.53,5.083,-1,0.0000,-1.00,0.0000,0
248639,1790788045380,0.01590,0.00518,0.02205,0.14300,0.05467,0.08478,0.04235,0.05762,0.03705,0.02244,0.36898,0.14598,0.00588,0.00101,0.02238,0.08765,0.03275,0.10045,0.04956,0.06558,0.02702,0.02039,0.42221,0.16509,-54.52,4.428,-1,0.0000,-1.00,0.0000,0
248732,1790788045461,0.01170,0.00870,0.03116,0.17002,0.05393,0.05854,0.01667,0.04300,0.05212,0.05059,0.31581,0.18776,0.00479,0.00321,0.02613,0.13143,0.02059,0.06938,0.01912,0.04657,0.03640,0.05654,0.36466,0.22119,-54.84,3.790,-1,0.0000,-1.00,0.0000,0
248825,1790788045560,0.01977,0.01235,0.02758,0.17255,0.03472,0.03968,0.05156,0.06077,0.05424,0.03854,0.38914,0.09909,0.01062,0.00648,0.02470,0.11611,0.02052,0.04544,0.05920,0.06922,0.04198,0.04211,0.45727,0.10635,-55.44,4.670,-1,0.0000,-1.00,0.0000,0
248917,1790788045643,0.01592,0.00690,0.01810,0.16488,0.05854,0.04881,0.02062,0.05757,0.04219,0.01963,0.42930,0.11754,0.00642,0.00216,0.01872,0.09784,0.04319,0.05727,0.02428,0.06527,0.03116,0.01496,0.50305,0.13567,-55.01,5.152,-1,0.0000,-1.00,0.0000,0
249010,1790788045740,0.02368,0.02480,0.04571,0.19383,0.04275,0.02523,0.03338,0.07364,0.07735,0.06335,0.27496,0.12134,0.01248,0.01794,0.04066,0.16803,0.02383,0.02775,0.03644,0.08018,0.05937,0.07118,0.32397,0.13817,-54.80,3.300,-1,0.0000,-1.00,0.0000,0
249103,1790788045842,0.01778,0.01653,0.01686,0.17735,0.03634,0.01467,0.01682,0.06589,0.08633,0.03837,0.37997,0.13309,0.00565,0.00498,0.01150,0.12289,0.01274,0.01646,0.01915,0.07669,0.07862,0.04392,0.45203,0.15537,-54.89,4.560,-1,0.0000,-1.00,0.0000,0
249196,1790788045923,0.01915,0.03124,0.02309,0.16438,0.03775,0.03122,0.04785,0.06970,0.09409,0.03385,0.31470,0.13297,0.00656,0.02042,0.02024,0.12363,0.01572,0.03611,0.05257,0.08022,0.08824,0.03745,0.36993,0.14891,-55.17,3.776,-1,0.0000,-1.00,0.0000,0
249289,1790788046021,0.01622,0.02643,0.01782,0.23830,0.01945,0.02921,0.03406,0.02704,0.11805,0.02493,0.37062,0.07788,0.01362,0.01146,0.01565,0.19877,0.00631,0.03230,0.03854,0.02929,0.10194,0.02873,0.43769,0.08568,-55.05,4.447,-1,0.0000,-1.00,0.0000,0
249382,1790788046100,0.01686,0.02548,0.03247,0.19985,0.02711,0.01556,0.01602,0.03112,0.14078,0.07214,0.33620,0.08641,0.01377,0.00352,0.02227,0.16023,0.01274,0.01592,0.01790,0.03347,0.13693,0.08392,0.39970,0.09964,-53.97,4.034,-1,0.0000,-1.00,0.0000,0
249475,1790788046200,0.04762,0.07728,0.08264,0.10741,0.03570,0.11151,0.03261,0.08961,0.12306,0.05398,0.13213,0.10645,0.03984,0.06797,0.08688,0.10226,0.01873,0.12572,0.02560,0.09015,0.12691,0.06124,0.13340,0.12130,-53.61,1.586,-1,0.0000,-1.00,0.0000,0
249568,1790788046300,0.06078,0.05729,0.03344,0.18935,0.02003,0.04438,0.04799,0.14163,0.14896,0.06031,0.11512,0.08071,0.04016,0.04117,0.02601,0.20132,0.00676,0.04521,0.04910,0.16480,0.13858,0.07093,0.12898,0.08698,-53.78,2.272,-1,0.0000,-1.00,0.0000,0
249660,1790788046402,0.05669,0.09499,0.08870,0.10479,0.02425,0.03311,0.08103,0.14268,0.06761,0.04563,0.17546,0.08504,0.03720,0.10143,0.09591,0.08516,0.01183,0.03230,0.07552,0.15342,0.06414,0.05233,0.20384,0.08693,-54.09,2.106,-1,0.0000,-1.00,0.0000,0
249753,1790788046500,0.09872,0.02999,0.02250,0.14589,0.03263,0.05556,0.02068,0.09476,0.10154,0.04047,0.26534,0.09193,0.09648,0.01628,0.01806,0.11365,0.01810,0.04744,0.02148,0.11004,0.09914,0.04490,0.30853,0.10590,-54.87,3.184,-1,0.0000,-1.00,0.0000,0
249846,1790788046580,0.06466,0.03359,0.01147,0.22829,0.01320,0.02498,0.03532,0.05902,0.12666,0.03570,0.32058,0.04653,0.06464,0.01892,0.00553,0.19806,0.00666,0.01712,0.03849,0.06970,0.11250,0.04145,0.38074,0.04618,-54.78,3.847,-1,0.0000,-1.00,0.0000,0
249939,1790788046680,0.09344,0.11624,0.07915,0.14025,0.00980,0.03556,0.06028,0.05314,0.17019,0.02561,0.18192,0.03442,0.09416,0.11199,0.08896,0.12578,0.00537,0.02401,0.04758,0.04849,0.17899,0.02963,0.21323,0.03181,-54.21,2.183,-1,0.0000,-1.00,0.0000,0
250032,1790788046760,0.15410,0.02525,0.07040,0.18782,0.01154,0.03739,0.02447,0.05558,0.10855,0.20269,0.09961,0.02260,0.17260,0.01314,0.03638,0.20181,0.00955,0.01059,0.02672,0.05938,0.08906,0.24197,0.11726,0.02153,-53.36,2.432,-1,0.0000,-1.00,0.0000,0
250125,1790788046862,0.30926,0.02434,0.03252,0.19035,0.00759,0.06543,0.02052,0.05275,0.07776,0.10086,0.10334,0.01527,0.35863,0.01870,0.01526,0.20383,0.00629,0.00731,0.02088,0.06019,0.05277,0.11961,0.12237,0.01416,-52.96,3.711,-1,0.0000,-1.00,0.0000,0
250218,1790788046940,0.21036,0.02768,0.01412,0.18501,0.01417,0.04157,0.02166,0.09425,0.12187,0.03407,0.21518,0.02006,0.23004,0.01096,0.00930,0.17074,0.01304,0.00432,0.02378,0.11108,0.11203,0.03840,0.25698,0.01932,-53.06,2.582,-1,0.0000,-1.00,0.0000,0
250311,1790788047040,0.15742,0.03158,0.02750,0.17581,0.01407,0.03472,0.01576,0.07254,0.12736,0.06915,0.23685,0.03725,0.17205,0.01367,0.01687,0.15469,0.00865,0.00749,0.01617,0.08358,0.12194,0.08114,0.28231,0.04142,-53.32,2.842,-1,0.0000,-1.00,0.0000,0
250403,1790788047140,0.24559,0.03469,0.00973,0.17276,0.00949,0.06096,0.02193,0.04555,0.13482,0.01791,0.21825,0.02832,0.28346,0.01600,0.00759,0.15583,0.00555,0.01685,0.02311,0.05307,0.13049,0.02052,0.25818,0.02935,-54.43,2.947,-1,0.0000,-1.00,0.0000,0
250496,1790788047220,0.33266,0.01290,0.00517,0.15842,0.00644,0.07601,0.02029,0.05423,0.06622,0.00883,0.24170,0.01711,0.38583,0.00498,0.00426,0.13299,0.00455,0.01460,0.02300,0.06446,0.05288,0.00979,0.28672,0.01595,-55.00,3.992,-1,0.0000,-1.00,0.0000,0
250589,1790788047323,0.26880,0.02162,0.00658,0.15503,0.01696,0.05776,0.01986,0.06660,0.07383,0.01469,0.27917,0.01909,0.30644,0.01319,0.00499,0.11978,0.01663,0.00847,0.02078,0.07922,0.06444,0.01458,0.33284,0.01864,-54.83,3.350,-1,0.0000,-1.00,0.0000,0
250682,1790788047401,0.19388,0.01375,0.00499,0.18536,0.01810,0.04755,0.02192,0.06261,0.08027,0.01798,0.34532,0.00828,0.21754,0.00294,0.00252,0.14062,0.02074,0.01385,0.02569,0.07452,0.06825,0.01749,0.41103,0.00482,-54.51,4.144,-1,0.0000,-1.00,0.0000,0
250775,1790788047507,0.17867,0.00923,0.01713,0.17706,0.03944,0.04154,0.06706,0.05033,0.06310,0.02441,0.30508,0.02694,0.20271,0.00165,0.01638,0.14006,0.04399,0.00959,0.07968,0.05741,0.04745,0.02092,0.36366,0.01649,-54.23,3.661,-1,0.0000,-1.00,0.0000,0
250868,1790788047600,0.30876,0.00963,0.00479,0.12897,0.01556,0.06411,0.02502,0.03685,0.05248,0.01309,0.31639,0.02434,0.36131,0.00220,0.00319,0.07959,0.01401,0.00519,0.02939,0.04368,0.04711,0.01291,0.37808,0.02334,-53.99,3.797,-1,0.0000,-1.00,0.0000,0
250961,1790788047700,0.23301,0.01873,0.00474,0.13949,0.01169,0.04916,0.02831,0.07147,0.09601,0.01865,0.31195,0.01679,0.26241,0.00331,0.00169,0.09332,0.01136,0.00688,0.03326,0.08531,0.09650,0.02014,0.37243,0.01339,-53.94,3.743,-1,0.0000,-1.00,0.0000,0
251054,1790788047800,0.14888,0.02502,0.00569,0.20628,0.01059,0.03128,0.00681,0.04257,0.13970,0.01400,0.35435,0.01484,0.16843,0.00345,0.00387,0.16316,0.00951,0.00409,0.00735,0.05037,0.13505,0.01488,0.42379,0.01605,-54.03,4.252,-1,0.0000,-1.00,0.0000,0
251147,1790788047882,0.21974,0.02889,0.00924,0.14500,0.01178,0.04593,0.01294,0.06208,0.07429,0.02509,0.34095,0.02407,0.24861,0.02071,0.00545,0.09298,0.00883,0.00575,0.01106,0.07364,0.07059,0.02831,0.40740,0.02665,-54.17,4.091,-1,0.0000,-1.00,0.0000,0
251239,1790788048005,0.23369,0.02061,0.00317,0.12534,0.03282,0.05186,0.06495,0.02453,0.07761,0.01779,0.31686,0.03078,0.27366,0.00978,0.00095,0.07523,0.03500,0.00789,0.07589,0.02921,0.07808,0.01437,0.37811,0.02184,-54.52,3.802,-1,0.0000,-1.00,0.0000,0
251332,1790788048062,0.08934,0.05016,0.10700,0.14766,0.02584,0.02271,0.04275,0.02562,0.24680,0.03855,0.15883,0.04474,0.10131,0.00697,0.11990,0.13948,0.02142,0.00712,0.02716,0.02961,0.26807,0.04194,0.18891,0.04809,-54.37,2.962,-1,0.0000,-1.00,0.0000,0
251425,1790788048161,0.05371,0.02113,0.33743,0.07332,0.01416,0.01564,0.01377,0.11783,0.09966,0.02620,0.20993,0.01722,0.05193,0.00367,0.39856,0.03832,0.01357,0.00845,0.01558,0.06237,0.11150,0.02902,0.24987,0.01715,-54.61,4.049,-1,0.0000,-1.00,0.0000,0
251518,1790788048239,0.14096,0.04533,0.01740,0.13901,0.03560,0.04660,0.02787,0.08785,0.18509,0.03662,0.20570,0.03196,0.14880,0.01548,0.01358,0.11874,0.03639,0.02634,0.03015,0.10275,0.19824,0.03667,0.24126,0.03159,-54.37,2.468,-1,0.0000,-1.00,0.0000,0
251611,1790788048340,0.12123,0.03803,0.02318,0.11398,0.02621,0.03593,0.02601,0.09937,0.16797,0.03599,0.25014,0.06196,0.12430,0.00986,0.01994,0.07790,0.01809,0.01875,0.02921,0.11512,0.18583,0.03954,0.29601,0.06546,-53.96,3.002,-1,0.0000,-1.00,0.0000,0
251704,1790788048442,0.10329,0.02813,0.04258,0.14081,0.03164,0.04003,0.00942,0.10747,0.11901,0.02463,0.21031,0.14267,0.10108,0.01045,0.04535,0.11987,0.00466,0.02793,0.00922,0.11979,0.11884,0.02859,0.24646,0.16777,-54.10,2.524,-1,0.0000,-1.00,0.0000,0
251797,1790788048520,0.03599,0.01750,0.02377,0.22817,0.05680,0.03214,0.01060,0.06058,0.11159,0.02294,0.13779,0.26213,0.02914,0.00446,0.02328,0.24195,0.00625,0.03273,0.01168,0.06811,0.08575,0.02625,0.15862,0.31178,-54.24,3.146,-1,0.0000,-1.00,0.0000,0
251890,1790788048623,0.03335,0.02647,0.02117,0.24199,0.03342,0.09969,0.01007,0.06638,0.13672,0.03229,0.17833,0.12012,0.02476,0.01004,0.01802,0.25210,0.01193,0.11464,0.00992,0.07612,0.11310,0.03707,0.19095,0.14133,-54.89,2.904,-1,0.0000,-1.00,0.0000,0
251982,1790788048701,0.10004,0.00788,0.06349,0.17180,0.03955,0.09250,0.00475,0.09813,0.05509,0.02228,0.17405,0.17044,0.09949,0.00307,0.07107,0.16809,0.00715,0.09112,0.00508,0.10349,0.03269,0.02528,0.19050,0.20298,-55.55,2.089,-1,0.0000,-1.00,0.0000,0
252075,1790788048822,0.09226,0.01185,0.03979,0.15968,0.03393,0.06371,0.03004,0.06544,0.05571,0.03774,0.31206,0.09779,0.09640,0.00580,0.03946,0.11945,0.01879,0.05723,0.03475,0.07068,0.04307,0.04150,0.36258,0.11029,-55.67,3.745,-1,0.0000,-1.00,0.0000,0
252168,1790788048900,0.06120,0.01627,0.04714,0.17264,0.03415,0.07118,0.01299,0.09225,0.09363,0.04182,0.20518,0.15157,0.05305,0.00410,0.04677,0.16107,0.00555,0.07477,0.01475,0.10126,0.08023,0.04904,0.23103,0.17839,-55.11,2.462,-1,0.0000,-1.00,0.0000,0
252261,1790788049003,0.05807,0.00703,0.04474,0.23680,0.02681,0.05108,0.00409,0.07410,0.07260,0.11147,0.18875,0.12446,0.05368,0.00102,0.02725,0.24090,0.00295,0.05056,0.00464,0.08344,0.03923,0.13298,0.21615,0.14720,-54.96,2.842,-1,0.0000,-1.00,0.0000,0
252354,1790788049100,0.05549,0.00418,0.03492,0.18277,0.02794,0.06750,0.00850,0.12617,0.03631,0.04897,0.28795,0.11932,0.03857,0.00250,0.03035,0.15348,0.00569,0.07323,0.00969,0.14516,0.01264,0.05799,0.33052,0.14019,-54.61,3.455,-1,0.0000,-1.00,0.0000,0
252447,1790788049181,0.07250,0.00939,0.03764,0.22231,0.02948,0.05443,0.00958,0.08417,0.05446,0.08893,0.21714,0.11996,0.06762,0.00719,0.02412,0.21683,0.00723,0.05182,0.01005,0.09608,0.02155,0.10584,0.24992,0.14175,-54.86,2.668,-1,0.0000,-1.00,0.0000,0
252540,1790788049280,0.08009,0.01964,0.04963,0.15749,0.07218,0.04292,0.05833,0.08970,0.10446,0.05072,0.17645,0.09838,0.07635,0.00499,0.04990,0.14823,0.06584,0.03630,0.06885,0.09765,0.09529,0.04822,0.20423,0.10416,-54.73,2.117,-1,0.0000,-1.00,0.0000,0
252633,1790788049360,0.04181,0.00652,0.02193,0.28768,0.02112,0.01553,0.00712,0.06356,0.06306,0.02811,0.38029,0.06327,0.03580,0.00284,0.02002,0.25483,0.01059,0.01151,0.00788,0.07228,0.02505,0.03159,0.45339,0.07423,-54.01,4.563,-1,0.0000,-1.00,0.0000,0
252725,1790788049460,0.04232,0.00563,0.03077,0.22000,0.01278,0.02278,0.00686,0.07941,0.03420,0.03445,0.45547,0.05535,0.03297,0.00476,0.02878,0.15623,0.00245,0.02075,0.00728,0.08945,0.01001,0.04080,0.54165,0.06487,-54.44,5.466,-1,0.0000,-1.00,0.0000,0
252818,1790788049540,0.04345,0.00826,0.02528,0.18123,0.05397,0.03960,0.01731,0.05410,0.04440,0.05152,0.28960,0.19128,0.04006,0.00524,0.01884,0.14992,0.02003,0.03951,0.01971,0.06109,0.02348,0.05776,0.33918,0.22519,-55.06,3.475,-1,0.0000,-1.00,0.0000,0
252911,1790788049641,0.04413,0.03786,0.04340,0.15090,0.03239,0.05656,0.03158,0.17557,0.09902,0.03404,0.14764,0.14692,0.01291,0.02767,0.04412,0.14831,0.00518,0.06521,0.03235,0.20163,0.08925,0.03976,0.16398,0.16964,-54.90,2.107,-1,0.0000,-1.00,0.0000,0
253004,1790788049739,0.03084,0.04259,0.04671,0.16228,0.03130,0.04295,0.00744,0.06389,0.22803,0.08836,0.11720,0.13841,0.02350,0.00434,0.03507,0.16856,0.00235,0.04963,0.00800,0.06966,0.23982,0.10542,0.13060,0.16306,-54.84,2.736,-1,0.0000,-1.00,0.0000,0
253097,1790788049820,0.06552,0.05591,0.03255,0.13650,0.02111,0.03787,0.00503,0.12351,0.28053,0.07990,0.08330,0.07828,0.04969,0.00633,0.02029,0.14518,0.00689,0.03552,0.00472,0.14402,0.30737,0.09437,0.09277,0.09286,-55.28,3.366,-1,0.0000,-1.00,0.0000,0
253190,1790788049920,0.04540,0.03994,0.02408,0.21369,0.02191,0.04529,0.01066,0.10797,0.22791,0.06664,0.11326,0.08326,0.02925,0.00280,0.01330,0.23105,0.00695,0.04847,0.01214,0.12682,0.22728,0.07847,0.12610,0.09736,-55.86,2.735,-1,0.0000,-1.00,0.0000,0
253283,1790788050003,0.05828,0.03899,0.03610,0.09679,0.04141,0.03999,0.02166,0.09298,0.21407,0.08003,0.08904,0.19067,0.04668,0.00168,0.02445,0.09635,0.00533,0.03866,0.02559,0.10660,0.23741,0.09483,0.09902,0.22340,-56.44,2.569,-1,0.0000,-1.00,0.0000,0
253376,1790788050119,0.05643,0.02748,0.04881,0.08757,0.05574,0.06099,0.02944,0.12589,0.09028,0.05828,0.11402,0.24507,0.03948,0.01483,0.04483,0.08041,0.00985,0.06526,0.03233,0.14196,0.09124,0.06888,0.12369,0.28724,-55.34,2.941,-1,0.0000,-1.00,0.0000,0
253469,1790788050200,0.09465,0.05130,0.03762,0.11464,0.04204,0.05715,0.03478,0.07798,0.18173,0.06371,0.09665,0.14774,0.09601,0.02289,0.03058,0.11635,0.01672,0.04944,0.03670,0.08781,0.19459,0.07313,0.10601,0.16976,-54.88,2.181,-1,0.0000,-1.00,0.0000,0
253561,1790788050300,0.14820,0.05096,0.02170,0.12068,0.02348,0.09588,0.01766,0.07847,0.16250,0.05268,0.14434,0.08345,0.15912,0.02728,0.01385,0.11359,0.00893,0.08334,0.01570,0.09133,0.17220,0.06135,0.15643,0.09689,-55.36,1.950,-1,0.0000,-1.00,0.0000,0
253654,1790788050400,0.06176,0.05849,0.03203,0.07690,0.03202,0.10974,0.03011,0.08555,0.18033,0.09869,0.15680,0.07758,0.05403,0.02994,0.01563,0.05964,0.02111,0.12078,0.02988,0.09968,0.20356,0.11477,0.16394,0.08703,-55.46,2.164,-1,0.0000,-1.00,0.0000,0
253747,1790788050503,0.05759,0.08197,0.02910,0.06205,0.02767,0.10565,0.03365,0.12146,0.22696,0.06036,0.10592,0.08760,0.04078,0.04664,0.02107,0.05385,0.01357,0.11852,0.03108,0.14136,0.26128,0.06964,0.10342,0.09881,-55.53,2.724,-1,0.0000,-1.00,0.0000,0
253840,1790788050581,0.04153,0.05395,0.04803,0.06973,0.07681,0.03806,0.02697,0.05864,0.07726,0.04112,0.15738,0.31052,0.03774,0.04817,0.04852,0.04768,0.01862,0.03867,0.02276,0.06066,0.08312,0.04558,0.18092,0.36757,-54.84,3.726,-1,0.0000,-1.00,0.0000,0
253933,1790788050660,0.05679,0.04642,0.02691,0.05405,0.07802,0.03544,0.02879,0.09500,0.11926,0.06214,0.10122,0.29596,0.04258,0.03270,0.01831,0.04205,0.02428,0.03402,0.02802,0.11020,0.13388,0.07032,0.11454,0.34908,-54.85,3.552,-1,0.0000,-1.00,0.0000,0
254026,1790788050760,0.03441,0.08842,0.01391,0.11760,0.02604,0.06082,0.02429,0.05022,0.33889,0.05085,0.07675,0.11782,0.02868,0.03117,0.00472,0.12533,0.00400,0.06730,0.02277,0.05939,0.38111,0.06025,0.07862,0.13666,-55.55,4.067,-1,0.0000,-1.00,0.0000,0
254119,1790788050839,0.14771,0.09335,0.01081,0.05647,0.01317,0.07900,0.01733,0.03938,0.42296,0.03484,0.03712,0.04786,0.16776,0.01381,0.00487,0.06126,0.00511,0.06140,0.01770,0.04656,0.49462,0.04077,0.03231,0.05384,-55.43,5.075,-1,0.0000,-1.00,0.0000,0
254212,1790788050941,0.21318,0.06472,0.02799,0.06652,0.02446,0.13887,0.03553,0.06066,0.18899,0.04929,0.07917,0.05063,0.24191,0.03525,0.02254,0.06556,0.01855,0.11857,0.03558,0.06822,0.21333,0.05550,0.07136,0.05361,-54.97,2.558,-1,0.0000,-1.00,0.0000,0
254304,1790788051040,0.06585,0.09170,0.02915,0.05687,0.07374,0.08004,0.09437,0.03980,0.19611,0.05217,0.09141,0.12879,0.07040,0.06533,0.02487,0.04966,0.06154,0.08211,0.09999,0.04288,0.22472,0.05074,0.09325,0.13450,-53.67,2.353,-1,0.0000,-1.00,0.0000,0
254397,1790788051120,0.10474,0.11667,0.01833,0.08421,0.02646,0.10913,0.05658,0.06201,0.22488,0.04140,0.09501,0.06059,0.11128,0.08966,0.01286,0.08261,0.01927,0.10870,0.05002,0.07175,0.25291,0.04596,0.09229,0.06268,-53.08,2.699,-1,0.0000,-1.00,0.0000,0
254490,1790788051221,0.10553,0.06733,0.01765,0.10646,0.04096,0.09193,0.02731,0.06214,0.17562,0.02309,0.12392,0.15806,0.10613,0.04918,0.01609,0.10163,0.01244,0.08912,0.02294,0.07131,0.18999,0.02550,0.13082,0.18484,-53.45,2.107,-1,0.0000,-1.00,0.0000,0
254583,1790788051301,0.08480,0.03615,0.01904,0.07628,0.05100,0.06056,0.01383,0.17177,0.09058,0.02208,0.12933,0.24459,0.06162,0.02428,0.01770,0.06306,0.00329,0.06055,0.01176,0.20231,0.09603,0.02580,0.14296,0.29062,-53.41,2.935,-1,0.0000,-1.00,0.0000,0
254676,1790788051421,0.03981,0.05769,0.01945,0.11560,0.04153,0.11515,0.03366,0.11204,0.12354,0.03037,0.12106,0.19009,0.02173,0.04430,0.01632,0.11501,0.00584,0.13367,0.03155,0.13102,0.12523,0.03524,0.11856,0.22152,-53.71,2.281,-1,0.0000,-1.00,0.0000,0
254769,1790788051500,0.05143,0.05745,0.03085,0.08017,0.05427,0.04385,0.04081,0.13429,0.10289,0.01874,0.18708,0.19818,0.03101,0.04707,0.03271,0.05345,0.01950,0.04639,0.03957,0.15442,0.10983,0.02145,0.21497,0.22962,-53.35,2.378,-1,0.0000,-1.00,0.0000,0
254862,1790788051600,0.06808,0.05532,0.01199,0.06473,0.01519,0.02943,0.03846,0.28985,0.12130,0.01276,0.22607,0.06682,0.01317,0.03846,0.01148,0.02515,0.00372,0.03277,0.03841,0.34509,0.14036,0.01456,0.26439,0.07245,-52.97,3.478,-1,0.0000,-1.00,0.0000,0
254955,1790788051700,0.07443,0.05861,0.03839,0.06300,0.02448,0.05205,0.08555,0.19315,0.17337,0.01785,0.16019,0.05895,0.04484,0.03060,0.04251,0.03953,0.01909,0.05348,0.09575,0.22369,0.19990,0.01760,0.18135,0.05166,-53.01,2.318,-1,0.0000,-1.00,0.0000,0
255047,1790788051780,0.04616,0.09202,0.01112,0.10862,0.02560,0.06413,0.02777,0.06969,0.29922,0.01425,0.12715,0.11425,0.03916,0.04322,0.01011,0.10267,0.00451,0.06908,0.02471,0.08150,0.33819,0.01618,0.13867,0.13200,-53.46,3.591,-1,0.0000,-1.00,0.0000,0
255140,1790788051880,0.09550,0.03369,0.03388,0.05640,0.06141,0.05112,0.04181,0.16546,0.05251,0.03597,0.11837,0.25390,0.07683,0.02951,0.03264,0.04128,0.01488,0.04624,0.04413,0.19190,0.05474,0.04015,0.13266,0.29504,-53.89,3.047,-1,0.0000,-1.00,0.0000,0
255233,1790788051961,0.10807,0.01854,0.04894,0.07974,0.03955,0.02446,0.04666,0.32861,0.04774,0.02778,0.07941,0.15049,0.05347,0.01422,0.05258,0.07742,0.01378,0.01871,0.05292,0.38350,0.04184,0.03057,0.09145,0.16954,-53.55,3.943,-1,0.0000,-1.00,0.0000,0
255326,1790788052061,0.09773,0.01142,0.16873,0.07355,0.02039,0.02078,0.03326,0.35257,0.03679,0.01320,0.09442,0.07715,0.04117,0.00756,0.19933,0.06637,0.00737,0.01698,0.03829,0.38301,0.03091,0.01438,0.10977,0.08486,-54.02,4.231,-1,0.0000,-1.00,0.0000,0
255419,1790788052140,0.13653,0.01079,0.09743,0.09338,0.01361,0.02292,0.01254,0.39877,0.04472,0.00903,0.10834,0.05196,0.07338,0.00572,0.11477,0.08666,0.00451,0.01292,0.01389,0.45507,0.03637,0.00996,0.12725,0.05950,-54.48,4.785,-1,0.0000,-1.00,0.0000,0
255512,1790788052240,0.09624,0.01201,0.18862,0.09950,0.01988,0.01814,0.01161,0.31728,0.04576,0.01442,0.09167,0.08488,0.05028,0.00743,0.22270,0.09792,0.00446,0.01177,0.01236,0.33611,0.03511,0.01669,0.10751,0.09766,-54.95,3.807,-1,0.0000,-1.00,0.0000,0
255605,1790788052341,0.06387,0.01578,0.15386,0.13056,0.01555,0.03053,0.04553,0.19953,0.06871,0.04843,0.15858,0.06908,0.03593,0.00730,0.17303,0.11993,0.00431,0.02946,0.05311,0.20478,0.05855,0.05717,0.18417,0.07225,-54.93,2.394,-1,0.0000,-1.00,0.0000,0
255698,1790788052420,0.04199,0.02018,0.11522,0.13622,0.02811,0.01701,0.02205,0.16771,0.07328,0.04888,0.20270,0.12666,0.01501,0.01177,0.12662,0.11576,0.00447,0.01748,0.02408,0.17585,0.06479,0.05775,0.23942,0.14699,-54.80,2.432,-1,0.0000,-1.00,0.0000,0
255791,1790788052520,0.05194,0.02388,0.06136,0.10074,0.04843,0.11965,0.04621,0.08384,0.05594,0.11982,0.07513,0.21306,0.04316,0.02032,0.04544,0.10816,0.00939,0.13481,0.05030,0.09249,0.04559,0.14171,0.06330,0.24533,-55.07,2.557,-1,0.0000,-1.00,0.0000,0
255883,1790788052600,0.02598,0.03315,0.02056,0.09974,0.09094,0.05567,0.01432,0.03797,0.07806,0.04161,0.06650,0.43551,0.02353,0.02537,0.01498,0.10615,0.00617,0.06204,0.01213,0.04253,0.07242,0.04871,0.06738,0.51860,-55.09,5.226,-1,0.0000,-1.00,0.0000,0
255976,1790788052721,0.05133,0.04540,0.03819,0.10324,0.04269,0.05034,0.12255,0.05418,0.07867,0.09946,0.13168,0.18227,0.04914,0.03982,0.02265,0.09441,0.01331,0.05058,0.13895,0.06043,0.07549,0.11660,0.14776,0.19086,-54.72,2.187,-1,0.0000,-1.00,0.0000,0
256069,1790788052800,0.06069,0.02571,0.03803,0.06691,0.05009,0.05997,0.12178,0.03422,0.04893,0.08815,0.22096,0.18455,0.06551,0.02036,0.02548,0.03001,0.02175,0.05887,0.14145,0.03639,0.05268,0.10132,0.25309,0.19309,-54.57,2.652,-1,0.0000,-1.00,0.0000,0
256162,1790788052900,0.20524,0.02018,0.02891,0.06305,0.02467,0.16269,0.02970,0.05485,0.07270,0.07457,0.15832,0.10512,0.23345,0.00871,0.01715,0.04378,0.00591,0.14866,0.03362,0.06257,0.07843,0.08818,0.16024,0.11929,-54.68,2.463,-1,0.0000,-1.00,0.0000,0
256255,1790788053011,0.12722,0.03057,0.01645,0.09167,0.04587,0.10131,0.02491,0.11522,0.10251,0.04100,0.15689,0.14639,0.12546,0.01532,0.01076,0.07637,0.02124,0.09652,0.02660,0.13614,0.10747,0.04513,0.16885,0.17014,-54.94,1.883,-1,0.0000,-1.00,0.0000,0
256348,1790788053081,0.04917,0.01097,0.03180,0.09294,0.05358,0.01133,0.02258,0.13041,0.05907,0.03138,0.27345,0.23332,0.02972,0.00121,0.03105,0.04671,0.00999,0.00769,0.02598,0.15095,0.06152,0.03562,0.32613,0.27343,-55.16,3.281,-1,0.0000,-1.00,0.0000,0
256441,1790788053179,0.08822,0.01780,0.01406,0.13787,0.04296,0.02097,0.06967,0.10279,0.07460,0.02548,0.24630,0.15927,0.08126,0.00827,0.01141,0.10708,0.01616,0.00971,0.08154,0.12121,0.06806,0.02742,0.29320,0.17468,-54.97,2.956,-1,0.0000,-1.00,0.0000,0
256534,1790788053260,0.10362,0.01005,0.02309,0.13922,0.03257,0.02635,0.01760,0.13897,0.05478,0.03408,0.28768,0.13200,0.09113,0.00361,0.01990,0.09902,0.00845,0.01351,0.01979,0.16315,0.04601,0.03915,0.34203,0.15424,-55.27,3.452,-1,0.0000,-1.00,0.0000,0
256626,1790788053360,0.11294,0.01479,0.04161,0.11112,0.03393,0.02641,0.05565,0.13910,0.06921,0.03637,0.27862,0.08026,0.10394,0.00393,0.04216,0.06741,0.02384,0.01138,0.06590,0.15832,0.06956,0.03885,0.33159,0.08310,-55.48,3.343,-1,0.0000,-1.00,0.0000,0
256719,1790788053440,0.04799,0.01981,0.02435,0.11752,0.03919,0.04262,0.05798,0.09566,0.08391,0.05516,0.33294,0.08287,0.04114,0.00634,0.01726,0.06342,0.03108,0.04292,0.06767,0.11175,0.08778,0.06013,0.39043,0.08009,-55.53,3.995,-1,0.0000,-1.00,0.0000,0
256812,1790788053539,0.08632,0.02677,0.03436,0.08362,0.04745,0.03854,0.07151,0.16824,0.09093,0.10939,0.16593,0.07694,0.06413,0.01294,0.01681,0.06210,0.04185,0.03347,0.08312,0.19826,0.09652,0.12290,0.19219,0.07571,-55.54,2.019,-1,0.0000,-1.00,0.0000,0
256905,1790788053641,0.11030,0.06852,0.02006,0.10532,0.03668,0.07816,0.02929,0.08853,0.11533,0.05715,0.17509,0.11558,0.11402,0.05817,0.01114,0.08740,0.01791,0.07105,0.02356,0.10388,0.12074,0.06505,0.19572,0.13137,-55.27,2.101,-1,0.0000,-1.00,0.0000,0
256998,1790788053720,0.08384,0.09309,0.04113,0.10971,0.02435,0.06481,0.04681,0.05392,0.10492,0.06300,0.23389,0.08052,0.08763,0.09030,0.03476,0.07827,0.01139,0.06029,0.03421,0.06170,0.11020,0.07324,0.26830,0.08970,-55.26,2.807,-1,0.0000,-1.00,0.0000,0
257091,1790788053820,0.04136,0.06835,0.05779,0.13209,0.02800,0.05642,0.02152,0.04804,0.15055,0.06991,0.24793,0.07804,0.04006,0.05014,0.05325,0.10173,0.01560,0.05966,0.01191,0.05094,0.16023,0.08067,0.28525,0.09055,-55.28,2.975,-1,0.0000,-1.00,0.0000,0
257184,1790788053900,0.03795,0.09770,0.02663,0.12390,0.02190,0.03992,0.02141,0.05327,0.27093,0.09770,0.11308,0.09562,0.03316,0.05755,0.00887,0.12322,0.00409,0.04126,0.01424,0.06208,0.30021,0.11625,0.12731,0.11175,-54.92,3.251,-1,0.0000,-1.00,0.0000,0
257277,1790788054019,0.05667,0.12268,0.02987,0.10274,0.03478,0.04887,0.04439,0.09786,0.13072,0.09279,0.13829,0.10035,0.04523,0.11957,0.01449,0.09222,0.01878,0.04980,0.02948,0.11439,0.13835,0.10746,0.15583,0.11440,-54.50,1.659,-1,0.0000,-1.00,0.0000,0
257369,1790788054100,0.09364,0.07286,0.06452,0.19705,0.04111,0.03669,0.03967,0.08788,0.08054,0.02590,0.10846,0.15166,0.09415,0.07648,0.07173,0.21134,0.01451,0.02530,0.03238,0.09109,0.05461,0.02816,0.12494,0.17531,-54.38,2.365,-1,0.0000,-1.00,0.0000,0
257462,1790788054200,0.06496,0.06935,0.01844,0.29664,0.02768,0.02851,0.03013,0.09890,0.15252,0.03910,0.11461,0.05917,0.05479,0.05994,0.01346,0.32914,0.02005,0.02330,0.02380,0.11625,0.11683,0.04355,0.13271,0.06618,-54.74,3.560,-1,0.0000,-1.00,0.0000,0
257555,1790788054300,0.04972,0.18246,0.03192,0.12040,0.05505,0.10644,0.04746,0.04930,0.14650,0.06405,0.06812,0.07859,0.04876,0.18912,0.02492,0.13272,0.04806,0.11787,0.01937,0.05413,0.14923,0.06722,0.05826,0.09033,-55.16,2.189,-1,0.0000,-1.00,0.0000,0
257648,1790788054381,0.02024,0.18642,0.01818,0.13352,0.02863,0.16140,0.04671,0.05135,0.14870,0.04073,0.10584,0.05829,0.01276,0.19431,0.01265,0.14235,0.02126,0.19086,0.01726,0.05921,0.14846,0.04609,0.08898,0.06582,-55.62,2.237,-1,0.0000,-1.00,0.0000,0
257741,1790788054481,0.08086,0.04572,0.07382,0.08299,0.03109,0.14623,0.11942,0.05089,0.13418,0.05356,0.10593,0.07532,0.08526,0.02716,0.07669,0.08050,0.02448,0.15832,0.12699,0.05649,0.14482,0.05932,0.09554,0.06442,-54.65,1.755,-1,0.0000,-1.00,0.0000,0
257834,1790788054561,0.02620,0.12755,0.07278,0.11699,0.03493,0.14882,0.03033,0.07642,0.13323,0.03574,0.12996,0.06705,0.01636,0.12613,0.07939,0.11619,0.02638,0.17507,0.01134,0.07583,0.13472,0.03948,0.12102,0.07810,-53.86,1.786,-1,0.0000,-1.00,0.0000,0
257927,1790788054660,0.04774,0.14305,0.01823,0.07535,0.05857,0.13480,0.03813,0.04596,0.15754,0.06881,0.09823,0.11359,0.04234,0.14109,0.00718,0.07298,0.04389,0.15313,0.01752,0.05385,0.17409,0.07396,0.08734,0.13263,-54.14,1.890,-1,0.0000,-1.00,0.0000,0
258020,1790788054739,0.07791,0.06042,0.02123,0.20347,0.06634,0.06459,0.02435,0.07070,0.13919,0.06702,0.08181,0.12296,0.07274,0.05249,0.01152,0.22685,0.05101,0.06297,0.01861,0.08260,0.12181,0.07020,0.08554,0.14365,-53.77,2.442,-1,0.0000,-1.00,0.0000,0
258113,1790788054841,0.09137,0.06728,0.06192,0.18700,0.03230,0.07827,0.02110,0.08358,0.12525,0.04478,0.13699,0.07015,0.09212,0.05859,0.06435,0.19451,0.02230,0.07579,0.01348,0.08759,0.11112,0.04964,0.14913,0.08139,-53.46,2.244,-1,0.0000,-1.00,0.0000,0
258205,1790788054940,0.07572,0.12941,0.07672,0.08304,0.02864,0.09299,0.06955,0.08718,0.12287,0.06923,0.09795,0.06670,0.07286,0.12948,0.07630,0.08004,0.02080,0.09698,0.05767,0.08934,0.13137,0.07883,0.09814,0.06819,-53.56,1.553,-1,0.0000,-1.00,0.0000,0
258298,1790788055024,0.02113,0.10471,0.01174,0.30082,0.02730,0.01291,0.01605,0.02538,0.29129,0.03717,0.05474,0.09677,0.01916,0.07028,0.00563,0.34791,0.00992,0.01167,0.00514,0.02945,0.28006,0.04257,0.06327,0.11494,-53.96,3.610,-1,0.0000,-1.00,0.0000,0
258391,1790788055119,0.06309,0.04557,0.03788,0.23599,0.02455,0.05438,0.02550,0.04015,0.17908,0.04829,0.14385,0.10166,0.06598,0.02212,0.03416,0.25066,0.00605,0.05208,0.02002,0.04749,0.16489,0.05667,0.16204,0.11785,-53.99,2.832,-1,0.0000,-1.00,0.0000,0
258484,1790788055219,0.07699,0.09305,0.19084,0.07566,0.02572,0.03233,0.03266,0.11127,0.14811,0.04272,0.08471,0.08595,0.07442,0.07925,0.21883,0.07149,0.01132,0.02399,0.02342,0.08995,0.16261,0.04963,0.09674,0.09834,-54.55,2.290,-1,0.0000,-1.00,0.0000,0
258577,1790788055319,0.06095,0.08226,0.04231,0.11969,0.02651,0.06580,0.04374,0.07802,0.20229,0.04808,0.15564,0.07473,0.05606,0.05485,0.03984,0.10911,0.01564,0.06773,0.04153,0.08559,0.22050,0.05478,0.17306,0.08131,-55.45,2.428,-1,0.0000,-1.00,0.0000,0
258670,1790788055400,0.02278,0.05742,0.02178,0.26788,0.02057,0.02558,0.03809,0.04268,0.10931,0.05196,0.30134,0.04061,0.01762,0.05282,0.01436,0.25048,0.01638,0.02716,0.03517,0.04829,0.08114,0.05920,0.35569,0.04169,-54.68,3.616,-1,0.0000,-1.00,0.0000,0
258763,1790788055500,0.10261,0.01873,0.01864,0.32906,0.02389,0.02910,0.02953,0.06814,0.12463,0.04073,0.17655,0.03838,0.10754,0.00671,0.01349,0.35289,0.02090,0.01356,0.03405,0.07897,0.07939,0.04466,0.20886,0.03899,-54.20,3.949,-1,0.0000,-1.00,0.0000,0
258856,1790788055600,0.05887,0.03056,0.09571,0.22583,0.03619,0.01879,0.01472,0.10065,0.12041,0.03105,0.21038,0.05685,0.04994,0.01769,0.10848,0.22112,0.03042,0.01261,0.01413,0.09910,0.10030,0.03131,0.24958,0.06531,-54.25,2.710,-1,0.0000,-1.00,0.0000,0
258948,1790788055680,0.05155,0.06868,0.00712,0.36373,0.02459,0.01732,0.01749,0.06270,0.23945,0.02147,0.09046,0.03544,0.04705,0.04172,0.00427,0.41480,0.02155,0.01143,0.01269,0.07428,0.20467,0.02148,0.10613,0.03995,-54.09,4.365,-1,0.0000,-1.00,0.0000,0
259041,1790788055779,0.06868,0.06078,0.06779,0.21767,0.02317,0.03569,0.02884,0.08358,0.20033,0.05086,0.11796,0.04465,0.06560,0.03498,0.06976,0.23397,0.01842,0.02976,0.02762,0.08632,0.19312,0.05783,0.13544,0.04718,-54.32,2.612,-1,0.0000,-1.00,0.0000,0
259134,1790788055859,0.06509,0.04060,0.00895,0.37147,0.01801,0.03242,0.01614,0.03828,0.21493,0.01999,0.14100,0.03312,0.06877,0.01422,0.00652,0.41262,0.01429,0.02530,0.01652,0.04457,0.17564,0.02122,0.16394,0.03641,-54.16,4.458,-1,0.0000,-1.00,0.0000,0
259227,1790788055960,0.04774,0.04123,0.02416,0.29878,0.01042,0.02504,0.04440,0.07433,0.14667,0.04641,0.21133,0.02948,0.03997,0.02670,0.01821,0.30868,0.00731,0.02208,0.04643,0.08693,0.11455,0.05417,0.24885,0.02612,-53.98,3.585,-1,0.0000,-1.00,0.0000,0
259320,1790788056041,0.02131,0.06341,0.14317,0.13916,0.02870,0.01328,0.03524,0.09782,0.13382,0.05756,0.19166,0.07488,0.00853,0.04899,0.15857,0.12178,0.01788,0.01423,0.03251,0.08578,0.13616,0.06546,0.22683,0.08328,-55.04,2.300,-1,0.0000,-1.00,0.0000,0
259413,1790788056142,0.06194,0.09972,0.04793,0.16098,0.02139,0.02576,0.04247,0.13709,0.17252,0.03651,0.15694,0.03674,0.04305,0.08521,0.04948,0.15649,0.01824,0.02234,0.03397,0.15448,0.17570,0.04013,0.18362,0.03729,-55.39,2.070,-1,0.0000,-1.00,0.0000,0
259506,1790788056239,0.07047,0.05173,0.05005,0.12902,0.07700,0.02975,0.08509,0.03764,0.18015,0.05876,0.16404,0.06632,0.07463,0.02651,0.04900,0.11645,0.08026,0.02085,0.09555,0.03653,0.19188,0.05539,0.19242,0.06053,-54.65,2.162,-1,0.0000,-1.00,0.0000,0
259599,1790788056320,0.09761,0.02893,0.02160,0.25796,0.01708,0.04303,0.04580,0.09897,0.17150,0.02005,0.12751,0.06997,0.09261,0.00656,0.02135,0.28011,0.00594,0.03320,0.05328,0.11464,0.14997,0.02285,0.14621,0.07327,-54.46,3.095,-1,0.0000,-1.00,0.0000,0
259691,1790788056420,0.06242,0.03297,0.01938,0.20661,0.05019,0.03331,0.11888,0.07771,0.16881,0.06705,0.09449,0.06818,0.05653,0.00839,0.00914,0.22625,0.04945,0.02871,0.13995,0.09213,0.15695,0.07101,0.10753,0.05396,-54.17,2.479,-1,0.0000,-1.00,0.0000,0
259784,1790788056520,0.08868,0.03415,0.02606,0.22146,0.02199,0.04155,0.03938,0.10004,0.15345,0.03638,0.20325,0.03360,0.08342,0.01305,0.02325,0.21850,0.01711,0.03626,0.04460,0.11527,0.14056,0.04020,0.23635,0.03143,-53.85,2.657,-1,0.0000,-1.00,0.0000,0
259877,1790788056622,0.08343,0.02000,0.02433,0.25132,0.05323,0.03133,0.06115,0.08900,0.11411,0.09854,0.12841,0.04516,0.07886,0.00804,0.00761,0.27157,0.05409,0.02369,0.07168,0.10514,0.08161,0.10864,0.14917,0.03990,-54.27,3.016,-1,0.0000,-1.00,0.0000,0
259970,1790788056700,0.09532,0.03111,0.02439,0.11020,0.04044,0.03646,0.09893,0.07300,0.16326,0.08612,0.19267,0.04812,0.09706,0.00222,0.00989,0.08747,0.03587,0.03020,0.11704,0.08657,0.17683,0.09754,0.22488,0.03445,-54.62,2.312,-1,0.0000,-1.00,0.0000,0
260063,1790788056800,0.10774,0.05285,0.01409,0.06004,0.03477,0.06005,0.03764,0.13461,0.26906,0.03597,0.11353,0.07964,0.09743,0.00141,0.00916,0.04705,0.02449,0.05264,0.04457,0.15973,0.31233,0.03899,0.12560,0.08660,-54.29,3.229,-1,0.0000,-1.00,0.0000,0
260156,1790788056900,0.10745,0.03626,0.02052,0.12537,0.02854,0.05948,0.02808,0.14322,0.14847,0.03296,0.19723,0.07243,0.09534,0.01261,0.01719,0.10543,0.01821,0.05237,0.03081,0.16853,0.15556,0.03732,0.22595,0.08069,-54.75,2.367,-1,0.0000,-1.00,0.0000,0
260249,1790788056981,0.03484,0.04095,0.01653,0.14769,0.03195,0.03037,0.04094,0.08181,0.14453,0.03424,0.30354,0.09263,0.02322,0.01904,0.01225,0.10611,0.01814,0.03178,0.04502,0.09586,0.15145,0.03812,0.35741,0.10160,-55.55,3.642,-1,0.0000,-1.00,0.0000,0
260342,1790788057081,0.05906,0.04584,0.04297,0.10448,0.03329,0.03312,0.08852,0.08367,0.11819,0.04349,0.24035,0.10701,0.05253,0.02986,0.04161,0.06925,0.01840,0.02928,0.10015,0.09201,0.12647,0.04988,0.28220,0.10837,-55.14,2.884,-1,0.0000,-1.00,0.0000,0
260434,1790788057160,0.05836,0.09991,0.01611,0.12686,0.03211,0.06129,0.05233,0.05417,0.19506,0.03524,0.13036,0.13822,0.05935,0.07881,0.01124,0.12347,0.00797,0.06167,0.04708,0.06268,0.20926,0.04064,0.14397,0.15386,-54.88,2.341,-1,0.0000,-1.00,0.0000,0
260527,1790788057259,0.03900,0.10681,0.02431,0.09251,0.04356,0.06366,0.03506,0.03079,0.17427,0.01881,0.18502,0.18622,0.04152,0.08939,0.02495,0.06958,0.00893,0.06825,0.02429,0.03195,0.19466,0.02113,0.20817,0.21720,-54.83,2.235,-1,0.0000,-1.00,0.0000,0
260620,1790788057341,0.01620,0.08472,0.01179,0.08356,0.05832,0.04934,0.04366,0.03283,0.18062,0.02882,0.13670,0.27345,0.01323,0.06173,0.00754,0.06987,0.00681,0.05653,0.04007,0.03785,0.20257,0.03318,0.15259,0.31802,-54.84,3.281,-1,0.0000,-1.00,0.0000,0
260713,1790788057440,0.03671,0.06277,0.02422,0.06092,0.06276,0.04999,0.07325,0.04177,0.13555,0.04689,0.10422,0.30094,0.03454,0.04523,0.01816,0.05033,0.00681,0.05306,0.07880,0.04645,0.15245,0.05484,0.11436,0.34497,-55.29,3.611,-1,0.0000,-1.00,0.0000,0
260806,1790788057541,0.04202,0.08496,0.03608,0.10861,0.04019,0.07680,0.03868,0.03528,0.25999,0.07225,0.12614,0.07900,0.04078,0.04635,0.02728,0.10347,0.03085,0.08394,0.03699,0.03703,0.29101,0.08046,0.13451,0.08733,-55.15,3.120,-1,0.0000,-1.00,0.0000,0
260899,1790788057621,0.02053,0.10020,0.04187,0.08241,0.05799,0.08215,0.06660,0.04918,0.19511,0.05101,0.08051,0.17243,0.01399,0.07747,0.03928,0.08338,0.03106,0.09566,0.06445,0.05115,0.21726,0.05497,0.07750,0.19384,-54.83,2.341,-1,0.0000,-1.00,0.0000,0
260992,1790788057720,0.04174,0.08170,0.02560,0.08052,0.05646,0.14717,0.04172,0.02572,0.15708,0.03649,0.12598,0.17982,0.04480,0.06369,0.02279,0.07316,0.02595,0.16792,0.03737,0.02630,0.17255,0.03975,0.11766,0.20806,-55.57,2.158,-1,0.0000,-1.00,0.0000,0
261085,1790788057821,0.03601,0.07576,0.03260,0.06258,0.04540,0.14331,0.04464,0.04095,0.20125,0.02660,0.13118,0.15972,0.03459,0.04501,0.03341,0.05031,0.01818,0.16486,0.04387,0.04314,0.23089,0.02855,0.12451,0.18268,-56.35,2.415,-1,0.0000,-1.00,0.0000,0
261178,1790788057921,0.04253,0.08701,0.05620,0.06011,0.03952,0.12077,0.03635,0.05458,0.21865,0.03509,0.12393,0.12524,0.03987,0.05442,0.05951,0.04799,0.01815,0.13747,0.03038,0.05599,0.25143,0.03950,0.12124,0.14405,-55.48,2.624,-1,0.0000,-1.00,0.0000,0
261270,1790788058000,0.07108,0.09070,0.02850,0.08756,0.08257,0.06435,0.06231,0.04153,0.11461,0.10690,0.10226,0.14764,0.07490,0.08639,0.01136,0.08307,0.06629,0.06226,0.05753,0.04751,0.12086,0.11495,0.11019,0.16469,-54.53,1.772,-1,0.0000,-1.00,0.0000,0
261363,1790788058100,0.09795,0.20032,0.02385,0.04599,0.01742,0.07567,0.05835,0.01925,0.21472,0.09030,0.08372,0.07245,0.11263,0.19136,0.00731,0.03791,0.00470,0.06865,0.03198,0.02162,0.24977,0.10727,0.08671,0.08008,-54.64,2.577,-1,0.0000,-1.00,0.0000,0
261456,1790788058200,0.04066,0.21519,0.02722,0.08070,0.03060,0.05907,0.04760,0.02136,0.21224,0.05570,0.11617,0.09348,0.04421,0.21047,0.01998,0.07154,0.01506,0.06202,0.01532,0.02164,0.24013,0.06376,0.12690,0.10898,-55.14,2.582,-1,0.0000,-1.00,0.0000,0
261549,1790788058281,0.04154,0.11603,0.01991,0.13907,0.02468,0.05050,0.07555,0.02253,0.31872,0.02519,0.04958,0.11670,0.04433,0.07029,0.01806,0.15690,0.00451,0.05207,0.07660,0.02342,0.35079,0.02929,0.04909,0.12465,-55.62,3.825,-1,0.0000,-1.00,0.0000,0
261642,1790788058381,0.03242,0.06692,0.03273,0.06517,0.03022,0.14409,0.03742,0.04106,0.27441,0.06393,0.08885,0.12278,0.02978,0.01765,0.02438,0.06354,0.00864,0.16675,0.04069,0.04502,0.31621,0.07489,0.07341,0.13905,-55.42,3.293,-1,0.0000,-1.00,0.0000,0
261735,1790788058460,0.05276,0.06617,0.04259,0.17812,0.04770,0.05046,0.05869,0.05467,0.18274,0.07221,0.07086,0.12303,0.05639,0.04368,0.03512,0.19853,0.03130,0.04928,0.06166,0.05855,0.17961,0.08032,0.07514,0.13042,-54.66,2.193,-1,0.0000,-1.00,0.0000,0
261828,1790788058564,0.02250,0.10349,0.01840,0.15145,0.02652,0.04240,0.14579,0.02769,0.17152,0.04243,0.12352,0.12430,0.02057,0.08961,0.01230,0.15397,0.00842,0.04673,0.15692,0.03075,0.17500,0.04917,0.13874,0.11783,-54.72,2.058,-1,0.0000,-1.00,0.0000,0
261921,1790788058640,0.02869,0.08311,0.02168,0.16785,0.01346,0.08480,0.14761,0.03078,0.24977,0.03807,0.06274,0.07144,0.02773,0.04772,0.01715,0.19001,0.00548,0.09636,0.16737,0.03351,0.26161,0.04453,0.05608,0.05242,-55.21,2.997,-1,0.0000,-1.00,0.0000,0
262013,1790788058740,0.04468,0.10774,0.01192,0.12591,0.02078,0.04554,0.07538,0.02472,0.33661,0.02355,0.09384,0.08933,0.04802,0.05426,0.00896,0.13036,0.00681,0.04505,0.07957,0.02785,0.37750,0.02686,0.10351,0.09127,-55.26,4.039,-1,0.0000,-1.00,0.0000,0
262106,1790788058840,0.04725,0.07142,0.02900,0.13061,0.01778,0.03142,0.08509,0.06211,0.19778,0.04514,0.20655,0.07587,0.04256,0.04312,0.02430,0.10858,0.00695,0.02922,0.09340,0.06961,0.21546,0.05271,0.24170,0.07239,-54.21,2.479,-1,0.0000,-1.00,0.0000,0
262199,1790788058920,0.04092,0.05499,0.02071,0.20669,0.01941,0.03420,0.10199,0.02590,0.15036,0.02797,0.22935,0.08752,0.04232,0.03907,0.01842,0.19449,0.00638,0.03318,0.11432,0.02752,0.14162,0.03225,0.26824,0.08220,-53.84,2.752,-1,0.0000,-1.00,0.0000,0
262292,1790788059019,0.02722,0.05224,0.03015,0.11659,0.09012,0.01594,0.09068,0.05991,0.16513,0.06106,0.16002,0.13095,0.01933,0.02740,0.02480,0.10230,0.08093,0.01527,0.10307,0.06701,0.17759,0.05712,0.18871,0.13648,-54.23,1.982,-1,0.0000,-1.00,0.0000,0
262385,1790788059120,0.03582,0.05781,0.01431,0.12218,0.06520,0.01727,0.04613,0.12056,0.21529,0.03550,0.23395,0.03597,0.01456,0.02210,0.01133,0.09152,0.07158,0.01781,0.05089,0.14221,0.23882,0.02935,0.27680,0.03301,-54.00,2.807,-1,0.0000,-1.00,0.0000,0
262478,1790788059221,0.01603,0.08880,0.03031,0.11549,0.02160,0.01699,0.10402,0.05393,0.29351,0.04513,0.15923,0.05497,0.00742,0.04074,0.02620,0.10130,0.01741,0.01888,0.11657,0.05943,0.33122,0.05101,0.18705,0.04276,-54.01,3.522,-1,0.0000,-1.00,0.0000,0
262571,1790788059301,0.03879,0.04551,0.01903,0.22688,0.02110,0.01264,0.13573,0.16181,0.15826,0.02283,0.08478,0.07265,0.00997,0.02685,0.01794,0.25223,0.01445,0.01317,0.15696,0.19068,0.13963,0.02449,0.09898,0.05465,-53.90,2.723,-1,0.0000,-1.00,0.0000,0
262664,1790788059400,0.03972,0.03407,0.01383,0.37390,0.00637,0.01084,0.06889,0.12706,0.18868,0.00968,0.09253,0.03443,0.01753,0.01322,0.01437,0.42642,0.00260,0.00952,0.07993,0.14940,0.14155,0.01108,0.10899,0.02541,-53.67,4.487,-1,0.0000,-1.00,0.0000,0
262757,1790788059508,0.05017,0.03642,0.04238,0.31906,0.01526,0.04029,0.02621,0.10348,0.14800,0.01259,0.14575,0.06039,0.03780,0.02222,0.04799,0.34929,0.00508,0.04078,0.02592,0.11557,0.10809,0.01408,0.16655,0.06664,-54.10,3.829,-1,0.0000,-1.00,0.0000,0
262849,1790788059583,0.03547,0.02288,0.02182,0.29963,0.03586,0.02043,0.02737,0.11964,0.09834,0.02821,0.17665,0.11372,0.01487,0.01669,0.01997,0.31791,0.01712,0.02154,0.02948,0.13940,0.05409,0.03114,0.20740,0.13041,-54.90,3.596,-1,0.0000,-1.00,0.0000,0
262942,1790788059680,0.02203,0.02070,0.04005,0.20869,0.05410,0.02506,0.09710,0.05943,0.09550,0.06438,0.11520,0.19775,0.01312,0.01099,0.03349,0.22377,0.02225,0.02743,0.11176,0.06698,0.06965,0.07316,0.13260,0.21480,-54.58,2.504,-1,0.0000,-1.00,0.0000,0
263035,1790788059760,0.03481,0.02587,0.03850,0.28278,0.02353,0.04565,0.01685,0.07380,0.11379,0.05728,0.18810,0.09904,0.02547,0.01561,0.03273,0.29611,0.00534,0.04965,0.01709,0.08194,0.07764,0.06758,0.21554,0.11529,-54.07,3.393,-1,0.0000,-1.00,0.0000,0
263128,1790788059860,0.02049,0.03584,0.03417,0.33139,0.03459,0.03866,0.01363,0.04117,0.17082,0.04381,0.10999,0.12544,0.01594,0.01712,0.03090,0.37265,0.01215,0.04316,0.01265,0.04349,0.13027,0.05063,0.12324,0.14780,-54.40,3.977,-1,0.0000,-1.00,0.0000,0
263221,1790788059941,0.03045,0.01888,0.05128,0.19549,0.03774,0.02680,0.01315,0.10951,0.09546,0.05661,0.19026,0.17437,0.01338,0.00742,0.04818,0.19021,0.00457,0.02946,0.01428,0.12167,0.07668,0.06692,0.22214,0.20508,-54.74,2.346,-1,0.0000,-1.00,0.0000,0
263314,1790788060043,0.03456,0.01982,0.02268,0.17868,0.05365,0.02055,0.04127,0.10893,0.09338,0.03928,0.13352,0.25368,0.01606,0.00876,0.01808,0.18323,0.00587,0.02145,0.04676,0.12789,0.07557,0.04590,0.15573,0.29471,-54.66,3.044,-1,0.0000,-1.00,0.0000,0
263407,1790788060140,0.03562,0.02509,0.03010,0.16713,0.04782,0.03441,0.10134,0.05996,0.06696,0.04725,0.17563,0.20871,0.02943,0.02076,0.02502,0.15993,0.01233,0.03540,0.11731,0.06688,0.04694,0.05575,0.20343,0.22683,-54.78,2.505,-1,0.0000,-1.00,0.0000,0
263500,1790788060221,0.04608,0.03928,0.01410,0.19871,0.03870,0.04436,0.02110,0.09870,0.11761,0.02552,0.18836,0.16748,0.03216,0.02686,0.01107,0.19519,0.00737,0.04678,0.01978,0.11625,0.10198,0.02936,0.21643,0.19676,-54.90,2.384,-1,0.0000,-1.00,0.0000,0
263592,1790788060340,0.03770,0.02959,0.06511,0.12338,0.04617,0.02655,0.02482,0.07999,0.15686,0.01470,0.22073,0.17440,0.02613,0.00462,0.07511,0.09645,0.01495,0.02663,0.02699,0.08279,0.16883,0.01465,0.25921,0.20362,-54.93,2.649,-1,0.0000,-1.00,0.0000,0
263685,1790788060420,0.02609,0.02731,0.09573,0.12097,0.03817,0.03277,0.02758,0.06600,0.12996,0.02968,0.27337,0.13237,0.02101,0.00505,0.10828,0.08140,0.01578,0.03510,0.03205,0.05761,0.13958,0.03243,0.32061,0.15109,-54.60,3.280,-1,0.0000,-1.00,0.0000,0
263778,1790788060520,0.04326,0.03042,0.03432,0.23271,0.03409,0.01859,0.04740,0.06085,0.16252,0.02335,0.16876,0.14373,0.03786,0.00725,0.03592,0.23934,0.00870,0.01477,0.05060,0.07054,0.14729,0.02625,0.19929,0.16219,-54.64,2.793,-1,0.0000,-1.00,0.0000,0
263871,1790788060600,0.12360,0.12272,0.05199,0.09820,0.02584,0.03147,0.07600,0.07301,0.14466,0.04240,0.14544,0.06468,0.13081,0.11799,0.05293,0.08359,0.01825,0.01177,0.06750,0.07716,0.15668,0.04727,0.17193,0.06412,-54.40,1.745,-1,0.0000,-1.00,0.0000,0
263964,1790788060701,0.11769,0.05605,0.02636,0.15172,0.01763,0.02705,0.02864,0.07424,0.14307,0.03039,0.27405,0.05313,0.12410,0.03777,0.02474,0.11700,0.00951,0.00781,0.02551,0.08536,0.14823,0.03453,0.32683,0.05860,-54.20,3.289,-1,0.0000,-1.00,0.0000,0
264057,1790788060800,0.08628,0.04462,0.00867,0.15243,0.01947,0.02099,0.02246,0.11884,0.14282,0.03046,0.29810,0.05488,0.07554,0.02399,0.00355,0.11223,0.01121,0.01018,0.02215,0.14170,0.14865,0.03450,0.35517,0.06113,-54.87,3.577,-1,0.0000,-1.00,0.0000,0
264150,1790788060881,0.11189,0.03001,0.00807,0.15217,0.02119,0.02086,0.02430,0.09436,0.12539,0.02347,0.32083,0.06745,0.11183,0.01035,0.00451,0.10624,0.01037,0.00289,0.02706,0.11218,0.12919,0.02607,0.38386,0.07546,-54.54,3.850,-1,0.0000,-1.00,0.0000,0
264243,1790788061002,0.09411,0.02085,0.01213,0.14396,0.01606,0.02653,0.02605,0.10034,0.09303,0.03290,0.39484,0.03920,0.08941,0.00633,0.00716,0.07926,0.01122,0.01407,0.02996,0.11881,0.09576,0.03720,0.47032,0.04050,-54.21,4.738,-1,0.0000,-1.00,0.0000,0
264335,1790788061062,0.18925,0.03066,0.00709,0.24461,0.01614,0.04591,0.02701,0.08664,0.11321,0.01390,0.18903,0.03656,0.20616,0.01998,0.00555,0.24876,0.01178,0.01414,0.02813,0.10298,0.08578,0.01487,0.22369,0.03817,-54.27,2.935,-1,0.0000,-1.00,0.0000,0
264428,1790788061160,0.08933,0.03816,0.00590,0.32038,0.01664,0.01843,0.04553,0.10416,0.14537,0.02223,0.15703,0.03685,0.08238,0.02483,0.00231,0.34682,0.01313,0.00575,0.04963,0.12435,0.10543,0.02403,0.18702,0.03431,-54.44,3.845,-1,0.0000,-1.00,0.0000,0
264521,1790788061240,0.08025,0.02909,0.00757,0.22362,0.00968,0.02068,0.04007,0.05785,0.13632,0.01881,0.35070,0.02535,0.08257,0.00984,0.00484,0.18497,0.00738,0.00841,0.04607,0.06835,0.12642,0.02133,0.41856,0.02124,-54.27,4.208,-1,0.0000,-1.00,0.0000,0
264614,1790788061340,0.03662,0.02605,0.01599,0.23089,0.00906,0.02319,0.02510,0.04648,0.15965,0.06377,0.32922,0.03396,0.03201,0.00210,0.00416,0.19930,0.00396,0.02145,0.02960,0.05493,0.15179,0.07563,0.39024,0.03483,-53.82,3.951,-1,0.0000,-1.00,0.0000,0
264707,1790788061440,0.05760,0.01748,0.02804,0.14339,0.06219,0.02500,0.03846,0.04486,0.06740,0.04439,0.42962,0.04157,0.05839,0.00856,0.02563,0.07049,0.06636,0.01838,0.04362,0.04945,0.06664,0.04017,0.51114,0.04116,-53.73,5.155,-1,0.0000,-1.00,0.0000,0
264800,1790788061520,0.07297,0.01285,0.01903,0.20916,0.01654,0.02336,0.02657,0.10232,0.08410,0.07968,0.32390,0.02951,0.06322,0.00260,0.00443,0.17429,0.01409,0.01546,0.03132,0.12172,0.06623,0.09268,0.38505,0.02890,-54.16,3.887,-1,0.0000,-1.00,0.0000,0
264893,1790788061640,0.09817,0.01861,0.02202,0.19549,0.01308,0.01968,0.01729,0.14592,0.09987,0.03896,0.31151,0.01939,0.08361,0.00488,0.01760,0.16052,0.01184,0.00701,0.01949,0.17162,0.08784,0.04434,0.37188,0.01937,-54.26,3.738,-1,0.0000,-1.00,0.0000,0
264986,1790788061720,0.13012,0.02288,0.01360,0.24179,0.00818,0.03195,0.01897,0.07759,0.11034,0.05330,0.28122,0.01006,0.13763,0.00998,0.00396,0.22336,0.00822,0.01100,0.02065,0.09228,0.08794,0.06224,0.33478,0.00796,-53.97,3.375,-1,0.0000,-1.00,0.0000,0
265079,1790788061820,0.10263,0.01706,0.01304,0.29295,0.01709,0.03219,0.01585,0.09419,0.10876,0.06117,0.19989,0.04519,0.10064,0.00656,0.00150,0.30428,0.01043,0.01863,0.01758,0.11267,0.07000,0.07122,0.23582,0.05067,-53.59,3.515,-1,0.0000,-1.00,0.0000,0
265171,1790788061901,0.10725,0.01680,0.01931,0.13572,0.03437,0.02220,0.03952,0.11735,0.09377,0.07720,0.30465,0.03186,0.10091,0.00150,0.00618,0.09051,0.03549,0.00660,0.04687,0.13958,0.09436,0.08553,0.36373,0.02874,-53.64,3.656,-1,0.0000,-1.00,0.0000,0
265264,1790788062006,0.15118,0.02185,0.01495,0.10120,0.01311,0.03145,0.01631,0.12024,0.10483,0.05282,0.33634,0.03573,0.15281,0.00292,0.00568,0.04166,0.00796,0.00739,0.01865,0.14326,0.11736,0.06171,0.40155,0.03906,-53.92,4.036,-1,0.0000,-1.00,0.0000,0
265357,1790788062101,0.07260,0.01558,0.02741,0.15966,0.01279,0.02019,0.02729,0.09359,0.08856,0.01545,0.44144,0.02543,0.06444,0.00214,0.02959,0.08690,0.01048,0.01142,0.03028,0.10828,0.08889,0.01643,0.52669,0.02447,-54.12,5.297,-1,0.0000,-1.00,0.0000,0
265450,1790788062180,0.07026,0.04031,0.02648,0.18823,0.01046,0.02797,0.01814,0.10800,0.16867,0.06969,0.24496,0.02683,0.05703,0.01698,0.01541,0.16823,0.00681,0.02228,0.01837,0.12635,0.16863,0.08228,0.28911,0.02851,-54.13,2.940,-1,0.0000,-1.00,0.0000,0
265543,1790788062280,0.03638,0.03746,0.04604,0.20586,0.03661,0.01700,0.04982,0.05937,0.17647,0.06781,0.15535,0.11184,0.02755,0.01431,0.03969,0.21035,0.01942,0.01490,0.05403,0.06611,0.16906,0.07810,0.18319,0.12330,-54.25,2.470,-1,0.0000,-1.00,0.0000,0
265636,1790788062361,0.06793,0.02256,0.04415,0.27451,0.02573,0.03294,0.02611,0.08891,0.12762,0.03472,0.16602,0.08882,0.06204,0.00813,0.04508,0.29056,0.01090,0.02717,0.02967,0.09760,0.09532,0.03944,0.19354,0.10055,-54.66,3.294,-1,0.0000,-1.00,0.0000,0
265729,1790788062460,0.03538,0.00863,0.01863,0.36791,0.02921,0.05511,0.01431,0.09135,0.09914,0.02580,0.14302,0.11151,0.02159,0.00289,0.01655,0.40929,0.00921,0.06175,0.01657,0.10618,0.03760,0.02915,0.15914,0.13008,-54.80,4.415,-1,0.0000,-1.00,0.0000,0
265822,1790788062540,0.03321,0.00732,0.02074,0.23472,0.03946,0.05068,0.00875,0.07642,0.06271,0.02874,0.24636,0.19090,0.02229,0.00277,0.01811,0.22495,0.00232,0.05630,0.00992,0.08800,0.03054,0.03398,0.28403,0.22678,-54.89,2.956,-1,0.0000,-1.00,0.0000,0
265914,1790788062640,0.03340,0.00748,0.02715,0.23315,0.03763,0.14206,0.00878,0.03118,0.06182,0.01805,0.22424,0.17505,0.03345,0.00366,0.02840,0.23253,0.00389,0.16359,0.00966,0.03186,0.02798,0.02086,0.23627,0.20784,-54.93,2.798,-1,0.0000,-1.00,0.0000,0
266007,1790788062740,0.07080,0.02014,0.08342,0.17423,0.02271,0.16362,0.01662,0.08699,0.07502,0.02064,0.20173,0.06409,0.06781,0.01309,0.09551,0.16803,0.01266,0.18261,0.01732,0.08530,0.05633,0.02246,0.20552,0.07337,-55.06,2.421,-1,0.0000,-1.00,0.0000,0
266100,1790788062820,0.07072,0.01130,0.08739,0.22468,0.03336,0.11594,0.01013,0.09564,0.08898,0.01896,0.15582,0.08706,0.06629,0.00229,0.10043,0.23715,0.01982,0.12578,0.01168,0.09469,0.05678,0.02162,0.16178,0.10169,-55.02,2.696,-1,0.0000,-1.00,0.0000,0
266193,1790788062940,0.04895,0.01329,0.07884,0.28442,0.02174,0.07882,0.01174,0.10544,0.10412,0.02849,0.15761,0.06654,0.03716,0.00325,0.08812,0.30678,0.01079,0.08707,0.01341,0.10889,0.06395,0.03199,0.17160,0.07698,-54.90,3.413,-1,0.0000,-1.00,0.0000,0
266286,1790788063021,0.05408,0.00807,0.03342,0.33050,0.02335,0.06101,0.00857,0.06401,0.08318,0.02200,0.21293,0.09886,0.05066,0.00389,0.03501,0.34791,0.00487,0.06306,0.00942,0.06983,0.03070,0.02540,0.24265,0.11659,-55.12,3.966,-1,0.0000,-1.00,0.0000,0
266379,1790788063123,0.05631,0.02483,0.02880,0.30291,0.03765,0.06313,0.04579,0.02943,0.08527,0.02338,0.15013,0.15237,0.06147,0.02275,0.02923,0.32979,0.01083,0.06352,0.05026,0.02957,0.03607,0.02660,0.16730,0.17261,-55.06,3.635,-1,0.0000,-1.00,0.0000,0
266472,1790788063199,0.06665,0.01183,0.04686,0.16219,0.09238,0.03740,0.02758,0.07654,0.07358,0.06981,0.18978,0.14539,0.06285,0.00321,0.04257,0.15053,0.07744,0.03236,0.03242,0.08328,0.05812,0.06850,0.22099,0.16775,-54.25,2.277,-1,0.0000,-1.00,0.0000,0
266565,1790788063299,0.08164,0.01610,0.03704,0.14760,0.00896,0.05414,0.00777,0.08782,0.05775,0.05655,0.42021,0.02443,0.07825,0.00868,0.03115,0.07898,0.00525,0.04936,0.00759,0.09905,0.05355,0.06672,0.49372,0.02770,-54.52,5.043,-1,0.0000,-1.00,0.0000,0
266657,1790788063401,0.06335,0.01961,0.05378,0.18095,0.02230,0.07991,0.01080,0.05280,0.07786,0.15777,0.22584,0.05505,0.06423,0.01176,0.02750,0.16645,0.01366,0.08343,0.01061,0.05782,0.06029,0.18633,0.25407,0.06386,-55.01,2.710,-1,0.0000,-1.00,0.0000,0
266750,1790788063507,0.02763,0.01088,0.05657,0.11858,0.01847,0.13301,0.01226,0.11347,0.04180,0.18078,0.22208,0.06447,0.00703,0.00694,0.02513,0.09555,0.00723,0.15808,0.01321,0.13110,0.03114,0.21519,0.23476,0.07463,-55.04,2.665,-1,0.0000,-1.00,0.0000,0
266843,1790788063580,0.04347,0.02325,0.06517,0.17155,0.03198,0.03379,0.01575,0.10509,0.06489,0.16610,0.17251,0.10644,0.03001,0.01933,0.03915,0.16596,0.01339,0.03513,0.01504,0.11817,0.04486,0.19638,0.19975,0.12284,-54.95,2.070,-1,0.0000,-1.00,0.0000,0
266936,1790788063661,0.06838,0.04249,0.05030,0.07980,0.03721,0.01729,0.01162,0.11269,0.21659,0.06369,0.16762,0.13232,0.05521,0.00343,0.04568,0.05619,0.01368,0.00977,0.01319,0.12602,0.24838,0.07361,0.19891,0.15593,-55.20,2.599,-1,0.0000,-1.00,0.0000,0
267029,1790788063760,0.03822,0.06992,0.02853,0.09635,0.03333,0.03408,0.01642,0.05337,0.34450,0.04638,0.16256,0.07635,0.03406,0.00502,0.02405,0.07818,0.02253,0.03408,0.01868,0.05918,0.39730,0.05111,0.18803,0.08778,-55.71,4.134,-1,0.0000,-1.00,0.0000,0
267122,1790788063840,0.06735,0.09797,0.02500,0.08630,0.01677,0.03238,0.01503,0.03179,0.44480,0.02557,0.11448,0.04256,0.07439,0.01477,0.02430,0.07716,0.01064,0.02405,0.01508,0.03327,0.51768,0.02853,0.13241,0.04772,-55.33,5.338,-1,0.0000,-1.00,0.0000,0
267215,1790788063940,0.08635,0.06306,0.02456,0.11250,0.01915,0.03482,0.01316,0.06120,0.31125,0.03218,0.17041,0.07135,0.08980,0.00544,0.02198,0.09527,0.00657,0.02392,0.01469,0.06897,0.35372,0.03761,0.19945,0.08258,-55.40,3.735,-1,0.0000,-1.00,0.0000,0
267308,1790788064042,0.06146,0.03977,0.04696,0.13332,0.02876,0.03436,0.06329,0.06596,0.18252,0.09221,0.13111,0.12028,0.05921,0.00945,0.03467,0.12977,0.00877,0.02943,0.07156,0.07457,0.19272,0.10901,0.15126,0.12960,-55.40,2.190,-1,0.0000,-1.00,0.0000,0
267401,1790788064120,0.04420,0.05744,0.01795,0.11608,0.02335,0.04008,0.19231,0.04082,0.15443,0.04828,0.13913,0.12594,0.04249,0.03756,0.01030,0.10760,0.00683,0.03961,0.22298,0.04687,0.16371,0.05650,0.15885,0.10670,-55.23,2.308,-1,0.0000,-1.00,0.0000,0
267493,1790788064242,0.06813,0.06238,0.01654,0.09739,0.02326,0.04699,0.14327,0.01521,0.18372,0.03742,0.21223,0.09345,0.07847,0.03378,0.01138,0.06792,0.01133,0.04158,0.16498,0.01597,0.20667,0.04259,0.24606,0.07927,-55.38,2.547,-1,0.0000,-1.00,0.0000,0
267586,1790788064320,0.03362,0.03908,0.01340,0.11724,0.02893,0.13554,0.09184,0.02265,0.11496,0.04874,0.24875,0.10523,0.03277,0.02529,0.00502,0.08753,0.01380,0.15591,0.10503,0.02615,0.12040,0.05567,0.26715,0.10527,-55.45,2.985,-1,0.0000,-1.00,0.0000,0
267679,1790788064420,0.02897,0.09044,0.01924,0.08952,0.03366,0.14325,0.05502,0.02558,0.17542,0.04248,0.15624,0.14018,0.02912,0.06972,0.01331,0.07668,0.00890,0.16605,0.05191,0.02821,0.19499,0.04914,0.15429,0.15768,-55.74,2.105,-1,0.0000,-1.00,0.0000,0
267772,1790788064506,0.04787,0.07463,0.06163,0.08061,0.02107,0.06446,0.05320,0.11856,0.11043,0.13417,0.16016,0.07322,0.03095,0.06566,0.04231,0.06134,0.00987,0.07110,0.05048,0.13393,0.11990,0.15907,0.17781,0.07759,-54.92,1.922,-1,0.0000,-1.00,0.0000,0
267865,1790788064601,0.04399,0.04229,0.03412,0.06336,0.06901,0.05030,0.02605,0.17612,0.12360,0.03590,0.09516,0.24010,0.01171,0.02415,0.03341,0.05560,0.02673,0.05795,0.02642,0.20441,0.13708,0.03772,0.10254,0.28229,-54.65,2.881,-1,0.0000,-1.00,0.0000,0
267958,1790788064700,0.03756,0.04379,0.01433,0.29735,0.03838,0.05500,0.03841,0.04948,0.22016,0.04464,0.10339,0.05751,0.03276,0.01411,0.00790,0.33408,0.03373,0.05971,0.04323,0.05773,0.19757,0.04680,0.11205,0.06034,-55.49,3.568,-1,0.0000,-1.00,0.0000,0
268051,1790788064780,0.13631,0.04864,0.01327,0.08097,0.01931,0.09857,0.09017,0.13342,0.19986,0.04721,0.07115,0.06112,0.13184,0.01417,0.00513,0.08374,0.01275,0.09198,0.10523,0.15885,0.22255,0.05437,0.06702,0.05238,-55.04,2.398,-1,0.0000,-1.00,0.0000,0
268144,1790788064879,0.11178,0.06885,0.01776,0.11599,0.02284,0.09719,0.12408,0.07228,0.12887,0.06609,0.09941,0.07486,0.11793,0.05702,0.00615,0.11902,0.01525,0.09308,0.13737,0.08539,0.13066,0.07633,0.10066,0.06113,-54.76,1.546,-1,0.0000,-1.00,0.0000,0
268236,1790788064960,0.06640,0.07182,0.00991,0.19566,0.03090,0.06432,0.06743,0.05041,0.19992,0.04253,0.07207,0.12864,0.06767,0.04721,0.00212,0.21984,0.00898,0.06395,0.07144,0.05998,0.19598,0.04918,0.07367,0.13998,-55.08,2.399,-1,0.0000,-1.00,0.0000,0
268329,1790788065057,0.13145,0.07224,0.00949,0.20959,0.02038,0.09795,0.01993,0.04575,0.21545,0.02163,0.09513,0.06101,0.14698,0.04450,0.00665,0.23201,0.01054,0.08823,0.01499,0.05358,0.21216,0.02383,0.09649,0.07004,-55.17,2.585,-1,0.0000,-1.00,0.0000,0
268422,1790788065140,0.06369,0.08867,0.03466,0.17811,0.02062,0.06598,0.02510,0.10110,0.24788,0.03628,0.09109,0.04683,0.05154,0.05709,0.03348,0.19449,0.01431,0.06884,0.01876,0.11451,0.25846,0.04063,0.09550,0.05240,-55.15,2.975,-1,0.0000,-1.00,0.0000,0
268515,1790788065237,0.04309,0.09026,0.03335,0.22638,0.01645,0.06551,0.03320,0.07288,0.22181,0.02596,0.12408,0.04702,0.03594,0.06508,0.03417,0.24459,0.00966,0.07137,0.02688,0.08055,0.21730,0.02919,0.13453,0.05073,-55.23,2.717,-1,0.0000,-1.00,0.0000,0
268608,1790788065337,0.05406,0.10158,0.02410,0.10651,0.05663,0.02701,0.13360,0.06027,0.18623,0.04491,0.13239,0.07272,0.04866,0.08391,0.02042,0.09707,0.05622,0.02271,0.14345,0.06817,0.20391,0.04266,0.15413,0.05870,-55.30,2.235,-1,0.0000,-1.00,0.0000,0
268701,1790788065417,0.06360,0.04937,0.01267,0.10021,0.04508,0.04429,0.03131,0.16411,0.14979,0.01836,0.11114,0.21007,0.03708,0.02813,0.01103,0.09547,0.00542,0.04572,0.03194,0.19446,0.16056,0.02092,0.12411,0.24516,-54.78,2.521,-1,0.0000,-1.00,0.0000,0
268794,1790788065541,0.05475,0.05382,0.02746,0.12695,0.03932,0.03632,0.01968,0.22527,0.11603,0.01770,0.09811,0.18459,0.01317,0.04206,0.02884,0.13043,0.00372,0.04105,0.01500,0.26446,0.11317,0.02047,0.10942,0.21821,-54.89,2.703,-1,0.0000,-1.00,0.0000,0
268887,1790788065619,0.09452,0.09585,0.01733,0.11877,0.03510,0.04016,0.03875,0.16125,0.13418,0.04262,0.06664,0.15483,0.07524,0.08834,0.01089,0.12780,0.00633,0.03333,0.02892,0.19106,0.13544,0.04981,0.07324,0.17960,-55.42,1.935,-1,0.0000,-1.00,0.0000,0
268979,1790788065720,0.05310,0.09167,0.01285,0.11327,0.03812,0.02436,0.03780,0.13035,0.19528,0.03076,0.09697,0.17547,0.03182,0.06914,0.00826,0.11359,0.00525,0.02288,0.03142,0.15472,0.21130,0.03600,0.11166,0.20397,-55.56,2.343,-1,0.0000,-1.00,0.0000,0
269072,1790788065800,0.07272,0.02727,0.09076,0.06608,0.04779,0.03569,0.01838,0.16751,0.07894,0.04453,0.13610,0.21422,0.05078,0.01659,0.09844,0.04815,0.00691,0.03297,0.01874,0.18121,0.08505,0.05198,0.15654,0.25264,-55.15,2.571,-1,0.0000,-1.00,0.0000,0
269165,1790788065902,0.02766,0.00981,0.06936,0.08616,0.08692,0.02635,0.00580,0.10305,0.03587,0.01164,0.11408,0.42331,0.01203,0.00632,0.08046,0.07729,0.00386,0.02919,0.00570,0.10752,0.02742,0.01342,0.13091,0.50589,-55.01,5.080,-1,0.0000,-1.00,0.0000,0
269258,1790788065999,0.03194,0.02199,0.17652,0.18299,0.02611,0.02793,0.02103,0.12746,0.06893,0.02517,0.17872,0.11121,0.01649,0.01698,0.20576,0.17800,0.00581,0.03020,0.02183,0.11194,0.04731,0.02901,0.20816,0.12852,-55.46,2.196,-1,0.0000,-1.00,0.0000,0
269351,1790788066080,0.03927,0.01998,0.13583,0.14477,0.02389,0.02867,0.01410,0.15625,0.07864,0.03871,0.21845,0.10146,0.01347,0.01260,0.15376,0.12282,0.00509,0.03169,0.01440,0.15674,0.06988,0.04538,0.25547,0.11871,-55.88,2.621,-1,0.0000,-1.00,0.0000,0
269444,1790788066180,0.05478,0.01280,0.17743,0.07129,0.03513,0.04686,0.01347,0.22179,0.06009,0.05374,0.11370,0.13892,0.02087,0.00344,0.20021,0.06046,0.00952,0.05219,0.01524,0.22629,0.06002,0.06251,0.12589,0.16335,-55.81,2.661,-1,0.0000,-1.00,0.0000,0
269537,1790788066261,0.02437,0.01882,0.11669,0.09243,0.06156,0.05322,0.02377,0.10296,0.05346,0.02711,0.13353,0.29207,0.00999,0.01306,0.13358,0.08147,0.00535,0.06185,0.02589,0.09690,0.04788,0.03145,0.14774,0.34483,-55.10,3.505,-1,0.0000,-1.00,0.0000,0
269630,1790788066360,0.03359,0.00783,0.17036,0.09105,0.06599,0.02198,0.00900,0.17031,0.03633,0.01545,0.06204,0.31606,0.00760,0.00510,0.20064,0.09534,0.00448,0.02483,0.00978,0.16430,0.02464,0.01762,0.06942,0.37626,-55.07,3.793,-1,0.0000,-1.00,0.0000,0
269722,1790788066441,0.02966,0.04773,0.03625,0.10463,0.08385,0.01395,0.02163,0.11184,0.03737,0.02587,0.10113,0.38609,0.01077,0.05235,0.03763,0.10192,0.00944,0.01458,0.01554,0.12655,0.02443,0.02927,0.11829,0.45924,-55.60,4.633,-1,0.0000,-1.00,0.0000,0
269815,1790788066543,0.07466,0.08925,0.02619,0.10338,0.04971,0.06415,0.02319,0.16230,0.05728,0.03186,0.08676,0.23126,0.05185,0.09751,0.02399,0.10588,0.00497,0.06659,0.00845,0.18972,0.04758,0.03726,0.09076,0.27543,-56.05,2.775,-1,0.0000,-1.00,0.0000,0
269908,1790788066643,0.05170,0.04603,0.02975,0.09114,0.07827,0.07804,0.10594,0.06922,0.06935,0.05781,0.10543,0.21732,0.04504,0.04353,0.02373,0.08749,0.04681,0.08458,0.11823,0.07833,0.06561,0.06013,0.10957,0.23696,-55.48,2.608,-1,0.0000,-1.00,0.0000,0
270001,1790788066742,0.02586,0.08529,0.01793,0.14929,0.04600,0.11465,0.05831,0.03027,0.10326,0.04431,0.10536,0.21948,0.02424,0.08394,0.01113,0.15907,0.00507,0.13257,0.05322,0.03406,0.09207,0.05222,0.09997,0.25244,-55.34,2.634,-1,0.0000,-1.00,0.0000,0
270094,1790788066843,0.05883,0.07370,0.02268,0.21121,0.03919,0.06569,0.04192,0.04617,0.10638,0.05837,0.12893,0.14694,0.05985,0.07210,0.01384,0.22508,0.01347,0.06685,0.03593,0.05258,0.08285,0.06727,0.14124,0.16894,-55.20,2.535,-1,0.0000,-1.00,0.0000,0
270187,1790788066921,0.05000,0.02646,0.01379,0.29342,0.01529,0.04304,0.01541,0.06118,0.12322,0.02689,0.26328,0.06802,0.04578,0.01389,0.01022,0.29072,0.00279,0.04250,0.01571,0.07128,0.08989,0.03180,0.30705,0.07839,-54.81,3.521,-1,0.0000,-1.00,0.0000,0
270280,1790788067020,0.04690,0.02614,0.02374,0.30595,0.01553,0.02684,0.02545,0.08498,0.13879,0.03682,0.20640,0.06246,0.03659,0.01119,0.01990,0.31855,0.00490,0.02490,0.02828,0.09788,0.10315,0.04315,0.24238,0.06913,-54.99,3.671,-1,0.0000,-1.00,0.0000,0
270373,1790788067102,0.04284,0.01303,0.01497,0.35711,0.02088,0.02558,0.03914,0.06567,0.10359,0.01661,0.21482,0.08575,0.03558,0.00649,0.01425,0.37780,0.00643,0.02359,0.04523,0.07625,0.04923,0.01863,0.25273,0.09379,-55.03,4.285,-1,0.0000,-1.00,0.0000,0
270466,1790788067201,0.07679,0.00997,0.02675,0.28963,0.01952,0.05203,0.05605,0.11887,0.08639,0.01418,0.15700,0.09279,0.06490,0.00368,0.02884,0.31170,0.00396,0.04948,0.06639,0.13677,0.04173,0.01621,0.17832,0.09803,-54.91,3.476,-1,0.0000,-1.00,0.0000,0
270558,1790788067301,0.06753,0.12563,0.18588,0.05575,0.02215,0.04517,0.07959,0.11153,0.07585,0.03087,0.11633,0.08371,0.06286,0.13412,0.21577,0.04081,0.00936,0.04166,0.06855,0.09109,0.08280,0.03514,0.13114,0.08671,-54.76,2.231,-1,0.0000,-1.00,0.0000,0
270651,1790788067380,0.06360,0.02588,0.02734,0.16095,0.03120,0.03006,0.05581,0.03599,0.12430,0.05294,0.25948,0.13245,0.06828,0.00668,0.02051,0.13211,0.00846,0.02249,0.06463,0.03999,0.12275,0.06176,0.30646,0.14590,-54.90,3.114,-1,0.0000,-1.00,0.0000,0
270744,1790788067480,0.07834,0.04406,0.02788,0.19837,0.02928,0.03238,0.05379,0.08937,0.14238,0.04787,0.14436,0.11191,0.07379,0.02701,0.02244,0.20439,0.01006,0.02499,0.05910,0.10264,0.13008,0.05536,0.16802,0.12212,-55.07,2.380,-1,0.0000,-1.00,0.0000,0
270837,1790788067561,0.06857,0.07686,0.01939,0.18170,0.03611,0.02947,0.03695,0.08602,0.13925,0.03225,0.14290,0.15054,0.06235,0.06635,0.01585,0.18468,0.00873,0.02295,0.03112,0.09993,0.12991,0.03724,0.16668,0.17422,-54.81,2.180,-1,0.0000,-1.00,0.0000,0
270930,1790788067661,0.04101,0.14851,0.01516,0.13512,0.03078,0.02751,0.04556,0.06589,0.12464,0.03808,0.20269,0.12505,0.03381,0.15286,0.00944,0.11479,0.00812,0.02626,0.02401,0.07737,0.12659,0.04402,0.23767,0.14508,-54.42,2.432,-1,0.0000,-1.00,0.0000,0
271023,1790788067740,0.02039,0.22632,0.02741,0.06951,0.02887,0.03692,0.06089,0.04162,0.12890,0.03627,0.20917,0.11372,0.01372,0.24384,0.02447,0.03524,0.00854,0.04152,0.02462,0.04502,0.14698,0.04225,0.24240,0.13139,-54.68,2.716,-1,0.0000,-1.00,0.0000,0
271116,1790788067839,0.03355,0.27569,0.02784,0.05563,0.02051,0.02542,0.06347,0.07980,0.17423,0.05494,0.11402,0.07491,0.02217,0.29086,0.02061,0.04059,0.00759,0.02606,0.01828,0.09166,0.20072,0.06432,0.13145,0.08568,-55.06,3.308,-1,0.0000,-1.00,0.0000,0
271209,1790788067940,0.04234,0.09790,0.05691,0.09329,0.05031,0.02289,0.03000,0.06140,0.11196,0.04639,0.14391,0.24268,0.03744,0.09472,0.05731,0.07838,0.00331,0.02001,0.01699,0.06240,0.11862,0.05493,0.16848,0.28742,-54.86,2.912,-1,0.0000,-1.00,0.0000,0
271301,1790788068039,0.01755,0.08546,0.01059,0.14096,0.02769,0.01251,0.03273,0.04429,0.08262,0.00801,0.41546,0.12213,0.01092,0.08556,0.01098,0.07072,0.00504,0.01283,0.02219,0.05096,0.08498,0.00860,0.49527,0.14195,-54.55,4.985,-1,0.0000,-1.00,0.0000,0
271394,1790788068140,0.03937,0.10663,0.00783,0.13428,0.02395,0.02194,0.04095,0.10094,0.10166,0.02311,0.32313,0.07621,0.02335,0.10698,0.00433,0.08500,0.01169,0.02166,0.02778,0.12018,0.10487,0.02546,0.38289,0.08581,-54.62,3.878,-1,0.0000,-1.00,0.0000,0
271487,1790788068220,0.03706,0.14841,0.03339,0.06518,0.02315,0.06082,0.04937,0.05849,0.23278,0.16285,0.09403,0.03448,0.03065,0.12483,0.00215,0.05839,0.02092,0.06680,0.03441,0.06966,0.26735,0.19098,0.09943,0.03443,-55.50,2.793,-1,0.0000,-1.00,0.0000,0
271580,1790788068321,0.03035,0.17888,0.01578,0.09624,0.03836,0.04408,0.07110,0.04954,0.21034,0.06786,0.11940,0.07806,0.02641,0.16787,0.00396,0.08883,0.02979,0.04758,0.05180,0.05869,0.23443,0.07541,0.13364,0.08159,-55.50,2.524,-1,0.0000,-1.00,0.0000,0
271673,1790788068402,0.01765,0.07389,0.04082,0.05549,0.08317,0.13493,0.06249,0.03283,0.07358,0.16985,0.10353,0.15176,0.01470,0.07366,0.01117,0.04814,0.06630,0.15876,0.06028,0.03713,0.07862,0.19038,0.09258,0.16827,-53.94,2.038,-1,0.0000,-1.00,0.0000,0
271766,1790788068497,0.02622,0.08096,0.04888,0.02619,0.04142,0.08052,0.02685,0.02937,0.12890,0.24034,0.07288,0.19748,0.02450,0.06709,0.00162,0.01767,0.00347,0.09162,0.01887,0.03487,0.15096,0.28729,0.06917,0.23289,-53.62,2.884,-1,0.0000,-1.00,0.0000,0
271859,1790788068602,0.04346,0.11497,0.02925,0.09976,0.03015,0.11245,0.03368,0.03208,0.16119,0.13961,0.11959,0.08380,0.04454,0.10332,0.00249,0.09607,0.01701,0.12592,0.01984,0.03798,0.17378,0.16424,0.11833,0.09647,-54.57,1.934,-1,0.0000,-1.00,0.0000,0
271952,1790788068681,0.09322,0.10870,0.00445,0.17991,0.01683,0.03967,0.02675,0.09921,0.10359,0.01740,0.24731,0.06296,0.08837,0.11190,0.00137,0.15802,0.00556,0.03008,0.00983,0.11864,0.09257,0.01998,0.29037,0.07331,-55.05,2.968,-1,0.0000,-1.00,0.0000,0
272044,1790788068781,0.05442,0.11770,0.01394,0.18416,0.01864,0.04441,0.06044,0.12327,0.09601,0.03798,0.20380,0.04524,0.03693,0.12506,0.00821,0.17406,0.01360,0.04589,0.04762,0.14608,0.08054,0.04282,0.23510,0.04408,-54.88,2.446,-1,0.0000,-1.00,0.0000,0
272137,1790788068860,0.08861,0.06254,0.01497,0.20808,0.03956,0.04782,0.03286,0.04925,0.07224,0.04024,0.29279,0.05103,0.09487,0.06490,0.00981,0.18129,0.03632,0.03850,0.02651,0.05707,0.05062,0.04102,0.34320,0.05589,-54.88,3.513,-1,0.0000,-1.00,0.0000,0
272230,1790788068958,0.07555,0.09231,0.01033,0.22654,0.03294,0.02972,0.03566,0.07103,0.09141,0.01958,0.17565,0.13929,0.07377,0.09817,0.00799,0.23055,0.00727,0.02101,0.02325,0.08354,0.06370,0.02214,0.20630,0.16229,-55.01,2.718,-1,0.0000,-1.00,0.0000,0
272323,1790788069041,0.04299,0.06494,0.02240,0.17833,0.02022,0.03649,0.02806,0.05813,0.15834,0.04119,0.28660,0.06232,0.03839,0.04601,0.01744,0.14703,0.01039,0.03611,0.02446,0.06624,0.16044,0.04743,0.33625,0.06982,-54.43,3.439,-1,0.0000,-1.00,0.0000,0
272416,1790788069143,0.04045,0.07913,0.01281,0.13879,0.05466,0.04311,0.02569,0.03374,0.15124,0.04024,0.13122,0.24890,0.04143,0.06426,0.00608,0.13684,0.00723,0.04344,0.01804,0.03923,0.15410,0.04679,0.14862,0.29392,-54.47,2.987,-1,0.0000,-1.00,0.0000,0
272509,1790788069238,0.02202,0.07430,0.04730,0.21741,0.02849,0.02096,0.03142,0.04058,0.07610,0.07922,0.30903,0.05317,0.01946,0.07865,0.03843,0.18795,0.02243,0.02145,0.02175,0.04131,0.05236,0.09204,0.36604,0.05813,-54.41,3.708,-1,0.0000,-1.00,0.0000,0
272602,1790788069337,0.02660,0.01970,0.06738,0.24997,0.03451,0.02329,0.01265,0.06559,0.11237,0.03128,0.28092,0.07574,0.01866,0.00656,0.07425,0.23375,0.02387,0.02423,0.01342,0.06432,0.08831,0.03275,0.33180,0.08809,-53.49,3.371,-1,0.0000,-1.00,0.0000,0
272695,1790788069440,0.04806,0.02836,0.11986,0.15289,0.04969,0.03946,0.01538,0.07196,0.13431,0.06265,0.23921,0.03818,0.04432,0.00926,0.13075,0.12789,0.05128,0.03849,0.01659,0.06030,0.13558,0.06490,0.27899,0.04162,-53.44,2.870,-1,0.0000,-1.00,0.0000,0
272788,1790788069518,0.05776,0.03730,0.12287,0.14440,0.07063,0.02014,0.04036,0.04957,0.09933,0.06464,0.25487,0.03813,0.06311,0.02559,0.13485,0.11294,0.07735,0.01162,0.04323,0.03273,0.09635,0.06240,0.30309,0.03673,-53.15,3.058,-1,0.0000,-1.00,0.0000,0
272880,1790788069618,0.04387,0.01523,0.09276,0.26638,0.02819,0.01862,0.00870,0.07575,0.10464,0.03522,0.27472,0.03593,0.03814,0.00343,0.10378,0.25451,0.02549,0.01478,0.00733,0.07261,0.07493,0.03714,0.32626,0.04160,-53.36,3.297,-1,0.0000,-1.00,0.0000,0
272973,1790788069701,0.04251,0.04368,0.01495,0.21236,0.05421,0.02340,0.02699,0.05950,0.10471,0.03160,0.32361,0.06247,0.03757,0.03595,0.01095,0.17840,0.05117,0.02060,0.02371,0.07062,0.08267,0.03516,0.38368,0.06952,-54.59,3.883,-1,0.0000,-1.00,0.0000,0
273066,1790788069800,0.05330,0.03432,0.01904,0.26592,0.03968,0.02064,0.02633,0.10334,0.12230,0.05386,0.18409,0.07719,0.03976,0.02290,0.01120,0.27557,0.03018,0.01693,0.02701,0.12160,0.09191,0.05856,0.21722,0.08714,-54.76,3.191,-1,0.0000,-1.00,0.0000,0
273159,1790788069900,0.09552,0.03406,0.06423,0.15868,0.02823,0.02323,0.02330,0.14240,0.11330,0.04454,0.20796,0.06457,0.08316,0.01955,0.06714,0.14118,0.01943,0.01135,0.02404,0.15732,0.10777,0.04951,0.24694,0.07261,-54.94,2.496,-1,0.0000,-1.00,0.0000,0
273252,1790788069980,0.08994,0.08618,0.05218,0.08840,0.03281,0.01471,0.02496,0.21355,0.16198,0.02726,0.13620,0.07183,0.05859,0.06857,0.05674,0.07381,0.02290,0.00601,0.01631,0.24464,0.17839,0.02920,0.16201,0.08283,-55.46,2.563,-1,0.0000,-1.00,0.0000,0
273345,1790788070080,0.05085,0.04774,0.04628,0.23469,0.05246,0.02666,0.06824,0.05375,0.13765,0.04993,0.17656,0.05519,0.04927,0.03394,0.04565,0.24015,0.05256,0.02217,0.07159,0.05882,0.11733,0.04941,0.20717,0.05194,-54.67,2.816,-1,0.0000,-1.00,0.0000,0
273438,1790788070160,0.04606,0.03514,0.05157,0.11692,0.06971,0.01557,0.04942,0.05761,0.13656,0.06082,0.29603,0.06458,0.04265,0.01251,0.05002,0.07017,0.07026,0.01020,0.05264,0.06322,0.14927,0.05941,0.35270,0.06694,-54.26,3.552,-1,0.0000,-1.00,0.0000,0
273531,1790788070260,0.06557,0.03831,0.03016,0.08901,0.04757,0.04807,0.06593,0.15578,0.15421,0.03907,0.11887,0.14744,0.03846,0.01664,0.02785,0.08039,0.02495,0.04997,0.07570,0.18115,0.16884,0.04186,0.13253,0.16167,-54.77,1.869,-1,0.0000,-1.00,0.0000,0
273623,1790788070340,0.07968,0.04151,0.02851,0.11312,0.06078,0.06210,0.09189,0.05418,0.13369,0.06120,0.16984,0.10350,0.08701,0.02190,0.02171,0.09745,0.05312,0.05716,0.10577,0.06062,0.14087,0.06280,0.19218,0.09940,-55.45,2.038,-1,0.0000,-1.00,0.0000,0
273716,1790788070440,0.06244,0.05661,0.01691,0.11846,0.07096,0.08265,0.07210,0.06653,0.16589,0.05308,0.15399,0.08037,0.05942,0.03270,0.01037,0.10880,0.06907,0.08726,0.07988,0.07769,0.17721,0.04991,0.16722,0.08046,-55.61,1.991,-1,0.0000,-1.00,0.0000,0
273809,1790788070543,0.03949,0.03936,0.01497,0.12051,0.07693,0.04037,0.07959,0.03505,0.16924,0.05823,0.20368,0.12259,0.03924,0.01080,0.00672,0.09761,0.06672,0.04059,0.09316,0.04073,0.18344,0.05655,0.23601,0.12842,-54.99,2.444,-1,0.0000,-1.00,0.0000,0
273902,1790788070641,0.03830,0.03121,0.02073,0.16709,0.09181,0.02978,0.04640,0.02662,0.15231,0.08124,0.24795,0.06656,0.03922,0.00764,0.00919,0.14241,0.09632,0.02790,0.05397,0.03019,0.15357,0.07896,0.29157,0.06905,-55.15,2.975,-1,0.0000,-1.00,0.0000,0
273995,1790788070740,0.05328,0.02162,0.01420,0.14650,0.06620,0.06170,0.02771,0.02707,0.11722,0.03359,0.23188,0.19904,0.05713,0.00359,0.01034,0.12292,0.03332,0.06261,0.03246,0.03041,0.11602,0.03371,0.26543,0.23206,-55.43,2.783,-1,0.0000,-1.00,0.0000,0
274088,1790788070820,0.03365,0.02551,0.02383,0.08598,0.09588,0.05640,0.02194,0.05803,0.12722,0.04283,0.29680,0.13195,0.02820,0.00236,0.02172,0.03496,0.08484,0.06199,0.02561,0.06544,0.14551,0.03450,0.34334,0.15154,-55.26,3.562,-1,0.0000,-1.00,0.0000,0
274181,1790788070921,0.03416,0.02340,0.03390,0.13819,0.09277,0.03375,0.03438,0.08413,0.10958,0.04799,0.24001,0.12774,0.02203,0.00633,0.03245,0.10999,0.08235,0.03607,0.03897,0.09535,0.10950,0.04118,0.28044,0.14534,-55.18,2.880,-1,0.0000,-1.00,0.0000,0
274274,1790788070999,0.02553,0.07008,0.03414,0.11137,0.06223,0.04528,0.03389,0.04963,0.15758,0.02955,0.19042,0.19030,0.02093,0.05152,0.03508,0.09019,0.03098,0.05011,0.03040,0.05252,0.17080,0.02941,0.21823,0.21984,-55.09,2.285,-1,0.0000,-1.00,0.0000,0
274366,1790788071100,0.03904,0.11611,0.04808,0.06492,0.04087,0.06826,0.03102,0.04379,0.25023,0.02912,0.13062,0.13794,0.04212,0.08181,0.05122,0.04965,0.01777,0.07344,0.02095,0.04232,0.28912,0.03225,0.14195,0.15740,-55.11,3.003,-1,0.0000,-1.00,0.0000,0
274459,1790788071200,0.09165,0.12898,0.04160,0.07005,0.02842,0.06919,0.02938,0.03052,0.28554,0.03060,0.10773,0.08634,0.10635,0.08911,0.04314,0.06079,0.01430,0.06218,0.01754,0.02802,0.33010,0.03384,0.11676,0.09789,-55.54,3.427,-1,0.0000,-1.00,0.0000,0
274552,1790788071280,0.04040,0.15164,0.01623,0.07972,0.03793,0.05909,0.02460,0.02540,0.32361,0.02976,0.06971,0.14190,0.04164,0.10968,0.01286,0.08142,0.01213,0.06254,0.00743,0.02820,0.37162,0.03325,0.07113,0.16809,-55.61,3.883,-1,0.0000,-1.00,0.0000,0
274645,1790788071381,0.09344,0.09669,0.02771,0.09514,0.04196,0.11052,0.03277,0.04737,0.11854,0.02790,0.19974,0.10823,0.10172,0.09064,0.02740,0.07098,0.02495,0.11271,0.02097,0.05166,0.12722,0.02923,0.21699,0.12553,-54.70,2.397,-1,0.0000,-1.00,0.0000,0
274738,1790788071460,0.12337,0.03467,0.02324,0.11878,0.07923,0.04523,0.06458,0.03610,0.12802,0.03434,0.22051,0.09193,0.13757,0.01729,0.02266,0.09100,0.07600,0.02693,0.07396,0.03877,0.13528,0.02616,0.25888,0.09549,-54.32,2.646,-1,0.0000,-1.00,0.0000,0
274831,1790788071559,0.12935,0.05938,0.01648,0.10208,0.04146,0.07947,0.03261,0.04234,0.21098,0.02415,0.15436,0.10735,0.14553,0.02454,0.01494,0.08829,0.02486,0.06703,0.03420,0.04777,0.23508,0.02423,0.17167,0.12185,-55.00,2.532,-1,0.0000,-1.00,0.0000,0
274924,1790788071640,0.11895,0.06972,0.02090,0.09620,0.05767,0.08956,0.02899,0.03896,0.15619,0.05794,0.13943,0.12548,0.13371,0.05004,0.01262,0.08533,0.04026,0.08081,0.02453,0.04447,0.16901,0.06267,0.15105,0.14549,-55.80,1.874,-1,0.0000,-1.00,0.0000,0
275017,1790788071739,0.08645,0.04306,0.02632,0.09515,0.05235,0.09159,0.02194,0.06457,0.15189,0.07467,0.17420,0.11781,0.08885,0.01852,0.01520,0.07626,0.03563,0.09214,0.02261,0.07435,0.16688,0.08241,0.19047,0.13669,-55.61,2.090,-1,0.0000,-1.00,0.0000,0
275110,1790788071860,0.07541,0.05088,0.05871,0.12370,0.03059,0.09222,0.03471,0.05253,0.19531,0.04926,0.14137,0.09529,0.08021,0.01923,0.05925,0.11836,0.01551,0.09460,0.03778,0.05120,0.21057,0.05595,0.15064,0.10669,-54.60,2.344,-1,0.0000,-1.00,0.0000,0
275202,1790788071941,0.04901,0.03532,0.02794,0.17952,0.06764,0.04750,0.03873,0.02621,0.12078,0.03813,0.13522,0.23399,0.05519,0.02109,0.02550,0.18481,0.02729,0.04620,0.04222,0.02635,0.10809,0.04027,0.15287,0.27013,-54.44,2.808,-1,0.0000,-1.00,0.0000,0
275295,1790788072042,0.10050,0.02421,0.05251,0.10816,0.04786,0.06001,0.05347,0.10093,0.10166,0.06249,0.08762,0.20057,0.09485,0.01388,0.04850,0.11089,0.01213,0.05331,0.06131,0.11133,0.09958,0.07272,0.09443,0.22707,-54.33,2.407,-1,0.0000,-1.00,0.0000,0
275388,1790788072121,0.03450,0.07239,0.01495,0.04614,0.07844,0.02654,0.04255,0.08357,0.33230,0.02570,0.04638,0.19654,0.02191,0.00960,0.01374,0.04535,0.04921,0.02746,0.04847,0.09802,0.38918,0.02104,0.05013,0.22589,-53.14,3.988,-1,0.0000,-1.00,0.0000,0
275481,1790788072220,0.05147,0.07388,0.01031,0.08019,0.04595,0.07756,0.02598,0.03779,0.28175,0.01800,0.09107,0.20605,0.05302,0.02465,0.00836,0.07770,0.00714,0.08243,0.02624,0.04362,0.32220,0.02016,0.09278,0.24169,-53.40,3.381,-1,0.0000,-1.00,0.0000,0
275574,1790788072300,0.04085,0.07713,0.02915,0.14584,0.04029,0.07309,0.07498,0.06447,0.16797,0.02694,0.09044,0.16885,0.03402,0.05942,0.02897,0.15644,0.01124,0.08083,0.07806,0.07151,0.17026,0.03005,0.09235,0.18685,-54.92,2.026,-1,0.0000,-1.00,0.0000,0
275667,1790788072400,0.07643,0.10175,0.02506,0.15446,0.01724,0.05211,0.06244,0.10287,0.21240,0.04685,0.09849,0.04990,0.06284,0.08372,0.01934,0.16365,0.01125,0.04998,0.05823,0.11943,0.22206,0.05391,0.10811,0.04748,-55.30,2.549,-1,0.0000,-1.00,0.0000,0
275760,1790788072500,0.09940,0.05266,0.05774,0.09995,0.03138,0.04242,0.03306,0.22168,0.13090,0.04279,0.10792,0.08009,0.07147,0.03577,0.05983,0.09557,0.02039,0.03666,0.03252,0.25376,0.13790,0.04723,0.12205,0.08685,-55.46,2.660,-1,0.0000,-1.00,0.0000,0
275853,1790788072580,0.09932,0.03684,0.02629,0.10671,0.03901,0.03136,0.05233,0.25215,0.09112,0.04461,0.06508,0.15517,0.05971,0.02696,0.02138,0.11342,0.01193,0.02589,0.05612,0.29915,0.08670,0.05109,0.07285,0.17481,-55.52,3.026,-1,0.0000,-1.00,0.0000,0
275945,1790788072680,0.04983,0.06344,0.02222,0.16056,0.02156,0.04819,0.03613,0.16498,0.28836,0.03459,0.06910,0.04104,0.02126,0.01481,0.01881,0.17808,0.01767,0.05353,0.04036,0.19395,0.30875,0.03942,0.07218,0.04118,-55.20,3.460,-1,0.0000,-1.00,0.0000,0
276038,1790788072760,0.04559,0.05264,0.01668,0.21366,0.06214,0.02693,0.04707,0.04403,0.23514,0.06323,0.09287,0.10002,0.04442,0.01645,0.00704,0.23488,0.05278,0.02346,0.05298,0.05152,0.23519,0.06530,0.10663,0.10935,-55.20,2.822,-1,0.0000,-1.00,0.0000,0
276131,1790788072861,0.04376,0.05108,0.07990,0.18562,0.01387,0.01941,0.02691,0.13583,0.17361,0.01882,0.19684,0.05436,0.02376,0.02690,0.09146,0.17639,0.00476,0.01855,0.02691,0.14462,0.17306,0.02161,0.23218,0.05980,-55.46,2.362,-1,0.0000,-1.00,0.0000,0
276224,1790788072940,0.07497,0.03511,0.04533,0.08754,0.01794,0.02524,0.04571,0.31952,0.10532,0.03705,0.14849,0.05778,0.01603,0.01983,0.04590,0.07069,0.00983,0.02707,0.05084,0.37377,0.11219,0.04245,0.17255,0.05886,-55.73,3.834,-1,0.0000,-1.00,0.0000,0
276317,1790788073041,0.04161,0.02705,0.02318,0.17580,0.02207,0.01378,0.11540,0.17957,0.11785,0.02205,0.14336,0.11829,0.00809,0.01138,0.02268,0.17719,0.00369,0.01491,0.13602,0.21067,0.10608,0.02569,0.16882,0.11477,-56.29,2.155,-1,0.0000,-1.00,0.0000,0
276410,1790788073160,0.03721,0.02185,0.04007,0.12182,0.03130,0.01931,0.14692,0.12590,0.10553,0.02627,0.15831,0.16550,0.01552,0.00540,0.04197,0.10916,0.00491,0.02006,0.17093,0.14659,0.10481,0.03051,0.18572,0.16442,-55.81,1.986,-1,0.0000,-1.00,0.0000,0
276503,1790788073241,0.04952,0.03484,0.01907,0.17986,0.02634,0.02056,0.07869,0.18395,0.14376,0.01560,0.10684,0.14096,0.01639,0.01511,0.01921,0.19098,0.00167,0.02139,0.09130,0.21661,0.13439,0.01836,0.12378,0.15080,-55.28,2.207,-1,0.0000,-1.00,0.0000,0
276596,1790788073341,0.06391,0.02381,0.02273,0.16530,0.03372,0.02239,0.05732,0.26066,0.09978,0.01563,0.06636,0.16841,0.01559,0.01204,0.02364,0.18323,0.00301,0.02374,0.06629,0.30764,0.08323,0.01813,0.07481,0.18866,-55.75,3.128,-1,0.0000,-1.00,0.0000,0
276688,1790788073420,0.06893,0.01197,0.04078,0.10457,0.05994,0.01720,0.05496,0.31268,0.05051,0.03794,0.15602,0.08449,0.00961,0.00605,0.04198,0.08898,0.05427,0.01871,0.06386,0.36714,0.04288,0.03471,0.18324,0.08858,-55.82,3.752,-1,0.0000,-1.00,0.0000,0
276781,1790788073521,0.07327,0.01272,0.02386,0.18094,0.01228,0.03029,0.02810,0.35237,0.05126,0.03483,0.15019,0.04988,0.00490,0.01024,0.02048,0.18252,0.00410,0.03532,0.03164,0.41816,0.02524,0.04092,0.17296,0.05350,-55.66,4.228,-1,0.0000,-1.00,0.0000,0
276874,1790788073603,0.07139,0.01078,0.03557,0.11773,0.01872,0.03738,0.03549,0.32296,0.05731,0.04762,0.16236,0.08269,0.00934,0.00377,0.03148,0.10419,0.00437,0.04293,0.04002,0.38249,0.04802,0.05619,0.18604,0.09115,-55.17,3.875,-1,0.0000,-1.00,0.0000,0
276967,1790788073700,0.04190,0.02722,0.01744,0.25782,0.01476,0.01438,0.02922,0.18929,0.13551,0.03221,0.17347,0.06678,0.00580,0.01098,0.01337,0.26835,0.00309,0.01611,0.03278,0.22422,0.10914,0.03802,0.20466,0.07347,-55.07,3.094,-1,0.0000,-1.00,0.0000,0
277060,1790788073801,0.06179,0.01435,0.01557,0.22100,0.03068,0.06009,0.03424,0.23770,0.09225,0.04318,0.14892,0.04021,0.01793,0.00441,0.00949,0.23217,0.02777,0.06947,0.04006,0.28304,0.06452,0.04624,0.16467,0.04024,-55.21,2.852,-1,0.0000,-1.00,0.0000,0
277153,1790788073880,0.03668,0.02394,0.03872,0.21746,0.02391,0.05101,0.07312,0.14092,0.08151,0.09574,0.13130,0.08570,0.01137,0.01843,0.02411,0.23170,0.01158,0.05887,0.08367,0.16436,0.05172,0.11244,0.14566,0.08610,-54.79,2.610,-1,0.0000,-1.00,0.0000,0
277246,1790788073978,0.03605,0.03035,0.04024,0.18800,0.01737,0.07014,0.07778,0.13838,0.09827,0.07073,0.18893,0.04376,0.01215,0.02027,0.03192,0.18362,0.01353,0.08214,0.08918,0.15948,0.08123,0.08218,0.21010,0.03419,-54.93,2.267,-1,0.0000,-1.00,0.0000,0
277339,1790788074061,0.02586,0.02986,0.01428,0.27117,0.01653,0.04321,0.08078,0.05802,0.16875,0.03907,0.17538,0.07708,0.01596,0.00904,0.00804,0.28518,0.00534,0.04861,0.09482,0.06810,0.14567,0.04576,0.20051,0.07296,-55.28,3.254,-1,0.0000,-1.00,0.0000,0
277432,1790788074159,0.05505,0.04214,0.02013,0.23912,0.01672,0.05872,0.05572,0.08233,0.19920,0.02395,0.15290,0.05402,0.04794,0.01364,0.01883,0.25260,0.00999,0.06085,0.06339,0.09559,0.18862,0.02671,0.17115,0.05069,-55.12,2.869,-1,0.0000,-1.00,0.0000,0
277524,1790788074239,0.08649,0.12407,0.01084,0.08993,0.05044,0.06027,0.06877,0.05593,0.12892,0.03566,0.17062,0.11805,0.08970,0.12165,0.00588,0.06938,0.03455,0.05457,0.05829,0.06586,0.14072,0.03588,0.19363,0.12989,-55.45,2.047,-1,0.0000,-1.00,0.0000,0
277617,1790788074339,0.06231,0.04271,0.02973,0.10333,0.03389,0.04885,0.05271,0.07950,0.10004,0.05541,0.30010,0.09142,0.05669,0.02956,0.02329,0.05439,0.02114,0.04730,0.05726,0.09069,0.10906,0.06223,0.35021,0.09819,-55.54,3.601,-1,0.0000,-1.00,0.0000,0
277710,1790788074458,0.09891,0.05214,0.05868,0.10745,0.03178,0.03462,0.04428,0.09882,0.07470,0.07799,0.27780,0.04282,0.09606,0.04825,0.05295,0.06364,0.02961,0.02244,0.04326,0.10815,0.07690,0.08758,0.32842,0.04273,-54.83,3.334,-1,0.0000,-1.00,0.0000,0
277803,1790788074541,0.12791,0.02269,0.03500,0.20161,0.01129,0.04310,0.04247,0.04093,0.06288,0.01397,0.37417,0.02397,0.14507,0.01829,0.03899,0.15360,0.00969,0.02289,0.04719,0.04138,0.04485,0.01487,0.44380,0.01937,-54.52,4.490,-1,0.0000,-1.00,0.0000,0
277896,1790788074636,0.12446,0.02070,0.04965,0.27296,0.01310,0.03717,0.03200,0.06253,0.08951,0.04204,0.22406,0.03181,0.13699,0.01433,0.04989,0.27453,0.00968,0.01738,0.03550,0.06504,0.05284,0.04846,0.26503,0.03033,-54.90,3.275,-1,0.0000,-1.00,0.0000,0
277989,1790788074718,0.14694,0.03126,0.01703,0.28066,0.01770,0.03440,0.02876,0.09928,0.13589,0.02002,0.16385,0.02420,0.15313,0.01689,0.01630,0.29781,0.01653,0.01102,0.03111,0.11572,0.10379,0.02071,0.19415,0.02283,-54.83,3.368,-1,0.0000,-1.00,0.0000,0
278082,1790788074815,0.28571,0.01679,0.01276,0.22308,0.01828,0.07159,0.02575,0.07629,0.08350,0.02784,0.12147,0.03695,0.32459,0.00969,0.00923,0.23930,0.01408,0.02163,0.02893,0.08958,0.05261,0.03057,0.14126,0.03854,-54.49,3.428,-1,0.0000,-1.00,0.0000,0
278175,1790788074894,0.26843,0.02860,0.00730,0.17302,0.02623,0.05447,0.04469,0.12255,0.10376,0.01864,0.11700,0.03531,0.29126,0.01873,0.00525,0.17982,0.02511,0.00752,0.04983,0.14580,0.08840,0.01764,0.13871,0.03192,-54.66,3.221,-1,0.0000,-1.00,0.0000,0
278267,1790788074999,0.19000,0.03601,0.00571,0.21711,0.01612,0.04265,0.03460,0.04750,0.14542,0.01295,0.20401,0.04791,0.21664,0.01694,0.00414,0.21201,0.00944,0.00816,0.03808,0.05611,0.13222,0.01364,0.24284,0.04977,-54.80,2.605,-1,0.0000,-1.00,0.0000,0
278360,1790788075100,0.27393,0.02413,0.00743,0.19989,0.01629,0.06181,0.02522,0.05330,0.06837,0.01920,0.22237,0.02805,0.31593,0.02003,0.00489,0.18715,0.01393,0.01144,0.02625,0.06290,0.04483,0.02025,0.26419,0.02823,-55.09,3.287,-1,0.0000,-1.00,0.0000,0
278453,1790788075180,0.29351,0.03219,0.01249,0.12823,0.03222,0.07291,0.08400,0.06121,0.07791,0.02081,0.13589,0.04863,0.33729,0.02525,0.01114,0.12218,0.03081,0.02050,0.09565,0.07114,0.06868,0.01929,0.15876,0.03930,-54.62,3.522,-1,0.0000,-1.00,0.0000,0
278546,1790788075280,0.21146,0.01505,0.08251,0.12934,0.02525,0.05318,0.07483,0.08778,0.07064,0.02738,0.14074,0.08185,0.23588,0.00612,0.09286,0.12221,0.01424,0.01696,0.08575,0.08947,0.06011,0.03030,0.16528,0.08083,-54.33,2.537,-1,0.0000,-1.00,0.0000,0
278639,1790788075360,0.11307,0.02162,0.03074,0.20144,0.05175,0.02746,0.05986,0.05398,0.09911,0.04089,0.26556,0.03452,0.12407,0.00938,0.02934,0.17862,0.05660,0.00831,0.06986,0.05886,0.08332,0.03781,0.31656,0.02726,-54.34,3.187,-1,0.0000,-1.00,0.0000,0
278732,1790788075460,0.09568,0.02885,0.01388,0.22551,0.01259,0.01956,0.02525,0.07917,0.17710,0.04477,0.24869,0.02894,0.09545,0.00145,0.00637,0.21132,0.00939,0.00452,0.02997,0.09360,0.17032,0.05179,0.29709,0.02874,-54.31,2.984,-1,0.0000,-1.00,0.0000,0
278825,1790788075541,0.17422,0.02055,0.00899,0.20237,0.00882,0.04108,0.01838,0.07094,0.12392,0.02233,0.29138,0.01703,0.19122,0.00286,0.00574,0.17373,0.00735,0.01132,0.02110,0.08422,0.11396,0.02538,0.34689,0.01623,-54.42,3.497,-1,0.0000,-1.00,0.0000,0
278918,1790788075640,0.09902,0.01738,0.01053,0.26276,0.01552,0.02172,0.04635,0.08020,0.08866,0.03699,0.28002,0.04086,0.09922,0.01020,0.00413,0.24859,0.01099,0.00635,0.05352,0.09528,0.05631,0.04280,0.33427,0.03835,-54.54,3.360,-1,0.0000,-1.00,0.0000,0
279010,1790788075762,0.26774,0.02169,0.00886,0.12300,0.02465,0.09299,0.03587,0.07677,0.08035,0.03520,0.17100,0.06186,0.30270,0.01118,0.00290,0.10879,0.01645,0.05142,0.04040,0.09177,0.07472,0.03892,0.19471,0.06604,-55.00,3.213,-1,0.0000,-1.00,0.0000,0
279103,1790788075842,0.19566,0.02092,0.00717,0.25193,0.02198,0.05928,0.03657,0.08733,0.13737,0.02170,0.12279,0.03731,0.21379,0.00319,0.00418,0.27382,0.01915,0.02865,0.04280,0.10420,0.11032,0.02221,0.14146,0.03622,-54.84,3.023,-1,0.0000,-1.00,0.0000,0
279196,1790788075940,0.19676,0.04697,0.00885,0.14770,0.01622,0.04384,0.05243,0.05412,0.23299,0.02690,0.14089,0.03234,0.22329,0.00671,0.00465,0.14384,0.01418,0.00830,0.06140,0.06402,0.25009,0.03000,0.16717,0.02635,-54.55,2.796,-1,0.0000,-1.00,0.0000,0
279289,1790788076019,0.11686,0.03688,0.01320,0.22801,0.01764,0.02795,0.05801,0.10778,0.13518,0.03069,0.18094,0.04685,0.11485,0.02119,0.00898,0.23065,0.01259,0.01072,0.06531,0.12737,0.11604,0.03450,0.21469,0.04312,-53.91,2.736,-1,0.0000,-1.00,0.0000,0
279382,1790788076123,0.13233,0.01897,0.01720,0.27472,0.01572,0.03126,0.05025,0.10958,0.12335,0.03542,0.16063,0.03058,0.13284,0.00488,0.01274,0.29146,0.01386,0.01113,0.05821,0.12981,0.09002,0.03970,0.19026,0.02510,-53.78,3.297,-1,0.0000,-1.00,0.0000,0
279475,1790788076201,0.05637,0.01981,0.04383,0.18042,0.04466,0.03126,0.02673,0.06814,0.11129,0.06210,0.20529,0.15011,0.05285,0.00392,0.03851,0.16848,0.01908,0.02698,0.03115,0.07411,0.09996,0.07063,0.24064,0.17370,-54.41,2.463,-1,0.0000,-1.00,0.0000,0
279568,1790788076301,0.03948,0.01121,0.02728,0.19995,0.06928,0.01522,0.01001,0.07248,0.08501,0.04660,0.08769,0.33582,0.03229,0.00188,0.02177,0.21922,0.00397,0.01183,0.01162,0.08253,0.05840,0.05505,0.10272,0.39872,-54.28,4.030,-1,0.0000,-1.00,0.0000,0
279661,1790788076401,0.05022,0.01549,0.07071,0.22427,0.05058,0.01615,0.01244,0.09779,0.09931,0.01838,0.11512,0.22954,0.03834,0.00631,0.08055,0.24184,0.00661,0.01176,0.01366,0.10121,0.07072,0.02105,0.13561,0.27234,-54.60,2.755,-1,0.0000,-1.00,0.0000,0
279754,1790788076491,0.08842,0.01737,0.09418,0.12247,0.04048,0.04736,0.02860,0.09051,0.08370,0.03830,0.16130,0.18732,0.08778,0.00600,0.10396,0.10999,0.00520,0.03946,0.03308,0.08785,0.07849,0.04486,0.18545,0.21789,-55.54,2.248,-1,0.0000,-1.00,0.0000,0
279846,1790788076579,0.15006,0.01442,0.04838,0.25635,0.01938,0.06440,0.00977,0.07112,0.10018,0.01410,0.18357,0.06826,0.16505,0.00391,0.05491,0.26532,0.00736,0.04452,0.01083,0.07443,0.06744,0.01544,0.21114,0.07964,-55.57,3.076,-1,0.0000,-1.00,0.0000,0
279939,1790788076660,0.08582,0.02190,0.07805,0.18991,0.02145,0.04941,0.02361,0.06974,0.09472,0.05682,0.23159,0.07697,0.08984,0.01062,0.08033,0.17418,0.00851,0.04142,0.02619,0.06764,0.07885,0.06651,0.26929,0.08661,-55.34,2.779,-1,0.0000,-1.00,0.0000,0
280032,1790788076760,0.08519,0.00992,0.06666,0.24626,0.02177,0.02782,0.00770,0.15356,0.07590,0.02436,0.21374,0.06711,0.06852,0.00361,0.07438,0.24509,0.01037,0.01986,0.00851,0.16926,0.04175,0.02773,0.25217,0.07873,-55.18,2.955,-1,0.0000,-1.00,0.0000,0
280125,1790788076840,0.07100,0.00985,0.02676,0.24329,0.01603,0.04079,0.00487,0.10344,0.06985,0.02102,0.32111,0.07199,0.06151,0.00378,0.02716,0.21669,0.00227,0.03672,0.00507,0.11858,0.04075,0.02474,0.37748,0.08526,-54.91,3.853,-1,0.0000,-1.00,0.0000,0
280218,1790788076940,0.10024,0.00847,0.02199,0.26313,0.02070,0.04421,0.00557,0.15468,0.06317,0.01524,0.21629,0.08631,0.08360,0.00617,0.02291,0.26535,0.00450,0.03640,0.00513,0.18112,0.02309,0.01737,0.25194,0.10241,-55.27,3.158,-1,0.0000,-1.00,0.0000,0
280311,1790788077060,0.05867,0.01429,0.02027,0.32778,0.04158,0.05313,0.02985,0.03910,0.07368,0.03403,0.25453,0.05309,0.06200,0.01299,0.01769,0.33432,0.03862,0.05137,0.03319,0.04334,0.02182,0.03331,0.29480,0.05656,-54.91,3.933,-1,0.0000,-1.00,0.0000,0
280404,1790788077140,0.09583,0.00696,0.02884,0.27835,0.05406,0.03248,0.01253,0.05079,0.07014,0.03856,0.24695,0.08451,0.10307,0.00329,0.02714,0.27560,0.04526,0.01848,0.01420,0.05565,0.02917,0.03747,0.29224,0.09844,-54.54,3.340,-1,0.0000,-1.00,0.0000,0
280497,1790788077240,0.10431,0.01869,0.02543,0.20923,0.02661,0.03391,0.00728,0.11132,0.12392,0.08972,0.17884,0.07074,0.09628,0.00389,0.00967,0.20908,0.01539,0.02154,0.00788,0.13155,0.10658,0.10492,0.21002,0.08320,-54.71,2.511,-1,0.0000,-1.00,0.0000,0
280589,1790788077320,0.06240,0.06769,0.03208,0.09527,0.01512,0.01722,0.01057,0.08363,0.34288,0.10049,0.11305,0.05960,0.05541,0.00311,0.01474,0.08768,0.00437,0.00970,0.01167,0.09766,0.39347,0.11954,0.13354,0.06910,-54.34,4.115,-1,0.0000,-1.00,0.0000,0
280682,1790788077421,0.01733,0.00634,0.02571,0.15777,0.01555,0.02159,0.00322,0.05651,0.03174,0.10864,0.48552,0.07007,0.00754,0.00300,0.00509,0.07468,0.00212,0.02438,0.00327,0.06670,0.02323,0.12976,0.57693,0.08331,-53.97,5.826,-1,0.0000,-1.00,0.0000,0
280775,1790788077505,0.02011,0.00674,0.02835,0.13245,0.02557,0.01789,0.00800,0.04214,0.03098,0.03379,0.55790,0.09608,0.01512,0.00178,0.02626,0.02691,0.00818,0.01844,0.00923,0.04528,0.03179,0.03887,0.66484,0.11330,-54.22,6.695,-1,0.0000,-1.00,0.0000,0
280868,1790788077601,0.04369,0.02774,0.05722,0.09497,0.03207,0.02033,0.00452,0.08238,0.14247,0.23802,0.20400,0.05258,0.03346,0.00210,0.01306,0.06604,0.02608,0.01782,0.00500,0.09612,0.15763,0.28003,0.24091,0.06175,-55.14,2.856,-1,0.0000,-1.00,0.0000,0
280961,1790788077700,0.06065,0.05419,0.03677,0.12446,0.03533,0.03174,0.01127,0.10692,0.27061,0.06544,0.16895,0.03367,0.04844,0.00499,0.02987,0.11012,0.03468,0.02858,0.01247,0.12224,0.30239,0.07158,0.19678,0.03787,-55.43,3.247,-1,0.0000,-1.00,0.0000,0
281054,1790788077780,0.05505,0.06170,0.02521,0.13662,0.01259,0.02551,0.01416,0.12557,0.33128,0.07238,0.12021,0.01972,0.03666,0.00065,0.01340,0.13606,0.01106,0.02330,0.01680,0.14785,0.36969,0.08483,0.13942,0.02030,-55.75,3.975,-1,0.0000,-1.00,0.0000,0
281147,1790788077880,0.11561,0.04496,0.02843,0.17119,0.01372,0.05204,0.02962,0.07202,0.23756,0.03553,0.15164,0.04767,0.12219,0.00419,0.02583,0.17060,0.00643,0.03813,0.03341,0.08243,0.25065,0.04149,0.17414,0.05050,-55.60,2.851,-1,0.0000,-1.00,0.0000,0
281240,1790788077961,0.09952,0.07951,0.03958,0.07297,0.04270,0.13413,0.03004,0.06896,0.16447,0.03764,0.14249,0.08800,0.10394,0.05893,0.03971,0.05909,0.03120,0.14012,0.02389,0.07517,0.18536,0.03891,0.14297,0.10071,-54.88,1.974,-1,0.0000,-1.00,0.0000,0
281332,1790788078061,0.09998,0.15562,0.02175,0.05659,0.03421,0.10184,0.03815,0.04078,0.21831,0.03342,0.10048,0.09885,0.11085,0.13676,0.01858,0.04787,0.01824,0.10006,0.01861,0.04518,0.25078,0.03774,0.10057,0.11476,-55.15,2.620,-1,0.0000,-1.00,0.0000,0
281425,1790788078142,0.06780,0.12808,0.01999,0.09515,0.02485,0.08769,0.04402,0.05757,0.20965,0.04968,0.14841,0.06710,0.06675,0.10825,0.01273,0.08237,0.01506,0.09184,0.03129,0.06646,0.23479,0.05663,0.15963,0.07420,-55.33,2.516,-1,0.0000,-1.00,0.0000,0
281518,1790788078261,0.04184,0.12654,0.01671,0.05882,0.03661,0.08612,0.09227,0.04356,0.19212,0.04837,0.12997,0.12706,0.03849,0.10927,0.00921,0.04336,0.01716,0.09556,0.08848,0.05079,0.22161,0.05456,0.13679,0.13471,-54.51,2.305,-1,0.0000,-1.00,0.0000,0
281611,1790788078360,0.05077,0.10965,0.10650,0.04966,0.02708,0.08241,0.07241,0.07732,0.12599,0.03332,0.15550,0.10941,0.04718,0.10255,0.11999,0.02608,0.00907,0.08939,0.06644,0.06886,0.14547,0.03845,0.16860,0.11792,-54.19,1.866,-1,0.0000,-1.00,0.0000,0
281704,1790788078440,0.04952,0.05670,0.03314,0.09373,0.06042,0.07681,0.09337,0.03647,0.06079,0.04280,0.19282,0.20344,0.05094,0.05744,0.03061,0.06974,0.02792,0.08209,0.10049,0.03763,0.05886,0.04590,0.21477,0.22362,-54.32,2.441,-1,0.0000,-1.00,0.0000,0
281797,1790788078541,0.06973,0.09359,0.00704,0.16321,0.03375,0.04368,0.07413,0.04944,0.19742,0.01225,0.10303,0.15274,0.06883,0.07520,0.00580,0.17261,0.00706,0.03869,0.07373,0.05828,0.20234,0.01328,0.11578,0.16840,-53.64,2.369,-1,0.0000,-1.00,0.0000,0
281890,1790788078620,0.09171,0.11052,0.00704,0.10816,0.01814,0.04830,0.06009,0.05366,0.32163,0.02247,0.08310,0.07518,0.09728,0.06041,0.00335,0.11138,0.00624,0.03859,0.06003,0.06364,0.36330,0.02569,0.09192,0.07818,-53.43,3.860,-1,0.0000,-1.00,0.0000,0
281983,1790788078720,0.10970,0.09393,0.00736,0.06624,0.01372,0.06893,0.02229,0.08265,0.40588,0.01639,0.05401,0.05890,0.11251,0.01885,0.00506,0.06891,0.00345,0.06030,0.02289,0.09812,0.47268,0.01896,0.05276,0.06552,-54.08,4.871,-1,0.0000,-1.00,0.0000,0
282076,1790788078800,0.04407,0.06416,0.06450,0.08465,0.02263,0.11529,0.06764,0.05355,0.17397,0.07621,0.13944,0.09391,0.04167,0.03853,0.05946,0.07342,0.00725,0.13019,0.07008,0.05570,0.19391,0.08988,0.14127,0.09863,-54.51,2.088,-1,0.0000,-1.00,0.0000,0
282168,1790788078903,0.10420,0.10905,0.01586,0.12533,0.01834,0.09891,0.05550,0.04694,0.22937,0.05218,0.07396,0.07034,0.11396,0.08155,0.00690,0.13638,0.00724,0.09593,0.05026,0.05496,0.24781,0.06109,0.06960,0.07433,-54.42,2.752,-1,0.0000,-1.00,0.0000,0
282261,1790788079002,0.07141,0.14931,0.01045,0.10385,0.01619,0.08788,0.04035,0.02401,0.36303,0.01471,0.07142,0.04739,0.08050,0.09704,0.00939,0.11098,0.00934,0.08934,0.02911,0.02691,0.41299,0.01578,0.06787,0.05074,-54.24,4.356,-1,0.0000,-1.00,0.0000,0
282354,1790788079080,0.13289,0.15756,0.00809,0.10998,0.01040,0.07600,0.02767,0.02361,0.34339,0.01941,0.05424,0.03677,0.15381,0.11202,0.00522,0.12128,0.00415,0.06058,0.01087,0.02734,0.38729,0.02256,0.05299,0.04191,-53.89,4.121,-1,0.0000,-1.00,0.0000,0
282447,1790788079180,0.04249,0.10227,0.11168,0.11298,0.01127,0.04516,0.02868,0.03306,0.29762,0.11014,0.07432,0.03034,0.04731,0.05654,0.10794,0.11947,0.00721,0.04473,0.02316,0.01822,0.33293,0.13054,0.08019,0.03176,-53.82,3.571,-1,0.0000,-1.00,0.0000,0
282540,1790788079260,0.03274,0.08255,0.04032,0.13038,0.04075,0.06458,0.06562,0.09105,0.14177,0.04378,0.09194,0.17452,0.01911,0.07064,0.03831,0.13728,0.00991,0.07359,0.06462,0.10151,0.14266,0.05050,0.09558,0.19630,-54.21,2.094,-1,0.0000,-1.00,0.0000,0
282633,1790788079361,0.04431,0.07842,0.03771,0.13039,0.02534,0.02832,0.08046,0.12882,0.21542,0.01182,0.09180,0.12719,0.02396,0.04813,0.04251,0.13558,0.00345,0.02927,0.08587,0.14693,0.23125,0.01348,0.10419,0.13538,-54.68,2.585,-1,0.0000,-1.00,0.0000,0
282726,1790788079439,0.04870,0.07514,0.03830,0.12442,0.02354,0.03067,0.06367,0.16541,0.12691,0.02978,0.18967,0.08379,0.01915,0.06526,0.03924,0.10533,0.01074,0.03296,0.06221,0.19156,0.13118,0.03356,0.22074,0.08807,-55.80,2.276,-1,0.0000,-1.00,0.0000,0
282819,1790788079564,0.03058,0.06736,0.03602,0.11063,0.03323,0.02897,0.05435,0.05395,0.22705,0.02205,0.18642,0.14941,0.02373,0.03222,0.03818,0.08946,0.00665,0.03007,0.05873,0.05707,0.25432,0.02510,0.21741,0.16705,-56.29,2.725,-1,0.0000,-1.00,0.0000,0
282911,1790788079660,0.03737,0.16247,0.05337,0.08735,0.03789,0.03794,0.06060,0.06286,0.13718,0.04955,0.12391,0.14952,0.03083,0.16625,0.05256,0.07678,0.01144,0.03935,0.03966,0.06491,0.14882,0.05744,0.14067,0.17130,-55.74,1.950,-1,0.0000,-1.00,0.0000,0
283004,1790788079739,0.05140,0.03677,0.02098,0.07287,0.06244,0.02803,0.03757,0.07650,0.15046,0.02975,0.15780,0.27545,0.03707,0.01739,0.01846,0.05086,0.01101,0.02623,0.04142,0.08815,0.17001,0.03365,0.18388,0.32184,-54.64,3.305,-1,0.0000,-1.00,0.0000,0
283097,1790788079842,0.07206,0.01964,0.07517,0.07854,0.05029,0.02054,0.01368,0.28697,0.06046,0.01289,0.07635,0.23341,0.02193,0.01219,0.08722,0.07677,0.00543,0.02026,0.01381,0.32674,0.05723,0.01437,0.08746,0.27660,-53.91,3.444,-1,0.0000,-1.00,0.0000,0
283190,1790788079920,0.06648,0.00887,0.08676,0.03764,0.07297,0.00981,0.00682,0.28132,0.02291,0.00794,0.04112,0.35735,0.01711,0.00662,0.10216,0.03566,0.00280,0.00843,0.00686,0.31684,0.02023,0.00911,0.04760,0.42657,-53.66,4.288,-1,0.0000,-1.00,0.0000,0
283283,1790788080020,0.05170,0.01197,0.07467,0.03351,0.08180,0.00713,0.00739,0.22546,0.03079,0.01065,0.05586,0.40907,0.01080,0.00908,0.08698,0.02713,0.00112,0.00640,0.00692,0.25304,0.03152,0.01254,0.06566,0.48879,-53.64,4.909,-1,0.0000,-1.00,0.0000,0
283376,1790788080101,0.04900,0.00727,0.10655,0.06252,0.07479,0.00938,0.01184,0.22706,0.02337,0.00886,0.05555,0.36380,0.00971,0.00566,0.12564,0.06210,0.00338,0.00965,0.01306,0.24717,0.01535,0.01028,0.06465,0.43333,-54.62,4.366,-1,0.0000,-1.00,0.0000,0
283469,1790788080202,0.04845,0.01319,0.13456,0.12715,0.04733,0.02455,0.03043,0.20325,0.05008,0.00999,0.09649,0.21453,0.01570,0.00935,0.15914,0.13047,0.00711,0.02630,0.03455,0.21206,0.03414,0.01057,0.11041,0.25021,-55.13,2.574,-1,0.0000,-1.00,0.0000,0
283562,1790788080300,0.04042,0.01175,0.06455,0.12195,0.06895,0.02087,0.04057,0.13867,0.04166,0.01457,0.13403,0.30201,0.01840,0.00871,0.07439,0.11512,0.01272,0.02136,0.04677,0.15153,0.02710,0.01493,0.15637,0.35261,-54.42,3.624,-1,0.0000,-1.00,0.0000,0
283654,1790788080380,0.04822,0.01814,0.02230,0.06183,0.08512,0.13419,0.02881,0.04856,0.03301,0.03482,0.07290,0.41210,0.04688,0.01646,0.01865,0.06273,0.00533,0.15150,0.03126,0.05449,0.02709,0.04069,0.05731,0.48760,-54.55,4.945,-1,0.0000,-1.00,0.0000,0
283747,1790788080504,0.04614,0.01693,0.02423,0.05972,0.09715,0.04925,0.01506,0.09601,0.04798,0.02996,0.06629,0.45128,0.03299,0.01154,0.02228,0.05789,0.00930,0.05300,0.01575,0.11063,0.04602,0.03405,0.06893,0.53762,-54.98,5.415,-1,0.0000,-1.00,0.0000,0
283840,1790788080560,0.04458,0.00918,0.03370,0.04873,0.09027,0.03273,0.07122,0.10327,0.04634,0.07590,0.17828,0.26579,0.02826,0.00223,0.02417,0.01736,0.04834,0.03362,0.08433,0.11952,0.05168,0.08176,0.20696,0.30177,-54.20,3.190,-1,0.0000,-1.00,0.0000,0
283933,1790788080662,0.05364,0.01531,0.02985,0.07276,0.05631,0.04202,0.08635,0.17411,0.05027,0.04683,0.10031,0.27224,0.02377,0.00897,0.02490,0.06515,0.00677,0.04564,0.10101,0.20436,0.04733,0.05477,0.11114,0.30619,-54.08,3.267,-1,0.0000,-1.00,0.0000,0
284026,1790788080739,0.15876,0.02463,0.02284,0.09490,0.03375,0.22117,0.02214,0.05247,0.06955,0.05957,0.09616,0.14405,0.17780,0.01742,0.01346,0.09995,0.00600,0.23090,0.02308,0.06021,0.06352,0.07019,0.06945,0.16803,-54.59,2.654,-1,0.0000,-1.00,0.0000,0
284119,1790788080861,0.18823,0.01717,0.01116,0.09104,0.03061,0.10909,0.01232,0.11861,0.06451,0.02710,0.23143,0.09873,0.19756,0.00768,0.00731,0.05772,0.01373,0.09155,0.01275,0.14117,0.06506,0.03055,0.25916,0.11577,-54.83,2.777,-1,0.0000,-1.00,0.0000,0
284212,1790788080961,0.12260,0.02100,0.01246,0.13481,0.05210,0.07929,0.02312,0.10633,0.08318,0.03523,0.17646,0.15342,0.12165,0.01040,0.00762,0.12241,0.02697,0.07089,0.02512,0.12642,0.07540,0.03687,0.19739,0.17885,-55.14,2.118,-1,0.0000,-1.00,0.0000,0
284305,1790788081041,0.11411,0.00920,0.01416,0.19977,0.04734,0.04559,0.02570,0.10888,0.07301,0.04043,0.20553,0.11628,0.10960,0.00276,0.00855,0.19185,0.03028,0.03290,0.02992,0.12910,0.04945,0.04244,0.23975,0.13340,-55.24,2.466,-1,0.0000,-1.00,0.0000,0
284398,1790788081140,0.07368,0.01919,0.00809,0.13441,0.10623,0.03601,0.01480,0.11473,0.10117,0.01557,0.24423,0.13187,0.06131,0.00596,0.00689,0.10426,0.09662,0.03100,0.01656,0.13610,0.08590,0.01416,0.28651,0.15473,-55.14,2.931,-1,0.0000,-1.00,0.0000,0
284490,1790788081216,0.06743,0.03226,0.01741,0.14724,0.03914,0.04294,0.02849,0.07349,0.15143,0.04060,0.23535,0.12423,0.06450,0.00748,0.01195,0.12205,0.01867,0.03880,0.03265,0.08569,0.15725,0.04495,0.27431,0.14170,-55.70,2.824,-1,0.0000,-1.00,0.0000,0
284583,1790788081321,0.08685,0.02575,0.04407,0.12710,0.03771,0.07706,0.03182,0.11964,0.12029,0.07644,0.20781,0.04547,0.07918,0.00667,0.03584,0.10594,0.03625,0.07664,0.03681,0.13625,0.12199,0.08556,0.23381,0.04506,-55.20,2.494,-1,0.0000,-1.00,0.0000,0
284676,1790788081401,0.05153,0.02704,0.01817,0.13891,0.06402,0.12554,0.05940,0.06244,0.08895,0.04890,0.18487,0.13022,0.04665,0.01705,0.01206,0.12808,0.04845,0.14118,0.06780,0.07242,0.08119,0.04899,0.19353,0.14260,-54.82,2.218,-1,0.0000,-1.00,0.0000,0
284769,1790788081499,0.04662,0.09465,0.01636,0.12933,0.04012,0.09516,0.03956,0.09237,0.11210,0.03943,0.17189,0.12243,0.03453,0.09161,0.01084,0.11835,0.02018,0.10718,0.02908,0.10869,0.10994,0.04416,0.18472,0.14071,-55.33,2.063,-1,0.0000,-1.00,0.0000,0
284862,1790788081600,0.05540,0.16900,0.02585,0.06224,0.02523,0.07680,0.07196,0.12003,0.12934,0.04114,0.13257,0.09043,0.03872,0.17364,0.02160,0.04641,0.01079,0.08435,0.05181,0.13954,0.14563,0.04732,0.14212,0.09808,-55.43,2.028,-1,0.0000,-1.00,0.0000,0
284955,1790788081680,0.04879,0.11675,0.01893,0.10182,0.02524,0.06952,0.06324,0.04304,0.19221,0.03829,0.17717,0.10502,0.04828,0.09799,0.01388,0.08281,0.00746,0.07377,0.05635,0.04882,0.21390,0.04440,0.19766,0.11467,-55.85,2.307,-1,0.0000,-1.00,0.0000,0
285048,1790788081780,0.05343,0.13193,0.01595,0.08746,0.03911,0.08860,0.04818,0.10184,0.17831,0.03283,0.13722,0.08515,0.04030,0.11872,0.01240,0.07607,0.02770,0.09845,0.03412,0.11964,0.19858,0.03385,0.14490,0.09527,-55.39,2.140,-1,0.0000,-1.00,0.0000,0
285141,1790788081859,0.13618,0.09133,0.16569,0.14715,0.01431,0.06193,0.03627,0.07276,0.09689,0.04909,0.09220,0.03620,0.15319,0.09269,0.18717,0.15614,0.00941,0.04395,0.02508,0.05008,0.08471,0.05739,0.10177,0.03841,-54.31,1.988,-1,0.0000,-1.00,0.0000,0
285233,1790788081961,0.08489,0.10937,0.01566,0.37167,0.01124,0.03672,0.03812,0.05784,0.14261,0.04067,0.06120,0.03000,0.08827,0.11415,0.00938,0.43185,0.00712,0.02661,0.02266,0.06784,0.08528,0.04732,0.06806,0.03145,-53.95,4.460,-1,0.0000,-1.00,0.0000,0
285326,1790788082042,0.04316,0.17059,0.01900,0.20690,0.04833,0.03616,0.06613,0.06718,0.14120,0.04942,0.09633,0.05561,0.03623,0.17976,0.01285,0.22645,0.04641,0.03615,0.04347,0.07809,0.12430,0.05002,0.10826,0.05801,-54.59,2.483,-1,0.0000,-1.00,0.0000,0
285419,1790788082166,0.02901,0.23403,0.02083,0.04122,0.04678,0.15552,0.10369,0.07363,0.12040,0.05112,0.07432,0.04945,0.01630,0.25491,0.01465,0.03896,0.04666,0.18366,0.07370,0.08534,0.13654,0.05200,0.05264,0.04465,-55.51,2.808,-1,0.0000,-1.00,0.0000,0
285512,1790788082260,0.03491,0.20385,0.02278,0.04346,0.06283,0.07620,0.10872,0.04503,0.10997,0.08371,0.10197,0.10656,0.03150,0.21945,0.00943,0.03119,0.05339,0.08506,0.08677,0.05209,0.12517,0.09014,0.10533,0.11048,-55.03,2.446,-1,0.0000,-1.00,0.0000,0
285605,1790788082340,0.13771,0.06864,0.09330,0.07395,0.06882,0.13129,0.09600,0.05522,0.09513,0.05901,0.05845,0.06249,0.15413,0.06339,0.10059,0.07970,0.07143,0.12676,0.09381,0.05488,0.09819,0.05654,0.04491,0.05567,-53.98,1.653,-1,0.0000,-1.00,0.0000,0
285698,1790788082441,0.04759,0.22865,0.01442,0.04825,0.01531,0.15123,0.06906,0.03564,0.23205,0.03584,0.08316,0.03879,0.04874,0.22071,0.00919,0.04480,0.01065,0.17155,0.03849,0.04140,0.26917,0.04083,0.06564,0.03885,-54.03,2.785,-1,0.0000,-1.00,0.0000,0
285791,1790788082521,0.03897,0.21431,0.02077,0.04954,0.03922,0.08810,0.04958,0.04745,0.29863,0.03280,0.08485,0.03580,0.03705,0.18766,0.01863,0.04308,0.03913,0.09864,0.02211,0.05326,0.34929,0.03154,0.08211,0.03751,-54.40,3.584,-1,0.0000,-1.00,0.0000,0
285884,1790788082621,0.07447,0.11289,0.01343,0.16703,0.01526,0.11818,0.03925,0.05614,0.28758,0.03500,0.05080,0.02999,0.07608,0.07468,0.00826,0.19304,0.01243,0.12653,0.03222,0.06563,0.30632,0.03947,0.03579,0.02954,-54.48,3.451,-1,0.0000,-1.00,0.0000,0
285976,1790788082699,0.04161,0.10719,0.03551,0.06443,0.02149,0.09074,0.05787,0.06579,0.35159,0.04924,0.06524,0.04929,0.03515,0.04781,0.03150,0.06570,0.01639,0.10175,0.05977,0.07269,0.40827,0.05575,0.05801,0.04721,-54.64,4.219,-1,0.0000,-1.00,0.0000,0
286069,1790788082800,0.04676,0.14611,0.05111,0.10659,0.03140,0.06731,0.09297,0.09996,0.17804,0.06809,0.06631,0.04536,0.03358,0.13782,0.04625,0.11488,0.03015,0.07400,0.08408,0.11061,0.19056,0.07561,0.06479,0.03768,-54.44,2.136,-1,0.0000,-1.00,0.0000,0
286162,1790788082900,0.07255,0.10297,0.00727,0.27784,0.01709,0.02571,0.03775,0.08415,0.22937,0.02601,0.07845,0.04084,0.06753,0.08137,0.00290,0.31497,0.01201,0.01742,0.02911,0.10026,0.21192,0.02927,0.09055,0.04269,-54.68,3.334,-1,0.0000,-1.00,0.0000,0
286255,1790788082980,0.05213,0.05325,0.00952,0.29631,0.01442,0.05157,0.07142,0.07403,0.15322,0.04150,0.11791,0.06470,0.04425,0.04102,0.00173,0.32914,0.00466,0.05331,0.07735,0.08846,0.11835,0.04881,0.13072,0.06220,-55.20,3.556,-1,0.0000,-1.00,0.0000,0
286348,1790788083080,0.05555,0.09145,0.05160,0.10933,0.01273,0.06532,0.10090,0.07861,0.25209,0.03379,0.09944,0.04917,0.04974,0.05436,0.05405,0.11008,0.00767,0.06864,0.11013,0.08348,0.27996,0.03926,0.10555,0.03709,-55.59,3.025,-1,0.0000,-1.00,0.0000,0
286441,1790788083162,0.04728,0.04992,0.05676,0.12132,0.02642,0.08446,0.02770,0.09670,0.21375,0.04778,0.16931,0.05860,0.03593,0.01332,0.05741,0.10885,0.01894,0.09408,0.03050,0.10453,0.23455,0.05350,0.18422,0.06417,-55.06,2.565,-1,0.0000,-1.00,0.0000,0
286534,1790788083260,0.02719,0.05035,0.07925,0.19797,0.01288,0.02969,0.00950,0.05837,0.19624,0.03605,0.28453,0.01798,0.02123,0.02143,0.08676,0.17087,0.01130,0.03152,0.00690,0.05298,0.20088,0.04135,0.33468,0.02010,-54.09,3.414,-1,0.0000,-1.00,0.0000,0
286627,1790788083341,0.05922,0.04345,0.24870,0.09838,0.01293,0.04262,0.02711,0.11965,0.06521,0.02612,0.21599,0.04063,0.05399,0.03929,0.29203,0.06816,0.00681,0.04036,0.02462,0.08556,0.06446,0.03012,0.25080,0.04381,-54.41,2.984,-1,0.0000,-1.00,0.0000,0
286720,1790788083462,0.14898,0.04135,0.02763,0.18495,0.01931,0.06956,0.04885,0.05400,0.08539,0.02917,0.23532,0.05550,0.16672,0.03585,0.02665,0.16770,0.01197,0.05030,0.05137,0.05948,0.06907,0.03258,0.27199,0.05632,-54.93,2.824,-1,0.0000,-1.00,0.0000,0
286812,1790788083561,0.05034,0.04690,0.16774,0.06550,0.04197,0.04596,0.05045,0.09709,0.19214,0.02294,0.15993,0.05902,0.04493,0.01232,0.19697,0.04231,0.03850,0.04620,0.05766,0.07764,0.22137,0.02033,0.18248,0.05929,-55.07,2.306,-1,0.0000,-1.00,0.0000,0
286905,1790788083642,0.09370,0.03973,0.04422,0.15994,0.03271,0.05914,0.03877,0.09557,0.19662,0.05612,0.12370,0.05979,0.08893,0.01049,0.04070,0.16436,0.02677,0.05337,0.04438,0.10644,0.20301,0.06194,0.13764,0.06196,-55.30,2.359,-1,0.0000,-1.00,0.0000,0
286998,1790788083740,0.08009,0.04369,0.01601,0.27002,0.00784,0.03002,0.05534,0.05336,0.24846,0.03300,0.13368,0.02850,0.08374,0.00483,0.01156,0.29255,0.00519,0.01937,0.06535,0.06165,0.23972,0.03851,0.15634,0.02120,-55.19,3.240,-1,0.0000,-1.00,0.0000,0
287091,1790788083820,0.07806,0.07876,0.22198,0.05844,0.01435,0.03470,0.04474,0.16735,0.15564,0.02464,0.07782,0.04353,0.06443,0.05947,0.26047,0.05268,0.00858,0.02880,0.04181,0.14888,0.17605,0.02782,0.08754,0.04346,-55.03,2.664,-1,0.0000,-1.00,0.0000,0
287184,1790788083920,0.03763,0.13145,0.01271,0.10915,0.01548,0.03768,0.06486,0.07234,0.25209,0.03165,0.19101,0.04395,0.02823,0.10140,0.00800,0.08698,0.01035,0.03962,0.05761,0.08509,0.28424,0.03645,0.22103,0.04099,-55.43,3.025,-1,0.0000,-1.00,0.0000,0
287277,1790788084009,0.03501,0.08878,0.05968,0.07934,0.02705,0.06331,0.02785,0.04919,0.21384,0.06029,0.22490,0.07075,0.03227,0.05769,0.05774,0.04438,0.01647,0.06947,0.02193,0.04749,0.24694,0.06948,0.25572,0.08042,-54.93,2.699,-1,0.0000,-1.00,0.0000,0
287370,1790788084101,0.03479,0.04725,0.00989,0.13274,0.05375,0.02505,0.08195,0.03279,0.19776,0.02445,0.31619,0.04339,0.03347,0.01373,0.00831,0.08486,0.05786,0.02338,0.09547,0.03764,0.22015,0.01783,0.37424,0.03306,-54.49,3.794,-1,0.0000,-1.00,0.0000,0
287463,1790788084202,0.06981,0.03981,0.02813,0.14068,0.03384,0.04127,0.09404,0.10283,0.12775,0.07112,0.17530,0.07542,0.05990,0.02240,0.01787,0.12840,0.02688,0.03758,0.10812,0.11978,0.12763,0.07989,0.20260,0.06894,-54.69,2.104,-1,0.0000,-1.00,0.0000,0
287555,1790788084284,0.08919,0.02693,0.03282,0.15982,0.05815,0.06093,0.04982,0.07566,0.09515,0.09904,0.18959,0.06289,0.08961,0.01551,0.01804,0.14864,0.05697,0.05525,0.05663,0.08708,0.08455,0.10738,0.21622,0.06413,-55.35,2.275,-1,0.0000,-1.00,0.0000,0
287648,1790788084381,0.07037,0.01876,0.01662,0.18526,0.08604,0.05106,0.08304,0.08613,0.10743,0.07138,0.13067,0.09325,0.06391,0.00603,0.00492,0.19285,0.08481,0.04851,0.09818,0.10236,0.08355,0.07566,0.14696,0.09227,-55.75,2.223,-1,0.0000,-1.00,0.0000,0
287741,1790788084459,0.10053,0.01646,0.02129,0.21665,0.05490,0.03749,0.03870,0.14077,0.10555,0.04472,0.16123,0.06171,0.08550,0.00549,0.01692,0.22240,0.05288,0.02798,0.04464,0.16596,0.08216,0.04333,0.18765,0.06509,-55.53,2.600,-1,0.0000,-1.00,0.0000,0
287834,1790788084560,0.06548,0.02731,0.01742,0.32933,0.06680,0.02927,0.02795,0.06851,0.18773,0.05988,0.08337,0.03696,0.06251,0.00290,0.00950,0.37571,0.07255,0.02268,0.03268,0.08043,0.15046,0.05736,0.09540,0.03781,-55.73,3.952,-1,0.0000,-1.00,0.0000,0
287927,1790788084660,0.05993,0.03163,0.02439,0.21920,0.03006,0.03625,0.03084,0.08648,0.16458,0.04450,0.19943,0.07272,0.05196,0.00732,0.01944,0.21659,0.02012,0.03314,0.03511,0.10016,0.15426,0.04933,0.23239,0.08018,-55.55,2.630,-1,0.0000,-1.00,0.0000,0
288020,1790788084759,0.04929,0.03548,0.01240,0.19708,0.02896,0.02633,0.03714,0.05776,0.19217,0.02661,0.24314,0.09364,0.04464,0.00501,0.00903,0.17930,0.01375,0.02311,0.04351,0.06742,0.19450,0.02938,0.28676,0.10358,-55.52,2.918,-1,0.0000,-1.00,0.0000,0
288113,1790788084861,0.03470,0.02907,0.02487,0.25352,0.05807,0.02483,0.02951,0.03240,0.13320,0.05245,0.13864,0.18876,0.03417,0.01442,0.01824,0.27175,0.02603,0.02297,0.03250,0.03520,0.10514,0.05828,0.16157,0.21973,-55.88,3.042,-1,0.0000,-1.00,0.0000,0
288206,1790788084941,0.04363,0.06924,0.03153,0.12562,0.04999,0.06855,0.06790,0.07018,0.08487,0.05490,0.14261,0.19098,0.03811,0.06859,0.02543,0.11959,0.01761,0.07468,0.06756,0.07926,0.07799,0.06229,0.15607,0.21283,-55.53,2.292,-1,0.0000,-1.00,0.0000,0
288298,1790788085042,0.03880,0.05550,0.01072,0.16884,0.03808,0.14735,0.02908,0.04538,0.11125,0.02545,0.16673,0.16283,0.03818,0.04676,0.00709,0.16935,0.00832,0.16906,0.02556,0.05298,0.09957,0.02900,0.16627,0.18785,-54.99,2.026,-1,0.0000,-1.00,0.0000,0
288391,1790788085120,0.03426,0.06184,0.01484,0.07300,0.05603,0.18024,0.03386,0.03537,0.07909,0.02579,0.13849,0.26720,0.03291,0.05798,0.01185,0.06281,0.00481,0.20945,0.02907,0.04003,0.08231,0.02995,0.12442,0.31441,-54.83,3.206,-1,0.0000,-1.00,0.0000,0
288484,1790788085220,0.03027,0.10118,0.01011,0.07031,0.07114,0.07600,0.04453,0.02651,0.09824,0.02781,0.09455,0.34934,0.03020,0.10047,0.00564,0.06514,0.00358,0.08508,0.03344,0.03064,0.10481,0.03262,0.09642,0.41197,-55.04,4.192,-1,0.0000,-1.00,0.0000,0
288577,1790788085300,0.02269,0.14618,0.01129,0.07513,0.06662,0.02949,0.09866,0.02338,0.10967,0.03458,0.05636,0.32596,0.02279,0.15216,0.00556,0.07785,0.00605,0.03081,0.08795,0.02701,0.11598,0.04023,0.06143,0.37217,-55.65,3.911,-1,0.0000,-1.00,0.0000,0
288670,1790788085400,0.04938,0.10365,0.02477,0.15563,0.03714,0.03796,0.07663,0.03300,0.20800,0.03331,0.08567,0.15485,0.05220,0.08137,0.02219,0.16752,0.01070,0.03514,0.07569,0.03515,0.21602,0.03780,0.09569,0.17055,-55.13,2.496,-1,0.0000,-1.00,0.0000,0
288763,1790788085511,0.02831,0.12260,0.02624,0.09458,0.03876,0.03261,0.05667,0.03719,0.27170,0.03092,0.14379,0.11661,0.02588,0.08624,0.02457,0.08051,0.02078,0.03395,0.05081,0.03969,0.30787,0.03467,0.16557,0.12945,-55.68,3.260,-1,0.0000,-1.00,0.0000,0
288856,1790788085584,0.03399,0.07070,0.02663,0.05918,0.06596,0.06900,0.04795,0.04724,0.17589,0.05796,0.13007,0.21542,0.03020,0.04482,0.01912,0.04303,0.02977,0.07670,0.04828,0.05311,0.20125,0.06453,0.14065,0.24855,-56.15,2.585,-1,0.0000,-1.00,0.0000,0
288949,1790788085680,0.04990,0.08689,0.02959,0.08351,0.05928,0.06508,0.02851,0.05992,0.20174,0.03815,0.10173,0.19570,0.04926,0.05928,0.02742,0.07859,0.02595,0.06822,0.02241,0.06636,0.22615,0.04057,0.10837,0.22743,-55.88,2.421,-1,0.0000,-1.00,0.0000,0
289041,1790788085760,0.02723,0.15184,0.06284,0.03902,0.04393,0.11582,0.11110,0.04810,0.12674,0.06121,0.10036,0.11181,0.02360,0.15336,0.06153,0.02818,0.03011,0.13410,0.10264,0.04553,0.14418,0.06947,0.09367,0.11363,-55.47,1.822,-1,0.0000,-1.00,0.0000,0
289134,1790788085861,0.03923,0.19245,0.02537,0.10893,0.02703,0.06941,0.05838,0.03305,0.12639,0.05842,0.17093,0.09041,0.04140,0.20452,0.01701,0.09287,0.01243,0.07496,0.02914,0.03650,0.13303,0.06754,0.18995,0.10065,-54.51,2.309,-1,0.0000,-1.00,0.0000,0
289227,1790788085960,0.05113,0.24357,0.01753,0.09824,0.04261,0.02962,0.06218,0.02701,0.10161,0.02555,0.12528,0.17568,0.05612,0.27121,0.01534,0.08892,0.01027,0.02436,0.02074,0.02932,0.10413,0.02857,0.14529,0.20573,-54.81,2.923,-1,0.0000,-1.00,0.0000,0
289320,1790788086063,0.02422,0.13355,0.01746,0.11662,0.05245,0.09271,0.07001,0.02878,0.09858,0.02946,0.11233,0.22383,0.02399,0.14121,0.01440,0.11724,0.01213,0.10634,0.05579,0.03172,0.09488,0.03290,0.11352,0.25588,-54.94,2.686,-1,0.0000,-1.00,0.0000,0
289413,1790788086161,0.04261,0.04297,0.01862,0.11220,0.03753,0.14884,0.14837,0.02912,0.09810,0.02936,0.11883,0.17347,0.04465,0.03361,0.01572,0.11290,0.00994,0.17022,0.17102,0.03188,0.09517,0.03321,0.10864,0.17304,-54.96,2.082,-1,0.0000,-1.00,0.0000,0
289506,1790788086240,0.02467,0.05566,0.02630,0.11730,0.08961,0.05944,0.12666,0.02977,0.17301,0.06930,0.11596,0.11231,0.02268,0.03121,0.01845,0.11563,0.08651,0.06673,0.14542,0.03218,0.18438,0.06589,0.12571,0.10520,-55.20,2.076,-1,0.0000,-1.00,0.0000,0
289599,1790788086340,0.04300,0.07533,0.03127,0.09218,0.03362,0.08273,0.08776,0.05779,0.23485,0.04498,0.08213,0.13435,0.04088,0.03820,0.02727,0.09453,0.01235,0.09128,0.09759,0.06384,0.26267,0.05145,0.08032,0.13963,-55.50,2.818,-1,0.0000,-1.00,0.0000,0
289692,1790788086421,0.02398,0.13220,0.02567,0.10311,0.02134,0.05812,0.06754,0.04682,0.31896,0.04352,0.06634,0.09239,0.02003,0.08724,0.02065,0.11037,0.00649,0.06568,0.06355,0.05211,0.36020,0.05098,0.06647,0.09625,-55.92,3.828,-1,0.0000,-1.00,0.0000,0
289785,1790788086519,0.02657,0.08356,0.01370,0.22617,0.01834,0.05213,0.03445,0.04906,0.29454,0.02422,0.13143,0.04583,0.02062,0.03968,0.01114,0.24209,0.01223,0.05854,0.03342,0.05658,0.30494,0.02659,0.14587,0.04829,-55.77,3.534,-1,0.0000,-1.00,0.0000,0
289877,1790788086601,0.02905,0.05377,0.02153,0.21849,0.04137,0.04442,0.04679,0.06775,0.14911,0.03701,0.18468,0.10602,0.01912,0.03791,0.01804,0.21988,0.02629,0.04943,0.04835,0.07780,0.13508,0.03914,0.21149,0.11746,-55.36,2.622,-1,0.0000,-1.00,0.0000,0
289970,1790788086700,0.03298,0.04689,0.03948,0.21973,0.02467,0.04093,0.03406,0.07663,0.19876,0.02706,0.16153,0.09729,0.02363,0.01802,0.04107,0.22666,0.00805,0.04436,0.03710,0.08382,0.19257,0.03148,0.18475,0.10849,-55.00,2.637,-1,0.0000,-1.00,0.0000,0
290063,1790788086801,0.02174,0.06451,0.01376,0.27318,0.01129,0.03292,0.04568,0.05596,0.20092,0.03003,0.21242,0.03759,0.01279,0.04084,0.00961,0.27832,0.00643,0.03691,0.04664,0.06515,0.18558,0.03470,0.24721,0.03580,-55.10,3.278,-1,0.0000,-1.00,0.0000,0
290156,1790788086880,0.03697,0.03828,0.02178,0.24709,0.01606,0.02249,0.03862,0.06239,0.12573,0.04082,0.30286,0.04691,0.03010,0.02487,0.01676,0.22496,0.00972,0.02098,0.04119,0.07158,0.10592,0.04712,0.35874,0.04804,-55.54,3.634,-1,0.0000,-1.00,0.0000,0
290249,1790788086980,0.04639,0.03228,0.02413,0.26510,0.01738,0.03143,0.01714,0.12078,0.14830,0.02174,0.21430,0.06103,0.02750,0.01435,0.02400,0.26802,0.00702,0.03221,0.01768,0.13998,0.12443,0.02479,0.25040,0.06962,-55.63,3.181,-1,0.0000,-1.00,0.0000,0
290342,1790788087066,0.04580,0.02600,0.03384,0.18952,0.02172,0.01440,0.04364,0.16057,0.08025,0.02950,0.26728,0.08748,0.01684,0.01953,0.03381,0.16415,0.00710,0.01392,0.04722,0.18690,0.06362,0.03395,0.31751,0.09546,-55.09,3.207,-1,0.0000,-1.00,0.0000,0
290435,1790788087160,0.05300,0.08649,0.01613,0.20049,0.01708,0.03487,0.03468,0.17881,0.12611,0.01026,0.17859,0.06350,0.02073,0.08281,0.01714,0.19929,0.00643,0.03768,0.02513,0.21085,0.11161,0.01101,0.20652,0.07079,-54.94,2.406,-1,0.0000,-1.00,0.0000,0
290528,1790788087260,0.05834,0.06110,0.02734,0.16022,0.01295,0.01699,0.03605,0.23978,0.16305,0.03011,0.16355,0.03051,0.01397,0.04057,0.02594,0.15383,0.00966,0.01759,0.03515,0.28217,0.16464,0.03441,0.19248,0.02959,-54.95,2.877,-1,0.0000,-1.00,0.0000,0
290620,1790788087360,0.03118,0.02488,0.03170,0.20943,0.01043,0.06457,0.02417,0.09459,0.10748,0.03027,0.34414,0.02717,0.01602,0.01114,0.03107,0.17212,0.00709,0.07419,0.02676,0.10718,0.09466,0.03487,0.39765,0.02725,-54.88,4.130,-1,0.0000,-1.00,0.0000,0
290713,1790788087460,0.04257,0.01955,0.02642,0.30222,0.02316,0.04748,0.03841,0.12826,0.10885,0.03072,0.15945,0.07290,0.02152,0.01039,0.02484,0.32632,0.01216,0.05263,0.04396,0.14877,0.06574,0.03440,0.18063,0.07864,-55.07,3.627,-1,0.0000,-1.00,0.0000,0
290806,1790788087540,0.03450,0.01744,0.06121,0.13537,0.07829,0.08851,0.03010,0.11036,0.06083,0.05225,0.13849,0.19265,0.01759,0.01177,0.06281,0.13334,0.04937,0.10258,0.03374,0.11979,0.04609,0.05319,0.14560,0.22415,-54.80,2.312,-1,0.0000,-1.00,0.0000,0
290899,1790788087640,0.01786,0.02177,0.02354,0.23385,0.04878,0.03000,0.01824,0.06839,0.09313,0.02933,0.21367,0.20144,0.00703,0.01303,0.02170,0.23082,0.01156,0.03456,0.01927,0.07764,0.06584,0.03285,0.24918,0.23652,-54.56,2.806,-1,0.0000,-1.00,0.0000,0
290992,1790788087720,0.03371,0.02539,0.07511,0.16935,0.02985,0.04848,0.06117,0.13886,0.09898,0.05262,0.15464,0.11185,0.00974,0.01398,0.07797,0.16839,0.01191,0.05615,0.06909,0.15237,0.08521,0.06069,0.17417,0.12033,-54.39,2.032,-1,0.0000,-1.00,0.0000,0
291085,1790788087820,0.01817,0.02468,0.02133,0.24650,0.01953,0.02909,0.07999,0.08256,0.09158,0.04609,0.24522,0.09526,0.00312,0.01723,0.01475,0.23846,0.00446,0.03426,0.09226,0.09618,0.06228,0.05452,0.28704,0.09545,-54.23,2.958,-1,0.0000,-1.00,0.0000,0
291178,1790788087901,0.01335,0.04391,0.04298,0.18456,0.02765,0.02155,0.05488,0.05734,0.11017,0.06142,0.26322,0.11897,0.00543,0.03300,0.03709,0.15959,0.00755,0.02474,0.05921,0.06136,0.09980,0.07268,0.31050,0.12904,-54.40,3.159,-1,0.0000,-1.00,0.0000,0
291271,1790788087999,0.02890,0.03004,0.02431,0.19062,0.04607,0.02350,0.05769,0.08024,0.10354,0.02556,0.17543,0.21410,0.01643,0.01879,0.02332,0.18772,0.00682,0.02499,0.06513,0.09179,0.08679,0.02933,0.20526,0.24363,-55.03,2.569,-1,0.0000,-1.00,0.0000,0
291363,1790788088100,0.06176,0.04629,0.03828,0.17056,0.02570,0.05652,0.05028,0.09514,0.12165,0.03611,0.19721,0.10049,0.05396,0.03285,0.03764,0.15978,0.00910,0.05718,0.05371,0.10656,0.11410,0.04147,0.22497,0.10869,-55.09,2.367,-1,0.0000,-1.00,0.0000,0
291456,1790788088180,0.09019,0.11845,0.04107,0.13838,0.02345,0.04823,0.05168,0.08925,0.13846,0.05398,0.12896,0.07790,0.09255,0.11504,0.03686,0.13673,0.01209,0.03945,0.03899,0.09976,0.13881,0.06229,0.14670,0.08073,-54.98,1.662,-1,0.0000,-1.00,0.0000,0
291549,1790788088280,0.03296,0.04783,0.03360,0.21816,0.04153,0.02830,0.05213,0.05142,0.15191,0.02746,0.12707,0.18762,0.02808,0.03036,0.03402,0.23235,0.00709,0.02856,0.05373,0.05758,0.13596,0.03150,0.14660,0.21417,-55.30,2.618,-1,0.0000,-1.00,0.0000,0
291642,1790788088360,0.04033,0.07577,0.03173,0.10989,0.04408,0.01488,0.06322,0.08064,0.14541,0.04398,0.16365,0.18641,0.02997,0.06000,0.02792,0.09327,0.01099,0.01189,0.06188,0.09308,0.15528,0.05099,0.19373,0.21100,-54.87,2.237,-1,0.0000,-1.00,0.0000,0
291735,1790788088460,0.05533,0.08717,0.01824,0.13163,0.04492,0.02004,0.03235,0.03671,0.12911,0.03346,0.19952,0.21151,0.05813,0.07813,0.01408,0.11082,0.00450,0.01248,0.02328,0.04120,0.13274,0.03920,0.23660,0.24883,-54.03,2.538,-1,0.0000,-1.00,0.0000,0
291828,1790788088562,0.09699,0.04024,0.01138,0.24796,0.01716,0.02220,0.02991,0.05861,0.13299,0.02700,0.28421,0.03135,0.10260,0.02570,0.00774,0.22985,0.01433,0.00626,0.03075,0.06869,0.11360,0.02971,0.33931,0.03147,-54.16,3.411,-1,0.0000,-1.00,0.0000,0
291921,1790788088661,0.11067,0.02026,0.01789,0.19637,0.01538,0.02712,0.02248,0.11129,0.10334,0.01602,0.31410,0.04509,0.10551,0.00734,0.01798,0.16114,0.00870,0.01158,0.02502,0.13025,0.09188,0.01746,0.37406,0.04907,-54.61,3.769,-1,0.0000,-1.00,0.0000,0
292014,1790788088759,0.07653,0.02386,0.03408,0.17811,0.02115,0.01720,0.03531,0.10105,0.09237,0.02330,0.32044,0.07658,0.06815,0.01241,0.03564,0.13758,0.00860,0.00710,0.03683,0.11704,0.08341,0.02622,0.38255,0.08446,-55.02,3.845,-1,0.0000,-1.00,0.0000,0
292107,1790788088840,0.10192,0.03315,0.01772,0.17020,0.01867,0.03950,0.02153,0.07917,0.05430,0.03145,0.38831,0.04407,0.10380,0.03125,0.01426,0.11275,0.01265,0.02676,0.01924,0.09241,0.04272,0.03518,0.45998,0.04900,-54.94,4.660,-1,0.0000,-1.00,0.0000,0
292199,1790788088940,0.12993,0.02428,0.01862,0.14126,0.01803,0.03298,0.02250,0.06922,0.07714,0.03858,0.36798,0.05948,0.13947,0.01458,0.01345,0.08233,0.00835,0.01198,0.02408,0.08027,0.07597,0.04471,0.43855,0.06626,-54.58,4.416,-1,0.0000,-1.00,0.0000,0
292292,1790788089021,0.10346,0.02122,0.03225,0.16447,0.02097,0.02317,0.02138,0.08091,0.09113,0.04124,0.36606,0.03374,0.10513,0.00812,0.02955,0.11039,0.01790,0.00692,0.02009,0.09502,0.08731,0.04587,0.43726,0.03645,-54.93,4.393,-1,0.0000,-1.00,0.0000,0
292385,1790788089121,0.16161,0.02232,0.01031,0.13196,0.02225,0.03467,0.01645,0.08424,0.11880,0.03582,0.30786,0.05372,0.17306,0.00256,0.00442,0.08527,0.01464,0.00723,0.01890,0.10037,0.12545,0.04001,0.36746,0.06063,-54.88,3.694,-1,0.0000,-1.00,0.0000,0
292478,1790788089200,0.16086,0.02479,0.01178,0.13862,0.01069,0.03767,0.03524,0.07252,0.09435,0.02872,0.34843,0.03632,0.17582,0.01058,0.00752,0.08374,0.00557,0.01047,0.04013,0.08541,0.09646,0.03331,0.41543,0.03556,-54.78,4.181,-1,0.0000,-1.00,0.0000,0
292571,1790788089300,0.09009,0.01199,0.00905,0.19137,0.00682,0.02525,0.05375,0.06983,0.07417,0.03795,0.40168,0.02804,0.09068,0.00278,0.00199,0.13437,0.00402,0.01228,0.06377,0.08337,0.06224,0.04468,0.47888,0.02096,-54.30,4.820,-1,0.0000,-1.00,0.0000,0
292664,1790788089400,0.07726,0.02411,0.00661,0.18239,0.00889,0.01732,0.03036,0.06732,0.13205,0.02095,0.41801,0.01472,0.07384,0.00504,0.00327,0.11949,0.00847,0.00618,0.03505,0.08035,0.13451,0.02346,0.49965,0.01069,-53.99,5.016,-1,0.0000,-1.00,0.0000,0
292757,1790788089510,0.05814,0.01842,0.00648,0.19016,0.01021,0.01581,0.02406,0.07223,0.09562,0.01362,0.47807,0.01718,0.05270,0.00387,0.00489,0.11464,0.00925,0.00850,0.02806,0.08558,0.09182,0.01451,0.57115,0.01503,-54.32,5.737,-1,0.0000,-1.00,0.0000,0
292850,1790788089581,0.07499,0.01193,0.00484,0.22216,0.01458,0.01956,0.01761,0.02263,0.11062,0.01473,0.47262,0.01374,0.07680,0.00190,0.00285,0.15426,0.01494,0.00829,0.02064,0.02664,0.10182,0.01483,0.56466,0.01237,-55.06,5.671,-1,0.0000,-1.00,0.0000,0
292942,1790788089661,0.13564,0.01461,0.04592,0.17395,0.01386,0.03164,0.06267,0.05715,0.08856,0.03242,0.31232,0.03125,0.15068,0.00208,0.04780,0.13457,0.01216,0.00804,0.07469,0.05901,0.07944,0.03643,0.37264,0.02246,-55.04,3.748,-1,0.0000,-1.00,0.0000,0
293035,1790788089780,0.15133,0.01492,0.01299,0.16716,0.01150,0.03466,0.02406,0.08844,0.07961,0.05195,0.35522,0.00815,0.16045,0.00354,0.00374,0.11630,0.01294,0.00972,0.02803,0.10533,0.07234,0.05968,0.42371,0.00421,-54.42,4.263,-1,0.0000,-1.00,0.0000,0
293128,1790788089860,0.20474,0.01660,0.00879,0.14080,0.01280,0.04658,0.02276,0.06325,0.08204,0.02843,0.34310,0.03010,0.23009,0.00417,0.00413,0.08761,0.00921,0.01020,0.02614,0.07528,0.08085,0.03233,0.40910,0.03089,-54.23,4.117,-1,0.0000,-1.00,0.0000,0
293221,1790788089960,0.10350,0.02607,0.02404,0.17147,0.01673,0.02995,0.02087,0.05973,0.07213,0.07970,0.36926,0.02655,0.10997,0.01892,0.01045,0.11831,0.01455,0.01408,0.02069,0.07006,0.06297,0.09261,0.43966,0.02772,-54.37,4.431,-1,0.0000,-1.00,0.0000,0
293314,1790788090064,0.18689,0.02869,0.02044,0.23008,0.01048,0.04466,0.01995,0.08918,0.09399,0.05492,0.19232,0.02839,0.20374,0.02140,0.01171,0.23052,0.00675,0.01313,0.01961,0.10459,0.06692,0.06447,0.22784,0.02932,-54.42,2.761,-1,0.0000,-1.00,0.0000,0
293407,1790788090140,0.02703,0.07981,0.05105,0.15718,0.05313,0.03029,0.03226,0.06942,0.08601,0.04168,0.12070,0.25142,0.01790,0.08153,0.05146,0.16096,0.00482,0.03275,0.02238,0.07309,0.07115,0.04899,0.13813,0.29683,-54.33,3.017,-1,0.0000,-1.00,0.0000,0
293500,1790788090241,0.01481,0.27114,0.02696,0.10117,0.04780,0.01735,0.06696,0.05054,0.09005,0.02676,0.11057,0.17587,0.00727,0.30726,0.02659,0.09573,0.01626,0.01943,0.01933,0.05529,0.08892,0.02884,0.12864,0.20643,-54.16,3.254,-1,0.0000,-1.00,0.0000,0
293593,1790788090320,0.01467,0.09523,0.15140,0.07749,0.06305,0.01691,0.04857,0.04607,0.04779,0.01712,0.11204,0.30965,0.01406,0.10539,0.17749,0.06692,0.00355,0.01748,0.03731,0.02002,0.04400,0.01981,0.13079,0.36319,-53.82,3.716,-1,0.0000,-1.00,0.0000,0
293685,1790788090421,0.05389,0.03555,0.03151,0.22008,0.07190,0.04578,0.00968,0.02432,0.06810,0.00854,0.07843,0.35223,0.06004,0.03627,0.03582,0.24676,0.00265,0.04295,0.00429,0.02215,0.03260,0.00979,0.08547,0.42120,-53.86,4.227,-1,0.0000,-1.00,0.0000,0
293778,1790788090499,0.03964,0.01873,0.03505,0.26215,0.05132,0.05810,0.01103,0.04143,0.06527,0.01261,0.16928,0.23538,0.04002,0.01780,0.03924,0.27633,0.00613,0.06168,0.00969,0.04186,0.02343,0.01390,0.19061,0.27930,-54.77,3.146,-1,0.0000,-1.00,0.0000,0
293871,1790788090599,0.04743,0.00943,0.02445,0.19778,0.06865,0.05297,0.01732,0.04664,0.05661,0.01269,0.13690,0.32912,0.04660,0.00615,0.02647,0.20660,0.00477,0.05432,0.01948,0.05071,0.02688,0.01426,0.15327,0.39050,-55.31,3.949,-1,0.0000,-1.00,0.0000,0
293964,1790788090699,0.02559,0.00994,0.00791,0.24006,0.07321,0.05827,0.01223,0.04202,0.06553,0.01359,0.10826,0.34338,0.02059,0.00709,0.00651,0.26452,0.00668,0.06575,0.01325,0.04905,0.02609,0.01496,0.11669,0.40883,-54.66,4.121,-1,0.0000,-1.00,0.0000,0
294057,1790788090780,0.04760,0.00907,0.01484,0.24751,0.07050,0.03479,0.00907,0.05517,0.06389,0.01723,0.11610,0.31423,0.04445,0.00632,0.01409,0.27029,0.01021,0.03288,0.00946,0.06347,0.02297,0.01862,0.13260,0.37465,-54.38,3.771,-1,0.0000,-1.00,0.0000,0
294150,1790788090880,0.07195,0.00668,0.02336,0.28298,0.04346,0.03795,0.00896,0.06229,0.06613,0.01506,0.17881,0.20236,0.07225,0.00406,0.02453,0.29782,0.00437,0.03116,0.00925,0.07045,0.01990,0.01748,0.20808,0.24064,-54.83,3.396,-1,0.0000,-1.00,0.0000,0
294243,1790788090959,0.08811,0.01047,0.03889,0.16925,0.02939,0.10038,0.10986,0.05247,0.06841,0.02418,0.17959,0.12900,0.09372,0.00380,0.04119,0.16414,0.00971,0.10170,0.13078,0.05481,0.04920,0.02728,0.19503,0.12865,-54.41,2.155,-1,0.0000,-1.00,0.0000,0
294336,1790788091080,0.07226,0.01541,0.01499,0.32702,0.02855,0.08696,0.01562,0.02655,0.11527,0.02027,0.16660,0.11051,0.08062,0.00525,0.01348,0.35574,0.00865,0.08822,0.01766,0.02916,0.06760,0.02257,0.18214,0.12892,-53.71,3.924,-1,0.0000,-1.00,0.0000,0
294429,1790788091160,0.03217,0.02036,0.02756,0.27966,0.02572,0.13033,0.01487,0.03531,0.10226,0.04937,0.18616,0.09623,0.03090,0.01187,0.02164,0.29678,0.00857,0.15004,0.01546,0.03802,0.06370,0.05746,0.19331,0.11225,-54.22,3.356,-1,0.0000,-1.00,0.0000,0
294521,1790788091260,0.02128,0.01662,0.04221,0.07372,0.03577,0.14508,0.01036,0.08157,0.04875,0.06704,0.29556,0.16204,0.00784,0.00970,0.03485,0.02490,0.00493,0.17229,0.01049,0.09083,0.05347,0.07935,0.32000,0.19135,-54.56,3.547,-1,0.0000,-1.00,0.0000,0
294614,1790788091360,0.02721,0.02613,0.02746,0.10059,0.04020,0.08552,0.01636,0.08165,0.08498,0.07272,0.27533,0.16186,0.01382,0.01344,0.01604,0.05905,0.01039,0.09974,0.01687,0.09472,0.09012,0.08507,0.31013,0.19060,-54.26,3.304,-1,0.0000,-1.00,0.0000,0
294707,1790788091439,0.04488,0.04326,0.02231,0.10403,0.03325,0.05793,0.00892,0.08189,0.21834,0.05472,0.21700,0.11348,0.03298,0.00497,0.01426,0.07558,0.01329,0.06288,0.00971,0.09530,0.24664,0.06293,0.24755,0.13393,-54.42,2.620,-1,0.0000,-1.00,0.0000,0
294800,1790788091540,0.04111,0.05279,0.01675,0.14202,0.01612,0.09325,0.00710,0.04419,0.27411,0.04852,0.18830,0.07575,0.03894,0.00339,0.00861,0.12953,0.00163,0.10401,0.00783,0.05125,0.30277,0.05782,0.20501,0.08921,-54.91,3.289,-1,0.0000,-1.00,0.0000,0
294893,1790788091621,0.05932,0.03384,0.00730,0.13374,0.02258,0.06281,0.00944,0.04165,0.17455,0.01530,0.34833,0.09114,0.06178,0.00223,0.00534,0.07998,0.00591,0.06302,0.01087,0.04885,0.19330,0.01717,0.40488,0.10666,-54.90,4.180,-1,0.0000,-1.00,0.0000,0
294986,1790788091720,0.03052,0.05162,0.01482,0.13473,0.01343,0.01563,0.00691,0.04859,0.27030,0.02267,0.34390,0.04687,0.02382,0.00276,0.01257,0.08030,0.00531,0.01401,0.00766,0.05580,0.30790,0.02618,0.40930,0.05439,-54.93,4.127,-1,0.0000,-1.00,0.0000,0
295079,1790788091800,0.07427,0.04693,0.01640,0.21368,0.01848,0.03704,0.02538,0.03576,0.24394,0.03738,0.18048,0.07027,0.07979,0.00786,0.01103,0.21430,0.00658,0.02856,0.02885,0.04066,0.24979,0.04351,0.21059,0.07848,-54.77,2.927,-1,0.0000,-1.00,0.0000,0
295172,1790788091900,0.08712,0.04238,0.02754,0.07820,0.02525,0.09184,0.07046,0.05646,0.19198,0.05033,0.16014,0.11831,0.09170,0.00751,0.02125,0.05927,0.00539,0.09187,0.08236,0.06402,0.21825,0.05928,0.17367,0.12543,-54.81,2.304,-1,0.0000,-1.00,0.0000,0
295264,1790788092000,0.07710,0.05897,0.01188,0.12992,0.02442,0.12249,0.03586,0.03714,0.20045,0.02780,0.17302,0.10094,0.08388,0.02775,0.00790,0.11970,0.00675,0.13015,0.03747,0.04294,0.21646,0.03198,0.18152,0.11352,-54.73,2.405,-1,0.0000,-1.00,0.0000,0
295357,1790788092080,0.06764,0.07682,0.01802,0.13408,0.02448,0.07857,0.04126,0.03373,0.21808,0.05897,0.18622,0.06214,0.07445,0.04504,0.00821,0.11957,0.01575,0.08003,0.04041,0.03889,0.23761,0.06754,0.20726,0.06524,-54.03,2.617,-1,0.0000,-1.00,0.0000,0
295450,1790788092179,0.08485,0.09705,0.02199,0.18420,0.01507,0.06711,0.07596,0.03689,0.16896,0.05592,0.14451,0.04748,0.09307,0.08441,0.01341,0.18883,0.00978,0.06197,0.07419,0.04164,0.16483,0.06527,0.16087,0.04174,-53.56,2.210,-1,0.0000,-1.00,0.0000,0
295543,1790788092260,0.03256,0.05517,0.03867,0.13742,0.02403,0.05905,0.09108,0.02410,0.13443,0.09278,0.22528,0.08544,0.03423,0.03864,0.02479,0.11366,0.01248,0.06397,0.10127,0.02417,0.13854,0.10869,0.25725,0.08230,-53.96,2.703,-1,0.0000,-1.00,0.0000,0
295636,1790788092380,0.04494,0.02776,0.01755,0.09008,0.04098,0.06317,0.04835,0.15615,0.12297,0.05348,0.16574,0.16883,0.01667,0.00729,0.00877,0.07141,0.01123,0.07238,0.05649,0.18537,0.13319,0.06186,0.18424,0.19109,-54.53,2.026,-1,0.0000,-1.00,0.0000,0
295729,1790788092460,0.06005,0.04793,0.01630,0.10012,0.02540,0.10117,0.03253,0.16119,0.17502,0.02185,0.15544,0.10301,0.03424,0.01929,0.01463,0.08754,0.00735,0.11444,0.03515,0.19025,0.19236,0.02473,0.16357,0.11646,-54.91,2.100,-1,0.0000,-1.00,0.0000,0
295822,1790788092561,0.09580,0.03733,0.00679,0.21813,0.01368,0.12999,0.02817,0.13835,0.18031,0.01877,0.09224,0.04044,0.08170,0.01190,0.00399,0.24495,0.00802,0.13957,0.03133,0.16505,0.16746,0.02094,0.08286,0.04225,-54.89,2.618,-1,0.0000,-1.00,0.0000,0
295915,1790788092661,0.22859,0.03051,0.01082,0.08711,0.02157,0.19215,0.02571,0.07994,0.11147,0.03321,0.10792,0.07099,0.25441,0.01415,0.00548,0.08581,0.01007,0.17981,0.02792,0.09479,0.11655,0.03780,0.09367,0.07953,-54.45,2.743,-1,0.0000,-1.00,0.0000,0
296007,1790788092742,0.05665,0.05622,0.03207,0.11712,0.03294,0.14694,0.03788,0.06302,0.15678,0.03633,0.13901,0.12505,0.05178,0.03689,0.03024,0.11383,0.01126,0.16581,0.03792,0.06967,0.16530,0.04131,0.13369,0.14232,-54.61,1.881,-1,0.0000,-1.00,0.0000,0
296100,1790788092840,0.09188,0.06458,0.01332,0.29090,0.01566,0.07680,0.04668,0.04731,0.22070,0.01837,0.05607,0.05772,0.09932,0.03830,0.01181,0.33810,0.00695,0.07234,0.04835,0.05434,0.19715,0.02091,0.05284,0.05958,-54.51,3.491,-1,0.0000,-1.00,0.0000,0
296193,1790788092921,0.05496,0.06456,0.02180,0.31805,0.00907,0.10359,0.04095,0.03931,0.18028,0.02223,0.10823,0.03697,0.05722,0.04926,0.02099,0.35982,0.00372,0.11279,0.03931,0.04295,0.14468,0.02590,0.10732,0.03604,-54.25,3.817,-1,0.0000,-1.00,0.0000,0
296286,1790788093021,0.05835,0.04748,0.03269,0.18099,0.01449,0.11091,0.05194,0.18198,0.08761,0.01746,0.15083,0.06527,0.02841,0.04343,0.03513,0.18604,0.00403,0.12727,0.05362,0.21109,0.06789,0.02035,0.15550,0.06725,-54.29,2.184,-1,0.0000,-1.00,0.0000,0
296379,1790788093099,0.06492,0.08739,0.03797,0.10298,0.01605,0.11853,0.11153,0.13850,0.14137,0.01902,0.08256,0.07917,0.04626,0.07614,0.04117,0.10901,0.00518,0.13286,0.11854,0.15780,0.14774,0.02182,0.07259,0.07091,-54.44,1.696,-1,0.0000,-1.00,0.0000,0
296472,1790788093200,0.05247,0.04457,0.02038,0.09950,0.03848,0.06140,0.07551,0.14121,0.09416,0.02778,0.15814,0.18639,0.03083,0.03435,0.01803,0.08431,0.00526,0.06749,0.08367,0.16563,0.09611,0.03225,0.17612,0.20595,-54.47,2.237,-1,0.0000,-1.00,0.0000,0
296565,1790788093299,0.03802,0.03847,0.02602,0.05700,0.08658,0.03724,0.02837,0.11508,0.06618,0.01204,0.07297,0.42203,0.01826,0.03355,0.02848,0.05258,0.00457,0.04100,0.02734,0.13225,0.06876,0.01365,0.07931,0.50027,-54.57,5.064,-1,0.0000,-1.00,0.0000,0
296658,1790788093380,0.05968,0.07238,0.05401,0.12521,0.04174,0.02299,0.05378,0.15388,0.10656,0.03622,0.10223,0.17133,0.03723,0.06639,0.05656,0.12654,0.01117,0.02033,0.04937,0.17508,0.10260,0.04118,0.11847,0.19508,-54.48,2.056,-1,0.0000,-1.00,0.0000,0
296751,1790788093504,0.08176,0.12558,0.02719,0.11162,0.02965,0.03838,0.06574,0.12300,0.13521,0.01599,0.10640,0.13948,0.06899,0.12356,0.02896,0.10975,0.00433,0.03251,0.05428,0.14164,0.14026,0.01830,0.12104,0.15638,-54.67,1.674,-1,0.0000,-1.00,0.0000,0
296843,1790788093563,0.04337,0.10176,0.04996,0.11454,0.03525,0.02962,0.04519,0.06709,0.14193,0.05756,0.18268,0.13106,0.03843,0.09200,0.04663,0.09494,0.01263,0.02787,0.03591,0.07114,0.15096,0.06675,0.21337,0.14936,-54.86,2.192,-1,0.0000,-1.00,0.0000,0
296936,1790788093680,0.06552,0.02218,0.09370,0.09578,0.03760,0.05909,0.08383,0.10667,0.05409,0.01671,0.16863,0.19619,0.05628,0.01790,0.10838,0.07706,0.00226,0.05965,0.09681,0.10643,0.04950,0.01961,0.19023,0.21589,-54.74,2.354,-1,0.0000,-1.00,0.0000,0
297029,1790788093761,0.07800,0.04341,0.06191,0.09265,0.02592,0.07463,0.09236,0.10097,0.06906,0.03231,0.20149,0.12729,0.07209,0.03821,0.06669,0.06611,0.00487,0.07513,0.10307,0.10780,0.06964,0.03775,0.22654,0.13210,-55.20,2.418,-1,0.0000,-1.00,0.0000,0
297122,1790788093860,0.05244,0.04825,0.07096,0.16371,0.03874,0.03440,0.07559,0.11077,0.09643,0.02574,0.11957,0.16338,0.04006,0.04158,0.07930,0.16909,0.01036,0.03385,0.08234,0.11701,0.08192,0.02891,0.13656,0.17902,-55.69,1.965,-1,0.0000,-1.00,0.0000,0
297215,1790788093960,0.03939,0.03729,0.11935,0.11428,0.04076,0.01524,0.08099,0.15784,0.08615,0.01132,0.09750,0.19989,0.01438,0.02959,0.14051,0.11438,0.00495,0.01541,0.09118,0.16127,0.08056,0.01259,0.11378,0.22140,-55.43,2.399,-1,0.0000,-1.00,0.0000,0
297308,1790788094042,0.05360,0.03923,0.11330,0.09646,0.03837,0.03501,0.08609,0.16753,0.07798,0.02739,0.09472,0.17032,0.02972,0.03220,0.12962,0.09450,0.00917,0.03625,0.09677,0.17504,0.07471,0.03101,0.10631,0.18470,-55.42,2.044,-1,0.0000,-1.00,0.0000,0
297401,1790788094140,0.05015,0.01681,0.13508,0.12520,0.01738,0.02372,0.06886,0.19487,0.06184,0.01070,0.21103,0.08436,0.01925,0.01020,0.15946,0.10086,0.00394,0.02460,0.08022,0.20216,0.05402,0.01212,0.24798,0.08518,-55.41,2.532,-1,0.0000,-1.00,0.0000,0
297494,1790788094220,0.09478,0.07241,0.08736,0.10853,0.03627,0.05030,0.04346,0.07973,0.11302,0.00967,0.15184,0.15263,0.09848,0.06367,0.10272,0.09558,0.00872,0.04075,0.03853,0.07610,0.11648,0.00986,0.17386,0.17525,-55.35,1.832,-1,0.0000,-1.00,0.0000,0
297586,1790788094321,0.09011,0.09988,0.00952,0.16465,0.03772,0.05375,0.02857,0.05060,0.13493,0.02354,0.18265,0.12407,0.09621,0.09375,0.00646,0.15569,0.01614,0.04553,0.01565,0.05935,0.13081,0.02501,0.20984,0.14556,-55.56,2.192,-1,0.0000,-1.00,0.0000,0
297679,1790788094400,0.10110,0.03321,0.01456,0.11261,0.10324,0.03124,0.06095,0.05891,0.06137,0.05482,0.10552,0.26246,0.10742,0.02958,0.00692,0.11050,0.06400,0.01614,0.06717,0.06922,0.05153,0.05310,0.12324,0.30117,-55.17,3.150,-1,0.0000,-1.00,0.0000,0
297772,1790788094506,0.05391,0.08976,0.02376,0.07918,0.07990,0.02772,0.15479,0.04203,0.05933,0.05367,0.23649,0.09946,0.05535,0.09501,0.01882,0.03958,0.07866,0.02225,0.16664,0.04664,0.06324,0.04871,0.27896,0.08614,-54.57,2.838,-1,0.0000,-1.00,0.0000,0
297865,1790788094603,0.09627,0.13516,0.02394,0.08500,0.02116,0.07454,0.10821,0.04937,0.08028,0.02809,0.20458,0.09340,0.10442,0.14508,0.02229,0.05595,0.00712,0.06862,0.10053,0.05511,0.08510,0.03225,0.23153,0.09199,-54.51,2.455,-1,0.0000,-1.00,0.0000,0
297958,1790788094681,0.10201,0.09180,0.01747,0.16977,0.03920,0.04571,0.05315,0.08869,0.09583,0.04040,0.16116,0.09480,0.10165,0.09378,0.01236,0.16651,0.02604,0.03481,0.04510,0.10382,0.08182,0.04325,0.18621,0.10465,-55.09,2.037,-1,0.0000,-1.00,0.0000,0
298051,1790788094778,0.20148,0.03593,0.00654,0.19969,0.01815,0.04884,0.02755,0.06358,0.10919,0.01695,0.20785,0.06426,0.22637,0.02472,0.00410,0.19045,0.00737,0.01386,0.02811,0.07537,0.09308,0.01885,0.24630,0.07143,-54.88,2.494,-1,0.0000,-1.00,0.0000,0
298144,1790788094860,0.16533,0.03088,0.00953,0.25443,0.01123,0.04419,0.01633,0.07703,0.12274,0.01552,0.22657,0.02622,0.18012,0.01778,0.00800,0.25173,0.00774,0.01736,0.01605,0.09071,0.09698,0.01726,0.26805,0.02824,-54.21,3.053,-1,0.0000,-1.00,0.0000,0
298237,1790788095001,0.11550,0.02817,0.00787,0.28798,0.00983,0.02966,0.02385,0.12119,0.10173,0.00986,0.23352,0.03084,0.10988,0.02099,0.00730,0.29014,0.00541,0.01376,0.02433,0.14385,0.06439,0.01075,0.27709,0.03213,-54.11,3.456,-1,0.0000,-1.00,0.0000,0
298329,1790788095060,0.13001,0.02837,0.00982,0.28271,0.01297,0.02906,0.02605,0.12236,0.10190,0.01301,0.19853,0.04520,0.12751,0.02129,0.00887,0.29198,0.00574,0.00975,0.02687,0.14498,0.06410,0.01458,0.23596,0.04836,-54.88,3.393,-1,0.0000,-1.00,0.0000,0
298422,1790788095161,0.05652,0.06678,0.09167,0.18767,0.02011,0.01797,0.04252,0.06352,0.07924,0.02208,0.31469,0.03722,0.05089,0.07308,0.10516,0.15057,0.01669,0.01145,0.03645,0.05528,0.06462,0.02362,0.37481,0.03737,-55.24,3.776,-1,0.0000,-1.00,0.0000,0
298515,1790788095260,0.05074,0.01616,0.02977,0.19639,0.03286,0.02018,0.04117,0.11088,0.06989,0.03652,0.32865,0.06680,0.03520,0.00981,0.02800,0.15793,0.02546,0.01720,0.04739,0.12731,0.05244,0.03871,0.39039,0.07016,-54.76,3.944,-1,0.0000,-1.00,0.0000,0
298608,1790788095340,0.03609,0.06509,0.06435,0.11407,0.02943,0.06603,0.12023,0.07558,0.11548,0.06176,0.14927,0.10261,0.02930,0.05466,0.06308,0.10411,0.01643,0.07332,0.13313,0.07816,0.11773,0.07075,0.16433,0.09501,-54.48,1.791,-1,0.0000,-1.00,0.0000,0
298701,1790788095441,0.05785,0.07958,0.02228,0.12656,0.02395,0.09265,0.03860,0.05259,0.17416,0.08700,0.14170,0.10309,0.05833,0.05878,0.00626,0.12189,0.00582,0.09946,0.03460,0.06178,0.18452,0.10310,0.15008,0.11541,-54.49,2.090,-1,0.0000,-1.00,0.0000,0
298794,1790788095520,0.04804,0.08758,0.02998,0.14950,0.03462,0.05164,0.03644,0.07342,0.13751,0.11928,0.14929,0.08271,0.03959,0.07887,0.00844,0.14585,0.02173,0.05524,0.02802,0.08630,0.13586,0.13862,0.16794,0.09355,-54.36,1.794,-1,0.0000,-1.00,0.0000,0
298887,1790788095622,0.05754,0.08202,0.03271,0.13982,0.02244,0.05709,0.03422,0.03445,0.16710,0.10801,0.18050,0.08409,0.06156,0.06357,0.01386,0.12687,0.00808,0.05620,0.02840,0.03853,0.17508,0.12782,0.20514,0.09488,-54.28,2.166,-1,0.0000,-1.00,0.0000,0
298980,1790788095700,0.04342,0.10641,0.02919,0.13747,0.02250,0.07098,0.03994,0.04450,0.14273,0.13314,0.15055,0.07917,0.04083,0.09956,0.00369,0.13198,0.00926,0.07696,0.02803,0.05268,0.14476,0.15779,0.16514,0.08930,-54.24,1.807,-1,0.0000,-1.00,0.0000,0
299073,1790788095800,0.04161,0.05526,0.04934,0.17224,0.02193,0.02992,0.01862,0.07022,0.12222,0.08286,0.24858,0.08720,0.03473,0.04302,0.03967,0.14848,0.00610,0.02897,0.01373,0.07633,0.11701,0.09808,0.29211,0.10176,-53.51,2.983,-1,0.0000,-1.00,0.0000,0
299165,1790788095900,0.04945,0.03089,0.00889,0.23295,0.01648,0.01712,0.01542,0.06758,0.06026,0.02739,0.43358,0.03998,0.04330,0.02964,0.00457,0.17661,0.01073,0.01194,0.01217,0.08050,0.03719,0.03069,0.51716,0.04550,-53.04,5.203,-1,0.0000,-1.00,0.0000,0
299258,1790788096003,0.04059,0.05498,0.02571,0.20552,0.02836,0.02127,0.02090,0.06507,0.09501,0.11770,0.28007,0.04482,0.03289,0.05085,0.00380,0.18047,0.02393,0.01897,0.01496,0.07721,0.07807,0.13628,0.33183,0.05074,-53.32,3.361,-1,0.0000,-1.00,0.0000,0
299351,1790788096084,0.03783,0.15855,0.01921,0.11749,0.02526,0.05567,0.04179,0.03611,0.10867,0.08808,0.26366,0.04766,0.03687,0.16733,0.00286,0.08049,0.01961,0.05940,0.01690,0.04271,0.11426,0.10166,0.30415,0.05376,-54.36,3.164,-1,0.0000,-1.00,0.0000,0
299444,1790788096182,0.07675,0.14855,0.06119,0.08882,0.02394,0.09134,0.06362,0.04441,0.07666,0.16120,0.12047,0.04305,0.08283,0.16299,0.03582,0.08147,0.02004,0.09317,0.04392,0.04611,0.07570,0.18918,0.12588,0.04288,-54.74,1.934,-1,0.0000,-1.00,0.0000,0
299537,1790788096280,0.05197,0.13001,0.01995,0.09488,0.02381,0.13305,0.05252,0.02117,0.11141,0.07668,0.19994,0.08461,0.05747,0.13215,0.00607,0.07202,0.00988,0.14804,0.03670,0.02419,0.11922,0.08993,0.21023,0.09410,-53.99,2.399,-1,0.0000,-1.00,0.0000,0
299630,1790788096360,0.06677,0.12479,0.03777,0.07570,0.01673,0.11298,0.04278,0.02322,0.11208,0.17524,0.15270,0.05923,0.07465,0.12531,0.00383,0.05917,0.00702,0.12058,0.02642,0.02706,0.12218,0.20898,0.15907,0.06573,-54.09,2.103,-1,0.0000,-1.00,0.0000,0
299723,1790788096460,0.04998,0.07172,0.02186,0.16724,0.03119,0.04931,0.03393,0.01816,0.09137,0.10844,0.30780,0.04900,0.05541,0.06953,0.00148,0.12917,0.02673,0.04816,0.02686,0.02148,0.08387,0.12464,0.35927,0.05339,-54.08,3.694,-1,0.0000,-1.00,0.0000,0
299816,1790788096560,0.10292,0.05359,0.02457,0.16586,0.00711,0.04498,0.01786,0.07127,0.08511,0.09469,0.30574,0.02629,0.10694,0.04914,0.00706,0.12740,0.00282,0.03270,0.01166,0.08400,0.07673,0.11291,0.35987,0.02879,-53.87,3.669,-1,0.0000,-1.00,0.0000,0
299908,1790788096639,0.08725,0.01738,0.05616,0.21060,0.01532,0.03758,0.01094,0.07677,0.07376,0.09108,0.27632,0.04683,0.08778,0.01073,0.04592,0.18780,0.00755,0.02768,0.00927,0.08460,0.05096,0.10783,0.32561,0.05427,-54.32,3.316,-1,0.0000,-1.00,0.0000,0
300001,1790788096740,0.09186,0.10150,0.03020,0.16667,0.01585,0.05612,0.03603,0.02430,0.16669,0.08905,0.17011,0.05163,0.10490,0.08836,0.01534,0.16113,0.00773,0.04645,0.02565,0.02608,0.16779,0.10518,0.19462,0.05678,-54.54,2.041,-1,0.0000,-1.00,0.0000,0
300094,1790788096820,0.10621,0.12416,0.02236,0.08682,0.02747,0.04547,0.04969,0.03949,0.18657,0.07350,0.12832,0.10994,0.11895,0.10740,0.00965,0.07478,0.00793,0.03141,0.03821,0.04545,0.20873,0.08649,0.14753,0.12347,-54.96,2.239,-1,0.0000,-1.00,0.0000,0
300187,1790788096920,0.08816,0.12566,0.02224,0.10622,0.03481,0.04521,0.04188,0.07259,0.21616,0.04809,0.09573,0.10326,0.09060,0.10411,0.01587,0.10599,0.01826,0.03673,0.02954,0.08383,0.23766,0.05434,0.10743,0.11563,-55.22,2.594,-1,0.0000,-1.00,0.0000,0
300280,1790788097000,0.05252,0.05727,0.03279,0.16738,0.02633,0.05046,0.02831,0.07181,0.14465,0.07901,0.20884,0.08063,0.04563,0.04122,0.02102,0.15301,0.01267,0.05213,0.02515,0.08249,0.14300,0.09216,0.23990,0.09163,-54.64,2.506,-1,0.0000,-1.00,0.0000,0
300373,1790788097100,0.07547,0.14971,0.04016,0.11003,0.04035,0.03321,0.07097,0.05712,0.12839,0.05230,0.17144,0.07085,0.07686,0.15473,0.03703,0.09208,0.03381,0.02456,0.05365,0.06182,0.13559,0.05596,0.20056,0.07336,-54.73,2.057,-1,0.0000,-1.00,0.0000,0
300466,1790788097200,0.03080,0.05810,0.02265,0.15648,0.04039,0.03623,0.04742,0.03037,0.11166,0.09209,0.28238,0.09145,0.02968,0.04814,0.00638,0.12189,0.02853,0.03753,0.04728,0.03512,0.10963,0.10469,0.33092,0.10021,-54.45,3.389,-1,0.0000,-1.00,0.0000,0
300559,1790788097279,0.02973,0.02379,0.02300,0.12109,0.03121,0.07662,0.05197,0.05756,0.05032,0.08895,0.41090,0.03487,0.02241,0.01856,0.00767,0.05093,0.03144,0.08737,0.05859,0.06745,0.05020,0.10035,0.47503,0.03001,-54.11,4.931,-1,0.0000,-1.00,0.0000,0
300651,1790788097380,0.11332,0.04228,0.01996,0.12845,0.03641,0.11133,0.03687,0.09064,0.11135,0.02887,0.22511,0.05543,0.11508,0.02866,0.01832,0.10479,0.03206,0.11058,0.03849,0.10498,0.11265,0.02823,0.24781,0.05835,-54.72,2.701,-1,0.0000,-1.00,0.0000,0
300744,1790788097480,0.11631,0.05719,0.03604,0.16665,0.03270,0.04887,0.05656,0.08543,0.12281,0.07473,0.16237,0.04034,0.12064,0.04574,0.02668,0.16249,0.03162,0.03503,0.05871,0.09708,0.11494,0.08328,0.18761,0.03619,-55.11,2.000,-1,0.0000,-1.00,0.0000,0
300837,1790788097581,0.07598,0.06529,0.03229,0.08109,0.03505,0.04083,0.10128,0.07958,0.18589,0.06767,0.13556,0.09949,0.07337,0.03670,0.02350,0.06631,0.02290,0.03438,0.11384,0.09094,0.20952,0.07663,0.15562,0.09629,-55.36,2.231,-1,0.0000,-1.00,0.0000,0
300930,1790788097661,0.06800,0.05766,0.01662,0.09714,0.02054,0.04012,0.12069,0.06210,0.15049,0.05456,0.23138,0.08070,0.06702,0.03581,0.00738,0.06281,0.01085,0.03478,0.13751,0.07294,0.16788,0.06322,0.27036,0.06944,-55.44,2.777,-1,0.0000,-1.00,0.0000,0
301023,1790788097759,0.10267,0.04981,0.01160,0.12941,0.02916,0.03009,0.06505,0.07692,0.19042,0.03598,0.21773,0.06116,0.10500,0.01856,0.00625,0.10395,0.02334,0.01524,0.07427,0.09093,0.20749,0.03856,0.25787,0.05856,-55.24,2.613,-1,0.0000,-1.00,0.0000,0
301116,1790788097860,0.06990,0.04911,0.01514,0.11112,0.03504,0.03426,0.07075,0.09204,0.21715,0.02565,0.22954,0.05029,0.06258,0.01077,0.01329,0.07975,0.03339,0.02865,0.08250,0.10779,0.24405,0.02446,0.26937,0.04340,-55.05,2.755,-1,0.0000,-1.00,0.0000,0
301209,1790788097941,0.04210,0.04359,0.07820,0.12974,0.04167,0.02561,0.08834,0.14017,0.16270,0.03431,0.12803,0.08553,0.02045,0.01857,0.08684,0.12610,0.03346,0.02677,0.10158,0.15134,0.16981,0.03462,0.14810,0.08235,-54.93,1.952,-1,0.0000,-1.00,0.0000,0
301302,1790788098040,0.07135,0.04037,0.06770,0.15416,0.01834,0.02153,0.05703,0.11989,0.14398,0.03475,0.21225,0.05864,0.05985,0.01948,0.07327,0.13485,0.01057,0.01394,0.06425,0.12936,0.14571,0.03963,0.25157,0.05753,-54.36,2.547,-1,0.0000,-1.00,0.0000,0
301395,1790788098120,0.03315,0.02844,0.01144,0.19008,0.04036,0.01561,0.05812,0.09775,0.10711,0.03158,0.34244,0.04394,0.01669,0.01476,0.00779,0.14703,0.04042,0.01556,0.06672,0.11558,0.09920,0.02982,0.40724,0.03919,-54.12,4.109,-1,0.0000,-1.00,0.0000,0
301487,1790788098219,0.05502,0.06450,0.03219,0.11272,0.02790,0.02655,0.11025,0.16707,0.11095,0.02964,0.16712,0.09610,0.02686,0.05535,0.03213,0.09642,0.01517,0.02667,0.12114,0.19382,0.11383,0.03250,0.19496,0.09113,-54.66,2.005,-1,0.0000,-1.00,0.0000,0
301580,1790788098299,0.06804,0.02832,0.02815,0.13458,0.02135,0.01316,0.03319,0.27777,0.10252,0.01342,0.21784,0.06165,0.01676,0.01391,0.03103,0.11000,0.01239,0.01245,0.03701,0.32668,0.10103,0.01363,0.25855,0.06654,-55.02,3.333,-1,0.0000,-1.00,0.0000,0
301673,1790788098400,0.05169,0.04127,0.03791,0.17461,0.02065,0.03315,0.10211,0.16992,0.08520,0.01860,0.19745,0.06743,0.02270,0.03622,0.04146,0.16371,0.01325,0.03522,0.11517,0.19538,0.06929,0.02001,0.22961,0.05797,-55.12,2.369,-1,0.0000,-1.00,0.0000,0
301766,1790788098500,0.05095,0.01916,0.01608,0.25051,0.02028,0.01956,0.10207,0.07580,0.11598,0.01801,0.23343,0.07817,0.04291,0.00550,0.01540,0.24531,0.01044,0.01493,0.11972,0.08927,0.09034,0.01951,0.27674,0.06993,-55.10,3.006,-1,0.0000,-1.00,0.0000,0
301859,1790788098580,0.05944,0.05919,0.03151,0.12819,0.02369,0.04213,0.06852,0.08363,0.11911,0.03647,0.27481,0.07330,0.05253,0.04617,0.02962,0.08992,0.01346,0.04045,0.07295,0.09434,0.12490,0.04103,0.32127,0.07337,-55.05,3.298,-1,0.0000,-1.00,0.0000,0
301952,1790788098679,0.03463,0.02255,0.02451,0.16949,0.02076,0.03502,0.04025,0.10181,0.10649,0.03737,0.31267,0.09444,0.01780,0.00711,0.02066,0.13033,0.00427,0.03844,0.04650,0.11821,0.10177,0.04394,0.36704,0.10395,-55.15,3.752,-1,0.0000,-1.00,0.0000,0
302045,1790788098780,0.06941,0.04878,0.03286,0.06859,0.04309,0.05386,0.02671,0.23410,0.08914,0.02180,0.13405,0.17762,0.02912,0.03937,0.03458,0.05265,0.01043,0.05877,0.02321,0.27463,0.09623,0.02420,0.14898,0.20783,-55.01,2.809,-1,0.0000,-1.00,0.0000,0
302138,1790788098882,0.08802,0.05038,0.01556,0.05372,0.05827,0.04653,0.04669,0.34273,0.08495,0.02412,0.09403,0.09500,0.02392,0.04269,0.01479,0.04404,0.04912,0.05101,0.04748,0.40774,0.09282,0.01941,0.10255,0.10443,-55.18,4.113,-1,0.0000,-1.00,0.0000,0
302230,1790788098959,0.05012,0.10834,0.05860,0.11170,0.03555,0.07640,0.05941,0.15182,0.11855,0.03169,0.10963,0.08819,0.02649,0.10603,0.06362,0.11119,0.02362,0.08629,0.05016,0.16930,0.12001,0.03329,0.11426,0.09573,-55.65,1.822,-1,0.0000,-1.00,0.0000,0
302323,1790788099060,0.04478,0.08950,0.03688,0.12131,0.08841,0.10695,0.04506,0.06576,0.09993,0.05998,0.13578,0.10566,0.03978,0.08814,0.03318,0.11784,0.08236,0.12027,0.03652,0.07222,0.09638,0.05554,0.13885,0.11893,-55.64,1.629,-1,0.0000,-1.00,0.0000,0
302416,1790788099161,0.03652,0.04904,0.03515,0.06186,0.07094,0.03375,0.02627,0.12012,0.08419,0.03294,0.15348,0.29574,0.01670,0.04076,0.03492,0.03913,0.01579,0.03713,0.02332,0.13708,0.09312,0.03634,0.17654,0.34916,-55.04,3.549,-1,0.0000,-1.00,0.0000,0
302509,1790788099240,0.08681,0.05629,0.01862,0.03955,0.07717,0.06008,0.03613,0.07051,0.11146,0.02334,0.12706,0.29300,0.08707,0.04265,0.01769,0.01936,0.02424,0.05473,0.03484,0.08098,0.12961,0.02327,0.14139,0.34417,-54.95,3.516,-1,0.0000,-1.00,0.0000,0
302602,1790788099341,0.11198,0.04439,0.02992,0.02892,0.04498,0.02587,0.06453,0.32207,0.05958,0.01575,0.08003,0.17199,0.05896,0.03968,0.03273,0.01640,0.01568,0.01939,0.06945,0.37943,0.06814,0.01576,0.09206,0.19232,-54.61,3.865,-1,0.0000,-1.00,0.0000,0
302695,1790788099420,0.11958,0.04561,0.01963,0.02403,0.04797,0.04301,0.07589,0.28804,0.04543,0.01703,0.05044,0.22335,0.07564,0.04457,0.01977,0.01825,0.00766,0.03654,0.08207,0.34125,0.05081,0.01889,0.05319,0.25136,-54.63,3.456,-1,0.0000,-1.00,0.0000,0
302788,1790788099520,0.11240,0.04157,0.02848,0.03463,0.03938,0.04032,0.04102,0.34477,0.05048,0.02458,0.06268,0.17969,0.05297,0.03986,0.02853,0.02809,0.00613,0.03781,0.04125,0.40746,0.05492,0.02824,0.06762,0.20713,-54.93,4.137,-1,0.0000,-1.00,0.0000,0
302881,1790788099600,0.04802,0.09579,0.02417,0.06297,0.02672,0.05476,0.13505,0.06966,0.18505,0.05046,0.14364,0.10371,0.04168,0.07253,0.01749,0.04359,0.01318,0.05736,0.14745,0.08000,0.21309,0.05785,0.16075,0.09504,-54.37,2.221,-1,0.0000,-1.00,0.0000,0
302973,1790788099700,0.02425,0.05158,0.01837,0.07932,0.02962,0.01431,0.14285,0.07384,0.11852,0.02648,0.29179,0.12909,0.01213,0.03468,0.01616,0.02631,0.01128,0.01474,0.16420,0.08537,0.13680,0.02950,0.34671,0.12213,-53.88,3.501,-1,0.0000,-1.00,0.0000,0
303066,1790788099799,0.02247,0.02374,0.00802,0.03392,0.10912,0.01382,0.03960,0.06883,0.04401,0.01107,0.07838,0.54703,0.01082,0.01887,0.00708,0.02259,0.00252,0.01441,0.04358,0.08120,0.04826,0.01277,0.09105,0.64684,-53.83,6.564,-1,0.0000,-1.00,0.0000,0
303159,1790788099880,0.07269,0.06988,0.01702,0.06179,0.02781,0.02883,0.04639,0.30975,0.10850,0.04081,0.09004,0.12649,0.01479,0.06023,0.01090,0.05390,0.00514,0.03166,0.04365,0.36899,0.11933,0.04789,0.10161,0.14191,-54.02,3.717,-1,0.0000,-1.00,0.0000,0
303252,1790788099980,0.07002,0.07440,0.01573,0.11531,0.03772,0.06043,0.06251,0.14747,0.11804,0.02689,0.15502,0.11645,0.05027,0.06523,0.01321,0.10381,0.02015,0.06244,0.06198,0.17408,0.12066,0.02843,0.17337,0.12637,-54.05,1.860,-1,0.0000,-1.00,0.0000,0
303345,1790788100082,0.04369,0.04379,0.03321,0.07405,0.04858,0.12634,0.12901,0.05730,0.12226,0.04309,0.14276,0.13589,0.03921,0.02581,0.03079,0.06047,0.03152,0.14375,0.14573,0.06630,0.13451,0.04539,0.14256,0.13394,-54.31,1.713,-1,0.0000,-1.00,0.0000,0
303438,1790788100179,0.04322,0.03685,0.03041,0.07567,0.05904,0.04414,0.15650,0.04440,0.14364,0.11271,0.06971,0.18374,0.04081,0.01382,0.01095,0.07587,0.03433,0.04480,0.18417,0.05164,0.15671,0.12860,0.07464,0.18365,-54.69,2.205,-1,0.0000,-1.00,0.0000,0
303531,1790788100260,0.05225,0.05973,0.01939,0.11777,0.04968,0.04770,0.12475,0.04786,0.15028,0.05255,0.08585,0.19218,0.05170,0.04070,0.01151,0.12257,0.01943,0.04691,0.14141,0.05506,0.15577,0.05912,0.09357,0.20224,-54.99,2.306,-1,0.0000,-1.00,0.0000,0
303624,1790788100360,0.05776,0.04931,0.03029,0.07563,0.05935,0.06372,0.20254,0.04040,0.07465,0.06186,0.17272,0.11177,0.06253,0.04341,0.02372,0.05210,0.05416,0.06395,0.23409,0.04370,0.07906,0.06345,0.19428,0.08554,-55.30,2.430,-1,0.0000,-1.00,0.0000,0
303717,1790788100460,0.04236,0.04681,0.03168,0.08953,0.04376,0.05148,0.15522,0.05532,0.09682,0.07400,0.17282,0.14019,0.03845,0.03588,0.02131,0.06836,0.02617,0.05407,0.17887,0.06206,0.10194,0.08400,0.19636,0.13252,-55.25,2.074,-1,0.0000,-1.00,0.0000,0
303809,1790788100546,0.01689,0.01821,0.00639,0.13168,0.03536,0.05068,0.05279,0.04076,0.03055,0.02342,0.55357,0.03970,0.01055,0.01584,0.00348,0.02859,0.03520,0.05874,0.06011,0.04815,0.03093,0.02109,0.65167,0.03566,-54.26,6.643,-1,0.0000,-1.00,0.0000,0
303902,1790788100641,0.01923,0.02378,0.00944,0.18362,0.01220,0.02109,0.02203,0.02923,0.06722,0.01800,0.55115,0.04300,0.01638,0.01609,0.00722,0.08997,0.00532,0.02202,0.02321,0.03360,0.06260,0.02063,0.65604,0.04692,-54.15,6.614,-1,0.0000,-1.00,0.0000,0
303995,1790788100721,0.03020,0.03477,0.02273,0.12921,0.03510,0.02177,0.02425,0.05521,0.13391,0.03563,0.40307,0.07417,0.02384,0.01221,0.01977,0.05992,0.02549,0.02136,0.02663,0.06223,0.14858,0.03764,0.47874,0.08359,-54.83,4.837,-1,0.0000,-1.00,0.0000,0
304088,1790788100819,0.03376,0.04246,0.01955,0.11235,0.02897,0.02616,0.07206,0.06328,0.19141,0.02907,0.23712,0.14380,0.02606,0.00852,0.01667,0.07933,0.00388,0.02618,0.08458,0.07261,0.21363,0.03406,0.27894,0.15555,-54.68,2.845,-1,0.0000,-1.00,0.0000,0
304181,1790788100901,0.03800,0.02612,0.01911,0.14837,0.01829,0.02715,0.15622,0.06922,0.18185,0.02042,0.20675,0.08850,0.01794,0.00508,0.01837,0.12980,0.00821,0.02897,0.18618,0.07930,0.19216,0.02284,0.24200,0.06914,-54.55,2.481,-1,0.0000,-1.00,0.0000,0
304274,1790788100999,0.06811,0.02536,0.03309,0.07868,0.02930,0.01092,0.07262,0.30262,0.09969,0.01275,0.13104,0.13582,0.01113,0.00922,0.03685,0.06358,0.00618,0.01088,0.08494,0.35554,0.10679,0.01411,0.15487,0.14591,-54.81,3.631,-1,0.0000,-1.00,0.0000,0
304367,1790788101102,0.06431,0.02108,0.02650,0.11629,0.01556,0.01348,0.08865,0.27407,0.10690,0.01503,0.18987,0.06826,0.01308,0.00359,0.02843,0.09478,0.00635,0.01378,0.10552,0.32276,0.10931,0.01675,0.22478,0.06088,-55.27,3.289,-1,0.0000,-1.00,0.0000,0
304460,1790788101180,0.05607,0.02130,0.03264,0.13720,0.02688,0.04371,0.05223,0.21922,0.10290,0.03031,0.15828,0.11925,0.01430,0.00821,0.03216,0.12875,0.00616,0.04966,0.06096,0.25631,0.09777,0.03510,0.17982,0.13080,-55.78,2.631,-1,0.0000,-1.00,0.0000,0
304552,1790788101301,0.08558,0.01589,0.02419,0.16746,0.01903,0.01739,0.02549,0.29141,0.12126,0.02910,0.13376,0.06944,0.02581,0.00523,0.02237,0.16950,0.00745,0.01572,0.02917,0.34509,0.11169,0.03340,0.15716,0.07743,-55.77,3.497,-1,0.0000,-1.00,0.0000,0
304645,1790788101382,0.06640,0.01068,0.04507,0.22494,0.02804,0.02632,0.04596,0.09353,0.07692,0.06246,0.19482,0.12486,0.05765,0.00451,0.03935,0.22405,0.00604,0.02011,0.05361,0.10484,0.04748,0.07392,0.22946,0.13899,-55.70,2.699,-1,0.0000,-1.00,0.0000,0
304738,1790788101481,0.04251,0.01643,0.02712,0.19330,0.06637,0.05102,0.04528,0.06881,0.08550,0.05167,0.10947,0.24251,0.03524,0.00778,0.02110,0.20774,0.02399,0.05415,0.05268,0.07831,0.06092,0.05751,0.12044,0.28014,-55.81,2.910,-1,0.0000,-1.00,0.0000,0
304831,1790788101564,0.04966,0.01515,0.06037,0.15155,0.04333,0.04098,0.03245,0.16354,0.08913,0.02084,0.16363,0.16938,0.02262,0.00341,0.06784,0.14448,0.01319,0.04461,0.03821,0.18251,0.07786,0.02265,0.18722,0.19538,-55.70,2.033,-1,0.0000,-1.00,0.0000,0
304924,1790788101663,0.02869,0.02011,0.03642,0.16283,0.04222,0.04297,0.04220,0.11414,0.07801,0.03996,0.20630,0.18615,0.00862,0.01141,0.03445,0.14806,0.00827,0.04978,0.04827,0.12998,0.06403,0.04634,0.23733,0.21348,-55.58,2.476,-1,0.0000,-1.00,0.0000,0
305017,1790788101760,0.02365,0.01569,0.03977,0.22435,0.02707,0.09100,0.02940,0.09323,0.09576,0.08173,0.18892,0.08943,0.00728,0.00508,0.02869,0.22818,0.01253,0.10759,0.03400,0.10624,0.06927,0.09569,0.20504,0.10042,-55.48,2.692,-1,0.0000,-1.00,0.0000,0
305110,1790788101841,0.02844,0.02413,0.04647,0.13891,0.02072,0.12387,0.02529,0.07480,0.11982,0.07874,0.22982,0.08898,0.01768,0.00511,0.03713,0.11755,0.00482,0.14492,0.02802,0.08353,0.12008,0.09358,0.24665,0.10091,-56.02,2.758,-1,0.0000,-1.00,0.0000,0
305203,1790788101940,0.03643,0.02050,0.02391,0.17941,0.04217,0.06230,0.01620,0.12080,0.11405,0.05774,0.16602,0.16048,0.01560,0.00456,0.01537,0.17836,0.01302,0.07168,0.01813,0.14207,0.10089,0.06702,0.18472,0.18858,-56.24,2.153,-1,0.0000,-1.00,0.0000,0
305295,1790788102021,0.02987,0.03668,0.01311,0.18610,0.03126,0.02403,0.04167,0.09332,0.20488,0.04065,0.17915,0.11927,0.01326,0.00289,0.00649,0.18146,0.01104,0.02617,0.04863,0.11126,0.20953,0.04652,0.20948,0.13327,-55.99,2.459,-1,0.0000,-1.00,0.0000,0
305388,1790788102120,0.02712,0.04294,0.03732,0.13748,0.02597,0.03236,0.03265,0.04113,0.20550,0.11155,0.19568,0.11029,0.02142,0.00942,0.01842,0.11961,0.00638,0.03453,0.03726,0.04564,0.22226,0.13267,0.22763,0.12477,-56.23,2.466,-1,0.0000,-1.00,0.0000,0
305481,1790788102199,0.02215,0.05622,0.06678,0.08032,0.02460,0.01908,0.03942,0.08131,0.25120,0.10052,0.17815,0.08025,0.01149,0.00985,0.05664,0.05474,0.01260,0.02059,0.04528,0.08620,0.29015,0.11795,0.20939,0.08514,-56.17,3.014,-1,0.0000,-1.00,0.0000,0
305574,1790788102299,0.17415,0.03984,0.02878,0.16477,0.01643,0.05714,0.02032,0.07621,0.12874,0.03688,0.22851,0.02824,0.19066,0.02376,0.02626,0.14436,0.01375,0.03067,0.01963,0.08611,0.12564,0.04146,0.26773,0.02995,-55.08,2.742,-1,0.0000,-1.00,0.0000,0
305667,1790788102400,0.19568,0.02099,0.01232,0.19556,0.03952,0.04832,0.01614,0.05773,0.10643,0.02132,0.18889,0.09710,0.22064,0.00787,0.01068,0.19002,0.02498,0.01416,0.01778,0.06706,0.08986,0.02059,0.22352,0.11282,-54.25,2.348,-1,0.0000,-1.00,0.0000,0
305760,1790788102481,0.21051,0.03520,0.00990,0.16624,0.02023,0.05144,0.01634,0.03651,0.17560,0.03288,0.19402,0.05113,0.24310,0.00719,0.00452,0.15364,0.01281,0.01345,0.01816,0.04285,0.17976,0.03705,0.22981,0.05767,-54.70,2.526,-1,0.0000,-1.00,0.0000,0
305853,1790788102599,0.19231,0.02570,0.01509,0.24470,0.02391,0.04962,0.02272,0.06164,0.15837,0.02540,0.11431,0.06622,0.21629,0.00375,0.01251,0.26670,0.01396,0.01658,0.02649,0.07138,0.13643,0.02813,0.13368,0.07410,-55.31,2.936,-1,0.0000,-1.00,0.0000,0
305946,1790788102681,0.09214,0.02754,0.00898,0.32505,0.01518,0.03328,0.03461,0.06094,0.13023,0.01966,0.21453,0.03785,0.09630,0.01540,0.00646,0.33939,0.00959,0.02192,0.03825,0.07191,0.08877,0.02166,0.25272,0.03763,-55.45,3.901,-1,0.0000,-1.00,0.0000,0
306039,1790788102781,0.12462,0.03254,0.00949,0.28963,0.01866,0.03294,0.01631,0.05604,0.17401,0.01482,0.17589,0.05505,0.13633,0.00974,0.00818,0.30575,0.00991,0.01251,0.01761,0.06553,0.14756,0.01612,0.20828,0.06247,-54.77,3.476,-1,0.0000,-1.00,0.0000,0
306131,1790788102860,0.25187,0.01801,0.00731,0.26086,0.01014,0.05855,0.01950,0.08383,0.11982,0.01954,0.13197,0.01859,0.28206,0.00419,0.00446,0.28178,0.00862,0.01424,0.02254,0.09957,0.08772,0.02170,0.15531,0.01781,-54.81,3.130,-1,0.0000,-1.00,0.0000,0
306224,1790788102960,0.11818,0.02772,0.00938,0.28281,0.01716,0.02808,0.02261,0.12690,0.15447,0.01781,0.16243,0.03244,0.11104,0.00913,0.00748,0.30074,0.01385,0.01164,0.02528,0.15058,0.12510,0.01897,0.19233,0.03386,-55.20,3.394,-1,0.0000,-1.00,0.0000,0
306317,1790788103060,0.19997,0.02211,0.00785,0.19261,0.02866,0.05045,0.03731,0.11659,0.13056,0.01635,0.16914,0.02840,0.21131,0.00384,0.00660,0.19135,0.02916,0.01869,0.04340,0.13894,0.11817,0.01415,0.19896,0.02543,-54.73,2.400,-1,0.0000,-1.00,0.0000,0
306410,1790788103140,0.10450,0.02560,0.00970,0.32420,0.02320,0.03835,0.04991,0.06363,0.15014,0.02398,0.15074,0.03605,0.10980,0.00947,0.00678,0.35362,0.02151,0.02419,0.05787,0.07497,0.10980,0.02447,0.17582,0.03173,-55.28,3.890,-1,0.0000,-1.00,0.0000,0
306503,1790788103242,0.14934,0.01898,0.01359,0.38432,0.02421,0.03655,0.04974,0.04679,0.13503,0.01893,0.08416,0.03836,0.16845,0.00802,0.01264,0.44093,0.02220,0.01041,0.05801,0.05356,0.07430,0.01837,0.09878,0.03434,-55.94,4.612,-1,0.0000,-1.00,0.0000,0
306596,1790788103321,0.29575,0.02259,0.01045,0.22634,0.01668,0.06402,0.01435,0.08481,0.11934,0.01369,0.11052,0.02146,0.33460,0.00836,0.00988,0.24536,0.01549,0.01038,0.01541,0.09979,0.09436,0.01334,0.13037,0.02266,-55.98,3.549,-1,0.0000,-1.00,0.0000,0
306689,1790788103421,0.22080,0.02296,0.00562,0.30697,0.02047,0.04705,0.03777,0.07847,0.11544,0.01252,0.11378,0.01815,0.24612,0.01350,0.00462,0.34109,0.02189,0.00759,0.04258,0.09312,0.07070,0.01066,0.13484,0.01330,-56.09,3.684,-1,0.0000,-1.00,0.0000,0
306782,1790788103509,0.21756,0.01620,0.00494,0.32574,0.01944,0.05452,0.02979,0.08748,0.11925,0.01745,0.08442,0.02321,0.24001,0.00567,0.00252,0.37096,0.01910,0.01778,0.03457,0.10433,0.06936,0.01712,0.09763,0.02096,-56.75,3.909,-1,0.0000,-1.00,0.0000,0
306874,1790788103600,0.37753,0.01092,0.00287,0.23231,0.01541,0.07826,0.00628,0.07116,0.08822,0.00841,0.08280,0.02584,0.43564,0.00241,0.00193,0.25898,0.01263,0.00743,0.00705,0.08488,0.05436,0.00758,0.09774,0.02937,-56.11,4.530,-1,0.0000,-1.00,0.0000,0
306967,1790788103701,0.37555,0.02925,0.00578,0.18527,0.01694,0.07754,0.01541,0.04412,0.07199,0.02205,0.10401,0.05211,0.43960,0.02571,0.00201,0.19752,0.00842,0.00579,0.01333,0.05250,0.04711,0.02475,0.12348,0.05980,-55.58,4.507,-1,0.0000,-1.00,0.0000,0
307060,1790788103781,0.06672,0.01595,0.00689,0.51062,0.01129,0.02012,0.02987,0.05361,0.14996,0.01799,0.09395,0.02301,0.06703,0.00699,0.00435,0.58995,0.00941,0.01082,0.03423,0.06355,0.06274,0.01969,0.11043,0.02079,-56.08,6.127,-1,0.0000,-1.00,0.0000,0
307153,1790788103903,0.08801,0.01161,0.00470,0.61127,0.00907,0.02108,0.00899,0.02113,0.15273,0.00891,0.04992,0.01258,0.10048,0.00624,0.00384,0.72080,0.00828,0.00534,0.00954,0.02455,0.04011,0.00903,0.05876,0.01302,-55.64,7.335,-1,0.0000,-1.00,0.0000,0
307246,1790788104008,0.06819,0.02290,0.00982,0.56025,0.01031,0.02008,0.01384,0.03380,0.16023,0.01195,0.05711,0.03151,0.07368,0.01573,0.00914,0.65812,0.00543,0.00945,0.01336,0.03880,0.06153,0.01324,0.06655,0.03497,-55.21,6.723,-1,0.0000,-1.00,0.0000,0
307339,1790788104080,0.01845,0.02792,0.01126,0.52590,0.00739,0.00952,0.01907,0.02295,0.16045,0.01138,0.15556,0.03014,0.01708,0.01867,0.01089,0.59352,0.00245,0.00802,0.01915,0.02535,0.07459,0.01315,0.18481,0.03232,-54.83,6.311,-1,0.0000,-1.00,0.0000,0
307432,1790788104161,0.02582,0.01129,0.02765,0.53419,0.00783,0.01261,0.01109,0.05199,0.14961,0.00810,0.13495,0.02487,0.01976,0.00191,0.03136,0.60847,0.00397,0.01120,0.01263,0.05636,0.05865,0.00892,0.15949,0.02730,-55.17,6.410,-1,0.0000,-1.00,0.0000,0
307525,1790788104260,0.01707,0.00712,0.00672,0.54773,0.01067,0.00602,0.00420,0.03729,0.12939,0.01874,0.19525,0.01980,0.01172,0.00183,0.00390,0.61012,0.00823,0.00493,0.00467,0.04391,0.03396,0.02095,0.23298,0.02280,-55.44,6.573,-1,0.0000,-1.00,0.0000,0
307617,1790788104361,0.01028,0.00623,0.00880,0.57498,0.00605,0.00659,0.00606,0.02285,0.12982,0.01061,0.20884,0.00889,0.00722,0.00176,0.00824,0.63961,0.00541,0.00646,0.00691,0.02575,0.02876,0.01164,0.24896,0.00928,-55.44,6.900,-1,0.0000,-1.00,0.0000,0
307710,1790788104442,0.02665,0.01264,0.00508,0.48296,0.00653,0.00887,0.01532,0.02871,0.13963,0.01195,0.24432,0.01735,0.02524,0.00248,0.00339,0.52089,0.00441,0.00562,0.01786,0.03373,0.06388,0.01362,0.29163,0.01724,-55.67,5.796,-1,0.0000,-1.00,0.0000,0
307803,1790788104541,0.01644,0.00627,0.02451,0.56263,0.00385,0.00645,0.00887,0.02170,0.13201,0.00382,0.19751,0.01594,0.01555,0.00090,0.02851,0.62743,0.00123,0.00465,0.01036,0.02044,0.03380,0.00433,0.23575,0.01705,-56.04,6.752,-1,0.0000,-1.00,0.0000,0
307896,1790788104620,0.02936,0.01310,0.01914,0.36881,0.00546,0.01419,0.00608,0.04384,0.11832,0.00799,0.35816,0.01556,0.02552,0.00176,0.02112,0.35731,0.00312,0.01195,0.00694,0.04834,0.07076,0.00914,0.42679,0.01727,-56.13,4.426,-1,0.0000,-1.00,0.0000,0
307989,1790788104720,0.01227,0.00860,0.01200,0.34481,0.00214,0.00491,0.00545,0.04278,0.09153,0.00582,0.46366,0.00604,0.00505,0.00051,0.01302,0.30321,0.00138,0.00489,0.00643,0.04868,0.04941,0.00685,0.55461,0.00596,-55.31,5.564,-1,0.0000,-1.00,0.0000,0
308082,1790788104801,0.01115,0.00443,0.01114,0.39763,0.00221,0.00253,0.00742,0.04524,0.08155,0.00609,0.42623,0.00437,0.00309,0.00068,0.01198,0.37531,0.00196,0.00242,0.00876,0.05183,0.02332,0.00691,0.51024,0.00350,-54.89,5.115,-1,0.0000,-1.00,0.0000,0
308175,1790788104900,0.01366,0.00392,0.01133,0.29515,0.00214,0.00688,0.00801,0.04569,0.05161,0.01117,0.54470,0.00571,0.00595,0.00126,0.01099,0.22456,0.00154,0.00711,0.00935,0.05257,0.01733,0.01309,0.65127,0.00499,-55.02,6.536,-1,0.0000,-1.00,0.0000,0
308268,1790788105007,0.01441,0.00334,0.04976,0.32638,0.00483,0.00769,0.01126,0.03828,0.06052,0.01311,0.46422,0.00618,0.01039,0.00079,0.05659,0.28110,0.00485,0.00716,0.01332,0.03468,0.01621,0.01533,0.55483,0.00477,-56.17,5.571,-1,0.0000,-1.00,0.0000,0
308360,1790788105080,0.00915,0.02443,0.02966,0.47763,0.00942,0.00681,0.00808,0.02559,0.20125,0.00583,0.17877,0.02338,0.00623,0.00230,0.03440,0.53012,0.00610,0.00692,0.00918,0.02389,0.13606,0.00578,0.21283,0.02620,-56.73,5.732,-1,0.0000,-1.00,0.0000,0
308453,1790788105202,0.02724,0.00390,0.02754,0.46525,0.01126,0.00770,0.01292,0.02948,0.19896,0.01227,0.17918,0.02430,0.00345,0.00109,0.03036,0.51526,0.00832,0.00855,0.01525,0.02932,0.13601,0.01330,0.21301,0.02609,-56.42,5.583,-1,0.0000,-1.00,0.0000,0
308546,1790788105280,0.01992,0.04906,0.02425,0.30701,0.01148,0.00565,0.00930,0.03263,0.33715,0.02448,0.15887,0.02019,0.00801,0.00072,0.02361,0.33034,0.00940,0.00519,0.01100,0.03441,0.33850,0.02748,0.18934,0.02201,-56.23,4.046,-1,0.0000,-1.00,0.0000,0
308639,1790788105382,0.01517,0.05080,0.02126,0.31293,0.00688,0.01241,0.00992,0.04052,0.32721,0.07454,0.11417,0.01419,0.00482,0.00092,0.00798,0.34839,0.00535,0.01392,0.01157,0.04711,0.32301,0.08826,0.13404,0.01464,-56.50,3.926,-1,0.0000,-1.00,0.0000,0
308732,1790788105460,0.02187,0.05431,0.00872,0.28645,0.00339,0.01461,0.02737,0.10006,0.31755,0.01469,0.13692,0.01407,0.00295,0.00189,0.00704,0.31137,0.00204,0.01692,0.03235,0.11856,0.31878,0.01720,0.16071,0.01020,-57.26,3.811,-1,0.0000,-1.00,0.0000,0
308825,1790788105561,0.07324,0.02167,0.06787,0.23236,0.00704,0.01015,0.01753,0.26280,0.19158,0.06135,0.04186,0.01256,0.01712,0.00199,0.06684,0.26883,0.00626,0.00877,0.02051,0.30174,0.17546,0.07307,0.04842,0.01098,-57.24,3.154,-1,0.0000,-1.00,0.0000,0
308918,1790788105661,0.05669,0.02844,0.05368,0.19284,0.02847,0.00879,0.01802,0.18452,0.20994,0.16851,0.04080,0.00930,0.01661,0.00151,0.02558,0.22167,0.03269,0.00730,0.02128,0.21605,0.20761,0.19544,0.04744,0.00682,-57.48,2.519,-1,0.0000,-1.00,0.0000,0
309011,1790788105742,0.09403,0.05190,0.04293,0.11123,0.03794,0.02428,0.02631,0.24639,0.22408,0.05796,0.04486,0.03809,0.05440,0.01616,0.03800,0.12338,0.03668,0.01915,0.02832,0.28770,0.23845,0.06777,0.04996,0.04003,-58.28,2.957,-1,0.0000,-1.00,0.0000,0
309104,1790788105841,0.04632,0.09983,0.03910,0.20397,0.02068,0.03178,0.04212,0.08730,0.25339,0.09870,0.03217,0.04463,0.03648,0.07019,0.02404,0.23798,0.01605,0.03085,0.03655,0.09984,0.25645,0.11508,0.03244,0.04405,-58.91,3.041,-1,0.0000,-1.00,0.0000,0
309196,1790788105921,0.06042,0.07982,0.03813,0.08725,0.01801,0.16135,0.04445,0.17226,0.15077,0.07642,0.08220,0.02894,0.03089,0.06594,0.02810,0.09240,0.01575,0.18788,0.04019,0.20084,0.16205,0.08873,0.06125,0.02597,-58.96,2.067,-1,0.0000,-1.00,0.0000,0
309289,1790788106022,0.03843,0.10041,0.02625,0.10049,0.01618,0.15981,0.06126,0.07319,0.23542,0.05386,0.09874,0.03596,0.03019,0.06850,0.01918,0.10425,0.01335,0.18551,0.05967,0.08406,0.26142,0.06189,0.08153,0.03045,-58.57,2.825,-1,0.0000,-1.00,0.0000,0
309382,1790788106099,0.03591,0.06905,0.03298,0.16106,0.02012,0.14819,0.08258,0.04404,0.16348,0.07295,0.07609,0.09355,0.03345,0.05105,0.02241,0.18163,0.00538,0.17093,0.08883,0.04833,0.15988,0.08634,0.05729,0.09448,-57.94,1.962,-1,0.0000,-1.00,0.0000,0
309475,1790788106200,0.04098,0.07910,0.01874,0.07076,0.01703,0.17259,0.15853,0.06545,0.15164,0.03291,0.10688,0.08539,0.02770,0.06793,0.01484,0.06731,0.00706,0.20131,0.17650,0.07548,0.16798,0.03840,0.08817,0.06733,-56.66,2.071,-1,0.0000,-1.00,0.0000,0
309568,1790788106300,0.03840,0.05540,0.02405,0.07490,0.01440,0.18343,0.14586,0.04074,0.10302,0.08602,0.15935,0.07444,0.03665,0.04428,0.00862,0.06024,0.00609,0.21253,0.16591,0.04719,0.11149,0.10186,0.14881,0.05631,-56.19,2.201,-1,0.0000,-1.00,0.0000,0
309661,1790788106381,0.07318,0.06095,0.01754,0.05453,0.02434,0.20851,0.04087,0.05019,0.18455,0.04278,0.12198,0.12059,0.06866,0.03855,0.01091,0.04565,0.00214,0.23623,0.04133,0.05798,0.21194,0.05098,0.09933,0.13630,-56.09,2.502,-1,0.0000,-1.00,0.0000,0
309754,1790788106506,0.14853,0.09536,0.00714,0.03272,0.00761,0.16766,0.02338,0.02321,0.38360,0.02323,0.05582,0.03174,0.17197,0.02508,0.00313,0.03250,0.00249,0.16681,0.02305,0.02719,0.45321,0.02734,0.03382,0.03342,-55.77,4.603,-1,0.0000,-1.00,0.0000,0
309847,1790788106579,0.22299,0.06899,0.00829,0.03617,0.00774,0.17812,0.02186,0.05152,0.28746,0.02998,0.06183,0.02507,0.25169,0.01910,0.00298,0.03508,0.00419,0.16353,0.02220,0.06134,0.33749,0.03509,0.04167,0.02564,-55.54,3.449,-1,0.0000,-1.00,0.0000,0
309939,1790788106679,0.10736,0.06751,0.01571,0.06897,0.01179,0.17079,0.03410,0.05388,0.27151,0.06069,0.09978,0.03790,0.11605,0.01910,0.00456,0.06608,0.00658,0.18165,0.03691,0.06381,0.31169,0.07196,0.08355,0.03805,-54.47,3.258,-1,0.0000,-1.00,0.0000,0
310032,1790788106759,0.11615,0.11526,0.00931,0.03511,0.00387,0.11590,0.01933,0.03588,0.46662,0.02219,0.04809,0.01230,0.13088,0.02871,0.00592,0.03508,0.00240,0.11293,0.01747,0.04182,0.55184,0.02643,0.03524,0.01128,-53.84,5.599,-1,0.0000,-1.00,0.0000,0
310125,1790788106860,0.24346,0.05391,0.00919,0.04028,0.04273,0.10927,0.03002,0.04600,0.16110,0.01631,0.03419,0.21353,0.28112,0.02803,0.00720,0.04310,0.00168,0.07520,0.03038,0.05372,0.18450,0.01921,0.02606,0.24979,-54.36,2.921,-1,0.0000,-1.00,0.0000,0
310218,1790788106959,0.13267,0.01749,0.01021,0.01867,0.09568,0.05101,0.00857,0.12841,0.02903,0.01087,0.01738,0.48001,0.12885,0.01485,0.00968,0.01965,0.00092,0.03558,0.00732,0.15195,0.03084,0.01289,0.01377,0.57371,-54.65,5.760,-1,0.0000,-1.00,0.0000,0
310311,1790788107040,0.07826,0.01349,0.01544,0.01001,0.08995,0.04713,0.00932,0.19945,0.04110,0.02197,0.02213,0.45174,0.04679,0.00791,0.01331,0.00859,0.00106,0.04719,0.00960,0.23635,0.04747,0.02620,0.01717,0.53836,-54.74,5.421,-1,0.0000,-1.00,0.0000,0
310404,1790788107140,0.04320,0.00750,0.00886,0.00599,0.12577,0.03045,0.00337,0.10683,0.02065,0.00702,0.00902,0.63133,0.02551,0.00554,0.00898,0.00627,0.00085,0.03143,0.00280,0.12637,0.02351,0.00825,0.00458,0.75593,-54.06,7.576,-1,0.0000,-1.00,0.0000,0
310497,1790788107220,0.04113,0.01177,0.01621,0.01139,0.10841,0.03051,0.00983,0.16883,0.01955,0.01156,0.02494,0.54588,0.00983,0.00981,0.01670,0.00909,0.00062,0.03461,0.00983,0.19899,0.02162,0.01373,0.02302,0.65214,-53.93,6.551,-1,0.0000,-1.00,0.0000,0
310590,1790788107320,0.07229,0.01989,0.03346,0.01540,0.06467,0.00801,0.06564,0.28629,0.05213,0.01159,0.03903,0.33160,0.01848,0.01343,0.03741,0.00941,0.00172,0.00593,0.07599,0.33562,0.06060,0.01355,0.04559,0.38227,-55.88,3.979,-1,0.0000,-1.00,0.0000,0
310682,1790788107400,0.04738,0.02389,0.02129,0.01701,0.08613,0.08647,0.03845,0.12307,0.04748,0.01436,0.06442,0.43005,0.02783,0.01821,0.02218,0.00894,0.00266,0.09814,0.04195,0.14358,0.05498,0.01681,0.05774,0.50698,-57.82,5.161,-1,0.0000,-1.00,0.0000,0
310775,1790788107508,0.09139,0.04613,0.01550,0.04055,0.07716,0.03480,0.03640,0.15274,0.05252,0.02094,0.09388,0.33798,0.07398,0.04387,0.01413,0.02735,0.01359,0.02704,0.03448,0.18066,0.05751,0.02240,0.10714,0.39786,-56.71,4.056,-1,0.0000,-1.00,0.0000,0
310868,1790788107602,0.14032,0.00644,0.02323,0.07754,0.03247,0.01498,0.00979,0.40314,0.02230,0.00657,0.12715,0.13607,0.07327,0.00504,0.02656,0.06284,0.00700,0.00342,0.01073,0.47780,0.01426,0.00648,0.15167,0.16092,-54.85,4.838,-1,0.0000,-1.00,0.0000,0
310961,1790788107700,0.15304,0.00176,0.13271,0.02728,0.00438,0.00819,0.00293,0.62423,0.00965,0.00186,0.01609,0.01787,0.04139,0.00095,0.15863,0.02893,0.00115,0.00161,0.00331,0.71655,0.00583,0.00200,0.01896,0.02070,-54.21,7.491,-1,0.0000,-1.00,0.0000,0
311054,1790788107800,0.17153,0.00723,0.21030,0.05401,0.00495,0.02557,0.00916,0.40771,0.02754,0.01880,0.04369,0.01950,0.11874,0.00427,0.24759,0.05462,0.00177,0.00710,0.01000,0.43959,0.02217,0.02218,0.05095,0.02103,-54.50,4.893,-1,0.0000,-1.00,0.0000,0
311147,1790788107880,0.17793,0.00965,0.14888,0.05838,0.00417,0.01926,0.00829,0.48665,0.01952,0.00573,0.04265,0.01889,0.10456,0.00929,0.17707,0.05991,0.00082,0.00235,0.00808,0.54803,0.01151,0.00671,0.05064,0.02104,-54.94,5.840,-1,0.0000,-1.00,0.0000,0
311240,1790788108005,0.11953,0.00879,0.25366,0.05458,0.00444,0.01262,0.02183,0.44399,0.01632,0.00541,0.04217,0.01666,0.04995,0.00885,0.30275,0.05559,0.00238,0.00523,0.02440,0.47199,0.00851,0.00603,0.04949,0.01484,-54.62,5.328,-1,0.0000,-1.00,0.0000,0
311333,1790788108062,0.09173,0.01040,0.29121,0.04992,0.00884,0.00689,0.01828,0.43521,0.02069,0.00492,0.02624,0.03567,0.01982,0.00992,0.34788,0.05375,0.00288,0.00433,0.01923,0.45323,0.01414,0.00532,0.03058,0.03894,-54.80,5.222,-1,0.0000,-1.00,0.0000,0
311426,1790788108161,0.07277,0.03090,0.07208,0.08058,0.00887,0.10015,0.24775,0.17832,0.03028,0.01003,0.09515,0.07312,0.04815,0.03291,0.08417,0.07829,0.00467,0.11045,0.29034,0.19698,0.02075,0.01110,0.09212,0.03006,-55.92,2.973,-1,0.0000,-1.00,0.0000,0
311518,1790788108260,0.09841,0.01565,0.04503,0.11189,0.01993,0.21084,0.07677,0.21248,0.03546,0.02989,0.08525,0.05840,0.07968,0.01518,0.04743,0.12315,0.01509,0.23732,0.08898,0.24520,0.01799,0.03291,0.05510,0.04197,-57.53,2.550,-1,0.0000,-1.00,0.0000,0
311611,1790788108340,0.11990,0.02825,0.04837,0.18209,0.01359,0.08166,0.09849,0.15970,0.05551,0.02935,0.12888,0.05421,0.10748,0.02836,0.05129,0.19058,0.00781,0.07655,0.11206,0.18153,0.02868,0.03367,0.13925,0.04275,-57.24,2.185,-1,0.0000,-1.00,0.0000,0
311704,1790788108440,0.09197,0.01674,0.02687,0.12068,0.00780,0.03945,0.11291,0.20896,0.02406,0.01276,0.28699,0.05082,0.06170,0.01740,0.02926,0.07781,0.00245,0.03504,0.13172,0.24470,0.01340,0.01481,0.33694,0.03478,-55.79,3.444,-1,0.0000,-1.00,0.0000,0
311797,1790788108521,0.20553,0.01417,0.01756,0.05600,0.00513,0.31615,0.13953,0.05498,0.01753,0.03637,0.09687,0.04019,0.23354,0.01525,0.01251,0.05716,0.00305,0.33252,0.16417,0.06340,0.00958,0.04307,0.05015,0.01561,-55.26,3.794,-1,0.0000,-1.00,0.0000,0
311890,1790788108620,0.18227,0.00917,0.01807,0.06485,0.02579,0.38176,0.03121,0.03668,0.03499,0.07002,0.10019,0.04500,0.20960,0.00578,0.00585,0.07025,0.02164,0.41589,0.03625,0.04279,0.02788,0.07973,0.03760,0.04673,-55.86,4.581,-1,0.0000,-1.00,0.0000,0
311983,1790788108701,0.15622,0.00881,0.03732,0.10868,0.03297,0.09135,0.02897,0.08614,0.04107,0.03409,0.30096,0.07342,0.16769,0.00393,0.03734,0.06173,0.02340,0.07621,0.03388,0.09586,0.03595,0.03723,0.34551,0.08126,-56.36,3.612,-1,0.0000,-1.00,0.0000,0
312076,1790788108800,0.09955,0.01229,0.01256,0.14896,0.01732,0.07697,0.01242,0.06436,0.04126,0.02224,0.43868,0.05340,0.10408,0.00823,0.01005,0.07715,0.00724,0.07293,0.01307,0.07531,0.03414,0.02521,0.51119,0.06139,-56.12,5.264,-1,0.0000,-1.00,0.0000,0
312169,1790788108900,0.11998,0.01255,0.00737,0.16803,0.02875,0.06156,0.01465,0.13748,0.05571,0.02217,0.31246,0.05928,0.11639,0.00688,0.00443,0.12911,0.02202,0.05069,0.01619,0.16385,0.04116,0.02220,0.36436,0.06271,-57.00,3.750,-1,0.0000,-1.00,0.0000,0
312261,1790788109006,0.12791,0.01875,0.01138,0.16103,0.02456,0.08256,0.04221,0.16400,0.05613,0.02784,0.24201,0.04163,0.11605,0.01459,0.00786,0.13845,0.02170,0.07592,0.04769,0.19495,0.03973,0.02913,0.27493,0.03900,-57.60,2.904,-1,0.0000,-1.00,0.0000,0
312354,1790788109101,0.17056,0.01120,0.02029,0.11230,0.02015,0.06244,0.03914,0.11389,0.05264,0.03185,0.33727,0.02829,0.17678,0.00431,0.01750,0.05601,0.01923,0.03977,0.04586,0.13318,0.05197,0.03435,0.39625,0.02481,-57.83,4.047,-1,0.0000,-1.00,0.0000,0
312447,1790788109182,0.15295,0.01374,0.02533,0.10740,0.02472,0.06008,0.03881,0.11185,0.05401,0.05402,0.29849,0.05859,0.15739,0.00614,0.01804,0.05940,0.01748,0.04079,0.04516,0.13058,0.05210,0.06210,0.34958,0.06126,-58.37,3.582,-1,0.0000,-1.00,0.0000,0
312540,1790788109280,0.09084,0.02205,0.03078,0.11785,0.02974,0.07908,0.02697,0.12653,0.03595,0.04736,0.32490,0.06796,0.07943,0.02093,0.02644,0.06714,0.02060,0.07901,0.02817,0.14637,0.02976,0.05266,0.37364,0.07584,-58.45,3.899,-1,0.0000,-1.00,0.0000,0
312633,1790788109361,0.10253,0.06479,0.02076,0.11975,0.02270,0.06588,0.04788,0.06338,0.05534,0.03341,0.30806,0.09552,0.10848,0.06734,0.01715,0.07261,0.00533,0.05835,0.04402,0.07254,0.05191,0.03898,0.35756,0.10573,-57.81,3.697,-1,0.0000,-1.00,0.0000,0
312726,1790788109462,0.19194,0.15055,0.02017,0.09942,0.01651,0.08976,0.04687,0.09657,0.05271,0.05166,0.11636,0.06750,0.20752,0.17167,0.01197,0.09410,0.00462,0.06641,0.02212,0.11335,0.04397,0.06151,0.12626,0.07650,-57.49,2.303,-1,0.0000,-1.00,0.0000,0
312819,1790788109560,0.04891,0.15931,0.00859,0.14126,0.02604,0.10725,0.04264,0.04743,0.06606,0.01734,0.24731,0.08785,0.04760,0.17997,0.00637,0.11519,0.01095,0.11908,0.01542,0.05556,0.05513,0.01979,0.27273,0.10221,-58.03,2.968,-1,0.0000,-1.00,0.0000,0
312912,1790788109640,0.04658,0.13572,0.01681,0.15072,0.04401,0.09071,0.03906,0.09854,0.11977,0.01195,0.09058,0.15555,0.03310,0.14058,0.01796,0.16309,0.01653,0.10213,0.01889,0.11456,0.11118,0.01105,0.08829,0.18264,-57.38,1.867,-1,0.0000,-1.00,0.0000,0
313004,1790788109740,0.02766,0.06274,0.37298,0.16507,0.01574,0.02841,0.03642,0.09421,0.06128,0.01943,0.07885,0.03721,0.02816,0.06770,0.44275,0.18018,0.01121,0.02846,0.03022,0.02512,0.03771,0.02105,0.08884,0.03859,-56.80,4.476,-1,0.0000,-1.00,0.0000,0
313097,1790788109821,0.03089,0.06665,0.04371,0.45637,0.03761,0.06564,0.02702,0.05138,0.10525,0.01351,0.05763,0.04434,0.02674,0.07625,0.05022,0.53603,0.03521,0.07335,0.01703,0.05185,0.01821,0.01085,0.05452,0.04975,-56.84,5.476,-1,0.0000,-1.00,0.0000,0
313190,1790788109921,0.04213,0.08514,0.02570,0.26989,0.11410,0.14288,0.05094,0.02756,0.07819,0.02978,0.07078,0.06291,0.04496,0.09838,0.02594,0.31296,0.12340,0.16229,0.04154,0.02788,0.01835,0.02452,0.05263,0.06715,-56.82,3.239,-1,0.0000,-1.00,0.0000,0
313283,1790788110003,0.09716,0.11060,0.02700,0.06613,0.06293,0.36295,0.04384,0.02287,0.02138,0.04162,0.10649,0.03702,0.11184,0.13053,0.02492,0.07016,0.06765,0.41272,0.02658,0.02255,0.01063,0.03754,0.04579,0.03910,-57.55,4.355,-1,0.0000,-1.00,0.0000,0
313376,1790788110100,0.16664,0.13412,0.01626,0.11413,0.06973,0.16671,0.08353,0.01986,0.03364,0.03108,0.08028,0.08402,0.19548,0.15790,0.01444,0.12402,0.06630,0.16101,0.06879,0.02093,0.01439,0.02543,0.06427,0.08704,-57.80,2.001,-1,0.0000,-1.00,0.0000,0
313469,1790788110202,0.09351,0.14583,0.02319,0.12494,0.06429,0.16328,0.11213,0.01995,0.04511,0.02783,0.10850,0.07143,0.10836,0.16940,0.02346,0.13078,0.06405,0.17417,0.09977,0.02026,0.02693,0.02185,0.09548,0.06548,-57.92,1.959,-1,0.0000,-1.00,0.0000,0
313562,1790788110301,0.05687,0.23964,0.01245,0.08750,0.03618,0.23769,0.07432,0.01649,0.06789,0.04007,0.06479,0.06611,0.06457,0.27557,0.00633,0.10014,0.02910,0.27201,0.03443,0.01850,0.06044,0.04330,0.02371,0.07189,-58.30,2.876,-1,0.0000,-1.00,0.0000,0
313655,1790788110402,0.09897,0.17330,0.02546,0.06227,0.05474,0.26144,0.05959,0.01615,0.06218,0.02330,0.09317,0.06943,0.11537,0.19629,0.02649,0.06390,0.05037,0.29039,0.03250,0.01409,0.05950,0.02027,0.05408,0.07675,-57.74,3.137,-1,0.0000,-1.00,0.0000,0
313748,1790788110503,0.07934,0.15796,0.01967,0.17573,0.02733,0.12521,0.10617,0.02412,0.09525,0.02097,0.07196,0.09630,0.09009,0.17446,0.01911,0.19866,0.01351,0.13217,0.09264,0.02511,0.07475,0.02245,0.06002,0.09703,-57.47,2.109,-1,0.0000,-1.00,0.0000,0
313840,1790788110583,0.05322,0.23553,0.01596,0.11314,0.06607,0.08092,0.10791,0.03193,0.08828,0.02141,0.05186,0.13377,0.05618,0.26685,0.01602,0.12662,0.05040,0.08582,0.07640,0.03508,0.08068,0.01567,0.04512,0.14514,-58.04,2.826,-1,0.0000,-1.00,0.0000,0
313933,1790788110660,0.03610,0.18959,0.01052,0.27375,0.02521,0.09591,0.05321,0.05027,0.11031,0.02531,0.06802,0.06179,0.03135,0.21365,0.00723,0.31614,0.01638,0.10871,0.02141,0.05880,0.06950,0.02709,0.05996,0.06979,-58.03,3.285,-1,0.0000,-1.00,0.0000,0
314026,1790788110760,0.10662,0.01770,0.01435,0.36260,0.02568,0.11699,0.03650,0.02956,0.08392,0.02172,0.11264,0.07172,0.12124,0.01764,0.01244,0.41232,0.01455,0.11693,0.03942,0.03377,0.01798,0.02398,0.11179,0.07795,-57.45,4.351,-1,0.0000,-1.00,0.0000,0
314119,1790788110861,0.03536,0.06269,0.03223,0.38339,0.02596,0.03308,0.07116,0.03634,0.11557,0.02729,0.09661,0.08031,0.03380,0.06592,0.03272,0.43774,0.01484,0.03293,0.07133,0.03792,0.05171,0.02976,0.10923,0.08209,-58.16,4.601,-1,0.0000,-1.00,0.0000,0
314212,1790788110939,0.03445,0.08595,0.10136,0.10358,0.02047,0.05159,0.07702,0.14038,0.13919,0.03764,0.15951,0.04886,0.01203,0.07370,0.11314,0.08856,0.01597,0.05943,0.07740,0.14606,0.14923,0.04193,0.17935,0.04320,-56.93,1.914,-1,0.0000,-1.00,0.0000,0
314305,1790788111042,0.01829,0.04145,0.01312,0.34526,0.00483,0.03387,0.00734,0.07409,0.19262,0.00637,0.25337,0.00938,0.00474,0.01805,0.01432,0.35508,0.00376,0.03964,0.00522,0.08594,0.16019,0.00711,0.29574,0.01020,-55.79,4.143,-1,0.0000,-1.00,0.0000,0
314398,1790788111122,0.00904,0.01105,0.03220,0.53942,0.00327,0.02442,0.00358,0.02057,0.12489,0.00317,0.22319,0.00521,0.00739,0.00701,0.03791,0.59443,0.00279,0.02779,0.00290,0.01713,0.03170,0.00335,0.26193,0.00567,-55.70,6.473,-1,0.0000,-1.00,0.0000,0
314491,1790788111221,0.00659,0.00490,0.30092,0.20441,0.05040,0.01275,0.00270,0.06948,0.04410,0.01124,0.25000,0.04251,0.00524,0.00297,0.35986,0.18610,0.05038,0.01424,0.00233,0.01223,0.01581,0.00362,0.29674,0.05047,-55.51,3.611,-1,0.0000,-1.00,0.0000,0
314583,1790788111301,0.00786,0.01607,0.00393,0.55620,0.00306,0.01035,0.00419,0.00898,0.15510,0.00255,0.22329,0.00841,0.00742,0.00654,0.00418,0.61384,0.00182,0.01093,0.00359,0.01008,0.06416,0.00270,0.26539,0.00936,-55.66,6.674,-1,0.0000,-1.00,0.0000,0
314676,1790788111400,0.00747,0.02781,0.11668,0.32196,0.00209,0.01851,0.00439,0.04082,0.15651,0.00288,0.29551,0.00538,0.00468,0.00858,0.13918,0.31643,0.00135,0.02125,0.00334,0.02154,0.12480,0.00319,0.34988,0.00578,-54.90,3.864,-1,0.0000,-1.00,0.0000,0
314769,1790788111501,0.00350,0.02113,0.52354,0.07314,0.00559,0.01738,0.00435,0.10804,0.09504,0.01116,0.13494,0.00219,0.00303,0.00503,0.62492,0.05638,0.00635,0.02022,0.00422,0.00558,0.10268,0.01214,0.15768,0.00179,-55.07,6.282,-1,0.0000,-1.00,0.0000,0
314862,1790788111600,0.01503,0.01569,0.10728,0.15518,0.11259,0.06585,0.00632,0.03776,0.08234,0.02639,0.36230,0.01328,0.01296,0.00376,0.12730,0.10288,0.13184,0.07636,0.00295,0.02389,0.07750,0.00625,0.41899,0.01533,-56.40,4.348,-1,0.0000,-1.00,0.0000,0
314955,1790788111700,0.01273,0.01586,0.11553,0.14409,0.01569,0.07314,0.00605,0.04748,0.06657,0.01077,0.48270,0.00937,0.00925,0.00560,0.13654,0.06137,0.01680,0.08581,0.00568,0.03029,0.06760,0.00958,0.56138,0.01011,-57.13,5.792,-1,0.0000,-1.00,0.0000,0
315048,1790788111780,0.01014,0.02777,0.00945,0.22557,0.02225,0.06269,0.01027,0.01649,0.08230,0.01270,0.50008,0.02030,0.00845,0.01979,0.00917,0.15440,0.02202,0.07355,0.00768,0.01864,0.06801,0.01085,0.58463,0.02280,-57.34,6.001,-1,0.0000,-1.00,0.0000,0
315141,1790788111880,0.02580,0.02112,0.02955,0.33241,0.01857,0.03824,0.02486,0.02845,0.11210,0.02545,0.27133,0.07212,0.02539,0.01187,0.02961,0.33546,0.00621,0.04079,0.02744,0.02822,0.06782,0.02926,0.31703,0.08090,-57.01,3.989,-1,0.0000,-1.00,0.0000,0
315234,1790788111960,0.01561,0.03969,0.03075,0.20749,0.02629,0.05973,0.03470,0.05533,0.12087,0.03759,0.34447,0.02749,0.00724,0.02551,0.02895,0.16956,0.02630,0.07034,0.03652,0.06056,0.11122,0.03983,0.39881,0.02516,-57.35,4.134,-1,0.0000,-1.00,0.0000,0
315326,1790788112061,0.05389,0.02855,0.03262,0.14611,0.01891,0.07189,0.03071,0.11350,0.14133,0.08036,0.23528,0.04686,0.03111,0.01272,0.02049,0.12233,0.01287,0.07997,0.03403,0.13218,0.14501,0.09382,0.26607,0.04940,-57.92,2.823,-1,0.0000,-1.00,0.0000,0
315419,1790788112161,0.03363,0.05854,0.02414,0.09328,0.03020,0.02342,0.02991,0.10420,0.20576,0.07189,0.21378,0.11125,0.01588,0.02385,0.01228,0.06197,0.01099,0.02491,0.03111,0.12242,0.23427,0.08396,0.25122,0.12714,-57.67,2.565,-1,0.0000,-1.00,0.0000,0
315512,1790788112240,0.03670,0.04881,0.03107,0.12403,0.03128,0.05549,0.02819,0.08655,0.21265,0.09842,0.17507,0.07175,0.02111,0.01516,0.01470,0.10948,0.02164,0.06230,0.03077,0.10079,0.23310,0.11364,0.19742,0.07987,-57.75,2.552,-1,0.0000,-1.00,0.0000,0
315605,1790788112342,0.02258,0.02766,0.03338,0.12664,0.02471,0.02949,0.04604,0.05695,0.13217,0.10256,0.31980,0.07802,0.01127,0.00767,0.01616,0.07708,0.01319,0.03310,0.05364,0.06504,0.14310,0.12027,0.37663,0.08285,-57.97,3.838,-1,0.0000,-1.00,0.0000,0
315698,1790788112420,0.02488,0.03291,0.02693,0.11501,0.02260,0.03904,0.04419,0.04985,0.14367,0.08361,0.36296,0.05434,0.01824,0.00759,0.01305,0.05329,0.01618,0.04316,0.05119,0.05741,0.16159,0.09697,0.42636,0.05497,-58.53,4.356,-1,0.0000,-1.00,0.0000,0
315791,1790788112520,0.02456,0.02120,0.02315,0.16616,0.01673,0.05739,0.02237,0.06178,0.11605,0.07809,0.35600,0.05652,0.01185,0.00570,0.00948,0.11715,0.00763,0.06642,0.02561,0.07221,0.11583,0.09206,0.41340,0.06265,-58.86,4.272,-1,0.0000,-1.00,0.0000,0
315884,1790788112601,0.04566,0.03214,0.01914,0.18662,0.01489,0.07693,0.01751,0.07391,0.15719,0.05779,0.27765,0.04057,0.03742,0.00753,0.00953,0.16100,0.00895,0.08476,0.01891,0.08725,0.15629,0.06761,0.31589,0.04487,-58.63,3.332,-1,0.0000,-1.00,0.0000,0
315977,1790788112701,0.01792,0.20181,0.01166,0.04603,0.02351,0.03269,0.12830,0.02176,0.27417,0.01201,0.11603,0.11412,0.01558,0.17897,0.01135,0.02901,0.00570,0.03608,0.11810,0.02397,0.32277,0.01326,0.13188,0.11333,-58.17,3.290,-1,0.0000,-1.00,0.0000,0
316070,1790788112820,0.01909,0.22431,0.00915,0.04268,0.01221,0.01497,0.12953,0.01816,0.40906,0.00368,0.03977,0.07740,0.01896,0.17326,0.01012,0.04225,0.00099,0.01418,0.12085,0.01976,0.48178,0.00422,0.04485,0.06878,-57.64,4.909,-1,0.0000,-1.00,0.0000,0
316162,1790788112900,0.03762,0.23809,0.01272,0.05756,0.00234,0.02426,0.05339,0.01204,0.49140,0.00416,0.05350,0.01292,0.04268,0.17090,0.01429,0.05708,0.00091,0.02061,0.03006,0.01163,0.57749,0.00480,0.06002,0.00952,-57.81,5.897,-1,0.0000,-1.00,0.0000,0
316255,1790788113013,0.01314,0.19286,0.01050,0.05730,0.00757,0.02989,0.08812,0.00963,0.40272,0.00416,0.14104,0.04304,0.01391,0.13688,0.01166,0.03646,0.00193,0.03306,0.07845,0.00923,0.47525,0.00468,0.16245,0.03602,-57.20,4.833,-1,0.0000,-1.00,0.0000,0
316348,1790788113082,0.00996,0.16834,0.00680,0.07306,0.02035,0.01364,0.16430,0.00596,0.29720,0.00493,0.10705,0.12842,0.01080,0.13358,0.00700,0.06267,0.00057,0.01421,0.17038,0.00575,0.34368,0.00581,0.12545,0.12010,-56.55,3.566,-1,0.0000,-1.00,0.0000,0
316441,1790788113180,0.02470,0.20076,0.00614,0.07128,0.01778,0.01834,0.18434,0.01299,0.28319,0.00396,0.06769,0.10885,0.02660,0.17604,0.00652,0.06998,0.00272,0.01670,0.18512,0.01512,0.32546,0.00421,0.07780,0.09373,-57.15,3.398,-1,0.0000,-1.00,0.0000,0
316534,1790788113260,0.05638,0.14413,0.01058,0.07558,0.03123,0.04786,0.14581,0.06183,0.26029,0.01689,0.04721,0.10222,0.05051,0.11700,0.00919,0.08121,0.01909,0.04733,0.15152,0.07227,0.29465,0.01760,0.04718,0.09245,-58.01,3.123,-1,0.0000,-1.00,0.0000,0
316627,1790788113360,0.04868,0.12667,0.03255,0.09070,0.04515,0.07185,0.07429,0.10771,0.19060,0.03237,0.14831,0.03112,0.02798,0.11693,0.03185,0.07661,0.04930,0.08055,0.06584,0.12275,0.20611,0.03610,0.16174,0.02424,-58.06,2.287,-1,0.0000,-1.00,0.0000,0
316720,1790788113460,0.06982,0.11041,0.03963,0.03682,0.03437,0.09613,0.06967,0.15303,0.17468,0.05408,0.13131,0.03005,0.04805,0.09223,0.03532,0.01708,0.03648,0.10566,0.06192,0.17963,0.20213,0.06136,0.13640,0.02374,-58.35,2.096,-1,0.0000,-1.00,0.0000,0
316813,1790788113541,0.08236,0.15069,0.03748,0.04304,0.03761,0.06180,0.06153,0.12024,0.26493,0.03179,0.07423,0.03430,0.07211,0.11906,0.03889,0.03629,0.03897,0.05975,0.04798,0.13851,0.31026,0.03037,0.07710,0.03071,-59.51,3.179,-1,0.0000,-1.00,0.0000,0
316905,1790788113643,0.04438,0.15530,0.04182,0.03195,0.03077,0.05526,0.08729,0.08570,0.29668,0.03547,0.08163,0.05376,0.03186,0.12025,0.04220,0.02125,0.02739,0.05989,0.08034,0.09474,0.34840,0.03995,0.08594,0.04778,-60.04,3.560,-1,0.0000,-1.00,0.0000,0
316998,1790788113719,0.04168,0.14580,0.04363,0.05002,0.02390,0.04969,0.10311,0.08375,0.21554,0.08194,0.09187,0.06906,0.03252,0.12508,0.03345,0.04020,0.01618,0.05326,0.09692,0.09555,0.25030,0.09498,0.09953,0.06202,-59.09,2.586,-1,0.0000,-1.00,0.0000,0
317091,1790788113820,0.09205,0.13187,0.03235,0.04815,0.03569,0.07432,0.07584,0.16361,0.15301,0.06024,0.09236,0.04051,0.07302,0.12318,0.02584,0.03871,0.03532,0.07513,0.06420,0.19318,0.17567,0.06518,0.09577,0.03480,-58.22,1.963,-1,0.0000,-1.00,0.0000,0
317184,1790788113900,0.06967,0.12606,0.02681,0.04867,0.04520,0.05115,0.04503,0.16011,0.19709,0.04745,0.13338,0.04938,0.03592,0.11645,0.02258,0.02876,0.04378,0.05417,0.02915,0.18910,0.23046,0.04818,0.14909,0.05237,-58.44,2.365,-1,0.0000,-1.00,0.0000,0
317277,1790788113999,0.08131,0.11988,0.03382,0.04218,0.02793,0.06484,0.05173,0.14790,0.21572,0.07307,0.08748,0.05416,0.06436,0.09369,0.02404,0.03232,0.02253,0.06493,0.04341,0.17245,0.25202,0.08314,0.09195,0.05517,-58.42,2.589,-1,0.0000,-1.00,0.0000,0
317370,1790788114120,0.07314,0.17274,0.01948,0.03231,0.01563,0.10623,0.06006,0.06703,0.27621,0.02998,0.08945,0.05776,0.07015,0.14454,0.01649,0.02192,0.00673,0.11338,0.04187,0.07848,0.32662,0.03459,0.08471,0.06053,-58.31,3.314,-1,0.0000,-1.00,0.0000,0
317463,1790788114199,0.04377,0.23861,0.01912,0.03488,0.02274,0.07652,0.06469,0.03949,0.26300,0.05340,0.09452,0.04926,0.04346,0.22433,0.01088,0.02260,0.01684,0.08307,0.03287,0.04534,0.31065,0.06064,0.09679,0.05251,-58.95,3.156,-1,0.0000,-1.00,0.0000,0
317556,1790788114299,0.03826,0.20170,0.02330,0.04643,0.02192,0.03830,0.09617,0.04488,0.29299,0.05471,0.08964,0.05171,0.03340,0.17593,0.01553,0.03590,0.01680,0.03961,0.08036,0.05069,0.34371,0.06247,0.09956,0.04603,-58.44,3.516,-1,0.0000,-1.00,0.0000,0
317648,1790788114382,0.05633,0.19460,0.04391,0.05805,0.01242,0.02895,0.08300,0.06223,0.34012,0.02902,0.06215,0.02921,0.05453,0.15462,0.04609,0.05574,0.01065,0.02388,0.06881,0.06543,0.39626,0.03290,0.06973,0.02136,-57.87,4.081,-1,0.0000,-1.00,0.0000,0
317741,1790788114482,0.02697,0.10563,0.01734,0.17389,0.01506,0.02729,0.13106,0.03475,0.30061,0.01927,0.10920,0.03894,0.02472,0.06237,0.01677,0.18352,0.01448,0.02779,0.14468,0.03831,0.32382,0.02022,0.12533,0.01798,-57.36,3.607,-1,0.0000,-1.00,0.0000,0
317834,1790788114561,0.02056,0.07917,0.00846,0.33738,0.00578,0.00957,0.05066,0.02147,0.36179,0.01086,0.07326,0.02104,0.01891,0.02507,0.00772,0.38716,0.00412,0.00772,0.05573,0.02419,0.35676,0.01220,0.08626,0.01417,-56.96,4.341,-1,0.0000,-1.00,0.0000,0
317927,1790788114660,0.04656,0.06305,0.01136,0.20504,0.02535,0.01320,0.06488,0.06506,0.30003,0.02315,0.10644,0.07587,0.03862,0.01487,0.00871,0.22072,0.01526,0.00816,0.07400,0.07702,0.31570,0.02478,0.12592,0.07624,-56.99,3.600,-1,0.0000,-1.00,0.0000,0
318020,1790788114759,0.05725,0.03861,0.01460,0.16840,0.04020,0.01844,0.10301,0.12140,0.13698,0.05021,0.12565,0.12525,0.03797,0.02254,0.00641,0.17257,0.02148,0.01618,0.11894,0.14422,0.12992,0.05590,0.14735,0.12650,-56.77,2.021,-1,0.0000,-1.00,0.0000,0
318113,1790788114840,0.10259,0.04216,0.00980,0.15789,0.02995,0.02455,0.14643,0.13141,0.08519,0.03255,0.13025,0.10721,0.09088,0.03755,0.00468,0.15870,0.01702,0.01141,0.16802,0.15654,0.07059,0.03565,0.15381,0.09516,-57.01,1.895,-1,0.0000,-1.00,0.0000,0
318206,1790788114940,0.11277,0.03139,0.01016,0.17486,0.04601,0.02630,0.10454,0.16008,0.13834,0.03710,0.06273,0.09571,0.09640,0.01332,0.00482,0.19511,0.03722,0.01241,0.12262,0.19086,0.12708,0.03707,0.07270,0.09037,-57.51,2.098,-1,0.0000,-1.00,0.0000,0
318299,1790788115020,0.08957,0.07451,0.02524,0.14329,0.03533,0.02185,0.07124,0.16781,0.21095,0.03600,0.05206,0.07215,0.06679,0.04667,0.02279,0.15984,0.02811,0.01294,0.07427,0.19840,0.22108,0.03757,0.05981,0.07173,-57.95,2.531,-1,0.0000,-1.00,0.0000,0
318392,1790788115120,0.06099,0.10034,0.01998,0.17071,0.03452,0.04461,0.07544,0.12317,0.20560,0.02698,0.07075,0.06691,0.04455,0.07884,0.01864,0.18950,0.02841,0.04462,0.07477,0.14389,0.20879,0.02670,0.07593,0.06535,-58.63,2.467,-1,0.0000,-1.00,0.0000,0
318484,1790788115200,0.06624,0.11154,0.03520,0.16600,0.03402,0.03945,0.07062,0.05271,0.24543,0.02515,0.10626,0.04738,0.06869,0.08241,0.03748,0.17499,0.03230,0.03365,0.06828,0.05573,0.25939,0.02373,0.12066,0.04269,-58.86,2.945,-1,0.0000,-1.00,0.0000,0
318577,1790788115300,0.04226,0.06574,0.05740,0.13438,0.03422,0.08561,0.04636,0.09673,0.17681,0.07131,0.14152,0.04766,0.02975,0.04193,0.05308,0.13120,0.03154,0.09668,0.04724,0.10539,0.18585,0.07919,0.15041,0.04775,-58.39,2.122,-1,0.0000,-1.00,0.0000,0
318670,1790788115423,0.04315,0.03537,0.05038,0.16415,0.01376,0.18706,0.03228,0.18774,0.08279,0.03677,0.13202,0.03453,0.00765,0.03107,0.05201,0.17409,0.00956,0.22263,0.03252,0.21465,0.06469,0.04216,0.11405,0.03493,-57.58,2.253,-1,0.0000,-1.00,0.0000,0
318763,1790788115501,0.05511,0.02965,0.05544,0.22333,0.01528,0.05278,0.02353,0.19624,0.11204,0.04546,0.14132,0.04981,0.02162,0.01820,0.05593,0.23635,0.00745,0.05896,0.02459,0.22405,0.08740,0.05300,0.15765,0.05481,-57.62,2.680,-1,0.0000,-1.00,0.0000,0
318856,1790788115600,0.04591,0.02307,0.06396,0.16186,0.02015,0.08766,0.02090,0.19049,0.08318,0.07212,0.15972,0.07098,0.01210,0.01422,0.05978,0.16004,0.00815,0.10264,0.02216,0.21646,0.06772,0.08504,0.17104,0.08066,-58.05,2.286,-1,0.0000,-1.00,0.0000,0
318949,1790788115680,0.03521,0.01915,0.05191,0.22324,0.01047,0.12739,0.02146,0.12088,0.08624,0.05612,0.23114,0.01678,0.00861,0.01784,0.04924,0.21853,0.00944,0.15093,0.02218,0.13509,0.06002,0.06537,0.24704,0.01571,-58.32,2.774,-1,0.0000,-1.00,0.0000,0
319042,1790788115781,0.03369,0.03807,0.04274,0.21059,0.01494,0.04984,0.07274,0.15557,0.13946,0.04622,0.15596,0.04019,0.00492,0.02106,0.04068,0.21760,0.01160,0.05874,0.08254,0.17878,0.12391,0.05314,0.17523,0.03179,-58.41,2.527,-1,0.0000,-1.00,0.0000,0
319135,1790788115860,0.02466,0.08429,0.03432,0.22760,0.01922,0.02851,0.05538,0.08076,0.23650,0.05905,0.11045,0.03924,0.01144,0.05456,0.02772,0.24774,0.01589,0.03190,0.05547,0.09135,0.23427,0.06761,0.12602,0.03603,-57.88,2.838,-1,0.0000,-1.00,0.0000,0
319227,1790788115960,0.02742,0.05623,0.03942,0.18228,0.01500,0.03471,0.00827,0.06277,0.27271,0.08471,0.17121,0.04529,0.01781,0.01078,0.02740,0.17924,0.00751,0.03806,0.00747,0.07009,0.29124,0.10001,0.19760,0.05278,-57.05,3.273,-1,0.0000,-1.00,0.0000,0
319320,1790788116060,0.00986,0.06905,0.03798,0.09858,0.00799,0.05477,0.01278,0.02255,0.32486,0.01524,0.32409,0.02225,0.00807,0.00731,0.04206,0.04365,0.00483,0.06402,0.01365,0.01889,0.38051,0.01741,0.37565,0.02395,-57.30,3.898,-1,0.0000,-1.00,0.0000,0
319413,1790788116141,0.01358,0.03466,0.01250,0.12785,0.00554,0.09677,0.04774,0.02921,0.12607,0.01394,0.47533,0.01682,0.00980,0.01335,0.01186,0.04476,0.00478,0.11401,0.05455,0.03265,0.14219,0.01575,0.54696,0.00934,-57.22,5.704,-1,0.0000,-1.00,0.0000,0
319506,1790788116240,0.03960,0.05500,0.02827,0.09573,0.00570,0.04325,0.01315,0.02472,0.26565,0.00951,0.40186,0.01757,0.04227,0.00413,0.03174,0.02096,0.00323,0.04344,0.01463,0.02364,0.31415,0.01075,0.47291,0.01815,-56.47,4.822,-1,0.0000,-1.00,0.0000,0
319599,1790788116320,0.07233,0.06683,0.02284,0.08151,0.01202,0.03293,0.00887,0.04088,0.31323,0.02001,0.31103,0.01751,0.07786,0.00665,0.02303,0.02474,0.01061,0.02402,0.00927,0.04446,0.37042,0.02187,0.36793,0.01915,-56.43,3.759,-1,0.0000,-1.00,0.0000,0
319692,1790788116420,0.28317,0.01623,0.00552,0.09833,0.02303,0.05796,0.01389,0.07472,0.05039,0.01381,0.35304,0.00991,0.32153,0.00910,0.00434,0.03419,0.02584,0.00571,0.01483,0.08867,0.05351,0.01151,0.42190,0.00887,-56.30,4.237,-1,0.0000,-1.00,0.0000,0
319785,1790788116500,0.47461,0.01607,0.00654,0.04224,0.01676,0.09125,0.01104,0.12943,0.07341,0.01360,0.10190,0.02316,0.53482,0.00619,0.00519,0.02655,0.01490,0.00347,0.01200,0.15405,0.08269,0.01334,0.12141,0.02538,-56.11,5.695,-1,0.0000,-1.00,0.0000,0
319878,1790788116600,0.51091,0.00929,0.00582,0.04540,0.00902,0.09904,0.01407,0.12694,0.03952,0.01614,0.09594,0.02791,0.58193,0.00323,0.00333,0.03174,0.00482,0.00331,0.01619,0.15147,0.04106,0.01839,0.11431,0.03023,-56.19,6.131,-1,0.0000,-1.00,0.0000,0
319970,1790788116720,0.39765,0.01276,0.00899,0.07121,0.01226,0.08141,0.03916,0.04200,0.06807,0.01325,0.19499,0.05824,0.46245,0.00503,0.00772,0.03925,0.00266,0.00587,0.04592,0.04880,0.07374,0.01540,0.23248,0.06069,-56.32,4.772,-1,0.0000,-1.00,0.0000,0
320063,1790788116800,0.28427,0.00841,0.00797,0.07579,0.02149,0.05287,0.00963,0.14800,0.03106,0.02020,0.25993,0.08037,0.30551,0.00400,0.00504,0.02918,0.00708,0.00278,0.01073,0.17635,0.03144,0.02280,0.31091,0.09418,-56.84,3.411,-1,0.0000,-1.00,0.0000,0
320156,1790788116901,0.15168,0.01507,0.00861,0.06094,0.02425,0.02263,0.03427,0.34324,0.03946,0.02739,0.22742,0.04506,0.10057,0.00945,0.00459,0.01928,0.01993,0.00718,0.03915,0.41041,0.04342,0.02890,0.27107,0.04605,-58.05,4.119,-1,0.0000,-1.00,0.0000,0
320249,1790788116981,0.10581,0.01294,0.02610,0.06578,0.05234,0.01423,0.02361,0.30447,0.04290,0.11962,0.19452,0.03766,0.05416,0.00774,0.00502,0.03287,0.05495,0.00632,0.02676,0.36383,0.04489,0.13244,0.23183,0.03918,-58.39,3.654,-1,0.0000,-1.00,0.0000,0
320342,1790788117084,0.27661,0.00835,0.00914,0.05114,0.02413,0.05163,0.05245,0.20720,0.02450,0.03651,0.22474,0.03361,0.28235,0.00457,0.00312,0.00814,0.02303,0.00623,0.06194,0.24766,0.02745,0.03947,0.26805,0.02799,-58.12,3.319,-1,0.0000,-1.00,0.0000,0
320435,1790788117160,0.33512,0.01043,0.01317,0.04756,0.02070,0.06007,0.01896,0.23264,0.03507,0.03501,0.17682,0.01446,0.34573,0.00554,0.00833,0.01513,0.02219,0.00345,0.02106,0.27766,0.03902,0.03754,0.21119,0.01316,-58.22,4.021,-1,0.0000,-1.00,0.0000,0
320528,1790788117260,0.31237,0.00552,0.00868,0.06397,0.01105,0.05885,0.01510,0.16443,0.02405,0.03199,0.29134,0.01263,0.33536,0.00123,0.00320,0.00761,0.01084,0.00414,0.01785,0.19639,0.02719,0.03631,0.34828,0.01160,-58.35,3.748,-1,0.0000,-1.00,0.0000,0
320621,1790788117361,0.37513,0.00895,0.02336,0.02939,0.00910,0.07093,0.04984,0.20145,0.02825,0.09853,0.08494,0.02013,0.40176,0.00469,0.00491,0.01525,0.00844,0.00534,0.05879,0.24041,0.03083,0.11639,0.10072,0.01247,-58.48,4.502,-1,0.0000,-1.00,0.0000,0
320714,1790788117441,0.30001,0.01089,0.01858,0.04586,0.00986,0.05310,0.01976,0.20094,0.05307,0.08769,0.17681,0.02342,0.30390,0.00887,0.00171,0.01310,0.00699,0.00351,0.02190,0.24045,0.06100,0.10369,0.21117,0.02372,-57.62,3.600,-1,0.0000,-1.00,0.0000,0
320806,1790788117540,0.43737,0.00577,0.00399,0.03872,0.00698,0.07967,0.01887,0.21467,0.01801,0.01582,0.13857,0.02158,0.47343,0.00316,0.00117,0.01355,0.00393,0.00183,0.02194,0.25703,0.01889,0.01818,0.16568,0.02120,-57.09,5.248,-1,0.0000,-1.00,0.0000,0
320899,1790788117623,0.32935,0.01330,0.00850,0.06760,0.01303,0.05980,0.01536,0.18588,0.03066,0.03469,0.22481,0.01702,0.35063,0.00983,0.00233,0.02770,0.01204,0.00233,0.01643,0.22229,0.03081,0.03963,0.26891,0.01708,-57.46,3.952,-1,0.0000,-1.00,0.0000,0
320992,1790788117720,0.22230,0.00508,0.01206,0.21679,0.01039,0.03996,0.02126,0.17130,0.05330,0.01040,0.21585,0.02129,0.22492,0.00275,0.01227,0.20862,0.00835,0.00330,0.02412,0.20363,0.02231,0.01101,0.25799,0.02073,-56.87,2.668,-1,0.0000,-1.00,0.0000,0
321085,1790788117800,0.19120,0.01026,0.00474,0.36587,0.01117,0.03594,0.01311,0.08671,0.10633,0.02100,0.13870,0.01497,0.20874,0.00297,0.00111,0.40552,0.01046,0.00168,0.01510,0.10369,0.04702,0.02308,0.16587,0.01475,-56.61,4.390,-1,0.0000,-1.00,0.0000,0
321178,1790788117900,0.25032,0.01748,0.02224,0.24477,0.00951,0.04968,0.00783,0.08233,0.09217,0.03906,0.16281,0.02179,0.27929,0.01085,0.01762,0.25478,0.00650,0.00417,0.00723,0.09516,0.05993,0.04552,0.19426,0.02468,-57.44,3.004,-1,0.0000,-1.00,0.0000,0
321271,1790788118024,0.14705,0.01770,0.06709,0.18743,0.01636,0.03907,0.00720,0.09287,0.08140,0.03964,0.24477,0.05942,0.15672,0.00888,0.07121,0.16706,0.00581,0.01575,0.00687,0.09716,0.06442,0.04635,0.29016,0.06961,-58.65,2.937,-1,0.0000,-1.00,0.0000,0
321364,1790788118100,0.09591,0.01578,0.09510,0.16463,0.02235,0.03623,0.01166,0.11969,0.08233,0.04779,0.22260,0.08592,0.08276,0.01373,0.10288,0.14546,0.00699,0.02701,0.01125,0.12303,0.06981,0.05587,0.26137,0.09984,-59.01,2.671,-1,0.0000,-1.00,0.0000,0
321457,1790788118200,0.04242,0.01575,0.09916,0.19832,0.01709,0.01465,0.01633,0.10922,0.04440,0.02124,0.35970,0.06174,0.02912,0.01438,0.11396,0.15265,0.00642,0.01178,0.01551,0.10948,0.02265,0.02448,0.42867,0.07090,-58.47,4.316,-1,0.0000,-1.00,0.0000,0
321549,1790788118281,0.03615,0.00965,0.13756,0.15730,0.01972,0.02007,0.01658,0.09749,0.04062,0.02185,0.37333,0.06968,0.02526,0.00713,0.15986,0.10055,0.00780,0.01905,0.01845,0.08512,0.02831,0.02507,0.44356,0.07984,-58.67,4.480,-1,0.0000,-1.00,0.0000,0
321642,1790788118380,0.03030,0.01525,0.17061,0.14447,0.01496,0.02822,0.00714,0.11372,0.04699,0.01736,0.35135,0.05965,0.01740,0.01068,0.20046,0.09085,0.00395,0.03046,0.00644,0.09652,0.03830,0.02002,0.41496,0.06996,-58.28,4.216,-1,0.0000,-1.00,0.0000,0
321735,1790788118459,0.02894,0.01616,0.16197,0.24251,0.01679,0.01874,0.00842,0.08939,0.07616,0.03220,0.26013,0.04859,0.02103,0.01029,0.18678,0.22952,0.00894,0.01828,0.00805,0.07009,0.04576,0.03681,0.30807,0.05639,-57.72,3.122,-1,0.0000,-1.00,0.0000,0
321828,1790788118560,0.03695,0.01638,0.18991,0.23419,0.02209,0.02409,0.01108,0.11279,0.06412,0.02926,0.20494,0.05422,0.02624,0.01386,0.22084,0.23286,0.01402,0.02367,0.01052,0.09137,0.02909,0.03385,0.24088,0.06280,-58.11,2.810,-1,0.0000,-1.00,0.0000,0
321921,1790788118661,0.03707,0.00819,0.12390,0.25032,0.02456,0.02658,0.00754,0.07367,0.04554,0.02469,0.28321,0.09474,0.03266,0.00818,0.14289,0.23366,0.00724,0.02537,0.00735,0.06001,0.00825,0.02815,0.33433,0.11192,-59.00,3.399,-1,0.0000,-1.00,0.0000,0
322014,1790788118740,0.02709,0.01385,0.06458,0.27818,0.02842,0.02275,0.01176,0.07218,0.06169,0.01974,0.28325,0.11650,0.01807,0.01266,0.07286,0.26697,0.00684,0.02367,0.01158,0.07204,0.02045,0.02284,0.33471,0.13730,-58.88,3.399,-1,0.0000,-1.00,0.0000,0
322107,1790788118840,0.01860,0.01387,0.05741,0.20704,0.03673,0.02036,0.01294,0.06012,0.04233,0.02401,0.36701,0.13958,0.01050,0.01316,0.06330,0.16178,0.01137,0.02232,0.01289,0.05949,0.01745,0.02771,0.43535,0.16469,-58.02,4.404,-1,0.0000,-1.00,0.0000,0
322200,1790788118921,0.01473,0.00606,0.01623,0.18085,0.03985,0.00865,0.00632,0.03133,0.02918,0.02149,0.47875,0.16656,0.01080,0.00481,0.01442,0.10330,0.00849,0.00823,0.00658,0.03473,0.01322,0.02533,0.57203,0.19808,-59.06,5.745,-1,0.0000,-1.00,0.0000,0
322292,1790788119020,0.02393,0.01053,0.06770,0.18068,0.04653,0.02723,0.00988,0.06072,0.03871,0.01426,0.32247,0.19736,0.01751,0.00918,0.07788,0.14104,0.00931,0.02916,0.01002,0.05732,0.01734,0.01633,0.38062,0.23429,-59.72,3.870,-1,0.0000,-1.00,0.0000,0
322385,1790788119101,0.02370,0.01314,0.05431,0.12563,0.03604,0.02355,0.01284,0.07883,0.04667,0.01403,0.43083,0.14044,0.01185,0.00683,0.06192,0.04922,0.01032,0.02586,0.01277,0.08344,0.04498,0.01595,0.51111,0.16575,-59.13,5.170,-1,0.0000,-1.00,0.0000,0
322478,1790788119220,0.02480,0.00880,0.05934,0.11875,0.03894,0.02946,0.01634,0.08597,0.02711,0.04942,0.37172,0.16934,0.01118,0.00673,0.05964,0.05530,0.00715,0.03308,0.01815,0.09128,0.02152,0.05780,0.43886,0.19932,-58.97,4.461,-1,0.0000,-1.00,0.0000,0
322571,1790788119321,0.03769,0.01353,0.06483,0.13065,0.02710,0.02645,0.01657,0.12747,0.06953,0.03542,0.34420,0.10657,0.01556,0.00437,0.06957,0.07591,0.00783,0.02861,0.01711,0.14082,0.06827,0.04089,0.40676,0.12430,-58.24,4.130,-1,0.0000,-1.00,0.0000,0
322664,1790788119400,0.04753,0.02392,0.03968,0.07663,0.02750,0.01907,0.01510,0.15564,0.17883,0.04135,0.25025,0.12451,0.00404,0.00512,0.03788,0.03324,0.00408,0.02205,0.01671,0.17935,0.20769,0.04874,0.29548,0.14562,-57.04,3.003,-1,0.0000,-1.00,0.0000,0
322757,1790788119499,0.04519,0.01684,0.02221,0.04386,0.06764,0.00813,0.01455,0.21381,0.09334,0.05723,0.08407,0.33313,0.00229,0.00142,0.01312,0.03295,0.00270,0.00929,0.01716,0.25359,0.10531,0.06803,0.09890,0.39524,-56.21,3.998,-1,0.0000,-1.00,0.0000,0
322850,1790788119580,0.03812,0.03745,0.02828,0.05919,0.03351,0.00926,0.02090,0.12372,0.24517,0.08596,0.18616,0.13229,0.00216,0.00291,0.01375,0.02712,0.00979,0.01067,0.02441,0.14558,0.28789,0.10157,0.22094,0.15321,-56.67,2.942,-1,0.0000,-1.00,0.0000,0
322943,1790788119681,0.02371,0.07300,0.03244,0.06262,0.02001,0.00471,0.01770,0.09549,0.35572,0.09142,0.14820,0.07497,0.00663,0.00455,0.01744,0.04000,0.00701,0.00433,0.02031,0.11096,0.41831,0.10815,0.17673,0.08559,-57.08,4.269,-1,0.0000,-1.00,0.0000,0
323036,1790788119760,0.05379,0.20100,0.03137,0.01819,0.05712,0.03207,0.04736,0.03205,0.19348,0.02003,0.03875,0.27479,0.05698,0.19643,0.03298,0.01365,0.00383,0.02714,0.01487,0.03480,0.22912,0.02324,0.04106,0.32589,-56.19,3.297,-1,0.0000,-1.00,0.0000,0
323128,1790788119861,0.03340,0.33449,0.00360,0.01076,0.05680,0.02411,0.06986,0.02797,0.12303,0.01000,0.02740,0.27857,0.03293,0.37247,0.00202,0.00727,0.00230,0.02236,0.00987,0.03311,0.14598,0.01153,0.02840,0.33176,-55.98,4.014,-1,0.0000,-1.00,0.0000,0
323221,1790788119961,0.03418,0.43706,0.01578,0.01567,0.01693,0.01949,0.09465,0.02946,0.15612,0.06278,0.04037,0.07751,0.03412,0.48700,0.00410,0.00983,0.00253,0.01659,0.01688,0.03449,0.18512,0.07472,0.04508,0.08953,-57.10,5.245,-1,0.0000,-1.00,0.0000,0
323314,1790788120042,0.01077,0.46132,0.00869,0.01684,0.03555,0.01073,0.09989,0.02130,0.10485,0.01453,0.03950,0.17603,0.00768,0.52875,0.00701,0.01125,0.00136,0.01134,0.01487,0.02414,0.12341,0.01714,0.04508,0.20797,-58.14,5.536,-1,0.0000,-1.00,0.0000,0
323407,1790788120141,0.01475,0.25922,0.00754,0.01997,0.06646,0.01217,0.05854,0.01463,0.17085,0.01805,0.02740,0.33042,0.01437,0.27073,0.00482,0.01788,0.00178,0.01174,0.01637,0.01668,0.20117,0.02128,0.03050,0.39267,-57.53,3.965,-1,0.0000,-1.00,0.0000,0
323500,1790788120220,0.02277,0.20236,0.00883,0.01528,0.08255,0.02829,0.05271,0.01978,0.07503,0.03188,0.04642,0.41409,0.02271,0.22498,0.00306,0.00844,0.00128,0.02939,0.01856,0.02309,0.08823,0.03795,0.04980,0.49250,-56.63,4.969,-1,0.0000,-1.00,0.0000,0
323593,1790788120320,0.03879,0.25181,0.01327,0.03578,0.04294,0.03895,0.06067,0.02176,0.15187,0.01429,0.11796,0.21190,0.03877,0.26934,0.01258,0.01638,0.00187,0.03899,0.01930,0.02359,0.17873,0.01675,0.13362,0.25009,-56.59,3.022,-1,0.0000,-1.00,0.0000,0
323686,1790788120400,0.03356,0.28483,0.00777,0.04025,0.02301,0.04981,0.07848,0.04899,0.14649,0.01469,0.16815,0.10395,0.02924,0.30693,0.00597,0.01040,0.00427,0.05388,0.03320,0.05752,0.17338,0.01684,0.19080,0.11756,-57.25,3.418,-1,0.0000,-1.00,0.0000,0
323779,1790788120520,0.05156,0.23032,0.01900,0.03799,0.01381,0.02937,0.08944,0.05166,0.26662,0.02856,0.11428,0.06739,0.04148,0.22347,0.01609,0.01944,0.00328,0.02698,0.06226,0.05933,0.31549,0.03369,0.13159,0.06692,-57.82,3.199,-1,0.0000,-1.00,0.0000,0
323871,1790788120623,0.05441,0.19386,0.02837,0.06010,0.02578,0.03177,0.08609,0.08506,0.25044,0.03841,0.06950,0.07620,0.04578,0.17503,0.02547,0.05665,0.01531,0.02912,0.06739,0.09795,0.28886,0.04299,0.07751,0.07794,-57.98,3.005,-1,0.0000,-1.00,0.0000,0
323964,1790788120699,0.02566,0.27890,0.01924,0.04753,0.02247,0.01689,0.05876,0.04529,0.35829,0.02455,0.02405,0.07838,0.02067,0.25125,0.01745,0.05188,0.00911,0.01613,0.02060,0.05081,0.41838,0.02825,0.02562,0.08984,-57.61,4.299,-1,0.0000,-1.00,0.0000,0
324057,1790788120799,0.01491,0.39813,0.03145,0.04234,0.02079,0.01338,0.08365,0.04061,0.26441,0.01336,0.01975,0.05722,0.00959,0.41608,0.03498,0.04660,0.01202,0.01413,0.01775,0.04173,0.30758,0.01363,0.02086,0.06505,-56.52,4.778,-1,0.0000,17.30,0.9598,1
324150,1790788120880,0.01351,0.36625,0.07569,0.06757,0.03385,0.01425,0.07686,0.05049,0.17560,0.02045,0.03068,0.07480,0.00768,0.40041,0.08641,0.07429,0.02331,0.01555,0.01272,0.04337,0.19394,0.02162,0.03367,0.08702,-56.94,4.395,-1,0.0000,-1.00,0.0000,0
324243,1790788121006,0.02077,0.20541,0.10257,0.10474,0.05108,0.01608,0.04381,0.07631,0.18935,0.01303,0.03181,0.14505,0.01152,0.20581,0.12088,0.11861,0.02721,0.01698,0.01170,0.06747,0.20337,0.01022,0.03475,0.17148,-58.90,2.465,-1,0.0000,-1.00,0.0000,0
324336,1790788121062,0.02018,0.27798,0.08076,0.09305,0.04700,0.01995,0.07672,0.06989,0.09760,0.01064,0.01765,0.18858,0.01046,0.31513,0.09447,0.10816,0.01266,0.02183,0.02886,0.06561,0.09414,0.01161,0.01682,0.22025,-58.95,3.336,-1,0.0000,-1.00,0.0000,0
324429,1790788121160,0.03972,0.30330,0.06789,0.03351,0.03090,0.02228,0.07029,0.15848,0.08379,0.02977,0.05936,0.10071,0.01265,0.34460,0.07479,0.02700,0.01367,0.02419,0.01468,0.17630,0.09496,0.03305,0.06633,0.11777,-58.32,3.640,-1,0.0000,-1.00,0.0000,0
324522,1790788121260,0.02805,0.15967,0.05295,0.04294,0.03522,0.02450,0.14108,0.10903,0.10558,0.01663,0.11017,0.17418,0.00595,0.17115,0.05974,0.02639,0.00609,0.02818,0.13392,0.12000,0.12128,0.01872,0.12642,0.18217,-58.65,2.090,-1,0.0000,-1.00,0.0000,0
324614,1790788121341,0.03778,0.17810,0.03211,0.06035,0.02938,0.02905,0.10559,0.16786,0.09479,0.02750,0.13295,0.10454,0.00643,0.19287,0.03234,0.04205,0.01383,0.03354,0.08800,0.19501,0.10451,0.03095,0.15266,0.10782,-58.77,2.137,-1,0.0000,-1.00,0.0000,0
324707,1790788121441,0.03895,0.18405,0.02740,0.04007,0.03898,0.02901,0.09073,0.14198,0.09368,0.04250,0.09579,0.17686,0.01385,0.19933,0.02302,0.02651,0.00742,0.03202,0.06920,0.16556,0.10699,0.04946,0.10843,0.19820,-58.66,2.209,-1,0.0000,-1.00,0.0000,0
324800,1790788121521,0.04936,0.20975,0.01460,0.02878,0.02143,0.03603,0.25268,0.09459,0.04229,0.02328,0.10259,0.12462,0.03715,0.24173,0.01220,0.01153,0.00609,0.03581,0.25485,0.11092,0.04839,0.02669,0.11582,0.09880,-58.29,3.032,-1,0.0000,-1.00,0.0000,0
324893,1790788121620,0.28908,0.04692,0.00517,0.06537,0.02245,0.05888,0.09098,0.11909,0.09163,0.01474,0.14229,0.05341,0.31663,0.03782,0.00340,0.04485,0.01797,0.00801,0.10152,0.14203,0.10091,0.01410,0.16891,0.04387,-57.97,3.469,-1,0.0000,-1.00,0.0000,0
324986,1790788121700,0.47640,0.03563,0.00645,0.05542,0.00952,0.09428,0.04706,0.08357,0.10508,0.00582,0.05847,0.02232,0.55115,0.01986,0.00666,0.05266,0.00816,0.00371,0.05194,0.09933,0.11547,0.00535,0.06932,0.01639,-57.38,5.717,-1,0.0000,-1.00,0.0000,0
325079,1790788121820,0.52550,0.02744,0.00660,0.04908,0.00781,0.10320,0.03059,0.07975,0.10002,0.00517,0.03924,0.02561,0.61100,0.01106,0.00686,0.04958,0.00463,0.00253,0.03446,0.09420,0.11002,0.00527,0.04651,0.02386,-57.03,6.306,-1,0.0000,-1.00,0.0000,0
325172,1790788121920,0.44426,0.02523,0.02081,0.05702,0.00367,0.08678,0.05512,0.10015,0.08971,0.00598,0.09171,0.01957,0.50957,0.01076,0.02360,0.04665,0.00228,0.00297,0.06391,0.11533,0.09824,0.00671,0.10930,0.01068,-57.60,5.331,-1,0.0000,-1.00,0.0000,0
325265,1790788122007,0.38306,0.01557,0.04090,0.07089,0.00715,0.07425,0.06347,0.10738,0.05198,0.00940,0.14915,0.02681,0.43539,0.00825,0.04697,0.04962,0.00514,0.00265,0.07440,0.11938,0.05245,0.01024,0.17819,0.01732,-58.10,4.597,-1,0.0000,-1.00,0.0000,0
325358,1790788122100,0.34840,0.04445,0.04803,0.05972,0.01230,0.06731,0.06853,0.12778,0.09653,0.00459,0.09992,0.02242,0.38869,0.03222,0.05694,0.04797,0.01226,0.00360,0.07150,0.14605,0.10614,0.00309,0.11902,0.01251,-57.93,4.181,-1,0.0000,-1.00,0.0000,0
325450,1790788122180,0.35429,0.03705,0.07027,0.04645,0.01392,0.06598,0.05982,0.18998,0.05612,0.00834,0.05100,0.04678,0.38253,0.03283,0.08253,0.04367,0.00812,0.00323,0.06432,0.21214,0.05859,0.00838,0.06047,0.04319,-58.46,4.251,-1,0.0000,-1.00,0.0000,0
325543,1790788122280,0.25186,0.05704,0.04531,0.04363,0.04393,0.03882,0.03385,0.30461,0.08113,0.00963,0.05880,0.03141,0.23104,0.05061,0.05354,0.03860,0.03976,0.00722,0.02803,0.35688,0.08945,0.00376,0.06902,0.03208,-59.41,3.655,-1,0.0000,-1.00,0.0000,0
325636,1790788122361,0.20486,0.07692,0.03720,0.05872,0.04214,0.04785,0.11465,0.13309,0.11846,0.01961,0.06412,0.08239,0.21521,0.06650,0.04132,0.05571,0.03581,0.01467,0.12420,0.15128,0.13089,0.01640,0.07392,0.07410,-59.47,2.458,-1,0.0000,-1.00,0.0000,0
325729,1790788122461,0.21863,0.02099,0.04983,0.07893,0.03193,0.04428,0.12574,0.15556,0.08973,0.02335,0.10485,0.05619,0.22725,0.00660,0.05525,0.07010,0.02781,0.01099,0.14915,0.17565,0.09362,0.02246,0.12346,0.03765,-58.78,2.624,-1,0.0000,-1.00,0.0000,0
325822,1790788122561,0.27630,0.01588,0.00804,0.07527,0.03775,0.05353,0.02975,0.12556,0.03959,0.01509,0.31349,0.00974,0.30160,0.01025,0.00779,0.01590,0.04420,0.00440,0.03361,0.14892,0.04429,0.00932,0.37476,0.00497,-57.68,3.762,-1,0.0000,-1.00,0.0000,0
325915,1790788122641,0.44757,0.01385,0.00335,0.03066,0.02394,0.08270,0.00922,0.18413,0.05788,0.00659,0.13404,0.00607,0.49269,0.00304,0.00353,0.00496,0.02765,0.00142,0.01041,0.21996,0.06838,0.00241,0.16033,0.00521,-56.78,5.371,-1,0.0000,-1.00,0.0000,0
326008,1790788122740,0.57380,0.00976,0.00153,0.01401,0.00881,0.10773,0.00458,0.17781,0.04045,0.00276,0.05539,0.00337,0.64538,0.00223,0.00156,0.00368,0.00996,0.00115,0.00505,0.21275,0.04773,0.00133,0.06614,0.00304,-56.41,6.886,-1,0.0000,-1.00,0.0000,0
326101,1790788122820,0.54241,0.00805,0.00165,0.03038,0.00328,0.10360,0.01051,0.13038,0.03239,0.00190,0.13128,0.00417,0.61903,0.00216,0.00166,0.00527,0.00342,0.00142,0.01217,0.15590,0.03776,0.00160,0.15702,0.00259,-56.25,6.509,-1,0.0000,-1.00,0.0000,0
326193,1790788122920,0.30775,0.01199,0.00136,0.08747,0.00529,0.05772,0.01646,0.10484,0.04960,0.00275,0.34790,0.00687,0.34378,0.00356,0.00119,0.02221,0.00545,0.00102,0.01895,0.12546,0.05503,0.00221,0.41666,0.00447,-55.53,4.175,-1,0.0000,-1.00,0.0000,0
326286,1790788123006,0.32512,0.02800,0.00229,0.07301,0.02000,0.06181,0.01330,0.08514,0.13302,0.00560,0.24834,0.00435,0.36943,0.00308,0.00234,0.02853,0.02346,0.00090,0.01524,0.10164,0.15373,0.00206,0.29739,0.00220,-55.65,3.901,-1,0.0000,-1.00,0.0000,0
326379,1790788123123,0.38843,0.03700,0.01212,0.04359,0.04057,0.07687,0.00624,0.07683,0.17965,0.01123,0.12361,0.00386,0.44772,0.00258,0.01374,0.02300,0.04797,0.00336,0.00690,0.08940,0.21066,0.00399,0.14745,0.00324,-56.38,4.661,-1,0.0000,-1.00,0.0000,0
326472,1790788123220,0.51927,0.01528,0.01186,0.04162,0.02814,0.10776,0.02089,0.08678,0.06943,0.00683,0.07953,0.01260,0.60214,0.00305,0.01383,0.03136,0.03168,0.00975,0.02443,0.10124,0.07698,0.00191,0.09336,0.01025,-56.50,6.231,-1,0.0000,-1.00,0.0000,0
326565,1790788123301,0.33803,0.03952,0.00646,0.05804,0.01422,0.06550,0.12194,0.08667,0.19548,0.00483,0.04210,0.02722,0.38473,0.00327,0.00723,0.05963,0.01628,0.00222,0.14546,0.10242,0.22238,0.00258,0.05001,0.00378,-57.07,4.056,-1,0.0000,-1.00,0.0000,0
326658,1790788123400,0.36799,0.03658,0.00526,0.12086,0.02254,0.08141,0.01125,0.08818,0.20052,0.01797,0.03482,0.01262,0.42011,0.00159,0.00300,0.13711,0.02452,0.01426,0.01315,0.10509,0.21309,0.01667,0.03890,0.01252,-57.63,4.416,-1,0.0000,-1.00,0.0000,0
326751,1790788123507,0.38514,0.03485,0.00476,0.16296,0.00730,0.13901,0.00828,0.03291,0.11955,0.01258,0.07210,0.02058,0.45378,0.02048,0.00287,0.18115,0.00409,0.07661,0.00586,0.03886,0.10734,0.01426,0.07121,0.02349,-57.57,4.622,-1,0.0000,-1.00,0.0000,0
326844,1790788123581,0.27629,0.05907,0.00921,0.06480,0.01565,0.21014,0.01377,0.05922,0.15085,0.01615,0.08861,0.03624,0.31729,0.03747,0.00761,0.06402,0.01050,0.18890,0.00907,0.06945,0.16806,0.01728,0.06873,0.04163,-58.09,3.315,-1,0.0000,-1.00,0.0000,0
326936,1790788123661,0.21114,0.04676,0.00863,0.09397,0.01384,0.24095,0.00780,0.05719,0.15184,0.01546,0.10896,0.04345,0.23942,0.02401,0.00692,0.09620,0.00644,0.24126,0.00458,0.06715,0.16284,0.01728,0.08274,0.05116,-58.84,2.891,-1,0.0000,-1.00,0.0000,0
327029,1790788123760,0.08632,0.03966,0.01776,0.23575,0.01641,0.18902,0.01028,0.06193,0.13424,0.03182,0.11440,0.06241,0.08930,0.02600,0.01392,0.26352,0.00512,0.20878,0.00715,0.07146,0.10856,0.03716,0.09569,0.07334,-58.91,2.829,-1,0.0000,-1.00,0.0000,0
327122,1790788123860,0.08218,0.03624,0.00993,0.29813,0.01426,0.17367,0.00841,0.04742,0.11232,0.03507,0.12393,0.05844,0.08709,0.03015,0.00370,0.33529,0.00336,0.19084,0.00387,0.05631,0.06808,0.04139,0.11066,0.06926,-59.03,3.578,-1,0.0000,-1.00,0.0000,0
327215,1790788123941,0.15667,0.03459,0.01877,0.26610,0.01924,0.10374,0.00738,0.05370,0.13811,0.05538,0.06865,0.07766,0.17534,0.02067,0.00953,0.30606,0.00479,0.08955,0.00475,0.06246,0.10481,0.06541,0.06450,0.09212,-58.20,3.193,-1,0.0000,-1.00,0.0000,0
327308,1790788124041,0.30580,0.03753,0.02078,0.06403,0.02544,0.11146,0.00994,0.09065,0.11885,0.03362,0.08229,0.09961,0.34557,0.01909,0.01720,0.05973,0.00714,0.06506,0.00813,0.10521,0.13057,0.03887,0.08570,0.11775,-57.03,3.670,-1,0.0000,-1.00,0.0000,0
327401,1790788124121,0.29225,0.04941,0.02676,0.11090,0.01749,0.12767,0.01870,0.06840,0.05851,0.05163,0.13043,0.04785,0.33474,0.04946,0.02018,0.10531,0.01009,0.08663,0.01260,0.07796,0.04918,0.05992,0.13911,0.05483,-57.03,3.507,-1,0.0000,-1.00,0.0000,0
327494,1790788124220,0.38518,0.02940,0.01528,0.12833,0.01545,0.14930,0.01930,0.04718,0.04626,0.03794,0.08181,0.04454,0.45070,0.02966,0.00963,0.13786,0.00861,0.08956,0.01722,0.05466,0.02810,0.04376,0.08028,0.04995,-56.78,4.622,-1,0.0000,-1.00,0.0000,0
327587,1790788124301,0.39871,0.02909,0.01817,0.09775,0.02043,0.14949,0.01982,0.02950,0.05711,0.08718,0.05905,0.03370,0.47088,0.02549,0.00173,0.10647,0.01723,0.08578,0.01869,0.03501,0.04726,0.10110,0.05376,0.03659,-56.55,4.784,-1,0.0000,-1.00,0.0000,0
327679,1790788124422,0.34417,0.04094,0.02947,0.05934,0.03967,0.12873,0.02549,0.03439,0.02279,0.14685,0.09325,0.03491,0.40424,0.04589,0.00179,0.05188,0.03968,0.07450,0.02112,0.04117,0.01602,0.16910,0.09697,0.03764,-56.73,4.130,-1,0.0000,-1.00,0.0000,0
