t_audio_ms,t_wall_ms,displayed,passage,showPassage,best,second,rBest,rDisplayed,rSecond,confidence,nearby,challenge,challengeProgress,event,evidenceSeconds,songSeconds,passageSeconds,labelChanges,songMature,config
185,1790795108253,,,0,G Menor,G Maior,0.6313,0.0000,0.6191,0.0488,"G Maior;C Menor;D Menor",,0.00,,0.00,0.07,0.07,0,0,"v2;w20;harm;aar;song60;far12;near45;tol0.8;floor0.25;drain0.5;bass0.25"
650,1790795108753,,,0,D Menor,A Menor,0.8094,0.0000,0.6685,0.5636,"A Menor;D Maior;G Maior",,0.00,,0.00,0.54,0.54,0,0,"v2;w20;harm;aar;song60;far12;near45;tol0.8;floor0.25;drain0.5;bass0.25"
1207,1790795109254,,,0,D Menor,A Menor,0.7667,0.0000,0.6404,0.5051,"A Menor;D Maior;F Maior",,0.00,,0.00,1.09,1.09,0,0,"v2;w20;harm;aar;song60;far12;near45;tol0.8;floor0.25;drain0.5;bass0.25"
1671,1790795109753,,,0,D Menor,A Menor,0.7534,0.0000,0.6253,0.5125,"A Menor;D Maior;F Maior",,0.00,,0.00,1.55,1.55,0,0,"v2;w20;harm;aar;song60;far12;near45;tol0.8;floor0.25;drain0.5;bass0.25"
2229,1790795110253,D Menor,D Menor,0,D Menor,A Menor,0.8045,0.8045,0.6189,0.7423,"A Menor;F Maior;D Maior",,0.00,,0.00,2.12,2.12,0,0,"v2;w20;harm;aar;song60;far12;near45;tol0.8;floor0.25;drain0.5;bass0.25"
2693,1790795110753,D Menor,D Menor,0,D Menor,F Maior,0.8277,0.8277,0.5927,0.9400,"F Maior;A Menor;D Maior",,0.00,,0.00,2.60,2.60,0,0,"v2;w20;harm;aar;song60;far12;near45;tol0.8;floor0.25;drain0.5;bass0.25"
3157,1790795111254,D Menor,D Menor,0,D Menor,F Maior,0.8547,0.8547,0.6288,0.9037,"F Maior;A Menor;C Maior",,0.00,,0.00,3.04,3.04,0,0,"v2;w20;harm;aar;song60;far12;near45;tol0.8;floor0.25;drain0.5;bass0.25"
3715,1790795111755,D Menor,D Menor,0,D Menor,F Maior,0.8519,0.8519,0.6684,0.7340,"F Maior;A Menor;C Maior",,0.00,,0.00,3.60,3.60,0,0,"v2;w20;harm;aar;song60;far12;near45;tol0.8;floor0.25;drain0.5;bass0.25"
4179,1790795112254,D Menor,D Menor,0,D Menor,F Maior,0.8234,0.8234,0.6589,0.6581,"F Maior;A Menor;D Maior",,0.00,,0.00,4.08,4.08,0,0,"v2;w20;harm;aar;song60;far12;near45;tol0.8;floor0.25;drain0.5;bass0.25"
4736,1790795112753,D Menor,D Menor,0,D Menor,F Maior,0.7975,0.7975,0.6554,0.5685,"F Maior;A Menor;D Maior",,0.00,,0.00,4.61,4.61,0,0,"v2;w20;harm;aar;song60;far12;near45;tol0.8;floor0.25;drain0.5;bass0.25"
5201,1790795113255,D Menor,D Menor,0,D Menor,F Maior,0.7702,0.7702,0.6377,0.5300,"F Maior;A Menor;D Maior",,0.00,,0.00,5.10,5.10,0,0,"v2;w20;harm;aar;song60;far12;near45;tol0.8;floor0.25;drain0.5;bass0.25"
5665,1790795113754,D Menor,D Menor,0,D Menor,F Maior,0.7562,0.7562,0.6315,0.4987,"F Maior;A Menor;D Maior",,0.00,,0.00,5.56,5.56,0,0,"v2;w20;harm;aar;song60;far12;near45;tol0.8;floor0.25;drain0.5;bass0.25"
6222,1790795114254,D Menor,D Menor,0,D Menor,F Maior,0.7736,0.7736,0.6568,0.4670,"F Maior;A Menor;D Maior",,0.00,,0.00,6.09,6.09,0,0,"v2;w20;harm;aar;song60;far12;near45;tol0.8;floor0.25;drain0.5;bass0.25"
6687,1790795114754,D Menor,D Menor,0,D Menor,F Maior,0.7941,0.7941,0.6725,0.4864,"F Maior;A Menor;D Maior",,0.00,,0.00,6.58,6.58,0,0,"v2;w20;harm;aar;song60;far12;near45;tol0.8;floor0.25;drain0.5;bass0.25"
7151,1790795115254,D Menor,D Menor,0,D Menor,F Maior,0.8005,0.8005,0.6881,0.4496,"F Maior;A Menor;G Menor",,0.00,,0.00,7.04,7.04,0,0,"v2;w20;harm;aar;song60;far12;near45;tol0.8;floor0.25;drain0.5;bass0.25"
7709,1790795115754,D Menor,D Menor,0,D Menor,F Maior,0.7826,0.7826,0.7014,0.3247,"F Maior;G Menor;A Menor",,0.00,,0.00,7.59,7.59,0,0,"v2;w20;harm;aar;song60;far12;near45;tol0.8;floor0.25;drain0.5;bass0.25"
8173,1790795116254,D Menor,D Menor,0,D Menor,F Maior,0.7409,0.7409,0.6973,0.1743,"F Maior;G Menor;A Menor",,0.00,,0.00,8.05,8.05,0,0,"v2;w20;harm;aar;song60;far12;near45;tol0.8;floor0.25;drain0.5;bass0.25"
8730,1790795116755,D Menor,D Menor,0,F Maior,F Maior,0.6768,0.0000,0.6768,0.0000,"F Maior;G Menor;Bb Maior",,0.00,,0.00,8.62,8.62,0,0,"v2;w20;harm;aar;song60;far12;near45;tol0.8;floor0.25;drain0.5;bass0.25"
9195,1790795117254,D Menor,D Menor,0,F Maior,F Maior,0.6584,0.0000,0.6584,0.0000,"F Maior;G Menor;Bb Maior",,0.00,,0.00,9.10,9.10,0,0,"v2;w20;harm;aar;song60;far12;near45;tol0.8;floor0.25;drain0.5;bass0.25"
9659,1790795117755,D Menor,D Menor,0,F Maior,F Maior,0.6661,0.0000,0.6661,0.0000,"F Maior;G Menor;Bb Maior",,0.00,,0.00,9.54,9.54,0,0,"v2;w20;harm;aar;song60;far12;near45;tol0.8;floor0.25;drain0.5;bass0.25"
10216,1790795118254,D Menor,D Menor,0,F Maior,F Maior,0.6677,0.0000,0.6677,0.0000,"F Maior;G Menor;Bb Maior",,0.00,,0.00,10.12,10.12,0,0,"v2;w20;harm;aar;song60;far12;near45;tol0.8;floor0.25;drain0.5;bass0.25"
10681,1790795118754,D Menor,D Menor,0,G Menor,G Menor,0.6876,0.0000,0.6876,0.0000,"G Menor;F Maior;Bb Maior",,0.00,,0.00,10.58,10.58,0,0,"v2;w20;harm;aar;song60;far12;near45;tol0.8;floor0.25;drain0.5;bass0.25"
11238,1790795119255,D Menor,D Menor,0,G Menor,G Menor,0.6939,0.0000,0.6939,0.0000,"G Menor;F Maior;Bb Maior",,0.00,,0.00,11.12,11.12,0,0,"v2;w20;harm;aar;song60;far12;near45;tol0.8;floor0.25;drain0.5;bass0.25"
11702,1790795119753,D Menor,D Menor,0,G Menor,G Menor,0.6882,0.0000,0.6882,0.0000,"G Menor;F Maior;Bb Maior",,0.00,,0.00,11.59,11.59,0,0,"v2;w20;harm;aar;song60;far12;near45;tol0.8;floor0.25;drain0.5;bass0.25"
12167,1790795120255,D Menor,D Menor,0,G Menor,G Menor,0.6778,0.0000,0.6778,0.0000,"G Menor;F Maior;Bb Maior",,0.00,,0.00,12.06,12.06,0,0,"v2;w20;harm;aar;song60;far12;near45;tol0.8;floor0.25;drain0.5;bass0.25"
12724,1790795120755,D Menor,D Menor,0,G Menor,G Menor,0.7139,0.0000,0.7139,0.0000,"G Menor;F Maior;Bb Maior",,0.00,,0.00,12.62,12.62,0,0,"v2;w20;harm;aar;song60;far12;near45;tol0.8;floor0.25;drain0.5;bass0.25"
13188,1790795121255,D Menor,D Menor,0,G Menor,G Menor,0.7353,0.0000,0.7353,0.0000,"G Menor;F Maior;Bb Maior",,0.00,,0.00,13.08,13.08,0,0,"v2;w20;harm;aar;song60;far12;near45;tol0.8;floor0.25;drain0.5;bass0.25"
13653,1790795121754,D Menor,D Menor,0,G Menor,G Menor,0.7642,0.0000,0.7642,0.0000,"G Menor;F Maior;Eb Maior",,0.00,,0.00,13.53,13.53,0,0,"v2;w20;harm;aar;song60;far12;near45;tol0.8;floor0.25;drain0.5;bass0.25"
14210,1790795122255,D Menor,D Menor,0,G Menor,G Menor,0.7887,0.0000,0.7887,0.0000,"G Menor;F Maior;Eb Maior",,0.00,,0.00,14.10,14.10,0,0,"v2;w20;harm;aar;song60;far12;near45;tol0.8;floor0.25;drain0.5;bass0.25"
14675,1790795122755,D Menor,D Menor,0,G Menor,G Menor,0.8063,0.0000,0.8063,0.0000,"G Menor;F Maior;Eb Maior",,0.00,,0.00,14.56,14.56,0,0,"v2;w20;harm;aar;song60;far12;near45;tol0.8;floor0.25;drain0.5;bass0.25"
15232,1790795123254,D Menor,D Menor,0,G Menor,G Menor,0.8129,0.0000,0.8129,0.0000,"G Menor;F Maior;Eb Maior",,0.00,,0.00,15.12,15.12,0,0,"v2;w20;harm;aar;song60;far12;near45;tol0.8;floor0.25;drain0.5;bass0.25"
15696,1790795123755,D Menor,D Menor,0,G Menor,G Menor,0.8127,0.0000,0.8127,0.0000,"G Menor;F Maior;Eb Maior",,0.00,,0.00,15.60,15.60,0,0,"v2;w20;harm;aar;song60;far12;near45;tol0.8;floor0.25;drain0.5;bass0.25"
16161,1790795124255,G Menor,G Menor,0,G Menor,F Maior,0.8096,0.8096,0.6981,0.4459,"F Maior;D Menor;C Maior",,0.00,,0.00,16.04,16.04,1,0,"v2;w20;harm;aar;song60;far12;near45;tol0.8;floor0.25;drain0.5;bass0.25"
16718,1790795124755,G Menor,G Menor,0,G Menor,F Maior,0.8016,0.8016,0.7050,0.3865,"F Maior;D Menor;C Maior",,0.00,,0.00,16.62,16.62,1,0,"v2;w20;harm;aar;song60;far12;near45;tol0.8;floor0.25;drain0.5;bass0.25"
17182,1790795125255,G Menor,G Menor,0,G Menor,F Maior,0.8015,0.8015,0.7186,0.3316,"F Maior;D Menor;C Maior",,0.00,,0.00,17.08,17.08,1,0,"v2;w20;harm;aar;song60;far12;near45;tol0.8;floor0.25;drain0.5;bass0.25"
17740,1790795125754,G Menor,G Menor,0,G Menor,F Maior,0.8081,0.8081,0.7411,0.2680,"F Maior;D Menor;C Maior",,0.00,,0.00,17.62,17.62,1,0,"v2;w20;harm;aar;song60;far12;near45;tol0.8;floor0.25;drain0.5;bass0.25"
18204,1790795126256,G Menor,G Menor,0,G Menor,F Maior,0.7965,0.7965,0.7340,0.2502,"F Maior;D Menor;C Maior",,0.00,,0.00,18.10,18.10,1,0,"v2;w20;harm;aar;song60;far12;near45;tol0.8;floor0.25;drain0.5;bass0.25"
18668,1790795126756,G Menor,G Menor,0,G Menor,F Maior,0.8132,0.8132,0.7595,0.2148,"F Maior;D Menor;C Maior",,0.00,,0.00,18.56,18.56,1,0,"v2;w20;harm;aar;song60;far12;near45;tol0.8;floor0.25;drain0.5;bass0.25"
19226,1790795127256,G Menor,G Menor,0,G Menor,F Maior,0.8325,0.8325,0.7608,0.2867,"F Maior;D Menor;C Maior",,0.00,,0.00,19.12,19.12,1,0,"v2;w20;harm;aar;song60;far12;near45;tol0.8;floor0.25;drain0.5;bass0.25"
19690,1790795127755,G Menor,G Menor,0,G Menor,F Maior,0.8365,0.8365,0.7737,0.2513,"F Maior;D Menor;C Maior",,0.00,,0.00,19.57,19.57,1,0,"v2;w20;harm;aar;song60;far12;near45;tol0.8;floor0.25;drain0.5;bass0.25"
20154,1790795128256,G Menor,G Menor,0,G Menor,F Maior,0.8446,0.8446,0.8062,0.1537,"F Maior;C Maior;D Menor",,0.00,,0.00,20.04,20.04,1,0,"v2;w20;harm;aar;song60;far12;near45;tol0.8;floor0.25;drain0.5;bass0.25"
20712,1790795128757,G Menor,G Menor,0,G Menor,F Maior,0.8589,0.8589,0.8231,0.1433,"F Maior;C Maior;D Menor",,0.00,,0.00,20.60,20.60,1,0,"v2;w20;harm;aar;song60;far12;near45;tol0.8;floor0.25;drain0.5;bass0.25"
21176,1790795129256,G Menor,G Menor,0,G Menor,F Maior,0.8623,0.8623,0.8368,0.1019,"F Maior;C Maior;D Menor",,0.00,,0.00,21.05,21.05,1,0,"v2;w20;harm;aar;song60;far12;near45;tol0.8;floor0.25;drain0.5;bass0.25"
21640,1790795129755,G Menor,G Menor,0,G Menor,F Maior,0.8643,0.8643,0.8457,0.0746,"F Maior;C Maior;D Menor",,0.00,,0.00,21.51,21.51,1,0,"v2;w20;harm;aar;song60;far12;near45;tol0.8;floor0.25;drain0.5;bass0.25"
22198,1790795130256,G Menor,G Menor,0,F Maior,F Maior,0.8649,0.0000,0.8649,0.0000,"F Maior;C Maior;D Menor",,0.00,,0.00,22.10,22.10,1,0,"v2;w20;harm;aar;song60;far12;near45;tol0.8;floor0.25;drain0.5;bass0.25"
22662,1790795130756,G Menor,G Menor,0,F Maior,F Maior,0.8675,0.0000,0.8675,0.0000,"F Maior;C Maior;D Menor",,0.00,,0.00,22.54,22.54,1,0,"v2;w20;harm;aar;song60;far12;near45;tol0.8;floor0.25;drain0.5;bass0.25"
23219,1790795131256,G Menor,G Menor,0,F Maior,F Maior,0.8756,0.0000,0.8756,0.0000,"F Maior;C Maior;D Menor",,0.00,,0.00,23.12,23.12,1,0,"v2;w20;harm;aar;song60;far12;near45;tol0.8;floor0.25;drain0.5;bass0.25"
23684,1790795131756,G Menor,G Menor,0,F Maior,F Maior,0.8808,0.0000,0.8808,0.0000,"F Maior;C Maior;D Menor",,0.00,,0.00,23.58,23.58,1,0,"v2;w20;harm;aar;song60;far12;near45;tol0.8;floor0.25;drain0.5;bass0.25"
24148,1790795132254,G Menor,G Menor,0,F Maior,F Maior,0.8855,0.0000,0.8855,0.0000,"F Maior;C Maior;D Menor",,0.00,,0.00,24.04,24.04,1,0,"v2;w20;harm;aar;song60;far12;near45;tol0.8;floor0.25;drain0.5;bass0.25"
24706,1790795132755,G Menor,G Menor,0,F Maior,F Maior,0.8914,0.0000,0.8914,0.0000,"F Maior;C Maior;D Menor",,0.00,,0.00,24.59,24.59,1,0,"v2;w20;harm;aar;song60;far12;near45;tol0.8;floor0.25;drain0.5;bass0.25"
25170,1790795133256,G Menor,G Menor,0,F Maior,F Maior,0.8981,0.0000,0.8981,0.0000,"F Maior;C Maior;D Menor",,0.00,,0.00,25.06,25.06,1,0,"v2;w20;harm;aar;song60;far12;near45;tol0.8;floor0.25;drain0.5;bass0.25"
25727,1790795133755,G Menor,G Menor,0,F Maior,F Maior,0.9044,0.0000,0.9044,0.0000,"F Maior;D Menor;C Maior",,0.00,,0.00,25.62,25.62,1,0,"v2;w20;harm;aar;song60;far12;near45;tol0.8;floor0.25;drain0.5;bass0.25"
26192,1790795134255,G Menor,G Menor,0,F Maior,F Maior,0.9072,0.0000,0.9072,0.0000,"F Maior;D Menor;C Maior",,0.00,,0.00,26.08,26.08,1,0,"v2;w20;harm;aar;song60;far12;near45;tol0.8;floor0.25;drain0.5;bass0.25"
26656,1790795134755,G Menor,G Menor,0,F Maior,F Maior,0.9059,0.0000,0.9059,0.0000,"F Maior;D Menor;C Maior",,0.00,,0.00,26.54,26.54,1,0,"v2;w20;harm;aar;song60;far12;near45;tol0.8;floor0.25;drain0.5;bass0.25"
27213,1790795135256,G Menor,G Menor,0,F Maior,F Maior,0.9012,0.0000,0.9012,0.0000,"F Maior;D Menor;C Maior",,0.00,,0.00,27.09,27.09,1,0,"v2;w20;harm;aar;song60;far12;near45;tol0.8;floor0.25;drain0.5;bass0.25"
27678,1790795135755,G Menor,G Menor,0,F Maior,F Maior,0.8986,0.0000,0.8986,0.0000,"F Maior;D Menor;C Maior",,0.00,,0.00,27.55,27.55,1,0,"v2;w20;harm;aar;song60;far12;near45;tol0.8;floor0.25;drain0.5;bass0.25"
28142,1790795136255,G Menor,G Menor,0,F Maior,F Maior,0.8922,0.0000,0.8922,0.0000,"F Maior;D Menor;C Maior",,0.00,,0.00,28.04,28.04,1,0,"v2;w20;harm;aar;song60;far12;near45;tol0.8;floor0.25;drain0.5;bass0.25"
28699,1790795136755,G Menor,G Menor,0,G Menor,F Maior,0.8929,0.8929,0.8820,0.0435,"F Maior;D Menor;C Maior",,0.00,,0.00,28.60,28.60,1,0,"v2;w20;harm;aar;song60;far12;near45;tol0.8;floor0.25;drain0.5;bass0.25"
29164,1790795137256,G Menor,G Menor,0,G Menor,F Maior,0.8958,0.8958,0.8696,0.1046,"F Maior;D Menor;C Maior",,0.00,,0.00,29.04,29.04,1,0,"v2;w20;harm;aar;song60;far12;near45;tol0.8;floor0.25;drain0.5;bass0.25"
29721,1790795137756,G Menor,G Menor,0,G Menor,F Maior,0.8956,0.8956,0.8676,0.1118,"F Maior;D Menor;Bb Maior",,0.00,,0.00,29.62,29.62,1,0,"v2;w20;harm;aar;song60;far12;near45;tol0.8;floor0.25;drain0.5;bass0.25"
30185,1790795138255,G Menor,G Menor,0,G Menor,F Maior,0.8950,0.8950,0.8609,0.1363,"F Maior;D Menor;Bb Maior",,0.00,,0.00,30.08,30.08,1,1,"v2;w20;harm;aar;song60;far12;near45;tol0.8;floor0.25;drain0.5;bass0.25"
30650,1790795138756,G Menor,G Menor,0,G Menor,F Maior,0.8951,0.8951,0.8544,0.1630,"F Maior;D Menor;Bb Maior",,0.00,,0.00,30.56,30.56,1,1,"v2;w20;harm;aar;song60;far12;near45;tol0.8;floor0.25;drain0.5;bass0.25"
31207,1790795139256,G Menor,G Menor,0,G Menor,F Maior,0.8963,0.8963,0.8435,0.2111,"F Maior;D Menor;Bb Maior",,0.00,,0.00,31.09,31.09,1,1,"v2;w20;harm;aar;song60;far12;near45;tol0.8;floor0.25;drain0.5;bass0.25"
31672,1790795139753,G Menor,G Menor,0,G Menor,F Maior,0.8932,0.8932,0.8269,0.2652,"F Maior;Bb Maior;D Menor",,0.00,,0.00,31.56,31.56,1,1,"v2;w20;harm;aar;song60;far12;near45;tol0.8;floor0.25;drain0.5;bass0.25"
32229,1790795140255,G Menor,G Menor,0,G Menor,F Maior,0.8885,0.8885,0.8111,0.3096,"F Maior;Bb Maior;Eb Maior",,0.00,,0.00,32.12,32.12,1,1,"v2;w20;harm;aar;song60;far12;near45;tol0.8;floor0.25;drain0.5;bass0.25"
32693,1790795140754,G Menor,G Menor,0,G Menor,F Maior,0.8846,0.8846,0.7984,0.3450,"F Maior;Bb Maior;Eb Maior",,0.00,,0.00,32.57,32.57,1,1,"v2;w20;harm;aar;song60;far12;near45;tol0.8;floor0.25;drain0.5;bass0.25"
33158,1790795141253,G Menor,G Menor,0,G Menor,F Maior,0.8792,0.8792,0.7837,0.3818,"F Maior;Bb Maior;Eb Maior",,0.00,,0.00,33.04,33.04,1,1,"v2;w20;harm;aar;song60;far12;near45;tol0.8;floor0.25;drain0.5;bass0.25"
33715,1790795141756,G Menor,G Menor,0,G Menor,F Maior,0.8765,0.8765,0.7787,0.3909,"F Maior;Bb Maior;Eb Maior",,0.00,,0.00,33.60,33.60,1,1,"v2;w20;harm;aar;song60;far12;near45;tol0.8;floor0.25;drain0.5;bass0.25"
34179,1790795142256,G Menor,G Menor,0,G Menor,F Maior,0.8742,0.8742,0.7717,0.4101,"F Maior;Eb Maior;Bb Maior",,0.00,,0.00,34.06,34.06,1,1,"v2;w20;harm;aar;song60;far12;near45;tol0.8;floor0.25;drain0.5;bass0.25"
34644,1790795142755,G Menor,G Menor,0,G Menor,F Maior,0.8744,0.8744,0.7683,0.4242,"F Maior;Eb Maior;Bb Maior",,0.00,,0.00,34.53,34.53,1,1,"v2;w20;harm;aar;song60;far12;near45;tol0.8;floor0.25;drain0.5;bass0.25"
35201,1790795143256,G Menor,G Menor,0,G Menor,F Maior,0.8675,0.8675,0.7513,0.4649,"F Maior;Eb Maior;Bb Maior",,0.00,,0.00,35.10,35.10,1,1,"v2;w20;harm;aar;song60;far12;near45;tol0.8;floor0.25;drain0.5;bass0.25"
35665,1790795143755,G Menor,G Menor,0,G Menor,F Maior,0.8587,0.8587,0.7329,0.5034,"F Maior;Eb Maior;Bb Maior",,0.00,,0.00,35.53,35.53,1,1,"v2;w20;harm;aar;song60;far12;near45;tol0.8;floor0.25;drain0.5;bass0.25"
36223,1790795144255,G Menor,G Menor,0,G Menor,F Maior,0.8594,0.8594,0.7343,0.5004,"F Maior;Eb Maior;Bb Maior",,0.00,,0.00,36.12,36.12,1,1,"v2;w20;harm;aar;song60;far12;near45;tol0.8;floor0.25;drain0.5;bass0.25"
36687,1790795144756,G Menor,G Menor,0,G Menor,F Maior,0.8609,0.8609,0.7303,0.5225,"F Maior;Eb Maior;Bb Maior",,0.00,,0.00,36.58,36.58,1,1,"v2;w20;harm;aar;song60;far12;near45;tol0.8;floor0.25;drain0.5;bass0.25"
37151,1790795145256,G Menor,G Menor,0,G Menor,F Maior,0.8705,0.8705,0.7309,0.5585,"F Maior;Bb Maior;Eb Maior",,0.00,,0.00,37.05,37.05,1,1,"v2;w20;harm;aar;song60;far12;near45;tol0.8;floor0.25;drain0.5;bass0.25"
37709,1790795145756,G Menor,G Menor,0,G Menor,F Maior,0.8752,0.8752,0.7418,0.5336,"F Maior;Bb Maior;Eb Maior",,0.00,,0.00,37.60,37.60,1,1,"v2;w20;harm;aar;song60;far12;near45;tol0.8;floor0.25;drain0.5;bass0.25"
38173,1790795146255,G Menor,G Menor,0,G Menor,F Maior,0.8812,0.8812,0.7527,0.5139,"F Maior;Bb Maior;Eb Maior",,0.00,,0.00,38.06,38.06,1,1,"v2;w20;harm;aar;song60;far12;near45;tol0.8;floor0.25;drain0.5;bass0.25"
38730,1790795146755,G Menor,G Menor,0,G Menor,F Maior,0.8818,0.8818,0.7721,0.4390,"F Maior;Bb Maior;Eb Maior",,0.00,,0.00,38.62,38.62,1,1,"v2;w20;harm;aar;song60;far12;near45;tol0.8;floor0.25;drain0.5;bass0.25"
39195,1790795147255,G Menor,G Menor,0,G Menor,F Maior,0.8807,0.8807,0.7853,0.3817,"F Maior;Bb Maior;Eb Maior",,0.00,,0.00,39.08,39.08,1,1,"v2;w20;harm;aar;song60;far12;near45;tol0.8;floor0.25;drain0.5;bass0.25"
39659,1790795147755,G Menor,G Menor,0,G Menor,F Maior,0.8901,0.8901,0.7886,0.4061,"F Maior;Bb Maior;Eb Maior",,0.00,,0.00,39.56,39.56,1,1,"v2;w20;harm;aar;song60;far12;near45;tol0.8;floor0.25;drain0.5;bass0.25"
40216,1790795148256,G Menor,G Menor,0,G Menor,F Maior,0.8956,0.8956,0.7946,0.4038,"F Maior;Bb Maior;Eb Maior",,0.00,,0.00,40.09,40.09,1,1,"v2;w20;harm;aar;song60;far12;near45;tol0.8;floor0.25;drain0.5;bass0.25"
40681,1790795148756,G Menor,G Menor,0,G Menor,F Maior,0.8995,0.8995,0.7987,0.4031,"F Maior;Bb Maior;Eb Maior",,0.00,,0.00,40.55,40.55,1,1,"v2;w20;harm;aar;song60;far12;near45;tol0.8;floor0.25;drain0.5;bass0.25"
41145,1790795149256,G Menor,G Menor,0,G Menor,F Maior,0.8986,0.8986,0.8045,0.3764,"F Maior;Bb Maior;Eb Maior",,0.00,,0.00,41.04,41.04,1,1,"v2;w20;harm;aar;song60;far12;near45;tol0.8;floor0.25;drain0.5;bass0.25"
41703,1790795149756,G Menor,G Menor,0,G Menor,F Maior,0.8964,0.8964,0.8106,0.3433,"F Maior;Bb Maior;Eb Maior",,0.00,,0.00,41.60,41.60,1,1,"v2;w20;harm;aar;song60;far12;near45;tol0.8;floor0.25;drain0.5;bass0.25"
42167,1790795150256,G Menor,G Menor,0,G Menor,F Maior,0.8958,0.8958,0.8139,0.3276,"F Maior;Bb Maior;Eb Maior",,0.00,,0.00,42.06,42.06,1,1,"v2;w20;harm;aar;song60;far12;near45;tol0.8;floor0.25;drain0.5;bass0.25"
42724,1790795150756,G Menor,G Menor,0,G Menor,F Maior,0.8949,0.8949,0.8161,0.3150,"F Maior;Bb Maior;Eb Maior",,0.00,,0.00,42.62,42.62,1,1,"v2;w20;harm;aar;song60;far12;near45;tol0.8;floor0.25;drain0.5;bass0.25"
43189,1790795151256,G Menor,G Menor,0,G Menor,F Maior,0.8948,0.8948,0.8187,0.3045,"F Maior;Bb Maior;Eb Maior",,0.00,,0.00,43.08,43.08,1,1,"v2;w20;harm;aar;song60;far12;near45;tol0.8;floor0.25;drain0.5;bass0.25"
43653,1790795151756,G Menor,G Menor,0,G Menor,F Maior,0.8989,0.8989,0.8202,0.3149,"F Maior;Bb Maior;C Menor",,0.00,,0.00,43.55,43.55,1,1,"v2;w20;harm;aar;song60;far12;near45;tol0.8;floor0.25;drain0.5;bass0.25"
44210,1790795152256,G Menor,G Menor,0,G Menor,F Maior,0.9031,0.9031,0.8225,0.3223,"F Maior;Bb Maior;C Menor",,0.00,,0.00,44.09,44.09,1,1,"v2;w20;harm;aar;song60;far12;near45;tol0.8;floor0.25;drain0.5;bass0.25"
44675,1790795152755,G Menor,G Menor,0,G Menor,F Maior,0.9005,0.9005,0.8294,0.2844,"F Maior;Bb Maior;C Menor",,0.00,,0.00,44.56,44.56,1,1,"v2;w20;harm;aar;song60;far12;near45;tol0.8;floor0.25;drain0.5;bass0.25"
45232,1790795153255,G Menor,G Menor,0,G Menor,F Maior,0.9070,0.9070,0.8348,0.2889,"F Maior;Bb Maior;C Menor",,0.00,,0.00,45.12,45.12,1,1,"v2;w20;harm;aar;song60;far12;near45;tol0.8;floor0.25;drain0.5;bass0.25"
45696,1790795153756,G Menor,G Menor,0,G Menor,F Maior,0.9072,0.9072,0.8430,0.2571,"F Maior;Bb Maior;C Menor",,0.00,,0.00,45.58,45.58,1,1,"v2;w20;harm;aar;song60;far12;near45;tol0.8;floor0.25;drain0.5;bass0.25"
46161,1790795154255,G Menor,G Menor,0,G Menor,F Maior,0.9040,0.9040,0.8485,0.2220,"F Maior;Bb Maior;C Menor",,0.00,,0.00,46.06,46.06,1,1,"v2;w20;harm;aar;song60;far12;near45;tol0.8;floor0.25;drain0.5;bass0.25"
46718,1790795154756,G Menor,G Menor,0,G Menor,F Maior,0.9001,0.9001,0.8519,0.1928,"F Maior;Bb Maior;C Menor",,0.00,,0.00,46.59,46.59,1,1,"v2;w20;harm;aar;song60;far12;near45;tol0.8;floor0.25;drain0.5;bass0.25"
47182,1790795155256,G Menor,G Menor,0,G Menor,F Maior,0.8968,0.8968,0.8544,0.1694,"F Maior;Bb Maior;C Menor",,0.00,,0.00,47.06,47.06,1,1,"v2;w20;harm;aar;song60;far12;near45;tol0.8;floor0.25;drain0.5;bass0.25"
47647,1790795155756,G Menor,G Menor,0,G Menor,F Maior,0.8993,0.8993,0.8553,0.1759,"F Maior;Bb Maior;C Menor",,0.00,,0.00,47.54,47.54,1,1,"v2;w20;harm;aar;song60;far12;near45;tol0.8;floor0.25;drain0.5;bass0.25"
48204,1790795156256,G Menor,G Menor,0,G Menor,F Maior,0.9065,0.9065,0.8575,0.1962,"F Maior;Bb Maior;C Menor",,0.00,,0.00,48.10,48.10,1,1,"v2;w20;harm;aar;song60;far12;near45;tol0.8;floor0.25;drain0.5;bass0.25"
48669,1790795156755,G Menor,G Menor,0,G Menor,F Maior,0.9107,0.9107,0.8638,0.1878,"F Maior;Bb Maior;C Menor",,0.00,,0.00,48.55,48.55,1,1,"v2;w20;harm;aar;song60;far12;near45;tol0.8;floor0.25;drain0.5;bass0.25"
49226,1790795157256,G Menor,G Menor,0,G Menor,F Maior,0.9138,0.9138,0.8744,0.1574,"F Maior;Bb Maior;C Menor",,0.00,,0.00,49.12,49.12,1,1,"v2;w20;harm;aar;song60;far12;near45;tol0.8;floor0.25;drain0.5;bass0.25"
49690,1790795157756,G Menor,G Menor,0,G Menor,F Maior,0.9153,0.9153,0.8805,0.1391,"F Maior;Bb Maior;C Menor",,0.00,,0.00,49.58,49.58,1,1,"v2;w20;harm;aar;song60;far12;near45;tol0.8;floor0.25;drain0.5;bass0.25"
50155,1790795158256,G Menor,G Menor,0,G Menor,F Maior,0.9177,0.9177,0.8869,0.1231,"F Maior;Bb Maior;C Menor",,0.00,,0.00,50.06,50.06,1,1,"v2;w20;harm;aar;song60;far12;near45;tol0.8;floor0.25;drain0.5;bass0.25"
50712,1790795158754,G Menor,G Menor,0,G Menor,F Maior,0.9212,0.9212,0.8923,0.1158,"F Maior;Bb Maior;D Menor",,0.00,,0.00,50.59,50.59,1,1,"v2;w20;harm;aar;song60;far12;near45;tol0.8;floor0.25;drain0.5;bass0.25"
51176,1790795159255,G Menor,G Menor,0,G Menor,F Maior,0.9219,0.9219,0.8956,0.1055,"F Maior;Bb Maior;D Menor",,0.00,,0.00,51.08,51.08,1,1,"v2;w20;harm;aar;song60;far12;near45;tol0.8;floor0.25;drain0.5;bass0.25"
51734,1790795159755,G Menor,G Menor,0,G Menor,F Maior,0.9256,0.9256,0.8913,0.1375,"F Maior;Bb Maior;D Menor",,0.00,,0.00,51.62,51.62,1,1,"v2;w20;harm;aar;song60;far12;near45;tol0.8;floor0.25;drain0.5;bass0.25"
52198,1790795160256,G Menor,G Menor,0,G Menor,F Maior,0.9264,0.9264,0.8878,0.1542,"F Maior;Bb Maior;D Menor",,0.00,,0.00,52.08,52.08,1,1,"v2;w20;harm;aar;song60;far12;near45;tol0.8;floor0.25;drain0.5;bass0.25"
52662,1790795160755,G Menor,G Menor,0,G Menor,F Maior,0.9266,0.9266,0.8813,0.1810,"F Maior;Bb Maior;D Menor",,0.00,,0.00,52.56,52.56,1,1,"v2;w20;harm;aar;song60;far12;near45;tol0.8;floor0.25;drain0.5;bass0.25"
53220,1790795161256,G Menor,G Menor,0,G Menor,F Maior,0.9264,0.9264,0.8741,0.2093,"F Maior;Bb Maior;C Menor",,0.00,,0.00,53.10,53.10,1,1,"v2;w20;harm;aar;song60;far12;near45;tol0.8;floor0.25;drain0.5;bass0.25"
53684,1790795161756,G Menor,G Menor,0,G Menor,F Maior,0.9248,0.9248,0.8680,0.2271,"F Maior;Bb Maior;C Menor",,0.00,,0.00,53.58,53.58,1,1,"v2;w20;harm;aar;song60;far12;near45;tol0.8;floor0.25;drain0.5;bass0.25"
54148,1790795162255,G Menor,G Menor,0,G Menor,F Maior,0.9234,0.9234,0.8623,0.2445,"F Maior;Bb Maior;C Menor",,0.00,,0.00,54.03,54.03,1,1,"v2;w20;harm;aar;song60;far12;near45;tol0.8;floor0.25;drain0.5;bass0.25"
54706,1790795162755,G Menor,G Menor,0,G Menor,F Maior,0.9274,0.9274,0.8581,0.2772,"F Maior;Bb Maior;C Menor",,0.00,,0.00,54.59,54.59,1,1,"v2;w20;harm;aar;song60;far12;near45;tol0.8;floor0.25;drain0.5;bass0.25"
55170,1790795163256,G Menor,G Menor,0,G Menor,F Maior,0.9278,0.9278,0.8507,0.3082,"F Maior;Bb Maior;C Menor",,0.00,,0.00,55.05,55.05,1,1,"v2;w20;harm;aar;song60;far12;near45;tol0.8;floor0.25;drain0.5;bass0.25"
55727,1790795163755,G Menor,G Menor,0,G Menor,F Maior,0.9250,0.9250,0.8398,0.3408,"F Maior;Bb Maior;C Menor",,0.00,,0.00,55.62,55.62,1,1,"v2;w20;harm;aar;song60;far12;near45;tol0.8;floor0.25;drain0.5;bass0.25"
56192,1790795164256,G Menor,G Menor,0,G Menor,F Maior,0.9221,0.9221,0.8310,0.3645,"F Maior;Bb Maior;C Menor",,0.00,,0.00,56.08,56.08,1,1,"v2;w20;harm;aar;song60;far12;near45;tol0.8;floor0.25;drain0.5;bass0.25"
56656,1790795164756,G Menor,G Menor,0,G Menor,F Maior,0.9184,0.9184,0.8205,0.3915,"F Maior;Bb Maior;C Menor",,0.00,,0.00,56.55,56.55,1,1,"v2;w20;harm;aar;song60;far12;near45;tol0.8;floor0.25;drain0.5;bass0.25"
57213,1790795165257,G Menor,G Menor,0,G Menor,F Maior,0.9162,0.9162,0.8118,0.4176,"F Maior;Bb Maior;Eb Maior",,0.00,,0.00,57.09,57.09,1,1,"v2;w20;harm;aar;song60;far12;near45;tol0.8;floor0.25;drain0.5;bass0.25"
57678,1790795165756,G Menor,G Menor,0,G Menor,F Maior,0.9146,0.9146,0.8121,0.4100,"F Maior;Bb Maior;Eb Maior",,0.00,,0.00,57.58,57.58,1,1,"v2;w20;harm;aar;song60;far12;near45;tol0.8;floor0.25;drain0.5;bass0.25"
58235,1790795166256,G Menor,G Menor,0,G Menor,F Maior,0.9107,0.9107,0.8051,0.4225,"F Maior;Bb Maior;Eb Maior",,0.00,,0.00,58.11,58.11,1,1,"v2;w20;harm;aar;song60;far12;near45;tol0.8;floor0.25;drain0.5;bass0.25"
58700,1790795166756,G Menor,G Menor,0,G Menor,F Maior,0.9082,0.9082,0.7957,0.4500,"F Maior;Bb Maior;Eb Maior",,0.00,,0.00,58.58,58.58,1,1,"v2;w20;harm;aar;song60;far12;near45;tol0.8;floor0.25;drain0.5;bass0.25"
59164,1790795167256,G Menor,G Menor,0,G Menor,F Maior,0.9066,0.9066,0.7905,0.4644,"F Maior;Bb Maior;Eb Maior",,0.00,,0.00,59.06,59.06,1,1,"v2;w20;harm;aar;song60;far12;near45;tol0.8;floor0.25;drain0.5;bass0.25"
59721,1790795167757,G Menor,G Menor,0,G Menor,F Maior,0.9039,0.9039,0.7860,0.4718,"F Maior;Bb Maior;Eb Maior",,0.00,,0.00,59.59,59.59,1,1,"v2;w20;harm;aar;song60;far12;near45;tol0.8;floor0.25;drain0.5;bass0.25"
60186,1790795168256,G Menor,G Menor,0,G Menor,F Maior,0.9020,0.9020,0.7801,0.4876,"F Maior;Bb Maior;Eb Maior",,0.00,,0.00,60.07,60.07,1,1,"v2;w20;harm;aar;song60;far12;near45;tol0.8;floor0.25;drain0.5;bass0.25"
60650,1790795168756,G Menor,G Menor,0,G Menor,F Maior,0.8986,0.8986,0.7736,0.4998,"F Maior;Bb Maior;Eb Maior",,0.00,,0.00,60.53,60.53,1,1,"v2;w20;harm;aar;song60;far12;near45;tol0.8;floor0.25;drain0.5;bass0.25"
61207,1790795169256,G Menor,G Menor,0,G Menor,F Maior,0.8941,0.8941,0.7643,0.5190,"F Maior;Bb Maior;Eb Maior",,0.00,,0.00,61.10,61.10,1,1,"v2;w20;harm;aar;song60;far12;near45;tol0.8;floor0.25;drain0.5;bass0.25"
61672,1790795169757,G Menor,G Menor,0,G Menor,F Maior,0.8915,0.8915,0.7625,0.5160,"F Maior;Bb Maior;Eb Maior",,0.00,,0.00,61.55,61.55,1,1,"v2;w20;harm;aar;song60;far12;near45;tol0.8;floor0.25;drain0.5;bass0.25"
62229,1790795170256,G Menor,G Menor,0,G Menor,F Maior,0.8965,0.8965,0.7629,0.5342,"F Maior;Bb Maior;Eb Maior",,0.00,,0.00,62.12,62.12,1,1,"v2;w20;harm;aar;song60;far12;near45;tol0.8;floor0.25;drain0.5;bass0.25"
62693,1790795170755,G Menor,G Menor,0,G Menor,F Maior,0.8984,0.8984,0.7659,0.5301,"F Maior;Bb Maior;Eb Maior",,0.00,,0.00,62.60,62.60,1,1,"v2;w20;harm;aar;song60;far12;near45;tol0.8;floor0.25;drain0.5;bass0.25"
63158,1790795171255,G Menor,G Menor,0,G Menor,F Maior,0.9004,0.9004,0.7709,0.5181,"F Maior;Bb Maior;Eb Maior",,0.00,,0.00,63.05,63.05,1,1,"v2;w20;harm;aar;song60;far12;near45;tol0.8;floor0.25;drain0.5;bass0.25"
63715,1790795171757,G Menor,G Menor,0,G Menor,F Maior,0.9000,0.9000,0.7768,0.4928,"F Maior;Bb Maior;Eb Maior",,0.00,,0.00,63.60,63.60,1,1,"v2;w20;harm;aar;song60;far12;near45;tol0.8;floor0.25;drain0.5;bass0.25"
64179,1790795172256,G Menor,G Menor,0,G Menor,F Maior,0.8993,0.8993,0.7824,0.4676,"F Maior;Bb Maior;Eb Maior",,0.00,,0.00,64.08,64.08,1,1,"v2;w20;harm;aar;song60;far12;near45;tol0.8;floor0.25;drain0.5;bass0.25"
64737,1790795172756,G Menor,G Menor,0,G Menor,F Maior,0.8997,0.8997,0.7877,0.4480,"F Maior;Bb Maior;Eb Maior",,0.00,,0.00,64.61,64.61,1,1,"v2;w20;harm;aar;song60;far12;near45;tol0.8;floor0.25;drain0.5;bass0.25"
65201,1790795173256,G Menor,G Menor,0,G Menor,F Maior,0.9026,0.9026,0.7916,0.4437,"F Maior;Bb Maior;Eb Maior",,0.00,,0.00,65.09,65.09,1,1,"v2;w20;harm;aar;song60;far12;near45;tol0.8;floor0.25;drain0.5;bass0.25"
65666,1790795173756,G Menor,G Menor,0,G Menor,F Maior,0.9035,0.9035,0.7963,0.4286,"F Maior;Bb Maior;Eb Maior",,0.00,,0.00,65.56,65.56,1,1,"v2;w20;harm;aar;song60;far12;near45;tol0.8;floor0.25;drain0.5;bass0.25"
66223,1790795174257,G Menor,G Menor,0,G Menor,F Maior,0.9020,0.9020,0.8021,0.3995,"F Maior;Bb Maior;Eb Maior",,0.00,,0.00,66.10,66.10,1,1,"v2;w20;harm;aar;song60;far12;near45;tol0.8;floor0.25;drain0.5;bass0.25"
66687,1790795174756,G Menor,G Menor,0,G Menor,F Maior,0.9051,0.9051,0.8068,0.3935,"F Maior;Bb Maior;Eb Maior",,0.00,,0.00,66.57,66.57,1,1,"v2;w20;harm;aar;song60;far12;near45;tol0.8;floor0.25;drain0.5;bass0.25"
67152,1790795175256,G Menor,G Menor,0,G Menor,F Maior,0.9060,0.9060,0.8119,0.3764,"F Maior;Bb Maior;Eb Maior",,0.00,,0.00,67.04,67.04,1,1,"v2;w20;harm;aar;song60;far12;near45;tol0.8;floor0.25;drain0.5;bass0.25"
67709,1790795175757,G Menor,G Menor,0,G Menor,F Maior,0.9033,0.9033,0.8137,0.3585,"F Maior;Bb Maior;Eb Maior",,0.00,,0.00,67.60,67.60,1,1,"v2;w20;harm;aar;song60;far12;near45;tol0.8;floor0.25;drain0.5;bass0.25"
68173,1790795176256,G Menor,G Menor,0,G Menor,F Maior,0.9015,0.9015,0.8163,0.3410,"F Maior;Bb Maior;Eb Maior",,0.00,,0.00,68.06,68.06,1,1,"v2;w20;harm;aar;song60;far12;near45;tol0.8;floor0.25;drain0.5;bass0.25"
68731,1790795176756,G Menor,G Menor,0,G Menor,F Maior,0.9002,0.9002,0.8194,0.3231,"F Maior;Bb Maior;C Menor",,0.00,,0.00,68.62,68.62,1,1,"v2;w20;harm;aar;song60;far12;near45;tol0.8;floor0.25;drain0.5;bass0.25"
69195,1790795177256,G Menor,G Menor,0,G Menor,F Maior,0.8999,0.8999,0.8226,0.3095,"F Maior;Bb Maior;C Menor",,0.00,,0.00,69.10,69.10,1,1,"v2;w20;harm;aar;song60;far12;near45;tol0.8;floor0.25;drain0.5;bass0.25"
69659,1790795177756,G Menor,G Menor,0,G Menor,F Maior,0.9010,0.9010,0.8284,0.2902,"F Maior;Bb Maior;C Menor",,0.00,,0.00,69.56,69.56,1,1,"v2;w20;harm;aar;song60;far12;near45;tol0.8;floor0.25;drain0.5;bass0.25"
70217,1790795178257,G Menor,G Menor,0,G Menor,F Maior,0.9010,0.9010,0.8329,0.2727,"F Maior;Bb Maior;C Menor",,0.00,,0.00,70.10,70.10,1,1,"v2;w20;harm;aar;song60;far12;near45;tol0.8;floor0.25;drain0.5;bass0.25"
70681,1790795178756,G Menor,G Menor,0,G Menor,F Maior,0.9009,0.9009,0.8351,0.2632,"F Maior;Bb Maior;C Menor",,0.00,,0.00,70.58,70.58,1,1,"v2;w20;harm;aar;song60;far12;near45;tol0.8;floor0.25;drain0.5;bass0.25"
71238,1790795179256,G Menor,G Menor,0,G Menor,F Maior,0.8988,0.8988,0.8405,0.2330,"F Maior;Bb Maior;C Menor",,0.00,,0.00,71.12,71.12,1,1,"v2;w20;harm;aar;song60;far12;near45;tol0.8;floor0.25;drain0.5;bass0.25"
71703,1790795179756,G Menor,G Menor,0,G Menor,F Maior,0.8979,0.8979,0.8441,0.2151,"F Maior;Bb Maior;C Menor",,0.00,,0.00,71.60,71.60,1,1,"v2;w20;harm;aar;song60;far12;near45;tol0.8;floor0.25;drain0.5;bass0.25"
72167,1790795180256,G Menor,G Menor,0,G Menor,F Maior,0.8962,0.8962,0.8487,0.1898,"F Maior;Bb Maior;C Menor",,0.00,,0.00,72.06,72.06,1,1,"v2;w20;harm;aar;song60;far12;near45;tol0.8;floor0.25;drain0.5;bass0.25"
72724,1790795180757,G Menor,G Menor,0,G Menor,F Maior,0.8958,0.8958,0.8535,0.1691,"F Maior;Bb Maior;C Menor",,0.00,,0.00,72.60,72.60,1,1,"v2;w20;harm;aar;song60;far12;near45;tol0.8;floor0.25;drain0.5;bass0.25"
73189,1790795181256,G Menor,G Menor,0,G Menor,F Maior,0.8972,0.8972,0.8559,0.1649,"F Maior;Bb Maior;C Menor",,0.00,,0.00,73.08,73.08,1,1,"v2;w20;harm;aar;song60;far12;near45;tol0.8;floor0.25;drain0.5;bass0.25"
73653,1790795181756,G Menor,G Menor,0,G Menor,F Maior,0.8992,0.8992,0.8589,0.1613,"F Maior;Bb Maior;C Menor",,0.00,,0.00,73.53,73.53,1,1,"v2;w20;harm;aar;song60;far12;near45;tol0.8;floor0.25;drain0.5;bass0.25"
74210,1790795182256,G Menor,G Menor,0,G Menor,F Maior,0.9002,0.9002,0.8608,0.1576,"F Maior;Bb Maior;D Menor",,0.00,,0.00,74.12,74.12,1,1,"v2;w20;harm;aar;song60;far12;near45;tol0.8;floor0.25;drain0.5;bass0.25"
74675,1790795182756,G Menor,G Menor,0,G Menor,F Maior,0.9010,0.9010,0.8639,0.1485,"F Maior;Bb Maior;D Menor",,0.00,,0.00,74.56,74.56,1,1,"v2;w20;harm;aar;song60;far12;near45;tol0.8;floor0.25;drain0.5;bass0.25"
75232,1790795183256,G Menor,G Menor,0,G Menor,F Maior,0.9010,0.9010,0.8675,0.1339,"F Maior;Bb Maior;D Menor",,0.00,,0.00,75.12,75.12,1,1,"v2;w20;harm;aar;song60;far12;near45;tol0.8;floor0.25;drain0.5;bass0.25"
75697,1790795183756,G Menor,G Menor,0,G Menor,F Maior,0.9017,0.9017,0.8694,0.1292,"F Maior;Bb Maior;D Menor",,0.00,,0.00,75.60,75.60,1,1,"v2;w20;harm;aar;song60;far12;near45;tol0.8;floor0.25;drain0.5;bass0.25"
76161,1790795184256,G Menor,G Menor,0,G Menor,F Maior,0.9024,0.9024,0.8694,0.1320,"F Maior;Bb Maior;D Menor",,0.00,,0.00,76.06,76.06,1,1,"v2;w20;harm;aar;song60;far12;near45;tol0.8;floor0.25;drain0.5;bass0.25"
76718,1790795184756,G Menor,G Menor,0,G Menor,F Maior,0.9037,0.9037,0.8648,0.1554,"F Maior;Bb Maior;D Menor",,0.00,,0.00,76.62,76.62,1,1,"v2;w20;harm;aar;song60;far12;near45;tol0.8;floor0.25;drain0.5;bass0.25"
77183,1790795185256,G Menor,G Menor,0,G Menor,F Maior,0.9026,0.9026,0.8595,0.1722,"F Maior;Bb Maior;D Menor",,0.00,,0.00,77.08,77.08,1,1,"v2;w20;harm;aar;song60;far12;near45;tol0.8;floor0.25;drain0.5;bass0.25"
77740,1790795185757,G Menor,G Menor,0,G Menor,F Maior,0.9007,0.9007,0.8514,0.1971,"F Maior;Bb Maior;D Menor",,0.00,,0.00,77.61,77.61,1,1,"v2;w20;harm;aar;song60;far12;near45;tol0.8;floor0.25;drain0.5;bass0.25"
78204,1790795186256,G Menor,G Menor,0,G Menor,F Maior,0.8994,0.8994,0.8469,0.2099,"F Maior;Bb Maior;D Menor",,0.00,,0.00,78.10,78.10,1,1,"v2;w20;harm;aar;song60;far12;near45;tol0.8;floor0.25;drain0.5;bass0.25"
78669,1790795186756,G Menor,G Menor,0,G Menor,F Maior,0.9021,0.9021,0.8450,0.2287,"F Maior;Bb Maior;D Menor",,0.00,,0.00,78.56,78.56,1,1,"v2;w20;harm;aar;song60;far12;near45;tol0.8;floor0.25;drain0.5;bass0.25"
79226,1790795187257,G Menor,G Menor,0,G Menor,F Maior,0.9051,0.9051,0.8427,0.2496,"F Maior;Bb Maior;D Menor",,0.00,,0.00,79.10,79.10,1,1,"v2;w20;harm;aar;song60;far12;near45;tol0.8;floor0.25;drain0.5;bass0.25"
79690,1790795187756,G Menor,G Menor,0,G Menor,F Maior,0.9047,0.9047,0.8400,0.2586,"F Maior;Bb Maior;Eb Maior",,0.00,,0.00,79.58,79.58,1,1,"v2;w20;harm;aar;song60;far12;near45;tol0.8;floor0.25;drain0.5;bass0.25"
80155,1790795188255,G Menor,G Menor,0,G Menor,F Maior,0.9027,0.9027,0.8334,0.2770,"F Maior;Bb Maior;Eb Maior",,0.00,,0.00,80.04,80.04,1,1,"v2;w20;harm;aar;song60;far12;near45;tol0.8;floor0.25;drain0.5;bass0.25"
80712,1790795188756,G Menor,G Menor,0,G Menor,F Maior,0.9006,0.9006,0.8310,0.2781,"F Maior;Bb Maior;Eb Maior",,0.00,,0.00,80.62,80.62,1,1,"v2;w20;harm;aar;song60;far12;near45;tol0.8;floor0.25;drain0.5;bass0.25"
81176,1790795189256,G Menor,G Menor,0,G Menor,F Maior,0.8993,0.8993,0.8288,0.2820,"F Maior;Bb Maior;Eb Maior",,0.00,,0.00,81.06,81.06,1,1,"v2;w20;harm;aar;song60;far12;near45;tol0.8;floor0.25;drain0.5;bass0.25"
81734,1790795189755,G Menor,G Menor,0,G Menor,F Maior,0.9011,0.9011,0.8301,0.2841,"F Maior;Bb Maior;Eb Maior",,0.00,,0.00,81.62,81.62,1,1,"v2;w20;harm;aar;song60;far12;near45;tol0.8;floor0.25;drain0.5;bass0.25"
82198,1790795190256,G Menor,G Menor,0,G Menor,F Maior,0.9044,0.9044,0.8300,0.2973,"F Maior;Bb Maior;Eb Maior",,0.00,,0.00,82.10,82.10,1,1,"v2;w20;harm;aar;song60;far12;near45;tol0.8;floor0.25;drain0.5;bass0.25"
82663,1790795190756,G Menor,G Menor,0,G Menor,F Maior,0.9077,0.9077,0.8300,0.3106,"F Maior;Bb Maior;Eb Maior",,0.00,,0.00,82.56,82.56,1,1,"v2;w20;harm;aar;song60;far12;near45;tol0.8;floor0.25;drain0.5;bass0.25"
83220,1790795191257,G Menor,G Menor,0,G Menor,F Maior,0.9118,0.9118,0.8296,0.3286,"F Maior;Bb Maior;Eb Maior",,0.00,,0.00,83.11,83.11,1,1,"v2;w20;harm;aar;song60;far12;near45;tol0.8;floor0.25;drain0.5;bass0.25"
83684,1790795191756,G Menor,G Menor,0,G Menor,F Maior,0.9139,0.9139,0.8287,0.3406,"F Maior;Bb Maior;Eb Maior",,0.00,,0.00,83.58,83.58,1,1,"v2;w20;harm;aar;song60;far12;near45;tol0.8;floor0.25;drain0.5;bass0.25"
84241,1790795192256,G Menor,G Menor,0,G Menor,F Maior,0.9133,0.9133,0.8290,0.3372,"F Maior;Bb Maior;Eb Maior",,0.00,,0.00,84.12,84.12,1,1,"v2;w20;harm;aar;song60;far12;near45;tol0.8;floor0.25;drain0.5;bass0.25"
84706,1790795192756,G Menor,G Menor,0,G Menor,F Maior,0.9128,0.9128,0.8302,0.3306,"F Maior;Bb Maior;Eb Maior",,0.00,,0.00,84.60,84.60,1,1,"v2;w20;harm;aar;song60;far12;near45;tol0.8;floor0.25;drain0.5;bass0.25"
85170,1790795193256,G Menor,G Menor,0,G Menor,F Maior,0.9129,0.9129,0.8331,0.3194,"F Maior;Bb Maior;Eb Maior",,0.00,,0.00,85.06,85.06,1,1,"v2;w20;harm;aar;song60;far12;near45;tol0.8;floor0.25;drain0.5;bass0.25"
85728,1790795193755,G Menor,G Menor,0,G Menor,F Maior,0.9137,0.9137,0.8353,0.3138,"F Maior;Bb Maior;C Menor",,0.00,,0.00,85.61,85.61,1,1,"v2;w20;harm;aar;song60;far12;near45;tol0.8;floor0.25;drain0.5;bass0.25"
86192,1790795194256,G Menor,G Menor,0,G Menor,F Maior,0.9132,0.9132,0.8375,0.3025,"F Maior;Bb Maior;C Menor",,0.00,,0.00,86.08,86.08,1,1,"v2;w20;harm;aar;song60;far12;near45;tol0.8;floor0.25;drain0.5;bass0.25"
86656,1790795194756,G Menor,G Menor,0,G Menor,F Maior,0.9130,0.9130,0.8418,0.2849,"F Maior;Bb Maior;C Menor",,0.00,,0.00,86.54,86.54,1,1,"v2;w20;harm;aar;song60;far12;near45;tol0.8;floor0.25;drain0.5;bass0.25"
87214,1790795195254,G Menor,G Menor,0,G Menor,F Maior,0.9121,0.9121,0.8480,0.2564,"F Maior;Bb Maior;D Menor",,0.00,,0.00,87.11,87.11,1,1,"v2;w20;harm;aar;song60;far12;near45;tol0.8;floor0.25;drain0.5;bass0.25"
87678,1790795195755,G Menor,G Menor,0,G Menor,F Maior,0.9110,0.9110,0.8496,0.2454,"F Maior;Bb Maior;D Menor",,0.00,,0.00,87.56,87.56,1,1,"v2;w20;harm;aar;song60;far12;near45;tol0.8;floor0.25;drain0.5;bass0.25"
88142,1790795196256,G Menor,G Menor,0,G Menor,F Maior,0.9098,0.9098,0.8505,0.2372,"F Maior;Bb Maior;D Menor",,0.00,,0.00,88.02,88.02,1,1,"v2;w20;harm;aar;song60;far12;near45;tol0.8;floor0.25;drain0.5;bass0.25"
88700,1790795196756,G Menor,G Menor,0,G Menor,F Maior,0.9128,0.9128,0.8510,0.2471,"F Maior;Bb Maior;D Menor",,0.00,,0.00,88.59,88.59,1,1,"v2;w20;harm;aar;song60;far12;near45;tol0.8;floor0.25;drain0.5;bass0.25"
89164,1790795197256,G Menor,G Menor,0,G Menor,F Maior,0.9142,0.9142,0.8524,0.2471,"F Maior;Bb Maior;D Menor",,0.00,,0.00,89.06,89.06,1,1,"v2;w20;harm;aar;song60;far12;near45;tol0.8;floor0.25;drain0.5;bass0.25"
89721,1790795197757,G Menor,G Menor,0,G Menor,F Maior,0.9162,0.9162,0.8536,0.2503,"F Maior;Bb Maior;D Menor",,0.00,,0.00,89.61,89.61,1,1,"v2;w20;harm;aar;song60;far12;near45;tol0.8;floor0.25;drain0.5;bass0.25"
90186,1790795198256,G Menor,G Menor,0,G Menor,F Maior,0.9174,0.9174,0.8547,0.2510,"F Maior;Bb Maior;D Menor",,0.00,,0.00,90.08,90.08,1,1,"v2;w20;harm;aar;song60;far12;near45;tol0.8;floor0.25;drain0.5;bass0.25"
90743,1790795198756,G Menor,G Menor,0,G Menor,F Maior,0.9175,0.9175,0.8582,0.2375,"F Maior;Bb Maior;D Menor",,0.00,,0.00,90.62,90.62,1,1,"v2;w20;harm;aar;song60;far12;near45;tol0.8;floor0.25;drain0.5;bass0.25"
91207,1790795199257,G Menor,G Menor,0,G Menor,F Maior,0.9197,0.9197,0.8584,0.2453,"F Maior;Bb Maior;D Menor",,0.00,,0.00,91.10,91.10,1,1,"v2;w20;harm;aar;song60;far12;near45;tol0.8;floor0.25;drain0.5;bass0.25"
91672,1790795199756,G Menor,G Menor,0,G Menor,F Maior,0.9215,0.9215,0.8574,0.2564,"F Maior;Bb Maior;D Menor",,0.00,,0.00,91.56,91.56,1,1,"v2;w20;harm;aar;song60;far12;near45;tol0.8;floor0.25;drain0.5;bass0.25"
92229,1790795200256,G Menor,G Menor,0,G Menor,F Maior,0.9239,0.9239,0.8541,0.2793,"F Maior;Bb Maior;D Menor",,0.00,,0.00,92.12,92.12,1,1,"v2;w20;harm;aar;song60;far12;near45;tol0.8;floor0.25;drain0.5;bass0.25"
92694,1790795200755,G Menor,G Menor,0,G Menor,F Maior,0.9250,0.9250,0.8507,0.2971,"F Maior;Bb Maior;D Menor",,0.00,,0.00,92.58,92.58,1,1,"v2;w20;harm;aar;song60;far12;near45;tol0.8;floor0.25;drain0.5;bass0.25"
93158,1790795201256,G Menor,G Menor,0,G Menor,F Maior,0.9261,0.9261,0.8473,0.3152,"F Maior;Bb Maior;D Menor",,0.00,,0.00,93.04,93.04,1,1,"v2;w20;harm;aar;song60;far12;near45;tol0.8;floor0.25;drain0.5;bass0.25"
93715,1790795201756,G Menor,G Menor,0,G Menor,F Maior,0.9258,0.9258,0.8433,0.3300,"F Maior;Bb Maior;D Menor",,0.00,,0.00,93.62,93.62,1,1,"v2;w20;harm;aar;song60;far12;near45;tol0.8;floor0.25;drain0.5;bass0.25"
94180,1790795202256,G Menor,G Menor,0,G Menor,F Maior,0.9255,0.9255,0.8409,0.3385,"F Maior;Bb Maior;D Menor",,0.00,,0.00,94.06,94.06,1,1,"v2;w20;harm;aar;song60;far12;near45;tol0.8;floor0.25;drain0.5;bass0.25"
94644,1790795202756,G Menor,G Menor,0,G Menor,F Maior,0.9266,0.9266,0.8379,0.3548,"F Maior;Bb Maior;D Menor",,0.00,,0.00,94.54,94.54,1,1,"v2;w20;harm;aar;song60;far12;near45;tol0.8;floor0.25;drain0.5;bass0.25"
95201,1790795203256,G Menor,G Menor,0,G Menor,F Maior,0.9279,0.9279,0.8340,0.3757,"F Maior;Bb Maior;D Menor",,0.00,,0.00,95.10,95.10,1,1,"v2;w20;harm;aar;song60;far12;near45;tol0.8;floor0.25;drain0.5;bass0.25"
95666,1790795203756,G Menor,G Menor,0,G Menor,F Maior,0.9271,0.9271,0.8308,0.3849,"F Maior;Bb Maior;D Menor",,0.00,,0.00,95.56,95.56,1,1,"v2;w20;harm;aar;song60;far12;near45;tol0.8;floor0.25;drain0.5;bass0.25"
96223,1790795204256,G Menor,G Menor,0,G Menor,F Maior,0.9245,0.9245,0.8250,0.3981,"F Maior;Bb Maior;D Menor",,0.00,,0.00,96.12,96.12,1,1,"v2;w20;harm;aar;song60;far12;near45;tol0.8;floor0.25;drain0.5;bass0.25"
96687,1790795204756,G Menor,G Menor,0,G Menor,F Maior,0.9228,0.9228,0.8227,0.4001,"F Maior;Bb Maior;D Menor",,0.00,,0.00,96.58,96.58,1,1,"v2;w20;harm;aar;song60;far12;near45;tol0.8;floor0.25;drain0.5;bass0.25"
97152,1790795205256,G Menor,G Menor,0,G Menor,F Maior,0.9220,0.9220,0.8237,0.3933,"F Maior;Bb Maior;D Menor",,0.00,,0.00,97.04,97.04,1,1,"v2;w20;harm;aar;song60;far12;near45;tol0.8;floor0.25;drain0.5;bass0.25"
97709,1790795205756,G Menor,G Menor,0,G Menor,F Maior,0.9215,0.9215,0.8231,0.3936,"F Maior;Bb Maior;D Menor",,0.00,,0.00,97.60,97.60,1,1,"v2;w20;harm;aar;song60;far12;near45;tol0.8;floor0.25;drain0.5;bass0.25"
98173,1790795206256,G Menor,G Menor,0,G Menor,F Maior,0.9229,0.9229,0.8216,0.4053,"F Maior;Bb Maior;D Menor",,0.00,,0.00,98.06,98.06,1,1,"v2;w20;harm;aar;song60;far12;near45;tol0.8;floor0.25;drain0.5;bass0.25"
98731,1790795206756,G Menor,G Menor,0,G Menor,F Maior,0.9243,0.9243,0.8194,0.4197,"F Maior;Bb Maior;D Menor",,0.00,,0.00,98.62,98.62,1,1,"v2;w20;harm;aar;song60;far12;near45;tol0.8;floor0.25;drain0.5;bass0.25"
99195,1790795207256,G Menor,G Menor,0,G Menor,F Maior,0.9248,0.9248,0.8176,0.4285,"F Maior;Bb Maior;D Menor",,0.00,,0.00,99.08,99.08,1,1,"v2;w20;harm;aar;song60;far12;near45;tol0.8;floor0.25;drain0.5;bass0.25"
99660,1790795207756,G Menor,G Menor,0,G Menor,F Maior,0.9253,0.9253,0.8155,0.4391,"F Maior;Bb Maior;D Menor",,0.00,,0.00,99.54,99.54,1,1,"v2;w20;harm;aar;song60;far12;near45;tol0.8;floor0.25;drain0.5;bass0.25"
100217,1790795208257,G Menor,G Menor,0,G Menor,F Maior,0.9256,0.9256,0.8137,0.4476,"F Maior;Bb Maior;D Menor",,0.00,,0.00,100.12,100.12,1,1,"v2;w20;harm;aar;song60;far12;near45;tol0.8;floor0.25;drain0.5;bass0.25"
100681,1790795208757,G Menor,G Menor,0,G Menor,F Maior,0.9248,0.9248,0.8123,0.4502,"F Maior;Bb Maior;C Menor",,0.00,,0.00,100.56,100.56,1,1,"v2;w20;harm;aar;song60;far12;near45;tol0.8;floor0.25;drain0.5;bass0.25"
101146,1790795209256,G Menor,G Menor,0,G Menor,F Maior,0.9233,0.9233,0.8114,0.4479,"F Maior;Bb Maior;C Menor",,0.00,,0.00,101.04,101.04,1,1,"v2;w20;harm;aar;song60;far12;near45;tol0.8;floor0.25;drain0.5;bass0.25"
101703,1790795209756,G Menor,G Menor,0,G Menor,F Maior,0.9207,0.9207,0.8114,0.4373,"F Maior;Bb Maior;C Menor",,0.00,,0.00,101.60,101.60,1,1,"v2;w20;harm;aar;song60;far12;near45;tol0.8;floor0.25;drain0.5;bass0.25"
102167,1790795210256,G Menor,G Menor,0,G Menor,F Maior,0.9187,0.9187,0.8110,0.4309,"F Maior;Bb Maior;C Menor",,0.00,,0.00,102.06,102.06,1,1,"v2;w20;harm;aar;song60;far12;near45;tol0.8;floor0.25;drain0.5;bass0.25"
102725,1790795210756,G Menor,G Menor,0,G Menor,F Maior,0.9166,0.9166,0.8121,0.4180,"F Maior;Bb Maior;C Menor",,0.00,,0.00,102.62,102.62,1,1,"v2;w20;harm;aar;song60;far12;near45;tol0.8;floor0.25;drain0.5;bass0.25"
103189,1790795211256,G Menor,G Menor,0,G Menor,F Maior,0.9155,0.9155,0.8139,0.4065,"F Maior;Bb Maior;C Menor",,0.00,,0.00,103.08,103.08,1,1,"v2;w20;harm;aar;song60;far12;near45;tol0.8;floor0.25;drain0.5;bass0.25"
103653,1790795211756,G Menor,G Menor,0,G Menor,F Maior,0.9187,0.9187,0.8137,0.4201,"F Maior;Bb Maior;C Menor",,0.00,,0.00,103.56,103.56,1,1,"v2;w20;harm;aar;song60;far12;near45;tol0.8;floor0.25;drain0.5;bass0.25"
104211,1790795212255,G Menor,G Menor,0,G Menor,F Maior,0.9235,0.9235,0.8154,0.4325,"F Maior;Bb Maior;C Menor",,0.00,,0.00,104.10,104.10,1,1,"v2;w20;harm;aar;song60;far12;near45;tol0.8;floor0.25;drain0.5;bass0.25"
104675,1790795212756,G Menor,G Menor,0,G Menor,F Maior,0.9221,0.9221,0.8229,0.3968,"F Maior;Bb Maior;C Menor",,0.00,,0.00,104.56,104.56,1,1,"v2;w20;harm;aar;song60;far12;near45;tol0.8;floor0.25;drain0.5;bass0.25"
105232,1790795213257,G Menor,G Menor,0,G Menor,F Maior,0.9200,0.9200,0.8293,0.3625,"F Maior;Bb Maior;C Menor",,0.00,,0.00,105.12,105.12,1,1,"v2;w20;harm;aar;song60;far12;near45;tol0.8;floor0.25;drain0.5;bass0.25"
105697,1790795213756,G Menor,G Menor,0,G Menor,F Maior,0.9196,0.9196,0.8327,0.3476,"F Maior;Bb Maior;C Menor",,0.00,,0.00,105.58,105.58,1,1,"v2;w20;harm;aar;song60;far12;near45;tol0.8;floor0.25;drain0.5;bass0.25"
106161,1790795214256,G Menor,G Menor,0,G Menor,F Maior,0.9172,0.9172,0.8388,0.3134,"F Maior;Bb Maior;C Menor",,0.00,,0.00,106.06,106.06,1,1,"v2;w20;harm;aar;song60;far12;near45;tol0.8;floor0.25;drain0.5;bass0.25"
106718,1790795214757,G Menor,G Menor,0,G Menor,F Maior,0.9141,0.9141,0.8452,0.2753,"F Maior;Bb Maior;C Menor",,0.00,,0.00,106.61,106.61,1,1,"v2;w20;harm;aar;song60;far12;near45;tol0.8;floor0.25;drain0.5;bass0.25"
107183,1790795215256,G Menor,G Menor,0,G Menor,F Maior,0.9119,0.9119,0.8479,0.2560,"F Maior;Bb Maior;C Menor",,0.00,,0.00,107.06,107.06,1,1,"v2;w20;harm;aar;song60;far12;near45;tol0.8;floor0.25;drain0.5;bass0.25"
107647,1790795215756,G Menor,G Menor,0,G Menor,F Maior,0.9112,0.9112,0.8476,0.2544,"F Maior;Bb Maior;C Menor",,0.00,,0.00,107.54,107.54,1,1,"v2;w20;harm;aar;song60;far12;near45;tol0.8;floor0.25;drain0.5;bass0.25"
108204,1790795216256,G Menor,G Menor,0,G Menor,F Maior,0.9143,0.9143,0.8489,0.2616,"F Maior;Bb Maior;C Menor",,0.00,,0.00,108.10,108.10,1,1,"v2;w20;harm;aar;song60;far12;near45;tol0.8;floor0.25;drain0.5;bass0.25"
108669,1790795216756,G Menor,G Menor,0,G Menor,F Maior,0.9157,0.9157,0.8489,0.2675,"F Maior;Bb Maior;C Menor",,0.00,,0.00,108.56,108.56,1,1,"v2;w20;harm;aar;song60;far12;near45;tol0.8;floor0.25;drain0.5;bass0.25"
109226,1790795217257,G Menor,G Menor,0,G Menor,F Maior,0.9162,0.9162,0.8491,0.2683,"F Maior;Bb Maior;C Menor",,0.00,,0.00,109.12,109.12,1,1,"v2;w20;harm;aar;song60;far12;near45;tol0.8;floor0.25;drain0.5;bass0.25"
109691,1790795217756,G Menor,G Menor,0,G Menor,F Maior,0.9173,0.9173,0.8508,0.2663,"F Maior;Bb Maior;C Menor",,0.00,,0.00,109.58,109.58,1,1,"v2;w20;harm;aar;song60;far12;near45;tol0.8;floor0.25;drain0.5;bass0.25"
110155,1790795218255,G Menor,G Menor,0,G Menor,F Maior,0.9195,0.9195,0.8545,0.2602,"F Maior;Bb Maior;C Menor",,0.00,,0.00,110.06,110.06,1,1,"v2;w20;harm;aar;song60;far12;near45;tol0.8;floor0.25;drain0.5;bass0.25"
110712,1790795218756,G Menor,G Menor,0,G Menor,F Maior,0.9217,0.9217,0.8571,0.2585,"F Maior;Bb Maior;C Menor",,0.00,,0.00,110.59,110.59,1,1,"v2;w20;harm;aar;song60;far12;near45;tol0.8;floor0.25;drain0.5;bass0.25"
111177,1790795219256,G Menor,G Menor,0,G Menor,F Maior,0.9218,0.9218,0.8573,0.2582,"F Maior;Bb Maior;C Menor",,0.00,,0.00,111.06,111.06,1,1,"v2;w20;harm;aar;song60;far12;near45;tol0.8;floor0.25;drain0.5;bass0.25"
111734,1790795219755,G Menor,G Menor,0,G Menor,F Maior,0.9240,0.9240,0.8566,0.2695,"F Maior;Bb Maior;C Menor",,0.00,,0.00,111.61,111.61,1,1,"v2;w20;harm;aar;song60;far12;near45;tol0.8;floor0.25;drain0.5;bass0.25"
112198,1790795220256,G Menor,G Menor,0,G Menor,F Maior,0.9247,0.9247,0.8552,0.2779,"F Maior;Bb Maior;C Menor",,0.00,,0.00,112.08,112.08,1,1,"v2;w20;harm;aar;song60;far12;near45;tol0.8;floor0.25;drain0.5;bass0.25"
112663,1790795220757,G Menor,G Menor,0,G Menor,F Maior,0.9252,0.9252,0.8547,0.2821,"F Maior;Bb Maior;C Menor",,0.00,,0.00,112.55,112.55,1,1,"v2;w20;harm;aar;song60;far12;near45;tol0.8;floor0.25;drain0.5;bass0.25"
113220,1790795221256,G Menor,G Menor,0,G Menor,F Maior,0.9269,0.9269,0.8510,0.3037,"F Maior;Bb Maior;C Menor",,0.00,,0.00,113.12,113.12,1,1,"v2;w20;harm;aar;song60;far12;near45;tol0.8;floor0.25;drain0.5;bass0.25"
113684,1790795221756,G Menor,G Menor,0,G Menor,F Maior,0.9274,0.9274,0.8480,0.3177,"F Maior;Bb Maior;C Menor",,0.00,,0.00,113.56,113.56,1,1,"v2;w20;harm;aar;song60;far12;near45;tol0.8;floor0.25;drain0.5;bass0.25"
114149,1790795222255,G Menor,G Menor,0,G Menor,F Maior,0.9280,0.9280,0.8476,0.3212,"F Maior;Bb Maior;C Menor",,0.00,,0.00,114.04,114.04,1,1,"v2;w20;harm;aar;song60;far12;near45;tol0.8;floor0.25;drain0.5;bass0.25"
114706,1790795222755,G Menor,G Menor,0,G Menor,F Maior,0.9285,0.9285,0.8464,0.3284,"F Maior;Bb Maior;C Menor",,0.00,,0.00,114.60,114.60,1,1,"v2;w20;harm;aar;song60;far12;near45;tol0.8;floor0.25;drain0.5;bass0.25"
115170,1790795223255,G Menor,G Menor,0,G Menor,F Maior,0.9288,0.9288,0.8429,0.3435,"F Maior;Bb Maior;C Menor",,0.00,,0.00,115.08,115.08,1,1,"v2;w20;harm;aar;song60;far12;near45;tol0.8;floor0.25;drain0.5;bass0.25"
115728,1790795223755,G Menor,G Menor,0,G Menor,F Maior,0.9289,0.9289,0.8379,0.3638,"F Maior;Bb Maior;C Menor",,0.00,,0.00,115.62,115.62,1,1,"v2;w20;harm;aar;song60;far12;near45;tol0.8;floor0.25;drain0.5;bass0.25"
116192,1790795224256,G Menor,G Menor,0,G Menor,F Maior,0.9293,0.9293,0.8341,0.3807,"F Maior;Bb Maior;C Menor",,0.00,,0.00,116.08,116.08,1,1,"v2;w20;harm;aar;song60;far12;near45;tol0.8;floor0.25;drain0.5;bass0.25"
116657,1790795224755,G Menor,G Menor,0,G Menor,F Maior,0.9289,0.9289,0.8295,0.3976,"F Maior;Bb Maior;C Menor",,0.00,,0.00,116.56,116.56,1,1,"v2;w20;harm;aar;song60;far12;near45;tol0.8;floor0.25;drain0.5;bass0.25"
117214,1790795225257,G Menor,G Menor,0,G Menor,F Maior,0.9283,0.9283,0.8234,0.4195,"F Maior;Bb Maior;C Menor",,0.00,,0.00,117.10,117.10,1,1,"v2;w20;harm;aar;song60;far12;near45;tol0.8;floor0.25;drain0.5;bass0.25"
117678,1790795225756,G Menor,G Menor,0,G Menor,F Maior,0.9277,0.9277,0.8191,0.4344,"F Maior;Bb Maior;C Menor",,0.00,,0.00,117.58,117.58,1,1,"v2;w20;harm;aar;song60;far12;near45;tol0.8;floor0.25;drain0.5;bass0.25"
118236,1790795226256,G Menor,G Menor,0,G Menor,F Maior,0.9270,0.9270,0.8165,0.4421,"F Maior;Bb Maior;C Menor",,0.00,,0.00,118.12,118.12,1,1,"v2;w20;harm;aar;song60;far12;near45;tol0.8;floor0.25;drain0.5;bass0.25"
118700,1790795226756,G Menor,G Menor,0,G Menor,F Maior,0.9262,0.9262,0.8138,0.4498,"F Maior;Bb Maior;C Menor",,0.00,,0.00,118.58,118.58,1,1,"v2;w20;harm;aar;song60;far12;near45;tol0.8;floor0.25;drain0.5;bass0.25"
119164,1790795227256,G Menor,G Menor,0,G Menor,F Maior,0.9261,0.9261,0.8163,0.4393,"F Maior;Bb Maior;C Menor",,0.00,,0.00,119.06,119.06,1,1,"v2;w20;harm;aar;song60;far12;near45;tol0.8;floor0.25;drain0.5;bass0.25"
119722,1790795227755,G Menor,G Menor,0,G Menor,F Maior,0.9253,0.9253,0.8171,0.4327,"F Maior;Bb Maior;C Menor",,0.00,,0.00,119.62,119.62,1,1,"v2;w20;harm;aar;song60;far12;near45;tol0.8;floor0.25;drain0.5;bass0.25"
120186,1790795228256,G Menor,G Menor,0,G Menor,F Maior,0.9237,0.9237,0.8174,0.4251,"F Maior;Bb Maior;Eb Maior",,0.00,,0.00,120.06,120.06,1,1,"v2;w20;harm;aar;song60;far12;near45;tol0.8;floor0.25;drain0.5;bass0.25"
120650,1790795228756,G Menor,G Menor,0,G Menor,F Maior,0.9231,0.9231,0.8152,0.4318,"F Maior;Bb Maior;Eb Maior",,0.00,,0.00,120.54,120.54,1,1,"v2;w20;harm;aar;song60;far12;near45;tol0.8;floor0.25;drain0.5;bass0.25"
121208,1790795229255,G Menor,G Menor,0,G Menor,F Maior,0.9235,0.9235,0.8106,0.4518,"F Maior;Bb Maior;Eb Maior",,0.00,,0.00,121.10,121.10,1,1,"v2;w20;harm;aar;song60;far12;near45;tol0.8;floor0.25;drain0.5;bass0.25"
121672,1790795229756,G Menor,G Menor,0,G Menor,F Maior,0.9265,0.9265,0.8114,0.4605,"F Maior;Bb Maior;Eb Maior",,0.00,,0.00,121.58,121.58,1,1,"v2;w20;harm;aar;song60;far12;near45;tol0.8;floor0.25;drain0.5;bass0.25"
122229,1790795230256,G Menor,G Menor,0,G Menor,F Maior,0.9323,0.9323,0.8120,0.4811,"F Maior;Bb Maior;C Menor",,0.00,,0.00,122.12,122.12,1,1,"v2;w20;harm;aar;song60;far12;near45;tol0.8;floor0.25;drain0.5;bass0.25"
122694,1790795230756,G Menor,G Menor,0,G Menor,F Maior,0.9343,0.9343,0.8112,0.4927,"F Maior;Bb Maior;C Menor",,0.00,,0.00,122.58,122.58,1,1,"v2;w20;harm;aar;song60;far12;near45;tol0.8;floor0.25;drain0.5;bass0.25"
123158,1790795231254,G Menor,G Menor,0,G Menor,F Maior,0.9340,0.9340,0.8138,0.4808,"F Maior;Bb Maior;C Menor",,0.00,,0.00,123.06,123.06,1,1,"v2;w20;harm;aar;song60;far12;near45;tol0.8;floor0.25;drain0.5;bass0.25"
123715,1790795231757,G Menor,G Menor,0,G Menor,F Maior,0.9327,0.9327,0.8171,0.4625,"F Maior;Bb Maior;C Menor",,0.00,,0.00,123.60,123.60,1,1,"v2;w20;harm;aar;song60;far12;near45;tol0.8;floor0.25;drain0.5;bass0.25"
124180,1790795232257,G Menor,G Menor,0,G Menor,F Maior,0.9314,0.9314,0.8208,0.4425,"F Maior;Bb Maior;C Menor",,0.00,,0.00,124.08,124.08,1,1,"v2;w20;harm;aar;song60;far12;near45;tol0.8;floor0.25;drain0.5;bass0.25"
124737,1790795232756,G Menor,G Menor,0,G Menor,F Maior,0.9290,0.9290,0.8280,0.4042,"F Maior;Bb Maior;C Menor",,0.00,,0.00,124.62,124.62,1,1,"v2;w20;harm;aar;song60;far12;near45;tol0.8;floor0.25;drain0.5;bass0.25"
125201,1790795233259,G Menor,G Menor,0,G Menor,F Maior,0.9306,0.9306,0.8279,0.4108,"F Maior;Bb Maior;C Menor",,0.00,,0.00,125.08,125.08,1,1,"v2;w20;harm;aar;song60;far12;near45;tol0.8;floor0.25;drain0.5;bass0.25"
125666,1790795233756,G Menor,G Menor,0,G Menor,F Maior,0.9300,0.9300,0.8282,0.4071,"F Maior;Bb Maior;C Menor",,0.00,,0.00,125.56,125.56,1,1,"v2;w20;harm;aar;song60;far12;near45;tol0.8;floor0.25;drain0.5;bass0.25"
126223,1790795234257,G Menor,G Menor,0,G Menor,F Maior,0.9283,0.9283,0.8283,0.3998,"F Maior;Bb Maior;C Menor",,0.00,,0.00,126.12,126.12,1,1,"v2;w20;harm;aar;song60;far12;near45;tol0.8;floor0.25;drain0.5;bass0.25"
126688,1790795234755,G Menor,G Menor,0,G Menor,F Maior,0.9289,0.9289,0.8284,0.4019,"F Maior;Bb Maior;C Menor",,0.00,,0.00,126.58,126.58,1,1,"v2;w20;harm;aar;song60;far12;near45;tol0.8;floor0.25;drain0.5;bass0.25"
127152,1790795235256,G Menor,G Menor,0,G Menor,F Maior,0.9314,0.9314,0.8270,0.4179,"F Maior;Bb Maior;C Menor",,0.00,,0.00,127.04,127.04,1,1,"v2;w20;harm;aar;song60;far12;near45;tol0.8;floor0.25;drain0.5;bass0.25"
127709,1790795235756,G Menor,G Menor,0,G Menor,F Maior,0.9303,0.9303,0.8257,0.4184,"F Maior;Bb Maior;C Menor",,0.00,,0.00,127.60,127.60,1,1,"v2;w20;harm;aar;song60;far12;near45;tol0.8;floor0.25;drain0.5;bass0.25"
128174,1790795236256,G Menor,G Menor,0,G Menor,F Maior,0.9285,0.9285,0.8291,0.3977,"F Maior;Bb Maior;C Menor",,0.00,,0.00,128.08,128.08,1,1,"v2;w20;harm;aar;song60;far12;near45;tol0.8;floor0.25;drain0.5;bass0.25"
128731,1790795236757,G Menor,G Menor,0,G Menor,F Maior,0.9327,0.9327,0.8272,0.4220,"F Maior;Bb Maior;C Menor",,0.00,,0.00,128.62,128.62,1,1,"v2;w20;harm;aar;song60;far12;near45;tol0.8;floor0.25;drain0.5;bass0.25"
129195,1790795237256,G Menor,G Menor,0,G Menor,F Maior,0.9314,0.9314,0.8291,0.4094,"F Maior;Bb Maior;C Menor",,0.00,,0.00,129.10,129.10,1,1,"v2;w20;harm;aar;song60;far12;near45;tol0.8;floor0.25;drain0.5;bass0.25"
129660,1790795237756,G Menor,G Menor,0,G Menor,F Maior,0.9307,0.9307,0.8343,0.3855,"F Maior;Bb Maior;C Menor",,0.00,,0.00,129.56,129.56,1,1,"v2;w20;harm;aar;song60;far12;near45;tol0.8;floor0.25;drain0.5;bass0.25"
130217,1790795238257,G Menor,G Menor,0,G Menor,F Maior,0.9322,0.9322,0.8370,0.3806,"F Maior;Bb Maior;C Menor",,0.00,,0.00,130.10,130.10,1,1,"v2;w20;harm;aar;song60;far12;near45;tol0.8;floor0.25;drain0.5;bass0.25"
130681,1790795238755,G Menor,G Menor,0,G Menor,F Maior,0.9310,0.9310,0.8423,0.3547,"F Maior;Bb Maior;C Menor",,0.00,,0.00,130.57,130.57,1,1,"v2;w20;harm;aar;song60;far12;near45;tol0.8;floor0.25;drain0.5;bass0.25"
131239,1790795239257,G Menor,G Menor,0,G Menor,F Maior,0.9286,0.9286,0.8469,0.3269,"F Maior;Bb Maior;C Menor",,0.00,,0.00,131.12,131.12,1,1,"v2;w20;harm;aar;song60;far12;near45;tol0.8;floor0.25;drain0.5;bass0.25"
131703,1790795239755,G Menor,G Menor,0,G Menor,F Maior,0.9262,0.9262,0.8499,0.3051,"F Maior;Bb Maior;C Menor",,0.00,,0.00,131.58,131.58,1,1,"v2;w20;harm;aar;song60;far12;near45;tol0.8;floor0.25;drain0.5;bass0.25"
132167,1790795240256,G Menor,G Menor,0,G Menor,F Maior,0.9245,0.9245,0.8517,0.2914,"F Maior;Bb Maior;C Menor",,0.00,,0.00,132.06,132.06,1,1,"v2;w20;harm;aar;song60;far12;near45;tol0.8;floor0.25;drain0.5;bass0.25"
132725,1790795240756,G Menor,G Menor,0,G Menor,F Maior,0.9323,0.9323,0.8491,0.3329,"F Maior;Bb Maior;C Menor",,0.00,,0.00,132.62,132.62,1,1,"v2;w20;harm;aar;song60;far12;near45;tol0.8;floor0.25;drain0.5;bass0.25"
133189,1790795241256,G Menor,G Menor,0,G Menor,F Maior,0.9345,0.9345,0.8496,0.3396,"F Maior;Bb Maior;C Menor",,0.00,,0.00,133.08,133.08,1,1,"v2;w20;harm;aar;song60;far12;near45;tol0.8;floor0.25;drain0.5;bass0.25"
133654,1790795241756,G Menor,G Menor,0,G Menor,F Maior,0.9360,0.9360,0.8514,0.3385,"F Maior;Bb Maior;C Menor",,0.00,,0.00,133.54,133.54,1,1,"v2;w20;harm;aar;song60;far12;near45;tol0.8;floor0.25;drain0.5;bass0.25"
134211,1790795242256,G Menor,G Menor,0,G Menor,F Maior,0.9375,0.9375,0.8527,0.3390,"F Maior;Bb Maior;C Menor",,0.00,,0.00,134.10,134.10,1,1,"v2;w20;harm;aar;song60;far12;near45;tol0.8;floor0.25;drain0.5;bass0.25"
134675,1790795242756,G Menor,G Menor,0,G Menor,F Maior,0.9380,0.9380,0.8555,0.3300,"F Maior;Bb Maior;C Menor",,0.00,,0.00,134.58,134.58,1,1,"v2;w20;harm;aar;song60;far12;near45;tol0.8;floor0.25;drain0.5;bass0.25"
135233,1790795243255,G Menor,G Menor,0,G Menor,F Maior,0.9387,0.9387,0.8581,0.3224,"F Maior;Bb Maior;C Menor",,0.00,,0.00,135.12,135.12,1,1,"v2;w20;harm;aar;song60;far12;near45;tol0.8;floor0.25;drain0.5;bass0.25"
135697,1790795243755,G Menor,G Menor,0,G Menor,F Maior,0.9395,0.9395,0.8591,0.3216,"F Maior;Bb Maior;C Menor",,0.00,,0.00,135.60,135.60,1,1,"v2;w20;harm;aar;song60;far12;near45;tol0.8;floor0.25;drain0.5;bass0.25"
136161,1790795244255,G Menor,G Menor,0,G Menor,F Maior,0.9400,0.9400,0.8557,0.3373,"F Maior;Bb Maior;C Menor",,0.00,,0.00,136.06,136.06,1,1,"v2;w20;harm;aar;song60;far12;near45;tol0.8;floor0.25;drain0.5;bass0.25"
136719,1790795244757,G Menor,G Menor,0,G Menor,F Maior,0.9420,0.9420,0.8536,0.3539,"F Maior;Bb Maior;C Menor",,0.00,,0.00,136.60,136.60,1,1,"v2;w20;harm;aar;song60;far12;near45;tol0.8;floor0.25;drain0.5;bass0.25"
137183,1790795245256,G Menor,G Menor,0,G Menor,F Maior,0.9427,0.9427,0.8506,0.3684,"F Maior;Bb Maior;C Menor",,0.00,,0.00,137.08,137.08,1,1,"v2;w20;harm;aar;song60;far12;near45;tol0.8;floor0.25;drain0.5;bass0.25"
137740,1790795245756,G Menor,G Menor,0,G Menor,F Maior,0.9429,0.9429,0.8447,0.3927,"F Maior;Bb Maior;C Menor",,0.00,,0.00,137.62,137.62,1,1,"v2;w20;harm;aar;song60;far12;near45;tol0.8;floor0.25;drain0.5;bass0.25"
138205,1790795246255,G Menor,G Menor,0,G Menor,F Maior,0.9418,0.9418,0.8440,0.3913,"F Maior;Bb Maior;C Menor",,0.00,,0.00,138.10,138.10,1,1,"v2;w20;harm;aar;song60;far12;near45;tol0.8;floor0.25;drain0.5;bass0.25"
138669,1790795246758,G Menor,G Menor,0,G Menor,F Maior,0.9412,0.9412,0.8408,0.4015,"F Maior;Bb Maior;C Menor",,0.00,,0.00,138.56,138.56,1,1,"v2;w20;harm;aar;song60;far12;near45;tol0.8;floor0.25;drain0.5;bass0.25"
139226,1790795247256,G Menor,G Menor,0,G Menor,F Maior,0.9415,0.9415,0.8404,0.4044,"F Maior;Bb Maior;C Menor",,0.00,,0.00,139.12,139.12,1,1,"v2;w20;harm;aar;song60;far12;near45;tol0.8;floor0.25;drain0.5;bass0.25"
139691,1790795247756,G Menor,G Menor,0,G Menor,F Maior,0.9412,0.9412,0.8391,0.4086,"F Maior;Bb Maior;C Menor",,0.00,,0.00,139.58,139.58,1,1,"v2;w20;harm;aar;song60;far12;near45;tol0.8;floor0.25;drain0.5;bass0.25"
140155,1790795248254,G Menor,G Menor,0,G Menor,F Maior,0.9407,0.9407,0.8359,0.4194,"F Maior;Bb Maior;C Menor",,0.00,,0.00,140.04,140.04,1,1,"v2;w20;harm;aar;song60;far12;near45;tol0.8;floor0.25;drain0.5;bass0.25"
140712,1790795248756,G Menor,G Menor,0,G Menor,F Maior,0.9406,0.9406,0.8307,0.4397,"F Maior;Bb Maior;C Menor",,0.00,,0.00,140.62,140.62,1,1,"v2;w20;harm;aar;song60;far12;near45;tol0.8;floor0.25;drain0.5;bass0.25"
141177,1790795249256,G Menor,G Menor,0,G Menor,F Maior,0.9393,0.9393,0.8241,0.4607,"F Maior;Bb Maior;C Menor",,0.00,,0.00,141.08,141.08,1,1,"v2;w20;harm;aar;song60;far12;near45;tol0.8;floor0.25;drain0.5;bass0.25"
141734,1790795249757,G Menor,G Menor,0,G Menor,F Maior,0.9378,0.9378,0.8177,0.4805,"F Maior;Bb Maior;C Menor",,0.00,,0.00,141.62,141.62,1,1,"v2;w20;harm;aar;song60;far12;near45;tol0.8;floor0.25;drain0.5;bass0.25"
142199,1790795250257,G Menor,G Menor,0,G Menor,F Maior,0.9372,0.9372,0.8136,0.4945,"F Maior;Bb Maior;C Menor",,0.00,,0.00,142.10,142.10,1,1,"v2;w20;harm;aar;song60;far12;near45;tol0.8;floor0.25;drain0.5;bass0.25"
142663,1790795250757,G Menor,G Menor,0,G Menor,F Maior,0.9369,0.9369,0.8117,0.5006,"F Maior;Bb Maior;C Menor",,0.00,,0.00,142.56,142.56,1,1,"v2;w20;harm;aar;song60;far12;near45;tol0.8;floor0.25;drain0.5;bass0.25"
143220,1790795251257,G Menor,G Menor,0,G Menor,F Maior,0.9361,0.9361,0.8095,0.5062,"F Maior;Bb Maior;C Menor",,0.00,,0.00,143.10,143.10,1,1,"v2;w20;harm;aar;song60;far12;near45;tol0.8;floor0.25;drain0.5;bass0.25"
143685,1790795251757,G Menor,G Menor,0,G Menor,F Maior,0.9388,0.9388,0.8082,0.5223,"F Maior;Bb Maior;C Menor",,0.00,,0.00,143.58,143.58,1,1,"v2;w20;harm;aar;song60;far12;near45;tol0.8;floor0.25;drain0.5;bass0.25"
144242,1790795252256,G Menor,G Menor,0,G Menor,F Maior,0.9404,0.9404,0.8064,0.5360,"F Maior;Bb Maior;C Menor",,0.00,,0.00,144.12,144.12,1,1,"v2;w20;harm;aar;song60;far12;near45;tol0.8;floor0.25;drain0.5;bass0.25"
144706,1790795252757,G Menor,G Menor,0,G Menor,F Maior,0.9410,0.9410,0.8059,0.5403,"F Maior;Bb Maior;C Menor",,0.00,,0.00,144.60,144.60,1,1,"v2;w20;harm;aar;song60;far12;near45;tol0.8;floor0.25;drain0.5;bass0.25"
145171,1790795253256,G Menor,G Menor,0,G Menor,F Maior,0.9411,0.9411,0.8059,0.5406,"F Maior;Bb Maior;C Menor",,0.00,,0.00,145.06,145.06,1,1,"v2;w20;harm;aar;song60;far12;near45;tol0.8;floor0.25;drain0.5;bass0.25"
145728,1790795253755,G Menor,G Menor,0,G Menor,F Maior,0.9402,0.9402,0.8077,0.5298,"F Maior;Bb Maior;C Menor",,0.00,,0.00,145.62,145.62,1,1,"v2;w20;harm;aar;song60;far12;near45;tol0.8;floor0.25;drain0.5;bass0.25"
146192,1790795254257,G Menor,G Menor,0,G Menor,F Maior,0.9395,0.9395,0.8097,0.5192,"F Maior;Bb Maior;C Menor",,0.00,,0.00,146.08,146.08,1,1,"v2;w20;harm;aar;song60;far12;near45;tol0.8;floor0.25;drain0.5;bass0.25"
146657,1790795254756,G Menor,G Menor,0,G Menor,F Maior,0.9397,0.9397,0.8104,0.5169,"F Maior;Bb Maior;C Menor",,0.00,,0.00,146.54,146.54,1,1,"v2;w20;harm;aar;song60;far12;near45;tol0.8;floor0.25;drain0.5;bass0.25"
147214,1790795255256,G Menor,G Menor,0,G Menor,F Maior,0.9396,0.9396,0.8129,0.5069,"F Maior;Bb Maior;C Menor",,0.00,,0.00,147.12,147.12,1,1,"v2;w20;harm;aar;song60;far12;near45;tol0.8;floor0.25;drain0.5;bass0.25"
147678,1790795255756,G Menor,G Menor,0,G Menor,F Maior,0.9391,0.9391,0.8150,0.4961,"F Maior;Bb Maior;C Menor",,0.00,,0.00,147.58,147.58,1,1,"v2;w20;harm;aar;song60;far12;near45;tol0.8;floor0.25;drain0.5;bass0.25"
148236,1790795256256,G Menor,G Menor,0,G Menor,F Maior,0.9383,0.9383,0.8159,0.4895,"F Maior;Bb Maior;C Menor",,0.00,,0.00,148.12,148.12,1,1,"v2;w20;harm;aar;song60;far12;near45;tol0.8;floor0.25;drain0.5;bass0.25"
148700,1790795256756,G Menor,G Menor,0,G Menor,F Maior,0.9378,0.9378,0.8160,0.4873,"F Maior;Bb Maior;C Menor",,0.00,,0.00,148.60,148.60,1,1,"v2;w20;harm;aar;song60;far12;near45;tol0.8;floor0.25;drain0.5;bass0.25"
149164,1790795257257,G Menor,G Menor,0,G Menor,F Maior,0.9365,0.9365,0.8151,0.4857,"F Maior;Bb Maior;C Menor",,0.00,,0.00,149.06,149.06,1,1,"v2;w20;harm;aar;song60;far12;near45;tol0.8;floor0.25;drain0.5;bass0.25"
149722,1790795257756,G Menor,G Menor,0,G Menor,F Maior,0.9361,0.9361,0.8160,0.4806,"F Maior;Bb Maior;C Menor",,0.00,,0.00,149.62,149.62,1,1,"v2;w20;harm;aar;song60;far12;near45;tol0.8;floor0.25;drain0.5;bass0.25"
150186,1790795258256,G Menor,G Menor,0,G Menor,F Maior,0.9347,0.9347,0.8180,0.4671,"F Maior;Bb Maior;C Menor",,0.00,,0.00,150.08,150.08,1,1,"v2;w20;harm;aar;song60;far12;near45;tol0.8;floor0.25;drain0.5;bass0.25"
150743,1790795258756,G Menor,G Menor,0,G Menor,F Maior,0.9350,0.9350,0.8194,0.4623,"F Maior;Bb Maior;C Menor",,0.00,,0.00,150.62,150.62,1,1,"v2;w20;harm;aar;song60;far12;near45;tol0.8;floor0.25;drain0.5;bass0.25"
151208,1790795259256,G Menor,G Menor,0,G Menor,F Maior,0.9349,0.9349,0.8191,0.4632,"F Maior;Bb Maior;C Menor",,0.00,,0.00,151.10,151.10,1,1,"v2;w20;harm;aar;song60;far12;near45;tol0.8;floor0.25;drain0.5;bass0.25"
151672,1790795259756,G Menor,G Menor,0,G Menor,F Maior,0.9341,0.9341,0.8201,0.4560,"F Maior;Bb Maior;C Menor",,0.00,,0.00,151.56,151.56,1,1,"v2;w20;harm;aar;song60;far12;near45;tol0.8;floor0.25;drain0.5;bass0.25"
152137,1790795260256,G Menor,G Menor,0,G Menor,F Maior,0.9330,0.9330,0.8203,0.4511,"F Maior;Bb Maior;C Menor",,0.00,,0.00,152.02,152.02,1,1,"v2;w20;harm;aar;song60;far12;near45;tol0.8;floor0.25;drain0.5;bass0.25"
152694,1790795260756,G Menor,G Menor,0,G Menor,F Maior,0.9308,0.9308,0.8198,0.4443,"F Maior;Bb Maior;C Menor",,0.00,,0.00,152.58,152.58,1,1,"v2;w20;harm;aar;song60;far12;near45;tol0.8;floor0.25;drain0.5;bass0.25"
153158,1790795261256,G Menor,G Menor,0,G Menor,F Maior,0.9298,0.9298,0.8212,0.4344,"F Maior;Bb Maior;C Menor",,0.00,,0.00,153.04,153.04,1,1,"v2;w20;harm;aar;song60;far12;near45;tol0.8;floor0.25;drain0.5;bass0.25"
153716,1790795261756,G Menor,G Menor,0,G Menor,F Maior,0.9295,0.9295,0.8210,0.4342,"F Maior;Bb Maior;C Menor",,0.00,,0.00,153.62,153.62,1,1,"v2;w20;harm;aar;song60;far12;near45;tol0.8;floor0.25;drain0.5;bass0.25"
154180,1790795262257,G Menor,G Menor,0,G Menor,F Maior,0.9291,0.9291,0.8247,0.4175,"F Maior;Bb Maior;C Menor",,0.00,,0.00,154.08,154.08,1,1,"v2;w20;harm;aar;song60;far12;near45;tol0.8;floor0.25;drain0.5;bass0.25"
154737,1790795262757,G Menor,G Menor,0,G Menor,F Maior,0.9289,0.9289,0.8257,0.4126,"F Maior;Bb Maior;C Menor",,0.00,,0.00,154.62,154.62,1,1,"v2;w20;harm;aar;song60;far12;near45;tol0.8;floor0.25;drain0.5;bass0.25"
155202,1790795263256,G Menor,G Menor,0,G Menor,F Maior,0.9282,0.9282,0.8280,0.4009,"F Maior;Bb Maior;C Menor",,0.00,,0.00,155.10,155.10,1,1,"v2;w20;harm;aar;song60;far12;near45;tol0.8;floor0.25;drain0.5;bass0.25"
155666,1790795263756,G Menor,G Menor,0,G Menor,F Maior,0.9273,0.9273,0.8309,0.3857,"F Maior;Bb Maior;C Menor",,0.00,,0.00,155.56,155.56,1,1,"v2;w20;harm;aar;song60;far12;near45;tol0.8;floor0.25;drain0.5;bass0.25"
156223,1790795264256,G Menor,G Menor,0,G Menor,F Maior,0.9252,0.9252,0.8351,0.3604,"F Maior;Bb Maior;C Menor",,0.00,,0.00,156.12,156.12,1,1,"v2;w20;harm;aar;song60;far12;near45;tol0.8;floor0.25;drain0.5;bass0.25"
156688,1790795264757,G Menor,G Menor,0,G Menor,F Maior,0.9249,0.9249,0.8366,0.3529,"F Maior;Bb Maior;C Menor",,0.00,,0.00,156.58,156.58,1,1,"v2;w20;harm;aar;song60;far12;near45;tol0.8;floor0.25;drain0.5;bass0.25"
157245,1790795265256,G Menor,G Menor,0,G Menor,F Maior,0.9240,0.9240,0.8402,0.3354,"F Maior;Bb Maior;C Menor",,0.00,,0.00,157.12,157.12,1,1,"v2;w20;harm;aar;song60;far12;near45;tol0.8;floor0.25;drain0.5;bass0.25"
157709,1790795265757,G Menor,G Menor,0,G Menor,F Maior,0.9257,0.9257,0.8416,0.3366,"F Maior;Bb Maior;C Menor",,0.00,,0.00,157.60,157.60,1,1,"v2;w20;harm;aar;song60;far12;near45;tol0.8;floor0.25;drain0.5;bass0.25"
158174,1790795266256,G Menor,G Menor,0,G Menor,F Maior,0.9274,0.9274,0.8420,0.3413,"F Maior;Bb Maior;C Menor",,0.00,,0.00,158.06,158.06,1,1,"v2;w20;harm;aar;song60;far12;near45;tol0.8;floor0.25;drain0.5;bass0.25"
158638,1790795266757,G Menor,G Menor,0,G Menor,F Maior,0.9285,0.9285,0.8429,0.3422,"F Maior;Bb Maior;C Menor",,0.00,,0.00,158.54,158.54,1,1,"v2;w20;harm;aar;song60;far12;near45;tol0.8;floor0.25;drain0.5;bass0.25"
159196,1790795267256,G Menor,G Menor,0,G Menor,F Maior,0.9288,0.9288,0.8430,0.3433,"F Maior;Bb Maior;C Menor",,0.00,,0.00,159.08,159.08,1,1,"v2;w20;harm;aar;song60;far12;near45;tol0.8;floor0.25;drain0.5;bass0.25"
159660,1790795267757,G Menor,G Menor,0,G Menor,F Maior,0.9299,0.9299,0.8445,0.3415,"F Maior;Bb Maior;C Menor",,0.00,,0.00,159.54,159.54,1,1,"v2;w20;harm;aar;song60;far12;near45;tol0.8;floor0.25;drain0.5;bass0.25"
160217,1790795268256,G Menor,G Menor,0,G Menor,F Maior,0.9307,0.9307,0.8459,0.3393,"F Maior;Bb Maior;C Menor",,0.00,,0.00,160.12,160.12,1,1,"v2;w20;harm;aar;song60;far12;near45;tol0.8;floor0.25;drain0.5;bass0.25"
160682,1790795268756,G Menor,G Menor,0,G Menor,F Maior,0.9314,0.9314,0.8471,0.3372,"F Maior;Bb Maior;C Menor",,0.00,,0.00,160.58,160.58,1,1,"v2;w20;harm;aar;song60;far12;near45;tol0.8;floor0.25;drain0.5;bass0.25"
161146,1790795269257,G Menor,G Menor,0,G Menor,F Maior,0.9322,0.9322,0.8447,0.3499,"F Maior;Bb Maior;C Menor",,0.00,,0.00,161.02,161.02,1,1,"v2;w20;harm;aar;song60;far12;near45;tol0.8;floor0.25;drain0.5;bass0.25"
161703,1790795269756,G Menor,G Menor,0,G Menor,F Maior,0.9325,0.9325,0.8407,0.3671,"F Maior;Bb Maior;C Menor",,0.00,,0.00,161.59,161.59,1,1,"v2;w20;harm;aar;song60;far12;near45;tol0.8;floor0.25;drain0.5;bass0.25"
162168,1790795270256,G Menor,G Menor,0,G Menor,F Maior,0.9318,0.9318,0.8367,0.3804,"F Maior;Bb Maior;C Menor",,0.00,,0.00,162.06,162.06,1,1,"v2;w20;harm;aar;song60;far12;near45;tol0.8;floor0.25;drain0.5;bass0.25"
162725,1790795270756,G Menor,G Menor,0,G Menor,F Maior,0.9316,0.9316,0.8338,0.3912,"F Maior;Bb Maior;C Menor",,0.00,,0.00,162.62,162.62,1,1,"v2;w20;harm;aar;song60;far12;near45;tol0.8;floor0.25;drain0.5;bass0.25"
163189,1790795271256,G Menor,G Menor,0,G Menor,F Maior,0.9315,0.9315,0.8323,0.3969,"F Maior;Bb Maior;C Menor",,0.00,,0.00,163.08,163.08,1,1,"v2;w20;harm;aar;song60;far12;near45;tol0.8;floor0.25;drain0.5;bass0.25"
163747,1790795271756,G Menor,G Menor,0,G Menor,F Maior,0.9315,0.9315,0.8296,0.4079,"F Maior;Bb Maior;C Menor",,0.00,,0.00,163.62,163.62,1,1,"v2;w20;harm;aar;song60;far12;near45;tol0.8;floor0.25;drain0.5;bass0.25"
164211,1790795272256,G Menor,G Menor,0,G Menor,F Maior,0.9324,0.9324,0.8273,0.4202,"F Maior;Bb Maior;C Menor",,0.00,,0.00,164.10,164.10,1,1,"v2;w20;harm;aar;song60;far12;near45;tol0.8;floor0.25;drain0.5;bass0.25"
164675,1790795272757,G Menor,G Menor,0,G Menor,F Maior,0.9316,0.9316,0.8248,0.4274,"F Maior;Bb Maior;C Menor",,0.00,,0.00,164.56,164.56,1,1,"v2;w20;harm;aar;song60;far12;near45;tol0.8;floor0.25;drain0.5;bass0.25"
165140,1790795273256,G Menor,G Menor,0,G Menor,F Maior,0.9312,0.9312,0.8229,0.4333,"F Maior;Bb Maior;C Menor",,0.00,,0.00,165.04,165.04,1,1,"v2;w20;harm;aar;song60;far12;near45;tol0.8;floor0.25;drain0.5;bass0.25"
165697,1790795273756,G Menor,G Menor,0,G Menor,F Maior,0.9304,0.9304,0.8210,0.4374,"F Maior;Bb Maior;D Menor",,0.00,,0.00,165.58,165.58,1,1,"v2;w20;harm;aar;song60;far12;near45;tol0.8;floor0.25;drain0.5;bass0.25"
166162,1790795274256,G Menor,G Menor,0,G Menor,F Maior,0.9302,0.9302,0.8214,0.4351,"F Maior;Bb Maior;C Menor",,0.00,,0.00,166.04,166.04,1,1,"v2;w20;harm;aar;song60;far12;near45;tol0.8;floor0.25;drain0.5;bass0.25"
166719,1790795274757,G Menor,G Menor,0,G Menor,F Maior,0.9299,0.9299,0.8223,0.4303,"F Maior;Bb Maior;C Menor",,0.00,,0.00,166.62,166.62,1,1,"v2;w20;harm;aar;song60;far12;near45;tol0.8;floor0.25;drain0.5;bass0.25"
167183,1790795275256,G Menor,G Menor,0,G Menor,F Maior,0.9307,0.9307,0.8220,0.4346,"F Maior;Bb Maior;C Menor",,0.00,,0.00,167.08,167.08,1,1,"v2;w20;harm;aar;song60;far12;near45;tol0.8;floor0.25;drain0.5;bass0.25"
167648,1790795275756,G Menor,G Menor,0,G Menor,F Maior,0.9315,0.9315,0.8219,0.4384,"F Maior;Bb Maior;C Menor",,0.00,,0.00,167.54,167.54,1,1,"v2;w20;harm;aar;song60;far12;near45;tol0.8;floor0.25;drain0.5;bass0.25"
168205,1790795276256,G Menor,G Menor,0,G Menor,F Maior,0.9317,0.9317,0.8210,0.4430,"F Maior;Bb Maior;C Menor",,0.00,,0.00,168.10,168.10,1,1,"v2;w20;harm;aar;song60;far12;near45;tol0.8;floor0.25;drain0.5;bass0.25"
168669,1790795276755,G Menor,G Menor,0,G Menor,F Maior,0.9320,0.9320,0.8213,0.4427,"F Maior;Bb Maior;C Menor",,0.00,,0.00,168.56,168.56,1,1,"v2;w20;harm;aar;song60;far12;near45;tol0.8;floor0.25;drain0.5;bass0.25"
169227,1790795277255,G Menor,G Menor,0,G Menor,F Maior,0.9314,0.9314,0.8219,0.4380,"F Maior;Bb Maior;C Menor",,0.00,,0.00,169.12,169.12,1,1,"v2;w20;harm;aar;song60;far12;near45;tol0.8;floor0.25;drain0.5;bass0.25"
169691,1790795277756,G Menor,G Menor,0,G Menor,F Maior,0.9309,0.9309,0.8227,0.4330,"F Maior;Bb Maior;C Menor",,0.00,,0.00,169.58,169.58,1,1,"v2;w20;harm;aar;song60;far12;near45;tol0.8;floor0.25;drain0.5;bass0.25"
170155,1790795278256,G Menor,G Menor,0,G Menor,F Maior,0.9301,0.9301,0.8244,0.4227,"F Maior;Bb Maior;C Menor",,0.00,,0.00,170.06,170.06,1,1,"v2;w20;harm;aar;song60;far12;near45;tol0.8;floor0.25;drain0.5;bass0.25"
170713,1790795278757,G Menor,G Menor,0,G Menor,F Maior,0.9306,0.9306,0.8260,0.4187,"F Maior;Bb Maior;C Menor",,0.00,,0.00,170.60,170.60,1,1,"v2;w20;harm;aar;song60;far12;near45;tol0.8;floor0.25;drain0.5;bass0.25"
171177,1790795279257,G Menor,G Menor,0,G Menor,F Maior,0.9303,0.9303,0.8291,0.4048,"F Maior;Bb Maior;C Menor",,0.00,,0.00,171.06,171.06,1,1,"v2;w20;harm;aar;song60;far12;near45;tol0.8;floor0.25;drain0.5;bass0.25"
171641,1790795279756,G Menor,G Menor,0,G Menor,F Maior,0.9296,0.9296,0.8326,0.3883,"F Maior;Bb Maior;C Menor",,0.00,,0.00,171.54,171.54,1,1,"v2;w20;harm;aar;song60;far12;near45;tol0.8;floor0.25;drain0.5;bass0.25"
172199,1790795280256,G Menor,G Menor,0,G Menor,F Maior,0.9287,0.9287,0.8350,0.3746,"F Maior;Bb Maior;C Menor",,0.00,,0.00,172.08,172.08,1,1,"v2;w20;harm;aar;song60;far12;near45;tol0.8;floor0.25;drain0.5;bass0.25"
172663,1790795280757,G Menor,G Menor,0,G Menor,F Maior,0.9280,0.9280,0.8358,0.3688,"F Maior;Bb Maior;C Menor",,0.00,,0.00,172.54,172.54,1,1,"v2;w20;harm;aar;song60;far12;near45;tol0.8;floor0.25;drain0.5;bass0.25"
173220,1790795281257,G Menor,G Menor,0,G Menor,F Maior,0.9277,0.9277,0.8366,0.3644,"F Maior;Bb Maior;C Menor",,0.00,,0.00,173.12,173.12,1,1,"v2;w20;harm;aar;song60;far12;near45;tol0.8;floor0.25;drain0.5;bass0.25"
173685,1790795281757,G Menor,G Menor,0,G Menor,F Maior,0.9284,0.9284,0.8384,0.3602,"F Maior;Bb Maior;C Menor",,0.00,,0.00,173.58,173.58,1,1,"v2;w20;harm;aar;song60;far12;near45;tol0.8;floor0.25;drain0.5;bass0.25"
174149,1790795282257,G Menor,G Menor,0,G Menor,F Maior,0.9284,0.9284,0.8393,0.3567,"F Maior;Bb Maior;D Menor",,0.00,,0.00,174.04,174.04,1,1,"v2;w20;harm;aar;song60;far12;near45;tol0.8;floor0.25;drain0.5;bass0.25"
174706,1790795282756,G Menor,G Menor,0,G Menor,F Maior,0.9282,0.9282,0.8417,0.3460,"F Maior;Bb Maior;D Menor",,0.00,,0.00,174.60,174.60,1,1,"v2;w20;harm;aar;song60;far12;near45;tol0.8;floor0.25;drain0.5;bass0.25"
175171,1790795283256,G Menor,G Menor,0,G Menor,F Maior,0.9288,0.9288,0.8438,0.3399,"F Maior;Bb Maior;D Menor",,0.00,,0.00,175.06,175.06,1,1,"v2;w20;harm;aar;song60;far12;near45;tol0.8;floor0.25;drain0.5;bass0.25"
175728,1790795283756,G Menor,G Menor,0,G Menor,F Maior,0.9290,0.9290,0.8459,0.3325,"F Maior;Bb Maior;D Menor",,0.00,,0.00,175.62,175.62,1,1,"v2;w20;harm;aar;song60;far12;near45;tol0.8;floor0.25;drain0.5;bass0.25"
176193,1790795284256,G Menor,G Menor,0,G Menor,F Maior,0.9291,0.9291,0.8468,0.3292,"F Maior;Bb Maior;D Menor",,0.00,,0.00,176.08,176.08,1,1,"v2;w20;harm;aar;song60;far12;near45;tol0.8;floor0.25;drain0.5;bass0.25"
176657,1790795284756,G Menor,G Menor,0,G Menor,F Maior,0.9290,0.9290,0.8472,0.3274,"F Maior;Bb Maior;D Menor",,0.00,,0.00,176.56,176.56,1,1,"v2;w20;harm;aar;song60;far12;near45;tol0.8;floor0.25;drain0.5;bass0.25"
177214,1790795285257,G Menor,G Menor,0,G Menor,F Maior,0.9294,0.9294,0.8459,0.3339,"F Maior;Bb Maior;D Menor",,0.00,,0.00,177.10,177.10,1,1,"v2;w20;harm;aar;song60;far12;near45;tol0.8;floor0.25;drain0.5;bass0.25"
177679,1790795285756,G Menor,G Menor,0,G Menor,F Maior,0.9294,0.9294,0.8448,0.3382,"F Maior;Bb Maior;D Menor",,0.00,,0.00,177.56,177.56,1,1,"v2;w20;harm;aar;song60;far12;near45;tol0.8;floor0.25;drain0.5;bass0.25"
178143,1790795286256,G Menor,G Menor,0,G Menor,F Maior,0.9290,0.9290,0.8413,0.3511,"F Maior;Bb Maior;D Menor",,0.00,,0.00,178.04,178.04,1,1,"v2;w20;harm;aar;song60;far12;near45;tol0.8;floor0.25;drain0.5;bass0.25"
178700,1790795286757,G Menor,G Menor,0,G Menor,F Maior,0.9285,0.9285,0.8368,0.3668,"F Maior;Bb Maior;D Menor",,0.00,,0.00,178.58,178.58,1,1,"v2;w20;harm;aar;song60;far12;near45;tol0.8;floor0.25;drain0.5;bass0.25"
179165,1790795287256,G Menor,G Menor,0,G Menor,F Maior,0.9288,0.9288,0.8346,0.3765,"F Maior;Bb Maior;D Menor",,0.00,,0.00,179.06,179.06,1,1,"v2;w20;harm;aar;song60;far12;near45;tol0.8;floor0.25;drain0.5;bass0.25"
179722,1790795287756,G Menor,G Menor,0,G Menor,F Maior,0.9291,0.9291,0.8324,0.3866,"F Maior;Bb Maior;D Menor",,0.00,,0.00,179.62,179.62,1,1,"v2;w20;harm;aar;song60;far12;near45;tol0.8;floor0.25;drain0.5;bass0.25"
180186,1790795288257,G Menor,G Menor,0,G Menor,F Maior,0.9288,0.9288,0.8309,0.3916,"F Maior;Bb Maior;D Menor",,0.00,,0.00,180.08,180.08,1,1,"v2;w20;harm;aar;song60;far12;near45;tol0.8;floor0.25;drain0.5;bass0.25"
180651,1790795288756,G Menor,G Menor,0,G Menor,F Maior,0.9278,0.9278,0.8288,0.3961,"F Maior;Bb Maior;D Menor",,0.00,,0.00,180.54,180.54,1,1,"v2;w20;harm;aar;song60;far12;near45;tol0.8;floor0.25;drain0.5;bass0.25"
181208,1790795289256,G Menor,G Menor,0,G Menor,F Maior,0.9267,0.9267,0.8286,0.3920,"F Maior;Bb Maior;D Menor",,0.00,,0.00,181.10,181.10,1,1,"v2;w20;harm;aar;song60;far12;near45;tol0.8;floor0.25;drain0.5;bass0.25"
181672,1790795289756,G Menor,G Menor,0,G Menor,F Maior,0.9256,0.9256,0.8273,0.3933,"F Maior;Bb Maior;D Menor",,0.00,,0.00,181.58,181.58,1,1,"v2;w20;harm;aar;song60;far12;near45;tol0.8;floor0.25;drain0.5;bass0.25"
182230,1790795290257,G Menor,G Menor,0,G Menor,F Maior,0.9246,0.9246,0.8274,0.3887,"F Maior;Bb Maior;D Menor",,0.00,,0.00,182.12,182.12,1,1,"v2;w20;harm;aar;song60;far12;near45;tol0.8;floor0.25;drain0.5;bass0.25"
182694,1790795290757,G Menor,G Menor,0,G Menor,F Maior,0.9256,0.9256,0.8280,0.3904,"F Maior;Bb Maior;D Menor",,0.00,,0.00,182.58,182.58,1,1,"v2;w20;harm;aar;song60;far12;near45;tol0.8;floor0.25;drain0.5;bass0.25"
183158,1790795291257,G Menor,G Menor,0,G Menor,F Maior,0.9276,0.9276,0.8272,0.4018,"F Maior;Bb Maior;D Menor",,0.00,,0.00,183.06,183.06,1,1,"v2;w20;harm;aar;song60;far12;near45;tol0.8;floor0.25;drain0.5;bass0.25"
183716,1790795291756,G Menor,G Menor,0,G Menor,F Maior,0.9295,0.9295,0.8257,0.4153,"F Maior;Bb Maior;D Menor",,0.00,,0.00,183.60,183.60,1,1,"v2;w20;harm;aar;song60;far12;near45;tol0.8;floor0.25;drain0.5;bass0.25"
184180,1790795292257,G Menor,G Menor,0,G Menor,F Maior,0.9308,0.9308,0.8240,0.4269,"F Maior;Bb Maior;D Menor",,0.00,,0.00,184.06,184.06,1,1,"v2;w20;harm;aar;song60;far12;near45;tol0.8;floor0.25;drain0.5;bass0.25"
184645,1790795292757,G Menor,G Menor,0,G Menor,F Maior,0.9313,0.9313,0.8224,0.4356,"F Maior;Bb Maior;D Menor",,0.00,,0.00,184.54,184.54,1,1,"v2;w20;harm;aar;song60;far12;near45;tol0.8;floor0.25;drain0.5;bass0.25"
185202,1790795293257,G Menor,G Menor,0,G Menor,F Maior,0.9314,0.9314,0.8205,0.4435,"F Maior;Bb Maior;D Menor",,0.00,,0.00,185.08,185.08,1,1,"v2;w20;harm;aar;song60;far12;near45;tol0.8;floor0.25;drain0.5;bass0.25"
185666,1790795293757,G Menor,G Menor,0,G Menor,F Maior,0.9314,0.9314,0.8198,0.4463,"F Maior;Bb Maior;D Menor",,0.00,,0.00,185.56,185.56,1,1,"v2;w20;harm;aar;song60;far12;near45;tol0.8;floor0.25;drain0.5;bass0.25"
186224,1790795294257,G Menor,G Menor,0,G Menor,F Maior,0.9324,0.9324,0.8198,0.4502,"F Maior;Bb Maior;D Menor",,0.00,,0.00,186.12,186.12,1,1,"v2;w20;harm;aar;song60;far12;near45;tol0.8;floor0.25;drain0.5;bass0.25"
186688,1790795294757,G Menor,G Menor,0,G Menor,F Maior,0.9338,0.9338,0.8203,0.4541,"F Maior;Bb Maior;D Menor",,0.00,,0.00,186.58,186.58,1,1,"v2;w20;harm;aar;song60;far12;near45;tol0.8;floor0.25;drain0.5;bass0.25"
187152,1790795295257,G Menor,G Menor,0,G Menor,F Maior,0.9351,0.9351,0.8196,0.4618,"F Maior;Bb Maior;D Menor",,0.00,,0.00,187.04,187.04,1,1,"v2;w20;harm;aar;song60;far12;near45;tol0.8;floor0.25;drain0.5;bass0.25"
187710,1790795295756,G Menor,G Menor,0,G Menor,F Maior,0.9357,0.9357,0.8188,0.4678,"F Maior;Bb Maior;D Menor",,0.00,,0.00,187.60,187.60,1,1,"v2;w20;harm;aar;song60;far12;near45;tol0.8;floor0.25;drain0.5;bass0.25"
188174,1790795296257,G Menor,G Menor,0,G Menor,F Maior,0.9361,0.9361,0.8192,0.4674,"F Maior;Bb Maior;D Menor",,0.00,,0.00,188.08,188.08,1,1,"v2;w20;harm;aar;song60;far12;near45;tol0.8;floor0.25;drain0.5;bass0.25"
188731,1790795296757,G Menor,G Menor,0,G Menor,F Maior,0.9361,0.9361,0.8199,0.4649,"F Maior;D Menor;Bb Maior",,0.00,,0.00,188.62,188.62,1,1,"v2;w20;harm;aar;song60;far12;near45;tol0.8;floor0.25;drain0.5;bass0.25"
189196,1790795297257,G Menor,G Menor,0,G Menor,F Maior,0.9366,0.9366,0.8198,0.4672,"F Maior;D Menor;Bb Maior",,0.00,,0.00,189.08,189.08,1,1,"v2;w20;harm;aar;song60;far12;near45;tol0.8;floor0.25;drain0.5;bass0.25"
189660,1790795297754,G Menor,G Menor,0,G Menor,F Maior,0.9381,0.9381,0.8193,0.4754,"F Maior;D Menor;Bb Maior",,0.00,,0.00,189.55,189.55,1,1,"v2;w20;harm;aar;song60;far12;near45;tol0.8;floor0.25;drain0.5;bass0.25"
190217,1790795298257,G Menor,G Menor,0,G Menor,F Maior,0.9438,0.9438,0.8161,0.5109,"F Maior;D Menor;Bb Maior",,0.00,,0.00,190.10,190.10,1,1,"v2;w20;harm;aar;song60;far12;near45;tol0.8;floor0.25;drain0.5;bass0.25"
190682,1790795298756,G Menor,G Menor,0,G Menor,F Maior,0.9482,0.9482,0.8133,0.5397,"F Maior;D Menor;Bb Maior",,0.00,,0.00,190.58,190.58,1,1,"v2;w20;harm;aar;song60;far12;near45;tol0.8;floor0.25;drain0.5;bass0.25"
191146,1790795299257,G Menor,G Menor,0,G Menor,F Maior,0.9490,0.9490,0.8118,0.5487,"F Maior;D Menor;Bb Maior",,0.00,,0.00,191.04,191.04,1,1,"v2;w20;harm;aar;song60;far12;near45;tol0.8;floor0.25;drain0.5;bass0.25"
191703,1790795299754,G Menor,G Menor,0,G Menor,F Maior,0.9479,0.9479,0.8096,0.5531,"F Maior;D Menor;Bb Maior",,0.00,,0.00,191.58,191.58,1,1,"v2;w20;harm;aar;song60;far12;near45;tol0.8;floor0.25;drain0.5;bass0.25"
192168,1790795300256,G Menor,G Menor,0,G Menor,F Maior,0.9453,0.9453,0.8069,0.5537,"F Maior;D Menor;Bb Maior",,0.00,,0.00,192.06,192.06,1,1,"v2;w20;harm;aar;song60;far12;near45;tol0.8;floor0.25;drain0.5;bass0.25"
192725,1790795300757,G Menor,G Menor,0,G Menor,F Maior,0.9431,0.9431,0.8046,0.5543,"F Maior;D Menor;Bb Maior",,0.00,,0.00,192.62,192.62,1,1,"v2;w20;harm;aar;song60;far12;near45;tol0.8;floor0.25;drain0.5;bass0.25"
193190,1790795301257,G Menor,G Menor,0,G Menor,F Maior,0.9430,0.9430,0.8103,0.5312,"F Maior;D Menor;Bb Maior",,0.00,,0.00,193.10,193.10,1,1,"v2;w20;harm;aar;song60;far12;near45;tol0.8;floor0.25;drain0.5;bass0.25"
193654,1790795301756,G Menor,G Menor,0,G Menor,F Maior,0.9423,0.9423,0.8134,0.5157,"F Maior;D Menor;Bb Maior",,0.00,,0.00,193.54,193.54,1,1,"v2;w20;harm;aar;song60;far12;near45;tol0.8;floor0.25;drain0.5;bass0.25"
194211,1790795302257,G Menor,G Menor,0,G Menor,F Maior,0.9411,0.9411,0.8159,0.5007,"F Maior;D Menor;Bb Maior",,0.00,,0.00,194.10,194.10,1,1,"v2;w20;harm;aar;song60;far12;near45;tol0.8;floor0.25;drain0.5;bass0.25"
194676,1790795302756,G Menor,G Menor,0,G Menor,F Maior,0.9402,0.9402,0.8162,0.4960,"F Maior;D Menor;Bb Maior",,0.00,,0.00,194.58,194.58,1,1,"v2;w20;harm;aar;song60;far12;near45;tol0.8;floor0.25;drain0.5;bass0.25"
195233,1790795303257,G Menor,G Menor,0,G Menor,F Maior,0.9386,0.9386,0.8153,0.4931,"F Maior;D Menor;Bb Maior",,0.00,,0.00,195.12,195.12,1,1,"v2;w20;harm;aar;song60;far12;near45;tol0.8;floor0.25;drain0.5;bass0.25"
195697,1790795303757,G Menor,G Menor,0,G Menor,F Maior,0.9375,0.9375,0.8153,0.4888,"F Maior;D Menor;Bb Maior",,0.00,,0.00,195.58,195.58,1,1,"v2;w20;harm;aar;song60;far12;near45;tol0.8;floor0.25;drain0.5;bass0.25"
196162,1790795304257,G Menor,G Menor,0,G Menor,F Maior,0.9367,0.9367,0.8132,0.4940,"F Maior;D Menor;Bb Maior",,0.00,,0.00,196.06,196.06,1,1,"v2;w20;harm;aar;song60;far12;near45;tol0.8;floor0.25;drain0.5;bass0.25"
196719,1790795304758,G Menor,G Menor,0,G Menor,F Maior,0.9372,0.9372,0.8100,0.5091,"F Maior;D Menor;Bb Maior",,0.00,,0.00,196.60,196.60,1,1,"v2;w20;harm;aar;song60;far12;near45;tol0.8;floor0.25;drain0.5;bass0.25"
197183,1790795305257,G Menor,G Menor,0,G Menor,F Maior,0.9403,0.9403,0.8067,0.5346,"F Maior;D Menor;Bb Maior",,0.00,,0.00,197.08,197.08,1,1,"v2;w20;harm;aar;song60;far12;near45;tol0.8;floor0.25;drain0.5;bass0.25"
197648,1790795305757,G Menor,G Menor,0,G Menor,F Maior,0.9437,0.9437,0.8031,0.5623,"F Maior;D Menor;Bb Maior",,0.00,,0.00,197.54,197.54,1,1,"v2;w20;harm;aar;song60;far12;near45;tol0.8;floor0.25;drain0.5;bass0.25"
198205,1790795306257,G Menor,G Menor,0,G Menor,F Maior,0.9450,0.9450,0.8019,0.5724,"F Maior;D Menor;Bb Maior",,0.00,,0.00,198.08,198.08,1,1,"v2;w20;harm;aar;song60;far12;near45;tol0.8;floor0.25;drain0.5;bass0.25"
198669,1790795306757,G Menor,G Menor,0,G Menor,F Maior,0.9453,0.9453,0.8007,0.5786,"F Maior;D Menor;Bb Maior",,0.00,,0.00,198.56,198.56,1,1,"v2;w20;harm;aar;song60;far12;near45;tol0.8;floor0.25;drain0.5;bass0.25"
199227,1790795307257,G Menor,G Menor,0,G Menor,F Maior,0.9452,0.9452,0.8008,0.5775,"F Maior;D Menor;Bb Maior",,0.00,,0.00,199.12,199.12,1,1,"v2;w20;harm;aar;song60;far12;near45;tol0.8;floor0.25;drain0.5;bass0.25"
199691,1790795307757,G Menor,G Menor,0,G Menor,F Maior,0.9447,0.9447,0.8007,0.5759,"F Maior;D Menor;Bb Maior",,0.00,,0.00,199.60,199.60,1,1,"v2;w20;harm;aar;song60;far12;near45;tol0.8;floor0.25;drain0.5;bass0.25"
200156,1790795308257,G Menor,G Menor,0,G Menor,F Maior,0.9418,0.9418,0.7984,0.5737,"F Maior;D Menor;Bb Maior",,0.00,,0.00,200.04,200.04,1,1,"v2;w20;harm;aar;song60;far12;near45;tol0.8;floor0.25;drain0.5;bass0.25"
200713,1790795308757,G Menor,G Menor,0,G Menor,F Maior,0.9396,0.9396,0.7955,0.5765,"F Maior;D Menor;G Maior",,0.00,,0.00,200.60,200.60,1,1,"v2;w20;harm;aar;song60;far12;near45;tol0.8;floor0.25;drain0.5;bass0.25"
201177,1790795309257,G Menor,G Menor,0,G Menor,F Maior,0.9389,0.9389,0.7931,0.5832,"F Maior;D Menor;G Maior",,0.00,,0.00,201.08,201.08,1,1,"v2;w20;harm;aar;song60;far12;near45;tol0.8;floor0.25;drain0.5;bass0.25"
201734,1790795309758,G Menor,G Menor,0,G Menor,F Maior,0.9369,0.9369,0.7905,0.5854,"F Maior;D Menor;G Maior",,0.00,,0.00,201.62,201.62,1,1,"v2;w20;harm;aar;song60;far12;near45;tol0.8;floor0.25;drain0.5;bass0.25"
202199,1790795310254,G Menor,G Menor,0,G Menor,F Maior,0.9362,0.9362,0.7902,0.5837,"F Maior;D Menor;G Maior",,0.00,,0.00,202.09,202.09,1,1,"v2;w20;harm;aar;song60;far12;near45;tol0.8;floor0.25;drain0.5;bass0.25"
202663,1790795310756,G Menor,G Menor,0,G Menor,F Maior,0.9366,0.9366,0.7878,0.5951,"F Maior;D Menor;G Maior",,0.00,,0.00,202.56,202.56,1,1,"v2;w20;harm;aar;song60;far12;near45;tol0.8;floor0.25;drain0.5;bass0.25"
203221,1790795311257,G Menor,G Menor,0,G Menor,F Maior,0.9357,0.9357,0.7859,0.5995,"F Maior;D Menor;G Maior",,0.00,,0.00,203.10,203.10,1,1,"v2;w20;harm;aar;song60;far12;near45;tol0.8;floor0.25;drain0.5;bass0.25"
203685,1790795311757,G Menor,G Maior,0,G Menor,F Maior,0.9346,0.9346,0.7838,0.6033,"F Maior;D Menor;G Maior",,0.00,,0.50,203.58,203.58,1,1,"v2;w20;harm;aar;song60;far12;near45;tol0.8;floor0.25;drain0.5;bass0.25"
204149,1790795312257,G Menor,G Maior,0,G Menor,F Maior,0.9332,0.9332,0.7821,0.6045,"F Maior;D Menor;G Maior",,0.00,,1.00,204.04,204.04,1,1,"v2;w20;harm;aar;song60;far12;near45;tol0.8;floor0.25;drain0.5;bass0.25"
204707,1790795312758,G Menor,G Maior,0,G Menor,F Maior,0.9308,0.9308,0.7797,0.6045,"F Maior;D Menor;G Maior",,0.00,,1.50,204.58,204.58,1,1,"v2;w20;harm;aar;song60;far12;near45;tol0.8;floor0.25;drain0.5;bass0.25"
205171,1790795313257,G Menor,G Maior,0,G Menor,F Maior,0.9284,0.9284,0.7778,0.6025,"F Maior;D Menor;G Maior",,0.00,,2.00,205.06,205.06,1,1,"v2;w20;harm;aar;song60;far12;near45;tol0.8;floor0.25;drain0.5;bass0.25"
205728,1790795313757,G Menor,G Maior,0,G Menor,F Maior,0.9268,0.9268,0.7752,0.6062,"F Maior;D Menor;G Maior",,0.00,,2.50,205.62,205.62,1,1,"v2;w20;harm;aar;song60;far12;near45;tol0.8;floor0.25;drain0.5;bass0.25"
206193,1790795314257,G Menor,G Maior,0,G Menor,F Maior,0.9243,0.9243,0.7721,0.6087,"F Maior;D Menor;G Maior",,0.00,,3.00,206.10,206.10,1,1,"v2;w20;harm;aar;song60;far12;near45;tol0.8;floor0.25;drain0.5;bass0.25"
206657,1790795314757,G Menor,G Maior,0,G Menor,F Maior,0.9228,0.9228,0.7721,0.6027,"F Maior;D Menor;G Maior",,0.00,,3.50,206.54,206.54,1,1,"v2;w20;harm;aar;song60;far12;near45;tol0.8;floor0.25;drain0.5;bass0.25"
207214,1790795315258,G Menor,G Maior,0,G Menor,F Maior,0.9214,0.9214,0.7752,0.5849,"F Maior;D Menor;G Maior",,0.00,,4.00,207.10,207.10,1,1,"v2;w20;harm;aar;song60;far12;near45;tol0.8;floor0.25;drain0.5;bass0.25"
207679,1790795315757,G Menor,G Maior,1,G Menor,F Maior,0.9207,0.9207,0.7785,0.5688,"F Maior;D Menor;G Maior",,0.00,,4.50,207.58,207.58,1,1,"v2;w20;harm;aar;song60;far12;near45;tol0.8;floor0.25;drain0.5;bass0.25"
208236,1790795316257,G Menor,G Maior,1,G Menor,F Maior,0.9192,0.9192,0.7806,0.5543,"F Maior;D Menor;G Maior",,0.00,,4.99,208.12,208.12,1,1,"v2;w20;harm;aar;song60;far12;near45;tol0.8;floor0.25;drain0.5;bass0.25"
208700,1790795316758,G Menor,G Maior,1,G Menor,F Maior,0.9170,0.9170,0.7806,0.5457,"F Maior;D Menor;G Maior",,0.00,,5.49,208.60,208.60,1,1,"v2;w20;harm;aar;song60;far12;near45;tol0.8;floor0.25;drain0.5;bass0.25"
209165,1790795317257,G Menor,G Maior,1,G Menor,F Maior,0.9133,0.9133,0.7781,0.5409,"F Maior;G Maior;D Menor",,0.00,,5.99,209.06,209.06,1,1,"v2;w20;harm;aar;song60;far12;near45;tol0.8;floor0.25;drain0.5;bass0.25"
209722,1790795317758,G Menor,G Maior,1,G Menor,F Maior,0.9119,0.9119,0.7771,0.5392,"F Maior;G Maior;D Menor",,0.00,,6.49,209.60,209.60,1,1,"v2;w20;harm;aar;song60;far12;near45;tol0.8;floor0.25;drain0.5;bass0.25"
210187,1790795318257,G Menor,G Maior,1,G Menor,F Maior,0.9101,0.9101,0.7742,0.5438,"F Maior;G Maior;D Menor",,0.00,,6.99,210.08,210.08,1,1,"v2;w20;harm;aar;song60;far12;near45;tol0.8;floor0.25;drain0.5;bass0.25"
210651,1790795318755,G Menor,G Maior,1,G Menor,F Maior,0.9085,0.9085,0.7705,0.5520,"F Maior;G Maior;D Menor",,0.00,,7.49,210.54,210.54,1,1,"v2;w20;harm;aar;song60;far12;near45;tol0.8;floor0.25;drain0.5;bass0.25"
211208,1790795319259,G Menor,G Maior,1,G Menor,F Maior,0.9091,0.9091,0.7668,0.5694,"F Maior;G Maior;D Menor",,0.00,,7.99,211.10,211.10,1,1,"v2;w20;harm;aar;song60;far12;near45;tol0.8;floor0.25;drain0.5;bass0.25"
211673,1790795319756,G Menor,G Maior,1,G Menor,F Maior,0.9114,0.9114,0.7629,0.5940,"F Maior;G Maior;D Menor",,0.00,,8.49,211.56,211.56,1,1,"v2;w20;harm;aar;song60;far12;near45;tol0.8;floor0.25;drain0.5;bass0.25"
212230,1790795320256,G Menor,G Maior,1,G Menor,F Maior,0.9121,0.9121,0.7605,0.6063,"F Maior;G Maior;D Menor",,0.00,,8.99,212.12,212.12,1,1,"v2;w20;harm;aar;song60;far12;near45;tol0.8;floor0.25;drain0.5;bass0.25"
212694,1790795320757,G Menor,G Maior,1,G Menor,F Maior,0.9122,0.9122,0.7598,0.6096,"F Maior;G Maior;D Menor",,0.00,,9.49,212.60,212.60,1,1,"v2;w20;harm;aar;song60;far12;near45;tol0.8;floor0.25;drain0.5;bass0.25"
213159,1790795321257,G Menor,G Maior,1,G Menor,F Maior,0.9112,0.9112,0.7598,0.6058,"F Maior;G Maior;D Menor",,0.00,,9.99,213.04,213.04,1,1,"v2;w20;harm;aar;song60;far12;near45;tol0.8;floor0.25;drain0.5;bass0.25"
213716,1790795321757,G Menor,G Maior,1,G Menor,F Maior,0.9102,0.9102,0.7583,0.6076,"F Maior;G Maior;D Menor",,0.00,,10.49,213.62,213.62,1,1,"v2;w20;harm;aar;song60;far12;near45;tol0.8;floor0.25;drain0.5;bass0.25"
214180,1790795322258,G Menor,G Maior,1,G Menor,F Maior,0.9060,0.9060,0.7546,0.6056,"F Maior;G Maior;D Menor",,0.00,,10.99,214.08,214.08,1,1,"v2;w20;harm;aar;song60;far12;near45;tol0.8;floor0.25;drain0.5;bass0.25"
214738,1790795322757,G Menor,G Maior,1,G Menor,F Maior,0.9002,0.9002,0.7493,0.6033,"F Maior;G Maior;D Menor",,0.00,,11.49,214.62,214.62,1,1,"v2;w20;harm;aar;song60;far12;near45;tol0.8;floor0.25;drain0.5;bass0.25"
215202,1790795323258,G Menor,G Maior,1,G Menor,F Maior,0.8962,0.8962,0.7450,0.6049,"F Maior;G Maior;D Menor",,0.00,,11.99,215.10,215.10,1,1,"v2;w20;harm;aar;song60;far12;near45;tol0.8;floor0.25;drain0.5;bass0.25"
215666,1790795323758,G Menor,G Maior,1,G Menor,F Maior,0.8930,0.8930,0.7406,0.6095,"F Maior;G Maior;D Menor",,0.00,,12.49,215.56,215.56,1,1,"v2;w20;harm;aar;song60;far12;near45;tol0.8;floor0.25;drain0.5;bass0.25"
216224,1790795324259,G Menor,G Maior,1,G Menor,F Maior,0.8885,0.8885,0.7366,0.6076,"F Maior;G Maior;D Menor",,0.00,,12.99,216.10,216.10,1,1,"v2;w20;harm;aar;song60;far12;near45;tol0.8;floor0.25;drain0.5;bass0.25"
216688,1790795324757,G Menor,G Maior,1,G Menor,F Maior,0.8844,0.8844,0.7323,0.6082,"F Maior;G Maior;D Menor",,0.00,,13.48,216.58,216.58,1,1,"v2;w20;harm;aar;song60;far12;near45;tol0.8;floor0.25;drain0.5;bass0.25"
217153,1790795325258,G Menor,G Maior,1,G Menor,F Maior,0.8808,0.8808,0.7295,0.6053,"F Maior;G Maior;D Menor",,0.00,,13.98,217.04,217.04,1,1,"v2;w20;harm;aar;song60;far12;near45;tol0.8;floor0.25;drain0.5;bass0.25"
217710,1790795325758,G Menor,G Maior,1,G Menor,F Maior,0.8758,0.8758,0.7239,0.6076,"F Maior;G Maior;D Menor",,0.00,,14.48,217.60,217.60,1,1,"v2;w20;harm;aar;song60;far12;near45;tol0.8;floor0.25;drain0.5;bass0.25"
218174,1790795326258,G Menor,G Maior,1,G Menor,F Maior,0.8701,0.8701,0.7178,0.6090,"F Maior;G Maior;D Menor",,0.00,,14.98,218.06,218.06,1,1,"v2;w20;harm;aar;song60;far12;near45;tol0.8;floor0.25;drain0.5;bass0.25"
218731,1790795326758,G Menor,G Maior,1,G Menor,F Maior,0.8648,0.8648,0.7112,0.6143,"F Maior;G Maior;D Menor",,0.00,,15.48,218.62,218.62,1,1,"v2;w20;harm;aar;song60;far12;near45;tol0.8;floor0.25;drain0.5;bass0.25"
219196,1790795327257,G Menor,G Maior,1,G Menor,F Maior,0.8611,0.8611,0.7070,0.6164,"F Maior;G Maior;D Menor",,0.00,,15.98,219.10,219.10,1,1,"v2;w20;harm;aar;song60;far12;near45;tol0.8;floor0.25;drain0.5;bass0.25"
219660,1790795327757,G Menor,G Maior,1,G Menor,F Maior,0.8586,0.8586,0.7037,0.6197,"F Maior;G Maior;D Menor",,0.00,,16.48,219.54,219.54,1,1,"v2;w20;harm;aar;song60;far12;near45;tol0.8;floor0.25;drain0.5;bass0.25"
220218,1790795328253,G Menor,G Maior,1,G Menor,F Maior,0.8582,0.8582,0.7019,0.6254,"F Maior;G Maior;D Menor",,0.00,,16.98,220.12,220.12,1,1,"v2;w20;harm;aar;song60;far12;near45;tol0.8;floor0.25;drain0.5;bass0.25"
220682,1790795328757,G Menor,G Maior,1,G Menor,F Maior,0.8561,0.8561,0.6997,0.6254,"F Maior;G Maior;D Menor",,0.00,,17.48,220.58,220.58,1,1,"v2;w20;harm;aar;song60;far12;near45;tol0.8;floor0.25;drain0.5;bass0.25"
221239,1790795329258,G Menor,G Maior,1,G Menor,F Maior,0.8556,0.8556,0.7021,0.6140,"F Maior;G Maior;D Menor",,0.00,,17.98,221.12,221.12,1,1,"v2;w20;harm;aar;song60;far12;near45;tol0.8;floor0.25;drain0.5;bass0.25"
221704,1790795329758,G Menor,G Maior,1,G Menor,F Maior,0.8536,0.8536,0.7036,0.5998,"F Maior;G Maior;D Menor",,0.00,,18.48,221.60,221.60,1,1,"v2;w20;harm;aar;song60;far12;near45;tol0.8;floor0.25;drain0.5;bass0.25"
222168,1790795330257,G Menor,G Maior,1,G Menor,F Maior,0.8525,0.8525,0.7056,0.5878,"F Maior;G Maior;D Menor",,0.00,,18.98,222.06,222.06,1,1,"v2;w20;harm;aar;song60;far12;near45;tol0.8;floor0.25;drain0.5;bass0.25"
222725,1790795330757,G Menor,G Maior,1,G Menor,F Maior,0.8517,0.8517,0.7075,0.5766,"F Maior;G Maior;D Menor",,0.00,,19.48,222.62,222.62,1,1,"v2;w20;harm;aar;song60;far12;near45;tol0.8;floor0.25;drain0.5;bass0.25"
223190,1790795331257,G Menor,G Maior,1,G Menor,F Maior,0.8486,0.8486,0.7064,0.5687,"F Maior;G Maior;D Menor",,0.00,,19.98,223.08,223.08,1,1,"v2;w20;harm;aar;song60;far12;near45;tol0.8;floor0.25;drain0.5;bass0.25"
223654,1790795331757,G Menor,G Maior,1,G Menor,F Maior,0.8458,0.8458,0.7053,0.5618,"F Maior;G Maior;D Menor",,0.00,,20.48,223.54,223.54,1,1,"v2;w20;harm;aar;song60;far12;near45;tol0.8;floor0.25;drain0.5;bass0.25"
224211,1790795332259,G Menor,G Maior,1,G Menor,F Maior,0.8434,0.8434,0.7038,0.5582,"F Maior;G Maior;D Menor",,0.00,,20.98,224.10,224.10,1,1,"v2;w20;harm;aar;song60;far12;near45;tol0.8;floor0.25;drain0.5;bass0.25"
224676,1790795332757,G Menor,G Maior,1,G Menor,F Maior,0.8400,0.8400,0.6992,0.5635,"F Maior;G Maior;D Menor",,0.00,,21.47,224.56,224.56,1,1,"v2;w20;harm;aar;song60;far12;near45;tol0.8;floor0.25;drain0.5;bass0.25"
225140,1790795333257,G Menor,E Menor,1,G Menor,F Maior,0.8386,0.8386,0.6950,0.5744,"F Maior;G Maior;D Menor",,0.00,,0.00,225.02,225.02,1,1,"v2;w20;harm;aar;song60;far12;near45;tol0.8;floor0.25;drain0.5;bass0.25"
225697,1790795333757,G Menor,E Menor,1,G Menor,F Maior,0.8410,0.8410,0.6899,0.6046,"F Maior;G Maior;D Menor",,0.00,,0.00,225.60,225.60,1,1,"v2;w20;harm;aar;song60;far12;near45;tol0.8;floor0.25;drain0.5;bass0.25"
226162,1790795334257,G Menor,E Menor,1,G Menor,F Maior,0.8422,0.8422,0.6875,0.6189,"F Maior;G Maior;D Menor",,0.00,,0.00,226.04,226.04,1,1,"v2;w20;harm;aar;song60;far12;near45;tol0.8;floor0.25;drain0.5;bass0.25"
226719,1790795334758,G Menor,E Menor,1,G Menor,G Maior,0.8429,0.8429,0.6908,0.6086,"G Maior;F Maior;D Menor",,0.00,,0.00,226.62,226.62,1,1,"v2;w20;harm;aar;song60;far12;near45;tol0.8;floor0.25;drain0.5;bass0.25"
227184,1790795335257,G Menor,E Menor,1,G Menor,G Maior,0.8424,0.8424,0.6933,0.5962,"G Maior;F Maior;D Menor",,0.00,,0.00,227.08,227.08,1,1,"v2;w20;harm;aar;song60;far12;near45;tol0.8;floor0.25;drain0.5;bass0.25"
227741,1790795335757,G Menor,E Menor,1,G Menor,G Maior,0.8386,0.8386,0.6986,0.5597,"G Maior;F Maior;D Menor",,0.00,,0.00,227.62,227.62,1,1,"v2;w20;harm;aar;song60;far12;near45;tol0.8;floor0.25;drain0.5;bass0.25"
228205,1790795336258,G Menor,E Menor,1,G Menor,G Maior,0.8360,0.8360,0.7027,0.5334,"G Maior;F Maior;D Menor",,0.00,,0.00,228.10,228.10,1,1,"v2;w20;harm;aar;song60;far12;near45;tol0.8;floor0.25;drain0.5;bass0.25"
228670,1790795336757,G Menor,E Menor,1,G Menor,G Maior,0.8342,0.8342,0.7028,0.5255,"G Maior;F Maior;D Menor",,0.00,,0.00,228.56,228.56,1,1,"v2;w20;harm;aar;song60;far12;near45;tol0.8;floor0.25;drain0.5;bass0.25"
229227,1790795337258,G Menor,E Menor,1,G Menor,G Maior,0.8307,0.8307,0.7051,0.5026,"G Maior;F Maior;D Menor",,0.00,,0.00,229.12,229.12,1,1,"v2;w20;harm;aar;song60;far12;near45;tol0.8;floor0.25;drain0.5;bass0.25"
229691,1790795337757,G Menor,E Menor,1,G Menor,G Maior,0.8294,0.8294,0.7075,0.4880,"G Maior;F Maior;D Menor",,0.00,,0.00,229.58,229.58,1,1,"v2;w20;harm;aar;song60;far12;near45;tol0.8;floor0.25;drain0.5;bass0.25"
230156,1790795338258,G Menor,E Menor,1,G Menor,G Maior,0.8256,0.8256,0.7119,0.4546,"G Maior;F Maior;D Menor",,0.00,,0.00,230.04,230.04,1,1,"v2;w20;harm;aar;song60;far12;near45;tol0.8;floor0.25;drain0.5;bass0.25"
230713,1790795338757,G Menor,E Menor,1,G Menor,G Maior,0.8251,0.8251,0.7148,0.4412,"G Maior;F Maior;D Menor",,0.00,,0.00,230.60,230.60,1,1,"v2;w20;harm;aar;song60;far12;near45;tol0.8;floor0.25;drain0.5;bass0.25"
231177,1790795339257,G Menor,E Menor,1,G Menor,G Maior,0.8204,0.8204,0.7185,0.4073,"G Maior;F Maior;D Menor",,0.00,,0.00,231.06,231.06,1,1,"v2;w20;harm;aar;song60;far12;near45;tol0.8;floor0.25;drain0.5;bass0.25"
231642,1790795339757,G Menor,E Menor,1,G Menor,G Maior,0.8185,0.8185,0.7206,0.3913,"G Maior;F Maior;D Menor",,0.00,,0.00,231.54,231.54,1,1,"v2;w20;harm;aar;song60;far12;near45;tol0.8;floor0.25;drain0.5;bass0.25"
232199,1790795340257,G Menor,E Menor,1,G Menor,G Maior,0.8137,0.8137,0.7232,0.3622,"G Maior;F Maior;D Menor",,0.00,,0.00,232.10,232.10,1,1,"v2;w20;harm;aar;song60;far12;near45;tol0.8;floor0.25;drain0.5;bass0.25"
232663,1790795340758,G Menor,E Menor,1,G Menor,G Maior,0.8113,0.8113,0.7260,0.3415,"G Maior;F Maior;D Menor",,0.00,,0.00,232.54,232.54,1,1,"v2;w20;harm;aar;song60;far12;near45;tol0.8;floor0.25;drain0.5;bass0.25"
233221,1790795341258,G Menor,E Menor,1,G Menor,G Maior,0.8071,0.8071,0.7286,0.3141,"G Maior;F Maior;D Menor",,0.00,,0.00,233.12,233.12,1,1,"v2;w20;harm;aar;song60;far12;near45;tol0.8;floor0.25;drain0.5;bass0.25"
233685,1790795341757,G Menor,E Menor,1,G Menor,G Maior,0.8033,0.8033,0.7310,0.2892,"G Maior;F Maior;D Menor",,0.00,,0.00,233.58,233.58,1,1,"v2;w20;harm;aar;song60;far12;near45;tol0.8;floor0.25;drain0.5;bass0.25"
234150,1790795342257,G Menor,E Menor,1,G Menor,G Maior,0.7999,0.7999,0.7329,0.2678,"G Maior;F Maior;D Menor",,0.00,,0.00,234.06,234.06,1,1,"v2;w20;harm;aar;song60;far12;near45;tol0.8;floor0.25;drain0.5;bass0.25"
234707,1790795342757,G Menor,E Menor,1,G Menor,G Maior,0.7940,0.7940,0.7370,0.2281,"G Maior;F Maior;D Menor",,0.00,,0.00,234.60,234.60,1,1,"v2;w20;harm;aar;song60;far12;near45;tol0.8;floor0.25;drain0.5;bass0.25"
235171,1790795343254,G Menor,E Menor,1,G Menor,G Maior,0.7932,0.7932,0.7366,0.2262,"G Maior;F Maior;D Menor",,0.00,,0.00,235.06,235.06,1,1,"v2;w20;harm;aar;song60;far12;near45;tol0.8;floor0.25;drain0.5;bass0.25"
235728,1790795343757,G Menor,E Menor,1,G Menor,G Maior,0.7907,0.7907,0.7370,0.2149,"G Maior;F Maior;D Menor",,0.00,,0.00,235.62,235.62,1,1,"v2;w20;harm;aar;song60;far12;near45;tol0.8;floor0.25;drain0.5;bass0.25"
236193,1790795344257,G Menor,E Menor,1,G Menor,G Maior,0.7896,0.7896,0.7363,0.2134,"G Maior;F Maior;D Menor",,0.00,,0.00,236.08,236.08,1,1,"v2;w20;harm;aar;song60;far12;near45;tol0.8;floor0.25;drain0.5;bass0.25"
236657,1790795344757,G Menor,E Menor,1,G Menor,G Maior,0.7884,0.7884,0.7358,0.2100,"G Maior;F Maior;D Menor",,0.00,,0.00,236.54,236.54,1,1,"v2;w20;harm;aar;song60;far12;near45;tol0.8;floor0.25;drain0.5;bass0.25"
237215,1790795345260,E Menor,E Menor,0,G Menor,G Menor,0.7844,0.0000,0.7844,0.0000,"G Menor;G Maior;F Maior",,0.00,farKeyConfirmed,0.00,19.95,19.95,2,0,"v2;w20;harm;aar;song60;far12;near45;tol0.8;floor0.25;drain0.5;bass0.25"
237679,1790795345756,E Menor,E Menor,0,E Menor,G Maior,0.8074,0.8074,0.7707,0.1470,"G Maior;D Maior;A Menor",,0.00,,0.00,20.41,20.41,2,0,"v2;w20;harm;aar;song60;far12;near45;tol0.8;floor0.25;drain0.5;bass0.25"
238143,1790795346257,E Menor,E Menor,0,E Menor,G Maior,0.8048,0.8048,0.7717,0.1326,"G Maior;D Maior;A Menor",,0.00,,0.00,20.89,20.89,2,0,"v2;w20;harm;aar;song60;far12;near45;tol0.8;floor0.25;drain0.5;bass0.25"
238701,1790795346757,E Menor,E Menor,0,E Menor,G Maior,0.8088,0.8088,0.7656,0.1728,"G Maior;D Maior;A Menor",,0.00,,0.00,21.45,21.45,2,0,"v2;w20;harm;aar;song60;far12;near45;tol0.8;floor0.25;drain0.5;bass0.25"
239165,1790795347257,E Menor,E Menor,0,E Menor,D Maior,0.8082,0.8082,0.7639,0.1772,"D Maior;G Maior;A Menor",,0.00,,0.00,21.89,21.89,2,0,"v2;w20;harm;aar;song60;far12;near45;tol0.8;floor0.25;drain0.5;bass0.25"
239722,1790795347756,E Menor,E Menor,0,E Menor,G Maior,0.7959,0.7959,0.7814,0.0580,"G Maior;D Maior;A Menor",,0.00,,0.00,22.47,22.47,2,0,"v2;w20;harm;aar;song60;far12;near45;tol0.8;floor0.25;drain0.5;bass0.25"
240187,1790795348257,E Menor,E Menor,0,E Menor,D Maior,0.7870,0.7870,0.7841,0.0115,"D Maior;G Maior;A Menor",,0.00,,0.00,22.93,22.93,2,0,"v2;w20;harm;aar;song60;far12;near45;tol0.8;floor0.25;drain0.5;bass0.25"
240651,1790795348756,E Menor,E Menor,0,D Maior,D Maior,0.7939,0.0000,0.7939,0.0000,"D Maior;G Maior;A Menor",,0.00,,0.00,23.41,23.41,2,0,"v2;w20;harm;aar;song60;far12;near45;tol0.8;floor0.25;drain0.5;bass0.25"
241208,1790795349258,E Menor,E Menor,0,D Maior,D Maior,0.8026,0.0000,0.8026,0.0000,"D Maior;G Maior;A Menor",,0.00,,0.00,23.95,23.95,2,0,"v2;w20;harm;aar;song60;far12;near45;tol0.8;floor0.25;drain0.5;bass0.25"
241673,1790795349757,E Menor,E Menor,0,D Maior,D Maior,0.8022,0.0000,0.8022,0.0000,"D Maior;G Maior;A Menor",,0.00,,0.00,24.41,24.41,2,0,"v2;w20;harm;aar;song60;far12;near45;tol0.8;floor0.25;drain0.5;bass0.25"
242230,1790795350258,E Menor,E Menor,0,D Maior,D Maior,0.7959,0.0000,0.7959,0.0000,"D Maior;G Maior;A Menor",,0.00,,0.00,24.97,24.97,2,0,"v2;w20;harm;aar;song60;far12;near45;tol0.8;floor0.25;drain0.5;bass0.25"
242694,1790795350758,E Menor,E Menor,0,G Maior,G Maior,0.7824,0.0000,0.7824,0.0000,"G Maior;D Maior;A Menor",,0.00,,0.00,25.43,25.43,2,0,"v2;w20;harm;aar;song60;far12;near45;tol0.8;floor0.25;drain0.5;bass0.25"
243159,1790795351256,E Menor,E Menor,0,G Maior,G Maior,0.7788,0.0000,0.7788,0.0000,"G Maior;D Maior;A Menor",,0.00,,0.00,25.91,25.91,2,0,"v2;w20;harm;aar;song60;far12;near45;tol0.8;floor0.25;drain0.5;bass0.25"
243716,1790795351758,E Menor,E Menor,0,E Menor,G Maior,0.7753,0.7753,0.7682,0.0284,"G Maior;D Maior;A Menor",,0.00,,0.00,26.45,26.45,2,0,"v2;w20;harm;aar;song60;far12;near45;tol0.8;floor0.25;drain0.5;bass0.25"
244181,1790795352257,E Menor,E Menor,0,E Menor,G Maior,0.7760,0.7760,0.7576,0.0733,"G Maior;D Maior;A Menor",,0.00,,0.00,26.91,26.91,2,0,"v2;w20;harm;aar;song60;far12;near45;tol0.8;floor0.25;drain0.5;bass0.25"
244645,1790795352757,E Menor,E Menor,0,E Menor,G Maior,0.7831,0.7831,0.7610,0.0883,"G Maior;D Maior;A Menor",,0.00,,0.00,27.39,27.39,2,0,"v2;w20;harm;aar;song60;far12;near45;tol0.8;floor0.25;drain0.5;bass0.25"
245202,1790795353257,E Menor,E Menor,0,E Menor,G Maior,0.7864,0.7864,0.7500,0.1453,"G Maior;D Maior;A Menor",,0.00,,0.00,27.95,27.95,2,0,"v2;w20;harm;aar;song60;far12;near45;tol0.8;floor0.25;drain0.5;bass0.25"
245667,1790795353755,E Menor,E Menor,0,E Menor,G Maior,0.7837,0.7837,0.7428,0.1638,"G Maior;D Maior;A Menor",,0.00,,0.00,28.39,28.39,2,0,"v2;w20;harm;aar;song60;far12;near45;tol0.8;floor0.25;drain0.5;bass0.25"
246224,1790795354257,E Menor,E Menor,0,E Menor,G Maior,0.7863,0.7863,0.7357,0.2023,"G Maior;D Maior;B Menor",,0.00,,0.00,28.97,28.97,2,0,"v2;w20;harm;aar;song60;far12;near45;tol0.8;floor0.25;drain0.5;bass0.25"
246688,1790795354757,E Menor,E Menor,0,E Menor,G Maior,0.7874,0.7874,0.7287,0.2347,"G Maior;D Maior;B Menor",,0.00,,0.00,29.43,29.43,2,0,"v2;w20;harm;aar;song60;far12;near45;tol0.8;floor0.25;drain0.5;bass0.25"
247153,1790795355256,E Menor,E Menor,0,E Menor,G Maior,0.7867,0.7867,0.7200,0.2669,"G Maior;D Maior;B Menor",,0.00,,0.00,29.91,29.91,2,0,"v2;w20;harm;aar;song60;far12;near45;tol0.8;floor0.25;drain0.5;bass0.25"
247710,1790795355758,E Menor,E Menor,0,E Menor,G Maior,0.7829,0.7829,0.7078,0.3006,"G Maior;D Maior;B Menor",,0.00,,0.00,30.45,30.45,2,1,"v2;w20;harm;aar;song60;far12;near45;tol0.8;floor0.25;drain0.5;bass0.25"
248174,1790795356257,E Menor,E Menor,0,E Menor,G Maior,0.7800,0.7800,0.7001,0.3197,"G Maior;D Maior;B Menor",,0.00,,0.00,30.91,30.91,2,1,"v2;w20;harm;aar;song60;far12;near45;tol0.8;floor0.25;drain0.5;bass0.25"
248732,1790795356757,E Menor,E Menor,0,E Menor,G Maior,0.7764,0.7764,0.6914,0.3398,"G Maior;D Maior;B Menor",,0.00,,0.00,31.47,31.47,2,1,"v2;w20;harm;aar;song60;far12;near45;tol0.8;floor0.25;drain0.5;bass0.25"
249196,1790795357257,E Menor,E Menor,0,E Menor,G Maior,0.7704,0.7704,0.6853,0.3405,"G Maior;D Maior;B Menor",,0.00,,0.00,31.93,31.93,2,1,"v2;w20;harm;aar;song60;far12;near45;tol0.8;floor0.25;drain0.5;bass0.25"
249660,1790795357757,E Menor,E Menor,0,E Menor,G Maior,0.7547,0.7547,0.6683,0.3456,"G Maior;D Maior;B Menor",,0.00,,0.00,32.41,32.41,2,1,"v2;w20;harm;aar;song60;far12;near45;tol0.8;floor0.25;drain0.5;bass0.25"
250218,1790795358259,E Menor,E Menor,0,E Menor,G Maior,0.7340,0.7340,0.6473,0.3467,"G Maior;D Maior;B Menor",,0.00,,0.00,32.95,32.95,2,1,"v2;w20;harm;aar;song60;far12;near45;tol0.8;floor0.25;drain0.5;bass0.25"
250682,1790795358757,E Menor,E Menor,0,E Menor,G Maior,0.7155,0.7155,0.6283,0.3489,"G Maior;D Maior;B Menor",,0.00,,0.00,33.41,33.41,2,1,"v2;w20;harm;aar;song60;far12;near45;tol0.8;floor0.25;drain0.5;bass0.25"
251147,1790795359257,E Menor,E Menor,0,E Menor,G Maior,0.6977,0.6977,0.6100,0.3508,"G Maior;D Maior;B Menor",,0.00,,0.00,33.89,33.89,2,1,"v2;w20;harm;aar;song60;far12;near45;tol0.8;floor0.25;drain0.5;bass0.25"
251704,1790795359757,E Menor,E Menor,0,E Menor,G Maior,0.6713,0.6713,0.5831,0.3529,"G Maior;D Maior;B Menor",,0.00,,0.00,34.45,34.45,2,1,"v2;w20;harm;aar;song60;far12;near45;tol0.8;floor0.25;drain0.5;bass0.25"
252168,1790795360257,E Menor,E Menor,0,E Menor,G Maior,0.6476,0.6476,0.5589,0.3548,"G Maior;D Maior;B Menor",,0.00,,0.00,34.91,34.91,2,1,"v2;w20;harm;aar;song60;far12;near45;tol0.8;floor0.25;drain0.5;bass0.25"
252725,1790795360757,E Menor,E Menor,0,E Menor,G Maior,0.6255,0.6255,0.5351,0.3612,"G Maior;D Maior;B Menor",,0.00,,0.00,35.47,35.47,2,1,"v2;w20;harm;aar;song60;far12;near45;tol0.8;floor0.25;drain0.5;bass0.25"
253190,1790795361257,E Menor,E Menor,0,E Menor,G Maior,0.6347,0.6347,0.5387,0.3842,"G Maior;D Maior;B Menor",,0.00,,0.00,35.93,35.93,2,1,"v2;w20;harm;aar;song60;far12;near45;tol0.8;floor0.25;drain0.5;bass0.25"
253654,1790795361757,E Menor,E Menor,0,E Menor,G Maior,0.6435,0.6435,0.5415,0.4078,"G Maior;B Menor;D Maior",,0.00,,0.00,36.41,36.41,2,1,"v2;w20;harm;aar;song60;far12;near45;tol0.8;floor0.25;drain0.5;bass0.25"
254212,1790795362258,E Menor,E Menor,0,E Menor,G Maior,0.6516,0.6516,0.5443,0.4290,"G Maior;B Menor;D Maior",,0.00,,0.00,36.95,36.95,2,1,"v2;w20;harm;aar;song60;far12;near45;tol0.8;floor0.25;drain0.5;bass0.25"
254676,1790795362757,E Menor,E Menor,0,E Menor,G Maior,0.6564,0.6564,0.5454,0.4441,"G Maior;B Menor;E Maior",,0.00,,0.00,37.43,37.43,2,1,"v2;w20;harm;aar;song60;far12;near45;tol0.8;floor0.25;drain0.5;bass0.25"
255233,1790795363257,E Menor,E Menor,0,E Menor,G Maior,0.6606,0.6606,0.5455,0.4605,"G Maior;B Menor;E Maior",,0.00,,0.00,37.97,37.97,2,1,"v2;w20;harm;aar;song60;far12;near45;tol0.8;floor0.25;drain0.5;bass0.25"
255698,1790795363757,E Menor,E Menor,0,E Menor,G Maior,0.6635,0.6635,0.5451,0.4734,"G Maior;B Menor;E Maior",,0.00,,0.00,38.43,38.43,2,1,"v2;w20;harm;aar;song60;far12;near45;tol0.8;floor0.25;drain0.5;bass0.25"
256162,1790795364257,E Menor,E Menor,0,E Menor,G Maior,0.6648,0.6648,0.5445,0.4812,"G Maior;B Menor;E Maior",,0.00,,0.00,38.91,38.91,2,1,"v2;w20;harm;aar;song60;far12;near45;tol0.8;floor0.25;drain0.5;bass0.25"
256719,1790795364758,E Menor,E Menor,0,E Menor,G Maior,0.6683,0.6683,0.5468,0.4861,"G Maior;B Menor;E Maior",,0.00,,0.00,39.45,39.45,2,1,"v2;w20;harm;aar;song60;far12;near45;tol0.8;floor0.25;drain0.5;bass0.25"
257184,1790795365258,E Menor,E Menor,0,E Menor,G Maior,0.6713,0.6713,0.5464,0.4993,"G Maior;B Menor;E Maior",,0.00,,0.00,39.91,39.91,2,1,"v2;w20;harm;aar;song60;far12;near45;tol0.8;floor0.25;drain0.5;bass0.25"
257648,1790795365757,E Menor,E Menor,0,E Menor,G Maior,0.6742,0.6742,0.5473,0.5079,"G Maior;E Maior;B Menor",,0.00,,0.00,40.39,40.39,2,1,"v2;w20;harm;aar;song60;far12;near45;tol0.8;floor0.25;drain0.5;bass0.25"
258205,1790795366257,E Menor,E Menor,0,E Menor,G Maior,0.6756,0.6756,0.5493,0.5051,"G Maior;B Menor;E Maior",,0.00,,0.00,40.95,40.95,2,1,"v2;w20;harm;aar;song60;far12;near45;tol0.8;floor0.25;drain0.5;bass0.25"
258670,1790795366757,E Menor,E Menor,0,E Menor,G Maior,0.6751,0.6751,0.5478,0.5092,"G Maior;E Maior;B Menor",,0.00,,0.00,41.41,41.41,2,1,"v2;w20;harm;aar;song60;far12;near45;tol0.8;floor0.25;drain0.5;bass0.25"
259227,1790795367258,E Menor,E Menor,0,E Menor,G Maior,0.6765,0.6765,0.5467,0.5194,"G Maior;E Maior;B Menor",,0.00,,0.00,41.97,41.97,2,1,"v2;w20;harm;aar;song60;far12;near45;tol0.8;floor0.25;drain0.5;bass0.25"
259691,1790795367757,E Menor,E Menor,0,E Menor,G Maior,0.6757,0.6757,0.5452,0.5221,"G Maior;E Maior;B Menor",,0.00,,0.00,42.43,42.43,2,1,"v2;w20;harm;aar;song60;far12;near45;tol0.8;floor0.25;drain0.5;bass0.25"
260156,1790795368258,E Menor,E Menor,0,E Menor,G Maior,0.6745,0.6745,0.5437,0.5234,"G Maior;E Maior;B Menor",,0.00,,0.00,42.91,42.91,2,1,"v2;w20;harm;aar;song60;far12;near45;tol0.8;floor0.25;drain0.5;bass0.25"
260713,1790795368758,E Menor,E Menor,0,E Menor,G Maior,0.6743,0.6743,0.5422,0.5287,"G Maior;E Maior;B Menor",,0.00,,0.00,43.45,43.45,2,1,"v2;w20;harm;aar;song60;far12;near45;tol0.8;floor0.25;drain0.5;bass0.25"
261178,1790795369258,E Menor,E Menor,0,E Menor,G Maior,0.6762,0.6762,0.5449,0.5255,"G Maior;E Maior;B Menor",,0.00,,0.00,43.93,43.93,2,1,"v2;w20;harm;aar;song60;far12;near45;tol0.8;floor0.25;drain0.5;bass0.25"
261735,1790795369757,E Menor,E Menor,0,E Menor,G Maior,0.6759,0.6759,0.5454,0.5221,"G Maior;E Maior;B Menor",,0.00,,0.00,44.47,44.47,2,1,"v2;w20;harm;aar;song60;far12;near45;tol0.8;floor0.25;drain0.5;bass0.25"
262199,1790795370258,E Menor,E Menor,0,E Menor,G Maior,0.6755,0.6755,0.5436,0.5274,"G Maior;E Maior;B Menor",,0.00,,0.00,44.93,44.93,2,1,"v2;w20;harm;aar;song60;far12;near45;tol0.8;floor0.25;drain0.5;bass0.25"
262664,1790795370757,E Menor,E Menor,0,E Menor,G Maior,0.6741,0.6741,0.5416,0.5301,"G Maior;E Maior;B Menor",,0.00,,0.00,45.41,45.41,2,1,"v2;w20;harm;aar;song60;far12;near45;tol0.8;floor0.25;drain0.5;bass0.25"
263221,1790795371258,E Menor,E Menor,0,E Menor,G Maior,0.6717,0.6717,0.5379,0.5352,"G Maior;E Maior;B Menor",,0.00,,0.00,45.95,45.95,2,1,"v2;w20;harm;aar;song60;far12;near45;tol0.8;floor0.25;drain0.5;bass0.25"
263685,1790795371757,E Menor,E Menor,0,E Menor,G Maior,0.6704,0.6704,0.5360,0.5375,"G Maior;E Maior;B Menor",,0.00,,0.00,46.43,46.43,2,1,"v2;w20;harm;aar;song60;far12;near45;tol0.8;floor0.25;drain0.5;bass0.25"
264150,1790795372257,E Menor,E Menor,0,E Menor,G Maior,0.6686,0.6686,0.5341,0.5382,"G Maior;E Maior;B Menor",,0.00,,0.00,46.89,46.89,2,1,"v2;w20;harm;aar;song60;far12;near45;tol0.8;floor0.25;drain0.5;bass0.25"
